test_year,n_test,tabnet_mae,tabnet_rmse,tabnet_spearman
2017,189,5.132995182874972,7.425462597989227,-0.41039477825305515
2018,193,3.2646924881119803,4.807251314232349,0.6459762734264565
2019,193,4.123349930955956,5.844759354606311,0.10647097730355386
2020,206,3.346356651158009,4.724380801486233,0.5491313644727294
2021,214,3.592333653819895,4.839710828065851,0.5418247626505045
2022,210,3.588183507465181,4.710905050657674,0.47886554013624966
2023,206,3.092854614396697,4.027675339251023,0.6402107689868938
2024,191,3.0974477585697673,3.98078450474333,0.6547802162485594
