player_id,draft_year,draft_overall,defensive_PD,defensive_QB HUR,defensive_SACKS,defensive_SOLO,defensive_TD,defensive_TFL,defensive_TOT,fumbles_FUM,fumbles_LOST,fumbles_REC,interceptions_INT,interceptions_TD,interceptions_YDS,kickReturns_NO,kickReturns_TD,kickReturns_YDS,kicking_FGA,kicking_FGM,kicking_PTS,kicking_XPA,kicking_XPM,passing_ATT,passing_COMPLETIONS,passing_INT,passing_TD,passing_YDS,puntReturns_NO,puntReturns_TD,puntReturns_YDS,punting_In 20,punting_NO,punting_TB,punting_YDS,receiving_REC,receiving_TD,receiving_YDS,rushing_CAR,rushing_TD,rushing_YDS,kickReturns_LONG,kicking_LONG,puntReturns_LONG,punting_LONG,receiving_LONG,rushing_LONG,num_seasons,player,team,conference,position,passing_PCT,passing_YPA,receiving_YPR,rushing_YPC,kickReturns_AVG,puntReturns_AVG,punting_YPP,kicking_PCT,interceptions_RETURN_AVG
135811,2005,57,0.0,0.0,0.0,0.0,0.0,0.0,0.0,0.0,0.0,0.0,3.0,0.0,14.0,0.0,0.0,0.0,0.0,0.0,0.0,0.0,0.0,1.0,1.0,0.0,0.0,2.0,28.0,1.0,338.0,0.0,0.0,0.0,0.0,0.0,0.0,0.0,1.0,0.0,3.0,,,69.0,,,3.0,1,Justin Miller,Clemson,ACC,Defensive Back,1.0,2.0,,3.0,,12.071428571428571,,,4.666666666666667
136743,2008,183,0.0,0.0,0.0,0.0,0.0,0.0,0.0,0.0,0.0,0.0,2.0,0.0,3.0,0.0,0.0,0.0,0.0,0.0,0.0,0.0,0.0,0.0,0.0,0.0,0.0,0.0,0.0,0.0,0.0,0.0,0.0,0.0,0.0,0.0,0.0,0.0,0.0,0.0,0.0,,,,,,,2,Spencer Larsen,Arizona,Pac-10,Inside Linebacker,,,,,,,,,1.5
156974,2010,114,0.0,0.0,0.0,0.0,0.0,0.0,0.0,0.0,0.0,0.0,0.0,0.0,0.0,0.0,0.0,0.0,0.0,0.0,0.0,0.0,0.0,0.0,0.0,0.0,0.0,0.0,0.0,0.0,0.0,0.0,0.0,0.0,0.0,221.0,21.0,2901.0,0.0,0.0,0.0,,,,,46.0,,4,Dennis Pitta,BYU,Mountain West,Tight End,,,13.126696832579185,,,,,,
159665,2010,213,0.0,0.0,0.0,0.0,0.0,0.0,0.0,0.0,0.0,0.0,3.0,1.0,42.0,0.0,0.0,0.0,0.0,0.0,0.0,0.0,0.0,0.0,0.0,0.0,0.0,0.0,0.0,0.0,0.0,0.0,0.0,0.0,0.0,0.0,0.0,0.0,0.0,0.0,0.0,,,,,,,3,Willie Young,NC State,ACC,Defensive End,,,,,,,,,14.0
160327,2009,186,0.0,0.0,0.0,0.0,0.0,0.0,0.0,0.0,0.0,0.0,4.0,1.0,102.0,0.0,0.0,0.0,0.0,0.0,0.0,0.0,0.0,0.0,0.0,0.0,0.0,0.0,1.0,0.0,3.0,0.0,0.0,0.0,0.0,0.0,0.0,0.0,0.0,0.0,0.0,,,3.0,,,,3,Robert Henson,TCU,Mountain West,Inside Linebacker,,,,,,3.0,,,25.5
161305,2010,105,0.0,0.0,0.0,0.0,0.0,0.0,0.0,0.0,0.0,0.0,10.0,2.0,113.0,0.0,0.0,0.0,0.0,0.0,0.0,0.0,0.0,0.0,0.0,0.0,0.0,0.0,0.0,0.0,0.0,0.0,0.0,0.0,0.0,0.0,0.0,0.0,0.0,0.0,0.0,,,,,,,4,Trevard Lindley,Kentucky,SEC,Cornerback,,,,,,,,,11.3
162413,2010,84,0.0,0.0,0.0,0.0,0.0,0.0,0.0,0.0,0.0,0.0,0.0,0.0,0.0,4.0,0.0,74.0,0.0,0.0,0.0,0.0,0.0,2.0,0.0,0.0,0.0,0.0,72.0,3.0,375.0,0.0,0.0,0.0,0.0,248.0,33.0,3191.0,16.0,0.0,162.0,23.0,,74.0,,88.0,40.0,4,Jordan Shipley,Texas,Big 12,Wide Receiver,0.0,0.0,12.866935483870968,10.125,18.5,5.208333333333333,,,
168823,2010,239,0.0,0.0,0.0,0.0,0.0,0.0,0.0,0.0,0.0,0.0,0.0,0.0,0.0,0.0,0.0,0.0,0.0,0.0,0.0,0.0,0.0,861.0,552.0,26.0,38.0,5970.0,0.0,0.0,0.0,0.0,0.0,0.0,0.0,0.0,0.0,0.0,93.0,3.0,-313.0,,,,,,18.0,4,Sean Canfield,Oregon State,Pac-10,Quarterback,0.6411149825783972,6.933797909407666,,-3.3655913978494625,,,,,
169063,2010,96,0.0,0.0,0.0,0.0,0.0,0.0,0.0,0.0,0.0,0.0,1.0,0.0,0.0,0.0,0.0,0.0,0.0,0.0,0.0,0.0,0.0,0.0,0.0,0.0,0.0,0.0,1.0,0.0,10.0,0.0,0.0,0.0,0.0,0.0,0.0,0.0,0.0,0.0,0.0,,,10.0,,,,1,Brandon Ghee,Wake Forest,ACC,Cornerback,,,,,,10.0,,,0.0
169289,2010,109,0.0,0.0,0.0,0.0,0.0,0.0,0.0,0.0,0.0,0.0,4.0,0.0,11.0,0.0,0.0,0.0,0.0,0.0,0.0,0.0,0.0,0.0,0.0,0.0,0.0,0.0,0.0,0.0,0.0,0.0,0.0,0.0,0.0,0.0,0.0,0.0,0.0,0.0,0.0,,,,,,,3,Corey Wootton,Northwestern,Big Ten,Defensive End,,,,,,,,,2.75
169328,2010,216,0.0,0.0,0.0,0.0,0.0,0.0,0.0,0.0,0.0,0.0,0.0,0.0,0.0,0.0,0.0,0.0,0.0,0.0,0.0,0.0,0.0,0.0,0.0,0.0,0.0,0.0,0.0,0.0,0.0,0.0,0.0,0.0,0.0,1.0,0.0,-1.0,0.0,0.0,0.0,,,,,-1.0,,1,Kyle Calloway,Iowa,Big Ten,Offensive Tackle,,,-1.0,,,,,,
169337,2010,93,0.0,0.0,0.0,0.0,0.0,0.0,0.0,0.0,0.0,0.0,0.0,0.0,0.0,0.0,0.0,0.0,0.0,0.0,0.0,0.0,0.0,0.0,0.0,0.0,0.0,0.0,0.0,0.0,0.0,0.0,0.0,0.0,0.0,76.0,11.0,953.0,0.0,0.0,0.0,,,,,54.0,,5,Tony Moeaki,Iowa,Big Ten,Tight End,,,12.539473684210526,,,,,,
169390,2010,204,0.0,0.0,0.0,0.0,0.0,0.0,0.0,0.0,0.0,0.0,0.0,0.0,0.0,0.0,0.0,0.0,0.0,0.0,0.0,0.0,0.0,682.0,421.0,20.0,49.0,5018.0,0.0,0.0,0.0,0.0,1.0,0.0,21.0,0.0,0.0,0.0,94.0,3.0,128.0,,,,21.0,,35.0,3,Tony Pike,Cincinnati,Big East,Quarterback,0.6173020527859238,7.357771260997067,,1.3617021276595744,,,21.0,,
169405,2010,99,0.0,0.0,0.0,0.0,0.0,0.0,0.0,0.0,0.0,0.0,0.0,0.0,0.0,42.0,2.0,1281.0,0.0,0.0,0.0,0.0,0.0,0.0,0.0,0.0,0.0,0.0,44.0,1.0,252.0,0.0,0.0,0.0,0.0,204.0,25.0,3003.0,7.0,1.0,26.0,99.0,,53.0,,76.0,6.0,3,Mardy Gilyard,Cincinnati,Big East,Wide Receiver,,,14.720588235294118,3.7142857142857144,30.5,5.7272727272727275,,,
170586,2010,181,0.0,0.0,0.0,0.0,0.0,0.0,0.0,0.0,0.0,0.0,0.0,0.0,0.0,0.0,0.0,0.0,0.0,0.0,0.0,0.0,0.0,1763.0,1171.0,36.0,102.0,12905.0,0.0,0.0,0.0,0.0,7.0,0.0,227.0,3.0,1.0,58.0,671.0,47.0,2948.0,,,,42.0,32.0,53.0,4,Dan LeFevour,Central Michigan,Mid-American,Quarterback,0.664208735110607,7.319909245604084,19.333333333333332,4.39344262295082,,,32.42857142857143,,
170644,2010,245,0.0,0.0,0.0,0.0,0.0,0.0,0.0,0.0,0.0,0.0,0.0,0.0,0.0,1.0,0.0,0.0,0.0,0.0,0.0,0.0,0.0,0.0,0.0,0.0,0.0,0.0,0.0,0.0,0.0,0.0,0.0,0.0,0.0,23.0,2.0,310.0,0.0,0.0,0.0,0.0,,,,56.0,,2,Jameson Konz,Kent State,Mid-American,Fullback,,,13.478260869565217,,0.0,,,,
170697,2010,193,0.0,0.0,0.0,0.0,0.0,0.0,0.0,0.0,0.0,0.0,0.0,0.0,0.0,0.0,0.0,0.0,0.0,0.0,0.0,0.0,0.0,1.0,1.0,0.0,0.0,5.0,0.0,0.0,0.0,0.0,0.0,0.0,0.0,127.0,3.0,898.0,698.0,34.0,3140.0,,,,,74.0,92.0,3,James Starks,Buffalo,Mid-American,Running Back,1.0,5.0,7.070866141732283,4.498567335243553,,,,,
170838,2010,149,0.0,0.0,0.0,0.0,0.0,0.0,0.0,0.0,0.0,0.0,1.0,0.0,0.0,0.0,0.0,0.0,0.0,0.0,0.0,0.0,0.0,0.0,0.0,0.0,0.0,0.0,0.0,0.0,0.0,0.0,0.0,0.0,0.0,0.0,0.0,0.0,0.0,0.0,0.0,,,,,,,1,Hall Davis,Louisiana,Sun Belt,Defensive End,,,,,,,,,0.0
170969,2010,72,0.0,0.0,0.0,0.0,0.0,0.0,0.0,0.0,0.0,0.0,1.0,0.0,18.0,0.0,0.0,0.0,0.0,0.0,0.0,0.0,0.0,0.0,0.0,0.0,0.0,0.0,0.0,0.0,0.0,0.0,0.0,0.0,0.0,0.0,0.0,0.0,0.0,0.0,0.0,,,,,,,1,Alex Carrington,Arkansas State,Sun Belt,Defensive End,,,,,,,,,18.0
171812,2010,220,0.0,0.0,0.0,0.0,0.0,0.0,0.0,0.0,0.0,0.0,2.0,0.0,19.0,0.0,0.0,0.0,0.0,0.0,0.0,0.0,0.0,0.0,0.0,0.0,0.0,0.0,0.0,0.0,0.0,0.0,0.0,0.0,0.0,0.0,0.0,0.0,0.0,0.0,0.0,,,,,,,1,Jamar Chaney,Mississippi State,SEC,Inside Linebacker,,,,,,,,,9.5
172944,2010,209,0.0,0.0,0.0,0.0,0.0,0.0,0.0,0.0,0.0,0.0,0.0,0.0,0.0,0.0,0.0,0.0,0.0,0.0,0.0,0.0,0.0,830.0,522.0,12.0,38.0,6284.0,0.0,0.0,0.0,0.0,0.0,0.0,0.0,1.0,0.0,17.0,87.0,1.0,24.0,,,,,17.0,37.0,2,Levi Brown,Troy,Sun Belt,Quarterback,0.6289156626506024,7.571084337349397,17.0,0.27586206896551724,,,,,
173148,2010,65,0.0,0.0,0.0,0.0,0.0,0.0,0.0,0.0,0.0,0.0,8.0,0.0,70.0,2.0,0.0,30.0,0.0,0.0,0.0,0.0,0.0,0.0,0.0,0.0,0.0,0.0,4.0,0.0,35.0,0.0,0.0,0.0,0.0,0.0,0.0,0.0,0.0,0.0,0.0,21.0,,18.0,,,,4,Jerome Murphy,South Florida,Big East,Cornerback,,,,,15.0,8.75,,,8.75
173396,2010,70,0.0,0.0,0.0,0.0,0.0,0.0,0.0,0.0,0.0,0.0,0.0,0.0,0.0,0.0,0.0,0.0,0.0,0.0,0.0,0.0,0.0,1.0,0.0,0.0,0.0,0.0,0.0,0.0,0.0,0.0,0.0,0.0,0.0,124.0,12.0,1557.0,5.0,0.0,28.0,,,,,46.0,10.0,4,Ed Dickson,Oregon,Pac-10,Tight End,0.0,0.0,12.556451612903226,5.6,,,,,
173570,2011,199,0.0,0.0,0.0,0.0,0.0,0.0,0.0,0.0,0.0,0.0,1.0,0.0,3.0,0.0,0.0,0.0,0.0,0.0,0.0,0.0,0.0,0.0,0.0,0.0,0.0,0.0,0.0,0.0,0.0,0.0,0.0,0.0,0.0,0.0,0.0,0.0,2.0,0.0,0.0,,,,,,0.0,2,Jerrell Powe,Ole Miss,SEC,Defensive Tackle,,,,0.0,,,,,3.0
173601,2011,216,0.0,0.0,0.0,0.0,0.0,0.0,0.0,0.0,0.0,0.0,2.0,0.0,1.0,27.0,0.0,580.0,0.0,0.0,0.0,0.0,0.0,0.0,0.0,0.0,0.0,0.0,1.0,0.0,11.0,0.0,0.0,0.0,0.0,26.0,2.0,354.0,3.0,0.0,10.0,52.0,,11.0,,49.0,7.0,6,Mikail Baker,Baylor,Big 12,Defensive Back,,,13.615384615384615,3.3333333333333335,21.48148148148148,11.0,,,0.5
173642,2010,199,0.0,0.0,0.0,0.0,0.0,0.0,0.0,0.0,0.0,0.0,0.0,0.0,0.0,0.0,0.0,0.0,0.0,0.0,0.0,0.0,0.0,792.0,468.0,25.0,37.0,5771.0,0.0,0.0,0.0,0.0,2.0,0.0,89.0,32.0,4.0,471.0,516.0,24.0,2774.0,,,,52.0,33.0,71.0,4,Joe Webb,UAB,Conference USA,Quarterback,0.5909090909090909,7.286616161616162,14.71875,5.375968992248062,,,44.5,,
173689,2010,215,0.0,0.0,0.0,0.0,0.0,0.0,0.0,0.0,0.0,0.0,2.0,0.0,16.0,0.0,0.0,0.0,0.0,0.0,0.0,0.0,0.0,0.0,0.0,0.0,0.0,0.0,0.0,0.0,0.0,0.0,0.0,0.0,0.0,0.0,0.0,0.0,0.0,0.0,0.0,,,,,,,2,Jeremy Ware,Michigan State,Big Ten,Cornerback,,,,,,,,,8.0
174011,2010,252,0.0,0.0,0.0,0.0,0.0,0.0,0.0,0.0,0.0,0.0,1.0,0.0,0.0,0.0,0.0,0.0,0.0,0.0,0.0,0.0,0.0,0.0,0.0,0.0,0.0,0.0,0.0,0.0,0.0,0.0,0.0,0.0,0.0,0.0,0.0,0.0,0.0,0.0,0.0,,,,,,,1,Austin Spitler,Ohio State,Big Ten,Outside Linebacker,,,,,,,,,0.0
174020,2010,242,0.0,0.0,0.0,0.0,0.0,0.0,0.0,0.0,0.0,0.0,1.0,0.0,0.0,0.0,0.0,0.0,0.0,0.0,0.0,0.0,0.0,0.0,0.0,0.0,0.0,0.0,0.0,0.0,0.0,0.0,0.0,0.0,0.0,0.0,0.0,0.0,0.0,0.0,0.0,,,,,,,1,Doug Worthington,Ohio State,Big Ten,Defensive End,,,,,,,,,0.0
174054,2010,250,0.0,0.0,0.0,0.0,0.0,0.0,0.0,0.0,0.0,0.0,0.0,0.0,0.0,0.0,0.0,0.0,0.0,0.0,0.0,0.0,0.0,999.0,610.0,31.0,66.0,8317.0,0.0,0.0,0.0,0.0,0.0,0.0,0.0,1.0,0.0,21.0,427.0,22.0,1854.0,,,,,21.0,57.0,4,Zac Robinson,Oklahoma State,Big 12,Quarterback,0.6106106106106106,8.325325325325325,21.0,4.34192037470726,,,,,
174183,2010,10,0.0,0.0,0.0,0.0,0.0,0.0,0.0,0.0,0.0,0.0,1.0,0.0,8.0,0.0,0.0,0.0,0.0,0.0,0.0,0.0,0.0,0.0,0.0,0.0,0.0,0.0,0.0,0.0,0.0,0.0,0.0,0.0,0.0,0.0,0.0,0.0,0.0,0.0,0.0,,,,,,,1,Tyson Alualu,California,Pac-10,Defensive Tackle,,,,,,,,,8.0
174208,2010,225,0.0,0.0,0.0,0.0,0.0,0.0,0.0,0.0,0.0,0.0,7.0,0.0,204.0,0.0,0.0,0.0,0.0,0.0,0.0,0.0,0.0,0.0,0.0,0.0,0.0,0.0,60.0,1.0,389.0,0.0,0.0,0.0,0.0,0.0,0.0,0.0,0.0,0.0,0.0,,,73.0,,,,4,Syd'Quan Thompson,California,Pac-10,Cornerback,,,,,,6.483333333333333,,,29.142857142857142
174445,2010,231,0.0,0.0,0.0,0.0,0.0,0.0,0.0,0.0,0.0,0.0,0.0,0.0,0.0,0.0,0.0,0.0,0.0,0.0,0.0,0.0,0.0,0.0,0.0,0.0,0.0,0.0,0.0,0.0,0.0,0.0,0.0,0.0,0.0,1.0,0.0,-2.0,0.0,0.0,0.0,,,,,-2.0,,1,Selvish Capers,West Virginia,Big East,Offensive Tackle,,,-2.0,,,,,,
174556,2010,121,0.0,0.0,0.0,0.0,0.0,0.0,0.0,0.0,0.0,0.0,3.0,0.0,6.0,0.0,0.0,0.0,0.0,0.0,0.0,0.0,0.0,0.0,0.0,0.0,0.0,0.0,0.0,0.0,0.0,0.0,0.0,0.0,0.0,0.0,0.0,0.0,0.0,0.0,0.0,,,,,,,2,Keenan Clayton,Oklahoma,Big 12,Outside Linebacker,,,,,,,,,2.0
174559,2010,162,0.0,0.0,0.0,0.0,0.0,0.0,0.0,0.0,0.0,0.0,0.0,0.0,0.0,0.0,0.0,0.0,0.0,0.0,0.0,0.0,0.0,0.0,0.0,0.0,0.0,0.0,0.0,0.0,0.0,0.0,0.0,0.0,0.0,13.0,1.0,98.0,0.0,0.0,0.0,,,,,12.0,,4,Brody Eldridge,Oklahoma,Big 12,Tight End,,,7.538461538461538,,,,,,
174771,2010,29,0.0,0.0,0.0,0.0,0.0,0.0,0.0,0.0,0.0,0.0,11.0,2.0,139.0,2.0,0.0,32.0,0.0,0.0,0.0,0.0,0.0,0.0,0.0,0.0,0.0,0.0,90.0,3.0,793.0,0.0,0.0,0.0,0.0,0.0,0.0,0.0,1.0,0.0,-1.0,20.0,,90.0,,,0.0,4,Kyle Wilson,Boise State,Western Athletic,Cornerback,,,,-1.0,16.0,8.811111111111112,,,12.636363636363637
174924,2010,201,0.0,0.0,0.0,0.0,0.0,0.0,0.0,0.0,0.0,0.0,2.0,0.0,29.0,0.0,0.0,0.0,0.0,0.0,0.0,0.0,0.0,0.0,0.0,0.0,0.0,0.0,22.0,0.0,149.0,0.0,0.0,0.0,0.0,0.0,0.0,0.0,0.0,0.0,0.0,,,27.0,,,,1,Jorrick Calvin,Troy,Sun Belt,Cornerback,,,,,,6.7727272727272725,,,14.5
175130,2010,172,0.0,0.0,0.0,0.0,0.0,0.0,0.0,0.0,0.0,0.0,0.0,0.0,0.0,0.0,0.0,0.0,0.0,0.0,0.0,0.0,0.0,0.0,0.0,0.0,0.0,0.0,0.0,0.0,0.0,0.0,214.0,0.0,9022.0,0.0,0.0,0.0,0.0,0.0,0.0,,,,60.0,,,3,Brent Bowden,Virginia Tech,ACC,Punter,,,,,,,42.1588785046729,,
175276,2010,115,0.0,0.0,0.0,0.0,0.0,0.0,0.0,0.0,0.0,0.0,1.0,0.0,9.0,0.0,0.0,0.0,0.0,0.0,0.0,0.0,0.0,0.0,0.0,0.0,0.0,0.0,0.0,0.0,0.0,0.0,0.0,0.0,0.0,0.0,0.0,0.0,0.0,0.0,0.0,,,,,,,1,Phillip Dillard,Nebraska,Big 12,Inside Linebacker,,,,,,,,,9.0
175300,2010,2,0.0,0.0,0.0,0.0,0.0,0.0,0.0,0.0,0.0,0.0,4.0,2.0,79.0,0.0,0.0,0.0,0.0,0.0,0.0,0.0,0.0,0.0,0.0,0.0,0.0,0.0,0.0,0.0,0.0,0.0,0.0,0.0,0.0,1.0,1.0,2.0,0.0,0.0,0.0,,,,,2.0,,3,Ndamukong Suh,Nebraska,Big 12,Defensive Tackle,,,2.0,,,,,,19.75
175344,2010,94,0.0,0.0,0.0,0.0,0.0,0.0,0.0,0.0,0.0,0.0,3.0,1.0,53.0,0.0,0.0,0.0,0.0,0.0,0.0,0.0,0.0,0.0,0.0,0.0,0.0,0.0,0.0,0.0,0.0,0.0,0.0,0.0,0.0,0.0,0.0,0.0,0.0,0.0,0.0,,,,,,,1,Kevin Thomas,USC,Pac-10,Cornerback,,,,,,,,,17.666666666666668
175398,2010,138,0.0,0.0,0.0,0.0,0.0,0.0,0.0,0.0,0.0,0.0,9.0,3.0,265.0,0.0,0.0,0.0,0.0,0.0,0.0,0.0,0.0,0.0,0.0,0.0,0.0,0.0,0.0,0.0,0.0,0.0,0.0,0.0,0.0,0.0,0.0,0.0,0.0,0.0,0.0,,,,,,,3,Walter McFadden,Auburn,SEC,Cornerback,,,,,,,,,29.444444444444443
175658,2010,168,0.0,0.0,0.0,0.0,0.0,0.0,0.0,0.0,0.0,0.0,0.0,0.0,0.0,0.0,0.0,0.0,0.0,0.0,0.0,0.0,0.0,629.0,348.0,22.0,36.0,4187.0,0.0,0.0,0.0,0.0,0.0,0.0,0.0,0.0,0.0,0.0,101.0,3.0,-16.0,,,,,,15.0,4,Jonathan Crompton,Tennessee,SEC,Quarterback,0.5532591414944356,6.656597774244833,,-0.15841584158415842,,,,,
175660,2010,59,0.0,0.0,0.0,0.0,0.0,0.0,0.0,0.0,0.0,0.0,0.0,0.0,0.0,0.0,0.0,0.0,0.0,0.0,0.0,0.0,0.0,1.0,0.0,0.0,0.0,0.0,0.0,0.0,0.0,0.0,0.0,0.0,0.0,38.0,1.0,405.0,560.0,26.0,2391.0,,,,,47.0,43.0,5,Montario Hardesty,Tennessee,SEC,Running Back,0.0,0.0,10.657894736842104,4.269642857142857,,,,,
175772,2010,85,0.0,0.0,0.0,0.0,0.0,0.0,0.0,0.0,0.0,0.0,0.0,0.0,0.0,0.0,0.0,0.0,0.0,0.0,0.0,0.0,0.0,1645.0,1157.0,45.0,112.0,13253.0,0.0,0.0,0.0,0.0,9.0,0.0,280.0,0.0,0.0,0.0,447.0,20.0,1571.0,,,,44.0,,65.0,4,Colt McCoy,Texas,Big 12,Quarterback,0.7033434650455928,8.056534954407296,,3.5145413870246087,,,31.11111111111111,,
175825,2010,236,0.0,0.0,0.0,0.0,0.0,0.0,0.0,0.0,0.0,0.0,1.0,0.0,3.0,0.0,0.0,0.0,0.0,0.0,0.0,0.0,0.0,0.0,0.0,0.0,0.0,0.0,0.0,0.0,0.0,0.0,0.0,0.0,0.0,0.0,0.0,0.0,0.0,0.0,0.0,,,,,,,1,Dexter Davis,Arizona State,Pac-10,Outside Linebacker,,,,,,,,,3.0
176126,2010,87,0.0,0.0,0.0,0.0,0.0,0.0,0.0,0.0,0.0,0.0,0.0,0.0,0.0,0.0,0.0,0.0,0.0,0.0,0.0,0.0,0.0,4.0,3.0,0.0,2.0,49.0,7.0,0.0,28.0,0.0,0.0,0.0,0.0,227.0,24.0,3119.0,15.0,1.0,114.0,,,16.0,,75.0,19.0,4,Eric Decker,Minnesota,Big Ten,Wide Receiver,0.75,12.25,13.740088105726873,7.6,,4.0,,,
176279,2010,233,0.0,0.0,0.0,0.0,0.0,0.0,0.0,0.0,0.0,0.0,0.0,0.0,0.0,0.0,0.0,0.0,0.0,0.0,0.0,0.0,0.0,0.0,0.0,0.0,0.0,0.0,0.0,0.0,0.0,0.0,0.0,0.0,0.0,41.0,7.0,455.0,0.0,0.0,0.0,,,,,46.0,,4,Jim Dray,Stanford,Pac-10,Tight End,,,11.097560975609756,,,,,,
176287,2010,253,0.0,0.0,0.0,0.0,0.0,0.0,0.0,0.0,0.0,0.0,0.0,0.0,0.0,0.0,0.0,0.0,0.0,0.0,0.0,0.0,0.0,0.0,0.0,0.0,0.0,0.0,0.0,0.0,0.0,0.0,0.0,0.0,0.0,3.0,0.0,21.0,0.0,0.0,0.0,,,,,9.0,,1,Erik Lorig,Stanford,Pac-10,Defensive End,,,7.0,,,,,,
176392,2010,78,0.0,0.0,0.0,0.0,0.0,0.0,0.0,0.0,0.0,0.0,0.0,0.0,0.0,0.0,0.0,0.0,0.0,0.0,0.0,0.0,0.0,0.0,0.0,0.0,0.0,0.0,0.0,0.0,0.0,0.0,0.0,0.0,0.0,175.0,25.0,2517.0,8.0,1.0,37.0,,,,,58.0,18.0,4,Brandon LaFell,LSU,SEC,Wide Receiver,,,14.382857142857143,4.625,,,,,
176660,2010,240,0.0,0.0,0.0,0.0,0.0,0.0,0.0,0.0,0.0,0.0,1.0,0.0,0.0,0.0,0.0,0.0,0.0,0.0,0.0,0.0,0.0,0.0,0.0,0.0,0.0,0.0,0.0,0.0,0.0,0.0,0.0,0.0,0.0,0.0,0.0,0.0,0.0,0.0,0.0,,,,,,,1,Kavell Conner,Clemson,ACC,Outside Linebacker,,,,,,,,,0.0
176949,2011,181,0.0,0.0,0.0,0.0,0.0,0.0,0.0,0.0,0.0,0.0,0.0,0.0,0.0,0.0,0.0,0.0,0.0,0.0,0.0,0.0,0.0,0.0,0.0,0.0,0.0,0.0,1.0,0.0,13.0,0.0,0.0,0.0,0.0,10.0,0.0,62.0,0.0,0.0,0.0,,,13.0,,15.0,,3,Richard Gordon,Miami,ACC,Tight End,,,6.2,,,13.0,,,
176958,2010,102,0.0,0.0,0.0,0.0,0.0,0.0,0.0,0.0,0.0,0.0,1.0,1.0,73.0,2.0,0.0,22.0,0.0,0.0,0.0,0.0,0.0,0.0,0.0,0.0,0.0,0.0,0.0,0.0,0.0,0.0,0.0,0.0,0.0,0.0,0.0,0.0,0.0,0.0,0.0,13.0,,,,,,1,Darryl Sharpton,Miami,ACC,Inside Linebacker,,,,,11.0,,,,73.0
177261,2010,165,0.0,0.0,0.0,0.0,0.0,0.0,0.0,0.0,0.0,0.0,0.0,0.0,0.0,0.0,0.0,0.0,0.0,0.0,0.0,0.0,0.0,219.0,134.0,10.0,17.0,1612.0,0.0,0.0,0.0,0.0,4.0,0.0,129.0,225.0,18.0,2302.0,118.0,6.0,415.0,,,,41.0,71.0,40.0,4,Kerry Meier,Kansas,Big 12,Wide Receiver,0.6118721461187214,7.360730593607306,10.231111111111112,3.516949152542373,,,32.25,,
177267,2010,110,0.0,0.0,0.0,0.0,0.0,0.0,0.0,0.0,0.0,0.0,8.0,0.0,71.0,14.0,0.0,358.0,0.0,0.0,0.0,0.0,0.0,0.0,0.0,0.0,0.0,0.0,0.0,0.0,0.0,0.0,0.0,0.0,0.0,0.0,0.0,0.0,0.0,0.0,0.0,67.0,,,,,,3,Darrell Stuckey,Kansas,Big 12,Safety,,,,,25.571428571428573,,,,8.875
177359,2010,82,0.0,0.0,0.0,0.0,0.0,0.0,0.0,0.0,0.0,0.0,0.0,0.0,0.0,0.0,0.0,0.0,0.0,0.0,0.0,0.0,0.0,0.0,0.0,0.0,0.0,0.0,69.0,1.0,477.0,0.0,0.0,0.0,0.0,285.0,34.0,3791.0,9.0,0.0,40.0,,,79.0,,77.0,8.0,4,Emmanuel Sanders,SMU,Conference USA,Wide Receiver,,,13.301754385964912,4.444444444444445,,6.913043478260869,,,
177397,2010,34,0.0,0.0,0.0,0.0,0.0,0.0,0.0,0.0,0.0,0.0,7.0,2.0,121.0,6.0,0.0,101.0,0.0,0.0,0.0,0.0,0.0,0.0,0.0,0.0,0.0,0.0,0.0,0.0,0.0,0.0,0.0,0.0,0.0,0.0,0.0,0.0,0.0,0.0,0.0,28.0,,,,,,4,Chris Cook,Virginia,ACC,Cornerback,,,,,16.833333333333332,,,,17.285714285714285
177740,2010,118,0.0,0.0,0.0,0.0,0.0,0.0,0.0,0.0,0.0,0.0,0.0,0.0,0.0,0.0,0.0,0.0,0.0,0.0,0.0,0.0,0.0,0.0,0.0,0.0,0.0,0.0,0.0,0.0,0.0,0.0,0.0,0.0,0.0,121.0,16.0,1492.0,0.0,0.0,0.0,,,,,45.0,,3,Garrett Graham,Wisconsin,Big Ten,Tight End,,,12.330578512396695,,,,,,
178014,2010,230,0.0,0.0,0.0,0.0,0.0,0.0,0.0,0.0,0.0,0.0,0.0,0.0,0.0,1.0,0.0,0.0,0.0,0.0,0.0,0.0,0.0,0.0,0.0,0.0,0.0,0.0,0.0,0.0,0.0,0.0,0.0,0.0,0.0,0.0,0.0,0.0,0.0,0.0,0.0,0.0,,,,,,1,C.J. Wilson,East Carolina,Conference USA,Defensive End,,,,,0.0,,,,
178767,2010,210,0.0,0.0,0.0,0.0,0.0,0.0,0.0,0.0,0.0,0.0,2.0,0.0,20.0,0.0,0.0,0.0,0.0,0.0,0.0,0.0,0.0,0.0,0.0,0.0,0.0,0.0,0.0,0.0,0.0,0.0,0.0,0.0,0.0,0.0,0.0,0.0,0.0,0.0,0.0,,,,,,,1,Cody Grimm,Virginia Tech,ACC,Safety,,,,,,,,,10.0
180299,2010,176,0.0,0.0,0.0,0.0,0.0,0.0,0.0,0.0,0.0,0.0,0.0,0.0,0.0,0.0,0.0,0.0,0.0,0.0,0.0,0.0,0.0,1361.0,768.0,36.0,76.0,10112.0,0.0,0.0,0.0,0.0,0.0,0.0,0.0,1.0,0.0,7.0,115.0,5.0,-335.0,,,,,7.0,18.0,4,Rusty Smith,Florida Atlantic,Sun Belt,Quarterback,0.5642909625275533,7.429831006612785,7.0,-2.9130434782608696,,,,,
180714,2010,221,0.0,0.0,0.0,0.0,0.0,0.0,0.0,0.0,0.0,0.0,0.0,0.0,0.0,0.0,0.0,0.0,1.0,0.0,1.0,1.0,1.0,0.0,0.0,0.0,0.0,0.0,0.0,0.0,0.0,0.0,220.0,0.0,9583.0,0.0,0.0,0.0,5.0,0.0,37.0,,0.0,,73.0,,19.0,3,Matt Dodge,East Carolina,Conference USA,Punter,,,,7.4,,,43.55909090909091,0.0,
180823,2010,147,0.0,0.0,0.0,0.0,0.0,0.0,0.0,0.0,0.0,0.0,0.0,0.0,0.0,0.0,0.0,0.0,0.0,0.0,0.0,0.0,0.0,0.0,0.0,0.0,0.0,0.0,0.0,0.0,0.0,0.0,0.0,0.0,0.0,0.0,0.0,0.0,1.0,0.0,1.0,,,,,,1.0,1,Mitch Petrus,Arkansas,SEC,Offensive Guard,,,,1.0,,,,,
180834,2010,150,0.0,0.0,0.0,0.0,0.0,0.0,0.0,0.0,0.0,0.0,0.0,0.0,0.0,0.0,0.0,0.0,0.0,0.0,0.0,0.0,0.0,0.0,0.0,0.0,0.0,0.0,0.0,0.0,0.0,0.0,252.0,0.0,10703.0,0.0,0.0,0.0,3.0,0.0,17.0,,,,68.0,,13.0,4,Zoltan Mesko,Michigan,Big Ten,Punter,,,,5.666666666666667,,,42.47222222222222,,
181058,2010,139,0.0,0.0,0.0,0.0,0.0,0.0,0.0,0.0,0.0,0.0,0.0,0.0,0.0,1.0,0.0,4.0,0.0,0.0,0.0,0.0,0.0,0.0,0.0,0.0,0.0,0.0,0.0,0.0,0.0,0.0,0.0,0.0,0.0,25.0,4.0,193.0,54.0,4.0,247.0,4.0,,,,25.0,39.0,4,John Conner,Kentucky,SEC,Fullback,,,7.72,4.574074074074074,4.0,,,,
181680,2010,197,0.0,0.0,0.0,0.0,0.0,0.0,0.0,0.0,0.0,0.0,0.0,0.0,0.0,25.0,0.0,661.0,0.0,0.0,0.0,0.0,0.0,0.0,0.0,0.0,0.0,0.0,56.0,2.0,647.0,0.0,0.0,0.0,0.0,7.0,0.0,72.0,115.0,4.0,776.0,49.0,,92.0,,26.0,39.0,4,Trindon Holliday,LSU,SEC,Kick Returner,,,10.285714285714286,6.747826086956522,26.44,11.553571428571429,,,
182303,2010,131,0.0,0.0,0.0,0.0,0.0,0.0,0.0,0.0,0.0,0.0,2.0,0.0,15.0,0.0,0.0,0.0,0.0,0.0,0.0,0.0,0.0,0.0,0.0,0.0,0.0,0.0,0.0,0.0,0.0,0.0,0.0,0.0,0.0,0.0,0.0,0.0,0.0,0.0,0.0,,,,,,,2,Roddrick Muckelroy,Texas,Big 12,Inside Linebacker,,,,,,,,,7.5
183133,2010,55,0.0,0.0,0.0,0.0,0.0,0.0,0.0,0.0,0.0,0.0,3.0,0.0,13.0,0.0,0.0,0.0,0.0,0.0,0.0,0.0,0.0,0.0,0.0,0.0,0.0,0.0,0.0,0.0,0.0,0.0,0.0,0.0,0.0,0.0,0.0,0.0,0.0,0.0,0.0,,,,,,,3,Sean Lee,Penn State,Big Ten,Inside Linebacker,,,,,,,,,4.333333333333333
183137,2010,254,0.0,0.0,0.0,0.0,0.0,0.0,0.0,0.0,0.0,0.0,3.0,0.0,14.0,0.0,0.0,0.0,0.0,0.0,0.0,0.0,0.0,0.0,0.0,0.0,0.0,0.0,0.0,0.0,0.0,0.0,0.0,0.0,0.0,0.0,0.0,0.0,0.0,0.0,0.0,,,,,,,2,Josh Hull,Penn State,Big Ten,Inside Linebacker,,,,,,,,,4.666666666666667
183221,2011,241,0.0,0.0,0.0,0.0,0.0,0.0,0.0,0.0,0.0,0.0,0.0,0.0,0.0,0.0,0.0,0.0,0.0,0.0,0.0,0.0,0.0,0.0,0.0,0.0,0.0,0.0,0.0,0.0,0.0,0.0,0.0,0.0,0.0,64.0,7.0,700.0,2.0,0.0,14.0,,,,,59.0,13.0,4,David Ausberry,USC,Pac-10,Wide Receiver,,,10.9375,7.0,,,,,
183222,2011,187,0.0,0.0,0.0,0.0,0.0,0.0,0.0,0.0,0.0,0.0,0.0,0.0,0.0,0.0,0.0,0.0,0.0,0.0,0.0,0.0,0.0,0.0,0.0,0.0,0.0,0.0,0.0,0.0,0.0,0.0,0.0,0.0,0.0,14.0,4.0,176.0,267.0,16.0,1585.0,,,,,47.0,73.0,5,Allen Bradford,USC,Pac-10,Running Back,,,12.571428571428571,5.936329588014981,,,,,
183225,2011,240,0.0,0.0,0.0,0.0,0.0,0.0,0.0,0.0,0.0,0.0,0.0,0.0,0.0,0.0,0.0,0.0,0.0,0.0,0.0,0.0,0.0,0.0,0.0,0.0,0.0,0.0,0.0,0.0,0.0,0.0,0.0,0.0,0.0,116.0,12.0,1290.0,81.0,3.0,509.0,,,,,58.0,59.0,5,Stanley Havili,USC,Pac-10,Fullback,,,11.120689655172415,6.283950617283951,,,,,
183232,2010,49,0.0,0.0,0.0,0.0,0.0,0.0,0.0,0.0,0.0,0.0,5.0,0.0,40.0,0.0,0.0,0.0,0.0,0.0,0.0,0.0,0.0,0.0,0.0,0.0,0.0,0.0,0.0,0.0,0.0,0.0,0.0,0.0,0.0,0.0,0.0,0.0,0.0,0.0,0.0,,,,,,,3,Taylor Mays,USC,Pac-10,Safety,,,,,,,,,8.0
183233,2010,185,0.0,0.0,0.0,0.0,0.0,0.0,0.0,0.0,0.0,0.0,0.0,0.0,0.0,0.0,0.0,0.0,0.0,0.0,0.0,0.0,0.0,0.0,0.0,0.0,0.0,0.0,0.0,0.0,0.0,0.0,0.0,0.0,0.0,46.0,3.0,731.0,1.0,0.0,25.0,,,,,60.0,23.0,3,Anthony McCoy,USC,Pac-10,Tight End,,,15.891304347826088,25.0,,,,,
183241,2011,89,0.0,0.0,0.0,0.0,0.0,0.0,0.0,0.0,0.0,0.0,1.0,0.0,0.0,0.0,0.0,0.0,0.0,0.0,0.0,0.0,0.0,0.0,0.0,0.0,0.0,0.0,0.0,0.0,0.0,0.0,0.0,0.0,0.0,0.0,0.0,0.0,0.0,0.0,0.0,,,,,,,1,Shareece Wright,USC,Pac-10,Cornerback,,,,,,,,,0.0
183253,2011,35,0.0,0.0,0.0,0.0,0.0,0.0,0.0,0.0,0.0,0.0,0.0,0.0,0.0,0.0,0.0,0.0,0.0,0.0,0.0,0.0,0.0,1317.0,812.0,30.0,71.0,10314.0,0.0,0.0,0.0,0.0,6.0,0.0,193.0,1.0,0.0,27.0,413.0,22.0,1611.0,,,,40.0,27.0,47.0,4,Andy Dalton,TCU,Mountain West,Quarterback,0.6165527714502658,7.831435079726652,27.0,3.900726392251816,,,32.166666666666664,,
183258,2010,31,0.0,0.0,0.0,0.0,0.0,0.0,0.0,0.0,0.0,0.0,3.0,1.0,32.0,0.0,0.0,0.0,0.0,0.0,0.0,0.0,0.0,0.0,0.0,0.0,0.0,0.0,0.0,0.0,0.0,0.0,0.0,0.0,0.0,0.0,0.0,0.0,0.0,0.0,0.0,,,,,,,2,Jerry Hughes,TCU,Mountain West,Outside Linebacker,,,,,,,,,10.666666666666666
183260,2011,190,0.0,0.0,0.0,0.0,0.0,0.0,0.0,0.0,0.0,0.0,2.0,1.0,38.0,0.0,0.0,0.0,0.0,0.0,0.0,0.0,0.0,0.0,0.0,0.0,0.0,0.0,0.0,0.0,0.0,0.0,0.0,0.0,0.0,0.0,0.0,0.0,0.0,0.0,0.0,,,,,,,2,Colin Jones,TCU,Mountain West,Safety,,,,,,,,,19.0
183263,2010,169,0.0,0.0,0.0,0.0,0.0,0.0,0.0,0.0,0.0,0.0,0.0,0.0,0.0,0.0,0.0,0.0,0.0,0.0,0.0,0.0,0.0,0.0,0.0,0.0,0.0,0.0,0.0,0.0,0.0,0.0,0.0,0.0,0.0,0.0,0.0,0.0,1.0,0.0,3.0,,,,,,3.0,1,Marshall Newhouse,TCU,Mountain West,Offensive Guard,,,,3.0,,,,,
183281,2010,227,0.0,0.0,0.0,0.0,0.0,0.0,0.0,0.0,0.0,0.0,0.0,0.0,0.0,2.0,0.0,26.0,0.0,0.0,0.0,0.0,0.0,0.0,0.0,0.0,0.0,0.0,0.0,0.0,0.0,0.0,0.0,0.0,0.0,63.0,12.0,708.0,5.0,1.0,50.0,20.0,,,,53.0,16.0,3,Dorin Dickerson,Pittsburgh,Big East,Tight End,,,11.238095238095237,10.0,13.0,,,,
183294,2011,226,0.0,0.0,0.0,0.0,0.0,0.0,0.0,0.0,0.0,0.0,1.0,0.0,0.0,0.0,0.0,0.0,0.0,0.0,0.0,0.0,0.0,0.0,0.0,0.0,0.0,0.0,0.0,0.0,0.0,0.0,0.0,0.0,0.0,0.0,0.0,0.0,0.0,0.0,0.0,,,,,,,1,Greg Romeus,Pittsburgh,Big East,Defensive End,,,,,,,,,0.0
183313,2010,190,0.0,0.0,0.0,0.0,0.0,0.0,0.0,0.0,0.0,0.0,3.0,1.0,91.0,0.0,0.0,0.0,0.0,0.0,0.0,0.0,0.0,0.0,0.0,0.0,0.0,0.0,0.0,0.0,0.0,0.0,0.0,0.0,0.0,0.0,0.0,0.0,0.0,0.0,0.0,,,,,,,2,Travis Goethel,Arizona State,Pac-10,Inside Linebacker,,,,,,,,,30.333333333333332
183335,2010,206,0.0,0.0,0.0,0.0,0.0,0.0,0.0,0.0,0.0,0.0,0.0,0.0,0.0,0.0,0.0,0.0,0.0,0.0,0.0,0.0,0.0,1.0,1.0,0.0,1.0,32.0,130.0,0.0,764.0,0.0,0.0,0.0,0.0,109.0,18.0,1626.0,17.0,0.0,130.0,,,64.0,,80.0,53.0,4,Kyle Williams,Arizona State,Pac-10,Wide Receiver,1.0,32.0,14.917431192660551,7.647058823529412,,5.876923076923077,,,
183360,2011,140,0.0,0.0,0.0,0.0,0.0,0.0,0.0,0.0,0.0,0.0,0.0,0.0,0.0,0.0,0.0,0.0,0.0,0.0,0.0,0.0,0.0,0.0,0.0,0.0,0.0,0.0,0.0,0.0,0.0,0.0,0.0,0.0,0.0,8.0,1.0,124.0,0.0,0.0,0.0,,,,,36.0,,1,Gabe Miller,Oregon State,Pac-10,Outside Linebacker,,,15.5,,,,,,
183420,2011,108,0.0,0.0,0.0,0.0,0.0,0.0,0.0,0.0,0.0,0.0,8.0,0.0,62.0,0.0,0.0,0.0,0.0,0.0,0.0,0.0,0.0,0.0,0.0,0.0,0.0,0.0,0.0,0.0,0.0,0.0,0.0,0.0,0.0,0.0,0.0,0.0,0.0,0.0,0.0,,,,,,,2,Quinton Carter,Oklahoma,Big 12,Safety,,,,,,,,,7.75
183426,2011,164,0.0,0.0,0.0,0.0,0.0,0.0,0.0,0.0,0.0,0.0,2.0,0.0,15.0,0.0,0.0,0.0,0.0,0.0,0.0,0.0,0.0,0.0,0.0,0.0,0.0,0.0,0.0,0.0,0.0,0.0,0.0,0.0,0.0,0.0,0.0,0.0,0.0,0.0,0.0,,,,,,,1,Chykie Brown,Texas,Big 12,Cornerback,,,,,,,,,7.5
183482,2010,58,0.0,0.0,0.0,0.0,0.0,0.0,0.0,0.0,0.0,0.0,0.0,0.0,0.0,5.0,0.0,139.0,0.0,0.0,0.0,0.0,0.0,0.0,0.0,0.0,0.0,0.0,0.0,0.0,0.0,0.0,0.0,0.0,0.0,53.0,0.0,336.0,678.0,24.0,3321.0,36.0,,,,27.0,60.0,4,Ben Tate,Auburn,SEC,Running Back,,,6.339622641509434,4.898230088495575,27.8,,,,
183484,2010,25,0.0,0.0,0.0,0.0,0.0,0.0,0.0,0.0,0.0,0.0,0.0,0.0,0.0,0.0,0.0,0.0,0.0,0.0,0.0,0.0,0.0,995.0,661.0,16.0,88.0,9285.0,0.0,0.0,0.0,0.0,0.0,0.0,0.0,0.0,0.0,0.0,692.0,57.0,2947.0,,,,,,55.0,4,Tim Tebow,Florida,SEC,Quarterback,0.664321608040201,9.331658291457286,,4.258670520231214,,,,,
183514,2011,107,0.0,0.0,0.0,0.0,0.0,0.0,0.0,0.0,0.0,0.0,0.0,0.0,0.0,0.0,0.0,0.0,0.0,0.0,0.0,0.0,0.0,0.0,0.0,0.0,0.0,0.0,0.0,0.0,0.0,0.0,0.0,0.0,0.0,64.0,4.0,1108.0,0.0,0.0,0.0,,,,,66.0,,4,Kris Durham,Georgia,SEC,Wide Receiver,,,17.3125,,,,,,
183547,2010,200,0.0,0.0,0.0,0.0,0.0,0.0,0.0,0.0,0.0,0.0,0.0,0.0,0.0,0.0,0.0,0.0,0.0,0.0,0.0,0.0,0.0,0.0,0.0,0.0,0.0,0.0,0.0,0.0,0.0,0.0,0.0,0.0,0.0,31.0,3.0,260.0,424.0,32.0,2317.0,,,,,20.0,56.0,4,Charles Scott,LSU,SEC,Running Back,,,8.387096774193548,5.464622641509434,,,,,
183548,2011,68,0.0,0.0,0.0,0.0,0.0,0.0,0.0,0.0,0.0,0.0,2.0,0.0,1.0,6.0,0.0,82.0,0.0,0.0,0.0,0.0,0.0,0.0,0.0,0.0,0.0,0.0,0.0,0.0,0.0,0.0,0.0,0.0,0.0,0.0,0.0,0.0,0.0,0.0,0.0,20.0,,,,,,3,Kelvin Sheppard,LSU,SEC,Inside Linebacker,,,,,13.666666666666666,,,,0.5
183565,2011,204,0.0,0.0,0.0,0.0,0.0,0.0,0.0,0.0,0.0,0.0,0.0,0.0,0.0,0.0,0.0,0.0,0.0,0.0,0.0,0.0,0.0,0.0,0.0,0.0,0.0,0.0,0.0,0.0,0.0,0.0,0.0,0.0,0.0,71.0,11.0,911.0,7.0,0.0,53.0,,,,,48.0,16.0,3,Virgil Green,Nevada,Western Athletic,Tight End,,,12.830985915492958,7.571428571428571,,,,,
183575,2011,36,0.0,0.0,0.0,0.0,0.0,0.0,0.0,0.0,0.0,0.0,0.0,0.0,0.0,0.0,0.0,0.0,0.0,0.0,0.0,0.0,0.0,1249.0,728.0,24.0,80.0,9846.0,0.0,0.0,0.0,0.0,0.0,0.0,0.0,1.0,1.0,6.0,591.0,59.0,4040.0,,,,,6.0,75.0,4,Colin Kaepernick,Nevada,Western Athletic,Quarterback,0.5828662930344275,7.883106485188151,6.0,6.835871404399323,,,,,
183628,2011,40,0.0,0.0,0.0,0.0,0.0,0.0,0.0,0.0,0.0,0.0,3.0,2.0,162.0,0.0,0.0,0.0,0.0,0.0,0.0,0.0,0.0,0.0,0.0,0.0,0.0,0.0,4.0,0.0,31.0,0.0,0.0,0.0,0.0,0.0,0.0,0.0,0.0,0.0,0.0,,,17.0,,,,4,Bruce Carter,North Carolina,ACC,Outside Linebacker,,,,,,7.75,,,54.0
183648,2011,33,0.0,0.0,0.0,0.0,0.0,0.0,0.0,0.0,0.0,0.0,8.0,0.0,87.0,0.0,0.0,0.0,0.0,0.0,0.0,0.0,0.0,0.0,0.0,0.0,0.0,0.0,0.0,0.0,0.0,0.0,0.0,0.0,0.0,0.0,0.0,0.0,0.0,0.0,0.0,,,,,,,3,Ras-I Dowling,Virginia,ACC,Cornerback,,,,,,,,,10.875
183671,2011,218,0.0,0.0,0.0,0.0,0.0,0.0,0.0,0.0,0.0,0.0,0.0,0.0,0.0,0.0,0.0,0.0,0.0,0.0,0.0,0.0,0.0,0.0,0.0,0.0,0.0,0.0,0.0,0.0,0.0,0.0,0.0,0.0,0.0,36.0,2.0,330.0,0.0,0.0,0.0,,,,,40.0,,1,Ryan Taylor,North Carolina,ACC,Tight End,,,9.166666666666666,,,,,,
183672,2011,133,0.0,0.0,0.0,0.0,0.0,0.0,0.0,0.0,0.0,0.0,0.0,0.0,0.0,18.0,0.0,369.0,0.0,0.0,0.0,0.0,0.0,0.0,0.0,0.0,0.0,0.0,0.0,0.0,0.0,0.0,0.0,0.0,0.0,47.0,1.0,510.0,246.0,8.0,1262.0,31.0,,,,51.0,76.0,4,Johnny White,North Carolina,ACC,Running Back,,,10.851063829787234,5.130081300813008,20.5,,,,
183674,2011,152,0.0,0.0,0.0,0.0,0.0,0.0,0.0,0.0,0.0,0.0,0.0,0.0,0.0,0.0,0.0,0.0,0.0,0.0,0.0,0.0,0.0,1277.0,795.0,46.0,58.0,9377.0,0.0,0.0,0.0,0.0,0.0,0.0,0.0,0.0,0.0,0.0,220.0,7.0,-333.0,,,,,,24.0,4,T.J. Yates,North Carolina,ACC,Quarterback,0.6225528582615505,7.3429913860610805,,-1.5136363636363637,,,,,
183679,2011,192,0.0,0.0,0.0,0.0,0.0,0.0,0.0,0.0,0.0,0.0,0.0,0.0,0.0,0.0,0.0,0.0,53.0,45.0,262.0,130.0,127.0,0.0,0.0,0.0,0.0,0.0,0.0,0.0,0.0,0.0,235.0,0.0,9778.0,0.0,0.0,0.0,2.0,0.0,35.0,,52.0,,76.0,,26.0,4,Matt Bosher,Miami,ACC,Punter,,,,17.5,,,41.60851063829787,0.8490566037735849,
183681,2010,235,0.0,0.0,0.0,0.0,0.0,0.0,0.0,0.0,0.0,0.0,0.0,0.0,0.0,0.0,0.0,0.0,0.0,0.0,0.0,0.0,0.0,0.0,0.0,0.0,0.0,0.0,0.0,0.0,0.0,0.0,0.0,0.0,0.0,49.0,6.0,634.0,0.0,0.0,0.0,,,,,69.0,,3,Dedrick Epps,Miami,ACC,Tight End,,,12.938775510204081,,,,,,
183683,2010,128,0.0,0.0,0.0,0.0,0.0,0.0,0.0,0.0,0.0,0.0,0.0,0.0,0.0,0.0,0.0,0.0,0.0,0.0,0.0,0.0,0.0,0.0,0.0,0.0,0.0,0.0,0.0,0.0,0.0,0.0,0.0,0.0,0.0,0.0,0.0,0.0,1.0,1.0,5.0,,,,,,5.0,1,Jason Fox,Miami,ACC,Offensive Tackle,,,,5.0,,,,,
183691,2011,109,0.0,0.0,0.0,0.0,0.0,0.0,0.0,0.0,0.0,0.0,3.0,0.0,52.0,0.0,0.0,0.0,0.0,0.0,0.0,0.0,0.0,0.0,0.0,0.0,0.0,0.0,0.0,0.0,0.0,0.0,0.0,0.0,0.0,0.0,0.0,0.0,0.0,0.0,0.0,,,,,,,3,Colin McCarthy,Miami,ACC,Inside Linebacker,,,,,,,,,17.333333333333332
183733,2011,12,0.0,0.0,0.0,0.0,0.0,0.0,0.0,0.0,0.0,0.0,0.0,0.0,0.0,0.0,0.0,0.0,0.0,0.0,0.0,0.0,0.0,965.0,596.0,30.0,49.0,6872.0,0.0,0.0,0.0,0.0,0.0,0.0,0.0,0.0,0.0,0.0,296.0,10.0,833.0,,,,,,45.0,4,Christian Ponder,Florida State,ACC,Quarterback,0.6176165803108808,7.121243523316062,,2.814189189189189,,,,,
183771,2010,32,0.0,0.0,0.0,0.0,0.0,0.0,0.0,0.0,0.0,0.0,7.0,0.0,87.0,11.0,0.0,218.0,0.0,0.0,0.0,0.0,0.0,0.0,0.0,0.0,0.0,0.0,6.0,0.0,16.0,0.0,0.0,0.0,0.0,0.0,0.0,0.0,0.0,0.0,0.0,32.0,,16.0,,,,4,Patrick Robinson,Florida State,ACC,Cornerback,,,,,19.818181818181817,2.6666666666666665,,,12.428571428571429
183776,2010,217,0.0,0.0,0.0,0.0,0.0,0.0,0.0,0.0,0.0,0.0,2.0,1.0,44.0,0.0,0.0,0.0,0.0,0.0,0.0,0.0,0.0,0.0,0.0,0.0,0.0,0.0,2.0,0.0,19.0,0.0,0.0,0.0,0.0,0.0,0.0,0.0,0.0,0.0,0.0,,,16.0,,,,3,Dekoda Watson,Florida State,ACC,Outside Linebacker,,,,,,9.5,,,22.0
183874,2010,244,0.0,0.0,0.0,0.0,0.0,0.0,0.0,0.0,0.0,0.0,9.0,1.0,147.0,0.0,0.0,0.0,0.0,0.0,0.0,0.0,0.0,0.0,0.0,0.0,0.0,0.0,0.0,0.0,0.0,0.0,0.0,0.0,0.0,0.0,0.0,0.0,0.0,0.0,0.0,,,,,,,2,Kurt Coleman,Ohio State,Big Ten,Safety,,,,,,,,,16.333333333333332
183880,2011,200,0.0,0.0,0.0,0.0,0.0,0.0,0.0,0.0,0.0,0.0,7.0,0.0,56.0,0.0,0.0,0.0,0.0,0.0,0.0,0.0,0.0,0.0,0.0,0.0,0.0,0.0,0.0,0.0,0.0,0.0,0.0,0.0,0.0,0.0,0.0,0.0,0.0,0.0,0.0,,,,,,,3,Ross Homan,Ohio State,Big Ten,Outside Linebacker,,,,,,,,,8.0
183996,2010,166,0.0,0.0,0.0,0.0,0.0,0.0,0.0,0.0,0.0,0.0,1.0,1.0,27.0,0.0,0.0,0.0,0.0,0.0,0.0,0.0,0.0,0.0,0.0,0.0,0.0,0.0,0.0,0.0,0.0,0.0,0.0,0.0,0.0,0.0,0.0,0.0,0.0,0.0,0.0,,,,,,,1,Stevenson Sylvester,Utah,Mountain West,Outside Linebacker,,,,,,,,,27.0
184298,2010,108,0.0,0.0,0.0,0.0,0.0,0.0,0.0,0.0,0.0,0.0,0.0,0.0,0.0,9.0,0.0,174.0,0.0,0.0,0.0,0.0,0.0,2.0,2.0,0.0,1.0,55.0,78.0,2.0,475.0,0.0,0.0,0.0,0.0,140.0,15.0,1919.0,58.0,2.0,494.0,39.0,,92.0,,77.0,53.0,4,Jacoby Ford,Clemson,ACC,Wide Receiver,1.0,27.5,13.707142857142857,8.517241379310345,19.333333333333332,6.089743589743589,,,
184362,2010,79,0.0,0.0,0.0,0.0,0.0,0.0,0.0,0.0,0.0,0.0,2.0,0.0,15.0,0.0,0.0,0.0,0.0,0.0,0.0,0.0,0.0,0.0,0.0,0.0,0.0,0.0,0.0,0.0,0.0,0.0,0.0,0.0,0.0,0.0,0.0,0.0,0.0,0.0,0.0,,,,,,,1,Donald Butler,Washington,Pac-10,Inside Linebacker,,,,,,,,,7.5
184374,2011,8,0.0,0.0,0.0,0.0,0.0,0.0,0.0,0.0,0.0,0.0,0.0,0.0,0.0,0.0,0.0,0.0,0.0,0.0,0.0,0.0,0.0,1148.0,619.0,35.0,53.0,7639.0,0.0,0.0,0.0,0.0,0.0,0.0,0.0,2.0,0.0,31.0,454.0,29.0,1939.0,,,,,16.0,56.0,4,Jake Locker,Washington,Pac-10,Quarterback,0.539198606271777,6.65418118466899,15.5,4.270925110132159,,,,,
184408,2010,38,0.0,0.0,0.0,0.0,0.0,0.0,0.0,0.0,0.0,0.0,3.0,0.0,23.0,0.0,0.0,0.0,0.0,0.0,0.0,0.0,0.0,0.0,0.0,0.0,0.0,0.0,0.0,0.0,0.0,0.0,0.0,0.0,0.0,0.0,0.0,0.0,0.0,0.0,0.0,,,,,,,3,T.J. Ward,Oregon,Pac-10,Safety,,,,,,,,,7.666666666666667
184622,2011,176,0.0,0.0,0.0,0.0,0.0,0.0,0.0,0.0,0.0,0.0,0.0,0.0,0.0,78.0,3.0,1839.0,0.0,0.0,0.0,0.0,0.0,9.0,4.0,0.0,2.0,153.0,63.0,0.0,479.0,0.0,0.0,0.0,0.0,268.0,20.0,3001.0,86.0,6.0,526.0,99.0,,56.0,,76.0,57.0,4,Dwayne Harris,East Carolina,Conference USA,Wide Receiver,0.4444444444444444,17.0,11.197761194029852,6.116279069767442,23.576923076923077,7.603174603174603,,,
184676,2010,142,0.0,0.0,0.0,0.0,0.0,0.0,0.0,0.0,0.0,0.0,1.0,0.0,1.0,0.0,0.0,0.0,0.0,0.0,0.0,0.0,0.0,0.0,0.0,0.0,0.0,0.0,0.0,0.0,0.0,0.0,0.0,0.0,0.0,0.0,0.0,0.0,0.0,0.0,0.0,,,,,,,1,Cameron Sheffield,Troy,Sun Belt,Outside Linebacker,,,,,,,,,1.0
184715,2012,244,0.0,0.0,0.0,0.0,0.0,0.0,0.0,0.0,0.0,0.0,0.0,0.0,0.0,1.0,0.0,19.0,0.0,0.0,0.0,0.0,0.0,1.0,0.0,0.0,0.0,0.0,80.0,0.0,427.0,0.0,0.0,0.0,0.0,294.0,32.0,4068.0,4.0,0.0,56.0,19.0,,64.0,,74.0,27.0,4,Jordan White,Western Michigan,Mid-American,Wide Receiver,0.0,0.0,13.83673469387755,14.0,19.0,5.3375,,,
184728,2011,211,0.0,0.0,0.0,0.0,0.0,0.0,0.0,0.0,0.0,0.0,3.0,2.0,46.0,0.0,0.0,0.0,0.0,0.0,0.0,0.0,0.0,0.0,0.0,0.0,0.0,0.0,1.0,0.0,14.0,0.0,0.0,0.0,0.0,0.0,0.0,0.0,0.0,0.0,0.0,,,14.0,,,,2,Bruce Miller,UCF,Conference USA,Defensive End,,,,,,14.0,,,15.333333333333334
184839,2011,232,0.0,0.0,0.0,0.0,0.0,0.0,0.0,0.0,0.0,0.0,0.0,0.0,0.0,0.0,0.0,0.0,0.0,0.0,0.0,0.0,0.0,0.0,0.0,0.0,0.0,0.0,0.0,0.0,0.0,0.0,0.0,0.0,0.0,140.0,5.0,1111.0,467.0,27.0,2501.0,,,,,49.0,49.0,4,Baron Batch,Texas Tech,Big 12,Running Back,,,7.935714285714286,5.355460385438972,,,,,
185058,2010,196,0.0,0.0,0.0,0.0,0.0,0.0,0.0,0.0,0.0,0.0,9.0,0.0,45.0,0.0,0.0,0.0,0.0,0.0,0.0,0.0,0.0,0.0,0.0,0.0,0.0,0.0,9.0,0.0,57.0,0.0,0.0,0.0,0.0,0.0,0.0,0.0,0.0,0.0,0.0,,,24.0,,,,3,Jamar Wall,Texas Tech,Big 12,Cornerback,,,,,,6.333333333333333,,,5.0
186575,2010,159,0.0,0.0,0.0,0.0,0.0,0.0,0.0,0.0,0.0,0.0,0.0,0.0,0.0,0.0,0.0,0.0,0.0,0.0,0.0,0.0,0.0,1.0,0.0,0.0,0.0,0.0,0.0,0.0,0.0,0.0,0.0,0.0,0.0,81.0,18.0,1496.0,1.0,0.0,14.0,,,,,80.0,14.0,4,Riley Cooper,Florida,SEC,Wide Receiver,0.0,0.0,18.469135802469136,14.0,,,,,
186576,2010,53,0.0,0.0,0.0,0.0,0.0,0.0,0.0,0.0,0.0,0.0,1.0,0.0,18.0,0.0,0.0,0.0,0.0,0.0,0.0,0.0,0.0,0.0,0.0,0.0,0.0,0.0,0.0,0.0,0.0,0.0,0.0,0.0,0.0,0.0,0.0,0.0,0.0,0.0,0.0,,,,,,,1,Jermaine Cunningham,Florida,SEC,Outside Linebacker,,,,,,,,,18.0
186591,2010,62,0.0,0.0,0.0,0.0,0.0,0.0,0.0,0.0,0.0,0.0,6.0,4.0,139.0,0.0,0.0,0.0,0.0,0.0,0.0,0.0,0.0,0.0,0.0,0.0,0.0,0.0,0.0,0.0,0.0,0.0,0.0,0.0,0.0,0.0,0.0,0.0,0.0,0.0,0.0,,,,,,,2,Brandon Spikes,Florida,SEC,Inside Linebacker,,,,,,,,,23.166666666666668
187950,2010,219,0.0,0.0,0.0,0.0,0.0,0.0,0.0,0.0,0.0,0.0,0.0,0.0,0.0,43.0,0.0,1036.0,0.0,0.0,0.0,0.0,0.0,0.0,0.0,0.0,0.0,0.0,143.0,0.0,943.0,0.0,0.0,0.0,0.0,109.0,5.0,1192.0,23.0,0.0,146.0,65.0,,79.0,,57.0,20.0,4,Terrence Austin,UCLA,Pac-10,Wide Receiver,,,10.935779816513762,6.3478260869565215,24.093023255813954,6.594405594405594,,,
187976,2010,104,0.0,0.0,0.0,0.0,0.0,0.0,0.0,0.0,0.0,0.0,13.0,4.0,357.0,0.0,0.0,0.0,0.0,0.0,0.0,0.0,0.0,0.0,0.0,0.0,0.0,0.0,5.0,0.0,9.0,0.0,0.0,0.0,0.0,0.0,0.0,0.0,0.0,0.0,0.0,,,12.0,,,,4,Alterraun Verner,UCLA,Pac-10,Cornerback,,,,,,1.8,,,27.46153846153846
188088,2011,47,0.0,0.0,0.0,0.0,0.0,0.0,0.0,0.0,0.0,0.0,0.0,0.0,0.0,0.0,0.0,0.0,0.0,0.0,0.0,0.0,0.0,0.0,0.0,0.0,0.0,0.0,0.0,0.0,0.0,0.0,0.0,0.0,0.0,78.0,8.0,1160.0,9.0,0.0,92.0,,,,,37.0,54.0,3,Lance Kendricks,Wisconsin,Big Ten,Tight End,,,14.871794871794872,10.222222222222221,,,,,
188189,2010,144,0.0,0.0,0.0,0.0,0.0,0.0,0.0,0.0,0.0,0.0,9.0,0.0,0.0,2.0,0.0,81.0,0.0,0.0,0.0,0.0,0.0,0.0,0.0,0.0,0.0,0.0,0.0,0.0,0.0,0.0,0.0,0.0,0.0,0.0,0.0,0.0,0.0,0.0,0.0,68.0,,,,,,4,Sherrick McManis,Northwestern,Big Ten,Cornerback,,,,,40.5,,,,0.0
188285,2011,20,0.0,0.0,0.0,0.0,0.0,0.0,0.0,0.0,0.0,0.0,0.0,0.0,0.0,0.0,0.0,0.0,0.0,0.0,0.0,0.0,0.0,0.0,0.0,0.0,0.0,0.0,1.0,1.0,53.0,0.0,0.0,0.0,0.0,0.0,0.0,0.0,0.0,0.0,0.0,,,53.0,,,,1,Adrian Clayborn,Iowa,Big Ten,Defensive End,,,,,,53.0,,,
188288,2010,119,0.0,0.0,0.0,0.0,0.0,0.0,0.0,0.0,0.0,0.0,7.0,0.0,67.0,0.0,0.0,0.0,0.0,0.0,0.0,0.0,0.0,0.0,0.0,0.0,0.0,0.0,0.0,0.0,0.0,0.0,0.0,0.0,0.0,0.0,0.0,0.0,0.0,0.0,0.0,,,,,,,3,A.J. Edds,Iowa,Big Ten,Outside Linebacker,,,,,,,,,9.571428571428571
188297,2010,66,0.0,0.0,0.0,0.0,0.0,0.0,0.0,0.0,0.0,0.0,6.0,1.0,127.0,4.0,0.0,73.0,0.0,0.0,0.0,0.0,0.0,0.0,0.0,0.0,0.0,0.0,5.0,0.0,7.0,0.0,0.0,0.0,0.0,0.0,0.0,0.0,0.0,0.0,0.0,20.0,,5.0,,,,2,Amari Spievey,Iowa,Big Ten,Cornerback,,,,,18.25,1.4,,,21.166666666666668
188298,2011,135,0.0,0.0,0.0,0.0,0.0,0.0,0.0,0.0,0.0,0.0,0.0,0.0,0.0,0.0,0.0,0.0,0.0,0.0,0.0,0.0,0.0,907.0,542.0,31.0,56.0,7377.0,0.0,0.0,0.0,0.0,0.0,0.0,0.0,1.0,0.0,-1.0,160.0,2.0,-4.0,,,,,0.0,26.0,4,Ricky Stanzi,Iowa,Big Ten,Quarterback,0.597574421168688,8.13340683572216,-1.0,-0.025,,,,,
188303,2011,113,0.0,0.0,0.0,0.0,0.0,0.0,0.0,0.0,0.0,0.0,6.0,0.0,50.0,0.0,0.0,0.0,0.0,0.0,0.0,0.0,0.0,0.0,0.0,0.0,0.0,0.0,0.0,0.0,0.0,0.0,0.0,0.0,0.0,0.0,0.0,0.0,0.0,0.0,0.0,,,,,,,4,Chimdi Chekwa,Ohio State,Big Ten,Cornerback,,,,,,,,,8.333333333333334
188306,2010,116,0.0,0.0,0.0,0.0,0.0,0.0,0.0,0.0,0.0,0.0,1.0,0.0,5.0,0.0,0.0,0.0,0.0,0.0,0.0,0.0,0.0,0.0,0.0,0.0,0.0,0.0,0.0,0.0,0.0,0.0,0.0,0.0,0.0,0.0,0.0,0.0,0.0,0.0,0.0,,,,,,,1,Thaddeus Gibson,Ohio State,Big Ten,Outside Linebacker,,,,,,,,,5.0
188424,2011,189,0.0,0.0,0.0,0.0,0.0,0.0,0.0,0.0,0.0,0.0,7.0,2.0,77.0,0.0,0.0,0.0,0.0,0.0,0.0,0.0,0.0,0.0,0.0,0.0,0.0,0.0,0.0,0.0,0.0,0.0,0.0,0.0,0.0,0.0,0.0,0.0,0.0,0.0,0.0,,,,,,,3,Mike Mohamed,California,Pac-10,Inside Linebacker,,,,,,,,,11.0
188434,2011,118,0.0,0.0,0.0,0.0,0.0,0.0,0.0,0.0,0.0,0.0,6.0,0.0,90.0,0.0,0.0,0.0,0.0,0.0,0.0,0.0,0.0,0.0,0.0,0.0,0.0,0.0,0.0,0.0,0.0,0.0,0.0,0.0,0.0,0.0,0.0,0.0,0.0,0.0,0.0,,,,,,,3,Jalil Brown,Colorado,Big 12,Cornerback,,,,,,,,,15.0
188467,2010,67,0.0,0.0,0.0,0.0,0.0,0.0,0.0,0.0,0.0,0.0,10.0,0.0,71.0,0.0,0.0,0.0,0.0,0.0,0.0,0.0,0.0,0.0,0.0,0.0,0.0,0.0,0.0,0.0,0.0,0.0,0.0,0.0,0.0,0.0,0.0,0.0,0.0,0.0,0.0,,,,,,,3,Myron Lewis,Vanderbilt,SEC,Cornerback,,,,,,,,,7.1
188489,2011,27,0.0,0.0,0.0,0.0,0.0,0.0,0.0,0.0,0.0,0.0,3.0,1.0,41.0,0.0,0.0,0.0,0.0,0.0,0.0,0.0,0.0,0.0,0.0,0.0,0.0,0.0,0.0,0.0,0.0,0.0,0.0,0.0,0.0,0.0,0.0,0.0,0.0,0.0,0.0,,,,,,,2,Jimmy Smith,Colorado,Big 12,Cornerback,,,,,,,,,13.666666666666666
188491,2011,17,0.0,0.0,0.0,0.0,0.0,0.0,0.0,0.0,0.0,0.0,0.0,0.0,0.0,0.0,0.0,0.0,0.0,0.0,0.0,0.0,0.0,0.0,0.0,0.0,0.0,0.0,0.0,0.0,0.0,0.0,0.0,0.0,0.0,3.0,0.0,50.0,0.0,0.0,0.0,,,,,23.0,,1,Nate Solder,Colorado,Big 12,Offensive Tackle,,,16.666666666666668,,,,,,
188524,2010,51,0.0,0.0,0.0,0.0,0.0,0.0,0.0,0.0,0.0,0.0,0.0,0.0,0.0,0.0,0.0,0.0,0.0,0.0,0.0,0.0,0.0,1.0,1.0,0.0,1.0,18.0,0.0,0.0,0.0,0.0,0.0,0.0,0.0,39.0,0.0,395.0,671.0,43.0,3522.0,,,,,33.0,61.0,4,Toby Gerhart,Stanford,Pac-10,Running Back,1.0,18.0,10.128205128205128,5.248882265275708,,,,,
188623,2010,83,0.0,0.0,0.0,0.0,0.0,0.0,0.0,0.0,0.0,0.0,1.0,0.0,10.0,0.0,0.0,0.0,0.0,0.0,0.0,0.0,0.0,0.0,0.0,0.0,0.0,0.0,0.0,0.0,0.0,0.0,0.0,0.0,0.0,0.0,0.0,0.0,0.0,0.0,0.0,,,,,,,1,Corey Peters,Kentucky,SEC,Defensive Tackle,,,,,,,,,10.0
188693,2010,154,0.0,0.0,0.0,0.0,0.0,0.0,0.0,0.0,0.0,0.0,0.0,0.0,0.0,0.0,0.0,0.0,0.0,0.0,0.0,0.0,0.0,0.0,0.0,0.0,0.0,0.0,0.0,0.0,0.0,0.0,0.0,0.0,0.0,87.0,8.0,1146.0,0.0,0.0,0.0,,,,,60.0,,4,Andrew Quarless,Penn State,Big Ten,Tight End,,,13.172413793103448,,,,,,
188694,2011,177,0.0,0.0,0.0,0.0,0.0,0.0,0.0,0.0,0.0,0.0,0.0,0.0,0.0,0.0,0.0,0.0,0.0,0.0,0.0,0.0,0.0,0.0,0.0,0.0,0.0,0.0,11.0,0.0,8.0,0.0,0.0,0.0,0.0,61.0,3.0,562.0,686.0,29.0,3932.0,,,8.0,,49.0,69.0,4,Evan Royster,Penn State,Big Ten,Running Back,,,9.21311475409836,5.7317784256559765,,0.7272727272727273,,,
188711,2010,246,0.0,0.0,0.0,0.0,0.0,0.0,0.0,0.0,0.0,0.0,0.0,0.0,0.0,18.0,2.0,635.0,0.0,0.0,0.0,0.0,0.0,0.0,0.0,0.0,0.0,0.0,34.0,0.0,165.0,0.0,0.0,0.0,0.0,116.0,9.0,1046.0,18.0,0.0,98.0,93.0,,35.0,,64.0,22.0,4,Ray Fisher,Indiana,Big Ten,Cornerback,,,9.017241379310345,5.444444444444445,35.27777777777778,4.852941176470588,,,
188818,2011,195,0.0,0.0,0.0,0.0,0.0,0.0,0.0,0.0,0.0,0.0,1.0,0.0,10.0,0.0,0.0,0.0,0.0,0.0,0.0,0.0,0.0,0.0,0.0,0.0,0.0,0.0,0.0,0.0,0.0,0.0,0.0,0.0,0.0,0.0,0.0,0.0,0.0,0.0,0.0,,,,,,,1,J.T. Thomas,West Virginia,Big East,Outside Linebacker,,,,,,,,,10.0
188925,2010,90,0.0,0.0,0.0,0.0,0.0,0.0,0.0,0.0,0.0,0.0,0.0,0.0,0.0,0.0,0.0,0.0,0.0,0.0,0.0,0.0,0.0,5.0,3.0,0.0,2.0,79.0,5.0,0.0,26.0,0.0,0.0,0.0,0.0,149.0,14.0,2019.0,23.0,0.0,116.0,,,18.0,,54.0,25.0,4,Taylor Price,Ohio,Mid-American,Wide Receiver,0.6,15.8,13.550335570469798,5.043478260869565,,5.2,,,
188932,2011,247,0.0,0.0,0.0,0.0,0.0,0.0,0.0,0.0,0.0,0.0,1.0,0.0,4.0,0.0,0.0,0.0,0.0,0.0,0.0,0.0,0.0,0.0,0.0,0.0,0.0,0.0,0.0,0.0,0.0,0.0,0.0,0.0,0.0,0.0,0.0,0.0,0.0,0.0,0.0,,,,,,,1,Jeremy Beal,Oklahoma,Big 12,Defensive End,,,,,,,,,4.0
188934,2010,1,0.0,0.0,0.0,0.0,0.0,0.0,0.0,0.0,0.0,0.0,0.0,0.0,0.0,0.0,0.0,0.0,0.0,0.0,0.0,0.0,0.0,894.0,605.0,16.0,88.0,8406.0,0.0,0.0,0.0,0.0,0.0,0.0,0.0,0.0,0.0,0.0,77.0,5.0,36.0,,,,,,15.0,3,Sam Bradford,Oklahoma,Big 12,Quarterback,0.6767337807606264,9.40268456375839,,0.4675324675324675,,,,,
188941,2010,135,0.0,0.0,0.0,0.0,0.0,0.0,0.0,0.0,0.0,0.0,6.0,2.0,149.0,7.0,0.0,135.0,0.0,0.0,0.0,0.0,0.0,0.0,0.0,0.0,0.0,0.0,52.0,0.0,346.0,0.0,0.0,0.0,0.0,0.0,0.0,0.0,0.0,0.0,0.0,28.0,,51.0,,,,3,Dominique Franks,Oklahoma,Big 12,Cornerback,,,,,19.285714285714285,6.653846153846154,,,24.833333333333332
188942,2010,21,0.0,0.0,0.0,0.0,0.0,0.0,0.0,0.0,0.0,0.0,0.0,0.0,0.0,0.0,0.0,0.0,0.0,0.0,0.0,0.0,0.0,0.0,0.0,0.0,0.0,0.0,0.0,0.0,0.0,0.0,0.0,0.0,0.0,111.0,26.0,1630.0,1.0,0.0,5.0,,,,,73.0,5.0,3,Jermaine Gresham,Oklahoma,Big 12,Tight End,,,14.684684684684685,5.0,,,,,
188946,2010,3,0.0,0.0,0.0,0.0,0.0,0.0,0.0,0.0,0.0,0.0,1.0,0.0,12.0,0.0,0.0,0.0,0.0,0.0,0.0,0.0,0.0,0.0,0.0,0.0,0.0,0.0,0.0,0.0,0.0,0.0,0.0,0.0,0.0,0.0,0.0,0.0,0.0,0.0,0.0,,,,,,,1,Gerald McCoy,Oklahoma,Big 12,Defensive Tackle,,,,,,,,,12.0
188949,2011,229,0.0,0.0,0.0,0.0,0.0,0.0,0.0,0.0,0.0,0.0,5.0,0.0,40.0,0.0,0.0,0.0,0.0,0.0,0.0,0.0,0.0,0.0,0.0,0.0,0.0,0.0,0.0,0.0,0.0,0.0,0.0,0.0,0.0,0.0,0.0,0.0,0.0,0.0,0.0,,,,,,,2,Jonathan Nelson,Oklahoma,Big 12,Cornerback,,,,,,,,,8.0
188961,2010,137,0.0,0.0,0.0,0.0,0.0,0.0,0.0,0.0,0.0,0.0,10.0,0.0,33.0,34.0,0.0,696.0,0.0,0.0,0.0,0.0,0.0,0.0,0.0,0.0,0.0,0.0,78.0,2.0,694.0,0.0,0.0,0.0,0.0,0.0,0.0,0.0,0.0,0.0,0.0,74.0,,67.0,,,,4,Perrish Cox,Oklahoma State,Big 12,Cornerback,,,,,20.470588235294116,8.897435897435898,,,3.3
189286,2011,166,0.0,0.0,0.0,0.0,0.0,0.0,0.0,0.0,0.0,0.0,5.0,3.0,176.0,0.0,0.0,0.0,0.0,0.0,0.0,0.0,0.0,0.0,0.0,0.0,0.0,0.0,0.0,0.0,0.0,0.0,0.0,0.0,0.0,0.0,0.0,0.0,0.0,0.0,0.0,,,,,,,3,Lawrence Wilson,UConn,Big East,Outside Linebacker,,,,,,,,,35.2
189308,2011,246,0.0,0.0,0.0,0.0,0.0,0.0,0.0,0.0,0.0,0.0,0.0,0.0,0.0,0.0,0.0,0.0,0.0,0.0,0.0,0.0,0.0,0.0,0.0,0.0,0.0,0.0,0.0,0.0,0.0,0.0,0.0,0.0,0.0,40.0,3.0,416.0,478.0,22.0,2660.0,,,,,47.0,82.0,4,Jay Finley,Baylor,Big 12,Running Back,,,10.4,5.564853556485356,,,,,
189361,2010,22,0.0,0.0,0.0,0.0,0.0,0.0,0.0,0.0,0.0,0.0,0.0,0.0,0.0,0.0,0.0,0.0,0.0,0.0,0.0,0.0,0.0,2.0,1.0,0.0,0.0,22.0,0.0,0.0,0.0,0.0,0.0,0.0,0.0,120.0,15.0,2339.0,4.0,0.0,32.0,,,,,88.0,15.0,3,Demaryius Thomas,Georgia Tech,ACC,Wide Receiver,0.5,11.0,19.491666666666667,8.0,,,,,
189386,2010,133,0.0,0.0,0.0,0.0,0.0,0.0,0.0,0.0,0.0,0.0,6.0,0.0,24.0,0.0,0.0,0.0,0.0,0.0,0.0,0.0,0.0,0.0,0.0,0.0,0.0,0.0,0.0,0.0,0.0,0.0,0.0,0.0,0.0,0.0,0.0,0.0,0.0,0.0,0.0,,,,,,,4,Kam Chancellor,Virginia Tech,ACC,Safety,,,,,,,,,4.0
189568,2011,67,0.0,0.0,0.0,0.0,0.0,0.0,0.0,0.0,0.0,0.0,4.0,1.0,83.0,0.0,0.0,0.0,0.0,0.0,0.0,0.0,0.0,0.0,0.0,0.0,0.0,0.0,0.0,0.0,0.0,0.0,0.0,0.0,0.0,0.0,0.0,0.0,0.0,0.0,0.0,,,,,,,1,Nate Irving,NC State,ACC,Inside Linebacker,,,,,,,,,20.75
189603,2011,220,0.0,0.0,0.0,0.0,0.0,0.0,0.0,0.0,0.0,0.0,0.0,0.0,0.0,5.0,0.0,44.0,0.0,0.0,0.0,0.0,0.0,0.0,0.0,0.0,0.0,0.0,0.0,0.0,0.0,0.0,0.0,0.0,0.0,26.0,4.0,221.0,40.0,3.0,155.0,16.0,,,,37.0,22.0,4,Shaun Chapas,Georgia,SEC,Fullback,,,8.5,3.875,8.8,,,,
189611,2010,163,0.0,0.0,0.0,0.0,0.0,0.0,0.0,0.0,0.0,0.0,11.0,0.0,174.0,0.0,0.0,0.0,0.0,0.0,0.0,0.0,0.0,0.0,0.0,0.0,0.0,0.0,2.0,0.0,38.0,0.0,0.0,0.0,0.0,0.0,0.0,0.0,0.0,0.0,0.0,,,32.0,,,,3,Reshad Jones,Georgia,SEC,Safety,,,,,,19.0,,,15.818181818181818
189767,2010,77,0.0,0.0,0.0,0.0,0.0,0.0,0.0,0.0,0.0,0.0,0.0,0.0,0.0,0.0,0.0,0.0,0.0,0.0,0.0,0.0,0.0,0.0,0.0,0.0,0.0,0.0,45.0,2.0,339.0,0.0,0.0,0.0,0.0,147.0,17.0,2114.0,7.0,0.0,64.0,,,66.0,,75.0,16.0,3,Damian Williams,USC,Pac-10,Wide Receiver,,,14.380952380952381,9.142857142857142,,7.533333333333333,,,
189938,2010,47,0.0,0.0,0.0,0.0,0.0,0.0,0.0,0.0,0.0,0.0,4.0,1.0,45.0,0.0,0.0,0.0,0.0,0.0,0.0,0.0,0.0,0.0,0.0,0.0,0.0,0.0,3.0,0.0,25.0,0.0,0.0,0.0,0.0,0.0,0.0,0.0,0.0,0.0,0.0,,,14.0,,,,4,Daryl Washington,TCU,Mountain West,Outside Linebacker,,,,,,8.333333333333334,,,11.25
189985,2011,104,0.0,0.0,0.0,0.0,0.0,0.0,0.0,0.0,0.0,0.0,0.0,0.0,0.0,0.0,0.0,0.0,0.0,0.0,0.0,0.0,0.0,0.0,0.0,0.0,0.0,0.0,0.0,0.0,0.0,0.0,0.0,0.0,0.0,85.0,8.0,956.0,0.0,0.0,0.0,,,,,40.0,,4,Luke Stocker,Tennessee,SEC,Tight End,,,11.24705882352941,,,,,,
190047,2010,81,0.0,0.0,0.0,0.0,0.0,0.0,0.0,0.0,0.0,0.0,0.0,0.0,0.0,0.0,0.0,0.0,0.0,0.0,0.0,0.0,0.0,0.0,0.0,0.0,0.0,0.0,0.0,0.0,0.0,0.0,0.0,0.0,0.0,14.0,2.0,174.0,4.0,0.0,7.0,,,,,37.0,4.0,2,Earl Mitchell,Arizona,Pac-10,Defensive Tackle,,,12.428571428571429,1.75,,,,,
190183,2011,119,0.0,0.0,0.0,0.0,0.0,0.0,0.0,0.0,0.0,0.0,0.0,0.0,0.0,0.0,0.0,0.0,0.0,0.0,0.0,0.0,0.0,0.0,0.0,0.0,0.0,0.0,0.0,0.0,0.0,0.0,0.0,0.0,0.0,28.0,1.0,208.0,646.0,24.0,3104.0,,,,,22.0,60.0,4,Delone Carter,Syracuse,Big East,Running Back,,,7.428571428571429,4.804953560371517,,,,,
190199,2010,101,0.0,0.0,0.0,0.0,0.0,0.0,0.0,0.0,0.0,0.0,0.0,0.0,0.0,0.0,0.0,0.0,0.0,0.0,0.0,0.0,0.0,0.0,0.0,0.0,0.0,0.0,0.0,0.0,0.0,0.0,0.0,0.0,0.0,133.0,20.0,2044.0,1.0,0.0,-7.0,,,,,66.0,0.0,3,Mike Williams,Syracuse,Big East,Wide Receiver,,,15.368421052631579,-7.0,,,,,
190539,2011,154,0.0,0.0,0.0,0.0,0.0,0.0,0.0,0.0,0.0,0.0,6.0,1.0,82.0,3.0,0.0,36.0,0.0,0.0,0.0,0.0,0.0,0.0,0.0,0.0,0.0,0.0,26.0,2.0,215.0,0.0,0.0,0.0,0.0,81.0,7.0,1340.0,3.0,0.0,-17.0,17.0,,59.0,,74.0,1.0,5,Richard Sherman,Stanford,Pac-10,Cornerback,,,16.54320987654321,-5.666666666666667,12.0,8.26923076923077,,,13.666666666666666
190613,2010,37,0.0,0.0,0.0,0.0,0.0,0.0,0.0,0.0,0.0,0.0,10.0,1.0,139.0,0.0,0.0,0.0,0.0,0.0,0.0,0.0,0.0,0.0,0.0,0.0,0.0,0.0,0.0,0.0,0.0,0.0,0.0,0.0,0.0,2.0,1.0,27.0,0.0,0.0,0.0,,,,,16.0,,3,Nate Allen,South Florida,Big East,Safety,,,13.5,,,,,,13.9
190636,2010,177,0.0,0.0,0.0,0.0,0.0,0.0,0.0,0.0,0.0,0.0,0.0,0.0,0.0,0.0,0.0,0.0,0.0,0.0,0.0,0.0,0.0,0.0,0.0,0.0,0.0,0.0,0.0,0.0,0.0,0.0,0.0,0.0,0.0,105.0,9.0,1648.0,5.0,0.0,24.0,,,,,85.0,15.0,3,Carlton Mitchell,South Florida,Big East,Wide Receiver,,,15.695238095238095,4.8,,,,,
190688,2010,124,0.0,0.0,0.0,0.0,0.0,0.0,0.0,0.0,0.0,0.0,2.0,1.0,36.0,0.0,0.0,0.0,0.0,0.0,0.0,0.0,0.0,0.0,0.0,0.0,0.0,0.0,1.0,0.0,16.0,0.0,0.0,0.0,0.0,0.0,0.0,0.0,0.0,0.0,0.0,,,16.0,,,,2,Eric Norwood,South Carolina,SEC,Outside Linebacker,,,,,,16.0,,,18.0
191010,2011,225,0.0,0.0,0.0,0.0,0.0,0.0,0.0,0.0,0.0,0.0,0.0,0.0,0.0,2.0,0.0,29.0,0.0,0.0,0.0,0.0,0.0,0.0,0.0,0.0,0.0,0.0,1.0,0.0,0.0,0.0,0.0,0.0,0.0,33.0,5.0,401.0,546.0,33.0,3036.0,16.0,,0.0,,50.0,82.0,4,Anthony Allen,Louisville,Big East,Running Back,,,12.151515151515152,5.56043956043956,14.5,0.0,,,
191023,2011,88,0.0,0.0,0.0,0.0,0.0,0.0,0.0,0.0,0.0,0.0,9.0,1.0,102.0,0.0,0.0,0.0,0.0,0.0,0.0,0.0,0.0,0.0,0.0,0.0,0.0,0.0,1.0,1.0,0.0,0.0,0.0,0.0,0.0,0.0,0.0,0.0,0.0,0.0,0.0,,,0.0,,,,4,Johnny Patrick,Louisville,Big East,Cornerback,,,,,,0.0,,,11.333333333333334
191077,2010,174,0.0,0.0,0.0,0.0,0.0,0.0,0.0,0.0,0.0,0.0,0.0,0.0,0.0,4.0,0.0,9.0,0.0,0.0,0.0,0.0,0.0,0.0,0.0,0.0,0.0,0.0,0.0,0.0,0.0,0.0,0.0,0.0,0.0,70.0,16.0,1144.0,7.0,1.0,15.0,4.0,,,,60.0,21.0,4,Dennis Morris,Louisiana Tech,Western Athletic,Tight End,,,16.34285714285714,2.142857142857143,2.25,,,,
191194,2011,224,0.0,0.0,0.0,0.0,0.0,0.0,0.0,0.0,0.0,0.0,1.0,1.0,31.0,0.0,0.0,0.0,0.0,0.0,0.0,0.0,0.0,0.0,0.0,0.0,0.0,0.0,0.0,0.0,0.0,0.0,0.0,0.0,0.0,0.0,0.0,0.0,0.0,0.0,0.0,,,,,,,1,Markus White,Florida State,ACC,Defensive End,,,,,,,,,31.0
191208,2010,175,0.0,0.0,0.0,0.0,0.0,0.0,0.0,0.0,0.0,0.0,1.0,0.0,22.0,0.0,0.0,0.0,0.0,0.0,0.0,0.0,0.0,0.0,0.0,0.0,0.0,0.0,0.0,0.0,0.0,0.0,0.0,0.0,0.0,3.0,3.0,42.0,0.0,0.0,0.0,,,,,23.0,,3,Greg Hardy,Ole Miss,SEC,Defensive End,,,14.0,,,,,,22.0
191214,2010,136,0.0,0.0,0.0,0.0,0.0,0.0,0.0,0.0,0.0,0.0,6.0,0.0,50.0,0.0,0.0,0.0,0.0,0.0,0.0,0.0,0.0,0.0,0.0,0.0,0.0,0.0,2.0,1.0,6.0,0.0,0.0,0.0,0.0,6.0,0.0,64.0,0.0,0.0,0.0,,,6.0,,33.0,,4,Kendrick Lewis,Ole Miss,SEC,Safety,,,10.666666666666666,,,3.0,,,8.333333333333334
191216,2010,36,0.0,0.0,0.0,0.0,0.0,0.0,0.0,0.0,0.0,0.0,0.0,0.0,0.0,0.0,0.0,0.0,0.0,0.0,0.0,0.0,0.0,6.0,1.0,2.0,1.0,27.0,11.0,0.0,57.0,0.0,0.0,0.0,0.0,130.0,7.0,1703.0,304.0,15.0,1955.0,,,19.0,,64.0,86.0,4,Dexter McCluster,Ole Miss,SEC,Running Back,0.16666666666666666,4.5,13.1,6.430921052631579,,5.181818181818182,,,
191442,2010,13,0.0,0.0,0.0,0.0,0.0,0.0,0.0,0.0,0.0,0.0,0.0,0.0,0.0,0.0,0.0,0.0,0.0,0.0,0.0,0.0,0.0,0.0,0.0,0.0,0.0,0.0,3.0,1.0,36.0,0.0,0.0,0.0,0.0,0.0,0.0,0.0,0.0,0.0,0.0,,,26.0,,,,1,Brandon Graham,Michigan,Big Ten,Outside Linebacker,,,,,,12.0,,,
191446,2011,61,0.0,0.0,0.0,0.0,0.0,0.0,0.0,0.0,0.0,0.0,4.0,0.0,24.0,0.0,0.0,0.0,0.0,0.0,0.0,0.0,0.0,0.0,0.0,0.0,0.0,0.0,0.0,0.0,0.0,0.0,0.0,0.0,0.0,0.0,0.0,0.0,0.0,0.0,0.0,,,,,,,2,Jonas Mouton,Michigan,Big Ten,Outside Linebacker,,,,,,,,,6.0
191481,2010,50,0.0,0.0,0.0,0.0,0.0,0.0,0.0,0.0,0.0,0.0,6.0,1.0,88.0,20.0,0.0,613.0,0.0,0.0,0.0,0.0,0.0,0.0,0.0,0.0,0.0,0.0,166.0,7.0,1752.0,0.0,0.0,0.0,0.0,0.0,0.0,0.0,0.0,0.0,0.0,62.0,,87.0,,,,4,Javier Arenas,Alabama,SEC,Cornerback,,,,,30.65,10.55421686746988,,,14.666666666666666
191489,2010,211,0.0,0.0,0.0,0.0,0.0,0.0,0.0,0.0,0.0,0.0,3.0,0.0,7.0,0.0,0.0,0.0,0.0,0.0,0.0,0.0,0.0,0.0,0.0,0.0,0.0,0.0,1.0,0.0,0.0,0.0,0.0,0.0,0.0,0.0,0.0,0.0,0.0,0.0,0.0,,,0.0,,,,2,Marquis Johnson,Alabama,SEC,Cornerback,,,,,,0.0,,,2.3333333333333335
191494,2011,208,0.0,0.0,0.0,0.0,0.0,0.0,0.0,0.0,0.0,0.0,0.0,0.0,0.0,0.0,0.0,0.0,0.0,0.0,0.0,0.0,0.0,658.0,436.0,10.0,39.0,5691.0,0.0,0.0,0.0,0.0,0.0,0.0,0.0,0.0,0.0,0.0,114.0,2.0,71.0,,,,,,17.0,4,Greg McElroy,Alabama,SEC,Quarterback,0.662613981762918,8.648936170212766,,0.6228070175438597,,,,,
191607,2010,19,0.0,0.0,0.0,0.0,0.0,0.0,0.0,0.0,0.0,0.0,4.0,2.0,106.0,0.0,0.0,0.0,0.0,0.0,0.0,0.0,0.0,0.0,0.0,0.0,0.0,0.0,1.0,0.0,9.0,0.0,0.0,0.0,0.0,0.0,0.0,0.0,0.0,0.0,0.0,,,9.0,,,,3,Sean Weatherspoon,Missouri,Big 12,Outside Linebacker,,,,,,9.0,,,26.5
192042,2010,141,0.0,0.0,0.0,0.0,0.0,0.0,0.0,0.0,0.0,0.0,6.0,0.0,27.0,0.0,0.0,0.0,0.0,0.0,0.0,0.0,0.0,0.0,0.0,0.0,0.0,0.0,0.0,0.0,0.0,0.0,0.0,0.0,0.0,0.0,0.0,0.0,0.0,0.0,0.0,,,,,,,3,Joshua Moore,Kansas State,Big 12,Cornerback,,,,,,,,,4.5
192135,2010,164,0.0,0.0,0.0,0.0,0.0,0.0,0.0,0.0,0.0,0.0,11.0,0.0,243.0,0.0,0.0,0.0,0.0,0.0,0.0,0.0,0.0,0.0,0.0,0.0,0.0,0.0,5.0,0.0,34.0,0.0,0.0,0.0,0.0,0.0,0.0,0.0,0.0,0.0,0.0,,,15.0,,,,4,Crezdon Butler,Clemson,ACC,Cornerback,,,,,,6.8,,,22.09090909090909
192151,2010,9,0.0,0.0,0.0,0.0,0.0,0.0,0.0,0.0,0.0,0.0,0.0,0.0,0.0,23.0,4.0,755.0,0.0,0.0,0.0,0.0,0.0,3.0,2.0,0.0,2.0,32.0,86.0,1.0,555.0,0.0,0.0,0.0,0.0,122.0,11.0,1416.0,594.0,30.0,3474.0,96.0,,77.0,,83.0,83.0,4,C.J. Spiller,Clemson,ACC,Running Back,0.6666666666666666,10.666666666666666,11.60655737704918,5.848484848484849,32.82608695652174,6.453488372093023,,,
192158,2011,173,0.0,0.0,0.0,0.0,0.0,0.0,0.0,0.0,0.0,0.0,4.0,0.0,4.0,0.0,0.0,0.0,0.0,0.0,0.0,0.0,0.0,0.0,0.0,0.0,0.0,0.0,0.0,0.0,0.0,0.0,0.0,0.0,0.0,0.0,0.0,0.0,0.0,0.0,0.0,,,,,,,2,Byron Maxwell,Clemson,ACC,Cornerback,,,,,,,,,1.0
192229,2011,120,0.0,0.0,0.0,0.0,0.0,0.0,0.0,0.0,0.0,0.0,0.0,0.0,0.0,0.0,0.0,0.0,76.0,68.0,397.0,194.0,193.0,0.0,0.0,0.0,0.0,0.0,0.0,0.0,0.0,0.0,147.0,0.0,6201.0,0.0,0.0,0.0,2.0,0.0,36.0,,57.0,,76.0,,27.0,4,Alex Henery,Nebraska,Big 12,Place Kicker,,,,18.0,,,42.183673469387756,0.8947368421052632,
192243,2010,74,0.0,0.0,0.0,0.0,0.0,0.0,0.0,0.0,0.0,0.0,1.0,0.0,7.0,0.0,0.0,0.0,0.0,0.0,0.0,0.0,0.0,0.0,0.0,0.0,0.0,0.0,0.0,0.0,0.0,0.0,0.0,0.0,0.0,0.0,0.0,0.0,0.0,0.0,0.0,,,,,,,1,D'Anthony Smith,Louisiana Tech,Western Athletic,Defensive Tackle,,,,,,,,,7.0
192272,2011,227,0.0,0.0,0.0,0.0,0.0,0.0,0.0,0.0,0.0,0.0,0.0,0.0,0.0,0.0,0.0,0.0,0.0,0.0,0.0,0.0,0.0,6.0,2.0,0.0,0.0,47.0,17.0,0.0,36.0,0.0,0.0,0.0,0.0,219.0,22.0,2588.0,2.0,1.0,4.0,,,13.0,,56.0,5.0,4,Scotty McKnight,Colorado,Big 12,Wide Receiver,0.3333333333333333,7.833333333333333,11.817351598173516,2.0,,2.1176470588235294,,,
192640,2011,159,0.0,0.0,0.0,0.0,0.0,0.0,0.0,0.0,0.0,0.0,0.0,0.0,0.0,4.0,0.0,31.0,0.0,0.0,0.0,0.0,0.0,0.0,0.0,0.0,0.0,0.0,0.0,0.0,0.0,0.0,0.0,0.0,0.0,75.0,3.0,791.0,1.0,0.0,0.0,12.0,,,,40.0,0.0,4,Lee Smith,Marshall,Conference USA,Tight End,,,10.546666666666667,0.0,7.75,,,,
192891,2010,249,0.0,0.0,0.0,0.0,0.0,0.0,0.0,0.0,0.0,0.0,10.0,2.0,152.0,2.0,0.0,24.0,0.0,0.0,0.0,0.0,0.0,0.0,0.0,0.0,0.0,0.0,31.0,1.0,274.0,0.0,0.0,0.0,0.0,0.0,0.0,0.0,0.0,0.0,0.0,14.0,,87.0,,,,4,Robert McClain,UConn,Big East,Cornerback,,,,,12.0,8.838709677419354,,,15.2
193394,2011,221,0.0,0.0,0.0,0.0,0.0,0.0,0.0,0.0,0.0,0.0,0.0,0.0,0.0,2.0,0.0,33.0,0.0,0.0,0.0,0.0,0.0,3.0,2.0,0.0,2.0,13.0,0.0,0.0,0.0,0.0,0.0,0.0,0.0,48.0,4.0,509.0,430.0,17.0,2401.0,25.0,,,,71.0,91.0,4,Da'Rel Scott,Maryland,ACC,Running Back,0.6666666666666666,4.333333333333333,10.604166666666666,5.583720930232558,16.5,,,,
194495,2010,237,0.0,0.0,0.0,0.0,0.0,0.0,0.0,0.0,0.0,0.0,2.0,1.0,57.0,0.0,0.0,0.0,0.0,0.0,0.0,0.0,0.0,0.0,0.0,0.0,0.0,0.0,0.0,0.0,0.0,0.0,0.0,0.0,0.0,0.0,0.0,0.0,0.0,0.0,0.0,,,,,,,2,Ryan D'Imperio,Rutgers,Big East,Inside Linebacker,,,,,,,,,28.5
2094390,2026,255,23.0,0.0,0.0,61.0,1.0,3.0,84.0,0.0,0.0,1.0,6.0,1.0,103.0,0.0,0.0,0.0,0.0,0.0,0.0,0.0,0.0,0.0,0.0,0.0,0.0,0.0,0.0,0.0,0.0,0.0,0.0,0.0,0.0,0.0,0.0,0.0,0.0,0.0,0.0,,,,,,,4,Michael Dansby,San José State,Mountain West,Cornerback,,,,,,,,,17.166666666666668
231813,2010,48,0.0,0.0,0.0,0.0,0.0,0.0,0.0,0.0,0.0,0.0,0.0,0.0,0.0,0.0,0.0,0.0,0.0,0.0,0.0,0.0,0.0,1110.0,695.0,27.0,60.0,8148.0,0.0,0.0,0.0,0.0,0.0,0.0,0.0,0.0,0.0,0.0,175.0,5.0,-355.0,,,,,,11.0,3,Jimmy Clausen,Notre Dame,FBS Independents,Quarterback,0.6261261261261262,7.34054054054054,,-2.0285714285714285,,,,,
231839,2012,101,0.0,0.0,0.0,0.0,0.0,0.0,0.0,0.0,0.0,0.0,7.0,2.0,114.0,13.0,2.0,444.0,0.0,0.0,0.0,0.0,0.0,0.0,0.0,0.0,0.0,0.0,1.0,0.0,0.0,0.0,0.0,0.0,0.0,0.0,0.0,0.0,0.0,0.0,0.0,97.0,,0.0,,,,4,Omar Bolden,Arizona State,Pac-10,Cornerback,,,,,34.15384615384615,0.0,,,16.285714285714285
231975,2011,171,0.0,0.0,0.0,0.0,0.0,0.0,0.0,0.0,0.0,0.0,4.0,1.0,90.0,0.0,0.0,0.0,0.0,0.0,0.0,0.0,0.0,0.0,0.0,0.0,0.0,0.0,1.0,0.0,15.0,0.0,0.0,0.0,0.0,0.0,0.0,0.0,0.0,0.0,0.0,,,15.0,,,,3,Quan Sturdivant,North Carolina,ACC,Inside Linebacker,,,,,,15.0,,,22.5
232007,2011,74,0.0,0.0,0.0,0.0,0.0,0.0,0.0,0.0,0.0,0.0,0.0,0.0,0.0,0.0,0.0,0.0,0.0,0.0,0.0,0.0,0.0,955.0,552.0,24.0,69.0,8385.0,0.0,0.0,0.0,0.0,1.0,0.0,43.0,0.0,0.0,0.0,135.0,7.0,-141.0,,,,43.0,,20.0,3,Ryan Mallett,Michigan,Big Ten,Quarterback,0.5780104712041885,8.780104712041885,,-1.0444444444444445,,,43.0,,
232012,2011,151,0.0,0.0,0.0,0.0,0.0,0.0,0.0,0.0,0.0,0.0,13.0,3.0,362.0,0.0,0.0,0.0,0.0,0.0,0.0,0.0,0.0,0.0,0.0,0.0,0.0,0.0,0.0,0.0,0.0,0.0,0.0,0.0,0.0,0.0,0.0,0.0,0.0,0.0,0.0,,,,,,,3,Ahmad Black,Florida,SEC,Safety,,,,,,,,,27.846153846153847
232013,2010,7,0.0,0.0,0.0,0.0,0.0,0.0,0.0,0.0,0.0,0.0,8.0,0.0,166.0,0.0,0.0,0.0,0.0,0.0,0.0,0.0,0.0,0.0,0.0,0.0,0.0,0.0,1.0,0.0,0.0,0.0,0.0,0.0,0.0,0.0,0.0,0.0,0.0,0.0,0.0,,,0.0,,,,3,Joe Haden,Florida,SEC,Cornerback,,,,,,0.0,,,20.75
232015,2010,113,0.0,0.0,0.0,0.0,0.0,0.0,0.0,0.0,0.0,0.0,0.0,0.0,0.0,0.0,0.0,0.0,0.0,0.0,0.0,0.0,0.0,0.0,0.0,0.0,0.0,0.0,0.0,0.0,0.0,0.0,0.0,0.0,0.0,111.0,12.0,1382.0,1.0,0.0,16.0,,,,,64.0,16.0,3,Aaron Hernandez,Florida,SEC,Tight End,,,12.45045045045045,16.0,,,,,
232059,2012,8,0.0,0.0,0.0,0.0,0.0,0.0,0.0,0.0,0.0,0.0,0.0,0.0,0.0,0.0,0.0,0.0,0.0,0.0,0.0,0.0,0.0,774.0,484.0,21.0,42.0,5450.0,0.0,0.0,0.0,0.0,3.0,0.0,75.0,112.0,10.0,1596.0,115.0,5.0,369.0,,,,33.0,58.0,65.0,4,Ryan Tannehill,Texas A&M,Big 12,Quarterback,0.6253229974160207,7.041343669250646,14.25,3.208695652173913,,,25.0,,
232115,2012,245,0.0,0.0,0.0,0.0,0.0,0.0,0.0,0.0,0.0,0.0,12.0,2.0,203.0,1.0,0.0,22.0,0.0,0.0,0.0,0.0,0.0,0.0,0.0,0.0,0.0,0.0,0.0,0.0,0.0,0.0,0.0,0.0,0.0,0.0,0.0,0.0,0.0,0.0,0.0,22.0,,,,,,4,Trevin Wade,Arizona,Pac-12,Cornerback,,,,,22.0,,,,16.916666666666668
232120,2010,42,0.0,0.0,0.0,0.0,0.0,0.0,0.0,0.0,0.0,0.0,0.0,0.0,0.0,0.0,0.0,0.0,0.0,0.0,0.0,0.0,0.0,0.0,0.0,0.0,0.0,0.0,0.0,0.0,0.0,0.0,0.0,0.0,0.0,75.0,16.0,1197.0,0.0,0.0,0.0,,,,,57.0,,2,Rob Gronkowski,Arizona,Pac-10,Tight End,,,15.96,,,,,,
232149,2010,191,0.0,0.0,0.0,0.0,0.0,0.0,0.0,0.0,0.0,0.0,0.0,0.0,0.0,19.0,1.0,432.0,0.0,0.0,0.0,0.0,0.0,0.0,0.0,0.0,0.0,0.0,3.0,0.0,0.0,0.0,0.0,0.0,0.0,217.0,31.0,3232.0,4.0,1.0,37.0,98.0,,0.0,,74.0,20.0,3,Dezmon Briscoe,Kansas,Big 12,Wide Receiver,,,14.894009216589861,9.25,22.736842105263158,0.0,,,
232169,2012,103,0.0,0.0,0.0,0.0,0.0,0.0,0.0,0.0,0.0,0.0,1.0,0.0,27.0,0.0,0.0,0.0,0.0,0.0,0.0,0.0,0.0,0.0,0.0,0.0,0.0,0.0,0.0,0.0,0.0,0.0,0.0,0.0,0.0,0.0,0.0,0.0,0.0,0.0,0.0,,,,,,,1,Frank Alexander,Oklahoma,Big 12,Defensive End,,,,,,,,,27.0
232171,2012,54,0.0,0.0,0.0,0.0,0.0,0.0,0.0,0.0,0.0,0.0,0.0,0.0,0.0,6.0,0.0,113.0,0.0,0.0,0.0,0.0,0.0,1.0,0.0,1.0,0.0,0.0,161.0,2.0,1194.0,0.0,0.0,0.0,0.0,349.0,45.0,4586.0,15.0,1.0,97.0,32.0,,87.0,,81.0,25.0,4,Ryan Broyles,Oklahoma,Big 12,Wide Receiver,0.0,0.0,13.140401146131806,6.466666666666667,18.833333333333332,7.416149068322981,,,
232175,2012,223,0.0,0.0,0.0,0.0,0.0,0.0,0.0,0.0,0.0,0.0,9.0,0.0,178.0,0.0,0.0,0.0,0.0,0.0,0.0,0.0,0.0,0.0,0.0,0.0,0.0,0.0,0.0,0.0,0.0,0.0,0.0,0.0,0.0,0.0,0.0,0.0,0.0,0.0,0.0,,,,,,,4,Travis Lewis,Oklahoma,Big 12,Outside Linebacker,,,,,,,,,19.77777777777778
232194,2011,95,0.0,0.0,0.0,0.0,0.0,0.0,0.0,0.0,0.0,0.0,2.0,1.0,151.0,0.0,0.0,0.0,0.0,0.0,0.0,0.0,0.0,0.0,0.0,0.0,0.0,0.0,19.0,0.0,199.0,0.0,0.0,0.0,0.0,0.0,0.0,0.0,0.0,0.0,0.0,,,40.0,,,,3,Curtis Brown,Texas,Big 12,Cornerback,,,,,,10.473684210526315,,,75.5
232215,2010,160,0.0,0.0,0.0,0.0,0.0,0.0,0.0,0.0,0.0,0.0,3.0,1.0,74.0,0.0,0.0,0.0,0.0,0.0,0.0,0.0,0.0,0.0,0.0,0.0,0.0,0.0,0.0,0.0,0.0,0.0,0.0,0.0,0.0,0.0,0.0,0.0,0.0,0.0,0.0,,,,,,,2,Larry Asante,Nebraska,Big 12,Safety,,,,,,,,,24.666666666666668
232238,2010,16,0.0,0.0,0.0,0.0,0.0,0.0,0.0,0.0,0.0,0.0,0.0,0.0,0.0,0.0,0.0,0.0,0.0,0.0,0.0,0.0,0.0,0.0,0.0,0.0,0.0,0.0,0.0,0.0,0.0,0.0,0.0,0.0,0.0,0.0,0.0,0.0,1.0,0.0,2.0,,,,,,2.0,1,Derrick Morgan,Georgia Tech,ACC,Defensive End,,,,2.0,,,,,
232318,2010,39,0.0,0.0,0.0,0.0,0.0,0.0,0.0,0.0,0.0,0.0,0.0,0.0,0.0,12.0,0.0,318.0,0.0,0.0,0.0,0.0,0.0,0.0,0.0,0.0,0.0,0.0,23.0,0.0,114.0,0.0,0.0,0.0,0.0,159.0,7.0,2221.0,62.0,3.0,282.0,40.0,,31.0,,58.0,23.0,3,Arrelious Benn,Illinois,Big Ten,Wide Receiver,,,13.968553459119496,4.548387096774194,26.5,4.956521739130435,,,
232355,2010,107,0.0,0.0,0.0,0.0,0.0,0.0,0.0,0.0,0.0,0.0,0.0,0.0,0.0,0.0,0.0,0.0,0.0,0.0,0.0,0.0,0.0,0.0,0.0,0.0,0.0,0.0,0.0,0.0,0.0,0.0,0.0,0.0,0.0,53.0,8.0,997.0,1.0,0.0,11.0,,,,,88.0,11.0,3,Marcus Easley,UConn,Big East,Wide Receiver,,,18.81132075471698,11.0,,,,,
232406,2011,132,0.0,0.0,0.0,0.0,0.0,0.0,0.0,0.0,0.0,0.0,0.0,0.0,0.0,7.0,0.0,156.0,0.0,0.0,0.0,0.0,0.0,0.0,0.0,0.0,0.0,0.0,5.0,0.0,31.0,0.0,0.0,0.0,0.0,209.0,22.0,2491.0,125.0,8.0,701.0,32.0,,17.0,,80.0,34.0,4,Kealoha Pilares,Hawai'i,Western Athletic,Wide Receiver,,,11.91866028708134,5.608,22.285714285714285,6.2,,,
232416,2010,76,0.0,0.0,0.0,0.0,0.0,0.0,0.0,0.0,0.0,0.0,5.0,0.0,81.0,2.0,0.0,22.0,0.0,0.0,0.0,0.0,0.0,0.0,0.0,0.0,0.0,0.0,56.0,1.0,336.0,0.0,0.0,0.0,0.0,1.0,0.0,21.0,0.0,0.0,0.0,17.0,,93.0,,21.0,,3,Chad Jones,LSU,SEC,Safety,,,21.0,,11.0,6.0,,,16.2
232419,2012,124,0.0,0.0,0.0,0.0,0.0,0.0,0.0,0.0,0.0,0.0,3.0,3.0,106.0,25.0,0.0,495.0,0.0,0.0,0.0,0.0,0.0,0.0,0.0,0.0,0.0,0.0,0.0,0.0,0.0,0.0,0.0,0.0,0.0,0.0,0.0,0.0,0.0,0.0,0.0,50.0,,,,,,3,Ron Brooks,LSU,SEC,Cornerback,,,,,19.8,,,,35.333333333333336
232428,2011,73,0.0,0.0,0.0,0.0,0.0,0.0,0.0,0.0,0.0,0.0,0.0,0.0,0.0,0.0,0.0,0.0,0.0,0.0,0.0,0.0,0.0,0.0,0.0,0.0,0.0,0.0,0.0,0.0,0.0,0.0,0.0,0.0,0.0,17.0,0.0,94.0,306.0,19.0,1419.0,,,,,18.0,65.0,3,Stevan Ridley,LSU,SEC,Running Back,,,5.529411764705882,4.637254901960785,,,,,
232443,2011,87,0.0,0.0,0.0,0.0,0.0,0.0,0.0,0.0,0.0,0.0,1.0,0.0,3.0,0.0,0.0,0.0,0.0,0.0,0.0,0.0,0.0,0.0,0.0,0.0,0.0,0.0,0.0,0.0,0.0,0.0,0.0,0.0,0.0,0.0,0.0,0.0,0.0,0.0,0.0,,,,,,,1,Drake Nevis,LSU,SEC,Defensive Tackle,,,,,,,,,3.0
232559,2011,213,0.0,0.0,0.0,0.0,0.0,0.0,0.0,0.0,0.0,0.0,12.0,1.0,128.0,0.0,0.0,0.0,0.0,0.0,0.0,0.0,0.0,0.0,0.0,0.0,0.0,0.0,0.0,0.0,0.0,0.0,0.0,0.0,0.0,0.0,0.0,0.0,0.0,0.0,0.0,,,,,,,3,Brandyn Thompson,Boise State,Western Athletic,Cornerback,,,,,,,,,10.666666666666666
232567,2012,31,0.0,0.0,0.0,0.0,0.0,0.0,0.0,0.0,0.0,0.0,0.0,0.0,0.0,16.0,1.0,516.0,0.0,0.0,0.0,0.0,0.0,0.0,0.0,0.0,0.0,0.0,0.0,0.0,0.0,0.0,0.0,0.0,0.0,67.0,4.0,715.0,617.0,43.0,3431.0,100.0,,,,79.0,84.0,4,Doug Martin,Boise State,Western Athletic,Running Back,,,10.671641791044776,5.560777957860616,32.25,,,,
232571,2011,78,0.0,0.0,0.0,0.0,0.0,0.0,0.0,0.0,0.0,0.0,0.0,0.0,0.0,0.0,0.0,0.0,0.0,0.0,0.0,0.0,0.0,6.0,5.0,0.0,2.0,93.0,2.0,0.0,6.0,0.0,0.0,0.0,0.0,229.0,39.0,2838.0,1.0,0.0,-11.0,,,4.0,,65.0,0.0,4,Austin Pettis,Boise State,Western Athletic,Wide Receiver,0.8333333333333334,15.5,12.393013100436681,-11.0,,3.0,,,
232580,2012,19,0.0,0.0,0.0,0.0,0.0,0.0,0.0,0.0,0.0,0.0,4.0,1.0,42.0,0.0,0.0,0.0,0.0,0.0,0.0,0.0,0.0,0.0,0.0,0.0,0.0,0.0,0.0,0.0,0.0,0.0,0.0,0.0,0.0,0.0,0.0,0.0,0.0,0.0,0.0,,,,,,,3,Shea McClellin,Boise State,Western Athletic,Outside Linebacker,,,,,,,,,10.5
232582,2011,44,0.0,0.0,0.0,0.0,0.0,0.0,0.0,0.0,0.0,0.0,0.0,0.0,0.0,55.0,2.0,1397.0,0.0,0.0,0.0,0.0,0.0,0.0,0.0,0.0,0.0,0.0,14.0,0.0,76.0,0.0,0.0,0.0,0.0,204.0,25.0,3063.0,47.0,8.0,350.0,100.0,,36.0,,83.0,38.0,4,Titus Young,Boise State,Western Athletic,Wide Receiver,,,15.014705882352942,7.446808510638298,25.4,5.428571428571429,,,
232694,2011,90,0.0,0.0,0.0,0.0,0.0,0.0,0.0,0.0,0.0,0.0,3.0,0.0,0.0,0.0,0.0,0.0,0.0,0.0,0.0,0.0,0.0,0.0,0.0,0.0,0.0,0.0,0.0,0.0,0.0,0.0,0.0,0.0,0.0,28.0,1.0,210.0,124.0,4.0,487.0,,,,,31.0,41.0,4,Curtis Marsh,Utah State,Western Athletic,Cornerback,,,7.5,3.9274193548387095,,,,,0.0
232822,2012,127,0.0,0.0,0.0,0.0,0.0,0.0,0.0,0.0,0.0,0.0,0.0,0.0,0.0,0.0,0.0,0.0,0.0,0.0,0.0,0.0,0.0,0.0,0.0,0.0,0.0,0.0,0.0,0.0,0.0,0.0,0.0,0.0,0.0,29.0,5.0,434.0,0.0,0.0,0.0,,,,,72.0,,4,Adrien Robinson,Cincinnati,Big East,Tight End,,,14.96551724137931,,,,,,
232857,2012,173,0.0,0.0,0.0,0.0,0.0,0.0,0.0,0.0,0.0,0.0,0.0,0.0,0.0,2.0,0.0,14.0,0.0,0.0,0.0,0.0,0.0,0.0,0.0,0.0,0.0,0.0,0.0,0.0,0.0,0.0,0.0,0.0,0.0,29.0,4.0,294.0,711.0,27.0,3457.0,9.0,,,,38.0,48.0,4,Alfred Morris,Florida Atlantic,Sun Belt,Running Back,,,10.137931034482758,4.862165963431786,7.0,,,,
233020,2011,139,0.0,0.0,0.0,0.0,0.0,0.0,0.0,0.0,0.0,0.0,3.0,0.0,69.0,0.0,0.0,0.0,0.0,0.0,0.0,0.0,0.0,0.0,0.0,0.0,0.0,0.0,2.0,0.0,7.0,0.0,0.0,0.0,0.0,0.0,0.0,0.0,0.0,0.0,0.0,,,7.0,,,,2,Brandon Burton,Utah,Mountain West,Cornerback,,,,,,3.5,,,23.0
233023,2010,148,0.0,0.0,0.0,0.0,0.0,0.0,0.0,0.0,0.0,0.0,13.0,1.0,173.0,0.0,0.0,0.0,0.0,0.0,0.0,0.0,0.0,0.0,0.0,0.0,0.0,0.0,0.0,0.0,0.0,0.0,0.0,0.0,0.0,0.0,0.0,0.0,0.0,0.0,0.0,,,,,,,3,Robert Johnson,Utah,Mountain West,Safety,,,,,,,,,13.307692307692308
235162,2010,54,0.0,0.0,0.0,0.0,0.0,0.0,0.0,0.0,0.0,0.0,0.0,0.0,0.0,0.0,0.0,0.0,0.0,0.0,0.0,0.0,0.0,0.0,0.0,0.0,0.0,0.0,1.0,0.0,12.0,0.0,0.0,0.0,0.0,0.0,0.0,0.0,0.0,0.0,0.0,,,12.0,,,,1,Carlos Dunlap,Florida,SEC,Defensive End,,,,,,12.0,,,
235221,2011,15,0.0,0.0,0.0,0.0,0.0,0.0,0.0,0.0,0.0,0.0,1.0,0.0,9.0,0.0,0.0,0.0,0.0,0.0,0.0,0.0,0.0,0.0,0.0,0.0,0.0,0.0,0.0,0.0,0.0,0.0,0.0,0.0,0.0,0.0,0.0,0.0,0.0,0.0,0.0,,,,,,,1,Mike Pouncey,Florida,SEC,Center,,,,,,,,,9.0
235222,2012,159,0.0,0.0,0.0,0.0,0.0,0.0,0.0,0.0,0.0,0.0,0.0,0.0,0.0,16.0,0.0,409.0,0.0,0.0,0.0,0.0,0.0,0.0,0.0,0.0,0.0,0.0,32.0,2.0,235.0,0.0,0.0,0.0,0.0,69.0,6.0,795.0,396.0,13.0,2464.0,51.0,,31.0,,83.0,76.0,5,Chris Rainey,Florida,SEC,Running Back,,,11.521739130434783,6.222222222222222,25.5625,7.34375,,,
235228,2010,75,0.0,0.0,0.0,0.0,0.0,0.0,0.0,0.0,0.0,0.0,8.0,1.0,69.0,0.0,0.0,0.0,0.0,0.0,0.0,0.0,0.0,0.0,0.0,0.0,0.0,0.0,0.0,0.0,0.0,0.0,0.0,0.0,0.0,0.0,0.0,0.0,0.0,0.0,0.0,,,,,,,3,Major Wright,Florida,SEC,Safety,,,,,,,,,8.625
235610,2012,187,0.0,0.0,0.0,0.0,0.0,0.0,0.0,0.0,0.0,0.0,7.0,0.0,176.0,1.0,0.0,7.0,0.0,0.0,0.0,0.0,0.0,0.0,0.0,0.0,0.0,0.0,0.0,0.0,0.0,0.0,0.0,0.0,0.0,1.0,0.0,1.0,0.0,0.0,0.0,7.0,,,,1.0,,2,Josh Bush,Wake Forest,ACC,Safety,,,1.0,,7.0,,,,25.142857142857142
235655,2010,24,0.0,0.0,0.0,0.0,0.0,0.0,0.0,0.0,0.0,0.0,0.0,0.0,0.0,2.0,0.0,43.0,0.0,0.0,0.0,0.0,0.0,0.0,0.0,0.0,0.0,0.0,25.0,3.0,431.0,0.0,0.0,0.0,0.0,142.0,29.0,2356.0,1.0,0.0,7.0,25.0,,82.0,,80.0,7.0,3,Dez Bryant,Oklahoma State,Big 12,Wide Receiver,,,16.591549295774648,7.0,21.5,17.24,,,
235661,2011,115,0.0,0.0,0.0,0.0,0.0,0.0,0.0,0.0,0.0,0.0,0.0,0.0,0.0,7.0,0.0,127.0,0.0,0.0,0.0,0.0,0.0,0.0,0.0,0.0,0.0,0.0,0.0,0.0,0.0,0.0,0.0,0.0,0.0,63.0,2.0,519.0,708.0,37.0,4181.0,23.0,,,,47.0,68.0,4,Kendall Hunter,Oklahoma State,Big 12,Running Back,,,8.238095238095237,5.905367231638418,18.142857142857142,,,,
235677,2012,22,0.0,0.0,0.0,0.0,0.0,0.0,0.0,0.0,0.0,0.0,0.0,0.0,0.0,0.0,0.0,0.0,0.0,0.0,0.0,0.0,0.0,1102.0,766.0,27.0,75.0,9260.0,0.0,0.0,0.0,0.0,0.0,0.0,0.0,0.0,0.0,0.0,39.0,1.0,-150.0,,,,,,19.0,4,Brandon Weeden,Oklahoma State,Big 12,Quarterback,0.6950998185117967,8.40290381125227,,-3.8461538461538463,,,,,
235682,2011,31,0.0,0.0,0.0,0.0,0.0,0.0,0.0,0.0,0.0,0.0,1.0,0.0,80.0,0.0,0.0,0.0,0.0,0.0,0.0,0.0,0.0,0.0,0.0,0.0,0.0,0.0,0.0,0.0,0.0,0.0,0.0,0.0,0.0,0.0,0.0,0.0,0.0,0.0,0.0,,,,,,,1,Cameron Heyward,Ohio State,Big Ten,Defensive End,,,,,,,,,80.0
235796,2011,158,0.0,0.0,0.0,0.0,0.0,0.0,0.0,0.0,0.0,0.0,3.0,1.0,71.0,0.0,0.0,0.0,0.0,0.0,0.0,0.0,0.0,0.0,0.0,0.0,0.0,0.0,1.0,0.0,0.0,0.0,0.0,0.0,0.0,0.0,0.0,0.0,0.0,0.0,0.0,,,0.0,,,,2,Jermale Hines,Ohio State,Big Ten,Safety,,,,,,0.0,,,23.666666666666668
235803,2011,193,0.0,0.0,0.0,0.0,0.0,0.0,0.0,0.0,0.0,0.0,4.0,1.0,76.0,0.0,0.0,0.0,0.0,0.0,0.0,0.0,0.0,0.0,0.0,0.0,0.0,0.0,0.0,0.0,0.0,0.0,0.0,0.0,0.0,0.0,0.0,0.0,0.0,0.0,0.0,,,,,,,3,Brian Rolle,Ohio State,Big Ten,Outside Linebacker,,,,,,,,,19.0
235902,2011,39,0.0,0.0,0.0,0.0,0.0,0.0,0.0,0.0,0.0,0.0,6.0,2.0,101.0,0.0,0.0,0.0,0.0,0.0,0.0,0.0,0.0,0.0,0.0,0.0,0.0,0.0,1.0,0.0,20.0,0.0,0.0,0.0,0.0,0.0,0.0,0.0,1.0,0.0,7.0,,,20.0,,,7.0,3,Akeem Ayers,UCLA,Pac-10,Outside Linebacker,,,,7.0,,20.0,,,16.833333333333332
235909,2010,35,0.0,0.0,0.0,0.0,0.0,0.0,0.0,0.0,0.0,0.0,1.0,0.0,1.0,0.0,0.0,0.0,0.0,0.0,0.0,0.0,0.0,0.0,0.0,0.0,0.0,0.0,0.0,0.0,0.0,0.0,0.0,0.0,0.0,0.0,0.0,0.0,0.0,0.0,0.0,,,,,,,1,Brian Price,UCLA,Pac-10,Defensive Tackle,,,,,,,,,1.0
235998,2010,5,0.0,0.0,0.0,0.0,0.0,0.0,0.0,0.0,0.0,0.0,14.0,3.0,494.0,4.0,0.0,100.0,0.0,0.0,0.0,0.0,0.0,2.0,1.0,1.0,0.0,9.0,0.0,0.0,0.0,0.0,0.0,0.0,0.0,1.0,0.0,3.0,7.0,0.0,37.0,31.0,,,,3.0,23.0,3,Eric Berry,Tennessee,SEC,Safety,0.5,4.5,3.0,5.285714285714286,25.0,,,,35.285714285714285
236013,2011,148,0.0,0.0,0.0,0.0,0.0,0.0,0.0,0.0,0.0,0.0,0.0,0.0,0.0,6.0,0.0,109.0,0.0,0.0,0.0,0.0,0.0,0.0,0.0,0.0,0.0,0.0,0.0,0.0,0.0,0.0,0.0,0.0,0.0,112.0,18.0,2004.0,10.0,1.0,105.0,25.0,,,,64.0,58.0,4,Denarius Moore,Tennessee,SEC,Wide Receiver,,,17.892857142857142,10.5,18.166666666666668,,,,
236056,2011,79,0.0,0.0,0.0,0.0,0.0,0.0,0.0,0.0,0.0,0.0,0.0,0.0,0.0,0.0,0.0,0.0,0.0,0.0,0.0,0.0,0.0,0.0,0.0,0.0,0.0,0.0,0.0,0.0,0.0,0.0,0.0,0.0,0.0,134.0,22.0,2160.0,0.0,0.0,0.0,,,,,79.0,,4,Leonard Hankerson,Miami,ACC,Wide Receiver,,,16.119402985074625,,,,,,
236244,2010,71,0.0,0.0,0.0,0.0,0.0,0.0,0.0,0.0,0.0,0.0,14.0,1.0,135.0,0.0,0.0,0.0,0.0,0.0,0.0,0.0,0.0,0.0,0.0,0.0,0.0,0.0,0.0,0.0,0.0,0.0,0.0,0.0,0.0,0.0,0.0,0.0,1.0,0.0,1.0,,,,,,1.0,3,Morgan Burnett,Georgia Tech,ACC,Safety,,,,1.0,,,,,9.642857142857142
236248,2010,188,0.0,0.0,0.0,0.0,0.0,0.0,0.0,0.0,0.0,0.0,0.0,0.0,0.0,0.0,0.0,0.0,0.0,0.0,0.0,0.0,0.0,0.0,0.0,0.0,0.0,0.0,0.0,0.0,0.0,0.0,0.0,0.0,0.0,15.0,1.0,263.0,517.0,35.0,3226.0,,,,,79.0,88.0,3,Jonathan Dwyer,Georgia Tech,ACC,Running Back,,,17.533333333333335,6.2398452611218564,,,,,
236498,2011,54,0.0,0.0,0.0,0.0,0.0,0.0,0.0,0.0,0.0,0.0,9.0,0.0,102.0,0.0,0.0,0.0,0.0,0.0,0.0,0.0,0.0,0.0,0.0,0.0,0.0,0.0,0.0,0.0,0.0,0.0,0.0,0.0,0.0,1.0,0.0,4.0,0.0,0.0,0.0,,,,,4.0,,4,Jaiquawn Jarrett,Temple,Mid-American,Safety,,,4.0,,,,,,11.333333333333334
236517,2012,217,0.0,0.0,0.0,0.0,0.0,0.0,0.0,0.0,0.0,0.0,1.0,0.0,9.0,30.0,0.0,713.0,0.0,0.0,0.0,0.0,0.0,0.0,0.0,0.0,0.0,0.0,0.0,0.0,0.0,0.0,0.0,0.0,0.0,0.0,0.0,0.0,0.0,0.0,0.0,62.0,,,,,,2,Jordan Bernstine,Iowa,Big Ten,Cornerback,,,,,23.766666666666666,,,,9.0
236531,2012,132,0.0,0.0,0.0,0.0,0.0,0.0,0.0,0.0,0.0,0.0,0.0,0.0,0.0,1.0,0.0,10.0,0.0,0.0,0.0,0.0,0.0,0.0,0.0,0.0,0.0,0.0,0.0,0.0,0.0,0.0,0.0,0.0,0.0,0.0,0.0,0.0,0.0,0.0,0.0,10.0,,,,,,1,Mike Daniels,Iowa,Big Ten,Defensive Tackle,,,,,10.0,,,,
236567,2011,102,0.0,0.0,0.0,0.0,0.0,0.0,0.0,0.0,0.0,0.0,0.0,0.0,0.0,0.0,0.0,0.0,0.0,0.0,0.0,0.0,0.0,0.0,0.0,0.0,0.0,0.0,0.0,0.0,0.0,0.0,0.0,0.0,0.0,16.0,1.0,126.0,1.0,0.0,6.0,,,,,22.0,6.0,1,Jordan Cameron,USC,Pac-10,Tight End,,,7.875,6.0,,,,,
236576,2012,128,0.0,0.0,0.0,0.0,0.0,0.0,0.0,0.0,0.0,0.0,0.0,0.0,0.0,0.0,0.0,0.0,0.0,0.0,0.0,0.0,0.0,0.0,0.0,0.0,0.0,0.0,0.0,0.0,0.0,0.0,0.0,0.0,0.0,53.0,6.0,471.0,1.0,0.0,-5.0,,,,,29.0,0.0,4,Rhett Ellison,USC,Pac-12,Fullback,,,8.88679245283019,-5.0,,,,,
236593,2011,182,0.0,0.0,0.0,0.0,0.0,0.0,0.0,0.0,0.0,0.0,0.0,0.0,0.0,17.0,0.0,351.0,0.0,0.0,0.0,0.0,0.0,1.0,0.0,0.0,0.0,0.0,31.0,1.0,312.0,0.0,0.0,0.0,0.0,138.0,20.0,1750.0,16.0,0.0,88.0,30.0,,89.0,,63.0,14.0,4,Ronald Johnson,USC,Pac-10,Wide Receiver,0.0,0.0,12.681159420289855,5.5,20.647058823529413,10.064516129032258,,,
236598,2010,112,0.0,0.0,0.0,0.0,0.0,0.0,0.0,0.0,0.0,0.0,0.0,0.0,0.0,2.0,0.0,50.0,0.0,0.0,0.0,0.0,0.0,0.0,0.0,0.0,0.0,0.0,38.0,0.0,254.0,0.0,0.0,0.0,0.0,66.0,2.0,542.0,347.0,13.0,2213.0,26.0,,45.0,,32.0,65.0,3,Joe McKnight,USC,Pac-10,Running Back,,,8.212121212121213,6.377521613832853,25.0,6.684210526315789,,,
236612,2011,242,0.0,0.0,0.0,0.0,0.0,0.0,0.0,0.0,0.0,0.0,2.0,2.0,136.0,0.0,0.0,0.0,0.0,0.0,0.0,0.0,0.0,0.0,0.0,0.0,0.0,0.0,0.0,0.0,0.0,0.0,0.0,0.0,0.0,0.0,0.0,0.0,0.0,0.0,0.0,,,,,,,2,Malcolm Smith,USC,Pac-10,Outside Linebacker,,,,,,,,,68.0
236639,2012,194,0.0,0.0,0.0,0.0,0.0,0.0,0.0,0.0,0.0,0.0,0.0,0.0,0.0,1.0,0.0,14.0,0.0,0.0,0.0,0.0,0.0,6.0,1.0,1.0,0.0,10.0,0.0,0.0,0.0,0.0,0.0,0.0,0.0,170.0,28.0,2861.0,8.0,0.0,63.0,14.0,,,,92.0,19.0,4,Marvin McNutt,Iowa,Big Ten,Wide Receiver,0.16666666666666666,1.6666666666666667,16.82941176470588,7.875,14.0,,,,
236653,2011,198,0.0,0.0,0.0,0.0,0.0,0.0,0.0,0.0,0.0,0.0,13.0,2.0,458.0,0.0,0.0,0.0,0.0,0.0,0.0,0.0,0.0,0.0,0.0,0.0,0.0,0.0,5.0,0.0,16.0,0.0,0.0,0.0,0.0,0.0,0.0,0.0,0.0,0.0,0.0,,,11.0,,,,3,Tyler Sash,Iowa,Big Ten,Safety,,,,,,3.2,,,35.23076923076923
236679,2012,79,0.0,0.0,0.0,0.0,0.0,0.0,0.0,0.0,0.0,0.0,1.0,0.0,0.0,0.0,0.0,0.0,0.0,0.0,0.0,0.0,0.0,0.0,0.0,0.0,0.0,0.0,0.0,0.0,0.0,0.0,0.0,0.0,0.0,0.0,0.0,0.0,0.0,0.0,0.0,,,,,,,1,Brandon Hardin,Oregon State,Pac-10,Safety,,,,,,,,,0.0
236687,2012,122,0.0,0.0,0.0,0.0,0.0,0.0,0.0,0.0,0.0,0.0,0.0,0.0,0.0,1.0,0.0,0.0,0.0,0.0,0.0,0.0,0.0,0.0,0.0,0.0,0.0,0.0,0.0,0.0,0.0,0.0,0.0,0.0,0.0,171.0,18.0,2447.0,6.0,0.0,34.0,0.0,,,,59.0,12.0,4,Nick Toon,Wisconsin,Big Ten,Wide Receiver,,,14.309941520467836,5.666666666666667,0.0,,,,
236775,2012,119,0.0,0.0,0.0,0.0,0.0,0.0,0.0,0.0,0.0,0.0,2.0,0.0,0.0,0.0,0.0,0.0,0.0,0.0,0.0,0.0,0.0,0.0,0.0,0.0,0.0,0.0,0.0,0.0,0.0,0.0,0.0,0.0,0.0,0.0,0.0,0.0,0.0,0.0,0.0,,,,,,,1,Keenan Robinson,Texas,Big 12,Outside Linebacker,,,,,,,,,0.0
236787,2010,14,0.0,0.0,0.0,0.0,0.0,0.0,0.0,0.0,0.0,0.0,10.0,2.0,149.0,0.0,0.0,0.0,0.0,0.0,0.0,0.0,0.0,0.0,0.0,0.0,0.0,0.0,8.0,0.0,58.0,0.0,0.0,0.0,0.0,0.0,0.0,0.0,0.0,0.0,0.0,,,50.0,,,,2,Earl Thomas,Texas,Big 12,Safety,,,,,,7.25,,,14.9
236807,2011,58,0.0,0.0,0.0,0.0,0.0,0.0,0.0,0.0,0.0,0.0,0.0,0.0,0.0,82.0,2.0,1894.0,0.0,0.0,0.0,0.0,0.0,0.0,0.0,0.0,0.0,0.0,1.0,0.0,0.0,0.0,0.0,0.0,0.0,152.0,19.0,2215.0,21.0,1.0,66.0,85.0,,0.0,,80.0,14.0,3,Torrey Smith,Maryland,ACC,Wide Receiver,,,14.572368421052632,3.142857142857143,23.097560975609756,0.0,,,
236822,2012,152,0.0,0.0,0.0,0.0,0.0,0.0,0.0,0.0,0.0,0.0,0.0,0.0,0.0,0.0,0.0,0.0,0.0,0.0,0.0,0.0,0.0,0.0,0.0,0.0,0.0,0.0,21.0,0.0,74.0,0.0,13.0,0.0,565.0,165.0,8.0,2658.0,13.0,0.0,45.0,,,19.0,61.0,81.0,26.0,4,Danny Coale,Virginia Tech,ACC,Wide Receiver,,,16.10909090909091,3.4615384615384617,,3.5238095238095237,43.46153846153846,,
236838,2011,180,0.0,0.0,0.0,0.0,0.0,0.0,0.0,0.0,0.0,0.0,0.0,0.0,0.0,0.0,0.0,0.0,0.0,0.0,0.0,0.0,0.0,865.0,495.0,20.0,44.0,7017.0,0.0,0.0,0.0,0.0,0.0,0.0,0.0,0.0,0.0,0.0,501.0,23.0,2187.0,,,,,,73.0,4,Tyrod Taylor,Virginia Tech,ACC,Quarterback,0.5722543352601156,8.1121387283237,,4.365269461077844,,,,,
236965,2012,34,0.0,0.0,0.0,0.0,0.0,0.0,0.0,0.0,0.0,0.0,0.0,0.0,0.0,2.0,0.0,5.0,0.0,0.0,0.0,0.0,0.0,0.0,0.0,0.0,0.0,0.0,0.0,0.0,0.0,0.0,0.0,0.0,0.0,96.0,18.0,1543.0,0.0,0.0,0.0,4.0,,,,62.0,,4,Coby Fleener,Stanford,Pac-12,Tight End,,,16.072916666666668,,2.5,,,,
236991,2012,233,0.0,0.0,0.0,0.0,0.0,0.0,0.0,0.0,0.0,0.0,0.0,0.0,0.0,0.0,0.0,0.0,0.0,0.0,0.0,0.0,0.0,0.0,0.0,0.0,0.0,0.0,0.0,0.0,0.0,0.0,0.0,0.0,0.0,143.0,14.0,1567.0,0.0,0.0,0.0,,,,,69.0,,4,Drake Dunsmore,Northwestern,Big Ten,Fullback,,,10.958041958041958,,,,,,
237019,2011,84,0.0,0.0,0.0,0.0,0.0,0.0,0.0,0.0,0.0,0.0,4.0,1.0,109.0,0.0,0.0,0.0,0.0,0.0,0.0,0.0,0.0,0.0,0.0,0.0,0.0,0.0,0.0,0.0,0.0,0.0,0.0,0.0,0.0,0.0,0.0,0.0,0.0,0.0,0.0,,,,,,,2,Mason Foster,Washington,Pac-10,Inside Linebacker,,,,,,,,,27.25
237023,2011,222,0.0,0.0,0.0,0.0,0.0,0.0,0.0,0.0,0.0,0.0,11.0,3.0,263.0,0.0,0.0,0.0,0.0,0.0,0.0,0.0,0.0,0.0,0.0,0.0,0.0,0.0,6.0,0.0,7.0,0.0,0.0,0.0,0.0,0.0,0.0,0.0,0.0,0.0,0.0,,,5.0,,,,4,Anthony Gaitor,Florida International,Sun Belt,Cornerback,,,,,,1.1666666666666667,,,23.90909090909091
237135,2011,59,0.0,0.0,0.0,0.0,0.0,0.0,0.0,0.0,0.0,0.0,0.0,0.0,0.0,11.0,0.0,222.0,0.0,0.0,0.0,0.0,0.0,0.0,0.0,0.0,0.0,0.0,0.0,0.0,0.0,0.0,0.0,0.0,0.0,86.0,6.0,969.0,166.0,6.0,805.0,33.0,,,,62.0,50.0,3,Greg Little,North Carolina,ACC,Wide Receiver,,,11.267441860465116,4.849397590361446,20.181818181818183,,,,
237141,2011,100,0.0,0.0,0.0,0.0,0.0,0.0,0.0,0.0,0.0,0.0,5.0,1.0,53.0,19.0,0.0,461.0,0.0,0.0,0.0,0.0,0.0,0.0,0.0,0.0,0.0,0.0,53.0,1.0,463.0,0.0,0.0,0.0,0.0,0.0,0.0,0.0,0.0,0.0,0.0,45.0,,77.0,,,,3,Da'Norris Searcy,North Carolina,ACC,Safety,,,,,24.263157894736842,8.735849056603774,,,10.6
237161,2011,124,0.0,0.0,0.0,0.0,0.0,0.0,0.0,0.0,0.0,0.0,2.0,1.0,39.0,0.0,0.0,0.0,0.0,0.0,0.0,0.0,0.0,0.0,0.0,0.0,0.0,0.0,0.0,0.0,0.0,0.0,0.0,0.0,0.0,25.0,1.0,258.0,36.0,9.0,67.0,,,,,34.0,6.0,4,Owen Marecic,Stanford,Pac-10,Fullback,,,10.32,1.8611111111111112,,,,,19.5
237193,2011,167,0.0,0.0,0.0,0.0,0.0,0.0,0.0,0.0,0.0,0.0,0.0,0.0,0.0,0.0,0.0,0.0,0.0,0.0,0.0,0.0,0.0,0.0,0.0,0.0,0.0,0.0,0.0,0.0,0.0,0.0,0.0,0.0,0.0,140.0,7.0,1884.0,0.0,0.0,0.0,,,,,46.0,,4,Ryan Whalen,Stanford,Pac-10,Wide Receiver,,,13.457142857142857,,,,,,
237207,2010,20,0.0,0.0,0.0,0.0,0.0,0.0,0.0,0.0,0.0,0.0,5.0,0.0,164.0,0.0,0.0,0.0,0.0,0.0,0.0,0.0,0.0,0.0,0.0,0.0,0.0,0.0,2.0,0.0,8.0,0.0,0.0,0.0,0.0,0.0,0.0,0.0,0.0,0.0,0.0,,,8.0,,,,3,Kareem Jackson,Alabama,SEC,Cornerback,,,,,,4.0,,,32.8
237212,2010,8,0.0,0.0,0.0,0.0,0.0,0.0,0.0,0.0,0.0,0.0,5.0,0.0,73.0,0.0,0.0,0.0,0.0,0.0,0.0,0.0,0.0,0.0,0.0,0.0,0.0,0.0,0.0,0.0,0.0,0.0,0.0,0.0,0.0,0.0,0.0,0.0,0.0,0.0,0.0,,,,,,,3,Rolando McClain,Alabama,SEC,Inside Linebacker,,,,,,,,,14.6
237224,2012,147,0.0,0.0,0.0,0.0,0.0,0.0,0.0,0.0,0.0,0.0,4.0,3.0,110.0,0.0,0.0,0.0,0.0,0.0,0.0,0.0,0.0,0.0,0.0,0.0,0.0,0.0,0.0,0.0,0.0,0.0,0.0,0.0,0.0,0.0,0.0,0.0,0.0,0.0,0.0,,,,,,,3,Tank Carder,TCU,Mountain West,Outside Linebacker,,,,,,,,,27.5
237263,2011,83,0.0,0.0,0.0,0.0,0.0,0.0,0.0,0.0,0.0,0.0,0.0,0.0,0.0,64.0,1.0,1527.0,0.0,0.0,0.0,0.0,0.0,10.0,7.0,0.0,2.0,43.0,45.0,1.0,372.0,0.0,0.0,0.0,0.0,262.0,18.0,3128.0,132.0,5.0,892.0,100.0,,75.0,,86.0,55.0,4,Jerrel Jernigan,Troy,Sun Belt,Wide Receiver,0.7,4.3,11.938931297709924,6.757575757575758,23.859375,8.266666666666667,,,
237318,2011,72,0.0,0.0,0.0,0.0,0.0,0.0,0.0,0.0,0.0,0.0,1.0,0.0,1.0,0.0,0.0,0.0,0.0,0.0,0.0,0.0,0.0,0.0,0.0,0.0,0.0,0.0,1.0,0.0,6.0,0.0,0.0,0.0,0.0,0.0,0.0,0.0,0.0,0.0,0.0,,,6.0,,,,1,Martez Wilson,Illinois,Big Ten,Outside Linebacker,,,,,,6.0,,,1.0
237333,2011,16,0.0,0.0,0.0,0.0,0.0,0.0,0.0,0.0,0.0,0.0,1.0,0.0,8.0,0.0,0.0,0.0,0.0,0.0,0.0,0.0,0.0,0.0,0.0,0.0,0.0,0.0,0.0,0.0,0.0,0.0,0.0,0.0,0.0,0.0,0.0,0.0,0.0,0.0,0.0,,,,,,,1,Ryan Kerrigan,Purdue,Big Ten,Defensive End,,,,,,,,,8.0
237345,2011,153,0.0,0.0,0.0,0.0,0.0,0.0,0.0,0.0,0.0,0.0,0.0,0.0,0.0,38.0,0.0,1006.0,0.0,0.0,0.0,0.0,0.0,7.0,5.0,1.0,1.0,135.0,160.0,2.0,1299.0,0.0,0.0,0.0,0.0,120.0,12.0,1299.0,63.0,8.0,306.0,83.0,,71.0,,50.0,24.0,4,Jeremy Kerley,TCU,Mountain West,Wide Receiver,0.7142857142857143,19.285714285714285,10.825,4.857142857142857,26.473684210526315,8.11875,,,
237346,2012,220,0.0,0.0,0.0,0.0,0.0,0.0,0.0,0.0,0.0,0.0,7.0,0.0,46.0,47.0,3.0,1505.0,0.0,0.0,0.0,0.0,0.0,0.0,0.0,0.0,0.0,0.0,0.0,0.0,0.0,0.0,0.0,0.0,0.0,0.0,0.0,0.0,0.0,0.0,0.0,99.0,,,,,,4,Greg McCoy,TCU,Mountain West,Cornerback,,,,,32.02127659574468,,,,6.571428571428571
237382,2012,206,0.0,0.0,0.0,0.0,0.0,0.0,0.0,0.0,0.0,0.0,0.0,0.0,0.0,2.0,0.0,40.0,0.0,0.0,0.0,0.0,0.0,3.0,2.0,0.0,1.0,54.0,82.0,4.0,667.0,0.0,0.0,0.0,0.0,187.0,18.0,2515.0,31.0,1.0,239.0,26.0,,91.0,,78.0,67.0,5,LaVon Brazill,Ohio,Mid-American,Wide Receiver,0.6666666666666666,18.0,13.449197860962567,7.709677419354839,20.0,8.134146341463415,,,
237421,2010,60,0.0,0.0,0.0,0.0,0.0,0.0,0.0,0.0,0.0,0.0,0.0,0.0,0.0,3.0,0.0,62.0,0.0,0.0,0.0,0.0,0.0,0.0,0.0,0.0,0.0,0.0,56.0,1.0,287.0,0.0,0.0,0.0,0.0,157.0,26.0,2707.0,31.0,3.0,227.0,24.0,,87.0,,78.0,33.0,3,Golden Tate,Notre Dame,FBS Independents,Wide Receiver,,,17.24203821656051,7.32258064516129,20.666666666666668,5.125,,,
237445,2011,174,0.0,0.0,0.0,0.0,0.0,0.0,0.0,0.0,0.0,0.0,0.0,0.0,0.0,0.0,0.0,0.0,0.0,0.0,0.0,0.0,0.0,0.0,0.0,0.0,0.0,0.0,0.0,0.0,0.0,0.0,0.0,0.0,0.0,189.0,28.0,2544.0,179.0,10.0,911.0,,,,,73.0,45.0,4,Charles Clay,Tulsa,Conference USA,Fullback,,,13.46031746031746,5.089385474860335,,,,,
237619,2011,237,0.0,0.0,0.0,0.0,0.0,0.0,0.0,0.0,0.0,0.0,1.0,0.0,2.0,0.0,0.0,0.0,0.0,0.0,0.0,0.0,0.0,0.0,0.0,0.0,0.0,0.0,0.0,0.0,0.0,0.0,0.0,0.0,0.0,0.0,0.0,0.0,0.0,0.0,0.0,,,,,,,1,Greg Lloyd,UConn,Big East,Inside Linebacker,,,,,,,,,2.0
237674,2012,253,0.0,0.0,0.0,0.0,0.0,0.0,0.0,0.0,0.0,0.0,0.0,0.0,0.0,0.0,0.0,0.0,0.0,0.0,0.0,0.0,0.0,1091.0,678.0,26.0,67.0,8846.0,0.0,0.0,0.0,0.0,0.0,0.0,0.0,0.0,0.0,0.0,521.0,23.0,2835.0,,,,,,69.0,4,Chandler Harnish,Northern Illinois,Mid-American,Quarterback,0.6214482126489459,8.108157653528872,,5.4414587332053745,,,,,
237718,2012,49,0.0,0.0,0.0,0.0,0.0,0.0,0.0,0.0,0.0,0.0,2.0,0.0,81.0,0.0,0.0,0.0,0.0,0.0,0.0,0.0,0.0,0.0,0.0,0.0,0.0,0.0,0.0,0.0,0.0,0.0,0.0,0.0,0.0,0.0,0.0,0.0,0.0,0.0,0.0,,,,,,,1,Kendall Reyes,UConn,Big East,Defensive Tackle,,,,,,,,,40.5
237733,2011,136,0.0,0.0,0.0,0.0,0.0,0.0,0.0,0.0,0.0,0.0,0.0,0.0,0.0,4.0,0.0,54.0,0.0,0.0,0.0,0.0,0.0,0.0,0.0,0.0,0.0,0.0,0.0,0.0,0.0,0.0,0.0,0.0,0.0,48.0,1.0,477.0,17.0,0.0,61.0,26.0,,,,41.0,16.0,4,Anthony Sherman,UConn,Big East,Fullback,,,9.9375,3.588235294117647,13.5,,,,
237801,2012,77,0.0,0.0,0.0,0.0,0.0,0.0,0.0,0.0,0.0,0.0,4.0,1.0,112.0,0.0,0.0,0.0,0.0,0.0,0.0,0.0,0.0,0.0,0.0,0.0,0.0,0.0,0.0,0.0,0.0,0.0,0.0,0.0,0.0,2.0,0.0,16.0,0.0,0.0,0.0,,,,,9.0,,3,Demario Davis,Arkansas State,Sun Belt,Outside Linebacker,,,8.0,,,,,,28.0
238029,2012,80,0.0,0.0,0.0,0.0,0.0,0.0,0.0,0.0,0.0,0.0,7.0,1.0,82.0,0.0,0.0,0.0,0.0,0.0,0.0,0.0,0.0,0.0,0.0,0.0,0.0,0.0,0.0,0.0,0.0,0.0,0.0,0.0,0.0,0.0,0.0,0.0,0.0,0.0,0.0,,,,,,,2,Jamell Fleming,Oklahoma,Big 12,Cornerback,,,,,,,,,11.714285714285714
238071,2012,210,0.0,0.0,0.0,0.0,0.0,0.0,0.0,0.0,0.0,0.0,1.0,0.0,0.0,0.0,0.0,0.0,0.0,0.0,0.0,0.0,0.0,0.0,0.0,0.0,0.0,0.0,0.0,0.0,0.0,0.0,0.0,0.0,0.0,0.0,0.0,0.0,0.0,0.0,0.0,,,,,,,1,Audie Cole,NC State,ACC,Inside Linebacker,,,,,,,,,0.0
238093,2012,75,0.0,0.0,0.0,0.0,0.0,0.0,0.0,0.0,0.0,0.0,0.0,0.0,0.0,0.0,0.0,0.0,0.0,0.0,0.0,0.0,0.0,1489.0,907.0,30.0,109.0,11720.0,0.0,0.0,0.0,0.0,0.0,0.0,0.0,4.0,1.0,60.0,441.0,23.0,1421.0,,,,,32.0,46.0,4,Russell Wilson,Wisconsin,Big Ten,Quarterback,0.6091336467427804,7.8710543989254536,15.0,3.2222222222222223,,,,,
238159,2011,178,0.0,0.0,0.0,0.0,0.0,0.0,0.0,0.0,0.0,0.0,0.0,0.0,0.0,2.0,0.0,30.0,0.0,0.0,0.0,0.0,0.0,0.0,0.0,0.0,0.0,0.0,0.0,0.0,0.0,0.0,0.0,0.0,0.0,181.0,30.0,3314.0,0.0,0.0,0.0,18.0,,,,96.0,,4,Aldrick Robinson,SMU,Conference USA,Wide Receiver,,,18.30939226519337,,15.0,,,,
238184,2010,30,0.0,0.0,0.0,0.0,0.0,0.0,0.0,0.0,0.0,0.0,0.0,0.0,0.0,1.0,0.0,18.0,0.0,0.0,0.0,0.0,0.0,0.0,0.0,0.0,0.0,0.0,0.0,0.0,0.0,0.0,0.0,0.0,0.0,62.0,6.0,533.0,364.0,29.0,2668.0,18.0,,,,51.0,93.0,3,Jahvid Best,California,Pac-10,Running Back,,,8.596774193548388,7.329670329670329,18.0,,,,
238190,2012,216,0.0,0.0,0.0,0.0,0.0,0.0,0.0,0.0,0.0,0.0,2.0,0.0,29.0,0.0,0.0,0.0,0.0,0.0,0.0,0.0,0.0,0.0,0.0,0.0,0.0,0.0,0.0,0.0,0.0,0.0,0.0,0.0,0.0,0.0,0.0,0.0,0.0,0.0,0.0,,,,,,,1,D.J. Campbell,California,Pac-12,Safety,,,,,,,,,14.5
238199,2012,70,0.0,0.0,0.0,0.0,0.0,0.0,0.0,0.0,0.0,0.0,0.0,0.0,0.0,0.0,0.0,0.0,0.0,0.0,0.0,0.0,0.0,0.0,0.0,0.0,0.0,0.0,0.0,0.0,0.0,0.0,253.0,0.0,11067.0,0.0,0.0,0.0,1.0,0.0,5.0,,,,76.0,,5.0,4,Bryan Anger,California,Pac-12,Punter,,,,5.0,,,43.74308300395257,,
238201,2011,56,0.0,0.0,0.0,0.0,0.0,0.0,0.0,0.0,0.0,0.0,0.0,0.0,0.0,24.0,0.0,551.0,0.0,0.0,0.0,0.0,0.0,3.0,0.0,0.0,0.0,0.0,3.0,0.0,10.0,0.0,0.0,0.0,0.0,74.0,6.0,674.0,556.0,29.0,2834.0,44.0,,7.0,,59.0,81.0,3,Shane Vereen,California,Pac-10,Running Back,0.0,0.0,9.108108108108109,5.097122302158273,22.958333333333332,3.3333333333333335,,,
238203,2011,50,0.0,0.0,0.0,0.0,0.0,0.0,0.0,0.0,0.0,0.0,1.0,0.0,0.0,28.0,0.0,639.0,0.0,0.0,0.0,0.0,0.0,0.0,0.0,0.0,0.0,0.0,38.0,0.0,261.0,0.0,0.0,0.0,0.0,0.0,0.0,0.0,0.0,0.0,0.0,76.0,,37.0,,,,4,Marcus Gilchrist,Clemson,ACC,Cornerback,,,,,22.821428571428573,6.868421052631579,,,0.0
238205,2012,115,0.0,0.0,0.0,0.0,0.0,0.0,0.0,0.0,0.0,0.0,4.0,0.0,11.0,0.0,0.0,0.0,0.0,0.0,0.0,0.0,0.0,0.0,0.0,0.0,0.0,0.0,0.0,0.0,0.0,0.0,0.0,0.0,0.0,0.0,0.0,0.0,0.0,0.0,0.0,,,,,,,4,Coty Sensabaugh,Clemson,ACC,Cornerback,,,,,,,,,2.75
238235,2011,24,0.0,0.0,0.0,0.0,0.0,0.0,0.0,0.0,0.0,0.0,1.0,0.0,3.0,0.0,0.0,0.0,0.0,0.0,0.0,0.0,0.0,0.0,0.0,0.0,0.0,0.0,0.0,0.0,0.0,0.0,0.0,0.0,0.0,0.0,0.0,0.0,0.0,0.0,0.0,,,,,,,1,Cameron Jordan,California,Pac-10,Defensive End,,,,,,,,,3.0
238239,2012,185,0.0,0.0,0.0,0.0,0.0,0.0,0.0,0.0,0.0,0.0,0.0,0.0,0.0,0.0,0.0,0.0,0.0,0.0,0.0,0.0,0.0,1732.0,961.0,47.0,90.0,12690.0,0.0,0.0,0.0,0.0,0.0,0.0,0.0,0.0,0.0,0.0,90.0,2.0,-275.0,,,,,,15.0,4,Ryan Lindley,San Diego State,Mountain West,Quarterback,0.5548498845265589,7.326789838337183,,-3.0555555555555554,,,,,
238288,2011,244,0.0,0.0,0.0,0.0,0.0,0.0,0.0,0.0,0.0,0.0,0.0,0.0,0.0,0.0,0.0,0.0,0.0,0.0,0.0,0.0,0.0,0.0,0.0,0.0,0.0,0.0,0.0,0.0,0.0,0.0,0.0,0.0,0.0,1.0,0.0,-3.0,0.0,0.0,0.0,,,,,-3.0,,1,Lee Ziemba,Auburn,SEC,Offensive Tackle,,,-3.0,,,,,,
238332,2011,82,0.0,0.0,0.0,0.0,0.0,0.0,0.0,0.0,0.0,0.0,0.0,0.0,0.0,10.0,0.0,192.0,0.0,0.0,0.0,0.0,0.0,0.0,0.0,0.0,0.0,0.0,4.0,0.0,74.0,0.0,0.0,0.0,0.0,209.0,23.0,3110.0,7.0,0.0,34.0,28.0,,33.0,,90.0,25.0,4,Vincent Brown,San Diego State,Mountain West,Wide Receiver,,,14.880382775119617,4.857142857142857,19.2,18.5,,,
238347,2011,55,0.0,0.0,0.0,0.0,0.0,0.0,0.0,0.0,0.0,0.0,0.0,0.0,0.0,0.0,0.0,0.0,0.0,0.0,0.0,0.0,0.0,0.0,0.0,0.0,0.0,0.0,0.0,0.0,0.0,0.0,0.0,0.0,0.0,0.0,0.0,0.0,0.0,0.0,9.0,,,,,,9.0,1,Rodney Hudson,Florida State,ACC,Center,,,,inf,,,,,
238371,2012,106,0.0,0.0,0.0,0.0,0.0,0.0,0.0,0.0,0.0,0.0,0.0,0.0,0.0,0.0,0.0,0.0,0.0,0.0,0.0,0.0,0.0,0.0,0.0,0.0,0.0,0.0,0.0,0.0,0.0,0.0,0.0,0.0,0.0,67.0,11.0,845.0,565.0,40.0,3315.0,,,,,77.0,96.0,4,Robert Turbin,Utah State,Western Athletic,Running Back,,,12.611940298507463,5.867256637168142,,,,,
238451,2011,116,0.0,0.0,0.0,0.0,0.0,0.0,0.0,0.0,0.0,0.0,4.0,0.0,25.0,1.0,0.0,15.0,0.0,0.0,0.0,0.0,0.0,0.0,0.0,0.0,0.0,0.0,0.0,0.0,0.0,0.0,0.0,0.0,0.0,0.0,0.0,0.0,0.0,0.0,0.0,15.0,,,,,,2,Casey Matthews,Oregon,Pac-10,Inside Linebacker,,,,,15.0,,,,6.25
238495,2010,46,0.0,0.0,0.0,0.0,0.0,0.0,0.0,0.0,0.0,0.0,0.0,0.0,0.0,0.0,0.0,0.0,0.0,0.0,0.0,0.0,0.0,0.0,0.0,0.0,0.0,0.0,0.0,0.0,0.0,0.0,0.0,0.0,0.0,0.0,0.0,0.0,1.0,1.0,1.0,,,,,,1.0,1,Linval Joseph,East Carolina,Conference USA,Defensive Tackle,,,,1.0,,,,,
238691,2011,126,0.0,0.0,0.0,0.0,0.0,0.0,0.0,0.0,0.0,0.0,0.0,0.0,0.0,0.0,0.0,0.0,0.0,0.0,0.0,0.0,0.0,0.0,0.0,0.0,0.0,0.0,0.0,0.0,0.0,0.0,0.0,0.0,0.0,45.0,3.0,344.0,436.0,19.0,2338.0,,,,,57.0,85.0,4,Bilal Powell,Louisville,Big East,Running Back,,,7.644444444444445,5.362385321100917,,,,,
238800,2012,183,0.0,0.0,0.0,0.0,0.0,0.0,0.0,0.0,0.0,0.0,0.0,0.0,0.0,0.0,0.0,0.0,0.0,0.0,0.0,0.0,0.0,0.0,0.0,0.0,0.0,0.0,0.0,0.0,0.0,0.0,0.0,0.0,0.0,218.0,25.0,3086.0,8.0,0.0,82.0,,,,,73.0,29.0,4,B.J. Cunningham,Michigan State,Big Ten,Wide Receiver,,,14.155963302752294,10.25,,,,,
238803,2012,88,0.0,0.0,0.0,0.0,0.0,0.0,0.0,0.0,0.0,0.0,0.0,0.0,0.0,0.0,0.0,0.0,0.0,0.0,0.0,0.0,0.0,1403.0,938.0,33.0,67.0,10068.0,1.0,0.0,0.0,0.0,0.0,0.0,0.0,1.0,0.0,-9.0,105.0,4.0,-289.0,,,0.0,,0.0,24.0,4,Nick Foles,Michigan State,Big Ten,Quarterback,0.6685673556664291,7.176051318602994,-9.0,-2.7523809523809524,,0.0,,,
238807,2011,185,0.0,0.0,0.0,0.0,0.0,0.0,0.0,0.0,0.0,0.0,2.0,0.0,36.0,0.0,0.0,0.0,0.0,0.0,0.0,0.0,0.0,0.0,0.0,0.0,0.0,0.0,0.0,0.0,0.0,0.0,0.0,0.0,0.0,0.0,0.0,0.0,0.0,0.0,0.0,,,,,,,1,Greg Jones,Michigan State,Big Ten,Inside Linebacker,,,,,,,,,18.0
238814,2011,188,0.0,0.0,0.0,0.0,0.0,0.0,0.0,0.0,0.0,0.0,6.0,0.0,34.0,0.0,0.0,0.0,0.0,0.0,0.0,0.0,0.0,0.0,0.0,0.0,0.0,0.0,0.0,0.0,0.0,0.0,0.0,0.0,0.0,0.0,0.0,0.0,0.0,0.0,0.0,,,,,,,4,Chris L. Rucker,Michigan State,Big Ten,Cornerback,,,,,,,,,5.666666666666667
238855,2010,11,0.0,0.0,0.0,0.0,0.0,0.0,0.0,0.0,0.0,0.0,0.0,0.0,0.0,0.0,0.0,0.0,0.0,0.0,0.0,0.0,0.0,1.0,0.0,0.0,0.0,0.0,0.0,0.0,0.0,0.0,0.0,0.0,0.0,0.0,0.0,0.0,0.0,0.0,0.0,,,,,,,1,Anthony Davis,Rutgers,Big East,Offensive Tackle,0.0,0.0,,,,,,,
238903,2012,140,0.0,0.0,0.0,0.0,0.0,0.0,0.0,0.0,0.0,0.0,2.0,0.0,43.0,0.0,0.0,0.0,0.0,0.0,0.0,0.0,0.0,0.0,0.0,0.0,0.0,0.0,0.0,0.0,0.0,0.0,0.0,0.0,0.0,0.0,0.0,0.0,0.0,0.0,0.0,,,,,,,2,Najee Goode,West Virginia,Big East,Inside Linebacker,,,,,,,,,21.5
238906,2011,98,0.0,0.0,0.0,0.0,0.0,0.0,0.0,0.0,0.0,0.0,7.0,0.0,156.0,7.0,0.0,133.0,0.0,0.0,0.0,0.0,0.0,0.0,0.0,0.0,0.0,0.0,39.0,0.0,196.0,0.0,0.0,0.0,0.0,12.0,0.0,67.0,1.0,0.0,-7.0,28.0,,49.0,,12.0,0.0,4,Brandon Hogan,West Virginia,Big East,Cornerback,,,5.583333333333333,-7.0,19.0,5.0256410256410255,,,22.285714285714285
238910,2012,102,0.0,0.0,0.0,0.0,0.0,0.0,0.0,0.0,0.0,0.0,0.0,0.0,0.0,0.0,0.0,0.0,0.0,0.0,0.0,0.0,0.0,1128.0,723.0,30.0,66.0,9131.0,0.0,0.0,0.0,0.0,0.0,0.0,0.0,1.0,0.0,2.0,111.0,1.0,-127.0,,,,,2.0,41.0,4,Kirk Cousins,Michigan State,Big Ten,Quarterback,0.6409574468085106,8.09485815602837,2.0,-1.1441441441441442,,,,,
238947,2011,11,0.0,0.0,0.0,0.0,0.0,0.0,0.0,0.0,0.0,0.0,1.0,0.0,15.0,0.0,0.0,0.0,0.0,0.0,0.0,0.0,0.0,0.0,0.0,0.0,0.0,0.0,0.0,0.0,0.0,0.0,0.0,0.0,0.0,0.0,0.0,0.0,0.0,0.0,0.0,,,,,,,1,J.J. Watt,Wisconsin,Big Ten,Defensive End,,,,,,,,,15.0
240229,2011,19,0.0,0.0,0.0,0.0,0.0,0.0,0.0,0.0,0.0,0.0,5.0,0.0,63.0,0.0,0.0,0.0,0.0,0.0,0.0,0.0,0.0,0.0,0.0,0.0,0.0,0.0,0.0,0.0,0.0,0.0,0.0,0.0,0.0,0.0,0.0,0.0,0.0,0.0,0.0,,,,,,,1,Prince Amukamara,Nebraska,Big 12,Cornerback,,,,,,,,,12.6
240381,2012,76,0.0,0.0,0.0,0.0,0.0,0.0,0.0,0.0,0.0,0.0,0.0,0.0,0.0,0.0,0.0,0.0,0.0,0.0,0.0,0.0,0.0,0.0,0.0,0.0,0.0,0.0,0.0,0.0,0.0,0.0,0.0,0.0,0.0,0.0,0.0,1.0,0.0,0.0,0.0,,,,,1.0,,1,Brandon Brooks,Miami (OH),Mid-American,Offensive Guard,,,inf,,,,,,
240512,2012,231,0.0,0.0,0.0,0.0,0.0,0.0,0.0,0.0,0.0,0.0,0.0,0.0,0.0,14.0,0.0,350.0,0.0,0.0,0.0,0.0,0.0,0.0,0.0,0.0,0.0,0.0,9.0,0.0,6.0,0.0,0.0,0.0,0.0,98.0,11.0,1268.0,5.0,0.0,23.0,53.0,,11.0,,73.0,19.0,4,Toney Clemons,Michigan,Big Ten,Wide Receiver,,,12.938775510204081,4.6,25.0,0.6666666666666666,,,
240798,2011,234,0.0,0.0,0.0,0.0,0.0,0.0,0.0,0.0,0.0,0.0,2.0,0.0,8.0,0.0,0.0,0.0,0.0,0.0,0.0,0.0,0.0,0.0,0.0,0.0,0.0,0.0,0.0,0.0,0.0,0.0,0.0,0.0,0.0,0.0,0.0,0.0,0.0,0.0,0.0,,,,,,,1,Andrew Gachkar,Missouri,Big 12,Outside Linebacker,,,,,,,,,4.0
240913,2011,248,0.0,0.0,0.0,0.0,0.0,0.0,0.0,0.0,0.0,0.0,6.0,0.0,37.0,0.0,0.0,0.0,0.0,0.0,0.0,0.0,0.0,0.0,0.0,0.0,0.0,0.0,1.0,1.0,95.0,0.0,0.0,0.0,0.0,0.0,0.0,0.0,0.0,0.0,0.0,,,95.0,,,,2,Eric Hagg,Nebraska,Big 12,Safety,,,,,,95.0,,,6.166666666666667
240981,2012,238,0.0,0.0,0.0,0.0,0.0,0.0,0.0,0.0,0.0,0.0,0.0,0.0,0.0,0.0,0.0,0.0,0.0,0.0,0.0,0.0,0.0,0.0,0.0,0.0,0.0,0.0,15.0,0.0,120.0,0.0,0.0,0.0,0.0,87.0,11.0,1601.0,5.0,0.0,9.0,,,34.0,,77.0,7.0,5,Junior Hemingway,Michigan,Big Ten,Wide Receiver,,,18.402298850574713,1.8,,8.0,,,
241126,2012,120,0.0,0.0,0.0,0.0,0.0,0.0,0.0,0.0,0.0,0.0,2.0,0.0,7.0,0.0,0.0,0.0,0.0,0.0,0.0,0.0,0.0,0.0,0.0,0.0,0.0,0.0,0.0,0.0,0.0,0.0,0.0,0.0,0.0,0.0,0.0,0.0,0.0,0.0,0.0,,,,,,,2,James-Michael Johnson,Nevada,Western Athletic,Inside Linebacker,,,,,,,,,3.5
241377,2012,142,0.0,0.0,0.0,0.0,0.0,0.0,0.0,0.0,0.0,0.0,3.0,0.0,22.0,0.0,0.0,0.0,0.0,0.0,0.0,0.0,0.0,0.0,0.0,0.0,0.0,0.0,0.0,0.0,0.0,0.0,0.0,0.0,0.0,0.0,0.0,0.0,0.0,0.0,0.0,,,,,,,2,Brandon Marshall,Nevada,Western Athletic,Outside Linebacker,,,,,,,,,7.333333333333333
241397,2010,12,0.0,0.0,0.0,0.0,0.0,0.0,0.0,0.0,0.0,0.0,0.0,0.0,0.0,0.0,0.0,0.0,0.0,0.0,0.0,0.0,0.0,1.0,0.0,0.0,0.0,0.0,0.0,0.0,0.0,0.0,0.0,0.0,0.0,19.0,2.0,268.0,534.0,39.0,3280.0,,,,,61.0,77.0,3,Ryan Mathews,Fresno State,Western Athletic,Running Back,0.0,0.0,14.105263157894736,6.142322097378277,,,,,
241677,2011,155,0.0,0.0,0.0,0.0,0.0,0.0,0.0,0.0,0.0,0.0,0.0,0.0,0.0,35.0,1.0,910.0,0.0,0.0,0.0,0.0,0.0,0.0,0.0,0.0,0.0,0.0,79.0,1.0,647.0,0.0,0.0,0.0,0.0,103.0,5.0,1532.0,9.0,1.0,56.0,100.0,,59.0,,74.0,30.0,4,Niles Paul,Nebraska,Big 12,Wide Receiver,,,14.87378640776699,6.222222222222222,26.0,8.189873417721518,,,
241818,2012,111,0.0,0.0,0.0,0.0,0.0,0.0,0.0,0.0,0.0,0.0,0.0,0.0,0.0,0.0,0.0,0.0,0.0,0.0,0.0,0.0,0.0,0.0,0.0,0.0,0.0,0.0,0.0,0.0,0.0,0.0,0.0,0.0,0.0,68.0,7.0,868.0,1.0,0.0,1.0,,,,,55.0,1.0,3,Evan Rodriguez,Temple,Mid-American,Tight End,,,12.764705882352942,1.0,,,,,
242063,2012,174,0.0,0.0,0.0,0.0,0.0,0.0,0.0,0.0,0.0,0.0,13.0,0.0,121.0,0.0,0.0,0.0,0.0,0.0,0.0,0.0,0.0,0.0,0.0,0.0,0.0,0.0,0.0,0.0,0.0,0.0,0.0,0.0,0.0,0.0,0.0,0.0,0.0,0.0,0.0,,,,,,,3,Keith Tandy,West Virginia,Big East,Cornerback,,,,,,,,,9.307692307692308
242277,2011,141,0.0,0.0,0.0,0.0,0.0,0.0,0.0,0.0,0.0,0.0,0.0,0.0,0.0,0.0,0.0,0.0,0.0,0.0,0.0,0.0,0.0,0.0,0.0,0.0,0.0,0.0,0.0,0.0,0.0,0.0,0.0,0.0,0.0,149.0,10.0,1831.0,0.0,0.0,0.0,,,,,76.0,,4,D.J. Williams,Arkansas,SEC,Tight End,,,12.288590604026846,,,,,,
242338,2012,107,0.0,0.0,0.0,0.0,0.0,0.0,0.0,0.0,0.0,0.0,0.0,0.0,0.0,0.0,0.0,0.0,0.0,0.0,0.0,0.0,0.0,0.0,0.0,0.0,0.0,0.0,54.0,2.0,553.0,0.0,0.0,0.0,0.0,98.0,8.0,1327.0,18.0,0.0,118.0,,,79.0,,71.0,25.0,5,Devon Wylie,Fresno State,Western Athletic,Wide Receiver,,,13.540816326530612,6.555555555555555,,10.24074074074074,,,
243288,2012,230,0.0,0.0,0.0,0.0,0.0,0.0,0.0,0.0,0.0,0.0,4.0,0.0,72.0,0.0,0.0,0.0,0.0,0.0,0.0,0.0,0.0,0.0,0.0,0.0,0.0,0.0,0.0,0.0,0.0,0.0,0.0,0.0,0.0,0.0,0.0,0.0,0.0,0.0,0.0,,,,,,,3,Nathan Stupar,Penn State,Big Ten,Outside Linebacker,,,,,,,,,18.0
243296,2011,80,0.0,0.0,0.0,0.0,0.0,0.0,0.0,0.0,0.0,0.0,3.0,0.0,43.0,38.0,0.0,846.0,0.0,0.0,0.0,0.0,0.0,0.0,0.0,0.0,0.0,0.0,3.0,0.0,18.0,0.0,0.0,0.0,0.0,0.0,0.0,0.0,5.0,0.0,31.0,61.0,,13.0,,,14.0,4,Chris Culliver,South Carolina,SEC,Cornerback,,,,6.2,22.263157894736842,6.0,,,14.333333333333334
243312,2010,195,0.0,0.0,0.0,0.0,0.0,0.0,0.0,0.0,0.0,0.0,0.0,0.0,0.0,35.0,1.0,773.0,0.0,0.0,0.0,0.0,0.0,5.0,2.0,0.0,1.0,26.0,79.0,3.0,822.0,0.0,0.0,0.0,0.0,301.0,22.0,3176.0,71.0,4.0,518.0,95.0,,75.0,,93.0,29.0,3,Antonio Brown,Central Michigan,Mid-American,Wide Receiver,0.4,5.2,10.551495016611296,7.295774647887324,22.085714285714285,10.405063291139241,,,
243365,2012,18,0.0,0.0,0.0,0.0,0.0,0.0,0.0,0.0,0.0,0.0,2.0,0.0,8.0,0.0,0.0,0.0,0.0,0.0,0.0,0.0,0.0,0.0,0.0,0.0,0.0,0.0,0.0,0.0,0.0,0.0,0.0,0.0,0.0,0.0,0.0,0.0,2.0,1.0,87.0,,,,,,68.0,1,Melvin Ingram,South Carolina,SEC,Defensive End,,,,43.5,,,,,4.0
244297,2012,242,0.0,0.0,0.0,0.0,0.0,0.0,0.0,0.0,0.0,0.0,4.0,2.0,81.0,0.0,0.0,0.0,0.0,0.0,0.0,0.0,0.0,0.0,0.0,0.0,0.0,0.0,1.0,0.0,0.0,0.0,0.0,0.0,0.0,0.0,0.0,0.0,0.0,0.0,0.0,,,0.0,,,,3,Antonio Allen,South Carolina,SEC,Safety,,,,,,0.0,,,20.25
245254,2011,2,0.0,0.0,0.0,0.0,0.0,0.0,0.0,0.0,0.0,0.0,1.0,0.0,3.0,0.0,0.0,0.0,0.0,0.0,0.0,0.0,0.0,0.0,0.0,0.0,0.0,0.0,0.0,0.0,0.0,0.0,0.0,0.0,0.0,0.0,0.0,0.0,0.0,0.0,0.0,,,,,,,1,Von Miller,Texas A&M,Big 12,Outside Linebacker,,,,,,,,,3.0
245290,2011,70,0.0,0.0,0.0,0.0,0.0,0.0,0.0,0.0,0.0,0.0,1.0,0.0,4.0,0.0,0.0,0.0,0.0,0.0,0.0,0.0,0.0,0.0,0.0,0.0,0.0,0.0,0.0,0.0,0.0,0.0,0.0,0.0,0.0,0.0,0.0,0.0,0.0,0.0,0.0,,,,,,,1,Justin Houston,Georgia,SEC,Defensive End,,,,,,,,,4.0
245682,2011,131,0.0,0.0,0.0,0.0,0.0,0.0,0.0,0.0,0.0,0.0,10.0,3.0,319.0,0.0,0.0,0.0,0.0,0.0,0.0,0.0,0.0,0.0,0.0,0.0,0.0,0.0,0.0,0.0,0.0,0.0,0.0,0.0,0.0,0.0,0.0,0.0,1.0,0.0,18.0,,,,,,18.0,4,Davon House,New Mexico State,Western Athletic,Cornerback,,,,18.0,,,,,31.9
246044,2020,161,0.0,0.0,0.0,7.0,0.0,0.0,8.0,4.0,2.0,0.0,1.0,0.0,0.0,0.0,0.0,0.0,0.0,0.0,0.0,0.0,0.0,0.0,0.0,0.0,0.0,0.0,0.0,0.0,0.0,0.0,0.0,0.0,0.0,213.0,33.0,3305.0,1.0,0.0,-1.0,,,,,73.0,0.0,4,Tyler Johnson,Minnesota,Big Ten,Wide Receiver,,,15.51643192488263,-1.0,,,,,0.0
246315,2012,240,0.0,0.0,0.0,0.0,0.0,0.0,0.0,0.0,0.0,0.0,0.0,0.0,0.0,0.0,0.0,0.0,0.0,0.0,0.0,0.0,0.0,0.0,0.0,0.0,0.0,0.0,0.0,0.0,0.0,0.0,0.0,0.0,0.0,67.0,10.0,1041.0,0.0,0.0,0.0,,,,,61.0,,3,David Paulson,Oregon,Pac-12,Tight End,,,15.537313432835822,,,,,,
2985844,2017,169,10.0,0.0,0.0,46.0,0.0,2.0,58.0,0.0,0.0,0.0,2.0,0.0,88.0,0.0,0.0,0.0,0.0,0.0,0.0,0.0,0.0,0.0,0.0,0.0,0.0,0.0,0.0,0.0,0.0,0.0,0.0,0.0,0.0,0.0,0.0,0.0,0.0,0.0,0.0,,,,,,,1,Treston Decoud,Oregon State,Pac-12,Cornerback,,,,,,,,,44.0
3115922,2019,216,0.0,0.0,0.0,1.0,0.0,0.0,1.0,0.0,0.0,0.0,0.0,0.0,0.0,0.0,0.0,0.0,0.0,0.0,0.0,0.0,0.0,0.0,0.0,0.0,0.0,0.0,0.0,0.0,0.0,0.0,0.0,0.0,0.0,0.0,0.0,0.0,0.0,0.0,0.0,,,,,,,1,Nick Allegretti,Illinois,Big Ten,Center,,,,,,,,,
3115949,2019,219,0.0,0.0,0.0,1.0,0.0,0.0,1.0,0.0,0.0,0.0,0.0,0.0,0.0,0.0,0.0,0.0,0.0,0.0,0.0,0.0,0.0,0.0,0.0,0.0,0.0,0.0,0.0,0.0,0.0,0.0,0.0,0.0,0.0,0.0,0.0,0.0,0.0,0.0,0.0,,,,,,,1,Derwin Gray,Maryland,Big Ten,Offensive Guard,,,,,,,,,
3115962,2017,25,1.0,7.0,4.0,47.0,1.0,13.5,72.0,1.0,0.0,0.0,1.0,0.0,11.0,19.0,0.0,483.0,0.0,0.0,0.0,0.0,0.0,1.0,0.0,0.0,0.0,0.0,39.0,1.0,510.0,0.0,0.0,0.0,0.0,10.0,0.0,82.0,45.0,5.0,239.0,55.0,,54.0,,28.0,63.0,3,Jabrill Peppers,Michigan,Big Ten,Safety,0.0,0.0,8.2,5.311111111111111,25.42105263157895,13.076923076923077,,,11.0
3115974,2019,77,1.0,17.0,18.0,84.0,0.0,44.0,162.0,0.0,0.0,3.0,0.0,0.0,0.0,0.0,0.0,0.0,0.0,0.0,0.0,0.0,0.0,0.0,0.0,0.0,0.0,0.0,0.0,0.0,0.0,0.0,0.0,0.0,0.0,0.0,0.0,0.0,0.0,0.0,0.0,,,,,,,3,Chase Winovich,Michigan,Big Ten,Defensive End,,,,,,,,,
3116110,2016,130,0.0,0.0,0.0,0.0,0.0,0.0,0.0,0.0,0.0,0.0,0.0,0.0,0.0,0.0,0.0,0.0,0.0,0.0,0.0,0.0,0.0,0.0,0.0,0.0,0.0,0.0,0.0,0.0,0.0,0.0,0.0,0.0,0.0,0.0,0.0,0.0,0.0,0.0,4.0,,,,,,4.0,1,Alex Lewis,Nebraska,Big Ten,Offensive Tackle,,,,inf,,,,,
3116136,2018,251,0.0,0.0,0.0,2.0,0.0,0.0,5.0,2.0,1.0,0.0,0.0,0.0,0.0,0.0,0.0,0.0,0.0,0.0,0.0,0.0,0.0,1.0,1.0,0.0,1.0,12.0,0.0,0.0,0.0,0.0,0.0,0.0,0.0,122.0,1.0,858.0,1142.0,41.0,5440.0,,,,,37.0,79.0,4,Justin Jackson,Northwestern,Big Ten,Running Back,1.0,12.0,7.032786885245901,4.7635726795096325,,,,,
3116144,2019,167,0.0,0.0,0.0,1.0,0.0,0.0,2.0,12.0,10.0,0.0,0.0,0.0,0.0,0.0,0.0,0.0,0.0,0.0,0.0,0.0,0.0,1697.0,990.0,45.0,61.0,10729.0,0.0,0.0,0.0,0.0,0.0,0.0,0.0,2.0,0.0,24.0,362.0,27.0,408.0,,,,,24.0,68.0,4,Clayton Thorson,Northwestern,Big Ten,Quarterback,0.5833824395992929,6.322333529758398,12.0,1.12707182320442,,,,,
3116149,2018,148,5.0,1.0,1.0,102.0,0.0,10.0,181.0,0.0,0.0,1.0,1.0,0.0,50.0,0.0,0.0,0.0,0.0,0.0,0.0,0.0,0.0,0.0,0.0,0.0,0.0,0.0,0.0,0.0,0.0,0.0,0.0,0.0,0.0,0.0,0.0,0.0,0.0,0.0,0.0,,,,,,,2,Marcus Allen,Penn State,Big Ten,Safety,,,,,,,,,50.0
3116152,2018,109,5.0,3.0,0.0,48.0,0.0,3.0,82.0,0.0,0.0,1.0,2.0,0.0,11.0,0.0,0.0,0.0,0.0,0.0,0.0,0.0,0.0,0.0,0.0,0.0,0.0,0.0,1.0,0.0,3.0,0.0,0.0,0.0,0.0,0.0,0.0,0.0,0.0,0.0,0.0,,,3.0,,,,2,Troy Apke,Penn State,Big Ten,Safety,,,,,,3.0,,,5.5
3116159,2018,182,15.0,0.0,1.0,46.0,0.0,3.5,77.0,0.0,0.0,1.0,3.0,0.0,16.0,0.0,0.0,0.0,0.0,0.0,0.0,0.0,0.0,0.0,0.0,0.0,0.0,0.0,0.0,0.0,0.0,0.0,0.0,0.0,0.0,0.0,0.0,0.0,0.0,0.0,0.0,,,,,,,3,Christian Campbell,Penn State,Big Ten,Cornerback,,,,,,,,,5.333333333333333
3116164,2018,42,0.0,0.0,0.0,1.0,0.0,0.0,1.0,0.0,0.0,0.0,0.0,0.0,0.0,0.0,0.0,0.0,0.0,0.0,0.0,0.0,0.0,0.0,0.0,0.0,0.0,0.0,0.0,0.0,0.0,0.0,0.0,0.0,0.0,129.0,15.0,1481.0,0.0,0.0,0.0,,,,,53.0,,4,Mike Gesicki,Penn State,Big Ten,Tight End,,,11.48062015503876,,,,,,
3116165,2017,84,0.0,0.0,0.0,1.0,0.0,0.0,2.0,0.0,0.0,0.0,0.0,0.0,0.0,0.0,0.0,0.0,0.0,0.0,0.0,0.0,0.0,0.0,0.0,0.0,0.0,0.0,0.0,0.0,0.0,0.0,0.0,0.0,0.0,154.0,18.0,2421.0,3.0,0.0,14.0,,,,,72.0,13.0,3,Chris Godwin,Penn State,Big Ten,Wide Receiver,,,15.720779220779221,4.666666666666667,,,,,
3116172,2019,197,0.0,0.0,0.0,3.0,0.0,0.0,5.0,15.0,7.0,0.0,0.0,0.0,0.0,0.0,0.0,0.0,0.0,0.0,0.0,0.0,0.0,1215.0,720.0,25.0,77.0,9882.0,0.0,0.0,0.0,0.0,0.0,0.0,0.0,0.0,0.0,0.0,472.0,30.0,1698.0,,,,,,51.0,4,Trace McSorley,Penn State,Big Ten,Quarterback,0.5925925925925926,8.133333333333333,,3.597457627118644,,,,,
3116175,2019,146,14.0,0.0,0.0,70.0,1.0,1.0,99.0,1.0,1.0,0.0,8.0,1.0,45.0,0.0,0.0,0.0,0.0,0.0,0.0,0.0,0.0,0.0,0.0,0.0,0.0,0.0,2.0,0.0,-26.0,0.0,0.0,0.0,0.0,0.0,0.0,0.0,0.0,0.0,0.0,,,0.0,,,,3,Amani Oruwariye,Penn State,Big Ten,Cornerback,,,,,,-13.0,,,5.625
3116179,2019,243,2.0,0.0,1.0,55.0,0.0,2.5,105.0,0.0,0.0,1.0,3.0,0.0,16.0,19.0,0.0,448.0,0.0,0.0,0.0,0.0,0.0,2.0,2.0,0.0,1.0,46.0,0.0,0.0,0.0,0.0,0.0,0.0,0.0,4.0,0.0,43.0,30.0,1.0,133.0,58.0,,,,22.0,35.0,4,Nick Scott,Penn State,Big Ten,Safety,1.0,23.0,10.75,4.433333333333334,23.57894736842105,,,,5.333333333333333
3116365,2018,86,0.0,0.0,0.0,0.0,0.0,0.0,0.0,3.0,1.0,0.0,0.0,0.0,0.0,0.0,0.0,0.0,0.0,0.0,0.0,0.0,0.0,0.0,0.0,0.0,0.0,0.0,0.0,0.0,0.0,0.0,0.0,0.0,0.0,112.0,22.0,1765.0,0.0,0.0,0.0,,,,,64.0,,3,Mark Andrews,Oklahoma,Big 12,Tight End,,,15.758928571428571,,,,,,
3116385,2017,48,0.0,0.0,0.0,1.0,1.0,0.0,1.0,5.0,2.0,0.0,0.0,0.0,0.0,22.0,1.0,504.0,0.0,0.0,0.0,0.0,0.0,1.0,1.0,0.0,1.0,26.0,5.0,0.0,25.0,0.0,0.0,0.0,0.0,65.0,9.0,894.0,300.0,17.0,2027.0,97.0,,15.0,,76.0,79.0,2,Joe Mixon,Oklahoma,Big 12,Running Back,1.0,26.0,13.753846153846155,6.756666666666667,22.90909090909091,5.0,,,
3116389,2017,114,0.0,0.0,0.0,0.0,0.0,0.0,0.0,2.0,1.0,0.0,0.0,0.0,0.0,0.0,0.0,0.0,0.0,0.0,0.0,0.0,0.0,0.0,0.0,0.0,0.0,0.0,0.0,0.0,0.0,0.0,0.0,0.0,0.0,40.0,2.0,321.0,685.0,49.0,4122.0,,,,,29.0,72.0,3,Samaje Perine,Oklahoma,Big 12,Running Back,,,8.025,6.0175182481751825,,,,,
3116406,2016,165,0.0,0.0,0.0,0.0,0.0,0.0,0.0,0.0,0.0,0.0,0.0,0.0,0.0,30.0,2.0,740.0,0.0,0.0,0.0,0.0,0.0,0.0,0.0,0.0,0.0,0.0,27.0,1.0,256.0,0.0,0.0,0.0,0.0,31.0,1.0,281.0,102.0,1.0,534.0,99.0,,92.0,,50.0,44.0,1,Tyreek Hill,Oklahoma State,Big 12,Wide Receiver,,,9.064516129032258,5.235294117647059,24.666666666666668,9.481481481481481,,,
3116407,2018,76,0.0,0.0,0.0,2.0,0.0,0.0,2.0,10.0,7.0,0.0,0.0,0.0,0.0,0.0,0.0,0.0,0.0,0.0,0.0,0.0,0.0,1447.0,915.0,26.0,92.0,13618.0,0.0,0.0,0.0,0.0,0.0,0.0,0.0,3.0,0.0,53.0,225.0,17.0,28.0,,,,,24.0,40.0,4,Mason Rudolph,Oklahoma State,Big 12,Quarterback,0.6323427781617139,9.411195577055977,17.666666666666668,0.12444444444444444,,,,,
3116424,2018,231,9.0,3.0,2.5,124.0,1.0,9.5,225.0,0.0,0.0,1.0,3.0,1.0,28.0,0.0,0.0,0.0,0.0,0.0,0.0,0.0,0.0,0.0,0.0,0.0,0.0,0.0,0.0,0.0,0.0,0.0,0.0,0.0,0.0,0.0,0.0,0.0,0.0,0.0,0.0,,,,,,,3,Travin Howard,TCU,Big 12,Outside Linebacker,,,,,,,,,9.333333333333334
3116431,2019,226,8.0,7.0,9.5,122.0,0.0,18.5,226.0,0.0,0.0,1.0,2.0,0.0,12.0,0.0,0.0,0.0,0.0,0.0,0.0,0.0,0.0,0.0,0.0,0.0,0.0,0.0,0.0,0.0,0.0,0.0,0.0,0.0,0.0,0.0,0.0,0.0,0.0,0.0,0.0,,,,,,,4,Ty Summers,TCU,Big 12,Inside Linebacker,,,,,,,,,6.0
3116449,2019,29,4.0,7.0,11.5,36.0,0.0,15.5,70.0,0.0,0.0,0.0,1.0,0.0,-2.0,0.0,0.0,0.0,0.0,0.0,0.0,0.0,0.0,0.0,0.0,0.0,0.0,0.0,0.0,0.0,0.0,0.0,0.0,0.0,0.0,0.0,0.0,0.0,0.0,0.0,0.0,,,,,,,3,L.J. Collier,TCU,Big 12,Defensive End,,,,,,,,,-2.0
3116455,2019,101,0.0,0.0,0.0,3.0,0.0,1.0,4.0,0.0,0.0,0.0,0.0,0.0,0.0,0.0,0.0,0.0,0.0,0.0,0.0,0.0,0.0,0.0,0.0,0.0,0.0,0.0,0.0,0.0,0.0,0.0,0.0,0.0,0.0,0.0,0.0,0.0,0.0,0.0,0.0,,,,,,,1,Yodny Cajuste,West Virginia,Big 12,Offensive Tackle,,,,,,,,,
3116593,2017,41,0.0,0.0,0.0,1.0,0.0,0.0,2.0,6.0,4.0,0.0,0.0,0.0,0.0,0.0,0.0,0.0,0.0,0.0,0.0,0.0,0.0,0.0,0.0,0.0,0.0,0.0,0.0,0.0,0.0,0.0,0.0,0.0,0.0,79.0,2.0,935.0,687.0,46.0,4464.0,,,,,59.0,94.0,3,Dalvin Cook,Florida State,ACC,Running Back,,,11.835443037974683,6.497816593886463,,,,,
3116667,2018,205,5.0,9.0,4.5,37.0,0.0,12.0,62.0,0.0,0.0,1.0,1.0,0.0,27.0,0.0,0.0,0.0,0.0,0.0,0.0,0.0,0.0,0.0,0.0,0.0,0.0,0.0,0.0,0.0,0.0,0.0,0.0,0.0,0.0,0.0,0.0,0.0,0.0,0.0,0.0,,,,,,,2,Trevon Young,Louisville,ACC,Defensive End,,,,,,,,,27.0
3116679,2018,53,23.0,2.0,2.0,81.0,0.0,8.5,111.0,0.0,0.0,1.0,6.0,0.0,21.0,2.0,0.0,36.0,0.0,0.0,0.0,0.0,0.0,0.0,0.0,0.0,0.0,0.0,15.0,0.0,170.0,0.0,0.0,0.0,0.0,0.0,0.0,0.0,0.0,0.0,0.0,23.0,,41.0,,,,4,M.J. Stewart,North Carolina,ACC,Cornerback,,,,,18.0,11.333333333333334,,,3.5
3116680,2018,255,0.0,0.0,0.0,0.0,0.0,0.0,0.0,1.0,1.0,0.0,0.0,0.0,0.0,0.0,0.0,0.0,0.0,0.0,0.0,0.0,0.0,2.0,1.0,0.0,0.0,8.0,6.0,0.0,77.0,0.0,0.0,0.0,0.0,91.0,5.0,1265.0,2.0,0.0,4.0,,,28.0,,61.0,4.0,4,Austin Proehl,North Carolina,ACC,Wide Receiver,0.5,4.0,13.901098901098901,2.0,,12.833333333333334,,,
3116689,2019,173,12.0,7.0,2.5,162.0,0.0,15.5,312.0,0.0,0.0,1.0,0.0,0.0,0.0,0.0,0.0,0.0,0.0,0.0,0.0,0.0,0.0,0.0,0.0,0.0,0.0,0.0,0.0,0.0,0.0,0.0,0.0,0.0,0.0,0.0,0.0,0.0,0.0,0.0,0.0,,,,,,,3,Cole Holcomb,North Carolina,ACC,Outside Linebacker,,,,,,,,,
3116690,2017,242,0.0,0.0,0.0,0.0,0.0,0.0,1.0,2.0,2.0,0.0,0.0,0.0,0.0,0.0,0.0,0.0,0.0,0.0,0.0,0.0,0.0,0.0,0.0,0.0,0.0,0.0,0.0,0.0,0.0,0.0,0.0,0.0,0.0,40.0,0.0,211.0,431.0,29.0,2580.0,,,,,31.0,67.0,3,Elijah Hood,North Carolina,ACC,Running Back,,,5.275,5.986078886310905,,,,,
3116721,2018,165,0.0,0.0,0.0,0.0,0.0,0.0,3.0,2.0,2.0,0.0,0.0,0.0,0.0,12.0,0.0,230.0,0.0,0.0,0.0,0.0,0.0,3.0,2.0,0.0,1.0,84.0,0.0,0.0,0.0,0.0,0.0,0.0,0.0,201.0,19.0,1851.0,182.0,28.0,1107.0,58.0,,,,79.0,66.0,4,Jaylen Samuels,NC State,ACC,Fullback,0.6666666666666666,28.0,9.208955223880597,6.082417582417582,19.166666666666668,,,,
3116724,2019,72,5.0,8.0,6.0,87.0,2.0,15.5,173.0,0.0,0.0,2.0,3.0,1.0,102.0,0.0,0.0,0.0,0.0,0.0,0.0,0.0,0.0,0.0,0.0,0.0,0.0,0.0,1.0,1.0,0.0,0.0,0.0,0.0,0.0,0.0,0.0,0.0,0.0,0.0,0.0,,,0.0,,,,3,Germaine Pratt,NC State,ACC,Outside Linebacker,,,,,,0.0,,,34.0
3116726,2018,128,3.0,8.0,9.0,30.0,0.0,15.5,67.0,0.0,0.0,3.0,0.0,0.0,0.0,1.0,0.0,0.0,0.0,0.0,0.0,0.0,0.0,0.0,0.0,0.0,0.0,0.0,0.0,0.0,0.0,0.0,0.0,0.0,0.0,0.0,0.0,0.0,0.0,0.0,0.0,0.0,,,,,,2,Kentavius Street,NC State,ACC,Defensive End,,,,,0.0,,,,
3116729,2019,18,0.0,0.0,0.0,0.0,0.0,0.0,1.0,0.0,0.0,0.0,0.0,0.0,0.0,0.0,0.0,0.0,0.0,0.0,0.0,0.0,0.0,0.0,0.0,0.0,0.0,0.0,0.0,0.0,0.0,0.0,0.0,0.0,0.0,0.0,0.0,0.0,1.0,1.0,9.0,,,,,,1.0,2,Garrett Bradbury,NC State,ACC,Center,,,,9.0,,,,,
3116733,2018,5,3.0,16.0,20.5,72.0,0.0,46.5,127.0,0.0,0.0,1.0,1.0,0.0,0.0,0.0,0.0,0.0,0.0,0.0,0.0,0.0,0.0,0.0,0.0,0.0,0.0,0.0,0.0,0.0,0.0,0.0,0.0,0.0,0.0,0.0,0.0,0.0,0.0,0.0,0.0,,,,,,,3,Bradley Chubb,NC State,ACC,Defensive End,,,,,,,,,0.0
3116739,2018,129,0.0,0.0,0.0,1.0,0.0,0.0,1.0,0.0,0.0,0.0,0.0,0.0,0.0,0.0,0.0,0.0,0.0,0.0,0.0,0.0,0.0,0.0,0.0,0.0,0.0,0.0,0.0,0.0,0.0,0.0,0.0,0.0,0.0,0.0,0.0,0.0,0.0,0.0,0.0,,,,,,,1,Will Richardson,NC State,ACC,Offensive Tackle,,,,,,,,,
3116746,2018,84,1.0,5.0,6.5,36.0,0.0,16.0,78.0,0.0,0.0,2.0,0.0,0.0,0.0,1.0,0.0,22.0,0.0,0.0,0.0,0.0,0.0,0.0,0.0,0.0,0.0,0.0,0.0,0.0,0.0,0.0,0.0,0.0,0.0,0.0,0.0,0.0,0.0,0.0,0.0,22.0,,,,,,2,Justin Jones,NC State,ACC,Defensive Tackle,,,,,22.0,,,,
3116748,2018,69,5.0,6.0,3.0,34.0,0.0,5.5,93.0,0.0,0.0,2.0,0.0,0.0,0.0,0.0,0.0,0.0,0.0,0.0,0.0,0.0,0.0,0.0,0.0,0.0,0.0,0.0,0.0,0.0,0.0,0.0,0.0,0.0,0.0,0.0,0.0,0.0,0.0,0.0,0.0,,,,,,,2,B.J. Hill,NC State,ACC,Defensive Tackle,,,,,,,,,
3116761,2018,158,2.0,3.0,9.5,37.0,0.0,23.5,84.0,0.0,0.0,1.0,0.0,0.0,0.0,0.0,0.0,0.0,0.0,0.0,0.0,0.0,0.0,0.0,0.0,0.0,0.0,0.0,0.0,0.0,0.0,0.0,0.0,0.0,0.0,0.0,0.0,0.0,0.0,0.0,0.0,,,,,,,2,Andrew Brown,Virginia,ACC,Defensive End,,,,,,,,,
3117135,2018,243,3.0,0.0,1.0,23.0,0.0,1.0,27.0,0.0,0.0,0.0,0.0,0.0,0.0,1.0,0.0,35.0,0.0,0.0,0.0,0.0,0.0,0.0,0.0,0.0,0.0,0.0,0.0,0.0,0.0,0.0,0.0,0.0,0.0,0.0,0.0,0.0,0.0,0.0,0.0,35.0,,,,,,2,Keion Crossen,Western Carolina,Southern,Cornerback,,,,,35.0,,,,
3117251,2017,8,0.0,0.0,0.0,0.0,0.0,0.0,0.0,1.0,0.0,0.0,0.0,0.0,0.0,57.0,1.0,1479.0,0.0,0.0,0.0,0.0,0.0,3.0,2.0,0.0,2.0,39.0,34.0,1.0,380.0,0.0,0.0,0.0,0.0,99.0,10.0,1206.0,632.0,21.0,3922.0,98.0,,63.0,,75.0,90.0,3,Christian McCaffrey,Stanford,Pac-12,Running Back,0.6666666666666666,13.0,12.181818181818182,6.205696202531645,25.94736842105263,11.176470588235293,,,
3117253,2019,89,7.0,8.0,10.5,120.0,1.0,20.0,221.0,0.0,0.0,1.0,1.0,1.0,52.0,0.0,0.0,0.0,0.0,0.0,0.0,0.0,0.0,0.0,0.0,0.0,0.0,0.0,0.0,0.0,0.0,0.0,0.0,0.0,0.0,0.0,0.0,0.0,0.0,0.0,0.0,,,,,,,3,Bobby Okereke,Stanford,Pac-12,Outside Linebacker,,,,,,,,,52.0
3117255,2018,96,1.0,8.0,13.5,59.0,0.0,24.5,139.0,0.0,0.0,2.0,0.0,0.0,0.0,0.0,0.0,0.0,0.0,0.0,0.0,0.0,0.0,0.0,0.0,0.0,0.0,0.0,0.0,0.0,0.0,0.0,0.0,0.0,0.0,0.0,0.0,0.0,0.0,0.0,0.0,,,,,,,2,Harrison Phillips,Stanford,Pac-12,Defensive Tackle,,,,,,,,,
3117256,2018,137,0.0,0.0,0.0,0.0,0.0,0.0,0.0,3.0,1.0,0.0,0.0,0.0,0.0,6.0,0.0,60.0,0.0,0.0,0.0,0.0,0.0,0.0,0.0,0.0,0.0,0.0,0.0,0.0,0.0,0.0,0.0,0.0,0.0,55.0,5.0,555.0,0.0,0.0,0.0,23.0,,,,36.0,,3,Dalton Schultz,Stanford,Pac-12,Tight End,,,10.090909090909092,,10.0,,,,
3117258,2017,3,0.0,7.0,8.0,40.0,0.0,14.0,61.0,0.0,0.0,2.0,0.0,0.0,0.0,0.0,0.0,0.0,0.0,0.0,0.0,0.0,0.0,0.0,0.0,0.0,0.0,0.0,0.0,0.0,0.0,0.0,0.0,0.0,0.0,0.0,0.0,0.0,0.0,0.0,0.0,,,,,,,1,Solomon Thomas,Stanford,Pac-12,Defensive Tackle,,,,,,,,,
3117922,2018,145,0.0,1.0,1.0,4.0,0.0,1.0,8.0,0.0,0.0,0.0,0.0,0.0,0.0,0.0,0.0,0.0,0.0,0.0,0.0,0.0,0.0,0.0,0.0,0.0,0.0,0.0,0.0,0.0,0.0,0.0,0.0,0.0,0.0,0.0,0.0,0.0,0.0,0.0,0.0,,,,,,,2,Bilal Nichols,Delaware,CAA,Defensive Tackle,,,,,,,,,
3119195,2018,134,0.0,0.0,0.0,0.0,0.0,0.0,0.0,0.0,0.0,0.0,0.0,0.0,0.0,2.0,0.0,23.0,0.0,0.0,0.0,0.0,0.0,0.0,0.0,0.0,0.0,0.0,0.0,0.0,0.0,0.0,0.0,0.0,0.0,13.0,0.0,197.0,66.0,4.0,291.0,15.0,,,,87.0,46.0,4,Chase Edmonds,Fordham,Patriot,Running Back,,,15.153846153846153,4.409090909090909,11.5,,,,
3120070,2019,82,0.0,0.0,0.0,1.0,0.0,0.0,1.0,0.0,0.0,0.0,0.0,0.0,0.0,0.0,0.0,0.0,0.0,0.0,0.0,0.0,0.0,0.0,0.0,0.0,0.0,0.0,0.0,0.0,0.0,0.0,0.0,0.0,0.0,0.0,0.0,0.0,0.0,0.0,0.0,,,,,,,1,Nate Davis,Charlotte,Conference USA,Offensive Guard,,,,,,,,,
3120347,2017,18,11.0,0.0,0.0,46.0,3.0,2.0,55.0,3.0,1.0,2.0,6.0,1.0,67.0,82.0,4.0,2141.0,0.0,0.0,0.0,0.0,0.0,0.0,0.0,0.0,0.0,0.0,47.0,4.0,578.0,0.0,0.0,0.0,0.0,39.0,6.0,628.0,15.0,0.0,92.0,100.0,,77.0,,83.0,27.0,3,Adoree' Jackson,USC,Pac-12,Cornerback,,,16.102564102564102,6.133333333333334,26.109756097560975,12.297872340425531,,,11.166666666666666
3120348,2017,62,0.0,0.0,0.0,2.0,0.0,0.0,2.0,0.0,0.0,0.0,0.0,0.0,0.0,16.0,0.0,185.0,0.0,0.0,0.0,0.0,0.0,0.0,0.0,0.0,0.0,0.0,0.0,0.0,0.0,0.0,0.0,0.0,0.0,213.0,25.0,3092.0,8.0,0.0,34.0,27.0,,,,75.0,20.0,3,JuJu Smith-Schuster,USC,Pac-12,Wide Receiver,,,14.51643192488263,4.25,11.5625,,,,
3120358,2018,48,18.0,11.0,12.5,75.0,0.0,19.0,128.0,0.0,0.0,1.0,1.0,0.0,0.0,0.0,0.0,0.0,0.0,0.0,0.0,0.0,0.0,0.0,0.0,0.0,0.0,0.0,0.0,0.0,0.0,0.0,0.0,0.0,0.0,0.0,0.0,0.0,0.0,0.0,0.0,,,,,,,2,Uchenna Nwosu,USC,Pac-12,Outside Linebacker,,,,,,,,,0.0
3120508,2019,227,0.0,1.0,0.0,20.0,0.0,0.5,24.0,0.0,0.0,0.0,1.0,0.0,12.0,0.0,0.0,0.0,0.0,0.0,0.0,0.0,0.0,0.0,0.0,0.0,0.0,0.0,0.0,0.0,0.0,0.0,0.0,0.0,0.0,0.0,0.0,0.0,0.0,0.0,0.0,,,,,,,4,Jimmy Moreland,James Madison,CAA,Cornerback,,,,,,,,,12.0
3120590,2019,166,0.0,0.0,0.0,0.0,0.0,0.0,0.0,0.0,0.0,0.0,0.0,0.0,0.0,0.0,0.0,0.0,0.0,0.0,0.0,0.0,0.0,19.0,11.0,1.0,1.0,124.0,0.0,0.0,0.0,0.0,0.0,0.0,0.0,0.0,0.0,0.0,11.0,0.0,35.0,,,,,,29.0,1,Easton Stick,North Dakota State,MVFC,Quarterback,0.5789473684210527,6.526315789473684,,3.1818181818181817,,,,,
3120659,2018,159,0.0,0.0,0.0,0.0,0.0,0.0,0.0,0.0,0.0,0.0,0.0,0.0,0.0,0.0,0.0,0.0,0.0,0.0,0.0,0.0,0.0,0.0,0.0,0.0,0.0,0.0,0.0,0.0,0.0,0.0,0.0,0.0,0.0,6.0,0.0,44.0,0.0,0.0,0.0,,,,,20.0,,3,Daurice Fountain,Northern Iowa,MVFC,Wide Receiver,,,7.333333333333333,,,,,,
3121003,2018,121,1.0,0.0,0.0,2.0,0.0,0.0,5.0,0.0,0.0,0.0,0.0,0.0,0.0,1.0,0.0,19.0,0.0,0.0,0.0,0.0,0.0,0.0,0.0,0.0,0.0,0.0,0.0,0.0,0.0,0.0,0.0,0.0,0.0,0.0,0.0,0.0,0.0,0.0,0.0,19.0,,,,,,2,Taron Johnson,Weber State,Big Sky,Cornerback,,,,,19.0,,,,
3121023,2018,49,0.0,0.0,0.0,0.0,0.0,0.0,0.0,0.0,0.0,0.0,0.0,0.0,0.0,0.0,0.0,0.0,0.0,0.0,0.0,0.0,0.0,0.0,0.0,0.0,0.0,0.0,0.0,0.0,0.0,0.0,0.0,0.0,0.0,8.0,1.0,154.0,0.0,0.0,0.0,,,,,35.0,,3,Dallas Goedert,South Dakota State,MVFC,Tight End,,,19.25,,,,,,
3121034,2019,223,0.0,0.0,0.0,0.0,0.0,0.0,0.0,0.0,0.0,0.0,1.0,0.0,11.0,2.0,0.0,25.0,0.0,0.0,0.0,0.0,0.0,0.0,0.0,0.0,0.0,0.0,0.0,0.0,0.0,0.0,0.0,0.0,0.0,0.0,0.0,0.0,0.0,0.0,0.0,19.0,,,,,,1,Jordan Brown,South Dakota State,MVFC,Cornerback,,,,,12.5,,,,11.0
3121409,2017,239,0.0,0.0,0.0,0.0,0.0,0.0,1.0,0.0,0.0,0.0,0.0,0.0,0.0,1.0,0.0,23.0,0.0,0.0,0.0,0.0,0.0,0.0,0.0,0.0,0.0,0.0,0.0,0.0,0.0,0.0,0.0,0.0,0.0,33.0,7.0,411.0,1.0,0.0,-4.0,23.0,,,,37.0,0.0,2,Noah Brown,Ohio State,Big Ten,Wide Receiver,,,12.454545454545455,-4.0,23.0,,,,
3121410,2019,59,0.0,0.0,0.0,7.0,0.0,0.0,9.0,2.0,2.0,0.0,0.0,0.0,0.0,30.0,0.0,913.0,0.0,0.0,0.0,0.0,0.0,0.0,0.0,0.0,0.0,0.0,0.0,0.0,0.0,0.0,0.0,0.0,0.0,141.0,14.0,1688.0,24.0,3.0,288.0,91.0,,,,74.0,78.0,3,Parris Campbell,Ohio State,Big Ten,Wide Receiver,,,11.97163120567376,12.0,30.433333333333334,,,,
3121414,2018,102,4.0,5.0,4.0,30.0,0.0,12.0,63.0,0.0,0.0,2.0,0.0,0.0,0.0,0.0,0.0,0.0,0.0,0.0,0.0,0.0,0.0,0.0,0.0,0.0,0.0,0.0,0.0,0.0,0.0,0.0,0.0,0.0,0.0,0.0,0.0,0.0,0.0,0.0,0.0,,,,,,,2,Jalyn Holmes,Ohio State,Big Ten,Defensive End,,,,,,,,,
3121415,2017,15,4.0,0.0,0.5,43.0,3.0,5.5,74.0,0.0,0.0,0.0,7.0,3.0,181.0,0.0,0.0,0.0,0.0,0.0,0.0,0.0,0.0,0.0,0.0,0.0,0.0,0.0,0.0,0.0,0.0,0.0,0.0,0.0,0.0,0.0,0.0,0.0,0.0,0.0,0.0,,,,,,,1,Malik Hooker,Ohio State,Big Ten,Safety,,,,,,,,,25.857142857142858
3121416,2018,77,2.0,7.0,10.5,48.0,0.0,22.0,88.0,0.0,0.0,0.0,1.0,0.0,0.0,0.0,0.0,0.0,0.0,0.0,0.0,0.0,0.0,0.0,0.0,0.0,0.0,0.0,0.0,0.0,0.0,0.0,0.0,0.0,0.0,0.0,0.0,0.0,0.0,0.0,0.0,,,,,,,3,Sam Hubbard,Ohio State,Big Ten,Defensive End,,,,,,,,,0.0
3121417,2018,168,0.0,0.0,0.0,1.0,0.0,0.0,1.0,0.0,0.0,0.0,0.0,0.0,0.0,0.0,0.0,0.0,0.0,0.0,0.0,0.0,0.0,0.0,0.0,0.0,0.0,0.0,0.0,0.0,0.0,0.0,0.0,0.0,0.0,0.0,0.0,0.0,0.0,0.0,0.0,,,,,,,1,Jamarco Jones,Ohio State,Big Ten,Offensive Tackle,,,,,,,,,
3121421,2017,11,9.0,0.0,0.0,30.0,1.0,1.0,41.0,0.0,0.0,0.0,4.0,1.0,61.0,0.0,0.0,0.0,0.0,0.0,0.0,0.0,0.0,0.0,0.0,0.0,0.0,0.0,0.0,0.0,0.0,0.0,0.0,0.0,0.0,0.0,0.0,0.0,0.0,0.0,0.0,,,,,,,1,Marshon Lattimore,Ohio State,Big Ten,Cornerback,,,,,,,,,15.25
3121422,2019,76,0.0,0.0,0.0,8.0,0.0,0.0,8.0,1.0,0.0,1.0,0.0,0.0,0.0,0.0,0.0,0.0,0.0,0.0,0.0,0.0,0.0,0.0,0.0,0.0,0.0,0.0,1.0,0.0,0.0,0.0,0.0,0.0,0.0,75.0,19.0,1251.0,0.0,0.0,0.0,,,0.0,,84.0,,3,Terry McLaurin,Ohio State,Big Ten,Wide Receiver,,,16.68,,,0.0,,,
3121423,2017,54,4.0,2.0,2.0,49.0,0.0,7.0,102.0,0.0,0.0,0.0,1.0,1.0,19.0,0.0,0.0,0.0,0.0,0.0,0.0,0.0,0.0,0.0,0.0,0.0,0.0,0.0,0.0,0.0,0.0,0.0,0.0,0.0,0.0,0.0,0.0,0.0,0.0,0.0,0.0,,,,,,,2,Raekwon McMillan,Ohio State,Big Ten,Inside Linebacker,,,,,,,,,19.0
3121427,2017,40,0.0,0.0,0.0,1.0,0.0,0.0,1.0,2.0,0.0,0.0,0.0,0.0,0.0,21.0,0.0,453.0,0.0,0.0,0.0,0.0,0.0,0.0,0.0,0.0,0.0,0.0,6.0,0.0,19.0,0.0,0.0,0.0,0.0,107.0,9.0,1249.0,172.0,15.0,1286.0,38.0,,12.0,,79.0,74.0,3,Curtis Samuel,Ohio State,Big Ten,Wide Receiver,,,11.672897196261681,7.476744186046512,21.571428571428573,3.1666666666666665,,,
3121538,2019,143,5.0,9.0,6.0,151.0,0.0,28.0,236.0,0.0,0.0,2.0,2.0,0.0,17.0,0.0,0.0,0.0,0.0,0.0,0.0,0.0,0.0,0.0,0.0,0.0,0.0,0.0,0.0,0.0,0.0,0.0,0.0,0.0,0.0,0.0,0.0,0.0,0.0,0.0,0.0,,,,,,,3,Ryan Connelly,Wisconsin,Big Ten,Inside Linebacker,,,,,,,,,8.5
3121541,2019,78,0.0,0.0,0.0,1.0,0.0,0.0,1.0,0.0,0.0,0.0,0.0,0.0,0.0,0.0,0.0,0.0,0.0,0.0,0.0,0.0,0.0,0.0,0.0,0.0,0.0,0.0,0.0,0.0,0.0,0.0,0.0,0.0,0.0,0.0,0.0,0.0,1.0,1.0,4.0,,,,,,4.0,2,Michael Deiter,Wisconsin,Big Ten,Offensive Guard,,,,4.0,,,,,
3121552,2018,164,14.0,2.0,1.5,48.0,1.0,4.5,70.0,1.0,0.0,0.0,2.0,1.0,40.0,38.0,1.0,784.0,0.0,0.0,0.0,0.0,0.0,0.0,0.0,0.0,0.0,0.0,0.0,0.0,0.0,0.0,0.0,0.0,0.0,0.0,0.0,0.0,1.0,0.0,23.0,98.0,,,,,23.0,4,Natrell Jamerson,Wisconsin,Big Ten,Safety,,,,23.0,20.63157894736842,,,,20.0
3121578,2019,210,6.0,10.0,6.0,125.0,0.0,27.0,252.0,0.0,0.0,2.0,0.0,0.0,0.0,0.0,0.0,0.0,0.0,0.0,0.0,0.0,0.0,0.0,0.0,0.0,0.0,0.0,0.0,0.0,0.0,0.0,0.0,0.0,0.0,0.0,0.0,0.0,0.0,0.0,0.0,,,,,,,3,Deshaun Davis,Auburn,SEC,Inside Linebacker,,,,,,,,,
3121587,2019,235,3.0,13.0,3.5,39.0,0.0,11.5,107.0,0.0,0.0,0.0,0.0,0.0,0.0,0.0,0.0,0.0,0.0,0.0,0.0,0.0,0.0,0.0,0.0,0.0,0.0,0.0,0.0,0.0,0.0,0.0,0.0,0.0,0.0,0.0,0.0,0.0,0.0,0.0,0.0,,,,,,,3,Dontavius Russell,Auburn,SEC,Defensive Tackle,,,,,,,,,
3121634,2019,84,0.0,0.0,1.5,8.0,0.0,2.5,13.0,0.0,0.0,0.0,0.0,0.0,0.0,0.0,0.0,0.0,0.0,0.0,0.0,0.0,0.0,0.0,0.0,0.0,0.0,0.0,0.0,0.0,0.0,0.0,0.0,0.0,0.0,0.0,0.0,0.0,0.0,0.0,0.0,,,,,,,3,Khalen Saunders,Western Illinois,MVFC,Defensive Tackle,,,,,,,,,
3121660,2017,46,6.0,1.0,1.0,18.0,1.0,3.5,33.0,0.0,0.0,0.0,6.0,1.0,93.0,0.0,0.0,0.0,0.0,0.0,0.0,0.0,0.0,0.0,0.0,0.0,0.0,0.0,0.0,0.0,0.0,0.0,0.0,0.0,0.0,0.0,0.0,0.0,0.0,0.0,0.0,,,,,,,3,Quincy Wilson,Florida,SEC,Cornerback,,,,,,,,,15.5
3122132,2017,1,2.0,9.0,8.5,18.0,0.0,15.0,33.0,0.0,0.0,1.0,1.0,0.0,4.0,0.0,0.0,0.0,0.0,0.0,0.0,0.0,0.0,0.0,0.0,0.0,0.0,0.0,1.0,0.0,3.0,0.0,0.0,0.0,0.0,0.0,0.0,0.0,0.0,0.0,0.0,,,3.0,,,,2,Myles Garrett,Texas A&M,SEC,Defensive End,,,,,,3.0,,,4.0
3122135,2019,213,5.0,2.0,3.0,74.0,0.0,10.0,125.0,0.0,0.0,0.0,8.0,1.0,76.0,0.0,0.0,0.0,0.0,0.0,0.0,0.0,0.0,0.0,0.0,0.0,0.0,0.0,0.0,0.0,0.0,0.0,0.0,0.0,0.0,0.0,0.0,0.0,0.0,0.0,0.0,,,,,,,3,Donovan Wilson,Texas A&M,SEC,Safety,,,,,,,,,9.5
3122136,2018,124,8.0,1.0,1.5,94.0,0.0,16.0,143.0,0.0,0.0,3.0,10.0,0.0,61.0,0.0,0.0,0.0,0.0,0.0,0.0,0.0,0.0,0.0,0.0,0.0,0.0,0.0,0.0,0.0,0.0,0.0,0.0,0.0,0.0,0.0,0.0,0.0,0.0,0.0,0.0,,,,,,,4,Armani Watts,Texas A&M,SEC,Safety,,,,,,,,,6.1
3122143,2019,220,0.0,0.0,0.0,17.0,0.0,0.0,24.0,0.0,0.0,1.0,0.0,0.0,0.0,3.0,0.0,27.0,0.0,0.0,0.0,0.0,0.0,0.0,0.0,0.0,0.0,0.0,1.0,0.0,3.0,0.0,0.0,0.0,0.0,5.0,0.0,52.0,5.0,1.0,33.0,14.0,,3.0,,21.0,13.0,3,Cullen Gillaspia,Texas A&M,SEC,Running Back,,,10.4,6.6,9.0,3.0,,,
3122420,2019,253,1.0,9.0,14.0,71.0,0.0,28.0,111.0,0.0,0.0,0.0,1.0,0.0,0.0,0.0,0.0,0.0,0.0,0.0,0.0,0.0,0.0,0.0,0.0,0.0,0.0,0.0,0.0,0.0,0.0,0.0,0.0,0.0,0.0,0.0,0.0,0.0,0.0,0.0,0.0,,,,,,,2,Jordan Brailford,Oklahoma State,Big 12,Defensive End,,,,,,,,,0.0
3122449,2018,60,0.0,0.0,0.0,0.0,0.0,0.5,1.0,1.0,1.0,0.0,0.0,0.0,0.0,5.0,0.0,83.0,0.0,0.0,0.0,0.0,0.0,0.0,0.0,0.0,0.0,0.0,0.0,0.0,0.0,0.0,0.0,0.0,0.0,226.0,39.0,4472.0,9.0,1.0,70.0,27.0,,,,91.0,20.0,4,James Washington,Oklahoma State,Big 12,Wide Receiver,,,19.787610619469028,7.777777777777778,16.6,,,,
3122593,2018,225,2.0,5.0,5.0,78.0,0.0,9.0,148.0,0.0,0.0,2.0,5.0,1.0,59.0,2.0,0.0,8.0,0.0,0.0,0.0,0.0,0.0,0.0,0.0,0.0,0.0,0.0,0.0,0.0,0.0,0.0,0.0,0.0,0.0,0.0,0.0,0.0,0.0,0.0,0.0,6.0,,,,,,4,Devante Downs,California,Pac-12,Cornerback,,,,,4.0,,,,11.8
3122630,2017,66,19.0,0.0,0.0,19.0,0.0,0.0,23.0,0.0,0.0,1.0,3.0,0.0,0.0,0.0,0.0,0.0,0.0,0.0,0.0,0.0,0.0,0.0,0.0,0.0,0.0,0.0,0.0,0.0,0.0,0.0,0.0,0.0,0.0,0.0,0.0,0.0,0.0,0.0,0.0,,,,,,,2,Ahkello Witherspoon,Colorado,Pac-12,Cornerback,,,,,,,,,0.0
3122672,2018,71,0.0,0.0,0.0,0.0,0.0,0.0,1.0,6.0,3.0,0.0,0.0,0.0,0.0,0.0,0.0,0.0,0.0,0.0,0.0,0.0,0.0,1.0,1.0,0.0,1.0,26.0,0.0,0.0,0.0,0.0,0.0,0.0,0.0,79.0,4.0,814.0,947.0,60.0,5621.0,,,,,50.0,85.0,4,Royce Freeman,Oregon,Pac-12,Running Back,1.0,26.0,10.30379746835443,5.93558606124604,,,,,
3122678,2019,156,8.0,11.0,13.0,87.0,1.0,32.0,164.0,0.0,0.0,2.0,2.0,1.0,18.0,0.0,0.0,0.0,0.0,0.0,0.0,0.0,0.0,0.0,0.0,0.0,0.0,0.0,0.0,0.0,0.0,0.0,0.0,0.0,0.0,0.0,0.0,0.0,0.0,0.0,0.0,,,,,,,3,Justin Hollins,Oregon,Pac-12,Outside Linebacker,,,,,,,,,9.0
3122692,2019,241,10.0,9.0,12.5,82.0,0.0,26.0,141.0,0.0,0.0,1.0,1.0,0.0,1.0,0.0,0.0,0.0,0.0,0.0,0.0,0.0,0.0,0.0,0.0,0.0,0.0,0.0,0.0,0.0,0.0,0.0,0.0,0.0,0.0,0.0,0.0,0.0,0.0,0.0,0.0,,,,,,,3,Jalen Jelks,Oregon,Pac-12,Defensive End,,,,,,,,,1.0
3122752,2016,27,0.0,0.0,0.0,0.0,0.0,0.0,0.0,0.0,0.0,0.0,0.0,0.0,0.0,0.0,0.0,0.0,0.0,0.0,0.0,0.0,0.0,0.0,0.0,0.0,0.0,0.0,0.0,0.0,0.0,0.0,0.0,0.0,0.0,1.0,1.0,3.0,0.0,0.0,0.0,,,,,3.0,,1,Kenny Clark,UCLA,Pac-12,Defensive Tackle,,,3.0,,,,,,
3122766,2019,85,4.0,15.0,34.5,83.0,0.0,46.0,143.0,0.0,0.0,4.0,0.0,0.0,0.0,0.0,0.0,0.0,0.0,0.0,0.0,0.0,0.0,0.0,0.0,0.0,0.0,0.0,0.0,0.0,0.0,0.0,0.0,0.0,0.0,0.0,0.0,0.0,0.0,0.0,0.0,,,,,,,3,Jaylon Ferguson,Louisiana Tech,Conference USA,Defensive End,,,,,,,,,
3122793,2018,41,6.0,8.0,21.5,56.0,0.0,30.5,88.0,0.0,0.0,0.0,1.0,0.0,20.0,0.0,0.0,0.0,0.0,0.0,0.0,0.0,0.0,0.0,0.0,0.0,0.0,0.0,0.0,0.0,0.0,0.0,0.0,0.0,0.0,0.0,0.0,0.0,0.0,0.0,0.0,,,,,,,2,Harold Landry,Boston College,ACC,Outside Linebacker,,,,,,,,,20.0
3122797,2018,99,17.0,0.0,0.0,53.0,0.0,3.0,79.0,0.0,0.0,0.0,3.0,0.0,30.0,0.0,0.0,0.0,0.0,0.0,0.0,0.0,0.0,0.0,0.0,0.0,0.0,0.0,0.0,0.0,0.0,0.0,0.0,0.0,0.0,0.0,0.0,0.0,0.0,0.0,0.0,,,,,,,3,Isaac Yiadom,Boston College,ACC,Cornerback,,,,,,,,,10.0
3122800,2018,189,14.0,0.0,0.0,62.0,0.0,3.5,93.0,1.0,0.0,2.0,2.0,0.0,-1.0,0.0,0.0,0.0,0.0,0.0,0.0,0.0,0.0,0.0,0.0,0.0,0.0,0.0,0.0,0.0,0.0,0.0,0.0,0.0,0.0,0.0,0.0,0.0,0.0,0.0,0.0,,,,,,,2,Kamrin Moore,Boston College,ACC,Cornerback,,,,,,,,,-0.5
3122818,2019,228,0.0,0.0,0.0,2.0,0.0,0.0,2.0,2.0,1.0,0.0,0.0,0.0,0.0,0.0,0.0,0.0,0.0,0.0,0.0,0.0,0.0,0.0,0.0,0.0,0.0,0.0,0.0,0.0,0.0,0.0,0.0,0.0,0.0,99.0,10.0,1281.0,0.0,0.0,0.0,,,,,48.0,,4,Tommy Sweeney,Boston College,ACC,Tight End,,,12.93939393939394,,,,,,
3122840,2017,12,0.0,0.0,0.0,0.0,0.0,0.0,0.0,3.0,2.0,0.0,0.0,0.0,0.0,0.0,0.0,0.0,0.0,0.0,0.0,0.0,0.0,1206.0,813.0,32.0,90.0,10163.0,0.0,0.0,0.0,0.0,2.0,0.0,61.0,0.0,0.0,0.0,435.0,26.0,1934.0,,,,38.0,,63.0,3,Deshaun Watson,Clemson,ACC,Quarterback,0.6741293532338308,8.427031509121061,,4.445977011494253,,,30.5,,
3122865,2019,240,0.0,0.0,0.0,2.0,0.0,0.0,2.0,0.0,0.0,0.0,0.0,0.0,0.0,0.0,0.0,0.0,0.0,0.0,0.0,0.0,0.0,0.0,0.0,0.0,0.0,0.0,0.0,0.0,0.0,0.0,0.0,0.0,0.0,0.0,0.0,0.0,0.0,0.0,0.0,,,,,,,1,Jackson Barton,Utah,Pac-12,Offensive Tackle,,,,,,,,,
3122866,2016,136,0.0,0.0,0.0,0.0,0.0,0.0,0.0,0.0,0.0,0.0,0.0,0.0,0.0,3.0,0.0,57.0,0.0,0.0,0.0,0.0,0.0,1.0,1.0,0.0,1.0,25.0,0.0,0.0,0.0,0.0,0.0,0.0,0.0,80.0,2.0,624.0,560.0,21.0,2773.0,23.0,,,,61.0,76.0,2,Devontae Booker,Utah,Pac-12,Running Back,1.0,25.0,7.8,4.951785714285714,19.0,,,,
3122882,2017,42,3.0,1.0,0.0,46.0,0.0,1.0,64.0,0.0,0.0,2.0,11.0,0.0,114.0,0.0,0.0,0.0,0.0,0.0,0.0,0.0,0.0,0.0,0.0,0.0,0.0,0.0,0.0,0.0,0.0,0.0,0.0,0.0,0.0,0.0,0.0,0.0,0.0,0.0,0.0,,,,,,,3,Marcus Williams,Utah,Pac-12,Safety,,,,,,,,,10.363636363636363
3122899,2018,240,0.0,0.0,0.0,1.0,0.0,0.0,1.0,4.0,1.0,0.0,0.0,0.0,0.0,3.0,0.0,61.0,0.0,0.0,0.0,0.0,0.0,8.0,6.0,0.0,0.0,80.0,24.0,0.0,165.0,0.0,0.0,0.0,0.0,244.0,23.0,3261.0,60.0,5.0,542.0,29.0,,27.0,,69.0,46.0,3,Richie James,Middle Tennessee,Conference USA,Wide Receiver,0.75,10.0,13.364754098360656,9.033333333333333,20.333333333333332,6.875,,,
3122915,2019,209,11.0,3.0,3.0,44.0,0.0,10.0,85.0,0.0,0.0,2.0,0.0,0.0,0.0,0.0,0.0,0.0,0.0,0.0,0.0,0.0,0.0,0.0,0.0,0.0,0.0,0.0,0.0,0.0,0.0,0.0,0.0,0.0,0.0,0.0,0.0,0.0,0.0,0.0,0.0,,,,,,,3,Demarcus Christmas,Florida State,ACC,Defensive Tackle,,,,,,,,,
3122920,2018,250,0.0,0.0,0.0,1.0,0.0,0.0,1.0,0.0,0.0,0.0,0.0,0.0,0.0,0.0,0.0,0.0,0.0,0.0,0.0,0.0,0.0,0.0,0.0,0.0,0.0,0.0,0.0,0.0,0.0,0.0,0.0,0.0,0.0,54.0,6.0,761.0,0.0,0.0,0.0,,,,,60.0,,4,Ryan Izzo,Florida State,ACC,Tight End,,,14.092592592592593,,,,,,
3122927,2018,127,0.0,0.0,0.0,2.0,0.0,0.0,2.0,0.0,0.0,0.0,0.0,0.0,0.0,0.0,0.0,0.0,0.0,0.0,0.0,0.0,0.0,0.0,0.0,0.0,0.0,0.0,0.0,0.0,0.0,0.0,0.0,0.0,0.0,0.0,0.0,0.0,0.0,0.0,0.0,,,,,,,1,Rick Leonard,Florida State,ACC,Offensive Tackle,,,,,,,,,
3122930,2018,75,2.0,4.0,9.5,48.0,0.0,20.5,102.0,0.0,0.0,1.0,0.0,0.0,0.0,0.0,0.0,0.0,0.0,0.0,0.0,0.0,0.0,0.0,0.0,0.0,0.0,0.0,0.0,0.0,0.0,0.0,0.0,0.0,0.0,0.0,0.0,0.0,0.0,0.0,0.0,,,,,,,2,Derrick Nnadi,Florida State,ACC,Defensive Tackle,,,,,,,,,
3123045,2018,67,4.0,4.0,8.5,39.0,0.0,23.0,74.0,0.0,0.0,1.0,0.0,0.0,0.0,0.0,0.0,0.0,0.0,0.0,0.0,0.0,0.0,0.0,0.0,0.0,0.0,0.0,0.0,0.0,0.0,0.0,0.0,0.0,0.0,0.0,0.0,0.0,0.0,0.0,0.0,,,,,,,2,Chad Thomas,Miami,ACC,Defensive End,,,,,,,,,
3123048,2017,215,0.0,0.0,0.0,0.0,0.0,0.0,0.0,3.0,1.0,0.0,0.0,0.0,0.0,0.0,0.0,0.0,0.0,0.0,0.0,0.0,0.0,1189.0,721.0,24.0,69.0,9972.0,0.0,0.0,0.0,0.0,0.0,0.0,0.0,0.0,0.0,0.0,94.0,4.0,-386.0,,,,,,12.0,3,Brad Kaaya,Miami,ACC,Quarterback,0.6063919259882254,8.386879730866275,,-4.1063829787234045,,,,,
3123050,2018,107,0.0,0.0,0.0,2.0,0.0,0.0,4.0,1.0,0.0,0.0,0.0,0.0,0.0,0.0,0.0,0.0,0.0,0.0,0.0,0.0,0.0,0.0,0.0,0.0,0.0,0.0,0.0,0.0,0.0,0.0,0.0,0.0,0.0,86.0,7.0,1048.0,0.0,0.0,0.0,,,,,51.0,,3,Christopher Herndon IV,Miami,ACC,Tight End,,,12.186046511627907,,,,,,
3123075,2018,210,0.0,0.0,0.0,0.0,1.0,0.0,0.0,0.0,0.0,0.0,0.0,0.0,0.0,3.0,0.0,60.0,0.0,0.0,0.0,0.0,0.0,1.0,1.0,0.0,0.0,17.0,47.0,1.0,488.0,0.0,0.0,0.0,0.0,99.0,14.0,1166.0,5.0,0.0,81.0,32.0,,44.0,,55.0,60.0,4,Braxton Berrios,Miami,ACC,Wide Receiver,1.0,17.0,11.777777777777779,16.2,20.0,10.382978723404255,,,
3123076,2017,29,0.0,0.0,0.0,0.0,0.0,0.0,1.0,0.0,0.0,0.0,0.0,0.0,0.0,0.0,0.0,0.0,0.0,0.0,0.0,0.0,0.0,0.0,0.0,0.0,0.0,0.0,0.0,0.0,0.0,0.0,0.0,0.0,0.0,64.0,9.0,1060.0,0.0,0.0,0.0,,,,,76.0,,2,David Njoku,Miami,ACC,Tight End,,,16.5625,,,,,,
3123233,2019,95,8.0,25.0,28.0,81.0,0.0,44.0,144.0,0.0,0.0,2.0,1.0,0.0,14.0,0.0,0.0,0.0,0.0,0.0,0.0,0.0,0.0,0.0,0.0,0.0,0.0,0.0,0.0,0.0,0.0,0.0,0.0,0.0,0.0,2.0,0.0,29.0,0.0,0.0,0.0,,,,,23.0,,3,Oshane Ximines,Old Dominion,Conference USA,Defensive End,,,14.5,,,,,,14.0
3123938,2018,125,19.0,1.0,6.5,59.0,1.0,12.5,76.0,1.0,0.0,1.0,8.0,2.0,63.0,19.0,1.0,437.0,0.0,0.0,0.0,0.0,0.0,0.0,0.0,0.0,0.0,0.0,10.0,0.0,49.0,0.0,0.0,0.0,0.0,0.0,0.0,0.0,2.0,0.0,8.0,89.0,,25.0,,,7.0,4,Avonte Maddox,Pittsburgh,ACC,Cornerback,,,,4.0,23.0,4.9,,,7.875
3123944,2019,152,0.0,0.0,0.0,5.0,0.0,0.0,8.0,0.0,0.0,0.0,0.0,0.0,0.0,0.0,0.0,0.0,0.0,0.0,0.0,0.0,0.0,1.0,0.0,0.0,0.0,0.0,0.0,0.0,0.0,0.0,0.0,0.0,0.0,50.0,3.0,375.0,529.0,29.0,2859.0,,,,,30.0,97.0,4,Qadree Ollison,Pittsburgh,ACC,Running Back,0.0,0.0,7.5,5.404536862003781,,,,,
3123954,2018,62,0.0,0.0,0.0,0.0,0.0,0.0,1.0,0.0,0.0,0.0,0.0,0.0,0.0,0.0,0.0,0.0,0.0,0.0,0.0,0.0,0.0,2.0,0.0,0.0,0.0,0.0,0.0,0.0,0.0,0.0,0.0,0.0,0.0,0.0,0.0,0.0,3.0,2.0,39.0,,,,,,24.0,2,Brian O'Neill,Pittsburgh,ACC,Offensive Tackle,0.0,0.0,,13.0,,,,,
3123963,2018,209,15.0,1.0,0.0,49.0,1.0,5.5,69.0,0.0,0.0,0.0,5.0,1.0,45.0,0.0,0.0,0.0,0.0,0.0,0.0,0.0,0.0,0.0,0.0,0.0,0.0,0.0,0.0,0.0,0.0,0.0,0.0,0.0,0.0,0.0,0.0,0.0,9.0,0.0,41.0,,,,,,21.0,4,Cornell Armstrong,UTSA,Conference USA,Cornerback,,,,4.555555555555555,,,,,9.0
3123969,2018,126,0.0,0.0,0.0,2.0,0.0,0.0,2.0,6.0,5.0,0.0,0.0,0.0,0.0,27.0,0.0,565.0,0.0,0.0,0.0,0.0,0.0,0.0,0.0,0.0,0.0,0.0,0.0,0.0,0.0,0.0,0.0,0.0,0.0,140.0,7.0,1446.0,820.0,42.0,4536.0,45.0,,,,84.0,89.0,4,Ito Smith,Southern Miss,Conference USA,Running Back,,,10.32857142857143,5.53170731707317,20.925925925925927,,,,
3123986,2016,206,0.0,0.0,0.0,0.0,0.0,0.0,0.0,0.0,0.0,0.0,0.0,0.0,0.0,41.0,1.0,936.0,0.0,0.0,0.0,0.0,0.0,0.0,0.0,0.0,0.0,0.0,0.0,0.0,0.0,0.0,0.0,0.0,0.0,112.0,19.0,1983.0,0.0,0.0,0.0,100.0,,,,69.0,,2,Michael Thomas,Southern Miss,Conference USA,Wide Receiver,,,17.705357142857142,,22.829268292682926,,,,
3124005,2018,235,5.0,6.0,3.5,97.0,0.0,15.5,185.0,0.0,0.0,0.0,2.0,0.0,34.0,0.0,0.0,0.0,0.0,0.0,0.0,0.0,0.0,0.0,0.0,0.0,0.0,0.0,0.0,0.0,0.0,0.0,0.0,0.0,0.0,0.0,0.0,0.0,0.0,0.0,0.0,,,,,,,3,Zaire Franklin,Syracuse,ACC,Inside Linebacker,,,,,,,,,17.0
3124015,2019,245,2.0,9.0,8.5,52.0,0.0,26.5,85.0,0.0,0.0,1.0,0.0,0.0,0.0,0.0,0.0,0.0,0.0,0.0,0.0,0.0,0.0,0.0,0.0,0.0,0.0,0.0,0.0,0.0,0.0,0.0,0.0,0.0,0.0,0.0,0.0,0.0,0.0,0.0,0.0,,,,,,,3,Chris Slayton,Syracuse,ACC,Defensive Tackle,,,,,,,,,
3124058,2018,14,5.0,16.0,15.0,63.0,0.0,27.0,122.0,0.0,0.0,2.0,0.0,0.0,0.0,0.0,0.0,0.0,0.0,0.0,0.0,0.0,0.0,0.0,0.0,0.0,0.0,0.0,0.0,0.0,0.0,0.0,0.0,0.0,0.0,0.0,0.0,0.0,0.0,0.0,0.0,,,,,,,2,Marcus Davenport,UTSA,Conference USA,Defensive End,,,,,,,,,
3124067,2018,28,7.0,2.0,1.5,75.0,0.0,5.0,149.0,1.0,0.0,1.0,6.0,0.0,98.0,0.0,0.0,0.0,0.0,0.0,0.0,0.0,0.0,0.0,0.0,0.0,0.0,0.0,1.0,0.0,19.0,0.0,0.0,0.0,0.0,2.0,0.0,18.0,0.0,0.0,0.0,,,19.0,,20.0,,4,Terrell Edmunds,Virginia Tech,ACC,Safety,,,9.0,,,19.0,,,16.333333333333332
3124069,2017,237,0.0,0.0,0.0,0.0,0.0,0.0,0.0,0.0,0.0,0.0,0.0,0.0,0.0,0.0,0.0,0.0,0.0,0.0,0.0,0.0,0.0,4.0,2.0,0.0,0.0,44.0,0.0,0.0,0.0,0.0,0.0,0.0,0.0,210.0,24.0,2967.0,17.0,0.0,84.0,,,,,75.0,26.0,3,Isaiah Ford,Virginia Tech,ACC,Wide Receiver,0.5,11.0,14.128571428571428,4.9411764705882355,,,,,
3124086,2018,241,21.0,0.0,0.0,21.0,4.0,0.0,34.0,4.0,0.0,0.0,9.0,1.0,45.0,24.0,0.0,478.0,0.0,0.0,0.0,0.0,0.0,0.0,0.0,0.0,0.0,0.0,128.0,4.0,1108.0,0.0,2.0,0.0,80.0,1.0,0.0,6.0,9.0,0.0,16.0,37.0,,91.0,45.0,6.0,17.0,4,Greg Stroman,Virginia Tech,ACC,Cornerback,,,6.0,1.7777777777777777,19.916666666666668,8.65625,40.0,,5.0
3124537,2019,174,0.0,0.0,0.0,2.0,0.0,0.0,2.0,5.0,3.0,0.0,0.0,0.0,0.0,11.0,0.0,227.0,0.0,0.0,0.0,0.0,0.0,0.0,0.0,0.0,0.0,0.0,16.0,0.0,64.0,0.0,0.0,0.0,0.0,275.0,24.0,3463.0,8.0,0.0,27.0,29.0,,14.0,,81.0,10.0,4,KeeSean Johnson,Fresno State,Mountain West,Wide Receiver,,,12.592727272727272,3.375,20.636363636363637,4.0,,,
3124574,2018,110,17.0,2.0,0.0,21.0,1.0,0.0,30.0,1.0,0.0,0.0,0.0,0.0,0.0,1.0,0.0,24.0,0.0,0.0,0.0,0.0,0.0,0.0,0.0,0.0,0.0,0.0,43.0,1.0,347.0,0.0,0.0,0.0,0.0,0.0,0.0,0.0,0.0,0.0,0.0,24.0,,50.0,,,,2,Nick Nelson,Wisconsin,Big Ten,Cornerback,,,,,24.0,8.069767441860465,,,
3124587,2019,43,5.0,10.0,14.5,193.0,0.0,36.0,334.0,0.0,0.0,2.0,2.0,0.0,8.0,0.0,0.0,0.0,0.0,0.0,0.0,0.0,0.0,0.0,0.0,0.0,0.0,0.0,0.0,0.0,0.0,0.0,2.0,0.0,108.0,0.0,0.0,0.0,0.0,0.0,0.0,,,,61.0,,,4,Jahlani Tavai,Hawai'i,Mountain West,Inside Linebacker,,,,,,,54.0,,4.0
3124679,2018,229,0.0,0.0,0.0,1.0,0.0,0.0,3.0,0.0,0.0,0.0,0.0,0.0,0.0,0.0,0.0,0.0,35.0,25.0,186.0,112.0,111.0,0.0,0.0,0.0,0.0,0.0,0.0,0.0,0.0,0.0,0.0,0.0,0.0,0.0,0.0,0.0,0.0,0.0,0.0,,53.0,,,,,3,Jason Sanders,New Mexico,Mountain West,Place Kicker,,,,,,,,0.7142857142857143,
3124779,2018,115,4.0,7.0,5.5,93.0,0.0,21.5,181.0,0.0,0.0,1.0,0.0,0.0,0.0,0.0,0.0,0.0,0.0,0.0,0.0,0.0,0.0,0.0,0.0,0.0,0.0,0.0,0.0,0.0,0.0,0.0,0.0,0.0,0.0,0.0,0.0,0.0,0.0,0.0,0.0,,,,,,,2,Joel Iyiegbuniwe,Western Kentucky,Conference USA,Outside Linebacker,,,,,,,,,
3124890,2019,244,6.0,6.0,10.0,106.0,1.0,24.5,153.0,0.0,0.0,3.0,5.0,1.0,56.0,0.0,0.0,0.0,0.0,0.0,0.0,0.0,0.0,0.0,0.0,0.0,0.0,0.0,0.0,0.0,0.0,0.0,0.0,0.0,0.0,7.0,2.0,156.0,0.0,0.0,0.0,,,,,45.0,,3,Kaden Elliss,Idaho,Sun Belt,Outside Linebacker,,,22.285714285714285,,,,,,11.2
3124900,2020,189,0.0,0.0,0.0,0.0,0.0,0.0,0.0,4.0,3.0,0.0,0.0,0.0,0.0,0.0,0.0,0.0,0.0,0.0,0.0,0.0,0.0,794.0,494.0,15.0,43.0,5610.0,0.0,0.0,0.0,1.0,2.0,0.0,66.0,0.0,0.0,0.0,116.0,6.0,-131.0,,,,33.0,,19.0,4,Jake Luton,Oregon State,Pac-12,Quarterback,0.6221662468513854,7.065491183879093,,-1.1293103448275863,,,33.0,,
3124964,2019,203,0.0,0.0,0.0,1.0,5.0,0.0,1.0,8.0,4.0,0.0,0.0,0.0,0.0,71.0,4.0,1761.0,0.0,0.0,0.0,0.0,0.0,0.0,0.0,0.0,0.0,0.0,29.0,1.0,280.0,0.0,0.0,0.0,0.0,204.0,24.0,2744.0,52.0,1.0,501.0,95.0,,71.0,,80.0,74.0,4,Marcus Green,UL Monroe,Sun Belt,Wide Receiver,,,13.450980392156863,9.634615384615385,24.802816901408452,9.655172413793103,,,
3124970,2019,49,1.0,15.0,17.0,70.0,1.0,33.5,99.0,0.0,0.0,1.0,0.0,0.0,0.0,0.0,0.0,0.0,0.0,0.0,0.0,0.0,0.0,0.0,0.0,0.0,0.0,0.0,0.0,0.0,0.0,0.0,0.0,0.0,0.0,0.0,0.0,0.0,0.0,0.0,0.0,,,,,,,2,Ben Banogu,TCU,Big 12,Outside Linebacker,,,,,,,,,
3125073,2017,232,3.0,2.0,1.5,72.0,0.0,6.5,110.0,0.0,0.0,1.0,5.0,0.0,5.0,0.0,0.0,0.0,0.0,0.0,0.0,0.0,0.0,0.0,0.0,0.0,0.0,0.0,0.0,0.0,0.0,0.0,0.0,0.0,0.0,0.0,0.0,0.0,0.0,0.0,0.0,,,,,,,2,Elijah Lee,Kansas State,Big 12,Outside Linebacker,,,,,,,,,1.0
3125082,2019,41,0.0,0.0,0.0,1.0,0.0,0.0,1.0,0.0,0.0,0.0,0.0,0.0,0.0,0.0,0.0,0.0,0.0,0.0,0.0,0.0,0.0,0.0,0.0,0.0,0.0,0.0,0.0,0.0,0.0,0.0,0.0,0.0,0.0,1.0,1.0,5.0,0.0,0.0,0.0,,,,,5.0,,2,Dalton Risner,Kansas State,Big 12,Offensive Tackle,,,5.0,,,,,,
3125116,2017,89,0.0,0.0,0.0,1.0,0.0,0.0,1.0,6.0,6.0,0.0,0.0,0.0,0.0,2.0,0.0,30.0,0.0,0.0,0.0,0.0,0.0,0.0,0.0,0.0,0.0,0.0,0.0,0.0,0.0,0.0,0.0,0.0,0.0,13.0,0.0,146.0,434.0,20.0,2783.0,25.0,,,,22.0,93.0,3,D'Onta Foreman,Texas,Big 12,Running Back,,,11.23076923076923,6.412442396313364,15.0,,,,
3125232,2018,237,0.0,0.0,0.0,1.0,0.0,0.0,1.0,1.0,1.0,0.0,0.0,0.0,0.0,0.0,0.0,0.0,0.0,0.0,0.0,0.0,0.0,38.0,13.0,2.0,1.0,147.0,0.0,0.0,0.0,0.0,0.0,0.0,0.0,30.0,1.0,240.0,12.0,0.0,47.0,,,,,24.0,15.0,3,Nick Bawden,San Diego State,Mountain West,Fullback,0.34210526315789475,3.8684210526315788,8.0,3.9166666666666665,,,,,
3125403,2017,156,0.0,0.0,0.0,0.0,0.0,0.0,0.0,1.0,0.0,0.0,0.0,0.0,0.0,1.0,0.0,27.0,0.0,0.0,0.0,0.0,0.0,0.0,0.0,0.0,0.0,0.0,0.0,0.0,0.0,0.0,0.0,0.0,0.0,41.0,0.0,403.0,775.0,35.0,4287.0,27.0,,,,40.0,89.0,3,Brian Hill,Wyoming,Mountain West,Running Back,,,9.829268292682928,5.531612903225806,27.0,,,,
3125961,2015,62,0.0,0.0,0.0,0.0,0.0,0.0,0.0,0.0,0.0,0.0,7.0,1.0,35.0,0.0,0.0,0.0,0.0,0.0,0.0,0.0,0.0,0.0,0.0,0.0,0.0,0.0,0.0,0.0,0.0,0.0,0.0,0.0,0.0,0.0,0.0,0.0,0.0,0.0,0.0,,,,,,,1,Quinten Rollins,Miami (OH),Mid-American,Cornerback,,,,,,,,,5.0
3126035,2019,55,0.0,0.0,0.0,0.0,0.0,0.0,1.0,0.0,0.0,0.0,0.0,0.0,0.0,0.0,0.0,0.0,0.0,0.0,0.0,0.0,0.0,0.0,0.0,0.0,0.0,0.0,0.0,0.0,0.0,0.0,0.0,0.0,0.0,0.0,0.0,0.0,0.0,0.0,0.0,,,,,,,1,Max Scharping,Northern Illinois,Mid-American,Offensive Tackle,,,,,,,,,
3126176,2017,126,10.0,0.0,0.0,45.0,1.0,2.5,54.0,0.0,0.0,2.0,9.0,1.0,63.0,0.0,0.0,0.0,0.0,0.0,0.0,0.0,0.0,0.0,0.0,0.0,0.0,0.0,0.0,0.0,0.0,0.0,0.0,0.0,0.0,0.0,0.0,0.0,0.0,0.0,0.0,,,,,,,3,Howard Wilson,Houston,American Athletic,Cornerback,,,,,,,,,7.0
3126179,2018,221,2.0,2.0,3.5,111.0,0.0,14.0,170.0,0.0,0.0,2.0,0.0,0.0,0.0,0.0,0.0,0.0,0.0,0.0,0.0,0.0,0.0,0.0,0.0,0.0,0.0,0.0,0.0,0.0,0.0,0.0,0.0,0.0,0.0,0.0,0.0,0.0,0.0,0.0,0.0,,,,,,,2,Matthew Adams,Houston,American Athletic,Inside Linebacker,,,,,,,,,
3126182,2019,129,14.0,1.0,0.0,88.0,0.0,2.0,115.0,1.0,1.0,0.0,4.0,0.0,94.0,0.0,0.0,0.0,0.0,0.0,0.0,0.0,0.0,0.0,0.0,0.0,0.0,0.0,0.0,0.0,0.0,0.0,0.0,0.0,0.0,21.0,0.0,208.0,0.0,0.0,0.0,,,,,44.0,,4,Isaiah Johnson,Houston,American Athletic,Cornerback,,,9.904761904761905,,,,,,23.5
3126204,2018,150,4.0,13.0,13.5,113.0,2.0,32.0,159.0,0.0,0.0,1.0,2.0,2.0,51.0,0.0,0.0,0.0,0.0,0.0,0.0,0.0,0.0,0.0,0.0,0.0,0.0,0.0,0.0,0.0,0.0,0.0,0.0,0.0,0.0,0.0,0.0,0.0,0.0,0.0,0.0,,,,,,,2,Genard Avery,Memphis,American Athletic,Inside Linebacker,,,,,,,,,25.5
3126245,2019,221,35.0,2.0,0.5,104.0,1.0,7.5,131.0,1.0,0.0,1.0,8.0,1.0,79.0,0.0,0.0,0.0,0.0,0.0,0.0,0.0,0.0,0.0,0.0,0.0,0.0,0.0,3.0,0.0,0.0,0.0,0.0,0.0,0.0,0.0,0.0,0.0,0.0,0.0,0.0,,,1.0,,,,3,Donnie Lewis Jr.,Tulane,American Athletic,Cornerback,,,,,,0.0,,,9.875
3126349,2018,22,5.0,13.0,10.0,66.0,0.0,17.5,126.0,0.0,0.0,2.0,0.0,0.0,0.0,0.0,0.0,0.0,0.0,0.0,0.0,0.0,0.0,0.0,0.0,0.0,0.0,0.0,0.0,0.0,0.0,0.0,0.0,0.0,0.0,0.0,0.0,0.0,0.0,0.0,0.0,,,,,,,2,Rashaan Evans,Alabama,SEC,Inside Linebacker,,,,,,,,,
3126350,2018,246,3.0,1.0,1.0,9.0,0.0,3.5,23.0,0.0,0.0,0.0,0.0,0.0,0.0,0.0,0.0,0.0,0.0,0.0,0.0,0.0,0.0,0.0,0.0,0.0,0.0,0.0,0.0,0.0,0.0,0.0,0.0,0.0,0.0,0.0,0.0,0.0,0.0,0.0,0.0,,,,,,,2,Joshua Frazier,Alabama,SEC,Defensive Tackle,,,,,,,,,
3126352,2018,114,1.0,5.0,5.0,19.0,0.0,7.0,48.0,0.0,0.0,0.0,0.0,0.0,0.0,0.0,0.0,0.0,0.0,0.0,0.0,0.0,0.0,0.0,0.0,0.0,0.0,0.0,0.0,0.0,0.0,0.0,0.0,0.0,0.0,0.0,0.0,0.0,0.0,0.0,0.0,,,,,,,2,Da'Shawn Hand,Alabama,SEC,Defensive End,,,,,,,,,
3126356,2017,16,5.0,0.0,0.0,26.0,1.0,3.0,36.0,0.0,0.0,0.0,5.0,1.0,46.0,0.0,0.0,0.0,0.0,0.0,0.0,0.0,0.0,0.0,0.0,0.0,0.0,0.0,0.0,0.0,0.0,0.0,0.0,0.0,0.0,0.0,0.0,0.0,0.0,0.0,0.0,,,,,,,2,Marlon Humphrey,Alabama,SEC,Cornerback,,,,,,,,,9.2
3126362,2019,115,1.0,16.0,11.0,25.0,0.0,15.5,56.0,0.0,0.0,1.0,0.0,0.0,0.0,0.0,0.0,0.0,0.0,0.0,0.0,0.0,0.0,0.0,0.0,0.0,0.0,0.0,0.0,0.0,0.0,0.0,0.0,0.0,0.0,0.0,0.0,0.0,0.0,0.0,0.0,,,,,,,3,Christian Miller,Alabama,SEC,Outside Linebacker,,,,,,,,,
3126364,2019,153,0.0,0.0,0.0,1.0,0.0,0.0,1.0,0.0,0.0,0.0,0.0,0.0,0.0,0.0,0.0,0.0,0.0,0.0,0.0,0.0,0.0,0.0,0.0,0.0,0.0,0.0,0.0,0.0,0.0,0.0,0.0,0.0,0.0,0.0,0.0,0.0,0.0,0.0,0.0,,,,,,,1,Ross Pierschbacher,Alabama,SEC,Offensive Guard,,,,,,,,,
3126367,2018,236,0.0,0.0,0.0,0.0,0.0,0.0,1.0,3.0,0.0,1.0,0.0,0.0,0.0,0.0,0.0,0.0,0.0,0.0,0.0,0.0,0.0,0.0,0.0,0.0,0.0,0.0,0.0,0.0,0.0,0.0,0.0,0.0,0.0,21.0,0.0,131.0,267.0,20.0,1512.0,,,,,15.0,85.0,3,Bo Scarbrough,Alabama,SEC,Running Back,,,6.238095238095238,5.662921348314606,,,,,
3126368,2018,172,0.0,0.0,0.0,1.0,0.0,0.0,4.0,0.0,0.0,0.0,0.0,0.0,0.0,0.0,0.0,0.0,4.0,1.0,13.0,10.0,10.0,1.0,1.0,0.0,0.0,-9.0,0.0,0.0,0.0,31.0,243.0,5.0,11074.0,0.0,0.0,0.0,0.0,0.0,0.0,,48.0,,73.0,,,4,JK Scott,Alabama,SEC,Punter,1.0,-9.0,,,,,45.57201646090535,0.25,
3126486,2019,36,0.0,0.0,0.0,1.0,3.0,0.0,1.0,3.0,2.0,2.0,0.0,0.0,0.0,43.0,4.0,1236.0,0.0,0.0,0.0,0.0,0.0,2.0,2.0,0.0,2.0,46.0,3.0,0.0,8.0,0.0,0.0,0.0,0.0,148.0,16.0,2076.0,25.0,7.0,154.0,100.0,,7.0,,89.0,25.0,4,Deebo Samuel,South Carolina,SEC,Wide Receiver,1.0,23.0,14.027027027027026,6.16,28.74418604651163,2.6666666666666665,,,
3127264,2019,22,0.0,0.0,0.0,1.0,0.0,0.0,2.0,0.0,0.0,0.0,0.0,0.0,0.0,0.0,0.0,0.0,0.0,0.0,0.0,0.0,0.0,0.0,0.0,0.0,0.0,0.0,0.0,0.0,0.0,0.0,0.0,0.0,0.0,0.0,0.0,0.0,0.0,0.0,0.0,,,,,,,2,Andre Dillard,Washington State,Pac-12,Offensive Tackle,,,,,,,,,
3127287,2017,36,5.0,1.0,3.0,48.0,0.0,10.0,70.0,0.0,0.0,0.0,5.0,0.0,62.0,1.0,0.0,40.0,0.0,0.0,0.0,0.0,0.0,0.0,0.0,0.0,0.0,0.0,0.0,0.0,0.0,0.0,0.0,0.0,0.0,0.0,0.0,0.0,1.0,0.0,-1.0,40.0,,,,,0.0,3,Budda Baker,Washington,Pac-12,Safety,,,,-1.0,40.0,,,,12.4
3127292,2018,120,0.0,0.0,0.0,2.0,0.0,0.0,3.0,0.0,0.0,0.0,0.0,0.0,0.0,0.0,0.0,0.0,0.0,0.0,0.0,0.0,0.0,0.0,0.0,0.0,0.0,0.0,0.0,0.0,0.0,0.0,0.0,0.0,0.0,24.0,3.0,328.0,0.0,0.0,0.0,,,,,52.0,,2,Will Dissly,Washington,Pac-12,Tight End,,,13.666666666666666,,,,,,
3127294,2019,134,3.0,2.0,8.5,61.0,0.0,19.5,117.0,0.0,0.0,1.0,1.0,0.0,0.0,0.0,0.0,0.0,0.0,0.0,0.0,0.0,0.0,0.0,0.0,0.0,0.0,0.0,0.0,0.0,0.0,0.0,0.0,0.0,0.0,0.0,0.0,0.0,0.0,0.0,0.0,,,,,,,3,Greg Gaines,Washington,Pac-12,Defensive Tackle,,,,,,,,,0.0
3127299,2017,43,6.0,0.0,0.0,27.0,0.0,2.5,39.0,0.0,0.0,0.0,9.0,1.0,147.0,0.0,0.0,0.0,0.0,0.0,0.0,0.0,0.0,0.0,0.0,0.0,0.0,0.0,0.0,0.0,0.0,0.0,0.0,0.0,0.0,0.0,0.0,0.0,0.0,0.0,0.0,,,,,,,3,Sidney Jones,Washington,Pac-12,Cornerback,,,,,,,,,16.333333333333332
3127304,2019,31,0.0,0.0,0.0,1.0,0.0,0.0,1.0,0.0,0.0,0.0,0.0,0.0,0.0,0.0,0.0,0.0,0.0,0.0,0.0,0.0,0.0,0.0,0.0,0.0,0.0,0.0,0.0,0.0,0.0,0.0,0.0,0.0,0.0,0.0,0.0,0.0,0.0,0.0,0.0,,,,,,,1,Kaleb McGary,Washington,Pac-12,Offensive Tackle,,,,,,,,,
3127306,2018,44,0.0,0.0,0.0,0.0,5.0,0.0,0.0,5.0,3.0,0.0,0.0,0.0,0.0,0.0,0.0,0.0,0.0,0.0,0.0,0.0,0.0,5.0,3.0,0.0,1.0,125.0,93.0,9.0,1274.0,0.0,0.0,0.0,0.0,163.0,24.0,2256.0,4.0,0.0,42.0,,,89.0,,73.0,32.0,4,Dante Pettis,Washington,Pac-12,Wide Receiver,0.6,25.0,13.840490797546012,10.5,,13.698924731182796,,,
3127310,2019,52,0.0,0.0,0.0,1.0,0.0,0.0,2.0,0.0,0.0,0.0,0.0,0.0,0.0,1.0,0.0,11.0,0.0,0.0,0.0,0.0,0.0,0.0,0.0,0.0,0.0,0.0,0.0,0.0,0.0,0.0,0.0,0.0,0.0,45.0,5.0,480.0,0.0,0.0,0.0,11.0,,,,33.0,,4,Drew Sample,Washington,Pac-12,Tight End,,,10.666666666666666,,11.0,,,,
3127367,2019,177,15.0,0.0,0.0,93.0,0.0,6.0,142.0,0.0,0.0,0.0,5.0,0.0,33.0,0.0,0.0,0.0,0.0,0.0,0.0,0.0,0.0,0.0,0.0,0.0,0.0,0.0,2.0,0.0,-1.0,0.0,0.0,0.0,0.0,0.0,0.0,0.0,0.0,0.0,0.0,,,4.0,,,,4,Saquan Hampton,Rutgers,Big Ten,Safety,,,,,,-0.5,,,6.6
3127586,2017,162,0.0,0.0,0.0,2.0,0.0,0.0,2.0,5.0,2.0,0.0,0.0,0.0,0.0,29.0,0.0,554.0,0.0,0.0,0.0,0.0,0.0,0.0,0.0,0.0,0.0,0.0,0.0,0.0,0.0,0.0,0.0,0.0,0.0,103.0,11.0,1089.0,571.0,44.0,3205.0,30.0,,,,76.0,88.0,3,Jeremy McNichols,Boise State,Mountain West,Running Back,,,10.572815533980583,5.612959719789842,19.103448275862068,,,,
3128252,2018,193,5.0,6.0,5.0,69.0,0.0,15.0,114.0,0.0,0.0,1.0,0.0,0.0,0.0,0.0,0.0,0.0,0.0,0.0,0.0,0.0,0.0,12.0,3.0,2.0,0.0,31.0,0.0,0.0,0.0,0.0,0.0,0.0,0.0,0.0,0.0,0.0,17.0,0.0,91.0,,,,,,29.0,3,Chris Covington,Indiana,Big Ten,Outside Linebacker,0.25,2.5833333333333335,,5.352941176470588,,,,,
3128263,2019,131,0.0,0.0,0.0,1.0,0.0,0.0,1.0,0.0,0.0,0.0,0.0,0.0,0.0,0.0,0.0,0.0,0.0,0.0,0.0,0.0,0.0,0.0,0.0,0.0,0.0,0.0,0.0,0.0,0.0,0.0,0.0,0.0,0.0,0.0,0.0,0.0,0.0,0.0,0.0,,,,,,,1,Wes Martin,Indiana,Big Ten,Offensive Guard,,,,,,,,,
3128317,2019,187,0.0,0.0,0.0,0.0,0.0,0.0,2.0,1.0,1.0,0.0,0.0,0.0,0.0,0.0,0.0,0.0,0.0,0.0,0.0,0.0,0.0,0.0,0.0,0.0,0.0,0.0,0.0,0.0,0.0,0.0,0.0,0.0,0.0,60.0,6.0,807.0,0.0,0.0,0.0,,,,,79.0,,3,Juwann Winfree,Maryland,Big Ten,Wide Receiver,,,13.45,,,,,,
3128429,2018,40,0.0,0.0,0.0,4.0,0.0,0.0,4.0,0.0,0.0,0.0,0.0,0.0,0.0,0.0,0.0,0.0,0.0,0.0,0.0,0.0,0.0,2.0,2.0,0.0,0.0,75.0,1.0,0.0,-8.0,0.0,0.0,0.0,0.0,195.0,31.0,3220.0,1.0,1.0,2.0,,,-8.0,,88.0,2.0,4,Courtland Sutton,SMU,American Athletic,Wide Receiver,1.0,37.5,16.512820512820515,2.0,,-8.0,,,
3128451,2018,91,1.0,0.0,0.0,3.0,0.0,0.0,3.0,0.0,0.0,0.0,0.0,0.0,0.0,0.0,0.0,0.0,0.0,0.0,0.0,0.0,0.0,0.0,0.0,0.0,0.0,0.0,0.0,0.0,0.0,0.0,0.0,0.0,0.0,168.0,22.0,2748.0,5.0,1.0,23.0,,,,,79.0,15.0,3,Tre'Quan Smith,UCF,American Athletic,Wide Receiver,,,16.357142857142858,4.6,,,,,
3128452,2018,98,0.0,0.0,0.0,0.0,0.0,0.0,0.0,1.0,1.0,0.0,0.0,0.0,0.0,22.0,0.0,512.0,0.0,0.0,0.0,0.0,0.0,0.0,0.0,0.0,0.0,0.0,2.0,0.0,15.0,0.0,0.0,0.0,0.0,81.0,8.0,1149.0,0.0,0.0,0.0,68.0,,9.0,,71.0,,4,Jordan Akins,UCF,American Athletic,Tight End,,,14.185185185185185,,23.272727272727273,7.5,,,
3128685,2019,190,2.0,3.0,7.0,27.0,0.0,8.5,54.0,0.0,0.0,0.0,0.0,0.0,0.0,0.0,0.0,0.0,0.0,0.0,0.0,0.0,0.0,0.0,0.0,0.0,0.0,0.0,0.0,0.0,0.0,0.0,0.0,0.0,0.0,0.0,0.0,0.0,0.0,0.0,0.0,,,,,,,3,Armon Watts,Arkansas,SEC,Defensive Tackle,,,,,,,,,
3128689,2018,20,0.0,0.0,0.0,0.0,0.0,0.0,1.0,0.0,0.0,0.0,0.0,0.0,0.0,0.0,0.0,0.0,0.0,0.0,0.0,0.0,0.0,0.0,0.0,0.0,0.0,0.0,0.0,0.0,0.0,0.0,0.0,0.0,0.0,0.0,0.0,0.0,0.0,0.0,0.0,,,,,,,1,Frank Ragnow,Arkansas,SEC,Center,,,,,,,,,
3128707,2019,179,0.0,0.0,0.0,1.0,0.0,0.0,1.0,0.0,0.0,0.0,0.0,0.0,0.0,0.0,0.0,0.0,0.0,0.0,0.0,0.0,0.0,0.0,0.0,0.0,0.0,0.0,0.0,0.0,0.0,0.0,0.0,0.0,0.0,0.0,0.0,0.0,0.0,0.0,0.0,,,,,,,1,Lamont Gaillard,Georgia,SEC,Center,,,,,,,,,
3128713,2018,23,0.0,0.0,0.0,2.0,0.0,0.0,2.0,0.0,0.0,0.0,0.0,0.0,0.0,0.0,0.0,0.0,0.0,0.0,0.0,0.0,0.0,0.0,0.0,0.0,0.0,0.0,0.0,0.0,0.0,0.0,0.0,0.0,0.0,0.0,0.0,0.0,0.0,0.0,0.0,,,,,,,1,Isaiah Wynn,Georgia,SEC,Offensive Guard,,,,,,,,,
3128715,2018,66,0.0,5.0,9.5,51.0,0.0,13.5,102.0,0.0,0.0,5.0,0.0,0.0,0.0,0.0,0.0,0.0,0.0,0.0,0.0,0.0,0.0,0.0,0.0,0.0,0.0,0.0,0.0,0.0,0.0,0.0,0.0,0.0,0.0,0.0,0.0,0.0,0.0,0.0,0.0,,,,,,,2,Lorenzo Carter,Georgia,SEC,Outside Linebacker,,,,,,,,,
3128720,2018,35,0.0,0.0,0.0,0.0,0.0,0.0,0.0,3.0,3.0,0.0,0.0,0.0,0.0,0.0,0.0,0.0,0.0,0.0,0.0,0.0,0.0,0.0,0.0,0.0,0.0,0.0,0.0,0.0,0.0,0.0,0.0,0.0,0.0,31.0,4.0,361.0,758.0,44.0,4769.0,,,,,49.0,83.0,4,Nick Chubb,Georgia,SEC,Running Back,,,11.64516129032258,6.29155672823219,,,,,
3128721,2018,31,0.0,0.0,0.0,1.0,0.0,0.0,1.0,5.0,2.0,0.0,0.0,0.0,0.0,5.0,0.0,71.0,0.0,0.0,0.0,0.0,0.0,0.0,0.0,0.0,0.0,0.0,0.0,0.0,0.0,0.0,0.0,0.0,0.0,64.0,6.0,621.0,591.0,33.0,3638.0,20.0,,,,48.0,75.0,4,Sony Michel,Georgia,SEC,Running Back,,,9.703125,6.155668358714044,14.2,,,,
3128724,2017,172,0.0,0.0,0.0,0.0,1.0,0.0,0.0,4.0,2.0,0.0,0.0,0.0,0.0,17.0,1.0,375.0,0.0,0.0,0.0,0.0,0.0,0.0,0.0,0.0,0.0,0.0,62.0,5.0,692.0,0.0,0.0,0.0,0.0,60.0,7.0,823.0,37.0,4.0,329.0,90.0,,82.0,,77.0,55.0,3,Isaiah McKenzie,Georgia,SEC,Wide Receiver,,,13.716666666666667,8.891891891891891,22.058823529411764,11.161290322580646,,,
3128740,2018,46,2.0,16.0,8.0,38.0,0.0,9.5,95.0,0.0,0.0,1.0,0.0,0.0,0.0,0.0,0.0,0.0,0.0,0.0,0.0,0.0,0.0,0.0,0.0,0.0,0.0,0.0,0.0,0.0,0.0,0.0,0.0,0.0,0.0,0.0,0.0,0.0,0.0,0.0,0.0,,,,,,,2,Breeland Speaks,Ole Miss,SEC,Defensive End,,,,,,,,,
3128743,2019,252,8.0,0.0,0.0,47.0,0.0,2.5,62.0,0.0,0.0,0.0,3.0,0.0,28.0,0.0,0.0,0.0,0.0,0.0,0.0,0.0,0.0,0.0,0.0,0.0,0.0,0.0,1.0,0.0,14.0,0.0,0.0,0.0,0.0,0.0,0.0,0.0,0.0,0.0,0.0,,,14.0,,,,4,Ken Webster,Ole Miss,SEC,Cornerback,,,,,,14.0,,,9.333333333333334
3128774,2018,131,0.0,0.0,0.0,0.0,0.0,0.0,1.0,4.0,2.0,0.0,0.0,0.0,0.0,48.0,0.0,1059.0,0.0,0.0,0.0,0.0,0.0,4.0,3.0,0.0,1.0,30.0,1.0,0.0,-6.0,0.0,0.0,0.0,0.0,82.0,2.0,684.0,450.0,27.0,1984.0,96.0,,0.0,,71.0,75.0,4,Kalen Ballage,Arizona State,Pac-12,Running Back,0.75,7.5,8.341463414634147,4.408888888888889,22.0625,-6.0,,,
3128801,2018,178,1.0,1.0,3.0,88.0,0.0,9.5,128.0,0.0,0.0,0.0,3.0,0.0,11.0,0.0,0.0,0.0,0.0,0.0,0.0,0.0,0.0,0.0,0.0,0.0,0.0,0.0,0.0,0.0,0.0,0.0,0.0,0.0,0.0,0.0,0.0,0.0,0.0,0.0,0.0,,,,,,,4,Christian Sam,Arizona State,Pac-12,Outside Linebacker,,,,,,,,,3.6666666666666665
3128815,2019,125,5.0,0.0,3.0,43.0,0.0,13.5,73.0,1.0,1.0,0.0,1.0,0.0,-4.0,0.0,0.0,0.0,0.0,0.0,0.0,0.0,0.0,0.0,0.0,0.0,0.0,0.0,0.0,0.0,0.0,0.0,0.0,0.0,0.0,0.0,0.0,0.0,0.0,0.0,0.0,,,,,,,3,Renell Wren,Arizona State,Pac-12,Defensive Tackle,,,,,,,,,-4.0
3128843,2018,220,0.0,0.0,0.0,0.0,0.0,0.0,0.0,10.0,4.0,0.0,0.0,0.0,0.0,0.0,0.0,0.0,0.0,0.0,0.0,0.0,0.0,1335.0,806.0,37.0,65.0,9091.0,0.0,0.0,0.0,0.0,0.0,0.0,0.0,0.0,0.0,0.0,308.0,16.0,535.0,,,,,,60.0,4,Alex McGough,Florida International,Conference USA,Quarterback,0.6037453183520599,6.809737827715356,,1.7370129870129871,,,,,
3129302,2017,52,0.0,0.0,0.0,0.0,0.0,0.0,0.0,5.0,3.0,0.0,0.0,0.0,0.0,0.0,0.0,0.0,0.0,0.0,0.0,0.0,0.0,696.0,423.0,19.0,47.0,5809.0,0.0,0.0,0.0,0.0,3.0,0.0,118.0,1.0,0.0,4.0,263.0,18.0,992.0,,,,43.0,4.0,79.0,2,DeShone Kizer,Notre Dame,FBS Independents,Quarterback,0.6077586206896551,8.346264367816092,4.0,3.7718631178707223,,,39.333333333333336,,
3129308,2018,6,0.0,0.0,0.0,3.0,0.0,0.0,3.0,0.0,0.0,0.0,0.0,0.0,0.0,0.0,0.0,0.0,0.0,0.0,0.0,0.0,0.0,0.0,0.0,0.0,0.0,0.0,0.0,0.0,0.0,0.0,0.0,0.0,0.0,0.0,0.0,0.0,0.0,0.0,0.0,,,,,,,2,Quenton Nelson,Notre Dame,FBS Independents,Offensive Guard,,,,,,,,,
3129310,2019,130,8.0,7.0,3.0,152.0,0.0,19.0,235.0,0.0,0.0,4.0,3.0,0.0,-2.0,0.0,0.0,0.0,0.0,0.0,0.0,0.0,0.0,0.0,0.0,0.0,0.0,0.0,2.0,0.0,24.0,0.0,0.0,0.0,0.0,0.0,0.0,0.0,0.0,0.0,0.0,,,19.0,,,,4,Drue Tranquill,Notre Dame,FBS Independents,Inside Linebacker,,,,,,12.0,,,-0.6666666666666666
3133487,2019,151,5.0,10.0,11.0,61.0,1.0,17.5,90.0,0.0,0.0,1.0,2.0,1.0,11.0,0.0,0.0,0.0,0.0,0.0,0.0,0.0,0.0,0.0,0.0,0.0,0.0,0.0,0.0,0.0,0.0,0.0,0.0,0.0,0.0,0.0,0.0,0.0,0.0,0.0,0.0,,,,,,,2,Andrew Van Ginkel,Wisconsin,Big Ten,Outside Linebacker,,,,,,,,,5.5
3134302,2018,162,0.0,0.0,0.0,3.0,1.0,0.0,3.0,2.0,2.0,0.0,0.0,0.0,0.0,3.0,0.0,58.0,0.0,0.0,0.0,0.0,0.0,1.0,1.0,0.0,0.0,30.0,1.0,1.0,23.0,0.0,0.0,0.0,0.0,113.0,14.0,1901.0,4.0,0.0,-6.0,25.0,,23.0,,75.0,5.0,3,Jordan Lasley,UCLA,Pac-12,Wide Receiver,1.0,30.0,16.82300884955752,-1.5,19.333333333333332,23.0,,,
3134310,2018,122,5.0,0.0,6.0,134.0,0.0,17.0,199.0,0.0,0.0,4.0,2.0,1.0,63.0,0.0,0.0,0.0,0.0,0.0,0.0,0.0,0.0,0.0,0.0,0.0,0.0,0.0,0.0,0.0,0.0,0.0,0.0,0.0,0.0,0.0,0.0,0.0,0.0,0.0,0.0,,,,,,,3,Kenny Young,UCLA,Pac-12,Inside Linebacker,,,,,,,,,31.5
3134312,2018,15,0.0,0.0,0.0,1.0,0.0,0.0,1.0,0.0,0.0,0.0,0.0,0.0,0.0,0.0,0.0,0.0,0.0,0.0,0.0,0.0,0.0,0.0,0.0,0.0,0.0,0.0,0.0,0.0,0.0,0.0,0.0,0.0,0.0,0.0,0.0,0.0,1.0,0.0,-3.0,,,,,,0.0,1,Kolton Miller,UCLA,Pac-12,Offensive Tackle,,,,-3.0,,,,,
3134362,2018,12,5.0,2.0,8.5,53.0,0.0,12.0,83.0,0.0,0.0,0.0,0.0,0.0,0.0,0.0,0.0,0.0,0.0,0.0,0.0,0.0,0.0,0.0,0.0,0.0,0.0,0.0,1.0,0.0,17.0,0.0,0.0,0.0,0.0,0.0,0.0,0.0,0.0,0.0,0.0,,,17.0,,,,2,Vita Vea,Washington,Pac-12,Defensive Tackle,,,,,,17.0,,,
3134448,2018,196,0.0,0.0,0.0,7.0,1.0,0.0,9.0,0.0,0.0,0.0,2.0,0.0,69.0,1.0,0.0,12.0,0.0,0.0,0.0,0.0,0.0,0.0,0.0,0.0,0.0,0.0,2.0,0.0,77.0,0.0,0.0,0.0,0.0,0.0,0.0,0.0,0.0,0.0,0.0,12.0,,47.0,,,,3,Tremon Smith,Central Arkansas,Southland,Cornerback,,,,,12.0,38.5,,,34.5
3134681,2017,35,0.0,5.0,1.5,20.0,0.0,7.0,34.0,0.0,0.0,0.0,1.0,1.0,13.0,0.0,0.0,0.0,0.0,0.0,0.0,0.0,0.0,0.0,0.0,0.0,0.0,0.0,0.0,0.0,0.0,0.0,0.0,0.0,0.0,0.0,0.0,0.0,0.0,0.0,0.0,,,,,,,2,Malik McDowell,Michigan State,Big Ten,Defensive Tackle,,,,,,,,,13.0
3134683,2017,123,2.0,0.0,0.0,39.0,0.0,2.0,86.0,0.0,0.0,1.0,4.0,0.0,70.0,1.0,0.0,17.0,0.0,0.0,0.0,0.0,0.0,0.0,0.0,0.0,0.0,0.0,0.0,0.0,0.0,0.0,0.0,0.0,0.0,0.0,0.0,0.0,0.0,0.0,0.0,17.0,,,,,,2,Montae Nicholson,Michigan State,Big Ten,Safety,,,,,17.0,,,,17.5
3134690,2019,26,0.0,9.0,19.0,45.0,0.0,26.5,98.0,0.0,0.0,1.0,0.0,0.0,0.0,0.0,0.0,0.0,0.0,0.0,0.0,0.0,0.0,0.0,0.0,0.0,0.0,0.0,0.0,0.0,0.0,0.0,0.0,0.0,0.0,0.0,0.0,0.0,0.0,0.0,0.0,,,,,,,2,Montez Sweat,Mississippi State,SEC,Defensive End,,,,,,,,,
3135321,2019,149,0.0,0.0,0.0,3.0,0.0,0.0,4.0,0.0,0.0,1.0,0.0,0.0,0.0,1.0,0.0,6.0,0.0,0.0,0.0,0.0,0.0,2.0,1.0,0.0,0.0,2.0,6.0,0.0,0.0,0.0,1.0,0.0,42.0,186.0,15.0,2133.0,0.0,0.0,0.0,6.0,,3.0,42.0,61.0,,4,Hunter Renfrow,Clemson,ACC,Wide Receiver,0.5,1.0,11.46774193548387,,6.0,0.0,42.0,,
3136374,2019,124,0.0,0.0,0.0,2.0,0.0,0.0,2.0,0.0,0.0,0.0,0.0,0.0,0.0,0.0,0.0,0.0,0.0,0.0,0.0,0.0,0.0,0.0,0.0,0.0,0.0,0.0,0.0,0.0,0.0,0.0,0.0,0.0,0.0,0.0,0.0,0.0,0.0,0.0,0.0,,,,,,,2,Phil Haynes,Wake Forest,ACC,Offensive Guard,,,,,,,,,
3138677,2018,19,4.0,1.0,5.0,114.0,0.0,12.0,168.0,0.0,0.0,0.0,4.0,0.0,47.0,0.0,0.0,0.0,0.0,0.0,0.0,0.0,0.0,0.0,0.0,0.0,0.0,0.0,0.0,0.0,0.0,0.0,0.0,0.0,0.0,0.0,0.0,0.0,1.0,0.0,10.0,,,,,,10.0,3,Leighton Vander Esch,Boise State,Mountain West,Inside Linebacker,,,,10.0,,,,,11.75
3138764,2018,186,2.0,3.0,10.5,36.0,0.0,14.0,62.0,0.0,0.0,2.0,0.0,0.0,0.0,0.0,0.0,0.0,0.0,0.0,0.0,0.0,0.0,0.0,0.0,0.0,0.0,0.0,0.0,0.0,0.0,0.0,0.0,0.0,0.0,0.0,0.0,0.0,0.0,0.0,0.0,,,,,,,2,Jacob Martin,Temple,American Athletic,Outside Linebacker,,,,,,,,,
3138765,2019,249,0.0,3.0,8.5,68.0,0.0,19.5,141.0,0.0,0.0,0.0,0.0,0.0,0.0,0.0,0.0,0.0,0.0,0.0,0.0,0.0,0.0,0.0,0.0,0.0,0.0,0.0,0.0,0.0,0.0,0.0,0.0,0.0,0.0,0.0,0.0,0.0,0.0,0.0,0.0,,,,,,,3,Michael Dogbe,Temple,American Athletic,Defensive End,,,,,,,,,
3138826,2018,70,11.0,0.0,2.5,95.0,1.0,19.5,173.0,0.0,0.0,1.0,7.0,2.0,134.0,0.0,0.0,0.0,0.0,0.0,0.0,0.0,0.0,0.0,0.0,0.0,0.0,0.0,0.0,0.0,0.0,0.0,0.0,0.0,0.0,0.0,0.0,0.0,0.0,0.0,0.0,,,,,,,4,Fred Warner,BYU,FBS Independents,Inside Linebacker,,,,,,,,,19.142857142857142
3138834,2019,80,5.0,7.0,7.0,104.0,0.0,19.5,180.0,0.0,0.0,0.0,0.0,0.0,0.0,0.0,0.0,0.0,0.0,0.0,0.0,0.0,0.0,0.0,0.0,0.0,0.0,0.0,0.0,0.0,0.0,0.0,0.0,0.0,0.0,0.0,0.0,0.0,0.0,0.0,0.0,,,,,,,2,Sione Takitaki,BYU,FBS Independents,Outside Linebacker,,,,,,,,,
3139036,2019,242,8.0,11.0,9.0,63.0,0.0,25.0,126.0,0.0,0.0,1.0,1.0,0.0,-2.0,0.0,0.0,0.0,0.0,0.0,0.0,0.0,0.0,0.0,0.0,0.0,0.0,0.0,0.0,0.0,0.0,0.0,0.0,0.0,0.0,0.0,0.0,0.0,0.0,0.0,0.0,,,,,,,3,Cortez Broughton,Cincinnati,American Athletic,Defensive Tackle,,,,,,,,,-2.0
3139368,2019,191,18.0,0.0,2.0,153.0,1.0,16.5,237.0,0.0,0.0,3.0,9.0,1.0,211.0,0.0,0.0,0.0,0.0,0.0,0.0,0.0,0.0,0.0,0.0,0.0,0.0,0.0,0.0,0.0,0.0,0.0,0.0,0.0,0.0,0.0,0.0,0.0,0.0,0.0,0.0,,,,,,,4,Marcus Epps,Wyoming,Mountain West,Safety,,,,,,,,,23.444444444444443
3139387,2018,142,23.0,1.0,0.0,96.0,3.0,5.0,115.0,5.0,1.0,1.0,7.0,1.0,67.0,27.0,1.0,836.0,0.0,0.0,0.0,0.0,0.0,0.0,0.0,0.0,0.0,0.0,17.0,1.0,253.0,0.0,0.0,0.0,0.0,0.0,0.0,0.0,0.0,0.0,0.0,99.0,,62.0,,,,2,D.J. Reed,Kansas State,Big 12,Cornerback,,,,,30.962962962962962,14.882352941176471,,,9.571428571428571
3139453,2019,251,6.0,8.0,2.5,95.0,0.0,12.5,174.0,0.0,0.0,3.0,4.0,0.0,40.0,1.0,0.0,3.0,0.0,0.0,0.0,0.0,0.0,0.0,0.0,0.0,0.0,0.0,0.0,0.0,0.0,0.0,0.0,0.0,0.0,1.0,0.0,1.0,0.0,0.0,0.0,3.0,,,,1.0,,3,Dakota Allen,Texas Tech,Big 12,Inside Linebacker,,,1.0,,3.0,,,,10.0
3139477,2017,10,0.0,0.0,0.0,0.0,0.0,0.0,0.0,6.0,1.0,0.0,0.0,0.0,0.0,0.0,0.0,0.0,0.0,0.0,0.0,0.0,0.0,1349.0,857.0,29.0,93.0,11252.0,0.0,0.0,0.0,0.0,0.0,0.0,0.0,1.0,0.0,3.0,308.0,22.0,845.0,,,,,3.0,32.0,3,Patrick Mahomes,Texas Tech,Big 12,Quarterback,0.6352853965900667,8.3409933283914,3.0,2.7435064935064934,,,,,
3139522,2019,184,0.0,0.0,0.0,1.0,0.0,0.0,1.0,0.0,0.0,0.0,0.0,0.0,0.0,0.0,0.0,0.0,0.0,0.0,0.0,0.0,0.0,0.0,0.0,0.0,0.0,0.0,0.0,0.0,0.0,0.0,0.0,0.0,0.0,128.0,18.0,2044.0,0.0,0.0,0.0,,,,,71.0,,4,Travis Fulgham,Old Dominion,Conference USA,Wide Receiver,,,15.96875,,,,,,
3139605,2017,143,0.0,0.0,0.0,0.0,0.0,0.0,0.0,4.0,3.0,0.0,0.0,0.0,0.0,0.0,0.0,0.0,0.0,0.0,0.0,0.0,0.0,0.0,0.0,0.0,0.0,0.0,0.0,0.0,0.0,0.0,0.0,0.0,0.0,65.0,1.0,498.0,586.0,32.0,3609.0,,,,,37.0,85.0,3,Marlon Mack,South Florida,American Athletic,Running Back,,,7.661538461538462,6.158703071672355,,,,,
3139925,2018,27,0.0,0.0,0.0,0.0,5.0,0.0,1.0,5.0,4.0,0.0,0.0,0.0,0.0,81.0,7.0,2449.0,0.0,0.0,0.0,0.0,0.0,0.0,0.0,0.0,0.0,0.0,2.0,1.0,70.0,0.0,0.0,0.0,0.0,42.0,6.0,479.0,487.0,38.0,3643.0,100.0,,70.0,,41.0,95.0,4,Rashaad Penny,San Diego State,Mountain West,Running Back,,,11.404761904761905,7.480492813141684,30.234567901234566,35.0,,,
3144984,2018,45,22.0,0.0,0.0,44.0,2.0,1.5,58.0,0.0,0.0,0.0,8.0,2.0,168.0,0.0,0.0,0.0,0.0,0.0,0.0,0.0,0.0,0.0,0.0,0.0,0.0,0.0,5.0,0.0,36.0,0.0,0.0,0.0,0.0,0.0,0.0,0.0,0.0,0.0,0.0,,,17.0,,,,2,Joshua Jackson,Iowa,Big Ten,Cornerback,,,,,,7.2,,,21.0
3152371,2017,26,6.0,3.0,10.0,50.0,0.0,18.0,61.0,0.0,0.0,1.0,0.0,0.0,0.0,0.0,0.0,0.0,0.0,0.0,0.0,0.0,0.0,0.0,0.0,0.0,0.0,0.0,1.0,0.0,32.0,0.0,0.0,0.0,0.0,0.0,0.0,0.0,0.0,0.0,0.0,,,32.0,,,,2,Takkarist McKinley,UCLA,Pac-12,Defensive End,,,,,,32.0,,,
3155647,2019,99,21.0,2.0,1.5,165.0,1.0,18.5,278.0,0.0,0.0,1.0,10.0,2.0,146.0,0.0,0.0,0.0,0.0,0.0,0.0,0.0,0.0,0.0,0.0,0.0,0.0,0.0,0.0,0.0,0.0,0.0,0.0,0.0,0.0,0.0,0.0,0.0,0.0,0.0,0.0,,,,,,,4,Mike Edwards,Kentucky,SEC,Safety,,,,,,,,,14.6
3672833,2019,14,0.0,0.0,0.0,2.0,0.0,0.0,2.0,0.0,0.0,0.0,0.0,0.0,0.0,0.0,0.0,0.0,0.0,0.0,0.0,0.0,0.0,0.0,0.0,0.0,0.0,0.0,0.0,0.0,0.0,0.0,0.0,0.0,0.0,0.0,0.0,0.0,0.0,0.0,0.0,,,,,,,2,Chris Lindstrom,Boston College,ACC,Offensive Guard,,,,,,,,,
3672862,2019,181,6.0,2.0,2.5,113.0,1.0,5.5,211.0,0.0,0.0,3.0,8.0,1.0,77.0,2.0,0.0,-11.0,0.0,0.0,0.0,0.0,0.0,0.0,0.0,0.0,0.0,0.0,0.0,0.0,0.0,0.0,0.0,0.0,0.0,0.0,0.0,0.0,0.0,0.0,0.0,-3.0,,,,,,4,Jaquan Johnson,Miami,ACC,Safety,,,,,-5.5,,,,9.625
3672884,2020,249,2.0,3.0,3.0,43.0,0.0,10.5,78.0,0.0,0.0,1.0,2.0,0.0,0.0,16.0,0.0,329.0,0.0,0.0,0.0,0.0,0.0,0.0,0.0,0.0,0.0,0.0,0.0,0.0,0.0,0.0,0.0,0.0,0.0,1.0,0.0,-1.0,0.0,0.0,0.0,40.0,,,,-1.0,,3,Brian Keith Cole,Mississippi State,SEC,Safety,,,-1.0,,20.5625,,,,0.0
3676819,2020,31,38.0,0.0,0.5,95.0,0.0,3.0,129.0,1.0,0.0,0.0,5.0,0.0,128.0,0.0,0.0,0.0,0.0,0.0,0.0,0.0,0.0,0.0,0.0,0.0,0.0,0.0,0.0,0.0,0.0,0.0,0.0,0.0,0.0,0.0,0.0,0.0,0.0,0.0,0.0,,,,,,,4,Jeff Gladney,TCU,Big 12,Cornerback,,,,,,,,,25.6
3686690,2020,229,3.0,13.0,8.0,36.0,0.0,12.0,79.0,0.0,0.0,2.0,0.0,0.0,0.0,0.0,0.0,0.0,0.0,0.0,0.0,0.0,0.0,0.0,0.0,0.0,0.0,0.0,1.0,0.0,11.0,0.0,0.0,0.0,0.0,0.0,0.0,0.0,0.0,0.0,0.0,,,11.0,,,,4,James Smith-Williams,NC State,ACC,Defensive End,,,,,,11.0,,,
3691031,2019,246,0.0,0.0,0.0,0.0,0.0,0.0,0.0,1.0,0.0,0.0,0.0,0.0,0.0,0.0,0.0,0.0,0.0,0.0,0.0,0.0,0.0,0.0,0.0,0.0,0.0,0.0,0.0,0.0,0.0,0.0,0.0,0.0,0.0,0.0,0.0,0.0,0.0,0.0,0.0,,,,,,,1,Javon Patterson,Ole Miss,SEC,Center,,,,,,,,,
3691739,2018,17,11.0,4.0,1.0,58.0,1.0,5.5,95.0,0.0,0.0,0.0,3.0,1.0,41.0,6.0,0.0,170.0,0.0,0.0,0.0,0.0,0.0,0.0,0.0,0.0,0.0,0.0,1.0,0.0,-2.0,0.0,0.0,0.0,0.0,0.0,0.0,0.0,0.0,0.0,0.0,49.0,,-2.0,,,,3,Derwin James,Florida State,ACC,Safety,,,,,28.333333333333332,-2.0,,,13.666666666666666
3693166,2018,130,4.0,12.0,12.5,56.0,0.0,24.0,97.0,0.0,0.0,0.0,1.0,0.0,6.0,0.0,0.0,0.0,0.0,0.0,0.0,0.0,0.0,0.0,0.0,0.0,0.0,0.0,0.0,0.0,0.0,0.0,0.0,0.0,0.0,0.0,0.0,0.0,0.0,0.0,0.0,,,,,,,3,Josh Sweat,Florida State,ACC,Defensive End,,,,,,,,,6.0
3699462,2020,232,8.0,11.0,9.5,59.0,0.0,17.5,125.0,0.0,0.0,2.0,0.0,0.0,0.0,0.0,0.0,0.0,0.0,0.0,0.0,0.0,0.0,0.0,0.0,0.0,0.0,0.0,0.0,0.0,0.0,0.0,0.0,0.0,0.0,0.0,0.0,0.0,0.0,0.0,0.0,,,,,,,4,Carlos Davis,Nebraska,Big Ten,Defensive Tackle,,,,,,,,,
3699530,2020,194,2.0,6.0,13.0,63.0,0.0,26.0,105.0,0.0,0.0,1.0,0.0,0.0,0.0,0.0,0.0,0.0,0.0,0.0,0.0,0.0,0.0,0.0,0.0,0.0,0.0,0.0,0.0,0.0,0.0,0.0,0.0,0.0,0.0,0.0,0.0,0.0,0.0,0.0,0.0,,,,,,,4,Khalil Davis,Nebraska,Big Ten,Defensive Tackle,,,,,,,,,
3701669,2019,162,10.0,1.0,2.5,154.0,0.0,25.5,259.0,0.0,0.0,2.0,4.0,1.0,126.0,2.0,0.0,9.0,0.0,0.0,0.0,0.0,0.0,0.0,0.0,0.0,0.0,0.0,0.0,0.0,0.0,0.0,0.0,0.0,0.0,0.0,0.0,0.0,0.0,0.0,0.0,7.0,,,,,,4,Cameron Smith,USC,Pac-12,Inside Linebacker,,,,,4.5,,,,31.5
3705353,2019,211,0.0,0.0,0.0,0.0,0.0,0.0,0.0,0.0,0.0,0.0,0.0,0.0,0.0,4.0,0.0,38.0,0.0,0.0,0.0,0.0,0.0,0.0,0.0,0.0,0.0,0.0,1.0,0.0,7.0,0.0,0.0,0.0,0.0,17.0,5.0,281.0,200.0,16.0,1285.0,21.0,,7.0,,46.0,65.0,3,Rodney Anderson,Oklahoma,Big 12,Running Back,,,16.529411764705884,6.425,9.5,7.0,,,
3706968,2019,97,0.0,0.0,0.0,1.0,0.0,0.0,1.0,0.0,0.0,0.0,0.0,0.0,0.0,0.0,0.0,0.0,0.0,0.0,0.0,0.0,0.0,0.0,0.0,0.0,0.0,0.0,0.0,0.0,0.0,0.0,0.0,0.0,0.0,0.0,0.0,0.0,0.0,0.0,0.0,,,,,,,1,Bobby Evans,Oklahoma,Big 12,Offensive Tackle,,,,,,,,,
3728253,2019,117,2.0,13.0,19.0,54.0,0.0,33.0,104.0,0.0,0.0,0.0,1.0,0.0,0.0,0.0,0.0,0.0,0.0,0.0,0.0,0.0,0.0,0.0,0.0,0.0,0.0,0.0,0.0,0.0,0.0,0.0,0.0,0.0,0.0,0.0,0.0,0.0,0.0,0.0,0.0,,,,,,,3,Austin Bryant,Clemson,ACC,Defensive End,,,,,,,,,0.0
3728254,2018,185,0.0,1.0,0.0,1.0,0.0,0.0,1.0,0.0,0.0,0.0,0.0,0.0,0.0,0.0,0.0,0.0,0.0,0.0,0.0,0.0,0.0,1.0,1.0,0.0,0.0,35.0,0.0,0.0,0.0,0.0,0.0,0.0,0.0,130.0,20.0,2040.0,1.0,0.0,-5.0,,,,,67.0,0.0,3,Deon Cain,Clemson,ACC,Wide Receiver,1.0,35.0,15.692307692307692,-5.0,,,,,
3728258,2019,4,5.0,25.0,27.0,81.0,0.0,49.0,161.0,0.0,0.0,1.0,0.0,0.0,0.0,0.0,0.0,0.0,0.0,0.0,0.0,0.0,0.0,0.0,0.0,0.0,0.0,0.0,0.0,0.0,0.0,0.0,0.0,0.0,0.0,0.0,0.0,0.0,0.0,0.0,0.0,,,,,,,3,Clelin Ferrell,Clemson,ACC,Defensive End,,,,,,,,,
3728262,2018,187,0.0,0.0,0.0,4.0,1.0,0.0,4.0,11.0,5.0,0.0,0.0,0.0,0.0,9.0,0.0,232.0,0.0,0.0,0.0,0.0,0.0,0.0,0.0,0.0,0.0,0.0,55.0,1.0,485.0,0.0,0.0,0.0,0.0,127.0,4.0,1226.0,18.0,0.0,106.0,73.0,,77.0,,79.0,17.0,3,Ray-Ray McCloud,Clemson,ACC,Wide Receiver,,,9.653543307086615,5.888888888888889,25.77777777777778,8.818181818181818,,,
3728263,2020,100,13.0,2.0,4.0,103.0,1.0,10.5,189.0,0.0,0.0,1.0,7.0,1.0,102.0,0.0,0.0,0.0,0.0,0.0,0.0,0.0,0.0,0.0,0.0,0.0,0.0,0.0,0.0,0.0,0.0,0.0,0.0,0.0,0.0,0.0,0.0,0.0,0.0,0.0,0.0,,,,,,,4,Tanner Muse,Clemson,ACC,Safety,,,,,,,,,14.571428571428571
3728266,2019,13,15.0,15.0,13.0,74.0,0.0,34.5,155.0,1.0,0.0,4.0,0.0,0.0,0.0,0.0,0.0,0.0,0.0,0.0,0.0,0.0,0.0,0.0,0.0,0.0,0.0,0.0,0.0,0.0,0.0,0.0,0.0,0.0,0.0,2.0,1.0,32.0,4.0,2.0,13.0,,,,,31.0,10.0,4,Christian Wilkins,Clemson,ACC,Defensive Tackle,,,16.0,3.25,,,,,
3728281,2019,157,7.0,0.0,12.0,113.0,1.0,30.5,179.0,0.0,0.0,1.0,0.0,0.0,0.0,0.0,0.0,0.0,0.0,0.0,0.0,0.0,0.0,0.0,0.0,0.0,0.0,0.0,0.0,0.0,0.0,0.0,0.0,0.0,0.0,0.0,0.0,0.0,0.0,0.0,0.0,,,,,,,3,Blake Cashman,Minnesota,Big Ten,Inside Linebacker,,,,,,,,,
3728305,2019,27,8.0,6.0,5.0,94.0,0.0,13.0,166.0,1.0,1.0,1.0,2.0,0.0,9.0,0.0,0.0,0.0,0.0,0.0,0.0,0.0,0.0,0.0,0.0,0.0,0.0,0.0,0.0,0.0,0.0,0.0,0.0,0.0,0.0,0.0,0.0,0.0,0.0,0.0,0.0,,,,,,,2,Johnathan Abram,Mississippi State,SEC,Safety,,,,,,,,,4.5
377665,2012,105,0.0,0.0,0.0,0.0,0.0,0.0,0.0,0.0,0.0,0.0,3.0,0.0,30.0,3.0,0.0,24.0,0.0,0.0,0.0,0.0,0.0,0.0,0.0,0.0,0.0,0.0,0.0,0.0,0.0,0.0,0.0,0.0,0.0,0.0,0.0,0.0,1.0,0.0,2.0,18.0,,,,,2.0,4,Nigel Bradham,Florida State,ACC,Outside Linebacker,,,,2.0,8.0,,,,10.0
377669,2013,206,0.0,0.0,0.0,0.0,0.0,0.0,0.0,0.0,0.0,0.0,1.0,0.0,7.0,1.0,0.0,10.0,0.0,0.0,0.0,0.0,0.0,0.0,0.0,0.0,0.0,0.0,0.0,0.0,0.0,0.0,0.0,0.0,0.0,0.0,0.0,0.0,0.0,0.0,0.0,10.0,,,,,,2,Vince Williams,Florida State,ACC,Inside Linebacker,,,,,10.0,,,,7.0
377686,2013,224,0.0,0.0,0.0,0.0,0.0,0.0,0.0,0.0,0.0,0.0,0.0,0.0,0.0,0.0,0.0,0.0,0.0,0.0,0.0,0.0,0.0,0.0,0.0,0.0,0.0,0.0,0.0,0.0,0.0,0.0,0.0,0.0,0.0,81.0,9.0,1088.0,1.0,0.0,4.0,,,,,59.0,4.0,4,Kevin Dorsey,Maryland,ACC,Wide Receiver,,,13.432098765432098,4.0,,,,,
377699,2013,56,0.0,0.0,0.0,0.0,0.0,0.0,0.0,0.0,0.0,0.0,3.0,1.0,47.0,0.0,0.0,0.0,0.0,0.0,0.0,0.0,0.0,1.0,0.0,1.0,0.0,0.0,0.0,0.0,0.0,0.0,0.0,0.0,0.0,0.0,0.0,0.0,0.0,0.0,0.0,,,,,,,3,Arthur Brown,NC State,ACC,Outside Linebacker,0.0,0.0,,,,,,,15.666666666666666
377711,2012,86,0.0,0.0,0.0,0.0,0.0,0.0,0.0,0.0,0.0,0.0,1.0,1.0,7.0,0.0,0.0,0.0,0.0,0.0,0.0,0.0,0.0,0.0,0.0,0.0,0.0,0.0,0.0,0.0,0.0,0.0,0.0,0.0,0.0,0.0,0.0,0.0,0.0,0.0,0.0,,,,,,,1,Sean Spence,Miami,ACC,Outside Linebacker,,,,,,,,,7.0
377715,2012,44,0.0,0.0,0.0,0.0,0.0,0.0,0.0,0.0,0.0,0.0,0.0,0.0,0.0,0.0,0.0,0.0,0.0,0.0,0.0,0.0,0.0,0.0,0.0,0.0,0.0,0.0,0.0,0.0,0.0,0.0,0.0,0.0,0.0,1.0,0.0,2.0,0.0,0.0,0.0,,,,,2.0,,1,Jeff Allen,Illinois,Big Ten,Offensive Guard,,,2.0,,,,,,
377717,2011,57,0.0,0.0,0.0,0.0,0.0,0.0,0.0,0.0,0.0,0.0,0.0,0.0,0.0,0.0,0.0,0.0,0.0,0.0,0.0,0.0,0.0,0.0,0.0,0.0,0.0,0.0,0.0,0.0,0.0,0.0,0.0,0.0,0.0,37.0,5.0,439.0,424.0,23.0,2557.0,,,,,41.0,70.0,3,Mikel Leshoure,Illinois,Big Ten,Running Back,,,11.864864864864865,6.03066037735849,,,,,
377838,2012,186,0.0,0.0,0.0,0.0,0.0,0.0,0.0,0.0,0.0,0.0,0.0,0.0,0.0,2.0,0.0,9.0,0.0,0.0,0.0,0.0,0.0,0.0,0.0,0.0,0.0,0.0,0.0,0.0,0.0,0.0,0.0,0.0,0.0,52.0,9.0,720.0,0.0,0.0,0.0,5.0,,,,76.0,,4,James Hanna,Oklahoma,Big 12,Tight End,,,13.846153846153847,,4.5,,,,
377845,2013,115,0.0,0.0,0.0,0.0,0.0,0.0,0.0,0.0,0.0,0.0,0.0,0.0,0.0,0.0,0.0,0.0,0.0,0.0,0.0,0.0,0.0,2183.0,1388.0,52.0,123.0,16646.0,0.0,0.0,0.0,0.0,0.0,0.0,0.0,0.0,0.0,0.0,132.0,3.0,-375.0,,,,,,18.0,4,Landry Jones,Oklahoma,Big 12,Quarterback,0.635822262940907,7.6252863032524045,,-2.840909090909091,,,,,
377881,2011,51,0.0,0.0,0.0,0.0,0.0,0.0,0.0,0.0,0.0,0.0,1.0,0.0,0.0,0.0,0.0,0.0,0.0,0.0,0.0,0.0,0.0,0.0,0.0,0.0,0.0,0.0,0.0,0.0,0.0,0.0,0.0,0.0,0.0,0.0,0.0,0.0,0.0,0.0,0.0,,,,,,,1,Da'Quan Bowers,Clemson,ACC,Defensive End,,,,,,,,,0.0
377894,2013,213,0.0,0.0,0.0,0.0,0.0,0.0,0.0,0.0,0.0,0.0,4.0,0.0,125.0,0.0,0.0,0.0,0.0,0.0,0.0,0.0,0.0,0.0,0.0,0.0,0.0,0.0,0.0,0.0,0.0,0.0,0.0,0.0,0.0,0.0,0.0,0.0,0.0,0.0,0.0,,,,,,,2,Michael Mauti,Penn State,Big Ten,Inside Linebacker,,,,,,,,,31.25
377911,2012,190,0.0,0.0,0.0,0.0,0.0,0.0,0.0,0.0,0.0,0.0,3.0,1.0,62.0,0.0,0.0,0.0,0.0,0.0,0.0,0.0,0.0,0.0,0.0,0.0,0.0,0.0,0.0,0.0,0.0,0.0,0.0,0.0,0.0,0.0,0.0,0.0,0.0,0.0,0.0,,,,,,,1,Markelle Martin,Oklahoma State,Big 12,Safety,,,,,,,,,20.666666666666668
377964,2013,63,0.0,0.0,0.0,0.0,0.0,0.0,0.0,0.0,0.0,0.0,0.0,0.0,0.0,1.0,0.0,13.0,0.0,0.0,0.0,0.0,0.0,1.0,1.0,0.0,1.0,39.0,0.0,0.0,0.0,0.0,0.0,0.0,0.0,59.0,10.0,875.0,8.0,2.0,47.0,13.0,,,,83.0,19.0,3,Travis Kelce,Cincinnati,Big East,Tight End,1.0,39.0,14.830508474576272,5.875,13.0,,,,
377970,2012,50,0.0,0.0,0.0,0.0,0.0,0.0,0.0,0.0,0.0,0.0,0.0,0.0,0.0,0.0,0.0,0.0,0.0,0.0,0.0,0.0,0.0,0.0,0.0,0.0,0.0,0.0,10.0,0.0,74.0,0.0,0.0,0.0,0.0,87.0,6.0,721.0,545.0,27.0,3288.0,,,34.0,,69.0,80.0,4,Isaiah Pead,Cincinnati,Big East,Running Back,,,8.28735632183908,6.03302752293578,,7.4,,,
378049,2012,246,0.0,0.0,0.0,0.0,0.0,0.0,0.0,0.0,0.0,0.0,4.0,0.0,92.0,0.0,0.0,0.0,0.0,0.0,0.0,0.0,0.0,0.0,0.0,0.0,0.0,0.0,6.0,0.0,-2.0,0.0,0.0,0.0,0.0,0.0,0.0,0.0,0.0,0.0,0.0,,,3.0,,,,3,Terrence Frederick,Texas A&M,Big 12,Cornerback,,,,,,-0.3333333333333333,,,23.0
378051,2012,182,0.0,0.0,0.0,0.0,0.0,0.0,0.0,0.0,0.0,0.0,0.0,0.0,0.0,50.0,1.0,1180.0,0.0,0.0,0.0,0.0,0.0,2.0,1.0,0.0,1.0,14.0,0.0,0.0,0.0,0.0,0.0,0.0,0.0,103.0,6.0,776.0,632.0,30.0,3298.0,99.0,,,,28.0,84.0,4,Cyrus Gray,Texas A&M,Big 12,Running Back,0.5,7.0,7.533980582524272,5.218354430379747,23.6,,,,
378104,2012,168,0.0,0.0,0.0,0.0,0.0,0.0,0.0,0.0,0.0,0.0,0.0,0.0,0.0,1.0,0.0,24.0,0.0,0.0,0.0,0.0,0.0,0.0,0.0,0.0,0.0,0.0,0.0,0.0,0.0,0.0,0.0,0.0,0.0,209.0,32.0,2859.0,17.0,0.0,129.0,24.0,,,,85.0,21.0,4,Juron Criner,Arizona,Pac-12,Wide Receiver,,,13.679425837320574,7.588235294117647,24.0,,,,
378226,2013,161,0.0,0.0,0.0,0.0,0.0,0.0,0.0,0.0,0.0,0.0,0.0,0.0,0.0,0.0,0.0,0.0,0.0,0.0,0.0,0.0,0.0,0.0,0.0,0.0,0.0,0.0,0.0,0.0,0.0,0.0,0.0,0.0,0.0,136.0,21.0,2602.0,3.0,0.0,5.0,,,,,80.0,3.0,5,Tavarres King,Georgia,SEC,Wide Receiver,,,19.13235294117647,1.6666666666666667,,,,,
378312,2012,167,0.0,0.0,0.0,0.0,0.0,0.0,0.0,0.0,0.0,0.0,7.0,0.0,33.0,0.0,0.0,0.0,0.0,0.0,0.0,0.0,0.0,0.0,0.0,0.0,0.0,0.0,0.0,0.0,0.0,0.0,0.0,0.0,0.0,0.0,0.0,0.0,0.0,0.0,0.0,,,,,,,3,George Iloka,Boise State,Western Athletic,Safety,,,,,,,,,4.714285714285714
378361,2013,54,0.0,0.0,0.0,0.0,0.0,0.0,0.0,0.0,0.0,0.0,7.0,1.0,154.0,0.0,0.0,0.0,0.0,0.0,0.0,0.0,0.0,0.0,0.0,0.0,0.0,0.0,0.0,0.0,0.0,0.0,0.0,0.0,0.0,0.0,0.0,0.0,2.0,0.0,3.0,,,,,,3.0,4,Jamar Taylor,Boise State,Western Athletic,Cornerback,,,,1.5,,,,,22.0
378484,2013,192,0.0,0.0,0.0,0.0,0.0,0.0,0.0,0.0,0.0,0.0,10.0,1.0,126.0,0.0,0.0,0.0,0.0,0.0,0.0,0.0,0.0,0.0,0.0,0.0,0.0,0.0,0.0,0.0,0.0,0.0,0.0,0.0,0.0,0.0,0.0,0.0,0.0,0.0,0.0,,,,,,,4,John Boyett,Oregon,Pac-12,Safety,,,,,,,,,12.6
378497,2012,2,0.0,0.0,0.0,0.0,0.0,0.0,0.0,0.0,0.0,0.0,0.0,0.0,0.0,0.0,0.0,0.0,0.0,0.0,0.0,0.0,0.0,1192.0,800.0,17.0,78.0,10366.0,0.0,0.0,0.0,0.0,4.0,0.0,158.0,3.0,0.0,24.0,528.0,33.0,2254.0,,,,59.0,15.0,71.0,4,Robert Griffin III,Baylor,Big 12,Quarterback,0.6711409395973155,8.696308724832214,8.0,4.268939393939394,,,39.5,,
378559,2013,142,0.0,0.0,0.0,0.0,0.0,0.0,0.0,0.0,0.0,0.0,2.0,1.0,40.0,0.0,0.0,0.0,0.0,0.0,0.0,0.0,0.0,0.0,0.0,0.0,0.0,0.0,0.0,0.0,0.0,0.0,0.0,0.0,0.0,0.0,0.0,0.0,0.0,0.0,0.0,,,,,,,2,Lavar Edwards,LSU,SEC,Defensive End,,,,,,,,,20.0
378564,2024,116,0.0,0.0,0.0,0.0,0.0,0.0,0.0,0.0,0.0,0.0,0.0,0.0,0.0,0.0,0.0,0.0,0.0,0.0,0.0,0.0,0.0,678.0,397.0,20.0,34.0,4733.0,0.0,0.0,0.0,0.0,0.0,0.0,0.0,0.0,0.0,0.0,359.0,12.0,1018.0,,,,,,83.0,4,Jordan Jefferson,LSU,SEC,Defensive Tackle,0.5855457227138643,6.980825958702065,,2.8356545961002784,,,,,
378619,2013,166,0.0,0.0,0.0,0.0,0.0,0.0,0.0,0.0,0.0,0.0,0.0,0.0,0.0,0.0,0.0,0.0,87.0,70.0,340.0,136.0,130.0,0.0,0.0,0.0,0.0,0.0,0.0,0.0,0.0,0.0,0.0,0.0,0.0,0.0,0.0,0.0,0.0,0.0,0.0,,56.0,,,,,5,Caleb Sturgis,Florida,SEC,Place Kicker,,,,,,,,0.8045977011494253,
378690,2012,73,0.0,0.0,0.0,0.0,0.0,0.0,0.0,0.0,0.0,0.0,4.0,0.0,26.0,0.0,0.0,0.0,0.0,0.0,0.0,0.0,0.0,0.0,0.0,0.0,0.0,0.0,0.0,0.0,0.0,0.0,0.0,0.0,0.0,0.0,0.0,0.0,0.0,0.0,0.0,,,,,,,2,Brandon Taylor,LSU,SEC,Safety,,,,,,,,,6.5
378933,2011,34,0.0,0.0,0.0,0.0,0.0,0.0,0.0,0.0,0.0,0.0,0.0,0.0,0.0,1.0,0.0,27.0,0.0,0.0,0.0,0.0,0.0,0.0,0.0,0.0,0.0,0.0,0.0,0.0,0.0,0.0,0.0,0.0,0.0,0.0,0.0,0.0,0.0,0.0,0.0,27.0,,,,,,1,Aaron Williams,Texas,Big 12,Cornerback,,,,,27.0,,,,
379061,2011,28,0.0,0.0,0.0,0.0,0.0,0.0,0.0,0.0,0.0,0.0,0.0,0.0,0.0,1.0,0.0,19.0,0.0,0.0,0.0,0.0,0.0,1.0,0.0,0.0,0.0,0.0,0.0,0.0,0.0,0.0,0.0,0.0,0.0,60.0,4.0,670.0,572.0,42.0,3261.0,19.0,,,,78.0,70.0,3,Mark Ingram,Alabama,SEC,Running Back,0.0,0.0,11.166666666666666,5.701048951048951,19.0,,,,
379062,2011,6,0.0,0.0,0.0,0.0,0.0,0.0,0.0,0.0,0.0,0.0,0.0,0.0,0.0,6.0,0.0,141.0,0.0,0.0,0.0,0.0,0.0,0.0,0.0,0.0,0.0,0.0,18.0,0.0,130.0,0.0,0.0,0.0,0.0,179.0,15.0,2653.0,10.0,2.0,139.0,36.0,,41.0,,73.0,56.0,3,Julio Jones,Alabama,SEC,Wide Receiver,,,14.82122905027933,13.9,23.5,7.222222222222222,,,
379066,2011,26,0.0,0.0,0.0,0.0,0.0,0.0,0.0,0.0,0.0,0.0,0.0,0.0,0.0,0.0,0.0,0.0,0.0,0.0,0.0,0.0,0.0,0.0,0.0,0.0,0.0,0.0,0.0,0.0,0.0,0.0,0.0,0.0,0.0,128.0,16.0,2337.0,5.0,0.0,68.0,,,,,79.0,61.0,3,Jonathan Baldwin,Pittsburgh,Big East,Wide Receiver,,,18.2578125,13.6,,,,,
379067,2012,13,0.0,0.0,0.0,0.0,0.0,0.0,0.0,0.0,0.0,0.0,0.0,0.0,0.0,0.0,0.0,0.0,0.0,0.0,0.0,0.0,0.0,0.0,0.0,0.0,0.0,0.0,7.0,0.0,44.0,0.0,0.0,0.0,0.0,271.0,37.0,3686.0,4.0,1.0,30.0,,,41.0,,88.0,10.0,4,Michael Floyd,Notre Dame,FBS Independents,Wide Receiver,,,13.601476014760147,7.5,,6.285714285714286,,,
3791110,2020,240,0.0,0.0,0.0,1.0,0.0,0.0,2.0,6.0,3.0,0.0,0.0,0.0,0.0,0.0,0.0,0.0,0.0,0.0,0.0,0.0,0.0,202.0,121.0,6.0,15.0,1459.0,0.0,0.0,0.0,0.0,0.0,0.0,0.0,14.0,2.0,62.0,159.0,12.0,887.0,,,,,13.0,46.0,4,Tommy Stevens,Penn State,Big Ten,Quarterback,0.599009900990099,7.2227722772277225,4.428571428571429,5.578616352201258,,,,,
379205,2011,4,0.0,0.0,0.0,0.0,0.0,0.0,0.0,0.0,0.0,0.0,0.0,0.0,0.0,0.0,0.0,0.0,0.0,0.0,0.0,0.0,0.0,0.0,0.0,0.0,0.0,0.0,3.0,0.0,25.0,0.0,0.0,0.0,0.0,166.0,23.0,2619.0,7.0,0.0,105.0,,,18.0,,65.0,40.0,3,A.J. Green,Georgia,SEC,Wide Receiver,,,15.77710843373494,15.0,,8.333333333333334,,,
379207,2012,175,0.0,0.0,0.0,0.0,0.0,0.0,0.0,0.0,0.0,0.0,0.0,0.0,0.0,0.0,0.0,0.0,103.0,76.0,412.0,185.0,184.0,0.0,0.0,0.0,0.0,0.0,0.0,0.0,0.0,0.0,0.0,0.0,0.0,0.0,0.0,0.0,0.0,0.0,0.0,,56.0,,,,,4,Blair Walsh,Georgia,SEC,Place Kicker,,,,,,,,0.7378640776699029,
379208,2011,145,0.0,0.0,0.0,0.0,0.0,0.0,0.0,0.0,0.0,0.0,0.0,0.0,0.0,0.0,0.0,0.0,0.0,0.0,0.0,0.0,0.0,2.0,2.0,0.0,2.0,25.0,0.0,0.0,0.0,0.0,0.0,0.0,0.0,151.0,5.0,1056.0,788.0,46.0,3877.0,,,,,48.0,74.0,3,Jacquizz Rodgers,Oregon State,Pac-10,Running Back,1.0,12.5,6.993377483443709,4.92005076142132,,,,,
379307,2013,46,0.0,0.0,0.0,0.0,0.0,0.0,0.0,0.0,0.0,0.0,6.0,0.0,68.0,1.0,0.0,0.0,0.0,0.0,0.0,0.0,0.0,0.0,0.0,0.0,0.0,0.0,0.0,0.0,0.0,0.0,0.0,0.0,0.0,0.0,0.0,0.0,0.0,0.0,0.0,0.0,,,,,,2,Kiko Alonso,Oregon,Pac-12,Inside Linebacker,,,,,0.0,,,,11.333333333333334
379309,2013,182,0.0,0.0,0.0,0.0,0.0,0.0,0.0,0.0,0.0,0.0,0.0,0.0,0.0,61.0,1.0,1371.0,0.0,0.0,0.0,0.0,0.0,0.0,0.0,0.0,0.0,0.0,40.0,1.0,263.0,0.0,0.0,0.0,0.0,54.0,7.0,591.0,582.0,41.0,3623.0,100.0,,80.0,,60.0,84.0,4,Kenjon Barner,Oregon,Pac-12,Running Back,,,10.944444444444445,6.225085910652921,22.475409836065573,6.575,,,
379316,2013,184,0.0,0.0,0.0,0.0,0.0,0.0,0.0,0.0,0.0,0.0,0.0,0.0,0.0,3.0,0.0,14.0,0.0,0.0,0.0,0.0,0.0,0.0,0.0,0.0,0.0,0.0,0.0,0.0,0.0,0.0,0.0,0.0,0.0,76.0,6.0,1018.0,0.0,0.0,0.0,7.0,,,,62.0,,3,Mychal Rivera,Tennessee,SEC,Tight End,,,13.394736842105264,,4.666666666666667,,,,
379393,2011,9,0.0,0.0,0.0,0.0,0.0,0.0,0.0,0.0,0.0,0.0,0.0,0.0,0.0,0.0,0.0,0.0,0.0,0.0,0.0,0.0,0.0,0.0,0.0,0.0,0.0,0.0,0.0,0.0,0.0,0.0,0.0,0.0,0.0,1.0,0.0,-1.0,0.0,0.0,0.0,,,,,0.0,,1,Tyron Smith,USC,Pac-10,Offensive Tackle,,,-1.0,,,,,,
379396,2013,209,0.0,0.0,0.0,0.0,0.0,0.0,0.0,0.0,0.0,0.0,0.0,0.0,0.0,0.0,0.0,0.0,0.0,0.0,0.0,0.0,0.0,0.0,0.0,0.0,0.0,0.0,0.0,0.0,0.0,0.0,0.0,0.0,0.0,65.0,7.0,901.0,0.0,0.0,0.0,,,,,44.0,,4,Brice Butler,USC,Pac-12,Wide Receiver,,,13.861538461538462,,,,,,
379398,2011,77,0.0,0.0,0.0,0.0,0.0,0.0,0.0,0.0,0.0,0.0,1.0,0.0,0.0,0.0,0.0,0.0,0.0,0.0,0.0,0.0,0.0,0.0,0.0,0.0,0.0,0.0,0.0,0.0,0.0,0.0,0.0,0.0,0.0,0.0,0.0,0.0,0.0,0.0,0.0,,,,,,,1,Jurrell Casey,USC,Pac-10,Defensive Tackle,,,,,,,,,0.0
379401,2012,137,0.0,0.0,0.0,0.0,0.0,0.0,0.0,0.0,0.0,0.0,1.0,0.0,44.0,0.0,0.0,0.0,0.0,0.0,0.0,0.0,0.0,0.0,0.0,0.0,0.0,0.0,0.0,0.0,0.0,0.0,0.0,0.0,0.0,0.0,0.0,0.0,0.0,0.0,0.0,,,,,,,1,Malik Jackson,Tennessee,SEC,Defensive End,,,,,,,,,44.0
379430,2012,20,0.0,0.0,0.0,0.0,0.0,0.0,0.0,0.0,0.0,0.0,0.0,0.0,0.0,1.0,0.0,8.0,0.0,0.0,0.0,0.0,0.0,12.0,4.0,2.0,2.0,114.0,8.0,0.0,42.0,0.0,0.0,0.0,0.0,302.0,30.0,4004.0,75.0,2.0,425.0,8.0,,19.0,,87.0,37.0,4,Kendall Wright,Baylor,Big 12,Wide Receiver,0.3333333333333333,9.5,13.258278145695364,5.666666666666667,8.0,5.25,,,
379892,2013,74,0.0,0.0,0.0,0.0,0.0,0.0,0.0,0.0,0.0,0.0,0.0,0.0,0.0,53.0,0.0,1180.0,0.0,0.0,0.0,0.0,0.0,0.0,0.0,0.0,0.0,0.0,20.0,0.0,162.0,0.0,0.0,0.0,0.0,202.0,27.0,3334.0,3.0,0.0,17.0,51.0,,36.0,,80.0,8.0,4,Terrance Williams,Baylor,Big 12,Wide Receiver,,,16.504950495049506,5.666666666666667,22.264150943396228,8.1,,,
380077,2012,5,0.0,0.0,0.0,0.0,0.0,0.0,0.0,0.0,0.0,0.0,0.0,0.0,0.0,0.0,0.0,0.0,0.0,0.0,0.0,0.0,0.0,0.0,0.0,0.0,0.0,0.0,9.0,1.0,9.0,0.0,0.0,0.0,0.0,252.0,40.0,3564.0,9.0,1.0,84.0,,,7.0,,81.0,69.0,3,Justin Blackmon,Oklahoma State,Big 12,Wide Receiver,,,14.142857142857142,9.333333333333334,,1.0,,,
380109,2012,204,0.0,0.0,0.0,0.0,0.0,0.0,0.0,0.0,0.0,0.0,2.0,1.0,70.0,0.0,0.0,0.0,0.0,0.0,0.0,0.0,0.0,0.0,0.0,0.0,0.0,0.0,0.0,0.0,0.0,0.0,0.0,0.0,0.0,0.0,0.0,0.0,0.0,0.0,0.0,,,,,,,2,Emmanuel Acho,Texas,Big 12,Inside Linebacker,,,,,,,,,35.0
380470,2012,1,0.0,0.0,0.0,0.0,0.0,0.0,0.0,0.0,0.0,0.0,0.0,0.0,0.0,0.0,0.0,0.0,0.0,0.0,0.0,0.0,0.0,1064.0,713.0,22.0,82.0,9430.0,0.0,0.0,0.0,0.0,0.0,0.0,0.0,2.0,0.0,24.0,163.0,7.0,957.0,,,,,13.0,58.0,3,Andrew Luck,Stanford,Pac-12,Quarterback,0.6701127819548872,8.862781954887218,12.0,5.871165644171779,,,,,
380696,2013,247,0.0,0.0,0.0,0.0,0.0,0.0,0.0,0.0,0.0,0.0,5.0,1.0,96.0,0.0,0.0,0.0,0.0,0.0,0.0,0.0,0.0,0.0,0.0,0.0,0.0,0.0,0.0,0.0,0.0,0.0,0.0,0.0,0.0,0.0,0.0,0.0,0.0,0.0,0.0,,,,,,,3,Marc Anthony,California,Pac-12,Cornerback,,,,,,,,,19.2
380698,2012,46,0.0,0.0,0.0,0.0,0.0,0.0,0.0,0.0,0.0,0.0,4.0,1.0,130.0,0.0,0.0,0.0,0.0,0.0,0.0,0.0,0.0,0.0,0.0,0.0,0.0,0.0,1.0,0.0,26.0,0.0,0.0,0.0,0.0,0.0,0.0,0.0,0.0,0.0,0.0,,,26.0,,,,4,Mychal Kendricks,California,Pac-12,Inside Linebacker,,,,,,26.0,,,32.5
380710,2011,45,0.0,0.0,0.0,0.0,0.0,0.0,0.0,0.0,0.0,0.0,14.0,0.0,126.0,0.0,0.0,0.0,0.0,0.0,0.0,0.0,0.0,0.0,0.0,0.0,0.0,0.0,0.0,0.0,0.0,0.0,0.0,0.0,0.0,0.0,0.0,0.0,0.0,0.0,0.0,,,,,,,3,Rahim Moore,UCLA,Pac-10,Safety,,,,,,,,,9.0
380712,2013,125,0.0,0.0,0.0,0.0,0.0,0.0,0.0,0.0,0.0,0.0,0.0,0.0,0.0,1.0,0.0,5.0,0.0,0.0,0.0,0.0,0.0,0.0,0.0,0.0,0.0,0.0,0.0,0.0,0.0,0.0,0.0,0.0,0.0,58.0,3.0,517.0,788.0,31.0,4403.0,5.0,,,,40.0,78.0,4,Johnathan Franklin,UCLA,Pac-12,Running Back,,,8.913793103448276,5.58756345177665,5.0,,,,
380723,2013,155,0.0,0.0,0.0,0.0,0.0,0.0,0.0,0.0,0.0,0.0,0.0,0.0,0.0,0.0,0.0,0.0,3.0,2.0,12.0,6.0,6.0,0.0,0.0,0.0,0.0,0.0,0.0,0.0,0.0,0.0,275.0,0.0,12163.0,0.0,0.0,0.0,1.0,0.0,8.0,,51.0,,81.0,,8.0,4,Jeff Locke,UCLA,Pac-12,Punter,,,,8.0,,,44.22909090909091,0.6666666666666666,
380732,2013,26,0.0,0.0,0.0,0.0,0.0,0.0,0.0,0.0,0.0,0.0,0.0,0.0,0.0,0.0,0.0,0.0,0.0,0.0,0.0,0.0,0.0,0.0,0.0,0.0,0.0,0.0,0.0,0.0,0.0,0.0,0.0,0.0,0.0,1.0,1.0,7.0,0.0,0.0,0.0,,,,,7.0,,1,Datone Jones,UCLA,Pac-12,Defensive End,,,7.0,,,,,,
380849,2013,16,0.0,0.0,0.0,0.0,0.0,0.0,0.0,0.0,0.0,0.0,0.0,0.0,0.0,0.0,0.0,0.0,0.0,0.0,0.0,0.0,0.0,897.0,600.0,28.0,47.0,7736.0,0.0,0.0,0.0,0.0,0.0,0.0,0.0,0.0,0.0,11.0,298.0,11.0,826.0,,,,,11.0,32.0,4,EJ Manuel,Florida State,ACC,Quarterback,0.6688963210702341,8.624303232998885,inf,2.771812080536913,,,,,
380906,2013,180,0.0,0.0,0.0,0.0,0.0,0.0,0.0,0.0,0.0,0.0,1.0,1.0,96.0,0.0,0.0,0.0,0.0,0.0,0.0,0.0,0.0,0.0,0.0,0.0,0.0,0.0,0.0,0.0,0.0,0.0,0.0,0.0,0.0,0.0,0.0,0.0,0.0,0.0,0.0,,,,,,,1,Nick Moody,Florida State,ACC,Outside Linebacker,,,,,,,,,96.0
380916,2013,229,0.0,0.0,0.0,0.0,0.0,0.0,0.0,0.0,0.0,0.0,1.0,0.0,0.0,0.0,0.0,0.0,0.0,0.0,0.0,0.0,0.0,0.0,0.0,0.0,0.0,0.0,0.0,0.0,0.0,0.0,0.0,0.0,0.0,0.0,0.0,0.0,0.0,0.0,0.0,,,,,,,1,Everett Dawkins,Florida State,ACC,Defensive Tackle,,,,,,,,,0.0
380931,2013,246,0.0,0.0,0.0,0.0,0.0,0.0,0.0,0.0,0.0,0.0,0.0,0.0,0.0,0.0,0.0,0.0,0.0,0.0,0.0,0.0,0.0,0.0,0.0,0.0,0.0,0.0,0.0,0.0,0.0,0.0,0.0,0.0,0.0,4.0,0.0,20.0,0.0,0.0,0.0,,,,,10.0,,2,Carter Bykowski,Iowa State,Big 12,Offensive Tackle,,,5.0,,,,,,
380971,2012,157,0.0,0.0,0.0,0.0,0.0,0.0,0.0,0.0,0.0,0.0,0.0,0.0,0.0,7.0,0.0,135.0,0.0,0.0,0.0,0.0,0.0,0.0,0.0,0.0,0.0,0.0,1.0,0.0,4.0,0.0,0.0,0.0,0.0,28.0,2.0,328.0,7.0,2.0,33.0,30.0,,4.0,,41.0,8.0,4,Bradie Ewing,Wisconsin,Big Ten,Fullback,,,11.714285714285714,4.714285714285714,19.285714285714285,4.0,,,
381028,2012,224,0.0,0.0,0.0,0.0,0.0,0.0,0.0,0.0,0.0,0.0,4.0,1.0,31.0,1.0,0.0,25.0,0.0,0.0,0.0,0.0,0.0,0.0,0.0,0.0,0.0,0.0,0.0,0.0,0.0,0.0,0.0,0.0,0.0,0.0,0.0,0.0,0.0,0.0,0.0,25.0,,,,,,2,Alfonzo Dennard,Nebraska,Big 12,Cornerback,,,,,25.0,,,,7.75
381296,2012,207,0.0,0.0,0.0,0.0,0.0,0.0,0.0,0.0,0.0,0.0,0.0,0.0,0.0,0.0,0.0,0.0,0.0,0.0,0.0,0.0,0.0,0.0,0.0,0.0,0.0,0.0,0.0,0.0,0.0,0.0,199.0,0.0,8383.0,0.0,0.0,0.0,2.0,0.0,28.0,,,,76.0,,17.0,4,Brad Nortman,Wisconsin,Big Ten,Punter,,,,14.0,,,42.12562814070352,,
381364,2011,10,0.0,0.0,0.0,0.0,0.0,0.0,0.0,0.0,0.0,0.0,0.0,0.0,0.0,0.0,0.0,0.0,0.0,0.0,0.0,0.0,0.0,933.0,568.0,18.0,40.0,6822.0,0.0,0.0,0.0,0.0,0.0,0.0,0.0,1.0,0.0,-10.0,221.0,8.0,458.0,,,,,0.0,40.0,3,Blaine Gabbert,Missouri,Big 12,Quarterback,0.6087888531618435,7.311897106109325,-10.0,2.072398190045249,,,,,
381377,2013,97,0.0,0.0,0.0,0.0,0.0,0.0,0.0,0.0,0.0,0.0,5.0,1.0,30.0,0.0,0.0,0.0,0.0,0.0,0.0,0.0,0.0,0.0,0.0,0.0,0.0,0.0,0.0,0.0,0.0,0.0,0.0,0.0,0.0,0.0,0.0,0.0,0.0,0.0,0.0,,,,,,,3,Zaviar Gooden,Missouri,SEC,Outside Linebacker,,,,,,,,,6.0
381398,2010,156,0.0,0.0,0.0,0.0,0.0,0.0,0.0,0.0,0.0,0.0,0.0,0.0,0.0,8.0,0.0,161.0,0.0,0.0,0.0,0.0,0.0,0.0,0.0,0.0,0.0,0.0,1.0,0.0,3.0,0.0,0.0,0.0,0.0,106.0,11.0,1615.0,5.0,1.0,19.0,29.0,,3.0,,90.0,15.0,2,David Reed,Utah,Mountain West,Wide Receiver,,,15.235849056603774,3.8,20.125,3.0,,,
381402,2012,78,0.0,0.0,0.0,0.0,0.0,0.0,0.0,0.0,0.0,0.0,0.0,0.0,0.0,0.0,0.0,0.0,0.0,0.0,0.0,0.0,0.0,0.0,0.0,0.0,0.0,0.0,0.0,0.0,0.0,0.0,0.0,0.0,0.0,147.0,8.0,1332.0,3.0,0.0,8.0,,,,,39.0,7.0,4,Michael Egnew,Missouri,Big 12,Tight End,,,9.061224489795919,2.6666666666666665,,,,,
381403,2011,7,0.0,0.0,0.0,0.0,0.0,0.0,0.0,0.0,0.0,0.0,1.0,0.0,58.0,0.0,0.0,0.0,0.0,0.0,0.0,0.0,0.0,0.0,0.0,0.0,0.0,0.0,0.0,0.0,0.0,0.0,0.0,0.0,0.0,0.0,0.0,0.0,0.0,0.0,0.0,,,,,,,1,Aldon Smith,Missouri,Big 12,Defensive End,,,,,,,,,58.0
381445,2013,187,0.0,0.0,0.0,0.0,0.0,0.0,0.0,0.0,0.0,0.0,0.0,0.0,0.0,26.0,1.0,642.0,0.0,0.0,0.0,0.0,0.0,1.0,0.0,0.0,0.0,0.0,1.0,0.0,3.0,0.0,0.0,0.0,0.0,59.0,2.0,505.0,621.0,33.0,3436.0,87.0,,3.0,,52.0,74.0,4,Andre Ellington,Clemson,ACC,Running Back,0.0,0.0,8.559322033898304,5.533011272141707,24.692307692307693,3.0,,,
381451,2011,130,0.0,0.0,0.0,0.0,0.0,0.0,0.0,0.0,0.0,0.0,0.0,0.0,0.0,6.0,0.0,61.0,0.0,0.0,0.0,0.0,0.0,1.0,0.0,0.0,0.0,0.0,1.0,0.0,3.0,0.0,0.0,0.0,0.0,52.0,3.0,390.0,311.0,12.0,1311.0,14.0,,3.0,,40.0,69.0,3,Jamie Harper,Clemson,ACC,Running Back,0.0,0.0,7.5,4.215434083601286,10.166666666666666,3.0,,,
381462,2012,64,0.0,0.0,0.0,0.0,0.0,0.0,0.0,0.0,0.0,0.0,0.0,0.0,0.0,0.0,0.0,0.0,0.0,0.0,0.0,0.0,0.0,0.0,0.0,0.0,0.0,0.0,0.0,0.0,0.0,0.0,0.0,0.0,0.0,93.0,12.0,1079.0,0.0,0.0,0.0,,,,,54.0,,3,Dwayne Allen,Clemson,ACC,Tight End,,,11.602150537634408,,,,,,
381513,2012,52,0.0,0.0,0.0,0.0,0.0,0.0,0.0,0.0,0.0,0.0,7.0,0.0,137.0,1.0,0.0,8.0,0.0,0.0,0.0,0.0,0.0,0.0,0.0,0.0,0.0,0.0,0.0,0.0,0.0,0.0,0.0,0.0,0.0,0.0,0.0,0.0,0.0,0.0,0.0,8.0,,,,,,3,Zach Brown,North Carolina,ACC,Outside Linebacker,,,,,8.0,,,,19.571428571428573
381518,2013,7,0.0,0.0,0.0,0.0,0.0,0.0,0.0,0.0,0.0,0.0,0.0,0.0,0.0,0.0,0.0,0.0,0.0,0.0,0.0,0.0,0.0,0.0,0.0,0.0,0.0,0.0,0.0,0.0,0.0,0.0,0.0,0.0,0.0,1.0,0.0,4.0,0.0,0.0,0.0,,,,,4.0,,1,Jonathan Cooper,North Carolina,ACC,Offensive Guard,,,4.0,,,,,,
381565,2011,38,0.0,0.0,0.0,0.0,0.0,0.0,0.0,0.0,0.0,0.0,0.0,0.0,0.0,0.0,0.0,0.0,0.0,0.0,0.0,0.0,0.0,0.0,0.0,0.0,0.0,0.0,1.0,0.0,0.0,0.0,0.0,0.0,0.0,26.0,2.0,289.0,403.0,30.0,2132.0,,,0.0,,43.0,84.0,2,Ryan Williams,Virginia Tech,ACC,Running Back,,,11.115384615384615,5.290322580645161,,0.0,,,
381571,2013,136,0.0,0.0,0.0,0.0,0.0,0.0,0.0,0.0,0.0,0.0,6.0,0.0,119.0,0.0,0.0,0.0,0.0,0.0,0.0,0.0,0.0,0.0,0.0,0.0,0.0,0.0,0.0,0.0,0.0,0.0,0.0,0.0,0.0,0.0,0.0,0.0,0.0,0.0,0.0,,,,,,,3,Earl Wolff,NC State,ACC,Safety,,,,,,,,,19.833333333333332
381585,2012,96,0.0,0.0,0.0,0.0,0.0,0.0,0.0,0.0,0.0,0.0,0.0,0.0,0.0,40.0,0.0,773.0,0.0,0.0,0.0,0.0,0.0,2.0,0.0,0.0,0.0,0.0,2.0,0.0,25.0,0.0,0.0,0.0,0.0,163.0,21.0,2473.0,45.0,2.0,238.0,38.0,,15.0,,81.0,22.0,3,Chris Givens,Wake Forest,ACC,Wide Receiver,0.0,0.0,15.171779141104295,5.288888888888889,19.325,12.5,,,
381604,2012,235,0.0,0.0,0.0,0.0,0.0,0.0,0.0,0.0,0.0,0.0,0.0,0.0,0.0,1.0,0.0,7.0,0.0,0.0,0.0,0.0,0.0,3.0,2.0,0.0,0.0,60.0,0.0,0.0,0.0,0.0,0.0,0.0,0.0,173.0,21.0,2400.0,9.0,0.0,47.0,7.0,,,,90.0,13.0,4,Jeremy Ebert,Northwestern,Big Ten,Wide Receiver,0.6666666666666666,20.0,13.872832369942197,5.222222222222222,7.0,,,,
381622,2011,123,0.0,0.0,0.0,0.0,0.0,0.0,0.0,0.0,0.0,0.0,0.0,0.0,0.0,66.0,0.0,1549.0,0.0,0.0,0.0,0.0,0.0,1.0,0.0,0.0,0.0,0.0,20.0,0.0,93.0,0.0,0.0,0.0,0.0,154.0,13.0,1854.0,42.0,2.0,290.0,87.0,,21.0,,56.0,39.0,3,Tandon Doss,Indiana,Big Ten,Wide Receiver,0.0,0.0,12.03896103896104,6.904761904761905,23.46969696969697,4.65,,,
381682,2012,48,0.0,0.0,0.0,0.0,0.0,0.0,0.0,0.0,0.0,0.0,3.0,0.0,5.0,0.0,0.0,0.0,0.0,0.0,0.0,0.0,0.0,0.0,0.0,0.0,0.0,0.0,0.0,0.0,0.0,0.0,0.0,0.0,0.0,0.0,0.0,0.0,0.0,0.0,0.0,,,,,,,3,Tavon Wilson,Illinois,Big Ten,Safety,,,,,,,,,1.6666666666666667
381685,2012,30,0.0,0.0,0.0,0.0,0.0,0.0,0.0,0.0,0.0,0.0,0.0,0.0,0.0,16.0,0.0,283.0,0.0,0.0,0.0,0.0,0.0,0.0,0.0,0.0,0.0,0.0,1.0,0.0,0.0,0.0,0.0,0.0,0.0,167.0,19.0,2432.0,6.0,0.0,25.0,26.0,,0.0,,77.0,16.0,4,A.J. Jenkins,Illinois,Big Ten,Wide Receiver,,,14.562874251497005,4.166666666666667,17.6875,0.0,,,
381689,2013,249,0.0,0.0,0.0,0.0,0.0,0.0,0.0,0.0,0.0,0.0,0.0,0.0,0.0,0.0,0.0,0.0,0.0,0.0,0.0,0.0,0.0,1389.0,898.0,40.0,51.0,9465.0,0.0,0.0,0.0,0.0,0.0,0.0,0.0,0.0,0.0,0.0,153.0,9.0,-167.0,,,,,,37.0,4,Sean Renfree,Duke,ACC,Quarterback,0.646508279337653,6.814254859611231,,-1.091503267973856,,,,,
381741,2012,156,0.0,0.0,0.0,0.0,0.0,0.0,0.0,0.0,0.0,0.0,7.0,2.0,173.0,0.0,0.0,0.0,0.0,0.0,0.0,0.0,0.0,0.0,0.0,0.0,0.0,0.0,0.0,0.0,0.0,0.0,0.0,0.0,0.0,0.0,0.0,0.0,0.0,0.0,0.0,,,,,,,3,Shaun Prater,Iowa,Big Ten,Cornerback,,,,,,,,,24.714285714285715
381788,2013,253,0.0,0.0,0.0,0.0,0.0,0.0,0.0,0.0,0.0,0.0,0.0,0.0,0.0,2.0,0.0,2.0,0.0,0.0,0.0,0.0,0.0,0.0,0.0,0.0,0.0,0.0,0.0,0.0,0.0,0.0,0.0,0.0,0.0,14.0,0.0,74.0,217.0,7.0,879.0,2.0,,,,41.0,57.0,4,Michael Cox,Michigan,Big Ten,Running Back,,,5.285714285714286,4.050691244239632,1.0,,,,
381922,2012,121,0.0,0.0,0.0,0.0,0.0,0.0,0.0,0.0,0.0,0.0,0.0,0.0,0.0,45.0,1.0,1050.0,0.0,0.0,0.0,0.0,0.0,9.0,8.0,0.0,2.0,158.0,121.0,2.0,659.0,0.0,0.0,0.0,0.0,127.0,10.0,1714.0,64.0,3.0,540.0,93.0,,74.0,,91.0,84.0,4,Keshawn Martin,Michigan State,Big Ten,Wide Receiver,0.8888888888888888,17.555555555555557,13.496062992125983,8.4375,23.333333333333332,5.446280991735537,,,
381967,2013,73,0.0,0.0,0.0,0.0,0.0,0.0,0.0,0.0,0.0,0.0,0.0,0.0,0.0,0.0,0.0,0.0,0.0,0.0,0.0,0.0,0.0,1069.0,646.0,31.0,63.0,7411.0,0.0,0.0,0.0,0.0,0.0,0.0,0.0,0.0,0.0,0.0,112.0,3.0,-292.0,,,,,,15.0,4,Mike Glennon,NC State,ACC,Quarterback,0.6043030869971936,6.932647333956969,,-2.607142857142857,,,,,
381982,2012,68,0.0,0.0,0.0,0.0,0.0,0.0,0.0,0.0,0.0,0.0,0.0,0.0,0.0,1.0,0.0,24.0,0.0,0.0,0.0,0.0,0.0,1.0,1.0,0.0,1.0,39.0,6.0,0.0,9.0,0.0,0.0,0.0,0.0,136.0,18.0,1955.0,3.0,0.0,13.0,24.0,,5.0,,62.0,12.0,4,DeVier Posey,Ohio State,Big Ten,Wide Receiver,1.0,39.0,14.375,4.333333333333333,24.0,1.5,,,
382047,2013,44,0.0,0.0,0.0,0.0,0.0,0.0,0.0,0.0,0.0,0.0,2.0,0.0,15.0,0.0,0.0,0.0,0.0,0.0,0.0,0.0,0.0,0.0,0.0,0.0,0.0,0.0,0.0,0.0,0.0,0.0,0.0,0.0,0.0,0.0,0.0,0.0,0.0,0.0,0.0,,,,,,,1,Kawann Short,Purdue,Big Ten,Defensive Tackle,,,,,,,,,7.5
382061,2011,60,0.0,0.0,0.0,0.0,0.0,0.0,0.0,0.0,0.0,0.0,4.0,0.0,35.0,2.0,0.0,63.0,0.0,0.0,0.0,0.0,0.0,0.0,0.0,0.0,0.0,0.0,0.0,0.0,0.0,0.0,0.0,0.0,0.0,0.0,0.0,0.0,0.0,0.0,0.0,37.0,,,,,,3,Brandon Harris,Miami,ACC,Cornerback,,,,,31.5,,,,8.75
382071,2012,232,0.0,0.0,0.0,0.0,0.0,0.0,0.0,0.0,0.0,0.0,1.0,0.0,3.0,0.0,0.0,0.0,0.0,0.0,0.0,0.0,0.0,0.0,0.0,0.0,0.0,0.0,0.0,0.0,0.0,0.0,0.0,0.0,0.0,0.0,0.0,0.0,0.0,0.0,0.0,,,,,,,1,Greg Scruggs,Louisville,Big East,Defensive Tackle,,,,,,,,,3.0
382156,2012,100,0.0,0.0,0.0,0.0,0.0,0.0,0.0,0.0,0.0,0.0,0.0,0.0,0.0,27.0,0.0,641.0,0.0,0.0,0.0,0.0,0.0,1.0,1.0,0.0,0.0,17.0,84.0,1.0,465.0,0.0,0.0,0.0,0.0,131.0,13.0,2146.0,25.0,1.0,126.0,54.0,,79.0,,77.0,36.0,4,Travis Benjamin,Miami,ACC,Wide Receiver,1.0,17.0,16.38167938931298,5.04,23.74074074074074,5.535714285714286,,,
3821571,2024,25,0.0,0.0,0.0,2.0,0.0,0.0,2.0,0.0,0.0,0.0,0.0,0.0,0.0,0.0,0.0,0.0,0.0,0.0,0.0,0.0,0.0,0.0,0.0,0.0,0.0,0.0,0.0,0.0,0.0,0.0,0.0,0.0,0.0,0.0,0.0,0.0,0.0,0.0,0.0,,,,,,,1,Jordan Morgan,Arizona,Pac-12,Offensive Tackle,,,,,,,,,
3821576,2018,78,2.0,8.0,9.5,122.0,0.0,18.5,169.0,0.0,0.0,0.0,0.0,0.0,0.0,0.0,0.0,0.0,0.0,0.0,0.0,0.0,0.0,0.0,0.0,0.0,0.0,0.0,0.0,0.0,0.0,0.0,0.0,0.0,0.0,0.0,0.0,0.0,0.0,0.0,0.0,,,,,,,2,Malik Jefferson,Texas,Big 12,Outside Linebacker,,,,,,,,,
3821577,2018,50,0.0,0.0,0.0,1.0,0.0,0.0,1.0,0.0,0.0,0.0,0.0,0.0,0.0,0.0,0.0,0.0,0.0,0.0,0.0,0.0,0.0,0.0,0.0,0.0,0.0,0.0,0.0,0.0,0.0,0.0,0.0,0.0,0.0,0.0,0.0,0.0,0.0,0.0,0.0,,,,,,,1,Connor Williams,Texas,Big 12,Offensive Guard,,,,,,,,,
382158,2012,198,0.0,0.0,0.0,0.0,0.0,0.0,0.0,0.0,0.0,0.0,0.0,0.0,0.0,0.0,0.0,0.0,0.0,0.0,0.0,0.0,0.0,0.0,0.0,0.0,0.0,0.0,0.0,0.0,0.0,0.0,0.0,0.0,0.0,52.0,9.0,967.0,0.0,0.0,0.0,,,,,57.0,,3,Tommy Streeter,Miami,ACC,Wide Receiver,,,18.596153846153847,,,,,,
382162,2013,219,0.0,0.0,0.0,0.0,0.0,0.0,0.0,0.0,0.0,0.0,0.0,0.0,0.0,0.0,0.0,0.0,0.0,0.0,0.0,0.0,0.0,2.0,0.0,0.0,0.0,0.0,0.0,0.0,0.0,0.0,0.0,0.0,0.0,47.0,2.0,560.0,0.0,0.0,0.0,,,,,53.0,,4,D.C. Jefferson,Rutgers,Big East,Tight End,0.0,0.0,11.914893617021276,,,,,,
3821683,2019,170,0.0,0.0,0.0,6.0,0.0,0.0,7.0,1.0,1.0,0.0,0.0,0.0,0.0,0.0,0.0,0.0,75.0,60.0,499.0,315.0,310.0,0.0,0.0,0.0,0.0,0.0,0.0,0.0,0.0,12.0,179.0,2.0,7457.0,0.0,0.0,0.0,1.0,0.0,-32.0,,51.0,,58.0,,0.0,4,Austin Seibert,Oklahoma,Big 12,Place Kicker,,,,-32.0,,,41.659217877094974,0.8,
382170,2013,117,0.0,0.0,0.0,0.0,0.0,0.0,0.0,0.0,0.0,0.0,6.0,0.0,104.0,0.0,0.0,0.0,0.0,0.0,0.0,0.0,0.0,0.0,0.0,0.0,0.0,0.0,1.0,0.0,3.0,0.0,0.0,0.0,0.0,0.0,0.0,0.0,0.0,0.0,0.0,,,3.0,,,,3,Khaseem Greene,Rutgers,Big East,Outside Linebacker,,,,,,3.0,,,17.333333333333332
382201,2013,237,0.0,0.0,0.0,0.0,0.0,0.0,0.0,0.0,0.0,0.0,0.0,0.0,0.0,1.0,0.0,0.0,0.0,0.0,0.0,0.0,0.0,1131.0,648.0,39.0,52.0,8436.0,0.0,0.0,0.0,0.0,0.0,0.0,0.0,0.0,0.0,0.0,526.0,25.0,2060.0,0.0,,,,,71.0,5,B.J. Daniels,South Florida,Big East,Quarterback,0.5729442970822282,7.458885941644563,,3.9163498098859315,0.0,,,,
382312,2013,70,0.0,0.0,0.0,0.0,0.0,0.0,0.0,0.0,0.0,0.0,8.0,2.0,171.0,0.0,0.0,0.0,0.0,0.0,0.0,0.0,0.0,0.0,0.0,0.0,0.0,0.0,0.0,0.0,0.0,0.0,0.0,0.0,0.0,0.0,0.0,0.0,0.0,0.0,0.0,,,,,,,4,Blidi Wreh-Wilson,UConn,Big East,Cornerback,,,,,,,,,21.375
382313,2011,134,0.0,0.0,0.0,0.0,0.0,0.0,0.0,0.0,0.0,0.0,6.0,0.0,37.0,0.0,0.0,0.0,0.0,0.0,0.0,0.0,0.0,0.0,0.0,0.0,0.0,0.0,0.0,0.0,0.0,0.0,0.0,0.0,0.0,0.0,0.0,0.0,0.0,0.0,0.0,,,,,,,2,Robert Sands,West Virginia,Big East,Safety,,,,,,,,,6.166666666666667
382319,2011,183,0.0,0.0,0.0,0.0,0.0,0.0,0.0,0.0,0.0,0.0,0.0,0.0,0.0,22.0,1.0,561.0,0.0,0.0,0.0,0.0,0.0,1.0,0.0,0.0,0.0,0.0,0.0,0.0,0.0,0.0,0.0,0.0,0.0,42.0,0.0,283.0,616.0,31.0,3179.0,96.0,,,,41.0,66.0,3,Jordan Todman,UConn,Big East,Running Back,0.0,0.0,6.738095238095238,5.160714285714286,25.5,,,,
382320,2013,64,0.0,0.0,0.0,0.0,0.0,0.0,0.0,0.0,0.0,0.0,8.0,2.0,152.0,0.0,0.0,0.0,0.0,0.0,0.0,0.0,0.0,0.0,0.0,0.0,0.0,0.0,0.0,0.0,0.0,0.0,0.0,0.0,0.0,0.0,0.0,0.0,0.0,0.0,0.0,,,,,,,3,Dwayne Gratz,UConn,Big East,Cornerback,,,,,,,,,19.0
382327,2013,66,0.0,0.0,0.0,0.0,0.0,0.0,0.0,0.0,0.0,0.0,4.0,0.0,11.0,0.0,0.0,0.0,0.0,0.0,0.0,0.0,0.0,0.0,0.0,0.0,0.0,0.0,0.0,0.0,0.0,0.0,0.0,0.0,0.0,0.0,0.0,0.0,0.0,0.0,0.0,,,,,,,2,Sio Moore,UConn,Big East,Outside Linebacker,,,,,,,,,2.75
382341,2013,201,0.0,0.0,0.0,0.0,0.0,0.0,0.0,0.0,0.0,0.0,0.0,0.0,0.0,0.0,0.0,0.0,0.0,0.0,0.0,0.0,0.0,0.0,0.0,0.0,0.0,0.0,0.0,0.0,0.0,0.0,0.0,0.0,0.0,116.0,10.0,1500.0,0.0,0.0,0.0,,,,,74.0,,4,Ryan Griffin,UConn,Big East,Tight End,,,12.931034482758621,,,,,,
382374,2011,170,0.0,0.0,0.0,0.0,0.0,0.0,0.0,0.0,0.0,0.0,1.0,0.0,13.0,0.0,0.0,0.0,0.0,0.0,0.0,0.0,0.0,0.0,0.0,0.0,0.0,0.0,0.0,0.0,0.0,0.0,0.0,0.0,0.0,0.0,0.0,0.0,0.0,0.0,0.0,,,,,,,1,Mistral Raymond,South Florida,Big East,Safety,,,,,,,,,13.0
382576,2012,21,0.0,0.0,0.0,0.0,0.0,0.0,0.0,0.0,0.0,0.0,1.0,0.0,32.0,0.0,0.0,0.0,0.0,0.0,0.0,0.0,0.0,0.0,0.0,0.0,0.0,0.0,0.0,0.0,0.0,0.0,0.0,0.0,0.0,0.0,0.0,0.0,0.0,0.0,0.0,,,,,,,1,Chandler Jones,Syracuse,Big East,Defensive End,,,,,,,,,32.0
382584,2013,110,0.0,0.0,0.0,0.0,0.0,0.0,0.0,0.0,0.0,0.0,0.0,0.0,0.0,0.0,0.0,0.0,0.0,0.0,0.0,0.0,0.0,1312.0,791.0,28.0,70.0,9190.0,0.0,0.0,0.0,0.0,0.0,0.0,0.0,1.0,0.0,-4.0,242.0,5.0,164.0,,,,,0.0,45.0,4,Ryan Nassib,Syracuse,Big East,Quarterback,0.6028963414634146,7.004573170731708,-4.0,0.6776859504132231,,,,,
382590,2012,7,0.0,0.0,0.0,0.0,0.0,0.0,0.0,0.0,0.0,0.0,12.0,1.0,145.0,0.0,0.0,0.0,0.0,0.0,0.0,0.0,0.0,0.0,0.0,0.0,0.0,0.0,1.0,0.0,1.0,0.0,0.0,0.0,0.0,1.0,0.0,7.0,0.0,0.0,0.0,,,1.0,,7.0,,4,Mark Barron,Alabama,SEC,Safety,,,7.0,,,1.0,,,12.083333333333334
382599,2012,25,0.0,0.0,0.0,0.0,0.0,0.0,0.0,0.0,0.0,0.0,1.0,0.0,29.0,0.0,0.0,0.0,0.0,0.0,0.0,0.0,0.0,0.0,0.0,0.0,0.0,0.0,0.0,0.0,0.0,0.0,0.0,0.0,0.0,0.0,0.0,0.0,0.0,0.0,0.0,,,,,,,1,Dont'a Hightower,Alabama,SEC,Inside Linebacker,,,,,,,,,29.0
382611,2012,247,0.0,0.0,0.0,0.0,0.0,0.0,0.0,0.0,0.0,0.0,0.0,0.0,0.0,0.0,0.0,0.0,0.0,0.0,0.0,0.0,0.0,0.0,0.0,0.0,0.0,0.0,0.0,0.0,0.0,0.0,0.0,0.0,0.0,54.0,4.0,559.0,1.0,0.0,1.0,,,,,37.0,1.0,4,Brad Smelley,Alabama,SEC,Tight End,,,10.351851851851851,1.0,,,,,
382614,2012,35,0.0,0.0,0.0,0.0,0.0,0.0,0.0,0.0,0.0,0.0,1.0,1.0,45.0,0.0,0.0,0.0,0.0,0.0,0.0,0.0,0.0,0.0,0.0,0.0,0.0,0.0,0.0,0.0,0.0,0.0,0.0,0.0,0.0,0.0,0.0,0.0,0.0,0.0,0.0,,,,,,,1,Courtney Upshaw,Alabama,SEC,Defensive End,,,,,,,,,45.0
382616,2013,211,0.0,0.0,0.0,0.0,0.0,0.0,0.0,0.0,0.0,0.0,0.0,0.0,0.0,6.0,0.0,54.0,0.0,0.0,0.0,0.0,0.0,0.0,0.0,0.0,0.0,0.0,0.0,0.0,0.0,0.0,0.0,0.0,0.0,51.0,7.0,503.0,0.0,0.0,0.0,19.0,,,,37.0,,4,Michael Williams,Alabama,SEC,Tight End,,,9.862745098039216,,9.0,,,,
382617,2012,104,0.0,0.0,0.0,0.0,0.0,0.0,0.0,0.0,0.0,0.0,0.0,0.0,0.0,6.0,0.0,104.0,0.0,0.0,0.0,0.0,0.0,1.0,1.0,0.0,1.0,6.0,63.0,5.0,570.0,0.0,0.0,0.0,0.0,164.0,17.0,2410.0,27.0,2.0,248.0,28.0,,97.0,,85.0,92.0,4,Joe Adams,Arkansas,SEC,Wide Receiver,1.0,6.0,14.695121951219512,9.185185185185185,17.333333333333332,9.047619047619047,,,
382621,2012,134,0.0,0.0,0.0,0.0,0.0,0.0,0.0,0.0,0.0,0.0,0.0,0.0,0.0,0.0,0.0,0.0,0.0,0.0,0.0,0.0,0.0,0.0,0.0,0.0,0.0,0.0,0.0,0.0,0.0,0.0,0.0,0.0,0.0,133.0,15.0,2066.0,0.0,0.0,0.0,,,,,75.0,,4,Greg Childs,Arkansas,SEC,Wide Receiver,,,15.533834586466165,,,,,,
382629,2013,222,0.0,0.0,0.0,0.0,0.0,0.0,0.0,0.0,0.0,0.0,0.0,0.0,0.0,0.0,0.0,0.0,0.0,0.0,0.0,0.0,0.0,0.0,0.0,0.0,0.0,0.0,0.0,0.0,0.0,0.0,0.0,0.0,0.0,72.0,7.0,1003.0,0.0,0.0,0.0,,,,,57.0,,4,Chris Gragg,Arkansas,SEC,Tight End,,,13.930555555555555,,,,,,
382642,2013,112,0.0,0.0,0.0,0.0,0.0,0.0,0.0,0.0,0.0,0.0,0.0,0.0,0.0,0.0,0.0,0.0,0.0,0.0,0.0,0.0,0.0,948.0,593.0,26.0,52.0,7765.0,0.0,0.0,0.0,0.0,0.0,0.0,0.0,0.0,0.0,0.0,110.0,4.0,-44.0,,,,,,30.0,5,Tyler Wilson,Arkansas,SEC,Quarterback,0.6255274261603375,8.190928270042194,,-0.4,,,,,
382643,2012,118,0.0,0.0,0.0,0.0,0.0,0.0,0.0,0.0,0.0,0.0,0.0,0.0,0.0,0.0,0.0,0.0,0.0,0.0,0.0,0.0,0.0,0.0,0.0,0.0,0.0,0.0,16.0,0.0,47.0,0.0,0.0,0.0,0.0,168.0,24.0,2934.0,2.0,0.0,10.0,,,24.0,,89.0,9.0,4,Jarius Wright,Arkansas,SEC,Wide Receiver,,,17.464285714285715,5.0,,2.9375,,,
382675,2012,123,0.0,0.0,0.0,0.0,0.0,0.0,0.0,0.0,0.0,0.0,9.0,0.0,36.0,110.0,4.0,2660.0,0.0,0.0,0.0,0.0,0.0,0.0,0.0,0.0,0.0,0.0,32.0,1.0,180.0,0.0,0.0,0.0,0.0,5.0,2.0,71.0,7.0,1.0,103.0,100.0,,92.0,,42.0,80.0,3,Brandon Boykin,Georgia,SEC,Cornerback,,,14.2,14.714285714285714,24.181818181818183,5.625,,,4.0
382676,2013,134,0.0,0.0,0.0,0.0,0.0,0.0,0.0,0.0,0.0,0.0,8.0,0.0,56.0,1.0,0.0,13.0,0.0,0.0,0.0,0.0,0.0,0.0,0.0,0.0,0.0,0.0,0.0,0.0,0.0,0.0,0.0,0.0,0.0,1.0,0.0,16.0,0.0,0.0,0.0,13.0,,,,16.0,,4,Sanders Commings,Georgia,SEC,Cornerback,,,16.0,,13.0,,,,7.0
382686,2013,191,0.0,0.0,0.0,0.0,0.0,0.0,0.0,0.0,0.0,0.0,16.0,3.0,293.0,0.0,0.0,0.0,0.0,0.0,0.0,0.0,0.0,0.0,0.0,0.0,0.0,0.0,2.0,0.0,21.0,0.0,0.0,0.0,0.0,0.0,0.0,0.0,0.0,0.0,0.0,,,21.0,,,,4,Bacarri Rambo,Georgia,SEC,Safety,,,,,,10.5,,,18.3125
382702,2011,5,0.0,0.0,0.0,0.0,0.0,0.0,0.0,0.0,0.0,0.0,7.0,1.0,171.0,32.0,0.0,932.0,0.0,0.0,0.0,0.0,0.0,0.0,0.0,0.0,0.0,0.0,39.0,2.0,424.0,0.0,0.0,0.0,0.0,0.0,0.0,0.0,0.0,0.0,0.0,55.0,,87.0,,,,3,Patrick Peterson,LSU,SEC,Cornerback,,,,,29.125,10.871794871794872,,,24.428571428571427
382749,2012,192,0.0,0.0,0.0,0.0,0.0,0.0,0.0,0.0,0.0,0.0,4.0,1.0,131.0,0.0,0.0,0.0,0.0,0.0,0.0,0.0,0.0,0.0,0.0,0.0,0.0,0.0,0.0,0.0,0.0,0.0,0.0,0.0,0.0,0.0,0.0,0.0,0.0,0.0,0.0,,,,,,,1,Charles Mitchell,Mississippi State,SEC,Safety,,,,,,,,,32.75
382777,2013,132,0.0,0.0,0.0,0.0,0.0,0.0,0.0,0.0,0.0,0.0,2.0,2.0,72.0,1.0,0.0,3.0,0.0,0.0,0.0,0.0,0.0,0.0,0.0,0.0,0.0,0.0,1.0,0.0,12.0,0.0,0.0,0.0,0.0,0.0,0.0,0.0,0.0,0.0,0.0,3.0,,12.0,,,,3,Devin Taylor,South Carolina,SEC,Defensive End,,,,,3.0,12.0,,,36.0
382862,2012,62,0.0,0.0,0.0,0.0,0.0,0.0,0.0,0.0,0.0,0.0,15.0,1.0,126.0,1.0,0.0,11.0,0.0,0.0,0.0,0.0,0.0,0.0,0.0,0.0,0.0,0.0,1.0,0.0,12.0,0.0,0.0,0.0,0.0,0.0,0.0,0.0,5.0,0.0,60.0,11.0,,12.0,,,29.0,3,Casey Hayward,Vanderbilt,SEC,Cornerback,,,,12.0,11.0,12.0,,,8.4
382886,2011,64,0.0,0.0,0.0,0.0,0.0,0.0,0.0,0.0,0.0,0.0,0.0,0.0,0.0,44.0,0.0,1081.0,0.0,0.0,0.0,0.0,0.0,122.0,62.0,5.0,5.0,689.0,92.0,2.0,619.0,0.0,0.0,0.0,0.0,144.0,13.0,1661.0,228.0,22.0,1313.0,46.0,,73.0,,55.0,73.0,3,Randall Cobb,Kentucky,SEC,Wide Receiver,0.5081967213114754,5.647540983606557,11.534722222222221,5.758771929824562,24.568181818181817,6.728260869565218,,,
382902,2012,188,0.0,0.0,0.0,0.0,0.0,0.0,0.0,0.0,0.0,0.0,4.0,0.0,73.0,0.0,0.0,0.0,0.0,0.0,0.0,0.0,0.0,0.0,0.0,0.0,0.0,0.0,1.0,0.0,10.0,0.0,0.0,0.0,0.0,0.0,0.0,0.0,0.0,0.0,0.0,,,10.0,,,,2,Danny Trevathan,Kentucky,SEC,Outside Linebacker,,,,,,10.0,,,18.25
382945,2012,47,0.0,0.0,0.0,0.0,0.0,0.0,0.0,0.0,0.0,0.0,4.0,0.0,51.0,0.0,0.0,0.0,0.0,0.0,0.0,0.0,0.0,0.0,0.0,0.0,0.0,0.0,0.0,0.0,0.0,0.0,0.0,0.0,0.0,1.0,0.0,11.0,0.0,0.0,0.0,,,,,11.0,,3,Bobby Wagner,Utah State,Western Athletic,Inside Linebacker,,,11.0,,,,,,12.75
382993,2013,119,0.0,0.0,0.0,0.0,0.0,0.0,0.0,0.0,0.0,0.0,13.0,4.0,214.0,0.0,0.0,0.0,0.0,0.0,0.0,0.0,0.0,0.0,0.0,0.0,0.0,0.0,0.0,0.0,0.0,0.0,0.0,0.0,0.0,0.0,0.0,0.0,0.0,0.0,0.0,,,,,,,3,Phillip Thomas,Fresno State,Western Athletic,Safety,,,,,,,,,16.46153846153846
383095,2013,147,0.0,0.0,0.0,0.0,0.0,0.0,0.0,0.0,0.0,0.0,2.0,1.0,42.0,0.0,0.0,0.0,0.0,0.0,0.0,0.0,0.0,0.0,0.0,0.0,0.0,0.0,0.0,0.0,0.0,0.0,0.0,0.0,0.0,0.0,0.0,0.0,0.0,0.0,0.0,,,,,,,2,Steven Means,Buffalo,Mid-American,Outside Linebacker,,,,,,,,,21.0
383164,2012,184,0.0,0.0,0.0,0.0,0.0,0.0,0.0,0.0,0.0,0.0,7.0,0.0,34.0,0.0,0.0,0.0,0.0,0.0,0.0,0.0,0.0,0.0,0.0,0.0,0.0,0.0,1.0,0.0,0.0,0.0,0.0,0.0,0.0,0.0,0.0,0.0,0.0,0.0,0.0,,,0.0,,,,3,Isaiah Frey,Nevada,Western Athletic,Cornerback,,,,,,0.0,,,4.857142857142857
383193,2013,202,0.0,0.0,0.0,0.0,0.0,0.0,0.0,0.0,0.0,0.0,10.0,2.0,206.0,23.0,0.0,493.0,0.0,0.0,0.0,0.0,0.0,0.0,0.0,0.0,0.0,0.0,20.0,0.0,242.0,0.0,0.0,0.0,0.0,0.0,0.0,0.0,0.0,0.0,0.0,41.0,,55.0,,,,4,Khalid Wooten,Nevada,Western Athletic,Cornerback,,,,,21.434782608695652,12.1,,,20.6
383454,2013,158,0.0,0.0,0.0,0.0,0.0,0.0,0.0,0.0,0.0,0.0,0.0,0.0,0.0,0.0,0.0,0.0,0.0,0.0,0.0,0.0,0.0,0.0,0.0,0.0,0.0,0.0,0.0,0.0,0.0,0.0,0.0,0.0,0.0,78.0,9.0,986.0,0.0,0.0,0.0,,,,,55.0,,4,Luke Willson,Rice,Conference USA,Tight End,,,12.64102564102564,,,,,,
383548,2012,251,0.0,0.0,0.0,0.0,0.0,0.0,0.0,0.0,0.0,0.0,0.0,0.0,0.0,0.0,0.0,0.0,63.0,46.0,321.0,187.0,183.0,0.0,0.0,0.0,0.0,0.0,0.0,0.0,0.0,0.0,0.0,0.0,0.0,1.0,0.0,2.0,1.0,1.0,8.0,,45.0,,,2.0,8.0,4,John Potter,Western Michigan,Mid-American,Place Kicker,,,2.0,8.0,,,,0.7301587301587301,
383847,2013,181,0.0,0.0,0.0,0.0,0.0,0.0,0.0,0.0,0.0,0.0,0.0,0.0,0.0,3.0,1.0,84.0,0.0,0.0,0.0,0.0,0.0,0.0,0.0,0.0,0.0,0.0,0.0,0.0,0.0,0.0,0.0,0.0,0.0,50.0,6.0,524.0,453.0,37.0,2424.0,69.0,,,,53.0,83.0,4,Latavius Murray,UCF,Conference USA,Running Back,,,10.48,5.3509933774834435,28.0,,,,
3843217,2019,233,0.0,0.0,0.0,1.0,0.0,0.0,1.0,0.0,0.0,0.0,0.0,0.0,0.0,1.0,0.0,18.0,0.0,0.0,0.0,0.0,0.0,2.0,1.0,1.0,0.0,-3.0,0.0,0.0,0.0,0.0,0.0,0.0,0.0,25.0,1.0,225.0,11.0,3.0,18.0,18.0,,,,21.0,6.0,4,Chandler Cox,Auburn,SEC,Fullback,0.5,-1.5,9.0,1.6363636363636365,18.0,,,,
3843470,2020,185,0.0,0.0,0.0,1.0,0.0,0.0,3.0,0.0,0.0,1.0,0.0,0.0,0.0,0.0,0.0,0.0,0.0,0.0,0.0,0.0,0.0,0.0,0.0,0.0,0.0,0.0,0.0,0.0,0.0,0.0,0.0,0.0,0.0,0.0,0.0,0.0,0.0,0.0,0.0,,,,,,,2,Blake Ferguson,LSU,SEC,Long Snapper,,,,,,,,,
3843750,2018,59,0.0,0.0,0.0,1.0,0.0,0.0,5.0,4.0,2.0,0.0,0.0,0.0,0.0,32.0,0.0,695.0,0.0,0.0,0.0,0.0,0.0,0.0,0.0,0.0,0.0,0.0,0.0,0.0,0.0,0.0,0.0,0.0,0.0,32.0,3.0,250.0,471.0,29.0,3074.0,75.0,,,,29.0,96.0,3,Derrius Guice,LSU,SEC,Running Back,,,7.8125,6.526539278131635,21.71875,,,,
3843769,2018,55,17.0,1.0,1.0,64.0,0.0,3.5,87.0,1.0,1.0,0.0,4.0,0.0,40.0,15.0,0.0,328.0,0.0,0.0,0.0,0.0,0.0,0.0,0.0,0.0,0.0,0.0,4.0,0.0,6.0,0.0,0.0,0.0,0.0,0.0,0.0,0.0,1.0,0.0,14.0,40.0,,6.0,,,14.0,3,Donte Jackson,LSU,SEC,Cornerback,,,,14.0,21.866666666666667,1.5,,,10.0
3843843,2018,87,3.0,18.0,16.0,38.0,0.0,20.0,88.0,0.0,0.0,1.0,0.0,0.0,0.0,0.0,0.0,0.0,0.0,0.0,0.0,0.0,0.0,0.0,0.0,0.0,0.0,0.0,0.0,0.0,0.0,0.0,0.0,0.0,0.0,0.0,0.0,0.0,0.0,0.0,0.0,,,,,,,2,Arden Key,LSU,SEC,Defensive End,,,,,,,,,
3843945,2019,137,0.0,0.0,0.0,2.0,0.0,0.0,2.0,0.0,0.0,0.0,0.0,0.0,0.0,5.0,0.0,62.0,0.0,0.0,0.0,0.0,0.0,0.0,0.0,0.0,0.0,0.0,0.0,0.0,0.0,0.0,0.0,0.0,0.0,52.0,6.0,629.0,0.0,0.0,0.0,24.0,,,,60.0,,4,Foster Moreau,LSU,SEC,Tight End,,,12.096153846153847,,12.4,,,,
384789,2013,250,0.0,0.0,0.0,0.0,0.0,0.0,0.0,0.0,0.0,0.0,1.0,0.0,23.0,1.0,0.0,17.0,0.0,0.0,0.0,0.0,0.0,0.0,0.0,0.0,0.0,0.0,2.0,1.0,44.0,0.0,0.0,0.0,0.0,13.0,1.0,153.0,25.0,2.0,156.0,17.0,,25.0,,47.0,44.0,3,Don Jones,Arkansas State,Sun Belt,Safety,,,11.76923076923077,6.24,17.0,22.0,,,23.0
384853,2012,92,0.0,0.0,0.0,0.0,0.0,0.0,0.0,0.0,0.0,0.0,0.0,0.0,0.0,67.0,3.0,1908.0,0.0,0.0,0.0,0.0,0.0,2.0,2.0,0.0,1.0,38.0,76.0,1.0,521.0,0.0,0.0,0.0,0.0,226.0,23.0,3515.0,66.0,7.0,488.0,96.0,,97.0,,84.0,80.0,4,T.Y. Hilton,Florida International,Sun Belt,Wide Receiver,1.0,19.0,15.553097345132743,7.393939393939394,28.47761194029851,6.855263157894737,,,
384896,2012,110,0.0,0.0,0.0,0.0,0.0,0.0,0.0,0.0,0.0,0.0,0.0,0.0,0.0,0.0,0.0,0.0,0.0,0.0,0.0,0.0,0.0,0.0,0.0,0.0,0.0,0.0,0.0,0.0,0.0,0.0,0.0,0.0,0.0,149.0,22.0,2201.0,1.0,0.0,20.0,,,,,91.0,20.0,4,Ladarius Green,Louisiana,Sun Belt,Tight End,,,14.771812080536913,20.0,,,,,
385212,2013,234,0.0,0.0,0.0,0.0,0.0,0.0,0.0,0.0,0.0,0.0,0.0,0.0,0.0,0.0,0.0,0.0,0.0,0.0,0.0,0.0,0.0,1672.0,1066.0,51.0,73.0,12013.0,0.0,0.0,0.0,0.0,9.0,0.0,278.0,0.0,0.0,0.0,461.0,12.0,665.0,,,,41.0,,40.0,4,Zac Dysert,Miami (OH),Mid-American,Quarterback,0.6375598086124402,7.184808612440191,,1.4425162689804771,,,30.88888888888889,,
385266,2012,161,0.0,0.0,0.0,0.0,0.0,0.0,0.0,0.0,0.0,0.0,0.0,0.0,0.0,0.0,0.0,0.0,80.0,63.0,365.0,177.0,176.0,0.0,0.0,0.0,0.0,0.0,0.0,0.0,0.0,0.0,2.0,0.0,45.0,0.0,0.0,0.0,0.0,0.0,0.0,,52.0,,24.0,,,4,Randy Bullock,Texas A&M,Big 12,Place Kicker,,,,,,,22.5,0.7875,
385316,2012,138,0.0,0.0,0.0,0.0,0.0,0.0,0.0,0.0,0.0,0.0,1.0,0.0,6.0,0.0,0.0,0.0,0.0,0.0,0.0,0.0,0.0,0.0,0.0,0.0,0.0,0.0,0.0,0.0,0.0,0.0,0.0,0.0,0.0,0.0,0.0,0.0,0.0,0.0,0.0,,,,,,,1,Tahir Whitehead,Temple,Mid-American,Outside Linebacker,,,,,,,,,6.0
385317,2011,30,0.0,0.0,0.0,0.0,0.0,0.0,0.0,0.0,0.0,0.0,0.0,0.0,0.0,0.0,0.0,0.0,0.0,0.0,0.0,0.0,0.0,0.0,0.0,0.0,0.0,0.0,0.0,0.0,0.0,0.0,0.0,0.0,0.0,1.0,0.0,3.0,0.0,0.0,0.0,,,,,3.0,,1,Muhammad Wilkerson,Temple,Mid-American,Defensive End,,,3.0,,,,,,
385320,2012,139,0.0,0.0,0.0,0.0,0.0,0.0,0.0,0.0,0.0,0.0,8.0,1.0,128.0,0.0,0.0,0.0,0.0,0.0,0.0,0.0,0.0,0.0,0.0,0.0,0.0,0.0,2.0,1.0,27.0,0.0,0.0,0.0,0.0,0.0,0.0,0.0,0.0,0.0,0.0,,,25.0,,,,4,Robert Blanton,Notre Dame,FBS Independents,Safety,,,,,,13.5,,,16.0
385329,2012,165,0.0,0.0,0.0,0.0,0.0,0.0,0.0,0.0,0.0,0.0,2.0,0.0,34.0,0.0,0.0,0.0,0.0,0.0,0.0,0.0,0.0,0.0,0.0,0.0,0.0,0.0,0.0,0.0,0.0,0.0,0.0,0.0,0.0,0.0,0.0,0.0,0.0,0.0,0.0,,,,,,,2,Darius Fleming,Notre Dame,FBS Independents,Outside Linebacker,,,,,,,,,17.0
385438,2011,43,0.0,0.0,0.0,0.0,0.0,0.0,0.0,0.0,0.0,0.0,0.0,0.0,0.0,0.0,0.0,0.0,0.0,0.0,0.0,0.0,0.0,0.0,0.0,0.0,0.0,0.0,0.0,0.0,0.0,0.0,0.0,0.0,0.0,90.0,8.0,1032.0,0.0,0.0,0.0,,,,,95.0,,3,Kyle Rudolph,Notre Dame,FBS Independents,Tight End,,,11.466666666666667,,,,,,
385440,2013,175,0.0,0.0,0.0,0.0,0.0,0.0,0.0,0.0,0.0,0.0,2.0,0.0,26.0,0.0,0.0,0.0,0.0,0.0,0.0,0.0,0.0,0.0,0.0,0.0,0.0,0.0,0.0,0.0,0.0,0.0,0.0,0.0,0.0,0.0,0.0,0.0,0.0,0.0,0.0,,,,,,,2,Jamoris Slaughter,Notre Dame,FBS Independents,Safety,,,,,,,,,13.0
3858271,2020,68,11.0,0.0,0.0,97.0,1.0,2.0,158.0,3.0,1.0,3.0,7.0,1.0,121.0,76.0,1.0,1604.0,0.0,0.0,0.0,0.0,0.0,0.0,0.0,0.0,0.0,0.0,2.0,0.0,33.0,1.0,1.0,0.0,32.0,0.0,0.0,0.0,0.0,0.0,0.0,89.0,,19.0,32.0,,,4,Ashtyn Davis,California,Pac-12,Safety,,,,,21.105263157894736,16.5,32.0,,17.285714285714285
3858276,2020,134,7.0,0.0,1.0,90.0,0.0,7.0,140.0,0.0,0.0,0.0,10.0,0.0,90.0,11.0,0.0,141.0,0.0,0.0,0.0,0.0,0.0,0.0,0.0,0.0,0.0,0.0,0.0,0.0,0.0,0.0,0.0,0.0,0.0,0.0,0.0,0.0,0.0,0.0,0.0,29.0,,,,,,4,Jaylinn Hawkins,California,Pac-12,Safety,,,,,12.818181818181818,,,,9.0
3859006,2018,93,11.0,2.0,2.5,99.0,1.0,6.0,157.0,0.0,0.0,2.0,7.0,1.0,112.0,0.0,0.0,0.0,0.0,0.0,0.0,0.0,0.0,0.0,0.0,0.0,0.0,0.0,1.0,0.0,8.0,0.0,0.0,0.0,0.0,0.0,0.0,0.0,0.0,0.0,0.0,,,8.0,,,,3,Ronnie Harrison,Alabama,SEC,Safety,,,,,,8.0,,,16.0
3859100,2019,139,4.0,0.0,0.0,66.0,0.0,3.0,107.0,0.0,0.0,1.0,3.0,0.0,86.0,0.0,0.0,0.0,0.0,0.0,0.0,0.0,0.0,0.0,0.0,0.0,0.0,0.0,0.0,0.0,0.0,0.0,0.0,0.0,0.0,0.0,0.0,0.0,0.0,0.0,0.0,,,,,,,3,Deionte Thompson,Alabama,SEC,Safety,,,,,,,,,28.666666666666668
3860287,2019,195,24.0,1.0,1.0,81.0,0.0,5.0,111.0,0.0,0.0,0.0,2.0,0.0,0.0,0.0,0.0,0.0,0.0,0.0,0.0,0.0,0.0,0.0,0.0,0.0,0.0,0.0,1.0,0.0,0.0,0.0,0.0,0.0,0.0,0.0,0.0,0.0,0.0,0.0,0.0,,,0.0,,,,3,Xavier Crawford,Oregon State,Pac-12,Cornerback,,,,,,0.0,,,0.0
3863182,2019,28,0.0,19.0,12.5,60.0,0.0,22.0,119.0,0.0,0.0,0.0,0.0,0.0,0.0,0.0,0.0,0.0,0.0,0.0,0.0,0.0,0.0,0.0,0.0,0.0,0.0,0.0,0.0,0.0,0.0,0.0,0.0,0.0,0.0,0.0,0.0,0.0,0.0,0.0,0.0,,,,,,,3,Jerry Tillery,Notre Dame,FBS Independents,Defensive Tackle,,,,,,,,,
3873928,2020,235,0.0,1.0,7.0,35.0,0.0,14.5,63.0,0.0,0.0,2.0,0.0,0.0,0.0,0.0,0.0,0.0,0.0,0.0,0.0,0.0,0.0,0.0,0.0,0.0,0.0,0.0,0.0,0.0,0.0,0.0,0.0,0.0,0.0,0.0,0.0,0.0,0.0,0.0,0.0,,,,,,,4,Jashon Cornell,Ohio State,Big Ten,Defensive End,,,,,,,,,
3873935,2019,94,17.0,0.0,1.0,45.0,0.0,4.5,72.0,0.0,0.0,1.0,2.0,0.0,0.0,0.0,0.0,0.0,0.0,0.0,0.0,0.0,0.0,0.0,0.0,0.0,0.0,0.0,0.0,0.0,0.0,0.0,0.0,0.0,0.0,0.0,0.0,0.0,0.0,0.0,0.0,,,,,,,2,Jamel Dean,Auburn,SEC,Cornerback,,,,,,,,,0.0
3886377,2018,10,0.0,0.0,0.0,1.0,0.0,0.0,1.0,14.0,5.0,0.0,0.0,0.0,0.0,0.0,0.0,0.0,0.0,0.0,0.0,0.0,0.0,1169.0,711.0,26.0,59.0,9302.0,0.0,0.0,0.0,0.0,1.0,0.0,25.0,0.0,0.0,0.0,109.0,6.0,-154.0,,,,25.0,,37.0,3,Josh Rosen,UCLA,Pac-12,Quarterback,0.6082121471343028,7.9572284003421725,,-1.4128440366972477,,,25.0,,
3886598,2020,217,0.0,0.0,0.0,4.0,0.0,0.0,5.0,2.0,0.0,0.0,1.0,0.0,0.0,0.0,0.0,0.0,0.0,0.0,0.0,0.0,0.0,5.0,2.0,0.0,2.0,62.0,0.0,0.0,0.0,0.0,0.0,0.0,0.0,146.0,18.0,2153.0,25.0,1.0,93.0,,,,,67.0,22.0,5,Jauan Jennings,Tennessee,SEC,Wide Receiver,0.4,12.4,14.746575342465754,3.72,,,,,0.0
3886633,2019,118,0.0,0.0,0.0,1.0,0.0,0.0,1.0,0.0,0.0,0.0,0.0,0.0,0.0,0.0,0.0,0.0,0.0,0.0,0.0,0.0,0.0,0.0,0.0,0.0,0.0,0.0,0.0,0.0,0.0,0.0,0.0,0.0,0.0,0.0,0.0,0.0,0.0,0.0,0.0,,,,,,,1,Hjalte Froholdt,Arkansas,SEC,Offensive Guard,,,,,,,,,
3886816,2019,142,12.0,1.0,3.0,166.0,0.0,9.5,293.0,0.0,0.0,3.0,4.0,0.0,60.0,0.0,0.0,0.0,0.0,0.0,0.0,0.0,0.0,0.0,0.0,0.0,0.0,0.0,0.0,0.0,0.0,0.0,0.0,0.0,0.0,0.0,0.0,0.0,1.0,0.0,-1.0,,,,,,0.0,3,Ben Burr-Kirven,Washington,Pac-12,Inside Linebacker,,,,-1.0,,,,,15.0
3886818,2019,234,0.0,0.0,0.0,1.0,0.0,0.0,1.0,2.0,1.0,0.0,0.0,0.0,0.0,6.0,0.0,90.0,0.0,0.0,0.0,0.0,0.0,1.0,1.0,0.0,1.0,2.0,0.0,0.0,0.0,0.0,0.0,0.0,0.0,65.0,5.0,465.0,943.0,57.0,5324.0,25.0,,,,76.0,86.0,4,Myles Gaskin,Washington,Pac-12,Running Back,1.0,2.0,7.153846153846154,5.645811240721103,15.0,,,,
3886824,2019,172,11.0,1.0,0.0,41.0,0.0,1.0,53.0,0.0,0.0,1.0,6.0,0.0,57.0,0.0,0.0,0.0,0.0,0.0,0.0,0.0,0.0,0.0,0.0,0.0,0.0,0.0,0.0,0.0,0.0,0.0,0.0,0.0,0.0,0.0,0.0,0.0,0.0,0.0,0.0,,,,,,,4,Jordan Miller,Washington,Pac-12,Cornerback,,,,,,,,,9.5
3886834,2019,132,20.0,2.0,3.0,97.0,3.0,6.5,128.0,1.0,1.0,2.0,8.0,2.0,122.0,0.0,0.0,0.0,0.0,0.0,0.0,0.0,0.0,0.0,0.0,0.0,0.0,0.0,14.0,1.0,223.0,0.0,0.0,0.0,0.0,0.0,0.0,0.0,0.0,0.0,0.0,,,57.0,,,,4,Ugochukwu Amadi,Oregon,Pac-12,Safety,,,,,,15.928571428571429,,,15.25
3892689,2017,205,2.0,1.0,5.5,17.0,0.0,7.5,49.0,0.0,0.0,0.0,0.0,0.0,0.0,0.0,0.0,0.0,0.0,0.0,0.0,0.0,0.0,0.0,0.0,0.0,0.0,0.0,0.0,0.0,0.0,0.0,0.0,0.0,0.0,0.0,0.0,0.0,0.0,0.0,0.0,,,,,,,1,Jeremiah Ledbetter,Arkansas,SEC,Defensive End,,,,,,,,,
3892775,2019,133,0.0,0.0,0.0,0.0,0.0,0.0,0.0,12.0,8.0,0.0,0.0,0.0,0.0,0.0,0.0,0.0,0.0,0.0,0.0,0.0,0.0,848.0,545.0,13.0,48.0,7218.0,0.0,0.0,0.0,0.0,2.0,0.0,57.0,0.0,0.0,0.0,210.0,9.0,218.0,,,,41.0,,24.0,3,Jarrett Stidham,Baylor,Big 12,Quarterback,0.6426886792452831,8.51179245283019,,1.0380952380952382,,,28.5,,
3892883,2020,82,2.0,18.0,9.0,66.0,0.0,18.0,143.0,0.0,0.0,0.0,0.0,0.0,0.0,0.0,0.0,0.0,0.0,0.0,0.0,0.0,0.0,0.0,0.0,0.0,0.0,0.0,0.0,0.0,0.0,0.0,0.0,0.0,0.0,0.0,0.0,0.0,0.0,0.0,0.0,,,,,,,4,Neville Gallimore,Oklahoma,Big 12,Defensive Tackle,,,,,,,,,
3892889,2017,110,0.0,0.0,0.0,1.0,1.0,0.0,1.0,1.0,1.0,0.0,0.0,0.0,0.0,9.0,0.0,244.0,0.0,0.0,0.0,0.0,0.0,2.0,0.0,0.0,0.0,0.0,5.0,1.0,81.0,0.0,0.0,0.0,0.0,126.0,21.0,2267.0,15.0,0.0,118.0,63.0,,71.0,,88.0,35.0,2,Dede Westbrook,Oklahoma,Big 12,Wide Receiver,0.0,0.0,17.99206349206349,7.866666666666666,27.11111111111111,16.2,,,
3894830,2020,77,17.0,0.0,0.0,87.0,0.0,1.5,125.0,0.0,0.0,1.0,6.0,0.0,50.0,0.0,0.0,0.0,0.0,0.0,0.0,0.0,0.0,0.0,0.0,0.0,0.0,0.0,0.0,0.0,0.0,0.0,0.0,0.0,0.0,0.0,0.0,0.0,0.0,0.0,0.0,,,,,,,4,Michael Ojemudia,Iowa,Big Ten,Cornerback,,,,,,,,,8.333333333333334
3894849,2018,39,0.0,0.0,0.0,1.0,0.0,0.0,1.0,0.0,0.0,0.0,0.0,0.0,0.0,0.0,0.0,0.0,0.0,0.0,0.0,0.0,0.0,0.0,0.0,0.0,0.0,0.0,0.0,0.0,0.0,0.0,0.0,0.0,0.0,0.0,0.0,0.0,0.0,0.0,0.0,,,,,,,1,James Daniels,Iowa,Big Ten,Center,,,,,,,,,
3894856,2019,107,6.0,16.0,23.0,59.0,0.0,31.0,119.0,0.0,0.0,1.0,0.0,0.0,0.0,0.0,0.0,0.0,0.0,0.0,0.0,0.0,0.0,0.0,0.0,0.0,0.0,0.0,0.0,0.0,0.0,0.0,0.0,0.0,0.0,0.0,0.0,0.0,0.0,0.0,0.0,,,,,,,3,Anthony Nelson,Iowa,Big Ten,Defensive End,,,,,,,,,
3894908,2017,221,6.0,2.0,2.0,47.0,0.0,8.5,67.0,1.0,0.0,0.0,8.0,1.0,199.0,1.0,0.0,8.0,0.0,0.0,0.0,0.0,0.0,0.0,0.0,0.0,0.0,0.0,0.0,0.0,0.0,0.0,0.0,0.0,0.0,0.0,0.0,0.0,0.0,0.0,0.0,8.0,,,,,,2,Shalom Luani,Washington State,Pac-12,Safety,,,,,8.0,,,,24.875
3894915,2017,198,0.0,3.0,2.0,11.0,0.0,3.0,30.0,0.0,0.0,1.0,1.0,0.0,0.0,0.0,0.0,0.0,0.0,0.0,0.0,0.0,0.0,0.0,0.0,0.0,0.0,0.0,0.0,0.0,0.0,0.0,0.0,0.0,0.0,0.0,0.0,0.0,0.0,0.0,0.0,,,,,,,1,D.J. Jones,Ole Miss,SEC,Defensive Tackle,,,,,,,,,0.0
3894924,2018,80,0.0,0.0,0.0,0.0,0.0,0.0,2.0,0.0,0.0,0.0,0.0,0.0,0.0,0.0,0.0,0.0,0.0,0.0,0.0,0.0,0.0,0.0,0.0,0.0,0.0,0.0,0.0,0.0,0.0,0.0,0.0,0.0,0.0,0.0,0.0,0.0,0.0,0.0,0.0,,,,,,,1,Martinas Rankin,Mississippi State,SEC,Center,,,,,,,,,
3895429,2018,18,13.0,3.0,0.0,44.0,1.0,2.0,58.0,4.0,2.0,1.0,7.0,0.0,42.0,1.0,0.0,14.0,0.0,0.0,0.0,0.0,0.0,0.0,0.0,0.0,0.0,0.0,47.0,1.0,439.0,0.0,0.0,0.0,0.0,0.0,0.0,0.0,0.0,0.0,0.0,14.0,,69.0,,,,3,Jaire Alexander,Louisville,ACC,Cornerback,,,,,14.0,9.340425531914894,,,6.0
3895487,2017,246,0.0,1.0,5.0,25.0,0.0,6.0,47.0,0.0,0.0,1.0,0.0,0.0,0.0,0.0,0.0,0.0,0.0,0.0,0.0,0.0,0.0,0.0,0.0,0.0,0.0,0.0,0.0,0.0,0.0,0.0,0.0,0.0,0.0,0.0,0.0,0.0,0.0,0.0,0.0,,,,,,,1,Jordan Carrell,Colorado,Pac-12,Defensive Tackle,,,,,,,,,
3895785,2020,231,0.0,0.0,0.0,1.0,0.0,0.0,1.0,4.0,4.0,0.0,0.0,0.0,0.0,0.0,0.0,0.0,0.0,0.0,0.0,0.0,0.0,214.0,127.0,8.0,7.0,1460.0,0.0,0.0,0.0,0.0,0.0,0.0,0.0,0.0,0.0,0.0,85.0,1.0,259.0,,,,,,31.0,4,Ben Dinucci,Pittsburgh,ACC,Quarterback,0.5934579439252337,6.822429906542056,,3.0470588235294116,,,,,
3895791,2020,239,38.0,3.0,1.5,108.0,2.0,9.0,142.0,0.0,0.0,2.0,4.0,1.0,67.0,0.0,0.0,0.0,0.0,0.0,0.0,0.0,0.0,1.0,0.0,0.0,0.0,0.0,0.0,0.0,0.0,0.0,0.0,0.0,0.0,0.0,0.0,0.0,0.0,0.0,0.0,,,,,,,4,Dane Jackson,Pittsburgh,ACC,Cornerback,0.0,0.0,,,,,,,16.75
3895798,2018,117,6.0,0.0,0.0,87.0,1.0,1.5,125.0,0.0,0.0,2.0,3.0,1.0,59.0,0.0,0.0,0.0,0.0,0.0,0.0,0.0,0.0,0.0,0.0,0.0,0.0,0.0,1.0,0.0,-1.0,0.0,0.0,0.0,0.0,4.0,0.0,17.0,43.0,3.0,362.0,,,-1.0,,10.0,35.0,3,Jordan Whitehead,Pittsburgh,ACC,Safety,,,4.25,8.418604651162791,,-1.0,,,19.666666666666668
3895831,2018,234,4.0,0.0,1.0,66.0,0.0,6.5,134.0,0.0,0.0,0.0,2.0,0.0,101.0,0.0,0.0,0.0,0.0,0.0,0.0,0.0,0.0,0.0,0.0,0.0,0.0,0.0,0.0,0.0,0.0,0.0,0.0,0.0,0.0,0.0,0.0,0.0,0.0,0.0,0.0,,,,,,,3,Andre Smith,North Carolina,ACC,Inside Linebacker,,,,,,,,,50.5
3895841,2018,30,11.0,0.0,0.0,37.0,4.0,0.5,49.0,1.0,0.0,0.0,4.0,1.0,92.0,23.0,2.0,741.0,0.0,0.0,0.0,0.0,0.0,0.0,0.0,0.0,0.0,0.0,14.0,1.0,233.0,0.0,0.0,0.0,0.0,0.0,0.0,0.0,0.0,0.0,0.0,95.0,,66.0,,,,2,Mike Hughes,UCF,American Athletic,Cornerback,,,,,32.21739130434783,16.642857142857142,,,23.0
3895843,2020,154,3.0,12.0,11.5,62.0,0.0,22.0,127.0,0.0,0.0,3.0,0.0,0.0,0.0,0.0,0.0,0.0,0.0,0.0,0.0,0.0,0.0,0.0,0.0,0.0,0.0,0.0,0.0,0.0,0.0,0.0,0.0,0.0,0.0,0.0,0.0,0.0,0.0,0.0,0.0,,,,,,,4,Jason Strowbridge,North Carolina,ACC,Defensive End,,,,,,,,,
3895856,2018,47,0.0,0.0,0.0,0.0,5.0,0.0,0.0,5.0,4.0,0.0,0.0,0.0,0.0,50.0,1.0,1048.0,0.0,0.0,0.0,0.0,0.0,2.0,0.0,0.0,0.0,0.0,38.0,6.0,814.0,0.0,0.0,0.0,0.0,234.0,26.0,2856.0,23.0,0.0,120.0,100.0,,93.0,,81.0,28.0,3,Christian Kirk,Texas A&M,SEC,Wide Receiver,0.0,0.0,12.205128205128204,5.217391304347826,20.96,21.42105263157895,,,
3895857,2018,175,0.0,0.0,0.0,2.0,0.0,0.0,4.0,0.0,0.0,0.0,0.0,0.0,0.0,0.0,0.0,0.0,0.0,0.0,0.0,0.0,0.0,0.0,0.0,0.0,0.0,0.0,0.0,0.0,0.0,0.0,0.0,0.0,0.0,47.0,8.0,920.0,0.0,0.0,0.0,,,,,76.0,,3,Damion Ratley,Texas A&M,SEC,Wide Receiver,,,19.574468085106382,,,,,,
3895859,2017,50,8.0,0.0,0.0,52.0,0.0,5.0,87.0,0.0,0.0,0.0,5.0,0.0,0.0,17.0,0.0,474.0,0.0,0.0,0.0,0.0,0.0,0.0,0.0,0.0,0.0,0.0,0.0,0.0,0.0,0.0,0.0,0.0,0.0,0.0,0.0,0.0,0.0,0.0,0.0,90.0,,,,,,2,Justin Evans,Texas A&M,SEC,Safety,,,,,27.88235294117647,,,,0.0
3910229,2019,34,15.0,0.0,0.0,44.0,0.0,3.0,55.0,0.0,0.0,1.0,3.0,0.0,-1.0,0.0,0.0,0.0,0.0,0.0,0.0,0.0,0.0,0.0,0.0,0.0,0.0,0.0,0.0,0.0,0.0,0.0,0.0,0.0,0.0,0.0,0.0,0.0,0.0,0.0,0.0,,,,,,,3,Rock Ya-Sin,Temple,American Athletic,Cornerback,,,,,,,,,-0.3333333333333333
3910544,2020,112,0.0,0.0,0.0,2.0,0.0,0.0,3.0,3.0,0.0,0.0,0.0,0.0,0.0,9.0,0.0,247.0,0.0,0.0,0.0,0.0,0.0,0.0,0.0,0.0,0.0,0.0,0.0,0.0,0.0,0.0,0.0,0.0,0.0,39.0,1.0,269.0,477.0,25.0,2428.0,55.0,,,,22.0,61.0,4,Joshua Kelley,UCLA,Pac-12,Running Back,,,6.897435897435898,5.090146750524109,27.444444444444443,,,,
3910660,2019,229,1.0,0.0,3.0,19.0,0.0,6.5,27.0,0.0,0.0,2.0,0.0,0.0,0.0,0.0,0.0,0.0,0.0,0.0,0.0,0.0,0.0,0.0,0.0,0.0,0.0,0.0,0.0,0.0,0.0,0.0,0.0,0.0,0.0,0.0,0.0,0.0,0.0,0.0,0.0,,,,,,,1,PJ Johnson,Arizona,Pac-12,Defensive Tackle,,,,,,,,,
3912028,2019,60,0.0,0.0,0.0,3.0,0.0,0.0,9.0,0.0,0.0,0.0,0.0,0.0,0.0,3.0,0.0,72.0,0.0,0.0,0.0,0.0,0.0,0.0,0.0,0.0,0.0,0.0,0.0,0.0,0.0,0.0,0.0,0.0,0.0,0.0,0.0,0.0,0.0,0.0,0.0,27.0,,,,,,2,Nasir Adderley,Delaware,CAA,Safety,,,,,24.0,,,,
3912544,2019,144,8.0,2.0,0.5,98.0,1.0,5.5,169.0,0.0,0.0,1.0,5.0,1.0,60.0,0.0,0.0,0.0,0.0,0.0,0.0,0.0,0.0,0.0,0.0,0.0,0.0,0.0,0.0,0.0,0.0,0.0,0.0,0.0,0.0,0.0,0.0,0.0,0.0,0.0,0.0,,,,,,,3,Marvell Tell III,USC,Pac-12,Safety,,,,,,,,,12.0
3912545,2019,127,26.0,0.0,0.0,103.0,0.0,9.5,144.0,0.0,0.0,0.0,6.0,0.0,27.0,0.0,0.0,0.0,0.0,0.0,0.0,0.0,0.0,0.0,0.0,0.0,0.0,0.0,0.0,0.0,0.0,0.0,0.0,0.0,0.0,0.0,0.0,0.0,0.0,0.0,0.0,,,,,,,4,Iman Marshall,USC,Pac-12,Cornerback,,,,,,,,,4.5
3912547,2018,3,0.0,0.0,0.0,5.0,0.0,0.0,5.0,21.0,14.0,0.0,0.0,0.0,0.0,0.0,0.0,0.0,0.0,0.0,0.0,0.0,0.0,846.0,549.0,22.0,57.0,7229.0,0.0,0.0,0.0,0.0,0.0,0.0,0.0,0.0,0.0,0.0,137.0,7.0,332.0,,,,,,39.0,2,Sam Darnold,USC,Pac-12,Quarterback,0.648936170212766,8.544917257683215,,2.423357664233577,,,,,
3912550,2018,38,0.0,0.0,0.0,2.0,0.0,0.0,2.0,1.0,1.0,0.0,0.0,0.0,0.0,0.0,0.0,0.0,0.0,0.0,0.0,0.0,0.0,0.0,0.0,0.0,0.0,0.0,0.0,0.0,0.0,0.0,0.0,0.0,0.0,32.0,3.0,302.0,591.0,39.0,3619.0,,,,,56.0,86.0,3,Ronald Jones II,USC,Pac-12,Running Back,,,9.4375,6.123519458544839,,,,,
3912562,2018,79,8.0,6.0,16.0,43.0,0.0,19.0,98.0,0.0,0.0,0.0,0.0,0.0,0.0,0.0,0.0,0.0,0.0,0.0,0.0,0.0,0.0,0.0,0.0,0.0,0.0,0.0,0.0,0.0,0.0,0.0,0.0,0.0,0.0,0.0,0.0,0.0,0.0,0.0,0.0,,,,,,,2,Rasheem Green,USC,Pac-12,Defensive End,,,,,,,,,
3912576,2017,121,0.0,0.0,0.0,0.0,0.0,0.0,0.0,5.0,5.0,0.0,0.0,0.0,0.0,0.0,0.0,0.0,0.0,0.0,0.0,0.0,0.0,0.0,0.0,0.0,0.0,0.0,0.0,0.0,0.0,0.0,0.0,0.0,0.0,20.0,0.0,191.0,314.0,13.0,1884.0,,,,,56.0,82.0,2,Joe Williams,Utah,Pac-12,Running Back,,,9.55,6.0,,,,,
3913295,2020,159,0.0,0.0,0.0,1.0,0.0,0.0,2.0,0.0,0.0,2.0,0.0,0.0,0.0,0.0,0.0,0.0,42.0,33.0,178.0,83.0,79.0,0.0,0.0,0.0,0.0,0.0,0.0,0.0,0.0,0.0,0.0,0.0,0.0,0.0,0.0,0.0,0.0,0.0,0.0,,53.0,,,,,3,Justin Rohrwasser,Rhode Island,CAA,Place Kicker,,,,,,,,0.7857142857142857,
3914151,2020,94,0.0,0.0,0.0,3.0,0.0,0.0,4.0,1.0,0.0,0.0,0.0,0.0,0.0,0.0,0.0,0.0,0.0,0.0,0.0,0.0,0.0,0.0,0.0,0.0,0.0,0.0,0.0,0.0,0.0,0.0,0.0,0.0,0.0,92.0,12.0,1117.0,1.0,1.0,0.0,,,,,73.0,2.0,4,Josiah Deguara,Cincinnati,American Athletic,Tight End,,,12.141304347826088,0.0,,,,,
3914240,2020,206,0.0,0.0,0.0,2.0,0.0,0.0,3.0,0.0,0.0,0.0,0.0,0.0,0.0,0.0,0.0,0.0,0.0,0.0,0.0,0.0,0.0,4.0,3.0,0.0,0.0,58.0,0.0,0.0,0.0,0.0,0.0,0.0,0.0,64.0,8.0,637.0,0.0,0.0,0.0,,,,,58.0,,4,Tyler Davis,UConn,American Athletic,Tight End,0.75,14.5,9.953125,,,,,,
3914277,2020,129,0.0,0.0,0.0,2.0,0.0,0.0,4.0,0.0,0.0,0.0,0.0,0.0,0.0,0.0,0.0,0.0,0.0,0.0,0.0,0.0,0.0,0.0,0.0,0.0,0.0,0.0,0.0,0.0,0.0,0.0,0.0,0.0,0.0,0.0,0.0,0.0,0.0,0.0,0.0,,,,,,,3,Cameron Clark,Charlotte,Conference USA,Offensive Tackle,,,,,,,,,
3914328,2019,62,0.0,0.0,0.0,3.0,0.0,0.0,4.0,7.0,4.0,0.0,0.0,0.0,0.0,24.0,0.0,443.0,0.0,0.0,0.0,0.0,0.0,0.0,0.0,0.0,0.0,0.0,9.0,0.0,77.0,0.0,0.0,0.0,0.0,230.0,30.0,3525.0,40.0,2.0,342.0,44.0,,25.0,,89.0,42.0,4,Andy Isabella,Massachusetts,Mid-American,Wide Receiver,,,15.326086956521738,8.55,18.458333333333332,8.555555555555555,,,
3914395,2020,125,0.0,0.0,0.0,0.0,0.0,0.0,0.0,21.0,5.0,0.0,0.0,0.0,0.0,0.0,0.0,0.0,0.0,0.0,0.0,0.0,0.0,1221.0,699.0,34.0,65.0,8629.0,0.0,0.0,0.0,0.0,0.0,0.0,0.0,0.0,0.0,0.0,131.0,3.0,-183.0,,,,,,15.0,4,James Morgan,Florida International,Conference USA,Quarterback,0.5724815724815725,7.067158067158067,,-1.3969465648854962,,,,,
3914397,2019,208,0.0,0.0,0.0,2.0,0.0,0.0,3.0,3.0,2.0,0.0,0.0,0.0,0.0,43.0,0.0,793.0,0.0,0.0,0.0,0.0,0.0,1.0,1.0,0.0,0.0,24.0,7.0,0.0,38.0,0.0,0.0,0.0,0.0,214.0,23.0,2825.0,6.0,0.0,38.0,77.0,,19.0,,76.0,17.0,4,Scott Miller,Bowling Green,Mid-American,Wide Receiver,1.0,24.0,13.200934579439252,6.333333333333333,18.441860465116278,5.428571428571429,,,
3914613,2019,200,6.0,15.0,4.0,90.0,1.0,12.0,153.0,0.0,0.0,6.0,2.0,0.0,0.0,1.0,0.0,3.0,0.0,0.0,0.0,0.0,0.0,0.0,0.0,0.0,0.0,0.0,1.0,0.0,32.0,0.0,0.0,0.0,0.0,0.0,0.0,0.0,0.0,0.0,0.0,3.0,,32.0,,,,3,Emeke Egbule,Houston,American Athletic,Outside Linebacker,,,,,3.0,32.0,,,0.0
3915097,2018,105,0.0,0.0,0.0,1.0,1.0,0.0,1.0,5.0,1.0,0.0,0.0,0.0,0.0,6.0,1.0,176.0,0.0,0.0,0.0,0.0,0.0,1.0,1.0,0.0,1.0,2.0,56.0,2.0,653.0,0.0,0.0,0.0,0.0,89.0,7.0,1399.0,8.0,1.0,51.0,44.0,,85.0,,78.0,24.0,2,Antonio Callaway,Florida,SEC,Wide Receiver,1.0,2.0,15.719101123595506,6.375,29.333333333333332,11.660714285714286,,,
3915115,2019,154,0.0,0.0,0.0,1.0,0.0,0.0,1.0,2.0,2.0,0.0,0.0,0.0,0.0,0.0,0.0,0.0,0.0,0.0,0.0,0.0,0.0,0.0,0.0,0.0,0.0,0.0,0.0,0.0,0.0,0.0,0.0,0.0,0.0,15.0,0.0,108.0,344.0,12.0,1846.0,,,,,30.0,60.0,3,Jordan Scarlett,Florida,SEC,Running Back,,,7.2,5.366279069767442,,,,,
3915122,2020,247,7.0,1.0,3.5,59.0,1.0,7.5,93.0,0.0,0.0,0.0,1.0,1.0,43.0,0.0,0.0,0.0,0.0,0.0,0.0,0.0,0.0,0.0,0.0,0.0,0.0,0.0,0.0,0.0,0.0,0.0,0.0,0.0,0.0,0.0,0.0,0.0,0.0,0.0,0.0,,,,,,,3,Chris Williamson,Minnesota,Big Ten,Cornerback,,,,,,,,,43.0
3915123,2020,79,0.0,22.0,18.5,54.0,0.0,34.5,118.0,0.0,0.0,1.0,0.0,0.0,0.0,0.0,0.0,0.0,0.0,0.0,0.0,0.0,0.0,0.0,0.0,0.0,0.0,0.0,0.0,0.0,0.0,0.0,0.0,0.0,0.0,0.0,0.0,0.0,0.0,0.0,0.0,,,,,,,4,Jabari Zuniga,Florida,SEC,Defensive End,,,,,,,,,
3915139,2020,208,0.0,0.0,0.0,1.0,0.0,0.0,1.0,0.0,0.0,0.0,0.0,0.0,0.0,0.0,0.0,0.0,0.0,0.0,0.0,0.0,0.0,0.0,0.0,0.0,0.0,0.0,0.0,0.0,0.0,0.0,0.0,0.0,0.0,0.0,0.0,0.0,0.0,0.0,0.0,,,,,,,1,Jake Hanson,Oregon,Pac-12,Center,,,,,,,,,
3915163,2019,30,23.0,1.0,1.0,82.0,0.0,4.0,114.0,1.0,0.0,1.0,7.0,0.0,145.0,0.0,0.0,0.0,0.0,0.0,0.0,0.0,0.0,0.0,0.0,0.0,0.0,0.0,0.0,0.0,0.0,0.0,0.0,0.0,0.0,0.0,0.0,0.0,0.0,0.0,0.0,,,,,,,3,Deandre Baker,Georgia,SEC,Cornerback,,,,,,,,,20.714285714285715
3915171,2020,255,5.0,0.0,1.5,50.0,1.0,10.0,122.0,0.0,0.0,2.0,2.0,0.0,56.0,0.0,0.0,0.0,0.0,0.0,0.0,0.0,0.0,0.0,0.0,0.0,0.0,0.0,0.0,0.0,0.0,0.0,0.0,0.0,0.0,0.0,0.0,0.0,0.0,0.0,0.0,,,,,,,3,Tae Crowder,Georgia,SEC,Inside Linebacker,,,,,,,,,28.0
3915174,2019,237,0.0,0.0,0.0,0.0,1.0,0.0,1.0,4.0,2.0,0.0,0.0,0.0,0.0,2.0,1.0,70.0,0.0,0.0,0.0,0.0,0.0,3.0,1.0,1.0,1.0,44.0,7.0,0.0,60.0,0.0,0.0,0.0,0.0,133.0,11.0,1788.0,11.0,1.0,51.0,43.0,,19.0,,75.0,28.0,4,Terry Godwin,Georgia,SEC,Wide Receiver,0.3333333333333333,14.666666666666666,13.443609022556391,4.636363636363637,35.0,8.571428571428571,,,
3915189,2018,8,3.0,4.0,6.5,129.0,0.0,17.5,220.0,0.0,0.0,3.0,0.0,0.0,0.0,0.0,0.0,0.0,0.0,0.0,0.0,0.0,0.0,0.0,0.0,0.0,0.0,0.0,0.0,0.0,0.0,0.0,0.0,0.0,0.0,0.0,0.0,0.0,0.0,0.0,0.0,,,,,,,2,Roquan Smith,Georgia,SEC,Outside Linebacker,,,,,,,,,
3915196,2019,168,3.0,7.0,12.0,57.0,0.0,26.0,102.0,0.0,0.0,1.0,0.0,0.0,0.0,0.0,0.0,0.0,0.0,0.0,0.0,0.0,0.0,0.0,0.0,0.0,0.0,0.0,2.0,0.0,13.0,0.0,0.0,0.0,0.0,0.0,0.0,0.0,0.0,0.0,0.0,,,9.0,,,,4,D'Andre Walker,Georgia,SEC,Outside Linebacker,,,,,,6.5,,,
3915238,2019,232,0.0,0.0,0.0,1.0,0.0,0.0,1.0,0.0,0.0,0.0,0.0,0.0,0.0,0.0,0.0,0.0,0.0,0.0,0.0,0.0,0.0,0.0,0.0,0.0,0.0,0.0,0.0,0.0,0.0,0.0,0.0,0.0,0.0,0.0,0.0,0.0,0.0,0.0,0.0,,,,,,,1,George Asafo-Adjei,Kentucky,SEC,Offensive Guard,,,,,,,,,
3915239,2019,7,7.0,13.0,31.0,120.0,0.0,39.5,216.0,0.0,0.0,2.0,1.0,0.0,14.0,0.0,0.0,0.0,0.0,0.0,0.0,0.0,0.0,0.0,0.0,0.0,0.0,0.0,0.0,0.0,0.0,0.0,0.0,0.0,0.0,0.0,0.0,0.0,0.0,0.0,0.0,,,,,,,3,Josh Allen,Kentucky,SEC,Outside Linebacker,,,,,,,,,14.0
3915252,2020,121,0.0,0.0,0.0,2.0,0.0,0.0,3.0,0.0,0.0,0.0,0.0,0.0,0.0,0.0,0.0,0.0,0.0,0.0,0.0,0.0,0.0,0.0,0.0,0.0,0.0,0.0,0.0,0.0,0.0,0.0,0.0,0.0,0.0,0.0,0.0,0.0,0.0,0.0,0.0,,,,,,,2,Logan Stenberg,Kentucky,SEC,Offensive Guard,,,,,,,,,
3915282,2019,65,13.0,19.0,18.5,92.0,0.0,40.5,197.0,0.0,0.0,4.0,2.0,0.0,6.0,0.0,0.0,0.0,0.0,0.0,0.0,0.0,0.0,0.0,0.0,0.0,0.0,0.0,0.0,0.0,0.0,0.0,0.0,0.0,0.0,0.0,0.0,0.0,2.0,0.0,12.0,,,,,,9.0,3,Zach Allen,Boston College,ACC,Defensive End,,,,6.0,,,,,3.0
3915297,2019,81,6.0,2.0,1.0,121.0,0.0,7.5,203.0,0.0,0.0,6.0,5.0,0.0,65.0,0.0,0.0,0.0,0.0,0.0,0.0,0.0,0.0,0.0,0.0,0.0,0.0,0.0,0.0,0.0,0.0,0.0,0.0,0.0,0.0,0.0,0.0,0.0,0.0,0.0,0.0,,,,,,,4,Will Harris,Boston College,ACC,Safety,,,,,,,,,13.0
3915381,2018,176,0.0,0.0,0.0,0.0,0.0,0.0,0.0,3.0,3.0,0.0,0.0,0.0,0.0,0.0,0.0,0.0,0.0,0.0,0.0,0.0,0.0,1.0,1.0,0.0,0.0,10.0,0.0,0.0,0.0,0.0,0.0,0.0,0.0,43.0,0.0,350.0,327.0,15.0,1573.0,,,,,52.0,73.0,3,John Kelly,Tennessee,SEC,Running Back,1.0,10.0,8.13953488372093,4.81039755351682,,,,,
3915396,2020,48,7.0,17.0,19.5,75.0,0.0,26.5,118.0,0.0,0.0,4.0,0.0,0.0,0.0,0.0,0.0,0.0,0.0,0.0,0.0,0.0,0.0,0.0,0.0,0.0,0.0,0.0,0.0,0.0,0.0,0.0,0.0,0.0,0.0,0.0,0.0,0.0,0.0,0.0,0.0,,,,,,,4,Darrell Taylor,Tennessee,SEC,Defensive End,,,,,,,,,
3915411,2019,186,0.0,0.0,0.0,3.0,2.0,1.0,6.0,0.0,0.0,0.0,0.0,0.0,0.0,48.0,2.0,1194.0,0.0,0.0,0.0,0.0,0.0,0.0,0.0,0.0,0.0,0.0,5.0,0.0,49.0,0.0,0.0,0.0,0.0,29.0,2.0,318.0,348.0,17.0,2635.0,100.0,,33.0,,66.0,81.0,4,Ty Johnson,Maryland,Big Ten,Running Back,,,10.96551724137931,7.57183908045977,24.875,9.8,,,
3915416,2018,24,0.0,0.0,0.0,1.0,0.0,0.0,1.0,2.0,0.0,0.0,0.0,0.0,0.0,15.0,0.0,334.0,0.0,0.0,0.0,0.0,0.0,5.0,3.0,0.0,0.0,36.0,15.0,0.0,153.0,0.0,1.0,0.0,34.0,146.0,17.0,2027.0,17.0,1.0,125.0,35.0,,33.0,34.0,92.0,24.0,3,D.J. Moore,Maryland,Big Ten,Wide Receiver,0.6,7.2,13.883561643835616,7.352941176470588,22.266666666666666,10.2,34.0,,
3915419,2019,21,14.0,0.0,1.0,128.0,3.0,9.0,170.0,0.0,0.0,1.0,7.0,1.0,78.0,0.0,0.0,0.0,0.0,0.0,0.0,0.0,0.0,0.0,0.0,0.0,0.0,0.0,2.0,1.0,36.0,0.0,0.0,0.0,0.0,0.0,0.0,0.0,0.0,0.0,0.0,,,20.0,,,,3,Darnell Savage Jr.,Maryland,Big Ten,Safety,,,,,,18.0,,,11.142857142857142
3915437,2018,58,19.0,0.0,0.0,43.0,1.0,0.0,60.0,2.0,0.0,0.0,3.0,0.0,41.0,0.0,0.0,0.0,0.0,0.0,0.0,0.0,0.0,0.0,0.0,0.0,0.0,0.0,20.0,1.0,174.0,0.0,0.0,0.0,0.0,0.0,0.0,0.0,0.0,0.0,0.0,,,68.0,,,,2,Isaiah Oliver,Colorado,Pac-12,Cornerback,,,,,,8.7,,,13.666666666666666
3915470,2020,149,0.0,0.0,0.0,3.0,0.0,0.0,4.0,0.0,0.0,0.0,0.0,0.0,0.0,2.0,0.0,25.0,0.0,0.0,0.0,0.0,0.0,0.0,0.0,0.0,0.0,0.0,0.0,0.0,0.0,0.0,0.0,0.0,0.0,9.0,1.0,56.0,2.0,1.0,8.0,13.0,,,,15.0,5.0,4,Danny Pinter,Ball State,Mid-American,Offensive Guard,,,6.222222222222222,4.0,12.5,,,,
3915486,2018,157,0.0,0.0,0.0,4.0,0.0,0.0,4.0,1.0,1.0,0.0,0.0,0.0,0.0,0.0,0.0,0.0,0.0,0.0,0.0,0.0,0.0,0.0,0.0,0.0,0.0,0.0,0.0,0.0,0.0,0.0,0.0,0.0,0.0,83.0,11.0,1159.0,0.0,0.0,0.0,,,,,42.0,,3,Tyler Conklin,Central Michigan,Mid-American,Tight End,,,13.963855421686747,,,,,,
3915487,2020,177,1.0,15.0,17.0,111.0,1.0,30.0,188.0,0.0,0.0,4.0,0.0,0.0,0.0,0.0,0.0,0.0,0.0,0.0,0.0,0.0,0.0,0.0,0.0,0.0,0.0,0.0,0.0,0.0,0.0,0.0,0.0,0.0,0.0,0.0,0.0,0.0,0.0,0.0,0.0,,,,,,,4,Mike Danna,Michigan,Big Ten,Defensive End,,,,,,,,,
3915506,2020,19,22.0,0.0,0.0,104.0,1.0,4.0,140.0,1.0,0.0,1.0,5.0,1.0,132.0,0.0,0.0,0.0,0.0,0.0,0.0,0.0,0.0,0.0,0.0,0.0,0.0,0.0,0.0,0.0,0.0,0.0,0.0,0.0,0.0,0.0,0.0,0.0,0.0,0.0,0.0,,,,,,,4,Damon Arnette,Ohio State,Big Ten,Cornerback,,,,,,,,,26.4
3915507,2018,73,3.0,2.0,7.0,87.0,1.0,17.5,155.0,0.0,0.0,3.0,2.0,1.0,90.0,0.0,0.0,0.0,0.0,0.0,0.0,0.0,0.0,0.0,0.0,0.0,0.0,0.0,0.0,0.0,0.0,0.0,0.0,0.0,0.0,0.0,0.0,0.0,0.0,0.0,0.0,,,,,,,2,Jerome Baker,Ohio State,Big Ten,Outside Linebacker,,,,,,,,,45.0
3915511,2020,1,0.0,0.0,0.0,2.0,0.0,0.0,2.0,11.0,5.0,0.0,0.0,0.0,0.0,0.0,0.0,0.0,0.0,0.0,0.0,0.0,0.0,945.0,650.0,11.0,78.0,8851.0,0.0,0.0,0.0,0.0,0.0,0.0,0.0,1.0,0.0,16.0,258.0,13.0,821.0,,,,,16.0,59.0,4,Joe Burrow,Ohio State,Big Ten,Quarterback,0.6878306878306878,9.366137566137565,16.0,3.182170542635659,,,,,
3915520,2020,73,0.0,1.0,7.0,41.0,0.0,21.0,66.0,0.0,0.0,3.0,0.0,0.0,0.0,0.0,0.0,0.0,0.0,0.0,0.0,0.0,0.0,0.0,0.0,0.0,0.0,0.0,0.0,0.0,0.0,0.0,0.0,0.0,0.0,0.0,0.0,0.0,0.0,0.0,0.0,,,,,,,4,Davon Hamilton,Ohio State,Big Ten,Defensive Tackle,,,,,,,,,
3915522,2020,220,1.0,0.0,0.0,2.0,0.0,0.0,2.0,5.0,2.0,0.0,0.0,0.0,0.0,10.0,0.0,160.0,0.0,0.0,0.0,0.0,0.0,0.0,0.0,0.0,0.0,0.0,47.0,0.0,258.0,0.0,0.0,0.0,0.0,201.0,20.0,2332.0,4.0,0.0,-1.0,32.0,,23.0,,53.0,1.0,4,K.J. Hill,Ohio State,Big Ten,Wide Receiver,,,11.601990049751244,-0.25,16.0,5.48936170212766,,,
3915525,2019,71,3.0,6.0,9.5,58.0,1.0,22.0,112.0,0.0,0.0,2.0,1.0,1.0,28.0,0.0,0.0,0.0,0.0,0.0,0.0,0.0,0.0,0.0,0.0,0.0,0.0,0.0,0.0,0.0,0.0,0.0,0.0,0.0,0.0,0.0,0.0,0.0,0.0,0.0,0.0,,,,,,,3,Dre'Mont Jones,Ohio State,Big Ten,Defensive Tackle,,,,,,,,,28.0
3915532,2019,202,0.0,0.0,0.0,2.0,0.0,0.0,2.0,0.0,0.0,0.0,0.0,0.0,0.0,0.0,0.0,0.0,0.0,0.0,0.0,0.0,0.0,0.0,0.0,0.0,0.0,0.0,0.0,0.0,0.0,0.0,0.0,0.0,0.0,0.0,0.0,0.0,0.0,0.0,0.0,,,,,,,2,Isaiah Prince,Ohio State,Big Ten,Offensive Tackle,,,,,,,,,
3915535,2018,4,24.0,0.0,0.0,42.0,0.0,2.0,60.0,0.0,0.0,0.0,1.0,0.0,0.0,0.0,0.0,0.0,0.0,0.0,0.0,0.0,0.0,0.0,0.0,0.0,0.0,0.0,1.0,0.0,10.0,0.0,0.0,0.0,0.0,0.0,0.0,0.0,0.0,0.0,0.0,,,10.0,,,,2,Denzel Ward,Ohio State,Big Ten,Cornerback,,,,,,10.0,,,0.0
3915536,2019,218,0.0,0.0,0.0,1.0,0.0,0.0,2.0,10.0,5.0,0.0,0.0,0.0,0.0,9.0,0.0,143.0,0.0,0.0,0.0,0.0,0.0,0.0,0.0,0.0,0.0,0.0,0.0,0.0,0.0,0.0,0.0,0.0,0.0,54.0,1.0,297.0,454.0,24.0,2676.0,21.0,,,,53.0,82.0,3,Mike Weber,Ohio State,Big Ten,Running Back,,,5.5,5.894273127753304,15.88888888888889,,,,
3915823,2018,103,1.0,0.0,0.0,0.0,1.0,0.0,0.0,1.0,0.0,0.0,0.0,0.0,0.0,16.0,1.0,412.0,0.0,0.0,0.0,0.0,0.0,0.0,0.0,0.0,0.0,0.0,1.0,0.0,14.0,0.0,0.0,0.0,0.0,159.0,17.0,2424.0,8.0,1.0,17.0,92.0,,14.0,,80.0,11.0,3,Keke Coutee,Texas Tech,Big 12,Wide Receiver,,,15.245283018867925,2.125,25.75,14.0,,,
3915837,2020,170,2.0,16.0,8.5,82.0,0.0,15.5,138.0,0.0,0.0,1.0,0.0,0.0,0.0,0.0,0.0,0.0,0.0,0.0,0.0,0.0,0.0,0.0,0.0,0.0,0.0,0.0,0.0,0.0,0.0,0.0,0.0,0.0,0.0,0.0,0.0,0.0,0.0,0.0,0.0,,,,,,,4,Broderick Washington Jr.,Texas Tech,Big 12,Defensive Tackle,,,,,,,,,
3916071,2019,120,0.0,0.0,0.0,1.0,0.0,0.0,2.0,4.0,3.0,0.0,0.0,0.0,0.0,7.0,0.0,145.0,0.0,0.0,0.0,0.0,0.0,1.0,0.0,0.0,0.0,0.0,34.0,0.0,108.0,0.0,0.0,0.0,0.0,168.0,17.0,2294.0,0.0,0.0,0.0,35.0,,21.0,,75.0,,4,Gary Jennings,West Virginia,Big 12,Wide Receiver,0.0,0.0,13.654761904761905,,20.714285714285715,3.176470588235294,,,
3916074,2019,188,10.0,6.0,11.5,160.0,0.0,36.5,237.0,0.0,0.0,1.0,0.0,0.0,0.0,0.0,0.0,0.0,0.0,0.0,0.0,0.0,0.0,0.0,0.0,0.0,0.0,0.0,0.0,0.0,0.0,0.0,0.0,0.0,0.0,0.0,0.0,0.0,0.0,0.0,0.0,,,,,,,3,David Long Jr.,West Virginia,Big 12,Outside Linebacker,,,,,,,,,
3916075,2020,153,0.0,0.0,0.0,3.0,0.0,0.0,3.0,0.0,0.0,0.0,0.0,0.0,0.0,0.0,0.0,0.0,0.0,0.0,0.0,0.0,0.0,0.0,0.0,0.0,0.0,0.0,0.0,0.0,0.0,0.0,0.0,0.0,0.0,0.0,0.0,0.0,0.0,0.0,0.0,,,,,,,2,Colton McKivitz,West Virginia,Big 12,Offensive Tackle,,,,,,,,,
3916126,2019,205,22.0,0.0,1.0,122.0,1.0,6.0,133.0,2.0,0.0,0.0,8.0,2.0,84.0,16.0,0.0,306.0,0.0,0.0,0.0,0.0,0.0,0.0,0.0,0.0,0.0,0.0,5.0,0.0,14.0,0.0,0.0,0.0,0.0,0.0,0.0,0.0,0.0,0.0,0.0,37.0,,6.0,,,,3,Duke Shelley,Kansas State,Big 12,Cornerback,,,,,19.125,2.8,,,10.5
3916148,2019,128,0.0,0.0,0.0,11.0,6.0,0.0,12.0,3.0,1.0,0.0,0.0,0.0,0.0,89.0,7.0,2616.0,0.0,0.0,0.0,0.0,0.0,0.0,0.0,0.0,0.0,0.0,2.0,0.0,11.0,0.0,0.0,0.0,0.0,103.0,9.0,1278.0,140.0,9.0,942.0,100.0,,9.0,,59.0,66.0,3,Tony Pollard,Memphis,American Athletic,Running Back,,,12.407766990291263,6.728571428571429,29.39325842696629,5.5,,,
3916204,2020,201,0.0,0.0,0.0,2.0,0.0,0.0,3.0,8.0,1.0,0.0,0.0,0.0,0.0,31.0,0.0,615.0,0.0,0.0,0.0,0.0,0.0,5.0,1.0,0.0,0.0,2.0,51.0,0.0,382.0,0.0,0.0,0.0,0.0,301.0,39.0,3949.0,10.0,0.0,50.0,37.0,,31.0,,86.0,13.0,4,James Proche,SMU,American Athletic,Wide Receiver,0.2,0.4,13.119601328903654,5.0,19.838709677419356,7.490196078431373,,,
3916387,2018,32,0.0,0.0,0.0,3.0,0.0,0.0,3.0,17.0,8.0,0.0,0.0,0.0,0.0,0.0,0.0,0.0,0.0,0.0,0.0,0.0,0.0,1086.0,619.0,27.0,69.0,9043.0,0.0,0.0,0.0,0.0,0.0,0.0,0.0,0.0,0.0,0.0,655.0,50.0,4132.0,,,,,,75.0,3,Lamar Jackson,Louisville,ACC,Quarterback,0.5699815837937385,8.326887661141805,,6.308396946564885,,,,,
3916409,2020,90,7.0,19.0,19.5,63.0,1.0,37.5,122.0,0.0,0.0,1.0,2.0,0.0,58.0,0.0,0.0,0.0,0.0,0.0,0.0,0.0,0.0,0.0,0.0,0.0,0.0,0.0,0.0,0.0,0.0,0.0,0.0,0.0,0.0,0.0,0.0,0.0,0.0,0.0,0.0,,,,,,,3,Jonathan Greenard,Louisville,ACC,Outside Linebacker,,,,,,,,,29.0
3916414,2018,74,0.0,0.0,0.0,2.0,0.0,0.0,3.0,0.0,0.0,0.0,0.0,0.0,0.0,0.0,0.0,0.0,0.0,0.0,0.0,0.0,0.0,0.0,0.0,0.0,0.0,0.0,0.0,0.0,0.0,0.0,0.0,0.0,0.0,0.0,0.0,0.0,0.0,0.0,0.0,,,,,,,2,Geron Christian,Louisville,ACC,Offensive Tackle,,,,,,,,,
3916430,2018,104,0.0,0.0,0.0,1.0,2.0,0.0,1.0,7.0,3.0,0.0,0.0,0.0,0.0,88.0,2.0,2171.0,0.0,0.0,0.0,0.0,0.0,1.0,0.0,0.0,0.0,0.0,12.0,1.0,135.0,0.0,0.0,0.0,0.0,89.0,1.0,933.0,258.0,13.0,1399.0,100.0,,92.0,,58.0,83.0,3,Nyheim Hines,NC State,ACC,Running Back,0.0,0.0,10.48314606741573,5.422480620155039,24.670454545454547,11.25,,,
3916449,2020,228,0.0,0.0,0.0,5.0,0.0,0.0,5.0,0.0,0.0,0.0,0.0,0.0,0.0,0.0,0.0,0.0,4.0,3.0,10.0,1.0,1.0,0.0,0.0,0.0,0.0,0.0,0.0,0.0,0.0,30.0,270.0,4.0,11651.0,0.0,0.0,0.0,0.0,0.0,0.0,,52.0,,65.0,,,4,Sterling Hofrichter,Syracuse,ACC,Punter,,,,,,,43.15185185185185,0.75,
3916566,2020,176,0.0,0.0,0.0,7.0,0.0,0.0,11.0,2.0,0.0,0.0,0.0,0.0,0.0,33.0,0.0,646.0,0.0,0.0,0.0,0.0,0.0,0.0,0.0,0.0,0.0,0.0,49.0,0.0,594.0,0.0,0.0,0.0,0.0,146.0,17.0,2037.0,14.0,1.0,53.0,31.0,,52.0,,75.0,16.0,4,K.J. Osborn,Miami,ACC,Wide Receiver,,,13.952054794520548,3.7857142857142856,19.575757575757574,12.122448979591837,,,
3916655,2019,106,5.0,28.0,20.0,68.0,1.0,40.5,156.0,0.0,0.0,3.0,1.0,1.0,2.0,0.0,0.0,0.0,0.0,0.0,0.0,0.0,0.0,0.0,0.0,0.0,0.0,0.0,0.0,0.0,0.0,0.0,0.0,0.0,0.0,0.0,0.0,0.0,0.0,0.0,0.0,,,,,,,3,Maxx Crosby,Eastern Michigan,Mid-American,Defensive End,,,,,,,,,2.0
3916676,2019,185,27.0,0.0,0.0,83.0,0.0,0.0,110.0,1.0,1.0,1.0,2.0,0.0,2.0,0.0,0.0,0.0,0.0,0.0,0.0,0.0,0.0,0.0,0.0,0.0,0.0,0.0,1.0,0.0,0.0,0.0,0.0,0.0,0.0,0.0,0.0,0.0,0.0,0.0,0.0,,,0.0,,,,3,Ka'dar Hollman,Toledo,Mid-American,Cornerback,,,,,,0.0,,,1.0
3916903,2019,148,2.0,4.0,3.0,113.0,0.0,9.5,226.0,0.0,0.0,3.0,3.0,0.0,8.0,0.0,0.0,0.0,0.0,0.0,0.0,0.0,0.0,0.0,0.0,0.0,0.0,0.0,0.0,0.0,0.0,0.0,0.0,0.0,0.0,0.0,0.0,0.0,1.0,0.0,14.0,,,,,,14.0,3,Dre Greenlaw,Arkansas,SEC,Outside Linebacker,,,,14.0,,,,,2.6666666666666665
3916922,2019,159,0.0,1.0,3.0,24.0,0.0,6.5,47.0,1.0,1.0,0.0,2.0,0.0,12.0,0.0,0.0,0.0,0.0,0.0,0.0,0.0,0.0,0.0,0.0,0.0,0.0,0.0,0.0,0.0,0.0,0.0,0.0,0.0,0.0,0.0,0.0,0.0,0.0,0.0,0.0,,,,,,,3,Byron Cowart,Maryland,Big Ten,Defensive Tackle,,,,,,,,,6.0
3916923,2018,63,21.0,0.0,0.0,60.0,0.0,2.5,76.0,0.0,0.0,1.0,4.0,0.0,0.0,0.0,0.0,0.0,0.0,0.0,0.0,0.0,0.0,0.0,0.0,0.0,0.0,0.0,0.0,0.0,0.0,0.0,0.0,0.0,0.0,0.0,0.0,0.0,0.0,0.0,0.0,,,,,,,3,Carlton Davis,Auburn,SEC,Cornerback,,,,,,,,,0.0
3916925,2018,43,0.0,0.0,0.0,1.0,0.0,0.0,1.0,3.0,2.0,0.0,0.0,0.0,0.0,26.0,0.0,653.0,0.0,0.0,0.0,0.0,0.0,4.0,4.0,0.0,2.0,14.0,0.0,0.0,0.0,0.0,0.0,0.0,0.0,55.0,2.0,478.0,519.0,32.0,2494.0,45.0,,,,55.0,60.0,3,Kerryon Johnson,Auburn,SEC,Running Back,1.0,3.5,8.690909090909091,4.805394990366088,25.115384615384617,,,,
3916945,2019,171,0.0,0.0,0.0,0.0,0.0,0.0,0.0,2.0,1.0,0.0,0.0,0.0,0.0,1.0,0.0,-11.0,0.0,0.0,0.0,0.0,0.0,0.0,0.0,0.0,0.0,0.0,0.0,0.0,0.0,0.0,0.0,0.0,0.0,79.0,11.0,1605.0,0.0,0.0,0.0,0.0,,,,74.0,,3,Darius Slayton,Auburn,SEC,Wide Receiver,,,20.31645569620253,,-11.0,,,,
3917006,2020,123,34.0,0.0,0.0,101.0,0.0,4.0,132.0,0.0,0.0,2.0,3.0,0.0,28.0,0.0,0.0,0.0,0.0,0.0,0.0,0.0,0.0,0.0,0.0,0.0,0.0,0.0,0.0,0.0,0.0,0.0,0.0,0.0,0.0,0.0,0.0,0.0,0.0,0.0,0.0,,,,,,,4,Reggie Robinson II,Tulsa,American Athletic,Cornerback,,,,,,,,,9.333333333333334
3917016,2020,155,2.0,9.0,13.0,63.0,0.0,25.5,114.0,0.0,0.0,0.0,0.0,0.0,0.0,1.0,0.0,2.0,0.0,0.0,0.0,0.0,0.0,0.0,0.0,0.0,0.0,0.0,0.0,0.0,0.0,0.0,0.0,0.0,0.0,0.0,0.0,0.0,0.0,0.0,0.0,2.0,,,,,,4,Trevis Gipson,Tulsa,American Athletic,Outside Linebacker,,,,,2.0,,,,
3917067,2019,247,0.0,0.0,0.0,4.0,0.0,0.0,6.0,3.0,2.0,0.0,0.0,0.0,0.0,1.0,0.0,23.0,0.0,0.0,0.0,0.0,0.0,0.0,0.0,0.0,0.0,0.0,26.0,0.0,170.0,0.0,0.0,0.0,0.0,125.0,11.0,2019.0,1.0,0.0,13.0,23.0,,38.0,,73.0,13.0,4,Olabisi Johnson,Colorado State,Mountain West,Wide Receiver,,,16.152,13.0,23.0,6.538461538461538,,,
3917142,2020,107,17.0,9.0,8.0,131.0,0.0,28.0,253.0,0.0,0.0,0.0,1.0,0.0,0.0,0.0,0.0,0.0,0.0,0.0,0.0,0.0,0.0,0.0,0.0,0.0,0.0,0.0,0.0,0.0,0.0,0.0,0.0,0.0,0.0,0.0,0.0,0.0,0.0,0.0,0.0,,,,,,,4,Akeem Davis,App State,Sun Belt,Outside Linebacker,,,,,,,,,0.0
3917232,2020,188,0.0,0.0,0.0,6.0,0.0,0.0,11.0,0.0,0.0,0.0,0.0,0.0,0.0,0.0,0.0,0.0,68.0,54.0,276.0,116.0,114.0,1.0,1.0,0.0,0.0,7.0,1.0,0.0,16.0,1.0,5.0,0.0,240.0,0.0,0.0,0.0,1.0,0.0,-4.0,,50.0,16.0,61.0,,0.0,4,Tyler Bass,Georgia Southern,Sun Belt,Place Kicker,1.0,7.0,,-4.0,,16.0,48.0,0.7941176470588235,
3917315,2019,1,0.0,0.0,0.0,0.0,0.0,0.0,0.0,3.0,2.0,0.0,0.0,0.0,0.0,0.0,0.0,0.0,0.0,0.0,0.0,0.0,0.0,518.0,349.0,14.0,50.0,5409.0,0.0,0.0,0.0,0.0,0.0,0.0,0.0,0.0,0.0,0.0,207.0,13.0,1478.0,,,,,,75.0,3,Kyler Murray,Texas A&M,SEC,Quarterback,0.6737451737451737,10.442084942084943,,7.140096618357488,,,,,
3917316,2019,160,2.0,4.0,8.0,37.0,0.0,17.5,76.0,0.0,0.0,0.0,0.0,0.0,0.0,0.0,0.0,0.0,0.0,0.0,0.0,0.0,0.0,0.0,0.0,0.0,0.0,0.0,0.0,0.0,0.0,0.0,0.0,0.0,0.0,0.0,0.0,0.0,0.0,0.0,0.0,,,,,,,3,Daylon Mack,Texas A&M,SEC,Defensive Tackle,,,,,,,,,
3917331,2019,48,0.0,0.0,0.0,0.0,0.0,0.0,0.0,3.0,0.0,0.0,0.0,0.0,0.0,0.0,0.0,0.0,0.0,0.0,0.0,0.0,0.0,0.0,0.0,0.0,0.0,0.0,0.0,0.0,0.0,0.0,0.0,0.0,0.0,0.0,0.0,0.0,0.0,0.0,0.0,,,,,,,3,Erik McCoy,Texas A&M,SEC,Center,,,,,,,,,
3917340,2019,150,7.0,6.0,12.5,55.0,0.0,20.5,142.0,0.0,0.0,3.0,0.0,0.0,0.0,0.0,0.0,0.0,0.0,0.0,0.0,0.0,0.0,0.0,0.0,0.0,0.0,0.0,0.0,0.0,0.0,0.0,0.0,0.0,0.0,0.0,0.0,0.0,0.0,0.0,0.0,,,,,,,3,Kingsley Keke,Texas A&M,SEC,Defensive Tackle,,,,,,,,,
3917592,2020,39,0.0,0.0,0.0,1.0,0.0,0.0,1.0,0.0,0.0,0.0,0.0,0.0,0.0,0.0,0.0,0.0,0.0,0.0,0.0,0.0,0.0,0.0,0.0,0.0,0.0,0.0,0.0,0.0,0.0,0.0,0.0,0.0,0.0,0.0,0.0,0.0,0.0,0.0,0.0,,,,,,,1,Robert Hunt,Louisiana,Sun Belt,Offensive Guard,,,,,,,,,
3917599,2020,135,0.0,0.0,0.0,3.0,0.0,1.0,3.0,0.0,0.0,0.0,0.0,0.0,0.0,0.0,0.0,0.0,0.0,0.0,0.0,0.0,0.0,0.0,0.0,0.0,0.0,0.0,0.0,0.0,0.0,0.0,0.0,0.0,0.0,0.0,0.0,0.0,0.0,0.0,0.0,,,,,,,2,Kevin Dotson,Louisiana,Sun Belt,Offensive Guard,,,,,,,,,
3917612,2020,76,0.0,0.0,0.0,2.0,0.0,0.0,3.0,5.0,0.0,0.0,0.0,0.0,0.0,1.0,0.0,13.0,0.0,0.0,0.0,0.0,0.0,0.0,0.0,0.0,0.0,0.0,0.0,0.0,0.0,0.0,0.0,0.0,0.0,66.0,3.0,648.0,572.0,30.0,3296.0,13.0,,,,75.0,78.0,4,Ke'Shawn Vaughn,Vanderbilt,SEC,Running Back,,,9.818181818181818,5.7622377622377625,13.0,,,,
3917657,2020,74,4.0,17.0,15.0,98.0,1.0,30.5,150.0,0.0,0.0,1.0,2.0,1.0,41.0,0.0,0.0,0.0,0.0,0.0,0.0,0.0,0.0,0.0,0.0,0.0,0.0,0.0,0.0,0.0,0.0,0.0,0.0,0.0,0.0,0.0,0.0,0.0,0.0,0.0,0.0,,,,,,,3,Zack Baun,Wisconsin,Big Ten,Outside Linebacker,,,,,,,,,20.5
3917660,2019,169,0.0,0.0,0.0,1.0,0.0,0.0,1.0,0.0,0.0,0.0,0.0,0.0,0.0,0.0,0.0,0.0,0.0,0.0,0.0,0.0,0.0,0.0,0.0,0.0,0.0,0.0,0.0,0.0,0.0,0.0,0.0,0.0,0.0,0.0,0.0,0.0,0.0,0.0,0.0,,,,,,,1,David Edwards,Wisconsin,Big Ten,Offensive Tackle,,,,,,,,,
3917792,2019,6,0.0,0.0,0.0,1.0,0.0,0.0,1.0,17.0,12.0,0.0,0.0,0.0,0.0,0.0,0.0,0.0,0.0,0.0,0.0,0.0,0.0,1260.0,757.0,29.0,51.0,8160.0,0.0,0.0,0.0,2.0,5.0,0.0,170.0,2.0,0.0,6.0,385.0,17.0,1268.0,,,,45.0,6.0,68.0,3,Daniel Jones,Duke,ACC,Quarterback,0.6007936507936508,6.476190476190476,3.0,3.2935064935064937,,,34.0,,
3917846,2018,112,0.0,0.0,0.0,4.0,0.0,0.0,8.0,0.0,0.0,0.0,0.0,0.0,0.0,20.0,0.0,304.0,0.0,0.0,0.0,0.0,0.0,0.0,0.0,0.0,0.0,0.0,0.0,0.0,0.0,0.0,0.0,0.0,0.0,56.0,2.0,624.0,394.0,26.0,1995.0,32.0,,,,41.0,82.0,3,Mark Walton,Miami,ACC,Running Back,,,11.142857142857142,5.063451776649746,15.2,,,,
3917847,2018,242,1.0,2.0,4.0,35.0,0.0,16.5,65.0,0.0,0.0,1.0,0.0,0.0,0.0,0.0,0.0,0.0,0.0,0.0,0.0,0.0,0.0,0.0,0.0,0.0,0.0,0.0,0.0,0.0,0.0,0.0,0.0,0.0,0.0,0.0,0.0,0.0,0.0,0.0,0.0,,,,,,,2,Kendrick Norton,Miami,ACC,Defensive Tackle,,,,,,,,,
3917852,2019,119,9.0,0.0,3.5,89.0,0.0,6.0,149.0,0.0,0.0,1.0,5.0,0.0,76.0,0.0,0.0,0.0,0.0,0.0,0.0,0.0,0.0,0.0,0.0,0.0,0.0,0.0,0.0,0.0,0.0,0.0,0.0,0.0,0.0,0.0,0.0,0.0,0.0,0.0,0.0,,,,,,,3,Sheldrick Redwine,Miami,ACC,Safety,,,,,,,,,15.2
3917853,2019,158,12.0,3.0,3.5,59.0,0.0,6.5,90.0,0.0,0.0,2.0,4.0,0.0,0.0,0.0,0.0,0.0,0.0,0.0,0.0,0.0,0.0,0.0,0.0,0.0,0.0,0.0,0.0,0.0,0.0,0.0,0.0,0.0,0.0,0.0,0.0,0.0,0.0,0.0,0.0,,,,,,,3,Michael Jackson,Miami,ACC,Cornerback,,,,,,,,,0.0
3917872,2018,139,9.0,3.0,5.0,47.0,0.0,21.5,93.0,0.0,0.0,1.0,0.0,0.0,0.0,0.0,0.0,0.0,0.0,0.0,0.0,0.0,0.0,0.0,0.0,0.0,0.0,0.0,1.0,0.0,6.0,0.0,0.0,0.0,0.0,0.0,0.0,0.0,0.0,0.0,0.0,,,6.0,,,,2,RJ McIntosh,Miami,ACC,Defensive Tackle,,,,,,6.0,,,
3917909,2019,63,26.0,1.0,1.5,139.0,0.0,12.0,206.0,0.0,0.0,0.0,13.0,0.0,177.0,0.0,0.0,0.0,0.0,0.0,0.0,0.0,0.0,0.0,0.0,0.0,0.0,0.0,0.0,0.0,0.0,0.0,0.0,0.0,0.0,0.0,0.0,0.0,0.0,0.0,0.0,,,,,,,3,Juan Thornhill,Virginia,ACC,Safety,,,,,,,,,13.615384615384615
3917940,2019,103,0.0,0.0,0.0,2.0,0.0,0.0,2.0,0.0,0.0,0.0,0.0,0.0,0.0,1.0,0.0,0.0,0.0,0.0,0.0,0.0,0.0,0.0,0.0,0.0,0.0,0.0,0.0,0.0,0.0,0.0,0.0,0.0,0.0,110.0,18.0,2149.0,0.0,0.0,0.0,0.0,,,,83.0,,3,Hakeem Butler,Iowa State,Big 12,Wide Receiver,,,19.536363636363635,,0.0,,,,
3917962,2019,75,0.0,0.0,0.0,2.0,0.0,0.0,2.0,0.0,0.0,0.0,0.0,0.0,0.0,0.0,0.0,0.0,0.0,0.0,0.0,0.0,0.0,0.0,0.0,0.0,0.0,0.0,0.0,0.0,0.0,0.0,0.0,0.0,0.0,49.0,10.0,837.0,1.0,0.0,4.0,,,,,53.0,4.0,2,Jace Sternberger,Texas A&M,SEC,Tight End,,,17.081632653061224,4.0,,,,,
3917992,2020,215,6.0,4.0,12.5,205.0,1.0,26.0,295.0,0.0,0.0,0.0,6.0,1.0,107.0,0.0,0.0,0.0,0.0,0.0,0.0,0.0,0.0,0.0,0.0,0.0,0.0,0.0,0.0,0.0,0.0,0.0,0.0,0.0,0.0,0.0,0.0,0.0,0.0,0.0,0.0,,,,,,,4,Markus Bailey,Purdue,Big Ten,Inside Linebacker,,,,,,,,,17.833333333333332
3917993,2018,143,3.0,0.0,0.0,60.0,1.0,11.5,96.0,0.0,0.0,0.0,1.0,1.0,76.0,0.0,0.0,0.0,0.0,0.0,0.0,0.0,0.0,0.0,0.0,0.0,0.0,0.0,0.0,0.0,0.0,0.0,0.0,0.0,0.0,0.0,0.0,0.0,0.0,0.0,0.0,,,,,,,2,Ja'Whaun Bentley,Purdue,Big Ten,Inside Linebacker,,,,,,,,,76.0
3918003,2020,136,0.0,0.0,0.0,0.0,0.0,0.0,0.0,0.0,0.0,0.0,0.0,0.0,0.0,1.0,0.0,0.0,0.0,0.0,0.0,0.0,0.0,0.0,0.0,0.0,0.0,0.0,0.0,0.0,0.0,0.0,0.0,0.0,0.0,130.0,16.0,1945.0,0.0,0.0,0.0,0.0,,,,74.0,,4,Brycen Hopkins,Purdue,Big Ten,Tight End,,,14.961538461538462,,0.0,,,,
3918026,2017,238,0.0,0.0,0.0,0.0,0.0,0.0,0.0,0.0,0.0,0.0,0.0,0.0,0.0,0.0,0.0,0.0,0.0,0.0,0.0,0.0,0.0,0.0,0.0,0.0,0.0,0.0,0.0,0.0,0.0,0.0,0.0,0.0,0.0,2.0,0.0,17.0,202.0,12.0,1225.0,,,,,9.0,66.0,2,Devante Mays,Utah State,Mountain West,Running Back,,,8.5,6.064356435643564,,,,,
3918298,2018,7,0.0,0.0,0.0,3.0,0.0,0.0,4.0,13.0,7.0,0.0,0.0,0.0,0.0,0.0,0.0,0.0,0.0,0.0,0.0,0.0,0.0,649.0,365.0,21.0,44.0,5066.0,0.0,0.0,0.0,0.0,0.0,0.0,0.0,2.0,1.0,6.0,238.0,12.0,756.0,,,,,4.0,38.0,3,Josh Allen,Wyoming,Mountain West,Quarterback,0.5624036979969184,7.805855161787365,3.0,3.176470588235294,,,,,
3918330,2020,65,14.0,3.0,7.0,247.0,2.0,34.5,406.0,0.0,0.0,3.0,10.0,2.0,154.0,0.0,0.0,0.0,0.0,0.0,0.0,0.0,0.0,0.0,0.0,0.0,0.0,0.0,0.0,0.0,0.0,0.0,0.0,0.0,0.0,0.0,0.0,0.0,0.0,0.0,0.0,,,,,,,4,Logan Wilson,Wyoming,Mountain West,Inside Linebacker,,,,,,,,,15.4
3918639,2017,44,1.0,0.0,0.0,0.0,0.0,0.0,1.0,1.0,0.0,0.0,0.0,0.0,0.0,0.0,0.0,0.0,0.0,0.0,0.0,0.0,0.0,1.0,1.0,0.0,1.0,7.0,0.0,0.0,0.0,0.0,0.0,0.0,0.0,90.0,12.0,1292.0,8.0,4.0,7.0,,,,,79.0,3.0,2,Gerald Everett,South Alabama,Sun Belt,Tight End,1.0,7.0,14.355555555555556,0.875,,,,,
3919104,2019,222,0.0,0.0,0.0,3.0,2.0,0.0,4.0,3.0,2.0,0.0,0.0,0.0,0.0,82.0,2.0,2108.0,0.0,0.0,0.0,0.0,0.0,0.0,0.0,0.0,0.0,0.0,0.0,0.0,0.0,0.0,0.0,0.0,0.0,22.0,2.0,227.0,232.0,11.0,1358.0,100.0,,,,75.0,82.0,3,Kerrith Whyte Jr.,Florida Atlantic,Conference USA,Running Back,,,10.318181818181818,5.853448275862069,25.70731707317073,,,,
3919512,2018,54,10.0,1.0,0.0,120.0,3.0,9.5,179.0,4.0,1.0,0.0,6.0,2.0,195.0,1.0,0.0,0.0,0.0,0.0,0.0,0.0,0.0,0.0,0.0,0.0,0.0,0.0,30.0,1.0,234.0,0.0,0.0,0.0,0.0,0.0,0.0,0.0,0.0,0.0,0.0,0.0,,75.0,,,,2,Jessie Bates III,Wake Forest,ACC,Safety,,,,,0.0,7.8,,,32.5
3919548,2020,178,10.0,4.0,8.0,147.0,0.0,22.5,244.0,0.0,0.0,1.0,4.0,0.0,44.0,0.0,0.0,0.0,0.0,0.0,0.0,0.0,0.0,0.0,0.0,0.0,0.0,0.0,0.0,0.0,0.0,0.0,0.0,0.0,0.0,1.0,0.0,2.0,0.0,0.0,0.0,,,,,2.0,,4,Justin Strnad,Wake Forest,ACC,Outside Linebacker,,,2.0,,,,,,11.0
3919596,2017,249,0.0,0.0,0.0,0.0,0.0,0.0,0.0,1.0,0.0,0.0,0.0,0.0,0.0,0.0,0.0,0.0,0.0,0.0,0.0,0.0,0.0,3.0,2.0,0.0,0.0,31.0,0.0,0.0,0.0,0.0,0.0,0.0,0.0,30.0,1.0,298.0,213.0,13.0,1076.0,,,,,28.0,26.0,2,Chris Carson,Oklahoma State,Big 12,Running Back,0.6666666666666666,10.333333333333334,9.933333333333334,5.051643192488263,,,,,
3920867,2019,207,8.0,11.0,9.5,177.0,3.0,28.5,346.0,0.0,0.0,3.0,3.0,1.0,69.0,0.0,0.0,0.0,0.0,0.0,0.0,0.0,0.0,0.0,0.0,0.0,0.0,0.0,1.0,1.0,30.0,0.0,0.0,0.0,0.0,0.0,0.0,0.0,0.0,0.0,0.0,,,30.0,,,,3,Ulysees Gilbert III,Akron,Mid-American,Inside Linebacker,,,,,,30.0,,,23.0
3921564,2018,253,0.0,0.0,0.0,2.0,0.0,0.0,2.0,1.0,1.0,0.0,0.0,0.0,0.0,0.0,0.0,0.0,0.0,0.0,0.0,0.0,0.0,0.0,0.0,0.0,0.0,0.0,0.0,0.0,0.0,0.0,0.0,0.0,0.0,65.0,16.0,957.0,0.0,0.0,0.0,,,,,51.0,,2,Auden Tate,Florida State,ACC,Wide Receiver,,,14.723076923076922,,,,,,
3921690,2019,69,0.0,0.0,0.0,2.0,0.0,0.0,2.0,0.0,0.0,0.0,0.0,0.0,0.0,2.0,0.0,3.0,0.0,0.0,0.0,0.0,0.0,0.0,0.0,0.0,0.0,0.0,0.0,0.0,0.0,0.0,0.0,0.0,0.0,98.0,7.0,1067.0,1.0,0.0,7.0,3.0,,,,70.0,7.0,4,Josh Oliver,San José State,Mountain West,Tight End,,,10.887755102040817,7.0,1.5,,,,
3921936,2020,99,0.0,0.0,0.0,1.0,0.0,0.0,2.0,0.0,0.0,0.0,0.0,0.0,0.0,0.0,0.0,0.0,0.0,0.0,0.0,0.0,0.0,0.0,0.0,0.0,0.0,0.0,0.0,0.0,0.0,0.0,0.0,0.0,0.0,0.0,0.0,0.0,0.0,0.0,0.0,,,,,,,2,Matt Peart,UConn,American Athletic,Offensive Tackle,,,,,,,,,
3921970,2019,175,3.0,17.0,27.0,82.0,0.0,52.0,123.0,0.0,0.0,5.0,0.0,0.0,0.0,0.0,0.0,0.0,0.0,0.0,0.0,0.0,0.0,1.0,1.0,0.0,0.0,29.0,2.0,1.0,51.0,0.0,0.0,0.0,0.0,0.0,0.0,0.0,1.0,0.0,-1.0,,,38.0,,,0.0,3,Sutton Smith,Northern Illinois,Mid-American,Outside Linebacker,1.0,29.0,,-1.0,,25.5,,,
3923397,2019,140,0.0,0.0,1.0,2.0,0.0,1.0,2.0,4.0,2.0,0.0,0.0,0.0,0.0,2.0,0.0,38.0,0.0,0.0,0.0,0.0,0.0,0.0,0.0,0.0,0.0,0.0,0.0,0.0,0.0,0.0,0.0,0.0,0.0,29.0,0.0,175.0,573.0,34.0,2812.0,23.0,,,,19.0,76.0,4,Ryquell Armstead,Temple,American Athletic,Running Back,,,6.0344827586206895,4.907504363001745,19.0,,,,
3923413,2020,241,9.0,2.0,3.0,153.0,0.0,19.5,237.0,0.0,0.0,5.0,0.0,0.0,0.0,0.0,0.0,0.0,0.0,0.0,0.0,0.0,0.0,0.0,0.0,0.0,0.0,0.0,0.0,0.0,0.0,0.0,0.0,0.0,0.0,0.0,0.0,0.0,0.0,0.0,0.0,,,,,,,4,Chapelle Russell,Temple,American Athletic,Outside Linebacker,,,,,,,,,
3924310,2019,215,3.0,13.0,10.5,60.0,0.0,24.5,96.0,0.0,0.0,1.0,1.0,0.0,49.0,0.0,0.0,0.0,0.0,0.0,0.0,0.0,0.0,0.0,0.0,0.0,0.0,0.0,0.0,0.0,0.0,0.0,0.0,0.0,0.0,0.0,0.0,0.0,0.0,0.0,0.0,,,,,,,3,Terry Beckner Jr.,Missouri,SEC,Defensive Tackle,,,,,,,,,49.0
3924327,2019,42,1.0,0.0,0.0,1.0,0.0,0.0,1.0,14.0,8.0,0.0,0.0,0.0,0.0,0.0,0.0,0.0,0.0,0.0,0.0,0.0,0.0,1553.0,883.0,39.0,99.0,12193.0,0.0,0.0,0.0,0.0,0.0,0.0,0.0,1.0,1.0,21.0,203.0,9.0,437.0,,,,,21.0,34.0,4,Drew Lock,Missouri,SEC,Quarterback,0.5685769478428847,7.851255634256278,21.0,2.1527093596059115,,,,,
3924364,2019,201,18.0,1.0,0.5,92.0,0.0,5.0,115.0,1.0,0.0,1.0,5.0,0.0,24.0,26.0,1.0,646.0,0.0,0.0,0.0,0.0,0.0,0.0,0.0,0.0,0.0,0.0,2.0,0.0,8.0,0.0,0.0,0.0,0.0,0.0,0.0,0.0,0.0,0.0,0.0,96.0,,5.0,,,,4,Rashad Fenton,South Carolina,SEC,Cornerback,,,,,24.846153846153847,4.0,,,4.8
3924365,2018,25,0.0,0.0,0.0,4.0,0.0,0.0,6.0,0.0,0.0,0.0,0.0,0.0,0.0,0.0,0.0,0.0,0.0,0.0,0.0,0.0,0.0,3.0,2.0,0.0,0.0,21.0,0.0,0.0,0.0,0.0,0.0,0.0,0.0,100.0,3.0,1281.0,11.0,1.0,39.0,,,,,62.0,13.0,3,Hayden Hurst,South Carolina,SEC,Tight End,0.6666666666666666,7.0,12.81,3.5454545454545454,,,,,
3925345,2018,11,15.0,3.0,3.0,80.0,2.0,13.5,126.0,0.0,0.0,0.0,9.0,4.0,274.0,1.0,0.0,39.0,0.0,0.0,0.0,0.0,0.0,0.0,0.0,0.0,0.0,0.0,1.0,1.0,16.0,0.0,0.0,0.0,0.0,0.0,0.0,0.0,0.0,0.0,0.0,39.0,,16.0,,,,3,Minkah Fitzpatrick,Alabama,SEC,Safety,,,,,39.0,16.0,,,30.444444444444443
3925347,2019,87,0.0,0.0,0.0,2.0,0.0,0.0,3.0,2.0,0.0,0.0,0.0,0.0,0.0,9.0,0.0,174.0,0.0,0.0,0.0,0.0,0.0,0.0,0.0,0.0,0.0,0.0,1.0,0.0,19.0,0.0,0.0,0.0,0.0,52.0,2.0,407.0,476.0,23.0,3073.0,30.0,,19.0,,56.0,75.0,4,Damien Harris,Alabama,SEC,Running Back,,,7.826923076923077,6.455882352941177,19.333333333333332,19.0,,,
3925350,2020,87,17.0,20.0,13.5,94.0,1.0,32.5,185.0,0.0,0.0,2.0,2.0,0.0,8.0,0.0,0.0,0.0,0.0,0.0,0.0,0.0,0.0,0.0,0.0,0.0,0.0,0.0,0.0,0.0,0.0,0.0,0.0,0.0,0.0,0.0,0.0,0.0,0.0,0.0,0.0,,,,,,,4,Anfernee Jennings,Alabama,SEC,Outside Linebacker,,,,,,,,,4.0
3925354,2018,13,4.0,11.0,2.5,33.0,0.0,4.5,89.0,0.0,0.0,1.0,1.0,0.0,21.0,0.0,0.0,0.0,0.0,0.0,0.0,0.0,0.0,0.0,0.0,0.0,0.0,0.0,0.0,0.0,0.0,0.0,0.0,0.0,0.0,1.0,1.0,1.0,0.0,0.0,0.0,,,,,1.0,,2,Da'Ron Payne,Alabama,SEC,Defensive Tackle,,,1.0,,,,,,21.0
3925357,2018,26,0.0,0.0,0.0,1.0,0.0,0.0,1.0,1.0,0.0,0.0,0.0,0.0,0.0,0.0,0.0,0.0,0.0,0.0,0.0,0.0,0.0,0.0,0.0,0.0,0.0,0.0,3.0,0.0,4.0,0.0,0.0,0.0,0.0,224.0,19.0,2781.0,8.0,1.0,40.0,,,6.0,,81.0,13.0,3,Calvin Ridley,Alabama,SEC,Wide Receiver,,,12.415178571428571,5.0,,1.3333333333333333,,,
3925358,2019,111,17.0,0.0,0.0,58.0,0.0,4.0,75.0,0.0,0.0,1.0,2.0,0.0,0.0,0.0,0.0,0.0,0.0,0.0,0.0,0.0,0.0,0.0,0.0,0.0,0.0,0.0,0.0,0.0,0.0,0.0,0.0,0.0,0.0,0.0,0.0,0.0,0.0,0.0,0.0,,,,,,,2,Kendall Sheffield,Ohio State,Big Ten,Cornerback,,,,,,,,,0.0
3926229,2019,88,10.0,3.0,9.0,128.0,0.0,24.0,224.0,0.0,0.0,3.0,1.0,0.0,7.0,0.0,0.0,0.0,0.0,0.0,0.0,0.0,0.0,0.0,0.0,0.0,0.0,0.0,1.0,0.0,1.0,0.0,0.0,0.0,0.0,0.0,0.0,0.0,0.0,0.0,0.0,,,1.0,,,,3,Cody Barton,Utah,Pac-12,Outside Linebacker,,,,,,1.0,,,7.0
3928928,2020,234,7.0,5.0,4.5,141.0,0.0,25.5,225.0,0.0,0.0,0.0,2.0,0.0,73.0,0.0,0.0,0.0,0.0,0.0,0.0,0.0,0.0,0.0,0.0,0.0,0.0,0.0,0.0,0.0,0.0,0.0,0.0,0.0,0.0,0.0,0.0,0.0,0.0,0.0,0.0,,,,,,,4,Clay Johnston,Baylor,Big 12,Inside Linebacker,,,,,,,,,36.5
3928979,2018,116,4.0,12.0,12.0,73.0,0.0,29.5,119.0,0.0,0.0,3.0,0.0,0.0,0.0,0.0,0.0,0.0,0.0,0.0,0.0,0.0,0.0,0.0,0.0,0.0,0.0,0.0,0.0,0.0,0.0,0.0,0.0,0.0,0.0,0.0,0.0,0.0,0.0,0.0,0.0,,,,,,,2,Dorance Armstrong Jr.,Kansas,Big 12,Defensive End,,,,,,,,,
3929630,2018,2,0.0,0.0,0.0,1.0,2.0,0.0,1.0,2.0,2.0,0.0,0.0,0.0,0.0,18.0,2.0,500.0,0.0,0.0,0.0,0.0,0.0,2.0,2.0,0.0,1.0,36.0,0.0,0.0,0.0,0.0,0.0,0.0,0.0,102.0,8.0,1195.0,671.0,43.0,3843.0,98.0,,,,85.0,92.0,3,Saquon Barkley,Penn State,Big Ten,Running Back,1.0,18.0,11.715686274509803,5.7272727272727275,27.77777777777778,,,,
3929648,2019,138,0.0,13.0,15.0,58.0,0.0,32.5,101.0,1.0,1.0,2.0,0.0,0.0,0.0,0.0,0.0,0.0,0.0,0.0,0.0,0.0,0.0,0.0,0.0,0.0,0.0,0.0,0.0,0.0,0.0,0.0,0.0,0.0,0.0,0.0,0.0,0.0,0.0,0.0,0.0,,,,,,,3,Shareef Miller,Penn State,Big Ten,Defensive End,,,,,,,,,
3929653,2020,141,23.0,3.0,1.5,65.0,1.0,8.5,96.0,1.0,1.0,1.0,7.0,1.0,163.0,0.0,0.0,0.0,0.0,0.0,0.0,0.0,0.0,0.0,0.0,0.0,0.0,0.0,22.0,0.0,166.0,0.0,0.0,0.0,0.0,0.0,0.0,0.0,0.0,0.0,0.0,,,59.0,,,,4,John Reid,Penn State,Big Ten,Cornerback,,,,,,7.545454545454546,,,23.285714285714285
3929658,2020,193,0.0,13.0,14.0,50.0,0.0,19.0,120.0,0.0,0.0,3.0,0.0,0.0,0.0,0.0,0.0,0.0,0.0,0.0,0.0,0.0,0.0,0.0,0.0,0.0,0.0,0.0,0.0,0.0,0.0,0.0,0.0,0.0,0.0,0.0,0.0,0.0,0.0,0.0,0.0,,,,,,,4,Robert Windsor,Penn State,Big Ten,Defensive Tackle,,,,,,,,,
3929794,2020,209,0.0,0.0,0.0,1.0,0.0,0.0,2.0,0.0,0.0,0.0,0.0,0.0,0.0,0.0,0.0,0.0,0.0,0.0,0.0,0.0,0.0,0.0,0.0,0.0,0.0,0.0,0.0,0.0,0.0,0.0,0.0,0.0,0.0,0.0,0.0,0.0,0.0,0.0,0.0,,,,,,,2,Simon Stepaniak,Indiana,Big Ten,Offensive Tackle,,,,,,,,,
3929833,2020,225,4.0,36.0,25.0,102.0,0.0,50.5,227.0,0.0,0.0,4.0,0.0,0.0,0.0,0.0,0.0,0.0,0.0,0.0,0.0,0.0,0.0,0.0,0.0,0.0,0.0,0.0,0.0,0.0,0.0,0.0,0.0,0.0,0.0,0.0,0.0,0.0,0.0,0.0,0.0,,,,,,,4,Kenny Willekes,Michigan State,Big Ten,Defensive End,,,,,,,,,
3929835,2019,109,15.0,1.0,4.0,96.0,0.0,7.0,185.0,0.0,0.0,0.0,4.0,0.0,50.0,0.0,0.0,0.0,0.0,0.0,0.0,0.0,0.0,0.0,0.0,0.0,0.0,0.0,0.0,0.0,0.0,0.0,0.0,0.0,0.0,0.0,0.0,0.0,0.0,0.0,0.0,,,,,,,3,Khari Willis,Michigan State,Big Ten,Safety,,,,,,,,,12.5
3929845,2019,217,36.0,1.0,1.0,130.0,0.0,6.5,172.0,1.0,1.0,3.0,4.0,0.0,70.0,18.0,0.0,399.0,0.0,0.0,0.0,0.0,0.0,0.0,0.0,0.0,0.0,0.0,0.0,0.0,0.0,0.0,0.0,0.0,0.0,0.0,0.0,0.0,0.0,0.0,0.0,38.0,,,,,,4,Kris Boyd,Texas,Big 12,Cornerback,,,,,22.166666666666668,,,,17.5
3929846,2018,190,13.0,0.0,2.5,74.0,2.0,11.5,93.0,0.0,0.0,3.0,9.0,2.0,156.0,0.0,0.0,0.0,0.0,0.0,0.0,0.0,0.0,0.0,0.0,0.0,0.0,0.0,0.0,0.0,0.0,0.0,0.0,0.0,0.0,0.0,0.0,0.0,0.0,0.0,0.0,,,,,,,3,DeShon Elliott,Texas,Big 12,Safety,,,,,,,,,17.333333333333332
3929851,2018,149,0.0,0.0,0.0,2.0,0.0,0.0,2.0,0.0,0.0,0.0,0.0,0.0,0.0,0.0,0.0,0.0,0.0,0.0,0.0,0.0,0.0,0.0,0.0,0.0,0.0,0.0,0.0,0.0,0.0,0.0,226.0,0.0,10242.0,0.0,0.0,0.0,1.0,0.0,6.0,,,,76.0,,6.0,3,Michael Dickson,Texas,Big 12,Punter,,,,6.0,,,45.31858407079646,,
3929865,2019,161,1.0,10.0,17.0,70.0,0.0,29.0,100.0,0.0,0.0,1.0,0.0,0.0,0.0,0.0,0.0,0.0,0.0,0.0,0.0,0.0,0.0,0.0,0.0,0.0,0.0,0.0,0.0,0.0,0.0,0.0,0.0,0.0,0.0,0.0,0.0,0.0,0.0,0.0,0.0,,,,,,,3,Charles Omenihu,Texas,Big 12,Defensive End,,,,,,,,,
3929924,2019,141,0.0,0.0,0.0,1.0,0.0,0.0,1.0,0.0,0.0,0.0,0.0,0.0,0.0,0.0,0.0,0.0,0.0,0.0,0.0,0.0,0.0,0.0,0.0,0.0,0.0,0.0,0.0,0.0,0.0,0.0,0.0,0.0,0.0,49.0,4.0,817.0,0.0,0.0,0.0,,,,,42.0,,2,Zach Gentry,Michigan,Big Ten,Tight End,,,16.6734693877551,,,,,,
3929928,2020,213,1.0,5.0,7.0,79.0,0.0,10.0,139.0,0.0,0.0,2.0,0.0,0.0,0.0,0.0,0.0,0.0,0.0,0.0,0.0,0.0,0.0,0.0,0.0,0.0,0.0,0.0,1.0,0.0,32.0,0.0,0.0,0.0,0.0,0.0,0.0,0.0,0.0,0.0,0.0,,,32.0,,,,4,Jordan Glasgow,Michigan,Big Ten,Inside Linebacker,,,,,,32.0,,,
3929936,2020,192,0.0,0.0,0.0,0.0,0.0,0.0,0.0,1.0,0.0,0.0,0.0,0.0,0.0,0.0,0.0,0.0,0.0,0.0,0.0,0.0,0.0,0.0,0.0,0.0,0.0,0.0,0.0,0.0,0.0,0.0,0.0,0.0,0.0,0.0,0.0,0.0,1.0,0.0,-9.0,,,,,,0.0,1,Jon Runyan,Michigan,Big Ten,Offensive Guard,,,,-9.0,,,,,
3929950,2018,16,5.0,13.0,10.0,116.0,0.0,32.5,215.0,0.0,0.0,1.0,1.0,0.0,9.0,0.0,0.0,0.0,0.0,0.0,0.0,0.0,0.0,0.0,0.0,0.0,0.0,0.0,0.0,0.0,0.0,0.0,0.0,0.0,0.0,0.0,0.0,0.0,0.0,0.0,0.0,,,,,,,2,Tremaine Edmunds,Virginia Tech,ACC,Outside Linebacker,,,,,,,,,9.0
3929956,2018,163,1.0,4.0,4.0,28.0,0.0,19.5,53.0,1.0,0.0,0.0,0.0,0.0,0.0,2.0,0.0,15.0,0.0,0.0,0.0,0.0,0.0,0.0,0.0,0.0,0.0,0.0,0.0,0.0,0.0,0.0,0.0,0.0,0.0,0.0,0.0,0.0,0.0,0.0,0.0,9.0,,,,,,2,Tim Settle,Virginia Tech,ACC,Defensive Tackle,,,,,7.5,,,,
3930021,2019,196,15.0,1.0,2.0,40.0,0.0,3.0,57.0,0.0,0.0,1.0,4.0,1.0,42.0,0.0,0.0,0.0,0.0,0.0,0.0,0.0,0.0,0.0,0.0,0.0,0.0,0.0,0.0,0.0,0.0,0.0,0.0,0.0,0.0,0.0,0.0,0.0,0.0,0.0,0.0,,,,,,,4,Blessuan Austin,Rutgers,Big Ten,Cornerback,,,,,,,,,10.5
3930040,2020,75,0.0,0.0,0.0,1.0,0.0,0.0,1.0,0.0,0.0,0.0,0.0,0.0,0.0,0.0,0.0,0.0,0.0,0.0,0.0,0.0,0.0,0.0,0.0,0.0,0.0,0.0,0.0,0.0,0.0,0.0,0.0,0.0,0.0,0.0,0.0,0.0,0.0,0.0,0.0,,,,,,,1,Jonah Jackson,Rutgers,Big Ten,Offensive Guard,,,,,,,,,
3930066,2020,57,0.0,0.0,0.0,4.0,0.0,0.0,5.0,1.0,0.0,1.0,0.0,0.0,0.0,0.0,0.0,0.0,0.0,0.0,0.0,0.0,0.0,1.0,1.0,0.0,0.0,-3.0,7.0,0.0,28.0,0.0,0.0,0.0,0.0,175.0,16.0,2159.0,6.0,0.0,47.0,,,9.0,,69.0,23.0,4,Van Jefferson,Ole Miss,SEC,Wide Receiver,1.0,-3.0,12.337142857142856,7.833333333333333,,4.0,,,
3930086,2019,96,0.0,0.0,0.0,1.0,0.0,0.0,2.0,1.0,1.0,0.0,0.0,0.0,0.0,0.0,0.0,0.0,0.0,0.0,0.0,0.0,0.0,0.0,0.0,0.0,0.0,0.0,0.0,0.0,0.0,0.0,0.0,0.0,0.0,38.0,0.0,599.0,0.0,0.0,0.0,,,,,48.0,,3,Dawson Knox,Ole Miss,SEC,Tight End,,,15.763157894736842,,,,,,
3930270,2020,203,0.0,0.0,0.0,1.0,0.0,0.0,1.0,0.0,0.0,0.0,0.0,0.0,0.0,0.0,0.0,0.0,0.0,0.0,0.0,0.0,0.0,0.0,0.0,0.0,0.0,0.0,0.0,0.0,0.0,0.0,0.0,0.0,0.0,0.0,0.0,0.0,0.0,0.0,0.0,,,,,,,1,Blake Brandel,Oregon State,Pac-12,Offensive Tackle,,,,,,,,,
3931395,2019,163,0.0,0.0,0.0,0.0,0.0,0.0,1.0,0.0,0.0,0.0,0.0,0.0,0.0,0.0,0.0,0.0,0.0,0.0,0.0,0.0,0.0,0.0,0.0,0.0,0.0,0.0,0.0,0.0,0.0,29.0,185.0,10.0,8104.0,0.0,0.0,0.0,1.0,0.0,17.0,,,,84.0,,17.0,4,Jake Bailey,Stanford,Pac-12,Punter,,,,17.0,,,43.8054054054054,,
3931397,2019,57,0.0,0.0,0.0,1.0,0.0,0.0,1.0,1.0,0.0,0.0,0.0,0.0,0.0,0.0,0.0,0.0,0.0,0.0,0.0,0.0,0.0,0.0,0.0,0.0,0.0,0.0,0.0,0.0,0.0,0.0,0.0,0.0,0.0,134.0,28.0,2200.0,0.0,0.0,0.0,,,,,80.0,,3,JJ Arcega-Whiteside,Stanford,Pac-12,Wide Receiver,,,16.417910447761194,,,,,,
3931398,2019,112,0.0,0.0,0.0,0.0,0.0,0.0,0.0,4.0,1.0,0.0,0.0,0.0,0.0,9.0,0.0,125.0,0.0,0.0,0.0,0.0,0.0,0.0,0.0,0.0,0.0,0.0,0.0,0.0,0.0,0.0,0.0,0.0,0.0,49.0,2.0,465.0,569.0,30.0,3859.0,24.0,,,,93.0,75.0,4,Bryce Love,Stanford,Pac-12,Running Back,,,9.489795918367347,6.78207381370826,13.88888888888889,,,,
3931399,2018,68,13.0,2.0,1.0,90.0,0.0,11.5,149.0,0.0,0.0,1.0,6.0,0.0,2.0,0.0,0.0,0.0,0.0,0.0,0.0,0.0,0.0,0.0,0.0,0.0,0.0,0.0,0.0,0.0,0.0,0.0,0.0,0.0,0.0,0.0,0.0,0.0,0.0,0.0,0.0,,,,,,,3,Justin Reid,Stanford,Pac-12,Safety,,,,,,,,,0.3333333333333333
3931408,2020,233,4.0,20.0,14.5,71.0,0.0,22.0,123.0,0.0,0.0,1.0,1.0,0.0,2.0,0.0,0.0,0.0,0.0,0.0,0.0,0.0,0.0,0.0,0.0,0.0,0.0,0.0,0.0,0.0,0.0,0.0,0.0,0.0,0.0,0.0,0.0,0.0,0.0,0.0,0.0,,,,,,,4,Casey Toohill,Stanford,Pac-12,Defensive End,,,,,,,,,2.0
3931422,2018,152,12.0,0.0,1.0,102.0,0.0,6.5,124.0,1.0,1.0,0.0,5.0,0.0,68.0,0.0,0.0,0.0,0.0,0.0,0.0,0.0,0.0,0.0,0.0,0.0,0.0,0.0,0.0,0.0,0.0,0.0,0.0,0.0,0.0,0.0,0.0,0.0,0.0,0.0,0.0,,,,,,,2,Dane Cruikshank,Arizona,Pac-12,Cornerback,,,,,,,,,13.6
3932144,2021,141,0.0,0.0,0.0,9.0,0.0,0.0,9.0,0.0,0.0,1.0,0.0,0.0,0.0,0.0,0.0,0.0,0.0,0.0,0.0,0.0,0.0,0.0,0.0,0.0,0.0,0.0,0.0,0.0,0.0,0.0,0.0,0.0,0.0,49.0,9.0,987.0,0.0,0.0,0.0,,,,,74.0,,3,Jacob Harris,UCF,American Athletic,Wide Receiver,,,20.142857142857142,,,,,,
3932423,2019,93,0.0,0.0,0.0,2.0,0.0,0.0,2.0,2.0,2.0,0.0,0.0,0.0,0.0,0.0,0.0,0.0,0.0,0.0,0.0,0.0,0.0,0.0,0.0,0.0,0.0,0.0,1.0,0.0,-2.0,0.0,0.0,0.0,0.0,77.0,11.0,1206.0,0.0,0.0,0.0,,,-2.0,,55.0,,3,Miles Boykin,Notre Dame,FBS Independents,Wide Receiver,,,15.662337662337663,,,-2.0,,,
3932433,2019,231,0.0,0.0,0.0,0.0,0.0,0.0,0.0,0.0,0.0,0.0,0.0,0.0,0.0,0.0,0.0,0.0,0.0,0.0,0.0,0.0,0.0,0.0,0.0,0.0,0.0,0.0,0.0,0.0,0.0,0.0,0.0,0.0,0.0,68.0,4.0,716.0,0.0,0.0,0.0,,,,,47.0,,3,Alize Mack,Notre Dame,FBS Independents,Tight End,,,10.529411764705882,,,,,,
3932442,2018,207,0.0,0.0,0.0,0.0,0.0,0.0,0.0,1.0,1.0,0.0,0.0,0.0,0.0,0.0,0.0,0.0,0.0,0.0,0.0,0.0,0.0,0.0,0.0,0.0,0.0,0.0,1.0,0.0,18.0,0.0,0.0,0.0,0.0,92.0,13.0,1484.0,0.0,0.0,0.0,,,18.0,,79.0,,3,Equanimeous St. Brown,Notre Dame,FBS Independents,Wide Receiver,,,16.130434782608695,,,18.0,,,
3932449,2019,194,0.0,0.0,0.0,4.0,0.0,0.0,8.0,2.0,0.0,0.0,0.0,0.0,0.0,5.0,0.0,87.0,0.0,0.0,0.0,0.0,0.0,0.0,0.0,0.0,0.0,0.0,0.0,0.0,0.0,0.0,0.0,0.0,0.0,22.0,2.0,162.0,257.0,20.0,1636.0,24.0,,,,22.0,97.0,4,Dexter Williams,Notre Dame,FBS Independents,Running Back,,,7.363636363636363,6.365758754863813,17.4,,,,
3932668,2020,145,0.0,0.0,0.0,1.0,0.0,0.0,1.0,0.0,0.0,0.0,0.0,0.0,0.0,0.0,0.0,0.0,0.0,0.0,0.0,0.0,0.0,0.0,0.0,0.0,0.0,0.0,0.0,0.0,0.0,0.0,0.0,0.0,0.0,0.0,0.0,0.0,0.0,0.0,8.0,,,,,,8.0,2,Jack Driscoll,Massachusetts,FBS Independents,Offensive Guard,,,,inf,,,,,
3932886,2019,39,15.0,0.0,0.0,72.0,0.0,3.5,104.0,0.0,0.0,1.0,9.0,0.0,35.0,1.0,0.0,24.0,0.0,0.0,0.0,0.0,0.0,0.0,0.0,0.0,0.0,0.0,0.0,0.0,0.0,0.0,0.0,0.0,0.0,0.0,0.0,0.0,4.0,0.0,21.0,24.0,,,,,11.0,3,Sean Bunting,Central Michigan,Mid-American,Cornerback,,,,5.25,24.0,,,,3.888888888888889
3932905,2019,66,0.0,0.0,0.0,0.0,4.0,0.0,0.0,4.0,2.0,0.0,0.0,0.0,0.0,78.0,2.0,1826.0,0.0,0.0,0.0,0.0,0.0,0.0,0.0,0.0,0.0,0.0,17.0,2.0,343.0,0.0,0.0,0.0,0.0,137.0,24.0,2276.0,4.0,0.0,26.0,99.0,,87.0,,89.0,11.0,3,Diontae Johnson,Toledo,Mid-American,Wide Receiver,,,16.613138686131386,6.5,23.41025641025641,20.176470588235293,,,
3932936,2019,254,0.0,0.0,0.0,2.0,0.0,0.0,2.0,0.0,0.0,0.0,0.0,0.0,0.0,3.0,0.0,29.0,0.0,0.0,0.0,0.0,0.0,1.0,1.0,0.0,0.0,39.0,0.0,0.0,0.0,0.0,0.0,0.0,0.0,114.0,5.0,1675.0,1.0,0.0,4.0,11.0,,,,66.0,4.0,3,Caleb Wilson,UCLA,Pac-12,Tight End,1.0,39.0,14.692982456140351,4.0,9.666666666666666,,,,
3933064,2019,236,0.0,0.0,0.0,0.0,0.0,0.0,0.0,2.0,0.0,0.0,0.0,0.0,0.0,0.0,0.0,0.0,0.0,0.0,0.0,0.0,0.0,0.0,0.0,0.0,0.0,0.0,10.0,0.0,74.0,0.0,0.0,0.0,0.0,189.0,24.0,2662.0,6.0,2.0,12.0,,,30.0,,85.0,5.0,3,John Ursua,Hawai'i,Mountain West,Wide Receiver,,,14.084656084656086,2.0,,7.4,,,
3933327,2019,86,0.0,0.0,0.0,3.0,0.0,0.0,3.0,0.0,0.0,0.0,0.0,0.0,0.0,0.0,0.0,0.0,0.0,0.0,0.0,0.0,0.0,0.0,0.0,0.0,0.0,0.0,0.0,0.0,0.0,0.0,0.0,0.0,0.0,51.0,8.0,637.0,0.0,0.0,0.0,,,,,42.0,,3,Kahale Warring,San Diego State,Mountain West,Tight End,,,12.490196078431373,,,,,,
3933407,2019,230,0.0,0.0,0.0,1.0,0.0,0.0,10.0,0.0,0.0,0.0,0.0,0.0,0.0,0.0,0.0,0.0,0.0,0.0,0.0,0.0,0.0,0.0,0.0,0.0,0.0,0.0,0.0,0.0,0.0,0.0,0.0,0.0,0.0,2.0,1.0,55.0,0.0,0.0,0.0,,,,,47.0,,3,Quinton Bell,Prairie View A&M,SWAC,Defensive End,,,27.5,,,,,,
3943270,2017,99,8.0,0.0,1.0,49.0,1.0,3.5,70.0,0.0,0.0,0.0,9.0,1.0,101.0,0.0,0.0,0.0,0.0,0.0,0.0,0.0,0.0,0.0,0.0,0.0,0.0,0.0,0.0,0.0,0.0,0.0,0.0,0.0,0.0,0.0,0.0,0.0,0.0,0.0,0.0,,,,,,,2,Rasul Douglas,West Virginia,Big 12,Cornerback,,,,,,,,,11.222222222222221
3957672,2019,225,0.0,1.0,2.5,9.0,0.0,3.5,16.0,0.0,0.0,0.0,0.0,0.0,0.0,0.0,0.0,0.0,0.0,0.0,0.0,0.0,0.0,0.0,0.0,0.0,0.0,0.0,0.0,0.0,0.0,0.0,0.0,0.0,0.0,0.0,0.0,0.0,0.0,0.0,0.0,,,,,,,3,Darryl Johnson,North Carolina A&T,MEAC,Outside Linebacker,,,,,,,,,
4027873,2022,258,0.0,0.0,0.0,0.0,0.0,0.0,0.0,1.0,0.0,0.0,0.0,0.0,0.0,7.0,0.0,145.0,0.0,0.0,0.0,0.0,0.0,0.0,0.0,0.0,0.0,0.0,2.0,0.0,9.0,0.0,0.0,0.0,0.0,52.0,5.0,926.0,9.0,1.0,59.0,31.0,,10.0,,72.0,21.0,3,Samori Toure,Nebraska,Big Ten,Wide Receiver,,,17.807692307692307,6.555555555555555,20.714285714285715,4.5,,,
4029893,2020,142,0.0,0.0,0.0,3.0,0.0,0.0,3.0,0.0,0.0,0.0,0.0,0.0,0.0,0.0,0.0,0.0,0.0,0.0,0.0,0.0,0.0,0.0,0.0,0.0,0.0,0.0,0.0,0.0,0.0,0.0,0.0,0.0,0.0,164.0,22.0,2672.0,0.0,0.0,0.0,,,,,73.0,,4,Antonio Gandy-Golden,Liberty,FBS Independents,Wide Receiver,,,16.29268292682927,,,,,,
4030924,2021,116,0.0,2.0,1.0,4.0,0.0,2.5,6.0,0.0,0.0,0.0,0.0,0.0,0.0,0.0,0.0,0.0,0.0,0.0,0.0,0.0,0.0,0.0,0.0,0.0,0.0,0.0,0.0,0.0,0.0,0.0,0.0,0.0,0.0,0.0,0.0,0.0,0.0,0.0,0.0,,,,,,,2,Elerson Smith,Northern Iowa,MVFC,Outside Linebacker,,,,,,,,,
4032200,2021,130,3.0,0.0,0.0,13.0,1.0,0.0,16.0,0.0,0.0,2.0,1.0,0.0,0.0,0.0,0.0,0.0,0.0,0.0,0.0,0.0,0.0,0.0,0.0,0.0,0.0,0.0,0.0,0.0,0.0,0.0,0.0,0.0,0.0,0.0,0.0,0.0,0.0,0.0,0.0,,,,,,,3,Robert Rochell,Central Arkansas,Southland,Cornerback,,,,,,,,,0.0
4033748,2019,90,0.0,0.0,0.0,1.0,0.0,0.0,1.0,0.0,0.0,0.0,0.0,0.0,0.0,0.0,0.0,0.0,0.0,0.0,0.0,0.0,0.0,0.0,0.0,0.0,0.0,0.0,0.0,0.0,0.0,0.0,0.0,0.0,0.0,0.0,0.0,0.0,0.0,0.0,0.0,,,,,,,1,Connor McGovern,Penn State,Big Ten,Offensive Guard,,,,,,,,,
4034766,2020,218,4.0,4.0,22.0,104.0,0.0,39.0,152.0,0.0,0.0,1.0,0.0,0.0,0.0,0.0,0.0,0.0,0.0,0.0,0.0,0.0,0.0,0.0,0.0,0.0,0.0,0.0,0.0,0.0,10.0,0.0,0.0,0.0,0.0,0.0,0.0,0.0,0.0,0.0,0.0,,,10.0,,,,4,Carter Coughlin,Minnesota,Big Ten,Outside Linebacker,,,,,,inf,,,
4034779,2022,218,0.0,0.0,0.0,0.0,0.0,0.0,0.0,0.0,0.0,0.0,0.0,0.0,0.0,0.0,0.0,0.0,0.0,0.0,0.0,0.0,0.0,0.0,0.0,0.0,0.0,0.0,1.0,0.0,8.0,0.0,0.0,0.0,0.0,12.0,2.0,166.0,1.0,0.0,-2.0,,,8.0,,37.0,0.0,4,Ko Kieft,Minnesota,Big Ten,Tight End,,,13.833333333333334,-2.0,,8.0,,,
4034781,2020,175,5.0,1.0,3.5,104.0,0.0,13.0,174.0,0.0,0.0,3.0,4.0,0.0,14.0,0.0,0.0,0.0,0.0,0.0,0.0,0.0,0.0,0.0,0.0,0.0,0.0,0.0,0.0,0.0,0.0,0.0,0.0,0.0,0.0,0.0,0.0,0.0,3.0,1.0,34.0,,,,,,23.0,4,Kamal Martin,Minnesota,Big Ten,Inside Linebacker,,,,11.333333333333334,,,,,3.5
4034790,2020,45,6.0,0.0,3.0,109.0,3.0,6.0,154.0,1.0,0.0,3.0,9.0,2.0,193.0,0.0,0.0,0.0,0.0,0.0,0.0,0.0,0.0,0.0,0.0,0.0,0.0,0.0,3.0,1.0,110.0,0.0,0.0,0.0,0.0,0.0,0.0,0.0,0.0,0.0,0.0,,,76.0,,,,4,Antoine Winfield Jr.,Minnesota,Big Ten,Safety,,,,,,36.666666666666664,,,21.444444444444443
4034843,2021,238,0.0,0.0,0.0,0.0,0.0,0.0,1.0,0.0,0.0,0.0,0.0,0.0,0.0,0.0,0.0,0.0,0.0,0.0,0.0,0.0,0.0,0.0,0.0,0.0,0.0,0.0,0.0,0.0,0.0,0.0,0.0,0.0,0.0,0.0,0.0,0.0,0.0,0.0,0.0,,,,,,,1,Matt Farniok,Nebraska,Big Ten,Offensive Guard,,,,,,,,,
4034945,2019,147,7.0,2.0,4.0,69.0,0.0,14.0,161.0,0.0,0.0,2.0,1.0,0.0,0.0,0.0,0.0,0.0,0.0,0.0,0.0,0.0,0.0,0.0,0.0,0.0,0.0,0.0,0.0,0.0,0.0,0.0,0.0,0.0,0.0,0.0,0.0,0.0,0.0,0.0,0.0,,,,,,,3,Vosean Joseph,Florida,SEC,Outside Linebacker,,,,,,,,,0.0
4034946,2021,64,0.0,2.0,0.0,2.0,0.0,0.0,3.0,10.0,7.0,0.0,0.0,0.0,0.0,0.0,0.0,0.0,0.0,0.0,0.0,0.0,0.0,813.0,552.0,15.0,69.0,7386.0,0.0,0.0,0.0,1.0,1.0,0.0,32.0,1.0,0.0,4.0,132.0,8.0,54.0,,,,32.0,4.0,26.0,3,Kyle Trask,Florida,SEC,Quarterback,0.6789667896678967,9.084870848708487,4.0,0.4090909090909091,,,32.0,,
4034950,2020,214,0.0,0.0,0.0,2.0,1.0,0.0,2.0,1.0,0.0,0.0,0.0,0.0,0.0,5.0,0.0,56.0,0.0,0.0,0.0,0.0,0.0,0.0,0.0,0.0,0.0,0.0,40.0,1.0,308.0,0.0,0.0,0.0,0.0,69.0,15.0,1002.0,4.0,0.0,27.0,23.0,,85.0,,65.0,10.0,4,Freddie Swain,Florida,SEC,Wide Receiver,,,14.521739130434783,6.75,11.2,7.7,,,
4034952,2020,120,0.0,0.0,0.0,2.0,0.0,0.0,3.0,4.0,2.0,0.0,0.0,0.0,0.0,4.0,0.0,86.0,0.0,0.0,0.0,0.0,0.0,1.0,0.0,0.0,0.0,0.0,0.0,0.0,0.0,0.0,0.0,0.0,0.0,72.0,8.0,674.0,493.0,22.0,2485.0,41.0,,,,63.0,88.0,4,Lamical Perine,Florida,SEC,Running Back,0.0,0.0,9.36111111111111,5.040567951318458,21.5,,,,
4034953,2019,105,12.0,2.0,4.0,92.0,3.0,15.5,161.0,0.0,0.0,0.0,9.0,3.0,301.0,0.0,0.0,0.0,0.0,0.0,0.0,0.0,0.0,0.0,0.0,0.0,0.0,0.0,1.0,0.0,1.0,0.0,0.0,0.0,0.0,0.0,0.0,0.0,0.0,0.0,0.0,,,1.0,,,,3,Chauncey Gardner Jr.,Florida,SEC,Safety,,,,,,1.0,,,33.44444444444444
4034957,2021,121,2.0,16.0,14.5,57.0,0.0,26.0,94.0,0.0,0.0,0.0,1.0,0.0,36.0,0.0,0.0,0.0,0.0,0.0,0.0,0.0,0.0,0.0,0.0,0.0,0.0,0.0,0.0,0.0,0.0,0.0,0.0,0.0,0.0,0.0,0.0,0.0,0.0,0.0,0.0,,,,,,,2,Jordan Smith,UAB,Conference USA,Defensive End,,,,,,,,,36.0
4034961,2019,35,0.0,0.0,0.0,0.0,0.0,0.0,2.0,0.0,0.0,0.0,0.0,0.0,0.0,0.0,0.0,0.0,0.0,0.0,0.0,0.0,0.0,0.0,0.0,0.0,0.0,0.0,0.0,0.0,0.0,0.0,0.0,0.0,0.0,0.0,0.0,0.0,0.0,0.0,0.0,,,,,,,1,Jawaan Taylor,Florida,SEC,Offensive Tackle,,,,,,,,,
4034962,2021,208,0.0,0.0,0.0,1.0,0.0,0.0,1.0,0.0,0.0,0.0,0.0,0.0,0.0,0.0,0.0,0.0,0.0,0.0,0.0,0.0,0.0,0.0,0.0,0.0,0.0,0.0,0.0,0.0,0.0,0.0,0.0,0.0,0.0,0.0,0.0,0.0,0.0,0.0,0.0,,,,,,,1,Stone Forsythe,Florida,SEC,Offensive Tackle,,,,,,,,,
4034964,2020,252,0.0,0.0,0.0,6.0,1.0,0.0,8.0,1.0,1.0,0.0,0.0,0.0,0.0,11.0,0.0,242.0,0.0,0.0,0.0,0.0,0.0,0.0,0.0,0.0,0.0,0.0,0.0,1.0,0.0,0.0,0.0,0.0,0.0,79.0,8.0,1271.0,2.0,0.0,6.0,46.0,,0.0,,98.0,4.0,4,Tyrie Cleveland,Florida,SEC,Wide Receiver,,,16.088607594936708,3.0,22.0,,,,
4034967,2019,68,4.0,10.0,14.0,43.0,0.0,27.0,77.0,0.0,0.0,0.0,0.0,0.0,0.0,0.0,0.0,0.0,0.0,0.0,0.0,0.0,0.0,0.0,0.0,0.0,0.0,0.0,0.0,0.0,0.0,0.0,0.0,0.0,0.0,0.0,0.0,0.0,0.0,0.0,0.0,,,,,,,3,Jachai Polite,Florida,SEC,Defensive End,,,,,,,,,
4035002,2021,94,0.0,0.0,0.0,1.0,0.0,0.0,1.0,0.0,0.0,0.0,0.0,0.0,0.0,0.0,0.0,0.0,0.0,0.0,0.0,0.0,0.0,0.0,0.0,0.0,0.0,0.0,0.0,0.0,0.0,0.0,0.0,0.0,0.0,0.0,0.0,0.0,0.0,0.0,0.0,,,,,,,1,Ben Cleveland,Georgia,SEC,Offensive Guard,,,,,,,,,
4035003,2020,122,0.0,0.0,0.0,1.0,0.0,0.0,1.0,7.0,6.0,0.0,0.0,0.0,0.0,0.0,0.0,0.0,0.0,0.0,0.0,0.0,0.0,782.0,468.0,16.0,39.0,5590.0,0.0,0.0,0.0,0.0,2.0,0.0,74.0,1.0,0.0,12.0,82.0,2.0,-126.0,,,,42.0,7.0,19.0,4,Jacob Eason,Washington,Pac-12,Quarterback,0.59846547314578,7.148337595907928,12.0,-1.5365853658536586,,,37.0,,
4035004,2019,56,0.0,0.0,0.0,5.0,1.0,0.0,11.0,4.0,1.0,0.0,0.0,0.0,0.0,35.0,0.0,875.0,0.0,0.0,0.0,0.0,0.0,0.0,0.0,0.0,0.0,0.0,39.0,1.0,592.0,0.0,0.0,0.0,0.0,59.0,11.0,950.0,13.0,2.0,97.0,47.0,,70.0,,80.0,35.0,3,Mecole Hardman,Georgia,SEC,Wide Receiver,,,16.10169491525424,7.461538461538462,25.0,15.179487179487179,,,
4035014,2019,224,1.0,0.0,0.0,3.0,0.0,0.0,3.0,0.0,0.0,1.0,0.0,0.0,0.0,0.0,0.0,0.0,0.0,0.0,0.0,0.0,0.0,0.0,0.0,0.0,0.0,0.0,0.0,0.0,0.0,0.0,0.0,0.0,0.0,68.0,8.0,905.0,0.0,1.0,31.0,,,,,55.0,31.0,3,Isaac Nauta,Georgia,SEC,Tight End,,,13.308823529411764,inf,,,,,
4035015,2019,126,0.0,0.0,0.0,0.0,0.0,0.0,1.0,0.0,0.0,0.0,0.0,0.0,0.0,0.0,0.0,0.0,0.0,0.0,0.0,0.0,0.0,0.0,0.0,0.0,0.0,0.0,0.0,0.0,0.0,0.0,0.0,0.0,0.0,70.0,13.0,1026.0,4.0,0.0,46.0,,,,,57.0,22.0,3,Riley Ridley,Georgia,SEC,Wide Receiver,,,14.657142857142857,11.5,,,,,
4035019,2018,224,0.0,0.0,0.0,1.0,0.0,0.0,1.0,0.0,0.0,0.0,0.0,0.0,0.0,0.0,0.0,0.0,0.0,0.0,0.0,0.0,0.0,0.0,0.0,0.0,0.0,0.0,0.0,0.0,0.0,0.0,0.0,0.0,0.0,63.0,8.0,914.0,0.0,0.0,0.0,,,,,51.0,,2,Javon Wims,Georgia,SEC,Wide Receiver,,,14.507936507936508,,,,,,
4035020,2020,190,0.0,0.0,0.0,3.0,0.0,0.0,5.0,1.0,0.0,0.0,0.0,0.0,0.0,1.0,0.0,6.0,0.0,0.0,0.0,0.0,0.0,0.0,0.0,0.0,0.0,0.0,0.0,0.0,0.0,0.0,0.0,0.0,0.0,34.0,1.0,376.0,0.0,0.0,0.0,6.0,,,,50.0,,4,Charlie Woerner,Georgia,SEC,Tight End,,,11.058823529411764,,6.0,,,,
4035048,2022,65,0.0,0.0,0.0,1.0,0.0,0.0,1.0,0.0,0.0,0.0,0.0,0.0,0.0,0.0,0.0,0.0,0.0,0.0,0.0,0.0,0.0,0.0,0.0,0.0,0.0,0.0,0.0,0.0,0.0,0.0,0.0,0.0,0.0,0.0,0.0,0.0,0.0,0.0,0.0,,,,,,,1,Luke Fortner,Kentucky,SEC,Center,,,,,,,,,
4035072,2019,122,0.0,0.0,0.0,0.0,0.0,0.0,1.0,6.0,4.0,0.0,0.0,0.0,0.0,8.0,0.0,125.0,0.0,0.0,0.0,0.0,0.0,7.0,3.0,0.0,1.0,59.0,0.0,0.0,0.0,0.0,0.0,0.0,0.0,29.0,0.0,216.0,736.0,48.0,3858.0,32.0,,,,28.0,71.0,3,Benny Snell Jr.,Kentucky,SEC,Running Back,0.42857142857142855,8.428571428571429,7.448275862068965,5.241847826086956,15.625,,,,
4035105,2022,240,29.0,0.0,0.0,102.0,1.0,7.0,128.0,0.0,0.0,0.0,3.0,1.0,44.0,0.0,0.0,0.0,0.0,0.0,0.0,0.0,0.0,0.0,0.0,0.0,0.0,0.0,0.0,0.0,0.0,0.0,0.0,0.0,0.0,0.0,0.0,0.0,0.0,0.0,0.0,,,,,,,5,Christian Holmes,Oklahoma State,Big 12,Cornerback,,,,,,,,,14.666666666666666
4035115,2020,118,0.0,0.0,0.0,2.0,0.0,0.0,2.0,3.0,3.0,0.0,0.0,0.0,0.0,0.0,0.0,0.0,0.0,0.0,0.0,0.0,0.0,0.0,0.0,0.0,0.0,0.0,0.0,0.0,0.0,0.0,0.0,0.0,0.0,98.0,23.0,1187.0,0.0,0.0,0.0,,,,,58.0,,3,Albert Okwuegbunam,Missouri,SEC,Tight End,,,12.112244897959183,,,,,,
4035222,2019,182,0.0,0.0,0.0,0.0,0.0,0.0,0.0,7.0,4.0,0.0,0.0,0.0,0.0,11.0,0.0,265.0,0.0,0.0,0.0,0.0,0.0,0.0,0.0,0.0,0.0,0.0,0.0,0.0,0.0,0.0,0.0,0.0,0.0,66.0,1.0,560.0,600.0,34.0,3615.0,72.0,,,,41.0,93.0,3,Trayveon Williams,Texas A&M,SEC,Running Back,,,8.484848484848484,6.025,24.09090909090909,,,,
4035239,2020,191,0.0,0.0,0.0,12.0,0.0,0.0,12.0,0.0,0.0,0.0,0.0,0.0,0.0,0.0,0.0,0.0,1.0,0.0,0.0,0.0,0.0,0.0,0.0,0.0,0.0,0.0,0.0,0.0,0.0,31.0,109.0,11.0,5328.0,0.0,0.0,0.0,1.0,0.0,15.0,,0.0,,82.0,,15.0,4,Braden Mann,Texas A&M,SEC,Punter,,,,15.0,,,48.88073394495413,0.0,
4035245,2020,71,4.0,12.0,11.0,43.0,0.0,24.5,105.0,0.0,0.0,0.0,1.0,0.0,18.0,0.0,0.0,0.0,0.0,0.0,0.0,0.0,0.0,0.0,0.0,0.0,0.0,0.0,0.0,0.0,0.0,0.0,0.0,0.0,0.0,0.0,0.0,0.0,0.0,0.0,0.0,,,,,,,3,Justin Madubuike,Texas A&M,SEC,Defensive Tackle,,,,,,,,,18.0
4035286,2019,45,25.0,0.0,0.0,95.0,0.0,6.0,119.0,0.0,0.0,0.0,4.0,0.0,8.0,0.0,0.0,0.0,0.0,0.0,0.0,0.0,0.0,0.0,0.0,0.0,0.0,0.0,0.0,0.0,0.0,0.0,0.0,0.0,0.0,0.0,0.0,0.0,0.0,0.0,0.0,,,,,,,3,Joejuan Williams,Vanderbilt,SEC,Cornerback,,,,,,,,,2.0
4035369,2019,19,7.0,15.0,7.0,56.0,1.0,30.0,161.0,0.0,0.0,2.0,0.0,0.0,0.0,0.0,0.0,0.0,0.0,0.0,0.0,0.0,0.0,0.0,0.0,0.0,0.0,0.0,3.0,1.0,37.0,0.0,0.0,0.0,0.0,0.0,0.0,0.0,0.0,0.0,0.0,,,24.0,,,,3,Jeffery Simmons,Mississippi State,SEC,Defensive Tackle,,,,,,12.333333333333334,,,
4035372,2021,253,3.0,5.0,7.0,54.0,0.0,23.0,110.0,0.0,0.0,3.0,1.0,0.0,27.0,0.0,0.0,0.0,0.0,0.0,0.0,0.0,0.0,0.0,0.0,0.0,0.0,0.0,0.0,0.0,0.0,0.0,0.0,0.0,0.0,0.0,0.0,0.0,0.0,0.0,0.0,,,,,,,5,Marquiss Spencer,Mississippi State,SEC,Defensive End,,,,,,,,,27.0
4035379,2018,211,0.0,0.0,0.0,0.0,0.0,0.0,0.0,1.0,1.0,0.0,0.0,0.0,0.0,0.0,0.0,0.0,0.0,0.0,0.0,0.0,0.0,0.0,0.0,0.0,0.0,0.0,0.0,0.0,0.0,0.0,0.0,0.0,0.0,31.0,4.0,311.0,0.0,0.0,0.0,,,,,29.0,,2,Jordan Thomas,Mississippi State,SEC,Tight End,,,10.03225806451613,,,,,,
4035385,2020,89,20.0,2.0,1.5,78.0,0.0,6.0,108.0,0.0,0.0,0.0,5.0,0.0,23.0,0.0,0.0,0.0,0.0,0.0,0.0,0.0,0.0,0.0,0.0,0.0,0.0,0.0,0.0,0.0,0.0,0.0,0.0,0.0,0.0,0.0,0.0,0.0,0.0,0.0,0.0,,,,,,,3,Cameron Dantzler,Mississippi State,SEC,Cornerback,,,,,,,,,4.6
4035403,2020,59,0.0,0.0,0.0,3.0,0.0,0.0,3.0,2.0,1.0,0.0,0.0,0.0,0.0,1.0,0.0,18.0,0.0,0.0,0.0,0.0,0.0,0.0,0.0,0.0,0.0,0.0,0.0,0.0,0.0,0.0,0.0,0.0,0.0,186.0,28.0,2925.0,1.0,0.0,-6.0,18.0,,,,71.0,0.0,4,Denzel Mims,Baylor,Big 12,Wide Receiver,,,15.725806451612904,-6.0,18.0,,,,
4035407,2020,184,0.0,8.0,7.5,71.0,0.0,19.0,129.0,0.0,0.0,0.0,0.0,0.0,0.0,0.0,0.0,0.0,0.0,0.0,0.0,0.0,0.0,0.0,0.0,0.0,0.0,0.0,0.0,0.0,0.0,0.0,0.0,0.0,0.0,0.0,0.0,0.0,0.0,0.0,0.0,,,,,,,4,Bravvion Roy,Baylor,Big 12,Defensive Tackle,,,,,,,,,
4035426,2020,251,0.0,0.0,0.0,1.0,0.0,0.0,1.0,0.0,0.0,0.0,0.0,0.0,0.0,0.0,0.0,0.0,0.0,0.0,0.0,0.0,0.0,0.0,0.0,0.0,0.0,0.0,0.0,0.0,0.0,0.0,0.0,0.0,0.0,46.0,3.0,712.0,4.0,1.0,25.0,,,,,46.0,11.0,3,Stephen Sullivan,LSU,SEC,Tight End,,,15.478260869565217,6.25,,,,,
4035433,2020,61,23.0,0.0,0.0,48.0,0.0,2.0,64.0,0.0,0.0,0.0,2.0,0.0,0.0,0.0,0.0,0.0,0.0,0.0,0.0,0.0,0.0,0.0,0.0,0.0,0.0,0.0,0.0,0.0,0.0,0.0,0.0,0.0,0.0,0.0,0.0,0.0,0.0,0.0,0.0,,,,,,,3,Kristian Fulton,LSU,SEC,Cornerback,,,,,,,,,0.0
4035434,2019,5,9.0,13.0,8.5,114.0,0.0,29.0,286.0,0.0,0.0,4.0,1.0,0.0,3.0,0.0,0.0,0.0,0.0,0.0,0.0,0.0,0.0,0.0,0.0,0.0,0.0,0.0,0.0,0.0,0.0,0.0,0.0,0.0,0.0,0.0,0.0,0.0,0.0,0.0,0.0,,,,,,,3,Devin White,LSU,SEC,Inside Linebacker,,,,,,,,,3.0
4035437,2019,46,20.0,2.0,0.0,49.0,0.0,1.5,71.0,0.0,0.0,0.0,8.0,0.0,52.0,0.0,0.0,0.0,0.0,0.0,0.0,0.0,0.0,0.0,0.0,0.0,0.0,0.0,0.0,0.0,0.0,0.0,0.0,0.0,0.0,0.0,0.0,0.0,0.0,0.0,0.0,,,,,,,2,Andraez Williams,LSU,SEC,Cornerback,,,,,,,,,6.5
4035452,2020,131,7.0,6.0,9.0,47.0,0.0,21.0,120.0,0.0,0.0,0.0,0.0,0.0,0.0,0.0,0.0,0.0,0.0,0.0,0.0,0.0,0.0,0.0,0.0,0.0,0.0,0.0,0.0,0.0,0.0,0.0,0.0,0.0,0.0,0.0,0.0,0.0,0.0,0.0,0.0,,,,,,,4,Rashard Lawrence,LSU,SEC,Defensive Tackle,,,,,,,,,
4035453,2022,248,2.0,6.0,10.5,25.0,0.0,11.0,55.0,0.0,0.0,3.0,0.0,0.0,0.0,0.0,0.0,0.0,0.0,0.0,0.0,0.0,0.0,0.0,0.0,0.0,0.0,0.0,0.0,0.0,0.0,0.0,0.0,0.0,0.0,0.0,0.0,0.0,0.0,0.0,0.0,,,,,,,4,Andre Anthony,LSU,SEC,Defensive End,,,,,,,,,
4035458,2019,40,7.0,1.0,1.0,61.0,0.0,3.5,86.0,0.0,0.0,0.0,4.0,0.0,46.0,0.0,0.0,0.0,0.0,0.0,0.0,0.0,0.0,0.0,0.0,0.0,0.0,0.0,0.0,0.0,0.0,0.0,0.0,0.0,0.0,1.0,0.0,17.0,0.0,0.0,0.0,,,,,17.0,,3,Trayvon Mullen,Clemson,ACC,Cornerback,,,17.0,,,,,,11.5
4035462,2020,8,20.0,7.0,10.0,141.0,1.0,27.5,229.0,0.0,0.0,1.0,4.0,1.0,69.0,0.0,0.0,0.0,0.0,0.0,0.0,0.0,0.0,0.0,0.0,0.0,0.0,0.0,0.0,0.0,0.0,0.0,0.0,0.0,0.0,0.0,0.0,0.0,0.0,0.0,0.0,,,,,,,4,Isaiah Simmons,Clemson,ACC,Outside Linebacker,,,,,,,,,17.25
4035463,2020,127,16.0,2.0,2.0,103.0,1.0,5.5,151.0,0.0,0.0,0.0,5.0,1.0,180.0,0.0,0.0,0.0,0.0,0.0,0.0,0.0,0.0,0.0,0.0,0.0,0.0,0.0,0.0,0.0,0.0,0.0,0.0,0.0,0.0,0.0,0.0,0.0,0.0,0.0,0.0,,,,,,,4,K'Von Wallace,Clemson,ACC,Safety,,,,,,,,,36.0
4035465,2021,181,0.0,0.0,0.0,5.0,0.0,0.0,6.0,1.0,0.0,0.0,0.0,0.0,0.0,8.0,0.0,197.0,0.0,0.0,0.0,0.0,0.0,0.0,0.0,0.0,0.0,0.0,1.0,0.0,0.0,0.0,0.0,0.0,0.0,93.0,10.0,1211.0,0.0,0.0,0.0,43.0,,0.0,,70.0,,5,Cornell Powell,Clemson,ACC,Wide Receiver,,,13.021505376344086,,24.625,0.0,,,
4035478,2020,250,0.0,0.0,0.0,1.0,0.0,0.0,1.0,0.0,0.0,0.0,0.0,0.0,0.0,0.0,0.0,0.0,0.0,0.0,0.0,0.0,0.0,0.0,0.0,0.0,0.0,0.0,0.0,0.0,0.0,0.0,0.0,0.0,0.0,0.0,0.0,0.0,0.0,0.0,0.0,,,,,,,1,Tremayne Anchrum,Clemson,ACC,Offensive Guard,,,,,,,,,
4035479,2020,109,0.0,0.0,0.0,1.0,0.0,0.0,1.0,0.0,0.0,0.0,0.0,0.0,0.0,0.0,0.0,0.0,0.0,0.0,0.0,0.0,0.0,0.0,0.0,0.0,0.0,0.0,0.0,0.0,0.0,0.0,0.0,0.0,0.0,0.0,0.0,0.0,1.0,1.0,1.0,,,,,,1.0,2,John Simpson,Clemson,ACC,Offensive Guard,,,,1.0,,,,,
4035483,2019,17,4.0,13.0,10.5,49.0,0.0,18.5,129.0,0.0,0.0,3.0,0.0,0.0,0.0,0.0,0.0,0.0,0.0,0.0,0.0,0.0,0.0,0.0,0.0,0.0,0.0,0.0,0.0,0.0,0.0,0.0,0.0,0.0,0.0,0.0,0.0,0.0,1.0,1.0,2.0,,,,,,2.0,3,Dexter Lawrence,Clemson,ACC,Defensive Tackle,,,,2.0,,,,,
4035494,2020,47,9.0,26.0,16.5,91.0,0.0,28.5,173.0,0.0,0.0,3.0,0.0,0.0,0.0,0.0,0.0,0.0,0.0,0.0,0.0,0.0,0.0,0.0,0.0,0.0,0.0,0.0,0.0,0.0,0.0,0.0,0.0,0.0,0.0,0.0,0.0,0.0,0.0,0.0,0.0,,,,,,,4,Marlon Davidson,Auburn,SEC,Defensive Tackle,,,,,,,,,
4035495,2020,7,8.0,11.0,11.5,87.0,0.0,32.5,166.0,0.0,0.0,4.0,0.0,0.0,0.0,0.0,0.0,0.0,0.0,0.0,0.0,0.0,0.0,0.0,0.0,0.0,0.0,0.0,0.0,0.0,0.0,0.0,0.0,0.0,0.0,0.0,0.0,0.0,1.0,0.0,2.0,,,,,,2.0,4,Derrick Brown,Auburn,SEC,Defensive Tackle,,,,2.0,,,,,
4035505,2020,157,8.0,5.0,0.0,124.0,1.0,9.0,199.0,0.0,0.0,3.0,5.0,1.0,58.0,0.0,0.0,0.0,0.0,0.0,0.0,0.0,0.0,0.0,0.0,0.0,0.0,0.0,0.0,0.0,0.0,0.0,0.0,0.0,0.0,0.0,0.0,0.0,0.0,0.0,0.0,,,,,,,4,Daniel Thomas,Auburn,SEC,Safety,,,,,,,,,11.6
4035518,2020,210,0.0,0.0,0.0,0.0,0.0,0.0,0.0,0.0,0.0,0.0,0.0,0.0,0.0,0.0,0.0,0.0,0.0,0.0,0.0,0.0,0.0,0.0,0.0,0.0,0.0,0.0,0.0,0.0,0.0,0.0,0.0,0.0,0.0,1.0,0.0,0.0,0.0,0.0,0.0,,,,,0.0,,1,Prince Tega Wanogho,Auburn,SEC,Offensive Tackle,,,0.0,,,,,,
4035537,2021,119,0.0,0.0,0.0,1.0,1.0,0.0,1.0,1.0,0.0,0.0,0.0,0.0,0.0,94.0,1.0,2470.0,0.0,0.0,0.0,0.0,0.0,0.0,0.0,0.0,0.0,0.0,0.0,0.0,0.0,0.0,0.0,0.0,0.0,7.0,0.0,57.0,143.0,4.0,744.0,97.0,,,,16.0,49.0,4,Kene Nwangwu,Iowa State,Big 12,Running Back,,,8.142857142857142,5.2027972027972025,26.27659574468085,,,,
4035538,2019,73,0.0,0.0,0.0,0.0,0.0,0.0,0.0,3.0,3.0,0.0,0.0,0.0,0.0,0.0,0.0,0.0,0.0,0.0,0.0,0.0,0.0,2.0,0.0,0.0,0.0,0.0,0.0,0.0,0.0,0.0,0.0,0.0,0.0,71.0,0.0,582.0,622.0,26.0,2894.0,,,,,53.0,58.0,3,David Montgomery,Iowa State,Big 12,Running Back,0.0,0.0,8.19718309859155,4.652733118971061,,,,,
4035566,2020,95,4.0,19.0,14.5,62.0,0.0,31.5,148.0,0.0,0.0,2.0,0.0,0.0,0.0,0.0,0.0,0.0,0.0,0.0,0.0,0.0,0.0,0.0,0.0,0.0,0.0,0.0,0.0,0.0,0.0,0.0,0.0,0.0,0.0,1.0,0.0,11.0,0.0,0.0,0.0,,,,,11.0,,4,McTelvin Agim,Arkansas,SEC,Defensive Tackle,,,11.0,,,,,,
4035590,2021,207,1.0,9.0,1.5,34.0,0.0,11.5,71.0,0.0,0.0,0.0,0.0,0.0,0.0,0.0,0.0,0.0,0.0,0.0,0.0,0.0,0.0,0.0,0.0,0.0,0.0,0.0,0.0,0.0,0.0,0.0,0.0,0.0,0.0,0.0,0.0,0.0,0.0,0.0,0.0,,,,,,,4,Jonathan Marshall,Arkansas,SEC,Defensive Tackle,,,,,,,,,
4035604,2021,134,3.0,11.0,8.0,55.0,0.0,20.5,105.0,0.0,0.0,2.0,0.0,0.0,0.0,0.0,0.0,0.0,0.0,0.0,0.0,0.0,0.0,0.0,0.0,0.0,0.0,0.0,0.0,0.0,0.0,0.0,0.0,0.0,0.0,0.0,0.0,0.0,0.0,0.0,0.0,,,,,,,4,Janarius Robinson,Florida State,ACC,Defensive End,,,,,,,,,
4035624,2021,37,0.0,0.0,0.0,1.0,0.0,0.0,1.0,0.0,0.0,0.0,0.0,0.0,0.0,0.0,0.0,0.0,0.0,0.0,0.0,0.0,0.0,0.0,0.0,0.0,0.0,0.0,0.0,0.0,0.0,0.0,0.0,0.0,0.0,0.0,0.0,0.0,0.0,0.0,0.0,,,,,,,1,Landon Dickerson,Alabama,SEC,Center,,,,,,,,,
4035631,2019,16,7.0,14.0,23.0,70.0,0.0,38.5,123.0,0.0,0.0,2.0,0.0,0.0,0.0,0.0,0.0,0.0,0.0,0.0,0.0,0.0,0.0,0.0,0.0,0.0,0.0,0.0,1.0,0.0,13.0,0.0,0.0,0.0,0.0,0.0,0.0,0.0,0.0,0.0,0.0,,,13.0,,,,3,Brian Burns,Florida State,ACC,Outside Linebacker,,,,,,13.0,,,
4035656,2021,249,0.0,0.0,0.0,8.0,0.0,0.0,8.0,2.0,2.0,0.0,0.0,0.0,0.0,0.0,0.0,0.0,0.0,0.0,0.0,0.0,0.0,0.0,0.0,0.0,0.0,0.0,0.0,0.0,0.0,0.0,0.0,0.0,0.0,139.0,13.0,1856.0,2.0,1.0,17.0,,,,,73.0,13.0,5,Ben Skowronek,Notre Dame,FBS Independents,Wide Receiver,,,13.352517985611511,8.5,,,,,
4035660,2020,179,4.0,3.0,29.0,84.0,0.0,40.5,132.0,0.0,0.0,2.0,0.0,0.0,0.0,0.0,0.0,0.0,0.0,0.0,0.0,0.0,0.0,0.0,0.0,0.0,0.0,0.0,0.0,0.0,0.0,0.0,0.0,0.0,0.0,0.0,0.0,0.0,4.0,0.0,14.0,,,,,,5.0,4,Bradlee Anae,Utah,Pac-12,Defensive End,,,,3.5,,,,,
4035661,2020,85,19.0,0.0,1.5,113.0,2.0,8.5,149.0,0.0,0.0,0.0,9.0,2.0,107.0,4.0,0.0,66.0,0.0,0.0,0.0,0.0,0.0,0.0,0.0,0.0,0.0,0.0,1.0,0.0,35.0,0.0,0.0,0.0,0.0,0.0,0.0,0.0,0.0,0.0,0.0,24.0,,35.0,,,,4,Julian Blackmon,Utah,Pac-12,Safety,,,,,16.5,35.0,,,11.88888888888889
4035663,2020,104,9.0,1.0,0.5,70.0,0.0,8.0,113.0,1.0,0.0,2.0,1.0,0.0,29.0,2.0,0.0,27.0,0.0,0.0,0.0,0.0,0.0,0.0,0.0,0.0,0.0,0.0,0.0,0.0,0.0,0.0,0.0,0.0,0.0,1.0,0.0,7.0,0.0,0.0,0.0,15.0,,,,7.0,,4,Terrell Burgess,Utah,Pac-12,Safety,,,7.0,,13.5,,,,29.0
4035666,2020,114,3.0,4.0,4.5,42.0,0.0,17.0,84.0,0.0,0.0,1.0,0.0,0.0,0.0,0.0,0.0,0.0,0.0,0.0,0.0,0.0,0.0,0.0,0.0,0.0,0.0,0.0,0.0,0.0,0.0,0.0,0.0,0.0,0.0,0.0,0.0,0.0,0.0,0.0,0.0,,,,,,,4,Leki Fotu,Utah,Pac-12,Defensive Tackle,,,,,,,,,
4035676,2020,86,0.0,0.0,0.0,1.0,0.0,0.0,1.0,7.0,5.0,0.0,0.0,0.0,0.0,0.0,0.0,0.0,0.0,0.0,0.0,0.0,0.0,0.0,0.0,0.0,0.0,0.0,0.0,0.0,0.0,0.0,0.0,0.0,0.0,66.0,3.0,685.0,712.0,38.0,4063.0,,,,,69.0,91.0,4,Zack Moss,Utah,Pac-12,Running Back,,,10.378787878787879,5.706460674157303,,,,,
4035685,2019,110,0.0,0.0,0.0,5.0,0.0,0.0,5.0,1.0,1.0,0.0,0.0,0.0,0.0,0.0,0.0,0.0,0.0,0.0,0.0,0.0,0.0,0.0,0.0,0.0,0.0,0.0,0.0,0.0,0.0,26.0,175.0,4.0,8004.0,0.0,0.0,0.0,4.0,0.0,44.0,,,,68.0,,28.0,3,Mitch Wishnowsky,Utah,Pac-12,Punter,,,,11.0,,,45.73714285714286,,
4035686,2022,121,28.0,0.0,1.0,117.0,1.0,2.5,139.0,5.0,3.0,1.0,10.0,1.0,125.0,7.0,0.0,76.0,0.0,0.0,0.0,0.0,0.0,0.0,0.0,0.0,0.0,0.0,10.0,0.0,71.0,0.0,0.0,0.0,0.0,0.0,0.0,0.0,0.0,0.0,0.0,31.0,,21.0,,,,5,Jack Jones,USC,Pac-12,Cornerback,,,,,10.857142857142858,7.1,,,12.5
4035687,2020,34,0.0,0.0,0.0,13.0,1.0,0.0,16.0,2.0,2.0,0.0,0.0,0.0,0.0,4.0,0.0,31.0,0.0,0.0,0.0,0.0,0.0,0.0,0.0,0.0,0.0,0.0,6.0,1.0,156.0,0.0,0.0,0.0,0.0,170.0,19.0,2504.0,2.0,0.0,20.0,13.0,,72.0,,77.0,11.0,4,Michael Pittman Jr.,USC,Pac-12,Wide Receiver,,,14.729411764705882,10.0,7.75,26.0,,,
4035693,2022,71,0.0,0.0,0.0,4.0,2.0,0.0,6.0,4.0,2.0,0.0,0.0,0.0,0.0,123.0,2.0,2973.0,0.0,0.0,0.0,0.0,0.0,0.0,0.0,0.0,0.0,0.0,19.0,0.0,273.0,0.0,0.0,0.0,0.0,120.0,11.0,1434.0,15.0,1.0,59.0,100.0,,50.0,,74.0,15.0,5,Velus Jones Jr.,USC,Pac-12,Wide Receiver,,,11.95,3.933333333333333,24.170731707317074,14.368421052631579,,,
4035788,2020,146,0.0,0.0,0.0,3.0,0.0,0.0,3.0,0.0,0.0,0.0,0.0,0.0,0.0,0.0,0.0,0.0,0.0,0.0,0.0,0.0,0.0,0.0,0.0,0.0,0.0,0.0,0.0,0.0,0.0,0.0,0.0,0.0,0.0,0.0,0.0,0.0,0.0,0.0,0.0,,,,,,,2,Tyler Biadasz,Wisconsin,Big Ten,Center,,,,,,,,,
4035791,2021,214,0.0,0.0,0.0,0.0,0.0,0.0,0.0,0.0,0.0,1.0,0.0,0.0,0.0,0.0,0.0,0.0,0.0,0.0,0.0,0.0,0.0,0.0,0.0,0.0,0.0,0.0,0.0,0.0,0.0,0.0,0.0,0.0,0.0,0.0,0.0,0.0,0.0,0.0,0.0,,,,,,,1,Cole Van Lanen,Wisconsin,Big Ten,Offensive Tackle,,,,,,,,,
4035793,2020,166,0.0,0.0,0.0,0.0,0.0,0.0,1.0,1.0,0.0,0.0,0.0,0.0,0.0,0.0,0.0,0.0,0.0,0.0,0.0,0.0,0.0,0.0,0.0,0.0,0.0,0.0,0.0,0.0,0.0,0.0,0.0,0.0,0.0,93.0,13.0,1496.0,9.0,0.0,46.0,,,,,61.0,20.0,3,Quintez Cephus,Wisconsin,Big Ten,Wide Receiver,,,16.086021505376344,5.111111111111111,,,,,
4035798,2021,156,7.0,6.0,7.5,36.0,0.0,11.0,61.0,0.0,0.0,0.0,0.0,0.0,0.0,0.0,0.0,0.0,0.0,0.0,0.0,0.0,0.0,0.0,0.0,0.0,0.0,0.0,0.0,0.0,0.0,0.0,0.0,0.0,0.0,0.0,0.0,0.0,0.0,0.0,0.0,,,,,,,4,Isaiahh Loudermilk,Wisconsin,Big Ten,Defensive Tackle,,,,,,,,,
4035824,2021,104,22.0,1.0,0.0,74.0,0.0,3.5,92.0,1.0,1.0,1.0,1.0,0.0,0.0,0.0,0.0,0.0,0.0,0.0,0.0,0.0,0.0,0.0,0.0,0.0,0.0,0.0,0.0,0.0,0.0,0.0,0.0,0.0,0.0,12.0,0.0,108.0,65.0,1.0,277.0,,,,,30.0,37.0,4,Brandon Stephens,UCLA,Pac-12,Cornerback,,,9.0,4.2615384615384615,,,,,0.0
4035826,2021,211,0.0,0.0,0.0,4.0,1.0,0.0,5.0,2.0,2.0,0.0,0.0,0.0,0.0,31.0,1.0,611.0,0.0,0.0,0.0,0.0,0.0,0.0,0.0,0.0,0.0,0.0,0.0,0.0,0.0,0.0,0.0,0.0,0.0,99.0,8.0,958.0,233.0,7.0,1101.0,100.0,,,,94.0,75.0,4,Demetric Felton,UCLA,Pac-12,Wide Receiver,,,9.676767676767676,4.725321888412017,19.70967741935484,,,,
4035840,2021,75,4.0,7.0,11.5,67.0,0.0,27.5,120.0,0.0,0.0,1.0,0.0,0.0,0.0,0.0,0.0,0.0,0.0,0.0,0.0,0.0,0.0,0.0,0.0,0.0,0.0,0.0,0.0,0.0,0.0,0.0,0.0,0.0,0.0,0.0,0.0,0.0,0.0,0.0,0.0,,,,,,,4,Osa Odighizuwa,UCLA,Pac-12,Defensive Tackle,,,,,,,,,
4035857,2022,224,9.0,14.0,21.0,98.0,2.0,36.0,172.0,0.0,0.0,2.0,2.0,2.0,70.0,0.0,0.0,0.0,0.0,0.0,0.0,0.0,0.0,0.0,0.0,0.0,0.0,0.0,0.0,0.0,0.0,0.0,0.0,0.0,0.0,1.0,0.0,12.0,0.0,0.0,0.0,,,,,12.0,,5,Cameron Goode,California,Pac-12,Outside Linebacker,,,12.0,,,,,,35.0
4035861,2021,125,26.0,0.0,1.0,116.0,0.0,8.0,177.0,0.0,0.0,0.0,6.0,0.0,20.0,0.0,0.0,0.0,0.0,0.0,0.0,0.0,0.0,0.0,0.0,0.0,0.0,0.0,0.0,0.0,0.0,0.0,0.0,0.0,0.0,0.0,0.0,0.0,0.0,0.0,0.0,,,,,,,4,Camryn Bynum,California,Pac-12,Cornerback,,,,,,,,,3.3333333333333335
4035875,2020,202,11.0,8.0,7.5,216.0,1.0,21.5,373.0,1.0,0.0,0.0,2.0,1.0,47.0,3.0,0.0,26.0,0.0,0.0,0.0,0.0,0.0,0.0,0.0,0.0,0.0,0.0,0.0,0.0,0.0,0.0,0.0,0.0,0.0,1.0,0.0,11.0,0.0,0.0,0.0,13.0,,,,11.0,,4,Evan Weaver,California,Pac-12,Inside Linebacker,,,11.0,,8.666666666666666,,,,23.5
4035886,2021,217,0.0,0.0,0.0,1.0,0.0,0.5,2.0,1.0,0.0,0.0,0.0,0.0,0.0,19.0,0.0,446.0,0.0,0.0,0.0,0.0,0.0,1.0,0.0,0.0,0.0,0.0,0.0,0.0,0.0,0.0,0.0,0.0,0.0,33.0,1.0,293.0,475.0,22.0,2918.0,83.0,,,,46.0,82.0,5,Khalil Herbert,Virginia Tech,ACC,Running Back,0.0,0.0,8.878787878787879,6.143157894736842,23.473684210526315,,,,
4036026,2021,109,0.0,0.0,0.0,3.0,0.0,0.0,5.0,1.0,1.0,0.0,0.0,0.0,0.0,1.0,0.0,0.0,0.0,0.0,0.0,0.0,0.0,0.0,0.0,0.0,0.0,0.0,0.0,0.0,0.0,0.0,0.0,0.0,0.0,154.0,21.0,2589.0,0.0,0.0,0.0,0.0,,,,82.0,,4,Dez Fitzpatrick,Louisville,ACC,Wide Receiver,,,16.81168831168831,,0.0,,,,
4036032,2022,250,0.0,0.0,0.0,3.0,0.0,0.0,4.0,4.0,4.0,0.0,0.0,0.0,0.0,6.0,0.0,153.0,0.0,0.0,0.0,0.0,0.0,0.0,0.0,0.0,0.0,0.0,0.0,0.0,0.0,0.0,0.0,0.0,0.0,41.0,2.0,431.0,405.0,21.0,2285.0,38.0,,,,44.0,64.0,5,Brittain Brown,UCLA,Pac-12,Running Back,,,10.512195121951219,5.6419753086419755,25.5,,,,
4036060,2021,212,21.0,0.0,0.0,190.0,0.0,10.0,284.0,0.0,0.0,1.0,6.0,0.0,102.0,0.0,0.0,0.0,0.0,0.0,0.0,0.0,0.0,0.0,0.0,0.0,0.0,0.0,0.0,0.0,0.0,0.0,0.0,0.0,0.0,0.0,0.0,0.0,0.0,0.0,0.0,,,,,,,5,Damar Hamlin,Pittsburgh,ACC,Safety,,,,,,,,,17.0
4036063,2021,90,4.0,26.0,21.0,67.0,0.0,31.0,110.0,0.0,0.0,1.0,0.0,0.0,0.0,0.0,0.0,0.0,0.0,0.0,0.0,0.0,0.0,0.0,0.0,0.0,0.0,0.0,0.0,0.0,0.0,0.0,0.0,0.0,0.0,0.0,0.0,0.0,0.0,0.0,0.0,,,,,,,4,Patrick Jones II,Pittsburgh,ACC,Defensive End,,,,,,,,,
4036076,2021,135,8.0,24.0,16.0,67.0,0.0,33.0,106.0,0.0,0.0,4.0,0.0,0.0,0.0,0.0,0.0,0.0,0.0,0.0,0.0,0.0,0.0,0.0,0.0,0.0,0.0,0.0,0.0,0.0,0.0,0.0,0.0,0.0,0.0,0.0,0.0,0.0,0.0,0.0,0.0,,,,,,,3,Rashad Weaver,Pittsburgh,ACC,Defensive End,,,,,,,,,
4036131,2019,20,0.0,0.0,0.0,0.0,0.0,0.0,0.0,0.0,0.0,0.0,0.0,0.0,0.0,0.0,0.0,0.0,0.0,0.0,0.0,0.0,0.0,0.0,0.0,0.0,0.0,0.0,0.0,0.0,0.0,0.0,0.0,0.0,0.0,78.0,19.0,1082.0,4.0,0.0,0.0,,,,,68.0,3.0,3,Noah Fant,Iowa,Big Ten,Tight End,,,13.871794871794872,0.0,,,,,
4036132,2021,84,7.0,13.0,12.0,69.0,0.0,27.0,128.0,0.0,0.0,2.0,3.0,0.0,6.0,0.0,0.0,0.0,0.0,0.0,0.0,0.0,0.0,0.0,0.0,0.0,0.0,0.0,0.0,0.0,0.0,0.0,0.0,0.0,0.0,0.0,0.0,0.0,0.0,0.0,0.0,,,,,,,5,Chauncey Golston,Iowa,Big Ten,Defensive End,,,,,,,,,2.0
4036133,2019,8,0.0,0.0,0.0,1.0,0.0,0.0,1.0,2.0,0.0,0.0,0.0,0.0,0.0,0.0,0.0,0.0,0.0,0.0,0.0,0.0,0.0,0.0,0.0,0.0,0.0,0.0,0.0,0.0,0.0,0.0,0.0,0.0,0.0,73.0,9.0,1070.0,1.0,1.0,4.0,,,,,54.0,4.0,2,T.J. Hockenson,Iowa,Big Ten,Tight End,,,14.657534246575343,4.0,,,,,
4036134,2019,116,9.0,0.0,1.0,80.0,1.0,3.5,125.0,0.0,0.0,0.0,6.0,1.0,90.0,0.0,0.0,0.0,0.0,0.0,0.0,0.0,0.0,0.0,0.0,0.0,0.0,0.0,1.0,0.0,9.0,0.0,0.0,0.0,0.0,0.0,0.0,0.0,1.0,0.0,18.0,,,9.0,,,18.0,3,Amani Hooker,Iowa,Big Ten,Safety,,,,18.0,,9.0,,,15.0
4036141,2021,185,0.0,3.0,2.0,74.0,1.0,7.5,157.0,0.0,0.0,1.0,1.0,1.0,25.0,0.0,0.0,0.0,0.0,0.0,0.0,0.0,0.0,0.0,0.0,0.0,0.0,0.0,0.0,0.0,7.0,0.0,0.0,0.0,0.0,0.0,0.0,0.0,0.0,0.0,0.0,,,7.0,,,,4,Nick Niemann,Iowa,Big Ten,Inside Linebacker,,,,,,inf,,,25.0
4036149,2020,244,0.0,0.0,0.0,2.0,0.0,0.0,2.0,12.0,7.0,0.0,0.0,0.0,0.0,0.0,0.0,0.0,0.0,0.0,0.0,0.0,0.0,1155.0,672.0,23.0,68.0,8275.0,0.0,0.0,0.0,2.0,6.0,1.0,206.0,0.0,0.0,0.0,161.0,2.0,-104.0,,,,47.0,,16.0,4,Nathan Stanley,Iowa,Big Ten,Quarterback,0.5818181818181818,7.1645021645021645,,-0.6459627329192547,,,34.333333333333336,,
4036163,2019,206,0.0,0.0,0.0,1.0,0.0,0.0,2.0,0.0,0.0,0.0,0.0,0.0,0.0,0.0,0.0,0.0,0.0,0.0,0.0,0.0,0.0,0.0,0.0,0.0,0.0,0.0,0.0,0.0,0.0,0.0,0.0,0.0,0.0,170.0,15.0,2565.0,0.0,0.0,0.0,,,,,74.0,,3,Kelvin Harmon,NC State,ACC,Wide Receiver,,,15.088235294117647,,,,,,
4036213,2020,198,9.0,1.0,3.5,173.0,0.0,27.5,237.0,0.0,0.0,1.0,3.0,0.0,0.0,0.0,0.0,0.0,0.0,0.0,0.0,0.0,0.0,0.0,0.0,0.0,0.0,0.0,0.0,0.0,0.0,0.0,0.0,0.0,0.0,0.0,0.0,0.0,0.0,0.0,0.0,,,,,,,4,Antoine Brooks Jr.,Maryland,Big Ten,Safety,,,,,,,,,0.0
4036224,2021,233,0.0,0.0,0.0,27.0,0.0,0.0,31.0,2.0,1.0,0.0,0.0,0.0,0.0,13.0,0.0,237.0,0.0,0.0,0.0,0.0,0.0,1.0,1.0,0.0,0.0,3.0,1.0,0.0,0.0,0.0,0.0,0.0,0.0,23.0,3.0,134.0,135.0,10.0,963.0,32.0,,0.0,,20.0,54.0,5,Jake Funk,Maryland,Big Ten,Running Back,1.0,3.0,5.826086956521739,7.133333333333334,18.23076923076923,0.0,,,
4036261,2019,10,12.0,4.0,10.0,90.0,0.0,18.5,171.0,0.0,0.0,0.0,1.0,0.0,0.0,0.0,0.0,0.0,0.0,0.0,0.0,0.0,0.0,0.0,0.0,0.0,0.0,0.0,0.0,0.0,0.0,0.0,0.0,0.0,0.0,0.0,0.0,0.0,0.0,0.0,0.0,,,,,,,3,Devin Bush,Michigan,Big Ten,Inside Linebacker,,,,,,,,,0.0
4036335,2018,208,0.0,0.0,0.0,2.0,0.0,0.0,3.0,4.0,0.0,0.0,0.0,0.0,0.0,31.0,0.0,742.0,0.0,0.0,0.0,0.0,0.0,5.0,4.0,0.0,1.0,130.0,10.0,0.0,132.0,0.0,0.0,0.0,0.0,139.0,18.0,2640.0,12.0,0.0,20.0,55.0,,73.0,,75.0,9.0,2,Cedrick Wilson,Boise State,Mountain West,Wide Receiver,0.8,26.0,18.992805755395683,1.6666666666666667,23.93548387096774,13.2,,,
4036348,2018,81,0.0,0.0,0.0,3.0,0.0,0.0,3.0,2.0,2.0,0.0,0.0,0.0,0.0,0.0,0.0,0.0,0.0,0.0,0.0,0.0,0.0,0.0,0.0,0.0,0.0,0.0,0.0,0.0,0.0,0.0,0.0,0.0,0.0,176.0,21.0,2685.0,4.0,0.0,15.0,,,,,76.0,12.0,2,Michael Gallup,Colorado State,Mountain West,Wide Receiver,,,15.255681818181818,3.75,,,,,
4036378,2020,26,0.0,0.0,0.0,1.0,0.0,0.0,1.0,12.0,6.0,0.0,0.0,0.0,0.0,0.0,0.0,0.0,0.0,0.0,0.0,0.0,0.0,1124.0,688.0,29.0,60.0,8585.0,0.0,0.0,0.0,0.0,0.0,0.0,0.0,0.0,0.0,0.0,170.0,9.0,403.0,,,,,,22.0,3,Jordan Love,Utah State,Mountain West,Quarterback,0.6120996441281139,7.637900355871886,,2.3705882352941177,,,,,
4036419,2022,247,0.0,0.0,0.0,2.0,0.0,0.0,2.0,16.0,5.0,0.0,0.0,0.0,0.0,0.0,0.0,0.0,0.0,0.0,0.0,0.0,0.0,885.0,552.0,16.0,43.0,7131.0,0.0,0.0,0.0,0.0,0.0,0.0,0.0,0.0,0.0,0.0,354.0,26.0,1087.0,,,,,,61.0,5,Skylar John Thompson,Kansas State,Big 12,Quarterback,0.6237288135593221,8.057627118644067,,3.0706214689265536,,,,,
4036430,2021,178,30.0,1.0,0.0,61.0,0.0,1.0,96.0,0.0,0.0,0.0,2.0,0.0,11.0,0.0,0.0,0.0,0.0,0.0,0.0,0.0,0.0,0.0,0.0,0.0,0.0,0.0,0.0,0.0,0.0,0.0,0.0,0.0,0.0,0.0,0.0,0.0,0.0,0.0,0.0,,,,,,,4,Shemar Jean-Charles,App State,Sun Belt,Cornerback,,,,,,,,,5.5
4036431,2020,93,0.0,0.0,0.0,2.0,3.0,0.0,5.0,2.0,1.0,0.0,0.0,0.0,0.0,57.0,3.0,1439.0,0.0,0.0,0.0,0.0,0.0,1.0,1.0,0.0,0.0,14.0,0.0,0.0,0.0,0.0,0.0,0.0,0.0,39.0,6.0,319.0,482.0,25.0,2883.0,100.0,,,,58.0,87.0,3,Darrynton Evans,App State,Sun Belt,Running Back,1.0,14.0,8.179487179487179,5.981327800829876,25.24561403508772,,,,
4036476,2021,240,6.0,11.0,19.0,64.0,0.0,29.5,119.0,0.0,0.0,4.0,0.0,0.0,0.0,0.0,0.0,0.0,0.0,0.0,0.0,0.0,0.0,0.0,0.0,0.0,0.0,0.0,0.0,0.0,0.0,0.0,0.0,0.0,0.0,0.0,0.0,0.0,0.0,0.0,0.0,,,,,,,4,William Bradley-King,Baylor,Big 12,Outside Linebacker,,,,,,,,,
4036651,2020,163,25.0,0.0,1.0,72.0,0.0,9.0,94.0,0.0,0.0,0.0,9.0,0.0,-16.0,0.0,0.0,0.0,0.0,0.0,0.0,0.0,0.0,0.0,0.0,0.0,0.0,0.0,0.0,0.0,0.0,0.0,0.0,0.0,0.0,0.0,0.0,0.0,0.0,0.0,0.0,,,,,,,4,Kindle Vildor,Georgia Southern,Sun Belt,Cornerback,,,,,,,,,-1.7777777777777777
4036831,2020,156,0.0,0.0,0.0,2.0,0.0,0.0,2.0,0.0,0.0,0.0,0.0,0.0,0.0,0.0,0.0,0.0,0.0,0.0,0.0,0.0,0.0,0.0,0.0,0.0,0.0,0.0,0.0,0.0,0.0,0.0,0.0,0.0,0.0,0.0,0.0,0.0,0.0,0.0,0.0,,,,,,,2,Keith Ismael,San Diego State,Mountain West,Center,,,,,,,,,
4037239,2021,61,8.0,23.0,20.5,97.0,1.0,36.5,173.0,0.0,0.0,3.0,0.0,0.0,0.0,0.0,0.0,0.0,0.0,0.0,0.0,0.0,0.0,0.0,0.0,0.0,0.0,0.0,0.0,0.0,0.0,0.0,0.0,0.0,0.0,0.0,0.0,0.0,0.0,0.0,0.0,,,,,,,4,Carlos Basham Jr.,Wake Forest,ACC,Defensive End,,,,,,,,,
4037311,2021,209,0.0,0.0,0.0,0.0,0.0,0.0,0.0,0.0,0.0,0.0,0.0,0.0,0.0,1.0,0.0,-9.0,0.0,0.0,0.0,0.0,0.0,0.0,0.0,0.0,0.0,0.0,0.0,0.0,0.0,0.0,0.0,0.0,0.0,45.0,5.0,740.0,1.0,0.0,3.0,-9.0,,,,59.0,3.0,4,Jalen Camp,Georgia Tech,ACC,Wide Receiver,,,16.444444444444443,3.0,-9.0,,,,
4037333,2020,102,4.0,19.0,16.5,108.0,0.0,41.0,167.0,0.0,0.0,1.0,0.0,0.0,0.0,0.0,0.0,0.0,0.0,0.0,0.0,0.0,0.0,0.0,0.0,0.0,0.0,0.0,0.0,0.0,0.0,0.0,0.0,0.0,0.0,0.0,0.0,0.0,0.0,0.0,0.0,,,,,,,4,Alex Highsmith,Charlotte,Conference USA,Outside Linebacker,,,,,,,,,
4037457,2019,204,0.0,0.0,0.0,13.0,0.0,0.0,19.0,5.0,4.0,2.0,0.0,0.0,0.0,1.0,0.0,18.0,0.0,0.0,0.0,0.0,0.0,0.0,0.0,0.0,0.0,0.0,0.0,0.0,0.0,0.0,0.0,0.0,0.0,37.0,1.0,405.0,334.0,12.0,2000.0,18.0,,,,35.0,70.0,3,Travis Homer,Miami,ACC,Running Back,,,10.945945945945946,5.9880239520958085,18.0,,,,
4037459,2019,165,5.0,15.0,22.0,68.0,1.0,35.0,133.0,0.0,0.0,2.0,1.0,1.0,42.0,0.0,0.0,0.0,0.0,0.0,0.0,0.0,0.0,0.0,0.0,0.0,0.0,0.0,0.0,0.0,0.0,0.0,0.0,0.0,0.0,0.0,0.0,0.0,0.0,0.0,0.0,,,,,,,3,Joe Jackson,Miami,ACC,Defensive End,,,,,,,,,42.0
4037468,2020,140,11.0,25.0,12.5,180.0,0.0,46.5,351.0,0.0,0.0,5.0,1.0,0.0,20.0,0.0,0.0,0.0,0.0,0.0,0.0,0.0,0.0,0.0,0.0,0.0,0.0,0.0,0.0,0.0,0.0,0.0,0.0,0.0,0.0,0.0,0.0,0.0,0.0,0.0,0.0,,,,,,,4,Shaquille Quarterman,Miami,ACC,Inside Linebacker,,,,,,,,,20.0
4037474,2022,216,2.0,11.0,12.0,86.0,0.0,22.5,162.0,0.0,0.0,2.0,0.0,0.0,0.0,0.0,0.0,0.0,0.0,0.0,0.0,0.0,0.0,0.0,0.0,0.0,0.0,0.0,0.0,0.0,0.0,0.0,0.0,0.0,0.0,0.0,0.0,0.0,0.0,0.0,0.0,,,,,,,5,Curtis Brooks,Cincinnati,American Athletic,Defensive Tackle,,,,,,,,,
4037478,2021,244,0.0,0.0,0.0,2.0,0.0,0.0,5.0,4.0,4.0,0.0,0.0,0.0,0.0,0.0,0.0,0.0,0.0,0.0,0.0,0.0,0.0,0.0,0.0,0.0,0.0,0.0,0.0,0.0,0.0,0.0,0.0,0.0,0.0,36.0,4.0,407.0,331.0,14.0,1712.0,,,,,60.0,72.0,4,Gerrid Doaks,Cincinnati,American Athletic,Running Back,,,11.305555555555555,5.172205438066465,,,,,
4037521,2021,78,6.0,16.0,12.5,116.0,0.0,22.5,207.0,8.0,2.0,1.0,2.0,0.0,3.0,0.0,0.0,0.0,0.0,0.0,0.0,0.0,0.0,193.0,111.0,6.0,8.0,1352.0,0.0,0.0,0.0,0.0,0.0,0.0,0.0,0.0,0.0,0.0,95.0,6.0,279.0,,,,,,59.0,4,Chazz Surratt,North Carolina,ACC,Inside Linebacker,0.5751295336787565,7.005181347150259,,2.9368421052631577,,,,,1.5
4037584,2020,158,38.0,0.0,4.0,98.0,0.0,9.5,154.0,0.0,0.0,1.0,5.0,0.0,51.0,0.0,0.0,0.0,0.0,0.0,0.0,0.0,0.0,0.0,0.0,0.0,0.0,0.0,0.0,0.0,0.0,0.0,0.0,0.0,0.0,0.0,0.0,0.0,0.0,0.0,0.0,,,,,,,4,Bryce Hall,Virginia,ACC,Cornerback,,,,,,,,,10.2
4037591,2020,151,0.0,0.0,0.0,10.0,5.0,0.0,17.0,4.0,2.0,0.0,0.0,0.0,0.0,107.0,5.0,3042.0,0.0,0.0,0.0,0.0,0.0,0.0,0.0,0.0,0.0,0.0,0.0,0.0,0.0,0.0,0.0,0.0,0.0,129.0,16.0,1465.0,34.0,1.0,172.0,100.0,,,,75.0,29.0,4,Joe Reed,Virginia,ACC,Wide Receiver,,,11.356589147286822,5.0588235294117645,28.429906542056074,,,,
4037626,2021,80,11.0,2.0,0.5,117.0,1.0,12.5,205.0,0.0,0.0,2.0,6.0,0.0,5.0,0.0,0.0,0.0,0.0,0.0,0.0,0.0,0.0,0.0,0.0,0.0,0.0,0.0,0.0,0.0,0.0,0.0,0.0,0.0,0.0,1.0,0.0,8.0,0.0,0.0,0.0,,,,,8.0,,5,Divine Deablo,Virginia Tech,ACC,Safety,,,8.0,,,,,,0.8333333333333334
4037650,2019,123,0.0,0.0,0.0,4.0,0.0,0.0,4.0,0.0,0.0,0.0,0.0,0.0,0.0,0.0,0.0,0.0,0.0,0.0,0.0,0.0,0.0,0.0,0.0,0.0,0.0,0.0,0.0,0.0,0.0,0.0,0.0,0.0,0.0,0.0,0.0,0.0,0.0,0.0,0.0,,,,,,,3,Ben Powers,Oklahoma,Big 12,Offensive Guard,,,,,,,,,
4038201,2019,250,0.0,0.0,0.0,2.0,0.0,0.0,4.0,0.0,0.0,0.0,0.0,0.0,0.0,0.0,0.0,0.0,0.0,0.0,0.0,0.0,0.0,0.0,0.0,0.0,0.0,0.0,0.0,0.0,0.0,0.0,0.0,0.0,0.0,0.0,0.0,0.0,0.0,0.0,0.0,,,,,,,3,Austin Cutting,Air Force,Mountain West,Long Snapper,,,,,,,,,
4038220,2020,224,0.0,0.0,0.0,0.0,0.0,0.0,0.0,12.0,6.0,0.0,0.0,0.0,0.0,0.0,0.0,0.0,0.0,0.0,0.0,0.0,0.0,1004.0,616.0,24.0,70.0,8035.0,0.0,0.0,0.0,0.0,0.0,0.0,0.0,0.0,0.0,0.0,253.0,12.0,861.0,,,,,,76.0,3,Cole McDonald,Hawai'i,Mountain West,Quarterback,0.6135458167330677,8.002988047808765,,3.4031620553359683,,,,,
4038430,2021,201,31.0,2.0,0.0,131.0,0.0,5.5,162.0,0.0,0.0,0.0,2.0,0.0,0.0,1.0,0.0,15.0,0.0,0.0,0.0,0.0,0.0,0.0,0.0,0.0,0.0,0.0,0.0,0.0,0.0,0.0,0.0,0.0,0.0,3.0,0.0,16.0,0.0,0.0,0.0,15.0,,,,10.0,,4,Rodarius Williams,Oklahoma State,Big 12,Cornerback,,,5.333333333333333,,15.0,,,,0.0
4038436,2022,193,3.0,22.0,13.5,140.0,1.0,26.5,215.0,0.0,0.0,3.0,2.0,1.0,15.0,0.0,0.0,0.0,0.0,0.0,0.0,0.0,0.0,0.0,0.0,0.0,0.0,0.0,1.0,0.0,12.0,0.0,0.0,0.0,0.0,0.0,0.0,0.0,0.0,0.0,0.0,,,12.0,,,,6,Devin Harper,Oklahoma State,Big 12,Inside Linebacker,,,,,,12.0,,,7.5
4038441,2019,113,1.0,0.0,0.0,0.0,0.0,0.0,0.0,5.0,4.0,0.0,0.0,0.0,0.0,0.0,0.0,0.0,0.0,0.0,0.0,0.0,0.0,0.0,0.0,0.0,0.0,0.0,0.0,0.0,0.0,0.0,0.0,0.0,0.0,49.0,1.0,304.0,632.0,30.0,3539.0,,,,,24.0,92.0,3,Justice Hill,Oklahoma State,Big 12,Running Back,,,6.204081632653061,5.599683544303797,,,,,
4038457,2021,39,0.0,0.0,0.0,1.0,0.0,0.0,1.0,0.0,0.0,0.0,0.0,0.0,0.0,0.0,0.0,0.0,0.0,0.0,0.0,0.0,0.0,0.0,0.0,0.0,0.0,0.0,0.0,0.0,0.0,0.0,0.0,0.0,0.0,0.0,0.0,0.0,0.0,0.0,0.0,,,,,,,1,Teven Jenkins,Oklahoma State,Big 12,Offensive Tackle,,,,,,,,,
4038524,2019,178,0.0,0.0,0.0,1.0,0.0,0.0,1.0,7.0,2.0,0.0,0.0,0.0,0.0,0.0,0.0,0.0,0.0,0.0,0.0,0.0,0.0,1168.0,761.0,20.0,62.0,8263.0,0.0,0.0,0.0,0.0,0.0,0.0,0.0,0.0,0.0,0.0,96.0,4.0,43.0,,,,,,12.0,3,Gardner Minshew,Washington State,Pac-12,Quarterback,0.651541095890411,7.074486301369863,,0.4479166666666667,,,,,
4038538,2020,236,9.0,0.0,1.0,49.0,1.0,2.0,72.0,0.0,0.0,2.0,2.0,1.0,98.0,0.0,0.0,0.0,0.0,0.0,0.0,0.0,0.0,0.0,0.0,0.0,0.0,0.0,0.0,0.0,0.0,0.0,0.0,0.0,0.0,0.0,0.0,0.0,0.0,0.0,0.0,,,,,,,3,Vernon Scott,TCU,Big 12,Safety,,,,,,,,,49.0
4038552,2020,96,0.0,0.0,0.0,2.0,0.0,0.0,2.0,0.0,0.0,0.0,0.0,0.0,0.0,0.0,0.0,0.0,0.0,0.0,0.0,0.0,0.0,0.0,0.0,0.0,0.0,0.0,0.0,0.0,0.0,0.0,0.0,0.0,0.0,0.0,0.0,0.0,0.0,0.0,0.0,,,,,,,2,Lucas Niang,TCU,Big 12,Offensive Tackle,,,,,,,,,
4038557,2020,40,0.0,3.0,5.5,38.0,0.0,15.5,65.0,0.0,0.0,0.0,0.0,0.0,0.0,0.0,0.0,0.0,0.0,0.0,0.0,0.0,0.0,0.0,0.0,0.0,0.0,0.0,0.0,0.0,0.0,0.0,0.0,0.0,0.0,0.0,0.0,0.0,0.0,0.0,0.0,,,,,,,2,Ross Blacklock,TCU,Big 12,Defensive Tackle,,,,,,,,,
4038565,2021,139,0.0,0.0,0.0,1.0,0.0,0.0,1.0,0.0,0.0,0.0,0.0,0.0,0.0,0.0,0.0,0.0,0.0,0.0,0.0,0.0,0.0,0.0,0.0,0.0,0.0,0.0,0.0,0.0,0.0,0.0,0.0,0.0,0.0,0.0,0.0,0.0,0.0,0.0,0.0,,,,,,,1,D'Ante Smith,East Carolina,American Athletic,Offensive Tackle,,,,,,,,,
4038811,2020,238,6.0,5.0,4.5,160.0,0.0,17.5,268.0,0.0,0.0,3.0,1.0,0.0,5.0,0.0,0.0,0.0,0.0,0.0,0.0,0.0,0.0,0.0,0.0,0.0,0.0,0.0,0.0,0.0,0.0,0.0,0.0,0.0,0.0,0.0,0.0,0.0,0.0,0.0,0.0,,,,,,,4,T.J. Brunson,South Carolina,SEC,Inside Linebacker,,,,,,,,,5.0
4038818,2020,81,1.0,0.0,0.0,5.0,0.0,0.0,5.0,2.0,1.0,0.0,0.0,0.0,0.0,0.0,0.0,0.0,0.0,0.0,0.0,0.0,0.0,0.0,0.0,0.0,0.0,0.0,19.0,0.0,220.0,0.0,0.0,0.0,0.0,234.0,22.0,3045.0,6.0,0.0,41.0,,,38.0,,75.0,15.0,4,Bryan Edwards,South Carolina,SEC,Wide Receiver,,,13.012820512820513,6.833333333333333,,11.578947368421053,,,
4038849,2020,117,5.0,7.0,14.0,77.0,0.0,29.0,136.0,0.0,0.0,0.0,1.0,0.0,21.0,1.0,0.0,1.0,0.0,0.0,0.0,0.0,0.0,0.0,0.0,0.0,0.0,0.0,0.0,0.0,0.0,0.0,0.0,0.0,0.0,0.0,0.0,0.0,0.0,0.0,0.0,1.0,,,,,,4,D.J. Wonnum,South Carolina,SEC,Defensive End,,,,,1.0,,,,21.0
4038902,2020,196,5.0,7.0,2.0,168.0,1.0,22.0,256.0,0.0,0.0,1.0,3.0,1.0,94.0,0.0,0.0,0.0,0.0,0.0,0.0,0.0,0.0,0.0,0.0,0.0,0.0,0.0,0.0,0.0,0.0,0.0,0.0,0.0,0.0,0.0,0.0,0.0,9.0,0.0,46.0,,,,,,28.0,4,Shaun Bradley,Temple,American Athletic,Inside Linebacker,,,,5.111111111111111,,,,,31.333333333333332
4038938,2019,239,0.0,0.0,0.0,1.0,0.0,0.0,1.0,4.0,1.0,0.0,0.0,0.0,0.0,3.0,0.0,49.0,0.0,0.0,0.0,0.0,0.0,0.0,0.0,0.0,0.0,0.0,23.0,0.0,125.0,0.0,0.0,0.0,0.0,119.0,14.0,1710.0,5.0,0.0,11.0,21.0,,45.0,,67.0,17.0,3,Dillon Mitchell,Oregon,Pac-12,Wide Receiver,,,14.369747899159664,2.2,16.333333333333332,5.434782608695652,,,
4038941,2020,6,1.0,0.0,0.0,2.0,0.0,0.0,2.0,11.0,3.0,0.0,0.0,0.0,0.0,0.0,0.0,0.0,0.0,0.0,0.0,0.0,0.0,1293.0,827.0,23.0,95.0,10541.0,0.0,0.0,0.0,0.0,0.0,0.0,0.0,0.0,0.0,0.0,231.0,13.0,560.0,,,,,,40.0,4,Justin Herbert,Oregon,Pac-12,Quarterback,0.6395978344934261,8.152358855375097,,2.4242424242424243,,,,,
4038944,2021,215,4.0,1.0,0.0,60.0,3.0,0.0,90.0,0.0,0.0,5.0,3.0,1.0,32.0,0.0,0.0,0.0,0.0,0.0,0.0,0.0,0.0,0.0,0.0,0.0,0.0,0.0,0.0,0.0,0.0,0.0,0.0,0.0,0.0,0.0,0.0,0.0,0.0,0.0,0.0,,,,,,,3,Brady Breeze,Oregon,Pac-12,Safety,,,,,,,,,10.666666666666666
4038946,2020,132,14.0,10.0,15.0,228.0,0.0,41.5,383.0,0.0,0.0,0.0,5.0,0.0,13.0,0.0,0.0,0.0,0.0,0.0,0.0,0.0,0.0,0.0,0.0,0.0,0.0,0.0,0.0,0.0,0.0,0.0,0.0,0.0,0.0,0.0,0.0,0.0,0.0,0.0,0.0,,,,,,,4,Troy Dye,Oregon,Pac-12,Inside Linebacker,,,,,,,,,2.6
4038986,2021,161,0.0,1.0,0.0,1.0,0.0,0.0,1.0,0.0,0.0,0.0,0.0,0.0,0.0,0.0,0.0,0.0,0.0,0.0,0.0,0.0,0.0,0.0,0.0,0.0,0.0,0.0,0.0,0.0,0.0,0.0,0.0,0.0,0.0,0.0,0.0,0.0,0.0,0.0,0.0,,,,,,,2,Tommy Doyle,Miami (OH),Mid-American,Offensive Tackle,,,,,,,,,
4038994,2020,248,0.0,0.0,0.0,2.0,0.0,0.0,3.0,0.0,0.0,0.0,0.0,0.0,0.0,0.0,0.0,0.0,62.0,49.0,259.0,114.0,112.0,0.0,0.0,0.0,0.0,0.0,0.0,0.0,0.0,0.0,0.0,0.0,0.0,0.0,0.0,0.0,0.0,0.0,0.0,,53.0,,,,,4,Samuel Sloman,Miami (OH),Mid-American,Place Kicker,,,,,,,,0.7903225806451613,
4038999,2019,33,19.0,0.0,1.0,46.0,0.0,7.0,67.0,0.0,0.0,0.0,7.0,1.0,95.0,0.0,0.0,0.0,0.0,0.0,0.0,0.0,0.0,0.0,0.0,0.0,0.0,0.0,0.0,0.0,0.0,0.0,0.0,0.0,0.0,0.0,0.0,0.0,0.0,0.0,0.0,,,,,,,2,Byron Murphy,Washington,Pac-12,Cornerback,,,,,,,,,13.571428571428571
4039007,2019,61,6.0,0.0,7.0,100.0,1.0,9.5,165.0,0.0,0.0,3.0,7.0,1.0,59.0,0.0,0.0,0.0,0.0,0.0,0.0,0.0,0.0,0.0,0.0,0.0,0.0,0.0,0.0,0.0,0.0,0.0,0.0,0.0,0.0,0.0,0.0,0.0,0.0,0.0,0.0,,,,,,,3,Taylor Rapp,Washington,Pac-12,Safety,,,,,,,,,8.428571428571429
4039018,2022,171,0.0,0.0,0.0,3.0,0.0,0.0,3.0,0.0,0.0,0.0,0.0,0.0,0.0,0.0,0.0,0.0,0.0,0.0,0.0,0.0,0.0,0.0,0.0,0.0,0.0,0.0,0.0,0.0,0.0,0.0,0.0,0.0,0.0,0.0,0.0,0.0,0.0,0.0,0.0,,,,,,,3,Luke Wattenberg,Washington,Pac-12,Center,,,,,,,,,
4039020,2021,41,0.0,2.0,7.0,47.0,0.0,15.5,92.0,0.0,0.0,0.0,0.0,0.0,0.0,0.0,0.0,0.0,0.0,0.0,0.0,0.0,0.0,0.0,0.0,0.0,0.0,0.0,1.0,0.0,12.0,0.0,0.0,0.0,0.0,0.0,0.0,0.0,0.0,0.0,0.0,,,12.0,,,,3,Levi Onwuzurike,Washington,Pac-12,Defensive Tackle,,,,,,12.0,,,
4039028,2021,171,4.0,10.0,9.5,50.0,0.0,20.0,89.0,0.0,0.0,5.0,1.0,0.0,13.0,0.0,0.0,0.0,0.0,0.0,0.0,0.0,0.0,0.0,0.0,0.0,0.0,0.0,0.0,0.0,0.0,0.0,0.0,0.0,0.0,0.0,0.0,0.0,0.0,0.0,0.0,,,,,,,5,Daelin Hayes,Notre Dame,FBS Independents,Defensive End,,,,,,,,,13.0
4039029,2020,147,6.0,24.0,13.0,56.0,0.0,26.0,103.0,0.0,0.0,2.0,0.0,0.0,0.0,0.0,0.0,0.0,0.0,0.0,0.0,0.0,0.0,0.0,0.0,0.0,0.0,0.0,0.0,0.0,0.0,0.0,0.0,0.0,0.0,0.0,0.0,0.0,0.0,0.0,0.0,,,,,,,3,Khalid Kareem,Notre Dame,FBS Independents,Defensive End,,,,,,,,,
4039043,2020,165,1.0,0.0,0.0,1.0,0.0,0.0,1.0,2.0,1.0,0.0,0.0,0.0,0.0,0.0,0.0,0.0,0.0,0.0,0.0,0.0,0.0,0.0,0.0,0.0,0.0,0.0,0.0,0.0,0.0,0.0,0.0,0.0,0.0,188.0,15.0,2627.0,0.0,0.0,-7.0,,,,,48.0,0.0,4,Collin Johnson,Texas,Big 12,Wide Receiver,,,13.97340425531915,-inf,,,,,
4039050,2020,92,0.0,0.0,0.0,6.0,0.0,0.0,7.0,0.0,0.0,0.0,0.0,0.0,0.0,27.0,0.0,550.0,0.0,0.0,0.0,0.0,0.0,2.0,2.0,0.0,0.0,14.0,0.0,0.0,0.0,0.0,0.0,0.0,0.0,176.0,16.0,2468.0,11.0,1.0,34.0,36.0,,,,80.0,13.0,4,Devin Duvernay,Texas,Big 12,Wide Receiver,1.0,7.0,14.022727272727273,3.090909090909091,20.37037037037037,,,,
4039052,2020,88,4.0,8.0,5.5,52.0,0.0,18.0,76.0,0.0,0.0,0.0,0.0,0.0,0.0,0.0,0.0,0.0,0.0,0.0,0.0,0.0,0.0,0.0,0.0,0.0,0.0,0.0,0.0,0.0,0.0,0.0,0.0,0.0,0.0,0.0,0.0,0.0,0.0,0.0,0.0,,,,,,,3,Jordan Elliott,Texas,Big 12,Defensive Tackle,,,,,,,,,
4039059,2020,70,7.0,3.0,1.0,174.0,0.0,14.0,232.0,2.0,1.0,2.0,4.0,0.0,33.0,3.0,0.0,55.0,0.0,0.0,0.0,0.0,0.0,0.0,0.0,0.0,0.0,0.0,14.0,0.0,161.0,0.0,0.0,0.0,0.0,0.0,0.0,0.0,0.0,0.0,0.0,23.0,,53.0,,,,4,Brandon Jones,Texas,Big 12,Safety,,,,,18.333333333333332,11.5,,,8.25
4039160,2021,127,0.0,0.0,0.0,3.0,0.0,0.0,3.0,1.0,1.0,0.0,0.0,0.0,0.0,0.0,0.0,0.0,0.0,0.0,0.0,0.0,0.0,0.0,0.0,0.0,0.0,0.0,0.0,0.0,0.0,0.0,0.0,0.0,0.0,129.0,16.0,1879.0,13.0,0.0,103.0,,,,,58.0,21.0,4,Kylen Granson,SMU,American Athletic,Tight End,,,14.565891472868216,7.923076923076923,,,,,
4039253,2019,121,0.0,0.0,0.0,0.0,0.0,0.0,0.0,0.0,0.0,0.0,0.0,0.0,0.0,0.0,0.0,0.0,0.0,0.0,0.0,0.0,0.0,1.0,0.0,0.0,0.0,0.0,0.0,0.0,0.0,0.0,0.0,0.0,0.0,28.0,2.0,373.0,1.0,0.0,3.0,,,,,43.0,3.0,3,Trevon Wesco,West Virginia,Big 12,Tight End,0.0,0.0,13.321428571428571,3.0,,,,,
4039254,2018,119,9.0,5.0,4.0,114.0,0.0,14.5,152.0,0.0,0.0,2.0,3.0,0.0,2.0,0.0,0.0,0.0,0.0,0.0,0.0,0.0,0.0,0.0,0.0,0.0,0.0,0.0,0.0,0.0,0.0,0.0,0.0,0.0,0.0,0.0,0.0,0.0,0.0,0.0,0.0,,,,,,,2,Kyzir White,West Virginia,Big 12,Safety,,,,,,,,,0.6666666666666666
4039278,2018,95,12.0,0.0,0.0,70.0,0.0,3.0,104.0,0.0,0.0,0.0,5.0,0.0,54.0,0.0,0.0,0.0,0.0,0.0,0.0,0.0,0.0,0.0,0.0,0.0,0.0,0.0,0.0,0.0,0.0,0.0,0.0,0.0,0.0,0.0,0.0,0.0,0.0,0.0,0.0,,,,,,,2,Tarvarius Moore,Southern Miss,Conference USA,Safety,,,,,,,,,10.8
4039303,2019,9,11.0,23.0,13.5,122.0,0.0,52.5,192.0,0.0,0.0,1.0,0.0,0.0,0.0,0.0,0.0,0.0,0.0,0.0,0.0,0.0,0.0,0.0,0.0,0.0,0.0,0.0,0.0,0.0,0.0,0.0,0.0,0.0,0.0,1.0,0.0,13.0,1.0,1.0,1.0,,,,,13.0,1.0,3,Ed Oliver,Houston,American Athletic,Defensive Tackle,,,13.0,1.0,,,,,
4039307,2021,203,0.0,0.0,0.0,1.0,3.0,0.0,1.0,7.0,3.0,0.0,0.0,0.0,0.0,35.0,3.0,889.0,0.0,0.0,0.0,0.0,0.0,1.0,1.0,0.0,0.0,31.0,4.0,0.0,20.0,0.0,0.0,0.0,0.0,147.0,22.0,2269.0,26.0,2.0,231.0,97.0,,9.0,,96.0,60.0,4,Marquez Stevenson,Houston,American Athletic,Wide Receiver,1.0,31.0,15.435374149659864,8.884615384615385,25.4,5.0,,,
4039359,2019,70,1.0,0.0,0.0,4.0,1.0,0.0,5.0,4.0,3.0,0.0,0.0,0.0,0.0,25.0,1.0,487.0,0.0,0.0,0.0,0.0,0.0,2.0,1.0,0.0,1.0,4.0,0.0,0.0,0.0,0.0,0.0,0.0,0.0,63.0,8.0,758.0,431.0,36.0,3545.0,99.0,,,,71.0,82.0,3,Darrell Henderson,Memphis,American Athletic,Running Back,0.5,2.0,12.031746031746032,8.22505800464037,19.48,,,,
4039413,2020,186,12.0,3.0,1.0,136.0,0.0,11.0,236.0,0.0,0.0,3.0,3.0,0.0,54.0,0.0,0.0,0.0,0.0,0.0,0.0,0.0,0.0,0.0,0.0,0.0,0.0,0.0,0.0,0.0,0.0,0.0,0.0,0.0,0.0,0.0,0.0,0.0,0.0,0.0,0.0,,,,,,,3,Alohi Gilman,Notre Dame,FBS Independents,Safety,,,,,,,,,18.0
4039436,2020,246,0.0,0.0,0.0,1.0,0.0,0.0,1.0,13.0,7.0,0.0,0.0,0.0,0.0,20.0,0.0,491.0,0.0,0.0,0.0,0.0,0.0,112.0,58.0,5.0,10.0,1311.0,0.0,0.0,0.0,0.0,0.0,0.0,0.0,22.0,3.0,470.0,614.0,40.0,4359.0,58.0,,,,75.0,92.0,4,Malcolm Perry,Navy,American Athletic,Wide Receiver,0.5178571428571429,11.705357142857142,21.363636363636363,7.099348534201955,24.55,,,,
4040432,2020,138,18.0,0.0,2.5,123.0,3.0,5.5,173.0,0.0,0.0,0.0,8.0,3.0,154.0,0.0,0.0,0.0,0.0,0.0,0.0,0.0,0.0,0.0,0.0,0.0,0.0,0.0,0.0,0.0,0.0,0.0,0.0,0.0,0.0,0.0,0.0,0.0,0.0,0.0,0.0,,,,,,,4,L'Jarius Sneed,Louisiana Tech,Conference USA,Safety,,,,,,,,,19.25
4040605,2019,2,2.0,13.0,17.5,47.0,0.0,29.0,77.0,0.0,0.0,2.0,0.0,0.0,0.0,0.0,0.0,0.0,0.0,0.0,0.0,0.0,0.0,0.0,0.0,0.0,0.0,0.0,0.0,0.0,0.0,0.0,0.0,0.0,0.0,0.0,0.0,0.0,0.0,0.0,0.0,,,,,,,3,Nick Bosa,Ohio State,Big Ten,Defensive End,,,,,,,,,
4040608,2021,239,2.0,5.0,10.0,45.0,0.0,14.5,74.0,0.0,0.0,0.0,0.0,0.0,0.0,0.0,0.0,0.0,0.0,0.0,0.0,0.0,0.0,2.0,2.0,0.0,0.0,23.0,0.0,0.0,0.0,0.0,0.0,0.0,0.0,0.0,0.0,0.0,0.0,0.0,0.0,,,,,,,5,Jonathon Cooper,Ohio State,Big Ten,Defensive End,1.0,11.5,,,,,,,
4040612,2021,145,0.0,0.0,0.0,0.0,0.0,0.0,0.0,0.0,0.0,0.0,0.0,0.0,0.0,0.0,0.0,0.0,0.0,0.0,0.0,0.0,0.0,0.0,0.0,0.0,0.0,0.0,0.0,0.0,0.0,0.0,0.0,0.0,0.0,34.0,4.0,380.0,0.0,0.0,0.0,,,,,24.0,,4,Luke Farrell,Ohio State,Big Ten,Tight End,,,11.176470588235293,,,,,,
4040613,2020,199,10.0,0.0,0.0,167.0,0.0,5.5,224.0,0.0,0.0,2.0,6.0,0.0,81.0,0.0,0.0,0.0,0.0,0.0,0.0,0.0,0.0,0.0,0.0,0.0,0.0,0.0,0.0,0.0,0.0,0.0,0.0,0.0,0.0,0.0,0.0,0.0,0.0,0.0,0.0,,,,,,,4,Jordan Fuller,Ohio State,Big Ten,Safety,,,,,,,,,13.5
4040615,2020,98,9.0,4.0,10.0,136.0,0.0,29.0,206.0,0.0,0.0,2.0,1.0,0.0,13.0,0.0,0.0,0.0,0.0,0.0,0.0,0.0,0.0,0.0,0.0,0.0,0.0,0.0,0.0,0.0,0.0,0.0,0.0,0.0,0.0,0.0,0.0,0.0,0.0,0.0,0.0,,,,,,,4,Malik Harrison,Ohio State,Big Ten,Inside Linebacker,,,,,,,,,13.0
4040616,2019,15,0.0,0.0,0.0,2.0,0.0,0.0,2.0,6.0,4.0,0.0,0.0,0.0,0.0,0.0,0.0,0.0,0.0,0.0,0.0,0.0,0.0,588.0,411.0,9.0,53.0,5316.0,0.0,0.0,0.0,0.0,0.0,0.0,0.0,0.0,0.0,0.0,103.0,4.0,194.0,,,,,,22.0,2,Dwayne Haskins,Ohio State,Big Ten,Quarterback,0.6989795918367347,9.040816326530612,,1.883495145631068,,,,,
4040652,2020,237,15.0,0.0,0.0,76.0,0.0,0.0,95.0,0.0,0.0,0.0,2.0,0.0,0.0,0.0,0.0,0.0,0.0,0.0,0.0,0.0,0.0,0.0,0.0,0.0,0.0,0.0,0.0,0.0,0.0,0.0,0.0,0.0,0.0,0.0,0.0,0.0,0.0,0.0,0.0,,,,,,,4,Thakarius Keyes,Tulane,American Athletic,Cornerback,,,,,,,,,0.0
4040655,2020,173,0.0,0.0,0.0,2.0,0.0,0.0,2.0,2.0,2.0,0.0,0.0,0.0,0.0,1.0,0.0,5.0,0.0,0.0,0.0,0.0,0.0,0.0,0.0,0.0,0.0,0.0,1.0,0.0,0.0,0.0,0.0,0.0,0.0,154.0,19.0,2572.0,5.0,0.0,28.0,5.0,,0.0,,86.0,8.0,4,Darnell Mooney,Tulane,American Athletic,Wide Receiver,,,16.7012987012987,5.6,5.0,0.0,,,
4040715,2020,53,0.0,0.0,0.0,4.0,0.0,0.0,4.0,25.0,14.0,0.0,0.0,0.0,0.0,0.0,0.0,0.0,0.0,0.0,0.0,0.0,0.0,1047.0,682.0,20.0,80.0,9477.0,0.0,0.0,0.0,0.0,0.0,0.0,0.0,5.0,1.0,40.0,614.0,43.0,3274.0,,,,,21.0,60.0,4,Jalen Hurts,Oklahoma,Big 12,Quarterback,0.6513849092645654,9.051575931232092,8.0,5.3322475570032575,,,,,
4040732,2020,245,0.0,0.0,0.0,2.0,2.0,0.0,3.0,4.0,1.0,0.0,0.0,0.0,0.0,99.0,2.0,2477.0,0.0,0.0,0.0,0.0,0.0,0.0,0.0,0.0,0.0,0.0,0.0,0.0,0.0,0.0,0.0,0.0,0.0,17.0,1.0,145.0,236.0,15.0,1845.0,100.0,,,,45.0,92.0,4,Raymond Calais,Louisiana,Sun Belt,Running Back,,,8.529411764705882,7.817796610169491,25.02020202020202,,,,
4040761,2019,74,0.0,0.0,0.0,3.0,0.0,0.0,4.0,4.0,3.0,0.0,0.0,0.0,0.0,13.0,0.0,284.0,0.0,0.0,0.0,0.0,0.0,2.0,2.0,0.0,0.0,15.0,0.0,0.0,0.0,0.0,0.0,0.0,0.0,51.0,1.0,397.0,714.0,66.0,4289.0,36.0,,,,60.0,70.0,3,Devin Singletary,Florida Atlantic,Conference USA,Running Back,1.0,7.5,7.784313725490196,6.007002801120448,21.846153846153847,,,,
4040774,2020,115,0.0,0.0,0.0,1.0,0.0,0.0,1.0,2.0,1.0,0.0,0.0,0.0,0.0,1.0,0.0,5.0,0.0,0.0,0.0,0.0,0.0,0.0,0.0,0.0,0.0,0.0,0.0,0.0,0.0,0.0,0.0,0.0,0.0,148.0,16.0,2137.0,1.0,0.0,2.0,5.0,,,,57.0,2.0,4,Harrison Bryant,Florida Atlantic,Conference USA,Tight End,,,14.43918918918919,2.0,5.0,,,,
4040790,2020,172,0.0,0.0,0.0,1.0,5.0,0.0,3.0,9.0,4.0,0.0,0.0,0.0,0.0,60.0,5.0,1521.0,0.0,0.0,0.0,0.0,0.0,0.0,0.0,0.0,0.0,0.0,0.0,0.0,0.0,0.0,0.0,0.0,0.0,134.0,7.0,1061.0,373.0,18.0,2182.0,100.0,,,,61.0,57.0,4,Jason Huntley,New Mexico State,Sun Belt,Running Back,,,7.917910447761194,5.849865951742627,25.35,,,,
4040792,2018,132,0.0,0.0,0.0,1.0,0.0,0.0,1.0,1.0,1.0,0.0,0.0,0.0,0.0,0.0,0.0,0.0,0.0,0.0,0.0,0.0,0.0,0.0,0.0,0.0,0.0,0.0,0.0,0.0,0.0,0.0,4.0,0.0,150.0,99.0,14.0,1362.0,0.0,0.0,0.0,,,,52.0,45.0,,2,Jaleel Scott,New Mexico State,Sun Belt,Wide Receiver,,,13.757575757575758,,,,37.5,,
4040805,2021,195,4.0,8.0,9.0,52.0,0.0,24.0,154.0,0.0,0.0,2.0,0.0,0.0,0.0,0.0,0.0,0.0,0.0,0.0,0.0,0.0,0.0,0.0,0.0,0.0,0.0,0.0,0.0,0.0,0.0,0.0,0.0,0.0,0.0,0.0,0.0,0.0,0.0,0.0,0.0,,,,,,,5,Roy Lopez,New Mexico State,Sun Belt,Defensive Tackle,,,,,,,,,
4040940,2021,115,5.0,4.0,1.0,37.0,1.0,6.5,58.0,0.0,0.0,1.0,3.0,1.0,64.0,0.0,0.0,0.0,0.0,0.0,0.0,0.0,0.0,0.0,0.0,0.0,0.0,0.0,0.0,0.0,0.0,0.0,0.0,0.0,0.0,0.0,0.0,0.0,0.0,0.0,0.0,,,,,,,1,Jabril Cox,LSU,SEC,Inside Linebacker,,,,,,,,,21.333333333333332
4040965,2020,56,0.0,13.0,11.5,67.0,0.0,19.5,175.0,0.0,0.0,1.0,1.0,0.0,19.0,0.0,0.0,0.0,0.0,0.0,0.0,0.0,0.0,0.0,0.0,0.0,0.0,0.0,0.0,0.0,0.0,0.0,0.0,0.0,0.0,0.0,0.0,0.0,0.0,0.0,0.0,,,,,,,4,Raekwon Davis,Alabama,SEC,Defensive Tackle,,,,,,,,,19.0
4040966,2020,51,17.0,0.0,0.0,43.0,2.0,0.5,68.0,4.0,0.0,2.0,4.0,1.0,79.0,15.0,0.0,357.0,0.0,0.0,0.0,0.0,0.0,0.0,0.0,0.0,0.0,0.0,32.0,0.0,284.0,0.0,0.0,0.0,0.0,11.0,1.0,88.0,0.0,0.0,0.0,55.0,,47.0,,17.0,,4,Trevon Diggs,Alabama,SEC,Cornerback,,,8.0,,23.8,8.875,,,19.75
4040968,2020,84,3.0,15.0,8.0,38.0,0.0,14.5,58.0,0.0,0.0,1.0,0.0,0.0,0.0,0.0,0.0,0.0,0.0,0.0,0.0,0.0,0.0,0.0,0.0,0.0,0.0,0.0,0.0,0.0,0.0,0.0,0.0,0.0,0.0,0.0,0.0,0.0,0.0,0.0,0.0,,,,,,,3,Terrell Lewis,Alabama,SEC,Outside Linebacker,,,,,,,,,
4040979,2021,71,17.0,1.0,0.0,79.0,0.0,6.0,104.0,0.0,0.0,2.0,3.0,0.0,40.0,0.0,0.0,0.0,0.0,0.0,0.0,0.0,0.0,0.0,0.0,0.0,0.0,0.0,0.0,0.0,0.0,0.0,0.0,0.0,0.0,0.0,0.0,0.0,0.0,0.0,0.0,,,,,,,4,Aaron Robinson,UCF,American Athletic,Cornerback,,,,,,,,,13.333333333333334
4040980,2019,50,0.0,0.0,0.0,0.0,0.0,0.0,1.0,1.0,0.0,0.0,0.0,0.0,0.0,1.0,0.0,6.0,0.0,0.0,0.0,0.0,0.0,0.0,0.0,0.0,0.0,0.0,0.0,0.0,0.0,0.0,0.0,0.0,0.0,58.0,10.0,838.0,0.0,0.0,0.0,6.0,,,,76.0,,2,Irv Smith Jr.,Alabama,SEC,Tight End,,,14.448275862068966,,6.0,,,,
4040982,2019,3,1.0,15.0,10.0,56.0,0.0,26.0,91.0,0.0,0.0,0.0,0.0,0.0,0.0,0.0,0.0,0.0,0.0,0.0,0.0,0.0,0.0,0.0,0.0,0.0,0.0,0.0,0.0,0.0,0.0,0.0,0.0,0.0,0.0,0.0,0.0,0.0,0.0,0.0,0.0,,,,,,,2,Quinnen Williams,Alabama,SEC,Defensive Tackle,,,,,,,,,
4040983,2019,155,7.0,12.0,1.0,62.0,1.0,7.5,119.0,0.0,0.0,1.0,6.0,1.0,39.0,0.0,0.0,0.0,0.0,0.0,0.0,0.0,0.0,0.0,0.0,0.0,0.0,0.0,0.0,0.0,0.0,0.0,0.0,0.0,0.0,1.0,1.0,1.0,0.0,0.0,0.0,,,,,1.0,,3,Mack Wilson,Alabama,SEC,Inside Linebacker,,,1.0,,,,,,6.5
4042119,2021,40,17.0,1.0,1.0,186.0,1.0,10.5,284.0,1.0,0.0,3.0,10.0,1.0,103.0,4.0,0.0,75.0,0.0,0.0,0.0,0.0,0.0,0.0,0.0,0.0,0.0,0.0,1.0,0.0,13.0,0.0,0.0,0.0,0.0,0.0,0.0,0.0,0.0,0.0,0.0,22.0,,13.0,,,,4,Richie Grant,UCF,American Athletic,Safety,,,,,18.75,13.0,,,10.3
4042141,2019,58,0.0,10.0,6.0,41.0,0.0,21.0,72.0,0.0,0.0,0.0,0.0,0.0,0.0,0.0,0.0,0.0,0.0,0.0,0.0,0.0,0.0,0.0,0.0,0.0,0.0,0.0,0.0,0.0,0.0,0.0,0.0,0.0,0.0,1.0,0.0,3.0,3.0,1.0,6.0,,,,,3.0,5.0,3,Trysten Hill,UCF,American Athletic,Defensive Tackle,,,3.0,2.0,,,,,
4043016,2021,56,4.0,0.0,0.0,15.0,1.0,0.0,20.0,2.0,0.0,0.0,0.0,0.0,0.0,17.0,1.0,467.0,0.0,0.0,0.0,0.0,0.0,0.0,0.0,0.0,0.0,0.0,0.0,0.0,0.0,0.0,0.0,0.0,0.0,121.0,15.0,2244.0,12.0,0.0,106.0,100.0,,,,85.0,27.0,5,D'Wayne Eskridge,Western Michigan,Mid-American,Wide Receiver,,,18.545454545454547,8.833333333333334,27.470588235294116,,,,
4043041,2021,155,1.0,0.0,0.0,0.0,0.0,0.0,0.0,0.0,0.0,0.0,0.0,0.0,0.0,0.0,0.0,0.0,0.0,0.0,0.0,0.0,0.0,0.0,0.0,0.0,0.0,0.0,0.0,0.0,0.0,0.0,0.0,0.0,0.0,0.0,0.0,0.0,0.0,0.0,0.0,,,,,,,1,Jaylon Moore,Western Michigan,Mid-American,Offensive Guard,,,,,,,,,
4043130,2020,27,6.0,26.0,7.0,226.0,0.0,32.5,366.0,0.0,0.0,3.0,2.0,0.0,5.0,0.0,0.0,0.0,0.0,0.0,0.0,0.0,0.0,0.0,0.0,0.0,0.0,0.0,0.0,0.0,0.0,0.0,0.0,0.0,0.0,0.0,0.0,0.0,0.0,0.0,0.0,,,,,,,4,Jordyn Brooks,Texas Tech,Big 12,Outside Linebacker,,,,,,,,,2.5
4043169,2020,64,3.0,0.0,0.0,19.0,0.0,0.5,22.0,0.0,0.0,0.0,1.0,0.0,33.0,0.0,0.0,0.0,0.0,0.0,0.0,0.0,0.0,0.0,0.0,0.0,0.0,0.0,0.0,0.0,0.0,0.0,0.0,0.0,0.0,0.0,0.0,0.0,0.0,0.0,0.0,,,,,,,3,Jeremy Chinn,Southern Illinois,MVFC,Safety,,,,,,,,,33.0
4043605,2020,243,45.0,0.0,2.0,108.0,1.0,6.5,187.0,2.0,1.0,2.0,7.0,1.0,200.0,1.0,0.0,23.0,0.0,0.0,0.0,0.0,0.0,0.0,0.0,0.0,0.0,0.0,0.0,0.0,0.0,0.0,0.0,0.0,0.0,0.0,0.0,0.0,0.0,0.0,0.0,23.0,,,,,,4,Chris Jackson,Marshall,Conference USA,Safety,,,,,23.0,,,,28.571428571428573
4043625,2022,259,18.0,2.0,1.0,174.0,1.0,6.0,298.0,0.0,0.0,3.0,7.0,1.0,63.0,0.0,0.0,0.0,0.0,0.0,0.0,0.0,0.0,0.0,0.0,0.0,0.0,0.0,0.0,0.0,0.0,0.0,0.0,0.0,0.0,0.0,0.0,0.0,0.0,0.0,0.0,,,,,,,5,Nazeeh Johnson,Marshall,Conference USA,Safety,,,,,,,,,9.0
4044064,2021,243,11.0,0.0,1.0,61.0,1.0,3.0,84.0,1.0,1.0,0.0,4.0,0.0,-3.0,13.0,0.0,272.0,0.0,0.0,0.0,0.0,0.0,0.0,0.0,0.0,0.0,0.0,0.0,0.0,0.0,0.0,0.0,0.0,0.0,0.0,0.0,0.0,0.0,0.0,0.0,35.0,,,,,,3,James Wiggins,Cincinnati,American Athletic,Safety,,,,,20.923076923076923,,,,-0.75
4044111,2022,241,0.0,0.0,0.0,1.0,0.0,0.0,1.0,5.0,3.0,0.0,0.0,0.0,0.0,0.0,0.0,0.0,0.0,0.0,0.0,0.0,0.0,73.0,41.0,1.0,5.0,521.0,0.0,0.0,0.0,0.0,0.0,0.0,0.0,0.0,0.0,0.0,28.0,1.0,39.0,,,,,,22.0,3,Chris Oladokun,South Florida,American Athletic,Quarterback,0.5616438356164384,7.136986301369863,,1.3928571428571428,,,,,
4044138,2020,78,0.0,0.0,0.0,0.0,0.0,0.0,1.0,1.0,1.0,0.0,0.0,0.0,0.0,0.0,0.0,0.0,0.0,0.0,0.0,0.0,0.0,0.0,0.0,0.0,0.0,0.0,0.0,0.0,0.0,0.0,0.0,0.0,0.0,0.0,0.0,0.0,1.0,0.0,-3.0,,,,,,0.0,2,Matt Hennessy,Temple,American Athletic,Center,,,,-3.0,,,,,
4044145,2021,216,8.0,13.0,30.5,129.0,0.0,54.0,182.0,0.0,0.0,7.0,0.0,0.0,0.0,0.0,0.0,0.0,0.0,0.0,0.0,0.0,0.0,0.0,0.0,0.0,0.0,0.0,0.0,0.0,0.0,0.0,0.0,0.0,0.0,0.0,0.0,0.0,0.0,0.0,0.0,,,,,,,4,Quincy Roche,Temple,American Athletic,Outside Linebacker,,,,,,,,,
4044452,2019,176,0.0,0.0,0.0,3.0,0.0,0.0,4.0,1.0,0.0,0.0,0.0,0.0,0.0,1.0,0.0,-5.0,0.0,0.0,0.0,0.0,0.0,0.0,0.0,0.0,0.0,0.0,0.0,0.0,0.0,0.0,0.0,0.0,0.0,70.0,7.0,1049.0,0.0,0.0,0.0,-5.0,,,,54.0,,2,Kaden Smith,Stanford,Pac-12,Tight End,,,14.985714285714286,,-5.0,,,,
4044519,2021,231,0.0,0.0,0.0,2.0,0.0,0.0,3.0,0.0,0.0,0.0,0.0,0.0,0.0,0.0,0.0,0.0,0.0,0.0,0.0,0.0,0.0,0.0,0.0,0.0,0.0,0.0,0.0,0.0,0.0,0.0,0.0,0.0,0.0,0.0,0.0,0.0,0.0,0.0,0.0,,,,,,,2,Larnel Coleman,Massachusetts,FBS Independents,Offensive Tackle,,,,,,,,,
4044540,2020,211,34.0,0.0,0.0,126.0,4.0,9.5,188.0,8.0,3.0,4.0,11.0,3.0,242.0,101.0,0.0,2338.0,0.0,0.0,0.0,0.0,0.0,0.0,0.0,0.0,0.0,0.0,21.0,1.0,156.0,0.0,0.0,0.0,0.0,0.0,0.0,0.0,0.0,0.0,0.0,87.0,,42.0,,,,4,Isaiah Rodgers,Massachusetts,FBS Independents,Cornerback,,,,,23.14851485148515,7.428571428571429,,,22.0
4045161,2021,123,14.0,0.0,0.0,99.0,2.0,4.5,119.0,2.0,1.0,5.0,4.0,0.0,21.0,0.0,0.0,0.0,0.0,0.0,0.0,0.0,0.0,0.0,0.0,0.0,0.0,0.0,4.0,0.0,22.0,0.0,0.0,0.0,0.0,0.0,0.0,0.0,0.0,0.0,0.0,,,27.0,,,,5,Zech McPhearson,Texas Tech,Big 12,Cornerback,,,,,,5.5,,,5.25
4045163,2019,53,0.0,0.0,0.0,0.0,0.0,0.0,0.0,10.0,7.0,0.0,0.0,0.0,0.0,39.0,0.0,764.0,0.0,0.0,0.0,0.0,0.0,0.0,0.0,0.0,0.0,0.0,0.0,0.0,0.0,0.0,0.0,0.0,0.0,32.0,1.0,193.0,275.0,12.0,1646.0,48.0,,,,29.0,78.0,3,Miles Sanders,Penn State,Big Ten,Running Back,,,6.03125,5.985454545454545,19.58974358974359,,,,
4045169,2021,246,4.0,10.0,20.5,57.0,0.0,29.0,112.0,0.0,0.0,1.0,0.0,0.0,0.0,0.0,0.0,0.0,0.0,0.0,0.0,0.0,0.0,0.0,0.0,0.0,0.0,0.0,0.0,0.0,0.0,0.0,0.0,0.0,0.0,0.0,0.0,0.0,0.0,0.0,0.0,,,,,,,4,Shaka Toney,Penn State,Big Ten,Defensive End,,,,,,,,,
4045176,2021,248,0.0,0.0,0.0,1.0,0.0,0.0,1.0,0.0,0.0,0.0,0.0,0.0,0.0,0.0,0.0,0.0,0.0,0.0,0.0,0.0,0.0,0.0,0.0,0.0,0.0,0.0,0.0,0.0,0.0,0.0,0.0,0.0,0.0,0.0,0.0,0.0,0.0,0.0,0.0,,,,,,,1,Will Fries,Penn State,Big Ten,Offensive Tackle,,,,,,,,,
4045305,2018,101,0.0,0.0,0.0,0.0,0.0,0.0,0.0,0.0,0.0,0.0,0.0,0.0,0.0,0.0,0.0,0.0,0.0,0.0,0.0,0.0,0.0,0.0,0.0,0.0,0.0,0.0,0.0,0.0,0.0,0.0,0.0,0.0,0.0,28.0,5.0,404.0,0.0,0.0,0.0,,,,,71.0,,2,Ian Thomas,Indiana,Big Ten,Tight End,,,14.428571428571429,,,,,,
4046165,2021,230,0.0,0.0,0.0,2.0,0.0,0.0,2.0,0.0,0.0,0.0,0.0,0.0,0.0,0.0,0.0,0.0,0.0,0.0,0.0,0.0,0.0,0.0,0.0,0.0,0.0,0.0,0.0,0.0,0.0,0.0,0.0,0.0,0.0,0.0,0.0,0.0,0.0,0.0,0.0,,,,,,,2,Jimmy Morrissey,Pittsburgh,ACC,Center,,,,,,,,,
4046353,2020,221,17.0,0.0,2.0,63.0,0.0,7.0,91.0,0.0,0.0,0.0,3.0,0.0,20.0,0.0,0.0,0.0,0.0,0.0,0.0,0.0,0.0,0.0,0.0,0.0,0.0,0.0,0.0,0.0,0.0,0.0,0.0,0.0,0.0,36.0,1.0,489.0,0.0,0.0,0.0,,,,,48.0,,4,Stantley Thomas-Oliver III,Florida International,Conference USA,Cornerback,,,13.583333333333334,,,,,,6.666666666666667
4046522,2020,91,0.0,0.0,0.0,2.0,0.0,0.0,2.0,0.0,0.0,0.0,0.0,0.0,0.0,0.0,0.0,0.0,0.0,0.0,0.0,0.0,0.0,0.0,0.0,0.0,0.0,0.0,0.0,0.0,0.0,0.0,0.0,0.0,0.0,52.0,6.0,789.0,0.0,0.0,0.0,,,,,53.0,,3,Devin Asiasi,UCLA,Pac-12,Tight End,,,15.173076923076923,,,,,,
4046523,2019,12,0.0,18.0,10.5,58.0,0.0,24.0,120.0,0.0,0.0,0.0,0.0,0.0,0.0,0.0,0.0,0.0,0.0,0.0,0.0,0.0,0.0,0.0,0.0,0.0,0.0,0.0,0.0,0.0,0.0,0.0,0.0,0.0,0.0,0.0,0.0,0.0,0.0,0.0,0.0,,,,,,,3,Rashan Gary,Michigan,Big Ten,Defensive End,,,,,,,,,
4046525,2020,162,14.0,10.0,11.0,120.0,0.0,25.0,231.0,0.0,0.0,1.0,2.0,0.0,22.0,1.0,0.0,6.0,0.0,0.0,0.0,0.0,0.0,0.0,0.0,0.0,0.0,0.0,1.0,0.0,20.0,0.0,0.0,0.0,0.0,0.0,0.0,0.0,0.0,0.0,0.0,6.0,,0.0,,,,4,Khaleke Hudson,Michigan,Big Ten,Outside Linebacker,,,,,6.0,20.0,,,11.0
4046528,2020,60,3.0,10.0,16.5,40.0,0.0,20.5,54.0,0.0,0.0,1.0,0.0,0.0,0.0,0.0,0.0,0.0,0.0,0.0,0.0,0.0,0.0,0.0,0.0,0.0,0.0,0.0,0.0,0.0,0.0,0.0,0.0,0.0,0.0,0.0,0.0,0.0,0.0,0.0,0.0,,,,,,,4,Josh Uche,Michigan,Big Ten,Defensive End,,,,,,,,,
4046530,2021,202,0.0,0.0,0.0,0.0,0.0,0.0,0.0,4.0,2.0,0.0,0.0,0.0,0.0,1.0,0.0,26.0,0.0,0.0,0.0,0.0,0.0,0.0,0.0,0.0,0.0,0.0,1.0,0.0,15.0,0.0,0.0,0.0,0.0,49.0,2.0,479.0,320.0,15.0,1795.0,26.0,,15.0,,56.0,67.0,4,Chris Evans,Michigan,Big Ten,Running Back,,,9.775510204081632,5.609375,26.0,15.0,,,
4046536,2019,79,11.0,0.0,0.5,21.0,0.0,2.0,37.0,0.0,0.0,0.0,3.0,0.0,120.0,0.0,0.0,0.0,0.0,0.0,0.0,0.0,0.0,0.0,0.0,0.0,0.0,0.0,0.0,0.0,0.0,0.0,0.0,0.0,0.0,0.0,0.0,0.0,0.0,0.0,0.0,,,,,,,2,David Long,Michigan,Big Ten,Cornerback,,,,,,,,,40.0
4046537,2020,205,13.0,0.0,1.0,109.0,1.0,9.5,187.0,0.0,0.0,1.0,5.0,1.0,104.0,0.0,0.0,0.0,0.0,0.0,0.0,0.0,0.0,0.0,0.0,0.0,0.0,0.0,1.0,0.0,8.0,0.0,0.0,0.0,0.0,0.0,0.0,0.0,0.0,0.0,0.0,,,8.0,,,,4,Josh Metellus,Michigan,Big Ten,Safety,,,,,,8.0,,,20.8
4046543,2021,225,0.0,0.0,0.0,0.0,0.0,0.0,1.0,0.0,0.0,0.0,0.0,0.0,0.0,0.0,0.0,0.0,0.0,0.0,0.0,0.0,0.0,0.0,0.0,0.0,0.0,0.0,0.0,0.0,0.0,0.0,0.0,0.0,0.0,0.0,0.0,0.0,0.0,0.0,0.0,,,,,,,1,Camaron Cheeseman,Michigan,Big Ten,Long Snapper,,,,,,,,,
4046652,2021,251,8.0,0.0,0.0,67.0,0.0,3.0,87.0,0.0,0.0,0.0,0.0,0.0,0.0,0.0,0.0,0.0,0.0,0.0,0.0,0.0,0.0,0.0,0.0,0.0,0.0,0.0,0.0,0.0,0.0,0.0,0.0,0.0,0.0,0.0,0.0,0.0,0.0,0.0,0.0,,,,,,,5,Chris Wilcox,BYU,FBS Independents,Cornerback,,,,,,,,,
4046675,2019,108,36.0,1.0,0.0,113.0,3.0,3.0,160.0,0.0,0.0,4.0,5.0,2.0,159.0,0.0,0.0,0.0,0.0,0.0,0.0,0.0,0.0,0.0,0.0,0.0,0.0,0.0,0.0,0.0,0.0,0.0,0.0,0.0,0.0,0.0,0.0,0.0,0.0,0.0,0.0,,,,,,,3,Julian Love,Notre Dame,FBS Independents,Cornerback,,,,,,,,,31.8
4046678,2021,133,0.0,0.0,0.0,1.0,0.0,0.0,1.0,10.0,5.0,0.0,0.0,0.0,0.0,0.0,0.0,0.0,0.0,0.0,0.0,0.0,0.0,1141.0,728.0,20.0,72.0,8948.0,0.0,0.0,0.0,0.0,0.0,0.0,0.0,1.0,0.0,-9.0,362.0,17.0,1518.0,,,,,0.0,53.0,4,Ian Book,Notre Dame,FBS Independents,Quarterback,0.6380368098159509,7.842243645924627,-9.0,4.193370165745856,,,,,
4046679,2020,113,18.0,0.0,0.0,86.0,0.0,2.5,118.0,1.0,1.0,2.0,4.0,0.0,35.0,0.0,0.0,0.0,0.0,0.0,0.0,0.0,0.0,0.0,0.0,0.0,0.0,0.0,1.0,0.0,-2.0,0.0,0.0,0.0,0.0,0.0,0.0,0.0,0.0,0.0,0.0,,,-2.0,,,,4,Troy Pride Jr.,Notre Dame,FBS Independents,Cornerback,,,,,,-2.0,,,8.75
4046690,2020,67,1.0,35.0,12.0,41.0,0.0,19.5,70.0,0.0,0.0,1.0,2.0,0.0,5.0,0.0,0.0,0.0,0.0,0.0,0.0,0.0,0.0,0.0,0.0,0.0,0.0,0.0,0.0,0.0,0.0,0.0,0.0,0.0,0.0,0.0,0.0,0.0,0.0,0.0,0.0,,,,,,,4,Julian Okwara,Notre Dame,FBS Independents,Outside Linebacker,,,,,,,,,2.5
4046692,2020,49,0.0,0.0,0.0,17.0,0.0,0.0,24.0,0.0,0.0,2.0,0.0,0.0,0.0,0.0,0.0,0.0,0.0,0.0,0.0,0.0,0.0,0.0,0.0,0.0,0.0,0.0,0.0,0.0,0.0,0.0,0.0,0.0,0.0,150.0,19.0,2159.0,3.0,0.0,6.0,,,,,47.0,9.0,4,Chase Claypool,Notre Dame,FBS Independents,Wide Receiver,,,14.393333333333333,2.0,,,,,
4046693,2021,182,1.0,13.0,13.0,44.0,1.0,17.0,80.0,0.0,0.0,2.0,0.0,0.0,0.0,0.0,0.0,0.0,0.0,0.0,0.0,0.0,0.0,0.0,0.0,0.0,0.0,0.0,0.0,0.0,0.0,0.0,0.0,0.0,0.0,0.0,0.0,0.0,0.0,0.0,0.0,,,,,,,3,Adetokunbo Ogundeji,Notre Dame,FBS Independents,Defensive End,,,,,,,,,
4046707,2022,261,0.0,0.0,0.0,1.0,0.0,0.0,1.0,0.0,0.0,0.0,0.0,0.0,0.0,0.0,0.0,0.0,0.0,0.0,0.0,0.0,0.0,0.0,0.0,0.0,0.0,0.0,0.0,0.0,0.0,0.0,0.0,0.0,0.0,0.0,0.0,0.0,0.0,0.0,0.0,,,,,,,1,AJ Arcuri,Michigan State,Big Ten,Offensive Tackle,,,,,,,,,
4046719,2019,83,20.0,2.0,0.0,73.0,1.0,3.0,120.0,0.0,0.0,0.0,3.0,1.0,49.0,0.0,0.0,0.0,0.0,0.0,0.0,0.0,0.0,0.0,0.0,0.0,0.0,0.0,0.0,0.0,0.0,0.0,0.0,0.0,0.0,1.0,0.0,11.0,0.0,0.0,0.0,,,,,11.0,,3,Justin Layne,Michigan State,Big Ten,Cornerback,,,11.0,,,,,,16.333333333333332
4047178,2022,207,0.0,0.0,0.0,1.0,0.0,0.0,1.0,0.0,0.0,0.0,0.0,0.0,0.0,0.0,0.0,0.0,0.0,0.0,0.0,0.0,0.0,0.0,0.0,0.0,0.0,0.0,0.0,0.0,0.0,0.0,0.0,0.0,0.0,0.0,0.0,0.0,0.0,0.0,0.0,,,,,,,1,Doug Kramer,Illinois,Big Ten,Center,,,,,,,,,
4047365,2019,24,0.0,0.0,0.0,2.0,2.0,0.0,3.0,3.0,2.0,0.0,0.0,0.0,0.0,18.0,1.0,514.0,0.0,0.0,0.0,0.0,0.0,0.0,0.0,0.0,0.0,0.0,1.0,1.0,27.0,0.0,0.0,0.0,0.0,48.0,5.0,581.0,252.0,16.0,1488.0,77.0,,27.0,,38.0,59.0,3,Josh Jacobs,Alabama,SEC,Running Back,,,12.104166666666666,5.904761904761905,28.555555555555557,27.0,,,
4047646,2019,51,0.0,0.0,0.0,2.0,0.0,0.0,2.0,1.0,0.0,0.0,0.0,0.0,0.0,1.0,0.0,3.0,0.0,0.0,0.0,0.0,0.0,0.0,0.0,0.0,0.0,0.0,8.0,0.0,47.0,0.0,0.0,0.0,0.0,189.0,19.0,3019.0,0.0,0.0,0.0,3.0,,19.0,,84.0,,3,A.J. Brown,Ole Miss,SEC,Wide Receiver,,,15.973544973544973,,3.0,5.875,,,
4047648,2021,242,0.0,0.0,0.0,1.0,0.0,0.0,1.0,0.0,0.0,0.0,0.0,0.0,0.0,0.0,0.0,0.0,0.0,0.0,0.0,0.0,0.0,0.0,0.0,0.0,0.0,0.0,0.0,0.0,0.0,0.0,0.0,0.0,0.0,108.0,13.0,1669.0,0.0,0.0,0.0,,,,,53.0,,4,Tre Nixon,UCF,American Athletic,Wide Receiver,,,15.453703703703704,,,,,,
4047650,2019,64,0.0,0.0,0.0,0.0,0.0,0.0,0.0,0.0,0.0,0.0,0.0,0.0,0.0,0.0,0.0,0.0,0.0,0.0,0.0,0.0,0.0,0.0,0.0,0.0,0.0,0.0,0.0,0.0,0.0,0.0,0.0,0.0,0.0,67.0,14.0,1228.0,0.0,0.0,0.0,,,,,75.0,,3,D.K. Metcalf,Ole Miss,SEC,Wide Receiver,,,18.328358208955223,,,,,,
4047660,2021,142,0.0,0.0,0.0,0.0,0.0,0.0,2.0,0.0,0.0,0.0,0.0,0.0,0.0,0.0,0.0,0.0,0.0,0.0,0.0,0.0,0.0,0.0,0.0,0.0,0.0,0.0,0.0,0.0,0.0,0.0,0.0,0.0,0.0,0.0,0.0,0.0,0.0,0.0,0.0,,,,,,,2,Royce Newman,Ole Miss,SEC,Offensive Guard,,,,,,,,,
4047836,2021,187,0.0,0.0,0.0,0.0,0.0,0.0,0.0,0.0,0.0,0.0,0.0,0.0,0.0,1.0,0.0,20.0,0.0,0.0,0.0,0.0,0.0,0.0,0.0,0.0,0.0,0.0,0.0,0.0,0.0,0.0,0.0,0.0,0.0,67.0,13.0,1317.0,1.0,1.0,21.0,20.0,,,,72.0,21.0,4,Frank Darby,Arizona State,Pac-12,Wide Receiver,,,19.65671641791045,21.0,20.0,,,,
4047839,2019,32,0.0,0.0,0.0,2.0,1.0,0.0,2.0,1.0,0.0,0.0,0.0,0.0,0.0,0.0,0.0,0.0,0.0,0.0,0.0,0.0,0.0,4.0,2.0,1.0,1.0,60.0,14.0,1.0,165.0,0.0,0.0,0.0,0.0,213.0,22.0,2889.0,23.0,3.0,144.0,,,92.0,,70.0,34.0,3,N'Keal Harry,Arizona State,Pac-12,Wide Receiver,0.5,15.0,13.56338028169014,6.260869565217392,,11.785714285714286,,,
4047846,2022,237,27.0,0.0,2.0,178.0,0.0,12.0,211.0,0.0,0.0,1.0,6.0,0.0,45.0,0.0,0.0,0.0,0.0,0.0,0.0,0.0,0.0,0.0,0.0,0.0,0.0,0.0,1.0,0.0,3.0,0.0,0.0,0.0,0.0,0.0,0.0,0.0,0.0,0.0,0.0,,,3.0,,,,5,Chase Lucas,Arizona State,Pac-12,Cornerback,,,,,,3.0,,,7.5
4048228,2021,124,0.0,0.0,0.0,2.0,0.0,0.0,2.0,0.0,0.0,0.0,0.0,0.0,0.0,0.0,0.0,0.0,0.0,0.0,0.0,0.0,0.0,0.0,0.0,0.0,0.0,0.0,0.0,0.0,0.0,0.0,0.0,0.0,0.0,47.0,2.0,579.0,0.0,0.0,0.0,,,,,30.0,,4,John Bates,Boise State,Mountain West,Tight End,,,12.319148936170214,,,,,,
4048231,2020,58,0.0,0.0,0.0,2.0,0.0,0.0,2.0,0.0,0.0,0.0,0.0,0.0,0.0,0.0,0.0,0.0,0.0,0.0,0.0,0.0,0.0,0.0,0.0,0.0,0.0,0.0,0.0,0.0,0.0,0.0,0.0,0.0,0.0,0.0,0.0,0.0,1.0,0.0,3.0,,,,,,3.0,2,Ezra Cleveland,Boise State,Mountain West,Offensive Tackle,,,,3.0,,,,,
4048244,2019,102,0.0,0.0,0.0,2.0,0.0,0.0,2.0,2.0,1.0,0.0,0.0,0.0,0.0,4.0,0.0,87.0,0.0,0.0,0.0,0.0,0.0,0.0,0.0,0.0,0.0,0.0,0.0,0.0,0.0,0.0,0.0,0.0,0.0,60.0,1.0,511.0,581.0,33.0,2826.0,25.0,,,,36.0,70.0,3,Alexander Mattison,Boise State,Mountain West,Running Back,,,8.516666666666667,4.864027538726334,21.75,,,,
4048257,2020,164,6.0,6.0,33.0,72.0,0.0,46.5,126.0,0.0,0.0,1.0,2.0,0.0,17.0,0.0,0.0,0.0,0.0,0.0,0.0,0.0,0.0,0.0,0.0,0.0,0.0,0.0,0.0,0.0,0.0,0.0,0.0,0.0,0.0,0.0,0.0,0.0,0.0,0.0,0.0,,,,,,,3,Curtis Weaver,Boise State,Mountain West,Defensive End,,,,,,,,,8.5
4048259,2021,183,21.0,0.0,0.0,102.0,10.0,4.5,141.0,5.0,2.0,0.0,4.0,0.0,31.0,38.0,3.0,1042.0,0.0,0.0,0.0,0.0,0.0,0.0,0.0,0.0,0.0,0.0,81.0,5.0,933.0,0.0,0.0,0.0,0.0,0.0,0.0,0.0,0.0,0.0,0.0,99.0,,81.0,,,,4,Avery Williams,Boise State,Mountain West,Cornerback,,,,,27.42105263157895,11.518518518518519,,,7.75
4048736,2020,204,5.0,2.0,1.5,100.0,0.0,16.5,191.0,0.0,0.0,3.0,4.0,0.0,30.0,0.0,0.0,0.0,0.0,0.0,0.0,0.0,0.0,0.0,0.0,0.0,0.0,0.0,0.0,0.0,0.0,0.0,0.0,0.0,0.0,0.0,0.0,0.0,0.0,0.0,0.0,,,,,,,4,Cassh Maluia,Wyoming,Mountain West,Inside Linebacker,,,,,,,,,7.5
4050373,2020,200,0.0,0.0,0.0,4.0,1.0,0.0,5.0,4.0,2.0,0.0,0.0,0.0,0.0,18.0,0.0,365.0,0.0,0.0,0.0,0.0,0.0,0.0,0.0,0.0,0.0,0.0,19.0,1.0,178.0,0.0,0.0,0.0,0.0,160.0,17.0,2411.0,5.0,0.0,12.0,46.0,,81.0,,77.0,8.0,3,Quez Watkins,Southern Miss,Conference USA,Wide Receiver,,,15.06875,2.4,20.27777777777778,9.368421052631579,,,
4050971,2022,159,0.0,1.0,0.0,4.0,0.0,1.0,7.0,0.0,0.0,1.0,0.0,0.0,0.0,0.0,0.0,0.0,0.0,0.0,0.0,0.0,0.0,0.0,0.0,0.0,0.0,0.0,0.0,0.0,0.0,0.0,0.0,0.0,0.0,0.0,0.0,0.0,0.0,0.0,0.0,,,,,,,3,Eric Johnson,Missouri State,MVFC,Defensive Tackle,,,,,,,,,
4052031,2021,191,3.0,22.0,24.5,91.0,0.0,42.0,189.0,0.0,0.0,1.0,0.0,0.0,0.0,0.0,0.0,0.0,0.0,0.0,0.0,0.0,0.0,0.0,0.0,0.0,0.0,0.0,0.0,0.0,0.0,0.0,0.0,0.0,0.0,0.0,0.0,0.0,0.0,0.0,0.0,,,,,,,4,Tarron Jackson,Coastal Carolina,Sun Belt,Defensive End,,,,,,,,,
4054085,2020,212,0.0,0.0,0.0,2.0,0.0,0.0,3.0,1.0,1.0,0.0,0.0,0.0,0.0,0.0,0.0,0.0,0.0,0.0,0.0,0.0,0.0,0.0,0.0,0.0,0.0,0.0,0.0,0.0,0.0,0.0,0.0,0.0,0.0,156.0,13.0,1976.0,0.0,0.0,0.0,,,,,65.0,,4,Dezmon Patmon,Washington State,Pac-12,Wide Receiver,,,12.666666666666666,,,,,,
4066045,2017,121,0.0,0.0,0.0,0.0,0.0,0.0,0.0,0.0,0.0,0.0,0.0,0.0,0.0,0.0,0.0,0.0,0.0,0.0,0.0,0.0,0.0,0.0,0.0,0.0,0.0,0.0,0.0,0.0,0.0,0.0,0.0,0.0,0.0,0.0,0.0,0.0,34.0,1.0,179.0,,,,,,49.0,1,Joe Williams,Utah,Pac-12,Running Back,,,,5.264705882352941,,,,,
4066109,2022,116,3.0,15.0,15.0,70.0,1.0,34.5,145.0,0.0,0.0,2.0,0.0,0.0,0.0,0.0,0.0,0.0,0.0,0.0,0.0,0.0,0.0,0.0,0.0,0.0,0.0,0.0,0.0,0.0,0.0,0.0,0.0,0.0,0.0,0.0,0.0,0.0,0.0,0.0,0.0,,,,,,,5,Eyioma Uwazurike,Iowa State,Big 12,Defensive End,,,,,,,,,
4068152,2021,255,0.0,0.0,0.0,5.0,0.0,0.0,5.0,2.0,1.0,0.0,0.0,0.0,0.0,29.0,0.0,543.0,0.0,0.0,0.0,0.0,0.0,0.0,0.0,0.0,0.0,0.0,0.0,0.0,0.0,0.0,0.0,0.0,0.0,125.0,16.0,1826.0,93.0,11.0,383.0,44.0,,,,80.0,28.0,4,Kawaan Baker,South Alabama,Sun Belt,Wide Receiver,,,14.608,4.118279569892473,18.724137931034484,,,,
4239086,2022,74,0.0,0.0,0.0,4.0,0.0,0.0,5.0,26.0,16.0,0.0,0.0,0.0,0.0,0.0,0.0,0.0,0.0,0.0,0.0,0.0,0.0,1304.0,810.0,28.0,87.0,10239.0,0.0,0.0,0.0,0.0,0.0,0.0,0.0,2.0,1.0,8.0,504.0,28.0,2202.0,,,,,5.0,91.0,4,Desmond Ridder,Cincinnati,American Athletic,Quarterback,0.6211656441717791,7.851993865030675,4.0,4.369047619047619,,,,,
4239088,2021,163,6.0,1.0,0.0,126.0,0.0,4.5,200.0,0.0,0.0,1.0,6.0,0.0,96.0,0.0,0.0,0.0,0.0,0.0,0.0,0.0,0.0,0.0,0.0,0.0,0.0,0.0,0.0,0.0,0.0,0.0,0.0,0.0,0.0,0.0,0.0,0.0,1.0,0.0,0.0,,,,,,0.0,4,Darrick Forrest,Cincinnati,American Athletic,Safety,,,,0.0,,,,,16.0
4239094,2022,109,35.0,2.0,0.0,132.0,1.0,5.0,167.0,1.0,0.0,0.0,10.0,1.0,120.0,0.0,0.0,0.0,0.0,0.0,0.0,0.0,0.0,0.0,0.0,0.0,0.0,0.0,0.0,0.0,0.0,0.0,0.0,0.0,0.0,0.0,0.0,0.0,0.0,0.0,0.0,,,,,,,5,Coby Bryant,Cincinnati,American Athletic,Cornerback,,,,,,,,,12.0
4239121,2022,182,6.0,6.0,13.5,129.0,0.0,27.5,230.0,0.0,0.0,2.0,3.0,0.0,8.0,0.0,0.0,0.0,0.0,0.0,0.0,0.0,0.0,0.0,0.0,0.0,0.0,0.0,0.0,0.0,0.0,0.0,0.0,0.0,0.0,0.0,0.0,0.0,0.0,0.0,0.0,,,,,,,5,Darrian Beavers,UConn,American Athletic,Inside Linebacker,,,,,,,,,2.6666666666666665
4239694,2020,139,33.0,4.0,4.0,133.0,4.0,23.0,176.0,1.0,1.0,2.0,14.0,3.0,265.0,1.0,1.0,30.0,0.0,0.0,0.0,0.0,0.0,0.0,0.0,0.0,0.0,0.0,2.0,0.0,-6.0,0.0,0.0,0.0,0.0,0.0,0.0,0.0,0.0,0.0,0.0,30.0,,0.0,,,,3,Amik Robertson,Louisiana Tech,Conference USA,Cornerback,,,,,30.0,-3.0,,,18.928571428571427
4239699,2021,73,1.0,8.0,10.0,50.0,0.0,19.0,105.0,0.0,0.0,3.0,0.0,0.0,0.0,0.0,0.0,0.0,0.0,0.0,0.0,0.0,0.0,0.0,0.0,0.0,0.0,0.0,0.0,0.0,0.0,0.0,0.0,0.0,0.0,0.0,0.0,0.0,0.0,0.0,0.0,,,,,,,3,Milton Williams,Louisiana Tech,Conference USA,Defensive Tackle,,,,,,,,,
4239719,2021,79,3.0,14.0,18.0,61.0,0.0,22.5,109.0,0.0,0.0,0.0,0.0,0.0,0.0,0.0,0.0,0.0,0.0,0.0,0.0,0.0,0.0,0.0,0.0,0.0,0.0,0.0,0.0,0.0,0.0,0.0,0.0,0.0,0.0,0.0,0.0,0.0,0.0,0.0,0.0,,,,,,,4,Malcolm Koonce,Buffalo,Mid-American,Outside Linebacker,,,,,,,,,
4239934,2020,62,0.0,0.0,0.0,0.0,0.0,0.0,0.0,8.0,2.0,0.0,0.0,0.0,0.0,0.0,0.0,0.0,0.0,0.0,0.0,0.0,0.0,0.0,0.0,0.0,0.0,0.0,0.0,0.0,0.0,0.0,0.0,0.0,0.0,21.0,2.0,236.0,845.0,38.0,4382.0,,,,,42.0,75.0,3,AJ Dillon,Boston College,ACC,Running Back,,,11.238095238095237,5.185798816568047,,,,,
4239944,2021,81,0.0,0.0,0.0,4.0,0.0,0.0,5.0,1.0,1.0,0.0,0.0,0.0,0.0,0.0,0.0,0.0,0.0,0.0,0.0,0.0,0.0,0.0,0.0,0.0,0.0,0.0,0.0,0.0,0.0,0.0,0.0,0.0,0.0,89.0,9.0,1297.0,0.0,0.0,0.0,,,,,72.0,,3,Hunter Long,Boston College,ACC,Tight End,,,14.573033707865168,,,,,,
4239947,2021,220,3.0,9.0,8.5,127.0,0.0,15.5,231.0,0.0,0.0,1.0,1.0,0.0,23.0,0.0,0.0,0.0,0.0,0.0,0.0,0.0,0.0,0.0,0.0,0.0,0.0,0.0,0.0,0.0,0.0,0.0,0.0,0.0,0.0,0.0,0.0,0.0,0.0,0.0,0.0,,,,,,,4,Isaiah McDuffie,Boston College,ACC,Inside Linebacker,,,,,,,,,23.0
4239992,2021,85,0.0,0.0,0.0,4.0,1.0,0.0,5.0,5.0,3.0,0.0,0.0,0.0,0.0,2.0,0.0,58.0,0.0,0.0,0.0,0.0,0.0,3.0,1.0,0.0,0.0,8.0,69.0,1.0,529.0,0.0,0.0,0.0,0.0,181.0,15.0,2144.0,6.0,1.0,46.0,36.0,,62.0,,87.0,29.0,4,Amari Rodgers,Clemson,ACC,Wide Receiver,0.3333333333333333,2.6666666666666665,11.845303867403315,7.666666666666667,29.0,7.666666666666667,,,
4239993,2020,33,0.0,0.0,0.0,1.0,0.0,0.0,1.0,0.0,0.0,0.0,0.0,0.0,0.0,1.0,0.0,3.0,0.0,0.0,0.0,0.0,0.0,0.0,0.0,0.0,0.0,0.0,0.0,0.0,0.0,0.0,0.0,0.0,0.0,135.0,27.0,2448.0,1.0,1.0,36.0,3.0,,,,78.0,36.0,3,Tee Higgins,Clemson,ACC,Wide Receiver,,,18.133333333333333,36.0,3.0,,,,
4239995,2020,16,13.0,2.0,0.5,67.0,0.0,3.5,94.0,0.0,0.0,0.0,6.0,1.0,160.0,0.0,0.0,0.0,0.0,0.0,0.0,0.0,0.0,0.0,0.0,0.0,0.0,0.0,0.0,0.0,0.0,0.0,0.0,0.0,0.0,0.0,0.0,0.0,0.0,0.0,0.0,,,,,,,3,A.J. Terrell,Clemson,ACC,Cornerback,,,,,,,,,26.666666666666668
4239996,2021,25,0.0,0.0,0.0,1.0,0.0,0.0,3.0,8.0,7.0,0.0,0.0,0.0,0.0,32.0,0.0,697.0,0.0,0.0,0.0,0.0,0.0,1.0,1.0,0.0,0.0,23.0,1.0,0.0,44.0,0.0,0.0,0.0,0.0,102.0,8.0,1155.0,686.0,70.0,4952.0,40.0,,44.0,,53.0,90.0,4,Travis Etienne,Clemson,ACC,Running Back,1.0,23.0,11.323529411764707,7.21865889212828,21.78125,44.0,,,
4239997,2022,231,2.0,6.0,9.0,97.0,0.0,21.5,190.0,0.0,0.0,3.0,1.0,0.0,3.0,0.0,0.0,0.0,0.0,0.0,0.0,0.0,0.0,0.0,0.0,0.0,0.0,0.0,0.0,0.0,0.0,0.0,0.0,0.0,0.0,0.0,0.0,0.0,0.0,0.0,0.0,,,,,,,4,Baylon Spector,Clemson,ACC,Inside Linebacker,,,,,,,,,3.0
4240021,2020,52,0.0,0.0,0.0,1.0,0.0,0.0,1.0,10.0,7.0,0.0,0.0,0.0,0.0,1.0,0.0,15.0,0.0,0.0,0.0,0.0,0.0,8.0,5.0,0.0,0.0,97.0,0.0,0.0,0.0,0.0,0.0,0.0,0.0,69.0,7.0,486.0,586.0,27.0,2874.0,15.0,,,,44.0,85.0,3,Cam Akers,Florida State,ACC,Running Back,0.625,12.125,7.043478260869565,4.90443686006826,15.0,,,,
4240023,2021,97,0.0,0.0,0.0,0.0,0.0,0.0,0.0,1.0,1.0,0.0,0.0,0.0,0.0,0.0,0.0,0.0,0.0,0.0,0.0,0.0,0.0,0.0,0.0,0.0,0.0,0.0,0.0,0.0,0.0,0.0,0.0,0.0,0.0,56.0,3.0,628.0,0.0,0.0,0.0,,,,,40.0,,4,Tre' McKitty,Georgia,SEC,Tight End,,,11.214285714285714,,,,,,
4240026,2021,144,2.0,11.0,8.5,37.0,1.0,17.0,60.0,0.0,0.0,0.0,1.0,1.0,25.0,0.0,0.0,0.0,0.0,0.0,0.0,0.0,0.0,0.0,0.0,0.0,0.0,0.0,0.0,0.0,0.0,0.0,0.0,0.0,0.0,0.0,0.0,0.0,0.0,0.0,0.0,,,,,,,4,Joshua Kaindoh,Florida State,ACC,Defensive End,,,,,,,,,25.0
4240030,2021,186,9.0,2.0,1.0,140.0,1.0,4.0,234.0,0.0,0.0,1.0,4.0,1.0,106.0,0.0,0.0,0.0,0.0,0.0,0.0,0.0,0.0,0.0,0.0,0.0,0.0,0.0,0.0,0.0,0.0,0.0,0.0,0.0,0.0,0.0,0.0,0.0,0.0,0.0,0.0,,,,,,,4,Hamsah Nasirildeen,Florida State,ACC,Safety,,,,,,,,,26.5
4240071,2022,253,19.0,3.0,1.0,125.0,0.0,6.0,183.0,0.0,0.0,3.0,5.0,0.0,11.0,3.0,0.0,59.0,0.0,0.0,0.0,0.0,0.0,0.0,0.0,0.0,0.0,0.0,10.0,0.0,33.0,0.0,0.0,0.0,0.0,0.0,0.0,0.0,0.0,0.0,0.0,23.0,,21.0,,,,5,Russ Yeast,Louisville,ACC,Safety,,,,,19.666666666666668,3.3,,,2.2
4240090,2020,11,0.0,0.0,0.0,1.0,0.0,0.0,1.0,0.0,0.0,0.0,0.0,0.0,0.0,0.0,0.0,0.0,0.0,0.0,0.0,0.0,0.0,0.0,0.0,0.0,0.0,0.0,0.0,0.0,0.0,0.0,0.0,0.0,0.0,0.0,0.0,0.0,1.0,1.0,1.0,,,,,,1.0,2,Mekhi Becton,Louisville,ACC,Offensive Tackle,,,,1.0,,,,,
4240123,2020,174,4.0,5.0,11.0,40.0,0.0,20.0,82.0,0.0,0.0,3.0,1.0,0.0,0.0,0.0,0.0,0.0,0.0,0.0,0.0,0.0,0.0,0.0,0.0,0.0,0.0,0.0,0.0,0.0,0.0,0.0,0.0,0.0,0.0,0.0,0.0,0.0,0.0,0.0,0.0,,,,,,,2,Larrell Murchison,NC State,ACC,Defensive Tackle,,,,,,,,,0.0
4240128,2022,255,0.0,0.0,0.0,3.0,0.0,0.0,4.0,0.0,0.0,0.0,0.0,0.0,0.0,0.0,0.0,0.0,0.0,0.0,0.0,0.0,0.0,0.0,0.0,0.0,0.0,0.0,0.0,0.0,0.0,59.0,173.0,13.0,7884.0,0.0,0.0,0.0,0.0,0.0,0.0,,,,75.0,,,3,Trenton Gill,NC State,ACC,Punter,,,,,,,45.57225433526011,,
4240255,2021,259,4.0,5.0,2.0,115.0,1.0,17.0,190.0,0.0,0.0,2.0,0.0,0.0,0.0,1.0,0.0,31.0,0.0,0.0,0.0,0.0,0.0,0.0,0.0,0.0,0.0,0.0,0.0,0.0,0.0,0.0,0.0,0.0,0.0,0.0,0.0,0.0,5.0,0.0,35.0,31.0,,,,,18.0,4,Grant Stuard,Houston,American Athletic,Outside Linebacker,,,,7.0,31.0,,,,
4240261,2023,240,0.0,17.0,16.5,80.0,1.0,33.0,156.0,0.0,0.0,3.0,0.0,0.0,0.0,0.0,0.0,0.0,0.0,0.0,0.0,0.0,0.0,0.0,0.0,0.0,0.0,0.0,0.0,0.0,0.0,0.0,0.0,0.0,0.0,0.0,0.0,0.0,0.0,0.0,0.0,,,,,,,5,Derek Parish,Houston,American Athletic,Fullback,,,,,,,,,
4240269,2021,28,9.0,13.0,10.0,68.0,0.0,25.0,115.0,0.0,0.0,0.0,1.0,0.0,0.0,0.0,0.0,0.0,0.0,0.0,0.0,0.0,0.0,0.0,0.0,0.0,0.0,0.0,1.0,0.0,27.0,0.0,0.0,0.0,0.0,0.0,0.0,0.0,0.0,0.0,0.0,,,0.0,,,,4,Payton Turner,Houston,American Athletic,Defensive End,,,,,,27.0,,,0.0
4240380,2020,46,0.0,0.0,0.0,0.0,0.0,0.0,0.0,5.0,0.0,0.0,0.0,0.0,0.0,44.0,0.0,1019.0,0.0,0.0,0.0,0.0,0.0,0.0,0.0,0.0,0.0,0.0,39.0,0.0,222.0,0.0,0.0,0.0,0.0,99.0,13.0,1659.0,17.0,1.0,87.0,67.0,,33.0,,93.0,32.0,2,KJ Hamler,Penn State,Big Ten,Wide Receiver,,,16.757575757575758,5.117647058823529,23.15909090909091,5.6923076923076925,,,
4240401,2021,101,21.0,0.0,1.0,73.0,0.0,5.0,88.0,0.0,0.0,0.0,3.0,0.0,0.0,0.0,0.0,-4.0,0.0,0.0,0.0,0.0,0.0,0.0,0.0,0.0,0.0,0.0,0.0,0.0,0.0,0.0,0.0,0.0,0.0,0.0,0.0,0.0,0.0,0.0,0.0,0.0,,,,,,3,Ifeatu Melifonwu,Syracuse,ACC,Cornerback,,,,,-inf,,,,0.0
4240434,2022,214,24.0,1.0,1.0,153.0,2.0,8.0,185.0,1.0,0.0,3.0,6.0,1.0,93.0,8.0,1.0,210.0,0.0,0.0,0.0,0.0,0.0,0.0,0.0,0.0,0.0,0.0,2.0,0.0,25.0,0.0,0.0,0.0,0.0,0.0,0.0,0.0,0.0,0.0,0.0,99.0,,25.0,,,,5,Ja'Sir Taylor,Wake Forest,ACC,Cornerback,,,,,26.25,12.5,,,15.5
4240435,2022,140,0.0,0.0,0.0,1.0,0.0,1.0,2.0,0.0,0.0,0.0,0.0,0.0,0.0,0.0,0.0,0.0,0.0,0.0,0.0,0.0,0.0,0.0,0.0,0.0,0.0,0.0,0.0,0.0,0.0,0.0,0.0,0.0,0.0,0.0,0.0,0.0,0.0,0.0,0.0,,,,,,,2,Zach Tom,Wake Forest,ACC,Offensive Guard,,,,,,,,,
4240456,2021,154,23.0,1.0,1.5,88.0,0.0,7.5,135.0,0.0,0.0,1.0,4.0,0.0,38.0,13.0,0.0,261.0,0.0,0.0,0.0,0.0,0.0,0.0,0.0,0.0,0.0,0.0,0.0,0.0,0.0,0.0,0.0,0.0,0.0,0.0,0.0,0.0,0.0,0.0,0.0,31.0,,,,,,4,Michael Carter II,Duke,ACC,Safety,,,,,20.076923076923077,,,,9.5
4240464,2021,210,3.0,25.0,21.5,80.0,0.0,33.0,161.0,0.0,0.0,3.0,1.0,0.0,26.0,0.0,0.0,0.0,0.0,0.0,0.0,0.0,0.0,0.0,0.0,0.0,0.0,0.0,0.0,0.0,0.0,0.0,0.0,0.0,0.0,0.0,0.0,0.0,0.0,0.0,0.0,,,,,,,4,Victor Dimukeje,Duke,ACC,Defensive End,,,,,,,,,26.0
4240472,2021,162,0.0,0.0,0.0,4.0,0.0,0.0,5.0,0.0,0.0,0.0,0.0,0.0,0.0,0.0,0.0,0.0,0.0,0.0,0.0,0.0,0.0,1.0,1.0,0.0,0.0,11.0,0.0,0.0,0.0,0.0,0.0,0.0,0.0,104.0,8.0,941.0,2.0,0.0,3.0,,,,,26.0,2.0,4,Noah Gray,Duke,ACC,Tight End,1.0,11.0,9.048076923076923,1.5,,,,,
4240475,2021,118,5.0,16.0,17.5,57.0,0.0,33.0,123.0,0.0,0.0,2.0,0.0,0.0,0.0,0.0,0.0,0.0,0.0,0.0,0.0,0.0,0.0,0.0,0.0,0.0,0.0,0.0,0.0,0.0,0.0,0.0,0.0,0.0,0.0,0.0,0.0,0.0,0.0,0.0,0.0,,,,,,,3,Chris Rumph II,Duke,ACC,Outside Linebacker,,,,,,,,,
4240485,2021,254,0.0,0.0,0.0,1.0,0.0,0.0,1.0,1.0,0.0,0.0,0.0,0.0,0.0,0.0,0.0,0.0,0.0,0.0,0.0,0.0,0.0,3.0,1.0,0.0,1.0,41.0,0.0,0.0,0.0,39.0,210.0,8.0,9394.0,2.0,0.0,8.0,2.0,0.0,-14.0,,,,70.0,6.0,0.0,4,Pressley Harvin III,Georgia Tech,ACC,Punter,0.3333333333333333,13.666666666666666,4.0,-7.0,,,44.733333333333334,,
4240486,2022,228,17.0,0.0,0.0,154.0,0.0,7.0,223.0,0.0,0.0,0.0,4.0,0.0,49.0,0.0,0.0,0.0,0.0,0.0,0.0,0.0,0.0,0.0,0.0,0.0,0.0,0.0,0.0,0.0,0.0,0.0,0.0,0.0,0.0,0.0,0.0,0.0,0.0,0.0,0.0,,,,,,,5,Tariq Carpenter,Georgia Tech,ACC,Inside Linebacker,,,,,,,,,12.25
4240542,2021,167,14.0,0.0,1.0,112.0,1.0,13.5,170.0,1.0,1.0,1.0,3.0,0.0,82.0,12.0,0.0,250.0,0.0,0.0,0.0,0.0,0.0,0.0,0.0,0.0,0.0,0.0,9.0,0.0,15.0,0.0,0.0,0.0,0.0,0.0,0.0,0.0,1.0,0.0,4.0,31.0,,4.0,,,4.0,4,Nate Hobbs,Illinois,Big Ten,Cornerback,,,,4.0,20.833333333333332,1.6666666666666667,,,27.333333333333332
4240548,2021,87,0.0,0.0,0.0,3.0,0.0,0.0,3.0,0.0,0.0,0.0,0.0,0.0,0.0,0.0,0.0,0.0,0.0,0.0,0.0,0.0,0.0,0.0,0.0,0.0,0.0,0.0,0.0,0.0,0.0,0.0,0.0,0.0,0.0,0.0,0.0,0.0,0.0,0.0,0.0,,,,,,,2,Kendrick Green,Illinois,Big Ten,Center,,,,,,,,,
4240573,2021,157,0.0,0.0,0.0,2.0,2.0,0.0,2.0,2.0,1.0,0.0,0.0,0.0,0.0,54.0,2.0,1470.0,0.0,0.0,0.0,0.0,0.0,1.0,0.0,0.0,0.0,0.0,0.0,0.0,0.0,0.0,0.0,0.0,0.0,110.0,14.0,1588.0,34.0,4.0,274.0,98.0,,,,60.0,45.0,4,Ihmir Smith-Marsette,Iowa,Big Ten,Wide Receiver,0.0,0.0,14.436363636363636,8.058823529411764,27.22222222222222,,,,
4240575,2020,219,7.0,2.0,1.0,80.0,1.0,4.0,126.0,1.0,0.0,0.0,6.0,1.0,43.0,0.0,0.0,0.0,0.0,0.0,0.0,0.0,0.0,0.0,0.0,0.0,0.0,0.0,1.0,0.0,8.0,0.0,0.0,0.0,0.0,0.0,0.0,0.0,0.0,0.0,0.0,,,8.0,,,,3,Geno Stone,Iowa,Big Ten,Safety,,,,,,8.0,,,7.166666666666667
4240585,2020,54,8.0,25.0,26.5,61.0,1.0,37.0,101.0,0.0,0.0,1.0,0.0,0.0,0.0,0.0,0.0,0.0,0.0,0.0,0.0,0.0,0.0,0.0,0.0,0.0,0.0,0.0,1.0,0.0,16.0,0.0,0.0,0.0,0.0,1.0,0.0,15.0,0.0,0.0,0.0,,,0.0,,15.0,,3,A.J. Epenesa,Iowa,Big Ten,Defensive End,,,15.0,,,16.0,,,
4240589,2020,13,0.0,0.0,0.0,1.0,0.0,0.0,1.0,0.0,0.0,0.0,0.0,0.0,0.0,0.0,0.0,0.0,0.0,0.0,0.0,0.0,0.0,0.0,0.0,0.0,0.0,0.0,0.0,0.0,0.0,0.0,0.0,0.0,0.0,0.0,0.0,0.0,0.0,0.0,0.0,,,,,,,1,Tristan Wirfs,Iowa,Big Ten,Offensive Tackle,,,,,,,,,
4240595,2021,136,17.0,1.0,0.0,68.0,0.0,2.5,103.0,0.0,0.0,2.0,3.0,0.0,0.0,0.0,0.0,0.0,0.0,0.0,0.0,0.0,0.0,0.0,0.0,0.0,0.0,0.0,0.0,0.0,0.0,0.0,0.0,0.0,0.0,0.0,0.0,0.0,0.0,0.0,0.0,,,,,,,4,Marco Wilson,Florida,SEC,Cornerback,,,,,,,,,0.0
4240596,2020,9,20.0,3.0,4.0,66.0,2.0,8.5,93.0,1.0,1.0,0.0,6.0,2.0,82.0,0.0,0.0,0.0,0.0,0.0,0.0,0.0,0.0,0.0,0.0,0.0,0.0,0.0,0.0,0.0,0.0,0.0,0.0,0.0,0.0,0.0,0.0,0.0,0.0,0.0,0.0,,,,,,,3,CJ Henderson,Florida,SEC,Cornerback,,,,,,,,,13.666666666666666
4240600,2021,20,0.0,0.0,0.0,0.0,1.0,0.0,0.0,2.0,2.0,0.0,0.0,0.0,0.0,15.0,0.0,324.0,0.0,0.0,0.0,0.0,0.0,6.0,3.0,0.0,1.0,82.0,13.0,1.0,147.0,0.0,0.0,0.0,0.0,120.0,12.0,1590.0,66.0,2.0,580.0,51.0,,50.0,,66.0,50.0,4,Kadarius Toney,Florida,SEC,Wide Receiver,0.5,13.666666666666666,13.25,8.787878787878787,21.6,11.307692307692308,,,
4240602,2021,165,10.0,1.0,0.0,77.0,0.0,5.5,126.0,0.0,0.0,1.0,5.0,0.0,156.0,0.0,0.0,0.0,0.0,0.0,0.0,0.0,0.0,0.0,0.0,0.0,0.0,0.0,0.0,0.0,0.0,0.0,0.0,0.0,0.0,0.0,0.0,0.0,0.0,0.0,0.0,,,,,,,4,Shawn Davis,Florida,SEC,Safety,,,,,,,,,31.2
4240608,2022,217,0.0,2.0,4.5,51.0,0.0,12.0,104.0,0.0,0.0,4.0,0.0,0.0,0.0,0.0,0.0,0.0,0.0,0.0,0.0,0.0,0.0,0.0,0.0,0.0,0.0,0.0,0.0,0.0,0.0,0.0,0.0,0.0,0.0,0.0,0.0,0.0,0.0,0.0,0.0,,,,,,,4,James Houston IV,Jackson State,SWAC,Outside Linebacker,,,,,,,,,
4240610,2023,121,7.0,9.0,7.5,124.0,1.0,24.0,239.0,0.0,0.0,2.0,1.0,1.0,82.0,0.0,0.0,0.0,0.0,0.0,0.0,0.0,0.0,0.0,0.0,0.0,0.0,0.0,0.0,0.0,0.0,0.0,0.0,0.0,0.0,0.0,0.0,0.0,0.0,0.0,0.0,,,,,,,5,Ventrell Miller,Florida,SEC,Inside Linebacker,,,,,,,,,82.0
4240612,2021,173,1.0,9.0,3.5,35.0,0.0,10.0,99.0,0.0,0.0,1.0,0.0,0.0,0.0,0.0,0.0,0.0,0.0,0.0,0.0,0.0,0.0,0.0,0.0,0.0,0.0,0.0,0.0,0.0,0.0,0.0,0.0,0.0,0.0,0.0,0.0,0.0,0.0,0.0,0.0,,,,,,,4,Tedarrell Slaton,Florida,SEC,Defensive Tackle,,,,,,,,,
4240619,2022,95,8.0,20.0,17.5,40.0,1.0,28.0,105.0,0.0,0.0,2.0,0.0,0.0,0.0,0.0,0.0,0.0,0.0,0.0,0.0,0.0,0.0,0.0,0.0,0.0,0.0,0.0,0.0,0.0,0.0,0.0,0.0,0.0,0.0,0.0,0.0,0.0,0.0,0.0,0.0,,,,,,,4,Zachary Carter,Florida,SEC,Defensive Tackle,,,,,,,,,
4240623,2023,80,2.0,4.0,9.0,34.0,0.0,15.5,65.0,0.0,0.0,2.0,0.0,0.0,0.0,0.0,0.0,4.0,0.0,0.0,0.0,0.0,0.0,0.0,0.0,0.0,0.0,0.0,0.0,0.0,0.0,0.0,0.0,0.0,0.0,11.0,3.0,124.0,0.0,0.0,0.0,4.0,,,,26.0,,5,DJ Johnson,Oregon,Pac-12,Outside Linebacker,,,11.272727272727273,,inf,,,,
4240631,2020,144,0.0,0.0,0.0,2.0,1.0,0.0,4.0,2.0,1.0,0.0,0.0,0.0,0.0,20.0,0.0,420.0,0.0,0.0,0.0,0.0,0.0,2.0,0.0,0.0,0.0,0.0,11.0,1.0,191.0,0.0,0.0,0.0,0.0,28.0,2.0,317.0,264.0,17.0,1527.0,53.0,,65.0,,49.0,83.0,3,DeeJay Dallas,Miami,ACC,Running Back,0.0,0.0,11.321428571428571,5.784090909090909,21.0,17.363636363636363,,,
4240655,2020,242,5.0,6.0,11.5,45.0,1.0,28.0,104.0,0.0,0.0,1.0,0.0,0.0,0.0,0.0,0.0,0.0,0.0,0.0,0.0,0.0,0.0,0.0,0.0,0.0,0.0,0.0,1.0,0.0,13.0,0.0,0.0,0.0,0.0,0.0,0.0,0.0,0.0,0.0,0.0,,,13.0,,,,3,Jonathan Garvin,Miami,ACC,Defensive End,,,,,,13.0,,,
4240657,2021,107,0.0,0.0,0.0,0.0,0.0,0.0,0.0,4.0,3.0,0.0,0.0,0.0,0.0,29.0,0.0,650.0,0.0,0.0,0.0,0.0,0.0,0.0,0.0,0.0,0.0,0.0,0.0,0.0,0.0,0.0,0.0,0.0,0.0,82.0,6.0,656.0,514.0,22.0,3403.0,75.0,,,,46.0,65.0,4,Michael Carter,North Carolina,ACC,Running Back,,,8.0,6.620622568093385,22.413793103448278,,,,
4240661,2021,221,0.0,0.0,0.0,4.0,1.0,0.0,5.0,3.0,2.0,0.0,0.0,0.0,0.0,7.0,0.0,144.0,0.0,0.0,0.0,0.0,0.0,1.0,1.0,0.0,0.0,43.0,49.0,1.0,535.0,0.0,0.0,0.0,0.0,188.0,18.0,2435.0,20.0,2.0,178.0,34.0,,75.0,,75.0,84.0,4,Dazz Newsome,North Carolina,ACC,Wide Receiver,1.0,43.0,12.952127659574469,8.9,20.571428571428573,10.918367346938776,,,
4240677,2023,243,1.0,2.0,0.5,15.0,0.0,2.5,33.0,0.0,0.0,0.0,0.0,0.0,0.0,0.0,0.0,0.0,0.0,0.0,0.0,0.0,0.0,0.0,0.0,0.0,0.0,0.0,0.0,0.0,0.0,0.0,0.0,0.0,0.0,0.0,0.0,0.0,0.0,0.0,0.0,,,,,,,4,Jordon Riley,Oregon,Pac-12,Defensive Tackle,,,,,,,,,
4240686,2021,169,10.0,0.0,0.0,106.0,0.0,6.5,176.0,0.0,0.0,6.0,8.0,0.0,143.0,0.0,0.0,0.0,0.0,0.0,0.0,0.0,0.0,0.0,0.0,0.0,0.0,0.0,0.0,0.0,0.0,0.0,0.0,0.0,0.0,0.0,0.0,0.0,0.0,0.0,0.0,,,,,,,4,Richard LeCounte III,Georgia,SEC,Safety,,,,,,,,,17.875
4240689,2020,167,0.0,0.0,0.0,3.0,0.0,0.0,3.0,10.0,4.0,0.0,0.0,0.0,0.0,0.0,0.0,0.0,0.0,0.0,0.0,0.0,0.0,981.0,621.0,18.0,78.0,8224.0,0.0,0.0,0.0,0.0,0.0,0.0,0.0,0.0,0.0,0.0,134.0,3.0,40.0,,,,,,21.0,3,Jake Fromm,Georgia,SEC,Quarterback,0.6330275229357798,8.383282364933741,,0.29850746268656714,,,,,
4240692,2021,92,5.0,4.0,2.0,115.0,1.0,10.5,219.0,0.0,0.0,2.0,0.0,0.0,0.0,0.0,0.0,0.0,0.0,0.0,0.0,0.0,0.0,0.0,0.0,0.0,0.0,0.0,0.0,0.0,0.0,0.0,0.0,0.0,0.0,0.0,0.0,0.0,0.0,0.0,0.0,,,,,,,4,Monty Rice,Georgia,SEC,Inside Linebacker,,,,,,,,,
4240703,2022,20,0.0,0.0,0.0,3.0,0.0,0.0,3.0,25.0,10.0,0.0,0.0,0.0,0.0,0.0,0.0,0.0,0.0,0.0,0.0,0.0,0.0,1674.0,1046.0,32.0,81.0,12303.0,0.0,0.0,0.0,0.0,1.0,0.0,25.0,2.0,1.0,-9.0,416.0,20.0,827.0,,,,25.0,3.0,58.0,5,Kenny Pickett,Pittsburgh,ACC,Quarterback,0.6248506571087217,7.349462365591398,-4.5,1.9879807692307692,,,25.0,,
4240706,2021,175,19.0,2.0,0.0,41.0,1.0,2.5,50.0,0.0,0.0,1.0,5.0,0.0,29.0,0.0,0.0,0.0,0.0,0.0,0.0,0.0,0.0,0.0,0.0,0.0,0.0,0.0,0.0,0.0,0.0,0.0,0.0,0.0,0.0,0.0,0.0,0.0,0.0,0.0,0.0,,,,,,,4,Jason Pinnock,Pittsburgh,ACC,Cornerback,,,,,,,,,5.8
4240707,2022,115,18.0,1.0,0.0,63.0,1.0,4.0,82.0,0.0,0.0,0.0,5.0,1.0,65.0,0.0,0.0,0.0,0.0,0.0,0.0,0.0,0.0,0.0,0.0,0.0,0.0,0.0,0.0,0.0,0.0,0.0,0.0,0.0,0.0,0.0,0.0,0.0,0.0,0.0,0.0,,,,,,,4,Damarri Mathis,Pittsburgh,ACC,Cornerback,,,,,,,,,13.0
4240716,2021,199,2.0,3.0,11.0,29.0,0.0,13.5,56.0,0.0,0.0,0.0,0.0,0.0,0.0,0.0,0.0,0.0,0.0,0.0,0.0,0.0,0.0,0.0,0.0,0.0,0.0,0.0,0.0,0.0,0.0,0.0,0.0,0.0,0.0,0.0,0.0,0.0,0.0,0.0,0.0,,,,,,,2,Jaylen Twyman,Pittsburgh,ACC,Defensive Tackle,,,,,,,,,
4240723,2023,120,0.0,0.0,0.0,0.0,0.0,0.0,0.0,0.0,0.0,0.0,0.0,0.0,0.0,0.0,0.0,0.0,0.0,0.0,0.0,0.0,0.0,0.0,0.0,0.0,0.0,0.0,0.0,0.0,0.0,0.0,0.0,0.0,0.0,0.0,0.0,0.0,1.0,0.0,0.0,,,,,,0.0,1,Carter Warren,Pittsburgh,ACC,Offensive Tackle,,,,0.0,,,,,
4240754,2022,40,3.0,6.0,15.0,59.0,0.0,19.5,87.0,0.0,0.0,0.0,0.0,0.0,0.0,0.0,0.0,0.0,0.0,0.0,0.0,0.0,0.0,0.0,0.0,0.0,0.0,0.0,0.0,0.0,0.0,0.0,0.0,0.0,0.0,0.0,0.0,0.0,0.0,0.0,0.0,,,,,,,4,Boye Mafe,Minnesota,Big Ten,Outside Linebacker,,,,,,,,,
4240759,2022,165,0.0,6.0,6.5,48.0,0.0,11.5,79.0,0.0,0.0,1.0,0.0,0.0,0.0,0.0,0.0,0.0,0.0,0.0,0.0,0.0,0.0,0.0,0.0,0.0,0.0,0.0,0.0,0.0,0.0,0.0,0.0,0.0,0.0,0.0,0.0,0.0,0.0,0.0,0.0,,,,,,,4,Esezi Otomewo,Minnesota,Big Ten,Defensive End,,,,,,,,,
4240778,2021,19,3.0,3.0,2.5,66.0,1.0,5.0,144.0,0.0,0.0,1.0,5.0,1.0,108.0,0.0,0.0,0.0,0.0,0.0,0.0,0.0,0.0,0.0,0.0,0.0,0.0,0.0,0.0,0.0,0.0,0.0,0.0,0.0,0.0,0.0,0.0,0.0,0.0,0.0,0.0,,,,,,,3,Jamin Davis,Kentucky,SEC,Inside Linebacker,,,,,,,,,21.6
4240780,2019,54,8.0,0.0,1.0,49.0,0.0,3.0,60.0,0.0,0.0,0.0,1.0,0.0,24.0,0.0,0.0,0.0,0.0,0.0,0.0,0.0,0.0,0.0,0.0,0.0,0.0,0.0,0.0,0.0,0.0,0.0,0.0,0.0,0.0,0.0,0.0,0.0,0.0,0.0,0.0,,,,,,,2,Lonnie Johnson,Kentucky,SEC,Cornerback,,,,,,,,,24.0
4240858,2023,68,0.0,0.0,0.0,0.0,0.0,0.0,0.0,28.0,15.0,0.0,0.0,0.0,0.0,0.0,0.0,0.0,0.0,0.0,0.0,0.0,0.0,941.0,630.0,12.0,80.0,8976.0,0.0,0.0,0.0,0.0,0.0,0.0,0.0,1.0,0.0,20.0,518.0,25.0,2083.0,,,,,20.0,69.0,5,Hendon Hooker,Virginia Tech,ACC,Quarterback,0.6695005313496281,9.538788522848034,20.0,4.021235521235521,,,,,
4240859,2021,22,19.0,2.0,1.0,43.0,1.0,1.0,56.0,0.0,0.0,0.0,6.0,1.0,14.0,9.0,0.0,155.0,0.0,0.0,0.0,0.0,0.0,0.0,0.0,0.0,0.0,0.0,0.0,0.0,0.0,0.0,0.0,0.0,0.0,0.0,0.0,0.0,1.0,0.0,2.0,32.0,,,,,2.0,2,Caleb Farley,Virginia Tech,ACC,Cornerback,,,,2.0,17.22222222222222,,,,2.3333333333333335
4240861,2020,101,0.0,0.0,0.0,0.0,0.0,0.0,2.0,1.0,1.0,0.0,0.0,0.0,0.0,0.0,0.0,0.0,0.0,0.0,0.0,0.0,0.0,0.0,0.0,0.0,0.0,0.0,0.0,0.0,0.0,0.0,0.0,0.0,0.0,58.0,8.0,744.0,11.0,0.0,33.0,,,,,67.0,7.0,3,Dalton Keene,Virginia Tech,ACC,Tight End,,,12.827586206896552,3.0,,,,,
4240896,2022,117,2.0,18.0,12.5,52.0,0.0,21.0,93.0,0.0,0.0,1.0,0.0,0.0,0.0,0.0,0.0,0.0,0.0,0.0,0.0,0.0,0.0,0.0,0.0,0.0,0.0,0.0,0.0,0.0,0.0,0.0,0.0,0.0,0.0,0.0,0.0,0.0,0.0,0.0,0.0,,,,,,,4,Micheal Clemons,Texas A&M,SEC,Defensive End,,,,,,,,,
4240900,2021,140,4.0,6.0,5.5,96.0,2.0,23.5,203.0,0.0,0.0,2.0,1.0,1.0,15.0,0.0,0.0,0.0,0.0,0.0,0.0,0.0,0.0,0.0,0.0,0.0,0.0,0.0,0.0,0.0,0.0,0.0,0.0,0.0,0.0,0.0,0.0,0.0,0.0,0.0,0.0,,,,,,,4,Buddy Johnson,Texas A&M,SEC,Inside Linebacker,,,,,,,,,15.0
4240904,2021,66,0.0,0.0,0.0,1.0,0.0,0.0,2.0,21.0,9.0,0.0,0.0,0.0,0.0,0.0,0.0,0.0,0.0,0.0,0.0,0.0,0.0,1354.0,799.0,27.0,71.0,9578.0,0.0,0.0,0.0,0.0,0.0,0.0,0.0,0.0,0.0,0.0,437.0,22.0,1616.0,,,,,,79.0,4,Kellen Mond,Texas A&M,SEC,Quarterback,0.5901033973412112,7.073855243722305,,3.6979405034324944,,,,,
4241007,2022,161,14.0,18.0,11.5,132.0,1.0,33.5,289.0,1.0,1.0,1.0,3.0,0.0,50.0,0.0,0.0,0.0,0.0,0.0,0.0,0.0,0.0,0.0,0.0,0.0,0.0,0.0,1.0,1.0,31.0,0.0,0.0,0.0,0.0,0.0,0.0,0.0,1.0,0.0,5.0,,,16.0,,,5.0,4,D'Marco Jackson,App State,Sun Belt,Inside Linebacker,,,,5.0,,31.0,,,16.666666666666668
4241089,2022,252,4.0,19.0,16.0,96.0,0.0,38.5,168.0,0.0,0.0,1.0,1.0,0.0,3.0,0.0,0.0,0.0,0.0,0.0,0.0,0.0,0.0,0.0,0.0,0.0,0.0,0.0,0.0,0.0,0.0,0.0,0.0,0.0,0.0,0.0,0.0,0.0,0.0,0.0,0.0,,,,,,,4,Jeffrey Gunter,Coastal Carolina,Sun Belt,Defensive End,,,,,,,,,3.0
4241195,2021,143,12.0,4.0,2.0,100.0,0.0,6.0,146.0,0.0,0.0,0.0,0.0,0.0,0.0,0.0,0.0,0.0,0.0,0.0,0.0,0.0,0.0,0.0,0.0,0.0,0.0,0.0,0.0,0.0,0.0,0.0,0.0,0.0,0.0,0.0,0.0,0.0,0.0,0.0,0.0,,,,,,,4,Tyree Gillespie,Missouri,SEC,Safety,,,,,,,,,
4241199,2021,188,18.0,0.0,1.0,85.0,0.0,7.5,128.0,0.0,0.0,3.0,0.0,0.0,0.0,0.0,0.0,0.0,0.0,0.0,0.0,0.0,0.0,0.0,0.0,0.0,0.0,0.0,0.0,0.0,0.0,0.0,0.0,0.0,0.0,0.0,0.0,0.0,0.0,0.0,0.0,,,,,,,4,Joshuah Bledsoe,Missouri,SEC,Safety,,,,,,,,,
4241205,2021,198,0.0,0.0,0.0,1.0,0.0,0.0,2.0,4.0,3.0,0.0,0.0,0.0,0.0,25.0,0.0,538.0,0.0,0.0,0.0,0.0,0.0,0.0,0.0,0.0,0.0,0.0,0.0,0.0,0.0,0.0,0.0,0.0,0.0,47.0,0.0,289.0,746.0,40.0,3720.0,38.0,,,,25.0,64.0,4,Larry Rountree III,Missouri,SEC,Running Back,,,6.148936170212766,4.986595174262734,21.52,,,,
4241223,2022,37,10.0,5.0,8.0,140.0,2.0,38.0,194.0,0.0,0.0,2.0,4.0,2.0,76.0,0.0,0.0,0.0,0.0,0.0,0.0,0.0,0.0,0.0,0.0,0.0,0.0,0.0,0.0,0.0,0.0,0.0,0.0,0.0,0.0,0.0,0.0,0.0,0.0,0.0,0.0,,,,,,,5,Jalen Pitre,Baylor,Big 12,Safety,,,,,,,,,19.0
4241263,2022,128,0.0,0.0,0.0,3.0,0.0,0.0,4.0,2.0,0.0,0.0,0.0,0.0,0.0,0.0,0.0,0.0,0.0,0.0,0.0,0.0,0.0,0.0,0.0,0.0,0.0,0.0,0.0,0.0,0.0,0.0,0.0,0.0,0.0,168.0,23.0,2181.0,0.0,0.0,0.0,,,,,49.0,,4,Charlie Kolar,Iowa State,Big 12,Tight End,,,12.982142857142858,,,,,,
4241302,2022,181,5.0,14.0,12.5,128.0,0.0,23.0,195.0,0.0,0.0,3.0,0.0,0.0,0.0,0.0,0.0,0.0,0.0,0.0,0.0,0.0,0.0,0.0,0.0,0.0,0.0,0.0,0.0,0.0,0.0,0.0,0.0,0.0,0.0,0.0,0.0,0.0,0.0,0.0,0.0,,,,,,,5,Kyron Johnson,Kansas,Big 12,Inside Linebacker,,,,,,,,,
4241344,2021,235,2.0,17.0,20.0,72.0,0.0,34.0,94.0,0.0,0.0,0.0,1.0,0.0,11.0,0.0,0.0,0.0,0.0,0.0,0.0,0.0,0.0,0.0,0.0,0.0,0.0,0.0,0.0,0.0,0.0,0.0,0.0,0.0,0.0,0.0,0.0,0.0,0.0,0.0,0.0,,,,,,,3,Wyatt Hubert,Kansas State,Big 12,Defensive End,,,,,,,,,11.0
4241372,2019,25,0.0,0.0,0.0,0.0,0.0,0.0,0.0,1.0,1.0,0.0,0.0,0.0,0.0,0.0,0.0,0.0,0.0,0.0,0.0,0.0,0.0,0.0,0.0,0.0,0.0,0.0,0.0,0.0,0.0,0.0,0.0,0.0,0.0,132.0,17.0,2413.0,3.0,0.0,0.0,,,,,87.0,0.0,2,Marquise Brown,Oklahoma,Big 12,Wide Receiver,,,18.28030303030303,0.0,,,,,
4241373,2021,137,29.0,0.0,2.0,104.0,0.0,7.5,128.0,1.0,0.0,0.0,4.0,0.0,1.0,55.0,0.0,1207.0,0.0,0.0,0.0,0.0,0.0,0.0,0.0,0.0,0.0,0.0,0.0,0.0,0.0,0.0,0.0,0.0,0.0,0.0,0.0,0.0,0.0,0.0,0.0,86.0,,,,,,4,Tre Brown,Oklahoma,Big 12,Cornerback,,,,,21.945454545454545,,,,0.25
4241374,2022,198,0.0,0.0,0.0,2.0,0.0,0.0,2.0,1.0,1.0,0.0,0.0,0.0,0.0,0.0,0.0,0.0,0.0,0.0,0.0,0.0,0.0,0.0,0.0,0.0,0.0,0.0,0.0,0.0,0.0,0.0,0.0,0.0,0.0,79.0,13.0,1102.0,0.0,0.0,0.0,,,,,35.0,,4,Grant Calcaterra,SMU,American Athletic,Tight End,,,13.949367088607595,,,,,,
4241382,2022,257,0.0,0.0,0.0,0.0,0.0,0.0,1.0,0.0,0.0,0.0,0.0,0.0,0.0,0.0,0.0,0.0,0.0,0.0,0.0,0.0,0.0,0.0,0.0,0.0,0.0,0.0,0.0,0.0,0.0,0.0,0.0,0.0,0.0,0.0,0.0,0.0,0.0,0.0,0.0,,,,,,,1,Marquis Hayes,Oklahoma,Big 12,Offensive Guard,,,,,,,,,
4241385,2021,63,0.0,0.0,0.0,2.0,0.0,0.0,3.0,0.0,0.0,0.0,0.0,0.0,0.0,0.0,0.0,0.0,0.0,0.0,0.0,0.0,0.0,0.0,0.0,0.0,0.0,0.0,0.0,0.0,0.0,0.0,0.0,0.0,0.0,0.0,0.0,0.0,0.0,0.0,0.0,,,,,,,3,Creed Humphrey,Oklahoma,Big 12,Center,,,,,,,,,
4241389,2020,17,0.0,0.0,0.0,2.0,0.0,0.0,2.0,3.0,2.0,0.0,0.0,0.0,0.0,0.0,0.0,0.0,0.0,0.0,0.0,0.0,0.0,2.0,1.0,0.0,1.0,2.0,56.0,0.0,475.0,0.0,0.0,0.0,0.0,172.0,32.0,3289.0,9.0,1.0,20.0,,,66.0,,86.0,21.0,3,CeeDee Lamb,Oklahoma,Big 12,Wide Receiver,0.5,1.0,19.122093023255815,2.2222222222222223,,8.482142857142858,,,
4241394,2020,23,6.0,12.0,9.5,179.0,0.0,37.0,329.0,0.0,0.0,2.0,0.0,0.0,0.0,0.0,0.0,0.0,0.0,0.0,0.0,0.0,0.0,0.0,0.0,0.0,0.0,0.0,0.0,0.0,0.0,0.0,0.0,0.0,0.0,0.0,0.0,0.0,0.0,0.0,0.0,,,,,,,3,Kenneth Murray,Oklahoma,Big 12,Inside Linebacker,,,,,,,,,
4241396,2021,245,13.0,1.0,1.0,74.0,1.0,2.0,110.0,0.0,0.0,0.0,6.0,1.0,103.0,0.0,0.0,0.0,0.0,0.0,0.0,0.0,0.0,0.0,0.0,0.0,0.0,0.0,0.0,0.0,0.0,0.0,0.0,0.0,0.0,0.0,0.0,0.0,0.0,0.0,0.0,,,,,,,3,Tre Norwood,Oklahoma,Big 12,Cornerback,,,,,,,,,17.166666666666668
4241401,2021,88,0.0,0.0,0.0,1.0,0.0,0.0,2.0,2.0,1.0,0.0,0.0,0.0,0.0,0.0,0.0,0.0,0.0,0.0,0.0,0.0,0.0,1.0,1.0,0.0,0.0,42.0,0.0,0.0,0.0,0.0,0.0,0.0,0.0,48.0,3.0,482.0,455.0,26.0,2946.0,,,,,51.0,65.0,4,Trey Sermon,Oklahoma,Big 12,Running Back,1.0,42.0,10.041666666666666,6.474725274725275,,,,,
4241404,2022,223,7.0,13.0,17.5,44.0,0.0,25.5,80.0,0.0,0.0,3.0,0.0,0.0,0.0,0.0,0.0,0.0,0.0,0.0,0.0,0.0,0.0,0.0,0.0,0.0,0.0,0.0,0.0,0.0,0.0,0.0,0.0,0.0,0.0,0.0,0.0,0.0,0.0,0.0,0.0,,,,,,,4,Isaiah Thomas,Oklahoma,Big 12,Defensive End,,,,,,,,,
4241410,2022,73,0.0,0.0,0.0,2.0,0.0,0.0,2.0,1.0,0.0,0.0,0.0,0.0,0.0,0.0,0.0,0.0,0.0,0.0,0.0,0.0,0.0,0.0,0.0,0.0,0.0,0.0,0.0,0.0,0.0,0.0,0.0,0.0,0.0,76.0,12.0,974.0,2.0,0.0,6.0,,,,,46.0,5.0,4,Jelani Woods,Virginia,ACC,Tight End,,,12.81578947368421,3.0,,,,,
4241411,2022,188,11.0,20.0,7.5,254.0,1.0,35.0,408.0,0.0,0.0,5.0,2.0,1.0,37.0,0.0,0.0,0.0,0.0,0.0,0.0,0.0,0.0,0.0,0.0,0.0,0.0,0.0,0.0,0.0,0.0,0.0,0.0,0.0,0.0,0.0,0.0,0.0,0.0,0.0,0.0,,,,,,,5,Malcolm Rodriguez,Oklahoma State,Big 12,Inside Linebacker,,,,,,,,,18.5
4241416,2021,126,0.0,0.0,0.0,1.0,0.0,0.0,1.0,11.0,2.0,0.0,0.0,0.0,0.0,25.0,0.0,552.0,0.0,0.0,0.0,0.0,0.0,0.0,0.0,0.0,0.0,0.0,0.0,0.0,0.0,0.0,0.0,0.0,0.0,53.0,3.0,479.0,584.0,33.0,3457.0,42.0,,,,54.0,92.0,3,Chuba Hubbard,Oklahoma State,Big 12,Running Back,,,9.037735849056604,5.919520547945205,22.08,,,,
4241424,2021,131,0.0,0.0,0.0,5.0,0.0,0.0,7.0,3.0,3.0,0.0,0.0,0.0,0.0,1.0,0.0,0.0,0.0,0.0,0.0,0.0,0.0,2.0,2.0,0.0,0.0,21.0,4.0,0.0,22.0,0.0,0.0,0.0,0.0,204.0,26.0,3396.0,3.0,1.0,13.0,0.0,,19.0,,90.0,7.0,4,Tylan Wallace,Oklahoma State,Big 12,Wide Receiver,1.0,10.5,16.647058823529413,4.333333333333333,0.0,5.5,,,
4241451,2019,192,3.0,13.0,11.5,44.0,0.0,18.0,103.0,0.0,0.0,1.0,0.0,0.0,0.0,0.0,0.0,0.0,0.0,0.0,0.0,0.0,0.0,0.0,0.0,0.0,0.0,0.0,0.0,0.0,0.0,0.0,0.0,0.0,0.0,0.0,0.0,0.0,0.0,0.0,0.0,,,,,,,2,Isaiah Buggs,Alabama,SEC,Defensive Tackle,,,,,,,,,
4241455,2021,222,0.0,0.0,0.0,1.0,0.0,0.0,2.0,0.0,0.0,1.0,0.0,0.0,0.0,0.0,0.0,0.0,0.0,0.0,0.0,0.0,0.0,0.0,0.0,0.0,0.0,0.0,0.0,0.0,0.0,0.0,0.0,0.0,0.0,0.0,0.0,0.0,0.0,0.0,0.0,,,,,,,3,Thomas Fletcher,Alabama,SEC,Long Snapper,,,,,,,,,
4241457,2021,24,0.0,0.0,0.0,4.0,0.0,0.0,5.0,2.0,1.0,0.0,0.0,0.0,0.0,0.0,0.0,0.0,0.0,0.0,0.0,0.0,0.0,0.0,0.0,0.0,0.0,0.0,0.0,0.0,0.0,0.0,0.0,0.0,0.0,80.0,11.0,781.0,638.0,46.0,3843.0,,,,,42.0,53.0,4,Najee Harris,Alabama,SEC,Running Back,,,9.7625,6.023510971786834,,,,,
4241463,2020,15,0.0,0.0,0.0,0.0,0.0,0.0,1.0,2.0,1.0,0.0,0.0,0.0,0.0,0.0,0.0,0.0,0.0,0.0,0.0,0.0,0.0,0.0,0.0,0.0,0.0,0.0,0.0,0.0,0.0,0.0,0.0,0.0,0.0,159.0,26.0,2742.0,1.0,0.0,1.0,,,,,85.0,1.0,3,Jerry Jeudy,Alabama,SEC,Wide Receiver,,,17.245283018867923,1.0,,,,,
4241464,2021,15,0.0,0.0,0.0,0.0,0.0,0.0,0.0,2.0,1.0,0.0,0.0,0.0,0.0,0.0,0.0,0.0,0.0,0.0,0.0,0.0,0.0,556.0,413.0,7.0,56.0,6126.0,0.0,0.0,0.0,0.0,0.0,0.0,0.0,2.0,0.0,-9.0,54.0,2.0,44.0,,,,,0.0,18.0,3,Mac Jones,Alabama,SEC,Quarterback,0.7428057553956835,11.017985611510792,-4.5,0.8148148148148148,,,,,
4241468,2022,47,5.0,11.0,10.0,52.0,0.0,16.5,127.0,0.0,0.0,3.0,0.0,0.0,0.0,0.0,0.0,0.0,0.0,0.0,0.0,0.0,0.0,0.0,0.0,0.0,0.0,0.0,0.0,0.0,0.0,0.0,0.0,0.0,0.0,0.0,0.0,0.0,0.0,0.0,0.0,,,,,,,4,Phidarian Mathis,Alabama,SEC,Defensive Tackle,,,,,,,,,
4241470,2020,36,15.0,7.0,6.0,109.0,2.0,13.0,177.0,0.0,0.0,1.0,5.0,2.0,101.0,0.0,0.0,0.0,0.0,0.0,0.0,0.0,0.0,0.0,0.0,0.0,0.0,0.0,0.0,0.0,0.0,0.0,0.0,0.0,0.0,0.0,0.0,0.0,0.0,0.0,0.0,,,,,,,3,Xavier McKinney,Alabama,SEC,Safety,,,,,,,,,20.2
4241474,2022,98,0.0,1.0,0.0,4.0,0.0,0.0,5.0,3.0,3.0,0.0,0.0,0.0,0.0,11.0,0.0,166.0,0.0,0.0,0.0,0.0,0.0,0.0,0.0,0.0,0.0,0.0,0.0,0.0,0.0,0.0,0.0,0.0,0.0,52.0,2.0,446.0,545.0,29.0,2704.0,30.0,,,,51.0,63.0,5,Brian Robinson Jr.,Alabama,SEC,Running Back,,,8.576923076923077,4.961467889908257,15.090909090909092,,,,
4241475,2020,12,0.0,0.0,0.0,8.0,0.0,0.0,13.0,4.0,3.0,0.0,0.0,0.0,0.0,25.0,0.0,525.0,0.0,0.0,0.0,0.0,0.0,0.0,0.0,0.0,0.0,0.0,8.0,0.0,46.0,0.0,0.0,0.0,0.0,98.0,24.0,1716.0,2.0,1.0,75.0,40.0,,16.0,,81.0,75.0,3,Henry Ruggs III,Alabama,SEC,Wide Receiver,,,17.510204081632654,37.5,21.0,5.75,,,
4241478,2021,10,0.0,0.0,0.0,4.0,1.0,0.0,4.0,2.0,0.0,1.0,0.0,0.0,0.0,4.0,0.0,52.0,0.0,0.0,0.0,0.0,0.0,0.0,0.0,0.0,0.0,0.0,11.0,1.0,237.0,0.0,0.0,0.0,0.0,235.0,46.0,3965.0,4.0,1.0,6.0,22.0,,84.0,,85.0,14.0,4,DeVonta Smith,Alabama,SEC,Wide Receiver,,,16.872340425531913,1.5,13.0,21.545454545454547,,,
4241479,2020,5,0.0,0.0,0.0,1.0,0.0,0.0,1.0,5.0,3.0,0.0,0.0,0.0,0.0,0.0,0.0,0.0,0.0,0.0,0.0,0.0,0.0,684.0,474.0,11.0,87.0,7442.0,0.0,0.0,0.0,0.0,0.0,0.0,0.0,0.0,0.0,0.0,107.0,9.0,340.0,,,,,,44.0,3,Tua Tagovailoa,Alabama,SEC,Quarterback,0.6929824561403509,10.880116959064328,,3.177570093457944,,,,,
4241555,2021,194,0.0,0.0,0.0,0.0,0.0,0.5,1.0,5.0,0.0,0.0,0.0,0.0,0.0,5.0,0.0,82.0,0.0,0.0,0.0,0.0,0.0,0.0,0.0,0.0,0.0,0.0,0.0,0.0,0.0,0.0,0.0,0.0,0.0,49.0,5.0,597.0,526.0,41.0,3259.0,27.0,,,,64.0,65.0,4,Elijah Mitchell,Louisiana,Sun Belt,Running Back,,,12.183673469387756,6.195817490494297,16.4,,,,
4241597,2023,85,4.0,3.0,4.0,147.0,1.0,14.5,256.0,4.0,1.0,9.0,5.0,1.0,70.0,27.0,0.0,562.0,0.0,0.0,0.0,0.0,0.0,1.0,0.0,0.0,0.0,0.0,0.0,0.0,0.0,0.0,0.0,0.0,0.0,17.0,3.0,269.0,1.0,0.0,0.0,47.0,,,,36.0,0.0,6,Daiyan Henley,Washington State,Pac-12,Inside Linebacker,0.0,0.0,15.823529411764707,0.0,20.814814814814813,,,,14.0
4241720,2022,85,30.0,0.0,0.0,111.0,9.0,5.0,152.0,7.0,4.0,1.0,10.0,0.0,134.0,73.0,6.0,2075.0,0.0,0.0,0.0,0.0,0.0,0.0,0.0,0.0,0.0,0.0,64.0,3.0,875.0,0.0,0.0,0.0,0.0,15.0,1.0,137.0,4.0,0.0,9.0,100.0,,73.0,,47.0,4.0,4,Marcus Jones,Troy,Sun Belt,Cornerback,,,9.133333333333333,2.25,28.424657534246574,13.671875,,,13.4
4241802,2020,21,0.0,0.0,0.0,1.0,2.0,0.0,1.0,9.0,4.0,0.0,0.0,0.0,0.0,14.0,0.0,315.0,0.0,0.0,0.0,0.0,0.0,0.0,0.0,0.0,0.0,0.0,24.0,2.0,409.0,0.0,0.0,0.0,0.0,147.0,22.0,2239.0,36.0,2.0,332.0,37.0,,73.0,,93.0,83.0,3,Jalen Reagor,TCU,Big 12,Wide Receiver,,,15.231292517006803,9.222222222222221,22.5,17.041666666666668,,,
4241807,2021,170,4.0,10.0,8.5,176.0,0.0,32.5,293.0,0.0,0.0,0.0,1.0,0.0,12.0,0.0,0.0,0.0,0.0,0.0,0.0,0.0,0.0,0.0,0.0,0.0,0.0,0.0,0.0,0.0,0.0,0.0,0.0,0.0,0.0,0.0,0.0,0.0,0.0,0.0,0.0,,,,,,,4,Garret Wallow,TCU,Big 12,Inside Linebacker,,,,,,,,,12.0
4241820,2021,218,0.0,0.0,0.0,3.0,0.0,0.0,3.0,12.0,3.0,0.0,0.0,0.0,0.0,0.0,0.0,0.0,0.0,0.0,0.0,0.0,0.0,1475.0,922.0,27.0,94.0,11438.0,0.0,0.0,0.0,0.0,0.0,0.0,0.0,9.0,0.0,115.0,554.0,33.0,1908.0,,,,,27.0,36.0,4,Sam Ehlinger,Texas,Big 12,Quarterback,0.6250847457627119,7.7545762711864406,12.777777777777779,3.444043321299639,,,,,
4241844,2021,236,0.0,0.0,0.0,0.0,0.0,0.0,0.0,0.0,0.0,0.0,0.0,0.0,0.0,0.0,0.0,0.0,0.0,0.0,0.0,0.0,0.0,0.0,0.0,0.0,0.0,0.0,0.0,0.0,0.0,0.0,0.0,0.0,0.0,1.0,0.0,2.0,0.0,0.0,0.0,,,,,2.0,,1,Jack Anderson,Texas Tech,Big 12,Offensive Guard,,,2.0,,,,,,
4241848,2022,246,0.0,0.0,0.0,2.0,0.0,0.0,2.0,0.0,0.0,0.0,0.0,0.0,0.0,0.0,0.0,0.0,0.0,0.0,0.0,0.0,0.0,0.0,0.0,0.0,0.0,0.0,0.0,0.0,0.0,0.0,0.0,0.0,0.0,0.0,0.0,0.0,0.0,0.0,0.0,,,,,,,2,Dawson Deaton,Texas Tech,Big 12,Center,,,,,,,,,
4241889,2020,152,7.0,0.0,0.0,84.0,2.0,4.0,123.0,0.0,0.0,1.0,7.0,2.0,228.0,0.0,0.0,0.0,0.0,0.0,0.0,0.0,0.0,0.0,0.0,0.0,0.0,0.0,0.0,0.0,0.0,0.0,0.0,0.0,0.0,0.0,0.0,0.0,0.0,0.0,0.0,,,,,,,2,Kenny Robinson,West Virginia,Big 12,Safety,,,,,,,,,32.57142857142857
4241941,2020,124,0.0,0.0,0.0,0.0,0.0,0.0,0.0,4.0,1.0,0.0,0.0,0.0,0.0,1.0,0.0,40.0,0.0,0.0,0.0,0.0,0.0,0.0,0.0,0.0,0.0,0.0,0.0,0.0,0.0,0.0,0.0,0.0,0.0,24.0,1.0,199.0,245.0,12.0,1648.0,40.0,,,,46.0,81.0,2,Anthony McFarland,Maryland,Big Ten,Running Back,,,8.291666666666666,6.726530612244898,40.0,,,,
4241961,2022,208,0.0,0.0,0.0,3.0,0.0,0.0,3.0,3.0,1.0,0.0,0.0,0.0,0.0,34.0,0.0,721.0,0.0,0.0,0.0,0.0,0.0,2.0,1.0,0.0,0.0,36.0,1.0,0.0,6.0,0.0,0.0,0.0,0.0,96.0,6.0,711.0,211.0,5.0,825.0,55.0,,6.0,,36.0,80.0,5,Connor Heyward,Michigan State,Big Ten,Fullback,0.5,18.0,7.40625,3.909952606635071,21.205882352941178,6.0,,,
4241977,2020,137,24.0,0.0,0.0,64.0,0.0,2.0,95.0,0.0,0.0,1.0,7.0,0.0,46.0,0.0,0.0,0.0,0.0,0.0,0.0,0.0,0.0,0.0,0.0,0.0,0.0,0.0,0.0,0.0,0.0,0.0,0.0,0.0,0.0,0.0,0.0,0.0,0.0,0.0,0.0,,,,,,,3,Josiah Scott,Michigan State,Big Ten,Cornerback,,,,,,,,,6.571428571428571
4241984,2020,3,18.0,0.0,0.0,64.0,0.0,1.0,83.0,0.0,0.0,2.0,3.0,0.0,0.0,0.0,0.0,0.0,0.0,0.0,0.0,0.0,0.0,0.0,0.0,0.0,0.0,0.0,0.0,0.0,0.0,0.0,0.0,0.0,0.0,0.0,0.0,0.0,0.0,0.0,0.0,,,,,,,3,Jeffrey Okudah,Ohio State,Big Ten,Cornerback,,,,,,,,,0.0
4241985,2020,55,0.0,0.0,1.0,2.0,0.0,2.0,2.0,5.0,4.0,0.0,0.0,0.0,0.0,0.0,0.0,0.0,0.0,0.0,0.0,0.0,0.0,0.0,0.0,0.0,0.0,0.0,0.0,0.0,0.0,0.0,0.0,0.0,0.0,71.0,5.0,645.0,724.0,38.0,4459.0,,,,,35.0,77.0,3,J.K. Dobbins,Ohio State,Big Ten,Running Back,,,9.084507042253522,6.1588397790055245,,,,,
4241986,2020,2,8.0,16.0,29.5,67.0,0.0,40.5,97.0,0.0,0.0,0.0,0.0,0.0,0.0,0.0,0.0,0.0,0.0,0.0,0.0,0.0,0.0,0.0,0.0,0.0,0.0,0.0,0.0,0.0,0.0,0.0,0.0,0.0,0.0,0.0,0.0,0.0,0.0,0.0,0.0,,,,,,,3,Chase Young,Ohio State,Big Ten,Defensive End,,,,,,,,,
4241987,2021,105,3.0,2.0,7.0,64.0,0.0,19.0,108.0,0.0,0.0,2.0,0.0,0.0,0.0,0.0,0.0,0.0,0.0,0.0,0.0,0.0,0.0,0.0,0.0,0.0,0.0,0.0,0.0,0.0,0.0,0.0,0.0,0.0,0.0,0.0,0.0,0.0,1.0,0.0,2.0,,,,,,2.0,4,Baron Browning,Ohio State,Big Ten,Outside Linebacker,,,,2.0,,,,,
4241993,2021,60,11.0,3.0,4.0,111.0,0.0,16.0,185.0,0.0,0.0,2.0,0.0,0.0,0.0,0.0,0.0,0.0,0.0,0.0,0.0,0.0,0.0,0.0,0.0,0.0,0.0,0.0,0.0,0.0,0.0,0.0,0.0,0.0,0.0,0.0,0.0,0.0,0.0,0.0,0.0,,,,,,,4,Pete Werner,Ohio State,Big Ten,Inside Linebacker,,,,,,,,,
4241995,2021,160,19.0,1.0,2.0,67.0,1.0,5.0,91.0,0.0,0.0,0.0,6.0,1.0,48.0,0.0,0.0,0.0,0.0,0.0,0.0,0.0,0.0,0.0,0.0,0.0,0.0,0.0,0.0,0.0,0.0,0.0,0.0,0.0,0.0,0.0,0.0,0.0,0.0,0.0,0.0,,,,,,,3,Shaun Wade,Ohio State,Big Ten,Cornerback,,,,,,,,,8.0
4241999,2021,86,0.0,0.0,0.0,0.0,0.0,0.0,0.0,0.0,0.0,0.0,0.0,0.0,0.0,0.0,0.0,0.0,0.0,0.0,0.0,0.0,0.0,0.0,0.0,0.0,0.0,0.0,0.0,0.0,0.0,0.0,0.0,0.0,0.0,1.0,0.0,-2.0,0.0,0.0,0.0,,,,,0.0,,1,Wyatt Davis,Ohio State,Big Ten,Offensive Guard,,,-2.0,,,,,,
4242001,2022,238,0.0,0.0,0.0,0.0,0.0,0.0,0.0,0.0,0.0,1.0,0.0,0.0,0.0,0.0,0.0,0.0,0.0,0.0,0.0,0.0,0.0,0.0,0.0,0.0,0.0,0.0,0.0,0.0,0.0,0.0,0.0,0.0,0.0,0.0,0.0,0.0,0.0,0.0,0.0,,,,,,,1,Thayer Munford,Ohio State,Big Ten,Offensive Tackle,,,,,,,,,
4242149,2022,222,16.0,0.0,0.0,75.0,0.0,4.0,130.0,0.0,0.0,2.0,7.0,0.0,12.0,0.0,0.0,0.0,0.0,0.0,0.0,0.0,0.0,0.0,0.0,0.0,0.0,0.0,0.0,0.0,0.0,0.0,0.0,0.0,0.0,0.0,0.0,0.0,0.0,0.0,0.0,,,,,,,4,Montaric Brown,Arkansas,SEC,Cornerback,,,,,,,,,1.7142857142857142
4242154,2020,216,15.0,1.0,2.0,105.0,0.0,4.0,175.0,0.0,0.0,2.0,2.0,0.0,22.0,0.0,0.0,0.0,0.0,0.0,0.0,0.0,0.0,0.0,0.0,0.0,0.0,0.0,0.0,0.0,0.0,0.0,0.0,0.0,0.0,0.0,0.0,0.0,0.0,0.0,0.0,,,,,,,3,Kamren Curl,Arkansas,SEC,Safety,,,,,,,,,11.0
4242204,2021,224,14.0,5.0,9.0,99.0,0.0,21.0,184.0,0.0,0.0,4.0,4.0,0.0,10.0,0.0,0.0,0.0,0.0,0.0,0.0,0.0,0.0,0.0,0.0,0.0,0.0,0.0,0.0,0.0,0.0,0.0,0.0,0.0,0.0,2.0,0.0,32.0,0.0,0.0,0.0,,,,,27.0,,4,JaCoby Stevens,LSU,SEC,Safety,,,16.0,,,,,,2.5
4242205,2020,20,4.0,9.0,9.5,46.0,0.0,19.0,92.0,0.0,0.0,0.0,0.0,0.0,0.0,0.0,0.0,0.0,0.0,0.0,0.0,0.0,0.0,0.0,0.0,0.0,0.0,0.0,0.0,0.0,0.0,0.0,0.0,0.0,0.0,0.0,0.0,0.0,0.0,0.0,0.0,,,,,,,3,K'Lavon Chaisson,LSU,SEC,Outside Linebacker,,,,,,,,,
4242206,2020,97,5.0,9.0,2.0,93.0,1.0,13.5,214.0,0.0,0.0,0.0,1.0,1.0,45.0,0.0,0.0,0.0,0.0,0.0,0.0,0.0,0.0,0.0,0.0,0.0,0.0,0.0,0.0,0.0,0.0,0.0,0.0,0.0,0.0,0.0,0.0,0.0,0.0,0.0,0.0,,,,,,,3,Jacob Phillips,LSU,SEC,Inside Linebacker,,,,,,,,,45.0
4242207,2020,28,2.0,2.0,4.0,59.0,0.0,17.5,131.0,0.0,0.0,0.0,1.0,0.0,16.0,0.0,0.0,0.0,0.0,0.0,0.0,0.0,0.0,0.0,0.0,0.0,0.0,0.0,0.0,0.0,0.0,0.0,0.0,0.0,0.0,0.0,0.0,0.0,0.0,0.0,0.0,,,,,,,3,Patrick Queen,LSU,SEC,Inside Linebacker,,,,,,,,,16.0
4242208,2020,44,24.0,6.0,7.0,120.0,0.0,17.5,199.0,0.0,0.0,1.0,8.0,0.0,0.0,0.0,0.0,0.0,0.0,0.0,0.0,0.0,0.0,0.0,0.0,0.0,0.0,0.0,0.0,0.0,0.0,0.0,0.0,0.0,0.0,0.0,0.0,0.0,0.0,0.0,0.0,,,,,,,3,Grant Delpit,LSU,SEC,Safety,,,,,,,,,0.0
4242211,2021,237,16.0,0.0,1.0,60.0,0.0,3.5,88.0,0.0,0.0,0.0,6.0,0.0,45.0,0.0,0.0,0.0,0.0,0.0,0.0,0.0,0.0,0.0,0.0,0.0,0.0,0.0,0.0,0.0,0.0,0.0,0.0,0.0,0.0,0.0,0.0,0.0,0.0,0.0,0.0,,,,,,,3,Kary Vincent Jr.,LSU,SEC,Cornerback,,,,,,,,,7.5
4242214,2020,32,0.0,0.0,0.0,1.0,0.0,0.0,1.0,2.0,1.0,0.0,0.0,0.0,0.0,45.0,0.0,867.0,0.0,0.0,0.0,0.0,0.0,1.0,1.0,0.0,1.0,11.0,0.0,0.0,0.0,0.0,0.0,0.0,0.0,68.0,1.0,596.0,357.0,23.0,2048.0,77.0,,,,30.0,89.0,3,Clyde Edwards-Helaire,LSU,SEC,Running Back,1.0,11.0,8.764705882352942,5.7366946778711485,19.266666666666666,,,,
4242228,2021,122,2.0,1.0,1.5,15.0,0.0,4.5,48.0,0.0,0.0,0.0,0.0,0.0,0.0,0.0,0.0,0.0,0.0,0.0,0.0,0.0,0.0,0.0,0.0,0.0,0.0,0.0,0.0,0.0,0.0,0.0,0.0,0.0,0.0,0.0,0.0,0.0,0.0,0.0,0.0,,,,,,,2,Tyler Shelvin,LSU,SEC,Defensive Tackle,,,,,,,,,
4242229,2022,205,0.0,0.0,0.0,1.0,0.0,0.0,1.0,0.0,0.0,0.0,0.0,0.0,0.0,0.0,0.0,0.0,0.0,0.0,0.0,0.0,0.0,0.0,0.0,0.0,0.0,0.0,0.0,0.0,0.0,0.0,0.0,0.0,0.0,0.0,0.0,0.0,0.0,0.0,0.0,,,,,,,1,Austin Deculus,LSU,SEC,Offensive Tackle,,,,,,,,,
4242231,2021,205,0.0,0.0,0.0,6.0,0.0,0.0,6.0,0.0,0.0,0.0,0.0,0.0,0.0,0.0,0.0,0.0,0.0,0.0,0.0,0.0,0.0,0.0,0.0,0.0,0.0,0.0,0.0,0.0,0.0,0.0,0.0,0.0,0.0,33.0,4.0,522.0,0.0,0.0,0.0,,,,,60.0,,3,Racey McMath,LSU,SEC,Wide Receiver,,,15.818181818181818,,,,,,
4242234,2022,126,5.0,8.0,7.5,54.0,0.0,22.0,143.0,0.0,0.0,0.0,0.0,0.0,0.0,0.0,0.0,0.0,0.0,0.0,0.0,0.0,0.0,0.0,0.0,0.0,0.0,0.0,0.0,0.0,0.0,0.0,0.0,0.0,0.0,0.0,0.0,0.0,0.0,0.0,0.0,,,,,,,5,Neil Farrell Jr.,LSU,SEC,Defensive Tackle,,,,,,,,,
4242283,2021,13,0.0,0.0,0.0,2.0,0.0,0.0,3.0,0.0,0.0,0.0,0.0,0.0,0.0,0.0,0.0,0.0,0.0,0.0,0.0,0.0,0.0,0.0,0.0,0.0,0.0,0.0,0.0,0.0,0.0,0.0,0.0,0.0,0.0,0.0,0.0,0.0,0.0,0.0,0.0,,,,,,,2,Rashawn Slater,Northwestern,Big Ten,Offensive Tackle,,,,,,,,,
4242292,2021,174,9.0,8.0,7.0,45.0,1.0,18.5,71.0,0.0,0.0,3.0,0.0,0.0,0.0,0.0,0.0,0.0,0.0,0.0,0.0,0.0,0.0,0.0,0.0,0.0,0.0,0.0,0.0,0.0,0.0,0.0,0.0,0.0,0.0,0.0,0.0,0.0,0.0,0.0,0.0,,,,,,,4,Earnest Brown IV,Northwestern,Big Ten,Defensive End,,,,,,,,,
4242333,2022,232,16.0,1.0,0.0,84.0,0.0,2.0,105.0,0.0,0.0,0.0,1.0,0.0,0.0,1.0,0.0,0.0,0.0,0.0,0.0,0.0,0.0,0.0,0.0,0.0,0.0,0.0,0.0,0.0,0.0,0.0,0.0,0.0,0.0,0.0,0.0,0.0,0.0,0.0,0.0,0.0,,,,,,4,Faion Hicks,Wisconsin,Big Ten,Cornerback,,,,,0.0,,,,0.0
4242335,2020,41,0.0,0.0,0.0,0.0,0.0,0.0,0.0,17.0,15.0,0.0,0.0,0.0,0.0,0.0,0.0,0.0,0.0,0.0,0.0,0.0,0.0,0.0,0.0,0.0,0.0,0.0,0.0,0.0,0.0,0.0,0.0,0.0,0.0,42.0,5.0,407.0,897.0,49.0,5991.0,,,,,36.0,88.0,3,Jonathan Taylor,Wisconsin,Big Ten,Running Back,,,9.69047619047619,6.678929765886288,,,,,
4242355,2022,129,0.0,0.0,0.0,2.0,0.0,0.0,3.0,2.0,2.0,0.0,0.0,0.0,0.0,0.0,0.0,0.0,0.0,0.0,0.0,0.0,0.0,0.0,0.0,0.0,0.0,0.0,0.0,0.0,0.0,0.0,0.0,0.0,0.0,144.0,13.0,1614.0,0.0,0.0,0.0,,,,,36.0,,4,Jake Ferguson,Wisconsin,Big Ten,Tight End,,,11.208333333333334,,,,,,
4242358,2022,206,4.0,5.0,8.5,37.0,2.0,13.0,88.0,0.0,0.0,3.0,0.0,0.0,0.0,0.0,0.0,0.0,0.0,0.0,0.0,0.0,0.0,0.0,0.0,0.0,0.0,0.0,0.0,0.0,0.0,0.0,0.0,0.0,0.0,0.0,0.0,0.0,0.0,0.0,0.0,,,,,,,4,Matt Henningsen,Wisconsin,Big Ten,Defensive Tackle,,,,,,,,,
4242391,2021,95,0.0,0.0,0.0,1.0,0.0,0.0,1.0,0.0,0.0,0.0,0.0,0.0,0.0,0.0,0.0,0.0,0.0,0.0,0.0,0.0,0.0,0.0,0.0,0.0,0.0,0.0,0.0,0.0,0.0,0.0,0.0,0.0,0.0,0.0,0.0,0.0,0.0,0.0,0.0,,,,,,,1,Robert Hainsey,Notre Dame,FBS Independents,Offensive Tackle,,,,,,,,,
4242402,2022,254,14.0,0.0,3.0,142.0,0.0,14.5,206.0,0.0,0.0,0.0,5.0,1.0,66.0,0.0,0.0,0.0,0.0,0.0,0.0,0.0,0.0,0.0,0.0,0.0,0.0,0.0,0.0,0.0,0.0,0.0,0.0,0.0,0.0,0.0,0.0,0.0,1.0,0.0,4.0,,,,,,4.0,5,Elijah Hicks,California,Pac-12,Safety,,,,4.0,,,,,13.2
4242415,2023,158,6.0,6.0,1.0,136.0,1.0,7.0,204.0,0.0,0.0,0.0,7.0,1.0,65.0,0.0,0.0,0.0,0.0,0.0,0.0,0.0,0.0,0.0,0.0,0.0,0.0,0.0,0.0,0.0,0.0,0.0,0.0,0.0,0.0,0.0,0.0,0.0,0.0,0.0,0.0,,,,,,,5,Daniel Scott,California,Pac-12,Safety,,,,,,,,,9.285714285714286
4242431,2022,169,0.0,0.0,0.0,2.0,1.0,0.0,2.0,5.0,4.0,0.0,0.0,0.0,0.0,45.0,1.0,850.0,0.0,0.0,0.0,0.0,0.0,0.0,0.0,0.0,0.0,0.0,0.0,0.0,0.0,0.0,0.0,0.0,0.0,73.0,4.0,681.0,603.0,26.0,3138.0,91.0,,,,75.0,81.0,5,Ty Chandler,Tennessee,SEC,Running Back,,,9.32876712328767,5.203980099502488,18.88888888888889,,,,
4242433,2021,77,0.0,0.0,0.0,1.0,0.0,0.0,3.0,0.0,0.0,0.0,0.0,0.0,0.0,0.0,0.0,0.0,0.0,0.0,0.0,0.0,0.0,0.0,0.0,0.0,0.0,0.0,0.0,0.0,0.0,0.0,0.0,0.0,0.0,99.0,7.0,1514.0,8.0,1.0,37.0,,,,,53.0,20.0,4,Josh Palmer,Tennessee,SEC,Wide Receiver,,,15.292929292929292,4.625,,,,,
4242436,2022,204,17.0,4.0,1.5,107.0,1.0,12.0,190.0,0.0,0.0,1.0,3.0,1.0,91.0,0.0,0.0,0.0,0.0,0.0,0.0,0.0,0.0,0.0,0.0,0.0,0.0,0.0,2.0,0.0,14.0,0.0,0.0,0.0,0.0,0.0,0.0,0.0,0.0,0.0,0.0,,,8.0,,,,5,Theo Jackson,Tennessee,SEC,Safety,,,,,,7.0,,,30.333333333333332
4242457,2022,175,3.0,12.0,9.5,68.0,0.0,16.0,152.0,0.0,0.0,0.0,0.0,0.0,0.0,0.0,0.0,0.0,0.0,0.0,0.0,0.0,0.0,0.0,0.0,0.0,0.0,0.0,0.0,0.0,0.0,0.0,0.0,0.0,0.0,0.0,0.0,0.0,0.0,0.0,0.0,,,,,,,5,Matthew Butler,Tennessee,SEC,Defensive Tackle,,,,,,,,,
4242459,2021,226,0.0,0.0,0.0,2.0,0.0,0.0,2.0,0.0,0.0,0.0,0.0,0.0,0.0,0.0,0.0,0.0,0.0,0.0,0.0,0.0,0.0,0.0,0.0,0.0,0.0,0.0,0.0,0.0,0.0,0.0,0.0,0.0,0.0,0.0,0.0,0.0,0.0,0.0,0.0,,,,,,,2,Trey Smith,Tennessee,SEC,Offensive Guard,,,,,,,,,
4242485,2021,228,31.0,0.0,0.0,130.0,0.0,8.5,168.0,0.0,0.0,1.0,8.0,0.0,74.0,0.0,0.0,0.0,0.0,0.0,0.0,0.0,0.0,0.0,0.0,0.0,0.0,0.0,0.0,0.0,0.0,0.0,0.0,0.0,0.0,0.0,0.0,0.0,0.0,0.0,0.0,,,,,,,3,Thomas Graham Jr.,Oregon,Pac-12,Cornerback,,,,,,,,,9.25
4242488,2021,172,20.0,2.0,0.0,104.0,0.0,4.0,145.0,0.0,0.0,2.0,6.0,0.0,83.0,0.0,0.0,0.0,0.0,0.0,0.0,0.0,0.0,0.0,0.0,0.0,0.0,0.0,0.0,0.0,0.0,0.0,0.0,0.0,0.0,0.0,0.0,0.0,0.0,0.0,0.0,,,,,,,4,Deommodore Lenoir,Oregon,Pac-12,Cornerback,,,,,,,,,13.833333333333334
4242512,2022,86,0.0,0.0,0.0,2.0,0.0,0.0,2.0,13.0,5.0,0.0,0.0,0.0,0.0,0.0,0.0,0.0,0.0,0.0,0.0,0.0,0.0,617.0,387.0,18.0,48.0,5178.0,0.0,0.0,0.0,0.0,0.0,0.0,0.0,1.0,0.0,13.0,366.0,29.0,2131.0,,,,,13.0,67.0,4,Malik Willis,Liberty,FBS Independents,Quarterback,0.6272285251215559,8.39222042139384,13.0,5.8224043715847,,,,,
4242516,2020,30,18.0,0.0,0.0,57.0,2.0,2.0,80.0,2.0,0.0,0.0,1.0,0.0,0.0,44.0,2.0,1199.0,0.0,0.0,0.0,0.0,0.0,0.0,0.0,0.0,0.0,0.0,0.0,0.0,0.0,0.0,0.0,0.0,0.0,6.0,0.0,24.0,1.0,0.0,11.0,96.0,,,,14.0,11.0,3,Noah Igbinoghene,Auburn,SEC,Cornerback,,,4.0,11.0,27.25,,,,0.0
4242519,2023,207,0.0,0.0,0.0,3.0,0.0,0.0,3.0,0.0,0.0,0.0,0.0,0.0,0.0,0.0,0.0,0.0,110.0,79.0,410.0,176.0,173.0,0.0,0.0,0.0,0.0,0.0,0.0,0.0,0.0,0.0,0.0,0.0,0.0,1.0,0.0,3.0,0.0,0.0,0.0,,53.0,,,3.0,,5,Anders Carlson,Auburn,SEC,Place Kicker,,,3.0,,,,,0.7181818181818181,
4242521,2021,176,2.0,1.0,2.5,63.0,0.0,13.0,117.0,0.0,0.0,0.0,0.0,0.0,0.0,2.0,0.0,0.0,0.0,0.0,0.0,0.0,0.0,0.0,0.0,0.0,0.0,0.0,0.0,0.0,11.0,0.0,0.0,0.0,0.0,0.0,0.0,0.0,0.0,0.0,0.0,0.0,,11.0,,,,4,K.J. Britt,Auburn,SEC,Inside Linebacker,,,,,0.0,inf,,,
4242540,2020,207,0.0,0.0,0.0,0.0,0.0,0.0,0.0,1.0,0.0,0.0,0.0,0.0,0.0,0.0,0.0,0.0,0.0,0.0,0.0,0.0,0.0,0.0,0.0,0.0,0.0,0.0,0.0,0.0,0.0,0.0,0.0,0.0,0.0,176.0,20.0,2322.0,0.0,0.0,0.0,,,,,51.0,,3,Isaiah Hodgins,Oregon State,Pac-12,Wide Receiver,,,13.193181818181818,,,,,,
4242546,2021,67,0.0,0.0,0.0,1.0,0.0,0.0,1.0,6.0,3.0,0.0,0.0,0.0,0.0,0.0,0.0,0.0,0.0,0.0,0.0,0.0,0.0,435.0,284.0,8.0,18.0,3453.0,0.0,0.0,0.0,0.0,0.0,0.0,0.0,1.0,1.0,8.0,63.0,3.0,86.0,,,,,8.0,17.0,3,Davis Mills,Stanford,Pac-12,Quarterback,0.6528735632183909,7.937931034482759,8.0,1.3650793650793651,,,,,
4242547,2021,76,27.0,0.0,0.0,69.0,0.0,5.0,97.0,0.0,0.0,0.0,8.0,0.0,49.0,0.0,0.0,0.0,0.0,0.0,0.0,0.0,0.0,0.0,0.0,0.0,0.0,0.0,0.0,0.0,0.0,0.0,0.0,0.0,0.0,0.0,0.0,0.0,0.0,0.0,0.0,,,,,,,2,Paulson Adebo,Stanford,Pac-12,Cornerback,,,,,,,,,6.125
4242553,2021,114,0.0,1.0,0.0,1.0,0.0,0.0,3.0,0.0,0.0,0.0,0.0,0.0,0.0,0.0,0.0,0.0,0.0,0.0,0.0,0.0,0.0,0.0,0.0,0.0,0.0,0.0,0.0,0.0,0.0,0.0,0.0,0.0,0.0,0.0,0.0,0.0,0.0,0.0,0.0,,,,,,,1,Drew Dalman,Stanford,Pac-12,Center,,,,,,,,,
4242557,2020,133,0.0,0.0,0.0,3.0,0.0,0.0,3.0,0.0,0.0,0.0,0.0,0.0,0.0,0.0,0.0,0.0,0.0,0.0,0.0,0.0,0.0,1.0,1.0,0.0,1.0,8.0,0.0,0.0,0.0,0.0,0.0,0.0,0.0,87.0,12.0,1171.0,0.0,0.0,0.0,,,,,75.0,,3,Colby Parkinson,Stanford,Pac-12,Tight End,1.0,8.0,13.459770114942529,,,,,,
4242659,2021,54,3.0,23.0,12.0,63.0,1.0,31.0,126.0,0.0,0.0,1.0,1.0,0.0,0.0,0.0,0.0,0.0,0.0,0.0,0.0,0.0,0.0,0.0,0.0,0.0,0.0,0.0,0.0,0.0,0.0,0.0,0.0,0.0,0.0,0.0,0.0,0.0,0.0,0.0,0.0,,,,,,,4,Dayo Odeyingbo,Vanderbilt,SEC,Defensive End,,,,,,,,,0.0
4242873,2020,222,0.0,0.0,0.0,1.0,1.0,0.0,1.0,5.0,4.0,0.0,0.0,0.0,0.0,6.0,0.0,119.0,0.0,0.0,0.0,0.0,0.0,0.0,0.0,0.0,0.0,0.0,1.0,1.0,9.0,0.0,0.0,0.0,0.0,81.0,4.0,623.0,576.0,27.0,2867.0,25.0,,9.0,,72.0,49.0,3,Eno Benjamin,Arizona State,Pac-12,Running Back,,,7.691358024691358,4.977430555555555,19.833333333333332,9.0,,,
4242899,2022,147,6.0,3.0,5.0,62.0,0.0,15.5,137.0,0.0,0.0,1.0,0.0,0.0,0.0,0.0,0.0,0.0,0.0,0.0,0.0,0.0,0.0,0.0,0.0,0.0,0.0,0.0,0.0,0.0,0.0,0.0,0.0,0.0,0.0,0.0,0.0,0.0,0.0,0.0,0.0,,,,,,,4,D.J. Davidson,Arizona State,Pac-12,Defensive Tackle,,,,,,,,,
4242973,2020,110,16.0,1.0,0.0,88.0,3.0,3.0,119.0,0.0,0.0,2.0,8.0,2.0,61.0,38.0,1.0,878.0,0.0,0.0,0.0,0.0,0.0,0.0,0.0,0.0,0.0,0.0,4.0,0.0,18.0,0.0,0.0,0.0,0.0,0.0,0.0,0.0,0.0,0.0,0.0,93.0,,9.0,,,,3,Darnay Holmes,UCLA,Pac-12,Cornerback,,,,,23.105263157894736,4.5,,,7.625
4242975,2021,18,5.0,6.0,11.5,49.0,0.0,23.5,86.0,0.0,0.0,0.0,1.0,0.0,0.0,0.0,0.0,0.0,0.0,0.0,0.0,0.0,0.0,0.0,0.0,0.0,0.0,0.0,0.0,0.0,0.0,0.0,0.0,0.0,0.0,0.0,0.0,0.0,0.0,0.0,0.0,,,,,,,3,Jaelan Phillips,UCLA,Pac-12,Defensive End,,,,,,,,,0.0
4243009,2020,119,10.0,8.0,6.5,94.0,1.0,22.5,182.0,0.0,0.0,2.0,1.0,1.0,38.0,0.0,0.0,0.0,0.0,0.0,0.0,0.0,0.0,0.0,0.0,0.0,0.0,0.0,1.0,0.0,-1.0,0.0,0.0,0.0,0.0,0.0,0.0,0.0,0.0,0.0,0.0,,,0.0,,,,2,Mykal Walker,Fresno State,Mountain West,Inside Linebacker,,,,,,-1.0,,,38.0
4243160,2020,42,0.0,0.0,0.0,4.0,1.0,0.0,4.0,2.0,2.0,0.0,0.0,0.0,0.0,1.0,0.0,54.0,0.0,0.0,0.0,0.0,0.0,0.0,0.0,0.0,0.0,0.0,1.0,1.0,55.0,0.0,0.0,0.0,0.0,149.0,10.0,1943.0,42.0,7.0,280.0,54.0,,55.0,,89.0,49.0,3,Laviska Shenault Jr.,Colorado,Pac-12,Wide Receiver,,,13.04026845637584,6.666666666666667,54.0,55.0,,,
4243186,2021,197,0.0,0.0,0.0,2.0,0.0,0.0,2.0,0.0,0.0,0.0,0.0,0.0,0.0,0.0,0.0,0.0,0.0,0.0,0.0,0.0,0.0,0.0,0.0,0.0,0.0,0.0,0.0,0.0,0.0,0.0,0.0,0.0,0.0,0.0,0.0,0.0,0.0,0.0,0.0,,,,,,,2,William Sherman,Colorado,Pac-12,Offensive Tackle,,,,,,,,,
4243218,2021,189,3.0,0.0,6.0,44.0,0.0,12.0,92.0,0.0,0.0,0.0,0.0,0.0,0.0,0.0,0.0,0.0,0.0,0.0,0.0,0.0,0.0,0.0,0.0,0.0,0.0,0.0,0.0,0.0,0.0,0.0,0.0,0.0,0.0,0.0,0.0,0.0,0.0,0.0,0.0,,,,,,,4,Marlon Tuipulotu,USC,Pac-12,Defensive Tackle,,,,,,,,,
4243220,2023,229,0.0,0.0,0.0,1.0,0.0,0.0,2.0,0.0,0.0,0.0,0.0,0.0,0.0,0.0,0.0,0.0,0.0,0.0,0.0,0.0,0.0,0.0,0.0,0.0,0.0,0.0,0.0,0.0,0.0,0.0,0.0,0.0,0.0,0.0,0.0,0.0,0.0,0.0,0.0,,,,,,,2,Andrew Vorhees,USC,Pac-12,Offensive Guard,,,,,,,,,
4243244,2019,47,4.0,1.0,0.0,73.0,0.0,4.5,97.0,0.0,0.0,1.0,2.0,0.0,5.0,0.0,0.0,0.0,0.0,0.0,0.0,0.0,0.0,0.0,0.0,0.0,0.0,0.0,0.0,0.0,0.0,0.0,0.0,0.0,0.0,0.0,0.0,0.0,0.0,0.0,0.0,,,,,,,2,Marquise Blair,Utah,Pac-12,Safety,,,,,,,,,2.5
4243253,2020,50,21.0,0.0,1.0,82.0,2.0,3.0,96.0,0.0,0.0,0.0,7.0,2.0,165.0,0.0,0.0,0.0,0.0,0.0,0.0,0.0,0.0,0.0,0.0,0.0,0.0,0.0,0.0,0.0,0.0,0.0,0.0,0.0,0.0,0.0,0.0,0.0,0.0,0.0,0.0,,,,,,,3,Jaylon Johnson,Utah,Pac-12,Cornerback,,,,,,,,,23.571428571428573
4243256,2022,27,8.0,3.0,16.5,143.0,3.0,41.0,245.0,0.0,0.0,2.0,5.0,3.0,100.0,0.0,0.0,0.0,0.0,0.0,0.0,0.0,0.0,0.0,0.0,0.0,0.0,0.0,0.0,0.0,0.0,0.0,0.0,0.0,0.0,0.0,0.0,0.0,0.0,0.0,0.0,,,,,,,4,Devin Lloyd,Utah,Pac-12,Inside Linebacker,,,,,,,,,20.0
4243257,2020,197,2.0,1.0,5.0,29.0,0.0,15.0,80.0,0.0,0.0,1.0,0.0,0.0,0.0,0.0,0.0,0.0,0.0,0.0,0.0,0.0,0.0,0.0,0.0,0.0,0.0,0.0,0.0,0.0,0.0,0.0,0.0,0.0,0.0,0.0,0.0,0.0,0.0,0.0,0.0,,,,,,,3,John Penisini,Utah,Pac-12,Defensive Tackle,,,,,,,,,
4243322,2023,127,0.0,0.0,0.0,1.0,0.0,0.0,1.0,8.0,7.0,0.0,0.0,0.0,0.0,0.0,0.0,0.0,0.0,0.0,0.0,0.0,0.0,1080.0,736.0,18.0,68.0,9055.0,0.0,0.0,0.0,1.0,2.0,0.0,72.0,1.0,0.0,-8.0,174.0,8.0,-102.0,,,,37.0,0.0,54.0,4,Jake Haener,Washington,Pac-12,Quarterback,0.6814814814814815,8.38425925925926,-8.0,-0.5862068965517241,,,36.0,,
4243328,2021,100,19.0,1.0,0.0,100.0,0.0,7.0,152.0,0.0,0.0,1.0,5.0,0.0,69.0,0.0,0.0,0.0,0.0,0.0,0.0,0.0,0.0,0.0,0.0,0.0,0.0,0.0,0.0,0.0,0.0,0.0,0.0,0.0,0.0,0.0,0.0,0.0,0.0,0.0,0.0,,,,,,,4,Elijah Molden,Washington,Pac-12,Cornerback,,,,,,,,,13.8
4243331,2022,106,0.0,0.0,0.0,4.0,0.0,0.0,4.0,2.0,0.0,0.0,0.0,0.0,0.0,0.0,0.0,0.0,0.0,0.0,0.0,0.0,0.0,0.0,0.0,0.0,0.0,0.0,0.0,0.0,0.0,0.0,0.0,0.0,0.0,91.0,9.0,1026.0,0.0,0.0,0.0,,,,,42.0,,4,Cade Otton,Washington,Pac-12,Tight End,,,11.274725274725276,,,,,,
4243332,2021,166,10.0,0.0,0.0,60.0,0.0,3.5,89.0,0.0,0.0,0.0,0.0,0.0,0.0,0.0,0.0,0.0,0.0,0.0,0.0,0.0,0.0,0.0,0.0,0.0,0.0,0.0,0.0,0.0,0.0,0.0,0.0,0.0,0.0,0.0,0.0,0.0,0.0,0.0,0.0,,,,,,,4,Keith Taylor,Washington,Pac-12,Cornerback,,,,,,,,,
4243333,2021,32,2.0,1.0,9.0,35.0,0.0,14.5,58.0,0.0,0.0,0.0,0.0,0.0,0.0,0.0,0.0,0.0,0.0,0.0,0.0,0.0,0.0,0.0,0.0,0.0,0.0,0.0,0.0,0.0,0.0,0.0,0.0,0.0,0.0,0.0,0.0,0.0,0.0,0.0,0.0,,,,,,,2,Joe Tryon,Washington,Pac-12,Outside Linebacker,,,,,,,,,
4243375,2022,90,0.0,0.0,0.0,1.0,0.0,0.0,1.0,0.0,0.0,0.0,0.0,0.0,0.0,0.0,0.0,0.0,0.0,0.0,0.0,0.0,0.0,0.0,0.0,0.0,0.0,0.0,0.0,0.0,0.0,0.0,0.0,0.0,0.0,0.0,0.0,0.0,0.0,0.0,0.0,,,,,,,1,Dylan Parham,Memphis,American Athletic,Offensive Guard,,,,,,,,,
4243389,2022,138,0.0,0.0,0.0,6.0,2.0,0.0,6.0,4.0,2.0,0.0,0.0,0.0,0.0,0.0,0.0,0.0,0.0,0.0,0.0,0.0,0.0,1.0,1.0,0.0,0.0,7.0,29.0,2.0,323.0,0.0,0.0,0.0,0.0,156.0,22.0,2541.0,8.0,3.0,169.0,,,94.0,,75.0,83.0,4,Calvin Austin III,Memphis,American Athletic,Wide Receiver,1.0,7.0,16.28846153846154,21.125,,11.137931034482758,,,
4243457,2022,82,7.0,45.0,32.5,182.0,1.0,58.5,348.0,0.0,0.0,1.0,1.0,0.0,0.0,0.0,0.0,0.0,0.0,0.0,0.0,0.0,0.0,1.0,0.0,0.0,0.0,0.0,0.0,0.0,0.0,0.0,0.0,0.0,0.0,0.0,0.0,0.0,0.0,0.0,0.0,,,,,,,5,DeAngelo Malone,Western Kentucky,Conference USA,Outside Linebacker,0.0,0.0,,,,,,,0.0
4243493,2023,46,2.0,6.0,11.0,61.0,0.0,33.5,120.0,0.0,0.0,1.0,1.0,0.0,0.0,0.0,0.0,0.0,0.0,0.0,0.0,0.0,0.0,0.0,0.0,0.0,0.0,0.0,0.0,0.0,0.0,0.0,0.0,0.0,0.0,10.0,0.0,125.0,0.0,0.0,0.0,,,,,31.0,,4,Keion White,Old Dominion,Conference USA,Defensive End,,,12.5,,,,,,0.0
4243537,2020,128,0.0,0.0,0.0,5.0,0.0,0.0,6.0,1.0,0.0,0.0,0.0,0.0,0.0,0.0,0.0,0.0,0.0,0.0,0.0,0.0,0.0,0.0,0.0,0.0,0.0,0.0,0.0,0.0,0.0,0.0,0.0,0.0,0.0,152.0,23.0,2447.0,0.0,0.0,0.0,,,,,80.0,,3,Gabriel Davis,UCF,American Athletic,Wide Receiver,,,16.098684210526315,,,,,,
4243541,2022,220,2.0,6.0,4.0,32.0,0.0,15.0,60.0,0.0,0.0,1.0,0.0,0.0,0.0,0.0,0.0,0.0,0.0,0.0,0.0,0.0,0.0,0.0,0.0,0.0,0.0,0.0,0.0,0.0,0.0,0.0,0.0,0.0,0.0,0.0,0.0,0.0,0.0,0.0,0.0,,,,,,,3,Kalia Davis,UCF,American Athletic,Defensive Tackle,,,,,,,,,
4243830,2021,129,0.0,0.0,0.0,1.0,1.0,0.0,2.0,2.0,1.0,0.0,0.0,0.0,0.0,17.0,0.0,299.0,0.0,0.0,0.0,0.0,0.0,0.0,0.0,0.0,0.0,0.0,35.0,1.0,310.0,0.0,0.0,0.0,0.0,230.0,38.0,2782.0,7.0,0.0,27.0,31.0,,81.0,,75.0,9.0,4,Jaelon Darden,North Texas,Conference USA,Wide Receiver,,,12.095652173913043,3.857142857142857,17.58823529411765,8.857142857142858,,,
4243916,2021,234,11.0,6.0,23.5,91.0,0.0,38.5,136.0,0.0,0.0,1.0,0.0,0.0,0.0,1.0,0.0,15.0,0.0,0.0,0.0,0.0,0.0,0.0,0.0,0.0,0.0,0.0,0.0,0.0,0.0,0.0,0.0,0.0,0.0,0.0,0.0,0.0,0.0,0.0,0.0,15.0,,,,,,4,Patrick Johnson,Tulane,American Athletic,Outside Linebacker,,,,,15.0,,,,
4243923,2021,111,7.0,8.0,10.5,91.0,0.0,20.5,162.0,0.0,0.0,1.0,0.0,0.0,0.0,0.0,0.0,0.0,0.0,0.0,0.0,0.0,0.0,0.0,0.0,0.0,0.0,0.0,0.0,0.0,0.0,0.0,0.0,0.0,0.0,0.0,0.0,0.0,8.0,0.0,40.0,,,,,,14.0,4,Cameron Sample,Tulane,American Athletic,Defensive End,,,,5.0,,,,,
4244300,2022,174,1.0,4.0,6.5,18.0,0.0,11.0,37.0,0.0,0.0,0.0,0.0,0.0,0.0,0.0,0.0,0.0,0.0,0.0,0.0,0.0,0.0,0.0,0.0,0.0,0.0,0.0,0.0,0.0,0.0,0.0,0.0,0.0,0.0,27.0,4.0,452.0,0.0,0.0,0.0,,,,,46.0,,4,Dominique Robinson,Miami (OH),Mid-American,Outside Linebacker,,,16.74074074074074,,,,,,
4244606,2021,16,8.0,6.0,7.5,129.0,2.0,29.0,236.0,1.0,0.0,3.0,5.0,2.0,150.0,0.0,0.0,0.0,0.0,0.0,0.0,0.0,0.0,0.0,0.0,0.0,0.0,0.0,0.0,0.0,0.0,0.0,0.0,0.0,0.0,0.0,0.0,0.0,0.0,0.0,0.0,,,,,,,3,Zaven Collins,Tulsa,American Athletic,Outside Linebacker,,,,,,,,,30.0
4244607,2022,118,17.0,1.0,1.0,84.0,0.0,3.5,110.0,0.0,0.0,0.0,1.0,0.0,0.0,0.0,0.0,0.0,0.0,0.0,0.0,0.0,0.0,0.0,0.0,0.0,0.0,0.0,0.0,0.0,0.0,0.0,0.0,0.0,0.0,0.0,0.0,0.0,0.0,0.0,0.0,,,,,,,5,Akayleb Evans,Tulsa,American Athletic,Cornerback,,,,,,,,,0.0
4244615,2022,230,0.0,0.0,0.0,1.0,0.0,0.0,1.0,0.0,0.0,0.0,0.0,0.0,0.0,0.0,0.0,0.0,0.0,0.0,0.0,0.0,0.0,0.0,0.0,0.0,0.0,0.0,0.0,0.0,0.0,0.0,0.0,0.0,0.0,0.0,0.0,0.0,0.0,0.0,0.0,,,,,,,1,Chris Paul,Tulsa,American Athletic,Offensive Guard,,,,,,,,,
4244826,2023,117,0.0,0.0,0.0,1.0,0.0,0.0,1.0,0.0,0.0,0.0,0.0,0.0,0.0,0.0,0.0,0.0,0.0,0.0,0.0,0.0,0.0,0.0,0.0,0.0,0.0,0.0,0.0,0.0,0.0,0.0,0.0,0.0,0.0,0.0,0.0,0.0,0.0,0.0,0.0,,,,,,,1,Sidy Sow,Eastern Michigan,Mid-American,Offensive Guard,,,,,,,,,
4245171,2022,72,0.0,0.0,0.0,2.0,0.0,0.0,3.0,0.0,0.0,0.0,0.0,0.0,0.0,0.0,0.0,0.0,0.0,0.0,0.0,0.0,0.0,0.0,0.0,0.0,0.0,0.0,0.0,0.0,0.0,0.0,0.0,0.0,0.0,0.0,0.0,0.0,0.0,0.0,0.0,,,,,,,1,Abraham Lucas,Washington State,Pac-12,Offensive Tackle,,,,,,,,,
4245185,2022,153,9.0,3.0,1.5,38.0,0.0,5.0,63.0,0.0,0.0,0.0,2.0,0.0,0.0,0.0,0.0,0.0,0.0,0.0,0.0,0.0,0.0,0.0,0.0,0.0,0.0,0.0,0.0,0.0,0.0,0.0,0.0,0.0,0.0,24.0,1.0,263.0,0.0,0.0,0.0,,,,,33.0,,5,Tariq Woolen,UTSA,Conference USA,Cornerback,,,10.958333333333334,,,,,,0.0
4245645,2021,196,0.0,0.0,0.0,7.0,0.0,0.0,8.0,8.0,4.0,0.0,0.0,0.0,0.0,5.0,0.0,86.0,0.0,0.0,0.0,0.0,0.0,0.0,0.0,0.0,0.0,0.0,0.0,0.0,0.0,0.0,0.0,0.0,0.0,19.0,1.0,126.0,243.0,9.0,1306.0,32.0,,,,38.0,94.0,4,Gary Brightwell,Arizona,Pac-12,Running Back,,,6.631578947368421,5.374485596707819,17.2,,,,
4245655,2021,153,6.0,8.0,9.5,209.0,0.0,19.5,367.0,0.0,0.0,0.0,3.0,0.0,39.0,0.0,0.0,0.0,0.0,0.0,0.0,0.0,0.0,0.0,0.0,0.0,0.0,0.0,0.0,0.0,0.0,0.0,0.0,0.0,0.0,0.0,0.0,0.0,0.0,0.0,0.0,,,,,,,4,Tony Fields II,West Virginia,Big 12,Inside Linebacker,,,,,,,,,13.0
4246741,2023,218,0.0,0.0,1.5,6.0,0.0,2.5,10.0,0.0,0.0,0.0,0.0,0.0,0.0,0.0,0.0,0.0,0.0,0.0,0.0,0.0,0.0,0.0,0.0,0.0,0.0,0.0,0.0,0.0,0.0,0.0,0.0,0.0,0.0,0.0,0.0,0.0,0.0,0.0,0.0,,,,,,,4,Travis Bell,Kennesaw State,Big South,Defensive Tackle,,,,,,,,,
4247726,2022,62,15.0,0.0,1.0,90.0,0.0,8.0,145.0,0.0,0.0,0.0,2.0,0.0,0.0,0.0,0.0,0.0,0.0,0.0,0.0,0.0,0.0,0.0,0.0,0.0,0.0,0.0,0.0,0.0,0.0,0.0,0.0,0.0,0.0,0.0,0.0,0.0,0.0,0.0,0.0,,,,,,,5,Bryan Cook,Howard,MEAC,Safety,,,,,,,,,0.0
4247807,2022,58,1.0,0.0,0.0,11.0,0.0,0.0,15.0,0.0,0.0,1.0,0.0,0.0,0.0,0.0,0.0,0.0,0.0,0.0,0.0,0.0,0.0,2.0,2.0,0.0,0.0,7.0,0.0,0.0,0.0,0.0,0.0,0.0,0.0,1.0,0.0,0.0,10.0,0.0,33.0,,,,,0.0,14.0,3,Troy Andersen,Montana State,Big Sky,Inside Linebacker,1.0,3.5,0.0,3.3,,,,,
4248032,2023,178,9.0,0.0,0.0,46.0,2.0,2.0,69.0,0.0,0.0,2.0,4.0,2.0,80.0,0.0,0.0,0.0,0.0,0.0,0.0,0.0,0.0,0.0,0.0,0.0,0.0,0.0,0.0,0.0,0.0,0.0,0.0,0.0,0.0,0.0,0.0,0.0,0.0,0.0,0.0,,,,,,,3,Eric Scott,Southern Miss,Sun Belt,Cornerback,,,,,,,,,20.0
4248047,2022,178,2.0,1.0,2.0,15.0,0.0,5.5,51.0,0.0,0.0,0.0,0.0,0.0,0.0,0.0,0.0,0.0,0.0,0.0,0.0,0.0,0.0,0.0,0.0,0.0,0.0,0.0,0.0,0.0,0.0,0.0,0.0,0.0,0.0,0.0,0.0,0.0,0.0,0.0,0.0,,,,,,,3,John Ridgeway,Illinois State,MVFC,Defensive Tackle,,,,,,,,,
4248504,2020,171,0.0,0.0,0.0,0.0,0.0,0.0,0.0,0.0,0.0,0.0,0.0,0.0,0.0,0.0,0.0,0.0,0.0,0.0,0.0,0.0,0.0,0.0,0.0,0.0,0.0,0.0,0.0,0.0,0.0,0.0,0.0,0.0,0.0,22.0,3.0,417.0,0.0,0.0,0.0,,,,,56.0,,3,Isaiah Coulter,Rhode Island,CAA,Wide Receiver,,,18.954545454545453,,,,,,
4248533,2023,181,7.0,1.0,0.0,42.0,0.0,5.5,62.0,0.0,0.0,0.0,0.0,0.0,0.0,0.0,0.0,0.0,0.0,0.0,0.0,0.0,0.0,0.0,0.0,0.0,0.0,0.0,0.0,0.0,0.0,0.0,0.0,0.0,0.0,0.0,0.0,0.0,0.0,0.0,0.0,,,,,,,2,Josh Hayes,Virginia,ACC,Cornerback,,,,,,,,,
4248822,2022,162,0.0,0.0,0.0,0.0,1.0,0.0,0.0,2.0,0.0,0.0,0.0,0.0,0.0,5.0,0.0,179.0,0.0,0.0,0.0,0.0,0.0,1.0,1.0,0.0,0.0,16.0,0.0,0.0,0.0,0.0,0.0,0.0,0.0,10.0,1.0,124.0,7.0,1.0,26.0,98.0,,,,39.0,17.0,3,Montrell Washington,Samford,Southern,Wide Receiver,1.0,16.0,12.4,3.7142857142857144,35.8,,,,
4248899,2023,76,1.0,0.0,1.0,8.0,0.0,2.0,10.0,0.0,0.0,0.0,2.0,0.0,61.0,0.0,0.0,0.0,0.0,0.0,0.0,0.0,0.0,0.0,0.0,0.0,0.0,0.0,0.0,0.0,0.0,0.0,0.0,0.0,0.0,0.0,0.0,0.0,0.0,0.0,0.0,,,,,,,3,Marte Mapu,Sacramento State,Big Sky,Inside Linebacker,,,,,,,,,30.5
4248911,2022,167,6.0,0.0,0.0,43.0,0.0,2.0,55.0,0.0,0.0,1.0,2.0,0.0,38.0,0.0,0.0,0.0,0.0,0.0,0.0,0.0,0.0,0.0,0.0,0.0,0.0,0.0,0.0,0.0,0.0,0.0,0.0,0.0,0.0,0.0,0.0,0.0,0.0,0.0,0.0,,,,,,,3,Daron Bland,Sacramento State,Big Sky,Cornerback,,,,,,,,,19.0
4249087,2019,145,0.0,0.0,0.0,1.0,0.0,0.0,1.0,0.0,0.0,0.0,0.0,0.0,0.0,0.0,0.0,0.0,64.0,55.0,253.0,85.0,85.0,0.0,0.0,0.0,0.0,0.0,0.0,0.0,0.0,0.0,0.0,0.0,0.0,0.0,0.0,0.0,0.0,0.0,0.0,,56.0,,,,,2,Matt Gay,Utah,Pac-12,Place Kicker,,,,,,,,0.859375,
4249128,2022,211,15.0,4.0,0.0,128.0,0.0,4.0,179.0,0.0,0.0,0.0,6.0,0.0,35.0,0.0,0.0,0.0,0.0,0.0,0.0,0.0,0.0,0.0,0.0,0.0,0.0,0.0,0.0,0.0,0.0,0.0,0.0,0.0,0.0,0.0,0.0,0.0,0.0,0.0,0.0,,,,,,,5,Quentin Lake,UCLA,Pac-12,Safety,,,,,,,,,5.833333333333333
4249214,2023,233,7.0,13.0,16.5,107.0,0.0,29.0,206.0,0.0,0.0,3.0,1.0,0.0,0.0,0.0,0.0,0.0,0.0,0.0,0.0,0.0,0.0,0.0,0.0,0.0,0.0,0.0,0.0,0.0,0.0,0.0,0.0,0.0,0.0,0.0,0.0,0.0,0.0,0.0,0.0,,,,,,,6,Andre Jones,Louisiana,Sun Belt,Outside Linebacker,,,,,,,,,0.0
4249342,2022,225,0.0,3.0,3.0,42.0,0.0,8.5,91.0,0.0,0.0,0.0,0.0,0.0,0.0,0.0,0.0,0.0,0.0,0.0,0.0,0.0,0.0,0.0,0.0,0.0,0.0,0.0,0.0,0.0,0.0,0.0,0.0,0.0,0.0,2.0,0.0,3.0,30.0,1.0,84.0,,,,,2.0,14.0,4,Mark Robinson,Southeast Missouri State,OVC,Outside Linebacker,,,1.5,2.8,,,,,
4249417,2022,88,0.0,0.0,0.0,2.0,0.0,0.0,2.0,2.0,2.0,0.0,0.0,0.0,0.0,0.0,0.0,0.0,0.0,0.0,0.0,0.0,0.0,0.0,0.0,0.0,0.0,0.0,0.0,0.0,0.0,0.0,0.0,0.0,0.0,178.0,22.0,3141.0,0.0,0.0,0.0,,,,,73.0,,4,Jalen Tolbert,South Alabama,Sun Belt,Wide Receiver,,,17.646067415730336,,,,,,
4249624,2022,227,0.0,0.0,0.0,2.0,0.0,0.0,3.0,1.0,1.0,0.0,0.0,0.0,0.0,0.0,0.0,0.0,0.0,0.0,0.0,0.0,0.0,0.0,0.0,0.0,0.0,0.0,0.0,0.0,0.0,0.0,0.0,0.0,0.0,71.0,3.0,897.0,0.0,0.0,0.0,,,,,71.0,,4,Nick Muse,William & Mary,CAA,Tight End,,,12.633802816901408,,,,,,
4249836,2022,127,0.0,0.0,0.0,0.0,0.0,0.0,0.0,5.0,0.0,0.0,0.0,0.0,0.0,1.0,0.0,47.0,0.0,0.0,0.0,0.0,0.0,0.0,0.0,0.0,0.0,0.0,0.0,0.0,0.0,0.0,0.0,0.0,0.0,5.0,0.0,67.0,25.0,2.0,191.0,47.0,,,,39.0,48.0,2,Pierre Strong,South Dakota State,MVFC,Running Back,,,13.4,7.64,47.0,,,,
4250360,2022,137,0.0,0.0,0.0,0.0,0.0,0.0,0.0,4.0,3.0,0.0,0.0,0.0,0.0,0.0,0.0,0.0,0.0,0.0,0.0,1.0,0.0,976.0,656.0,13.0,78.0,8145.0,0.0,0.0,0.0,0.0,0.0,0.0,0.0,1.0,0.0,10.0,94.0,3.0,-29.0,,0.0,,,10.0,21.0,5,Bailey Zappe,Western Kentucky,Conference USA,Quarterback,0.6721311475409836,8.345286885245901,10.0,-0.30851063829787234,,,,,
4250392,2022,157,2.0,0.0,0.0,6.0,0.0,0.0,6.0,0.0,0.0,0.0,0.0,0.0,0.0,0.0,0.0,0.0,0.0,0.0,0.0,0.0,0.0,0.0,0.0,0.0,0.0,0.0,0.0,0.0,0.0,0.0,0.0,0.0,0.0,0.0,0.0,0.0,0.0,0.0,0.0,,,,,,,1,Zyon McCollum,Sam Houston,Southland,Cornerback,,,,,,,,,
4250621,2023,89,2.0,8.0,2.0,19.0,0.0,8.0,44.0,0.0,0.0,3.0,0.0,0.0,0.0,0.0,0.0,0.0,0.0,0.0,0.0,0.0,0.0,0.0,0.0,0.0,0.0,0.0,0.0,0.0,0.0,0.0,0.0,0.0,0.0,0.0,0.0,0.0,0.0,0.0,0.0,,,,,,,4,Kobie Turner,Wake Forest,ACC,Defensive Tackle,,,,,,,,,
4250945,2023,228,0.0,0.0,0.0,0.0,0.0,0.0,2.0,0.0,0.0,0.0,0.0,0.0,0.0,0.0,0.0,0.0,0.0,0.0,0.0,0.0,0.0,0.0,0.0,0.0,0.0,0.0,0.0,0.0,0.0,0.0,0.0,0.0,0.0,78.0,7.0,1195.0,2.0,0.0,9.0,,,,,54.0,6.0,4,Colton Dowell,UT Martin,OVC,Wide Receiver,,,15.320512820512821,4.5,,,,,
4254276,2020,148,5.0,24.0,19.5,69.0,0.0,31.5,111.0,0.0,0.0,2.0,0.0,0.0,0.0,0.0,0.0,0.0,0.0,0.0,0.0,0.0,0.0,0.0,0.0,0.0,0.0,0.0,0.0,0.0,0.0,0.0,0.0,0.0,0.0,0.0,0.0,0.0,0.0,0.0,0.0,,,,,,,3,Alton Robinson,Syracuse,ACC,Defensive End,,,,,,,,,
4256062,2021,70,0.0,0.0,0.0,0.0,0.0,0.0,1.0,0.0,0.0,0.0,0.0,0.0,0.0,0.0,0.0,0.0,0.0,0.0,0.0,0.0,0.0,0.0,0.0,0.0,0.0,0.0,0.0,0.0,0.0,0.0,0.0,0.0,0.0,0.0,0.0,0.0,1.0,0.0,-1.0,,,,,,0.0,2,Brady Christensen,BYU,FBS Independents,Offensive Tackle,,,,-1.0,,,,,
4256074,2021,250,12.0,5.0,7.5,68.0,0.0,15.0,129.0,0.0,0.0,0.0,0.0,0.0,0.0,0.0,0.0,0.0,0.0,0.0,0.0,0.0,0.0,0.0,0.0,0.0,0.0,0.0,1.0,0.0,7.0,0.0,0.0,0.0,0.0,0.0,0.0,0.0,1.0,1.0,3.0,,,0.0,,,3.0,4,Khyiris Tonga,BYU,FBS Independents,Defensive Tackle,,,,3.0,,7.0,,,
4257188,2023,131,0.0,0.0,0.0,1.0,2.0,0.0,1.0,4.0,2.0,0.0,0.0,0.0,0.0,46.0,1.0,1024.0,0.0,0.0,0.0,0.0,0.0,0.0,0.0,0.0,0.0,0.0,78.0,1.0,622.0,0.0,0.0,0.0,0.0,149.0,18.0,2079.0,11.0,0.0,49.0,100.0,,54.0,,72.0,27.0,4,Charlie Jones,Purdue,Big Ten,Wide Receiver,,,13.953020134228188,4.454545454545454,22.26086956521739,7.9743589743589745,,,
4257240,2022,166,16.0,1.0,2.0,131.0,0.0,9.0,233.0,0.0,0.0,0.0,2.0,0.0,0.0,1.0,0.0,0.0,0.0,0.0,0.0,0.0,0.0,0.0,0.0,0.0,0.0,0.0,0.0,0.0,0.0,0.0,0.0,0.0,0.0,0.0,0.0,0.0,0.0,0.0,0.0,0.0,,,,,,5,Tycen Anderson,Toledo,Mid-American,Safety,,,,,0.0,,,,0.0
4257580,2023,202,21.0,0.0,0.0,72.0,2.0,1.0,90.0,0.0,0.0,2.0,6.0,2.0,9.0,1.0,0.0,23.0,0.0,0.0,0.0,0.0,0.0,0.0,0.0,0.0,0.0,0.0,0.0,0.0,0.0,0.0,0.0,0.0,0.0,1.0,0.0,18.0,0.0,0.0,0.0,23.0,,,,18.0,,4,Christian Braswell,Temple,American Athletic,Cornerback,,,18.0,,23.0,,,,1.5
4257591,2022,38,0.0,9.0,15.5,76.0,1.0,28.5,121.0,0.0,0.0,2.0,0.0,0.0,0.0,0.0,0.0,0.0,0.0,0.0,0.0,0.0,0.0,0.0,0.0,0.0,0.0,0.0,0.0,0.0,0.0,0.0,0.0,0.0,0.0,0.0,0.0,0.0,0.0,0.0,0.0,,,,,,,4,Arnold Ebiketie,Temple,American Athletic,Defensive End,,,,,,,,,
4258173,2021,89,0.0,0.0,0.0,1.0,0.0,0.0,2.0,0.0,0.0,0.0,0.0,0.0,0.0,0.0,0.0,0.0,0.0,0.0,0.0,0.0,0.0,0.0,0.0,0.0,0.0,0.0,0.0,0.0,0.0,0.0,0.0,0.0,0.0,78.0,13.0,1388.0,0.0,0.0,0.0,,,,,76.0,,3,Nico Collins,Michigan,Big Ten,Wide Receiver,,,17.794871794871796,,,,,,
4258190,2021,184,0.0,0.0,0.0,7.0,0.0,0.0,13.0,1.0,1.0,0.0,0.0,0.0,0.0,1.0,0.0,0.0,0.0,0.0,0.0,0.0,0.0,0.0,0.0,0.0,0.0,0.0,0.0,0.0,0.0,0.0,0.0,0.0,0.0,3.0,1.0,32.0,37.0,9.0,87.0,0.0,,,,15.0,6.0,4,Ben Mason,Michigan,Big Ten,Fullback,,,10.666666666666666,2.3513513513513513,0.0,,,,
4258194,2021,21,1.0,7.0,11.5,58.0,0.0,23.5,94.0,0.0,0.0,1.0,0.0,0.0,0.0,0.0,0.0,0.0,0.0,0.0,0.0,0.0,0.0,0.0,0.0,0.0,0.0,0.0,0.0,0.0,0.0,0.0,0.0,0.0,0.0,0.0,0.0,0.0,0.0,0.0,0.0,,,,,,,4,Kwity Paye,Michigan,Big Ten,Defensive End,,,,,,,,,
4258195,2020,187,0.0,0.0,0.0,3.0,2.0,0.0,3.0,5.0,2.0,0.0,0.0,0.0,0.0,0.0,0.0,0.0,0.0,0.0,0.0,0.0,0.0,0.0,0.0,0.0,0.0,0.0,90.0,2.0,743.0,0.0,0.0,0.0,0.0,101.0,14.0,1296.0,9.0,0.0,87.0,,,79.0,,79.0,44.0,3,Donovan Peoples-Jones,Michigan,Big Ten,Wide Receiver,,,12.831683168316832,9.666666666666666,,8.255555555555556,,,
4258197,2023,217,0.0,0.0,0.0,0.0,0.0,0.0,0.0,0.0,0.0,0.0,0.0,0.0,0.0,0.0,0.0,0.0,0.0,0.0,0.0,0.0,0.0,0.0,0.0,0.0,0.0,0.0,0.0,0.0,0.0,43.0,179.0,5.0,7698.0,0.0,0.0,0.0,1.0,0.0,5.0,,,,66.0,,5.0,5,Brad Robbins,Michigan,Big Ten,Punter,,,,5.0,,,43.00558659217877,,
4258199,2020,24,0.0,0.0,0.0,1.0,0.0,0.0,1.0,0.0,0.0,0.0,0.0,0.0,0.0,0.0,0.0,0.0,0.0,0.0,0.0,0.0,0.0,0.0,0.0,0.0,0.0,0.0,0.0,0.0,0.0,0.0,0.0,0.0,0.0,0.0,0.0,0.0,0.0,0.0,0.0,,,,,,,1,Cesar Ruiz,Michigan,Big Ten,Center,,,,,,,,,
4258206,2021,74,13.0,0.0,0.0,50.0,0.0,1.5,62.0,0.0,0.0,0.0,0.0,0.0,0.0,0.0,0.0,0.0,0.0,0.0,0.0,0.0,0.0,0.0,0.0,0.0,0.0,0.0,0.0,0.0,0.0,0.0,0.0,0.0,0.0,0.0,0.0,0.0,0.0,0.0,0.0,,,,,,,3,Benjamin St-Juste,Minnesota,Big Ten,Cornerback,,,,,,,,,
4258209,2021,102,3.0,0.0,0.0,43.0,1.0,3.5,54.0,0.0,0.0,5.0,4.0,0.0,6.0,39.0,1.0,808.0,0.0,0.0,0.0,0.0,0.0,0.0,0.0,0.0,0.0,0.0,0.0,0.0,0.0,0.0,0.0,0.0,0.0,2.0,0.0,5.0,1.0,0.0,11.0,99.0,,,,5.0,11.0,3,Ambry Thomas,Michigan,Big Ten,Cornerback,,,2.5,11.0,20.71794871794872,,,,1.5
4258595,2020,43,0.0,0.0,0.0,4.0,0.0,0.0,5.0,1.0,0.0,0.0,0.0,0.0,0.0,1.0,0.0,11.0,0.0,0.0,0.0,0.0,0.0,1.0,0.0,0.0,0.0,0.0,0.0,0.0,0.0,0.0,0.0,0.0,0.0,60.0,6.0,691.0,0.0,0.0,0.0,11.0,,,,37.0,,3,Cole Kmet,Notre Dame,FBS Independents,Tight End,0.0,0.0,11.516666666666667,,11.0,,,,
4258599,2021,52,7.0,4.0,10.0,93.0,0.0,24.5,140.0,0.0,0.0,4.0,1.0,0.0,0.0,0.0,0.0,0.0,0.0,0.0,0.0,0.0,0.0,0.0,0.0,0.0,0.0,0.0,0.0,0.0,0.0,0.0,0.0,0.0,0.0,0.0,0.0,0.0,0.0,0.0,0.0,,,,,,,2,Jeremiah Owusu-Koramoah,Notre Dame,FBS Independents,Inside Linebacker,,,,,,,,,0.0
4259166,2022,89,8.0,11.0,16.5,173.0,1.0,31.5,317.0,0.0,0.0,2.0,3.0,0.0,48.0,0.0,0.0,0.0,0.0,0.0,0.0,0.0,0.0,0.0,0.0,0.0,0.0,0.0,0.0,0.0,0.0,0.0,0.0,0.0,0.0,0.0,0.0,0.0,0.0,0.0,0.0,,,,,,,4,Terrel Bernard,Baylor,Big 12,Inside Linebacker,,,,,,,,,16.0
4259169,2022,203,0.0,0.0,0.0,2.0,3.0,0.0,2.0,7.0,5.0,0.0,0.0,0.0,0.0,47.0,3.0,1187.0,0.0,0.0,0.0,0.0,0.0,2.0,1.0,1.0,0.0,-4.0,28.0,1.0,190.0,0.0,0.0,0.0,0.0,127.0,11.0,1515.0,343.0,9.0,1693.0,100.0,,50.0,,81.0,58.0,5,Trestan Ebner,Baylor,Big 12,Running Back,0.5,-2.0,11.929133858267717,4.9358600583090375,25.25531914893617,6.785714285714286,,,
4259170,2020,169,15.0,0.0,0.0,84.0,0.0,5.5,112.0,0.0,0.0,0.0,4.0,0.0,8.0,0.0,0.0,0.0,0.0,0.0,0.0,0.0,0.0,0.0,0.0,0.0,0.0,0.0,0.0,0.0,0.0,0.0,0.0,0.0,0.0,0.0,0.0,0.0,0.0,0.0,0.0,,,,,,,3,Harrison Hand,Temple,American Athletic,Cornerback,,,,,,,,,2.0
4259181,2020,130,7.0,19.0,22.0,59.0,0.0,33.5,97.0,0.0,0.0,2.0,0.0,0.0,0.0,0.0,0.0,0.0,0.0,0.0,0.0,0.0,0.0,0.0,0.0,0.0,0.0,0.0,0.0,0.0,0.0,0.0,0.0,0.0,0.0,0.0,0.0,0.0,0.0,0.0,0.0,,,,,,,3,James Lynch,Baylor,Big 12,Defensive Tackle,,,,,,,,,
4259305,2022,229,0.0,0.0,0.0,5.0,1.0,0.0,6.0,1.0,0.0,1.0,0.0,0.0,0.0,11.0,0.0,293.0,0.0,0.0,0.0,0.0,0.0,0.0,0.0,0.0,0.0,0.0,5.0,1.0,96.0,0.0,0.0,0.0,0.0,163.0,11.0,2012.0,25.0,2.0,165.0,53.0,,58.0,,66.0,44.0,5,Bo Melton,Rutgers,Big Ten,Wide Receiver,,,12.343558282208589,6.6,26.636363636363637,19.2,,,
4259491,2020,14,10.0,7.0,9.5,46.0,0.0,16.5,88.0,0.0,0.0,1.0,0.0,0.0,0.0,0.0,0.0,0.0,0.0,0.0,0.0,0.0,0.0,0.0,0.0,0.0,0.0,0.0,0.0,0.0,0.0,0.0,0.0,0.0,0.0,0.0,0.0,0.0,0.0,0.0,0.0,,,,,,,3,Javon Kinlaw,South Carolina,SEC,Defensive Tackle,,,,,,,,,
4259499,2021,204,0.0,0.0,0.0,4.0,0.0,0.0,4.0,1.0,0.0,0.0,0.0,0.0,0.0,21.0,0.0,448.0,0.0,0.0,0.0,0.0,0.0,3.0,0.0,0.0,0.0,0.0,0.0,0.0,0.0,0.0,0.0,0.0,0.0,172.0,13.0,2192.0,9.0,0.0,14.0,62.0,,,,75.0,6.0,4,Shi Smith,South Carolina,SEC,Wide Receiver,0.0,0.0,12.744186046511627,1.5555555555555556,21.333333333333332,,,,
4259545,2020,35,0.0,1.0,0.0,2.0,0.0,0.0,2.0,5.0,3.0,0.0,0.0,0.0,0.0,2.0,0.0,16.0,0.0,0.0,0.0,0.0,0.0,1.0,0.0,0.0,0.0,0.0,0.0,0.0,0.0,0.0,0.0,0.0,0.0,73.0,5.0,666.0,440.0,20.0,2885.0,12.0,,,,48.0,83.0,3,D'Andre Swift,Georgia,SEC,Running Back,0.0,0.0,9.123287671232877,6.556818181818182,8.0,,,,
4259546,2023,214,6.0,0.0,0.0,55.0,0.0,1.0,88.0,1.0,0.0,0.0,0.0,0.0,0.0,0.0,0.0,0.0,0.0,0.0,0.0,0.0,0.0,0.0,0.0,0.0,0.0,0.0,0.0,0.0,0.0,0.0,0.0,0.0,0.0,0.0,0.0,0.0,0.0,0.0,0.0,,,,,,,6,Ameer Speed,Michigan State,Big Ten,Cornerback,,,,,,,,,
4259553,2023,128,1.0,0.0,0.0,3.0,0.0,0.0,3.0,12.0,4.0,0.0,0.0,0.0,0.0,0.0,0.0,0.0,0.0,0.0,0.0,0.0,0.0,924.0,601.0,21.0,66.0,8425.0,0.0,0.0,0.0,0.0,0.0,0.0,0.0,0.0,0.0,0.0,141.0,14.0,530.0,,,,,,64.0,4,Stetson Bennett,Georgia,SEC,Quarterback,0.6504329004329005,9.117965367965368,,3.7588652482269502,,,,,
4259558,2023,173,2.0,5.0,10.0,32.0,0.0,11.5,65.0,0.0,0.0,2.0,0.0,0.0,0.0,0.0,0.0,0.0,0.0,0.0,0.0,0.0,0.0,0.0,0.0,0.0,0.0,0.0,0.0,0.0,0.0,0.0,0.0,0.0,0.0,0.0,0.0,0.0,0.0,0.0,0.0,,,,,,,4,Robert Beal Jr.,Georgia,SEC,Defensive End,,,,,,,,,
4259561,2021,29,22.0,2.0,1.0,60.0,3.0,2.0,78.0,0.0,0.0,0.0,4.0,2.0,94.0,0.0,0.0,0.0,0.0,0.0,0.0,0.0,0.0,0.0,0.0,0.0,0.0,0.0,1.0,1.0,27.0,0.0,0.0,0.0,0.0,0.0,0.0,0.0,0.0,0.0,0.0,,,8.0,,,,3,Eric Stokes,Georgia,SEC,Cornerback,,,,,,27.0,,,23.5
4259565,2022,190,0.0,0.0,0.0,1.0,0.0,0.0,1.0,0.0,0.0,0.0,0.0,0.0,0.0,0.0,0.0,0.0,0.0,0.0,0.0,0.0,0.0,0.0,0.0,0.0,0.0,0.0,0.0,0.0,0.0,0.0,0.0,0.0,0.0,0.0,0.0,0.0,0.0,0.0,0.0,,,,,,,1,Justin Shaffer,Georgia,SEC,Offensive Guard,,,,,,,,,
4259570,2021,241,8.0,0.0,0.0,49.0,0.0,3.0,82.0,0.0,0.0,0.0,1.0,0.0,13.0,0.0,0.0,0.0,0.0,0.0,0.0,0.0,0.0,0.0,0.0,0.0,0.0,0.0,0.0,0.0,0.0,0.0,0.0,0.0,0.0,0.0,0.0,0.0,0.0,0.0,0.0,,,,,,,4,Mark Webb,Georgia,SEC,Safety,,,,,,,,,13.0
4259586,2020,183,11.0,12.0,4.5,86.0,0.0,13.0,166.0,0.0,0.0,2.0,0.0,0.0,0.0,0.0,0.0,0.0,0.0,0.0,0.0,0.0,0.0,0.0,0.0,0.0,0.0,0.0,0.0,0.0,0.0,0.0,0.0,0.0,0.0,0.0,0.0,0.0,0.0,0.0,0.0,,,,,,,3,Cam Brown,Penn State,Big Ten,Outside Linebacker,,,,,,,,,
4259590,2022,221,26.0,0.0,1.0,94.0,0.0,10.5,139.0,0.0,0.0,0.0,3.0,0.0,8.0,0.0,0.0,0.0,0.0,0.0,0.0,0.0,0.0,0.0,0.0,0.0,0.0,0.0,2.0,0.0,-2.0,0.0,0.0,0.0,0.0,1.0,0.0,19.0,0.0,0.0,0.0,,,0.0,,19.0,,5,Tariq Castro-Fields,Penn State,Big Ten,Cornerback,,,19.0,,,-1.0,,,2.6666666666666665
4259592,2023,149,0.0,0.0,0.0,1.0,0.0,0.0,1.0,12.0,6.0,0.0,0.0,0.0,0.0,0.0,0.0,0.0,0.0,0.0,0.0,0.0,0.0,1355.0,832.0,31.0,86.0,10679.0,0.0,0.0,0.0,0.0,0.0,0.0,0.0,2.0,0.0,24.0,389.0,15.0,1082.0,,,,,25.0,62.0,5,Sean Clifford,Penn State,Big Ten,Quarterback,0.6140221402214022,7.881180811808118,12.0,2.7814910025706943,,,,,
4259594,2020,38,0.0,16.0,19.0,65.0,0.0,37.0,111.0,0.0,0.0,2.0,0.0,0.0,0.0,0.0,0.0,0.0,0.0,0.0,0.0,0.0,0.0,0.0,0.0,0.0,0.0,0.0,0.0,0.0,0.0,0.0,0.0,0.0,0.0,0.0,0.0,0.0,0.0,0.0,0.0,,,,,,,3,Yetur Gross-Matos,Penn State,Big Ten,Defensive End,,,,,,,,,
4259647,2021,106,1.0,3.0,4.5,30.0,1.0,8.0,57.0,0.0,0.0,1.0,0.0,0.0,0.0,0.0,0.0,0.0,0.0,0.0,0.0,0.0,0.0,0.0,0.0,0.0,0.0,0.0,0.0,0.0,0.0,0.0,0.0,0.0,0.0,0.0,0.0,0.0,0.0,0.0,0.0,,,,,,,2,Jay Tufele,USC,Pac-12,Defensive Tackle,,,,,,,,,
4259762,2022,234,1.0,2.0,3.0,21.0,0.0,8.0,60.0,0.0,0.0,0.0,0.0,0.0,0.0,0.0,0.0,0.0,0.0,0.0,0.0,0.0,0.0,0.0,0.0,0.0,0.0,0.0,0.0,0.0,0.0,0.0,0.0,0.0,0.0,0.0,0.0,0.0,0.0,0.0,0.0,,,,,,,5,Jonathan Ford,Miami,ACC,Defensive Tackle,,,,,,,,,
4259804,2020,63,4.0,6.0,5.5,33.0,1.0,9.5,84.0,1.0,0.0,3.0,3.0,1.0,101.0,0.0,0.0,0.0,0.0,0.0,0.0,0.0,0.0,0.0,0.0,0.0,0.0,0.0,0.0,0.0,0.0,0.0,0.0,0.0,0.0,0.0,0.0,0.0,0.0,0.0,0.0,,,,,,,3,Willie Gay Jr.,Mississippi State,SEC,Inside Linebacker,,,,,,,,,33.666666666666664
4259805,2021,256,0.0,0.0,0.0,7.0,0.0,1.0,9.0,1.0,0.0,0.0,0.0,0.0,0.0,0.0,0.0,0.0,0.0,0.0,0.0,0.0,0.0,0.0,0.0,0.0,0.0,0.0,0.0,0.0,0.0,0.0,0.0,0.0,0.0,67.0,6.0,636.0,452.0,16.0,2535.0,,,,,88.0,62.0,4,Kylin Hill,Mississippi State,SEC,Running Back,,,9.492537313432836,5.6084070796460175,,,,,
4259978,2021,192,4.0,3.0,2.0,25.0,0.0,9.5,58.0,0.0,0.0,1.0,0.0,0.0,0.0,0.0,0.0,0.0,0.0,0.0,0.0,0.0,0.0,0.0,0.0,0.0,0.0,0.0,0.0,0.0,0.0,0.0,0.0,0.0,0.0,0.0,0.0,0.0,0.0,0.0,0.0,,,,,,,4,Quinton Bohanna,Kentucky,SEC,Defensive Tackle,,,,,,,,,
4259979,2020,80,0.0,0.0,0.0,2.0,1.0,0.0,3.0,14.0,7.0,0.0,0.0,0.0,0.0,71.0,0.0,1642.0,0.0,0.0,0.0,0.0,0.0,79.0,38.0,5.0,3.0,495.0,9.0,2.0,199.0,0.0,0.0,0.0,0.0,114.0,6.0,1303.0,206.0,13.0,1530.0,93.0,,67.0,,54.0,61.0,3,Lynn Bowden Jr.,Kentucky,SEC,Wide Receiver,0.4810126582278481,6.265822784810126,11.429824561403509,7.427184466019417,23.12676056338028,22.11111111111111,,,
4259989,2021,232,0.0,7.0,4.0,25.0,0.0,7.5,53.0,0.0,0.0,1.0,1.0,0.0,4.0,0.0,0.0,0.0,0.0,0.0,0.0,0.0,0.0,0.0,0.0,0.0,0.0,0.0,0.0,0.0,0.0,0.0,0.0,0.0,0.0,0.0,0.0,0.0,0.0,0.0,0.0,,,,,,,3,Phil Hoskins,Kentucky,SEC,Defensive Tackle,,,,,,,,,4.0
4259994,2022,46,1.0,12.0,13.0,72.0,0.0,35.5,137.0,0.0,0.0,0.0,1.0,0.0,76.0,0.0,0.0,0.0,0.0,0.0,0.0,0.0,0.0,0.0,0.0,0.0,0.0,0.0,2.0,0.0,20.0,0.0,0.0,0.0,0.0,0.0,0.0,0.0,0.0,0.0,0.0,,,18.0,,,,5,Joshua Paschal,Kentucky,SEC,Defensive End,,,,,,10.0,,,76.0
4260224,2022,130,0.0,0.0,0.0,0.0,0.0,0.0,1.0,1.0,1.0,0.0,0.0,0.0,0.0,0.0,0.0,0.0,32.0,20.0,98.0,40.0,38.0,2.0,1.0,0.0,0.0,18.0,0.0,0.0,0.0,43.0,100.0,4.0,4454.0,0.0,0.0,0.0,1.0,0.0,-18.0,,57.0,,76.0,,0.0,4,Jordan Stout,Virginia Tech,ACC,Punter,0.5,9.0,,-18.0,,,44.54,0.625,
4260394,2023,135,0.0,0.0,0.0,1.0,0.0,0.0,1.0,7.0,3.0,0.0,0.0,0.0,0.0,0.0,0.0,0.0,0.0,0.0,0.0,0.0,0.0,1236.0,824.0,30.0,65.0,9208.0,0.0,0.0,0.0,0.0,0.0,0.0,0.0,0.0,0.0,0.0,95.0,2.0,-274.0,,,,,,24.0,4,Aidan O'Connell,Purdue,Big Ten,Quarterback,0.6666666666666666,7.449838187702265,,-2.8842105263157896,,,,,
4260406,2022,260,0.0,0.0,0.0,5.0,0.0,0.0,5.0,6.0,5.0,1.0,0.0,0.0,0.0,4.0,0.0,72.0,0.0,0.0,0.0,0.0,0.0,0.0,0.0,0.0,0.0,0.0,1.0,0.0,-2.0,0.0,0.0,0.0,0.0,69.0,1.0,613.0,268.0,8.0,1181.0,23.0,,-2.0,,26.0,48.0,4,Alexander Horvath,Purdue,Big Ten,Fullback,,,8.884057971014492,4.406716417910448,18.0,-2.0,,,
4260409,2021,113,3.0,5.0,10.5,145.0,0.0,21.0,206.0,0.0,0.0,1.0,1.0,0.0,9.0,0.0,0.0,0.0,0.0,0.0,0.0,0.0,0.0,0.0,0.0,0.0,0.0,0.0,0.0,0.0,0.0,0.0,0.0,0.0,0.0,0.0,0.0,0.0,0.0,0.0,0.0,,,,,,,4,Derrick Barnes,Purdue,Big Ten,Inside Linebacker,,,,,,,,,9.0
4261090,2022,194,5.0,6.0,13.5,63.0,0.0,26.5,125.0,0.0,0.0,0.0,0.0,0.0,0.0,0.0,0.0,0.0,0.0,0.0,0.0,0.0,0.0,0.0,0.0,0.0,0.0,0.0,0.0,0.0,0.0,0.0,0.0,0.0,0.0,0.0,0.0,0.0,0.0,0.0,0.0,,,,,,,4,Jordan Jackson,Air Force,Mountain West,Defensive Tackle,,,,,,,,,
4261606,2021,108,25.0,1.0,2.5,101.0,2.0,7.5,134.0,0.0,0.0,2.0,6.0,1.0,81.0,0.0,0.0,0.0,0.0,0.0,0.0,0.0,0.0,0.0,0.0,0.0,0.0,0.0,0.0,0.0,0.0,0.0,0.0,0.0,0.0,0.0,0.0,0.0,0.0,0.0,0.0,,,,,,,4,Darren Hall,San Diego State,Mountain West,Cornerback,,,,,,,,,13.5
4262197,2021,148,1.0,4.0,6.5,42.0,0.0,23.0,71.0,0.0,0.0,2.0,0.0,0.0,0.0,0.0,0.0,0.0,0.0,0.0,0.0,0.0,0.0,0.0,0.0,0.0,0.0,0.0,0.0,0.0,0.0,0.0,0.0,0.0,0.0,0.0,0.0,0.0,0.0,0.0,0.0,,,,,,,4,Ta'Quon Graham,Texas,Big 12,Defensive Tackle,,,,,,,,,
4262199,2021,51,0.0,0.0,0.0,1.0,0.0,0.0,1.0,1.0,1.0,0.0,0.0,0.0,0.0,0.0,0.0,0.0,0.0,0.0,0.0,0.0,0.0,0.0,0.0,0.0,0.0,0.0,0.0,0.0,0.0,0.0,0.0,0.0,0.0,0.0,0.0,0.0,1.0,1.0,12.0,,,,,,12.0,2,Samuel Cosmi,Texas,Big 12,Offensive Tackle,,,,12.0,,,,,
4262921,2020,22,0.0,0.0,0.0,1.0,0.0,0.0,1.0,0.0,0.0,0.0,0.0,0.0,0.0,0.0,0.0,0.0,0.0,0.0,0.0,0.0,0.0,0.0,0.0,0.0,0.0,0.0,2.0,0.0,1.0,0.0,0.0,0.0,0.0,165.0,24.0,2414.0,6.0,0.0,30.0,,,2.0,,71.0,19.0,3,Justin Jefferson,LSU,SEC,Wide Receiver,,,14.63030303030303,5.0,,0.5,,,
4271632,2020,18,0.0,0.0,0.0,1.0,0.0,0.0,3.0,0.0,0.0,0.0,0.0,0.0,0.0,0.0,0.0,0.0,0.0,0.0,0.0,0.0,0.0,0.0,0.0,0.0,0.0,0.0,0.0,0.0,0.0,0.0,0.0,0.0,0.0,0.0,0.0,0.0,0.0,0.0,0.0,,,,,,,1,Austin Jackson,USC,Pac-12,Offensive Tackle,,,,,,,,,
4279030,2019,151,0.0,0.0,0.0,0.0,0.0,0.0,1.0,0.0,0.0,0.0,0.0,0.0,0.0,0.0,0.0,0.0,0.0,0.0,0.0,0.0,0.0,0.0,0.0,0.0,0.0,0.0,0.0,0.0,0.0,0.0,0.0,0.0,0.0,0.0,0.0,0.0,0.0,0.0,0.0,,,,,,,1,Andrew Van Ginkel,Wisconsin,Big Ten,Outside Linebacker,,,,,,,,,
4280416,2022,172,39.0,1.0,0.5,87.0,0.0,4.5,125.0,1.0,0.0,1.0,5.0,0.0,63.0,1.0,0.0,0.0,0.0,0.0,0.0,0.0,0.0,0.0,0.0,0.0,0.0,0.0,1.0,0.0,0.0,0.0,0.0,0.0,0.0,0.0,0.0,0.0,0.0,0.0,0.0,0.0,,0.0,,,,5,Sam Womack,Toledo,Mid-American,Cornerback,,,,,0.0,0.0,,,12.6
4283230,2020,107,1.0,0.0,0.0,8.0,0.0,0.0,10.0,0.0,0.0,0.0,0.0,0.0,0.0,0.0,0.0,0.0,0.0,0.0,0.0,0.0,0.0,0.0,0.0,0.0,0.0,0.0,0.0,0.0,0.0,0.0,0.0,0.0,0.0,0.0,0.0,0.0,0.0,0.0,0.0,,,,,,,1,Akeem Davis-Gaither,App State,Sun Belt,Outside Linebacker,,,,,,,,,
4360078,2022,53,0.0,0.0,0.0,4.0,0.0,0.0,8.0,0.0,0.0,0.0,0.0,0.0,0.0,0.0,0.0,0.0,0.0,0.0,0.0,0.0,0.0,0.0,0.0,0.0,0.0,0.0,0.0,0.0,0.0,0.0,0.0,0.0,0.0,106.0,13.0,1851.0,0.0,0.0,0.0,,,,,53.0,,4,Alec Pierce,Cincinnati,American Athletic,Wide Receiver,,,17.462264150943398,,,,,,
4360080,2022,100,13.0,23.0,13.5,62.0,0.0,25.0,119.0,0.0,0.0,2.0,0.0,0.0,0.0,1.0,0.0,18.0,0.0,0.0,0.0,0.0,0.0,0.0,0.0,0.0,0.0,0.0,0.0,0.0,0.0,0.0,0.0,0.0,0.0,1.0,0.0,7.0,0.0,0.0,0.0,18.0,,,,7.0,,4,Myjai Sanders,Cincinnati,American Athletic,Defensive End,,,7.0,,18.0,,,,
4360086,2023,147,0.0,0.0,0.0,4.0,0.0,0.0,4.0,1.0,1.0,0.0,0.0,0.0,0.0,0.0,0.0,0.0,0.0,0.0,0.0,0.0,0.0,0.0,0.0,0.0,0.0,0.0,0.0,0.0,0.0,0.0,0.0,0.0,0.0,88.0,15.0,1062.0,0.0,0.0,0.0,,,,,35.0,,4,Josh Whyle,Cincinnati,American Athletic,Tight End,,,12.068181818181818,,,,,,
4360174,2022,202,0.0,0.0,0.0,3.0,0.0,0.0,4.0,0.0,0.0,0.0,0.0,0.0,0.0,0.0,0.0,0.0,0.0,0.0,0.0,0.0,0.0,0.0,0.0,0.0,0.0,0.0,0.0,0.0,0.0,0.0,0.0,0.0,0.0,117.0,12.0,1631.0,2.0,0.0,4.0,,,,,82.0,2.0,4,Michael Woods,Oklahoma,Big 12,Wide Receiver,,,13.94017094017094,2.0,,,,,
4360175,2023,139,0.0,0.0,0.0,5.0,0.0,0.0,7.0,20.0,10.0,0.0,0.0,0.0,0.0,0.0,0.0,0.0,0.0,0.0,0.0,0.0,0.0,1499.0,956.0,41.0,104.0,11996.0,0.0,0.0,0.0,0.0,0.0,0.0,0.0,1.0,0.0,21.0,412.0,15.0,1251.0,,,,,21.0,68.0,5,Clayton Tune,Houston,American Athletic,Quarterback,0.637758505670447,8.00266844563042,21.0,3.0364077669902914,,,,,
4360189,2022,33,1.0,7.0,7.5,50.0,0.0,20.0,98.0,0.0,0.0,0.0,0.0,0.0,0.0,0.0,0.0,0.0,0.0,0.0,0.0,0.0,0.0,0.0,0.0,0.0,0.0,0.0,0.0,0.0,0.0,0.0,0.0,0.0,0.0,0.0,0.0,0.0,0.0,0.0,0.0,,,,,,,4,Logan Hall,Houston,American Athletic,Defensive End,,,,,,,,,
4360203,2024,90,37.0,1.0,1.0,132.0,0.0,5.0,155.0,1.0,0.0,0.0,7.0,0.0,49.0,0.0,0.0,0.0,0.0,0.0,0.0,0.0,0.0,0.0,0.0,0.0,0.0,0.0,0.0,0.0,0.0,0.0,0.0,0.0,0.0,0.0,0.0,0.0,0.0,0.0,0.0,,,,,,,6,Elijah Jones,Boston College,ACC,Cornerback,,,,,,,,,7.0
4360234,2021,149,0.0,0.0,0.0,0.0,0.0,0.0,1.0,0.0,0.0,0.0,0.0,0.0,0.0,0.0,0.0,0.0,59.0,51.0,301.0,149.0,148.0,0.0,0.0,0.0,0.0,0.0,0.0,0.0,0.0,0.0,0.0,0.0,0.0,0.0,0.0,0.0,0.0,0.0,0.0,,55.0,,,,,3,Evan McPherson,Florida,SEC,Place Kicker,,,,,,,,0.864406779661017,
4360238,2022,107,0.0,0.0,0.0,11.0,0.0,0.0,15.0,2.0,2.0,0.0,0.0,0.0,0.0,0.0,0.0,0.0,0.0,0.0,0.0,0.0,0.0,0.0,0.0,0.0,0.0,0.0,0.0,0.0,0.0,0.0,0.0,0.0,0.0,45.0,5.0,422.0,326.0,23.0,1804.0,,,,,61.0,75.0,4,Dameon Pierce,Florida,SEC,Running Back,,,9.377777777777778,5.533742331288344,,,,,
4360239,2023,203,12.0,7.0,7.0,120.0,0.0,16.0,216.0,0.0,0.0,2.0,4.0,0.0,2.0,0.0,0.0,0.0,0.0,0.0,0.0,0.0,0.0,0.0,0.0,0.0,0.0,0.0,1.0,0.0,28.0,0.0,0.0,0.0,0.0,0.0,0.0,0.0,0.0,0.0,0.0,,,0.0,,,,5,Amari Burney,Florida,SEC,Outside Linebacker,,,,,,28.0,,,0.5
4360248,2021,4,0.0,0.0,0.0,0.0,0.0,0.0,0.0,0.0,0.0,0.0,0.0,0.0,0.0,0.0,0.0,0.0,0.0,0.0,0.0,0.0,0.0,0.0,0.0,0.0,0.0,0.0,0.0,0.0,0.0,0.0,0.0,0.0,0.0,100.0,18.0,1492.0,0.0,0.0,0.0,,,,,71.0,,3,Kyle Pitts,Florida,SEC,Tight End,,,14.92,,,,,,
4360255,2022,66,5.0,7.0,5.0,105.0,0.0,12.5,169.0,0.0,0.0,0.0,1.0,0.0,29.0,0.0,0.0,0.0,0.0,0.0,0.0,0.0,0.0,0.0,0.0,0.0,0.0,0.0,0.0,0.0,0.0,0.0,0.0,0.0,0.0,0.0,0.0,0.0,0.0,0.0,0.0,,,,,,,3,Brian Asamoah,Oklahoma,Big 12,Inside Linebacker,,,,,,,,,29.0
4360259,2022,64,7.0,25.0,19.5,69.0,0.0,33.0,118.0,0.0,0.0,3.0,1.0,0.0,0.0,0.0,0.0,0.0,0.0,0.0,0.0,0.0,0.0,0.0,0.0,0.0,0.0,0.0,0.0,0.0,0.0,0.0,0.0,0.0,0.0,0.0,0.0,0.0,0.0,0.0,0.0,,,,,,,4,Nik Bonitto,Oklahoma,Big 12,Outside Linebacker,,,,,,,,,0.0
4360274,2021,96,1.0,18.0,16.5,61.0,0.0,32.0,98.0,0.0,0.0,0.0,0.0,0.0,0.0,0.0,0.0,0.0,0.0,0.0,0.0,0.0,0.0,0.0,0.0,0.0,0.0,0.0,0.0,0.0,0.0,0.0,0.0,0.0,0.0,0.0,0.0,0.0,0.0,0.0,0.0,,,,,,,3,Ronnie Perkins,Oklahoma,Big 12,Defensive End,,,,,,,,,
4360287,2022,152,6.0,1.0,0.5,136.0,0.0,10.0,190.0,0.0,0.0,0.0,4.0,0.0,42.0,0.0,0.0,0.0,0.0,0.0,0.0,0.0,0.0,0.0,0.0,0.0,0.0,0.0,0.0,0.0,0.0,0.0,0.0,0.0,0.0,0.0,0.0,0.0,0.0,0.0,0.0,,,,,,,4,Delarrin Turner-Yell,Oklahoma,Big 12,Safety,,,,,,,,,10.5
4360290,2023,247,0.0,0.0,0.0,0.0,0.0,0.0,1.0,1.0,1.0,0.0,0.0,0.0,0.0,1.0,0.0,5.0,0.0,0.0,0.0,0.0,0.0,1.0,1.0,0.0,1.0,24.0,2.0,0.0,30.0,0.0,0.0,0.0,0.0,75.0,13.0,998.0,12.0,0.0,25.0,5.0,,21.0,,78.0,6.0,5,Brayden Willis,Oklahoma,Big 12,Tight End,1.0,24.0,13.306666666666667,2.0833333333333335,5.0,15.0,,,
4360294,2020,66,0.0,0.0,0.0,1.0,1.0,0.0,1.0,2.0,0.0,0.0,0.0,0.0,0.0,24.0,1.0,647.0,0.0,0.0,0.0,0.0,0.0,0.0,0.0,0.0,0.0,0.0,0.0,0.0,0.0,0.0,0.0,0.0,0.0,44.0,10.0,834.0,33.0,4.0,369.0,97.0,,,,73.0,78.0,2,Antonio Gibson,Memphis,American Athletic,Wide Receiver,,,18.954545454545453,11.181818181818182,26.958333333333332,,,,
4360304,2024,138,7.0,34.0,17.0,60.0,0.0,31.0,112.0,0.0,0.0,2.0,0.0,0.0,0.0,0.0,0.0,0.0,0.0,0.0,0.0,0.0,0.0,0.0,0.0,0.0,0.0,0.0,0.0,0.0,0.0,0.0,0.0,0.0,0.0,0.0,0.0,0.0,1.0,0.0,1.0,,,,,,1.0,6,Xavier Thomas,Clemson,ACC,Defensive Edge,,,,1.0,,,,,
4360307,2022,212,14.0,0.0,1.0,67.0,1.0,6.0,104.0,3.0,0.0,2.0,7.0,1.0,66.0,15.0,0.0,350.0,0.0,0.0,0.0,0.0,0.0,1.0,0.0,0.0,0.0,0.0,10.0,0.0,15.0,0.0,0.0,0.0,0.0,15.0,0.0,210.0,5.0,0.0,36.0,40.0,,9.0,,38.0,25.0,4,Derion Kendrick,Georgia,SEC,Cornerback,0.0,0.0,14.0,7.2,23.333333333333332,1.5,,,9.428571428571429
4360308,2023,137,11.0,18.0,13.5,63.0,0.0,28.5,123.0,0.0,0.0,2.0,0.0,0.0,0.0,0.0,0.0,0.0,0.0,0.0,0.0,0.0,0.0,0.0,0.0,0.0,0.0,0.0,0.0,0.0,0.0,0.0,0.0,0.0,0.0,0.0,0.0,0.0,0.0,0.0,0.0,,,,,,,5,K.J. Henry,Clemson,ACC,Defensive End,,,,,,,,,
4360310,2021,1,0.0,0.0,0.0,3.0,0.0,0.0,4.0,9.0,7.0,0.0,0.0,0.0,0.0,0.0,0.0,0.0,0.0,0.0,0.0,0.0,0.0,1139.0,758.0,17.0,90.0,10098.0,0.0,0.0,0.0,0.0,0.0,0.0,0.0,3.0,0.0,-4.0,231.0,18.0,943.0,,,,,8.0,67.0,3,Trevor Lawrence,Clemson,ACC,Quarterback,0.6654960491659351,8.865671641791044,-1.3333333333333333,4.082251082251083,,,,,
4360319,2023,156,0.0,1.0,0.0,0.0,0.0,0.0,0.0,0.0,0.0,0.0,0.0,0.0,0.0,0.0,0.0,0.0,0.0,0.0,0.0,0.0,0.0,0.0,0.0,0.0,0.0,0.0,0.0,0.0,0.0,0.0,0.0,0.0,0.0,0.0,0.0,0.0,0.0,0.0,0.0,,,,,,,1,Jordan McFadden,Clemson,ACC,Offensive Guard,,,,,,,,,
4360320,2021,46,0.0,0.0,0.0,1.0,0.0,0.0,2.0,0.0,0.0,0.0,0.0,0.0,0.0,0.0,0.0,0.0,0.0,0.0,0.0,0.0,0.0,0.0,0.0,0.0,0.0,0.0,0.0,0.0,0.0,0.0,0.0,0.0,0.0,0.0,0.0,0.0,0.0,0.0,0.0,,,,,,,2,Jackson Carman,Clemson,ACC,Offensive Tackle,,,,,,,,,
4360378,2023,47,23.0,1.0,1.0,145.0,0.0,10.5,217.0,2.0,1.0,2.0,7.0,0.0,19.0,0.0,0.0,0.0,0.0,0.0,0.0,0.0,0.0,0.0,0.0,0.0,0.0,0.0,1.0,0.0,-1.0,0.0,0.0,0.0,0.0,0.0,0.0,0.0,3.0,0.0,5.0,,,0.0,,,6.0,5,Jartavius Martin,Illinois,Big Ten,Safety,,,,1.6666666666666667,,-1.0,,,2.7142857142857144
4360383,2022,97,6.0,0.0,1.0,75.0,0.0,2.0,116.0,1.0,1.0,3.0,5.0,0.0,12.0,1.0,0.0,1.0,0.0,0.0,0.0,0.0,0.0,0.0,0.0,0.0,0.0,0.0,0.0,0.0,0.0,0.0,0.0,0.0,0.0,0.0,0.0,0.0,1.0,0.0,3.0,0.0,,,,,3.0,4,Kerby Joseph,Illinois,Big Ten,Safety,,,,3.0,1.0,,,,2.4
4360386,2023,66,16.0,2.0,2.0,179.0,2.0,10.0,307.0,0.0,0.0,1.0,10.0,2.0,172.0,0.0,0.0,0.0,0.0,0.0,0.0,0.0,0.0,0.0,0.0,0.0,0.0,0.0,0.0,0.0,0.0,0.0,0.0,0.0,0.0,0.0,0.0,0.0,0.0,0.0,0.0,,,,,,,5,Sydney Brown,Illinois,Big Ten,Safety,,,,,,,,,17.2
4360423,2024,8,0.0,0.0,0.0,1.0,0.0,0.0,1.0,5.0,2.0,0.0,0.0,0.0,0.0,0.0,0.0,0.0,0.0,0.0,0.0,0.0,0.0,1675.0,1058.0,34.0,95.0,13649.0,0.0,0.0,0.0,0.0,0.0,0.0,0.0,0.0,0.0,-26.0,132.0,13.0,257.0,,,,,0.0,30.0,6,Michael Penix Jr.,Washington,Pac-12,Quarterback,0.6316417910447761,8.14865671641791,-inf,1.946969696969697,,,,,
4360438,2020,25,0.0,0.0,0.0,2.0,1.0,0.0,2.0,5.0,0.0,0.0,0.0,0.0,0.0,28.0,0.0,760.0,0.0,0.0,0.0,0.0,0.0,0.0,0.0,0.0,0.0,0.0,25.0,1.0,293.0,0.0,0.0,0.0,0.0,98.0,11.0,1666.0,1.0,0.0,6.0,97.0,,63.0,,86.0,6.0,2,Brandon Aiyuk,Arizona State,Pac-12,Wide Receiver,,,17.0,6.0,27.142857142857142,11.72,,,
4360484,2021,158,1.0,6.0,8.5,41.0,1.0,19.0,74.0,0.0,0.0,0.0,1.0,1.0,71.0,0.0,0.0,0.0,0.0,0.0,0.0,0.0,0.0,0.0,0.0,0.0,0.0,0.0,0.0,0.0,0.0,0.0,0.0,0.0,0.0,0.0,0.0,0.0,0.0,0.0,0.0,,,,,,,2,Daviyon Nixon,Iowa,Big Ten,Defensive Tackle,,,,,,,,,71.0
4360488,2023,44,11.0,0.0,0.0,73.0,0.0,6.5,106.0,0.0,0.0,0.0,6.0,0.0,0.0,0.0,0.0,0.0,0.0,0.0,0.0,0.0,0.0,0.0,0.0,0.0,0.0,0.0,0.0,0.0,0.0,0.0,0.0,0.0,0.0,0.0,0.0,0.0,0.0,0.0,0.0,,,,,,,4,Julius Brents,Kansas State,Big 12,Cornerback,,,,,,,,,0.0
4360499,2022,25,0.0,0.0,0.0,3.0,0.0,0.0,3.0,0.0,0.0,0.0,0.0,0.0,0.0,0.0,0.0,0.0,0.0,0.0,0.0,0.0,0.0,0.0,0.0,0.0,0.0,0.0,0.0,0.0,0.0,0.0,0.0,0.0,0.0,0.0,0.0,0.0,0.0,0.0,0.0,,,,,,,1,Tyler Linderbaum,Iowa,Big Ten,Center,,,,,,,,,
4360516,2024,166,0.0,0.0,0.0,6.0,1.0,0.0,7.0,1.0,1.0,0.0,0.0,0.0,0.0,17.0,1.0,428.0,0.0,0.0,0.0,0.0,0.0,0.0,0.0,0.0,0.0,0.0,3.0,0.0,14.0,0.0,0.0,0.0,0.0,107.0,5.0,1168.0,146.0,10.0,942.0,98.0,,10.0,,75.0,62.0,6,Tyrone Tracy Jr.,Purdue,Big Ten,Running Back,,,10.91588785046729,6.4520547945205475,25.176470588235293,4.666666666666667,,,
4360635,2022,143,0.0,0.0,0.0,1.0,0.0,0.0,2.0,0.0,0.0,0.0,0.0,0.0,0.0,0.0,0.0,0.0,0.0,0.0,0.0,0.0,0.0,0.0,0.0,0.0,0.0,0.0,0.0,0.0,0.0,0.0,0.0,0.0,0.0,77.0,8.0,717.0,3.0,2.0,72.0,,,,,32.0,54.0,3,Chigoziem Okonkwo,Maryland,Big Ten,Tight End,,,9.311688311688311,24.0,,,,,
4360645,2020,103,6.0,5.0,2.0,98.0,1.0,18.0,121.0,0.0,0.0,3.0,0.0,0.0,0.0,0.0,0.0,0.0,0.0,0.0,0.0,0.0,0.0,0.0,0.0,0.0,0.0,0.0,0.0,0.0,0.0,0.0,0.0,0.0,0.0,0.0,0.0,0.0,0.0,0.0,0.0,,,,,,,2,Davion Taylor,Colorado,Pac-12,Outside Linebacker,,,,,,,,,
4360677,2023,102,24.0,1.0,1.0,94.0,0.0,3.5,128.0,0.0,0.0,3.0,5.0,0.0,32.0,1.0,0.0,0.0,0.0,0.0,0.0,0.0,0.0,0.0,0.0,0.0,0.0,0.0,0.0,0.0,0.0,0.0,0.0,0.0,0.0,0.0,0.0,0.0,0.0,0.0,0.0,0.0,,,,,,5,Mekhi Blackmon,USC,Pac-12,Cornerback,,,,,0.0,,,,6.4
4360689,2025,40,2.0,0.0,0.0,2.0,0.0,0.0,3.0,8.0,5.0,0.0,0.0,0.0,0.0,0.0,0.0,0.0,0.0,0.0,0.0,0.0,0.0,950.0,598.0,23.0,59.0,7801.0,0.0,0.0,0.0,0.0,0.0,0.0,0.0,0.0,0.0,0.0,246.0,11.0,733.0,,,,,,58.0,6,Tyler Shough,Texas Tech,Big 12,Quarterback,0.6294736842105263,8.211578947368421,,2.9796747967479673,,,,,
4360698,2024,193,0.0,0.0,0.0,1.0,0.0,0.0,1.0,9.0,6.0,0.0,0.0,0.0,0.0,0.0,0.0,0.0,0.0,0.0,0.0,0.0,0.0,650.0,400.0,11.0,37.0,5341.0,0.0,0.0,0.0,0.0,0.0,0.0,0.0,1.0,0.0,6.0,173.0,12.0,650.0,,,,,6.0,81.0,6,Joe Milton,Tennessee,SEC,Quarterback,0.6153846153846154,8.216923076923077,6.0,3.7572254335260116,,,,,
4360739,2021,179,0.0,0.0,0.0,0.0,0.0,0.0,0.0,0.0,0.0,0.0,0.0,0.0,0.0,0.0,0.0,0.0,0.0,0.0,0.0,0.0,0.0,0.0,0.0,0.0,0.0,0.0,0.0,0.0,0.0,0.0,0.0,0.0,0.0,62.0,9.0,1156.0,1.0,0.0,-1.0,,,,,79.0,0.0,3,Simi Fehoko,Stanford,Pac-12,Wide Receiver,,,18.64516129032258,-1.0,,,,,
4360745,2023,258,12.0,1.0,1.5,142.0,0.0,11.0,214.0,0.0,0.0,1.0,1.0,0.0,0.0,0.0,0.0,0.0,0.0,0.0,0.0,0.0,0.0,0.0,0.0,0.0,0.0,0.0,0.0,0.0,0.0,0.0,0.0,0.0,0.0,0.0,0.0,0.0,0.0,0.0,0.0,,,,,,,5,Kendall Williamson,Stanford,Pac-12,Cornerback,,,,,,,,,0.0
4360749,2022,150,8.0,9.0,10.0,89.0,0.0,20.5,159.0,0.0,0.0,1.0,1.0,0.0,0.0,0.0,0.0,0.0,0.0,0.0,0.0,0.0,0.0,0.0,0.0,0.0,0.0,0.0,0.0,0.0,0.0,0.0,0.0,0.0,0.0,0.0,0.0,0.0,0.0,0.0,0.0,,,,,,,4,Thomas Booker,Stanford,Pac-12,Defensive Tackle,,,,,,,,,0.0
4360761,2023,94,0.0,0.0,0.0,3.0,0.0,0.0,3.0,4.0,2.0,0.0,0.0,0.0,0.0,4.0,0.0,55.0,0.0,0.0,0.0,0.0,0.0,0.0,0.0,0.0,0.0,0.0,22.0,0.0,151.0,0.0,0.0,0.0,0.0,133.0,11.0,1644.0,6.0,0.0,55.0,19.0,,30.0,,78.0,18.0,5,Michael Wilson,Stanford,Pac-12,Wide Receiver,,,12.360902255639099,9.166666666666666,13.75,6.863636363636363,,,
4360773,2023,161,4.0,23.0,27.5,92.0,0.0,41.0,175.0,0.0,0.0,3.0,0.0,0.0,0.0,0.0,0.0,0.0,0.0,0.0,0.0,0.0,0.0,0.0,0.0,0.0,0.0,0.0,0.0,0.0,0.0,0.0,0.0,0.0,0.0,0.0,0.0,0.0,0.0,0.0,0.0,,,,,,,5,Nick Hampton,App State,Sun Belt,Outside Linebacker,,,,,,,,,
4360786,2023,226,0.0,0.0,0.0,3.0,0.0,1.0,3.0,0.0,0.0,0.0,0.0,0.0,0.0,0.0,0.0,0.0,0.0,0.0,0.0,0.0,0.0,0.0,0.0,0.0,0.0,0.0,0.0,0.0,0.0,0.0,0.0,0.0,0.0,1.0,0.0,0.0,0.0,0.0,0.0,,,,,0.0,,2,Cooper Hodges,App State,Sun Belt,Offensive Guard,,,0.0,,,,,,
4360797,2021,57,0.0,0.0,0.0,4.0,0.0,0.0,4.0,5.0,3.0,0.0,0.0,0.0,0.0,0.0,0.0,0.0,0.0,0.0,0.0,0.0,0.0,4.0,1.0,0.0,1.0,33.0,4.0,0.0,84.0,0.0,0.0,0.0,0.0,140.0,21.0,2307.0,11.0,1.0,22.0,,,50.0,,90.0,11.0,3,Chatarius Atwell,Louisville,ACC,Wide Receiver,0.25,8.25,16.478571428571428,2.0,,21.0,,,
4360799,2024,171,0.0,0.0,0.0,0.0,0.0,0.0,1.0,17.0,3.0,0.0,0.0,0.0,0.0,0.0,0.0,0.0,0.0,0.0,0.0,0.0,0.0,1027.0,637.0,20.0,66.0,8704.0,0.0,0.0,0.0,0.0,0.0,0.0,0.0,3.0,1.0,11.0,417.0,31.0,1953.0,,,,,18.0,88.0,6,Jordan Travis,Louisville,ACC,Quarterback,0.620253164556962,8.475170399221032,3.6666666666666665,4.683453237410072,,,,,
4360807,2023,136,8.0,11.0,23.5,122.0,0.0,43.0,206.0,0.0,0.0,3.0,3.0,0.0,27.0,0.0,0.0,0.0,0.0,0.0,0.0,0.0,0.0,0.0,0.0,0.0,0.0,0.0,0.0,0.0,0.0,0.0,0.0,0.0,0.0,0.0,0.0,0.0,0.0,0.0,0.0,,,,,,,5,Yasir Abdullah,Louisville,ACC,Outside Linebacker,,,,,,,,,9.0
4360853,2021,180,8.0,0.0,6.5,129.0,0.0,16.5,203.0,0.0,0.0,0.0,4.0,0.0,95.0,0.0,0.0,0.0,0.0,0.0,0.0,0.0,0.0,0.0,0.0,0.0,0.0,0.0,0.0,0.0,0.0,0.0,0.0,0.0,0.0,0.0,0.0,0.0,0.0,0.0,0.0,,,,,,,3,Talanoa Hufanga,USC,Pac-12,Safety,,,,,,,,,23.75
4360935,2023,165,16.0,0.0,2.0,89.0,0.0,6.5,109.0,0.0,0.0,1.0,4.0,0.0,31.0,0.0,0.0,0.0,0.0,0.0,0.0,0.0,0.0,0.0,0.0,0.0,0.0,0.0,0.0,0.0,0.0,0.0,0.0,0.0,0.0,0.0,0.0,0.0,0.0,0.0,0.0,,,,,,,5,Terell Smith,Minnesota,Big Ten,Cornerback,,,,,,,,,7.75
4360939,2021,27,0.0,0.0,0.0,2.0,0.0,0.0,2.0,0.0,0.0,0.0,0.0,0.0,0.0,0.0,0.0,0.0,0.0,0.0,0.0,0.0,0.0,0.0,0.0,0.0,0.0,0.0,0.0,0.0,0.0,0.0,0.0,0.0,0.0,147.0,19.0,2395.0,0.0,0.0,0.0,,,,,86.0,,3,Rashod Bateman,Minnesota,Big Ten,Wide Receiver,,,16.292517006802722,,,,,,
4360949,2023,146,19.0,1.0,0.0,162.0,0.0,4.5,233.0,0.0,0.0,0.0,4.0,0.0,0.0,0.0,0.0,0.0,0.0,0.0,0.0,0.0,0.0,0.0,0.0,0.0,0.0,0.0,0.0,0.0,0.0,0.0,0.0,0.0,0.0,0.0,0.0,0.0,0.0,0.0,0.0,,,,,,,5,Jordan Howden,Minnesota,Big Ten,Safety,,,,,,,,,0.0
4360964,2022,110,0.0,0.0,0.0,0.0,0.0,0.0,0.0,0.0,0.0,0.0,0.0,0.0,0.0,0.0,0.0,0.0,0.0,0.0,0.0,0.0,0.0,0.0,0.0,0.0,0.0,0.0,0.0,0.0,0.0,0.0,0.0,0.0,0.0,0.0,0.0,0.0,1.0,1.0,2.0,,,,,,2.0,1,Daniel Faalele,Minnesota,Big Ten,Offensive Tackle,,,,2.0,,,,,
4361003,2023,118,0.0,0.0,0.0,2.0,0.0,0.0,3.0,0.0,0.0,0.0,0.0,0.0,0.0,0.0,0.0,0.0,0.0,0.0,0.0,0.0,0.0,0.0,0.0,0.0,0.0,0.0,0.0,0.0,0.0,0.0,0.0,0.0,0.0,0.0,0.0,0.0,0.0,0.0,0.0,,,,,,,2,Braeden E. Daniels,Utah,Pac-12,Offensive Guard,,,,,,,,,
4361050,2022,139,0.0,0.0,0.0,3.0,0.0,0.0,4.0,1.0,0.0,0.0,0.0,0.0,0.0,1.0,0.0,3.0,0.0,0.0,0.0,0.0,0.0,0.0,0.0,0.0,0.0,0.0,0.0,0.0,0.0,0.0,0.0,0.0,0.0,133.0,27.0,2050.0,3.0,0.0,10.0,3.0,,,,99.0,12.0,4,Isaiah Likely,Coastal Carolina,Sun Belt,Tight End,,,15.413533834586467,3.3333333333333335,3.0,,,,
4361093,2022,39,12.0,0.0,0.0,75.0,0.0,4.0,97.0,0.0,0.0,1.0,2.0,0.0,0.0,1.0,0.0,2.0,0.0,0.0,0.0,0.0,0.0,0.0,0.0,0.0,0.0,0.0,0.0,0.0,0.0,0.0,0.0,0.0,0.0,0.0,0.0,0.0,0.0,0.0,0.0,2.0,,,,,,4,Kyler Gordon,Washington,Pac-12,Cornerback,,,,,2.0,,,,0.0
4361094,2024,161,13.0,0.0,0.0,113.0,0.0,0.5,172.0,0.0,0.0,0.0,2.0,0.0,0.0,0.0,0.0,0.0,0.0,0.0,0.0,0.0,0.0,0.0,0.0,0.0,0.0,0.0,2.0,0.0,9.0,0.0,0.0,0.0,0.0,0.0,0.0,0.0,0.0,0.0,0.0,,,6.0,,,,6,Dominique Hampton,Washington,Pac-12,Safety,,,,,,4.5,,,0.0
4361112,2024,246,0.0,0.0,0.0,0.0,0.0,0.0,0.0,0.0,0.0,0.0,0.0,0.0,0.0,0.0,0.0,0.0,0.0,0.0,0.0,0.0,0.0,0.0,0.0,0.0,0.0,0.0,0.0,0.0,0.0,0.0,0.0,0.0,0.0,66.0,4.0,711.0,1.0,0.0,2.0,,,,,33.0,2.0,4,Devin Culp,Washington,Pac-12,Tight End,,,10.772727272727273,2.0,,,,,
4361178,2022,51,0.0,0.0,0.0,1.0,0.0,0.0,1.0,0.0,0.0,0.0,0.0,0.0,0.0,0.0,0.0,0.0,0.0,0.0,0.0,0.0,0.0,0.0,0.0,0.0,0.0,0.0,0.0,0.0,0.0,0.0,0.0,0.0,0.0,0.0,0.0,0.0,0.0,0.0,0.0,,,,,,,1,Cameron Jurgens,Nebraska,Big Ten,Center,,,,,,,,,
4361196,2022,60,21.0,0.0,2.5,96.0,1.0,10.0,140.0,2.0,2.0,2.0,6.0,1.0,150.0,1.0,0.0,15.0,0.0,0.0,0.0,0.0,0.0,0.0,0.0,0.0,0.0,0.0,8.0,0.0,79.0,0.0,0.0,0.0,0.0,0.0,0.0,0.0,0.0,0.0,0.0,15.0,,27.0,,,,4,Cam Taylor,Nebraska,Big Ten,Safety,,,,,15.0,9.875,,,25.0
4361259,2021,2,0.0,0.0,0.0,1.0,0.0,0.0,2.0,6.0,3.0,0.0,0.0,0.0,0.0,0.0,0.0,0.0,0.0,0.0,0.0,0.0,0.0,834.0,563.0,15.0,55.0,7610.0,0.0,0.0,0.0,0.0,0.0,0.0,0.0,3.0,0.0,51.0,209.0,15.0,644.0,,,,,19.0,36.0,3,Zach Wilson,BYU,FBS Independents,Quarterback,0.6750599520383693,9.124700239808153,17.0,3.0813397129186604,,,,,
4361266,2021,26,24.0,0.0,0.0,55.0,0.0,1.0,71.0,0.0,0.0,1.0,1.0,0.0,0.0,0.0,0.0,0.0,0.0,0.0,0.0,0.0,0.0,0.0,0.0,0.0,0.0,0.0,0.0,0.0,0.0,0.0,0.0,0.0,0.0,0.0,0.0,0.0,0.0,0.0,0.0,,,,,,,3,Greg Newsome II,Northwestern,Big Ten,Cornerback,,,,,,,,,0.0
4361307,2022,55,0.0,0.0,0.0,3.0,0.0,0.0,3.0,1.0,1.0,0.0,0.0,0.0,0.0,2.0,0.0,0.0,0.0,0.0,0.0,0.0,0.0,0.0,0.0,0.0,0.0,0.0,0.0,0.0,0.0,0.0,0.0,0.0,0.0,164.0,10.0,2098.0,3.0,1.0,72.0,0.0,,,,69.0,69.0,4,Trey McBride,Colorado State,Mountain West,Tight End,,,12.792682926829269,24.0,0.0,,,,
4361331,2021,146,11.0,3.0,2.5,77.0,0.0,8.5,141.0,0.0,0.0,4.0,1.0,0.0,0.0,0.0,0.0,0.0,0.0,0.0,0.0,0.0,0.0,0.0,0.0,0.0,0.0,0.0,0.0,0.0,0.0,0.0,0.0,0.0,0.0,0.0,0.0,0.0,0.0,0.0,0.0,,,,,,,3,Jamien Sherwood,Auburn,SEC,Safety,,,,,,,,,0.0
4361340,2022,158,5.0,9.0,7.0,28.0,0.0,11.0,55.0,0.0,0.0,0.0,0.0,0.0,0.0,0.0,0.0,0.0,0.0,0.0,0.0,0.0,0.0,0.0,0.0,0.0,0.0,0.0,1.0,0.0,-3.0,0.0,0.0,0.0,0.0,0.0,0.0,0.0,0.0,0.0,0.0,,,-3.0,,,,4,Tyreke Smith,Ohio State,Big Ten,Defensive End,,,,,,-3.0,,,
4361357,2024,222,2.0,12.0,12.5,44.0,0.0,19.5,97.0,0.0,0.0,2.0,0.0,0.0,0.0,0.0,0.0,0.0,0.0,0.0,0.0,0.0,0.0,0.0,0.0,0.0,0.0,0.0,0.0,0.0,0.0,0.0,0.0,0.0,0.0,0.0,0.0,0.0,0.0,0.0,0.0,,,,,,,5,Javontae Jean-Baptiste,Ohio State,Big Ten,Defensive Edge,,,,,,,,,
4361366,2021,132,3.0,0.0,3.0,27.0,0.0,8.5,49.0,0.0,0.0,0.0,0.0,0.0,0.0,0.0,0.0,0.0,0.0,0.0,0.0,0.0,0.0,0.0,0.0,0.0,0.0,0.0,0.0,0.0,0.0,0.0,0.0,0.0,0.0,0.0,0.0,0.0,0.0,0.0,0.0,,,,,,,3,Tommy Togiai,Ohio State,Big Ten,Defensive Tackle,,,,,,,,,
4361370,2022,11,0.0,0.0,0.0,7.0,0.0,0.0,11.0,4.0,2.0,0.0,0.0,0.0,0.0,1.0,0.0,15.0,0.0,0.0,0.0,0.0,0.0,0.0,0.0,0.0,0.0,0.0,3.0,0.0,25.0,0.0,0.0,0.0,0.0,176.0,35.0,2711.0,3.0,0.0,5.0,15.0,,18.0,,61.0,4.0,4,Chris Olave,Ohio State,Big Ten,Wide Receiver,,,15.403409090909092,1.6666666666666667,15.0,8.333333333333334,,,
4361372,2022,101,0.0,0.0,0.0,0.0,0.0,0.0,0.0,1.0,1.0,0.0,0.0,0.0,0.0,0.0,0.0,0.0,0.0,0.0,0.0,0.0,0.0,0.0,0.0,0.0,0.0,0.0,0.0,0.0,0.0,0.0,0.0,0.0,0.0,54.0,12.0,615.0,0.0,0.0,0.0,,,,,36.0,,4,Jeremy Ruckert,Ohio State,Big Ten,Tight End,,,11.38888888888889,,,,,,
4361409,2022,16,0.0,0.0,0.0,1.0,1.0,0.0,1.0,1.0,0.0,0.0,0.0,0.0,0.0,0.0,0.0,0.0,0.0,0.0,0.0,0.0,0.0,2.0,2.0,0.0,0.0,43.0,24.0,1.0,340.0,0.0,0.0,0.0,0.0,183.0,25.0,2757.0,8.0,1.0,18.0,,,81.0,,86.0,7.0,4,Jahan Dotson,Penn State,Big Ten,Wide Receiver,1.0,21.5,15.065573770491802,2.25,,14.166666666666666,,,
4361411,2021,55,0.0,0.0,0.0,0.0,0.0,0.0,0.0,1.0,0.0,0.0,0.0,0.0,0.0,0.0,0.0,0.0,0.0,0.0,0.0,0.0,0.0,0.0,0.0,0.0,0.0,0.0,0.0,0.0,0.0,0.0,0.0,0.0,0.0,92.0,16.0,1185.0,0.0,0.0,0.0,,,,,74.0,,3,Pat Freiermuth,Penn State,Big Ten,Tight End,,,12.880434782608695,,,,,,
4361417,2023,220,0.0,0.0,0.0,5.0,0.0,0.0,5.0,1.0,1.0,0.0,0.0,0.0,0.0,0.0,0.0,0.0,0.0,0.0,0.0,0.0,0.0,0.0,0.0,0.0,0.0,0.0,0.0,0.0,0.0,0.0,0.0,0.0,0.0,89.0,7.0,895.0,0.0,0.0,0.0,,,,,43.0,,4,Zack Kuntz,Penn State,Big Ten,Tight End,,,10.0561797752809,,,,,,
4361418,2023,33,0.0,0.0,0.0,2.0,0.0,0.0,3.0,12.0,8.0,0.0,0.0,0.0,0.0,0.0,0.0,0.0,0.0,0.0,0.0,0.0,0.0,738.0,479.0,25.0,46.0,5876.0,0.0,0.0,0.0,0.0,0.0,0.0,0.0,1.0,0.0,15.0,312.0,17.0,756.0,,,,,15.0,49.0,4,Will Levis,Penn State,Big Ten,Quarterback,0.6490514905149052,7.9620596205962055,15.0,2.423076923076923,,,,,
4361419,2022,256,6.0,5.0,0.5,85.0,1.0,11.5,151.0,0.0,0.0,1.0,1.0,1.0,16.0,2.0,0.0,10.0,0.0,0.0,0.0,0.0,0.0,0.0,0.0,0.0,0.0,0.0,0.0,0.0,0.0,0.0,0.0,0.0,0.0,0.0,0.0,0.0,0.0,0.0,0.0,10.0,,,,,,4,Jesse Luketa,Penn State,Big Ten,Outside Linebacker,,,,,5.0,,,,16.0
4361422,2021,31,2.0,3.0,7.0,38.0,0.0,13.5,64.0,0.0,0.0,0.0,0.0,0.0,0.0,0.0,0.0,0.0,0.0,0.0,0.0,0.0,0.0,0.0,0.0,0.0,0.0,0.0,0.0,0.0,0.0,0.0,0.0,0.0,0.0,0.0,0.0,0.0,0.0,0.0,0.0,,,,,,,3,Jayson Oweh,Penn State,Big Ten,Outside Linebacker,,,,,,,,,
4361423,2021,12,5.0,9.0,6.5,100.0,0.0,19.0,192.0,0.0,0.0,1.0,0.0,0.0,0.0,0.0,0.0,0.0,0.0,0.0,0.0,0.0,0.0,0.0,0.0,0.0,0.0,0.0,0.0,0.0,0.0,0.0,0.0,0.0,0.0,0.0,0.0,0.0,0.0,0.0,0.0,,,,,,,2,Micah Parsons,Penn State,Big Ten,Inside Linebacker,,,,,,,,,
4361426,2023,150,0.0,0.0,0.0,10.0,0.0,0.0,17.0,1.0,1.0,0.0,0.0,0.0,0.0,3.0,0.0,34.0,0.0,0.0,0.0,0.0,0.0,0.0,0.0,0.0,0.0,0.0,0.0,0.0,0.0,0.0,0.0,0.0,0.0,110.0,8.0,1552.0,1.0,0.0,9.0,18.0,,,,75.0,9.0,5,Justin Shorter,Penn State,Big Ten,Wide Receiver,,,14.10909090909091,9.0,11.333333333333334,,,,
4361429,2022,249,0.0,0.0,0.0,1.0,0.0,0.0,1.0,0.0,0.0,0.0,0.0,0.0,0.0,0.0,0.0,0.0,0.0,0.0,0.0,0.0,0.0,0.0,0.0,0.0,0.0,0.0,0.0,0.0,0.0,0.0,0.0,0.0,0.0,0.0,0.0,0.0,0.0,0.0,0.0,,,,,,,1,Rasheed Walker,Penn State,Big Ten,Offensive Tackle,,,,,,,,,
4361432,2022,132,0.0,0.0,0.0,2.0,1.0,0.0,2.0,5.0,2.0,0.0,0.0,0.0,0.0,1.0,0.0,22.0,0.0,0.0,0.0,0.0,0.0,0.0,0.0,0.0,0.0,0.0,37.0,1.0,463.0,0.0,0.0,0.0,0.0,223.0,25.0,3305.0,3.0,0.0,-1.0,22.0,,80.0,,75.0,4.0,4,Romeo Doubs,Nevada,Mountain West,Wide Receiver,,,14.820627802690582,-0.3333333333333333,22.0,12.513513513513514,,,
4361438,2022,149,0.0,0.0,0.0,2.0,0.0,0.0,2.0,1.0,1.0,0.0,0.0,0.0,0.0,1.0,0.0,0.0,0.0,0.0,0.0,0.0,0.0,0.0,0.0,0.0,0.0,0.0,0.0,0.0,0.0,0.0,0.0,0.0,0.0,117.0,20.0,1370.0,0.0,0.0,0.0,0.0,,,,50.0,,4,Cole Turner,Nevada,Mountain West,Tight End,,,11.709401709401709,,0.0,,,,
4361496,2022,180,0.0,0.0,0.0,5.0,0.0,0.0,6.0,0.0,0.0,0.0,0.0,0.0,0.0,0.0,0.0,0.0,68.0,50.0,246.0,97.0,96.0,0.0,0.0,0.0,0.0,0.0,0.0,0.0,0.0,40.0,85.0,15.0,4329.0,0.0,0.0,0.0,0.0,0.0,0.0,,53.0,,86.0,,,4,Matt Araiza,San Diego State,Mountain West,Punter,,,,,,,50.92941176470588,0.7352941176470589,
4361510,2022,87,2.0,16.0,20.5,71.0,0.0,38.5,154.0,0.0,0.0,0.0,0.0,0.0,0.0,0.0,0.0,0.0,0.0,0.0,0.0,0.0,0.0,0.0,0.0,0.0,0.0,0.0,0.0,0.0,0.0,0.0,0.0,0.0,0.0,0.0,0.0,0.0,0.0,0.0,0.0,,,,,,,3,Cameron Thomas,San Diego State,Mountain West,Defensive End,,,,,,,,,
4361516,2022,112,0.0,0.0,0.0,4.0,0.0,0.0,6.0,0.0,0.0,0.0,0.0,0.0,0.0,1.0,0.0,0.0,0.0,0.0,0.0,0.0,0.0,0.0,0.0,0.0,0.0,0.0,0.0,0.0,0.0,0.0,0.0,0.0,0.0,68.0,5.0,771.0,2.0,0.0,-4.0,0.0,,,,73.0,2.0,4,Daniel Bellinger,San Diego State,Mountain West,Tight End,,,11.338235294117647,-2.0,0.0,,,,
4361529,2022,251,0.0,0.0,0.0,3.0,0.0,0.0,4.0,4.0,1.0,0.0,0.0,0.0,0.0,18.0,0.0,348.0,0.0,0.0,0.0,0.0,0.0,5.0,3.0,1.0,0.0,59.0,0.0,0.0,0.0,0.0,0.0,0.0,0.0,47.0,1.0,238.0,563.0,18.0,2451.0,34.0,,,,23.0,80.0,4,Isaih Pacheco,Rutgers,Big Ten,Running Back,0.6,11.8,5.0638297872340425,4.353463587921847,19.333333333333332,,,,
4361577,2021,82,0.0,0.0,0.0,4.0,0.0,0.0,4.0,0.0,0.0,0.0,0.0,0.0,0.0,0.0,0.0,0.0,0.0,0.0,0.0,0.0,0.0,1.0,1.0,0.0,0.0,18.0,0.0,0.0,0.0,0.0,0.0,0.0,0.0,122.0,21.0,2291.0,1.0,0.0,2.0,,,,,87.0,2.0,3,Dyami Brown,North Carolina,ACC,Wide Receiver,1.0,18.0,18.778688524590162,2.0,,,,,
4361579,2021,35,0.0,0.0,0.0,5.0,0.0,0.0,8.0,4.0,2.0,0.0,0.0,0.0,0.0,0.0,0.0,0.0,0.0,0.0,0.0,0.0,0.0,0.0,0.0,0.0,0.0,0.0,0.0,0.0,0.0,0.0,0.0,0.0,0.0,50.0,4.0,546.0,366.0,29.0,2297.0,,,,,41.0,65.0,3,Javonte Williams,North Carolina,ACC,Running Back,,,10.92,6.275956284153006,,,,,
4361600,2023,103,0.0,0.0,0.0,1.0,0.0,0.0,1.0,0.0,0.0,0.0,0.0,0.0,0.0,0.0,0.0,0.0,0.0,0.0,0.0,0.0,0.0,0.0,0.0,0.0,0.0,0.0,0.0,0.0,0.0,0.0,0.0,0.0,0.0,0.0,0.0,0.0,0.0,1.0,0.0,,,,,,0.0,1,Nick Saldiveri,Old Dominion,Conference USA,Offensive Tackle,,,,,,,,,
4361606,2019,214,0.0,0.0,0.0,1.0,0.0,0.0,1.0,1.0,0.0,0.0,0.0,0.0,0.0,0.0,0.0,0.0,0.0,0.0,0.0,0.0,0.0,0.0,0.0,0.0,0.0,0.0,0.0,0.0,0.0,0.0,0.0,0.0,0.0,23.0,2.0,351.0,153.0,14.0,1044.0,,,,,88.0,68.0,1,Darwin Thompson,Utah State,Mountain West,Running Back,,,15.26086956521739,6.823529411764706,,,,,
4361652,2024,98,13.0,24.0,15.0,201.0,1.0,47.0,395.0,1.0,0.0,2.0,6.0,1.0,40.0,0.0,0.0,0.0,0.0,0.0,0.0,0.0,0.0,0.0,0.0,0.0,0.0,0.0,0.0,0.0,0.0,0.0,0.0,0.0,0.0,0.0,0.0,0.0,2.0,0.0,12.0,,,,,,9.0,5,Payton Wilson,NC State,ACC,Linebacker,,,,6.0,,,,,6.666666666666667
4361653,2024,218,0.0,0.0,0.0,4.0,0.0,1.0,6.0,14.0,5.0,0.0,0.0,0.0,0.0,0.0,0.0,0.0,0.0,0.0,0.0,0.0,0.0,1314.0,776.0,28.0,87.0,9542.0,0.0,0.0,0.0,0.0,0.0,0.0,0.0,1.0,0.0,-4.0,178.0,6.0,-79.0,,,,,0.0,22.0,5,Devin Leary,NC State,ACC,Quarterback,0.5905631659056316,7.26179604261796,-4.0,-0.4438202247191011,,,,,
4361662,2021,72,5.0,4.0,10.0,36.0,1.0,17.5,77.0,0.0,0.0,1.0,1.0,1.0,18.0,0.0,0.0,0.0,0.0,0.0,0.0,0.0,0.0,0.0,0.0,0.0,0.0,0.0,0.0,0.0,0.0,0.0,0.0,0.0,0.0,0.0,0.0,0.0,0.0,0.0,0.0,,,,,,,3,Alim McNeill,NC State,ACC,Defensive Tackle,,,,,,,,,18.0
4361689,2024,238,3.0,8.0,18.5,89.0,0.0,28.0,158.0,0.0,0.0,2.0,0.0,0.0,0.0,0.0,0.0,0.0,0.0,0.0,0.0,0.0,0.0,0.0,0.0,0.0,0.0,0.0,0.0,0.0,0.0,0.0,0.0,0.0,0.0,0.0,0.0,0.0,0.0,0.0,0.0,,,,,,,5,Solomon Byrd,Wyoming,Mountain West,Defensive Edge,,,,,,,,,
4361707,2022,70,3.0,3.0,5.5,147.0,2.0,19.0,266.0,0.0,0.0,2.0,3.0,2.0,68.0,0.0,0.0,0.0,0.0,0.0,0.0,0.0,0.0,0.0,0.0,0.0,0.0,0.0,0.0,0.0,0.0,0.0,0.0,0.0,0.0,0.0,0.0,0.0,0.0,0.0,0.0,,,,,,,4,Chad Muma,Wyoming,Mountain West,Inside Linebacker,,,,,,,,,22.666666666666668
4361741,2022,262,0.0,0.0,0.0,1.0,0.0,0.0,2.0,19.0,11.0,0.0,0.0,0.0,0.0,0.0,0.0,0.0,0.0,0.0,0.0,0.0,0.0,1466.0,993.0,33.0,81.0,12170.0,0.0,0.0,0.0,0.0,0.0,0.0,0.0,0.0,0.0,0.0,365.0,19.0,1177.0,,,,,,44.0,4,Brock Purdy,Iowa State,Big 12,Quarterback,0.6773533424283765,8.30150068212824,,3.2246575342465755,,,,,
4361748,2023,242,28.0,1.0,3.0,164.0,0.0,14.0,243.0,0.0,0.0,0.0,2.0,0.0,0.0,0.0,0.0,0.0,0.0,0.0,0.0,0.0,0.0,0.0,0.0,0.0,0.0,0.0,0.0,0.0,0.0,0.0,0.0,0.0,0.0,0.0,0.0,0.0,0.0,0.0,0.0,,,,,,,5,Anthony Johnson,Iowa State,Big 12,Safety,,,,,,,,,0.0
4361767,2023,15,7.0,19.0,33.5,78.0,0.0,40.5,123.0,0.0,0.0,2.0,0.0,0.0,0.0,0.0,0.0,0.0,0.0,0.0,0.0,0.0,0.0,0.0,0.0,0.0,0.0,0.0,0.0,0.0,0.0,0.0,0.0,0.0,0.0,0.0,0.0,0.0,0.0,0.0,0.0,,,,,,,5,Will McDonald,Iowa State,Big 12,Outside Linebacker,,,,,,,,,
4361777,2022,122,0.0,0.0,0.0,0.0,1.0,0.0,0.0,3.0,0.0,0.0,0.0,0.0,0.0,6.0,0.0,137.0,0.0,0.0,0.0,0.0,0.0,0.0,0.0,0.0,0.0,0.0,1.0,1.0,0.0,0.0,0.0,0.0,0.0,17.0,0.0,132.0,382.0,25.0,2043.0,35.0,,0.0,,15.0,75.0,3,Zamir White,Georgia,SEC,Running Back,,,7.764705882352941,5.348167539267016,22.833333333333332,0.0,,,
4361787,2021,190,0.0,0.0,0.0,0.0,0.0,0.0,0.0,0.0,0.0,0.0,0.0,0.0,0.0,0.0,0.0,0.0,0.0,0.0,0.0,0.0,0.0,0.0,0.0,0.0,0.0,0.0,0.0,0.0,0.0,0.0,0.0,0.0,0.0,0.0,0.0,3.0,0.0,0.0,0.0,,,,,3.0,,1,Trey Hill,Georgia,SEC,Center,,,inf,,,,,,
4361788,2022,199,0.0,0.0,0.0,1.0,0.0,0.0,1.0,0.0,0.0,0.0,0.0,0.0,0.0,0.0,0.0,0.0,0.0,0.0,0.0,0.0,0.0,0.0,0.0,0.0,0.0,0.0,0.0,0.0,0.0,0.0,0.0,0.0,0.0,0.0,0.0,0.0,0.0,0.0,0.0,,,,,,,1,Cade Mays,Tennessee,SEC,Offensive Guard,,,,,,,,,
4361791,2022,28,3.0,5.0,5.0,49.0,0.0,12.0,113.0,0.0,0.0,1.0,0.0,0.0,0.0,0.0,0.0,0.0,0.0,0.0,0.0,0.0,0.0,0.0,0.0,0.0,0.0,0.0,0.0,0.0,0.0,0.0,0.0,0.0,0.0,0.0,0.0,0.0,0.0,0.0,0.0,,,,,,,4,Devonte Wyatt,Georgia,SEC,Defensive Tackle,,,,,,,,,
4361834,2023,204,27.0,5.0,5.0,169.0,0.0,8.0,233.0,0.0,0.0,2.0,4.0,0.0,38.0,0.0,0.0,0.0,0.0,0.0,0.0,0.0,0.0,0.0,0.0,0.0,0.0,0.0,1.0,0.0,14.0,0.0,0.0,0.0,0.0,0.0,0.0,0.0,0.0,0.0,0.0,,,14.0,,,,5,Jarrick Bernard,Oklahoma State,Big 12,Cornerback,,,,,,14.0,,,9.5
4361835,2023,234,11.0,3.0,2.5,130.0,3.0,9.5,163.0,0.0,0.0,3.0,8.0,1.0,129.0,1.0,1.0,48.0,0.0,0.0,0.0,0.0,0.0,0.0,0.0,0.0,0.0,0.0,0.0,0.0,0.0,0.0,0.0,0.0,0.0,0.0,0.0,0.0,0.0,0.0,0.0,48.0,,,,,,4,Jason Taylor II,Oklahoma State,Big 12,Safety,,,,,48.0,,,,16.125
4361861,2023,130,4.0,22.0,10.5,59.0,0.0,30.0,113.0,0.0,0.0,2.0,0.0,0.0,0.0,0.0,0.0,0.0,0.0,0.0,0.0,0.0,0.0,0.0,0.0,0.0,0.0,0.0,0.0,0.0,0.0,0.0,0.0,0.0,0.0,0.0,0.0,0.0,0.0,0.0,0.0,,,,,,,4,Tyler Lacy,Oklahoma State,Big 12,Defensive End,,,,,,,,,
4361904,2024,202,0.0,0.0,0.0,1.0,0.0,0.0,1.0,0.0,0.0,0.0,0.0,0.0,0.0,0.0,0.0,0.0,0.0,0.0,0.0,0.0,0.0,0.0,0.0,0.0,0.0,0.0,0.0,0.0,0.0,0.0,0.0,0.0,0.0,0.0,0.0,0.0,1.0,0.0,5.0,,,,,,5.0,2,Travis Glover,Georgia State,Sun Belt,Offensive Tackle,,,,5.0,,,,,
4361939,2021,65,12.0,0.0,0.0,83.0,1.0,1.0,121.0,0.0,0.0,0.0,13.0,1.0,143.0,0.0,0.0,0.0,0.0,0.0,0.0,0.0,0.0,0.0,0.0,0.0,0.0,0.0,0.0,0.0,0.0,0.0,0.0,0.0,0.0,0.0,0.0,0.0,0.0,0.0,0.0,,,,,,,3,Andre Cisco,Syracuse,ACC,Safety,,,,,,,,,11.0
4361964,2023,119,19.0,13.0,7.5,206.0,0.0,21.0,313.0,0.0,0.0,0.0,4.0,0.0,20.0,0.0,0.0,0.0,0.0,0.0,0.0,0.0,0.0,0.0,0.0,0.0,0.0,0.0,0.0,0.0,0.0,0.0,0.0,0.0,0.0,0.0,0.0,0.0,0.0,0.0,0.0,,,,,,,5,Chamarri Conner,Virginia Tech,ACC,Safety,,,,,,,,,5.0
4361979,2022,209,0.0,0.0,0.0,2.0,0.0,0.0,2.0,0.0,0.0,0.0,0.0,0.0,0.0,0.0,0.0,0.0,0.0,0.0,0.0,0.0,0.0,0.0,0.0,0.0,0.0,0.0,0.0,0.0,0.0,0.0,0.0,0.0,0.0,0.0,0.0,0.0,0.0,0.0,0.0,,,,,,,1,Luke Tenuta,Virginia Tech,ACC,Offensive Tackle,,,,,,,,,
4361988,2022,177,0.0,0.0,0.0,0.0,0.0,0.0,0.0,1.0,1.0,0.0,0.0,0.0,0.0,0.0,0.0,0.0,0.0,0.0,0.0,0.0,0.0,0.0,0.0,0.0,0.0,0.0,4.0,0.0,25.0,0.0,0.0,0.0,0.0,52.0,7.0,840.0,7.0,5.0,9.0,,,14.0,,67.0,3.0,3,James Mitchell,Virginia Tech,ACC,Tight End,,,16.153846153846153,1.2857142857142858,,6.25,,,
4362010,2024,230,0.0,0.0,0.0,3.0,0.0,0.0,4.0,0.0,0.0,0.0,0.0,0.0,0.0,0.0,0.0,0.0,0.0,0.0,0.0,0.0,0.0,0.0,0.0,0.0,0.0,0.0,0.0,0.0,0.0,0.0,0.0,0.0,0.0,0.0,0.0,0.0,0.0,0.0,0.0,,,,,,,2,Michael Jurgens,Wake Forest,ACC,Center,,,,,,,,,
4362019,2023,195,0.0,0.0,0.0,2.0,0.0,0.0,2.0,0.0,0.0,0.0,0.0,0.0,0.0,0.0,0.0,0.0,0.0,0.0,0.0,0.0,0.0,0.0,0.0,0.0,0.0,0.0,0.0,0.0,0.0,0.0,0.0,0.0,0.0,171.0,28.0,2662.0,0.0,0.0,0.0,,,,,69.0,,4,A.T. Perry,Wake Forest,ACC,Wide Receiver,,,15.567251461988304,,,,,,
4362066,2024,220,0.0,0.0,0.0,1.0,0.0,0.0,1.0,1.0,1.0,0.0,0.0,0.0,0.0,0.0,0.0,0.0,0.0,0.0,0.0,0.0,0.0,0.0,0.0,0.0,0.0,0.0,0.0,0.0,0.0,0.0,0.0,0.0,0.0,0.0,0.0,4.0,0.0,0.0,0.0,,,,,0.0,,2,Elijah Klein,UTEP,Conference USA,Offensive Guard,,,inf,,,,,,
4362077,2021,152,8.0,0.0,2.0,118.0,0.0,8.5,171.0,0.0,0.0,0.0,5.0,0.0,33.0,0.0,0.0,0.0,0.0,0.0,0.0,0.0,0.0,0.0,0.0,0.0,0.0,0.0,0.0,0.0,0.0,0.0,0.0,0.0,0.0,0.0,0.0,0.0,0.0,0.0,0.0,,,,,,,3,Caden Sterns,Texas,Big 12,Safety,,,,,,,,,6.6
4362087,2022,201,0.0,0.0,0.0,0.0,0.0,0.0,0.0,4.0,3.0,0.0,0.0,0.0,0.0,0.0,0.0,0.0,0.0,0.0,0.0,0.0,0.0,1.0,0.0,0.0,0.0,0.0,0.0,0.0,0.0,0.0,0.0,0.0,0.0,89.0,6.0,671.0,495.0,16.0,2722.0,,,,,52.0,68.0,4,Keaontay Ingram,USC,Pac-12,Running Back,0.0,0.0,7.53932584269663,5.498989898989899,,,,,
4362088,2023,90,17.0,9.0,9.0,136.0,0.0,30.5,248.0,0.0,0.0,3.0,3.0,0.0,29.0,0.0,0.0,0.0,0.0,0.0,0.0,0.0,0.0,0.0,0.0,0.0,0.0,0.0,1.0,0.0,17.0,0.0,0.0,0.0,0.0,0.0,0.0,0.0,0.0,0.0,0.0,,,17.0,,,,5,DeMarvion Overshown,Texas,Big 12,Inside Linebacker,,,,,,17.0,,,9.666666666666666
4362094,2021,69,3.0,11.0,11.5,99.0,0.0,30.0,165.0,0.0,0.0,2.0,2.0,0.0,24.0,0.0,0.0,0.0,0.0,0.0,0.0,0.0,0.0,0.0,0.0,0.0,0.0,0.0,0.0,0.0,0.0,0.0,0.0,0.0,0.0,0.0,0.0,0.0,0.0,0.0,0.0,,,,,,,3,Joseph Ossai,Texas,Big 12,Defensive End,,,,,,,,,12.0
4362103,2024,162,0.0,0.0,0.0,1.0,0.0,0.0,2.0,0.0,0.0,0.0,0.0,0.0,0.0,0.0,0.0,0.0,0.0,0.0,0.0,0.0,0.0,0.0,0.0,0.0,0.0,0.0,0.0,0.0,0.0,0.0,0.0,0.0,0.0,0.0,0.0,0.0,0.0,0.0,0.0,,,,,,,1,Christian Jones,Texas,Big 12,Offensive Tackle,,,,,,,,,
4362116,2023,249,2.0,11.0,5.0,48.0,0.0,12.5,91.0,0.0,0.0,1.0,0.0,0.0,0.0,0.0,0.0,0.0,0.0,0.0,0.0,0.0,0.0,0.0,0.0,0.0,0.0,0.0,0.0,0.0,0.0,0.0,0.0,0.0,0.0,0.0,0.0,0.0,0.0,0.0,0.0,,,,,,,5,Moro Ojomo,Texas,Big 12,Defensive End,,,,,,,,,
4362117,2023,194,2.0,4.0,6.5,49.0,0.0,15.0,91.0,0.0,0.0,0.0,0.0,0.0,0.0,0.0,0.0,0.0,0.0,0.0,0.0,0.0,0.0,0.0,0.0,0.0,0.0,0.0,0.0,0.0,0.0,0.0,0.0,0.0,0.0,0.0,0.0,0.0,0.0,0.0,0.0,,,,,,,5,Keondre Coburn,Texas,Big 12,Defensive Tackle,,,,,,,,,
4362135,2024,81,0.0,0.0,0.0,3.0,0.0,0.0,3.0,0.0,0.0,1.0,0.0,0.0,0.0,0.0,0.0,0.0,0.0,0.0,0.0,0.0,0.0,0.0,0.0,0.0,0.0,0.0,0.0,0.0,0.0,0.0,0.0,0.0,0.0,0.0,0.0,0.0,0.0,0.0,0.0,,,,,,,3,Christian Haynes,UConn,FBS Independents,Offensive Guard,,,,,,,,,
4362139,2022,76,0.0,10.0,8.5,47.0,0.0,19.0,134.0,0.0,0.0,1.0,0.0,0.0,0.0,0.0,0.0,0.0,0.0,0.0,0.0,0.0,0.0,0.0,0.0,0.0,0.0,0.0,0.0,0.0,0.0,0.0,0.0,0.0,0.0,0.0,0.0,0.0,0.0,0.0,0.0,,,,,,,3,Travis Jones,UConn,FBS Independents,Defensive Tackle,,,,,,,,,
4362186,2022,125,0.0,0.0,0.0,2.0,0.0,0.0,2.0,0.0,0.0,0.0,0.0,0.0,0.0,0.0,0.0,0.0,0.0,0.0,0.0,0.0,0.0,0.0,0.0,0.0,0.0,0.0,0.0,0.0,0.0,0.0,0.0,0.0,0.0,137.0,15.0,2156.0,10.0,2.0,138.0,,,,,75.0,45.0,4,Erik Ezukanma,Texas Tech,Big 12,Wide Receiver,,,15.737226277372264,13.8,,,,,
4362225,2023,213,4.0,16.0,22.5,82.0,0.0,50.5,131.0,0.0,0.0,2.0,1.0,0.0,0.0,0.0,0.0,0.0,0.0,0.0,0.0,0.0,0.0,0.0,0.0,0.0,0.0,0.0,0.0,0.0,0.0,0.0,0.0,0.0,0.0,0.0,0.0,0.0,0.0,0.0,0.0,,,,,,,5,Dante Stills,West Virginia,Big 12,Defensive Tackle,,,,,,,,,0.0
4362234,2023,184,9.0,4.0,4.0,128.0,0.0,15.5,206.0,0.0,0.0,9.0,1.0,0.0,12.0,0.0,0.0,0.0,0.0,0.0,0.0,0.0,0.0,0.0,0.0,0.0,0.0,0.0,0.0,0.0,0.0,0.0,0.0,0.0,0.0,0.0,0.0,0.0,1.0,0.0,1.0,,,,,,1.0,4,Zaire Barnes,Western Michigan,Mid-American,Outside Linebacker,,,,1.0,,,,,12.0
4362238,2023,163,0.0,0.0,0.0,7.0,0.0,0.0,10.0,8.0,3.0,0.0,0.0,0.0,0.0,17.0,0.0,304.0,0.0,0.0,0.0,0.0,0.0,1.0,0.0,0.0,0.0,0.0,0.0,0.0,0.0,0.0,0.0,0.0,0.0,58.0,3.0,521.0,673.0,18.0,3541.0,28.0,,,,43.0,80.0,5,Chase Brown,Western Michigan,Mid-American,Running Back,0.0,0.0,8.982758620689655,5.261515601783061,17.88235294117647,,,,
4362245,2024,39,2.0,16.0,18.0,91.0,0.0,35.0,188.0,0.0,0.0,2.0,0.0,0.0,0.0,1.0,0.0,9.0,0.0,0.0,0.0,0.0,0.0,0.0,0.0,0.0,0.0,0.0,0.0,0.0,0.0,0.0,0.0,0.0,0.0,0.0,0.0,0.0,0.0,0.0,0.0,9.0,,,,,,5,Braden Fiske,Western Michigan,Mid-American,Defensive Tackle,,,,,9.0,,,,
4362249,2023,50,0.0,0.0,0.0,3.0,3.0,0.0,3.0,7.0,6.0,0.0,0.0,0.0,0.0,42.0,0.0,841.0,0.0,0.0,0.0,0.0,0.0,1.0,1.0,0.0,1.0,25.0,39.0,3.0,581.0,0.0,0.0,0.0,0.0,202.0,26.0,2861.0,19.0,1.0,53.0,41.0,,93.0,,85.0,17.0,4,Jayden Reed,Western Michigan,Mid-American,Wide Receiver,1.0,25.0,14.163366336633663,2.789473684210526,20.023809523809526,14.897435897435898,,,
4362294,2023,259,0.0,15.0,14.5,85.0,0.0,41.5,206.0,0.0,0.0,1.0,1.0,0.0,12.0,0.0,0.0,0.0,0.0,0.0,0.0,0.0,0.0,0.0,0.0,0.0,0.0,0.0,0.0,0.0,0.0,0.0,0.0,0.0,0.0,0.0,0.0,0.0,0.0,0.0,0.0,,,,,,,5,Desjaun Johnson,Toledo,Mid-American,Defensive End,,,,,,,,,12.0
4362477,2023,125,0.0,0.0,0.0,6.0,6.0,0.0,6.0,9.0,7.0,1.0,0.0,0.0,0.0,53.0,1.0,1145.0,0.0,0.0,0.0,0.0,0.0,0.0,0.0,0.0,0.0,0.0,44.0,5.0,658.0,0.0,0.0,0.0,0.0,112.0,9.0,1513.0,28.0,2.0,183.0,100.0,,82.0,,80.0,43.0,5,Derius Davis,TCU,Big 12,Wide Receiver,,,13.508928571428571,6.535714285714286,21.60377358490566,14.954545454545455,,,
4362486,2023,189,6.0,18.0,15.0,97.0,0.0,31.5,177.0,0.0,0.0,1.0,0.0,0.0,0.0,0.0,0.0,0.0,0.0,0.0,0.0,0.0,0.0,0.0,0.0,0.0,0.0,0.0,0.0,0.0,0.0,0.0,0.0,0.0,0.0,0.0,0.0,0.0,0.0,0.0,0.0,,,,,,,5,Ochaun Mathis,TCU,Big 12,Defensive End,,,,,,,,,
4362487,2021,43,21.0,0.0,0.0,84.0,0.0,4.5,123.0,2.0,1.0,1.0,7.0,0.0,90.0,0.0,0.0,0.0,0.0,0.0,0.0,0.0,0.0,0.0,0.0,0.0,0.0,0.0,3.0,0.0,13.0,0.0,0.0,0.0,0.0,0.0,0.0,0.0,0.0,0.0,0.0,,,7.0,,,,3,Trevon Moehrig-Woodard,TCU,Big 12,Safety,,,,,,4.333333333333333,,,12.857142857142858
4362497,2023,231,4.0,10.0,2.5,61.0,0.0,19.5,158.0,0.0,0.0,2.0,0.0,0.0,0.0,0.0,0.0,0.0,0.0,0.0,0.0,0.0,0.0,0.0,0.0,0.0,0.0,0.0,1.0,0.0,15.0,0.0,0.0,0.0,0.0,0.0,0.0,0.0,0.0,0.0,0.0,,,0.0,,,,5,Nesta Silvera,Miami,ACC,Defensive Tackle,,,,,,15.0,,,
4362502,2023,246,11.0,0.0,3.0,92.0,0.0,4.0,127.0,0.0,0.0,3.0,6.0,0.0,34.0,0.0,0.0,0.0,0.0,0.0,0.0,0.0,0.0,0.0,0.0,0.0,0.0,0.0,0.0,0.0,0.0,0.0,0.0,0.0,0.0,0.0,0.0,0.0,0.0,0.0,0.0,,,,,,,5,DJ Ivey,Miami,ACC,Cornerback,,,,,,,,,5.666666666666667
4362504,2021,147,0.0,0.0,0.0,2.0,0.0,0.0,2.0,0.0,0.0,0.0,0.0,0.0,0.0,0.0,0.0,0.0,0.0,0.0,0.0,0.0,0.0,1.0,1.0,0.0,0.0,15.0,0.0,0.0,0.0,0.0,0.0,0.0,0.0,105.0,13.0,1366.0,3.0,0.0,1.0,,,,,76.0,1.0,3,Brevin Jordan,Miami,ACC,Tight End,1.0,15.0,13.00952380952381,0.3333333333333333,,,,,
4362506,2021,30,1.0,7.0,15.5,35.0,0.0,19.5,59.0,0.0,0.0,1.0,0.0,0.0,0.0,0.0,0.0,0.0,0.0,0.0,0.0,0.0,0.0,0.0,0.0,0.0,0.0,0.0,0.0,0.0,0.0,0.0,0.0,0.0,0.0,0.0,0.0,0.0,0.0,0.0,0.0,,,,,,,2,Gregory Rousseau,Miami,ACC,Defensive End,,,,,,,,,
4362523,2023,162,0.0,0.0,0.0,2.0,0.0,0.0,2.0,2.0,1.0,0.0,0.0,0.0,0.0,0.0,0.0,0.0,0.0,0.0,0.0,0.0,0.0,0.0,0.0,0.0,0.0,0.0,0.0,0.0,0.0,0.0,0.0,0.0,0.0,115.0,14.0,1544.0,0.0,0.0,0.0,,,,,57.0,,5,Will Mallory,Miami,ACC,Tight End,,,13.42608695652174,,,,,,
4362580,2022,77,0.0,0.0,0.0,4.0,0.0,0.0,6.0,0.0,0.0,0.0,0.0,0.0,0.0,0.0,0.0,0.0,0.0,0.0,0.0,0.0,0.0,0.0,0.0,0.0,0.0,0.0,0.0,0.0,0.0,0.0,0.0,0.0,0.0,20.0,0.0,164.0,0.0,0.0,0.0,,,,,21.0,,3,Bernhard Raimann,Central Michigan,Mid-American,Offensive Tackle,,,8.2,,,,,,
4362611,2022,145,0.0,0.0,0.0,0.0,0.0,0.0,2.0,0.0,0.0,0.0,0.0,0.0,0.0,0.0,0.0,0.0,0.0,0.0,0.0,0.0,0.0,0.0,0.0,0.0,0.0,0.0,0.0,0.0,0.0,0.0,0.0,0.0,0.0,0.0,0.0,0.0,0.0,0.0,0.0,,,,,,,2,Darian Kinnard,Kentucky,SEC,Offensive Guard,,,,,,,,,
4362619,2023,193,0.0,0.0,0.0,1.0,0.0,0.0,2.0,9.0,5.0,0.0,0.0,0.0,0.0,3.0,0.0,37.0,0.0,0.0,0.0,0.0,0.0,0.0,0.0,0.0,0.0,0.0,0.0,0.0,0.0,0.0,0.0,0.0,0.0,20.0,3.0,116.0,591.0,32.0,3643.0,20.0,,,,17.0,79.0,5,Chris Rodriguez Jr.,Kentucky,SEC,Running Back,,,5.8,6.164128595600677,12.333333333333334,,,,
4362628,2021,5,0.0,0.0,0.0,1.0,0.0,0.0,1.0,1.0,1.0,0.0,0.0,0.0,0.0,0.0,0.0,0.0,0.0,0.0,0.0,0.0,0.0,0.0,0.0,0.0,0.0,0.0,0.0,0.0,0.0,0.0,0.0,0.0,0.0,107.0,23.0,2093.0,1.0,0.0,5.0,,,,,78.0,5.0,2,Ja'Marr Chase,LSU,SEC,Wide Receiver,,,19.560747663551403,5.0,,,,,
4362629,2021,44,2.0,0.0,0.0,25.0,1.0,0.5,37.0,0.0,0.0,0.0,4.0,1.0,62.0,0.0,0.0,0.0,0.0,0.0,0.0,0.0,0.0,0.0,0.0,0.0,0.0,0.0,0.0,0.0,0.0,0.0,0.0,0.0,0.0,0.0,0.0,0.0,0.0,0.0,0.0,,,,,,,2,Kelvin Joseph,LSU,SEC,Cornerback,,,,,,,,,15.5
4362630,2021,59,0.0,0.0,0.0,0.0,0.0,0.0,0.0,1.0,1.0,0.0,0.0,0.0,0.0,0.0,0.0,0.0,0.0,0.0,0.0,0.0,0.0,0.0,0.0,0.0,0.0,0.0,0.0,0.0,0.0,0.0,0.0,0.0,0.0,106.0,23.0,1594.0,0.0,0.0,0.0,,,,,75.0,,3,Terrace Marshall Jr.,LSU,SEC,Wide Receiver,,,15.037735849056604,,,,,,
4362636,2022,176,4.0,5.0,10.0,121.0,0.0,23.0,249.0,0.0,0.0,1.0,1.0,0.0,0.0,0.0,0.0,0.0,0.0,0.0,0.0,0.0,0.0,0.0,0.0,0.0,0.0,0.0,0.0,0.0,0.0,0.0,0.0,0.0,0.0,0.0,0.0,0.0,0.0,0.0,0.0,,,,,,,4,Damone Clark,LSU,SEC,Inside Linebacker,,,,,,,,,0.0
4362642,2022,210,0.0,0.0,0.0,1.0,0.0,0.0,1.0,0.0,0.0,0.0,0.0,0.0,0.0,0.0,0.0,0.0,0.0,0.0,0.0,0.0,0.0,0.0,0.0,0.0,0.0,0.0,0.0,0.0,0.0,0.0,0.0,0.0,0.0,0.0,0.0,0.0,0.0,0.0,0.0,,,,,,,1,Chasen Hines,LSU,SEC,Offensive Guard,,,,,,,,,
4362647,2020,69,0.0,0.0,0.0,1.0,0.0,0.0,1.0,0.0,0.0,0.0,0.0,0.0,0.0,0.0,0.0,0.0,0.0,0.0,0.0,0.0,0.0,0.0,0.0,0.0,0.0,0.0,0.0,0.0,0.0,0.0,0.0,0.0,0.0,0.0,0.0,0.0,0.0,0.0,0.0,,,,,,,1,Damien Lewis,LSU,SEC,Offensive Guard,,,,,,,,,
4362748,2022,196,0.0,0.0,0.0,5.0,0.0,0.0,5.0,2.0,2.0,0.0,0.0,0.0,0.0,27.0,0.0,525.0,0.0,0.0,0.0,0.0,0.0,0.0,0.0,0.0,0.0,0.0,0.0,0.0,0.0,0.0,0.0,0.0,0.0,126.0,11.0,1149.0,512.0,23.0,2739.0,39.0,,,,74.0,73.0,4,Tyler Badie,Missouri,SEC,Running Back,,,9.119047619047619,5.349609375,19.444444444444443,,,,
4362759,2021,58,13.0,4.0,4.0,135.0,1.0,16.5,217.0,0.0,0.0,1.0,2.0,1.0,38.0,1.0,0.0,10.0,0.0,0.0,0.0,0.0,0.0,0.0,0.0,0.0,0.0,0.0,0.0,0.0,0.0,0.0,0.0,0.0,0.0,0.0,0.0,0.0,0.0,0.0,0.0,10.0,,,,,,3,Nick Bolton,Missouri,SEC,Inside Linebacker,,,,,10.0,,,,19.0
4362805,2023,65,0.0,0.0,0.0,0.0,0.0,0.5,1.0,0.0,0.0,0.0,0.0,0.0,0.0,0.0,0.0,0.0,0.0,0.0,0.0,0.0,0.0,0.0,0.0,0.0,0.0,0.0,0.0,0.0,0.0,0.0,0.0,0.0,0.0,0.0,0.0,0.0,0.0,0.0,0.0,,,,,,,1,Tyler Steen,Vanderbilt,SEC,Offensive Tackle,,,,,,,,,
4362840,2022,179,4.0,19.0,15.0,73.0,0.0,24.0,121.0,0.0,0.0,1.0,0.0,0.0,0.0,0.0,0.0,0.0,0.0,0.0,0.0,0.0,0.0,0.0,0.0,0.0,0.0,0.0,0.0,0.0,0.0,0.0,0.0,0.0,0.0,0.0,0.0,0.0,0.0,0.0,0.0,,,,,,,4,Kingsley Enagbare,South Carolina,SEC,Outside Linebacker,,,,,,,,,
4362847,2021,8,21.0,0.0,3.0,66.0,0.0,7.0,96.0,0.0,0.0,0.0,2.0,0.0,34.0,0.0,0.0,0.0,0.0,0.0,0.0,0.0,0.0,0.0,0.0,0.0,0.0,0.0,0.0,0.0,0.0,0.0,0.0,0.0,0.0,0.0,0.0,0.0,0.0,0.0,0.0,,,,,,,3,Jaycee Horn,South Carolina,SEC,Cornerback,,,,,,,,,17.0
4362851,2021,103,5.0,6.0,2.0,111.0,0.0,10.5,199.0,0.0,0.0,2.0,2.0,0.0,1.0,0.0,0.0,0.0,0.0,0.0,0.0,0.0,0.0,0.0,0.0,0.0,0.0,0.0,0.0,0.0,0.0,0.0,0.0,0.0,0.0,0.0,0.0,0.0,0.0,0.0,0.0,,,,,,,3,Ernest Jones,South Carolina,SEC,Inside Linebacker,,,,,,,,,0.5
4362855,2021,227,10.0,0.0,0.0,64.0,1.0,4.0,86.0,0.0,0.0,0.0,7.0,1.0,135.0,0.0,0.0,0.0,0.0,0.0,0.0,0.0,0.0,0.0,0.0,0.0,0.0,0.0,0.0,0.0,0.0,0.0,0.0,0.0,0.0,0.0,0.0,0.0,0.0,0.0,0.0,,,,,,,3,Israel Mukuamu,South Carolina,SEC,Cornerback,,,,,,,,,19.285714285714285
4362858,2023,138,15.0,1.0,1.0,61.0,0.0,5.0,75.0,1.0,1.0,0.0,3.0,0.0,59.0,0.0,0.0,0.0,0.0,0.0,0.0,0.0,0.0,0.0,0.0,0.0,0.0,0.0,2.0,0.0,-2.0,0.0,0.0,0.0,0.0,0.0,0.0,0.0,0.0,0.0,0.0,,,0.0,,,,4,Darius Rush,South Carolina,SEC,Cornerback,,,,,,-1.0,,,19.666666666666668
4362874,2022,94,0.0,0.0,0.0,0.0,0.0,0.0,0.0,13.0,7.0,0.0,0.0,0.0,0.0,0.0,0.0,0.0,0.0,0.0,0.0,0.0,0.0,913.0,615.0,23.0,57.0,8302.0,0.0,0.0,0.0,0.0,0.0,0.0,0.0,1.0,0.0,19.0,333.0,18.0,1348.0,,,,,19.0,61.0,4,Matt Corral,Ole Miss,SEC,Quarterback,0.6736035049288062,9.093099671412924,19.0,4.048048048048048,,,,,
4362887,2021,11,0.0,0.0,0.0,0.0,0.0,0.0,0.0,12.0,5.0,0.0,0.0,0.0,0.0,0.0,0.0,0.0,0.0,0.0,0.0,0.0,0.0,618.0,423.0,9.0,67.0,5701.0,0.0,0.0,0.0,0.0,0.0,0.0,0.0,1.0,0.0,-10.0,260.0,19.0,1133.0,,,,,0.0,51.0,3,Justin Fields,Ohio State,Big Ten,Quarterback,0.6844660194174758,9.224919093851133,-10.0,4.357692307692307,,,,,
4362895,2024,206,4.0,12.0,21.0,136.0,0.0,35.0,373.0,0.0,0.0,2.0,2.0,0.0,67.0,0.0,0.0,0.0,0.0,0.0,0.0,0.0,0.0,0.0,0.0,0.0,0.0,0.0,0.0,0.0,0.0,0.0,0.0,0.0,0.0,0.0,0.0,0.0,0.0,0.0,0.0,,,,,,,6,Nathaniel Watson,Mississippi State,SEC,Linebacker,,,,,,,,,33.5
4362910,2024,200,5.0,13.0,8.5,39.0,0.0,15.5,120.0,0.0,0.0,0.0,0.0,0.0,0.0,0.0,0.0,0.0,0.0,0.0,0.0,0.0,0.0,0.0,0.0,0.0,0.0,0.0,0.0,0.0,0.0,0.0,0.0,0.0,0.0,0.0,0.0,0.0,0.0,0.0,0.0,,,,,,,5,Jaden Crumedy,Mississippi State,SEC,Defensive Tackle,,,,,,,,,
4362911,2023,123,4.0,4.0,2.0,34.0,0.0,9.0,109.0,0.0,0.0,0.0,1.0,0.0,5.0,0.0,0.0,0.0,0.0,0.0,0.0,0.0,0.0,0.0,0.0,0.0,0.0,0.0,0.0,0.0,0.0,0.0,0.0,0.0,0.0,0.0,0.0,0.0,0.0,0.0,0.0,,,,,,,4,Cameron Young,Mississippi State,SEC,Defensive Tackle,,,,,,,,,5.0
4362917,2022,79,5.0,1.0,1.0,112.0,1.0,7.0,156.0,0.0,0.0,4.0,9.0,1.0,201.0,0.0,0.0,0.0,0.0,0.0,0.0,0.0,0.0,0.0,0.0,0.0,0.0,0.0,0.0,0.0,0.0,0.0,0.0,0.0,0.0,0.0,0.0,0.0,0.0,0.0,0.0,,,,,,,4,JT Woods,Baylor,Big 12,Safety,,,,,,,,,22.333333333333332
4362921,2022,50,0.0,0.0,0.0,3.0,0.0,0.0,3.0,0.0,0.0,0.0,0.0,0.0,0.0,8.0,0.0,138.0,0.0,0.0,0.0,0.0,0.0,1.0,1.0,0.0,1.0,6.0,0.0,0.0,0.0,0.0,0.0,0.0,0.0,143.0,19.0,2242.0,3.0,0.0,-9.0,27.0,,,,78.0,3.0,4,Tyquan Thornton,Baylor,Big 12,Wide Receiver,1.0,6.0,15.678321678321678,-3.0,17.25,,,,
4363034,2021,47,29.0,0.0,0.0,69.0,0.0,3.0,93.0,0.0,0.0,1.0,4.0,0.0,74.0,0.0,0.0,0.0,0.0,0.0,0.0,0.0,0.0,0.0,0.0,0.0,0.0,0.0,1.0,0.0,0.0,0.0,0.0,0.0,0.0,0.0,0.0,0.0,0.0,0.0,0.0,,,0.0,,,,3,Asante Samuel Jr.,Florida State,ACC,Cornerback,,,,,,0.0,,,18.5
4363097,2022,113,13.0,0.0,1.0,107.0,0.0,9.0,167.0,0.0,0.0,6.0,3.0,0.0,0.0,0.0,0.0,0.0,0.0,0.0,0.0,0.0,0.0,0.0,0.0,0.0,0.0,0.0,0.0,0.0,0.0,0.0,0.0,0.0,0.0,0.0,0.0,0.0,0.0,0.0,0.0,,,,,,,4,Percy Butler,Louisiana,Sun Belt,Safety,,,,,,,,,0.0
4363417,2024,257,3.0,1.0,1.0,93.0,0.0,6.0,138.0,0.0,0.0,2.0,4.0,0.0,102.0,0.0,0.0,0.0,0.0,0.0,0.0,0.0,0.0,0.0,0.0,0.0,0.0,0.0,0.0,0.0,0.0,0.0,0.0,0.0,0.0,0.0,0.0,0.0,0.0,0.0,0.0,,,,,,,5,Jaylen Key,UAB,Conference USA,Safety,,,,,,,,,25.5
4363538,2023,112,0.0,0.0,0.0,1.0,0.0,0.0,3.0,0.0,0.0,0.0,0.0,0.0,0.0,0.0,0.0,0.0,97.0,75.0,405.0,184.0,180.0,0.0,0.0,0.0,0.0,0.0,0.0,0.0,0.0,2.0,2.0,0.0,86.0,0.0,0.0,0.0,0.0,0.0,0.0,,55.0,,49.0,,,5,Chad Ryland,Maryland,Big Ten,Place Kicker,,,,,,,43.0,0.7731958762886598,
4365303,2024,236,1.0,8.0,4.0,40.0,0.0,9.5,83.0,0.0,0.0,0.0,0.0,0.0,0.0,0.0,0.0,0.0,0.0,0.0,0.0,0.0,0.0,0.0,0.0,0.0,0.0,0.0,0.0,0.0,0.0,0.0,0.0,0.0,0.0,0.0,0.0,0.0,0.0,0.0,0.0,,,,,,,6,Myles Cole,UL Monroe,Sun Belt,Defensive Edge,,,,,,,,,
4365319,2024,149,32.0,1.0,0.0,97.0,1.0,7.5,140.0,0.0,0.0,0.0,7.0,1.0,248.0,0.0,0.0,0.0,0.0,0.0,0.0,0.0,0.0,0.0,0.0,0.0,0.0,0.0,0.0,0.0,0.0,0.0,0.0,0.0,0.0,0.0,0.0,0.0,0.0,0.0,0.0,,,,,,,5,Josh Newton,UL Monroe,Sun Belt,Cornerback,,,,,,,,,35.42857142857143
4365457,2023,96,2.0,8.0,4.0,30.0,0.0,7.5,68.0,0.0,0.0,1.0,0.0,0.0,0.0,0.0,0.0,0.0,0.0,0.0,0.0,0.0,0.0,0.0,0.0,0.0,0.0,0.0,0.0,0.0,0.0,0.0,0.0,0.0,0.0,0.0,0.0,0.0,0.0,0.0,0.0,,,,,,,3,Brodric Martin,Western Kentucky,Conference USA,Defensive Tackle,,,,,,,,,
4366031,2023,69,0.0,0.0,0.0,2.0,1.0,0.0,2.0,3.0,1.0,0.0,0.0,0.0,0.0,18.0,0.0,330.0,0.0,0.0,0.0,0.0,0.0,0.0,0.0,0.0,0.0,0.0,10.0,1.0,160.0,0.0,0.0,0.0,0.0,228.0,32.0,3155.0,5.0,0.0,14.0,33.0,,68.0,,63.0,5.0,3,Nathaniel Dell,Houston,American Athletic,Wide Receiver,,,13.837719298245615,2.8,18.333333333333332,16.0,,,
4366963,2024,208,0.0,0.0,0.0,1.0,0.0,0.0,2.0,5.0,3.0,0.0,0.0,0.0,0.0,36.0,0.0,975.0,0.0,0.0,0.0,0.0,0.0,0.0,0.0,0.0,0.0,0.0,34.0,1.0,426.0,0.0,0.0,0.0,0.0,122.0,10.0,1251.0,417.0,24.0,1959.0,100.0,,92.0,,87.0,77.0,4,Dylan Laube,New Hampshire,CAA,Running Back,,,10.254098360655737,4.697841726618705,27.083333333333332,12.529411764705882,,,
4367175,2022,163,0.0,0.0,0.0,3.0,2.0,0.5,4.0,2.0,1.0,0.0,0.0,0.0,0.0,0.0,0.0,0.0,0.0,0.0,0.0,0.0,0.0,0.0,0.0,0.0,0.0,0.0,25.0,2.0,473.0,0.0,0.0,0.0,0.0,163.0,17.0,1821.0,5.0,0.0,47.0,,,82.0,,75.0,29.0,4,Kyle Philips,UCLA,Pac-12,Wide Receiver,,,11.171779141104295,9.4,,18.92,,,
4367178,2023,140,0.0,0.0,0.0,5.0,0.0,0.0,5.0,27.0,14.0,0.0,0.0,0.0,0.0,0.0,0.0,0.0,0.0,0.0,0.0,0.0,0.0,1323.0,842.0,36.0,87.0,10556.0,0.0,0.0,0.0,0.0,0.0,0.0,0.0,0.0,0.0,0.0,465.0,28.0,1838.0,,,,,,68.0,5,Dorian Thompson-Robinson,UCLA,Pac-12,Quarterback,0.636432350718065,7.978835978835979,,3.9526881720430107,,,,,
4367199,2023,122,0.0,0.0,0.0,1.0,0.0,0.0,1.0,0.0,0.0,0.0,0.0,0.0,0.0,0.0,0.0,0.0,0.0,0.0,0.0,0.0,0.0,0.0,0.0,0.0,0.0,0.0,0.0,0.0,0.0,0.0,0.0,0.0,0.0,0.0,0.0,0.0,0.0,0.0,0.0,,,,,,,1,Jon Gaines,UCLA,Pac-12,Offensive Guard,,,,,,,,,
4367202,2023,144,0.0,1.0,2.0,18.0,0.0,6.5,45.0,0.0,0.0,0.0,0.0,0.0,0.0,0.0,0.0,0.0,0.0,0.0,0.0,0.0,0.0,0.0,0.0,0.0,0.0,0.0,0.0,0.0,0.0,0.0,0.0,0.0,0.0,0.0,0.0,0.0,0.0,0.0,7.0,,,,,,7.0,4,Atonio Mafi,UCLA,Pac-12,Offensive Guard,,,,inf,,,,,
4367209,2022,80,0.0,0.0,0.0,2.0,0.0,0.0,2.0,0.0,0.0,0.0,0.0,0.0,0.0,0.0,0.0,0.0,0.0,0.0,0.0,0.0,0.0,0.0,0.0,0.0,0.0,0.0,0.0,0.0,0.0,0.0,0.0,0.0,0.0,77.0,11.0,1353.0,0.0,0.0,0.0,,,,,75.0,,4,Greg Dulcich,UCLA,Pac-12,Tight End,,,17.571428571428573,,,,,,
4367210,2022,160,6.0,4.0,4.5,40.0,0.0,8.5,76.0,0.0,0.0,1.0,0.0,0.0,0.0,0.0,0.0,0.0,0.0,0.0,0.0,0.0,0.0,0.0,0.0,0.0,0.0,0.0,0.0,0.0,0.0,0.0,0.0,0.0,0.0,0.0,0.0,0.0,0.0,0.0,0.0,,,,,,,4,Otito Ogbonnia,UCLA,Pac-12,Defensive Tackle,,,,,,,,,
4368003,2023,206,0.0,0.0,0.0,0.0,0.0,0.0,0.0,1.0,0.0,0.0,0.0,0.0,0.0,0.0,0.0,0.0,0.0,0.0,0.0,0.0,0.0,0.0,0.0,0.0,0.0,0.0,0.0,0.0,0.0,0.0,0.0,0.0,0.0,66.0,7.0,943.0,4.0,0.0,10.0,,,,,65.0,12.0,1,Andrei Iosivas,Princeton,Ivy,Wide Receiver,,,14.287878787878787,2.5,,,,,
4368468,2023,211,1.0,1.0,1.0,15.0,0.0,1.0,20.0,0.0,0.0,1.0,0.0,0.0,0.0,0.0,0.0,0.0,0.0,0.0,0.0,0.0,0.0,0.0,0.0,0.0,0.0,0.0,0.0,0.0,0.0,0.0,0.0,0.0,0.0,0.0,0.0,0.0,0.0,0.0,0.0,,,,,,,3,Titus Leo,Wagner,NEC,Inside Linebacker,,,,,,,,,
4368828,2024,204,0.0,0.0,0.0,1.0,0.0,0.0,1.0,0.0,0.0,0.0,0.0,0.0,0.0,0.0,0.0,0.0,0.0,0.0,0.0,0.0,0.0,0.0,0.0,0.0,0.0,0.0,0.0,0.0,0.0,0.0,0.0,0.0,0.0,0.0,0.0,0.0,1.0,0.0,5.0,,,,,,5.0,2,Tylan Grable,UCF,Big 12,Offensive Tackle,,,,5.0,,,,,
4369835,2022,49,15.0,1.0,0.5,115.0,2.0,5.0,162.0,0.0,0.0,0.0,4.0,1.0,130.0,0.0,0.0,0.0,0.0,0.0,0.0,0.0,0.0,0.0,0.0,0.0,0.0,0.0,0.0,0.0,0.0,0.0,0.0,0.0,0.0,0.0,0.0,0.0,0.0,0.0,0.0,,,,,,,4,Alontae Taylor,Tennessee,SEC,Cornerback,,,,,,,,,32.5
4369863,2023,74,0.0,0.0,0.0,1.0,0.0,1.0,1.0,0.0,0.0,0.0,0.0,0.0,0.0,0.0,0.0,0.0,0.0,0.0,0.0,0.0,0.0,0.0,0.0,0.0,0.0,0.0,0.0,0.0,0.0,0.0,0.0,0.0,0.0,109.0,17.0,1622.0,0.0,0.0,0.0,,,,,70.0,,5,Cedric Tillman,Tennessee,SEC,Wide Receiver,,,14.880733944954128,,,,,,
4370807,2023,154,0.0,0.0,0.0,0.0,0.0,0.0,0.0,0.0,0.0,0.0,0.0,0.0,0.0,0.0,0.0,0.0,0.0,0.0,0.0,0.0,0.0,0.0,0.0,0.0,0.0,0.0,0.0,0.0,0.0,0.0,0.0,0.0,0.0,0.0,0.0,0.0,0.0,0.0,-3.0,,,,,,0.0,1,Victor Oluwatimi,Virginia,ACC,Center,,,,-inf,,,,,
4371733,2021,150,0.0,0.0,0.0,3.0,0.0,0.0,3.0,3.0,1.0,0.0,0.0,0.0,0.0,0.0,0.0,0.0,0.0,0.0,0.0,0.0,0.0,0.0,0.0,0.0,0.0,0.0,0.0,0.0,0.0,0.0,0.0,0.0,0.0,57.0,3.0,662.0,235.0,14.0,1550.0,,,,,68.0,75.0,2,Kenneth Gainwell,Memphis,American Athletic,Running Back,,,11.614035087719298,6.595744680851064,,,,,
4371737,2020,223,2.0,2.0,0.5,40.0,1.0,0.5,50.0,1.0,1.0,0.0,2.0,1.0,37.0,11.0,1.0,338.0,0.0,0.0,0.0,0.0,0.0,0.0,0.0,0.0,0.0,0.0,0.0,0.0,0.0,0.0,0.0,0.0,0.0,0.0,0.0,0.0,0.0,0.0,0.0,94.0,,,,,,2,Chris Claybrooks,Memphis,American Athletic,Cornerback,,,,,30.727272727272727,,,,18.5
4371949,2021,164,5.0,1.0,4.0,52.0,1.0,8.0,69.0,1.0,1.0,0.0,7.0,1.0,166.0,0.0,0.0,0.0,0.0,0.0,0.0,0.0,0.0,0.0,0.0,0.0,0.0,0.0,0.0,0.0,0.0,0.0,0.0,0.0,0.0,0.0,0.0,0.0,0.0,0.0,0.0,,,,,,,3,Jamar Johnson,Indiana,Big Ten,Safety,,,,,,,,,23.714285714285715
4371961,2022,146,4.0,15.0,14.0,149.0,0.0,36.0,216.0,0.0,0.0,1.0,4.0,0.0,14.0,0.0,0.0,0.0,0.0,0.0,0.0,0.0,0.0,0.0,0.0,0.0,0.0,0.0,0.0,0.0,0.0,0.0,0.0,0.0,0.0,0.0,0.0,0.0,0.0,0.0,0.0,,,,,,,4,Micah McFadden,Indiana,Big Ten,Inside Linebacker,,,,,,,,,3.5
4371973,2022,35,32.0,1.0,1.0,111.0,1.0,10.0,135.0,0.0,0.0,2.0,6.0,1.0,98.0,0.0,0.0,0.0,0.0,0.0,0.0,0.0,0.0,0.0,0.0,0.0,0.0,0.0,0.0,0.0,0.0,0.0,0.0,0.0,0.0,0.0,0.0,0.0,0.0,0.0,0.0,,,,,,,4,Roger McCreary,Auburn,SEC,Cornerback,,,,,,,,,16.333333333333332
4371974,2021,219,0.0,0.0,0.0,0.0,0.0,0.0,0.0,2.0,2.0,0.0,0.0,0.0,0.0,0.0,0.0,0.0,0.0,0.0,0.0,0.0,0.0,0.0,0.0,0.0,0.0,0.0,0.0,0.0,0.0,0.0,0.0,0.0,0.0,132.0,17.0,2108.0,0.0,0.0,0.0,,,,,62.0,,3,Seth Williams,Auburn,SEC,Wide Receiver,,,15.969696969696969,,,,,,
4371986,2021,91,0.0,0.0,0.0,4.0,0.0,0.0,5.0,3.0,0.0,0.0,0.0,0.0,0.0,0.0,0.0,0.0,0.0,0.0,0.0,0.0,0.0,0.0,0.0,0.0,0.0,0.0,0.0,0.0,0.0,0.0,0.0,0.0,0.0,118.0,6.0,1484.0,42.0,7.0,323.0,,,,,91.0,57.0,3,Anthony Schwartz,Auburn,SEC,Wide Receiver,,,12.576271186440678,7.690476190476191,,,,,
4372012,2021,9,26.0,4.0,0.0,80.0,1.0,6.0,114.0,0.0,0.0,2.0,4.0,1.0,69.0,0.0,0.0,0.0,0.0,0.0,0.0,0.0,0.0,0.0,0.0,0.0,0.0,0.0,1.0,0.0,0.0,0.0,0.0,0.0,0.0,0.0,0.0,0.0,0.0,0.0,0.0,,,0.0,,,,3,Patrick Surtain II,Alabama,SEC,Cornerback,,,,,,0.0,,,17.25
4372016,2021,6,0.0,0.0,0.0,1.0,3.0,0.0,1.0,4.0,1.0,0.0,0.0,0.0,0.0,9.0,1.0,214.0,0.0,0.0,0.0,0.0,0.0,0.0,0.0,0.0,0.0,0.0,40.0,2.0,733.0,0.0,0.0,0.0,0.0,106.0,17.0,1999.0,4.0,0.0,17.0,98.0,,77.0,,94.0,11.0,3,Jaylen Waddle,Alabama,SEC,Wide Receiver,,,18.858490566037737,4.25,23.77777777777778,18.325,,,
4372017,2022,119,6.0,1.0,0.0,22.0,0.0,1.0,34.0,0.0,0.0,0.0,3.0,0.0,51.0,0.0,0.0,0.0,0.0,0.0,0.0,0.0,0.0,0.0,0.0,0.0,0.0,0.0,0.0,0.0,0.0,0.0,0.0,0.0,0.0,0.0,0.0,0.0,0.0,0.0,0.0,,,,,,,3,Jalyn Armour-Davis,Alabama,SEC,Cornerback,,,,,,,,,17.0
4372019,2022,156,0.0,0.0,0.0,3.0,0.0,0.0,5.0,7.0,4.0,0.0,0.0,0.0,0.0,0.0,0.0,0.0,0.0,0.0,0.0,0.0,0.0,0.0,0.0,0.0,0.0,0.0,0.0,0.0,0.0,0.0,0.0,0.0,0.0,31.0,1.0,282.0,319.0,30.0,1953.0,,,,,34.0,79.0,4,Jerome Ford,Cincinnati,American Athletic,Running Back,,,9.096774193548388,6.122257053291536,,,,,
4372026,2023,101,0.0,1.0,0.0,1.0,0.0,0.0,2.0,2.0,1.0,0.0,0.0,0.0,0.0,3.0,0.0,7.0,0.0,0.0,0.0,0.0,0.0,0.0,0.0,0.0,0.0,0.0,0.0,0.0,0.0,0.0,0.0,0.0,0.0,56.0,12.0,787.0,0.0,0.0,0.0,7.0,,,,61.0,,4,Cameron Latu,Alabama,SEC,Tight End,,,14.053571428571429,,2.3333333333333335,,,,
4372030,2021,38,5.0,10.0,8.0,32.0,0.0,13.5,60.0,0.0,0.0,0.0,0.0,0.0,0.0,0.0,0.0,0.0,0.0,0.0,0.0,0.0,0.0,0.0,0.0,0.0,0.0,0.0,0.0,0.0,0.0,0.0,0.0,0.0,0.0,0.0,0.0,0.0,0.0,0.0,0.0,,,,,,,2,Christian Barmore,Alabama,SEC,Defensive Tackle,,,,,,,,,
4372051,2022,219,5.0,11.0,7.5,112.0,1.0,22.5,215.0,0.0,0.0,5.0,1.0,0.0,0.0,0.0,0.0,0.0,0.0,0.0,0.0,0.0,0.0,0.0,0.0,0.0,0.0,0.0,0.0,0.0,0.0,0.0,0.0,0.0,0.0,0.0,0.0,0.0,0.0,0.0,0.0,,,,,,,4,Chance Campbell,Ole Miss,SEC,Inside Linebacker,,,,,,,,,0.0
4372058,2023,186,0.0,0.0,0.0,1.0,0.0,0.0,1.0,0.0,0.0,0.0,0.0,0.0,0.0,0.0,0.0,0.0,0.0,0.0,0.0,0.0,0.0,0.0,0.0,0.0,0.0,0.0,0.0,0.0,0.0,0.0,0.0,0.0,0.0,0.0,0.0,0.0,0.0,0.0,0.0,,,,,,,1,Jalen Duncan,Maryland,Big Ten,Offensive Tackle,,,,,,,,,
4372062,2024,240,4.0,9.0,8.5,107.0,1.0,11.5,190.0,0.0,0.0,2.0,2.0,1.0,52.0,5.0,0.0,122.0,0.0,0.0,0.0,0.0,0.0,1.0,1.0,0.0,0.0,25.0,0.0,0.0,0.0,0.0,0.0,0.0,0.0,0.0,0.0,0.0,2.0,0.0,17.0,66.0,,,,,14.0,5,Michael Barrett,Michigan,Big Ten,Linebacker,1.0,25.0,,8.5,24.4,,,,26.0
4372063,2023,253,0.0,0.0,0.0,1.0,0.0,0.0,1.0,3.0,0.0,0.0,0.0,0.0,0.0,2.0,0.0,53.0,0.0,0.0,0.0,0.0,0.0,1.0,0.0,0.0,0.0,0.0,13.0,0.0,150.0,0.0,0.0,0.0,0.0,144.0,9.0,2258.0,9.0,1.0,30.0,32.0,,40.0,,76.0,16.0,5,Ronnie Bell,Michigan,Big Ten,Wide Receiver,0.0,0.0,15.680555555555555,3.3333333333333335,26.5,11.538461538461538,,,
4372066,2023,99,0.0,0.0,0.0,1.0,0.0,0.0,3.0,0.0,0.0,0.0,0.0,0.0,0.0,0.0,0.0,0.0,84.0,69.0,355.0,148.0,148.0,0.0,0.0,0.0,0.0,0.0,0.0,0.0,0.0,0.0,0.0,0.0,0.0,0.0,0.0,0.0,0.0,0.0,0.0,,59.0,,,,,5,Jake Moody,Michigan,Big Ten,Place Kicker,,,,,,,,0.8214285714285714,
4372071,2022,131,0.0,0.0,0.0,6.0,0.0,1.0,6.0,0.0,0.0,0.0,0.0,0.0,0.0,0.0,0.0,0.0,0.0,0.0,0.0,0.0,0.0,1.0,0.0,0.0,0.0,0.0,0.0,0.0,0.0,0.0,0.0,0.0,0.0,24.0,0.0,171.0,452.0,30.0,2325.0,,,,,20.0,66.0,3,Hassan Haskins,Michigan,Big Ten,Running Back,0.0,0.0,7.125,5.143805309734513,,,,,
4372085,2021,177,1.0,5.0,4.0,52.0,0.0,11.0,91.0,0.0,0.0,0.0,0.0,0.0,0.0,0.0,0.0,0.0,0.0,0.0,0.0,0.0,0.0,0.0,0.0,0.0,0.0,0.0,0.0,0.0,0.0,0.0,0.0,0.0,0.0,0.0,0.0,0.0,0.0,0.0,0.0,,,,,,,2,Cameron McGrone,Michigan,Big Ten,Inside Linebacker,,,,,,,,,
4372093,2021,68,0.0,0.0,0.0,1.0,0.0,0.0,1.0,0.0,0.0,0.0,0.0,0.0,0.0,0.0,0.0,0.0,0.0,0.0,0.0,0.0,0.0,0.0,0.0,0.0,0.0,0.0,0.0,0.0,0.0,0.0,0.0,0.0,0.0,0.0,0.0,0.0,0.0,0.0,0.0,,,,,,,1,Jalen Mayfield,Michigan,Big Ten,Offensive Tackle,,,,,,,,,
4372096,2023,58,0.0,0.0,0.0,0.0,0.0,0.0,0.0,0.0,0.0,0.0,0.0,0.0,0.0,0.0,0.0,0.0,0.0,0.0,0.0,0.0,0.0,0.0,0.0,0.0,0.0,0.0,0.0,0.0,0.0,0.0,0.0,0.0,0.0,54.0,7.0,637.0,0.0,0.0,0.0,,,,,40.0,,3,Luke Schoonmaker,Michigan,Big Ten,Tight End,,,11.796296296296296,,,,,,
4372099,2022,2,10.0,17.0,18.5,80.0,0.0,27.5,148.0,0.0,0.0,1.0,0.0,0.0,0.0,0.0,0.0,0.0,0.0,0.0,0.0,0.0,0.0,0.0,0.0,0.0,0.0,0.0,0.0,0.0,0.0,0.0,0.0,0.0,0.0,0.0,0.0,0.0,0.0,0.0,0.0,,,,,,,4,Aidan Hutchinson,Michigan,Big Ten,Defensive End,,,,,,,,,
4372414,2021,34,0.0,0.0,0.0,2.0,0.0,0.0,2.0,2.0,0.0,0.0,0.0,0.0,0.0,12.0,0.0,222.0,0.0,0.0,0.0,0.0,0.0,1.0,1.0,0.0,0.0,2.0,27.0,0.0,131.0,0.0,0.0,0.0,0.0,189.0,16.0,2441.0,21.0,0.0,71.0,28.0,,55.0,,91.0,13.0,3,Elijah Moore,Ole Miss,SEC,Wide Receiver,1.0,2.0,12.915343915343914,3.380952380952381,18.5,4.851851851851852,,,
4372485,2021,49,0.0,0.0,0.0,1.0,0.0,0.0,1.0,4.0,2.0,0.0,0.0,0.0,0.0,44.0,0.0,813.0,0.0,0.0,0.0,0.0,0.0,1.0,0.0,0.0,0.0,0.0,17.0,0.0,118.0,0.0,0.0,0.0,0.0,178.0,14.0,1915.0,30.0,3.0,248.0,48.0,,28.0,,70.0,76.0,3,Rondale Moore,Purdue,Big Ten,Wide Receiver,0.0,0.0,10.758426966292134,8.266666666666667,18.477272727272727,6.9411764705882355,,,
4372492,2023,241,12.0,1.0,0.0,88.0,2.0,4.0,102.0,0.0,0.0,0.0,5.0,2.0,57.0,0.0,0.0,0.0,0.0,0.0,0.0,0.0,0.0,0.0,0.0,0.0,0.0,0.0,0.0,0.0,0.0,0.0,0.0,0.0,0.0,0.0,0.0,0.0,0.0,0.0,0.0,,,,,,,4,Cory Trice,Purdue,Big Ten,Cornerback,,,,,,,,,11.4
4372505,2023,171,0.0,0.0,0.0,1.0,0.0,0.0,1.0,1.0,1.0,0.0,0.0,0.0,0.0,0.0,0.0,0.0,0.0,0.0,0.0,0.0,0.0,0.0,0.0,0.0,0.0,0.0,0.0,0.0,0.0,0.0,0.0,0.0,0.0,126.0,21.0,1275.0,1.0,0.0,4.0,,,,,62.0,4.0,4,Payne Durham,Purdue,Big Ten,Tight End,,,10.119047619047619,4.0,,,,,
4372518,2021,117,1.0,5.0,6.0,23.0,0.0,10.5,57.0,0.0,0.0,0.0,0.0,0.0,0.0,0.0,0.0,0.0,0.0,0.0,0.0,0.0,0.0,0.0,0.0,0.0,0.0,0.0,0.0,0.0,0.0,0.0,0.0,0.0,0.0,0.0,0.0,0.0,0.0,0.0,0.0,,,,,,,3,Bobby Brown III,Texas A&M,SEC,Defensive Tackle,,,,,,,,,
4372533,2023,7,1.0,16.0,16.5,74.0,0.0,30.5,120.0,0.0,0.0,2.0,0.0,0.0,0.0,0.0,0.0,0.0,0.0,0.0,0.0,0.0,0.0,0.0,0.0,0.0,0.0,0.0,0.0,0.0,0.0,0.0,0.0,0.0,0.0,0.0,0.0,0.0,0.0,0.0,0.0,,,,,,,4,Tyree Wilson,Texas Tech,Big 12,Defensive End,,,,,,,,,
4372560,2021,213,14.0,0.0,0.0,43.0,0.0,5.0,56.0,0.0,0.0,2.0,1.0,0.0,11.0,0.0,0.0,0.0,0.0,0.0,0.0,0.0,0.0,0.0,0.0,0.0,0.0,0.0,0.0,0.0,0.0,0.0,0.0,0.0,0.0,0.0,0.0,0.0,0.0,0.0,0.0,,,,,,,3,Rachad Wildgoose,Wisconsin,Big Ten,Cornerback,,,,,,,,,11.0
4372561,2024,129,0.0,0.0,0.0,4.0,0.0,0.0,5.0,4.0,1.0,0.0,0.0,0.0,0.0,31.0,0.0,714.0,0.0,0.0,0.0,0.0,0.0,0.0,0.0,0.0,0.0,0.0,0.0,0.0,0.0,0.0,0.0,0.0,0.0,42.0,1.0,358.0,232.0,17.0,1397.0,50.0,,,,27.0,89.0,5,Isaac Guerendo,Wisconsin,Big Ten,Running Back,,,8.523809523809524,6.021551724137931,23.032258064516128,,,,
4372780,2021,83,0.0,0.0,0.0,0.0,0.0,0.0,0.0,0.0,0.0,0.0,0.0,0.0,0.0,0.0,0.0,0.0,0.0,0.0,0.0,0.0,0.0,0.0,0.0,0.0,0.0,0.0,0.0,0.0,0.0,0.0,0.0,0.0,0.0,35.0,4.0,400.0,1.0,0.0,4.0,,,,,30.0,4.0,2,Tommy Tremble,Notre Dame,FBS Independents,Tight End,,,11.428571428571429,4.0,,,,,
4373017,2022,242,14.0,0.0,0.0,52.0,0.0,2.5,68.0,0.0,0.0,0.0,3.0,0.0,18.0,0.0,0.0,0.0,0.0,0.0,0.0,0.0,0.0,0.0,0.0,0.0,0.0,0.0,0.0,0.0,0.0,0.0,0.0,0.0,0.0,0.0,0.0,0.0,0.0,0.0,0.0,,,,,,,4,Kalon Barnes,Baylor,Big 12,Cornerback,,,,,,,,,6.0
4373079,2024,254,0.0,0.0,0.0,1.0,0.0,0.0,1.0,0.0,0.0,0.0,0.0,0.0,0.0,0.0,0.0,0.0,0.0,0.0,0.0,0.0,0.0,0.0,0.0,0.0,0.0,0.0,0.0,0.0,0.0,0.0,0.0,0.0,0.0,0.0,0.0,0.0,0.0,0.0,0.0,,,,,,,1,Kaitori Leveston,Kansas State,Big 12,Offensive Guard,,,,,,,,,
4373266,2023,219,0.0,0.0,0.0,1.0,0.0,0.0,1.0,0.0,0.0,0.0,0.0,0.0,0.0,1.0,0.0,20.0,0.0,0.0,0.0,0.0,0.0,0.0,0.0,0.0,0.0,0.0,0.0,0.0,0.0,0.0,0.0,0.0,0.0,90.0,15.0,1710.0,0.0,0.0,0.0,20.0,,,,80.0,,5,Antoine Green,North Carolina,ACC,Wide Receiver,,,19.0,,20.0,,,,
4373320,2023,208,23.0,1.0,0.0,109.0,1.0,7.5,157.0,0.0,0.0,5.0,8.0,1.0,17.0,1.0,0.0,0.0,0.0,0.0,0.0,0.0,0.0,0.0,0.0,0.0,0.0,0.0,0.0,0.0,0.0,0.0,0.0,0.0,0.0,0.0,0.0,0.0,0.0,0.0,0.0,0.0,,,,,,4,Erick Hallett,Pittsburgh,ACC,Safety,,,,,0.0,,,,2.125
4373423,2023,179,4.0,15.0,26.5,76.0,0.0,44.5,165.0,0.0,0.0,1.0,1.0,0.0,33.0,0.0,0.0,0.0,0.0,0.0,0.0,0.0,0.0,0.0,0.0,0.0,0.0,0.0,0.0,0.0,0.0,0.0,0.0,0.0,0.0,0.0,0.0,0.0,0.0,0.0,0.0,,,,,,,5,Karl Brooks,Bowling Green,Mid-American,Defensive End,,,,,,,,,33.0
4373471,2024,154,7.0,20.0,19.5,73.0,0.0,34.0,162.0,0.0,0.0,5.0,1.0,0.0,0.0,0.0,0.0,0.0,0.0,0.0,0.0,0.0,0.0,0.0,0.0,0.0,0.0,0.0,0.0,0.0,0.0,0.0,0.0,0.0,0.0,0.0,0.0,0.0,0.0,0.0,0.0,,,,,,,5,Brennan Jackson,Washington State,Pac-12,Defensive Edge,,,,,,,,,0.0
4373474,2024,215,0.0,0.0,0.0,1.0,0.0,0.0,1.0,1.0,1.0,1.0,0.0,0.0,0.0,0.0,0.0,0.0,0.0,0.0,0.0,0.0,0.0,0.0,0.0,0.0,0.0,0.0,0.0,0.0,0.0,0.0,0.0,0.0,0.0,0.0,0.0,-7.0,0.0,0.0,0.0,,,,,-7.0,,2,Jarrett Kingston,Washington State,Pac-12,Offensive Guard,,,-inf,,,,,,
4373626,2022,151,1.0,0.0,0.5,20.0,0.0,1.0,27.0,5.0,2.0,0.0,0.0,0.0,0.0,4.0,0.0,97.0,0.0,0.0,0.0,0.0,0.0,0.0,0.0,0.0,0.0,0.0,0.0,0.0,0.0,0.0,0.0,0.0,0.0,46.0,1.0,437.0,452.0,36.0,2905.0,36.0,,,,57.0,86.0,4,Tyler Allgeier,BYU,FBS Independents,Running Back,,,9.5,6.426991150442478,24.25,,,,
4373632,2023,164,0.0,0.0,0.0,0.0,0.0,0.0,0.0,8.0,2.0,1.0,0.0,0.0,0.0,0.0,0.0,0.0,0.0,0.0,0.0,0.0,0.0,718.0,468.0,11.0,52.0,6174.0,0.0,0.0,0.0,0.0,0.0,0.0,0.0,5.0,1.0,49.0,181.0,9.0,796.0,,,,,22.0,56.0,4,Jaren Hall,BYU,FBS Independents,Quarterback,0.6518105849582173,8.598885793871867,9.8,4.397790055248619,,,,,
4373642,2021,258,0.0,0.0,0.0,0.0,0.0,0.0,0.0,3.0,2.0,0.0,0.0,0.0,0.0,2.0,0.0,32.0,0.0,0.0,0.0,0.0,0.0,0.0,0.0,0.0,0.0,0.0,11.0,0.0,60.0,0.0,0.0,0.0,0.0,102.0,11.0,1549.0,24.0,0.0,106.0,20.0,,31.0,,78.0,15.0,3,Dax Milne,BYU,FBS Independents,Wide Receiver,,,15.186274509803921,4.416666666666667,16.0,5.454545454545454,,,
4373673,2020,168,0.0,0.0,0.0,0.0,1.0,0.0,0.0,2.0,2.0,0.0,0.0,0.0,0.0,36.0,1.0,740.0,0.0,0.0,0.0,0.0,0.0,2.0,1.0,0.0,0.0,4.0,1.0,0.0,2.0,0.0,0.0,0.0,0.0,82.0,14.0,1447.0,23.0,2.0,302.0,98.0,,0.0,,76.0,88.0,2,John Hightower,Boise State,Mountain West,Wide Receiver,0.5,2.0,17.646341463414632,13.130434782608695,20.555555555555557,2.0,,,
4373678,2022,148,0.0,0.0,0.0,5.0,0.0,0.0,5.0,2.0,0.0,0.0,0.0,0.0,0.0,8.0,0.0,190.0,0.0,0.0,0.0,0.0,0.0,5.0,4.0,1.0,1.0,20.0,23.0,0.0,184.0,0.0,0.0,0.0,0.0,208.0,20.0,2878.0,71.0,4.0,413.0,35.0,,40.0,,69.0,33.0,4,Khalil Shakir,Boise State,Mountain West,Wide Receiver,0.8,4.0,13.836538461538462,5.816901408450704,23.75,8.0,,,
4373684,2023,200,1.0,9.0,11.0,58.0,0.0,18.5,106.0,0.0,0.0,2.0,0.0,0.0,0.0,0.0,0.0,0.0,0.0,0.0,0.0,0.0,0.0,0.0,0.0,0.0,0.0,0.0,0.0,0.0,0.0,0.0,0.0,0.0,0.0,2.0,2.0,4.0,0.0,0.0,0.0,,,,,3.0,,4,Scott Matlock,Boise State,Mountain West,Defensive Tackle,,,2.0,,,,,,
4373809,2021,36,8.0,1.0,0.0,62.0,1.0,4.5,96.0,2.0,1.0,0.0,9.0,1.0,72.0,0.0,0.0,0.0,0.0,0.0,0.0,0.0,0.0,0.0,0.0,0.0,0.0,0.0,17.0,0.0,244.0,0.0,0.0,0.0,0.0,0.0,0.0,0.0,0.0,0.0,0.0,,,81.0,,,,2,Jevon Holland,Oregon,Pac-12,Safety,,,,,,14.352941176470589,,,8.0
4373825,2021,7,0.0,0.0,0.0,2.0,0.0,0.0,2.0,0.0,0.0,0.0,0.0,0.0,0.0,0.0,0.0,0.0,0.0,0.0,0.0,0.0,0.0,0.0,0.0,0.0,0.0,0.0,0.0,0.0,0.0,0.0,0.0,0.0,0.0,0.0,0.0,0.0,1.0,0.0,1.0,,,,,,1.0,2,Penei Sewell,Oregon,Pac-12,Offensive Tackle,,,,1.0,,,,,
4373956,2024,234,3.0,10.0,10.5,51.0,0.0,27.0,98.0,0.0,0.0,1.0,1.0,0.0,26.0,0.0,0.0,0.0,0.0,0.0,0.0,0.0,0.0,0.0,0.0,0.0,0.0,0.0,0.0,0.0,0.0,0.0,0.0,0.0,0.0,2.0,1.0,4.0,0.0,0.0,0.0,,,,,4.0,,5,Jonah Laulu,Oklahoma,Big 12,Defensive Tackle,,,2.0,,,,,,26.0
4374033,2021,257,0.0,0.0,0.0,0.0,0.0,0.0,0.0,5.0,4.0,0.0,0.0,0.0,0.0,2.0,0.0,32.0,0.0,0.0,0.0,0.0,0.0,0.0,0.0,0.0,0.0,0.0,0.0,0.0,0.0,0.0,0.0,0.0,0.0,43.0,2.0,299.0,514.0,27.0,2924.0,18.0,,,,39.0,82.0,3,Jermar Jefferson,Oregon State,Pac-12,Running Back,,,6.953488372093023,5.688715953307393,16.0,,,,
4374037,2024,169,23.0,5.0,6.5,144.0,0.0,15.0,243.0,0.0,0.0,1.0,3.0,0.0,14.0,0.0,0.0,0.0,0.0,0.0,0.0,0.0,0.0,0.0,0.0,0.0,0.0,0.0,1.0,0.0,0.0,0.0,0.0,0.0,0.0,1.0,0.0,6.0,0.0,0.0,0.0,,,0.0,,6.0,,5,Kitan Oladapo,Oregon State,Pac-12,Safety,,,6.0,,,0.0,,,4.666666666666667
4374045,2022,170,0.0,0.0,0.0,3.0,0.0,0.0,5.0,1.0,0.0,0.0,0.0,0.0,0.0,0.0,0.0,0.0,0.0,0.0,0.0,0.0,0.0,0.0,0.0,0.0,0.0,0.0,0.0,0.0,0.0,0.0,0.0,0.0,0.0,40.0,6.0,512.0,0.0,0.0,0.0,,,,,46.0,,4,Teagan Quitoriano,Oregon State,Pac-12,Tight End,,,12.8,,,,,,
4374066,2023,109,4.0,13.0,17.5,83.0,0.0,27.5,134.0,0.0,0.0,0.0,0.0,0.0,0.0,0.0,0.0,0.0,0.0,0.0,0.0,0.0,0.0,0.0,0.0,0.0,0.0,0.0,0.0,0.0,0.0,0.0,0.0,0.0,0.0,0.0,0.0,0.0,0.0,0.0,0.0,,,,,,,5,Dylan Horton,TCU,Big 12,Defensive End,,,,,,,,,
4374148,2023,129,12.0,15.0,24.0,102.0,0.0,46.5,186.0,0.0,0.0,3.0,0.0,0.0,0.0,0.0,0.0,0.0,0.0,0.0,0.0,0.0,0.0,0.0,0.0,0.0,0.0,0.0,0.0,0.0,0.0,0.0,0.0,0.0,0.0,0.0,0.0,0.0,0.0,0.0,0.0,,,,,,,5,Junior Fehoko,San José State,Mountain West,Defensive End,,,,,,,,,
4374280,2024,160,7.0,1.0,7.0,147.0,1.0,15.0,243.0,0.0,0.0,3.0,1.0,1.0,45.0,0.0,0.0,0.0,0.0,0.0,0.0,0.0,0.0,0.0,0.0,0.0,0.0,0.0,0.0,0.0,0.0,0.0,0.0,0.0,0.0,0.0,0.0,0.0,0.0,0.0,0.0,,,,,,,5,Edefuan Ulofoshio,Washington,Pac-12,Linebacker,,,,,,,,,45.0
4374302,2021,112,0.0,0.0,0.0,1.0,0.0,0.0,2.0,3.0,2.0,0.0,0.0,0.0,0.0,2.0,0.0,43.0,0.0,0.0,0.0,0.0,0.0,0.0,0.0,0.0,0.0,0.0,19.0,0.0,107.0,0.0,0.0,0.0,0.0,178.0,16.0,2270.0,9.0,1.0,69.0,23.0,,24.0,,95.0,37.0,3,Amon-Ra St. Brown,USC,Pac-12,Wide Receiver,,,12.752808988764045,7.666666666666667,21.5,5.631578947368421,,,
4379396,2022,133,0.0,0.0,0.0,1.0,0.0,0.0,1.0,0.0,0.0,0.0,0.0,0.0,0.0,0.0,0.0,0.0,0.0,0.0,0.0,0.0,0.0,0.0,0.0,0.0,0.0,0.0,0.0,0.0,0.0,63.0,187.0,24.0,8561.0,0.0,0.0,0.0,1.0,0.0,6.0,,,,68.0,,6.0,4,Jake Camarda,Georgia,SEC,Punter,,,,6.0,,,45.780748663101605,,
4379397,2021,33,9.0,0.0,0.0,57.0,1.0,3.5,88.0,0.0,0.0,2.0,1.0,0.0,40.0,0.0,0.0,0.0,0.0,0.0,0.0,0.0,0.0,0.0,0.0,0.0,0.0,0.0,0.0,1.0,0.0,0.0,0.0,0.0,0.0,0.0,0.0,0.0,0.0,0.0,0.0,,,0.0,,,,3,Tyson Campbell,Georgia,SEC,Cornerback,,,,,,,,,40.0
4379399,2022,63,0.0,0.0,0.0,0.0,0.0,0.0,1.0,2.0,2.0,0.0,0.0,0.0,0.0,5.0,0.0,91.0,0.0,0.0,0.0,0.0,0.0,0.0,0.0,0.0,0.0,0.0,0.0,0.0,0.0,0.0,0.0,0.0,0.0,67.0,6.0,730.0,230.0,14.0,1503.0,34.0,,,,82.0,67.0,4,James Cook,Georgia,SEC,Running Back,,,10.895522388059701,6.534782608695652,18.2,,,,
4379401,2022,213,0.0,0.0,0.0,1.0,0.0,0.0,1.0,0.0,0.0,0.0,0.0,0.0,0.0,0.0,0.0,0.0,0.0,0.0,0.0,0.0,0.0,0.0,0.0,0.0,0.0,0.0,0.0,0.0,0.0,0.0,0.0,0.0,0.0,17.0,1.0,200.0,0.0,0.0,0.0,,,,,28.0,,3,John FitzPatrick,Georgia,SEC,Tight End,,,11.764705882352942,,,,,,
4379409,2021,50,2.0,4.0,15.0,40.0,0.0,18.5,70.0,0.0,0.0,1.0,0.0,0.0,0.0,0.0,0.0,0.0,0.0,0.0,0.0,0.0,0.0,0.0,0.0,0.0,0.0,0.0,0.0,0.0,0.0,0.0,0.0,0.0,0.0,0.0,0.0,0.0,0.0,0.0,0.0,,,,,,,3,Azeez Ojulari,Georgia,SEC,Outside Linebacker,,,,,,,,,
4379413,2023,170,11.0,0.0,1.0,71.0,2.0,4.0,117.0,0.0,0.0,2.0,6.0,1.0,123.0,0.0,0.0,0.0,0.0,0.0,0.0,0.0,0.0,0.0,0.0,0.0,0.0,0.0,0.0,0.0,0.0,0.0,0.0,0.0,0.0,0.0,0.0,0.0,0.0,0.0,0.0,,,,,,,5,Christopher Smith,Georgia,SEC,Safety,,,,,,,,,20.5
4379414,2022,102,0.0,2.0,12.0,52.0,0.0,15.0,106.0,0.0,0.0,0.0,0.0,0.0,0.0,0.0,0.0,0.0,0.0,0.0,0.0,0.0,0.0,0.0,0.0,0.0,0.0,0.0,0.0,0.0,0.0,0.0,0.0,0.0,0.0,0.0,0.0,0.0,0.0,0.0,0.0,,,,,,,4,Channing Tindall,Georgia,SEC,Inside Linebacker,,,,,,,,,
4379416,2022,22,2.0,4.0,5.0,81.0,0.0,11.0,135.0,0.0,0.0,1.0,0.0,0.0,0.0,0.0,0.0,0.0,0.0,0.0,0.0,0.0,0.0,0.0,0.0,0.0,0.0,0.0,0.0,0.0,0.0,0.0,0.0,0.0,0.0,0.0,0.0,0.0,0.0,0.0,0.0,,,,,,,4,Quay Walker,Georgia,SEC,Inside Linebacker,,,,,,,,,
4380507,2022,57,0.0,0.0,0.0,0.0,0.0,0.0,1.0,0.0,0.0,0.0,0.0,0.0,0.0,0.0,0.0,0.0,0.0,0.0,0.0,0.0,0.0,0.0,0.0,0.0,0.0,0.0,0.0,0.0,0.0,0.0,0.0,0.0,0.0,0.0,0.0,0.0,0.0,0.0,0.0,,,,,,,1,Luke Goedeke,Central Michigan,Mid-American,Offensive Tackle,,,,,,,,,
4381558,2022,13,1.0,2.0,7.0,37.0,0.0,12.0,90.0,0.0,0.0,0.0,0.0,0.0,0.0,0.0,0.0,0.0,0.0,0.0,0.0,0.0,0.0,0.0,0.0,0.0,0.0,0.0,0.0,0.0,0.0,0.0,0.0,0.0,0.0,0.0,0.0,0.0,2.0,1.0,2.0,,,,,,1.0,4,Jordan Davis,Georgia,SEC,Defensive Tackle,,,,1.0,,,,,
4382401,2023,83,25.0,2.0,0.0,122.0,3.0,5.5,156.0,0.0,0.0,1.0,11.0,3.0,239.0,4.0,0.0,93.0,0.0,0.0,0.0,0.0,0.0,0.0,0.0,0.0,0.0,0.0,0.0,0.0,0.0,0.0,0.0,0.0,0.0,0.0,0.0,0.0,0.0,0.0,0.0,31.0,,,,,,5,Riley Moss,Iowa,Big Ten,Cornerback,,,,,23.25,,,,21.727272727272727
4382466,2022,191,0.0,0.0,0.0,6.0,0.0,0.0,6.0,1.0,1.0,0.0,0.0,0.0,0.0,10.0,0.0,179.0,0.0,0.0,0.0,0.0,0.0,0.0,0.0,0.0,0.0,0.0,8.0,0.0,49.0,0.0,0.0,0.0,0.0,86.0,12.0,1454.0,18.0,1.0,161.0,28.0,,17.0,,75.0,75.0,4,Jalen Nailor,Michigan State,Big Ten,Wide Receiver,,,16.906976744186046,8.944444444444445,17.9,6.125,,,
4384171,2024,194,0.0,0.0,0.0,3.0,0.0,0.0,3.0,0.0,0.0,0.0,0.0,0.0,0.0,0.0,0.0,0.0,0.0,0.0,0.0,0.0,0.0,0.0,0.0,0.0,0.0,0.0,0.0,0.0,0.0,0.0,0.0,0.0,0.0,82.0,6.0,1032.0,0.0,0.0,0.0,,,,,36.0,,3,Tanner McLachlan,Southern Utah,Big Sky,Tight End,,,12.585365853658537,,,,,,
4384595,2024,199,0.0,0.0,0.0,3.0,0.0,0.0,10.0,0.0,0.0,0.0,0.0,0.0,0.0,0.0,0.0,0.0,0.0,0.0,0.0,0.0,0.0,0.0,0.0,0.0,0.0,0.0,0.0,0.0,0.0,0.0,0.0,0.0,0.0,0.0,0.0,0.0,0.0,0.0,0.0,,,,,,,3,Khristian Boyd,Northern Iowa,MVFC,Defensive Tackle,,,,,,,,,
4385457,2022,179,0.0,0.0,0.0,1.0,0.0,0.0,2.0,0.0,0.0,0.0,0.0,0.0,0.0,0.0,0.0,0.0,0.0,0.0,0.0,0.0,0.0,0.0,0.0,0.0,0.0,0.0,0.0,0.0,0.0,0.0,0.0,0.0,0.0,0.0,0.0,0.0,0.0,0.0,0.0,,,,,,,1,Kingsley Enagbare,South Carolina,SEC,Outside Linebacker,,,,,,,,,
4385690,2023,25,0.0,0.0,0.0,2.0,0.0,0.0,2.0,0.0,0.0,0.0,0.0,0.0,0.0,0.0,0.0,0.0,0.0,0.0,0.0,0.0,0.0,0.0,0.0,0.0,0.0,0.0,0.0,0.0,0.0,0.0,0.0,0.0,0.0,107.0,16.0,1414.0,1.0,0.0,4.0,,,,,43.0,4.0,3,Dalton Kincaid,Utah,Pac-12,Tight End,,,13.214953271028037,4.0,,,,,
4390189,2023,179,0.0,0.0,0.0,1.0,0.0,0.0,5.0,0.0,0.0,0.0,0.0,0.0,0.0,0.0,0.0,0.0,0.0,0.0,0.0,0.0,0.0,0.0,0.0,0.0,0.0,0.0,0.0,0.0,0.0,0.0,0.0,0.0,0.0,0.0,0.0,0.0,0.0,0.0,0.0,,,,,,,1,Karl Brooks,Bowling Green,Mid-American,Defensive End,,,,,,,,,
4393519,2023,192,0.0,0.0,0.0,2.0,0.0,0.0,2.0,0.0,0.0,0.0,0.0,0.0,0.0,0.0,0.0,0.0,0.0,0.0,0.0,0.0,0.0,1.0,0.0,1.0,0.0,0.0,0.0,0.0,0.0,58.0,162.0,16.0,7447.0,0.0,0.0,0.0,1.0,0.0,-3.0,,,,78.0,,0.0,4,Bryce Baringer,Michigan State,Big Ten,Punter,0.0,0.0,,-3.0,,,45.96913580246913,,
4426326,2022,5,7.0,14.0,19.0,82.0,0.0,35.5,122.0,0.0,0.0,0.0,0.0,0.0,0.0,0.0,0.0,0.0,0.0,0.0,0.0,0.0,0.0,0.0,0.0,0.0,0.0,0.0,1.0,0.0,14.0,0.0,0.0,0.0,0.0,0.0,0.0,0.0,0.0,0.0,0.0,,,0.0,,,,3,Kayvon Thibodeaux,Oregon,Pac-12,Defensive End,,,,,,14.0,,,
4426327,2022,15,0.0,1.0,0.0,0.0,0.0,0.0,0.0,0.0,0.0,0.0,0.0,0.0,0.0,0.0,0.0,0.0,0.0,0.0,0.0,0.0,0.0,0.0,0.0,0.0,0.0,0.0,0.0,0.0,0.0,0.0,0.0,0.0,0.0,0.0,0.0,0.0,0.0,0.0,0.0,,,,,,,1,Kenyon Green,Texas A&M,SEC,Offensive Guard,,,,,,,,,
4426331,2023,30,3.0,7.0,11.5,66.0,0.0,22.0,113.0,0.0,0.0,2.0,1.0,0.0,-2.0,1.0,0.0,9.0,0.0,0.0,0.0,0.0,0.0,0.0,0.0,0.0,0.0,0.0,1.0,0.0,29.0,0.0,0.0,0.0,0.0,0.0,0.0,0.0,0.0,0.0,0.0,9.0,,29.0,,,,4,Nolan Smith,Georgia,SEC,Outside Linebacker,,,,,9.0,29.0,,,-2.0
4426332,2023,64,4.0,7.0,7.5,69.0,0.0,11.5,131.0,0.0,0.0,2.0,0.0,0.0,0.0,0.0,0.0,0.0,0.0,0.0,0.0,0.0,0.0,0.0,0.0,0.0,0.0,0.0,0.0,0.0,0.0,0.0,0.0,0.0,0.0,0.0,0.0,0.0,0.0,0.0,0.0,,,,,,,4,Zacch Pickens,South Carolina,SEC,Defensive Tackle,,,,,,,,,
4426335,2025,197,0.0,0.0,0.0,0.0,0.0,0.0,0.0,20.0,11.0,1.0,0.0,0.0,0.0,0.0,0.0,0.0,0.0,0.0,0.0,0.0,0.0,1224.0,792.0,31.0,64.0,9074.0,0.0,0.0,0.0,0.0,0.0,0.0,0.0,0.0,0.0,0.0,204.0,13.0,-28.0,,,,,,24.0,6,Graham Mertz,Wisconsin,Big Ten,Quarterback,0.6470588235294118,7.413398692810458,,-0.13725490196078433,,,,,
4426338,2024,12,0.0,0.0,0.0,0.0,0.0,0.0,0.0,0.0,0.0,0.0,0.0,0.0,0.0,0.0,0.0,0.0,0.0,0.0,0.0,0.0,0.0,878.0,658.0,10.0,74.0,8102.0,0.0,0.0,0.0,2.0,3.0,0.0,104.0,2.0,1.0,36.0,142.0,20.0,748.0,,,,37.0,18.0,80.0,2,Bo Nix,Oregon,Pac-12,Quarterback,0.7494305239179955,9.227790432801822,18.0,5.267605633802817,,,34.666666666666664,,
4426339,2024,150,0.0,0.0,0.0,4.0,0.0,0.0,4.0,18.0,7.0,0.0,0.0,0.0,0.0,0.0,0.0,0.0,0.0,0.0,0.0,0.0,0.0,1308.0,898.0,32.0,77.0,10792.0,0.0,0.0,0.0,0.0,0.0,0.0,0.0,1.0,0.0,15.0,297.0,16.0,419.0,,,,,15.0,28.0,5,Spencer Rattler,South Carolina,SEC,Quarterback,0.6865443425076453,8.250764525993883,15.0,1.4107744107744107,,,,,
4426340,2022,83,8.0,7.0,7.5,89.0,1.0,13.5,168.0,0.0,0.0,0.0,2.0,1.0,50.0,0.0,0.0,0.0,0.0,0.0,0.0,0.0,0.0,0.0,0.0,0.0,0.0,0.0,0.0,0.0,0.0,0.0,0.0,0.0,0.0,0.0,0.0,0.0,0.0,0.0,0.0,,,,,,,3,Nakobe Dean,Georgia,SEC,Inside Linebacker,,,,,,,,,25.0
4426344,2022,42,9.0,0.0,1.0,51.0,1.0,6.0,68.0,0.0,0.0,2.0,5.0,0.0,0.0,0.0,0.0,0.0,0.0,0.0,0.0,0.0,0.0,0.0,0.0,0.0,0.0,0.0,0.0,0.0,0.0,0.0,0.0,0.0,0.0,0.0,0.0,0.0,0.0,0.0,0.0,,,,,,,3,Andrew Booth Jr.,Clemson,ACC,Cornerback,,,,,,,,,0.0
4426347,2023,26,3.0,4.0,1.0,37.0,0.0,6.5,84.0,0.0,0.0,1.0,0.0,0.0,0.0,0.0,0.0,0.0,0.0,0.0,0.0,0.0,0.0,0.0,0.0,0.0,0.0,0.0,0.0,0.0,0.0,0.0,0.0,0.0,0.0,0.0,0.0,0.0,0.0,0.0,0.0,,,,,,,3,Mazi Smith,Michigan,Big Ten,Defensive Tackle,,,,,,,,,
4426348,2024,2,0.0,0.0,0.0,2.0,0.0,0.0,4.0,11.0,6.0,0.0,0.0,0.0,0.0,0.0,0.0,0.0,0.0,0.0,0.0,0.0,0.0,1438.0,953.0,20.0,89.0,12749.0,0.0,0.0,0.0,0.0,0.0,0.0,0.0,1.0,1.0,5.0,617.0,34.0,3307.0,,,,,5.0,85.0,5,Jayden Daniels,LSU,SEC,Quarterback,0.6627260083449235,8.865785813630042,5.0,5.359805510534846,,,,,
4426349,2022,1,4.0,9.0,9.5,34.0,0.0,13.0,65.0,0.0,0.0,2.0,0.0,0.0,0.0,0.0,0.0,0.0,0.0,0.0,0.0,0.0,0.0,0.0,0.0,0.0,0.0,0.0,0.0,0.0,0.0,0.0,0.0,0.0,0.0,0.0,0.0,0.0,0.0,0.0,0.0,,,,,,,3,Travon Walker,Georgia,SEC,Defensive End,,,,,,,,,
4426350,2023,167,6.0,8.0,8.0,172.0,1.0,30.0,343.0,0.0,0.0,1.0,1.0,1.0,32.0,0.0,0.0,0.0,0.0,0.0,0.0,0.0,0.0,0.0,0.0,0.0,0.0,0.0,0.0,0.0,0.0,0.0,0.0,0.0,0.0,1.0,0.0,31.0,0.0,0.0,0.0,,,,,31.0,,4,Henry To'o To'o,Tennessee,SEC,Inside Linebacker,,,31.0,,,,,,32.0
4426354,2022,52,0.0,0.0,0.0,2.0,0.0,0.0,2.0,0.0,0.0,0.0,0.0,0.0,0.0,0.0,0.0,0.0,0.0,0.0,0.0,0.0,0.0,0.0,0.0,0.0,0.0,0.0,0.0,0.0,0.0,0.0,0.0,0.0,0.0,90.0,14.0,1347.0,0.0,0.0,0.0,,,,,52.0,,3,George Pickens,Georgia,SEC,Wide Receiver,,,14.966666666666667,,,,,,
4426358,2023,10,0.0,0.0,0.0,1.0,0.0,0.0,1.0,0.0,0.0,0.0,0.0,0.0,0.0,0.0,0.0,0.0,0.0,0.0,0.0,0.0,0.0,0.0,0.0,0.0,0.0,0.0,0.0,0.0,0.0,0.0,0.0,0.0,0.0,0.0,0.0,0.0,0.0,0.0,0.0,,,,,,,1,Darnell Wright,Tennessee,SEC,Offensive Tackle,,,,,,,,,
4426359,2022,84,5.0,15.0,13.0,59.0,0.0,25.0,133.0,0.0,0.0,2.0,1.0,0.0,43.0,0.0,0.0,0.0,0.0,0.0,0.0,0.0,0.0,0.0,0.0,0.0,0.0,0.0,0.0,0.0,0.0,0.0,0.0,0.0,0.0,0.0,0.0,0.0,0.0,0.0,0.0,,,,,,,3,DeMarvin Leal,Texas A&M,SEC,Defensive End,,,,,,,,,43.0
4426372,2024,93,0.0,14.0,14.5,43.0,0.0,29.5,87.0,0.0,0.0,1.0,0.0,0.0,0.0,0.0,0.0,0.0,0.0,0.0,0.0,0.0,0.0,0.0,0.0,0.0,0.0,0.0,0.0,0.0,0.0,0.0,0.0,0.0,0.0,0.0,0.0,0.0,0.0,0.0,0.0,,,,,,,4,Adisa Isaac,Penn State,Big Ten,Linebacker,,,,,,,,,
4426374,2023,56,21.0,1.0,1.5,78.0,0.0,6.0,115.0,2.0,1.0,0.0,2.0,0.0,39.0,0.0,0.0,0.0,0.0,0.0,0.0,0.0,0.0,0.0,0.0,0.0,0.0,0.0,11.0,0.0,117.0,0.0,0.0,0.0,0.0,0.0,0.0,0.0,0.0,0.0,0.0,,,30.0,,,,4,Tyrique Stevenson,Miami,ACC,Cornerback,,,,,,10.636363636363637,,,19.5
4426376,2022,9,0.0,0.0,0.0,0.0,0.0,0.0,1.0,0.0,0.0,0.0,0.0,0.0,0.0,0.0,0.0,0.0,0.0,0.0,0.0,0.0,0.0,0.0,0.0,0.0,0.0,0.0,0.0,0.0,0.0,0.0,0.0,0.0,0.0,0.0,0.0,0.0,0.0,0.0,0.0,,,,,,,1,Charles Cross,Mississippi State,SEC,Offensive Tackle,,,,,,,,,
4426385,2023,52,0.0,0.0,0.0,2.0,0.0,0.0,2.0,3.0,2.0,0.0,0.0,0.0,0.0,0.0,0.0,0.0,0.0,0.0,0.0,0.0,0.0,0.0,0.0,0.0,0.0,0.0,0.0,0.0,0.0,0.0,0.0,0.0,0.0,75.0,0.0,589.0,565.0,39.0,3346.0,,,,,44.0,70.0,4,Zach Charbonnet,UCLA,Pac-12,Running Back,,,7.8533333333333335,5.92212389380531,,,,,
4426386,2023,115,0.0,0.0,0.0,7.0,0.0,0.0,10.0,1.0,1.0,0.0,0.0,0.0,0.0,8.0,0.0,143.0,0.0,0.0,0.0,0.0,0.0,2.0,1.0,0.0,0.0,2.0,0.0,0.0,0.0,0.0,0.0,0.0,0.0,56.0,3.0,420.0,392.0,23.0,2189.0,24.0,,,,38.0,72.0,4,Roschon Johnson,Texas,Big 12,Running Back,0.5,1.0,7.5,5.584183673469388,17.875,,,,
4426388,2022,12,0.0,0.0,0.0,5.0,2.0,0.0,6.0,2.0,1.0,0.0,0.0,0.0,0.0,10.0,2.0,352.0,0.0,0.0,0.0,0.0,0.0,0.0,0.0,0.0,0.0,0.0,0.0,0.0,0.0,0.0,0.0,0.0,0.0,94.0,18.0,1838.0,3.0,0.0,23.0,100.0,,,,94.0,18.0,3,Jameson Williams,Ohio State,Big Ten,Wide Receiver,,,19.5531914893617,7.666666666666667,35.2,,,,
4426403,2022,96,13.0,1.0,4.0,88.0,0.0,5.5,134.0,0.0,0.0,0.0,5.0,0.0,55.0,0.0,0.0,0.0,0.0,0.0,0.0,0.0,0.0,0.0,0.0,0.0,0.0,0.0,0.0,0.0,0.0,0.0,0.0,0.0,0.0,0.0,0.0,0.0,0.0,0.0,0.0,,,,,,,3,Nick Cross,Maryland,Big Ten,Safety,,,,,,,,,11.0
4426405,2022,21,8.0,0.0,1.0,71.0,0.0,5.5,94.0,1.0,0.0,2.0,2.0,0.0,29.0,0.0,0.0,0.0,0.0,0.0,0.0,0.0,0.0,0.0,0.0,0.0,0.0,0.0,9.0,0.0,74.0,0.0,0.0,0.0,0.0,0.0,0.0,0.0,0.0,0.0,0.0,,,45.0,,,,3,Trent McDuffie,Washington,Pac-12,Cornerback,,,,,,8.222222222222221,,,14.5
4426407,2023,191,0.0,0.0,0.0,3.0,2.0,0.0,3.0,2.0,1.0,0.0,0.0,0.0,0.0,16.0,1.0,417.0,0.0,0.0,0.0,0.0,0.0,0.0,0.0,0.0,0.0,0.0,27.0,1.0,226.0,0.0,0.0,0.0,0.0,112.0,12.0,1501.0,7.0,0.0,75.0,93.0,,54.0,,87.0,60.0,4,Trey Palmer,Nebraska,Big Ten,Wide Receiver,,,13.401785714285714,10.714285714285714,26.0625,8.37037037037037,,,
4426412,2023,75,10.0,9.0,12.0,60.0,0.0,25.0,102.0,0.0,0.0,1.0,1.0,0.0,2.0,0.0,0.0,0.0,0.0,0.0,0.0,0.0,0.0,0.0,0.0,0.0,0.0,0.0,0.0,0.0,0.0,0.0,0.0,0.0,0.0,0.0,0.0,0.0,0.0,0.0,0.0,,,,,,,4,Zach Harrison,Ohio State,Big Ten,Defensive End,,,,,,,,,2.0
4426422,2022,31,15.0,4.0,0.5,91.0,0.0,7.5,143.0,0.0,0.0,3.0,3.0,0.0,3.0,0.0,0.0,0.0,0.0,0.0,0.0,0.0,0.0,0.0,0.0,0.0,0.0,0.0,0.0,0.0,0.0,0.0,0.0,0.0,0.0,1.0,0.0,25.0,0.0,0.0,0.0,,,,,25.0,,3,Daxton Hill,Michigan,Big Ten,Safety,,,25.0,,,,,,1.0
4426434,2022,3,19.0,0.0,0.0,54.0,0.0,6.0,70.0,2.0,1.0,3.0,6.0,0.0,17.0,1.0,0.0,0.0,0.0,0.0,0.0,0.0,0.0,0.0,0.0,0.0,0.0,0.0,24.0,0.0,261.0,0.0,0.0,0.0,0.0,0.0,0.0,0.0,0.0,0.0,0.0,0.0,,48.0,,,,3,Derek Stingley Jr.,LSU,SEC,Cornerback,,,,,0.0,10.875,,,2.8333333333333335
4426435,2024,226,14.0,5.0,1.0,105.0,0.0,4.0,138.0,0.0,0.0,0.0,1.0,0.0,0.0,0.0,0.0,0.0,0.0,0.0,0.0,0.0,0.0,0.0,0.0,0.0,0.0,0.0,0.0,0.0,0.0,0.0,0.0,0.0,0.0,0.0,0.0,0.0,0.0,0.0,0.0,,,,,,,5,Jaden Davis,Oklahoma,Big 12,Cornerback,,,,,,,,,0.0
4426440,2023,98,3.0,9.0,5.0,36.0,0.0,10.5,70.0,0.0,0.0,0.0,0.0,0.0,0.0,0.0,0.0,0.0,0.0,0.0,0.0,0.0,0.0,0.0,0.0,0.0,0.0,0.0,0.0,0.0,0.0,0.0,0.0,0.0,0.0,0.0,0.0,0.0,0.0,0.0,0.0,,,,,,,4,Siaki Ika,LSU,SEC,Defensive Tackle,,,,,,,,,
4426448,2024,96,12.0,0.0,1.0,63.0,0.0,5.5,94.0,0.0,0.0,2.0,5.0,1.0,32.0,0.0,0.0,0.0,0.0,0.0,0.0,0.0,0.0,0.0,0.0,0.0,0.0,0.0,0.0,0.0,0.0,0.0,0.0,0.0,0.0,0.0,0.0,0.0,0.0,0.0,0.0,,,,,,,5,Jarrian Jones,Mississippi State,SEC,Cornerback,,,,,,,,,6.4
4426457,2023,40,2.0,19.0,26.0,73.0,1.0,31.0,120.0,0.0,0.0,3.0,0.0,0.0,0.0,0.0,0.0,0.0,0.0,0.0,0.0,0.0,0.0,0.0,0.0,0.0,0.0,0.0,4.0,1.0,79.0,0.0,0.0,0.0,0.0,0.0,0.0,0.0,0.0,0.0,0.0,,,31.0,,,,4,Isaiah Foskey,Notre Dame,FBS Independents,Defensive End,,,,,,19.75,,,
4426473,2024,15,4.0,15.0,23.0,59.0,0.0,34.0,97.0,0.0,0.0,3.0,2.0,0.0,46.0,0.0,0.0,0.0,0.0,0.0,0.0,0.0,0.0,0.0,0.0,0.0,0.0,0.0,0.0,0.0,0.0,0.0,0.0,0.0,0.0,0.0,0.0,0.0,0.0,0.0,0.0,,,,,,,3,Laiatu Latu,Washington,Pac-12,Defensive Edge,,,,,,,,,23.0
4426475,2022,93,0.0,0.0,0.0,0.0,0.0,0.0,0.0,4.0,2.0,0.0,0.0,0.0,0.0,0.0,0.0,0.0,0.0,0.0,0.0,0.0,0.0,0.0,0.0,0.0,0.0,0.0,0.0,0.0,0.0,0.0,0.0,0.0,0.0,28.0,0.0,185.0,379.0,15.0,1744.0,,,,,21.0,40.0,3,Tyrion Davis-Price,LSU,SEC,Running Back,,,6.607142857142857,4.601583113456464,,,,,
4426479,2024,253,0.0,0.0,0.0,0.0,0.0,0.0,0.0,1.0,1.0,0.0,0.0,0.0,0.0,0.0,0.0,0.0,0.0,0.0,0.0,0.0,0.0,0.0,0.0,0.0,0.0,0.0,0.0,0.0,0.0,0.0,0.0,0.0,0.0,139.0,14.0,2045.0,6.0,0.0,70.0,,,,,87.0,26.0,5,Cornelius Johnson,Michigan,Big Ten,Wide Receiver,,,14.712230215827338,11.666666666666666,,,,,
4426485,2023,39,0.0,0.0,0.0,3.0,0.0,0.0,4.0,1.0,1.0,0.0,0.0,0.0,0.0,0.0,0.0,0.0,0.0,0.0,0.0,0.0,0.0,0.0,0.0,0.0,0.0,0.0,2.0,0.0,26.0,0.0,0.0,0.0,0.0,112.0,12.0,1759.0,4.0,1.0,-7.0,,,13.0,,72.0,2.0,4,Jonathan Mingo,Ole Miss,SEC,Wide Receiver,,,15.705357142857142,-1.75,,13.0,,,
4426496,2024,123,0.0,0.0,0.0,9.0,0.0,0.0,17.0,1.0,0.0,0.0,0.0,0.0,0.0,0.0,0.0,0.0,0.0,0.0,0.0,0.0,0.0,0.0,0.0,0.0,0.0,0.0,0.0,0.0,0.0,0.0,0.0,0.0,0.0,82.0,10.0,1058.0,0.0,0.0,0.0,,,,,49.0,,5,Cade Stover,Ohio State,Big Ten,Tight End,,,12.902439024390244,,,,,,
4426502,2022,8,0.0,0.0,0.0,1.0,0.0,0.0,2.0,1.0,0.0,0.0,0.0,0.0,0.0,0.0,0.0,0.0,0.0,0.0,0.0,0.0,0.0,0.0,0.0,0.0,0.0,0.0,0.0,0.0,0.0,0.0,0.0,0.0,0.0,160.0,15.0,2153.0,1.0,0.0,2.0,,,,,65.0,2.0,3,Drake London,USC,Pac-12,Wide Receiver,,,13.45625,2.0,,,,,
4426506,2023,32,17.0,1.0,1.0,88.0,0.0,2.0,115.0,0.0,0.0,2.0,1.0,0.0,1.0,0.0,0.0,0.0,0.0,0.0,0.0,0.0,0.0,0.0,0.0,0.0,0.0,0.0,0.0,0.0,0.0,0.0,0.0,0.0,0.0,0.0,0.0,0.0,0.0,0.0,0.0,,,,,,,4,Joey Porter Jr.,Penn State,Big Ten,Cornerback,,,,,,,,,1.0
4426507,2022,45,3.0,7.0,11.0,25.0,0.0,12.0,36.0,0.0,0.0,1.0,0.0,0.0,0.0,0.0,0.0,0.0,0.0,0.0,0.0,0.0,0.0,0.0,0.0,0.0,0.0,0.0,0.0,0.0,0.0,0.0,0.0,0.0,0.0,0.0,0.0,0.0,0.0,0.0,0.0,,,,,,,2,David Ojabo,Michigan,Big Ten,Outside Linebacker,,,,,,,,,
4426512,2023,174,0.0,0.0,0.0,4.0,0.0,0.0,4.0,0.0,0.0,0.0,0.0,0.0,0.0,0.0,0.0,0.0,0.0,0.0,0.0,0.0,0.0,0.0,0.0,0.0,0.0,0.0,0.0,0.0,0.0,0.0,0.0,0.0,0.0,0.0,0.0,0.0,0.0,0.0,0.0,,,,,,,1,Warren McClendon,Georgia,SEC,Offensive Tackle,,,,,,,,,
4426513,2025,256,13.0,1.0,0.0,90.0,0.0,3.5,157.0,1.0,0.0,0.0,6.0,0.0,32.0,0.0,0.0,0.0,0.0,0.0,0.0,0.0,0.0,0.0,0.0,0.0,0.0,0.0,0.0,0.0,0.0,0.0,0.0,0.0,0.0,0.0,0.0,0.0,0.0,0.0,0.0,,,,,,,5,Trikweze Bridges,Oregon,Pac-12,Safety,,,,,,,,,5.333333333333333
4426515,2023,177,0.0,0.0,0.0,0.0,0.0,0.0,0.0,2.0,1.0,0.0,0.0,0.0,0.0,0.0,0.0,0.0,0.0,0.0,0.0,0.0,0.0,0.0,0.0,0.0,0.0,0.0,0.0,0.0,0.0,0.0,0.0,0.0,0.0,107.0,14.0,1749.0,39.0,5.0,357.0,,,,,65.0,75.0,4,Puka Nacua,Washington,Pac-12,Wide Receiver,,,16.345794392523363,9.153846153846153,,,,,
4426536,2022,32,14.0,1.0,0.0,95.0,0.0,3.5,144.0,0.0,0.0,0.0,2.0,0.0,23.0,0.0,0.0,0.0,0.0,0.0,0.0,0.0,0.0,0.0,0.0,0.0,0.0,0.0,0.0,0.0,0.0,0.0,0.0,0.0,0.0,0.0,0.0,0.0,0.0,0.0,0.0,,,,,,,3,Lewis Cine,Georgia,SEC,Safety,,,,,,,,,11.5
4426542,2025,65,12.0,9.0,8.5,44.0,1.0,21.0,124.0,0.0,0.0,2.0,1.0,1.0,58.0,0.0,0.0,0.0,0.0,0.0,0.0,0.0,0.0,0.0,0.0,0.0,0.0,0.0,0.0,0.0,0.0,0.0,0.0,0.0,0.0,0.0,0.0,0.0,0.0,0.0,0.0,,,,,,,5,Darius Alexander,Toledo,Mid-American,Defensive Tackle,,,,,,,,,58.0
4426553,2023,175,0.0,0.0,0.0,6.0,0.0,0.0,9.0,1.0,1.0,0.0,0.0,0.0,0.0,0.0,0.0,0.0,0.0,0.0,0.0,0.0,0.0,1.0,0.0,0.0,0.0,0.0,0.0,0.0,0.0,0.0,0.0,0.0,0.0,88.0,12.0,951.0,0.0,0.0,0.0,,,,,42.0,,4,Davis Allen,Clemson,ACC,Tight End,0.0,0.0,10.806818181818182,,,,,,
4426599,2023,252,19.0,0.0,1.0,91.0,1.0,2.0,137.0,0.0,0.0,4.0,4.0,1.0,59.0,0.0,0.0,0.0,0.0,0.0,0.0,0.0,0.0,0.0,0.0,0.0,0.0,0.0,0.0,0.0,0.0,0.0,0.0,0.0,0.0,1.0,0.0,2.0,0.0,0.0,0.0,,,,,2.0,,4,Alex Austin,Oregon State,Pac-12,Cornerback,,,2.0,,,,,,14.75
4426659,2022,30,4.0,10.0,14.0,58.0,0.0,30.0,94.0,0.0,0.0,4.0,1.0,0.0,0.0,0.0,0.0,0.0,0.0,0.0,0.0,0.0,0.0,0.0,0.0,0.0,0.0,0.0,0.0,0.0,0.0,0.0,0.0,0.0,0.0,0.0,0.0,0.0,0.0,0.0,0.0,,,,,,,3,George Karlaftis,Purdue,Big Ten,Defensive End,,,,,,,,,0.0
4426663,2024,73,0.0,0.0,0.0,1.0,0.0,0.0,1.0,0.0,0.0,0.0,0.0,0.0,0.0,0.0,0.0,0.0,0.0,0.0,0.0,0.0,0.0,0.0,0.0,0.0,0.0,0.0,0.0,0.0,0.0,0.0,0.0,0.0,0.0,0.0,0.0,0.0,0.0,0.0,0.0,,,,,,,1,Cooper Beebe,Kansas State,Big 12,Offensive Guard,,,,,,,,,
4426676,2024,243,0.0,8.0,12.0,43.0,0.0,20.5,165.0,0.0,0.0,0.0,0.0,0.0,0.0,0.0,0.0,0.0,0.0,0.0,0.0,0.0,0.0,0.0,0.0,0.0,0.0,0.0,0.0,0.0,0.0,0.0,0.0,0.0,0.0,0.0,0.0,0.0,0.0,0.0,0.0,,,,,,,5,Jowon Briggs,Virginia,ACC,Defensive Tackle,,,,,,,,,
4426686,2022,114,12.0,3.0,1.0,69.0,0.0,6.5,112.0,0.0,0.0,0.0,5.0,0.0,0.0,0.0,0.0,0.0,0.0,0.0,0.0,0.0,0.0,0.0,0.0,0.0,0.0,0.0,0.0,0.0,0.0,0.0,0.0,0.0,0.0,0.0,0.0,0.0,0.0,0.0,0.0,,,,,,,3,Dane Belton,Iowa,Big Ten,Safety,,,,,,,,,0.0
4426694,2023,49,3.0,9.0,9.0,44.0,0.0,19.0,81.0,0.0,0.0,3.0,0.0,0.0,0.0,0.0,0.0,0.0,0.0,0.0,0.0,0.0,0.0,0.0,0.0,0.0,0.0,0.0,0.0,0.0,0.0,0.0,0.0,0.0,0.0,0.0,0.0,0.0,0.0,0.0,0.0,,,,,,,4,Keeanu Benton,Wisconsin,Big Ten,Defensive Tackle,,,,,,,,,
4426698,2024,251,9.0,9.0,8.5,174.0,0.0,28.5,332.0,1.0,0.0,1.0,4.0,0.0,29.0,0.0,0.0,0.0,0.0,0.0,0.0,0.0,0.0,0.0,0.0,0.0,0.0,0.0,0.0,0.0,0.0,0.0,0.0,0.0,0.0,0.0,0.0,0.0,0.0,0.0,0.0,,,,,,,5,Tatum Bethune,UCF,American Athletic,Linebacker,,,,,,,,,7.25
4426817,2024,146,21.0,2.0,1.0,112.0,1.0,7.5,170.0,0.0,0.0,1.0,6.0,1.0,92.0,0.0,0.0,0.0,0.0,0.0,0.0,0.0,0.0,0.0,0.0,0.0,0.0,0.0,0.0,0.0,0.0,0.0,0.0,0.0,0.0,0.0,0.0,0.0,0.0,0.0,0.0,,,,,,,5,Jarvis Brownlee,Louisville,ACC,Cornerback,,,,,,,,,15.333333333333334
4426844,2023,197,0.0,0.0,0.0,0.0,0.0,0.0,2.0,2.0,1.0,0.0,0.0,0.0,0.0,0.0,0.0,0.0,0.0,0.0,0.0,0.0,0.0,0.0,0.0,0.0,0.0,0.0,0.0,0.0,0.0,0.0,0.0,0.0,0.0,118.0,6.0,1382.0,4.0,0.0,48.0,,,,,56.0,18.0,4,Elijah Higgins,Stanford,Pac-12,Wide Receiver,,,11.711864406779661,12.0,,,,,
4426875,2022,144,0.0,0.0,0.0,2.0,0.0,0.5,3.0,18.0,7.0,0.0,0.0,0.0,0.0,0.0,0.0,0.0,0.0,0.0,0.0,0.0,0.0,1117.0,713.0,23.0,92.0,10283.0,0.0,0.0,0.0,1.0,1.0,0.0,35.0,4.0,2.0,24.0,369.0,17.0,1009.0,,,,35.0,18.0,62.0,3,Sam Howell,North Carolina,ACC,Quarterback,0.6383169203222918,9.205908683974933,6.0,2.734417344173442,,,35.0,,
4426883,2024,95,9.0,16.0,12.0,46.0,0.0,24.5,118.0,0.0,0.0,4.0,0.0,0.0,0.0,0.0,0.0,0.0,0.0,0.0,0.0,0.0,0.0,0.0,0.0,0.0,0.0,0.0,0.0,0.0,0.0,0.0,0.0,0.0,0.0,1.0,0.0,11.0,1.0,0.0,-1.0,,,,,11.0,0.0,5,DeWayne Carter,Duke,ACC,Defensive Tackle,,,11.0,-1.0,,,,,
4426891,2022,123,0.0,0.0,0.0,0.0,0.0,0.0,1.0,7.0,3.0,0.0,0.0,0.0,0.0,0.0,0.0,0.0,0.0,0.0,0.0,0.0,0.0,0.0,0.0,0.0,0.0,0.0,0.0,0.0,0.0,0.0,0.0,0.0,0.0,74.0,1.0,585.0,539.0,25.0,2997.0,,,,,45.0,85.0,3,Isaiah Spiller,Texas A&M,SEC,Running Back,,,7.905405405405405,5.5602968460111315,,,,,
4426901,2022,103,1.0,8.0,12.0,99.0,0.0,26.0,156.0,0.0,0.0,1.0,1.0,0.0,31.0,0.0,0.0,0.0,0.0,0.0,0.0,0.0,0.0,0.0,0.0,0.0,0.0,0.0,0.0,0.0,0.0,0.0,0.0,0.0,0.0,0.0,0.0,0.0,0.0,0.0,0.0,,,,,,,3,Leo Chenal,Wisconsin,Big Ten,Inside Linebacker,,,,,,,,,31.0
4426923,2023,180,29.0,1.0,2.0,125.0,1.0,12.5,165.0,1.0,1.0,3.0,5.0,1.0,46.0,0.0,0.0,0.0,0.0,0.0,0.0,0.0,0.0,0.0,0.0,0.0,0.0,0.0,1.0,0.0,-20.0,0.0,0.0,0.0,0.0,0.0,0.0,0.0,0.0,0.0,0.0,,,-20.0,,,,4,Kei'Trel Clark,Louisville,ACC,Cornerback,,,,,,-20.0,,,9.2
4426948,2024,100,0.0,0.0,0.0,2.0,0.0,0.0,3.0,9.0,7.0,0.0,0.0,0.0,0.0,0.0,0.0,0.0,0.0,0.0,0.0,0.0,0.0,150.0,86.0,10.0,5.0,893.0,2.0,0.0,35.0,0.0,0.0,0.0,0.0,131.0,19.0,1731.0,154.0,7.0,920.0,,,32.0,,66.0,47.0,5,Luke McCaffrey,Rice,Conference USA,Wide Receiver,0.5733333333333334,5.953333333333333,13.213740458015268,5.974025974025974,,17.5,,,
4427068,2024,229,23.0,1.0,0.0,55.0,4.0,1.5,85.0,3.0,1.0,0.0,8.0,3.0,213.0,2.0,0.0,0.0,0.0,0.0,0.0,0.0,0.0,0.0,0.0,0.0,0.0,0.0,45.0,1.0,346.0,0.0,0.0,0.0,0.0,0.0,0.0,0.0,0.0,0.0,0.0,0.0,,82.0,,,,5,M.J. Devonshire,Pittsburgh,ACC,Cornerback,,,,,0.0,7.688888888888889,,,26.625
4427090,2024,109,12.0,14.0,12.0,55.0,0.0,27.0,102.0,0.0,0.0,1.0,0.0,0.0,0.0,0.0,0.0,0.0,0.0,0.0,0.0,0.0,0.0,0.0,0.0,0.0,0.0,0.0,0.0,0.0,0.0,0.0,0.0,0.0,0.0,0.0,0.0,0.0,0.0,0.0,0.0,,,,,,,5,Brandon Dorlus,Oregon,Pac-12,Defensive Tackle,,,,,,,,,
4427095,2023,210,0.0,0.0,0.0,2.0,2.0,0.0,2.0,7.0,3.0,0.0,0.0,0.0,0.0,17.0,0.0,371.0,0.0,0.0,0.0,0.0,0.0,0.0,0.0,0.0,0.0,0.0,54.0,2.0,383.0,0.0,0.0,0.0,0.0,171.0,16.0,2193.0,7.0,1.0,109.0,42.0,,73.0,,70.0,75.0,4,Demario Douglas,Liberty,FBS Independents,Wide Receiver,,,12.824561403508772,15.571428571428571,21.823529411764707,7.092592592592593,,,
4427105,2023,239,0.0,0.0,0.0,1.0,0.0,0.0,2.0,17.0,9.0,0.0,0.0,0.0,0.0,0.0,0.0,0.0,0.0,0.0,0.0,0.0,0.0,1223.0,738.0,27.0,72.0,9587.0,0.0,0.0,0.0,0.0,0.0,0.0,0.0,2.0,0.0,1.0,486.0,28.0,1877.0,,,,,1.0,81.0,4,Max Duggan,TCU,Big 12,Quarterback,0.6034341782502044,7.8389206868356505,0.5,3.8621399176954734,,,,,
4427132,2022,6,0.0,0.0,0.0,1.0,0.0,0.0,1.0,0.0,0.0,0.0,0.0,0.0,0.0,0.0,0.0,0.0,0.0,0.0,0.0,0.0,0.0,0.0,0.0,0.0,0.0,0.0,0.0,0.0,0.0,0.0,0.0,0.0,0.0,0.0,0.0,0.0,0.0,0.0,12.0,,,,,,0.0,2,Ikem Ekwonu,NC State,ACC,Offensive Tackle,,,,inf,,,,,
4427140,2024,172,0.0,0.0,0.0,1.0,0.0,0.0,1.0,0.0,0.0,0.0,0.0,0.0,0.0,0.0,0.0,0.0,0.0,0.0,0.0,0.0,0.0,0.0,0.0,0.0,0.0,0.0,0.0,0.0,0.0,0.0,0.0,0.0,0.0,0.0,0.0,0.0,0.0,0.0,0.0,,,,,,,1,Trevor Keegan,Michigan,Big Ten,Offensive Guard,,,,,,,,,
4427238,2025,94,0.0,0.0,0.0,2.0,0.0,0.0,2.0,22.0,10.0,0.0,0.0,0.0,0.0,0.0,0.0,0.0,0.0,0.0,0.0,0.0,0.0,2105.0,1371.0,32.0,155.0,18669.0,0.0,0.0,0.0,1.0,1.0,0.0,37.0,2.0,1.0,33.0,423.0,33.0,1218.0,,,,37.0,20.0,61.0,6,Dillon Gabriel,UCF,American Athletic,Quarterback,0.6513064133016627,8.868883610451306,16.5,2.879432624113475,,,37.0,,
4427250,2022,4,18.0,1.0,3.5,68.0,3.0,5.5,99.0,0.0,0.0,0.0,9.0,2.0,103.0,0.0,0.0,0.0,0.0,0.0,0.0,0.0,0.0,0.0,0.0,0.0,0.0,0.0,0.0,0.0,0.0,0.0,0.0,0.0,0.0,0.0,0.0,0.0,0.0,0.0,0.0,,,,,,,3,Ahmad Gardner,Cincinnati,American Athletic,Cornerback,,,,,,,,,11.444444444444445
4427298,2024,79,0.0,0.0,0.0,1.0,0.0,0.0,1.0,0.0,0.0,0.0,0.0,0.0,0.0,0.0,0.0,0.0,0.0,0.0,0.0,0.0,0.0,0.0,0.0,0.0,0.0,0.0,0.0,0.0,0.0,0.0,0.0,0.0,0.0,0.0,0.0,0.0,0.0,0.0,0.0,,,,,,,1,Matt Goncalves,Pittsburgh,ACC,Offensive Tackle,,,,,,,,,
4427325,2024,64,20.0,1.0,0.5,96.0,0.0,6.0,142.0,0.0,0.0,0.0,1.0,0.0,0.0,0.0,0.0,0.0,0.0,0.0,0.0,0.0,0.0,0.0,0.0,0.0,0.0,0.0,0.0,0.0,0.0,0.0,0.0,0.0,0.0,0.0,0.0,0.0,0.0,0.0,0.0,,,,,,,5,Renardo Green,Florida State,ACC,Cornerback,,,,,,,,,0.0
4427356,2024,211,10.0,2.0,0.0,49.0,1.0,5.5,78.0,0.0,0.0,0.0,6.0,1.0,38.0,0.0,0.0,0.0,0.0,0.0,0.0,0.0,0.0,0.0,0.0,0.0,0.0,0.0,0.0,0.0,0.0,0.0,0.0,0.0,0.0,0.0,0.0,0.0,0.0,0.0,0.0,,,,,,,3,Kamal Hadden,Tennessee,SEC,Cornerback,,,,,,,,,6.333333333333333
4427366,2022,36,0.0,0.0,0.0,1.0,0.0,0.0,1.0,4.0,3.0,0.0,0.0,0.0,0.0,0.0,0.0,0.0,0.0,0.0,0.0,0.0,0.0,0.0,0.0,0.0,0.0,0.0,0.0,0.0,0.0,0.0,0.0,0.0,0.0,82.0,6.0,734.0,718.0,50.0,3942.0,,,,,61.0,80.0,3,Breece Hall,Iowa State,Big 12,Running Back,,,8.951219512195122,5.49025069637883,,,,,
4427391,2023,237,0.0,0.0,0.0,2.0,0.0,0.0,2.0,5.0,2.0,0.0,0.0,0.0,0.0,14.0,0.0,375.0,0.0,0.0,0.0,0.0,0.0,1.0,1.0,0.0,1.0,18.0,0.0,0.0,0.0,0.0,0.0,0.0,0.0,76.0,4.0,860.0,280.0,16.0,1582.0,48.0,,,,83.0,62.0,4,Kenny McIntosh,Georgia,SEC,Running Back,1.0,18.0,11.31578947368421,5.65,26.785714285714285,,,,
4427404,2024,140,17.0,0.0,0.0,56.0,0.0,9.5,88.0,0.0,0.0,1.0,2.0,0.0,32.0,0.0,0.0,0.0,0.0,0.0,0.0,0.0,0.0,0.0,0.0,0.0,0.0,0.0,0.0,0.0,0.0,0.0,0.0,0.0,0.0,0.0,0.0,0.0,0.0,0.0,0.0,,,,,,,4,Cam Hart,Notre Dame,FBS Independents,Cornerback,,,,,,,,,16.0
4427479,2024,188,13.0,5.0,2.0,90.0,0.0,5.0,138.0,0.0,0.0,0.0,2.0,0.0,0.0,0.0,0.0,0.0,0.0,0.0,0.0,0.0,0.0,0.0,0.0,0.0,0.0,0.0,0.0,0.0,0.0,0.0,0.0,0.0,0.0,0.0,0.0,0.0,0.0,0.0,0.0,,,,,,,5,Jamal Hill,Oregon,Pac-12,Linebacker,,,,,,,,,0.0
4427493,2023,182,32.0,1.0,0.0,86.0,1.0,4.0,115.0,0.0,0.0,0.0,5.0,1.0,49.0,0.0,0.0,0.0,0.0,0.0,0.0,0.0,0.0,0.0,0.0,0.0,0.0,0.0,0.0,0.0,0.0,0.0,0.0,0.0,0.0,0.0,0.0,0.0,0.0,0.0,0.0,,,,,,,4,Tre'Vius Hodges-Tomlinson,TCU,Big 12,Cornerback,,,,,,,,,9.8
4427563,2024,201,41.0,1.0,0.5,95.0,1.0,2.5,148.0,0.0,0.0,2.0,12.0,1.0,147.0,0.0,0.0,0.0,0.0,0.0,0.0,0.0,0.0,0.0,0.0,0.0,0.0,0.0,0.0,0.0,0.0,0.0,0.0,0.0,0.0,0.0,0.0,0.0,0.0,0.0,0.0,,,,,,,5,Micah Abraham,Marshall,Sun Belt,Cornerback,,,,,,,,,12.25
4427575,2024,182,0.0,0.0,0.0,4.0,1.0,0.0,4.0,8.0,4.0,0.0,0.0,0.0,0.0,37.0,0.0,772.0,0.0,0.0,0.0,0.0,0.0,0.0,0.0,0.0,0.0,0.0,62.0,1.0,657.0,0.0,0.0,0.0,0.0,109.0,17.0,1743.0,12.0,1.0,116.0,43.0,,90.0,,87.0,24.0,5,Jha'Quan Jackson,Tulane,American Athletic,Wide Receiver,,,15.990825688073395,9.666666666666666,20.864864864864863,10.596774193548388,,,
4427635,2023,110,6.0,22.0,11.5,63.0,0.0,23.5,91.0,0.0,0.0,0.0,0.0,0.0,0.0,0.0,0.0,0.0,0.0,0.0,0.0,0.0,0.0,0.0,0.0,0.0,0.0,0.0,0.0,0.0,0.0,0.0,0.0,0.0,0.0,0.0,0.0,0.0,0.0,0.0,0.0,,,,,,,3,Adetomiwa Adebawore,Northwestern,Big Ten,Defensive End,,,,,,,,,
4427636,2023,250,17.0,1.0,0.0,47.0,0.0,1.0,59.0,0.0,0.0,0.0,3.0,0.0,12.0,5.0,0.0,94.0,0.0,0.0,0.0,0.0,0.0,0.0,0.0,0.0,0.0,0.0,0.0,0.0,0.0,0.0,0.0,0.0,0.0,0.0,0.0,0.0,0.0,0.0,0.0,24.0,,,,,,4,Nic Jones,Ball State,Mid-American,Cornerback,,,,,18.8,,,,4.0
4427673,2023,19,3.0,16.0,16.0,54.0,0.0,34.0,89.0,0.0,0.0,0.0,0.0,0.0,0.0,0.0,0.0,0.0,0.0,0.0,0.0,0.0,0.0,0.0,0.0,0.0,0.0,0.0,0.0,0.0,0.0,0.0,0.0,0.0,0.0,0.0,0.0,0.0,0.0,0.0,0.0,,,,,,,3,Calijah Kancey,Pittsburgh,ACC,Defensive Tackle,,,,,,,,,
4427677,2024,158,2.0,25.0,29.0,92.0,1.0,44.0,177.0,0.0,0.0,4.0,0.0,0.0,0.0,0.0,0.0,0.0,0.0,0.0,0.0,0.0,0.0,0.0,0.0,0.0,0.0,0.0,0.0,0.0,0.0,0.0,0.0,0.0,0.0,0.0,0.0,0.0,0.0,0.0,0.0,,,,,,,5,Mohamed Kamara,Colorado State,Mountain West,Defensive Edge,,,,,,,,,
4427695,2023,157,23.0,1.0,1.0,111.0,1.0,1.5,147.0,0.0,0.0,1.0,3.0,1.0,31.0,0.0,0.0,0.0,0.0,0.0,0.0,0.0,0.0,0.0,0.0,0.0,0.0,0.0,0.0,0.0,0.0,0.0,0.0,0.0,0.0,0.0,0.0,0.0,0.0,0.0,0.0,,,,,,,4,Kyu Blu Kelly,Stanford,Pac-12,Cornerback,,,,,,,,,10.333333333333334
4427716,2025,107,6.0,10.0,5.5,158.0,2.0,14.5,260.0,0.0,0.0,2.0,4.0,2.0,136.0,0.0,0.0,0.0,0.0,0.0,0.0,0.0,0.0,0.0,0.0,0.0,0.0,0.0,0.0,0.0,0.0,0.0,0.0,0.0,0.0,0.0,0.0,0.0,0.0,0.0,0.0,,,,,,,5,Jack Kiser,Notre Dame,FBS Independents,Linebacker,,,,,,,,,34.0
4427729,2025,49,7.0,0.0,4.5,127.0,1.0,16.5,219.0,0.0,0.0,1.0,4.0,1.0,82.0,0.0,0.0,0.0,0.0,0.0,0.0,0.0,0.0,1.0,1.0,0.0,0.0,4.0,0.0,0.0,0.0,0.0,0.0,0.0,0.0,0.0,0.0,0.0,0.0,0.0,0.0,,,,,,,6,Demetrius Knight II,South Carolina,SEC,Linebacker,1.0,4.0,,,,,,,20.5
4427816,2024,87,2.0,4.0,4.0,51.0,0.0,11.0,113.0,0.0,0.0,5.0,1.0,0.0,0.0,0.0,0.0,0.0,0.0,0.0,0.0,0.0,0.0,0.0,0.0,0.0,0.0,0.0,0.0,0.0,0.0,0.0,0.0,0.0,0.0,0.0,0.0,0.0,0.0,0.0,0.0,,,,,,,3,Marist Liufau,Notre Dame,FBS Independents,Linebacker,,,,,,,,,0.0
4427826,2024,197,3.0,0.0,1.5,27.0,0.0,4.5,51.0,0.0,0.0,2.0,0.0,0.0,0.0,0.0,0.0,0.0,0.0,0.0,0.0,0.0,0.0,0.0,0.0,0.0,0.0,0.0,0.0,0.0,0.0,0.0,0.0,0.0,0.0,0.0,0.0,0.0,0.0,0.0,0.0,,,,,,,4,Zion Logue,Georgia,SEC,Defensive Tackle,,,,,,,,,
4427834,2024,115,0.0,0.0,0.0,1.0,0.0,0.0,2.0,1.0,1.0,0.0,0.0,0.0,0.0,0.0,0.0,0.0,0.0,0.0,0.0,0.0,0.0,0.0,0.0,0.0,0.0,0.0,0.0,0.0,0.0,0.0,0.0,0.0,0.0,75.0,5.0,864.0,0.0,0.0,0.0,,,,,47.0,,5,Erick All,Michigan,Big Ten,Tight End,,,11.52,,,,,,
4427843,2025,206,0.0,0.0,0.0,0.0,0.0,0.0,0.0,1.0,1.0,0.0,0.0,0.0,0.0,0.0,0.0,0.0,0.0,0.0,0.0,0.0,0.0,0.0,0.0,0.0,0.0,0.0,0.0,0.0,0.0,0.0,0.0,0.0,0.0,0.0,0.0,-6.0,0.0,0.0,0.0,,,,,0.0,,1,Chase Lundt,UConn,FBS Independents,Offensive Tackle,,,-inf,,,,,,
4427864,2024,210,0.0,0.0,0.0,1.0,0.0,0.0,1.0,0.0,0.0,0.0,0.0,0.0,0.0,0.0,0.0,0.0,0.0,0.0,0.0,0.0,0.0,0.0,0.0,0.0,0.0,0.0,0.0,0.0,0.0,0.0,0.0,0.0,0.0,0.0,0.0,0.0,0.0,0.0,0.0,,,,,,,1,Christian Mahogany,Boston College,ACC,Offensive Guard,,,,,,,,,
4427963,2023,126,1.0,10.0,16.0,74.0,0.0,31.0,116.0,0.0,0.0,1.0,0.0,0.0,0.0,0.0,0.0,0.0,0.0,0.0,0.0,0.0,0.0,0.0,0.0,0.0,0.0,0.0,0.0,0.0,0.0,0.0,0.0,0.0,0.0,0.0,0.0,0.0,0.0,0.0,0.0,,,,,,,4,Isaiah McGuire,Missouri,SEC,Defensive End,,,,,,,,,
4427984,2025,205,9.0,10.0,3.5,121.0,1.0,21.0,190.0,0.0,0.0,2.0,3.0,1.0,73.0,0.0,0.0,0.0,0.0,0.0,0.0,0.0,0.0,0.0,0.0,0.0,0.0,0.0,1.0,0.0,3.0,0.0,0.0,0.0,0.0,0.0,0.0,0.0,0.0,0.0,0.0,,,3.0,,,,5,Kain Medrano,UCLA,Pac-12,Linebacker,,,,,,3.0,,,24.333333333333332
4427985,2024,170,0.0,0.0,0.0,0.0,0.0,0.0,0.0,3.0,3.0,0.0,0.0,0.0,0.0,12.0,0.0,244.0,0.0,0.0,0.0,0.0,0.0,1.0,1.0,0.0,0.0,22.0,0.0,0.0,0.0,0.0,0.0,0.0,0.0,90.0,10.0,1552.0,4.0,0.0,2.0,27.0,,,,75.0,6.0,3,Jerrod Means,Pittsburgh,ACC,Wide Receiver,1.0,22.0,17.244444444444444,0.5,20.333333333333332,,,,
4428037,2024,163,0.0,0.0,0.0,1.0,0.0,0.0,1.0,0.0,0.0,0.0,0.0,0.0,0.0,0.0,0.0,0.0,0.0,0.0,0.0,0.0,0.0,0.0,0.0,0.0,0.0,0.0,0.0,0.0,0.0,0.0,0.0,0.0,0.0,0.0,0.0,0.0,0.0,0.0,0.0,,,,,,,1,Jacob Monk,Duke,ACC,Center,,,,,,,,,
4428072,2024,183,12.0,16.0,15.5,255.0,1.0,39.5,422.0,0.0,0.0,5.0,5.0,1.0,81.0,0.0,0.0,0.0,0.0,0.0,0.0,0.0,0.0,0.0,0.0,0.0,0.0,0.0,0.0,0.0,0.0,0.0,0.0,0.0,0.0,0.0,0.0,0.0,0.0,0.0,0.0,,,,,,,5,Darius Muasau,UCLA,Pac-12,Linebacker,,,,,,,,,16.2
4428085,2023,42,0.0,0.0,0.0,3.0,1.0,0.0,3.0,0.0,0.0,0.0,0.0,0.0,0.0,0.0,0.0,0.0,0.0,0.0,0.0,0.0,0.0,0.0,0.0,0.0,0.0,0.0,2.0,1.0,37.0,0.0,0.0,0.0,0.0,46.0,2.0,617.0,1.0,0.0,-1.0,,,27.0,,35.0,0.0,4,Luke Musgrave,Oregon State,Pac-12,Tight End,,,13.41304347826087,-1.0,,18.5,,,
4428119,2023,235,0.0,0.0,0.0,0.0,0.0,0.0,1.0,5.0,4.0,0.0,0.0,0.0,0.0,0.0,0.0,0.0,0.0,0.0,0.0,0.0,0.0,3.0,3.0,0.0,0.0,41.0,0.0,0.0,0.0,0.0,0.0,0.0,0.0,71.0,3.0,575.0,615.0,26.0,3046.0,,,,,58.0,68.0,4,Lew Nichols,Central Michigan,Mid-American,Running Back,1.0,13.666666666666666,8.098591549295774,4.952845528455285,,,,,
4428209,2024,31,0.0,0.0,0.0,0.0,0.0,0.0,0.0,1.0,1.0,0.0,0.0,0.0,0.0,1.0,0.0,28.0,0.0,0.0,0.0,0.0,0.0,3.0,3.0,0.0,1.0,111.0,15.0,0.0,153.0,0.0,0.0,0.0,0.0,158.0,14.0,2425.0,21.0,5.0,253.0,28.0,,40.0,,65.0,76.0,5,Ricky Pearsall,Florida,SEC,Wide Receiver,1.0,37.0,15.348101265822784,12.047619047619047,28.0,10.2,,,
4428283,2024,153,20.0,0.0,1.0,97.0,0.0,6.0,142.0,0.0,0.0,0.0,6.0,0.0,80.0,0.0,0.0,0.0,0.0,0.0,0.0,0.0,0.0,0.0,0.0,0.0,0.0,0.0,0.0,0.0,0.0,0.0,0.0,0.0,0.0,0.0,0.0,0.0,0.0,0.0,0.0,,,,,,,4,Deantre Prince,Ole Miss,SEC,Cornerback,,,,,,,,,13.333333333333334
4428328,2023,24,11.0,0.0,0.5,61.0,0.0,0.5,83.0,0.0,0.0,0.0,2.0,0.0,7.0,1.0,0.0,19.0,0.0,0.0,0.0,0.0,0.0,0.0,0.0,0.0,0.0,0.0,0.0,0.0,0.0,0.0,0.0,0.0,0.0,0.0,0.0,0.0,0.0,0.0,0.0,19.0,,,,,,4,Deonte Banks,Maryland,Big Ten,Cornerback,,,,,19.0,,,,3.5
4428331,2023,55,0.0,0.0,0.0,4.0,0.0,0.0,4.0,4.0,3.0,0.0,0.0,0.0,0.0,1.0,0.0,10.0,0.0,0.0,0.0,0.0,0.0,0.0,0.0,0.0,0.0,0.0,0.0,0.0,0.0,0.0,0.0,0.0,0.0,233.0,25.0,3111.0,1.0,0.0,0.0,10.0,,,,75.0,0.0,4,Rashee Rice,SMU,American Athletic,Wide Receiver,,,13.351931330472103,0.0,10.0,,,,
4428350,2025,131,34.0,0.0,2.5,110.0,2.0,11.0,157.0,2.0,1.0,0.0,15.0,2.0,403.0,3.0,0.0,29.0,0.0,0.0,0.0,0.0,0.0,0.0,0.0,0.0,0.0,0.0,9.0,0.0,59.0,0.0,0.0,0.0,0.0,0.0,0.0,0.0,0.0,0.0,0.0,15.0,,29.0,,,,6,Quincy Riley,Middle Tennessee,Conference USA,Cornerback,,,,,9.666666666666666,6.555555555555555,,,26.866666666666667
4428368,2024,103,0.0,0.0,0.0,0.0,0.0,0.0,0.0,1.0,1.0,0.0,0.0,0.0,0.0,0.0,0.0,0.0,0.0,0.0,0.0,0.0,0.0,0.0,0.0,0.0,0.0,0.0,0.0,0.0,0.0,0.0,0.0,0.0,0.0,0.0,0.0,0.0,0.0,0.0,0.0,,,,,,,1,Layden Robinson,Texas A&M,SEC,Offensive Guard,,,,,,,,,
4428394,2024,177,0.0,0.0,0.0,1.0,0.0,1.0,1.0,1.0,1.0,0.0,0.0,0.0,0.0,0.0,0.0,0.0,0.0,0.0,0.0,0.0,0.0,0.0,0.0,0.0,0.0,0.0,0.0,0.0,0.0,0.0,0.0,0.0,0.0,0.0,0.0,0.0,0.0,0.0,0.0,,,,,,,2,Walter Rouse,Stanford,Pac-12,Offensive Tackle,,,,,,,,,
4428414,2024,50,14.0,5.0,4.0,57.0,2.0,9.5,90.0,3.0,2.0,0.0,7.0,2.0,240.0,2.0,0.0,27.0,0.0,0.0,0.0,0.0,0.0,0.0,0.0,0.0,0.0,0.0,2.0,0.0,2.0,0.0,0.0,0.0,0.0,36.0,5.0,532.0,1.0,0.0,7.0,23.0,,2.0,,51.0,7.0,5,Mike Sainristil,Michigan,Big Ten,Cornerback,,,14.777777777777779,7.0,13.5,1.0,,,34.285714285714285
4428503,2023,183,10.0,0.0,0.0,130.0,0.0,9.5,201.0,1.0,0.0,3.0,7.0,0.0,50.0,0.0,0.0,0.0,0.0,0.0,0.0,0.0,0.0,0.0,0.0,0.0,0.0,0.0,0.0,0.0,0.0,0.0,0.0,0.0,0.0,0.0,0.0,0.0,0.0,0.0,0.0,,,,,,,4,JL Skinner,Boise State,Mountain West,Safety,,,,,,,,,7.142857142857143
4428522,2024,89,12.0,2.0,5.0,139.0,1.0,21.5,212.0,0.0,0.0,0.0,8.0,1.0,120.0,0.0,0.0,0.0,0.0,0.0,0.0,0.0,0.0,0.0,0.0,0.0,0.0,0.0,0.0,0.0,0.0,0.0,0.0,0.0,0.0,0.0,0.0,0.0,0.0,0.0,0.0,,,,,,,5,Tykee Smith,West Virginia,Big 12,Safety,,,,,,,,,15.0
4428532,2024,152,0.0,0.0,0.0,2.0,2.0,0.0,2.0,11.0,2.0,0.0,0.0,0.0,0.0,26.0,0.0,360.0,0.0,0.0,0.0,0.0,0.0,0.0,0.0,0.0,0.0,0.0,84.0,2.0,836.0,0.0,0.0,0.0,0.0,179.0,19.0,2333.0,72.0,4.0,405.0,31.0,,95.0,,63.0,38.0,5,Ainias Smith,Texas A&M,SEC,Wide Receiver,,,13.033519553072626,5.625,13.846153846153847,9.952380952380953,,,
4428548,2024,168,2.0,14.0,32.5,85.0,0.0,48.5,179.0,0.0,0.0,6.0,1.0,0.0,0.0,0.0,0.0,0.0,0.0,0.0,0.0,0.0,0.0,0.0,0.0,0.0,0.0,0.0,0.0,0.0,0.0,0.0,0.0,0.0,0.0,0.0,0.0,0.0,0.0,0.0,0.0,,,,,,,5,Javon Solomon,Troy,Sun Belt,Defensive Edge,,,,,,,,,0.0
4428557,2023,81,0.0,0.0,0.0,0.0,0.0,0.0,1.0,5.0,4.0,0.0,0.0,0.0,0.0,2.0,0.0,36.0,0.0,0.0,0.0,0.0,0.0,0.0,0.0,0.0,0.0,0.0,0.0,0.0,0.0,0.0,0.0,0.0,0.0,48.0,3.0,564.0,427.0,31.0,2911.0,19.0,,,,88.0,75.0,4,Tyjae Spears,Tulane,American Athletic,Running Back,,,11.75,6.817330210772834,18.0,,,,
4428617,2024,38,14.0,10.0,4.0,44.0,0.0,17.0,121.0,0.0,0.0,2.0,0.0,0.0,0.0,0.0,0.0,0.0,0.0,0.0,0.0,0.0,0.0,0.0,0.0,0.0,0.0,0.0,0.0,0.0,0.0,0.0,0.0,0.0,0.0,1.0,1.0,2.0,0.0,0.0,0.0,,,,,2.0,,5,T'Vondre Sweat,Texas,Big 12,Defensive Tackle,,,2.0,,,,,,
4428633,2024,104,22.0,2.0,2.0,165.0,0.0,9.0,230.0,1.0,0.0,3.0,10.0,0.0,27.0,7.0,0.0,124.0,0.0,0.0,0.0,0.0,0.0,0.0,0.0,0.0,0.0,0.0,0.0,0.0,0.0,0.0,0.0,0.0,0.0,0.0,0.0,0.0,0.0,0.0,0.0,24.0,,,,,,5,Dadrion Taylor,Texas Tech,Big 12,Safety,,,,,17.714285714285715,,,,2.7
4428678,2024,156,0.0,0.0,0.0,1.0,0.0,0.0,1.0,2.0,1.0,0.0,0.0,0.0,0.0,0.0,0.0,0.0,0.0,0.0,0.0,0.0,0.0,0.0,0.0,0.0,0.0,0.0,0.0,0.0,0.0,0.0,0.0,0.0,0.0,166.0,18.0,2598.0,5.0,1.0,34.0,,,,,85.0,12.0,5,Jamari Thrash,Louisville,ACC,Wide Receiver,,,15.650602409638553,6.8,,,,,
4428696,2023,59,0.0,0.0,0.0,1.0,0.0,0.0,1.0,0.0,0.0,0.0,0.0,0.0,0.0,0.0,0.0,0.0,0.0,0.0,0.0,0.0,0.0,0.0,0.0,0.0,0.0,0.0,0.0,0.0,0.0,0.0,0.0,0.0,0.0,0.0,0.0,0.0,0.0,0.0,0.0,,,,,,,1,O'Cyrus Torrence,Louisiana,Sun Belt,Offensive Guard,,,,,,,,,
4428713,2024,74,2.0,18.0,17.5,58.0,0.0,28.0,94.0,0.0,0.0,2.0,0.0,0.0,0.0,0.0,0.0,0.0,0.0,0.0,0.0,0.0,0.0,0.0,0.0,0.0,0.0,0.0,0.0,0.0,0.0,0.0,0.0,0.0,0.0,0.0,0.0,0.0,0.0,0.0,0.0,,,,,,,3,Bralen Trice,Washington,Pac-12,Defensive Edge,,,,,,,,,
4428718,2023,100,0.0,0.0,0.0,9.0,2.0,0.0,15.0,3.0,1.0,1.0,0.0,0.0,0.0,67.0,2.0,1670.0,0.0,0.0,0.0,0.0,0.0,0.0,0.0,0.0,0.0,0.0,5.0,0.0,43.0,0.0,0.0,0.0,0.0,111.0,8.0,1426.0,15.0,0.0,138.0,99.0,,30.0,,56.0,32.0,4,Tre Tucker,Cincinnati,American Athletic,Wide Receiver,,,12.846846846846846,9.2,24.925373134328357,8.6,,,
4428796,2024,187,0.0,0.0,0.0,1.0,0.0,0.0,1.0,0.0,0.0,0.0,0.0,0.0,0.0,0.0,0.0,0.0,0.0,0.0,0.0,0.0,0.0,3.0,0.0,0.0,0.0,0.0,0.0,0.0,0.0,0.0,0.0,0.0,0.0,122.0,4.0,1497.0,0.0,1.0,30.0,,,,,80.0,30.0,5,Casey Washington,Illinois,Big Ten,Wide Receiver,0.0,0.0,12.270491803278688,inf,,,,,
4428850,2023,159,0.0,0.0,0.0,2.0,0.0,0.0,3.0,3.0,1.0,0.0,0.0,0.0,0.0,0.0,0.0,0.0,0.0,0.0,0.0,0.0,0.0,3.0,1.0,0.0,0.0,18.0,0.0,0.0,0.0,0.0,0.0,0.0,0.0,90.0,12.0,1694.0,0.0,0.0,0.0,,,,,77.0,,3,Dontayvion Wicks,Virginia,ACC,Wide Receiver,0.3333333333333333,6.0,18.822222222222223,,,,,,
4428863,2024,111,13.0,4.0,4.5,204.0,0.0,14.5,294.0,0.0,0.0,5.0,4.0,0.0,64.0,0.0,0.0,0.0,0.0,0.0,0.0,0.0,0.0,0.0,0.0,0.0,0.0,0.0,0.0,0.0,0.0,0.0,0.0,0.0,0.0,0.0,0.0,0.0,0.0,0.0,0.0,,,,,,,5,Evan Williams,Oregon,Pac-12,Safety,,,,,,,,,16.0
4428872,2024,143,8.0,12.0,5.5,149.0,0.0,22.0,256.0,0.0,0.0,1.0,0.0,0.0,0.0,0.0,0.0,0.0,0.0,0.0,0.0,0.0,0.0,0.0,0.0,0.0,0.0,0.0,0.0,0.0,0.0,0.0,0.0,0.0,0.0,0.0,0.0,0.0,0.0,0.0,0.0,,,,,,,4,JD Bertrand,Notre Dame,FBS Independents,Linebacker,,,,,,,,,
4428914,2023,216,7.0,11.0,12.5,145.0,2.0,30.5,225.0,0.0,0.0,3.0,3.0,1.0,36.0,0.0,0.0,0.0,0.0,0.0,0.0,0.0,0.0,0.0,0.0,0.0,0.0,0.0,0.0,0.0,0.0,0.0,0.0,0.0,0.0,0.0,0.0,0.0,0.0,0.0,0.0,,,,,,,4,Dee Winters,TCU,Big 12,Inside Linebacker,,,,,,,,,12.0
4428930,2025,106,16.0,3.0,0.5,169.0,1.0,9.5,246.0,0.0,0.0,1.0,5.0,1.0,41.0,0.0,0.0,0.0,0.0,0.0,0.0,0.0,0.0,0.0,0.0,0.0,0.0,0.0,1.0,0.0,9.0,0.0,0.0,0.0,0.0,0.0,0.0,0.0,0.0,0.0,0.0,,,0.0,,,,5,Craig Woodson,California,Pac-12,Safety,,,,,,9.0,,,8.2
4428963,2022,124,0.0,0.0,0.0,0.0,0.0,0.0,0.0,0.0,0.0,0.0,0.0,0.0,0.0,0.0,0.0,0.0,62.0,50.0,309.0,163.0,159.0,0.0,0.0,0.0,0.0,0.0,0.0,0.0,0.0,0.0,0.0,0.0,0.0,0.0,0.0,0.0,0.0,0.0,0.0,,57.0,,,,,3,Cade York,LSU,SEC,Place Kicker,,,,,,,,0.8064516129032258,
4428985,2023,28,5.0,8.0,18.0,60.0,0.0,35.5,112.0,0.0,0.0,0.0,0.0,0.0,0.0,0.0,0.0,0.0,0.0,0.0,0.0,0.0,0.0,0.0,0.0,0.0,0.0,0.0,0.0,0.0,0.0,0.0,0.0,0.0,0.0,0.0,0.0,0.0,0.0,0.0,0.0,,,,,,,3,Myles Murphy,Clemson,ACC,Defensive End,,,,,,,,,
4428988,2023,29,3.0,6.0,9.0,27.0,0.0,15.0,49.0,0.0,0.0,0.0,1.0,0.0,0.0,0.0,0.0,0.0,0.0,0.0,0.0,0.0,0.0,0.0,0.0,0.0,0.0,0.0,0.0,0.0,0.0,0.0,0.0,0.0,0.0,0.0,0.0,0.0,0.0,0.0,0.0,,,,,,,3,Bryan Bresee,Clemson,ACC,Defensive Tackle,,,,,,,,,0.0
4428989,2024,57,1.0,13.0,11.0,30.0,1.0,16.0,72.0,0.0,0.0,0.0,1.0,1.0,28.0,0.0,0.0,0.0,0.0,0.0,0.0,0.0,0.0,0.0,0.0,0.0,0.0,0.0,1.0,0.0,11.0,0.0,0.0,0.0,0.0,0.0,0.0,0.0,0.0,0.0,0.0,,,11.0,,,,3,Chris Braswell,Alabama,SEC,Defensive Edge,,,,,,11.0,,,28.0
4428992,2023,105,14.0,0.0,1.0,55.0,1.0,3.0,67.0,0.0,0.0,0.0,4.0,1.0,124.0,0.0,0.0,0.0,0.0,0.0,0.0,0.0,0.0,0.0,0.0,0.0,0.0,0.0,0.0,0.0,0.0,0.0,0.0,0.0,0.0,0.0,0.0,0.0,0.0,0.0,0.0,,,,,,,2,Kelee Ringo,Georgia,SEC,Cornerback,,,,,,,,,31.0
4428996,2025,78,10.0,22.0,16.0,77.0,1.0,31.0,164.0,0.0,0.0,3.0,1.0,1.0,61.0,0.0,0.0,0.0,0.0,0.0,0.0,0.0,0.0,1.0,0.0,1.0,0.0,0.0,0.0,0.0,0.0,0.0,0.0,0.0,0.0,0.0,0.0,0.0,1.0,0.0,36.0,,,,,,36.0,5,Jordan Burch,South Carolina,SEC,Defensive Edge,0.0,0.0,,36.0,,,,,61.0
4429000,2025,191,0.0,0.0,0.0,1.0,0.0,0.0,2.0,0.0,0.0,0.0,0.0,0.0,0.0,0.0,0.0,0.0,0.0,0.0,0.0,0.0,0.0,0.0,0.0,0.0,0.0,0.0,0.0,0.0,0.0,0.0,0.0,0.0,0.0,0.0,0.0,0.0,0.0,0.0,0.0,,,,,,,1,Myles Hinton,Michigan,Big Ten,Offensive Tackle,,,,,,,,,
4429001,2024,186,0.0,0.0,0.0,1.0,2.0,0.0,4.0,1.0,1.0,0.0,0.0,0.0,0.0,0.0,0.0,0.0,0.0,0.0,0.0,0.0,0.0,0.0,0.0,0.0,0.0,0.0,1.0,1.0,33.0,0.0,0.0,0.0,0.0,40.0,6.0,409.0,355.0,18.0,1981.0,,,33.0,,65.0,81.0,4,Jase McClellan,Alabama,SEC,Running Back,,,10.225,5.580281690140845,,33.0,,,
4429007,2026,155,5.0,7.0,3.0,41.0,0.0,12.0,66.0,0.0,0.0,0.0,0.0,0.0,0.0,0.0,0.0,0.0,0.0,0.0,0.0,0.0,0.0,0.0,0.0,0.0,0.0,0.0,0.0,0.0,0.0,0.0,0.0,0.0,0.0,0.0,0.0,0.0,0.0,0.0,0.0,,,,,,,5,DeMonte Capehart,Clemson,ACC,Defensive Tackle,,,,,,,,,
4429009,2025,209,1.0,17.0,29.5,65.0,0.0,39.5,112.0,0.0,0.0,6.0,0.0,0.0,0.0,0.0,0.0,0.0,0.0,0.0,0.0,0.0,0.0,0.0,0.0,0.0,0.0,0.0,0.0,0.0,0.0,0.0,0.0,0.0,0.0,0.0,0.0,0.0,0.0,0.0,0.0,,,,,,,4,Antwuan Powell,Virginia Tech,ACC,Defensive Edge,,,,,,,,,
4429010,2025,153,0.0,0.0,0.0,1.0,0.0,0.0,1.0,0.0,0.0,0.0,0.0,0.0,0.0,0.0,0.0,0.0,0.0,0.0,0.0,0.0,0.0,0.0,0.0,0.0,0.0,0.0,0.0,0.0,0.0,0.0,0.0,0.0,0.0,0.0,0.0,0.0,0.0,0.0,0.0,,,,,,,1,Jalen Rivers,Miami,ACC,Offensive Guard,,,,,,,,,
4429013,2023,88,0.0,0.0,0.0,0.0,0.0,0.0,0.0,6.0,2.0,0.0,0.0,0.0,0.0,13.0,0.0,300.0,0.0,0.0,0.0,0.0,0.0,0.0,0.0,0.0,0.0,0.0,0.0,0.0,0.0,0.0,0.0,0.0,0.0,62.0,0.0,448.0,540.0,25.0,2903.0,35.0,,,,51.0,51.0,3,Tank Bigsby,Auburn,SEC,Running Back,,,7.225806451612903,5.375925925925926,23.076923076923077,,,,
4429014,2023,53,2.0,12.0,5.0,46.0,0.0,10.0,120.0,0.0,0.0,2.0,2.0,0.0,4.0,0.0,0.0,0.0,0.0,0.0,0.0,0.0,0.0,0.0,0.0,0.0,0.0,0.0,0.0,0.0,0.0,0.0,0.0,0.0,0.0,0.0,0.0,0.0,0.0,0.0,0.0,,,,,,,3,Gervon Dexter,Florida,SEC,Defensive Tackle,,,,,,,,,2.0
4429018,2025,214,12.0,4.0,0.0,101.0,0.0,13.0,173.0,0.0,0.0,1.0,7.0,0.0,43.0,0.0,0.0,0.0,0.0,0.0,0.0,0.0,0.0,0.0,0.0,0.0,0.0,0.0,0.0,0.0,0.0,0.0,0.0,0.0,0.0,0.0,0.0,0.0,0.0,0.0,0.0,,,,,,,5,R.J. Mickens,Clemson,ACC,Safety,,,,,,,,,6.142857142857143
4429022,2023,187,0.0,0.0,0.0,4.0,0.0,0.0,4.0,2.0,0.0,0.0,0.0,0.0,0.0,5.0,0.0,80.0,0.0,0.0,0.0,0.0,0.0,0.0,0.0,0.0,0.0,0.0,0.0,0.0,0.0,0.0,0.0,0.0,0.0,128.0,16.0,1735.0,1.0,0.0,41.0,26.0,,,,64.0,41.0,3,Kayshon Boutte,LSU,SEC,Wide Receiver,,,13.5546875,41.0,16.0,,,,
4429023,2024,88,0.0,0.0,0.0,0.0,0.0,0.0,1.0,10.0,6.0,0.0,0.0,0.0,0.0,0.0,0.0,0.0,0.0,0.0,0.0,0.0,0.0,0.0,0.0,0.0,0.0,0.0,0.0,0.0,0.0,0.0,0.0,0.0,0.0,34.0,2.0,452.0,291.0,19.0,1620.0,,,,,54.0,56.0,3,MarShawn Lloyd,USC,Pac-12,Running Back,,,13.294117647058824,5.56701030927835,,,,,
4429025,2023,21,0.0,0.0,0.0,0.0,0.0,0.0,1.0,2.0,2.0,0.0,0.0,0.0,0.0,0.0,0.0,0.0,0.0,0.0,0.0,0.0,0.0,0.0,0.0,0.0,0.0,0.0,0.0,0.0,0.0,0.0,0.0,0.0,0.0,115.0,14.0,2168.0,8.0,2.0,8.0,,,,,76.0,8.0,3,Quentin Johnston,TCU,Big 12,Wide Receiver,,,18.85217391304348,1.0,,,,,
4429033,2024,80,0.0,0.0,0.0,1.0,0.0,0.0,1.0,2.0,1.0,0.0,0.0,0.0,0.0,0.0,0.0,0.0,0.0,0.0,0.0,0.0,0.0,0.0,0.0,0.0,0.0,0.0,1.0,0.0,14.0,0.0,0.0,0.0,0.0,132.0,23.0,2376.0,4.0,0.0,50.0,,,14.0,,73.0,43.0,4,Jermaine Burton,Georgia,SEC,Wide Receiver,,,18.0,12.5,,14.0,,,
4429034,2023,141,0.0,6.0,4.0,48.0,0.0,13.0,99.0,0.0,0.0,4.0,0.0,0.0,0.0,0.0,0.0,0.0,0.0,0.0,0.0,0.0,0.0,0.0,0.0,0.0,0.0,0.0,0.0,0.0,0.0,0.0,0.0,0.0,0.0,0.0,0.0,0.0,0.0,0.0,0.0,,,,,,,3,Jaquelin Roy,LSU,SEC,Defensive Tackle,,,,,,,,,
4429040,2025,71,3.0,10.0,6.5,38.0,0.0,11.0,67.0,0.0,0.0,4.0,0.0,0.0,0.0,0.0,0.0,0.0,0.0,0.0,0.0,0.0,0.0,0.0,0.0,0.0,0.0,0.0,0.0,0.0,0.0,0.0,0.0,0.0,0.0,0.0,0.0,0.0,0.0,0.0,0.0,,,,,,,5,Vernon Broughton,Texas,SEC,Defensive Tackle,,,,,,,,,
4429058,2024,252,3.0,11.0,11.0,37.0,0.0,20.0,74.0,0.0,0.0,0.0,0.0,0.0,0.0,0.0,0.0,0.0,0.0,0.0,0.0,0.0,0.0,0.0,0.0,0.0,0.0,0.0,0.0,0.0,0.0,0.0,0.0,0.0,0.0,0.0,0.0,0.0,0.0,0.0,0.0,,,,,,,4,Jaylen Harrell,Michigan,Big Ten,Defensive Edge,,,,,,,,,
4429059,2025,116,0.0,0.0,0.0,8.0,0.0,0.0,10.0,5.0,3.0,1.0,0.0,0.0,0.0,11.0,0.0,231.0,0.0,0.0,0.0,0.0,0.0,0.0,0.0,0.0,0.0,0.0,0.0,0.0,0.0,0.0,0.0,0.0,0.0,261.0,5.0,1546.0,608.0,31.0,3016.0,33.0,,,,33.0,65.0,5,Jo'quavious Marks,USC,Big Ten,Running Back,,,5.923371647509579,4.9605263157894735,21.0,,,,
4429067,2023,113,21.0,0.0,1.0,73.0,4.0,4.0,100.0,0.0,0.0,2.0,9.0,4.0,232.0,0.0,0.0,0.0,0.0,0.0,0.0,0.0,0.0,0.0,0.0,0.0,0.0,0.0,0.0,0.0,0.0,0.0,0.0,0.0,0.0,0.0,0.0,0.0,0.0,0.0,0.0,,,,,,,3,Clark Phillips III,Utah,Pac-12,Cornerback,,,,,,,,,25.77777777777778
4429071,2025,115,11.0,4.0,10.0,115.0,0.0,22.5,259.0,0.0,0.0,1.0,1.0,0.0,24.0,0.0,0.0,0.0,0.0,0.0,0.0,0.0,0.0,0.0,0.0,0.0,0.0,0.0,0.0,0.0,0.0,0.0,0.0,0.0,0.0,0.0,0.0,0.0,1.0,0.0,-3.0,,,,,,0.0,5,Cody Simon,Ohio State,Big Ten,Linebacker,,,,-3.0,,,,,24.0
4429073,2025,254,3.0,11.0,15.0,68.0,0.0,31.5,117.0,0.0,0.0,1.0,0.0,0.0,0.0,0.0,0.0,0.0,0.0,0.0,0.0,0.0,0.0,0.0,0.0,0.0,0.0,0.0,0.0,0.0,0.0,0.0,0.0,0.0,0.0,0.0,0.0,0.0,0.0,0.0,0.0,,,,,,,5,Fadil Diggs,Texas A&M,SEC,Defensive Edge,,,,,,,,,
4429084,2023,4,0.0,0.0,0.0,4.0,0.0,0.0,4.0,6.0,3.0,0.0,0.0,0.0,0.0,0.0,0.0,0.0,0.0,0.0,0.0,0.0,0.0,393.0,215.0,15.0,24.0,3105.0,0.0,0.0,0.0,0.0,0.0,0.0,0.0,0.0,0.0,0.0,161.0,12.0,1116.0,,,,,,81.0,3,Anthony Richardson,Florida,SEC,Quarterback,0.5470737913486005,7.900763358778626,,6.931677018633541,,,,,
4429086,2023,35,0.0,0.0,0.0,4.0,0.0,0.0,4.0,2.0,0.0,0.0,0.0,0.0,0.0,0.0,0.0,0.0,0.0,0.0,0.0,0.0,0.0,0.0,0.0,0.0,0.0,0.0,0.0,0.0,0.0,0.0,0.0,0.0,0.0,180.0,18.0,2099.0,0.0,0.0,0.0,,,,,52.0,,3,Michael Mayer,Notre Dame,FBS Independents,Tight End,,,11.661111111111111,,,,,,
4429096,2024,83,0.0,0.0,0.0,2.0,0.0,0.0,2.0,7.0,2.0,0.0,0.0,0.0,0.0,18.0,0.0,398.0,0.0,0.0,0.0,0.0,0.0,0.0,0.0,0.0,0.0,0.0,1.0,0.0,0.0,0.0,0.0,0.0,0.0,56.0,3.0,411.0,675.0,58.0,3734.0,79.0,,0.0,,41.0,67.0,4,Blake Corum,Michigan,Big Ten,Running Back,,,7.339285714285714,5.531851851851852,22.11111111111111,0.0,,,
4429105,2025,110,0.0,0.0,0.0,4.0,0.0,0.0,4.0,1.0,0.0,0.0,0.0,0.0,0.0,0.0,0.0,0.0,0.0,0.0,0.0,0.0,0.0,0.0,0.0,0.0,0.0,0.0,0.0,0.0,0.0,0.0,0.0,0.0,0.0,68.0,10.0,1356.0,8.0,0.0,93.0,,,,,76.0,33.0,5,Arian Smith,Georgia,SEC,Wide Receiver,,,19.941176470588236,11.625,,,,,
4429109,2025,135,11.0,17.0,9.5,68.0,0.0,16.5,108.0,0.0,0.0,8.0,0.0,0.0,0.0,1.0,0.0,0.0,0.0,0.0,0.0,0.0,0.0,0.0,0.0,0.0,0.0,0.0,0.0,0.0,0.0,0.0,0.0,0.0,0.0,1.0,0.0,16.0,1.0,1.0,2.0,0.0,,,,16.0,2.0,5,Tonka Hemingway,South Carolina,SEC,Defensive Tackle,,,16.0,2.0,0.0,,,,
4429110,2025,122,13.0,2.0,3.5,137.0,1.0,16.0,217.0,0.0,0.0,2.0,3.0,0.0,39.0,0.0,0.0,0.0,0.0,0.0,0.0,0.0,0.0,0.0,0.0,0.0,0.0,0.0,2.0,0.0,41.0,0.0,0.0,0.0,0.0,0.0,0.0,0.0,0.0,0.0,0.0,,,23.0,,,,5,Lathan Ransom,Ohio State,Big Ten,Safety,,,,,,20.5,,,13.0
4429111,2023,41,2.0,22.0,17.0,78.0,0.0,27.0,125.0,0.0,0.0,4.0,0.0,0.0,0.0,0.0,0.0,0.0,0.0,0.0,0.0,0.0,0.0,0.0,0.0,0.0,0.0,0.0,0.0,0.0,0.0,0.0,0.0,0.0,0.0,0.0,0.0,0.0,0.0,0.0,0.0,,,,,,,3,BJ Ojulari,LSU,SEC,Outside Linebacker,,,,,,,,,
4429121,2025,188,0.0,0.0,0.0,13.0,0.0,0.0,25.0,2.0,1.0,0.0,0.0,0.0,0.0,5.0,0.0,103.0,0.0,0.0,0.0,0.0,0.0,1.0,1.0,0.0,0.0,15.0,1.0,0.0,22.0,0.0,0.0,0.0,0.0,8.0,0.0,67.0,235.0,16.0,1200.0,27.0,,22.0,,19.0,63.0,5,Kalel Mullings,Michigan,Big Ten,Running Back,1.0,15.0,8.375,5.1063829787234045,20.6,22.0,,,
4429136,2025,198,1.0,5.0,6.0,45.0,0.0,14.0,69.0,0.0,0.0,1.0,0.0,0.0,0.0,0.0,0.0,0.0,0.0,0.0,0.0,0.0,0.0,0.0,0.0,0.0,0.0,0.0,0.0,0.0,0.0,0.0,0.0,0.0,0.0,0.0,0.0,0.0,0.0,0.0,0.0,,,,,,,5,Warren Brinson,Georgia,SEC,Defensive Tackle,,,,,,,,,
4429148,2024,107,0.0,0.0,0.0,2.0,0.0,0.0,3.0,0.0,0.0,0.0,0.0,0.0,0.0,0.0,0.0,0.0,0.0,0.0,0.0,0.0,0.0,0.0,0.0,0.0,0.0,0.0,0.0,0.0,0.0,0.0,0.0,0.0,0.0,77.0,12.0,938.0,0.0,0.0,0.0,,,,,48.0,,4,Theo Johnson,Penn State,Big Ten,Tight End,,,12.181818181818182,,,,,,
4429160,2023,84,0.0,0.0,0.0,2.0,2.0,0.0,2.0,2.0,2.0,0.0,0.0,0.0,0.0,20.0,2.0,613.0,0.0,0.0,0.0,0.0,0.0,0.0,0.0,0.0,0.0,0.0,0.0,0.0,0.0,0.0,0.0,0.0,0.0,65.0,5.0,554.0,369.0,21.0,2376.0,96.0,,,,52.0,76.0,3,Devon Achane,Texas A&M,SEC,Running Back,,,8.523076923076923,6.439024390243903,30.65,,,,
4429164,2023,132,7.0,5.0,21.0,95.0,0.0,36.0,134.0,0.0,0.0,2.0,0.0,0.0,0.0,0.0,0.0,0.0,0.0,0.0,0.0,0.0,0.0,0.0,0.0,0.0,0.0,0.0,0.0,0.0,0.0,0.0,0.0,0.0,0.0,0.0,0.0,0.0,0.0,0.0,0.0,,,,,,,3,Nick Herbig,Wisconsin,Big Ten,Outside Linebacker,,,,,,,,,
4429166,2025,77,0.0,39.0,25.0,66.0,1.0,37.5,135.0,0.0,0.0,1.0,0.0,0.0,0.0,0.0,0.0,0.0,0.0,0.0,0.0,0.0,0.0,0.0,0.0,0.0,0.0,0.0,0.0,0.0,0.0,0.0,0.0,0.0,0.0,0.0,0.0,0.0,0.0,0.0,0.0,,,,,,,5,Princely Umanmielen,Ole Miss,SEC,Defensive Edge,,,,,,,,,
4429168,2023,160,7.0,4.0,2.0,96.0,0.0,13.0,164.0,0.0,0.0,0.0,1.0,0.0,6.0,0.0,0.0,0.0,0.0,0.0,0.0,0.0,0.0,0.0,0.0,0.0,0.0,0.0,0.0,0.0,0.0,0.0,0.0,0.0,0.0,0.0,0.0,0.0,0.0,0.0,0.0,,,,,,,3,Antonio Johnson,Texas A&M,SEC,Safety,,,,,,,,,6.0
4429190,2026,22,4.0,15.0,34.5,122.0,0.0,51.5,206.0,0.0,0.0,0.0,0.0,0.0,0.0,0.0,0.0,0.0,0.0,0.0,0.0,0.0,0.0,0.0,0.0,0.0,0.0,0.0,0.0,0.0,0.0,0.0,0.0,0.0,0.0,0.0,0.0,0.0,0.0,0.0,0.0,,,,,,,6,Akheem Mesidor,West Virginia,Big 12,Defensive Edge,,,,,,,,,
4429193,2024,145,32.0,1.0,0.0,98.0,1.0,3.5,127.0,2.0,1.0,1.0,7.0,0.0,9.0,30.0,1.0,603.0,0.0,0.0,0.0,0.0,0.0,0.0,0.0,0.0,0.0,0.0,6.0,0.0,12.0,0.0,0.0,0.0,0.0,2.0,0.0,4.0,1.0,0.0,3.0,100.0,,6.0,,2.0,3.0,4,Kris Abrams-Draine,Missouri,SEC,Cornerback,,,2.0,3.0,20.1,2.0,,,1.2857142857142858
4429202,2023,143,0.0,0.0,0.0,0.0,1.0,0.0,0.0,3.0,1.0,0.0,0.0,0.0,0.0,19.0,1.0,434.0,0.0,0.0,0.0,0.0,0.0,0.0,0.0,0.0,0.0,0.0,0.0,0.0,0.0,0.0,0.0,0.0,0.0,38.0,3.0,354.0,390.0,28.0,2177.0,98.0,,,,37.0,80.0,3,Israel Abanikanda,Pittsburgh,ACC,Running Back,,,9.31578947368421,5.582051282051282,22.842105263157894,,,,
4429205,2023,23,0.0,0.0,0.0,1.0,0.0,0.0,1.0,4.0,0.0,0.0,0.0,0.0,0.0,2.0,0.0,39.0,0.0,0.0,0.0,0.0,0.0,0.0,0.0,0.0,0.0,0.0,18.0,0.0,219.0,0.0,0.0,0.0,0.0,219.0,29.0,3134.0,20.0,1.0,147.0,20.0,,39.0,,75.0,28.0,3,Jordan Addison,USC,Pac-12,Wide Receiver,,,14.310502283105023,7.35,19.5,12.166666666666666,,,
4429251,2024,26,0.0,0.0,0.0,1.0,0.0,0.0,1.0,0.0,0.0,0.0,0.0,0.0,0.0,0.0,0.0,0.0,0.0,0.0,0.0,0.0,0.0,0.0,0.0,0.0,0.0,0.0,0.0,0.0,0.0,0.0,0.0,0.0,0.0,0.0,0.0,-4.0,0.0,0.0,0.0,,,,,-4.0,,2,Graham Barton,Duke,ACC,Center,,,-inf,,,,,,
4429262,2024,231,0.0,0.0,0.0,2.0,0.0,0.0,2.0,2.0,2.0,0.0,0.0,0.0,0.0,1.0,0.0,22.0,0.0,0.0,0.0,0.0,0.0,0.0,0.0,0.0,0.0,0.0,0.0,0.0,0.0,0.0,0.0,0.0,0.0,95.0,9.0,1260.0,84.0,4.0,303.0,22.0,,,,82.0,20.0,4,Jaheim Bell,South Carolina,SEC,Tight End,,,13.263157894736842,3.607142857142857,22.0,,,,
4429275,2024,66,0.0,0.0,0.0,2.0,1.0,0.0,2.0,2.0,1.0,0.0,0.0,0.0,0.0,6.0,1.0,192.0,0.0,0.0,0.0,0.0,0.0,0.0,0.0,0.0,0.0,0.0,0.0,0.0,0.0,0.0,0.0,0.0,0.0,33.0,1.0,371.0,316.0,24.0,1917.0,93.0,,,,80.0,85.0,3,Trey Benson,Oregon,Pac-12,Running Back,,,11.242424242424242,6.0664556962025316,32.0,,,,
4429281,2025,246,21.0,1.0,0.0,74.0,0.0,2.0,99.0,0.0,0.0,3.0,4.0,0.0,36.0,0.0,0.0,0.0,0.0,0.0,0.0,0.0,0.0,0.0,0.0,0.0,0.0,0.0,0.0,0.0,0.0,0.0,0.0,0.0,0.0,0.0,0.0,0.0,0.0,0.0,0.0,,,,,,,5,Korie Black,Oklahoma State,Big 12,Cornerback,,,,,,,,,9.0
4429299,2025,193,0.0,0.0,0.0,2.0,0.0,0.0,2.0,4.0,3.0,0.0,0.0,0.0,0.0,2.0,0.0,21.0,0.0,0.0,0.0,0.0,0.0,3.0,2.0,0.0,0.0,38.0,0.0,0.0,0.0,0.0,0.0,0.0,0.0,102.0,2.0,534.0,881.0,45.0,4566.0,21.0,,,,30.0,67.0,5,Tahj Brooks,Texas Tech,Big 12,Running Back,0.6666666666666666,12.666666666666666,5.235294117647059,5.182746878547105,10.5,,,,
4429490,2025,226,9.0,7.0,1.0,175.0,0.0,9.0,295.0,0.0,0.0,0.0,5.0,0.0,138.0,0.0,0.0,0.0,0.0,0.0,0.0,0.0,0.0,0.0,0.0,0.0,0.0,0.0,0.0,0.0,0.0,0.0,0.0,0.0,0.0,0.0,0.0,0.0,0.0,0.0,0.0,,,,,,,4,Carson Bruener,Washington,Pac-12,Linebacker,,,,,,,,,27.6
4429501,2024,128,0.0,0.0,0.0,2.0,0.0,0.0,2.0,8.0,3.0,0.0,0.0,0.0,0.0,0.0,0.0,0.0,0.0,0.0,0.0,0.0,0.0,0.0,0.0,0.0,0.0,0.0,0.0,0.0,0.0,0.0,0.0,0.0,0.0,91.0,11.0,724.0,723.0,28.0,3510.0,,,,,58.0,75.0,5,Re'Mahn Davis,Vanderbilt,SEC,Running Back,,,7.956043956043956,4.854771784232365,,,,,
4429511,2023,153,3.0,16.0,13.5,120.0,1.0,35.5,227.0,0.0,0.0,1.0,2.0,1.0,117.0,0.0,0.0,0.0,0.0,0.0,0.0,0.0,0.0,0.0,0.0,0.0,0.0,0.0,0.0,0.0,0.0,0.0,0.0,0.0,0.0,0.0,0.0,0.0,0.0,0.0,0.0,,,,,,,4,SirVocea Dennis,Pittsburgh,ACC,Inside Linebacker,,,,,,,,,58.5
4429560,2024,148,5.0,11.0,3.5,145.0,1.0,21.0,256.0,0.0,0.0,1.0,2.0,1.0,15.0,0.0,0.0,0.0,0.0,0.0,0.0,0.0,0.0,0.0,0.0,0.0,0.0,0.0,0.0,0.0,0.0,0.0,0.0,0.0,0.0,0.0,0.0,0.0,0.0,0.0,0.0,,,,,,,3,Tommy Eichenberg,Ohio State,Big Ten,Linebacker,,,,,,,,,7.5
4429568,2022,68,15.0,1.0,0.0,91.0,0.0,6.0,150.0,0.0,0.0,0.0,1.0,0.0,45.0,0.0,0.0,0.0,0.0,0.0,0.0,0.0,0.0,0.0,0.0,0.0,0.0,0.0,0.0,0.0,0.0,0.0,0.0,0.0,0.0,0.0,0.0,0.0,0.0,0.0,0.0,,,,,,,3,Martin Emerson,Mississippi State,SEC,Cornerback,,,,,,,,,45.0
4429607,2022,81,11.0,1.0,0.0,68.0,0.0,5.5,98.0,0.0,0.0,0.0,1.0,0.0,0.0,0.0,0.0,0.0,0.0,0.0,0.0,0.0,0.0,0.0,0.0,0.0,0.0,0.0,0.0,0.0,0.0,0.0,0.0,0.0,0.0,0.0,0.0,0.0,0.0,0.0,0.0,,,,,,,3,Cordale Flott,LSU,SEC,Cornerback,,,,,,,,,0.0
4429615,2023,22,0.0,0.0,0.0,2.0,0.0,0.0,3.0,5.0,2.0,0.0,0.0,0.0,0.0,0.0,0.0,0.0,0.0,0.0,0.0,0.0,0.0,1.0,0.0,0.0,0.0,0.0,7.0,0.0,43.0,0.0,0.0,0.0,0.0,200.0,29.0,3056.0,57.0,2.0,345.0,,,16.0,,77.0,47.0,4,Zay Flowers,Boston College,ACC,Wide Receiver,0.0,0.0,15.28,6.052631578947368,,6.142857142857143,,,
4429636,2023,106,0.0,0.0,0.0,3.0,0.0,0.0,3.0,0.0,0.0,0.0,0.0,0.0,0.0,0.0,0.0,0.0,0.0,0.0,0.0,0.0,0.0,0.0,0.0,0.0,0.0,0.0,0.0,0.0,0.0,0.0,0.0,0.0,0.0,0.0,0.0,0.0,0.0,0.0,0.0,,,,,,,2,Blake Freeland,BYU,FBS Independents,Offensive Tackle,,,,,,,,,
4429684,2024,142,0.0,0.0,0.0,1.0,2.0,0.0,3.0,2.0,1.0,0.0,0.0,0.0,0.0,0.0,0.0,0.0,0.0,0.0,0.0,0.0,0.0,0.0,0.0,0.0,0.0,0.0,25.0,2.0,401.0,0.0,0.0,0.0,0.0,84.0,6.0,1360.0,11.0,1.0,83.0,,,80.0,,75.0,19.0,4,Anthony Gould,Oregon State,Pac-12,Wide Receiver,,,16.19047619047619,7.545454545454546,,16.04,,,
4429693,2025,48,0.0,0.0,0.0,1.0,0.0,0.0,1.0,0.0,0.0,0.0,0.0,0.0,0.0,0.0,0.0,0.0,0.0,0.0,0.0,0.0,0.0,0.0,0.0,0.0,0.0,0.0,0.0,0.0,0.0,0.0,0.0,0.0,0.0,0.0,0.0,0.0,0.0,0.0,0.0,,,,,,,1,Aireontae Ersery,Minnesota,Big Ten,Offensive Tackle,,,,,,,,,
4429743,2024,219,17.0,2.0,3.5,40.0,3.0,7.5,60.0,1.0,0.0,0.0,5.0,1.0,68.0,3.0,0.0,47.0,0.0,0.0,0.0,0.0,0.0,0.0,0.0,0.0,0.0,0.0,16.0,2.0,248.0,0.0,0.0,0.0,0.0,0.0,0.0,0.0,0.0,0.0,0.0,22.0,,68.0,,,,4,Daequan Hardy,Penn State,Big Ten,Cornerback,,,,,15.666666666666666,15.5,,,13.6
4429767,2023,16,21.0,1.0,1.0,88.0,6.0,6.5,143.0,0.0,0.0,0.0,13.0,5.0,361.0,0.0,0.0,0.0,0.0,0.0,0.0,0.0,0.0,0.0,0.0,0.0,0.0,0.0,0.0,0.0,0.0,0.0,0.0,0.0,0.0,0.0,0.0,0.0,0.0,0.0,0.0,,,,,,,3,Emmanuel Forbes,Mississippi State,SEC,Cornerback,,,,,,,,,27.76923076923077
4429775,2024,51,0.0,0.0,0.0,0.0,0.0,0.0,2.0,0.0,0.0,0.0,0.0,0.0,0.0,0.0,0.0,0.0,0.0,0.0,0.0,0.0,0.0,0.0,0.0,0.0,0.0,0.0,0.0,0.0,0.0,0.0,0.0,0.0,0.0,0.0,0.0,0.0,0.0,0.0,0.0,,,,,,,1,Zach Frazier,West Virginia,Big 12,Center,,,,,,,,,
4429795,2023,12,0.0,0.0,0.0,1.0,1.0,0.0,1.0,4.0,0.0,0.0,0.0,0.0,0.0,43.0,1.0,1048.0,0.0,0.0,0.0,0.0,0.0,0.0,0.0,0.0,0.0,0.0,0.0,0.0,0.0,0.0,0.0,0.0,0.0,103.0,8.0,1212.0,383.0,15.0,2129.0,98.0,,,,77.0,76.0,3,Jahmyr Gibbs,Georgia Tech,ACC,Running Back,,,11.766990291262136,5.558746736292428,24.372093023255815,,,,
4429834,2024,106,13.0,13.0,8.5,192.0,0.0,27.0,359.0,0.0,0.0,6.0,5.0,0.0,51.0,0.0,0.0,0.0,0.0,0.0,0.0,0.0,0.0,0.0,0.0,0.0,0.0,0.0,0.0,0.0,0.0,0.0,0.0,0.0,0.0,0.0,0.0,0.0,0.0,0.0,0.0,,,,,,,4,Cedric Gray,North Carolina,ACC,Linebacker,,,,,,,,,10.2
4429891,2024,192,6.0,0.0,0.0,53.0,0.0,0.5,70.0,0.0,0.0,0.0,2.0,0.0,19.0,0.0,0.0,0.0,0.0,0.0,0.0,0.0,0.0,0.0,0.0,0.0,0.0,0.0,0.0,0.0,0.0,0.0,0.0,0.0,0.0,0.0,0.0,0.0,0.0,0.0,0.0,,,,,,,3,DJ James,Oregon,Pac-12,Cornerback,,,,,,,,,9.5
4429939,2024,205,0.0,0.0,0.0,1.0,2.0,0.0,2.0,5.0,4.0,0.0,0.0,0.0,0.0,27.0,2.0,735.0,0.0,0.0,0.0,0.0,0.0,0.0,0.0,0.0,0.0,0.0,0.0,0.0,0.0,0.0,0.0,0.0,0.0,39.0,1.0,476.0,381.0,18.0,2214.0,100.0,,,,81.0,74.0,5,Jawhar Jordan,Syracuse,ACC,Running Back,,,12.205128205128204,5.811023622047244,27.22222222222222,,,,
4429955,2025,185,0.0,0.0,0.0,1.0,0.0,0.0,1.0,17.0,7.0,0.0,0.0,0.0,0.0,0.0,0.0,0.0,0.0,0.0,0.0,0.0,0.0,1202.0,767.0,35.0,83.0,9796.0,0.0,0.0,0.0,0.0,0.0,0.0,0.0,2.0,1.0,8.0,330.0,26.0,1160.0,,,,,8.0,80.0,5,Will Howard,Ohio State,Big Ten,Quarterback,0.6381031613976705,8.149750415973378,4.0,3.515151515151515,,,,,
4429970,2025,132,6.0,1.0,3.0,137.0,0.0,13.0,231.0,0.0,0.0,0.0,1.0,0.0,0.0,0.0,0.0,0.0,0.0,0.0,0.0,0.0,0.0,0.0,0.0,0.0,0.0,0.0,0.0,0.0,0.0,0.0,0.0,0.0,0.0,0.0,0.0,0.0,0.0,0.0,0.0,,,,,,,5,Ruben Hyppolite II,Maryland,Big Ten,Linebacker,,,,,,,,,0.0
4429996,2024,56,3.0,16.0,14.0,82.0,0.0,29.0,152.0,0.0,0.0,0.0,0.0,0.0,0.0,2.0,0.0,0.0,0.0,0.0,0.0,0.0,0.0,0.0,0.0,0.0,0.0,0.0,0.0,0.0,0.0,0.0,0.0,0.0,0.0,0.0,0.0,0.0,2.0,1.0,1.0,0.0,,,,,1.0,4,Marshawn Kneeland,Western Michigan,Mid-American,Defensive Edge,,,,0.5,0.0,,,,
4430027,2023,34,0.0,0.0,0.0,5.0,0.0,0.0,5.0,1.0,0.0,0.0,0.0,0.0,0.0,2.0,0.0,0.0,0.0,0.0,0.0,0.0,0.0,0.0,0.0,0.0,0.0,0.0,0.0,0.0,0.0,0.0,0.0,0.0,0.0,153.0,5.0,1785.0,2.0,0.0,6.0,0.0,,,,58.0,6.0,4,Sam LaPorta,Iowa,Big Ten,Tight End,,,11.666666666666666,3.0,0.0,,,,
4430034,2024,32,0.0,0.0,0.0,7.0,1.0,0.0,8.0,2.0,1.0,0.0,0.0,0.0,0.0,29.0,1.0,767.0,0.0,0.0,0.0,0.0,0.0,0.0,0.0,0.0,0.0,0.0,1.0,0.0,-1.0,0.0,0.0,0.0,0.0,113.0,12.0,1678.0,16.0,0.0,12.0,100.0,,0.0,,76.0,19.0,5,Xavier Legette,South Carolina,SEC,Wide Receiver,,,14.849557522123893,0.75,26.448275862068964,-1.0,,,
4430065,2024,214,4.0,25.0,19.0,56.0,0.0,22.0,111.0,0.0,0.0,3.0,0.0,0.0,0.0,0.0,0.0,0.0,0.0,0.0,0.0,0.0,0.0,0.0,0.0,0.0,0.0,0.0,1.0,0.0,14.0,0.0,0.0,0.0,0.0,0.0,0.0,0.0,0.0,0.0,0.0,,,14.0,,,,4,Cedric Johnson,Ole Miss,SEC,Defensive Edge,,,,,,14.0,,,
4430118,2024,250,10.0,3.0,2.0,109.0,0.0,10.0,152.0,0.0,0.0,2.0,0.0,0.0,0.0,0.0,0.0,0.0,0.0,0.0,0.0,0.0,0.0,0.0,0.0,0.0,0.0,0.0,0.0,0.0,0.0,0.0,0.0,0.0,0.0,0.0,0.0,0.0,0.0,0.0,0.0,,,,,,,4,Sanoussi Kane,Purdue,Big Ten,Safety,,,,,,,,,
4430158,2024,198,22.0,2.0,1.0,137.0,0.0,12.0,248.0,0.0,0.0,5.0,6.0,0.0,61.0,0.0,0.0,0.0,0.0,0.0,0.0,0.0,0.0,0.0,0.0,0.0,0.0,0.0,0.0,0.0,0.0,0.0,0.0,0.0,0.0,0.0,0.0,0.0,0.0,0.0,0.0,,,,,,,5,Patrick McMorris,San Diego State,Mountain West,Safety,,,,,,,,,10.166666666666666
4430191,2022,54,1.0,0.0,0.0,2.0,0.0,0.0,2.0,0.0,0.0,0.0,0.0,0.0,0.0,3.0,0.0,21.0,0.0,0.0,0.0,0.0,0.0,0.0,0.0,0.0,0.0,0.0,1.0,0.0,0.0,0.0,0.0,0.0,0.0,170.0,16.0,2483.0,3.0,1.0,12.0,13.0,,0.0,,74.0,10.0,3,Skyy Moore,Western Michigan,Mid-American,Wide Receiver,,,14.605882352941176,4.0,7.0,0.0,,,
4430261,2024,47,10.0,0.0,2.0,137.0,0.0,4.5,201.0,1.0,0.0,1.0,13.0,0.0,151.0,1.0,0.0,-9.0,0.0,0.0,0.0,0.0,0.0,0.0,0.0,0.0,0.0,0.0,0.0,0.0,0.0,0.0,0.0,0.0,0.0,0.0,0.0,0.0,0.0,0.0,0.0,0.0,,,,,,5,Tyler Nubin,Minnesota,Big Ten,Safety,,,,,-9.0,,,,11.615384615384615
4430262,2026,64,19.0,1.0,1.0,125.0,2.0,3.5,194.0,0.0,0.0,1.0,15.0,2.0,112.0,0.0,0.0,0.0,0.0,0.0,0.0,0.0,0.0,0.0,0.0,0.0,0.0,0.0,0.0,0.0,0.0,0.0,0.0,0.0,0.0,0.0,0.0,0.0,0.0,0.0,0.0,,,,,,,6,Bud Clark,TCU,Big 12,Safety,,,,,,,,,7.466666666666667
4430271,2024,35,9.0,6.0,12.0,39.0,0.0,25.5,86.0,0.0,0.0,3.0,0.0,0.0,0.0,0.0,0.0,0.0,0.0,0.0,0.0,0.0,0.0,0.0,0.0,0.0,0.0,0.0,0.0,0.0,0.0,0.0,0.0,0.0,0.0,0.0,0.0,0.0,0.0,0.0,0.0,,,,,,,5,Ruke Orhorhoro,Clemson,ACC,Defensive Tackle,,,,,,,,,
4430330,2025,68,6.0,0.0,0.0,33.0,0.0,2.0,51.0,0.0,0.0,0.0,3.0,0.0,5.0,0.0,0.0,0.0,0.0,0.0,0.0,0.0,0.0,0.0,0.0,0.0,0.0,0.0,2.0,0.0,30.0,0.0,0.0,0.0,0.0,1.0,0.0,0.0,0.0,0.0,0.0,,,22.0,,0.0,,5,Darien Porter,Iowa State,Big 12,Cornerback,,,0.0,,,15.0,,,1.6666666666666667
4430388,2023,222,0.0,0.0,0.0,0.0,0.0,0.0,0.0,11.0,7.0,0.0,0.0,0.0,0.0,0.0,0.0,0.0,0.0,0.0,0.0,0.0,0.0,0.0,0.0,0.0,0.0,0.0,0.0,0.0,0.0,0.0,0.0,0.0,0.0,5.0,0.0,29.0,484.0,36.0,3520.0,,,,,7.0,75.0,3,DeWayne McBride,UAB,Conference USA,Running Back,,,5.8,7.2727272727272725,,,,,
4430411,2023,145,15.0,6.0,1.0,171.0,0.0,15.5,306.0,0.0,0.0,1.0,7.0,0.0,92.0,2.0,0.0,38.0,0.0,0.0,0.0,0.0,0.0,0.0,0.0,0.0,0.0,0.0,8.0,0.0,37.0,0.0,0.0,0.0,0.0,0.0,0.0,0.0,0.0,0.0,0.0,22.0,,16.0,,,,4,Jammie Robinson,South Carolina,SEC,Safety,,,,,19.0,4.625,,,13.142857142857142
4430431,2025,227,0.0,0.0,0.0,2.0,0.0,0.0,3.0,20.0,10.0,0.0,0.0,0.0,0.0,0.0,0.0,0.0,0.0,0.0,0.0,0.0,0.0,1285.0,862.0,21.0,79.0,10716.0,0.0,0.0,0.0,0.0,0.0,0.0,0.0,3.0,0.0,62.0,278.0,13.0,797.0,,,,,38.0,61.0,6,Kurtis Rourke,Ohio,Mid-American,Quarterback,0.670817120622568,8.339299610894942,20.666666666666668,2.866906474820144,,,,,
4430438,2024,45,8.0,16.0,10.0,114.0,0.0,32.0,204.0,0.0,0.0,2.0,2.0,0.0,4.0,0.0,0.0,0.0,0.0,0.0,0.0,0.0,0.0,0.0,0.0,0.0,0.0,0.0,0.0,0.0,0.0,0.0,0.0,0.0,0.0,0.0,0.0,0.0,0.0,0.0,0.0,,,,,,,4,Edgerrin Cooper,Texas A&M,SEC,Linebacker,,,,,,,,,2.0
4430481,2025,221,0.0,0.0,0.0,0.0,0.0,0.0,2.0,0.0,0.0,0.0,0.0,0.0,0.0,0.0,0.0,0.0,0.0,0.0,0.0,0.0,0.0,0.0,0.0,0.0,0.0,0.0,0.0,0.0,0.0,0.0,0.0,0.0,0.0,0.0,0.0,0.0,0.0,0.0,0.0,,,,,,,2,Jonah Monheim,USC,Pac-12,Center,,,,,,,,,
4430539,2023,61,0.0,0.0,0.0,2.0,0.0,0.0,2.0,0.0,0.0,0.0,0.0,0.0,0.0,1.0,0.0,8.0,0.0,0.0,0.0,0.0,0.0,0.0,0.0,0.0,0.0,0.0,0.0,0.0,0.0,0.0,0.0,0.0,0.0,70.0,11.0,755.0,1.0,0.0,0.0,8.0,,,,67.0,0.0,4,Brenton Strange,Penn State,Big Ten,Tight End,,,10.785714285714286,0.0,8.0,,,,
4430560,2024,36,3.0,22.0,17.5,76.0,0.0,26.0,181.0,0.0,0.0,3.0,0.0,0.0,0.0,0.0,0.0,0.0,0.0,0.0,0.0,0.0,0.0,0.0,0.0,0.0,0.0,0.0,0.0,0.0,0.0,0.0,0.0,0.0,0.0,0.0,0.0,0.0,0.0,0.0,0.0,,,,,,,4,Jer'Zhan Newton,Illinois,Big Ten,Defensive Tackle,,,,,,,,,
4430637,2024,37,0.0,0.0,0.0,1.0,0.0,0.0,1.0,2.0,2.0,0.0,0.0,0.0,0.0,0.0,0.0,0.0,0.0,0.0,0.0,0.0,0.0,0.0,0.0,0.0,0.0,0.0,0.0,0.0,0.0,0.0,0.0,0.0,0.0,143.0,18.0,2231.0,5.0,1.0,47.0,,,,,92.0,27.0,4,Ja'Lynn Polk,Washington,Pac-12,Wide Receiver,,,15.601398601398602,9.4,,,,,
4430723,2024,131,0.0,0.0,0.0,2.0,0.0,0.0,2.0,0.0,0.0,0.0,0.0,0.0,0.0,0.0,0.0,0.0,0.0,0.0,0.0,0.0,0.0,0.0,0.0,0.0,0.0,0.0,0.0,0.0,0.0,0.0,0.0,0.0,0.0,90.0,15.0,1013.0,0.0,0.0,0.0,,,,,81.0,,5,Jared Wiley,Texas,Big 12,Tight End,,,11.255555555555556,,,,,,
4430737,2022,164,0.0,0.0,0.0,1.0,0.0,0.0,1.0,8.0,4.0,0.0,0.0,0.0,0.0,4.0,0.0,64.0,0.0,0.0,0.0,0.0,0.0,0.0,0.0,0.0,0.0,0.0,14.0,0.0,151.0,0.0,0.0,0.0,0.0,78.0,4.0,675.0,419.0,27.0,2153.0,29.0,,47.0,,75.0,91.0,3,Kyren Williams,Notre Dame,FBS Independents,Running Back,,,8.653846153846153,5.138424821002387,16.0,10.785714285714286,,,
4430802,2023,93,0.0,0.0,0.0,2.0,0.0,0.0,2.0,0.0,0.0,0.0,0.0,0.0,0.0,0.0,0.0,0.0,0.0,0.0,0.0,0.0,0.0,0.0,0.0,0.0,0.0,0.0,0.0,0.0,0.0,0.0,0.0,0.0,0.0,45.0,3.0,774.0,0.0,0.0,0.0,,,,,38.0,,3,Darnell Washington,Georgia,SEC,Tight End,,,17.2,,,,,,
4430807,2023,8,0.0,0.0,0.0,4.0,0.0,0.0,4.0,5.0,3.0,0.0,0.0,0.0,0.0,1.0,0.0,16.0,0.0,0.0,0.0,0.0,0.0,0.0,0.0,0.0,0.0,0.0,0.0,0.0,0.0,0.0,0.0,0.0,0.0,60.0,8.0,805.0,539.0,33.0,3408.0,16.0,,,,42.0,78.0,3,Bijan Robinson,Texas,Big 12,Running Back,,,13.416666666666666,6.3228200371057515,16.0,,,,
4430815,2024,141,0.0,0.0,0.0,1.0,0.0,0.0,1.0,0.0,0.0,0.0,0.0,0.0,0.0,0.0,0.0,0.0,0.0,0.0,0.0,0.0,0.0,0.0,0.0,0.0,0.0,0.0,0.0,0.0,0.0,0.0,0.0,0.0,0.0,0.0,0.0,0.0,0.0,0.0,6.0,,,,,,6.0,1,Sedrick Van Pran,Georgia,SEC,Center,,,,inf,,,,,
4430821,2025,225,8.0,1.0,0.0,84.0,1.0,5.0,134.0,1.0,0.0,1.0,3.0,1.0,67.0,1.0,0.0,19.0,0.0,0.0,0.0,0.0,0.0,0.0,0.0,0.0,0.0,0.0,1.0,0.0,7.0,0.0,0.0,0.0,0.0,1.0,0.0,6.0,1.0,0.0,-4.0,19.0,,7.0,,6.0,0.0,5,Kitan Crawford,Texas,Big 12,Safety,,,6.0,-4.0,19.0,7.0,,,22.333333333333332
4430822,2023,148,8.0,7.0,7.5,102.0,0.0,20.5,213.0,0.0,0.0,2.0,2.0,0.0,22.0,0.0,0.0,0.0,0.0,0.0,0.0,0.0,0.0,0.0,0.0,0.0,0.0,0.0,0.0,0.0,0.0,0.0,0.0,0.0,0.0,0.0,0.0,0.0,1.0,1.0,1.0,,,,,,1.0,3,Noah Sewell,Oregon,Pac-12,Inside Linebacker,,,,1.0,,,,,11.0
4430831,2023,86,5.0,10.0,12.5,94.0,0.0,21.5,158.0,0.0,0.0,0.0,0.0,0.0,0.0,0.0,0.0,0.0,0.0,0.0,0.0,0.0,0.0,0.0,0.0,0.0,0.0,0.0,0.0,0.0,0.0,0.0,0.0,0.0,0.0,0.0,0.0,0.0,0.0,0.0,0.0,,,,,,,3,Trenton Simpson,Clemson,ACC,Inside Linebacker,,,,,,,,,
4430834,2024,92,0.0,0.0,0.0,2.0,0.0,0.0,2.0,1.0,1.0,0.0,0.0,0.0,0.0,0.0,0.0,0.0,0.0,0.0,0.0,0.0,0.0,3.0,1.0,0.0,0.0,9.0,9.0,0.0,83.0,0.0,0.0,0.0,0.0,164.0,17.0,2143.0,7.0,1.0,46.0,,,31.0,,84.0,19.0,4,Jalen McMillan,Washington,Pac-12,Wide Receiver,0.3333333333333333,3.0,13.067073170731707,6.571428571428571,,9.222222222222221,,,
4430835,2025,43,10.0,11.0,7.5,73.0,0.0,18.0,141.0,0.0,0.0,0.0,1.0,0.0,0.0,0.0,0.0,0.0,0.0,0.0,0.0,0.0,0.0,0.0,0.0,0.0,0.0,0.0,0.0,0.0,0.0,0.0,0.0,0.0,0.0,0.0,0.0,0.0,0.0,0.0,0.0,,,,,,,5,Alfred Collins,Texas,SEC,Defensive Tackle,,,,,,,,,0.0
4430838,2025,142,0.0,11.0,16.0,52.0,0.0,23.5,122.0,0.0,0.0,2.0,0.0,0.0,0.0,0.0,0.0,0.0,0.0,0.0,0.0,0.0,0.0,0.0,0.0,0.0,0.0,0.0,0.0,0.0,0.0,0.0,0.0,0.0,0.0,0.0,0.0,0.0,0.0,0.0,0.0,,,,,,,5,Rylie Mills,Notre Dame,FBS Independents,Defensive Tackle,,,,,,,,,
4430841,2026,65,0.0,0.0,0.0,2.0,0.0,0.0,2.0,16.0,6.0,0.0,0.0,0.0,0.0,0.0,0.0,0.0,0.0,0.0,0.0,0.0,0.0,1391.0,966.0,32.0,88.0,11725.0,0.0,0.0,0.0,0.0,0.0,0.0,0.0,1.0,1.0,14.0,189.0,7.0,288.0,,,,,14.0,20.0,5,Carson Beck,Miami,ACC,Quarterback,0.6944644140905823,8.429187634795111,14.0,1.5238095238095237,,,,,
4430870,2025,158,0.0,0.0,0.0,3.0,0.0,0.0,3.0,0.0,0.0,0.0,0.0,0.0,0.0,0.0,0.0,0.0,0.0,0.0,0.0,0.0,0.0,3.0,2.0,0.0,1.0,73.0,0.0,0.0,0.0,0.0,0.0,0.0,0.0,175.0,19.0,2696.0,2.0,0.0,0.0,,,,,88.0,2.0,5,Keandre Lambert,Penn State,Big Ten,Wide Receiver,0.6666666666666666,24.333333333333332,15.405714285714286,0.0,,,,,
4430876,2024,62,0.0,0.0,0.0,1.0,0.0,0.0,1.0,0.0,0.0,0.0,0.0,0.0,0.0,0.0,0.0,0.0,0.0,0.0,0.0,0.0,0.0,0.0,0.0,0.0,0.0,0.0,0.0,0.0,0.0,0.0,0.0,0.0,0.0,0.0,0.0,0.0,0.0,0.0,0.0,,,,,,,1,Roger Rosengarten,Washington,Pac-12,Offensive Tackle,,,,,,,,,
4430878,2023,20,0.0,0.0,1.0,1.0,0.0,1.0,1.0,1.0,1.0,0.0,0.0,0.0,0.0,0.0,0.0,0.0,0.0,0.0,0.0,0.0,0.0,0.0,0.0,0.0,0.0,0.0,10.0,0.0,74.0,0.0,0.0,0.0,0.0,110.0,10.0,1698.0,0.0,0.0,0.0,,,21.0,,75.0,,3,Jaxon Smith-Njigba,Ohio State,Big Ten,Wide Receiver,,,15.436363636363636,,,7.4,,,
4430896,2025,180,4.0,10.0,10.0,61.0,0.0,27.5,125.0,0.0,0.0,1.0,0.0,0.0,0.0,0.0,0.0,0.0,0.0,0.0,0.0,0.0,0.0,1.0,1.0,0.0,0.0,0.0,0.0,0.0,0.0,0.0,0.0,0.0,0.0,8.0,1.0,58.0,31.0,7.0,100.0,,,,,16.0,11.0,5,J.J. Pegues,Ole Miss,SEC,Defensive Tackle,1.0,0.0,7.25,3.225806451612903,,,,,
4430925,2025,20,21.0,2.0,2.0,132.0,2.0,18.5,210.0,0.0,0.0,4.0,8.0,1.0,148.0,0.0,0.0,0.0,0.0,0.0,0.0,0.0,0.0,0.0,0.0,0.0,0.0,0.0,0.0,1.0,2.0,0.0,0.0,0.0,0.0,0.0,0.0,0.0,0.0,0.0,0.0,,,2.0,,,,5,Jahdae Barron,Texas,SEC,Cornerback,,,,,,inf,,,18.5
4430947,2025,164,9.0,4.0,5.5,51.0,0.0,13.5,115.0,0.0,0.0,0.0,0.0,0.0,0.0,0.0,0.0,0.0,0.0,0.0,0.0,0.0,0.0,0.0,0.0,0.0,0.0,0.0,0.0,0.0,0.0,0.0,0.0,0.0,0.0,0.0,0.0,0.0,0.0,0.0,0.0,,,,,,,5,Yahya Black,Iowa,Big Ten,Defensive Tackle,,,,,,,,,
4430965,2023,232,15.0,2.0,2.0,86.0,0.0,2.5,116.0,0.0,0.0,2.0,1.0,0.0,0.0,0.0,0.0,0.0,0.0,0.0,0.0,0.0,0.0,0.0,0.0,0.0,0.0,0.0,0.0,0.0,0.0,0.0,0.0,0.0,0.0,0.0,0.0,0.0,0.0,0.0,0.0,,,,,,,3,Carrington Valentine,Kentucky,SEC,Cornerback,,,,,,,,,0.0
4430968,2024,181,0.0,0.0,0.0,5.0,0.0,0.0,7.0,7.0,7.0,0.0,0.0,0.0,0.0,2.0,0.0,10.0,0.0,0.0,0.0,0.0,0.0,0.0,0.0,0.0,0.0,0.0,0.0,0.0,0.0,0.0,0.0,0.0,0.0,92.0,1.0,701.0,779.0,33.0,4015.0,10.0,,,,44.0,69.0,4,Kimani Vidal,Troy,Sun Belt,Running Back,,,7.619565217391305,5.154043645699615,5.0,,,,
4431005,2025,96,14.0,4.0,1.5,114.0,1.0,8.5,181.0,0.0,0.0,2.0,13.0,1.0,273.0,0.0,0.0,0.0,0.0,0.0,0.0,0.0,0.0,0.0,0.0,0.0,0.0,0.0,0.0,0.0,0.0,0.0,0.0,0.0,0.0,0.0,0.0,0.0,0.0,0.0,0.0,,,,,,,4,Xavier Watts,Notre Dame,FBS Independents,Safety,,,,,,,,,21.0
4431006,2024,174,22.0,0.0,0.0,86.0,0.0,2.5,113.0,0.0,0.0,2.0,3.0,0.0,30.0,0.0,0.0,0.0,0.0,0.0,0.0,0.0,0.0,0.0,0.0,0.0,0.0,0.0,0.0,0.0,0.0,0.0,0.0,0.0,0.0,0.0,0.0,0.0,0.0,0.0,0.0,,,,,,,4,Caelen Carson,Wake Forest,ACC,Cornerback,,,,,,,,,10.0
4431118,2025,148,2.0,4.0,8.0,43.0,0.0,13.0,113.0,0.0,0.0,2.0,0.0,0.0,0.0,0.0,0.0,0.0,0.0,0.0,0.0,0.0,0.0,0.0,0.0,0.0,0.0,0.0,0.0,0.0,0.0,0.0,0.0,0.0,0.0,0.0,0.0,0.0,0.0,0.0,0.0,,,,,,,4,Ty Hamilton,Ohio State,Big Ten,Defensive Tackle,,,,,,,,,
4431194,2025,118,13.0,1.0,0.0,120.0,4.0,8.0,191.0,2.0,0.0,5.0,11.0,3.0,251.0,12.0,0.0,186.0,0.0,0.0,0.0,0.0,0.0,0.0,0.0,0.0,0.0,0.0,1.0,0.0,-2.0,0.0,0.0,0.0,0.0,0.0,0.0,0.0,0.0,0.0,0.0,26.0,,0.0,,,,4,Billy Bowman,Oklahoma,SEC,Safety,,,,,15.5,-2.0,,,22.818181818181817
4431212,2024,69,4.0,6.0,2.5,102.0,0.0,8.5,229.0,0.0,0.0,2.0,0.0,0.0,0.0,0.0,0.0,0.0,0.0,0.0,0.0,0.0,0.0,0.0,0.0,0.0,0.0,0.0,0.0,0.0,0.0,0.0,0.0,0.0,0.0,0.0,0.0,0.0,0.0,0.0,0.0,,,,,,,3,Junior Colson,Michigan,Big Ten,Linebacker,,,,,,,,,
4431214,2025,211,0.0,0.0,0.0,1.0,0.0,0.0,1.0,0.0,0.0,0.0,0.0,0.0,0.0,0.0,0.0,0.0,0.0,0.0,0.0,0.0,0.0,0.0,0.0,0.0,0.0,0.0,0.0,0.0,0.0,0.0,0.0,0.0,0.0,0.0,0.0,0.0,0.0,0.0,0.0,,,,,,,1,Hayden Conner,Texas,Big 12,Offensive Guard,,,,,,,,,
4431258,2026,96,0.0,0.0,0.0,1.0,0.0,0.0,2.0,0.0,0.0,0.0,0.0,0.0,0.0,0.0,0.0,0.0,0.0,0.0,0.0,0.0,0.0,0.0,0.0,0.0,0.0,0.0,0.0,0.0,0.0,0.0,0.0,0.0,0.0,0.0,0.0,0.0,0.0,0.0,0.0,,,,,,,2,Gennings Dunker,Iowa,Big Ten,Offensive Tackle,,,,,,,,,
4431268,2025,103,0.0,0.0,0.0,3.0,0.0,0.0,3.0,4.0,0.0,0.0,0.0,0.0,0.0,22.0,0.0,472.0,0.0,0.0,0.0,0.0,0.0,0.0,0.0,0.0,0.0,0.0,27.0,0.0,295.0,0.0,0.0,0.0,0.0,139.0,11.0,2261.0,14.0,1.0,99.0,53.0,,35.0,,74.0,30.0,5,Chimere Dike,Wisconsin,Big Ten,Wide Receiver,,,16.26618705035971,7.071428571428571,21.454545454545453,10.925925925925926,,,
4431280,2024,102,0.0,0.0,0.0,2.0,0.0,0.0,2.0,0.0,0.0,0.0,0.0,0.0,0.0,0.0,0.0,0.0,0.0,0.0,0.0,0.0,0.0,0.0,0.0,0.0,0.0,0.0,0.0,0.0,0.0,0.0,0.0,0.0,0.0,160.0,25.0,2483.0,0.0,0.0,0.0,,,,,84.0,,3,Troy Franklin,Oregon,Pac-12,Wide Receiver,,,15.51875,,,,,,
4431299,2024,9,0.0,0.0,0.0,3.0,1.0,0.0,3.0,3.0,1.0,0.0,0.0,0.0,0.0,2.0,0.0,17.0,0.0,0.0,0.0,0.0,0.0,0.0,0.0,0.0,0.0,0.0,3.0,1.0,87.0,0.0,0.0,0.0,0.0,214.0,24.0,3272.0,10.0,2.0,40.0,18.0,,83.0,,61.0,23.0,4,Rome Odunze,Washington,Pac-12,Wide Receiver,,,15.289719626168225,4.0,8.5,29.0,,,
4431321,2024,70,8.0,0.0,0.0,55.0,0.0,3.0,82.0,0.0,0.0,0.0,0.0,0.0,0.0,0.0,0.0,0.0,0.0,0.0,0.0,0.0,0.0,0.0,0.0,0.0,0.0,0.0,0.0,0.0,0.0,0.0,0.0,0.0,0.0,0.0,0.0,0.0,0.0,0.0,0.0,,,,,,,4,Andru Phillips,Kentucky,SEC,Cornerback,,,,,,,,,
4431325,2026,182,0.0,0.0,0.0,4.0,0.0,0.0,4.0,17.0,8.0,0.0,0.0,0.0,0.0,0.0,0.0,0.0,0.0,0.0,0.0,0.0,0.0,1191.0,715.0,35.0,59.0,9642.0,0.0,0.0,0.0,0.0,0.0,0.0,0.0,0.0,0.0,0.0,457.0,35.0,2400.0,,,,,,91.0,5,Taylen Green,Boise State,Mountain West,Quarterback,0.600335852225021,8.095717884130982,,5.25164113785558,,,,,
4431414,2026,232,3.0,10.0,5.5,44.0,0.0,12.5,95.0,0.0,0.0,2.0,0.0,0.0,0.0,0.0,0.0,0.0,0.0,0.0,0.0,0.0,0.0,0.0,0.0,0.0,0.0,0.0,1.0,0.0,12.0,0.0,0.0,0.0,0.0,0.0,0.0,0.0,0.0,0.0,0.0,,,12.0,,,,4,Tim Keenan III,Alabama,SEC,Defensive Tackle,,,,,,12.0,,,
4431424,2025,146,10.0,16.0,13.5,65.0,0.0,24.0,125.0,0.0,0.0,0.0,0.0,0.0,0.0,0.0,0.0,0.0,0.0,0.0,0.0,0.0,0.0,0.0,0.0,0.0,0.0,0.0,0.0,0.0,0.0,0.0,0.0,0.0,0.0,0.0,0.0,0.0,0.0,0.0,0.0,,,,,,,5,Bradyn Swinson,Oregon,Pac-12,Defensive Edge,,,,,,,,,
4431433,2024,255,23.0,1.0,0.0,56.0,0.0,5.5,77.0,0.0,0.0,2.0,3.0,0.0,0.0,0.0,0.0,0.0,0.0,0.0,0.0,0.0,0.0,0.0,0.0,0.0,0.0,0.0,0.0,0.0,0.0,0.0,0.0,0.0,0.0,0.0,0.0,0.0,0.0,0.0,0.0,,,,,,,3,Kalen King,Penn State,Big Ten,Cornerback,,,,,,,,,0.0
4431442,2023,54,5.0,2.0,20.0,61.0,1.0,30.0,108.0,0.0,0.0,1.0,0.0,0.0,0.0,0.0,0.0,0.0,0.0,0.0,0.0,0.0,0.0,0.0,0.0,0.0,0.0,0.0,0.0,0.0,0.0,0.0,0.0,0.0,0.0,0.0,0.0,0.0,0.0,0.0,0.0,,,,,,,3,Tuli Tuipulotu,USC,Pac-12,Outside Linebacker,,,,,,,,,
4431452,2024,3,0.0,0.0,0.0,0.0,0.0,0.0,0.0,10.0,7.0,0.0,0.0,0.0,0.0,0.0,0.0,0.0,0.0,0.0,0.0,0.0,0.0,951.0,618.0,16.0,63.0,8018.0,0.0,0.0,0.0,1.0,2.0,1.0,81.0,0.0,0.0,0.0,302.0,16.0,1210.0,,,,45.0,,56.0,3,Drake Maye,North Carolina,ACC,Quarterback,0.6498422712933754,8.43112513144059,,4.006622516556291,,,40.5,,
4431453,2023,212,0.0,0.0,0.0,0.0,0.0,0.0,0.0,3.0,2.0,0.0,0.0,0.0,0.0,7.0,0.0,145.0,0.0,0.0,0.0,0.0,0.0,0.0,0.0,0.0,0.0,0.0,0.0,0.0,0.0,0.0,0.0,0.0,0.0,116.0,9.0,1280.0,651.0,34.0,3614.0,40.0,,,,80.0,88.0,3,Deuce Vaughn,Kansas State,Big 12,Running Back,,,11.03448275862069,5.551459293394777,20.714285714285715,,,,
4431459,2025,14,0.0,0.0,0.0,0.0,0.0,0.0,0.0,2.0,1.0,2.0,0.0,0.0,0.0,1.0,0.0,11.0,0.0,0.0,0.0,0.0,0.0,6.0,3.0,0.0,1.0,35.0,0.0,0.0,0.0,0.0,1.0,0.0,16.0,153.0,19.0,1839.0,32.0,6.0,224.0,11.0,,,16.0,75.0,48.0,4,Tyler Warren,Penn State,Big Ten,Tight End,0.5,5.833333333333333,12.019607843137255,7.0,11.0,,16.0,,
4431463,2025,89,0.0,0.0,0.0,0.0,0.0,0.0,0.0,0.0,0.0,0.0,0.0,0.0,0.0,0.0,0.0,0.0,0.0,0.0,0.0,0.0,0.0,0.0,0.0,0.0,0.0,0.0,0.0,0.0,0.0,0.0,0.0,0.0,0.0,0.0,0.0,0.0,0.0,0.0,3.0,,,,,,3.0,1,Wyatt Milum,West Virginia,Big 12,Offensive Guard,,,,inf,,,,,
4431465,2026,234,0.0,0.0,0.0,1.0,0.0,0.0,1.0,10.0,3.0,0.0,0.0,0.0,0.0,0.0,0.0,0.0,0.0,0.0,0.0,0.0,0.0,1262.0,791.0,28.0,71.0,8951.0,0.0,0.0,0.0,0.0,0.0,0.0,0.0,0.0,0.0,0.0,187.0,7.0,-45.0,,,,,,26.0,5,Behren Morton,Texas Tech,Big 12,Quarterback,0.626782884310618,7.0927099841521395,,-0.24064171122994651,,,,,
4431466,2025,138,0.0,0.0,0.0,3.0,1.0,0.0,5.0,4.0,0.0,0.0,0.0,0.0,0.0,11.0,0.0,209.0,0.0,0.0,0.0,0.0,0.0,2.0,2.0,0.0,0.0,19.0,37.0,1.0,291.0,0.0,0.0,0.0,0.0,185.0,18.0,2682.0,7.0,1.0,31.0,29.0,,70.0,,76.0,23.0,5,Jordan Watkins,Ole Miss,SEC,Wide Receiver,1.0,9.5,14.497297297297298,4.428571428571429,19.0,7.864864864864865,,,
4431479,2025,238,0.0,0.0,0.0,4.0,1.0,0.0,4.0,3.0,2.0,0.0,0.0,0.0,0.0,0.0,0.0,0.0,0.0,0.0,0.0,0.0,0.0,0.0,0.0,0.0,0.0,0.0,2.0,1.0,69.0,0.0,0.0,0.0,0.0,228.0,24.0,3366.0,3.0,0.0,5.0,,,51.0,,82.0,3.0,4,Ricky White,UNLV,Mountain West,Wide Receiver,,,14.763157894736842,1.6666666666666667,,34.5,,,
4431487,2025,87,0.0,0.0,0.0,0.0,0.0,0.0,0.0,0.0,0.0,0.0,0.0,0.0,0.0,14.0,0.0,312.0,0.0,0.0,0.0,0.0,0.0,3.0,3.0,0.0,1.0,22.0,0.0,0.0,0.0,0.0,0.0,0.0,0.0,137.0,14.0,1655.0,62.0,6.0,384.0,30.0,,,,75.0,35.0,5,Savion Williams,TCU,Big 12,Wide Receiver,1.0,7.333333333333333,12.08029197080292,6.193548387096774,22.285714285714285,,,,
4431492,2024,84,0.0,0.0,0.0,0.0,0.0,0.0,0.0,0.0,0.0,0.0,0.0,0.0,0.0,6.0,0.0,134.0,0.0,0.0,0.0,0.0,0.0,0.0,0.0,0.0,0.0,0.0,0.0,0.0,0.0,0.0,0.0,0.0,0.0,107.0,20.0,1707.0,7.0,2.0,117.0,26.0,,,,75.0,43.0,4,Roman Wilson,Michigan,Big Ten,Wide Receiver,,,15.953271028037383,16.714285714285715,22.333333333333332,,,,
4431509,2025,240,0.0,0.0,0.0,3.0,0.0,0.0,3.0,3.0,2.0,0.0,0.0,0.0,0.0,0.0,0.0,0.0,0.0,0.0,0.0,0.0,0.0,0.0,0.0,0.0,0.0,0.0,0.0,0.0,0.0,0.0,0.0,0.0,0.0,162.0,12.0,1966.0,2.0,0.0,35.0,,,,,57.0,36.0,4,Kaden Prather,West Virginia,Big 12,Wide Receiver,,,12.135802469135802,17.5,,,,,
4431517,2024,78,13.0,0.0,0.0,91.0,2.0,0.0,140.0,0.0,0.0,0.0,9.0,2.0,213.0,0.0,0.0,0.0,0.0,0.0,0.0,0.0,0.0,0.0,0.0,0.0,0.0,0.0,0.0,0.0,0.0,0.0,0.0,0.0,0.0,0.0,0.0,0.0,0.0,0.0,0.0,,,,,,,3,Calen Bullock,USC,Pac-12,Safety,,,,,,,,,23.666666666666668
4431519,2025,119,18.0,17.0,12.0,113.0,0.0,29.5,210.0,1.0,1.0,4.0,3.0,0.0,1.0,0.0,0.0,0.0,0.0,0.0,0.0,0.0,0.0,0.0,0.0,0.0,0.0,0.0,0.0,0.0,0.0,0.0,0.0,0.0,0.0,0.0,0.0,0.0,1.0,1.0,4.0,,,,,,4.0,4,Barrett Carter,Clemson,ACC,Linebacker,,,,4.0,,,,,0.3333333333333333
4431523,2025,249,0.0,0.0,0.0,1.0,0.0,0.0,2.0,0.0,0.0,0.0,0.0,0.0,0.0,0.0,0.0,0.0,0.0,0.0,0.0,0.0,0.0,0.0,0.0,0.0,0.0,0.0,0.0,0.0,0.0,0.0,0.0,0.0,0.0,0.0,0.0,0.0,0.0,0.0,0.0,,,,,,,2,Connor Colby,Iowa,Big Ten,Offensive Guard,,,,,,,,,
4431533,2026,210,3.0,4.0,1.5,26.0,0.0,6.0,64.0,0.0,0.0,0.0,0.0,0.0,0.0,0.0,0.0,0.0,0.0,0.0,0.0,0.0,0.0,0.0,0.0,0.0,0.0,0.0,0.0,0.0,0.0,0.0,0.0,0.0,0.0,0.0,0.0,0.0,0.0,0.0,0.0,,,,,,,5,Gabriel Rubio,Notre Dame,FBS Independents,Defensive Tackle,,,,,,,,,
4431545,2024,127,0.0,0.0,0.0,0.0,0.0,0.0,0.0,9.0,4.0,0.0,0.0,0.0,0.0,35.0,0.0,904.0,0.0,0.0,0.0,0.0,0.0,1.0,1.0,0.0,1.0,2.0,0.0,0.0,0.0,0.0,0.0,0.0,0.0,85.0,2.0,602.0,526.0,31.0,2748.0,75.0,,,,36.0,53.0,3,Will Shipley,Clemson,ACC,Running Back,1.0,2.0,7.08235294117647,5.224334600760456,25.82857142857143,,,,
4431551,2026,49,1.0,10.0,7.0,75.0,0.0,31.5,154.0,0.0,0.0,0.0,0.0,0.0,0.0,0.0,0.0,0.0,0.0,0.0,0.0,0.0,0.0,0.0,0.0,0.0,0.0,0.0,0.0,0.0,0.0,0.0,0.0,0.0,0.0,0.0,0.0,0.0,0.0,0.0,0.0,,,,,,,4,Lee Hunter,UCF,Big 12,Defensive Tackle,,,,,,,,,
4431553,2025,24,0.0,0.0,0.0,1.0,0.0,0.0,1.0,0.0,0.0,0.0,0.0,0.0,0.0,0.0,0.0,0.0,0.0,0.0,0.0,0.0,0.0,0.0,0.0,0.0,0.0,0.0,0.0,0.0,0.0,0.0,0.0,0.0,0.0,0.0,0.0,0.0,0.0,0.0,0.0,,,,,,,1,Donovan Jackson,Ohio State,Big Ten,Offensive Guard,,,,,,,,,
4431562,2025,239,0.0,0.0,0.0,0.0,0.0,0.0,0.0,6.0,3.0,0.0,0.0,0.0,0.0,4.0,0.0,65.0,0.0,0.0,0.0,0.0,0.0,2.0,1.0,0.0,0.0,19.0,0.0,0.0,0.0,0.0,0.0,0.0,0.0,57.0,0.0,297.0,561.0,28.0,2887.0,19.0,,,,22.0,83.0,4,Phil Mafah,Clemson,ACC,Running Back,0.5,9.5,5.2105263157894735,5.146167557932264,16.25,,,,
4431567,2024,48,2.0,4.0,6.5,21.0,0.0,9.5,46.0,0.0,0.0,0.0,0.0,0.0,0.0,0.0,0.0,0.0,0.0,0.0,0.0,0.0,0.0,0.0,0.0,0.0,0.0,0.0,0.0,0.0,0.0,0.0,0.0,0.0,0.0,0.0,0.0,0.0,0.0,0.0,0.0,,,,,,,2,Maason Smith,LSU,SEC,Defensive Tackle,,,,,,,,,
4431573,2025,161,6.0,6.0,7.0,110.0,0.0,17.0,194.0,0.0,0.0,0.0,1.0,0.0,3.0,0.0,0.0,0.0,0.0,0.0,0.0,0.0,0.0,0.0,0.0,0.0,0.0,0.0,0.0,0.0,0.0,0.0,0.0,0.0,0.0,0.0,0.0,0.0,0.0,0.0,0.0,,,,,,,4,Smael Mondon Jr.,Georgia,SEC,Linebacker,,,,,,,,,3.0
4431574,2026,54,0.0,0.0,0.0,1.0,0.0,0.0,1.0,1.0,0.0,0.0,0.0,0.0,0.0,0.0,0.0,0.0,0.0,0.0,0.0,0.0,0.0,10.0,5.0,0.0,2.0,116.0,0.0,0.0,0.0,0.0,0.0,0.0,0.0,145.0,11.0,1769.0,37.0,2.0,114.0,,,,,67.0,26.0,3,Eli Stowers,Vanderbilt,SEC,Tight End,0.5,11.6,12.2,3.081081081081081,,,,,
4431586,2024,21,1.0,5.0,6.0,25.0,0.0,10.0,35.0,0.0,0.0,1.0,0.0,0.0,0.0,0.0,0.0,0.0,0.0,0.0,0.0,0.0,0.0,0.0,0.0,0.0,0.0,0.0,0.0,0.0,0.0,0.0,0.0,0.0,0.0,0.0,0.0,0.0,0.0,0.0,0.0,,,,,,,3,Demeioun Robinson,Penn State,Big Ten,Defensive Edge,,,,,,,,,
4431588,2024,101,0.0,0.0,0.0,0.0,0.0,0.0,0.0,0.0,0.0,0.0,0.0,0.0,0.0,1.0,0.0,-4.0,0.0,0.0,0.0,0.0,0.0,0.0,0.0,0.0,0.0,0.0,0.0,0.0,0.0,0.0,0.0,0.0,0.0,99.0,7.0,1295.0,1.0,0.0,12.0,-4.0,,,,50.0,12.0,3,Ja'Tavion Sanders,Texas,Big 12,Tight End,,,13.080808080808081,12.0,-4.0,,,,
4431590,2025,123,10.0,15.0,23.0,68.0,2.0,28.5,143.0,0.0,0.0,3.0,1.0,0.0,12.0,0.0,0.0,0.0,0.0,0.0,0.0,0.0,0.0,0.0,0.0,0.0,0.0,0.0,0.0,0.0,0.0,0.0,0.0,0.0,0.0,0.0,0.0,0.0,0.0,0.0,0.0,,,,,,,4,Jack Sawyer,Ohio State,Big Ten,Defensive Edge,,,,,,,,,12.0
4431603,2025,217,4.0,4.0,3.0,48.0,0.0,7.0,81.0,0.0,0.0,0.0,0.0,0.0,0.0,0.0,0.0,0.0,0.0,0.0,0.0,0.0,0.0,0.0,0.0,0.0,0.0,0.0,0.0,0.0,0.0,0.0,0.0,0.0,0.0,0.0,0.0,0.0,0.0,0.0,0.0,,,,,,,4,Jay Toia,UCLA,Pac-12,Defensive Tackle,,,,,,,,,
4431611,2024,1,0.0,0.0,0.0,1.0,0.0,0.0,1.0,17.0,5.0,0.0,0.0,0.0,0.0,0.0,0.0,0.0,0.0,0.0,0.0,0.0,0.0,1098.0,734.0,14.0,93.0,10080.0,0.0,0.0,0.0,1.0,2.0,1.0,84.0,1.0,0.0,15.0,291.0,27.0,939.0,,,,58.0,15.0,74.0,3,Caleb Williams,USC,Pac-12,Quarterback,0.668488160291439,9.180327868852459,15.0,3.2268041237113403,,,42.0,,
4431613,2024,242,12.0,2.0,0.0,107.0,0.0,2.0,162.0,0.0,0.0,4.0,4.0,0.0,44.0,0.0,0.0,0.0,0.0,0.0,0.0,0.0,0.0,0.0,0.0,0.0,0.0,0.0,0.0,0.0,0.0,0.0,0.0,0.0,0.0,0.0,0.0,0.0,0.0,0.0,0.0,,,,,,,3,James Williams,Miami,ACC,Safety,,,,,,,,,11.0
4431615,2025,28,9.0,4.0,11.5,56.0,0.0,27.0,137.0,0.0,0.0,1.0,0.0,0.0,0.0,0.0,0.0,0.0,0.0,0.0,0.0,0.0,0.0,0.0,0.0,0.0,0.0,0.0,0.0,0.0,0.0,0.0,0.0,0.0,0.0,0.0,0.0,0.0,0.0,0.0,0.0,,,,,,,4,Tyleik Williams,Ohio State,Big Ten,Defensive Tackle,,,,,,,,,
4431623,2026,91,0.0,0.0,0.0,2.0,0.0,0.0,2.0,0.0,0.0,0.0,0.0,0.0,0.0,0.0,0.0,0.0,0.0,0.0,0.0,0.0,0.0,0.0,0.0,0.0,0.0,0.0,0.0,0.0,0.0,0.0,0.0,0.0,0.0,0.0,0.0,0.0,0.0,0.0,0.0,,,,,,,1,Trey Zuhn,Texas A&M,SEC,Center,,,,,,,,,
4431664,2025,155,15.0,1.0,0.0,121.0,0.0,2.0,186.0,0.0,0.0,0.0,5.0,0.0,84.0,0.0,0.0,0.0,0.0,0.0,0.0,0.0,0.0,0.0,0.0,0.0,0.0,0.0,0.0,0.0,0.0,0.0,0.0,0.0,0.0,0.0,0.0,0.0,0.0,0.0,0.0,,,,,,,4,Dante Trader Jr.,Maryland,Big Ten,Safety,,,,,,,,,16.8
4432208,2025,241,0.0,0.0,0.0,1.0,0.0,0.0,1.0,0.0,0.0,0.0,0.0,0.0,0.0,0.0,0.0,0.0,0.0,0.0,0.0,0.0,0.0,0.0,0.0,0.0,0.0,0.0,0.0,0.0,0.0,0.0,0.0,0.0,0.0,4.0,4.0,54.0,0.0,0.0,0.0,,,,,20.0,,1,Caleb Lohner,Utah,Big 12,Tight End,,,13.5,,,,,,
4432244,2026,70,1.0,23.0,16.0,52.0,0.0,25.5,107.0,0.0,0.0,2.0,1.0,0.0,16.0,0.0,0.0,0.0,0.0,0.0,0.0,0.0,0.0,0.0,0.0,0.0,0.0,0.0,0.0,0.0,0.0,0.0,0.0,0.0,0.0,0.0,0.0,0.0,0.0,0.0,0.0,,,,,,,5,Romello Height,USC,Pac-12,Defensive Edge,,,,,,,,,16.0
4432260,2026,133,0.0,0.0,0.0,2.0,0.0,0.0,6.0,1.0,1.0,1.0,0.0,0.0,0.0,0.0,0.0,0.0,0.0,0.0,0.0,0.0,0.0,0.0,0.0,0.0,0.0,0.0,0.0,0.0,0.0,0.0,0.0,0.0,0.0,57.0,8.0,819.0,0.0,0.0,0.0,,,,,80.0,,4,Matthew Hibner,SMU,ACC,Tight End,,,14.368421052631579,,,,,,
4432301,2024,49,0.0,6.0,4.0,50.0,0.0,8.0,104.0,0.0,0.0,1.0,1.0,0.0,9.0,0.0,0.0,0.0,0.0,0.0,0.0,0.0,0.0,0.0,0.0,0.0,0.0,0.0,0.0,0.0,0.0,0.0,0.0,0.0,0.0,0.0,0.0,0.0,0.0,0.0,0.0,,,,,,,3,Kris Jenkins,Michigan,Big Ten,Defensive Tackle,,,,,,,,,9.0
4432333,2025,125,1.0,13.0,24.0,79.0,0.0,38.0,136.0,0.0,0.0,4.0,1.0,0.0,12.0,0.0,0.0,0.0,0.0,0.0,0.0,0.0,0.0,0.0,0.0,0.0,0.0,0.0,0.0,0.0,0.0,0.0,0.0,0.0,0.0,0.0,0.0,0.0,0.0,0.0,0.0,,,,,,,5,Kyle Kennard,South Carolina,SEC,Defensive Edge,,,,,,,,,12.0
4432338,2025,255,0.0,0.0,0.0,2.0,0.0,0.0,2.0,1.0,0.0,0.0,0.0,0.0,0.0,0.0,0.0,0.0,0.0,0.0,0.0,0.0,0.0,0.0,0.0,0.0,0.0,0.0,0.0,0.0,0.0,0.0,0.0,0.0,0.0,74.0,4.0,893.0,0.0,0.0,0.0,,,,,35.0,,4,Luke Lachey,Iowa,Big Ten,Tight End,,,12.067567567567568,,,,,,
4432571,2024,137,22.0,0.0,2.0,124.0,1.0,9.0,165.0,4.0,0.0,2.0,6.0,0.0,29.0,1.0,0.0,0.0,0.0,0.0,0.0,0.0,0.0,0.0,0.0,0.0,0.0,0.0,43.0,1.0,294.0,0.0,0.0,0.0,0.0,0.0,0.0,0.0,0.0,0.0,0.0,0.0,,92.0,,,,4,Tarheeb Still,Maryland,Big Ten,Cornerback,,,,,0.0,6.837209302325581,,,4.833333333333333
4432577,2023,2,0.0,0.0,0.0,1.0,0.0,0.0,1.0,6.0,2.0,0.0,0.0,0.0,0.0,0.0,0.0,0.0,0.0,0.0,0.0,0.0,0.0,830.0,575.0,12.0,85.0,8123.0,0.0,0.0,0.0,0.0,0.0,0.0,0.0,0.0,0.0,0.0,80.0,1.0,136.0,,,,,,48.0,3,C.J. Stroud,Ohio State,Big Ten,Quarterback,0.6927710843373494,9.786746987951807,,1.7,,,,,
4432595,2025,56,0.0,0.0,0.0,1.0,0.0,0.0,1.0,0.0,0.0,0.0,0.0,0.0,0.0,0.0,0.0,0.0,0.0,0.0,0.0,0.0,0.0,0.0,0.0,0.0,0.0,0.0,0.0,0.0,0.0,0.0,0.0,0.0,0.0,0.0,0.0,0.0,0.0,0.0,1.0,,,,,,1.0,2,Ozzy Trapilo,Boston College,ACC,Offensive Tackle,,,,inf,,,,,
4432620,2023,185,0.0,0.0,0.0,1.0,0.0,0.0,1.0,1.0,0.0,0.0,0.0,0.0,0.0,4.0,0.0,75.0,0.0,0.0,0.0,0.0,0.0,0.0,0.0,0.0,0.0,0.0,20.0,0.0,122.0,0.0,0.0,0.0,0.0,146.0,12.0,1920.0,4.0,0.0,20.0,21.0,,30.0,,67.0,6.0,3,Parker Washington,Penn State,Big Ten,Wide Receiver,,,13.150684931506849,5.0,18.75,6.1,,,
4432661,2026,250,5.0,6.0,4.0,53.0,0.0,12.0,104.0,0.0,0.0,1.0,0.0,0.0,0.0,0.0,0.0,0.0,0.0,0.0,0.0,0.0,0.0,0.0,0.0,0.0,0.0,0.0,0.0,0.0,0.0,0.0,0.0,0.0,0.0,0.0,0.0,0.0,0.0,0.0,0.0,,,,,,,5,Rayshaun Benny,Michigan,Big Ten,Defensive Tackle,,,,,,,,,
4432665,2024,13,0.0,0.0,0.0,2.0,0.0,0.0,2.0,2.0,0.0,0.0,0.0,0.0,0.0,0.0,0.0,0.0,0.0,0.0,0.0,0.0,0.0,0.0,0.0,0.0,0.0,0.0,0.0,0.0,0.0,0.0,0.0,0.0,0.0,175.0,26.0,2538.0,19.0,5.0,193.0,,,,,89.0,75.0,3,Brock Bowers,Georgia,SEC,Tight End,,,14.502857142857144,10.157894736842104,,,,,
4432668,2025,174,27.0,0.0,0.0,104.0,1.0,8.0,138.0,0.0,0.0,0.0,4.0,1.0,31.0,0.0,0.0,0.0,0.0,0.0,0.0,0.0,0.0,0.0,0.0,0.0,0.0,0.0,1.0,0.0,7.0,0.0,0.0,0.0,0.0,0.0,0.0,0.0,0.0,0.0,0.0,,,7.0,,,,4,Denzel Burke,Ohio State,Big Ten,Cornerback,,,,,,7.0,,,7.75
4432699,2024,59,0.0,0.0,0.0,1.0,0.0,0.0,1.0,0.0,0.0,0.0,0.0,0.0,0.0,0.0,0.0,0.0,0.0,0.0,0.0,0.0,0.0,0.0,0.0,0.0,0.0,0.0,0.0,0.0,0.0,0.0,0.0,0.0,0.0,0.0,0.0,0.0,0.0,0.0,0.0,,,,,,,1,Blake Fisher,Notre Dame,FBS Independents,Offensive Tackle,,,,,,,,,
4432708,2024,4,0.0,0.0,0.0,1.0,0.0,0.0,1.0,1.0,0.0,0.0,0.0,0.0,0.0,0.0,0.0,0.0,0.0,0.0,0.0,0.0,0.0,0.0,0.0,0.0,0.0,0.0,0.0,0.0,0.0,0.0,0.0,0.0,0.0,155.0,31.0,2613.0,4.0,1.0,58.0,,,,,75.0,19.0,3,Marvin Harrison Jr.,Ohio State,Big Ten,Wide Receiver,,,16.858064516129033,14.5,,,,,
4432710,2025,38,0.0,0.0,0.0,1.0,0.0,0.0,1.0,2.0,0.0,0.0,0.0,0.0,0.0,9.0,0.0,86.0,0.0,0.0,0.0,0.0,0.0,0.0,0.0,0.0,0.0,0.0,0.0,0.0,0.0,0.0,0.0,0.0,0.0,77.0,6.0,853.0,591.0,42.0,3768.0,19.0,,,,75.0,75.0,4,TreVeyon Henderson,Ohio State,Big Ten,Running Back,,,11.077922077922079,6.375634517766497,9.555555555555555,,,,
4432715,2025,72,5.0,13.0,16.5,59.0,0.0,26.5,115.0,0.0,0.0,1.0,0.0,0.0,0.0,1.0,0.0,0.0,0.0,0.0,0.0,0.0,0.0,0.0,0.0,0.0,0.0,0.0,0.0,0.0,0.0,0.0,0.0,0.0,0.0,0.0,0.0,0.0,0.0,0.0,0.0,0.0,,,,,,3,Landon Jackson,Arkansas,SEC,Defensive Edge,,,,,0.0,,,,
4432722,2026,223,0.0,0.0,0.0,1.0,0.0,0.0,2.0,8.0,5.0,0.0,0.0,0.0,0.0,0.0,0.0,0.0,0.0,0.0,0.0,0.0,0.0,1168.0,658.0,27.0,55.0,8604.0,0.0,0.0,0.0,0.0,0.0,0.0,0.0,0.0,0.0,0.0,296.0,10.0,459.0,,,,,,23.0,4,Athan Kaliakmanis,Rutgers,Big Ten,Quarterback,0.5633561643835616,7.366438356164384,,1.5506756756756757,,,,,
4432730,2025,150,25.0,4.0,1.0,68.0,0.0,7.5,96.0,1.0,1.0,0.0,2.0,0.0,-3.0,2.0,0.0,30.0,0.0,0.0,0.0,0.0,0.0,0.0,0.0,0.0,0.0,0.0,1.0,0.0,-5.0,0.0,0.0,0.0,0.0,0.0,0.0,0.0,0.0,0.0,0.0,20.0,,-5.0,,,,4,Jason Marshall Jr.,Florida,SEC,Cornerback,,,,,15.0,-5.0,,,-1.5
4432731,2025,248,0.0,0.0,0.0,4.0,0.0,0.0,4.0,2.0,0.0,0.0,0.0,0.0,0.0,0.0,0.0,0.0,0.0,0.0,0.0,0.0,0.0,0.0,0.0,0.0,0.0,0.0,0.0,0.0,0.0,0.0,0.0,0.0,0.0,74.0,6.0,998.0,1.0,1.0,3.0,,,,,35.0,3.0,4,Moliki Matavao,UCLA,Pac-12,Tight End,,,13.486486486486486,3.0,,,,,
4432734,2025,92,0.0,0.0,0.0,2.0,0.0,0.0,2.0,16.0,10.0,0.0,0.0,0.0,0.0,0.0,0.0,0.0,0.0,0.0,0.0,0.0,0.0,663.0,426.0,20.0,45.0,6016.0,0.0,0.0,0.0,0.0,0.0,0.0,0.0,0.0,0.0,0.0,375.0,33.0,1579.0,,,,,,77.0,4,Jalen Milroe,Alabama,SEC,Quarterback,0.6425339366515838,9.073906485671191,,4.210666666666667,,,,,
4432738,2026,207,0.0,0.0,0.0,2.0,0.0,0.0,2.0,0.0,0.0,0.0,0.0,0.0,0.0,0.0,0.0,0.0,0.0,0.0,0.0,0.0,0.0,0.0,0.0,0.0,0.0,0.0,0.0,0.0,0.0,0.0,0.0,0.0,0.0,0.0,0.0,0.0,0.0,0.0,0.0,,,,,,,2,Micah Morris,Georgia,SEC,Offensive Guard,,,,,,,,,
4432758,2025,187,6.0,3.0,4.0,110.0,1.0,13.0,177.0,0.0,0.0,1.0,5.0,1.0,67.0,0.0,0.0,0.0,0.0,0.0,0.0,0.0,0.0,0.0,0.0,0.0,0.0,0.0,0.0,0.0,0.0,0.0,0.0,0.0,0.0,0.0,0.0,0.0,0.0,0.0,0.0,,,,,,,4,Jaylen Reed,Penn State,Big Ten,Safety,,,,,,,,,13.4
4432762,2025,144,0.0,0.0,0.0,0.0,0.0,0.0,0.0,22.0,11.0,1.0,0.0,0.0,0.0,0.0,0.0,0.0,0.0,0.0,0.0,0.0,0.0,1402.0,1001.0,20.0,101.0,11009.0,0.0,0.0,0.0,0.0,0.0,0.0,0.0,0.0,0.0,0.0,295.0,12.0,29.0,,,,,,42.0,4,Shedeur Sanders,Jackson State,SWAC,Quarterback,0.7139800285306704,7.8523537803138375,,0.09830508474576272,,,,,
4432768,2026,172,6.0,0.0,0.0,28.0,1.0,1.5,46.0,0.0,0.0,0.0,0.0,0.0,0.0,5.0,1.0,194.0,0.0,0.0,0.0,0.0,0.0,0.0,0.0,0.0,0.0,0.0,0.0,0.0,36.0,0.0,0.0,0.0,0.0,54.0,2.0,684.0,4.0,0.0,86.0,100.0,,36.0,,54.0,37.0,4,Lorenzo Styles Jr.,Ohio State,Big Ten,Safety,,,12.666666666666666,21.5,38.8,inf,,,
4432773,2024,23,0.0,0.0,0.0,1.0,0.0,0.0,2.0,2.0,0.0,0.0,0.0,0.0,0.0,0.0,0.0,0.0,0.0,0.0,0.0,0.0,0.0,0.0,0.0,0.0,0.0,0.0,0.0,0.0,0.0,0.0,0.0,0.0,0.0,128.0,24.0,1908.0,3.0,0.0,0.0,,,,,86.0,5.0,3,Brian Thomas Jr.,LSU,SEC,Wide Receiver,,,14.90625,0.0,,,,,
4432775,2025,108,0.0,0.0,0.0,2.0,0.0,0.0,2.0,2.0,2.0,0.0,0.0,0.0,0.0,0.0,0.0,0.0,0.0,0.0,0.0,0.0,0.0,0.0,0.0,0.0,0.0,0.0,0.0,0.0,0.0,0.0,0.0,0.0,0.0,65.0,10.0,1426.0,2.0,0.0,6.0,,,,,86.0,9.0,4,Dont'E Thornton,Tennessee,SEC,Wide Receiver,,,21.93846153846154,3.0,,,,,
4432777,2024,155,10.0,12.0,12.0,103.0,2.0,25.0,174.0,0.0,0.0,0.0,4.0,2.0,63.0,0.0,0.0,0.0,0.0,0.0,0.0,0.0,0.0,0.0,0.0,0.0,0.0,0.0,0.0,0.0,0.0,0.0,0.0,0.0,0.0,0.0,0.0,0.0,0.0,0.0,0.0,,,,,,,3,Jeremiah Trotter Jr.,Clemson,ACC,Linebacker,,,,,,,,,15.75
4432789,2025,232,13.0,4.0,2.0,147.0,0.0,10.5,227.0,2.0,1.0,0.0,3.0,0.0,9.0,0.0,0.0,0.0,0.0,0.0,0.0,0.0,0.0,0.0,0.0,0.0,0.0,0.0,8.0,0.0,55.0,0.0,0.0,0.0,0.0,0.0,0.0,0.0,0.0,0.0,0.0,,,15.0,,,,4,Hunter Wohler,Wisconsin,Big Ten,Safety,,,,,,6.875,,,3.0
4432804,2025,62,1.0,8.0,8.5,53.0,0.0,20.5,113.0,0.0,0.0,0.0,0.0,0.0,0.0,0.0,0.0,0.0,0.0,0.0,0.0,0.0,0.0,0.0,0.0,0.0,0.0,0.0,0.0,0.0,0.0,0.0,0.0,0.0,0.0,0.0,0.0,0.0,0.0,0.0,0.0,,,,,,,4,Shemar Turner,Texas A&M,SEC,Defensive Tackle,,,,,,,,,
4433823,2026,235,0.0,0.0,0.0,0.0,0.0,0.0,2.0,0.0,0.0,0.0,0.0,0.0,0.0,0.0,0.0,0.0,0.0,0.0,0.0,0.0,0.0,0.0,0.0,0.0,0.0,0.0,0.0,0.0,0.0,0.0,0.0,0.0,0.0,0.0,0.0,0.0,0.0,0.0,0.0,,,,,,,2,Gavin Gerhardt,Cincinnati,Big 12,Center,,,,,,,,,
4433914,2025,199,1.0,0.0,0.0,0.0,0.0,0.0,0.0,0.0,0.0,0.0,0.0,0.0,0.0,0.0,0.0,0.0,0.0,0.0,0.0,0.0,0.0,0.0,0.0,0.0,0.0,0.0,0.0,0.0,0.0,0.0,0.0,0.0,0.0,0.0,0.0,0.0,0.0,0.0,0.0,,,,,,,1,Branson Taylor,Western Michigan,Mid-American,Offensive Tackle,,,,,,,,,
4433938,2026,132,0.0,0.0,0.0,1.0,0.0,1.0,4.0,0.0,0.0,0.0,0.0,0.0,0.0,0.0,0.0,0.0,0.0,0.0,0.0,0.0,0.0,0.0,0.0,0.0,0.0,0.0,0.0,0.0,0.0,0.0,0.0,0.0,0.0,1.0,0.0,0.0,0.0,0.0,0.0,,,,,0.0,,2,Jeremiah Wright,Auburn,SEC,Offensive Guard,,,0.0,,,,,,
4433970,2024,10,0.0,1.0,0.0,0.0,0.0,0.0,0.0,12.0,1.0,0.0,0.0,0.0,0.0,0.0,0.0,0.0,0.0,0.0,0.0,0.0,0.0,713.0,482.0,11.0,49.0,6226.0,0.0,0.0,0.0,0.0,0.0,0.0,0.0,0.0,0.0,0.0,161.0,10.0,632.0,,,,,,39.0,3,J.J. McCarthy,Michigan,Big Ten,Quarterback,0.6760168302945302,8.732117812061711,,3.9254658385093166,,,,,
4433971,2025,181,0.0,0.0,0.0,1.0,0.0,0.0,1.0,10.0,3.0,0.0,0.0,0.0,0.0,0.0,0.0,0.0,0.0,0.0,0.0,0.0,0.0,998.0,661.0,20.0,61.0,8555.0,0.0,0.0,0.0,0.0,0.0,0.0,0.0,0.0,0.0,0.0,111.0,3.0,-142.0,,,,,,29.0,4,Kyle McCord,Syracuse,ACC,Quarterback,0.6623246492985972,8.572144288577155,,-1.2792792792792793,,,,,
4433975,2024,41,20.0,0.0,2.0,62.0,0.0,5.0,92.0,8.0,3.0,0.0,2.0,0.0,26.0,1.0,0.0,4.0,0.0,0.0,0.0,0.0,0.0,0.0,0.0,0.0,0.0,0.0,37.0,0.0,418.0,0.0,0.0,0.0,0.0,0.0,0.0,0.0,0.0,0.0,0.0,4.0,,45.0,,,,3,Kool-Aid McKinstry,Alabama,SEC,Cornerback,,,,,4.0,11.297297297297296,,,13.0
4565185,2025,102,0.0,0.0,0.0,9.0,0.0,0.0,10.0,5.0,4.0,2.0,0.0,0.0,0.0,6.0,0.0,150.0,0.0,0.0,0.0,0.0,0.0,0.0,0.0,0.0,0.0,0.0,2.0,0.0,26.0,0.0,0.0,0.0,0.0,172.0,17.0,2207.0,3.0,0.0,39.0,39.0,,17.0,,75.0,19.0,4,Tai Felton,Maryland,Big Ten,Wide Receiver,,,12.831395348837209,13.0,25.0,13.0,,,
4565190,2024,17,1.0,26.0,23.5,58.0,0.0,33.5,120.0,0.0,0.0,2.0,0.0,0.0,0.0,0.0,0.0,0.0,0.0,0.0,0.0,0.0,0.0,0.0,0.0,0.0,0.0,0.0,0.0,0.0,0.0,0.0,0.0,0.0,0.0,0.0,0.0,0.0,0.0,0.0,0.0,,,,,,,3,Dallas Turner,Alabama,SEC,Defensive Edge,,,,,,,,,
4565200,2025,100,15.0,8.0,1.5,102.0,2.0,9.5,162.0,1.0,1.0,1.0,6.0,2.0,182.0,4.0,0.0,44.0,0.0,0.0,0.0,0.0,0.0,0.0,0.0,0.0,0.0,0.0,6.0,0.0,39.0,0.0,0.0,0.0,0.0,1.0,0.0,13.0,0.0,0.0,0.0,24.0,,19.0,,13.0,,5,Upton Stout,Western Kentucky,Conference USA,Cornerback,,,13.0,,11.0,6.5,,,30.333333333333332
4565311,2025,210,5.0,15.0,12.0,39.0,0.0,19.5,113.0,0.0,0.0,1.0,0.0,0.0,0.0,0.0,0.0,0.0,0.0,0.0,0.0,0.0,0.0,0.0,0.0,0.0,0.0,0.0,0.0,0.0,0.0,0.0,0.0,0.0,0.0,0.0,0.0,0.0,0.0,0.0,0.0,,,,,,,5,Aeneas Peebles,Virginia Tech,ACC,Defensive Tackle,,,,,,,,,
4565859,2026,170,0.0,0.0,0.0,1.0,0.0,0.0,2.0,1.0,1.0,0.0,0.0,0.0,0.0,0.0,0.0,0.0,0.0,0.0,0.0,0.0,0.0,0.0,0.0,0.0,0.0,0.0,0.0,0.0,0.0,0.0,0.0,0.0,0.0,84.0,7.0,972.0,0.0,0.0,0.0,,,,,73.0,,5,Joe Royer,Ohio State,Big Ten,Tight End,,,11.571428571428571,,,,,,
4565908,2023,133,0.0,0.0,0.0,4.0,0.0,0.0,6.0,0.0,0.0,0.0,0.0,0.0,0.0,6.0,0.0,102.0,0.0,0.0,0.0,0.0,0.0,0.0,0.0,0.0,0.0,0.0,0.0,0.0,0.0,0.0,0.0,0.0,0.0,88.0,14.0,1439.0,1.0,0.0,20.0,40.0,,,,81.0,20.0,3,Tyler Scott,Cincinnati,American Athletic,Wide Receiver,,,16.352272727272727,20.0,17.0,,,,
4566088,2024,175,4.0,9.0,3.0,137.0,0.0,27.5,272.0,0.0,0.0,5.0,6.0,0.0,53.0,0.0,0.0,0.0,0.0,0.0,0.0,0.0,0.0,0.0,0.0,0.0,0.0,0.0,0.0,0.0,0.0,0.0,0.0,0.0,0.0,0.0,0.0,0.0,0.0,0.0,0.0,,,,,,,4,Jaylan Ford,Texas,Big 12,Linebacker,,,,,,,,,8.833333333333334
4566092,2024,61,24.0,2.0,1.0,79.0,0.0,8.0,107.0,0.0,0.0,1.0,1.0,0.0,0.0,0.0,0.0,0.0,0.0,0.0,0.0,0.0,0.0,0.0,0.0,0.0,0.0,0.0,0.0,0.0,0.0,0.0,0.0,0.0,0.0,0.0,0.0,0.0,0.0,0.0,0.0,,,,,,,4,Ennis Rakestraw Jr.,Missouri,SEC,Cornerback,,,,,,,,,0.0
4566094,2026,43,11.0,9.0,6.0,175.0,2.0,22.5,292.0,1.0,1.0,5.0,6.0,0.0,50.0,0.0,0.0,0.0,0.0,0.0,0.0,0.0,0.0,1.0,0.0,1.0,0.0,0.0,0.0,0.0,0.0,0.0,0.0,0.0,0.0,9.0,0.0,80.0,12.0,2.0,59.0,,,,,17.0,24.0,5,Jacob Rodriguez,Virginia,ACC,Linebacker,0.0,0.0,8.88888888888889,4.916666666666667,,,,,8.333333333333334
4566100,2025,257,12.0,0.0,2.0,58.0,0.0,7.0,79.0,0.0,0.0,0.0,0.0,0.0,0.0,0.0,0.0,0.0,0.0,0.0,0.0,0.0,0.0,0.0,0.0,0.0,0.0,0.0,0.0,0.0,0.0,0.0,0.0,0.0,0.0,0.0,0.0,0.0,0.0,0.0,0.0,,,,,,,4,Kobee Minor,Texas Tech,Big 12,Cornerback,,,,,,,,,
4566154,2025,45,8.0,16.0,24.0,72.0,1.0,44.0,144.0,0.0,0.0,3.0,2.0,1.0,16.0,0.0,0.0,0.0,0.0,0.0,0.0,0.0,0.0,0.0,0.0,0.0,0.0,0.0,0.0,0.0,0.0,0.0,0.0,0.0,0.0,0.0,0.0,0.0,0.0,0.0,0.0,,,,,,,4,J.T. Tuimoloau,Ohio State,Big Ten,Defensive Edge,,,,,,,,,8.0
4566192,2024,209,0.0,0.0,0.0,2.0,0.0,0.0,2.0,0.0,0.0,0.0,0.0,0.0,0.0,0.0,0.0,0.0,59.0,51.0,225.0,73.0,72.0,0.0,0.0,0.0,0.0,0.0,0.0,0.0,0.0,0.0,0.0,0.0,0.0,0.0,0.0,0.0,0.0,0.0,0.0,,61.0,,,,,3,Joshua Karty,Stanford,Pac-12,Place Kicker,,,,,,,,0.864406779661017,
4566384,2026,151,6.0,3.0,1.0,139.0,0.0,5.0,210.0,0.0,0.0,3.0,6.0,0.0,64.0,0.0,0.0,0.0,0.0,0.0,0.0,0.0,0.0,0.0,0.0,0.0,0.0,0.0,0.0,0.0,0.0,0.0,0.0,0.0,0.0,0.0,0.0,0.0,0.0,0.0,0.0,,,,,,,5,Zakee Wheatley,Penn State,Big Ten,Safety,,,,,,,,,10.666666666666666
4567048,2022,41,0.0,0.0,0.0,2.0,0.0,0.0,2.0,2.0,1.0,0.0,0.0,0.0,0.0,8.0,0.0,139.0,0.0,0.0,0.0,0.0,0.0,0.0,0.0,0.0,0.0,0.0,0.0,0.0,0.0,0.0,0.0,0.0,0.0,19.0,1.0,136.0,480.0,35.0,2794.0,25.0,,,,19.0,96.0,3,Kenneth Walker III,Wake Forest,ACC,Running Back,,,7.157894736842105,5.820833333333334,17.375,,,,
4567095,2024,167,0.0,0.0,0.0,6.0,2.0,0.0,7.0,3.0,0.0,1.0,0.0,0.0,0.0,41.0,1.0,919.0,0.0,0.0,0.0,0.0,0.0,0.0,0.0,0.0,0.0,0.0,2.0,1.0,19.0,0.0,0.0,0.0,0.0,35.0,3.0,334.0,121.0,8.0,796.0,95.0,,12.0,,35.0,74.0,4,Keilan Robinson,Texas,Big 12,Running Back,,,9.542857142857143,6.578512396694215,22.414634146341463,9.5,,,
4567096,2022,44,0.0,0.0,0.0,2.0,0.0,0.0,2.0,1.0,0.0,0.0,0.0,0.0,0.0,1.0,0.0,13.0,0.0,0.0,0.0,0.0,0.0,0.0,0.0,0.0,0.0,0.0,0.0,0.0,0.0,0.0,0.0,0.0,0.0,155.0,14.0,2081.0,1.0,0.0,8.0,13.0,,,,78.0,8.0,3,John Metchie,Alabama,SEC,Wide Receiver,,,13.425806451612903,8.0,13.0,,,,
4567098,2023,95,11.0,1.0,1.0,139.0,3.0,5.5,241.0,0.0,0.0,1.0,6.0,3.0,156.0,0.0,0.0,0.0,0.0,0.0,0.0,0.0,0.0,0.0,0.0,0.0,0.0,0.0,0.0,0.0,0.0,0.0,0.0,0.0,0.0,0.0,0.0,0.0,0.0,0.0,0.0,,,,,,,4,Jordan Battle,Alabama,SEC,Safety,,,,,,,,,26.0
4567099,2022,75,6.0,15.0,10.0,122.0,0.0,27.5,215.0,0.0,0.0,2.0,1.0,0.0,0.0,0.0,0.0,0.0,0.0,0.0,0.0,0.0,0.0,0.0,0.0,0.0,0.0,0.0,0.0,0.0,0.0,0.0,0.0,0.0,0.0,0.0,0.0,0.0,0.0,0.0,0.0,,,,,,,3,Christian Harris,Alabama,SEC,Inside Linebacker,,,,,,,,,0.0
4567104,2024,203,0.0,0.0,0.0,1.0,0.0,0.0,1.0,0.0,0.0,0.0,0.0,0.0,0.0,0.0,0.0,0.0,100.0,84.0,547.0,297.0,295.0,0.0,0.0,0.0,0.0,0.0,0.0,0.0,0.0,3.0,10.0,1.0,413.0,0.0,0.0,0.0,0.0,0.0,0.0,,52.0,,55.0,,,5,Will Reichard,Alabama,SEC,Place Kicker,,,,,,,41.3,0.84,
4567111,2023,224,13.0,1.0,2.5,150.0,0.0,7.5,245.0,0.0,0.0,2.0,4.0,0.0,9.0,0.0,0.0,0.0,0.0,0.0,0.0,0.0,0.0,0.0,0.0,0.0,0.0,0.0,0.0,0.0,0.0,0.0,0.0,0.0,0.0,0.0,0.0,0.0,0.0,0.0,0.0,,,,,,,4,DeMarcco Hellams,Alabama,SEC,Safety,,,,,,,,,2.25
4567123,2023,70,3.0,9.0,7.0,48.0,0.0,20.0,123.0,0.0,0.0,1.0,0.0,0.0,0.0,0.0,0.0,0.0,0.0,0.0,0.0,0.0,0.0,0.0,0.0,0.0,0.0,0.0,0.0,0.0,0.0,0.0,0.0,0.0,0.0,0.0,0.0,0.0,0.0,0.0,0.0,,,,,,,4,Byron Young,Alabama,SEC,Defensive Tackle,,,,,,,,,
4567138,2024,105,3.0,12.0,9.0,57.0,0.0,16.0,121.0,0.0,0.0,2.0,1.0,0.0,4.0,0.0,0.0,0.0,0.0,0.0,0.0,0.0,0.0,0.0,0.0,0.0,0.0,0.0,0.0,0.0,0.0,0.0,0.0,0.0,0.0,0.0,0.0,0.0,0.0,0.0,0.0,,,,,,,5,Justin Eboigbe,Alabama,SEC,Defensive Tackle,,,,,,,,,4.0
4567156,2022,18,0.0,0.0,0.0,2.0,0.0,0.0,2.0,3.0,0.0,0.0,0.0,0.0,0.0,12.0,0.0,226.0,0.0,0.0,0.0,0.0,0.0,7.0,0.0,2.0,0.0,0.0,13.0,0.0,134.0,0.0,0.0,0.0,0.0,146.0,18.0,2399.0,38.0,1.0,222.0,42.0,,32.0,,91.0,49.0,3,Treylon Burks,Arkansas,SEC,Wide Receiver,0.0,0.0,16.431506849315067,5.842105263157895,18.833333333333332,10.307692307692308,,,
4567173,2023,97,0.0,0.0,0.0,0.0,0.0,0.0,0.0,1.0,1.0,0.0,0.0,0.0,0.0,0.0,0.0,0.0,0.0,0.0,0.0,0.0,0.0,0.0,0.0,0.0,0.0,0.0,0.0,0.0,0.0,0.0,0.0,0.0,0.0,0.0,0.0,-5.0,0.0,0.0,0.0,,,,,-5.0,,1,Ricky Stromberg,Arkansas,SEC,Center,,,-inf,,,,,,
4567219,2023,168,7.0,9.0,8.5,145.0,0.0,15.5,257.0,0.0,0.0,1.0,2.0,0.0,1.0,0.0,0.0,0.0,0.0,0.0,0.0,0.0,0.0,0.0,0.0,0.0,0.0,0.0,0.0,0.0,0.0,0.0,0.0,0.0,0.0,0.0,0.0,0.0,0.0,0.0,0.0,,,,,,,4,Owen Pappoe,Auburn,SEC,Inside Linebacker,,,,,,,,,0.5
4567222,2024,136,26.0,0.0,1.0,81.0,0.0,5.5,115.0,1.0,0.0,0.0,3.0,0.0,82.0,11.0,0.0,313.0,0.0,0.0,0.0,0.0,0.0,0.0,0.0,0.0,0.0,0.0,0.0,0.0,0.0,0.0,0.0,0.0,0.0,0.0,0.0,0.0,0.0,0.0,0.0,72.0,,,,,,5,Nehemiah Pritchett,Auburn,SEC,Cornerback,,,,,28.454545454545453,,,,27.333333333333332
4567224,2023,116,6.0,23.0,14.5,91.0,0.0,29.5,151.0,0.0,0.0,5.0,0.0,0.0,0.0,0.0,0.0,0.0,0.0,0.0,0.0,0.0,0.0,0.0,0.0,0.0,0.0,0.0,0.0,0.0,0.0,0.0,0.0,0.0,0.0,0.0,0.0,0.0,0.0,0.0,0.0,,,,,,,4,Colby Wooden,Auburn,SEC,Defensive Tackle,,,,,,,,,
4567225,2024,164,14.0,3.0,0.0,90.0,1.0,4.0,118.0,1.0,1.0,1.0,7.0,1.0,101.0,0.0,0.0,0.0,0.0,0.0,0.0,0.0,0.0,0.0,0.0,0.0,0.0,0.0,1.0,0.0,-1.0,0.0,0.0,0.0,0.0,0.0,0.0,0.0,0.0,0.0,0.0,,,-1.0,,,,5,Jaylin Simpson,Auburn,SEC,Safety,,,,,,-1.0,,,14.428571428571429
4567226,2023,37,0.0,12.0,19.5,99.0,0.0,29.5,146.0,0.0,0.0,4.0,1.0,0.0,19.0,0.0,0.0,0.0,0.0,0.0,0.0,0.0,0.0,0.0,0.0,0.0,0.0,0.0,0.0,0.0,0.0,0.0,0.0,0.0,0.0,0.0,0.0,0.0,0.0,0.0,0.0,,,,,,,4,Derick Hall,Auburn,SEC,Outside Linebacker,,,,,,,,,19.0
4567242,2022,56,1.0,16.0,22.5,76.0,0.0,33.5,134.0,0.0,0.0,1.0,1.0,0.0,4.0,0.0,0.0,0.0,0.0,0.0,0.0,0.0,0.0,0.0,0.0,0.0,0.0,0.0,0.0,0.0,0.0,0.0,0.0,0.0,0.0,0.0,0.0,0.0,0.0,0.0,0.0,,,,,,,3,Sam Williams,Ole Miss,SEC,Outside Linebacker,,,,,,,,,4.0
4567246,2022,154,1.0,0.0,0.0,3.0,0.0,0.0,4.0,4.0,3.0,0.0,0.0,0.0,0.0,3.0,0.0,40.0,0.0,0.0,0.0,0.0,0.0,0.0,0.0,0.0,0.0,0.0,0.0,0.0,0.0,0.0,0.0,0.0,0.0,32.0,0.0,225.0,304.0,26.0,1580.0,20.0,,,,27.0,84.0,3,Snoop Conner,Ole Miss,SEC,Running Back,,,7.03125,5.197368421052632,13.333333333333334,,,,
4567399,2022,23,20.0,0.0,0.0,53.0,0.0,2.5,78.0,0.0,0.0,1.0,6.0,0.0,0.0,0.0,0.0,0.0,0.0,0.0,0.0,0.0,0.0,0.0,0.0,0.0,0.0,0.0,0.0,0.0,0.0,0.0,0.0,0.0,0.0,0.0,0.0,0.0,0.0,0.0,0.0,,,,,,,3,Kaiir Elam,Florida,SEC,Cornerback,,,,,,,,,0.0
4567406,2024,91,7.0,13.0,9.0,128.0,0.0,29.0,197.0,0.0,0.0,0.0,1.0,0.0,15.0,0.0,0.0,0.0,0.0,0.0,0.0,0.0,0.0,0.0,0.0,0.0,0.0,0.0,0.0,0.0,0.0,0.0,0.0,0.0,0.0,0.0,0.0,0.0,0.0,0.0,0.0,,,,,,,5,Ty'Ron Hopper,Missouri,SEC,Linebacker,,,,,,,,,15.0
4567480,2022,141,21.0,4.0,0.0,128.0,1.0,10.5,163.0,2.0,1.0,1.0,3.0,1.0,36.0,2.0,0.0,42.0,0.0,0.0,0.0,0.0,0.0,0.0,0.0,0.0,0.0,0.0,6.0,0.0,78.0,0.0,0.0,0.0,0.0,0.0,0.0,0.0,0.0,0.0,0.0,21.0,,40.0,,,,3,Damarion Williams,Houston,American Athletic,Cornerback,,,,,21.0,13.0,,,12.0
4567482,2023,254,17.0,0.0,0.5,139.0,1.0,7.5,204.0,0.0,0.0,2.0,4.0,1.0,97.0,0.0,0.0,0.0,0.0,0.0,0.0,0.0,0.0,0.0,0.0,0.0,0.0,0.0,1.0,0.0,26.0,0.0,0.0,0.0,0.0,1.0,0.0,5.0,0.0,0.0,0.0,,,0.0,,5.0,,4,Gervarrius Owens,Houston,American Athletic,Safety,,,5.0,,,26.0,,,24.25
4567506,2024,241,0.0,0.0,0.0,7.0,0.0,0.0,7.0,3.0,1.0,0.0,0.0,0.0,0.0,22.0,0.0,438.0,0.0,0.0,0.0,0.0,0.0,0.0,0.0,0.0,0.0,0.0,0.0,0.0,0.0,0.0,0.0,0.0,0.0,209.0,21.0,3224.0,5.0,1.0,21.0,42.0,,,,92.0,10.0,5,Tahj Washington,USC,Pac-12,Wide Receiver,,,15.425837320574162,4.2,19.90909090909091,,,,
4567747,2026,249,0.0,0.0,0.0,0.0,0.0,0.0,0.0,7.0,4.0,0.0,0.0,0.0,0.0,0.0,0.0,0.0,0.0,0.0,0.0,0.0,0.0,1031.0,659.0,24.0,52.0,7687.0,0.0,0.0,0.0,0.0,0.0,0.0,0.0,0.0,0.0,0.0,72.0,5.0,-154.0,,,,,,26.0,5,Garrett Nussmeier,LSU,SEC,Quarterback,0.6391852570320078,7.455868089233753,,-2.138888888888889,,,,,
4567750,2025,19,0.0,0.0,0.0,4.0,0.0,0.0,4.0,3.0,2.0,0.0,0.0,0.0,0.0,21.0,0.0,605.0,0.0,0.0,0.0,0.0,0.0,1.0,0.0,0.0,0.0,0.0,19.0,0.0,97.0,0.0,0.0,0.0,0.0,205.0,24.0,2867.0,24.0,2.0,145.0,67.0,,18.0,,85.0,27.0,4,Emeka Egbuka,Ohio State,Big Ten,Wide Receiver,0.0,0.0,13.985365853658537,6.041666666666667,28.80952380952381,5.105263157894737,,,
4567802,2025,168,0.0,0.0,0.0,1.0,0.0,0.0,1.0,0.0,0.0,0.0,0.0,0.0,0.0,0.0,0.0,0.0,0.0,0.0,0.0,0.0,0.0,0.0,0.0,0.0,0.0,0.0,0.0,0.0,0.0,0.0,0.0,0.0,0.0,0.0,0.0,0.0,0.0,0.0,0.0,,,,,,,1,Drew Kendall,Boston College,ACC,Center,,,,,,,,,
4567962,2022,26,3.0,12.0,17.5,50.0,0.0,24.0,101.0,0.0,0.0,2.0,0.0,0.0,0.0,0.0,0.0,0.0,0.0,0.0,0.0,0.0,0.0,0.0,0.0,0.0,0.0,0.0,0.0,0.0,0.0,0.0,0.0,0.0,0.0,0.0,0.0,0.0,0.0,0.0,0.0,,,,,,,3,Jermaine Johnson,Georgia,SEC,Defensive End,,,,,,,,,
4567979,2021,200,11.0,0.0,1.0,82.0,0.0,4.5,108.0,0.0,0.0,0.0,1.0,0.0,7.0,0.0,0.0,0.0,0.0,0.0,0.0,0.0,0.0,0.0,0.0,0.0,0.0,0.0,0.0,0.0,0.0,0.0,0.0,0.0,0.0,0.0,0.0,0.0,0.0,0.0,0.0,,,,,,,2,Brandin Echols,Kentucky,SEC,Cornerback,,,,,,,,,7.0
4568007,2023,134,17.0,1.0,0.0,103.0,1.0,3.5,156.0,0.0,0.0,2.0,6.0,1.0,99.0,0.0,0.0,0.0,0.0,0.0,0.0,0.0,0.0,0.0,0.0,0.0,0.0,0.0,1.0,0.0,3.0,0.0,0.0,0.0,0.0,0.0,0.0,0.0,0.0,0.0,0.0,,,3.0,,,,4,Jay Ward,LSU,SEC,Safety,,,,,,3.0,,,16.5
4568217,2024,196,5.0,18.0,16.5,63.0,0.0,31.0,141.0,1.0,1.0,3.0,0.0,0.0,0.0,0.0,0.0,0.0,0.0,0.0,0.0,0.0,0.0,0.0,0.0,0.0,0.0,0.0,0.0,0.0,0.0,0.0,0.0,0.0,0.0,0.0,0.0,0.0,1.0,0.0,-6.0,,,,,,0.0,5,Tyler Davis,Clemson,ACC,Defensive Tackle,,,,-6.0,,,,,
4568439,2022,189,3.0,13.0,10.0,48.0,0.0,21.5,78.0,0.0,0.0,1.0,0.0,0.0,0.0,0.0,0.0,0.0,0.0,0.0,0.0,0.0,0.0,0.0,0.0,0.0,0.0,0.0,0.0,0.0,0.0,0.0,0.0,0.0,0.0,0.0,0.0,0.0,0.0,0.0,0.0,,,,,,,2,Amare Barno,Virginia Tech,ACC,Outside Linebacker,,,,,,,,,
4568490,2025,60,0.0,0.0,0.0,0.0,0.0,0.0,0.0,9.0,6.0,0.0,0.0,0.0,0.0,7.0,0.0,115.0,0.0,0.0,0.0,0.0,0.0,4.0,3.0,0.0,1.0,83.0,0.0,0.0,0.0,0.0,0.0,0.0,0.0,61.0,5.0,720.0,579.0,43.0,3792.0,20.0,,,,75.0,92.0,4,RJ Harvey,UCF,Big 12,Running Back,0.75,20.75,11.80327868852459,6.549222797927461,16.428571428571427,,,,
4568506,2023,72,22.0,1.0,2.0,115.0,1.0,9.5,150.0,0.0,0.0,2.0,4.0,1.0,75.0,0.0,0.0,0.0,0.0,0.0,0.0,0.0,0.0,0.0,0.0,0.0,0.0,0.0,0.0,0.0,0.0,0.0,0.0,0.0,0.0,0.0,0.0,0.0,0.0,0.0,0.0,,,,,,,3,Garrett Williams,Syracuse,ACC,Cornerback,,,,,,,,,18.75
4568617,2024,139,10.0,2.0,8.0,139.0,0.0,31.0,235.0,0.0,0.0,2.0,1.0,0.0,45.0,0.0,0.0,0.0,0.0,0.0,0.0,0.0,0.0,0.0,0.0,0.0,0.0,0.0,0.0,0.0,0.0,0.0,0.0,0.0,0.0,0.0,0.0,0.0,0.0,0.0,0.0,,,,,,,4,Jordan Magee,Temple,American Athletic,Linebacker,,,,,,,,,45.0
4568624,2023,91,12.0,5.0,9.5,179.0,0.0,26.0,289.0,1.0,0.0,1.0,2.0,0.0,13.0,0.0,0.0,0.0,0.0,0.0,0.0,0.0,0.0,0.0,0.0,0.0,0.0,0.0,0.0,0.0,0.0,0.0,0.0,0.0,0.0,0.0,0.0,0.0,0.0,0.0,0.0,,,,,,,4,Dorian Williams,Tulane,American Athletic,Inside Linebacker,,,,,,,,,6.5
4568652,2022,24,0.0,0.0,0.0,2.0,0.0,0.0,2.0,0.0,0.0,0.0,0.0,0.0,0.0,0.0,0.0,0.0,0.0,0.0,0.0,0.0,0.0,0.0,0.0,0.0,0.0,0.0,0.0,0.0,0.0,0.0,0.0,0.0,0.0,0.0,0.0,0.0,0.0,0.0,0.0,,,,,,,1,Tyler Smith,Tulsa,American Athletic,Offensive Tackle,,,,,,,,,
4568662,2023,248,8.0,0.0,0.0,92.0,1.0,1.5,161.0,0.0,0.0,4.0,3.0,1.0,75.0,0.0,0.0,0.0,0.0,0.0,0.0,0.0,0.0,0.0,0.0,0.0,0.0,0.0,0.0,0.0,0.0,0.0,0.0,0.0,0.0,0.0,0.0,0.0,1.0,0.0,3.0,,,,,,3.0,3,Brandon Hill,Pittsburgh,ACC,Safety,,,,3.0,,,,,25.0
4568682,2023,227,7.0,8.0,5.5,47.0,0.0,17.0,96.0,0.0,0.0,0.0,0.0,0.0,0.0,0.0,0.0,0.0,0.0,0.0,0.0,0.0,0.0,0.0,0.0,0.0,0.0,0.0,0.0,0.0,0.0,0.0,0.0,0.0,0.0,0.0,0.0,0.0,0.0,0.0,0.0,,,,,,,4,Raymond Vohasek,North Carolina,ACC,Defensive Tackle,,,,,,,,,
4568703,2025,177,27.0,1.0,0.0,80.0,0.0,1.5,109.0,1.0,1.0,4.0,7.0,0.0,55.0,0.0,0.0,0.0,0.0,0.0,0.0,0.0,0.0,0.0,0.0,0.0,0.0,0.0,0.0,0.0,0.0,0.0,0.0,0.0,0.0,0.0,0.0,0.0,0.0,0.0,0.0,,,,,,,5,Dorian Strong,Virginia Tech,ACC,Cornerback,,,,,,,,,7.857142857142857
4568981,2021,223,7.0,0.0,0.0,21.0,0.0,1.0,29.0,0.0,0.0,1.0,2.0,0.0,18.0,0.0,0.0,0.0,0.0,0.0,0.0,0.0,0.0,0.0,0.0,0.0,0.0,0.0,0.0,0.0,0.0,0.0,0.0,0.0,0.0,0.0,0.0,0.0,0.0,0.0,0.0,,,,,,,1,Tay Gowan,UCF,American Athletic,Cornerback,,,,,,,,,9.0
4569068,2023,196,7.0,22.0,19.5,75.0,0.0,32.0,150.0,0.0,0.0,1.0,0.0,0.0,0.0,0.0,0.0,0.0,0.0,0.0,0.0,0.0,0.0,0.0,0.0,0.0,0.0,0.0,0.0,0.0,0.0,0.0,0.0,0.0,0.0,0.0,0.0,0.0,0.0,0.0,0.0,,,,,,,3,Jose Ramirez,Eastern Michigan,Mid-American,Outside Linebacker,,,,,,,,,
4569173,2021,120,0.0,0.0,0.0,4.0,0.0,0.0,6.0,3.0,2.0,0.0,0.0,0.0,0.0,0.0,0.0,0.0,0.0,0.0,0.0,0.0,0.0,0.0,0.0,0.0,0.0,0.0,0.0,0.0,0.0,0.0,0.0,0.0,0.0,28.0,0.0,298.0,165.0,13.0,1179.0,,,,,45.0,75.0,2,Rhamondre Stevenson,Oklahoma,Big 12,Running Back,,,10.642857142857142,7.1454545454545455,,,,,
4569382,2024,213,0.0,0.0,0.0,1.0,0.0,0.0,1.0,2.0,2.0,0.0,0.0,0.0,0.0,3.0,0.0,36.0,0.0,0.0,0.0,0.0,0.0,0.0,0.0,0.0,0.0,0.0,1.0,0.0,3.0,0.0,0.0,0.0,0.0,141.0,5.0,1757.0,7.0,1.0,76.0,18.0,,3.0,,43.0,20.0,5,Jordan Whittington,Texas,Big 12,Wide Receiver,,,12.460992907801419,10.857142857142858,12.0,3.0,,,
4569448,2024,116,8.0,1.0,6.0,36.0,0.0,21.5,91.0,0.0,0.0,0.0,0.0,0.0,0.0,0.0,0.0,0.0,0.0,0.0,0.0,0.0,0.0,0.0,0.0,0.0,0.0,0.0,0.0,0.0,0.0,0.0,0.0,0.0,0.0,0.0,0.0,0.0,0.0,0.0,0.0,,,,,,,5,Jordan Jefferson,West Virginia,Big 12,Defensive Tackle,,,,,,,,,
4569465,2023,18,9.0,10.0,3.0,132.0,1.0,10.5,290.0,0.0,0.0,4.0,5.0,1.0,63.0,0.0,0.0,0.0,0.0,0.0,0.0,0.0,0.0,0.0,0.0,0.0,0.0,0.0,0.0,0.0,0.0,0.0,0.0,0.0,0.0,0.0,0.0,0.0,0.0,0.0,0.0,,,,,,,4,Jack Campbell,Iowa,Big Ten,Inside Linebacker,,,,,,,,,12.6
4569474,2024,178,7.0,3.0,9.0,54.0,0.0,18.0,151.0,0.0,0.0,3.0,0.0,0.0,0.0,0.0,0.0,0.0,0.0,0.0,0.0,0.0,0.0,0.0,0.0,0.0,0.0,0.0,0.0,0.0,0.0,0.0,0.0,0.0,0.0,0.0,0.0,0.0,0.0,0.0,0.0,,,,,,,4,Logan Lee,Iowa,Big Ten,Defensive Tackle,,,,,,,,,
4569480,2024,27,1.0,11.0,13.0,70.0,0.0,22.0,112.0,0.0,0.0,1.0,0.0,0.0,0.0,0.0,0.0,0.0,0.0,0.0,0.0,0.0,0.0,0.0,0.0,0.0,0.0,0.0,0.0,0.0,0.0,0.0,0.0,0.0,0.0,0.0,0.0,0.0,0.0,0.0,0.0,,,,,,,5,Darius Robinson,Missouri,SEC,Defensive Edge,,,,,,,,,
4569511,2022,61,4.0,1.0,12.5,57.0,0.0,25.0,103.0,0.0,0.0,1.0,2.0,0.0,19.0,0.0,0.0,0.0,0.0,0.0,0.0,0.0,0.0,0.0,0.0,0.0,0.0,0.0,0.0,0.0,0.0,0.0,0.0,0.0,0.0,0.0,0.0,0.0,0.0,0.0,0.0,,,,,,,3,Drake Jackson,USC,Pac-12,Outside Linebacker,,,,,,,,,9.5
4569559,2024,235,0.0,0.0,0.0,1.0,0.0,0.0,3.0,2.0,0.0,0.0,0.0,0.0,0.0,1.0,0.0,21.0,0.0,0.0,0.0,0.0,0.0,4.0,2.0,0.0,0.0,15.0,27.0,0.0,273.0,0.0,0.0,0.0,0.0,123.0,9.0,1689.0,2.0,0.0,-4.0,21.0,,27.0,,68.0,5.0,5,Devaughn Vele,Utah,Pac-12,Wide Receiver,0.5,3.75,13.731707317073171,-2.0,21.0,10.11111111111111,,,
4569586,2025,111,12.0,22.0,11.0,60.0,0.0,26.5,135.0,0.0,0.0,1.0,0.0,0.0,0.0,0.0,0.0,0.0,0.0,0.0,0.0,0.0,0.0,0.0,0.0,0.0,0.0,0.0,0.0,0.0,0.0,0.0,0.0,0.0,0.0,0.0,0.0,0.0,0.0,0.0,0.0,,,,,,,5,Ty Robinson,Nebraska,Big Ten,Defensive Tackle,,,,,,,,,
4569587,2022,43,0.0,0.0,0.0,1.0,0.0,0.0,1.0,6.0,1.0,0.0,0.0,0.0,0.0,14.0,0.0,236.0,0.0,0.0,0.0,0.0,0.0,0.0,0.0,0.0,0.0,0.0,7.0,0.0,15.0,0.0,0.0,0.0,0.0,195.0,10.0,2248.0,141.0,4.0,691.0,39.0,,5.0,,79.0,64.0,3,Wan'Dale Robinson,Nebraska,Big Ten,Wide Receiver,,,11.528205128205128,4.900709219858156,16.857142857142858,2.142857142857143,,,
4569603,2024,184,0.0,0.0,0.0,4.0,0.0,0.0,4.0,5.0,4.0,0.0,0.0,0.0,0.0,13.0,0.0,257.0,0.0,0.0,0.0,0.0,0.0,2.0,1.0,0.0,0.0,6.0,0.0,0.0,0.0,0.0,0.0,0.0,0.0,230.0,12.0,2791.0,18.0,0.0,29.0,40.0,,,,64.0,10.0,5,Malik Washington,Virginia,ACC,Wide Receiver,0.5,3.0,12.134782608695652,1.6111111111111112,19.76923076923077,,,,
4569607,2023,142,18.0,2.0,1.5,88.0,0.0,3.5,119.0,0.0,0.0,4.0,2.0,0.0,16.0,0.0,0.0,0.0,0.0,0.0,0.0,0.0,0.0,0.0,0.0,0.0,0.0,0.0,0.0,0.0,0.0,0.0,0.0,0.0,0.0,0.0,0.0,0.0,0.0,0.0,0.0,,,,,,,4,Cameron Mitchell,Northwestern,Big Ten,Cornerback,,,,,,,,,8.0
4569609,2023,176,0.0,0.0,0.0,1.0,0.0,0.0,1.0,5.0,2.0,0.0,0.0,0.0,0.0,9.0,0.0,181.0,0.0,0.0,0.0,0.0,0.0,0.0,0.0,0.0,0.0,0.0,1.0,0.0,3.0,0.0,0.0,0.0,0.0,94.0,4.0,851.0,487.0,18.0,2412.0,25.0,,3.0,,45.0,90.0,4,Evan Hull,Northwestern,Big Ten,Running Back,,,9.053191489361701,4.952772073921971,20.11111111111111,3.0,,,
4569618,2022,10,1.0,0.0,0.0,0.0,0.0,0.0,3.0,3.0,2.0,0.0,0.0,0.0,0.0,1.0,0.0,4.0,0.0,0.0,0.0,0.0,0.0,0.0,0.0,0.0,0.0,0.0,34.0,0.0,205.0,0.0,0.0,0.0,0.0,143.0,23.0,2213.0,6.0,1.0,143.0,4.0,,52.0,,77.0,62.0,3,Garrett Wilson,Ohio State,Big Ten,Wide Receiver,,,15.475524475524475,23.833333333333332,4.0,6.029411764705882,,,
4569661,2026,153,0.0,0.0,0.0,3.0,0.0,0.0,3.0,0.0,0.0,0.0,0.0,0.0,0.0,0.0,0.0,0.0,0.0,0.0,0.0,0.0,0.0,0.0,0.0,0.0,0.0,0.0,0.0,0.0,0.0,0.0,0.0,0.0,0.0,0.0,0.0,0.0,0.0,0.0,0.0,,,,,,,2,Jager Burton,Kentucky,SEC,Center,,,,,,,,,
4569682,2024,147,0.0,0.0,0.0,0.0,0.0,0.0,0.0,4.0,3.0,0.0,0.0,0.0,0.0,1.0,0.0,29.0,0.0,0.0,0.0,0.0,0.0,0.0,0.0,0.0,0.0,0.0,0.0,0.0,0.0,0.0,0.0,0.0,0.0,26.0,1.0,277.0,373.0,29.0,2321.0,29.0,,,,36.0,80.0,3,Audric Estime,Notre Dame,FBS Independents,Running Back,,,10.653846153846153,6.222520107238606,29.0,,,,
4569923,2025,182,0.0,0.0,0.0,3.0,0.0,0.0,3.0,0.0,0.0,0.0,0.0,0.0,0.0,0.0,0.0,0.0,86.0,74.0,405.0,184.0,183.0,0.0,0.0,0.0,0.0,0.0,0.0,0.0,0.0,0.0,0.0,0.0,0.0,0.0,0.0,0.0,1.0,0.0,7.0,,56.0,,,,7.0,4,Andres Borregales,Miami,ACC,Place Kicker,,,,7.0,,,,0.8604651162790697,
4570037,2025,46,0.0,0.0,0.0,0.0,0.0,0.0,0.0,1.0,0.0,0.0,0.0,0.0,0.0,2.0,0.0,4.0,0.0,0.0,0.0,0.0,0.0,0.0,0.0,0.0,0.0,0.0,0.0,0.0,0.0,0.0,0.0,0.0,0.0,134.0,16.0,1537.0,0.0,0.0,0.0,4.0,,,,62.0,,4,Terrance Ferguson,Oregon,Pac-12,Tight End,,,11.470149253731343,,2.0,,,,
4570040,2024,16,0.0,6.0,7.5,33.0,0.0,14.5,62.0,0.0,0.0,0.0,0.0,0.0,0.0,0.0,0.0,0.0,0.0,0.0,0.0,0.0,0.0,0.0,0.0,0.0,0.0,0.0,0.0,0.0,0.0,0.0,0.0,0.0,0.0,1.0,1.0,1.0,1.0,1.0,1.0,,,,,1.0,1.0,3,Byron Murphy II,Texas,Big 12,Defensive Tackle,,,1.0,1.0,,,,,
4570044,2022,48,13.0,4.0,0.0,85.0,0.0,10.0,151.0,1.0,1.0,1.0,5.0,0.0,90.0,0.0,0.0,0.0,0.0,0.0,0.0,0.0,0.0,0.0,0.0,0.0,0.0,0.0,0.0,0.0,0.0,0.0,0.0,0.0,0.0,0.0,0.0,0.0,0.0,0.0,0.0,,,,,,,3,Jaquan Brisker,Penn State,Big Ten,Safety,,,,,,,,,18.0
4570084,2023,198,19.0,1.0,0.0,157.0,1.0,9.5,253.0,0.0,0.0,2.0,7.0,1.0,101.0,0.0,0.0,0.0,0.0,0.0,0.0,0.0,0.0,0.0,0.0,0.0,0.0,0.0,0.0,0.0,0.0,0.0,0.0,0.0,0.0,0.0,0.0,0.0,0.0,0.0,0.0,,,,,,,4,Jerrick Reed II,New Mexico,Mountain West,Safety,,,,,,,,,14.428571428571429
4570119,2022,78,5.0,14.0,11.5,48.0,0.0,19.0,90.0,0.0,0.0,1.0,0.0,0.0,0.0,0.0,0.0,0.0,0.0,0.0,0.0,0.0,0.0,0.0,0.0,0.0,0.0,0.0,0.0,0.0,0.0,0.0,0.0,0.0,0.0,0.0,0.0,0.0,0.0,0.0,0.0,,,,,,,3,Alex Wright,UAB,Conference USA,Defensive End,,,,,,,,,
4570235,2023,129,0.0,0.0,0.0,1.0,0.0,0.0,4.0,0.0,0.0,0.0,0.0,0.0,0.0,0.0,0.0,0.0,0.0,0.0,0.0,0.0,0.0,0.0,0.0,0.0,0.0,0.0,0.0,0.0,0.0,0.0,0.0,0.0,0.0,0.0,0.0,0.0,0.0,0.0,0.0,,,,,,,1,Viliami Fehoko,San José State,Mountain West,Defensive End,,,,,,,,,
4570409,2022,99,0.0,0.0,0.0,3.0,0.0,0.0,3.0,0.0,0.0,0.0,0.0,0.0,0.0,0.0,0.0,0.0,0.0,0.0,0.0,0.0,0.0,0.0,0.0,0.0,0.0,0.0,0.0,0.0,0.0,0.0,0.0,0.0,0.0,232.0,21.0,2946.0,6.0,1.0,51.0,,,,,89.0,26.0,3,David Bell,Purdue,Big Ten,Wide Receiver,,,12.698275862068966,8.5,,,,,
4570410,2023,255,13.0,3.0,2.0,112.0,2.0,12.5,162.0,0.0,0.0,2.0,3.0,1.0,74.0,0.0,0.0,0.0,0.0,0.0,0.0,0.0,0.0,0.0,0.0,0.0,0.0,0.0,0.0,0.0,0.0,0.0,0.0,0.0,0.0,0.0,0.0,0.0,0.0,0.0,0.0,,,,,,,4,Jalen Graham,Purdue,Big Ten,Outside Linebacker,,,,,,,,,24.666666666666668
4570469,2025,183,10.0,1.0,0.0,43.0,0.0,3.5,69.0,0.0,0.0,2.0,7.0,2.0,158.0,0.0,0.0,0.0,0.0,0.0,0.0,0.0,0.0,0.0,0.0,0.0,0.0,0.0,0.0,0.0,0.0,0.0,0.0,0.0,0.0,0.0,0.0,0.0,0.0,0.0,0.0,,,,,,,4,Marcus Harris,Idaho,Big Sky,Cornerback,,,,,,,,,22.571428571428573
4570470,2021,99,6.0,0.0,1.0,49.0,0.0,1.5,64.0,0.0,0.0,0.0,5.0,0.0,14.0,0.0,0.0,0.0,0.0,0.0,0.0,0.0,0.0,0.0,0.0,0.0,0.0,0.0,0.0,0.0,0.0,0.0,0.0,0.0,0.0,0.0,0.0,0.0,0.0,0.0,0.0,,,,,,,2,Nahshon Wright,Oregon State,Pac-12,Cornerback,,,,,,,,,2.8
4570561,2023,172,0.0,0.0,0.0,1.0,0.0,0.0,2.0,6.0,4.0,0.0,0.0,0.0,0.0,4.0,0.0,72.0,0.0,0.0,0.0,0.0,0.0,2.0,1.0,1.0,0.0,0.0,9.0,0.0,47.0,0.0,0.0,0.0,0.0,99.0,5.0,827.0,549.0,21.0,3087.0,24.0,,20.0,,38.0,94.0,4,Eric Gray,Tennessee,SEC,Running Back,0.5,0.0,8.353535353535353,5.622950819672131,18.0,5.222222222222222,,,
4570672,2023,51,18.0,2.0,0.0,69.0,0.0,3.5,91.0,1.0,1.0,0.0,6.0,0.0,10.0,0.0,0.0,0.0,0.0,0.0,0.0,0.0,0.0,0.0,0.0,0.0,0.0,0.0,1.0,0.0,-1.0,0.0,0.0,0.0,0.0,0.0,0.0,0.0,0.0,0.0,0.0,,,0.0,,,,4,Cam Smith,South Carolina,SEC,Cornerback,,,,,,-1.0,,,1.6666666666666667
4570674,2022,183,0.0,0.0,0.0,2.0,0.0,0.0,2.0,1.0,0.0,0.0,0.0,0.0,0.0,0.0,0.0,0.0,0.0,0.0,0.0,0.0,0.0,0.0,0.0,0.0,0.0,0.0,0.0,0.0,0.0,0.0,0.0,0.0,0.0,35.0,1.0,274.0,354.0,22.0,1893.0,,,,,30.0,75.0,3,Kevin Harris,South Carolina,SEC,Running Back,,,7.828571428571428,5.3474576271186445,,,,,
4570883,2024,239,0.0,0.0,0.0,0.0,0.0,0.0,4.0,0.0,0.0,0.0,0.0,0.0,0.0,0.0,0.0,0.0,0.0,0.0,0.0,0.0,0.0,0.0,0.0,0.0,0.0,0.0,0.0,0.0,0.0,0.0,0.0,0.0,0.0,0.0,0.0,0.0,0.0,0.0,0.0,,,,,,,1,Josiah Ezirim,Eastern Kentucky,OVC,Offensive Tackle,,,,,,,,,
4571162,2024,94,0.0,1.0,1.0,7.0,0.0,3.0,14.0,0.0,0.0,3.0,1.0,0.0,16.0,0.0,0.0,0.0,0.0,0.0,0.0,0.0,0.0,0.0,0.0,0.0,0.0,0.0,0.0,0.0,0.0,0.0,0.0,0.0,0.0,0.0,0.0,0.0,0.0,0.0,0.0,,,,,,,3,Jalyx Hunt,Houston Christian,Southland,Defensive Edge,,,,,,,,,16.0
4572036,2023,60,17.0,1.0,0.0,49.0,2.0,2.0,62.0,0.0,0.0,2.0,3.0,1.0,65.0,0.0,0.0,0.0,0.0,0.0,0.0,0.0,0.0,0.0,0.0,0.0,0.0,0.0,2.0,0.0,28.0,0.0,0.0,0.0,0.0,0.0,0.0,0.0,0.0,0.0,0.0,,,25.0,,,,2,DJ Turner,Michigan,Big Ten,Cornerback,,,,,,14.0,,,21.666666666666668
4572055,2023,151,3.0,5.0,7.5,22.0,0.0,11.5,38.0,0.0,0.0,0.0,1.0,0.0,5.0,0.0,0.0,0.0,0.0,0.0,0.0,0.0,0.0,0.0,0.0,0.0,0.0,0.0,0.0,0.0,0.0,0.0,0.0,0.0,0.0,0.0,0.0,0.0,0.0,0.0,0.0,,,,,,,3,Mike Morris,Michigan,Big Ten,Defensive End,,,,,,,,,5.0
4572680,2023,78,0.0,0.0,0.0,0.0,0.0,0.0,0.0,1.0,0.0,0.0,0.0,0.0,0.0,1.0,0.0,30.0,0.0,0.0,0.0,0.0,0.0,0.0,0.0,0.0,0.0,0.0,0.0,0.0,0.0,0.0,0.0,0.0,0.0,27.0,2.0,342.0,2.0,0.0,6.0,30.0,,,,57.0,3.0,2,Tucker Kraft,South Dakota State,MVFC,Tight End,,,12.666666666666666,3.0,30.0,,,,
4572685,2025,169,10.0,1.0,0.0,30.0,0.0,2.0,35.0,0.0,0.0,0.0,6.0,0.0,10.0,0.0,0.0,0.0,0.0,0.0,0.0,0.0,0.0,0.0,0.0,0.0,0.0,0.0,0.0,0.0,0.0,0.0,0.0,0.0,0.0,0.0,0.0,0.0,0.0,0.0,0.0,,,,,,,3,Zah Frazier,UTSA,Conference USA,Cornerback,,,,,,,,,1.6666666666666667
4573152,2024,247,2.0,8.0,11.0,73.0,0.0,31.0,126.0,0.0,0.0,3.0,0.0,0.0,0.0,0.0,0.0,0.0,0.0,0.0,0.0,0.0,0.0,0.0,0.0,0.0,0.0,0.0,0.0,0.0,0.0,0.0,0.0,0.0,0.0,0.0,0.0,0.0,0.0,0.0,0.0,,,,,,,5,Marcus Harris,Kansas,Big 12,Defensive Tackle,,,,,,,,,
4573188,2025,75,2.0,13.0,7.0,121.0,0.0,23.5,202.0,0.0,0.0,2.0,2.0,0.0,40.0,0.0,0.0,0.0,0.0,0.0,0.0,0.0,0.0,0.0,0.0,0.0,0.0,0.0,0.0,0.0,0.0,0.0,0.0,0.0,0.0,0.0,0.0,0.0,0.0,0.0,0.0,,,,,,,4,Nickolas Martin,Oklahoma State,Big 12,Linebacker,,,,,,,,,20.0
4573699,2025,173,0.0,0.0,0.0,1.0,0.0,0.0,1.0,0.0,0.0,0.0,0.0,0.0,0.0,1.0,0.0,17.0,0.0,0.0,0.0,0.0,0.0,0.0,0.0,0.0,0.0,0.0,0.0,0.0,0.0,0.0,0.0,0.0,0.0,39.0,5.0,434.0,0.0,0.0,0.0,17.0,,,,34.0,,4,Jackson Hawes,Yale,Ivy,Tight End,,,11.128205128205128,,17.0,,,,
4574689,2025,61,30.0,1.0,0.0,89.0,0.0,6.5,118.0,1.0,1.0,0.0,4.0,0.0,50.0,0.0,0.0,0.0,0.0,0.0,0.0,0.0,0.0,0.0,0.0,0.0,0.0,0.0,1.0,0.0,-22.0,0.0,0.0,0.0,0.0,0.0,0.0,0.0,0.0,0.0,0.0,,,0.0,,,,5,Trey Amos,Ole Miss,SEC,Cornerback,,,,,,-22.0,,,12.5
4575115,2025,230,5.0,0.0,0.0,96.0,0.0,4.5,137.0,0.0,0.0,1.0,4.0,0.0,13.0,0.0,0.0,0.0,0.0,0.0,0.0,0.0,0.0,0.0,0.0,0.0,0.0,0.0,1.0,0.0,8.0,0.0,0.0,0.0,0.0,0.0,0.0,0.0,0.0,0.0,0.0,,,8.0,,,,4,Dan Jackson,Georgia,SEC,Safety,,,,,,8.0,,,3.25
4575131,2025,245,0.0,0.0,0.0,0.0,0.0,0.0,0.0,4.0,3.0,0.0,0.0,0.0,0.0,0.0,0.0,0.0,0.0,0.0,0.0,0.0,0.0,0.0,0.0,0.0,0.0,0.0,0.0,0.0,0.0,0.0,0.0,0.0,0.0,22.0,1.0,260.0,343.0,22.0,1816.0,,,,,31.0,55.0,5,Jacory Merritt,New Mexico,Mountain West,Running Back,,,11.818181818181818,5.294460641399417,,,,,
4575416,2022,120,6.0,5.0,4.0,68.0,0.0,19.0,131.0,0.0,0.0,1.0,1.0,0.0,0.0,0.0,0.0,0.0,0.0,0.0,0.0,0.0,0.0,0.0,0.0,0.0,0.0,0.0,0.0,0.0,0.0,0.0,0.0,0.0,0.0,0.0,0.0,0.0,0.0,0.0,0.0,,,,,,,3,Brandon Smith,Penn State,Big Ten,Inside Linebacker,,,,,,,,,0.0
4575431,2023,5,25.0,1.0,1.0,115.0,0.0,11.5,157.0,0.0,0.0,3.0,5.0,0.0,97.0,0.0,0.0,0.0,0.0,0.0,0.0,0.0,0.0,0.0,0.0,0.0,0.0,0.0,0.0,0.0,0.0,0.0,0.0,0.0,0.0,0.0,0.0,0.0,0.0,0.0,0.0,,,,,,,4,Devon Witherspoon,Illinois,Big Ten,Cornerback,,,,,,,,,19.4
4575483,2024,130,19.0,1.0,0.0,82.0,0.0,9.5,106.0,0.0,0.0,0.0,3.0,0.0,1.0,0.0,0.0,0.0,0.0,0.0,0.0,0.0,0.0,0.0,0.0,0.0,0.0,0.0,0.0,0.0,0.0,0.0,0.0,0.0,0.0,0.0,0.0,0.0,0.0,0.0,0.0,,,,,,,4,T.J. Tampa,Iowa State,Big 12,Cornerback,,,,,,,,,0.3333333333333333
4575517,2022,14,17.0,2.0,0.0,97.0,1.0,7.5,138.0,0.0,0.0,0.0,8.0,1.0,80.0,0.0,0.0,0.0,0.0,0.0,0.0,0.0,0.0,0.0,0.0,0.0,0.0,0.0,0.0,0.0,0.0,0.0,0.0,0.0,0.0,0.0,0.0,0.0,0.0,0.0,0.0,,,,,,,3,Kyle Hamilton,Notre Dame,FBS Independents,Safety,,,,,,,,,10.0
4575665,2024,135,0.0,0.0,0.0,6.0,0.0,0.0,7.0,6.0,4.0,1.0,0.0,0.0,0.0,2.0,0.0,11.0,0.0,0.0,0.0,0.0,0.0,1.0,1.0,0.0,0.0,-2.0,18.0,0.0,121.0,0.0,0.0,0.0,0.0,314.0,33.0,4460.0,12.0,1.0,102.0,6.0,,33.0,,82.0,53.0,5,Jacob Cowing,UTEP,Conference USA,Wide Receiver,1.0,-2.0,14.203821656050955,8.5,5.5,6.722222222222222,,,
4575860,2025,212,32.0,0.0,2.0,101.0,0.0,4.5,148.0,0.0,0.0,2.0,5.0,0.0,20.0,0.0,0.0,0.0,0.0,0.0,0.0,0.0,0.0,0.0,0.0,0.0,0.0,0.0,0.0,0.0,0.0,0.0,0.0,0.0,0.0,0.0,0.0,0.0,0.0,0.0,0.0,,,,,,,4,Robert Longerbeam,Rutgers,Big Ten,Cornerback,,,,,,,,,4.0
4576129,2025,194,6.0,19.0,22.5,113.0,0.0,36.0,181.0,1.0,0.0,4.0,0.0,0.0,0.0,0.0,0.0,0.0,0.0,0.0,0.0,0.0,0.0,0.0,0.0,0.0,0.0,0.0,0.0,0.0,0.0,0.0,0.0,0.0,0.0,0.0,0.0,0.0,0.0,0.0,0.0,,,,,,,5,Jalen McLeod,Auburn,SEC,Linebacker,,,,,,,,,
4576297,2024,121,0.0,0.0,0.0,6.0,0.0,0.0,9.0,0.0,0.0,0.0,0.0,0.0,0.0,0.0,0.0,0.0,0.0,0.0,0.0,0.0,0.0,0.0,0.0,0.0,0.0,0.0,1.0,0.0,13.0,0.0,0.0,0.0,0.0,63.0,5.0,604.0,0.0,0.0,0.0,,,13.0,,76.0,,4,A.J. Barner,Michigan,Big Ten,Tight End,,,9.587301587301587,,,13.0,,,
4578085,2024,19,2.0,10.0,17.0,46.0,0.0,27.5,86.0,0.0,0.0,3.0,0.0,0.0,0.0,0.0,0.0,0.0,0.0,0.0,0.0,0.0,0.0,0.0,0.0,0.0,0.0,0.0,0.0,0.0,0.0,0.0,0.0,0.0,0.0,0.0,0.0,0.0,0.0,0.0,0.0,,,,,,,3,Jared Verse,UAlbany,CAA,Defensive Edge,,,,,,,,,
4586312,2025,79,0.0,0.0,0.0,3.0,0.0,0.0,3.0,7.0,2.0,0.0,0.0,0.0,0.0,39.0,0.0,821.0,0.0,0.0,0.0,0.0,0.0,5.0,1.0,0.0,0.0,42.0,53.0,0.0,466.0,0.0,0.0,0.0,0.0,246.0,18.0,2888.0,13.0,0.0,84.0,72.0,,39.0,,82.0,27.0,4,Jaylin Noel,Iowa State,Big 12,Wide Receiver,0.2,8.4,11.739837398373984,6.461538461538462,21.05128205128205,8.79245283018868,,,
4586333,2024,189,4.0,6.0,7.5,47.0,1.0,11.0,92.0,0.0,0.0,4.0,1.0,1.0,40.0,0.0,0.0,0.0,0.0,0.0,0.0,0.0,0.0,0.0,0.0,0.0,0.0,0.0,0.0,0.0,0.0,0.0,0.0,0.0,0.0,0.0,0.0,0.0,0.0,0.0,0.0,,,,,,,3,Mehki Wingo,Missouri,SEC,Defensive Tackle,,,,,,,,,40.0
4588300,2025,201,4.0,4.0,4.5,106.0,0.0,17.5,188.0,0.0,0.0,2.0,0.0,0.0,0.0,0.0,0.0,0.0,0.0,0.0,0.0,0.0,0.0,0.0,0.0,0.0,0.0,0.0,0.0,0.0,0.0,0.0,0.0,0.0,0.0,0.0,0.0,0.0,0.0,0.0,0.0,,,,,,,4,Kobe King,Penn State,Big Ten,Linebacker,,,,,,,,,
4589212,2025,216,0.0,0.0,0.0,1.0,0.0,0.0,1.0,0.0,0.0,0.0,0.0,0.0,0.0,0.0,0.0,0.0,0.0,0.0,0.0,0.0,0.0,0.0,0.0,0.0,0.0,0.0,0.0,0.0,0.0,78.0,190.0,16.0,8820.0,0.0,0.0,0.0,2.0,0.0,18.0,,,,69.0,,28.0,5,Jeremy Crawshaw,Florida,SEC,Punter,,,,9.0,,,46.421052631578945,,
4590292,2025,219,0.0,0.0,0.0,1.0,0.0,0.0,1.0,1.0,0.0,0.0,0.0,0.0,0.0,0.0,0.0,0.0,0.0,0.0,0.0,0.0,0.0,0.0,0.0,0.0,0.0,0.0,0.0,0.0,0.0,0.0,0.0,0.0,0.0,61.0,4.0,633.0,0.0,0.0,0.0,,,,,33.0,,2,Thomas Fidone Jr.,Nebraska,Big Ten,Tight End,,,10.37704918032787,,,,,,
4591008,2025,63,2.0,6.0,13.5,48.0,0.0,17.0,90.0,0.0,0.0,1.0,0.0,0.0,0.0,0.0,0.0,0.0,0.0,0.0,0.0,0.0,0.0,0.0,0.0,0.0,0.0,0.0,0.0,0.0,0.0,0.0,0.0,0.0,0.0,0.0,0.0,0.0,0.0,0.0,0.0,,,,,,,5,Omarr Norman-Lott,Tennessee,SEC,Defensive Tackle,,,,,,,,,
4592837,2024,24,20.0,2.0,1.0,74.0,0.0,7.5,108.0,0.0,0.0,2.0,6.0,0.0,90.0,1.0,0.0,22.0,0.0,0.0,0.0,0.0,0.0,0.0,0.0,0.0,0.0,0.0,0.0,0.0,0.0,0.0,0.0,0.0,0.0,0.0,0.0,0.0,0.0,0.0,0.0,22.0,,,,,,2,Terrion Arnold,Alabama,SEC,Cornerback,,,,,22.0,,,,15.0
4594277,2025,97,5.0,1.0,2.0,128.0,0.0,11.5,176.0,0.0,0.0,0.0,3.0,0.0,0.0,0.0,0.0,0.0,0.0,0.0,0.0,0.0,0.0,0.0,0.0,0.0,0.0,0.0,0.0,0.0,0.0,0.0,0.0,0.0,0.0,0.0,0.0,0.0,0.0,0.0,0.0,,,,,,,4,Jaylin Smith,USC,Pac-12,Cornerback,,,,,,,,,0.0
4594321,2026,126,8.0,14.0,7.0,135.0,0.0,18.5,271.0,0.0,0.0,2.0,1.0,0.0,1.0,0.0,0.0,0.0,0.0,0.0,0.0,0.0,0.0,0.0,0.0,0.0,0.0,0.0,0.0,0.0,0.0,0.0,0.0,0.0,0.0,0.0,0.0,0.0,0.0,0.0,0.0,,,,,,,3,Kaleb Elarms-Orr,TCU,Big 12,Linebacker,,,,,,,,,1.0
4595342,2025,165,0.0,0.0,0.0,1.0,0.0,0.0,1.0,0.0,0.0,0.0,0.0,0.0,0.0,0.0,0.0,0.0,0.0,0.0,0.0,0.0,0.0,0.0,0.0,0.0,0.0,0.0,0.0,0.0,0.0,0.0,0.0,0.0,0.0,142.0,14.0,1982.0,1.0,0.0,12.0,,,,,46.0,12.0,4,Oronde Gadsden II,Syracuse,ACC,Tight End,,,13.95774647887324,12.0,,,,,
4595343,2026,134,14.0,9.0,8.5,179.0,0.0,31.5,292.0,0.0,0.0,3.0,5.0,0.0,41.0,0.0,0.0,0.0,0.0,0.0,0.0,0.0,0.0,0.0,0.0,0.0,0.0,0.0,0.0,0.0,0.0,0.0,0.0,0.0,0.0,0.0,0.0,0.0,0.0,0.0,0.0,,,,,,,4,Kendal Daniels,Oklahoma State,Big 12,Linebacker,,,,,,,,,8.2
4595348,2024,6,0.0,0.0,0.0,2.0,0.0,0.0,2.0,3.0,2.0,0.0,0.0,0.0,0.0,2.0,0.0,31.0,0.0,0.0,0.0,0.0,0.0,2.0,2.0,0.0,1.0,50.0,2.0,0.0,0.0,0.0,0.0,0.0,0.0,189.0,21.0,3003.0,6.0,0.0,29.0,17.0,,0.0,,75.0,13.0,3,Malik Nabers,LSU,SEC,Wide Receiver,1.0,25.0,15.88888888888889,4.833333333333333,15.5,0.0,,,
4596363,2024,99,14.0,0.0,1.0,93.0,2.0,5.0,155.0,0.0,0.0,2.0,11.0,2.0,156.0,1.0,0.0,0.0,0.0,0.0,0.0,0.0,0.0,0.0,0.0,0.0,0.0,0.0,0.0,0.0,0.0,0.0,0.0,0.0,0.0,0.0,0.0,0.0,0.0,0.0,0.0,0.0,,,,,,3,Kamren Kinchens,Miami,ACC,Safety,,,,,0.0,,,,14.181818181818182
4596439,2025,244,0.0,0.0,0.0,1.0,0.0,0.0,1.0,4.0,1.0,0.0,0.0,0.0,0.0,0.0,0.0,0.0,0.0,0.0,0.0,0.0,0.0,0.0,0.0,0.0,0.0,0.0,1.0,0.0,-4.0,0.0,0.0,0.0,0.0,195.0,13.0,2239.0,11.0,1.0,46.0,,,-4.0,,79.0,18.0,4,Dominic Lovett,Missouri,SEC,Wide Receiver,,,11.482051282051282,4.181818181818182,,-4.0,,,
4596448,2024,125,0.0,0.0,0.0,2.0,0.0,0.0,2.0,4.0,1.0,0.0,0.0,0.0,0.0,15.0,0.0,334.0,0.0,0.0,0.0,0.0,0.0,3.0,2.0,0.0,1.0,36.0,0.0,0.0,0.0,0.0,0.0,0.0,0.0,95.0,5.0,785.0,474.0,20.0,2931.0,41.0,,,,42.0,66.0,3,Mar'Keise Irving,Oregon,Pac-12,Running Back,0.6666666666666666,12.0,8.263157894736842,6.1835443037974684,22.266666666666666,,,,
4596480,2025,170,13.0,1.0,2.5,62.0,1.0,3.5,98.0,0.0,0.0,0.0,3.0,1.0,133.0,0.0,0.0,0.0,0.0,0.0,0.0,0.0,0.0,0.0,0.0,0.0,0.0,0.0,0.0,0.0,0.0,0.0,0.0,0.0,0.0,0.0,0.0,0.0,0.0,0.0,0.0,,,,,,,4,Jordan Hancock,Ohio State,Big Ten,Cornerback,,,,,,,,,44.333333333333336
4596542,2026,194,0.0,0.0,0.0,2.0,0.0,0.0,2.0,0.0,0.0,0.0,0.0,0.0,0.0,0.0,0.0,0.0,0.0,0.0,0.0,0.0,0.0,0.0,0.0,0.0,0.0,0.0,0.0,0.0,0.0,0.0,0.0,0.0,0.0,1.0,0.0,11.0,0.0,0.0,0.0,,,,,11.0,,2,Pat Coogan,Notre Dame,FBS Independents,Center,,,11.0,,,,,,
4596602,2025,228,1.0,0.0,0.0,3.0,1.0,0.0,3.0,4.0,2.0,0.0,0.0,0.0,0.0,53.0,1.0,1295.0,0.0,0.0,0.0,0.0,0.0,0.0,0.0,0.0,0.0,0.0,5.0,0.0,22.0,0.0,0.0,0.0,0.0,108.0,8.0,1097.0,252.0,15.0,1507.0,98.0,,18.0,,75.0,80.0,4,Brashard Smith,SMU,ACC,Running Back,,,10.157407407407407,5.98015873015873,24.433962264150942,4.4,,,
4597310,2026,86,0.0,0.0,0.0,0.0,1.0,0.0,0.0,0.0,0.0,0.0,0.0,0.0,0.0,0.0,0.0,0.0,0.0,0.0,0.0,0.0,0.0,0.0,0.0,0.0,0.0,0.0,0.0,0.0,0.0,0.0,0.0,0.0,0.0,0.0,0.0,0.0,0.0,1.0,-3.0,,,,,,0.0,2,Austin Barber,Florida,SEC,Offensive Tackle,,,,-inf,,,,,
4597500,2024,52,0.0,0.0,0.0,0.0,0.0,0.0,0.0,2.0,0.0,0.0,0.0,0.0,0.0,0.0,0.0,0.0,0.0,0.0,0.0,0.0,0.0,0.0,0.0,0.0,0.0,0.0,0.0,0.0,0.0,0.0,0.0,0.0,0.0,93.0,18.0,1405.0,2.0,0.0,1.0,,,,,62.0,5.0,3,Adonai Mitchell,Texas,Big 12,Wide Receiver,,,15.10752688172043,0.5,,,,,
4597703,2025,166,0.0,0.0,0.0,3.0,3.0,0.0,4.0,3.0,2.0,1.0,0.0,0.0,0.0,0.0,0.0,0.0,0.0,0.0,0.0,0.0,0.0,6.0,5.0,1.0,1.0,151.0,26.0,3.0,423.0,0.0,0.0,0.0,0.0,264.0,27.0,3593.0,3.0,0.0,28.0,,,79.0,,85.0,22.0,5,Tory Horton,Nevada,Mountain West,Wide Receiver,0.8333333333333334,25.166666666666668,13.609848484848484,9.333333333333334,,16.26923076923077,,,
4599739,2023,71,0.0,0.0,0.0,0.0,0.0,0.0,0.0,4.0,2.0,0.0,0.0,0.0,0.0,0.0,0.0,0.0,0.0,0.0,0.0,0.0,0.0,0.0,0.0,0.0,0.0,0.0,0.0,0.0,0.0,0.0,0.0,0.0,0.0,29.0,1.0,229.0,361.0,26.0,2410.0,,,,,53.0,89.0,3,Kendre Miller,TCU,Big 12,Running Back,,,7.896551724137931,6.67590027700831,,,,,
4600415,2024,54,0.0,3.0,6.0,19.0,0.0,10.0,45.0,0.0,0.0,1.0,0.0,0.0,0.0,0.0,0.0,0.0,0.0,0.0,0.0,0.0,0.0,0.0,0.0,0.0,0.0,0.0,0.0,0.0,0.0,0.0,0.0,0.0,0.0,0.0,0.0,0.0,0.0,0.0,0.0,,,,,,,3,Mike Hall,Ohio State,Big Ten,Defensive Tackle,,,,,,,,,
4600981,2025,74,0.0,0.0,0.0,2.0,0.0,0.0,2.0,1.0,1.0,0.0,0.0,0.0,0.0,6.0,0.0,124.0,0.0,0.0,0.0,0.0,0.0,0.0,0.0,0.0,0.0,0.0,0.0,0.0,0.0,0.0,0.0,0.0,0.0,135.0,19.0,2086.0,6.0,0.0,17.0,27.0,,,,64.0,7.0,4,Patrick Bryant,Illinois,Big Ten,Wide Receiver,,,15.451851851851853,2.8333333333333335,20.666666666666668,,,,
4601021,2024,151,8.0,4.0,3.0,153.0,0.0,11.5,211.0,0.0,0.0,1.0,9.0,0.0,65.0,2.0,0.0,11.0,0.0,0.0,0.0,0.0,0.0,0.0,0.0,0.0,0.0,0.0,0.0,0.0,0.0,0.0,0.0,0.0,0.0,0.0,0.0,0.0,0.0,0.0,0.0,11.0,,,,,,4,Jaylon Carlies,Missouri,SEC,Safety,,,,,5.5,,,,7.222222222222222
4601278,2024,30,19.0,0.0,1.0,47.0,2.0,3.0,55.0,0.0,0.0,0.0,3.0,2.0,150.0,0.0,0.0,0.0,0.0,0.0,0.0,0.0,0.0,0.0,0.0,0.0,0.0,0.0,0.0,0.0,0.0,0.0,0.0,0.0,0.0,0.0,0.0,0.0,0.0,0.0,0.0,,,,,,,3,Nathaniel Wiggins,Clemson,ACC,Cornerback,,,,,,,,,50.0
4602019,2026,18,1.0,9.0,6.5,20.0,0.0,10.5,48.0,0.0,0.0,2.0,0.0,0.0,0.0,0.0,0.0,0.0,0.0,0.0,0.0,0.0,0.0,0.0,0.0,0.0,0.0,0.0,0.0,0.0,0.0,0.0,0.0,0.0,0.0,0.0,0.0,0.0,0.0,0.0,0.0,,,,,,,4,Caleb Banks,Louisville,ACC,Defensive Tackle,,,,,,,,,
4602197,2025,64,21.0,2.0,1.0,121.0,0.0,7.5,191.0,0.0,0.0,2.0,6.0,0.0,12.0,0.0,0.0,0.0,0.0,0.0,0.0,0.0,0.0,0.0,0.0,0.0,0.0,0.0,0.0,0.0,0.0,0.0,0.0,0.0,0.0,0.0,0.0,0.0,0.0,0.0,0.0,,,,,,,4,Andrew Mukuba,Texas,SEC,Safety,,,,,,,,,2.0
4602389,2025,156,4.0,17.0,4.5,113.0,1.0,14.0,218.0,0.0,0.0,0.0,3.0,1.0,78.0,0.0,0.0,0.0,0.0,0.0,0.0,0.0,0.0,0.0,0.0,0.0,0.0,0.0,0.0,0.0,0.0,0.0,0.0,0.0,0.0,0.0,0.0,0.0,0.0,0.0,0.0,,,,,,,4,Jeffrey Bassa,Oregon,Pac-12,Linebacker,,,,,,,,,26.0
4602667,2025,128,0.0,0.0,0.0,5.0,2.0,0.0,6.0,9.0,3.0,0.0,0.0,0.0,0.0,41.0,0.0,861.0,0.0,0.0,0.0,0.0,0.0,2.0,1.0,0.0,1.0,6.0,68.0,2.0,742.0,0.0,0.0,0.0,0.0,203.0,18.0,2532.0,46.0,3.0,264.0,43.0,,70.0,,89.0,29.0,5,Jaylin Lane,Virginia Tech,ACC,Wide Receiver,0.5,3.0,12.472906403940886,5.739130434782608,21.0,10.911764705882353,,,
4602699,2024,42,13.0,0.0,1.0,53.0,0.0,7.0,78.0,1.0,0.0,0.0,1.0,0.0,0.0,0.0,0.0,0.0,0.0,0.0,0.0,0.0,0.0,0.0,0.0,0.0,0.0,0.0,1.0,0.0,-4.0,0.0,0.0,0.0,0.0,0.0,0.0,0.0,0.0,0.0,0.0,,,-4.0,,,,3,Kamari Lassiter,Georgia,SEC,Cornerback,,,,,,-4.0,,,0.0
4602943,2025,172,5.0,12.0,9.0,109.0,0.0,26.5,212.0,1.0,1.0,2.0,1.0,0.0,10.0,0.0,0.0,0.0,0.0,0.0,0.0,0.0,0.0,0.0,0.0,0.0,0.0,0.0,0.0,0.0,0.0,0.0,0.0,0.0,0.0,0.0,0.0,0.0,0.0,0.0,0.0,,,,,,,4,Chris Paul Jr.,Ole Miss,SEC,Linebacker,,,,,,,,,10.0
4603186,2025,58,0.0,0.0,0.0,1.0,0.0,0.0,3.0,2.0,2.0,0.0,0.0,0.0,0.0,5.0,0.0,92.0,0.0,0.0,0.0,0.0,0.0,0.0,0.0,0.0,0.0,0.0,6.0,0.0,37.0,0.0,0.0,0.0,0.0,133.0,13.0,1869.0,3.0,0.0,4.0,27.0,,18.0,,52.0,7.0,4,Jack Bech,TCU,Big 12,Wide Receiver,,,14.052631578947368,1.3333333333333333,18.4,6.166666666666667,,,
4603189,2025,101,5.0,16.0,9.5,37.0,0.0,15.0,97.0,0.0,0.0,1.0,0.0,0.0,0.0,0.0,0.0,0.0,0.0,0.0,0.0,0.0,0.0,0.0,0.0,0.0,0.0,0.0,0.0,0.0,0.0,0.0,0.0,0.0,0.0,0.0,0.0,0.0,0.0,0.0,0.0,,,,,,,4,Savion Jones,LSU,SEC,Defensive Edge,,,,,,,,,
4605498,2024,112,10.0,0.0,1.0,101.0,0.0,2.0,171.0,0.0,0.0,2.0,0.0,0.0,0.0,0.0,0.0,0.0,0.0,0.0,0.0,0.0,0.0,0.0,0.0,0.0,0.0,0.0,0.0,0.0,0.0,0.0,0.0,0.0,0.0,0.0,0.0,0.0,0.0,0.0,0.0,,,,,,,3,Decamerion Richardson,Mississippi State,SEC,Cornerback,,,,,,,,,
4605951,2026,197,0.0,0.0,0.0,2.0,0.0,0.0,2.0,1.0,1.0,0.0,0.0,0.0,0.0,0.0,0.0,0.0,0.0,0.0,0.0,0.0,0.0,2.0,2.0,0.0,1.0,80.0,2.0,0.0,17.0,0.0,0.0,0.0,0.0,198.0,28.0,2991.0,0.0,1.0,0.0,,,13.0,,75.0,0.0,6,C.J. Daniels,Miami,ACC,Wide Receiver,1.0,40.0,15.106060606060606,,,8.5,,,
4606666,2026,171,18.0,1.0,1.0,49.0,0.0,3.5,76.0,0.0,0.0,1.0,6.0,0.0,2.0,0.0,0.0,0.0,0.0,0.0,0.0,0.0,0.0,0.0,0.0,0.0,0.0,0.0,0.0,0.0,0.0,0.0,0.0,0.0,0.0,0.0,0.0,0.0,0.0,0.0,0.0,,,,,,,5,Karon Prunty,Wake Forest,ACC,Cornerback,,,,,,,,,0.3333333333333333
4606683,2024,77,0.0,0.0,0.0,0.0,0.0,0.0,1.0,0.0,0.0,0.0,0.0,0.0,0.0,0.0,0.0,0.0,0.0,0.0,0.0,0.0,0.0,0.0,0.0,0.0,0.0,0.0,0.0,0.0,0.0,0.0,0.0,0.0,0.0,0.0,0.0,0.0,0.0,0.0,0.0,,,,,,,1,Delmar Glaze,Maryland,Big Ten,Offensive Tackle,,,,,,,,,
4606711,2024,14,0.0,0.0,0.0,1.0,0.0,0.0,1.0,0.0,0.0,0.0,0.0,0.0,0.0,0.0,0.0,0.0,0.0,0.0,0.0,0.0,0.0,0.0,0.0,0.0,0.0,0.0,0.0,0.0,0.0,0.0,0.0,0.0,0.0,0.0,0.0,0.0,0.0,0.0,0.0,,,,,,,1,Taliese Fuaga,Oregon State,Pac-12,Offensive Tackle,,,,,,,,,
4608004,2025,229,44.0,1.0,1.5,165.0,1.0,4.5,226.0,3.0,3.0,1.0,2.0,0.0,16.0,0.0,0.0,0.0,0.0,0.0,0.0,0.0,0.0,0.0,0.0,0.0,0.0,0.0,16.0,1.0,217.0,0.0,0.0,0.0,0.0,0.0,0.0,0.0,0.0,0.0,0.0,,,68.0,,,,5,Donte Kent,Central Michigan,Mid-American,Cornerback,,,,,,13.5625,,,8.0
4608686,2025,233,0.0,0.0,0.0,2.0,0.0,0.0,3.0,0.0,0.0,0.0,0.0,0.0,0.0,0.0,0.0,0.0,0.0,0.0,0.0,0.0,0.0,1.0,0.0,0.0,0.0,0.0,0.0,0.0,0.0,0.0,0.0,0.0,0.0,38.0,1.0,252.0,669.0,27.0,3235.0,,,,,20.0,62.0,4,Kyle Monangai,Rutgers,Big Ten,Running Back,0.0,0.0,6.631578947368421,4.835575485799701,,,,,
4608810,2025,235,0.0,0.0,0.0,2.0,1.0,0.0,2.0,7.0,2.0,0.0,0.0,0.0,0.0,2.0,0.0,12.0,0.0,0.0,0.0,0.0,0.0,4.0,1.0,1.0,1.0,7.0,57.0,1.0,552.0,0.0,0.0,0.0,0.0,310.0,28.0,3884.0,9.0,1.0,50.0,12.0,,85.0,,77.0,31.0,5,Tez Johnson,Troy,Sun Belt,Wide Receiver,0.25,1.75,12.529032258064516,5.555555555555555,6.0,9.68421052631579,,,
4608890,2025,171,0.0,0.0,0.0,1.0,0.0,0.0,2.0,0.0,0.0,0.0,0.0,0.0,0.0,0.0,0.0,0.0,0.0,0.0,0.0,0.0,0.0,0.0,0.0,0.0,0.0,0.0,0.0,0.0,0.0,0.0,0.0,0.0,0.0,0.0,0.0,0.0,0.0,0.0,0.0,,,,,,,2,Miles Frazier,LSU,SEC,Offensive Guard,,,,,,,,,
4608929,2026,88,0.0,0.0,0.0,2.0,0.0,0.0,2.0,0.0,0.0,0.0,0.0,0.0,0.0,0.0,0.0,0.0,0.0,0.0,0.0,0.0,0.0,0.0,0.0,0.0,0.0,0.0,0.0,0.0,0.0,0.0,0.0,0.0,0.0,0.0,0.0,0.0,0.0,0.0,0.0,,,,,,,1,Emmanuel Pregnon,Wyoming,Mountain West,Offensive Guard,,,,,,,,,
4609048,2024,29,0.0,0.0,0.0,0.0,0.0,0.0,0.0,0.0,0.0,0.0,0.0,0.0,0.0,0.0,0.0,0.0,0.0,0.0,0.0,0.0,0.0,0.0,0.0,0.0,0.0,0.0,0.0,0.0,0.0,0.0,0.0,0.0,0.0,1.0,1.0,6.0,0.0,0.0,0.0,,,,,6.0,,1,Tyler Guyton,TCU,Big 12,Offensive Tackle,,,6.0,,,,,,
4609203,2026,242,5.0,7.0,4.5,41.0,0.0,12.0,95.0,0.0,0.0,0.0,0.0,0.0,0.0,0.0,0.0,0.0,0.0,0.0,0.0,0.0,0.0,0.0,0.0,0.0,0.0,0.0,0.0,0.0,0.0,0.0,0.0,0.0,0.0,0.0,0.0,0.0,0.0,0.0,0.0,,,,,,,4,Deven Eastern,Minnesota,Big Ten,Defensive Tackle,,,,,,,,,
4610705,2025,85,20.0,1.0,0.0,133.0,2.0,5.0,200.0,3.0,3.0,5.0,14.0,1.0,116.0,26.0,1.0,591.0,0.0,0.0,0.0,0.0,0.0,0.0,0.0,0.0,0.0,0.0,13.0,0.0,72.0,0.0,0.0,0.0,0.0,0.0,0.0,0.0,0.0,0.0,0.0,80.0,,22.0,,,,5,Nohl Williams,UNLV,Mountain West,Cornerback,,,,,22.73076923076923,5.538461538461538,,,8.285714285714286
4611993,2025,137,2.0,9.0,11.0,29.0,0.0,21.0,73.0,0.0,0.0,0.0,0.0,0.0,0.0,0.0,0.0,0.0,0.0,0.0,0.0,0.0,0.0,0.0,0.0,0.0,0.0,0.0,0.0,0.0,0.0,0.0,0.0,0.0,0.0,0.0,0.0,0.0,0.0,0.0,0.0,,,,,,,4,Joshua Farmer,Florida State,ACC,Defensive Tackle,,,,,,,,,
4612077,2025,192,0.0,0.0,0.0,0.0,0.0,0.0,0.0,0.0,0.0,0.0,0.0,0.0,0.0,0.0,0.0,0.0,0.0,0.0,0.0,0.0,0.0,0.0,0.0,0.0,0.0,0.0,0.0,0.0,0.0,0.0,0.0,0.0,0.0,0.0,0.0,0.0,0.0,0.0,-2.0,,,,,,0.0,1,Bryce Cabledue,Kansas,Big 12,Offensive Tackle,,,,-inf,,,,,
4612298,2026,81,10.0,5.0,3.5,47.0,0.0,10.5,116.0,0.0,0.0,0.0,0.0,0.0,0.0,0.0,0.0,0.0,0.0,0.0,0.0,0.0,0.0,0.0,0.0,0.0,0.0,0.0,0.0,0.0,0.0,0.0,0.0,0.0,0.0,0.0,0.0,0.0,0.0,0.0,0.0,,,,,,,4,Albert Regis,Texas A&M,SEC,Defensive Tackle,,,,,,,,,
4612387,2023,31,1.0,6.0,20.5,65.0,0.0,26.5,93.0,0.0,0.0,0.0,0.0,0.0,0.0,0.0,0.0,0.0,0.0,0.0,0.0,0.0,0.0,0.0,0.0,0.0,0.0,0.0,0.0,0.0,0.0,0.0,0.0,0.0,0.0,0.0,0.0,0.0,0.0,0.0,0.0,,,,,,,3,Felix Anudike,Kansas State,Big 12,Defensive End,,,,,,,,,
4612826,2024,34,0.0,0.0,0.0,1.0,0.0,0.0,1.0,3.0,2.0,0.0,0.0,0.0,0.0,1.0,0.0,15.0,0.0,0.0,0.0,0.0,0.0,0.0,0.0,0.0,0.0,0.0,21.0,0.0,274.0,0.0,0.0,0.0,0.0,119.0,14.0,1687.0,13.0,4.0,216.0,15.0,,39.0,,60.0,70.0,3,Ladd McConkey,Georgia,SEC,Wide Receiver,,,14.176470588235293,16.615384615384617,15.0,13.047619047619047,,,
4612836,2026,103,2.0,5.0,7.0,52.0,0.0,10.5,124.0,0.0,0.0,0.0,0.0,0.0,0.0,0.0,0.0,0.0,0.0,0.0,0.0,0.0,0.0,0.0,0.0,0.0,0.0,0.0,0.0,0.0,0.0,0.0,0.0,0.0,0.0,0.0,0.0,0.0,0.0,0.0,0.0,,,,,,,5,Darrell Jackson,Miami,ACC,Defensive Tackle,,,,,,,,,
4613104,2024,65,0.0,0.0,0.0,1.0,0.0,0.0,1.0,3.0,2.0,0.0,0.0,0.0,0.0,0.0,0.0,0.0,0.0,0.0,0.0,0.0,0.0,0.0,0.0,0.0,0.0,0.0,0.0,0.0,0.0,0.0,0.0,0.0,0.0,259.0,29.0,3033.0,16.0,0.0,92.0,,,,,76.0,29.0,4,Malachi Corley,Western Kentucky,Conference USA,Wide Receiver,,,11.71042471042471,5.75,,,,,
4613202,2025,69,0.0,0.0,0.0,2.0,0.0,0.0,3.0,1.0,1.0,0.0,0.0,0.0,0.0,1.0,0.0,36.0,0.0,0.0,0.0,0.0,0.0,1.0,1.0,0.0,0.0,15.0,0.0,0.0,0.0,0.0,0.0,0.0,0.0,248.0,29.0,3603.0,17.0,0.0,72.0,36.0,,,,75.0,22.0,5,Kyle Williams,Washington State,Pac-12,Wide Receiver,1.0,15.0,14.528225806451612,4.235294117647059,36.0,,,,
4629149,2025,139,3.0,1.0,4.0,29.0,0.0,12.5,37.0,0.0,0.0,2.0,0.0,0.0,0.0,0.0,0.0,0.0,0.0,0.0,0.0,0.0,0.0,0.0,0.0,0.0,0.0,0.0,0.0,0.0,0.0,0.0,0.0,0.0,0.0,0.0,0.0,0.0,0.0,0.0,0.0,,,,,,,4,Tyrion Ingram-Dawkins,Georgia,SEC,Defensive Edge,,,,,,,,,
4635008,2024,33,0.0,0.0,0.0,2.0,0.0,0.0,2.0,3.0,0.0,0.0,0.0,0.0,0.0,0.0,0.0,0.0,0.0,0.0,0.0,0.0,0.0,0.0,0.0,0.0,0.0,0.0,25.0,0.0,300.0,0.0,0.0,0.0,0.0,115.0,19.0,1506.0,1.0,0.0,2.0,,,72.0,,58.0,2.0,3,Keon Coleman,Michigan State,Big Ten,Wide Receiver,,,13.095652173913043,2.0,,12.0,,,
4646773,2025,81,0.0,0.0,0.0,0.0,0.0,0.0,0.0,0.0,0.0,1.0,0.0,0.0,0.0,0.0,0.0,0.0,0.0,0.0,0.0,0.0,0.0,0.0,0.0,0.0,0.0,0.0,0.0,0.0,0.0,0.0,0.0,0.0,0.0,0.0,0.0,0.0,0.0,0.0,0.0,,,,,,,1,Dylan Fairchild,Georgia,SEC,Offensive Guard,,,,,,,,,
4676004,2024,60,11.0,1.0,7.5,106.0,0.0,21.5,182.0,0.0,0.0,5.0,3.0,0.0,10.0,0.0,0.0,0.0,0.0,0.0,0.0,0.0,0.0,0.0,0.0,0.0,0.0,0.0,0.0,0.0,0.0,0.0,0.0,0.0,0.0,0.0,0.0,0.0,0.0,0.0,0.0,,,,,,,3,Cole Bishop,Utah,Pac-12,Safety,,,,,,,,,3.3333333333333335
4677281,2025,224,1.0,7.0,5.0,39.0,0.0,10.0,103.0,0.0,0.0,1.0,0.0,0.0,0.0,0.0,0.0,0.0,0.0,0.0,0.0,0.0,0.0,0.0,0.0,0.0,0.0,0.0,0.0,0.0,0.0,0.0,0.0,0.0,0.0,0.0,0.0,0.0,0.0,0.0,0.0,,,,,,,4,Kyonte Hamilton,Rutgers,Big Ten,Defensive Tackle,,,,,,,,,
4678006,2025,50,0.0,0.0,0.0,1.0,0.0,0.0,1.0,1.0,1.0,0.0,0.0,0.0,0.0,0.0,0.0,0.0,0.0,0.0,0.0,0.0,0.0,1.0,1.0,0.0,1.0,7.0,0.0,0.0,0.0,0.0,0.0,0.0,0.0,46.0,8.0,753.0,0.0,0.0,0.0,,,,,74.0,,4,Elijah Arroyo,Miami,ACC,Tight End,1.0,7.0,16.369565217391305,,,,,,
4678008,2024,46,0.0,0.0,0.0,3.0,0.0,1.0,4.0,2.0,1.0,0.0,0.0,0.0,0.0,1.0,0.0,0.0,0.0,0.0,0.0,0.0,0.0,0.0,0.0,0.0,0.0,0.0,0.0,0.0,0.0,0.0,0.0,0.0,0.0,28.0,2.0,335.0,238.0,16.0,1479.0,0.0,,,,73.0,70.0,3,Jonathon Brooks,Texas,Big 12,Running Back,,,11.964285714285714,6.214285714285714,0.0,,,,
4682488,2026,150,10.0,1.0,3.0,144.0,0.0,13.0,269.0,0.0,0.0,1.0,5.0,0.0,39.0,1.0,0.0,29.0,0.0,0.0,0.0,0.0,0.0,0.0,0.0,0.0,0.0,0.0,0.0,0.0,0.0,0.0,0.0,0.0,0.0,0.0,0.0,0.0,0.0,0.0,0.0,29.0,,,,,,5,Dalton Johnson,Arizona,Pac-12,Safety,,,,,29.0,,,,7.8
4682618,2024,40,13.0,0.0,0.0,82.0,4.0,4.0,113.0,0.0,0.0,0.0,7.0,3.0,132.0,1.0,0.0,20.0,0.0,0.0,0.0,0.0,0.0,0.0,0.0,0.0,0.0,0.0,31.0,1.0,406.0,0.0,0.0,0.0,0.0,0.0,0.0,0.0,1.0,0.0,8.0,20.0,,70.0,,,8.0,3,Cooper DeJean,Iowa,Big Ten,Cornerback,,,,8.0,20.0,13.096774193548388,,,18.857142857142858
4682648,2026,74,0.0,0.0,0.0,6.0,0.0,0.0,6.0,3.0,2.0,0.0,0.0,0.0,0.0,0.0,0.0,0.0,0.0,0.0,0.0,0.0,0.0,3.0,2.0,0.0,0.0,51.0,0.0,0.0,0.0,0.0,0.0,0.0,0.0,165.0,16.0,2479.0,1.0,0.0,-6.0,,,,,66.0,0.0,5,Malachi Fields,Virginia,ACC,Wide Receiver,0.6666666666666666,17.0,15.024242424242424,-6.0,,,,,
4682652,2025,184,0.0,0.0,0.0,1.0,0.0,0.0,1.0,5.0,1.0,0.0,0.0,0.0,0.0,2.0,0.0,0.0,0.0,0.0,0.0,0.0,0.0,1.0,0.0,0.0,0.0,0.0,0.0,0.0,0.0,0.0,0.0,0.0,0.0,77.0,4.0,711.0,760.0,49.0,4343.0,0.0,,,,59.0,80.0,4,Devin Neal,Kansas,Big 12,Running Back,0.0,0.0,9.233766233766234,5.714473684210526,0.0,,,,
4682745,2024,120,0.0,0.0,0.0,0.0,0.0,0.0,1.0,5.0,3.0,0.0,0.0,0.0,0.0,0.0,0.0,0.0,0.0,0.0,0.0,0.0,0.0,0.0,0.0,0.0,0.0,0.0,0.0,0.0,0.0,0.0,0.0,0.0,0.0,30.0,0.0,171.0,368.0,18.0,2297.0,,,,,20.0,83.0,3,Jaylen Wright,Tennessee,SEC,Running Back,,,5.7,6.241847826086956,,,,,
4682758,2026,239,0.0,0.0,0.0,3.0,0.0,0.0,3.0,0.0,0.0,0.0,0.0,0.0,0.0,0.0,0.0,0.0,0.0,0.0,2.0,2.0,2.0,0.0,0.0,0.0,0.0,0.0,0.0,0.0,0.0,51.0,153.0,13.0,6627.0,0.0,0.0,0.0,0.0,0.0,0.0,,0.0,,71.0,,,4,Tommy Doman,Michigan,Big Ten,Punter,,,,,,,43.31372549019608,,
4682789,2026,202,1.0,0.0,0.0,2.0,0.0,0.0,2.0,0.0,0.0,0.0,0.0,0.0,0.0,0.0,0.0,0.0,0.0,0.0,0.0,0.0,0.0,0.0,0.0,0.0,0.0,0.0,0.0,0.0,0.0,0.0,0.0,0.0,0.0,0.0,0.0,0.0,0.0,0.0,0.0,,,,,,,3,Logan Taylor,Miami,ACC,Offensive Guard,,,,,,,,,
4682818,2026,145,4.0,1.0,2.0,33.0,1.0,6.0,69.0,0.0,0.0,1.0,1.0,0.0,-5.0,0.0,0.0,0.0,0.0,0.0,0.0,0.0,0.0,0.0,0.0,0.0,0.0,0.0,0.0,0.0,0.0,0.0,0.0,0.0,0.0,0.0,0.0,0.0,0.0,0.0,0.0,,,,,,,4,Nick Barrett,South Carolina,SEC,Defensive Tackle,,,,,,,,,-5.0
4682909,2025,80,27.0,1.0,1.0,102.0,1.0,4.0,142.0,0.0,0.0,6.0,7.0,1.0,168.0,0.0,0.0,0.0,0.0,0.0,0.0,0.0,0.0,0.0,0.0,0.0,0.0,0.0,0.0,0.0,0.0,0.0,0.0,0.0,0.0,0.0,0.0,0.0,0.0,0.0,0.0,,,,,,,4,Justin Walley,Minnesota,Big Ten,Cornerback,,,,,,,,,24.0
4682980,2025,21,4.0,15.0,8.5,49.0,0.0,17.0,112.0,0.0,0.0,3.0,0.0,0.0,0.0,0.0,0.0,0.0,0.0,0.0,0.0,0.0,0.0,0.0,0.0,0.0,0.0,0.0,0.0,0.0,0.0,0.0,0.0,0.0,0.0,0.0,0.0,0.0,0.0,0.0,0.0,,,,,,,4,Derrick Harmon,Oregon,Big Ten,Defensive Tackle,,,,,,,,,
4682983,2025,90,3.0,18.0,30.0,81.0,0.0,46.0,143.0,0.0,0.0,2.0,0.0,0.0,0.0,0.0,0.0,0.0,0.0,0.0,0.0,0.0,0.0,0.0,0.0,0.0,0.0,0.0,0.0,0.0,0.0,0.0,0.0,0.0,0.0,0.0,0.0,0.0,0.0,0.0,0.0,,,,,,,4,Josaiah Stewart,Michigan,Big Ten,Defensive Edge,,,,,,,,,
4683059,2025,159,7.0,33.0,23.5,86.0,0.0,40.5,133.0,0.0,0.0,1.0,0.0,0.0,0.0,0.0,0.0,0.0,0.0,0.0,0.0,0.0,0.0,0.0,0.0,0.0,0.0,0.0,0.0,0.0,0.0,0.0,0.0,0.0,0.0,0.0,0.0,0.0,0.0,0.0,0.0,,,,,,,4,Collin Oliver,Oklahoma State,Big 12,Linebacker,,,,,,,,,
4683062,2024,28,0.0,0.0,0.0,3.0,1.0,0.0,4.0,6.0,4.0,1.0,0.0,0.0,0.0,2.0,0.0,33.0,0.0,0.0,0.0,0.0,0.0,3.0,2.0,0.0,1.0,68.0,41.0,1.0,564.0,0.0,0.0,0.0,0.0,197.0,26.0,2755.0,7.0,0.0,56.0,18.0,,74.0,,75.0,16.0,3,Xavier Worthy,Texas,Big 12,Wide Receiver,0.6666666666666666,22.666666666666668,13.98477157360406,8.0,16.5,13.75609756097561,,,
4683101,2026,238,9.0,17.0,14.5,39.0,0.0,20.5,63.0,0.0,0.0,2.0,0.0,0.0,0.0,0.0,0.0,0.0,0.0,0.0,0.0,0.0,0.0,0.0,0.0,0.0,0.0,0.0,0.0,0.0,0.0,0.0,0.0,0.0,0.0,0.0,0.0,0.0,0.0,0.0,0.0,,,,,,,4,Max Llewellyn,Iowa,Big Ten,Defensive Edge,,,,,,,,,
4683151,2026,254,0.0,0.0,0.0,7.0,0.0,0.0,7.0,1.0,1.0,0.0,0.0,0.0,0.0,14.0,0.0,278.0,0.0,0.0,0.0,0.0,0.0,0.0,0.0,0.0,0.0,0.0,0.0,0.0,0.0,0.0,0.0,0.0,0.0,151.0,14.0,1669.0,18.0,0.0,48.0,37.0,,,,84.0,12.0,5,Deion Burks,Purdue,Big Ten,Wide Receiver,,,11.052980132450331,2.6666666666666665,19.857142857142858,,,,
4683153,2026,125,0.0,0.0,0.0,0.0,0.0,0.0,0.0,2.0,1.0,0.0,0.0,0.0,0.0,0.0,0.0,0.0,0.0,0.0,0.0,0.0,0.0,0.0,0.0,0.0,0.0,0.0,0.0,0.0,0.0,0.0,0.0,0.0,0.0,220.0,24.0,2892.0,15.0,0.0,162.0,,,,,80.0,44.0,5,Skyler Bell,Wisconsin,Big Ten,Wide Receiver,,,13.145454545454545,10.8,,,,,
4683159,2026,204,0.0,0.0,0.0,0.0,0.0,0.0,0.0,4.0,2.0,0.0,0.0,0.0,0.0,4.0,0.0,72.0,0.0,0.0,0.0,0.0,0.0,0.0,0.0,0.0,0.0,0.0,6.0,0.0,67.0,0.0,0.0,0.0,0.0,214.0,11.0,2402.0,8.0,0.0,9.0,22.0,,25.0,,54.0,11.0,5,Lewis Bond,Boston College,ACC,Wide Receiver,,,11.22429906542056,1.125,18.0,11.166666666666666,,,
4683188,2025,59,2.0,21.0,21.5,60.0,0.0,30.0,123.0,0.0,0.0,1.0,0.0,0.0,0.0,0.0,0.0,0.0,0.0,0.0,0.0,0.0,0.0,0.0,0.0,0.0,0.0,0.0,0.0,0.0,0.0,0.0,0.0,0.0,0.0,0.0,0.0,0.0,0.0,0.0,0.0,,,,,,,3,Michael Green,Virginia,ACC,Defensive Edge,,,,,,,,,
4683194,2026,231,0.0,0.0,0.0,0.0,0.0,0.0,2.0,0.0,0.0,0.0,0.0,0.0,0.0,0.0,0.0,0.0,0.0,0.0,0.0,0.0,0.0,0.0,0.0,0.0,0.0,0.0,0.0,0.0,0.0,0.0,0.0,0.0,0.0,0.0,0.0,0.0,0.0,0.0,0.0,,,,,,,2,Ethan Onianwa,Rice,Conference USA,Offensive Tackle,,,,,,,,,
4683215,2025,112,7.0,8.0,7.0,176.0,1.0,33.5,354.0,0.0,0.0,1.0,3.0,1.0,70.0,0.0,0.0,0.0,0.0,0.0,0.0,0.0,0.0,0.0,0.0,0.0,0.0,0.0,0.0,0.0,0.0,0.0,0.0,0.0,0.0,0.0,0.0,0.0,0.0,0.0,0.0,,,,,,,4,Danny Stutsman,Oklahoma,SEC,Linebacker,,,,,,,,,23.333333333333332
4683243,2025,163,0.0,0.0,0.0,1.0,0.0,0.0,1.0,1.0,0.0,0.0,0.0,0.0,0.0,0.0,0.0,0.0,0.0,0.0,0.0,0.0,0.0,0.0,0.0,0.0,0.0,0.0,0.0,0.0,0.0,0.0,0.0,0.0,0.0,77.0,5.0,903.0,8.0,1.0,13.0,,,,,36.0,4.0,4,Mitchell Evans,Notre Dame,FBS Independents,Tight End,,,11.727272727272727,1.625,,,,,
4683276,2025,253,7.0,1.0,2.0,53.0,0.0,9.0,101.0,0.0,0.0,2.0,0.0,0.0,0.0,0.0,0.0,0.0,0.0,0.0,0.0,0.0,0.0,0.0,0.0,0.0,0.0,0.0,0.0,0.0,0.0,0.0,0.0,0.0,0.0,0.0,0.0,0.0,0.0,0.0,0.0,,,,,,,4,Zeek Biggers,Georgia Tech,ACC,Defensive Tackle,,,,,,,,,
4683347,2025,88,6.0,2.0,1.0,63.0,0.0,8.0,107.0,0.0,0.0,1.0,1.0,0.0,10.0,0.0,0.0,0.0,0.0,0.0,0.0,0.0,0.0,0.0,0.0,0.0,0.0,0.0,0.0,0.0,0.0,0.0,0.0,0.0,0.0,0.0,0.0,0.0,0.0,0.0,0.0,,,,,,,4,Caleb Ransaw,Tulane,American Athletic,Cornerback,,,,,,,,,10.0
4683423,2025,189,0.0,0.0,0.0,0.0,0.0,0.0,0.0,13.0,3.0,0.0,0.0,0.0,0.0,0.0,0.0,0.0,0.0,0.0,0.0,0.0,0.0,1021.0,651.0,18.0,45.0,7311.0,0.0,0.0,0.0,1.0,1.0,0.0,28.0,1.0,0.0,-8.0,413.0,36.0,2129.0,,,,28.0,0.0,74.0,4,Riley Leonard,Notre Dame,FBS Independents,Quarterback,0.6376101860920667,7.160626836434868,-8.0,5.154963680387409,,,28.0,,
4683450,2025,247,2.0,1.0,4.0,44.0,0.0,7.5,77.0,0.0,0.0,1.0,0.0,0.0,0.0,0.0,0.0,0.0,0.0,0.0,0.0,0.0,0.0,0.0,0.0,0.0,0.0,0.0,0.0,0.0,0.0,0.0,0.0,0.0,0.0,0.0,0.0,0.0,0.0,0.0,0.0,,,,,,,4,Tommy Akingbesote,Maryland,Big Ten,Defensive Tackle,,,,,,,,,
4683463,2026,209,0.0,0.0,0.0,1.0,0.0,0.0,1.0,0.0,0.0,0.0,0.0,0.0,0.0,0.0,0.0,0.0,0.0,0.0,0.0,0.0,0.0,0.0,0.0,0.0,0.0,0.0,0.0,0.0,0.0,0.0,0.0,0.0,0.0,0.0,0.0,0.0,0.0,0.0,0.0,,,,,,,1,Matt Gulbin,Wake Forest,ACC,Center,,,,,,,,,
4683487,2024,5,0.0,0.0,0.0,1.0,0.0,0.0,1.0,0.0,0.0,0.0,0.0,0.0,0.0,0.0,0.0,0.0,0.0,0.0,0.0,0.0,0.0,0.0,0.0,0.0,0.0,0.0,0.0,0.0,0.0,0.0,0.0,0.0,0.0,0.0,0.0,0.0,0.0,0.0,0.0,,,,,,,1,Joe Alt,Notre Dame,FBS Independents,Offensive Tackle,,,,,,,,,
4683535,2026,66,1.0,16.0,6.0,56.0,0.0,21.0,138.0,0.0,0.0,1.0,1.0,0.0,0.0,0.0,0.0,0.0,0.0,0.0,0.0,0.0,0.0,0.0,0.0,0.0,0.0,0.0,0.0,0.0,0.0,0.0,0.0,0.0,0.0,0.0,0.0,0.0,0.0,0.0,0.0,,,,,,,5,Tyler Onyedim,Texas A&M,SEC,Defensive Tackle,,,,,,,,,0.0
4683553,2024,144,1.0,0.0,8.0,40.0,0.0,13.0,57.0,0.0,0.0,0.0,0.0,0.0,0.0,0.0,0.0,0.0,0.0,0.0,0.0,0.0,0.0,0.0,0.0,0.0,0.0,0.0,0.0,0.0,0.0,0.0,0.0,0.0,0.0,0.0,0.0,0.0,0.0,0.0,0.0,,,,,,,2,Austin Booker,Minnesota,Big Ten,Defensive Edge,,,,,,,,,
4683643,2025,124,2.0,27.0,14.0,53.0,0.0,24.0,126.0,1.0,1.0,0.0,0.0,0.0,0.0,0.0,0.0,0.0,0.0,0.0,0.0,0.0,0.0,0.0,0.0,0.0,0.0,0.0,0.0,0.0,0.0,0.0,0.0,0.0,0.0,0.0,0.0,0.0,0.0,0.0,0.0,,,,,,,4,Barryn Sorrell,Texas,SEC,Defensive Edge,,,,,,,,,
4683813,2025,93,17.0,2.0,2.0,177.0,1.0,13.5,273.0,0.0,0.0,6.0,2.0,0.0,59.0,1.0,0.0,14.0,0.0,0.0,0.0,0.0,0.0,0.0,0.0,0.0,0.0,0.0,0.0,0.0,0.0,0.0,0.0,0.0,0.0,0.0,0.0,0.0,0.0,0.0,0.0,14.0,,,,,,4,Jonas Sanker,Virginia,ACC,Safety,,,,,14.0,,,,29.5
4683815,2024,72,1.0,5.0,10.0,89.0,1.0,18.5,160.0,0.0,0.0,0.0,3.0,0.0,40.0,0.0,0.0,0.0,0.0,0.0,0.0,0.0,0.0,0.0,0.0,0.0,0.0,0.0,0.0,0.0,0.0,0.0,0.0,0.0,0.0,0.0,0.0,0.0,0.0,0.0,0.0,,,,,,,3,Trevin Wallace,Kentucky,SEC,Linebacker,,,,,,,,,13.333333333333334
4683848,2025,44,4.0,25.0,24.0,107.0,0.0,40.5,204.0,0.0,0.0,0.0,0.0,0.0,0.0,0.0,0.0,0.0,0.0,0.0,0.0,0.0,0.0,0.0,0.0,0.0,0.0,0.0,0.0,0.0,0.0,0.0,0.0,0.0,0.0,0.0,0.0,0.0,0.0,0.0,0.0,,,,,,,4,Donovan Ezeiruaku,Boston College,ACC,Defensive Edge,,,,,,,,,
4684432,2025,66,1.0,20.0,25.0,69.0,0.0,36.0,126.0,0.0,0.0,3.0,0.0,0.0,0.0,0.0,0.0,0.0,0.0,0.0,0.0,0.0,0.0,0.0,0.0,0.0,0.0,0.0,0.0,0.0,0.0,0.0,0.0,0.0,0.0,0.0,0.0,0.0,0.0,0.0,0.0,,,,,,,4,Ashton Gillotte,Louisville,ACC,Defensive Edge,,,,,,,,,
4684527,2025,41,6.0,13.0,9.5,62.0,0.0,17.5,106.0,0.0,0.0,0.0,0.0,0.0,0.0,0.0,0.0,0.0,0.0,0.0,0.0,0.0,0.0,0.0,0.0,0.0,0.0,0.0,0.0,0.0,0.0,0.0,0.0,0.0,0.0,0.0,0.0,0.0,0.0,0.0,0.0,,,,,,,4,T.J. Sanders,South Carolina,SEC,Defensive Tackle,,,,,,,,,
4684543,2026,99,16.0,0.0,1.0,59.0,0.0,7.5,97.0,0.0,0.0,0.0,4.0,0.0,43.0,0.0,0.0,0.0,0.0,0.0,0.0,0.0,0.0,0.0,0.0,0.0,0.0,0.0,0.0,0.0,0.0,0.0,0.0,0.0,0.0,0.0,0.0,0.0,0.0,0.0,0.0,,,,,,,4,Julian Neal,Fresno State,Mountain West,Cornerback,,,,,,,,,10.75
4684959,2025,250,0.0,0.0,0.0,1.0,0.0,0.0,1.0,1.0,1.0,0.0,0.0,0.0,0.0,0.0,0.0,0.0,0.0,0.0,0.0,0.0,0.0,0.0,0.0,0.0,0.0,0.0,0.0,0.0,0.0,0.0,0.0,0.0,0.0,0.0,0.0,0.0,0.0,0.0,0.0,,,,,,,1,John Williams,Cincinnati,American Athletic,Offensive Tackle,,,,,,,,,
4685030,2024,67,0.0,0.0,0.0,2.0,0.0,1.0,4.0,0.0,0.0,0.0,0.0,0.0,0.0,0.0,0.0,0.0,0.0,0.0,0.0,0.0,0.0,0.0,0.0,0.0,0.0,0.0,0.0,0.0,0.0,0.0,0.0,0.0,0.0,0.0,0.0,0.0,0.0,0.0,0.0,,,,,,,2,Brandon Coleman,TCU,Big 12,Offensive Guard,,,,,,,,,
4685035,2023,215,0.0,0.0,0.0,3.0,0.0,0.0,3.0,5.0,3.0,0.0,0.0,0.0,0.0,0.0,0.0,0.0,0.0,0.0,0.0,0.0,0.0,0.0,0.0,0.0,0.0,0.0,0.0,0.0,0.0,0.0,0.0,0.0,0.0,30.0,2.0,325.0,290.0,18.0,1999.0,,,,,46.0,75.0,3,Zach Evans,TCU,Big 12,Running Back,,,10.833333333333334,6.893103448275862,,,,,
4685039,2024,245,0.0,0.0,0.0,2.0,0.0,0.0,2.0,16.0,10.0,1.0,0.0,0.0,0.0,0.0,0.0,0.0,0.0,0.0,0.0,0.0,0.0,1202.0,728.0,26.0,90.0,9603.0,0.0,0.0,0.0,0.0,0.0,0.0,0.0,0.0,0.0,0.0,448.0,28.0,1155.0,,,,,,40.0,4,Michael Pratt,Tulane,American Athletic,Quarterback,0.6056572379367721,7.9891846921797,,2.578125,,,,,
4685092,2024,195,6.0,1.0,1.0,75.0,0.0,5.0,99.0,0.0,0.0,0.0,3.0,0.0,18.0,0.0,0.0,0.0,0.0,0.0,0.0,0.0,0.0,0.0,0.0,0.0,0.0,0.0,0.0,0.0,0.0,0.0,0.0,0.0,0.0,0.0,0.0,0.0,0.0,0.0,0.0,,,,,,,4,Ryan Watts,Texas,Big 12,Cornerback,,,,,,,,,6.0
4685110,2026,218,0.0,0.0,0.0,3.0,0.0,0.0,4.0,2.0,2.0,0.0,0.0,0.0,0.0,0.0,0.0,0.0,0.0,0.0,0.0,0.0,0.0,1.0,0.0,0.0,0.0,0.0,0.0,0.0,0.0,0.0,0.0,0.0,0.0,118.0,16.0,2095.0,1.0,1.0,45.0,,,,,72.0,45.0,6,Anthony Smith,NC State,ACC,Wide Receiver,0.0,0.0,17.75423728813559,45.0,,,,,
4685126,2025,222,8.0,4.0,2.0,107.0,0.0,12.5,197.0,0.0,0.0,0.0,1.0,0.0,0.0,0.0,0.0,0.0,0.0,0.0,0.0,0.0,0.0,0.0,0.0,0.0,0.0,0.0,0.0,0.0,0.0,0.0,0.0,0.0,0.0,0.0,0.0,0.0,0.0,0.0,0.0,,,,,,,5,Cody Lindenberg,Minnesota,Big Ten,Linebacker,,,,,,,,,0.0
4685145,2023,221,14.0,0.0,0.0,72.0,0.0,2.0,98.0,0.0,0.0,2.0,3.0,0.0,17.0,0.0,0.0,0.0,0.0,0.0,0.0,0.0,0.0,0.0,0.0,0.0,0.0,0.0,0.0,0.0,0.0,0.0,0.0,0.0,0.0,0.0,0.0,0.0,0.0,0.0,0.0,,,,,,,3,Jaylon Jones,Texas A&M,SEC,Cornerback,,,,,,,,,5.666666666666667
4685201,2023,188,0.0,0.0,0.0,3.0,0.0,0.0,3.0,6.0,5.0,0.0,0.0,0.0,0.0,0.0,0.0,0.0,0.0,0.0,0.0,0.0,0.0,748.0,473.0,15.0,28.0,5336.0,0.0,0.0,0.0,0.0,0.0,0.0,0.0,0.0,0.0,0.0,134.0,6.0,-82.0,,,,,,30.0,3,Tanner McKee,Stanford,Pac-12,Quarterback,0.6323529411764706,7.133689839572193,,-0.6119402985074627,,,,,
4685232,2024,133,8.0,4.0,3.5,86.0,1.0,8.0,144.0,0.0,0.0,2.0,3.0,1.0,37.0,0.0,0.0,0.0,0.0,0.0,0.0,0.0,0.0,0.0,0.0,0.0,0.0,0.0,0.0,0.0,0.0,0.0,0.0,0.0,0.0,0.0,0.0,0.0,0.0,0.0,0.0,,,,,,,2,Jaden Hicks,Washington State,Pac-12,Safety,,,,,,,,,12.333333333333334
4685246,2026,187,0.0,0.0,0.0,2.0,0.0,0.0,2.0,5.0,2.0,0.0,0.0,0.0,0.0,3.0,0.0,41.0,0.0,0.0,0.0,0.0,0.0,1.0,1.0,0.0,0.0,4.0,0.0,0.0,0.0,0.0,0.0,0.0,0.0,70.0,4.0,490.0,769.0,39.0,4180.0,29.0,,,,45.0,67.0,4,Kaytron Allen,Penn State,Big Ten,Running Back,1.0,4.0,7.0,5.435630689206762,13.666666666666666,,,,
4685247,2024,134,0.0,0.0,0.0,2.0,0.0,0.0,2.0,9.0,5.0,0.0,0.0,0.0,0.0,0.0,0.0,0.0,0.0,0.0,0.0,0.0,0.0,3.0,2.0,0.0,1.0,33.0,0.0,0.0,0.0,0.0,0.0,0.0,0.0,49.0,0.0,274.0,596.0,35.0,3489.0,,,,,39.0,96.0,3,Braelon Allen,Wisconsin,Big Ten,Running Back,0.6666666666666666,11.0,5.591836734693878,5.854026845637584,,,,,
4685248,2026,2,3.0,23.0,27.0,101.0,0.0,41.0,156.0,0.0,0.0,1.0,0.0,0.0,0.0,0.0,0.0,0.0,0.0,0.0,0.0,0.0,0.0,0.0,0.0,0.0,0.0,0.0,0.0,0.0,0.0,0.0,0.0,0.0,0.0,0.0,0.0,0.0,0.0,0.0,0.0,,,,,,,4,David Bailey,Texas Tech,Big 12,Defensive Edge,,,,,,,,,
4685260,2025,9,0.0,0.0,0.0,2.0,0.0,0.0,2.0,0.0,0.0,0.0,0.0,0.0,0.0,0.0,0.0,0.0,0.0,0.0,0.0,0.0,0.0,0.0,0.0,0.0,0.0,0.0,0.0,0.0,0.0,0.0,0.0,0.0,0.0,0.0,0.0,0.0,0.0,0.0,0.0,,,,,,,2,Kelvin Banks Jr.,Texas,SEC,Offensive Tackle,,,,,,,,,
4685261,2026,47,0.0,0.0,0.0,2.0,0.0,0.0,2.0,3.0,2.0,0.0,0.0,0.0,0.0,17.0,0.0,352.0,0.0,0.0,0.0,0.0,0.0,3.0,3.0,0.0,0.0,29.0,3.0,0.0,43.0,0.0,0.0,0.0,0.0,155.0,13.0,2203.0,36.0,5.0,184.0,51.0,,32.0,,47.0,25.0,4,Germie Bernard,Washington,Pac-12,Wide Receiver,1.0,9.666666666666666,14.212903225806452,5.111111111111111,20.705882352941178,14.333333333333334,,,
4685263,2025,12,0.0,0.0,0.0,1.0,0.0,0.0,1.0,0.0,0.0,0.0,0.0,0.0,0.0,0.0,0.0,0.0,0.0,0.0,0.0,0.0,0.0,0.0,0.0,0.0,0.0,0.0,0.0,0.0,0.0,0.0,0.0,0.0,0.0,0.0,0.0,0.0,0.0,0.0,0.0,,,,,,,1,Tyler Booker,Alabama,SEC,Offensive Guard,,,,,,,,,
4685266,2026,92,8.0,15.0,12.0,116.0,0.0,23.0,189.0,0.0,0.0,2.0,1.0,0.0,11.0,0.0,0.0,0.0,0.0,0.0,0.0,0.0,0.0,0.0,0.0,0.0,0.0,0.0,0.0,0.0,0.0,0.0,0.0,0.0,0.0,0.0,0.0,0.0,0.0,0.0,0.0,,,,,,,4,Jaishawn Barham,Michigan,Big Ten,Defensive Edge,,,,,,,,,11.0
4685278,2025,39,0.0,0.0,0.0,3.0,2.0,0.0,3.0,3.0,1.0,1.0,0.0,0.0,0.0,0.0,0.0,0.0,0.0,0.0,0.0,0.0,0.0,0.0,0.0,0.0,0.0,0.0,23.0,2.0,242.0,0.0,0.0,0.0,0.0,188.0,20.0,2248.0,37.0,5.0,255.0,,,78.0,,56.0,61.0,3,Luther Burden III,Missouri,SEC,Wide Receiver,,,11.957446808510639,6.891891891891892,,10.521739130434783,,,
4685279,2025,149,0.0,0.0,0.0,1.0,0.0,0.0,1.0,6.0,5.0,0.0,0.0,0.0,0.0,3.0,0.0,80.0,0.0,0.0,0.0,0.0,0.0,0.0,0.0,0.0,0.0,0.0,0.0,0.0,0.0,0.0,0.0,0.0,0.0,56.0,7.0,503.0,214.0,11.0,1161.0,31.0,,,,45.0,77.0,3,Jaydon Blue,Texas,SEC,Running Back,,,8.982142857142858,5.425233644859813,26.666666666666668,,,,
4685287,2025,31,5.0,6.0,5.5,89.0,0.0,16.0,186.0,0.0,0.0,3.0,2.0,0.0,26.0,0.0,0.0,0.0,0.0,0.0,0.0,0.0,0.0,0.0,0.0,0.0,0.0,0.0,0.0,0.0,0.0,0.0,0.0,0.0,0.0,0.0,0.0,0.0,0.0,0.0,0.0,,,,,,,3,Jihaad Campbell,Alabama,SEC,Linebacker,,,,,,,,,13.0
4685305,2026,229,1.0,9.0,6.0,35.0,0.0,16.0,105.0,0.0,0.0,1.0,0.0,0.0,0.0,0.0,0.0,0.0,0.0,0.0,0.0,0.0,0.0,0.0,0.0,0.0,0.0,0.0,0.0,0.0,0.0,0.0,0.0,0.0,0.0,1.0,0.0,9.0,1.0,0.0,4.0,,,,,9.0,4.0,4,Brandon Cleveland,NC State,ACC,Defensive Tackle,,,9.0,4.0,,,,,
4685307,2026,177,0.0,0.0,0.0,1.0,1.0,0.0,2.0,4.0,1.0,0.0,0.0,0.0,0.0,19.0,0.0,394.0,0.0,0.0,0.0,0.0,0.0,0.0,0.0,0.0,0.0,0.0,57.0,1.0,393.0,0.0,0.0,0.0,0.0,189.0,11.0,2364.0,20.0,0.0,111.0,38.0,,67.0,,85.0,34.0,4,Kevin Coleman Jr.,Missouri,SEC,Wide Receiver,,,12.507936507936508,5.55,20.736842105263158,6.894736842105263,,,
4685315,2026,120,8.0,22.0,22.5,77.0,0.0,34.5,124.0,0.0,0.0,2.0,2.0,0.0,20.0,0.0,0.0,0.0,0.0,0.0,0.0,0.0,0.0,0.0,0.0,0.0,0.0,0.0,2.0,0.0,36.0,0.0,0.0,0.0,0.0,0.0,0.0,0.0,0.0,0.0,0.0,,,27.0,,,,4,Dani Dennis-Sutton,Penn State,Big Ten,Defensive Edge,,,,,,18.0,,,10.0
4685324,2026,214,3.0,11.0,15.5,71.0,0.0,25.0,111.0,0.0,0.0,2.0,0.0,0.0,0.0,1.0,0.0,-5.0,0.0,0.0,0.0,0.0,0.0,0.0,0.0,0.0,0.0,0.0,2.0,0.0,18.0,0.0,0.0,0.0,0.0,0.0,0.0,0.0,0.0,0.0,0.0,-5.0,,11.0,,,,4,Caden Curry,Ohio State,Big Ten,Defensive Edge,,,,,-5.0,9.0,,,
4685326,2025,29,0.0,0.0,0.0,0.0,0.0,0.0,0.0,0.0,0.0,0.0,0.0,0.0,0.0,0.0,0.0,0.0,0.0,0.0,0.0,0.0,0.0,0.0,0.0,0.0,0.0,0.0,0.0,0.0,0.0,0.0,0.0,0.0,0.0,1.0,1.0,4.0,0.0,0.0,0.0,,,,,4.0,,1,Josh Conerly Jr.,Oregon,Pac-12,Offensive Tackle,,,4.0,,,,,,
4685327,2026,85,17.0,2.0,1.0,107.0,1.0,5.0,148.0,0.0,0.0,2.0,5.0,0.0,32.0,0.0,0.0,0.0,0.0,0.0,0.0,0.0,0.0,0.0,0.0,0.0,0.0,0.0,0.0,0.0,0.0,0.0,0.0,0.0,0.0,0.0,0.0,0.0,0.0,0.0,0.0,,,,,,,4,Daylen Everette,Georgia,SEC,Cornerback,,,,,,,,,6.4
4685347,2026,181,3.0,6.0,10.0,49.0,0.0,21.0,89.0,0.0,0.0,1.0,1.0,0.0,14.0,0.0,0.0,0.0,0.0,0.0,0.0,0.0,0.0,0.0,0.0,0.0,0.0,0.0,0.0,0.0,0.0,0.0,0.0,0.0,0.0,0.0,0.0,0.0,0.0,0.0,0.0,,,,,,,4,Zane Durant,Penn State,Big Ten,Defensive Tackle,,,,,,,,,14.0
4685350,2025,114,0.0,0.0,0.0,0.0,0.0,0.0,0.0,4.0,1.0,0.0,0.0,0.0,0.0,26.0,0.0,645.0,0.0,0.0,0.0,0.0,0.0,0.0,0.0,0.0,0.0,0.0,2.0,0.0,26.0,0.0,0.0,0.0,0.0,62.0,1.0,432.0,371.0,23.0,2081.0,48.0,,21.0,,41.0,85.0,3,Trevor Etienne,Georgia,SEC,Running Back,,,6.967741935483871,5.609164420485175,24.807692307692307,13.0,,,
4685369,2026,107,2.0,11.0,8.5,34.0,1.0,17.5,82.0,0.0,0.0,2.0,0.0,0.0,0.0,0.0,0.0,0.0,0.0,0.0,0.0,0.0,0.0,0.0,0.0,0.0,0.0,0.0,0.0,0.0,0.0,0.0,0.0,0.0,0.0,0.0,0.0,0.0,0.0,0.0,0.0,,,,,,,4,Gracen Halton,Oklahoma,SEC,Defensive Tackle,,,,,,,,,
4685381,2026,199,0.0,0.0,0.0,9.0,1.0,0.0,13.0,1.0,0.0,0.0,0.0,0.0,0.0,24.0,1.0,570.0,0.0,0.0,0.0,0.0,0.0,0.0,0.0,0.0,0.0,0.0,0.0,0.0,0.0,0.0,0.0,0.0,0.0,50.0,5.0,862.0,4.0,0.0,16.0,94.0,,,,93.0,9.0,4,Emmanuel Henderson Jr.,Kansas,Big 12,Wide Receiver,,,17.24,4.0,23.75,,,,
4685382,2025,22,0.0,0.0,0.0,3.0,0.0,0.0,3.0,6.0,2.0,0.0,0.0,0.0,0.0,7.0,0.0,151.0,0.0,0.0,0.0,0.0,0.0,0.0,0.0,0.0,0.0,0.0,0.0,0.0,0.0,0.0,0.0,0.0,0.0,73.0,4.0,635.0,622.0,36.0,3565.0,36.0,,,,49.0,75.0,3,Omarion Hampton,North Carolina,ACC,Running Back,,,8.698630136986301,5.731511254019293,21.571428571428573,,,,
4685397,2025,147,0.0,0.0,0.0,1.0,0.0,0.0,2.0,0.0,0.0,0.0,0.0,0.0,0.0,2.0,0.0,19.0,0.0,0.0,0.0,0.0,0.0,0.0,0.0,0.0,0.0,0.0,0.0,0.0,0.0,0.0,0.0,0.0,0.0,42.0,1.0,347.0,386.0,31.0,2215.0,19.0,,,,30.0,41.0,3,Jordan James,Oregon,Pac-12,Running Back,,,8.261904761904763,5.738341968911917,9.5,,,,
4685400,2025,152,3.0,5.0,5.0,72.0,0.0,11.5,159.0,0.0,0.0,2.0,1.0,0.0,0.0,0.0,0.0,0.0,0.0,0.0,0.0,0.0,0.0,0.0,0.0,0.0,0.0,0.0,0.0,0.0,0.0,0.0,0.0,0.0,0.0,0.0,0.0,0.0,0.0,0.0,0.0,,,,,,,3,Shemar James,Florida,SEC,Linebacker,,,,,,,,,0.0
4685402,2026,201,12.0,1.0,0.0,79.0,0.0,3.5,122.0,0.0,0.0,0.0,2.0,0.0,45.0,0.0,0.0,0.0,0.0,0.0,0.0,0.0,0.0,0.0,0.0,0.0,0.0,0.0,0.0,0.0,0.0,0.0,0.0,0.0,0.0,0.0,0.0,0.0,0.0,0.0,0.0,,,,,,,4,Domani Jackson,USC,Pac-12,Cornerback,,,,,,,,,22.5
4685408,2025,47,12.0,1.0,0.0,52.0,3.0,3.0,60.0,0.0,0.0,0.0,9.0,3.0,237.0,0.0,0.0,0.0,0.0,0.0,0.0,0.0,0.0,0.0,0.0,0.0,0.0,0.0,0.0,0.0,0.0,0.0,0.0,0.0,0.0,0.0,0.0,0.0,0.0,0.0,0.0,,,,,,,3,Will Johnson,Michigan,Big Ten,Cornerback,,,,,,,,,26.333333333333332
4685413,2026,110,0.0,0.0,0.0,3.0,0.0,0.0,3.0,18.0,6.0,0.0,0.0,0.0,0.0,0.0,0.0,0.0,0.0,0.0,0.0,0.0,0.0,1432.0,916.0,24.0,73.0,10123.0,0.0,0.0,0.0,1.0,2.0,0.0,56.0,1.0,0.0,19.0,369.0,17.0,877.0,,,,37.0,19.0,55.0,4,Cade Klubnik,Clemson,ACC,Quarterback,0.6396648044692738,7.069134078212291,19.0,2.3766937669376693,,,28.0,,
4685415,2025,2,16.0,0.0,0.0,48.0,0.0,3.0,66.0,2.0,2.0,1.0,9.0,1.0,99.0,0.0,0.0,0.0,0.0,0.0,0.0,0.0,0.0,0.0,0.0,0.0,0.0,0.0,0.0,0.0,0.0,0.0,0.0,0.0,0.0,171.0,24.0,2169.0,3.0,1.0,-5.0,,,,,58.0,5.0,3,Travis Hunter,Jackson State,SWAC,Cornerback,,,12.68421052631579,-1.6666666666666667,,,,,11.0
4685441,2026,168,0.0,0.0,0.0,5.0,0.0,0.0,8.0,2.0,2.0,0.0,0.0,0.0,0.0,32.0,0.0,710.0,0.0,0.0,0.0,0.0,0.0,1.0,0.0,0.0,0.0,0.0,4.0,0.0,6.0,0.0,0.0,0.0,0.0,86.0,4.0,883.0,16.0,0.0,83.0,52.0,,11.0,,71.0,21.0,4,Kendrick Law,Kentucky,SEC,Wide Receiver,0.0,0.0,10.267441860465116,5.1875,22.1875,1.5,,,
4685461,2026,44,7.0,13.0,20.5,61.0,0.0,24.0,93.0,0.0,0.0,3.0,0.0,0.0,0.0,0.0,0.0,0.0,0.0,0.0,0.0,0.0,0.0,0.0,0.0,0.0,0.0,0.0,0.0,0.0,0.0,0.0,0.0,0.0,0.0,0.0,0.0,0.0,0.0,0.0,0.0,,,,,,,4,Derrick Moore,Michigan,Big Ten,Defensive Edge,,,,,,,,,
4685472,2025,8,0.0,0.0,0.0,3.0,0.0,0.0,3.0,1.0,1.0,0.0,0.0,0.0,0.0,0.0,0.0,0.0,0.0,0.0,0.0,0.0,0.0,5.0,4.0,0.0,1.0,43.0,2.0,0.0,11.0,0.0,0.0,0.0,0.0,213.0,26.0,3423.0,1.0,0.0,3.0,,,9.0,,78.0,3.0,3,Tetairoa Mcmillan,Arizona,Pac-12,Wide Receiver,0.8,8.6,16.070422535211268,3.0,,5.5,,,
4685477,2026,245,0.0,0.0,0.0,4.0,0.0,0.0,5.0,2.0,1.0,0.0,0.0,0.0,0.0,0.0,0.0,0.0,0.0,0.0,0.0,0.0,0.0,0.0,0.0,0.0,0.0,0.0,0.0,0.0,0.0,0.0,0.0,0.0,0.0,40.0,2.0,336.0,349.0,13.0,1596.0,,,,,35.0,56.0,4,Jamarion Miller,Alabama,SEC,Running Back,,,8.4,4.573065902578796,,,,,
4685479,2026,42,1.0,3.0,4.0,31.0,0.0,11.5,64.0,0.0,0.0,0.0,0.0,0.0,0.0,0.0,0.0,0.0,0.0,0.0,0.0,0.0,0.0,0.0,0.0,0.0,0.0,0.0,0.0,0.0,0.0,0.0,0.0,0.0,0.0,0.0,0.0,0.0,0.0,0.0,0.0,,,,,,,3,Christen Miller,Georgia,SEC,Defensive Tackle,,,,,,,,,
4685502,2026,215,11.0,22.0,17.0,112.0,0.0,34.5,215.0,0.0,0.0,2.0,5.0,0.0,44.0,0.0,0.0,0.0,0.0,0.0,0.0,0.0,0.0,0.0,0.0,0.0,0.0,0.0,0.0,0.0,0.0,0.0,0.0,0.0,0.0,0.0,0.0,0.0,1.0,1.0,1.0,,,,,,1.0,4,Harold Perkins,LSU,SEC,Linebacker,,,,1.0,,,,,8.8
4685503,2025,16,3.0,5.0,10.0,62.0,0.0,23.5,112.0,0.0,0.0,4.0,0.0,0.0,0.0,0.0,0.0,0.0,0.0,0.0,0.0,0.0,0.0,0.0,0.0,0.0,0.0,0.0,0.0,0.0,0.0,0.0,0.0,0.0,0.0,0.0,0.0,0.0,0.0,0.0,0.0,,,,,,,3,Walter Nolen,Texas A&M,SEC,Defensive Tackle,,,,,,,,,
4685504,2026,69,0.0,0.0,0.0,5.0,0.0,0.0,7.0,1.0,0.0,2.0,0.0,0.0,0.0,1.0,0.0,8.0,0.0,0.0,0.0,0.0,0.0,0.0,0.0,0.0,0.0,0.0,0.0,0.0,0.0,0.0,0.0,0.0,0.0,119.0,4.0,1201.0,1.0,0.0,1.0,8.0,,,,69.0,1.0,4,Sam Roush,Stanford,Pac-12,Tight End,,,10.092436974789916,1.0,8.0,,,,
4685512,2026,32,0.0,0.0,0.0,1.0,3.0,0.0,1.0,5.0,4.0,0.0,0.0,0.0,0.0,22.0,3.0,794.0,0.0,0.0,0.0,0.0,0.0,0.0,0.0,0.0,0.0,0.0,0.0,0.0,0.0,0.0,0.0,0.0,0.0,15.0,3.0,162.0,280.0,21.0,1692.0,100.0,,,,40.0,70.0,3,Jadarian Price,Notre Dame,FBS Independents,Running Back,,,10.8,6.042857142857143,36.09090909090909,,,,
4685518,2026,141,11.0,5.0,2.0,87.0,0.0,9.5,125.0,0.0,0.0,0.0,2.0,0.0,0.0,0.0,0.0,0.0,0.0,0.0,0.0,0.0,0.0,0.0,0.0,0.0,0.0,0.0,0.0,0.0,0.0,0.0,0.0,0.0,0.0,0.0,0.0,0.0,0.0,0.0,0.0,,,,,,,4,Kamari Ramsey,USC,Big Ten,Safety,,,,,,,,,0.0
4685522,2026,13,0.0,0.0,0.0,0.0,0.0,0.0,0.0,7.0,6.0,0.0,0.0,0.0,0.0,0.0,0.0,0.0,0.0,0.0,0.0,0.0,0.0,523.0,334.0,5.0,28.0,3948.0,0.0,0.0,0.0,0.0,0.0,0.0,0.0,0.0,0.0,0.0,112.0,5.0,223.0,,,,,,78.0,4,Ty Simpson,Alabama,SEC,Quarterback,0.638623326959847,7.548757170172084,,1.9910714285714286,,,,,
4685523,2026,139,20.0,0.0,0.0,116.0,0.0,2.0,173.0,0.0,0.0,0.0,2.0,0.0,0.0,0.0,0.0,0.0,0.0,0.0,0.0,0.0,0.0,0.0,0.0,0.0,0.0,0.0,0.0,0.0,0.0,0.0,0.0,0.0,0.0,0.0,0.0,0.0,0.0,0.0,0.0,,,,,,,4,Ephesians Prysock,Washington,Big Ten,Cornerback,,,,,,,,,0.0
4685526,2026,174,0.0,0.0,0.0,2.0,0.0,0.0,2.0,3.0,3.0,0.0,0.0,0.0,0.0,13.0,0.0,302.0,0.0,0.0,0.0,0.0,0.0,0.0,0.0,0.0,0.0,0.0,0.0,0.0,0.0,0.0,0.0,0.0,0.0,84.0,5.0,787.0,173.0,10.0,858.0,41.0,,,,35.0,46.0,4,Adam Randall,Clemson,ACC,Running Back,,,9.369047619047619,4.959537572254336,23.23076923076923,,,,
4685530,2025,27,17.0,0.0,0.0,120.0,0.0,4.5,189.0,0.0,0.0,0.0,6.0,0.0,89.0,0.0,0.0,0.0,0.0,0.0,0.0,0.0,0.0,0.0,0.0,0.0,0.0,0.0,4.0,0.0,39.0,0.0,0.0,0.0,0.0,0.0,0.0,0.0,0.0,0.0,0.0,,,18.0,,,,3,Malaki Starks,Georgia,SEC,Safety,,,,,,9.75,,,14.833333333333334
4685540,2026,248,0.0,0.0,0.0,5.0,0.0,0.0,5.0,0.0,0.0,0.0,0.0,0.0,0.0,0.0,0.0,0.0,0.0,0.0,0.0,0.0,0.0,0.0,0.0,0.0,0.0,0.0,1.0,0.0,14.0,0.0,0.0,0.0,0.0,74.0,7.0,1020.0,0.0,0.0,0.0,,,14.0,,45.0,,4,Carsen Ryan,Utah,Big 12,Tight End,,,13.783783783783784,,,14.0,,,
4685553,2026,105,0.0,0.0,0.0,0.0,0.0,0.0,0.0,0.0,0.0,0.0,0.0,0.0,0.0,0.0,0.0,0.0,0.0,0.0,0.0,0.0,0.0,1.0,0.0,0.0,0.0,0.0,1.0,0.0,44.0,0.0,0.0,0.0,0.0,84.0,10.0,1557.0,4.0,1.0,14.0,,,44.0,,63.0,10.0,4,Brenen Thompson,Texas,Big 12,Wide Receiver,0.0,0.0,18.535714285714285,3.5,,44.0,,,
4685555,2026,165,0.0,0.0,0.0,0.0,1.0,0.0,0.0,7.0,6.0,0.0,0.0,0.0,0.0,48.0,1.0,1138.0,0.0,0.0,0.0,0.0,0.0,0.0,0.0,0.0,0.0,0.0,0.0,0.0,0.0,0.0,0.0,0.0,0.0,102.0,9.0,987.0,621.0,45.0,3452.0,100.0,,,,53.0,87.0,4,Nicholas Singleton,Penn State,Big Ten,Running Back,,,9.676470588235293,5.5587761674718195,23.708333333333332,,,,
4685562,2025,17,4.0,17.0,4.5,30.0,0.0,11.0,65.0,0.0,0.0,2.0,0.0,0.0,0.0,0.0,0.0,0.0,0.0,0.0,0.0,0.0,0.0,0.0,0.0,0.0,0.0,0.0,0.0,0.0,0.0,0.0,0.0,0.0,0.0,0.0,0.0,0.0,0.0,0.0,0.0,,,,,,,3,Shemar Stewart,Texas A&M,SEC,Defensive Edge,,,,,,,,,
4685596,2025,73,14.0,2.0,0.0,62.0,0.0,6.5,91.0,0.0,0.0,1.0,2.0,0.0,0.0,1.0,0.0,0.0,0.0,0.0,0.0,0.0,0.0,0.0,0.0,0.0,0.0,0.0,0.0,0.0,0.0,0.0,0.0,0.0,0.0,0.0,0.0,0.0,0.0,0.0,0.0,0.0,,,,,,3,Azareye'h Thomas,Florida State,ACC,Cornerback,,,,,0.0,,,,0.0
4685597,2025,15,2.0,8.0,12.5,57.0,0.0,18.0,90.0,0.0,0.0,2.0,0.0,0.0,0.0,0.0,0.0,0.0,0.0,0.0,0.0,0.0,0.0,0.0,0.0,0.0,0.0,0.0,1.0,0.0,5.0,0.0,0.0,0.0,0.0,0.0,0.0,0.0,0.0,0.0,0.0,,,5.0,,,,3,Jalon Walker,Georgia,SEC,Linebacker,,,,,,5.0,,,
4685609,2026,222,1.0,7.0,10.0,34.0,0.0,20.5,65.0,0.0,0.0,0.0,0.0,0.0,0.0,0.0,0.0,0.0,0.0,0.0,0.0,0.0,0.0,0.0,0.0,0.0,0.0,0.0,0.0,0.0,0.0,0.0,0.0,0.0,0.0,0.0,0.0,0.0,0.0,0.0,0.0,,,,,,,4,Tyre West,Tennessee,SEC,Defensive Edge,,,,,,,,,
4685617,2025,82,5.0,0.0,0.0,53.0,0.0,3.5,87.0,0.0,0.0,2.0,1.0,0.0,0.0,0.0,0.0,0.0,0.0,0.0,0.0,0.0,0.0,0.0,0.0,0.0,0.0,0.0,0.0,0.0,0.0,0.0,0.0,0.0,0.0,0.0,0.0,0.0,0.0,0.0,0.0,,,,,,,3,Kevin Winston Jr.,Penn State,Big Ten,Safety,,,,,,,,,0.0
4685623,2025,11,3.0,7.0,14.0,34.0,0.0,20.0,59.0,0.0,0.0,1.0,0.0,0.0,0.0,1.0,0.0,0.0,0.0,0.0,0.0,0.0,0.0,0.0,0.0,0.0,0.0,0.0,0.0,0.0,0.0,0.0,0.0,0.0,0.0,0.0,0.0,0.0,0.0,0.0,0.0,0.0,,,,,,3,Mykel Williams,Georgia,SEC,Defensive Edge,,,,,0.0,,,,
4685702,2025,36,0.0,0.0,0.0,0.0,0.0,0.0,0.0,4.0,3.0,0.0,0.0,0.0,0.0,0.0,0.0,0.0,0.0,0.0,0.0,0.0,0.0,1.0,1.0,0.0,0.0,7.0,0.0,0.0,0.0,0.0,0.0,0.0,0.0,59.0,5.0,442.0,739.0,45.0,3785.0,,,,,25.0,86.0,3,Quinshon Judkins,Ole Miss,SEC,Running Back,1.0,7.0,7.491525423728813,5.121786197564276,,,,,
4685720,2023,1,0.0,0.0,0.0,3.0,1.0,1.5,7.0,9.0,5.0,0.0,0.0,0.0,0.0,0.0,0.0,0.0,0.0,0.0,0.0,0.0,0.0,949.0,624.0,12.0,80.0,8356.0,0.0,0.0,0.0,0.0,0.0,0.0,0.0,0.0,0.0,0.0,139.0,7.0,162.0,,,,,,63.0,3,Bryce Young,Alabama,SEC,Quarterback,0.6575342465753424,8.805057955742887,,1.1654676258992807,,,,,
4685721,2023,67,7.0,11.0,11.0,55.0,0.0,16.5,136.0,0.0,0.0,2.0,1.0,0.0,13.0,0.0,0.0,0.0,0.0,0.0,0.0,0.0,0.0,0.0,0.0,0.0,0.0,0.0,0.0,0.0,0.0,0.0,0.0,0.0,0.0,0.0,0.0,0.0,0.0,0.0,0.0,,,,,,,3,Drew Sanders,Arkansas,SEC,Inside Linebacker,,,,,,,,,13.0
4685724,2023,3,4.0,29.0,32.5,113.0,1.0,57.5,202.0,0.0,0.0,0.0,1.0,1.0,25.0,0.0,0.0,0.0,0.0,0.0,0.0,0.0,0.0,0.0,0.0,0.0,0.0,0.0,0.0,0.0,0.0,0.0,0.0,0.0,0.0,0.0,0.0,0.0,0.0,0.0,0.0,,,,,,,3,Will Anderson Jr.,Alabama,SEC,Outside Linebacker,,,,,,,,,25.0
4685736,2025,91,0.0,0.0,0.0,2.0,0.0,0.0,2.0,1.0,1.0,0.0,0.0,0.0,0.0,0.0,0.0,0.0,0.0,0.0,0.0,0.0,0.0,0.0,0.0,0.0,0.0,0.0,0.0,0.0,0.0,0.0,0.0,0.0,0.0,0.0,0.0,0.0,0.0,0.0,17.0,,,,,,17.0,2,Emery Jones,LSU,SEC,Offensive Tackle,,,,inf,,,,,
4685759,2023,9,2.0,5.0,6.0,40.0,0.0,17.5,77.0,0.0,0.0,0.0,0.0,0.0,0.0,0.0,0.0,0.0,0.0,0.0,0.0,0.0,0.0,0.0,0.0,0.0,0.0,0.0,0.0,0.0,0.0,0.0,0.0,0.0,0.0,1.0,1.0,1.0,0.0,0.0,0.0,,,,,1.0,,3,Jalen Carter,Georgia,SEC,Defensive Tackle,,,1.0,,,,,,
4685978,2023,155,15.0,1.0,0.0,52.0,0.0,2.5,84.0,1.0,1.0,0.0,5.0,0.0,50.0,0.0,0.0,0.0,0.0,0.0,0.0,0.0,0.0,0.0,0.0,0.0,0.0,0.0,0.0,0.0,0.0,0.0,0.0,0.0,0.0,0.0,0.0,0.0,0.0,0.0,0.0,,,,,,,3,Darrell Luter Jr,South Alabama,Sun Belt,Cornerback,,,,,,,,,10.0
4686104,2024,185,0.0,0.0,0.0,0.0,0.0,0.0,0.0,1.0,1.0,0.0,0.0,0.0,0.0,0.0,0.0,0.0,0.0,0.0,0.0,0.0,0.0,0.0,0.0,0.0,0.0,0.0,0.0,0.0,0.0,0.0,0.0,0.0,0.0,102.0,8.0,1757.0,1.0,0.0,0.0,,,,,78.0,0.0,4,Johnny Wilson,Florida State,ACC,Wide Receiver,,,17.225490196078432,0.0,,,,,
4686248,2026,56,0.0,0.0,0.0,2.0,0.0,0.0,2.0,0.0,0.0,0.0,0.0,0.0,0.0,0.0,0.0,0.0,0.0,0.0,0.0,0.0,0.0,0.0,0.0,0.0,0.0,0.0,0.0,0.0,0.0,0.0,0.0,0.0,0.0,39.0,4.0,423.0,4.0,1.0,16.0,,,,,28.0,11.0,5,Nate Boerkircher,Texas A&M,SEC,Tight End,,,10.846153846153847,4.0,,,,,
4686273,2024,22,42.0,1.0,1.0,90.0,2.0,7.0,119.0,0.0,0.0,2.0,6.0,2.0,54.0,0.0,0.0,0.0,0.0,0.0,0.0,0.0,0.0,0.0,0.0,0.0,0.0,0.0,0.0,0.0,0.0,0.0,0.0,0.0,0.0,0.0,0.0,0.0,0.0,0.0,0.0,,,,,,,4,Quinyon Mitchell,Toledo,Mid-American,Cornerback,,,,,,,,,9.0
4686308,2025,113,2.0,5.0,9.0,68.0,0.0,27.0,150.0,0.0,0.0,2.0,0.0,0.0,0.0,0.0,0.0,0.0,0.0,0.0,0.0,0.0,0.0,0.0,0.0,0.0,0.0,0.0,0.0,0.0,0.0,0.0,0.0,0.0,0.0,0.0,0.0,0.0,0.0,0.0,0.0,,,,,,,5,CJ West,Kent State,Mid-American,Defensive Tackle,,,,,,,,,
4686334,2023,82,1.0,13.0,9.5,54.0,0.0,17.5,90.0,0.0,0.0,2.0,0.0,0.0,0.0,0.0,0.0,0.0,0.0,0.0,0.0,0.0,0.0,0.0,0.0,0.0,0.0,0.0,0.0,0.0,0.0,0.0,0.0,0.0,0.0,0.0,0.0,0.0,0.0,0.0,0.0,,,,,,,3,YaYa Diaby,Louisville,ACC,Defensive End,,,,,,,,,
4686361,2024,212,0.0,0.0,0.0,0.0,0.0,0.0,0.0,0.0,0.0,0.0,0.0,0.0,0.0,0.0,0.0,0.0,64.0,53.0,288.0,129.0,129.0,0.0,0.0,0.0,0.0,0.0,0.0,0.0,0.0,0.0,0.0,0.0,0.0,0.0,0.0,0.0,0.0,0.0,0.0,,56.0,,,,,3,Cam Little,Arkansas,SEC,Place Kicker,,,,,,,,0.828125,
4686422,2023,205,0.0,0.0,0.0,1.0,0.0,0.0,2.0,1.0,1.0,0.0,0.0,0.0,0.0,2.0,0.0,21.0,0.0,0.0,0.0,0.0,0.0,2.0,1.0,0.0,1.0,49.0,0.0,0.0,0.0,0.0,0.0,0.0,0.0,254.0,15.0,2929.0,2.0,0.0,18.0,21.0,,,,65.0,10.0,3,Xavier Hutchinson,Iowa State,Big 12,Wide Receiver,0.5,24.5,11.531496062992126,9.0,10.5,,,,
4686468,2026,237,0.0,0.0,0.0,3.0,0.0,0.0,4.0,4.0,2.0,0.0,0.0,0.0,0.0,0.0,0.0,0.0,0.0,0.0,0.0,0.0,0.0,0.0,0.0,0.0,0.0,0.0,0.0,0.0,0.0,0.0,0.0,0.0,0.0,55.0,4.0,604.0,376.0,18.0,1908.0,,,,,47.0,73.0,3,Seth McGowan,Oklahoma,Big 12,Running Back,,,10.981818181818182,5.074468085106383,,,,,
4686470,2022,108,3.0,3.0,6.0,20.0,0.0,16.5,40.0,0.0,0.0,0.0,0.0,0.0,0.0,0.0,0.0,0.0,0.0,0.0,0.0,0.0,0.0,0.0,0.0,0.0,0.0,0.0,0.0,0.0,0.0,0.0,0.0,0.0,0.0,0.0,0.0,0.0,0.0,0.0,0.0,,,,,,,2,Perrion Winfrey,Oklahoma,Big 12,Defensive Tackle,,,,,,,,,
4686472,2023,63,0.0,0.0,0.0,2.0,0.0,0.0,2.0,3.0,1.0,0.0,0.0,0.0,0.0,5.0,0.0,108.0,0.0,0.0,0.0,0.0,0.0,0.0,0.0,0.0,0.0,0.0,34.0,0.0,391.0,0.0,0.0,0.0,0.0,123.0,20.0,2398.0,5.0,0.0,35.0,38.0,,41.0,,77.0,17.0,3,Marvin Mims,Oklahoma,Big 12,Wide Receiver,,,19.495934959349594,7.0,21.6,11.5,,,
4686540,2024,118,14.0,10.0,7.5,188.0,0.0,29.0,353.0,0.0,0.0,5.0,2.0,0.0,-2.0,0.0,0.0,0.0,0.0,0.0,0.0,0.0,0.0,0.0,0.0,0.0,0.0,0.0,0.0,0.0,0.0,0.0,0.0,0.0,0.0,0.0,0.0,0.0,0.0,0.0,0.0,,,,,,,4,Tyrice Knight,UTEP,Conference USA,Linebacker,,,,,,,,,-1.0
4686553,2023,209,12.0,0.0,0.0,99.0,0.0,6.0,133.0,0.0,0.0,4.0,2.0,0.0,0.0,0.0,0.0,0.0,0.0,0.0,0.0,0.0,0.0,0.0,0.0,0.0,0.0,0.0,0.0,0.0,0.0,0.0,0.0,0.0,0.0,0.0,0.0,0.0,0.0,0.0,0.0,,,,,,,2,Tre Hawkins,Old Dominion,Sun Belt,Cornerback,,,,,,,,,0.0
4686612,2025,55,0.0,0.0,0.0,2.0,0.0,0.0,3.0,3.0,2.0,0.0,0.0,0.0,0.0,3.0,0.0,26.0,0.0,0.0,0.0,0.0,0.0,1.0,0.0,1.0,0.0,0.0,0.0,0.0,0.0,0.0,0.0,0.0,0.0,222.0,29.0,3594.0,5.0,0.0,22.0,14.0,,,,70.0,8.0,5,Tre Harris,Ole Miss,SEC,Wide Receiver,0.0,0.0,16.18918918918919,4.4,8.666666666666666,,,,
4686658,2026,122,0.0,0.0,0.0,1.0,0.0,0.0,1.0,15.0,6.0,0.0,0.0,0.0,0.0,4.0,0.0,87.0,0.0,0.0,0.0,0.0,0.0,1.0,0.0,0.0,0.0,0.0,0.0,0.0,0.0,0.0,0.0,0.0,0.0,65.0,3.0,412.0,578.0,26.0,2881.0,25.0,,,,35.0,92.0,5,Michael Washington,New Mexico State,Conference USA,Running Back,0.0,0.0,6.338461538461538,4.984429065743945,21.75,,,,
4686728,2025,120,0.0,0.0,0.0,2.0,0.0,0.0,2.0,0.0,0.0,0.0,0.0,0.0,0.0,1.0,0.0,12.0,0.0,0.0,0.0,0.0,0.0,0.0,0.0,0.0,0.0,0.0,0.0,0.0,0.0,0.0,0.0,0.0,0.0,79.0,9.0,1022.0,0.0,0.0,0.0,12.0,,,,49.0,,3,Gunnar Helm,Texas,SEC,Tight End,,,12.936708860759493,,12.0,,,,
4686772,2023,17,17.0,0.0,0.0,100.0,0.0,6.5,129.0,0.0,0.0,0.0,4.0,0.0,118.0,0.0,0.0,0.0,0.0,0.0,0.0,0.0,0.0,0.0,0.0,0.0,0.0,0.0,0.0,0.0,0.0,0.0,0.0,0.0,0.0,0.0,0.0,0.0,1.0,0.0,3.0,,,,,,3.0,3,Christian Gonzalez,Oregon,Pac-12,Cornerback,,,,3.0,,,,,29.5
4686781,2024,225,0.0,0.0,0.0,1.0,1.0,0.0,1.0,2.0,0.0,0.0,0.0,0.0,0.0,22.0,0.0,555.0,0.0,0.0,0.0,0.0,0.0,0.0,0.0,0.0,0.0,0.0,1.0,1.0,81.0,0.0,0.0,0.0,0.0,111.0,21.0,1821.0,6.0,0.0,54.0,67.0,,81.0,,75.0,17.0,4,Brenden Rice,USC,Pac-12,Wide Receiver,,,16.405405405405407,9.0,25.227272727272727,81.0,,,
4686889,2024,122,0.0,0.0,0.0,1.0,0.0,0.0,1.0,0.0,0.0,0.0,0.0,0.0,0.0,0.0,0.0,0.0,0.0,0.0,0.0,0.0,0.0,1.0,1.0,0.0,0.0,3.0,0.0,0.0,0.0,127.0,295.0,32.0,13657.0,0.0,0.0,0.0,1.0,0.0,4.0,,,,70.0,,4.0,4,Tory Taylor,Iowa,Big Ten,Punter,1.0,3.0,,4.0,,,46.29491525423729,,
4686906,2023,13,1.0,7.0,13.0,33.0,0.0,18.0,66.0,0.0,0.0,0.0,0.0,0.0,0.0,0.0,0.0,0.0,0.0,0.0,0.0,0.0,0.0,0.0,0.0,0.0,0.0,0.0,0.0,0.0,0.0,0.0,0.0,0.0,0.0,0.0,0.0,0.0,0.0,0.0,0.0,,,,,,,2,Lukas Van Ness,Iowa,Big Ten,Defensive End,,,,,,,,,
4686911,2023,104,24.0,0.0,0.0,55.0,0.0,4.5,69.0,0.0,0.0,0.0,5.0,0.0,-1.0,0.0,0.0,0.0,0.0,0.0,0.0,0.0,0.0,0.0,0.0,0.0,0.0,0.0,0.0,0.0,0.0,0.0,0.0,0.0,0.0,0.0,0.0,0.0,0.0,0.0,0.0,,,,,,,3,Jakorian Bennett,Maryland,Big Ten,Cornerback,,,,,,,,,-0.2
4687513,2025,140,5.0,6.0,4.5,57.0,0.0,10.0,120.0,0.0,0.0,0.0,0.0,0.0,0.0,0.0,0.0,0.0,0.0,0.0,0.0,0.0,0.0,0.0,0.0,0.0,0.0,0.0,0.0,0.0,0.0,0.0,0.0,0.0,0.0,0.0,0.0,0.0,0.0,0.0,0.0,,,,,,,5,CamRon Jackson,Memphis,American Athletic,Defensive Tackle,,,,,,,,,
4687592,2024,76,3.0,4.0,15.5,46.0,0.0,22.5,79.0,0.0,0.0,6.0,0.0,0.0,0.0,0.0,0.0,0.0,0.0,0.0,0.0,0.0,0.0,0.0,0.0,0.0,0.0,0.0,0.0,0.0,0.0,0.0,0.0,0.0,0.0,0.0,0.0,0.0,0.0,0.0,0.0,,,,,,,3,Jonah Elliss,Utah,Pac-12,Defensive Edge,,,,,,,,,
4688380,2025,1,0.0,0.0,0.0,1.0,0.0,0.0,2.0,33.0,17.0,1.0,0.0,0.0,0.0,0.0,0.0,0.0,0.0,0.0,0.0,0.0,0.0,1483.0,979.0,24.0,91.0,11639.0,0.0,0.0,0.0,0.0,0.0,0.0,0.0,2.0,1.0,-6.0,292.0,17.0,383.0,,,,,7.0,24.0,4,Cameron Ward,Washington State,Pac-12,Quarterback,0.6601483479433581,7.848280512474713,-3.0,1.3116438356164384,,,,,
4688806,2024,108,9.0,0.0,2.0,36.0,0.0,6.0,48.0,0.0,0.0,0.0,3.0,0.0,7.0,0.0,0.0,0.0,0.0,0.0,0.0,0.0,0.0,0.0,0.0,0.0,0.0,0.0,0.0,0.0,0.0,0.0,0.0,0.0,0.0,0.0,0.0,0.0,0.0,0.0,0.0,,,,,,,3,Khyree Jackson,Oregon,Pac-12,Cornerback,,,,,,,,,2.3333333333333335
4688813,2023,79,0.0,0.0,0.0,1.0,0.0,0.0,1.0,3.0,0.0,0.0,0.0,0.0,0.0,0.0,0.0,0.0,0.0,0.0,0.0,0.0,0.0,0.0,0.0,0.0,0.0,0.0,27.0,0.0,282.0,0.0,0.0,0.0,0.0,202.0,22.0,2483.0,1.0,0.0,-3.0,,,38.0,,75.0,0.0,3,Josh Downs,North Carolina,ACC,Wide Receiver,,,12.292079207920793,-3.0,,10.444444444444445,,,
4688930,2024,58,9.0,0.0,3.5,71.0,0.0,8.0,104.0,0.0,0.0,1.0,4.0,0.0,3.0,0.0,0.0,0.0,0.0,0.0,0.0,0.0,0.0,0.0,0.0,0.0,0.0,0.0,0.0,0.0,0.0,0.0,0.0,0.0,0.0,0.0,0.0,0.0,0.0,0.0,0.0,,,,,,,3,Javon Bullard,Georgia,SEC,Safety,,,,,,,,,0.75
4688931,2025,30,10.0,0.0,1.0,69.0,3.0,2.5,87.0,0.0,0.0,0.0,6.0,3.0,156.0,0.0,0.0,0.0,0.0,0.0,0.0,0.0,0.0,0.0,0.0,0.0,0.0,0.0,0.0,0.0,0.0,0.0,0.0,0.0,0.0,0.0,0.0,0.0,0.0,0.0,0.0,,,,,,,3,Maxwell Hairston,Kentucky,SEC,Cornerback,,,,,,,,,26.0
4689114,2025,25,0.0,0.0,0.0,1.0,0.0,0.0,1.0,13.0,2.0,0.0,0.0,0.0,0.0,0.0,0.0,0.0,0.0,0.0,0.0,0.0,0.0,1307.0,852.0,26.0,81.0,11971.0,0.0,0.0,0.0,0.0,0.0,0.0,0.0,1.0,0.0,15.0,393.0,14.0,1542.0,,,,,15.0,68.0,4,Jaxson Dart,USC,Pac-12,Quarterback,0.6518745218056619,9.159143075745984,15.0,3.9236641221374047,,,,,
4689117,2026,189,0.0,0.0,0.0,0.0,0.0,0.0,1.0,0.0,0.0,0.0,0.0,0.0,0.0,0.0,0.0,0.0,0.0,0.0,0.0,0.0,0.0,0.0,0.0,0.0,0.0,0.0,0.0,0.0,0.0,0.0,0.0,0.0,0.0,0.0,0.0,0.0,0.0,0.0,0.0,,,,,,,1,Brian Parker II,Duke,ACC,Center,,,,,,,,,
4689546,2022,105,0.0,0.0,0.0,0.0,0.0,0.0,0.0,1.0,0.0,0.0,0.0,0.0,0.0,9.0,0.0,180.0,0.0,0.0,0.0,0.0,0.0,0.0,0.0,0.0,0.0,0.0,2.0,0.0,26.0,0.0,0.0,0.0,0.0,82.0,13.0,1251.0,6.0,2.0,70.0,64.0,,15.0,,68.0,32.0,2,Danny Gray,SMU,American Athletic,Wide Receiver,,,15.25609756097561,11.666666666666666,20.0,13.0,,,
4689651,2025,145,24.0,1.0,1.0,98.0,1.0,12.5,132.0,1.0,0.0,2.0,2.0,1.0,105.0,1.0,0.0,18.0,0.0,0.0,0.0,0.0,0.0,0.0,0.0,0.0,0.0,0.0,9.0,0.0,88.0,0.0,0.0,0.0,0.0,0.0,0.0,0.0,0.0,0.0,0.0,18.0,,21.0,,,,5,Mac McWilliams,UCF,Big 12,Cornerback,,,,,18.0,9.777777777777779,,,52.5
4690013,2024,165,0.0,0.0,0.0,4.0,1.0,0.0,6.0,10.0,4.0,0.0,0.0,0.0,0.0,5.0,1.0,173.0,0.0,0.0,0.0,0.0,0.0,0.0,0.0,0.0,0.0,0.0,0.0,0.0,0.0,0.0,0.0,0.0,0.0,76.0,3.0,565.0,514.0,39.0,2836.0,97.0,,,,65.0,64.0,4,Rasheen Ali,Marshall,Sun Belt,Running Back,,,7.434210526315789,5.517509727626459,34.6,,,,
4690143,2025,203,0.0,0.0,0.0,2.0,2.0,0.0,2.0,7.0,5.0,0.0,0.0,0.0,0.0,16.0,0.0,304.0,0.0,0.0,0.0,0.0,0.0,0.0,0.0,0.0,0.0,0.0,66.0,2.0,740.0,0.0,0.0,0.0,0.0,326.0,31.0,3634.0,37.0,2.0,213.0,37.0,,76.0,,76.0,54.0,5,LaJohntay Wester,Florida Atlantic,Conference USA,Wide Receiver,,,11.14723926380368,5.756756756756757,19.0,11.212121212121213,,,
4690171,2022,236,10.0,0.0,0.0,36.0,0.0,1.0,62.0,0.0,0.0,2.0,0.0,0.0,0.0,0.0,0.0,0.0,0.0,0.0,0.0,0.0,0.0,0.0,0.0,0.0,0.0,0.0,0.0,0.0,0.0,0.0,0.0,0.0,0.0,0.0,0.0,0.0,0.0,0.0,0.0,,,,,,,2,Deane Leonard,Ole Miss,SEC,Cornerback,,,,,,,,,
4690179,2023,124,1.0,12.0,9.5,31.0,0.0,12.0,84.0,0.0,0.0,4.0,0.0,0.0,0.0,0.0,0.0,0.0,0.0,0.0,0.0,0.0,0.0,0.0,0.0,0.0,0.0,0.0,0.0,0.0,0.0,0.0,0.0,0.0,0.0,0.0,0.0,0.0,0.0,0.0,0.0,,,,,,,3,Tavius Robinson,Ole Miss,SEC,Outside Linebacker,,,,,,,,,
4690795,2025,157,3.0,18.0,15.5,47.0,0.0,24.0,90.0,0.0,0.0,1.0,0.0,0.0,0.0,0.0,0.0,0.0,0.0,0.0,0.0,0.0,0.0,0.0,0.0,0.0,0.0,0.0,0.0,0.0,0.0,0.0,0.0,0.0,0.0,0.0,0.0,0.0,0.0,0.0,0.0,,,,,,,5,Elijah Roberts,SMU,American Athletic,Defensive Edge,,,,,,,,,
4690923,2024,53,0.0,0.0,0.0,0.0,0.0,0.0,0.0,1.0,0.0,0.0,0.0,0.0,0.0,0.0,0.0,0.0,0.0,0.0,0.0,0.0,0.0,0.0,0.0,0.0,0.0,0.0,0.0,0.0,0.0,0.0,0.0,0.0,0.0,82.0,10.0,1138.0,3.0,1.0,12.0,,,,,44.0,9.0,3,Ben Sinnott,Kansas State,Big 12,Tight End,,,13.878048780487806,4.0,,,,,
4691084,2023,166,0.0,2.0,1.0,11.0,0.0,4.0,16.0,0.0,0.0,3.0,0.0,0.0,0.0,0.0,0.0,0.0,0.0,0.0,0.0,0.0,0.0,0.0,0.0,0.0,0.0,0.0,0.0,0.0,0.0,0.0,0.0,0.0,0.0,0.0,0.0,0.0,0.0,0.0,0.0,,,,,,,3,BJ Thompson,Stephen F. Austin,Western Athletic,Outside Linebacker,,,,,,,,,
4691556,2026,179,0.0,0.0,0.0,1.0,0.0,0.0,1.0,0.0,0.0,0.0,0.0,0.0,0.0,0.0,0.0,0.0,0.0,0.0,0.0,0.0,0.0,0.0,0.0,0.0,0.0,0.0,0.0,0.0,0.0,0.0,0.0,0.0,0.0,0.0,0.0,0.0,0.0,0.0,0.0,,,,,,,1,Enrique Cruz Jr.,Kansas,Big 12,Offensive Tackle,,,,,,,,,
4691688,2025,175,0.0,0.0,0.0,0.0,0.0,0.0,0.0,0.0,0.0,0.0,0.0,0.0,0.0,2.0,0.0,22.0,0.0,0.0,0.0,0.0,0.0,0.0,0.0,0.0,0.0,0.0,0.0,0.0,0.0,0.0,0.0,0.0,0.0,16.0,3.0,192.0,0.0,0.0,0.0,11.0,,,,44.0,,4,Robbie Ouzts,Alabama,SEC,Tight End,,,12.0,,11.0,,,,
4692022,2024,110,0.0,0.0,0.0,1.0,0.0,0.0,1.0,0.0,0.0,0.0,0.0,0.0,0.0,0.0,0.0,0.0,0.0,0.0,0.0,0.0,0.0,0.0,0.0,0.0,0.0,0.0,0.0,0.0,0.0,0.0,0.0,0.0,0.0,117.0,13.0,2051.0,0.0,0.0,0.0,,,,,86.0,,4,Javon Baker,UCF,Big 12,Wide Receiver,,,17.52991452991453,,,,,,
4692024,2025,130,24.0,7.0,2.5,124.0,2.0,15.5,208.0,0.0,0.0,3.0,7.0,0.0,113.0,0.0,0.0,0.0,0.0,0.0,0.0,0.0,0.0,0.0,0.0,0.0,0.0,0.0,1.0,1.0,3.0,0.0,0.0,0.0,0.0,0.0,0.0,0.0,0.0,0.0,0.0,,,3.0,,,,5,Malachi Moore,Alabama,SEC,Safety,,,,,,3.0,,,16.142857142857142
4692025,2023,45,24.0,4.0,4.0,99.0,1.0,16.5,157.0,1.0,0.0,1.0,4.0,0.0,32.0,0.0,0.0,0.0,0.0,0.0,0.0,0.0,0.0,0.0,0.0,0.0,0.0,0.0,2.0,1.0,65.0,0.0,0.0,0.0,0.0,0.0,0.0,0.0,0.0,0.0,0.0,,,68.0,,,,3,Brian Branch,Alabama,SEC,Safety,,,,,,32.5,,,8.0
4692033,2025,190,1.0,7.0,5.5,49.0,0.0,14.0,121.0,0.0,0.0,3.0,0.0,0.0,0.0,0.0,0.0,0.0,0.0,0.0,0.0,0.0,0.0,0.0,0.0,0.0,0.0,0.0,0.0,0.0,0.0,0.0,0.0,0.0,0.0,0.0,0.0,0.0,0.0,0.0,0.0,,,,,,,5,Tim Smith,Alabama,SEC,Defensive Tackle,,,,,,,,,
4692048,2025,134,0.0,7.0,5.5,30.0,0.0,9.5,53.0,1.0,1.0,2.0,0.0,0.0,0.0,0.0,0.0,0.0,0.0,0.0,0.0,0.0,0.0,0.0,0.0,0.0,0.0,0.0,1.0,0.0,3.0,0.0,0.0,0.0,0.0,0.0,0.0,0.0,0.0,0.0,0.0,,,3.0,,,,3,Quandarrius Robinson,Alabama,SEC,Defensive Edge,,,,,,3.0,,,
4692185,2024,244,0.0,0.0,3.0,26.0,0.0,6.5,76.0,0.0,0.0,0.0,0.0,0.0,0.0,0.0,0.0,0.0,0.0,0.0,0.0,0.0,0.0,0.0,0.0,0.0,0.0,0.0,0.0,0.0,0.0,0.0,0.0,0.0,0.0,0.0,0.0,0.0,0.0,0.0,0.0,,,,,,,4,Justin Rogers,Kentucky,SEC,Defensive Tackle,,,,,,,,,
4692525,2023,27,0.0,0.0,0.0,0.0,0.0,0.0,0.0,0.0,0.0,0.0,0.0,0.0,0.0,0.0,0.0,0.0,0.0,0.0,0.0,0.0,0.0,0.0,0.0,0.0,0.0,0.0,0.0,0.0,0.0,0.0,0.0,0.0,0.0,0.0,0.0,0.0,0.0,0.0,5.0,,,,,,5.0,1,Anton Harrison,Oklahoma,Big 12,Offensive Tackle,,,,inf,,,,,
4692555,2025,176,4.0,18.0,19.0,65.0,0.0,38.0,136.0,0.0,0.0,1.0,0.0,0.0,0.0,0.0,0.0,0.0,0.0,0.0,0.0,0.0,0.0,0.0,0.0,0.0,0.0,0.0,0.0,0.0,0.0,0.0,0.0,0.0,0.0,0.0,0.0,0.0,0.0,0.0,0.0,,,,,,,5,Tyler Baron,Tennessee,SEC,Defensive Edge,,,,,,,,,
4692590,2023,73,0.0,0.0,0.0,0.0,0.0,0.0,0.0,0.0,0.0,0.0,0.0,0.0,0.0,0.0,0.0,0.0,0.0,0.0,0.0,0.0,0.0,0.0,0.0,0.0,0.0,0.0,0.0,0.0,0.0,0.0,0.0,0.0,0.0,108.0,19.0,1769.0,3.0,0.0,13.0,,,,,78.0,10.0,3,Jalin Hyatt,Tennessee,SEC,Wide Receiver,,,16.37962962962963,4.333333333333333,,,,,
4692680,2024,97,2.0,12.0,7.0,43.0,0.0,15.0,90.0,0.0,0.0,3.0,0.0,0.0,0.0,0.0,0.0,0.0,0.0,0.0,0.0,0.0,0.0,0.0,0.0,0.0,0.0,0.0,0.0,0.0,0.0,0.0,0.0,0.0,0.0,0.0,0.0,0.0,0.0,0.0,0.0,,,,,,,4,McKinnley Jackson,Texas A&M,SEC,Defensive Tackle,,,,,,,,,
4692835,2023,244,0.0,0.0,0.0,3.0,0.0,0.0,4.0,1.0,1.0,0.0,0.0,0.0,0.0,2.0,0.0,32.0,0.0,0.0,0.0,0.0,0.0,0.0,0.0,0.0,0.0,0.0,0.0,0.0,0.0,0.0,0.0,0.0,0.0,58.0,2.0,785.0,4.0,1.0,51.0,20.0,,,,54.0,24.0,3,Jalen Brooks,South Carolina,SEC,Wide Receiver,,,13.53448275862069,12.75,16.0,,,,
4693331,2025,215,0.0,0.0,0.0,0.0,0.0,0.0,0.0,6.0,4.0,0.0,0.0,0.0,0.0,0.0,0.0,0.0,0.0,0.0,0.0,0.0,0.0,885.0,625.0,13.0,65.0,7910.0,0.0,0.0,0.0,0.0,0.0,0.0,0.0,0.0,0.0,0.0,402.0,40.0,1821.0,,,,,,68.0,4,Cam Miller,North Dakota State,MVFC,Quarterback,0.7062146892655368,8.937853107344633,,4.529850746268656,,,,,
4693337,2025,160,12.0,1.0,0.0,86.0,1.0,9.5,124.0,0.0,0.0,0.0,6.0,2.0,139.0,0.0,0.0,0.0,0.0,0.0,0.0,0.0,0.0,0.0,0.0,0.0,0.0,0.0,0.0,0.0,0.0,0.0,0.0,0.0,0.0,0.0,0.0,0.0,0.0,0.0,0.0,,,,,,,3,Marques Sigle,North Dakota State,MVFC,Safety,,,,,,,,,23.166666666666668
4693345,2026,244,6.0,0.0,1.0,38.0,0.0,5.5,75.0,0.0,0.0,2.0,8.0,1.0,239.0,0.0,0.0,0.0,0.0,0.0,0.0,0.0,0.0,0.0,0.0,0.0,0.0,0.0,0.0,0.0,0.0,0.0,0.0,0.0,0.0,0.0,0.0,0.0,0.0,0.0,0.0,,,,,,,3,Cole Wisniewski,Texas Tech,Big 12,Safety,,,,,,,,,29.875
4693369,2025,218,1.0,0.0,0.0,8.0,0.0,0.0,11.0,0.0,0.0,0.0,0.0,0.0,0.0,0.0,0.0,0.0,0.0,0.0,0.0,0.0,0.0,0.0,0.0,0.0,0.0,0.0,0.0,0.0,0.0,0.0,0.0,0.0,0.0,0.0,0.0,0.0,0.0,0.0,0.0,,,,,,,3,Jack Nelson,Wisconsin,Big Ten,Offensive Tackle,,,,,,,,,
4693370,2026,169,0.0,0.0,0.0,3.0,0.0,0.0,3.0,0.0,0.0,0.0,0.0,0.0,0.0,0.0,0.0,0.0,0.0,0.0,0.0,0.0,0.0,0.0,0.0,0.0,0.0,0.0,0.0,0.0,0.0,0.0,0.0,0.0,0.0,50.0,3.0,518.0,2.0,2.0,2.0,,,,,43.0,1.0,4,Riley Nowakowski,Wisconsin,Big Ten,Tight End,,,10.36,1.0,,,,,
4693644,2023,87,11.0,5.0,4.5,117.0,1.0,9.0,147.0,0.0,0.0,13.0,10.0,1.0,226.0,0.0,0.0,0.0,0.0,0.0,0.0,0.0,0.0,0.0,0.0,0.0,0.0,0.0,0.0,0.0,0.0,0.0,0.0,0.0,0.0,0.0,0.0,0.0,0.0,0.0,0.0,,,,,,,3,Ji'Ayir Brown,Penn State,Big Ten,Safety,,,,,,,,,22.6
4693816,2024,223,13.0,0.0,2.5,118.0,1.0,11.0,202.0,0.0,0.0,0.0,6.0,1.0,112.0,0.0,0.0,0.0,0.0,0.0,0.0,0.0,0.0,0.0,0.0,0.0,0.0,0.0,0.0,0.0,0.0,0.0,0.0,0.0,0.0,0.0,0.0,0.0,0.0,0.0,0.0,,,,,,,3,Trey Taylor,Air Force,Mountain West,Safety,,,,,,,,,18.666666666666668
4693934,2026,236,16.0,0.0,1.0,47.0,0.0,2.5,79.0,0.0,0.0,1.0,1.0,0.0,0.0,0.0,0.0,0.0,0.0,0.0,0.0,0.0,0.0,0.0,0.0,0.0,0.0,0.0,0.0,0.0,0.0,0.0,0.0,0.0,0.0,0.0,0.0,0.0,0.0,0.0,0.0,,,,,,,4,Andre Fuller,Toledo,Mid-American,Cornerback,,,,,,,,,0.0
4695254,2025,251,0.0,0.0,0.0,2.0,0.0,0.0,4.0,0.0,0.0,0.0,0.0,0.0,0.0,0.0,0.0,0.0,0.0,0.0,0.0,0.0,0.0,0.0,0.0,0.0,0.0,0.0,0.0,0.0,0.0,0.0,0.0,0.0,0.0,0.0,0.0,0.0,0.0,0.0,0.0,,,,,,,2,Julian Ashby,Vanderbilt,SEC,Long Snapper,,,,,,,,,
4695280,2025,237,6.0,0.0,0.0,30.0,1.0,1.0,44.0,0.0,0.0,1.0,6.0,1.0,64.0,0.0,0.0,0.0,0.0,0.0,0.0,0.0,0.0,0.0,0.0,0.0,0.0,0.0,0.0,0.0,0.0,0.0,0.0,0.0,0.0,0.0,0.0,0.0,0.0,0.0,0.0,,,,,,,4,Micah Robinson,Tulane,American Athletic,Cornerback,,,,,,,,,10.666666666666666
4695404,2024,173,0.0,0.0,0.0,0.0,0.0,0.0,0.0,3.0,0.0,0.0,0.0,0.0,0.0,0.0,0.0,0.0,0.0,0.0,0.0,0.0,0.0,3.0,0.0,0.0,0.0,0.0,1.0,0.0,1.0,0.0,0.0,0.0,0.0,43.0,1.0,363.0,470.0,29.0,2923.0,,,1.0,,23.0,66.0,3,Isaiah Davis,South Dakota State,MVFC,Running Back,0.0,0.0,8.44186046511628,6.219148936170213,,1.0,,,
4695705,2026,59,0.0,0.0,0.0,0.0,0.0,0.0,0.0,0.0,0.0,0.0,0.0,0.0,0.0,0.0,0.0,0.0,0.0,0.0,0.0,0.0,0.0,0.0,0.0,0.0,0.0,0.0,0.0,0.0,0.0,0.0,0.0,0.0,0.0,38.0,1.0,364.0,0.0,0.0,0.0,,,,,33.0,,3,Marlin Klein,Michigan,Big Ten,Tight End,,,9.578947368421053,,,,,,
4695783,2024,227,0.0,0.0,1.0,13.0,0.0,5.0,13.0,0.0,0.0,5.0,4.0,0.0,23.0,0.0,0.0,0.0,0.0,0.0,0.0,0.0,0.0,0.0,0.0,0.0,0.0,0.0,0.0,0.0,0.0,0.0,0.0,0.0,0.0,0.0,0.0,0.0,0.0,0.0,0.0,,,,,,,3,Myles Harden,South Dakota,MVFC,Cornerback,,,,,,,,,5.75
4695895,2025,195,0.0,0.0,0.0,1.0,0.0,0.0,1.0,0.0,0.0,0.0,0.0,0.0,0.0,0.0,0.0,0.0,0.0,0.0,0.0,0.0,0.0,0.0,0.0,0.0,0.0,0.0,0.0,0.0,0.0,0.0,0.0,0.0,0.0,0.0,0.0,0.0,0.0,0.0,0.0,,,,,,,1,Luke Newman,Michigan State,Big Ten,Offensive Tackle,,,,,,,,,
4696044,2026,90,0.0,0.0,0.0,1.0,0.0,0.0,4.0,4.0,1.0,0.0,0.0,0.0,0.0,2.0,0.0,26.0,0.0,0.0,0.0,0.0,0.0,0.0,0.0,0.0,0.0,0.0,0.0,0.0,0.0,0.0,0.0,0.0,0.0,50.0,6.0,457.0,444.0,16.0,2260.0,23.0,,,,34.0,57.0,4,Kaelon Black,James Madison,Sun Belt,Running Back,,,9.14,5.09009009009009,13.0,,,,
4696211,2024,124,6.0,3.0,4.0,102.0,0.0,14.0,169.0,0.0,0.0,3.0,3.0,0.0,50.0,0.0,0.0,0.0,0.0,0.0,0.0,0.0,0.0,0.0,0.0,0.0,0.0,0.0,0.0,0.0,0.0,0.0,0.0,0.0,0.0,0.0,0.0,0.0,0.0,0.0,0.0,,,,,,,3,Malik Mustapha,Wake Forest,ACC,Safety,,,,,,,,,16.666666666666668
4696700,2024,82,0.0,0.0,0.0,0.0,0.0,0.0,1.0,0.0,0.0,0.0,0.0,0.0,0.0,3.0,0.0,17.0,0.0,0.0,0.0,0.0,0.0,0.0,0.0,0.0,0.0,0.0,0.0,0.0,0.0,0.0,0.0,0.0,0.0,41.0,5.0,419.0,0.0,0.0,0.0,14.0,,,,42.0,,4,Tip Reiman,Illinois,Big Ten,Tight End,,,10.21951219512195,,5.666666666666667,,,,
4696882,2024,113,0.0,0.0,0.0,0.0,0.0,0.0,0.0,2.0,1.0,0.0,0.0,0.0,0.0,0.0,0.0,0.0,0.0,0.0,0.0,0.0,0.0,0.0,0.0,0.0,0.0,0.0,0.0,0.0,0.0,0.0,0.0,0.0,0.0,104.0,19.0,1744.0,6.0,1.0,52.0,,,,,73.0,20.0,3,Devontez Walker,North Carolina,ACC,Wide Receiver,,,16.76923076923077,8.666666666666666,,,,,
4696981,2025,105,0.0,0.0,0.0,2.0,0.0,0.0,2.0,9.0,3.0,1.0,0.0,0.0,0.0,5.0,0.0,105.0,0.0,0.0,0.0,0.0,0.0,18.0,8.0,1.0,3.0,191.0,3.0,0.0,25.0,3.0,8.0,0.0,338.0,99.0,7.0,1248.0,643.0,37.0,3854.0,43.0,,14.0,53.0,66.0,66.0,3,Cameron Skattebo,Sacramento State,Big Sky,Running Back,0.4444444444444444,10.61111111111111,12.606060606060606,5.993779160186625,21.0,8.333333333333334,42.25,,
4697636,2024,157,17.0,1.0,0.0,70.0,0.0,6.0,103.0,0.0,0.0,2.0,3.0,0.0,28.0,0.0,0.0,0.0,0.0,0.0,0.0,0.0,0.0,0.0,0.0,0.0,0.0,0.0,0.0,0.0,0.0,0.0,0.0,0.0,0.0,0.0,0.0,0.0,0.0,0.0,0.0,,,,,,,4,Chau Smith-Wade,Washington State,Pac-12,Cornerback,,,,,,,,,9.333333333333334
4697639,2022,243,5.0,0.0,0.0,34.0,0.0,2.0,44.0,0.0,0.0,7.0,2.0,0.0,11.0,0.0,0.0,0.0,0.0,0.0,0.0,0.0,0.0,0.0,0.0,0.0,0.0,0.0,0.0,0.0,0.0,0.0,0.0,0.0,0.0,0.0,0.0,0.0,0.0,0.0,0.0,,,,,,,2,Jaylen Watson,Washington State,Pac-12,Cornerback,,,,,,,,,5.5
4697745,2025,186,0.0,0.0,0.0,2.0,0.0,0.0,2.0,0.0,0.0,0.0,0.0,0.0,0.0,0.0,0.0,0.0,80.0,67.0,327.0,128.0,126.0,0.0,0.0,0.0,0.0,0.0,0.0,0.0,0.0,11.0,28.0,2.0,1200.0,0.0,0.0,0.0,0.0,0.0,0.0,,62.0,,64.0,,,5,Tyler Loop,Arizona,Pac-12,Place Kicker,,,,,,,42.857142857142854,0.8375,
4697757,2026,38,26.0,0.0,1.0,124.0,0.0,11.0,207.0,0.0,0.0,0.0,6.0,0.0,26.0,0.0,0.0,0.0,0.0,0.0,0.0,0.0,0.0,0.0,0.0,0.0,0.0,0.0,0.0,0.0,0.0,0.0,0.0,0.0,0.0,0.0,0.0,0.0,0.0,0.0,0.0,,,,,,,6,Treydan Stukes,Arizona,Pac-12,Safety,,,,,,,,,4.333333333333333
4697815,2022,91,0.0,0.0,0.0,0.0,0.0,0.0,0.0,4.0,0.0,0.0,0.0,0.0,0.0,2.0,0.0,47.0,0.0,0.0,0.0,0.0,0.0,0.0,0.0,0.0,0.0,0.0,4.0,0.0,47.0,0.0,0.0,0.0,0.0,51.0,2.0,607.0,224.0,20.0,1426.0,25.0,,36.0,,55.0,93.0,2,Rachaad White,Arizona State,Pac-12,Running Back,,,11.901960784313726,6.366071428571429,23.5,11.75,,,
4698113,2024,43,20.0,0.0,1.0,81.0,1.0,9.0,111.0,0.0,0.0,3.0,8.0,1.0,52.0,0.0,0.0,0.0,0.0,0.0,0.0,0.0,0.0,0.0,0.0,0.0,0.0,0.0,3.0,0.0,61.0,0.0,0.0,0.0,0.0,0.0,0.0,0.0,0.0,0.0,0.0,,,28.0,,,,4,Max Melton,Rutgers,Big Ten,Cornerback,,,,,,20.333333333333332,,,6.5
4698181,2026,247,1.0,15.0,5.5,31.0,0.0,9.0,71.0,0.0,0.0,2.0,1.0,0.0,21.0,0.0,0.0,0.0,0.0,0.0,0.0,0.0,0.0,0.0,0.0,0.0,0.0,0.0,0.0,0.0,0.0,0.0,0.0,0.0,0.0,0.0,0.0,0.0,0.0,0.0,0.0,,,,,,,4,Quintayvious Hutchins,Boston College,ACC,Defensive Edge,,,,,,,,,21.0
4698244,2025,129,4.0,7.0,6.0,51.0,0.0,13.5,129.0,0.0,0.0,2.0,7.0,1.0,68.0,0.0,0.0,0.0,0.0,0.0,0.0,0.0,0.0,0.0,0.0,0.0,0.0,0.0,0.0,0.0,0.0,0.0,0.0,0.0,0.0,0.0,0.0,0.0,0.0,0.0,0.0,,,,,,,4,Teddye Buchanan,UC Davis,Big Sky,Linebacker,,,,,,,,,9.714285714285714
4698597,2026,190,0.0,1.0,0.0,0.0,6.0,0.0,0.0,6.0,3.0,0.0,0.0,0.0,0.0,66.0,6.0,1895.0,0.0,0.0,0.0,0.0,0.0,0.0,0.0,0.0,0.0,0.0,12.0,0.0,91.0,0.0,0.0,0.0,0.0,175.0,12.0,2060.0,32.0,2.0,228.0,100.0,,36.0,,70.0,26.0,4,Barion Brown,LSU,SEC,Wide Receiver,,,11.771428571428572,7.125,28.71212121212121,7.583333333333333,,,
4698598,2026,220,15.0,1.0,1.0,59.0,2.0,3.5,76.0,0.0,0.0,2.0,5.0,2.0,50.0,0.0,0.0,0.0,0.0,0.0,0.0,0.0,0.0,0.0,0.0,0.0,0.0,0.0,0.0,0.0,0.0,0.0,0.0,0.0,0.0,0.0,0.0,0.0,0.0,0.0,0.0,,,,,,,4,Toriano Pride,Missouri,SEC,Cornerback,,,,,,,,,10.0
4698728,2026,82,2.0,12.0,1.0,32.0,0.0,7.0,66.0,0.0,0.0,0.0,0.0,0.0,0.0,0.0,0.0,0.0,0.0,0.0,0.0,0.0,0.0,0.0,0.0,0.0,0.0,0.0,0.0,0.0,0.0,0.0,0.0,0.0,0.0,0.0,0.0,0.0,0.0,0.0,0.0,,,,,,,4,Domonique Orange,Iowa State,Big 12,Defensive Tackle,,,,,,,,,
4700136,2025,162,9.0,12.0,13.0,140.0,1.0,33.5,251.0,0.0,0.0,2.0,3.0,1.0,99.0,0.0,0.0,0.0,0.0,0.0,0.0,0.0,0.0,0.0,0.0,0.0,0.0,0.0,0.0,0.0,0.0,0.0,0.0,0.0,0.0,0.0,0.0,0.0,0.0,0.0,0.0,,,,,,,4,Francisco Mauigoa,Washington State,Pac-12,Linebacker,,,,,,,,,33.0
4701936,2025,23,0.0,0.0,0.0,1.0,2.0,0.0,1.0,1.0,0.0,0.0,0.0,0.0,0.0,27.0,2.0,689.0,0.0,0.0,0.0,0.0,0.0,2.0,1.0,0.0,0.0,30.0,0.0,0.0,0.0,0.0,0.0,0.0,0.0,134.0,22.0,1975.0,0.0,0.0,0.0,100.0,,,,54.0,,3,Matthew Golden,Texas,SEC,Wide Receiver,0.5,15.0,14.738805970149254,,25.51851851851852,,,,
4702555,2026,108,0.0,0.0,0.0,1.0,0.0,0.0,1.0,3.0,2.0,0.0,0.0,0.0,0.0,4.0,0.0,83.0,0.0,0.0,0.0,0.0,0.0,0.0,0.0,0.0,0.0,0.0,0.0,0.0,0.0,0.0,0.0,0.0,0.0,87.0,3.0,838.0,552.0,34.0,3054.0,26.0,,,,69.0,64.0,4,Jonah Coleman,Washington,Big Ten,Running Back,,,9.632183908045977,5.532608695652174,20.75,,,,
4702559,2026,73,0.0,0.0,0.0,1.0,0.0,0.0,1.0,2.0,1.0,0.0,0.0,0.0,0.0,0.0,0.0,0.0,0.0,0.0,0.0,0.0,0.0,0.0,0.0,0.0,0.0,0.0,0.0,0.0,0.0,0.0,0.0,0.0,0.0,70.0,9.0,854.0,0.0,0.0,0.0,,,,,43.0,,4,Oscar Delp,Georgia,SEC,Tight End,,,12.2,,,,,,
4702577,2026,114,8.0,0.0,1.0,40.0,0.0,2.0,64.0,0.0,0.0,0.0,5.0,0.0,130.0,0.0,0.0,0.0,0.0,0.0,0.0,0.0,0.0,0.0,0.0,0.0,0.0,0.0,0.0,0.0,0.0,0.0,0.0,0.0,0.0,0.0,0.0,0.0,0.0,0.0,0.0,,,,,,,4,Devin Moore,Florida,SEC,Cornerback,,,,,,,,,26.0
4702918,2026,162,30.0,7.0,1.5,127.0,2.0,15.0,206.0,0.0,0.0,1.0,7.0,2.0,49.0,0.0,0.0,0.0,0.0,0.0,0.0,0.0,0.0,0.0,0.0,0.0,0.0,0.0,0.0,0.0,0.0,0.0,0.0,0.0,0.0,0.0,0.0,0.0,0.0,0.0,0.0,,,,,,,4,Chandler Rivers,Duke,ACC,Cornerback,,,,,,,,,7.0
4708049,2025,202,0.0,0.0,0.0,2.0,0.0,0.0,2.0,1.0,0.0,0.0,0.0,0.0,0.0,1.0,0.0,-1.0,0.0,0.0,0.0,0.0,0.0,1.0,0.0,0.0,0.0,0.0,0.0,0.0,0.0,0.0,0.0,0.0,0.0,105.0,11.0,1264.0,1.0,0.0,2.0,-1.0,,,,60.0,2.0,4,Gavin Bartholomew,Pittsburgh,ACC,Tight End,0.0,0.0,12.038095238095238,2.0,-1.0,,,,
4708238,2026,156,2.0,10.0,11.0,49.0,0.0,22.5,101.0,0.0,0.0,2.0,0.0,0.0,0.0,0.0,0.0,0.0,0.0,0.0,0.0,0.0,0.0,0.0,0.0,0.0,0.0,0.0,0.0,0.0,0.0,0.0,0.0,0.0,0.0,4.0,0.0,44.0,0.0,0.0,0.0,,,,,14.0,,4,George Gumbs,Northern Illinois,Mid-American,Defensive Edge,,,11.0,,,,,,
4708486,2025,208,0.0,0.0,0.0,1.0,1.0,0.0,2.0,4.0,1.0,0.0,0.0,0.0,0.0,34.0,1.0,706.0,0.0,0.0,0.0,0.0,0.0,1.0,1.0,0.0,1.0,30.0,14.0,0.0,90.0,0.0,0.0,0.0,0.0,162.0,11.0,1967.0,17.0,1.0,128.0,89.0,,27.0,,91.0,55.0,4,Jimmy Horn Jr.,South Florida,American Athletic,Wide Receiver,1.0,30.0,12.141975308641975,7.529411764705882,20.764705882352942,6.428571428571429,,,
4709695,2026,183,1.0,6.0,4.0,55.0,0.0,13.5,104.0,0.0,0.0,1.0,0.0,0.0,0.0,1.0,0.0,3.0,0.0,0.0,0.0,0.0,0.0,0.0,0.0,0.0,0.0,0.0,0.0,0.0,0.0,0.0,0.0,0.0,0.0,0.0,0.0,0.0,0.0,0.0,0.0,3.0,,,,,,4,Karson Sharar,Iowa,Big Ten,Linebacker,,,,,3.0,,,,
4710000,2026,142,0.0,0.0,0.0,1.0,0.0,0.0,1.0,0.0,0.0,0.0,0.0,0.0,0.0,0.0,0.0,0.0,0.0,0.0,0.0,0.0,0.0,0.0,0.0,0.0,0.0,0.0,0.0,0.0,0.0,0.0,0.0,0.0,0.0,0.0,0.0,0.0,0.0,0.0,0.0,,,,,,,1,Fernando Carmona,San José State,Mountain West,Offensive Guard,,,,,,,,,
4710067,2026,23,4.0,12.0,18.0,45.0,0.0,26.0,69.0,0.0,0.0,1.0,0.0,0.0,0.0,0.0,0.0,0.0,0.0,0.0,0.0,0.0,0.0,0.0,0.0,0.0,0.0,0.0,0.0,0.0,0.0,0.0,0.0,0.0,0.0,0.0,0.0,0.0,0.0,0.0,0.0,,,,,,,4,Malachi Lawrence,UCF,Big 12,Defensive Edge,,,,,,,,,
4710341,2025,117,0.0,0.0,0.0,7.0,0.0,0.0,9.0,5.0,3.0,0.0,0.0,0.0,0.0,25.0,0.0,517.0,0.0,0.0,0.0,0.0,0.0,3.0,2.0,1.0,1.0,22.0,0.0,0.0,0.0,0.0,0.0,0.0,0.0,68.0,4.0,558.0,539.0,25.0,3378.0,36.0,,,,62.0,94.0,4,Jarquez Hunter,Auburn,SEC,Running Back,0.6666666666666666,7.333333333333333,8.205882352941176,6.267161410018553,20.68,,,,
4710422,2025,196,0.0,11.0,24.0,69.0,0.0,34.0,117.0,0.0,0.0,1.0,0.0,0.0,0.0,0.0,0.0,0.0,0.0,0.0,0.0,0.0,0.0,0.0,0.0,0.0,0.0,0.0,0.0,0.0,0.0,0.0,0.0,0.0,0.0,0.0,0.0,0.0,0.0,0.0,0.0,,,,,,,4,Ahmed Hassanein,Boise State,Mountain West,Defensive Edge,,,,,,,,,
4710661,2023,114,0.0,0.0,0.0,0.0,0.0,0.0,0.0,0.0,0.0,0.0,0.0,0.0,0.0,0.0,0.0,0.0,0.0,0.0,0.0,0.0,0.0,0.0,0.0,0.0,0.0,0.0,0.0,0.0,0.0,0.0,0.0,0.0,0.0,1.0,0.0,0.0,0.0,0.0,0.0,,,,,0.0,,1,Chandler Zavala,NC State,ACC,Offensive Guard,,,0.0,,,,,,
4710706,2026,109,23.0,1.0,0.0,97.0,0.0,7.0,151.0,0.0,0.0,4.0,4.0,0.0,0.0,0.0,0.0,0.0,0.0,0.0,0.0,0.0,0.0,0.0,0.0,0.0,0.0,0.0,0.0,0.0,0.0,0.0,0.0,0.0,0.0,0.0,0.0,0.0,0.0,0.0,0.0,,,,,,,5,Jadon Canady,Tulane,American Athletic,Safety,,,,,,,,,0.0
4710714,2026,33,0.0,0.0,0.0,5.0,0.0,0.0,5.0,0.0,0.0,0.0,0.0,0.0,0.0,0.0,0.0,0.0,0.0,0.0,0.0,0.0,0.0,0.0,0.0,0.0,0.0,0.0,0.0,0.0,0.0,0.0,0.0,0.0,0.0,217.0,23.0,2977.0,0.0,0.0,0.0,,,,,77.0,,5,De'Zhaun Stribling,Washington State,Pac-12,Wide Receiver,,,13.71889400921659,,,,,,
4710752,2026,41,15.0,19.0,28.0,73.0,0.0,36.5,125.0,0.0,0.0,1.0,1.0,0.0,6.0,0.0,0.0,0.0,0.0,0.0,0.0,0.0,0.0,0.0,0.0,0.0,0.0,0.0,0.0,0.0,0.0,0.0,0.0,0.0,0.0,0.0,0.0,0.0,0.0,0.0,0.0,,,,,,,5,Cashius Howell,Texas A&M,SEC,Defensive Edge,,,,,,,,,6.0
4710855,2025,242,0.0,0.0,0.0,3.0,0.0,0.0,3.0,5.0,3.0,0.0,0.0,0.0,0.0,1.0,0.0,20.0,0.0,0.0,0.0,0.0,0.0,1.0,0.0,0.0,0.0,0.0,5.0,0.0,14.0,0.0,0.0,0.0,0.0,217.0,19.0,2691.0,2.0,0.0,18.0,20.0,,9.0,,82.0,15.0,4,Konata Mumpfield,Pittsburgh,ACC,Wide Receiver,0.0,0.0,12.400921658986174,9.0,20.0,2.8,,,
4710865,2026,98,15.0,0.0,4.5,137.0,2.0,11.0,203.0,0.0,0.0,4.0,9.0,2.0,164.0,0.0,0.0,0.0,0.0,0.0,0.0,0.0,0.0,0.0,0.0,0.0,0.0,0.0,1.0,0.0,6.0,0.0,0.0,0.0,0.0,0.0,0.0,0.0,0.0,0.0,0.0,,,6.0,,,,4,Jakobe Thomas,Tennessee,SEC,Safety,,,,,,6.0,,,18.22222222222222
4711029,2023,245,0.0,0.0,0.0,0.0,0.0,0.0,0.0,0.0,0.0,1.0,0.0,0.0,0.0,11.0,0.0,360.0,0.0,0.0,0.0,0.0,0.0,0.0,0.0,0.0,0.0,0.0,0.0,0.0,0.0,0.0,0.0,0.0,0.0,0.0,0.0,0.0,0.0,0.0,0.0,66.0,,,,,,2,Isaiah Bolden,Jackson State,SWAC,Cornerback,,,,,32.72727272727273,,,,
4711533,2025,179,0.0,0.0,0.0,2.0,0.0,0.0,4.0,6.0,4.0,0.0,0.0,0.0,0.0,0.0,0.0,0.0,0.0,0.0,0.0,0.0,0.0,2.0,1.0,1.0,0.0,27.0,0.0,0.0,0.0,0.0,0.0,0.0,0.0,81.0,5.0,607.0,536.0,35.0,2897.0,,,,,50.0,75.0,3,Ollie Gordon,Oklahoma State,Big 12,Running Back,0.5,13.5,7.493827160493828,5.404850746268656,,,,,
4714379,2026,180,0.0,0.0,0.0,4.0,0.0,0.0,4.0,1.0,0.0,0.0,0.0,0.0,0.0,0.0,0.0,0.0,0.0,0.0,0.0,0.0,0.0,0.0,0.0,0.0,0.0,0.0,0.0,0.0,0.0,0.0,0.0,0.0,0.0,130.0,10.0,1467.0,0.0,0.0,0.0,,,,,55.0,,4,Seydou Traore,Mississippi State,SEC,Tight End,,,11.284615384615385,,,,,,
4714771,2026,76,0.0,0.0,0.0,1.0,0.0,0.0,1.0,7.0,4.0,0.0,0.0,0.0,0.0,0.0,0.0,0.0,0.0,0.0,0.0,0.0,0.0,1001.0,633.0,13.0,61.0,7402.0,0.0,0.0,0.0,0.0,0.0,0.0,0.0,3.0,0.0,15.0,224.0,12.0,736.0,,,,,10.0,27.0,4,Drew Allar,Penn State,Big Ten,Quarterback,0.6323676323676324,7.394605394605395,5.0,3.2857142857142856,,,,,
4723086,2025,10,0.0,0.0,0.0,3.0,0.0,0.0,6.0,1.0,1.0,0.0,0.0,0.0,0.0,0.0,0.0,0.0,0.0,0.0,0.0,0.0,0.0,0.0,0.0,0.0,0.0,0.0,0.0,0.0,0.0,0.0,0.0,0.0,0.0,117.0,11.0,1466.0,2.0,0.0,-10.0,,,,,54.0,0.0,3,Colston Loveland,Michigan,Big Ten,Tight End,,,12.52991452991453,-5.0,,,,,
4723820,2026,30,0.0,0.0,0.0,0.0,0.0,0.0,0.0,0.0,0.0,0.0,0.0,0.0,0.0,4.0,0.0,63.0,0.0,0.0,0.0,0.0,0.0,0.0,0.0,0.0,0.0,0.0,0.0,0.0,0.0,0.0,0.0,0.0,0.0,116.0,22.0,1822.0,5.0,2.0,97.0,21.0,,,,69.0,75.0,4,Omar Cooper Jr.,Indiana,Big Ten,Wide Receiver,,,15.706896551724139,19.4,15.75,,,,
4725996,2025,3,13.0,19.0,23.0,100.0,0.0,39.5,166.0,0.0,0.0,0.0,1.0,0.0,18.0,0.0,0.0,0.0,0.0,0.0,0.0,0.0,0.0,0.0,0.0,0.0,0.0,0.0,0.0,0.0,0.0,0.0,0.0,0.0,0.0,0.0,0.0,0.0,0.0,0.0,0.0,,,,,,,3,Abdul Carter,Penn State,Big Ten,Defensive Edge,,,,,,,,,18.0
4726127,2026,72,26.0,1.0,0.0,59.0,0.0,3.5,91.0,0.0,0.0,2.0,3.0,0.0,34.0,0.0,0.0,0.0,0.0,0.0,0.0,0.0,0.0,0.0,0.0,0.0,0.0,0.0,0.0,0.0,0.0,0.0,0.0,0.0,0.0,0.0,0.0,0.0,0.0,0.0,0.0,,,,,,,4,Tacario Davis,Washington,Big Ten,Cornerback,,,,,,,,,11.333333333333334
4775196,2025,213,0.0,0.0,0.0,1.0,0.0,0.0,1.0,6.0,4.0,0.0,0.0,0.0,0.0,0.0,0.0,0.0,0.0,0.0,0.0,0.0,0.0,611.0,394.0,8.0,51.0,5441.0,0.0,0.0,0.0,0.0,0.0,0.0,0.0,1.0,0.0,12.0,352.0,33.0,2621.0,,,,,12.0,76.0,4,Tommy Mellott,Montana State,Big Sky,Wide Receiver,0.6448445171849427,8.9050736497545,12.0,7.4460227272727275,,,,,
4789907,2025,7,0.0,0.0,0.0,2.0,0.0,0.0,2.0,0.0,0.0,0.0,0.0,0.0,0.0,0.0,0.0,0.0,0.0,0.0,0.0,0.0,0.0,0.0,0.0,0.0,0.0,0.0,0.0,0.0,0.0,0.0,0.0,0.0,0.0,0.0,0.0,0.0,0.0,0.0,0.0,,,,,,,1,Armand Membou,Missouri,SEC,Offensive Tackle,,,,,,,,,
479896,2010,223,0.0,0.0,0.0,0.0,0.0,0.0,0.0,0.0,0.0,0.0,1.0,0.0,9.0,0.0,0.0,0.0,0.0,0.0,0.0,0.0,0.0,0.0,0.0,0.0,0.0,0.0,0.0,0.0,0.0,0.0,0.0,0.0,0.0,0.0,0.0,0.0,0.0,0.0,0.0,,,,,,,1,R.J. Stanford,Utah,Mountain West,Cornerback,,,,,,,,,9.0
480206,2012,3,0.0,0.0,0.0,0.0,0.0,0.0,0.0,0.0,0.0,0.0,0.0,0.0,0.0,29.0,1.0,720.0,0.0,0.0,0.0,0.0,0.0,0.0,0.0,0.0,0.0,0.0,1.0,0.0,0.0,0.0,0.0,0.0,0.0,68.0,7.0,730.0,540.0,35.0,3130.0,91.0,,0.0,,85.0,76.0,3,Trent Richardson,Alabama,SEC,Running Back,,,10.735294117647058,5.796296296296297,24.82758620689655,0.0,,,
480207,2012,229,0.0,0.0,0.0,0.0,0.0,0.0,0.0,0.0,0.0,0.0,0.0,0.0,0.0,2.0,0.0,19.0,0.0,0.0,0.0,0.0,0.0,0.0,0.0,0.0,0.0,0.0,0.0,0.0,0.0,0.0,0.0,0.0,0.0,11.0,1.0,140.0,104.0,3.0,476.0,19.0,,,,34.0,37.0,2,Bryce Brown,Tennessee,SEC,Running Back,,,12.727272727272727,4.576923076923077,9.5,,,,
480208,2012,63,0.0,0.0,0.0,0.0,0.0,0.0,0.0,0.0,0.0,0.0,0.0,0.0,0.0,0.0,0.0,0.0,0.0,0.0,0.0,0.0,0.0,0.0,0.0,0.0,0.0,0.0,7.0,0.0,5.0,0.0,0.0,0.0,0.0,97.0,13.0,1634.0,0.0,0.0,0.0,,,6.0,,75.0,,3,Rueben Randle,LSU,SEC,Wide Receiver,,,16.84536082474227,,,0.7142857142857143,,,
480209,2014,214,0.0,0.0,0.0,0.0,0.0,0.0,0.0,0.0,0.0,0.0,0.0,0.0,0.0,0.0,0.0,0.0,0.0,0.0,0.0,0.0,0.0,1548.0,908.0,45.0,49.0,9761.0,0.0,0.0,0.0,0.0,7.0,0.0,274.0,0.0,0.0,0.0,295.0,20.0,1013.0,,,,51.0,,74.0,5,Garrett Gilbert,Texas,Big 12,Quarterback,0.58656330749354,6.305555555555555,,3.4338983050847456,,,39.142857142857146,,
480210,2014,163,0.0,0.0,0.0,0.0,0.0,0.0,0.0,0.0,0.0,0.0,0.0,0.0,0.0,0.0,0.0,0.0,0.0,0.0,0.0,0.0,0.0,1478.0,921.0,41.0,121.0,13166.0,0.0,0.0,0.0,0.0,0.0,0.0,0.0,1.0,0.0,-3.0,286.0,16.0,388.0,,,,,0.0,57.0,4,Aaron Murray,Georgia,SEC,Quarterback,0.6231393775372125,8.907983761840324,-3.0,1.3566433566433567,,,,,
480211,2015,221,0.0,0.0,0.0,0.0,0.0,0.0,0.0,0.0,0.0,0.0,0.0,0.0,0.0,80.0,4.0,2111.0,0.0,0.0,0.0,0.0,0.0,0.0,0.0,0.0,0.0,0.0,37.0,1.0,420.0,0.0,0.0,0.0,0.0,30.0,4.0,540.0,7.0,0.0,52.0,100.0,,62.0,,80.0,35.0,4,Andre Debose,Florida,SEC,Wide Receiver,,,18.0,7.428571428571429,26.3875,11.35135135135135,,,
480214,2013,62,0.0,0.0,0.0,0.0,0.0,0.0,0.0,0.0,0.0,0.0,0.0,0.0,0.0,10.0,0.0,217.0,0.0,0.0,0.0,0.0,0.0,0.0,0.0,0.0,0.0,0.0,0.0,0.0,0.0,0.0,0.0,0.0,0.0,44.0,1.0,323.0,529.0,34.0,2791.0,44.0,,,,60.0,97.0,4,Christine Michael,Texas A&M,SEC,Running Back,,,7.340909090909091,5.2759924385633274,21.7,,,,
480215,2014,164,0.0,0.0,0.0,0.0,0.0,0.0,0.0,0.0,0.0,0.0,0.0,0.0,0.0,0.0,0.0,0.0,0.0,0.0,0.0,0.0,0.0,1026.0,686.0,15.0,77.0,9019.0,0.0,0.0,0.0,0.0,0.0,0.0,0.0,0.0,0.0,0.0,119.0,3.0,-64.0,,,,,,24.0,4,AJ McCarron,Alabama,SEC,Quarterback,0.6686159844054581,8.790448343079921,,-0.5378151260504201,,,,,
480218,2012,32,0.0,0.0,0.0,0.0,0.0,0.0,0.0,0.0,0.0,0.0,0.0,0.0,0.0,61.0,2.0,1324.0,0.0,0.0,0.0,0.0,0.0,0.0,0.0,0.0,0.0,0.0,0.0,0.0,0.0,0.0,0.0,0.0,0.0,37.0,5.0,363.0,462.0,18.0,2662.0,92.0,,,,65.0,68.0,3,David Wilson,Virginia Tech,ACC,Running Back,,,9.81081081081081,5.761904761904762,21.704918032786885,,,,
480221,2014,213,0.0,0.0,0.0,0.0,0.0,0.0,0.0,0.0,0.0,0.0,0.0,0.0,0.0,0.0,0.0,0.0,0.0,0.0,0.0,0.0,0.0,1402.0,901.0,39.0,107.0,11904.0,0.0,0.0,0.0,0.0,0.0,0.0,0.0,0.0,0.0,0.0,505.0,26.0,1165.0,,,,,,48.0,4,Tajh Boyd,Clemson,ACC,Quarterback,0.6426533523537803,8.490727532097004,,2.3069306930693068,,,,,
480222,2013,149,0.0,0.0,0.0,0.0,0.0,0.0,0.0,0.0,0.0,0.0,3.0,0.0,41.0,1.0,0.0,27.0,0.0,0.0,0.0,0.0,0.0,0.0,0.0,0.0,0.0,0.0,0.0,0.0,0.0,0.0,0.0,0.0,0.0,0.0,0.0,0.0,0.0,0.0,0.0,27.0,,,,,,2,Brandon McGee,Miami,ACC,Cornerback,,,,,27.0,,,,13.666666666666666
480232,2013,150,0.0,0.0,0.0,0.0,0.0,0.0,0.0,0.0,0.0,0.0,6.0,2.0,83.0,18.0,0.0,347.0,0.0,0.0,0.0,0.0,0.0,0.0,0.0,0.0,0.0,0.0,14.0,0.0,46.0,0.0,0.0,0.0,0.0,0.0,0.0,0.0,0.0,0.0,0.0,45.0,,11.0,,,,4,Terry Hawthorne,Illinois,Big Ten,Cornerback,,,,,19.27777777777778,3.2857142857142856,,,13.833333333333334
480237,2013,135,0.0,0.0,0.0,0.0,0.0,0.0,0.0,0.0,0.0,0.0,0.0,0.0,0.0,0.0,0.0,0.0,0.0,0.0,0.0,0.0,0.0,734.0,418.0,39.0,49.0,6152.0,0.0,0.0,0.0,0.0,2.0,0.0,41.0,3.0,0.0,31.0,715.0,42.0,4449.0,,,,30.0,20.0,87.0,4,Denard Robinson,Michigan,Big Ten,Wide Receiver,0.5694822888283378,8.381471389645776,10.333333333333334,6.222377622377622,,,20.5,,
480239,2014,120,0.0,0.0,0.0,0.0,0.0,0.0,0.0,0.0,0.0,0.0,0.0,0.0,0.0,0.0,0.0,0.0,0.0,0.0,0.0,0.0,0.0,1248.0,693.0,39.0,53.0,9003.0,0.0,0.0,0.0,0.0,0.0,0.0,0.0,2.0,1.0,11.0,495.0,24.0,1359.0,,,,,9.0,73.0,4,Logan Thomas,Virginia Tech,ACC,Quarterback,0.5552884615384616,7.2139423076923075,5.5,2.7454545454545456,,,,,
480242,2012,250,0.0,0.0,0.0,0.0,0.0,0.0,0.0,0.0,0.0,0.0,0.0,0.0,0.0,2.0,0.0,38.0,0.0,0.0,0.0,0.0,0.0,0.0,0.0,0.0,0.0,0.0,0.0,0.0,0.0,0.0,0.0,0.0,0.0,15.0,1.0,125.0,462.0,19.0,2293.0,19.0,,,,23.0,80.0,3,Edwin Baker,Michigan State,Big Ten,Running Back,,,8.333333333333334,4.963203463203463,19.0,,,,
480248,2012,97,0.0,0.0,0.0,0.0,0.0,0.0,0.0,0.0,0.0,0.0,0.0,0.0,0.0,15.0,1.0,376.0,0.0,0.0,0.0,0.0,0.0,0.0,0.0,0.0,0.0,0.0,3.0,0.0,16.0,0.0,0.0,0.0,0.0,28.0,1.0,181.0,335.0,15.0,1918.0,88.0,,15.0,,28.0,79.0,2,Lamar Miller,Miami,ACC,Running Back,,,6.464285714285714,5.7253731343283585,25.066666666666666,5.333333333333333,,,
480251,2014,178,0.0,0.0,0.0,0.0,0.0,0.0,0.0,0.0,0.0,0.0,0.0,0.0,0.0,0.0,0.0,0.0,0.0,0.0,0.0,0.0,0.0,659.0,407.0,15.0,35.0,5783.0,0.0,0.0,0.0,0.0,0.0,0.0,0.0,0.0,0.0,0.0,83.0,0.0,-313.0,,,,,,25.0,3,Zach Mettenberger,LSU,SEC,Quarterback,0.6176024279210925,8.775417298937784,,-3.7710843373493974,,,,,
480255,2013,164,0.0,0.0,0.0,0.0,0.0,0.0,0.0,0.0,0.0,0.0,0.0,0.0,0.0,9.0,0.0,178.0,0.0,0.0,0.0,0.0,0.0,0.0,0.0,0.0,0.0,0.0,0.0,0.0,0.0,0.0,0.0,0.0,0.0,23.0,2.0,182.0,389.0,20.0,2072.0,50.0,,,,45.0,60.0,4,Mike Gillislee,Florida,SEC,Running Back,,,7.913043478260869,5.326478149100257,19.77777777777778,,,,
480262,2013,85,0.0,0.0,0.0,0.0,0.0,0.0,0.0,0.0,0.0,0.0,0.0,0.0,0.0,1.0,0.0,35.0,0.0,0.0,0.0,0.0,0.0,47.0,26.0,1.0,3.0,252.0,0.0,0.0,0.0,0.0,0.0,0.0,0.0,79.0,6.0,945.0,77.0,5.0,328.0,35.0,,,,39.0,22.0,3,Jordan Reed,Florida,SEC,Tight End,0.5531914893617021,5.361702127659575,11.962025316455696,4.259740259740259,35.0,,,,
480263,2013,61,0.0,0.0,0.0,0.0,0.0,0.0,0.0,0.0,0.0,0.0,0.0,0.0,0.0,0.0,0.0,0.0,0.0,0.0,0.0,0.0,0.0,0.0,0.0,0.0,0.0,0.0,0.0,0.0,0.0,0.0,0.0,0.0,0.0,35.0,2.0,338.0,355.0,30.0,2402.0,,,,,48.0,73.0,3,Eddie Lacy,Alabama,SEC,Running Back,,,9.657142857142857,6.766197183098591,,,,,
480322,2013,98,0.0,0.0,0.0,0.0,0.0,0.0,0.0,0.0,0.0,0.0,0.0,0.0,0.0,0.0,0.0,0.0,0.0,0.0,0.0,0.0,0.0,1562.0,1001.0,48.0,116.0,12327.0,0.0,0.0,0.0,0.0,0.0,0.0,0.0,0.0,0.0,0.0,132.0,6.0,-113.0,,,,,,27.0,4,Matt Barkley,USC,Pac-12,Quarterback,0.6408450704225352,7.89180537772087,,-0.8560606060606061,,,,,
480377,2011,13,0.0,0.0,0.0,0.0,0.0,0.0,0.0,0.0,0.0,0.0,1.0,0.0,-1.0,0.0,0.0,0.0,0.0,0.0,0.0,0.0,0.0,0.0,0.0,0.0,0.0,0.0,0.0,0.0,0.0,0.0,0.0,0.0,0.0,0.0,0.0,0.0,0.0,0.0,0.0,,,,,,,1,Nick Fairley,Auburn,SEC,Defensive Tackle,,,,,,,,,-1.0
480378,2014,23,0.0,0.0,0.0,0.0,0.0,0.0,0.0,0.0,0.0,0.0,1.0,0.0,3.0,0.0,0.0,0.0,0.0,0.0,0.0,0.0,0.0,0.0,0.0,0.0,0.0,0.0,0.0,0.0,0.0,0.0,0.0,0.0,0.0,0.0,0.0,0.0,0.0,0.0,0.0,,,,,,,1,Dee Ford,Auburn,SEC,Defensive End,,,,,,,,,3.0
480396,2012,57,0.0,0.0,0.0,0.0,0.0,0.0,0.0,0.0,0.0,0.0,0.0,0.0,0.0,0.0,0.0,0.0,0.0,0.0,0.0,0.0,0.0,680.0,412.0,15.0,33.0,5082.0,0.0,0.0,0.0,0.0,0.0,0.0,0.0,0.0,0.0,0.0,137.0,4.0,221.0,,,,,,25.0,3,Brock Osweiler,Arizona State,Pac-12,Quarterback,0.6058823529411764,7.473529411764706,,1.6131386861313868,,,,,
480399,2014,82,0.0,0.0,0.0,0.0,0.0,0.0,0.0,0.0,0.0,0.0,1.0,0.0,2.0,0.0,0.0,0.0,0.0,0.0,0.0,0.0,0.0,0.0,0.0,0.0,0.0,0.0,0.0,0.0,0.0,0.0,0.0,0.0,0.0,0.0,0.0,0.0,0.0,0.0,0.0,,,,,,,1,Will Sutton,Arizona State,Pac-12,Defensive Tackle,,,,,,,,,2.0
480434,2013,226,0.0,0.0,0.0,0.0,0.0,0.0,0.0,0.0,0.0,0.0,1.0,0.0,0.0,0.0,0.0,0.0,0.0,0.0,0.0,0.0,0.0,0.0,0.0,0.0,0.0,0.0,0.0,0.0,0.0,0.0,0.0,0.0,0.0,0.0,0.0,0.0,0.0,0.0,0.0,,,,,,,1,Michael Buchanan,Illinois,Big Ten,Defensive End,,,,,,,,,0.0
480441,2013,159,0.0,0.0,0.0,0.0,0.0,0.0,0.0,0.0,0.0,0.0,8.0,1.0,76.0,0.0,0.0,0.0,0.0,0.0,0.0,0.0,0.0,0.0,0.0,0.0,0.0,0.0,47.0,0.0,225.0,0.0,0.0,0.0,0.0,0.0,0.0,0.0,0.0,0.0,0.0,,,30.0,,,,3,Micah Hyde,Iowa,Big Ten,Cornerback,,,,,,4.787234042553192,,,9.5
480492,2013,71,0.0,0.0,0.0,0.0,0.0,0.0,0.0,0.0,0.0,0.0,8.0,0.0,57.0,1.0,0.0,2.0,0.0,0.0,0.0,0.0,0.0,0.0,0.0,0.0,0.0,0.0,1.0,0.0,24.0,0.0,0.0,0.0,0.0,0.0,0.0,0.0,0.0,0.0,0.0,2.0,,24.0,,,,3,T.J. McDonald,USC,Pac-12,Safety,,,,,2.0,24.0,,,7.125
480493,2013,17,0.0,0.0,0.0,0.0,0.0,0.0,0.0,0.0,0.0,0.0,1.0,0.0,21.0,0.0,0.0,0.0,0.0,0.0,0.0,0.0,0.0,0.0,0.0,0.0,0.0,0.0,0.0,0.0,0.0,0.0,0.0,0.0,0.0,0.0,0.0,0.0,0.0,0.0,0.0,,,,,,,1,Jarvis Jones,Georgia,SEC,Outside Linebacker,,,,,,,,,21.0
480499,2014,174,0.0,0.0,0.0,0.0,0.0,0.0,0.0,0.0,0.0,0.0,1.0,0.0,8.0,0.0,0.0,0.0,0.0,0.0,0.0,0.0,0.0,0.0,0.0,0.0,0.0,0.0,0.0,0.0,0.0,0.0,0.0,0.0,0.0,0.0,0.0,0.0,0.0,0.0,0.0,,,,,,,1,Devon Kennard,USC,Pac-10,Outside Linebacker,,,,,,,,,8.0
480550,2014,183,0.0,0.0,0.0,0.0,0.0,0.0,0.0,0.0,0.0,0.0,0.0,0.0,0.0,0.0,0.0,0.0,0.0,0.0,0.0,0.0,0.0,938.0,639.0,22.0,66.0,8382.0,0.0,0.0,0.0,0.0,0.0,0.0,0.0,0.0,0.0,0.0,90.0,2.0,-132.0,,,,,,16.0,2,David Fales,San José State,Western Athletic,Quarterback,0.6812366737739872,8.936034115138593,,-1.4666666666666666,,,,,
480554,2013,105,0.0,0.0,0.0,0.0,0.0,0.0,0.0,0.0,0.0,0.0,3.0,0.0,42.0,9.0,0.0,186.0,0.0,0.0,0.0,0.0,0.0,0.0,0.0,0.0,0.0,0.0,0.0,0.0,0.0,0.0,0.0,0.0,0.0,0.0,0.0,0.0,0.0,0.0,0.0,28.0,,,,,,2,Duke Williams,Nevada,Western Athletic,Safety,,,,,20.666666666666668,,,,14.0
480628,2013,214,0.0,0.0,0.0,0.0,0.0,0.0,0.0,0.0,0.0,0.0,0.0,0.0,0.0,0.0,0.0,0.0,0.0,0.0,0.0,0.0,0.0,0.0,0.0,0.0,0.0,0.0,0.0,0.0,0.0,0.0,0.0,0.0,0.0,1.0,0.0,-7.0,0.0,0.0,0.0,,,,,-7.0,,1,Travis Bond,North Carolina,ACC,Offensive Guard,,,-7.0,,,,,,
480650,2013,172,0.0,0.0,0.0,0.0,0.0,0.0,0.0,0.0,0.0,0.0,0.0,0.0,0.0,0.0,0.0,0.0,0.0,0.0,0.0,0.0,0.0,0.0,0.0,0.0,0.0,0.0,0.0,0.0,0.0,0.0,0.0,0.0,0.0,26.0,3.0,399.0,0.0,0.0,0.0,,,,,70.0,,2,Nick Kasa,Colorado,Pac-12,Tight End,,,15.346153846153847,,,,,,
480673,2012,9,0.0,0.0,0.0,0.0,0.0,0.0,0.0,0.0,0.0,0.0,7.0,2.0,130.0,2.0,0.0,0.0,0.0,0.0,0.0,0.0,0.0,0.0,0.0,0.0,0.0,0.0,0.0,0.0,0.0,0.0,0.0,0.0,0.0,0.0,0.0,0.0,0.0,0.0,0.0,0.0,,,,,,3,Luke Kuechly,Boston College,ACC,Inside Linebacker,,,,,0.0,,,,18.571428571428573
480675,2014,229,0.0,0.0,0.0,0.0,0.0,0.0,0.0,0.0,0.0,0.0,0.0,0.0,0.0,0.0,0.0,0.0,81.0,70.0,324.0,116.0,114.0,0.0,0.0,0.0,0.0,0.0,0.0,0.0,0.0,0.0,81.0,0.0,3327.0,0.0,0.0,0.0,0.0,0.0,0.0,,52.0,,67.0,,,4,Nate Freese,Boston College,ACC,Place Kicker,,,,,,,41.074074074074076,0.8641975308641975,
480706,2013,148,0.0,0.0,0.0,0.0,0.0,0.0,0.0,0.0,0.0,0.0,5.0,4.0,265.0,0.0,0.0,0.0,0.0,0.0,0.0,0.0,0.0,0.0,0.0,0.0,0.0,0.0,0.0,0.0,0.0,0.0,0.0,0.0,0.0,0.0,0.0,0.0,0.0,0.0,0.0,,,,,,,3,A.J. Klein,Iowa State,Big 12,Inside Linebacker,,,,,,,,,53.0
480729,2012,202,0.0,0.0,0.0,0.0,0.0,0.0,0.0,0.0,0.0,0.0,0.0,0.0,0.0,1.0,1.0,38.0,0.0,0.0,0.0,0.0,0.0,0.0,0.0,0.0,0.0,0.0,0.0,0.0,0.0,0.0,0.0,0.0,0.0,12.0,1.0,133.0,364.0,28.0,2042.0,38.0,,,,24.0,89.0,3,Terrance Ganaway,Baylor,Big 12,Running Back,,,11.083333333333334,5.6098901098901095,38.0,,,,
480746,2015,103,0.0,0.0,0.0,0.0,0.0,0.0,0.0,0.0,0.0,0.0,0.0,0.0,0.0,0.0,0.0,0.0,0.0,0.0,0.0,0.0,0.0,845.0,530.0,10.0,62.0,8195.0,0.0,0.0,0.0,0.0,0.0,0.0,0.0,0.0,0.0,0.0,192.0,21.0,338.0,,,,,,27.0,4,Bryce Petty,Baylor,Big 12,Quarterback,0.6272189349112426,9.698224852071005,,1.7604166666666667,,,,,
480747,2014,240,0.0,0.0,0.0,0.0,0.0,0.0,0.0,0.0,0.0,0.0,0.0,0.0,0.0,1.0,0.0,23.0,0.0,0.0,0.0,0.0,0.0,1.0,0.0,0.0,0.0,0.0,0.0,0.0,0.0,0.0,0.0,0.0,0.0,187.0,24.0,3102.0,11.0,0.0,136.0,23.0,,,,93.0,78.0,4,Tevin Reese,Baylor,Big 12,Wide Receiver,0.0,0.0,16.58823529411765,12.363636363636363,23.0,,,,
480761,2013,177,0.0,0.0,0.0,0.0,0.0,0.0,0.0,0.0,0.0,0.0,0.0,0.0,0.0,0.0,0.0,0.0,112.0,88.0,466.0,207.0,202.0,0.0,0.0,0.0,0.0,0.0,1.0,0.0,0.0,0.0,0.0,0.0,0.0,0.0,0.0,0.0,0.0,0.0,0.0,,56.0,0.0,,,,4,Dustin Hopkins,Florida State,ACC,Place Kicker,,,,,,0.0,,0.7857142857142857,
480764,2013,154,0.0,0.0,0.0,0.0,0.0,0.0,0.0,0.0,0.0,0.0,0.0,0.0,0.0,8.0,0.0,183.0,0.0,0.0,0.0,0.0,0.0,0.0,0.0,0.0,0.0,0.0,1.0,0.0,4.0,0.0,0.0,0.0,0.0,45.0,1.0,430.0,276.0,14.0,1736.0,33.0,,4.0,,32.0,90.0,4,Chris Thompson,Florida State,ACC,Running Back,,,9.555555555555555,6.2898550724637685,22.875,4.0,,,
480766,2013,25,0.0,0.0,0.0,0.0,0.0,0.0,0.0,0.0,0.0,0.0,8.0,0.0,54.0,0.0,0.0,0.0,0.0,0.0,0.0,0.0,0.0,0.0,0.0,0.0,0.0,0.0,0.0,0.0,0.0,0.0,0.0,0.0,0.0,0.0,0.0,0.0,0.0,0.0,0.0,,,,,,,3,Xavier Rhodes,Florida State,ACC,Cornerback,,,,,,,,,6.75
480817,2014,217,0.0,0.0,0.0,0.0,0.0,0.0,0.0,0.0,0.0,0.0,0.0,0.0,0.0,0.0,0.0,0.0,0.0,0.0,0.0,0.0,0.0,0.0,0.0,0.0,0.0,0.0,0.0,0.0,0.0,0.0,0.0,0.0,0.0,117.0,15.0,1337.0,0.0,0.0,0.0,,,,,38.0,,4,Ted Bolser,Indiana,Big Ten,Tight End,,,11.427350427350428,,,,,,
480873,2013,189,0.0,0.0,0.0,0.0,0.0,0.0,0.0,0.0,0.0,0.0,0.0,0.0,0.0,20.0,0.0,415.0,0.0,0.0,0.0,0.0,0.0,0.0,0.0,0.0,0.0,0.0,0.0,0.0,0.0,0.0,0.0,0.0,0.0,67.0,5.0,585.0,304.0,17.0,1340.0,41.0,,,,72.0,32.0,4,Mike James,Miami,ACC,Running Back,,,8.73134328358209,4.407894736842105,20.75,,,,
4808766,2025,42,0.0,0.0,0.0,2.0,0.0,0.0,3.0,1.0,0.0,0.0,0.0,0.0,0.0,0.0,0.0,0.0,0.0,0.0,0.0,0.0,0.0,0.0,0.0,0.0,0.0,0.0,0.0,0.0,0.0,0.0,0.0,0.0,0.0,129.0,6.0,1308.0,0.0,0.0,0.0,,,,,38.0,,3,Mason Taylor,LSU,SEC,Tight End,,,10.13953488372093,,,,,,
480882,2010,95,0.0,0.0,0.0,0.0,0.0,0.0,0.0,0.0,0.0,0.0,0.0,0.0,0.0,3.0,0.0,30.0,0.0,0.0,0.0,0.0,0.0,0.0,0.0,0.0,0.0,0.0,0.0,0.0,0.0,0.0,0.0,0.0,0.0,17.0,5.0,213.0,0.0,0.0,0.0,12.0,,,,22.0,,1,Jimmy Graham,Miami,ACC,Tight End,,,12.529411764705882,,10.0,,,,
4808830,2025,223,0.0,0.0,0.0,0.0,0.0,0.0,0.0,4.0,2.0,0.0,0.0,0.0,0.0,1.0,0.0,17.0,0.0,0.0,0.0,0.0,0.0,0.0,0.0,0.0,0.0,0.0,0.0,0.0,0.0,0.0,0.0,0.0,0.0,32.0,0.0,391.0,514.0,26.0,3169.0,17.0,,,,36.0,75.0,3,Damien Martinez,Oregon State,Pac-12,Running Back,,,12.21875,6.165369649805448,17.0,,,,
480899,2014,244,0.0,0.0,0.0,0.0,0.0,0.0,0.0,0.0,0.0,0.0,0.0,0.0,0.0,32.0,0.0,658.0,0.0,0.0,0.0,0.0,0.0,1.0,0.0,0.0,0.0,0.0,67.0,0.0,328.0,0.0,0.0,0.0,0.0,171.0,17.0,2690.0,17.0,0.0,97.0,47.0,,32.0,,84.0,14.0,4,Jeremy Gallon,Michigan,Big Ten,Wide Receiver,0.0,0.0,15.730994152046783,5.705882352941177,20.5625,4.895522388059701,,,
480921,2012,209,0.0,0.0,0.0,0.0,0.0,0.0,0.0,0.0,0.0,0.0,6.0,2.0,84.0,0.0,0.0,0.0,0.0,0.0,0.0,0.0,0.0,0.0,0.0,0.0,0.0,0.0,0.0,0.0,0.0,0.0,0.0,0.0,0.0,0.0,0.0,0.0,0.0,0.0,0.0,,,,,,,2,Aaron Brown,Hawai'i,Western Athletic,Outside Linebacker,,,,,,,,,14.0
480950,2012,212,0.0,0.0,0.0,0.0,0.0,0.0,0.0,0.0,0.0,0.0,0.0,0.0,0.0,5.0,0.0,109.0,0.0,0.0,0.0,0.0,0.0,0.0,0.0,0.0,0.0,0.0,0.0,0.0,0.0,0.0,0.0,0.0,0.0,38.0,4.0,424.0,184.0,15.0,1313.0,29.0,,,,54.0,77.0,3,Michael Smith,Utah State,Western Athletic,Running Back,,,11.157894736842104,7.135869565217392,21.8,,,,
481156,2012,67,0.0,0.0,0.0,0.0,0.0,0.0,0.0,0.0,0.0,0.0,0.0,0.0,0.0,0.0,0.0,0.0,0.0,0.0,0.0,0.0,0.0,0.0,0.0,0.0,0.0,0.0,0.0,0.0,0.0,0.0,0.0,0.0,0.0,33.0,2.0,338.0,573.0,36.0,3243.0,,,,,71.0,99.0,2,Ronnie Hillman,San Diego State,Mountain West,Running Back,,,10.242424242424242,5.659685863874346,,,,,
481160,2014,208,0.0,0.0,0.0,0.0,0.0,0.0,0.0,0.0,0.0,0.0,3.0,1.0,70.0,0.0,0.0,0.0,0.0,0.0,0.0,0.0,0.0,0.0,0.0,0.0,0.0,0.0,0.0,0.0,0.0,0.0,0.0,0.0,0.0,0.0,0.0,0.0,0.0,0.0,0.0,,,,,,,1,Eric Pinkins,San Diego State,Mountain West,Safety,,,,,,,,,23.333333333333332
481171,2014,152,0.0,0.0,0.0,0.0,0.0,0.0,0.0,0.0,0.0,0.0,5.0,0.0,11.0,0.0,0.0,0.0,0.0,0.0,0.0,0.0,0.0,0.0,0.0,0.0,0.0,0.0,0.0,0.0,0.0,0.0,0.0,0.0,0.0,0.0,0.0,0.0,0.0,0.0,0.0,,,,,,,3,Nat Berhe,San Diego State,Mountain West,Safety,,,,,,,,,2.2
481177,2013,68,0.0,0.0,0.0,0.0,0.0,0.0,0.0,0.0,0.0,0.0,8.0,2.0,186.0,1.0,0.0,0.0,0.0,0.0,0.0,0.0,0.0,0.0,0.0,0.0,0.0,0.0,22.0,0.0,116.0,0.0,0.0,0.0,0.0,0.0,0.0,0.0,2.0,0.0,5.0,0.0,,26.0,,,10.0,4,Leon McFadden,San Diego State,Mountain West,Cornerback,,,,2.5,0.0,5.2727272727272725,,,23.25
481181,2013,47,0.0,0.0,0.0,0.0,0.0,0.0,0.0,0.0,0.0,0.0,0.0,0.0,0.0,1.0,0.0,11.0,0.0,0.0,0.0,0.0,0.0,0.0,0.0,0.0,0.0,0.0,0.0,0.0,0.0,0.0,0.0,0.0,0.0,122.0,17.0,1646.0,2.0,0.0,7.0,11.0,,,,55.0,9.0,3,Gavin Escobar,San Diego State,Mountain West,Tight End,,,13.491803278688524,3.5,11.0,,,,
481315,2013,102,0.0,0.0,0.0,0.0,0.0,0.0,0.0,0.0,0.0,0.0,0.0,0.0,0.0,3.0,0.0,93.0,0.0,0.0,0.0,0.0,0.0,0.0,0.0,0.0,0.0,0.0,0.0,0.0,0.0,0.0,0.0,0.0,0.0,161.0,22.0,2535.0,4.0,1.0,7.0,57.0,,,,94.0,3.0,3,Josh Boyce,TCU,Mountain West,Wide Receiver,,,15.745341614906833,1.75,31.0,,,,
481367,2013,33,0.0,0.0,0.0,0.0,0.0,0.0,0.0,0.0,0.0,0.0,7.0,1.0,41.0,0.0,0.0,0.0,0.0,0.0,0.0,0.0,0.0,0.0,0.0,0.0,0.0,0.0,0.0,0.0,0.0,0.0,0.0,0.0,0.0,0.0,0.0,0.0,0.0,0.0,0.0,,,,,,,4,Johnathan Cyprien,Florida International,Sun Belt,Safety,,,,,,,,,5.857142857142857
481409,2014,165,0.0,0.0,0.0,0.0,0.0,0.0,0.0,0.0,0.0,0.0,0.0,0.0,0.0,0.0,0.0,0.0,0.0,0.0,0.0,0.0,0.0,0.0,0.0,0.0,0.0,0.0,0.0,0.0,0.0,0.0,0.0,0.0,0.0,0.0,0.0,0.0,1.0,1.0,1.0,,,,,,1.0,1,Ryan Carrethers,Arkansas State,Sun Belt,Defensive Tackle,,,,1.0,,,,,
481433,2014,11,0.0,0.0,0.0,0.0,0.0,0.0,0.0,0.0,0.0,0.0,0.0,0.0,0.0,0.0,0.0,0.0,0.0,0.0,0.0,0.0,0.0,0.0,0.0,0.0,0.0,0.0,0.0,0.0,0.0,0.0,0.0,0.0,0.0,0.0,0.0,0.0,0.0,1.0,11.0,,,,,,11.0,2,Taylor Lewan,Michigan,Big Ten,Offensive Tackle,,,,inf,,,,,
481498,2013,204,0.0,0.0,0.0,0.0,0.0,0.0,0.0,0.0,0.0,0.0,0.0,0.0,0.0,0.0,0.0,0.0,0.0,0.0,0.0,0.0,0.0,0.0,0.0,0.0,0.0,0.0,0.0,0.0,0.0,0.0,0.0,0.0,0.0,18.0,0.0,144.0,21.0,2.0,44.0,,,,,23.0,6.0,4,Braden Wilson,Kansas State,Big 12,Fullback,,,8.0,2.0952380952380953,,,,,
481515,2014,64,0.0,0.0,0.0,0.0,0.0,0.0,0.0,0.0,0.0,0.0,0.0,0.0,0.0,0.0,0.0,0.0,0.0,0.0,0.0,0.0,0.0,0.0,0.0,0.0,0.0,0.0,0.0,0.0,0.0,0.0,0.0,0.0,0.0,0.0,0.0,0.0,1.0,0.0,7.0,,,,,,7.0,1,Justin Britt,Missouri,Big 12,Offensive Tackle,,,,7.0,,,,,
481535,2014,249,0.0,0.0,0.0,0.0,0.0,0.0,0.0,0.0,0.0,0.0,2.0,0.0,62.0,0.0,0.0,0.0,0.0,0.0,0.0,0.0,0.0,0.0,0.0,0.0,0.0,0.0,1.0,0.0,8.0,0.0,0.0,0.0,0.0,0.0,0.0,0.0,0.0,0.0,0.0,,,8.0,,,,2,Michael Sam,Missouri,Big 12,Defensive End,,,,,,8.0,,,31.0
481556,2013,190,0.0,0.0,0.0,0.0,0.0,0.0,0.0,0.0,0.0,0.0,0.0,0.0,0.0,1.0,0.0,15.0,0.0,0.0,0.0,0.0,0.0,7.0,4.0,0.0,3.0,46.0,28.0,0.0,117.0,0.0,0.0,0.0,0.0,60.0,5.0,507.0,635.0,30.0,3332.0,15.0,,33.0,,31.0,73.0,4,Rex Burkhead,Nebraska,Big Ten,Running Back,0.5714285714285714,6.571428571428571,8.45,5.247244094488189,15.0,4.178571428571429,,,
4816090,2026,146,0.0,0.0,0.0,0.0,0.0,0.0,0.0,0.0,0.0,0.0,0.0,0.0,0.0,0.0,0.0,0.0,0.0,0.0,0.0,0.0,0.0,0.0,0.0,0.0,0.0,0.0,0.0,0.0,0.0,0.0,0.0,0.0,0.0,1.0,0.0,2.0,0.0,0.0,0.0,,,,,2.0,,1,Parker Brailsford,Alabama,SEC,Center,,,2.0,,,,,,
4816107,2025,53,17.0,0.0,0.0,60.0,1.0,4.5,80.0,1.0,0.0,0.0,9.0,1.0,111.0,0.0,0.0,0.0,0.0,0.0,0.0,0.0,0.0,0.0,0.0,0.0,0.0,0.0,1.0,0.0,0.0,0.0,0.0,0.0,0.0,0.0,0.0,0.0,0.0,0.0,0.0,,,0.0,,,,3,Benjamin Morrison,Notre Dame,FBS Independents,Cornerback,,,,,,0.0,,,12.333333333333334
481629,2012,125,0.0,0.0,0.0,0.0,0.0,0.0,0.0,0.0,0.0,0.0,2.0,1.0,23.0,0.0,0.0,0.0,0.0,0.0,0.0,0.0,0.0,0.0,0.0,0.0,0.0,0.0,0.0,0.0,0.0,0.0,0.0,0.0,0.0,0.0,0.0,0.0,0.0,0.0,0.0,,,,,,,2,Ronnell Lewis,Oklahoma,Big 12,Outside Linebacker,,,,,,,,,11.5
481645,2014,218,0.0,0.0,0.0,0.0,0.0,0.0,0.0,0.0,0.0,0.0,0.0,0.0,0.0,36.0,0.0,828.0,0.0,0.0,0.0,0.0,0.0,7.0,6.0,1.0,4.0,174.0,35.0,1.0,156.0,0.0,0.0,0.0,0.0,229.0,14.0,2506.0,51.0,2.0,238.0,53.0,,50.0,,66.0,22.0,4,Michael Campanaro,Wake Forest,ACC,Wide Receiver,0.8571428571428571,24.857142857142858,10.943231441048034,4.666666666666667,23.0,4.457142857142857,,,
481654,2013,215,0.0,0.0,0.0,0.0,0.0,0.0,0.0,0.0,0.0,0.0,0.0,0.0,0.0,0.0,0.0,0.0,0.0,0.0,0.0,0.0,0.0,0.0,0.0,0.0,0.0,0.0,0.0,0.0,0.0,0.0,0.0,0.0,0.0,51.0,7.0,405.0,50.0,3.0,160.0,,,,,34.0,22.0,4,Tommy Bohanon,Wake Forest,ACC,Fullback,,,7.9411764705882355,3.2,,,,,
481682,2012,94,0.0,0.0,0.0,0.0,0.0,0.0,0.0,0.0,0.0,0.0,12.0,0.0,166.0,10.0,0.0,219.0,0.0,0.0,0.0,0.0,0.0,0.0,0.0,0.0,0.0,0.0,113.0,2.0,815.0,0.0,0.0,0.0,0.0,0.0,0.0,0.0,0.0,0.0,0.0,50.0,,80.0,,,,3,Jayron Hosley,Virginia Tech,ACC,Cornerback,,,,,21.9,7.212389380530974,,,13.833333333333334
481715,2013,106,0.0,0.0,0.0,0.0,0.0,0.0,0.0,0.0,0.0,0.0,0.0,0.0,0.0,2.0,0.0,-7.0,0.0,0.0,0.0,0.0,0.0,0.0,0.0,0.0,0.0,0.0,0.0,0.0,0.0,0.0,0.0,0.0,0.0,59.0,8.0,707.0,1.0,0.0,-2.0,0.0,,,,44.0,0.0,3,Dion Sims,Michigan State,Big Ten,Tight End,,,11.983050847457626,-2.0,-3.5,,,,
481781,2014,37,0.0,0.0,0.0,0.0,0.0,0.0,0.0,0.0,0.0,0.0,1.0,0.0,7.0,0.0,0.0,0.0,0.0,0.0,0.0,0.0,0.0,0.0,0.0,0.0,0.0,0.0,0.0,0.0,0.0,0.0,0.0,0.0,0.0,0.0,0.0,0.0,0.0,0.0,0.0,,,,,,,1,Ra'Shede Hageman,Minnesota,Big Ten,Defensive Tackle,,,,,,,,,7.0
481791,2013,78,0.0,0.0,0.0,0.0,0.0,0.0,0.0,0.0,0.0,0.0,0.0,0.0,0.0,44.0,1.0,985.0,0.0,0.0,0.0,0.0,0.0,0.0,0.0,0.0,0.0,0.0,0.0,0.0,0.0,0.0,0.0,0.0,0.0,120.0,7.0,1364.0,46.0,3.0,405.0,95.0,,,,80.0,69.0,4,Marquise Goodwin,Texas,Big 12,Wide Receiver,,,11.366666666666667,8.804347826086957,22.386363636363637,,,,
481808,2013,15,0.0,0.0,0.0,0.0,0.0,0.0,0.0,0.0,0.0,0.0,5.0,0.0,19.0,0.0,0.0,0.0,0.0,0.0,0.0,0.0,0.0,0.0,0.0,0.0,0.0,0.0,0.0,0.0,0.0,0.0,0.0,0.0,0.0,0.0,0.0,0.0,0.0,0.0,0.0,,,,,,,3,Kenny Vaccaro,Texas,Big 12,Safety,,,,,,,,,3.8
481918,2013,120,0.0,0.0,0.0,0.0,0.0,0.0,0.0,0.0,0.0,0.0,3.0,0.0,63.0,1.0,0.0,12.0,0.0,0.0,0.0,0.0,0.0,0.0,0.0,0.0,0.0,0.0,2.0,0.0,-1.0,0.0,0.0,0.0,0.0,0.0,0.0,0.0,0.0,0.0,0.0,12.0,,0.0,,,,2,Gerald Hodges,Penn State,Big Ten,Outside Linebacker,,,,,12.0,-0.5,,,21.0
4819231,2025,83,0.0,0.0,0.0,1.0,0.0,0.0,1.0,3.0,1.0,0.0,0.0,0.0,0.0,15.0,0.0,402.0,0.0,0.0,0.0,0.0,0.0,0.0,0.0,0.0,0.0,0.0,0.0,0.0,0.0,0.0,0.0,0.0,0.0,29.0,2.0,240.0,508.0,30.0,2779.0,54.0,,,,72.0,75.0,3,Kaleb Johnson,Iowa,Big Ten,Running Back,,,8.275862068965518,5.4704724409448815,26.8,,,,
4819257,2025,37,0.0,0.0,0.0,0.0,0.0,0.0,2.0,0.0,0.0,0.0,0.0,0.0,0.0,0.0,0.0,0.0,0.0,0.0,0.0,0.0,0.0,0.0,0.0,0.0,0.0,0.0,0.0,0.0,0.0,0.0,0.0,0.0,0.0,0.0,0.0,0.0,0.0,0.0,0.0,,,,,,,1,Jonah Savaiinaea,Arizona,Big 12,Offensive Guard,,,,,,,,,
481953,2012,6,0.0,0.0,0.0,0.0,0.0,0.0,0.0,0.0,0.0,0.0,11.0,1.0,274.0,24.0,1.0,609.0,0.0,0.0,0.0,0.0,0.0,0.0,0.0,0.0,0.0,0.0,0.0,0.0,0.0,0.0,0.0,0.0,0.0,0.0,0.0,0.0,0.0,0.0,0.0,99.0,,,,,,2,Morris Claiborne,LSU,SEC,Cornerback,,,,,25.375,,,,24.90909090909091
481964,2013,45,0.0,0.0,0.0,0.0,0.0,0.0,0.0,0.0,0.0,0.0,1.0,0.0,4.0,0.0,0.0,0.0,0.0,0.0,0.0,0.0,0.0,0.0,0.0,0.0,0.0,0.0,0.0,0.0,0.0,0.0,0.0,0.0,0.0,0.0,0.0,0.0,0.0,0.0,0.0,,,,,,,1,Kevin Minter,LSU,SEC,Inside Linebacker,,,,,,,,,4.0
481978,2012,14,0.0,0.0,0.0,0.0,0.0,0.0,0.0,0.0,0.0,0.0,1.0,0.0,0.0,0.0,0.0,0.0,0.0,0.0,0.0,0.0,0.0,0.0,0.0,0.0,0.0,0.0,0.0,0.0,0.0,0.0,0.0,0.0,0.0,0.0,0.0,0.0,0.0,0.0,0.0,,,,,,,1,Michael Brockers,LSU,SEC,Defensive Tackle,,,,,,,,,0.0
4820574,2026,77,4.0,11.0,10.5,38.0,0.0,17.0,131.0,0.0,0.0,1.0,0.0,0.0,0.0,0.0,0.0,0.0,0.0,0.0,0.0,0.0,0.0,0.0,0.0,0.0,0.0,0.0,0.0,0.0,0.0,0.0,0.0,0.0,0.0,0.0,0.0,0.0,0.0,0.0,0.0,,,,,,,4,Chris McClellan,Missouri,SEC,Defensive Tackle,,,,,,,,,
4820584,2026,224,4.0,0.0,2.5,101.0,0.0,8.0,173.0,0.0,0.0,2.0,2.0,0.0,37.0,0.0,0.0,0.0,0.0,0.0,0.0,0.0,0.0,0.0,0.0,0.0,0.0,0.0,0.0,0.0,0.0,0.0,0.0,0.0,0.0,0.0,0.0,0.0,0.0,0.0,0.0,,,,,,,4,Robert Spears-Jennings,Oklahoma,SEC,Safety,,,,,,,,,18.5
482107,2014,97,0.0,0.0,0.0,0.0,0.0,0.0,0.0,0.0,0.0,0.0,0.0,0.0,0.0,52.0,4.0,1436.0,0.0,0.0,0.0,0.0,0.0,1.0,1.0,0.0,1.0,24.0,9.0,0.0,8.0,0.0,0.0,0.0,0.0,99.0,12.0,1194.0,325.0,24.0,2342.0,100.0,,16.0,,73.0,87.0,4,Dri Archer,Kent State,Mid-American,Running Back,1.0,24.0,12.06060606060606,7.206153846153846,27.615384615384617,0.8888888888888888,,,
482169,2012,84,0.0,0.0,0.0,0.0,0.0,0.0,0.0,0.0,0.0,0.0,0.0,0.0,0.0,1.0,0.0,23.0,0.0,0.0,0.0,0.0,0.0,0.0,0.0,0.0,0.0,0.0,0.0,0.0,0.0,0.0,0.0,0.0,0.0,19.0,1.0,178.0,639.0,50.0,3381.0,23.0,,,,37.0,68.0,3,Bernard Pierce,Temple,Mid-American,Running Back,,,9.368421052631579,5.291079812206573,23.0,,,,
482202,2012,196,0.0,0.0,0.0,0.0,0.0,0.0,0.0,0.0,0.0,0.0,2.0,0.0,33.0,0.0,0.0,0.0,0.0,0.0,0.0,0.0,0.0,0.0,0.0,0.0,0.0,0.0,0.0,0.0,0.0,0.0,0.0,0.0,0.0,0.0,0.0,0.0,0.0,0.0,0.0,,,,,,,1,Jonte Green,New Mexico State,Western Athletic,Cornerback,,,,,,,,,16.5
482263,2014,5,0.0,0.0,0.0,0.0,0.0,0.0,0.0,0.0,0.0,0.0,4.0,2.0,148.0,0.0,0.0,0.0,0.0,0.0,0.0,0.0,0.0,0.0,0.0,0.0,0.0,0.0,0.0,0.0,0.0,0.0,0.0,0.0,0.0,0.0,0.0,0.0,0.0,0.0,0.0,,,,,,,2,Khalil Mack,Buffalo,Mid-American,Outside Linebacker,,,,,,,,,37.0
482308,2014,85,0.0,0.0,0.0,0.0,0.0,0.0,0.0,0.0,0.0,0.0,1.0,0.0,12.0,0.0,0.0,0.0,0.0,0.0,0.0,0.0,0.0,0.0,0.0,0.0,0.0,0.0,0.0,0.0,0.0,0.0,0.0,0.0,0.0,0.0,0.0,0.0,0.0,0.0,0.0,,,,,,,1,Khyri Thornton,Southern Miss,Conference USA,Defensive Tackle,,,,,,,,,12.0
482335,2014,233,0.0,0.0,0.0,0.0,0.0,0.0,0.0,0.0,0.0,0.0,2.0,0.0,16.0,1.0,0.0,11.0,0.0,0.0,0.0,0.0,0.0,0.0,0.0,0.0,0.0,0.0,0.0,0.0,0.0,0.0,0.0,0.0,0.0,0.0,0.0,0.0,0.0,0.0,0.0,11.0,,,,,,3,Trevor Reilly,Utah,Pac-12,Outside Linebacker,,,,,11.0,,,,8.0
482381,2014,176,0.0,0.0,0.0,0.0,0.0,0.0,0.0,0.0,0.0,0.0,0.0,0.0,0.0,31.0,0.0,800.0,0.0,0.0,0.0,0.0,0.0,1.0,1.0,0.0,0.0,27.0,78.0,1.0,587.0,0.0,0.0,0.0,0.0,202.0,23.0,3140.0,28.0,2.0,291.0,60.0,,60.0,,74.0,49.0,4,Jared Abbrederis,Wisconsin,Big Ten,Wide Receiver,1.0,27.0,15.544554455445544,10.392857142857142,25.806451612903224,7.5256410256410255,,,
482389,2013,58,0.0,0.0,0.0,0.0,0.0,0.0,0.0,0.0,0.0,0.0,0.0,0.0,0.0,1.0,0.0,15.0,0.0,0.0,0.0,0.0,0.0,2.0,2.0,0.0,1.0,57.0,0.0,0.0,0.0,0.0,0.0,0.0,0.0,59.0,6.0,598.0,924.0,77.0,5140.0,15.0,,,,63.0,67.0,4,Montee Ball,Wisconsin,Big Ten,Running Back,1.0,28.5,10.135593220338983,5.562770562770563,15.0,,,,
482392,2014,77,0.0,0.0,0.0,0.0,0.0,0.0,0.0,0.0,0.0,0.0,3.0,0.0,41.0,8.0,0.0,115.0,0.0,0.0,3.0,3.0,3.0,1.0,1.0,0.0,0.0,23.0,1.0,0.0,25.0,0.0,0.0,0.0,0.0,0.0,0.0,0.0,0.0,0.0,0.0,32.0,0.0,25.0,,,,4,Chris Borland,Wisconsin,Big Ten,Inside Linebacker,1.0,23.0,,,14.375,25.0,,,13.666666666666666
482428,2014,69,0.0,0.0,0.0,0.0,0.0,0.0,0.0,0.0,0.0,0.0,0.0,0.0,0.0,4.0,0.0,53.0,0.0,0.0,0.0,0.0,0.0,1.0,0.0,0.0,0.0,0.0,0.0,0.0,0.0,0.0,0.0,0.0,0.0,203.0,11.0,2108.0,592.0,40.0,3465.0,16.0,,,,84.0,76.0,4,Charles Sims,West Virginia,Big 12,Running Back,0.0,0.0,10.38423645320197,5.85304054054054,13.25,,,,
482466,2014,87,0.0,0.0,0.0,0.0,0.0,0.0,0.0,0.0,0.0,0.0,4.0,0.0,2.0,0.0,0.0,0.0,0.0,0.0,0.0,0.0,0.0,0.0,0.0,0.0,0.0,0.0,0.0,0.0,0.0,0.0,0.0,0.0,0.0,0.0,0.0,0.0,0.0,0.0,0.0,,,,,,,1,Phillip Gaines,Rice,Conference USA,Cornerback,,,,,,,,,0.5
482477,2013,55,0.0,0.0,0.0,0.0,0.0,0.0,0.0,0.0,0.0,0.0,0.0,0.0,0.0,0.0,0.0,0.0,0.0,0.0,0.0,0.0,0.0,0.0,0.0,0.0,0.0,0.0,0.0,0.0,0.0,0.0,0.0,0.0,0.0,119.0,15.0,1504.0,7.0,0.0,52.0,,,,,49.0,13.0,4,Vance McDonald,Rice,Conference USA,Tight End,,,12.638655462184873,7.428571428571429,,,,,
482487,2013,145,0.0,0.0,0.0,0.0,0.0,0.0,0.0,0.0,0.0,0.0,6.0,0.0,45.0,0.0,0.0,0.0,0.0,0.0,0.0,0.0,0.0,0.0,0.0,0.0,0.0,0.0,1.0,0.0,0.0,0.0,0.0,0.0,0.0,0.0,0.0,0.0,0.0,0.0,0.0,,,0.0,,,,3,Steve Williams,California,Pac-12,Cornerback,,,,,,0.0,,,7.5
482505,2013,107,0.0,0.0,0.0,0.0,0.0,0.0,0.0,0.0,0.0,0.0,0.0,0.0,0.0,0.0,0.0,0.0,0.0,0.0,0.0,0.0,0.0,0.0,0.0,0.0,0.0,0.0,0.0,0.0,0.0,0.0,0.0,0.0,0.0,1.0,0.0,3.0,0.0,0.0,0.0,,,,,3.0,,1,Brian Schwenke,California,Pac-12,Center,,,3.0,,,,,,
482536,2015,209,0.0,0.0,0.0,0.0,0.0,0.0,0.0,0.0,0.0,0.0,0.0,0.0,0.0,0.0,0.0,0.0,0.0,0.0,0.0,0.0,0.0,0.0,0.0,0.0,0.0,0.0,0.0,0.0,0.0,0.0,0.0,0.0,0.0,11.0,1.0,165.0,0.0,0.0,0.0,,,,,58.0,,3,Obum Gwacham,Oregon State,Pac-12,Defensive End,,,15.0,,,,,,
482550,2013,218,0.0,0.0,0.0,0.0,0.0,0.0,0.0,0.0,0.0,0.0,13.0,3.0,243.0,66.0,0.0,1711.0,0.0,0.0,0.0,0.0,0.0,0.0,0.0,0.0,0.0,0.0,63.0,1.0,316.0,0.0,0.0,0.0,0.0,1.0,0.0,23.0,0.0,0.0,0.0,70.0,,85.0,,23.0,,4,Jordan Poyer,Oregon State,Pac-12,Cornerback,,,23.0,,25.924242424242426,5.015873015873016,,,18.692307692307693
482558,2013,79,0.0,0.0,0.0,0.0,0.0,0.0,0.0,0.0,0.0,0.0,0.0,0.0,0.0,4.0,0.0,81.0,0.0,0.0,0.0,0.0,0.0,0.0,0.0,0.0,0.0,0.0,3.0,0.0,68.0,0.0,0.0,0.0,0.0,227.0,16.0,2994.0,83.0,5.0,631.0,30.0,,52.0,,69.0,56.0,4,Markus Wheaton,Oregon State,Pac-12,Wide Receiver,,,13.189427312775331,7.602409638554217,20.25,22.666666666666668,,,
482565,2013,133,0.0,0.0,0.0,0.0,0.0,0.0,0.0,0.0,0.0,0.0,0.0,0.0,0.0,0.0,0.0,0.0,0.0,0.0,0.0,0.0,0.0,0.0,0.0,0.0,0.0,0.0,0.0,0.0,0.0,0.0,0.0,0.0,0.0,50.0,10.0,763.0,0.0,0.0,0.0,,,,,46.0,,3,Levine Toilolo,Stanford,Pac-12,Tight End,,,15.26,,,,,,
482572,2014,204,0.0,0.0,0.0,0.0,0.0,0.0,0.0,0.0,0.0,0.0,0.0,0.0,0.0,1.0,0.0,22.0,0.0,0.0,0.0,0.0,0.0,0.0,0.0,0.0,0.0,0.0,2.0,0.0,0.0,0.0,0.0,0.0,0.0,32.0,4.0,264.0,486.0,33.0,2500.0,22.0,,4.0,,52.0,69.0,4,Tyler Gaffney,Stanford,Pac-12,Running Back,,,8.25,5.1440329218107,22.0,0.0,,,
482574,2013,140,0.0,0.0,0.0,0.0,0.0,0.0,0.0,0.0,0.0,0.0,0.0,0.0,0.0,1.0,0.0,17.0,0.0,0.0,0.0,0.0,0.0,0.0,0.0,0.0,0.0,0.0,0.0,0.0,0.0,0.0,0.0,0.0,0.0,97.0,5.0,778.0,843.0,40.0,4300.0,17.0,,,,59.0,70.0,4,Stepfan Taylor,Stanford,Pac-12,Running Back,,,8.02061855670103,5.100830367734282,17.0,,,,
482580,2014,231,0.0,0.0,0.0,0.0,0.0,0.0,0.0,0.0,0.0,0.0,0.0,0.0,0.0,0.0,0.0,0.0,0.0,0.0,0.0,0.0,0.0,0.0,0.0,0.0,0.0,0.0,1.0,0.0,24.0,0.0,0.0,0.0,0.0,0.0,0.0,0.0,0.0,0.0,0.0,,,24.0,,,,1,Ben Gardner,Stanford,Pac-12,Defensive End,,,,,,24.0,,,
482590,2013,35,0.0,0.0,0.0,0.0,0.0,0.0,0.0,0.0,0.0,0.0,0.0,0.0,0.0,0.0,0.0,0.0,0.0,0.0,0.0,0.0,0.0,0.0,0.0,0.0,0.0,0.0,0.0,0.0,0.0,0.0,0.0,0.0,0.0,112.0,15.0,1434.0,0.0,0.0,0.0,,,,,68.0,,3,Zach Ertz,Stanford,Pac-12,Tight End,,,12.803571428571429,,,,,,
482592,2014,47,0.0,0.0,0.0,0.0,0.0,0.0,0.0,0.0,0.0,0.0,2.0,2.0,70.0,0.0,0.0,0.0,0.0,0.0,0.0,0.0,0.0,0.0,0.0,0.0,0.0,0.0,0.0,0.0,0.0,0.0,0.0,0.0,0.0,0.0,0.0,0.0,0.0,0.0,0.0,,,,,,,2,Trent Murphy,Stanford,Pac-12,Outside Linebacker,,,,,,,,,35.0
482597,2013,22,0.0,0.0,0.0,0.0,0.0,0.0,0.0,0.0,0.0,0.0,6.0,0.0,57.0,0.0,0.0,0.0,0.0,0.0,0.0,0.0,0.0,0.0,0.0,0.0,0.0,0.0,0.0,0.0,0.0,0.0,0.0,0.0,0.0,0.0,0.0,0.0,0.0,0.0,0.0,,,,,,,4,Desmond Trufant,Washington,Pac-12,Cornerback,,,,,,,,,9.5
482654,2012,17,0.0,0.0,0.0,0.0,0.0,0.0,0.0,0.0,0.0,0.0,3.0,0.0,30.0,0.0,0.0,0.0,0.0,0.0,0.0,0.0,0.0,0.0,0.0,0.0,0.0,0.0,0.0,0.0,0.0,0.0,0.0,0.0,0.0,0.0,0.0,0.0,0.0,0.0,0.0,,,,,,,1,Dre Kirkpatrick,Alabama,SEC,Cornerback,,,,,,,,,10.0
482656,2013,99,0.0,0.0,0.0,0.0,0.0,0.0,0.0,0.0,0.0,0.0,2.0,0.0,2.0,0.0,0.0,0.0,0.0,0.0,0.0,0.0,0.0,0.0,0.0,0.0,0.0,0.0,0.0,0.0,0.0,0.0,0.0,0.0,0.0,0.0,0.0,0.0,0.0,0.0,0.0,,,,,,,2,Nico Johnson,Alabama,SEC,Inside Linebacker,,,,,,,,,1.0
482662,2011,3,0.0,0.0,0.0,0.0,0.0,0.0,0.0,0.0,0.0,0.0,1.0,1.0,28.0,0.0,0.0,0.0,0.0,0.0,0.0,0.0,0.0,0.0,0.0,0.0,0.0,0.0,0.0,0.0,0.0,0.0,0.0,0.0,0.0,0.0,0.0,0.0,0.0,0.0,0.0,,,,,,,1,Marcell Dareus,Alabama,SEC,Defensive Tackle,,,,,,,,,28.0
482670,2014,123,0.0,0.0,0.0,0.0,0.0,0.0,0.0,0.0,0.0,0.0,0.0,0.0,0.0,1.0,0.0,22.0,0.0,0.0,0.0,0.0,0.0,0.0,0.0,0.0,0.0,0.0,0.0,0.0,0.0,0.0,0.0,0.0,0.0,81.0,12.0,1275.0,0.0,0.0,0.0,22.0,,,,50.0,,4,Kevin Norwood,Alabama,SEC,Wide Receiver,,,15.74074074074074,,22.0,,,,
482676,2013,96,0.0,0.0,0.0,0.0,0.0,0.0,0.0,0.0,0.0,0.0,0.0,0.0,0.0,0.0,0.0,0.0,0.0,0.0,0.0,0.0,0.0,0.0,0.0,0.0,0.0,0.0,0.0,0.0,0.0,0.0,0.0,0.0,0.0,32.0,2.0,297.0,349.0,19.0,1862.0,,,,,64.0,71.0,3,Knile Davis,Arkansas,SEC,Running Back,,,9.28125,5.335243553008596,,,,,
482678,2013,197,0.0,0.0,0.0,0.0,0.0,0.0,0.0,0.0,0.0,0.0,0.0,0.0,0.0,9.0,0.0,192.0,0.0,0.0,0.0,0.0,0.0,0.0,0.0,0.0,0.0,0.0,0.0,0.0,0.0,0.0,0.0,0.0,0.0,175.0,18.0,2854.0,1.0,0.0,-8.0,50.0,,,,85.0,0.0,4,Cobi Hamilton,Arkansas,SEC,Wide Receiver,,,16.30857142857143,-8.0,21.333333333333332,,,,
482711,2013,50,0.0,0.0,0.0,0.0,0.0,0.0,0.0,0.0,0.0,0.0,5.0,1.0,40.0,0.0,0.0,0.0,0.0,0.0,0.0,0.0,0.0,0.0,0.0,0.0,0.0,0.0,0.0,0.0,0.0,0.0,0.0,0.0,0.0,0.0,0.0,0.0,0.0,0.0,0.0,,,,,,,2,Jonathan Bostic,Florida,SEC,Inside Linebacker,,,,,,,,,8.0
482722,2013,104,0.0,0.0,0.0,0.0,0.0,0.0,0.0,0.0,0.0,0.0,3.0,1.0,136.0,0.0,0.0,0.0,0.0,0.0,0.0,0.0,0.0,0.0,0.0,0.0,0.0,0.0,1.0,1.0,36.0,0.0,0.0,0.0,0.0,0.0,0.0,0.0,0.0,0.0,0.0,,,36.0,,,,3,Jelani Jenkins,Florida,SEC,Outside Linebacker,,,,,,36.0,,,45.333333333333336
482733,2014,109,0.0,0.0,0.0,0.0,0.0,0.0,0.0,0.0,0.0,0.0,12.0,1.0,80.0,0.0,0.0,0.0,0.0,0.0,0.0,0.0,0.0,0.0,0.0,0.0,0.0,0.0,0.0,0.0,0.0,0.0,0.0,0.0,0.0,0.0,0.0,0.0,0.0,0.0,0.0,,,,,,,4,Ross Cockrell,Duke,ACC,Cornerback,,,,,,,,,6.666666666666667
482765,2012,116,0.0,0.0,0.0,0.0,0.0,0.0,0.0,0.0,0.0,0.0,0.0,0.0,0.0,0.0,0.0,0.0,0.0,0.0,0.0,0.0,0.0,0.0,0.0,0.0,0.0,0.0,1.0,0.0,4.0,0.0,0.0,0.0,0.0,94.0,10.0,1370.0,0.0,0.0,0.0,,,4.0,,44.0,,3,Orson Charles,Georgia,SEC,Tight End,,,14.574468085106384,,,4.0,,,
482774,2013,84,0.0,0.0,0.0,0.0,0.0,0.0,0.0,0.0,0.0,0.0,4.0,0.0,58.0,0.0,0.0,0.0,0.0,0.0,0.0,0.0,0.0,0.0,0.0,0.0,0.0,0.0,1.0,0.0,25.0,0.0,0.0,0.0,0.0,0.0,0.0,0.0,0.0,0.0,0.0,,,25.0,,,,2,Shawn Williams,Georgia,SEC,Safety,,,,,,25.0,,,14.5
482783,2014,155,0.0,0.0,0.0,0.0,0.0,0.0,0.0,0.0,0.0,0.0,0.0,0.0,0.0,0.0,0.0,0.0,0.0,0.0,0.0,0.0,0.0,1.0,1.0,0.0,0.0,16.0,0.0,0.0,0.0,0.0,0.0,0.0,0.0,56.0,8.0,907.0,0.0,0.0,0.0,,,,,49.0,,3,Arthur Lynch,Georgia,SEC,Tight End,1.0,16.0,16.196428571428573,,,,,,
482840,2011,149,0.0,0.0,0.0,0.0,0.0,0.0,0.0,0.0,0.0,0.0,0.0,0.0,0.0,0.0,0.0,0.0,0.0,0.0,0.0,0.0,0.0,0.0,0.0,0.0,0.0,0.0,0.0,0.0,0.0,0.0,0.0,0.0,0.0,52.0,1.0,405.0,544.0,30.0,2860.0,,,,,31.0,85.0,2,Dion Lewis,Pittsburgh,Big East,Running Back,,,7.788461538461538,5.257352941176471,,,,,
482855,2014,146,0.0,0.0,0.0,0.0,0.0,0.0,0.0,0.0,0.0,0.0,0.0,0.0,0.0,0.0,0.0,0.0,0.0,0.0,0.0,0.0,0.0,0.0,0.0,0.0,0.0,0.0,0.0,0.0,0.0,0.0,0.0,0.0,0.0,202.0,16.0,2901.0,11.0,0.0,77.0,,,,,79.0,19.0,4,Devin Street,Pittsburgh,Big East,Wide Receiver,,,14.361386138613861,7.0,,,,,
482875,2013,90,0.0,0.0,0.0,0.0,0.0,0.0,0.0,0.0,0.0,0.0,3.0,0.0,34.0,7.0,0.0,102.0,0.0,0.0,0.0,0.0,0.0,0.0,0.0,0.0,0.0,0.0,0.0,0.0,0.0,0.0,0.0,0.0,0.0,0.0,0.0,0.0,0.0,0.0,0.0,25.0,,,,,,4,Kayvon Webster,South Florida,Big East,Cornerback,,,,,14.571428571428571,,,,11.333333333333334
482890,2011,202,0.0,0.0,0.0,0.0,0.0,0.0,0.0,0.0,0.0,0.0,1.0,0.0,12.0,1.0,0.0,0.0,0.0,0.0,0.0,0.0,0.0,0.0,0.0,0.0,0.0,0.0,0.0,0.0,0.0,0.0,0.0,0.0,0.0,0.0,0.0,0.0,0.0,0.0,0.0,0.0,,,,,,2,Jacquian Williams,South Florida,Big East,Linebacker,,,,,0.0,,,,12.0
482895,2010,15,0.0,0.0,0.0,0.0,0.0,0.0,0.0,0.0,0.0,0.0,1.0,1.0,18.0,0.0,0.0,0.0,0.0,0.0,0.0,0.0,0.0,0.0,0.0,0.0,0.0,0.0,0.0,0.0,0.0,0.0,0.0,0.0,0.0,0.0,0.0,0.0,0.0,0.0,0.0,,,,,,,1,Jason Pierre-Paul,South Florida,Big East,Defensive End,,,,,,,,,18.0
482953,2013,143,0.0,0.0,0.0,0.0,0.0,0.0,0.0,0.0,0.0,0.0,7.0,1.0,192.0,0.0,0.0,0.0,0.0,0.0,0.0,0.0,0.0,0.0,0.0,0.0,0.0,0.0,0.0,0.0,0.0,0.0,0.0,0.0,0.0,0.0,0.0,0.0,0.0,0.0,0.0,,,,,,,4,Jonathan Meeks,Clemson,ACC,Safety,,,,,,,,,27.428571428571427
482960,2014,100,0.0,0.0,0.0,0.0,0.0,0.0,0.0,0.0,0.0,0.0,0.0,0.0,0.0,0.0,0.0,0.0,0.0,0.0,0.0,0.0,0.0,0.0,0.0,0.0,0.0,0.0,0.0,0.0,0.0,0.0,0.0,0.0,0.0,1.0,0.0,-1.0,0.0,1.0,0.0,,,,,-1.0,0.0,1,Brandon Thomas,Clemson,ACC,Offensive Guard,,,-1.0,,,,,,
483005,2014,221,0.0,0.0,0.0,0.0,0.0,0.0,0.0,0.0,0.0,0.0,0.0,0.0,0.0,0.0,0.0,0.0,0.0,0.0,0.0,0.0,0.0,0.0,0.0,0.0,0.0,0.0,1.0,0.0,17.0,0.0,0.0,0.0,0.0,0.0,0.0,0.0,0.0,0.0,0.0,,,17.0,,,,1,Randell Johnson,Florida Atlantic,Conference USA,Outside Linebacker,,,,,,17.0,,,
483021,2012,43,0.0,0.0,0.0,0.0,0.0,0.0,0.0,0.0,0.0,0.0,0.0,0.0,0.0,1.0,0.0,28.0,0.0,0.0,0.0,0.0,0.0,0.0,0.0,0.0,0.0,0.0,0.0,0.0,0.0,0.0,0.0,0.0,0.0,49.0,9.0,1248.0,12.0,1.0,147.0,28.0,,,,82.0,26.0,3,Stephen Hill,Georgia Tech,ACC,Wide Receiver,,,25.46938775510204,12.25,28.0,,,,
483031,2014,206,0.0,0.0,0.0,0.0,0.0,0.0,0.0,0.0,0.0,0.0,9.0,0.0,15.0,9.0,0.0,204.0,0.0,0.0,0.0,0.0,0.0,0.0,0.0,0.0,0.0,0.0,12.0,0.0,34.0,0.0,0.0,0.0,0.0,0.0,0.0,0.0,2.0,0.0,29.0,29.0,,14.0,,,27.0,3,Jemea Thomas,Georgia Tech,ACC,Safety,,,,14.5,22.666666666666668,2.8333333333333335,,,1.6666666666666667
483035,2014,223,0.0,0.0,0.0,0.0,0.0,0.0,0.0,0.0,0.0,0.0,1.0,0.0,12.0,0.0,0.0,0.0,0.0,0.0,0.0,0.0,0.0,0.0,0.0,0.0,0.0,0.0,0.0,0.0,0.0,0.0,0.0,0.0,0.0,0.0,0.0,0.0,0.0,0.0,0.0,,,,,,,1,Brandon Watts,Georgia Tech,ACC,Outside Linebacker,,,,,,,,,12.0
483062,2013,118,0.0,0.0,0.0,0.0,0.0,0.0,0.0,0.0,0.0,0.0,1.0,0.0,16.0,0.0,0.0,0.0,0.0,0.0,0.0,0.0,0.0,0.0,0.0,0.0,0.0,0.0,0.0,0.0,0.0,0.0,0.0,0.0,0.0,0.0,0.0,0.0,0.0,0.0,0.0,,,,,,,1,Sean Porter,Texas A&M,SEC,Outside Linebacker,,,,,,,,,16.0
483069,2013,174,0.0,0.0,0.0,0.0,0.0,0.0,0.0,0.0,0.0,0.0,0.0,0.0,0.0,14.0,0.0,285.0,0.0,0.0,0.0,0.0,0.0,0.0,0.0,0.0,0.0,0.0,1.0,0.0,0.0,0.0,0.0,0.0,0.0,252.0,24.0,3117.0,19.0,0.0,59.0,39.0,,0.0,,80.0,14.0,4,Ryan Swope,Texas A&M,SEC,Wide Receiver,,,12.369047619047619,3.1052631578947367,20.357142857142858,0.0,,,
483111,2013,235,0.0,0.0,0.0,0.0,0.0,0.0,0.0,0.0,0.0,0.0,4.0,0.0,71.0,0.0,0.0,0.0,0.0,0.0,0.0,0.0,0.0,0.0,0.0,0.0,0.0,0.0,2.0,1.0,29.0,0.0,0.0,0.0,0.0,0.0,0.0,0.0,0.0,0.0,0.0,,,18.0,,,,3,Steve Beauharnais,Rutgers,Big East,Inside Linebacker,,,,,,14.5,,,17.75
483118,2013,91,0.0,0.0,0.0,0.0,0.0,0.0,0.0,0.0,0.0,0.0,6.0,1.0,97.0,0.0,0.0,0.0,0.0,0.0,0.0,0.0,0.0,0.0,0.0,0.0,0.0,0.0,0.0,0.0,0.0,0.0,0.0,0.0,0.0,0.0,0.0,0.0,0.0,0.0,0.0,,,,,,,2,Duron Harmon,Rutgers,Big East,Safety,,,,,,,,,16.166666666666668
483131,2013,83,0.0,0.0,0.0,0.0,0.0,0.0,0.0,0.0,0.0,0.0,7.0,1.0,73.0,0.0,0.0,0.0,0.0,0.0,0.0,0.0,0.0,0.0,0.0,0.0,0.0,0.0,0.0,0.0,0.0,0.0,0.0,0.0,0.0,0.0,0.0,0.0,0.0,0.0,0.0,,,,,,,2,Logan Ryan,Rutgers,Big East,Cornerback,,,,,,,,,10.428571428571429
483132,2012,83,0.0,0.0,0.0,0.0,0.0,0.0,0.0,0.0,0.0,0.0,1.0,0.0,0.0,2.0,0.0,12.0,0.0,0.0,0.0,0.0,0.0,18.0,8.0,0.0,4.0,207.0,70.0,0.0,121.0,0.0,2.0,0.0,67.0,210.0,12.0,2263.0,125.0,9.0,653.0,14.0,,18.0,34.0,62.0,91.0,3,Mohamed Sanu,Rutgers,Big East,Wide Receiver,0.4444444444444444,11.5,10.776190476190477,5.224,6.0,1.7285714285714286,33.5,,0.0
483145,2013,43,0.0,0.0,0.0,0.0,0.0,0.0,0.0,0.0,0.0,0.0,16.0,3.0,305.0,0.0,0.0,0.0,0.0,0.0,0.0,0.0,0.0,0.0,0.0,0.0,0.0,0.0,39.0,1.0,289.0,0.0,0.0,0.0,0.0,0.0,0.0,0.0,0.0,0.0,0.0,,,65.0,,,,4,Johnthan Banks,Mississippi State,SEC,Cornerback,,,,,,7.410256410256411,,,19.0625
483163,2011,169,0.0,0.0,0.0,0.0,0.0,0.0,0.0,0.0,0.0,0.0,2.0,0.0,5.0,0.0,0.0,0.0,0.0,0.0,0.0,0.0,0.0,0.0,0.0,0.0,0.0,0.0,0.0,0.0,0.0,0.0,0.0,0.0,0.0,0.0,0.0,0.0,0.0,0.0,0.0,,,,,,,1,Chris White,Mississippi State,SEC,Inside Linebacker,,,,,,,,,2.5
483168,2014,81,0.0,0.0,0.0,0.0,0.0,0.0,0.0,0.0,0.0,0.0,0.0,0.0,0.0,0.0,0.0,0.0,0.0,0.0,0.0,0.0,0.0,0.0,0.0,0.0,0.0,0.0,0.0,0.0,0.0,0.0,0.0,0.0,0.0,0.0,0.0,0.0,0.0,1.0,0.0,,,,,,0.0,1,Gabe Jackson,Mississippi State,SEC,Offensive Guard,,,,,,,,,
483175,2012,45,0.0,0.0,0.0,0.0,0.0,0.0,0.0,0.0,0.0,0.0,0.0,0.0,0.0,1.0,0.0,35.0,0.0,0.0,0.0,0.0,0.0,0.0,0.0,0.0,0.0,0.0,0.0,0.0,0.0,0.0,0.0,0.0,0.0,183.0,23.0,3042.0,0.0,0.0,0.0,35.0,,,,80.0,,3,Alshon Jeffery,South Carolina,SEC,Wide Receiver,,,16.62295081967213,,35.0,,,,
483176,2012,10,0.0,0.0,0.0,0.0,0.0,0.0,0.0,0.0,0.0,0.0,8.0,1.0,86.0,3.0,0.0,47.0,0.0,0.0,0.0,0.0,0.0,3.0,2.0,0.0,0.0,68.0,45.0,0.0,206.0,0.0,0.0,0.0,0.0,0.0,0.0,0.0,7.0,0.0,37.0,26.0,,35.0,,,14.0,3,Stephon Gilmore,South Carolina,SEC,Cornerback,0.6666666666666666,22.666666666666668,,5.285714285714286,15.666666666666666,4.5777777777777775,,,10.75
483185,2013,185,0.0,0.0,0.0,0.0,0.0,0.0,0.0,0.0,0.0,0.0,7.0,0.0,118.0,0.0,0.0,0.0,0.0,0.0,0.0,0.0,0.0,0.0,0.0,0.0,0.0,0.0,0.0,0.0,0.0,0.0,0.0,0.0,0.0,0.0,0.0,0.0,0.0,0.0,0.0,,,,,,,4,DeVonte Holloman,South Carolina,SEC,Outside Linebacker,,,,,,,,,16.857142857142858
483193,2013,57,0.0,0.0,0.0,0.0,0.0,0.0,0.0,0.0,0.0,0.0,6.0,2.0,94.0,6.0,0.0,126.0,0.0,0.0,0.0,0.0,0.0,0.0,0.0,0.0,0.0,0.0,0.0,0.0,0.0,0.0,0.0,0.0,0.0,0.0,0.0,0.0,0.0,0.0,0.0,25.0,,,,,,3,D.J. Swearinger,South Carolina,SEC,Safety,,,,,21.0,,,,15.666666666666666
4831959,2026,95,0.0,0.0,0.0,0.0,0.0,0.0,0.0,0.0,0.0,0.0,0.0,0.0,0.0,0.0,0.0,0.0,0.0,0.0,0.0,0.0,0.0,0.0,0.0,0.0,0.0,0.0,0.0,0.0,0.0,0.0,0.0,0.0,0.0,48.0,3.0,623.0,0.0,0.0,0.0,,,,,65.0,,3,Eli Raridon,Notre Dame,FBS Independents,Tight End,,,12.979166666666666,,,,,,
4831989,2025,109,6.0,13.0,10.0,52.0,0.0,21.0,131.0,0.0,0.0,1.0,0.0,0.0,0.0,2.0,0.0,40.0,0.0,0.0,0.0,0.0,0.0,0.0,0.0,0.0,0.0,0.0,0.0,0.0,0.0,0.0,0.0,0.0,0.0,0.0,0.0,0.0,0.0,0.0,0.0,24.0,,,,,,3,Deone Walker,Kentucky,SEC,Defensive Tackle,,,,,20.0,,,,
4832035,2026,62,23.0,0.0,0.0,115.0,0.0,3.0,188.0,0.0,0.0,3.0,4.0,0.0,47.0,0.0,0.0,0.0,0.0,0.0,0.0,0.0,0.0,0.0,0.0,0.0,0.0,0.0,0.0,0.0,0.0,0.0,0.0,0.0,0.0,0.0,0.0,0.0,0.0,0.0,0.0,,,,,,,4,Davison Igbinosun,Ole Miss,SEC,Cornerback,,,,,,,,,11.75
483208,2013,254,0.0,0.0,0.0,0.0,0.0,0.0,0.0,0.0,0.0,0.0,0.0,0.0,0.0,3.0,0.0,21.0,0.0,0.0,0.0,0.0,0.0,0.0,0.0,0.0,0.0,0.0,0.0,0.0,0.0,0.0,0.0,0.0,0.0,50.0,1.0,581.0,0.0,0.0,0.0,10.0,,,,45.0,,4,Justice Cunningham,South Carolina,SEC,Tight End,,,11.62,,7.0,,,,
483226,2013,111,0.0,0.0,0.0,0.0,0.0,0.0,0.0,0.0,0.0,0.0,2.0,0.0,27.0,0.0,0.0,0.0,0.0,0.0,0.0,0.0,0.0,0.0,0.0,0.0,0.0,0.0,0.0,0.0,0.0,0.0,0.0,0.0,0.0,0.0,0.0,0.0,0.0,0.0,0.0,,,,,,,1,Shamarko Thomas,Syracuse,Big East,Safety,,,,,,,,,13.5
483240,2013,53,0.0,0.0,0.0,0.0,0.0,0.0,0.0,0.0,0.0,0.0,1.0,0.0,9.0,0.0,0.0,0.0,0.0,0.0,0.0,0.0,0.0,0.0,0.0,0.0,0.0,0.0,0.0,0.0,0.0,0.0,0.0,0.0,0.0,0.0,0.0,0.0,0.0,0.0,0.0,,,,,,,1,Margus Hunt,SMU,Conference USA,Defensive End,,,,,,,,,9.0
4832793,2026,14,0.0,0.0,0.0,1.0,0.0,0.0,1.0,0.0,0.0,0.0,0.0,0.0,0.0,0.0,0.0,0.0,0.0,0.0,0.0,0.0,0.0,0.0,0.0,0.0,0.0,0.0,0.0,0.0,0.0,0.0,0.0,0.0,0.0,0.0,0.0,0.0,0.0,0.0,0.0,,,,,,,1,Vega Ioane,Penn State,Big Ten,Offensive Guard,,,,,,,,,
4832800,2026,39,0.0,0.0,0.0,7.0,1.0,0.0,7.0,2.0,0.0,0.0,0.0,0.0,0.0,0.0,0.0,0.0,0.0,0.0,0.0,0.0,0.0,2.0,2.0,0.0,1.0,15.0,26.0,1.0,212.0,0.0,0.0,0.0,0.0,132.0,20.0,1781.0,1.0,1.0,2.0,,,78.0,,78.0,2.0,4,Denzel Boston,Washington,Pac-12,Wide Receiver,1.0,7.5,13.492424242424242,2.0,,8.153846153846153,,,
4832846,2026,198,0.0,0.0,0.0,1.0,2.0,0.0,1.0,10.0,7.0,1.0,0.0,0.0,0.0,22.0,2.0,579.0,0.0,0.0,0.0,0.0,0.0,0.0,0.0,0.0,0.0,0.0,0.0,0.0,0.0,0.0,0.0,0.0,0.0,55.0,2.0,424.0,558.0,26.0,2596.0,100.0,,,,44.0,85.0,4,Demond Claiborne,Wake Forest,ACC,Running Back,,,7.709090909090909,4.652329749103942,26.318181818181817,,,,
4832922,2026,119,4.0,27.0,10.5,51.0,0.0,27.0,127.0,0.0,0.0,1.0,0.0,0.0,0.0,0.0,0.0,0.0,0.0,0.0,0.0,0.0,0.0,0.0,0.0,0.0,0.0,0.0,1.0,0.0,10.0,0.0,0.0,0.0,0.0,0.0,0.0,0.0,0.0,0.0,0.0,,,10.0,,,,3,Wesley Williams,Duke,ACC,Defensive Edge,,,,,,10.0,,,
4832955,2026,161,0.0,0.0,0.0,1.0,0.0,0.0,1.0,5.0,3.0,0.0,0.0,0.0,0.0,4.0,0.0,39.0,0.0,0.0,0.0,0.0,0.0,0.0,0.0,0.0,0.0,0.0,0.0,0.0,0.0,0.0,0.0,0.0,0.0,91.0,5.0,689.0,458.0,15.0,2460.0,17.0,,,,56.0,70.0,3,Emmett Johnson,Nebraska,Big Ten,Running Back,,,7.571428571428571,5.37117903930131,9.75,,,,
4833029,2026,61,0.0,0.0,0.0,0.0,0.0,0.0,0.0,3.0,1.0,0.0,0.0,0.0,0.0,0.0,0.0,0.0,0.0,0.0,0.0,0.0,0.0,0.0,0.0,0.0,0.0,0.0,0.0,0.0,0.0,0.0,0.0,0.0,0.0,116.0,6.0,1329.0,0.0,0.0,0.0,,,,,62.0,,3,Max Klare,Purdue,Big Ten,Tight End,,,11.456896551724139,,,,,,
483321,2014,142,0.0,0.0,0.0,0.0,0.0,0.0,0.0,0.0,0.0,0.0,0.0,0.0,0.0,0.0,0.0,0.0,0.0,0.0,0.0,0.0,0.0,2.0,0.0,1.0,0.0,0.0,0.0,0.0,0.0,0.0,0.0,0.0,0.0,196.0,21.0,2769.0,5.0,0.0,3.0,,,,,73.0,20.0,5,Ryan Grant,Tulane,Conference USA,Wide Receiver,0.0,0.0,14.127551020408163,0.6,,,,,
4833355,2025,51,5.0,8.0,14.5,75.0,0.0,30.5,108.0,0.0,0.0,0.0,0.0,0.0,0.0,0.0,0.0,0.0,0.0,0.0,0.0,0.0,0.0,0.0,0.0,0.0,0.0,0.0,0.0,0.0,0.0,0.0,0.0,0.0,0.0,0.0,0.0,0.0,0.0,0.0,0.0,,,,,,,3,Nic Caraway,Texas A&M,SEC,Defensive Edge,,,,,,,,,
483345,2012,66,0.0,0.0,0.0,0.0,0.0,0.0,0.0,0.0,0.0,0.0,10.0,2.0,147.0,4.0,0.0,94.0,0.0,0.0,0.0,0.0,0.0,0.0,0.0,0.0,0.0,0.0,35.0,0.0,355.0,0.0,0.0,0.0,0.0,0.0,0.0,0.0,0.0,0.0,0.0,34.0,,36.0,,,,3,Josh Robinson,UCF,Conference USA,Cornerback,,,,,23.5,10.142857142857142,,,14.7
483387,2013,21,0.0,0.0,0.0,0.0,0.0,0.0,0.0,0.0,0.0,0.0,0.0,0.0,0.0,0.0,0.0,0.0,0.0,0.0,0.0,0.0,0.0,0.0,0.0,0.0,0.0,0.0,0.0,0.0,0.0,0.0,0.0,0.0,0.0,140.0,11.0,1840.0,0.0,0.0,0.0,,,,,39.0,,3,Tyler Eifert,Notre Dame,FBS Independents,Tight End,,,13.142857142857142,,,,,,
483392,2013,244,0.0,0.0,0.0,0.0,0.0,0.0,0.0,0.0,0.0,0.0,2.0,0.0,0.0,0.0,0.0,0.0,0.0,0.0,0.0,0.0,0.0,0.0,0.0,0.0,0.0,0.0,0.0,0.0,0.0,0.0,0.0,0.0,0.0,0.0,0.0,0.0,0.0,0.0,0.0,,,,,,,2,Zeke Motta,Notre Dame,FBS Independents,Safety,,,,,,,,,0.0
483393,2013,199,0.0,0.0,0.0,0.0,0.0,0.0,0.0,0.0,0.0,0.0,0.0,0.0,0.0,47.0,0.0,1051.0,0.0,0.0,0.0,0.0,0.0,0.0,0.0,0.0,0.0,0.0,6.0,0.0,-1.0,0.0,0.0,0.0,0.0,120.0,8.0,1263.0,244.0,5.0,1169.0,38.0,,1.0,,45.0,55.0,4,Theo Riddick,Notre Dame,FBS Independents,Running Back,,,10.525,4.790983606557377,22.361702127659573,-0.16666666666666666,,,
4837186,2026,58,13.0,3.0,1.0,105.0,1.0,11.0,212.0,0.0,0.0,2.0,5.0,1.0,49.0,0.0,0.0,0.0,0.0,0.0,0.0,0.0,0.0,0.0,0.0,0.0,0.0,0.0,0.0,0.0,0.0,0.0,0.0,0.0,0.0,0.0,0.0,0.0,0.0,0.0,0.0,,,,,,,4,Emmanuel Mcneil-Warren,Toledo,Mid-American,Safety,,,,,,,,,9.8
4837188,2025,143,0.0,4.0,0.0,31.0,0.0,2.5,58.0,0.0,0.0,0.0,0.0,0.0,0.0,0.0,0.0,0.0,0.0,0.0,0.0,0.0,0.0,0.0,0.0,0.0,0.0,0.0,0.0,0.0,0.0,0.0,0.0,0.0,0.0,0.0,0.0,0.0,0.0,0.0,0.0,,,,,,,3,Jordan Phillips,Tennessee,SEC,Defensive Tackle,,,,,,,,,
4837244,2026,55,2.0,25.0,26.0,96.0,0.0,35.5,178.0,0.0,0.0,1.0,0.0,0.0,0.0,0.0,0.0,0.0,0.0,0.0,0.0,0.0,0.0,0.0,0.0,0.0,0.0,0.0,0.0,0.0,0.0,0.0,0.0,0.0,0.0,0.0,0.0,0.0,0.0,0.0,0.0,,,,,,,4,Gabe Jacas,Illinois,Big Ten,Defensive Edge,,,,,,,,,
4837248,2026,1,0.0,0.0,0.0,2.0,0.0,0.0,2.0,14.0,5.0,0.0,0.0,0.0,0.0,0.0,0.0,0.0,0.0,0.0,0.0,0.0,0.0,1008.0,691.0,22.0,71.0,8247.0,0.0,0.0,0.0,0.0,0.0,0.0,0.0,0.0,1.0,15.0,226.0,11.0,467.0,,,,,15.0,50.0,3,Fernando Mendoza,Indiana,Big Ten,Quarterback,0.685515873015873,8.181547619047619,inf,2.066371681415929,,,,,
4837286,2026,123,8.0,13.0,9.0,100.0,1.0,25.0,183.0,0.0,0.0,1.0,3.0,1.0,94.0,0.0,0.0,0.0,0.0,0.0,0.0,0.0,0.0,0.0,0.0,0.0,0.0,0.0,1.0,0.0,3.0,0.0,0.0,0.0,0.0,0.0,0.0,0.0,0.0,0.0,0.0,,,3.0,,,,4,Wade Woodaz,Clemson,ACC,Linebacker,,,,,,3.0,,,31.333333333333332
4837388,2026,228,9.0,0.0,1.0,134.0,0.0,10.5,194.0,0.0,0.0,1.0,4.0,0.0,41.0,0.0,0.0,0.0,0.0,0.0,0.0,0.0,0.0,0.0,0.0,0.0,0.0,0.0,0.0,0.0,0.0,0.0,0.0,0.0,0.0,0.0,0.0,0.0,0.0,0.0,0.0,,,,,,,4,VJ Payne,Kansas State,Big 12,Safety,,,,,,,,,10.25
4838270,2026,113,0.0,0.0,0.0,0.0,0.0,0.0,1.0,0.0,0.0,0.0,0.0,0.0,0.0,0.0,0.0,0.0,0.0,0.0,0.0,0.0,0.0,0.0,0.0,0.0,0.0,0.0,0.0,0.0,0.0,0.0,0.0,0.0,0.0,0.0,0.0,0.0,0.0,0.0,0.0,,,,,,,1,Jalen Farmer,Kentucky,SEC,Offensive Guard,,,,,,,,,
483900,2014,230,0.0,0.0,0.0,0.0,0.0,0.0,0.0,0.0,0.0,0.0,0.0,0.0,0.0,0.0,0.0,0.0,0.0,0.0,0.0,0.0,0.0,0.0,0.0,0.0,0.0,0.0,0.0,0.0,0.0,0.0,0.0,0.0,0.0,71.0,5.0,789.0,1.0,0.0,3.0,,,,,55.0,3.0,3,Rob Blanchflower,Massachusetts,Mid-American,Tight End,,,11.112676056338028,3.0,,,,,
483949,2013,59,0.0,0.0,0.0,0.0,0.0,0.0,0.0,0.0,0.0,0.0,0.0,0.0,0.0,0.0,0.0,0.0,0.0,0.0,0.0,0.0,0.0,0.0,0.0,0.0,0.0,0.0,0.0,0.0,0.0,0.0,0.0,0.0,0.0,165.0,24.0,2398.0,3.0,0.0,19.0,,,,,96.0,17.0,4,Aaron Dobson,Marshall,Conference USA,Wide Receiver,,,14.533333333333333,6.333333333333333,,,,,
4839498,2026,26,0.0,0.0,0.0,0.0,0.0,0.0,1.0,0.0,0.0,0.0,0.0,0.0,0.0,0.0,0.0,0.0,0.0,0.0,0.0,0.0,0.0,0.0,0.0,0.0,0.0,0.0,0.0,0.0,0.0,0.0,0.0,0.0,0.0,0.0,0.0,0.0,0.0,0.0,6.0,,,,,,6.0,2,Keylan Rutledge,Middle Tennessee,Conference USA,Offensive Guard,,,,inf,,,,,
4839501,2026,45,5.0,26.0,11.5,50.0,1.0,27.5,130.0,0.0,0.0,1.0,0.0,0.0,0.0,0.0,0.0,0.0,0.0,0.0,0.0,0.0,0.0,0.0,0.0,0.0,0.0,0.0,0.0,0.0,0.0,0.0,0.0,0.0,0.0,0.0,0.0,0.0,0.0,0.0,0.0,,,,,,,4,Zion Young,Missouri,SEC,Defensive Edge,,,,,,,,,
484080,2014,36,0.0,0.0,0.0,0.0,0.0,0.0,0.0,0.0,0.0,0.0,0.0,0.0,0.0,0.0,0.0,0.0,0.0,0.0,0.0,0.0,0.0,1630.0,1086.0,24.0,113.0,12842.0,0.0,0.0,0.0,0.0,10.0,0.0,319.0,1.0,0.0,-1.0,164.0,5.0,190.0,,,,45.0,0.0,20.0,4,Derek Carr,Fresno State,Western Athletic,Quarterback,0.6662576687116565,7.8785276073619634,-1.0,1.1585365853658536,,,31.9,,
485825,2014,210,0.0,0.0,0.0,0.0,0.0,0.0,0.0,0.0,0.0,0.0,2.0,0.0,22.0,0.0,0.0,0.0,0.0,0.0,0.0,0.0,0.0,0.0,0.0,0.0,0.0,0.0,0.0,0.0,0.0,0.0,0.0,0.0,0.0,0.0,0.0,0.0,0.0,0.0,0.0,,,,,,,1,IK Enemkpali,Louisiana Tech,Conference USA,Defensive End,,,,,,,,,11.0
4869132,2026,143,0.0,0.0,0.0,8.0,0.0,0.0,17.0,0.0,0.0,0.0,0.0,0.0,0.0,0.0,0.0,0.0,0.0,0.0,0.0,0.0,0.0,0.0,0.0,0.0,0.0,0.0,0.0,0.0,0.0,0.0,0.0,0.0,0.0,100.0,16.0,1583.0,2.0,2.0,35.0,,,,,75.0,30.0,4,Reginald Virgil,Texas Tech,Big 12,Wide Receiver,,,15.83,17.5,,,,,
4869461,2026,216,0.0,0.0,0.0,2.0,0.0,0.0,3.0,0.0,0.0,0.0,0.0,0.0,0.0,0.0,0.0,0.0,64.0,53.0,259.0,101.0,100.0,0.0,0.0,0.0,0.0,0.0,0.0,0.0,0.0,0.0,0.0,0.0,0.0,0.0,0.0,0.0,0.0,0.0,0.0,,56.0,,,,,3,Trey Smack,Florida,SEC,Place Kicker,,,,,,,,0.828125,
4869523,2025,35,11.0,3.0,0.0,163.0,2.0,4.0,237.0,0.0,0.0,1.0,6.0,2.0,107.0,0.0,0.0,0.0,0.0,0.0,0.0,0.0,0.0,0.0,0.0,0.0,0.0,0.0,0.0,0.0,0.0,0.0,0.0,0.0,0.0,0.0,0.0,0.0,0.0,0.0,0.0,,,,,,,3,Nick Emmanwori,South Carolina,SEC,Safety,,,,,,,,,17.833333333333332
4869533,2026,102,0.0,0.0,0.0,1.0,0.0,0.0,1.0,0.0,0.0,0.0,0.0,0.0,0.0,0.0,0.0,0.0,0.0,0.0,0.0,0.0,0.0,0.0,0.0,0.0,0.0,0.0,0.0,0.0,0.0,0.0,0.0,0.0,0.0,0.0,0.0,0.0,0.0,0.0,0.0,,,,,,,1,Jude Bowry,Boston College,ACC,Offensive Tackle,,,,,,,,,
4869579,2026,27,10.0,3.0,1.0,101.0,2.0,3.0,141.0,0.0,0.0,0.0,6.0,2.0,187.0,3.0,0.0,78.0,0.0,0.0,0.0,0.0,0.0,0.0,0.0,0.0,0.0,0.0,1.0,0.0,0.0,0.0,0.0,0.0,0.0,1.0,0.0,6.0,0.0,0.0,0.0,46.0,,0.0,,6.0,,4,Chris Johnson,San Diego State,Mountain West,Cornerback,,,6.0,,26.0,0.0,,,31.166666666666668
4869645,2026,75,0.0,0.0,0.0,1.0,0.0,0.0,1.0,1.0,1.0,0.0,0.0,0.0,0.0,1.0,0.0,-3.0,0.0,0.0,0.0,0.0,0.0,0.0,0.0,0.0,0.0,0.0,0.0,0.0,0.0,0.0,0.0,0.0,0.0,134.0,16.0,2018.0,0.0,0.0,0.0,0.0,,,,62.0,,4,Caleb Douglas,Texas Tech,Big 12,Wide Receiver,,,15.059701492537313,,-3.0,,,,
4869748,2026,89,0.0,0.0,0.0,2.0,3.0,0.0,3.0,4.0,1.0,0.0,0.0,0.0,0.0,35.0,2.0,952.0,0.0,0.0,0.0,0.0,0.0,3.0,2.0,0.0,0.0,33.0,60.0,1.0,601.0,0.0,0.0,0.0,0.0,106.0,7.0,1213.0,40.0,1.0,198.0,95.0,,63.0,,62.0,48.0,4,Zavion Thomas,Mississippi State,SEC,Wide Receiver,0.6666666666666666,11.0,11.443396226415095,4.95,27.2,10.016666666666667,,,
4869961,2026,94,0.0,0.0,0.0,3.0,0.0,0.0,6.0,1.0,1.0,0.0,0.0,0.0,0.0,5.0,0.0,78.0,0.0,0.0,0.0,0.0,0.0,0.0,0.0,0.0,0.0,0.0,0.0,0.0,0.0,0.0,0.0,0.0,0.0,151.0,12.0,2166.0,2.0,0.0,43.0,21.0,,,,68.0,47.0,4,Chris Bell,Louisville,ACC,Wide Receiver,,,14.344370860927153,21.5,15.6,,,,
4870598,2026,53,10.0,7.0,4.5,117.0,0.0,13.5,205.0,0.0,0.0,1.0,1.0,0.0,8.0,0.0,0.0,0.0,0.0,0.0,0.0,0.0,0.0,0.0,0.0,0.0,0.0,0.0,0.0,0.0,0.0,0.0,0.0,0.0,0.0,0.0,0.0,0.0,0.0,0.0,0.0,,,,,,,3,C.J. Allen,Georgia,SEC,Linebacker,,,,,,,,,8.0
4870612,2026,79,0.0,0.0,0.0,3.0,1.0,0.0,3.0,4.0,2.0,0.0,0.0,0.0,0.0,39.0,1.0,758.0,0.0,0.0,0.0,0.0,0.0,0.0,0.0,0.0,0.0,0.0,44.0,1.0,586.0,0.0,0.0,0.0,0.0,159.0,9.0,1634.0,15.0,1.0,94.0,96.0,,75.0,,47.0,21.0,3,Zachariah Branch,USC,Pac-12,Wide Receiver,,,10.276729559748428,6.266666666666667,19.435897435897434,13.318181818181818,,,
4870617,2026,15,2.0,10.0,20.5,65.0,0.0,33.0,119.0,0.0,0.0,0.0,1.0,0.0,12.0,0.0,0.0,0.0,0.0,0.0,0.0,0.0,0.0,0.0,0.0,0.0,0.0,0.0,0.0,0.0,0.0,0.0,0.0,0.0,0.0,0.0,0.0,0.0,0.0,0.0,0.0,,,,,,,3,Rueben Bain Jr.,Miami,ACC,Defensive Edge,,,,,,,,,12.0
4870653,2026,24,0.0,0.0,0.0,1.0,2.0,0.0,2.0,6.0,1.0,1.0,0.0,0.0,0.0,0.0,0.0,0.0,0.0,0.0,0.0,0.0,0.0,4.0,2.0,0.0,1.0,45.0,30.0,2.0,501.0,0.0,0.0,0.0,0.0,185.0,25.0,2217.0,70.0,3.0,431.0,,,80.0,,72.0,65.0,3,Kevin Concepcion,Texas A&M,SEC,Wide Receiver,0.5,11.25,11.983783783783784,6.1571428571428575,,16.7,,,
4870706,2026,11,10.0,2.0,1.5,163.0,2.0,16.0,256.0,1.0,0.0,1.0,6.0,0.0,18.0,1.0,0.0,16.0,0.0,0.0,0.0,0.0,0.0,0.0,0.0,0.0,0.0,0.0,10.0,2.0,185.0,0.0,0.0,0.0,0.0,0.0,0.0,0.0,0.0,0.0,0.0,16.0,,85.0,,,,3,Caleb Downs,Ohio State,Big Ten,Safety,,,,,16.0,18.5,,,3.0
4870707,2026,31,6.0,14.0,10.0,74.0,0.0,19.5,108.0,0.0,0.0,2.0,0.0,0.0,0.0,0.0,0.0,0.0,0.0,0.0,0.0,0.0,0.0,0.0,0.0,0.0,0.0,0.0,0.0,0.0,0.0,0.0,0.0,0.0,0.0,0.0,0.0,0.0,0.0,0.0,0.0,,,,,,,3,Keldric Faulk,Auburn,SEC,Defensive Edge,,,,,,,,,
4870723,2026,9,0.0,0.0,0.0,0.0,0.0,0.0,1.0,0.0,0.0,0.0,0.0,0.0,0.0,0.0,0.0,0.0,0.0,0.0,0.0,0.0,0.0,0.0,0.0,0.0,0.0,0.0,0.0,0.0,0.0,0.0,0.0,0.0,0.0,0.0,0.0,0.0,0.0,0.0,0.0,,,,,,,1,Spencer Fano,Utah,Big 12,Offensive Tackle,,,,,,,,,
4870795,2026,20,0.0,0.0,0.0,2.0,0.0,0.0,2.0,1.0,1.0,0.0,0.0,0.0,0.0,32.0,0.0,752.0,0.0,0.0,0.0,0.0,0.0,2.0,2.0,0.0,1.0,63.0,6.0,0.0,71.0,0.0,0.0,0.0,0.0,137.0,14.0,2008.0,9.0,2.0,4.0,80.0,,35.0,,74.0,7.0,3,Makai Lemon,USC,Pac-12,Wide Receiver,1.0,31.5,14.656934306569344,0.4444444444444444,23.5,11.833333333333334,,,
4870805,2026,60,4.0,12.0,16.0,137.0,0.0,31.5,249.0,0.0,0.0,2.0,3.0,0.0,35.0,0.0,0.0,0.0,0.0,0.0,0.0,0.0,0.0,0.0,0.0,0.0,0.0,0.0,0.0,0.0,0.0,0.0,0.0,0.0,0.0,0.0,0.0,0.0,0.0,0.0,0.0,,,,,,,3,Anthony Hill Jr.,Texas,SEC,Linebacker,,,,,,,,,11.666666666666666
4870808,2026,3,0.0,0.0,0.0,1.0,0.0,0.0,2.0,1.0,0.0,0.0,0.0,0.0,0.0,3.0,0.0,42.0,0.0,0.0,0.0,0.0,0.0,0.0,0.0,0.0,0.0,0.0,0.0,0.0,0.0,0.0,0.0,0.0,0.0,63.0,6.0,594.0,433.0,36.0,2882.0,21.0,,,,36.0,98.0,3,Jeremiyah Love,Notre Dame,FBS Independents,Running Back,,,9.428571428571429,6.655889145496536,14.0,,,,
4870847,2026,80,0.0,0.0,0.0,1.0,0.0,0.0,2.0,0.0,0.0,0.0,0.0,0.0,0.0,0.0,0.0,0.0,0.0,0.0,0.0,0.0,0.0,0.0,0.0,0.0,0.0,0.0,0.0,0.0,0.0,0.0,0.0,0.0,0.0,99.0,18.0,1363.0,0.0,0.0,0.0,,,,,59.0,,3,Ja'Kobi Lane,USC,Pac-12,Wide Receiver,,,13.767676767676768,,,,,,
4870886,2026,35,3.0,17.0,21.5,65.0,0.0,38.0,119.0,0.0,0.0,6.0,0.0,0.0,0.0,0.0,0.0,0.0,0.0,0.0,0.0,0.0,0.0,0.0,0.0,0.0,0.0,0.0,0.0,0.0,0.0,0.0,0.0,0.0,0.0,0.0,0.0,0.0,0.0,0.0,0.0,,,,,,,3,T.J. Parker,Clemson,ACC,Defensive Edge,,,,,,,,,
4870893,2026,36,3.0,3.0,3.0,38.0,0.0,11.0,85.0,0.0,0.0,1.0,0.0,0.0,0.0,0.0,0.0,0.0,0.0,0.0,0.0,0.0,0.0,0.0,0.0,0.0,0.0,0.0,0.0,0.0,0.0,0.0,0.0,0.0,0.0,0.0,0.0,0.0,0.0,0.0,0.0,,,,,,,3,Kayden McDonald,Ohio State,Big Ten,Defensive Tackle,,,,,,,,,
4870914,2026,10,0.0,0.0,0.0,0.0,0.0,0.0,0.0,0.0,0.0,0.0,0.0,0.0,0.0,0.0,0.0,0.0,0.0,0.0,0.0,0.0,0.0,0.0,0.0,0.0,0.0,0.0,0.0,0.0,0.0,0.0,0.0,0.0,0.0,0.0,0.0,0.0,1.0,1.0,3.0,,,,,,3.0,1,Francis Mauigoa,Miami,ACC,Offensive Tackle,,,,3.0,,,,,
4870953,2026,124,15.0,1.0,1.0,71.0,1.0,3.5,93.0,0.0,0.0,0.0,3.0,0.0,0.0,0.0,0.0,0.0,0.0,0.0,0.0,0.0,0.0,0.0,0.0,0.0,0.0,0.0,1.0,1.0,0.0,0.0,0.0,0.0,0.0,0.0,0.0,0.0,0.0,0.0,0.0,,,0.0,,,,3,Malik Muhammad,Texas,SEC,Cornerback,,,,,,0.0,,,0.0
4870960,2026,137,2.0,21.0,7.0,60.0,0.0,12.0,130.0,0.0,0.0,1.0,0.0,0.0,0.0,0.0,0.0,0.0,0.0,0.0,0.0,0.0,0.0,0.0,0.0,0.0,0.0,0.0,0.0,0.0,0.0,0.0,0.0,0.0,0.0,0.0,0.0,0.0,0.0,0.0,0.0,,,,,,,4,Lebbeus Overton,Texas A&M,SEC,Defensive Edge,,,,,,,,,
4870976,2026,12,0.0,0.0,0.0,1.0,0.0,0.0,1.0,0.0,0.0,0.0,0.0,0.0,0.0,0.0,0.0,0.0,0.0,0.0,0.0,0.0,0.0,0.0,0.0,0.0,0.0,0.0,0.0,0.0,0.0,0.0,0.0,0.0,0.0,0.0,0.0,0.0,5.0,0.0,16.0,,,,,,11.0,2,Kadyn Proctor,Alabama,SEC,Offensive Tackle,,,,3.2,,,,,
4870988,2026,48,23.0,0.0,4.0,81.0,0.0,9.0,116.0,0.0,0.0,3.0,3.0,0.0,9.0,0.0,0.0,0.0,0.0,0.0,0.0,0.0,0.0,0.0,0.0,0.0,0.0,0.0,0.0,0.0,0.0,0.0,0.0,0.0,0.0,0.0,0.0,0.0,0.0,0.0,0.0,,,,,,,3,Avieon Terrell,Clemson,ACC,Cornerback,,,,,,,,,3.0
4870998,2026,46,3.0,12.0,2.5,80.0,0.0,17.0,177.0,0.0,0.0,0.0,1.0,0.0,0.0,0.0,0.0,0.0,0.0,0.0,0.0,0.0,0.0,0.0,0.0,0.0,0.0,0.0,0.0,0.0,0.0,0.0,0.0,0.0,0.0,0.0,0.0,0.0,0.0,0.0,0.0,,,,,,,2,Josiah Trotter,West Virginia,Big 12,Linebacker,,,,,,,,,0.0
4871023,2026,4,0.0,0.0,0.0,4.0,0.0,0.0,4.0,0.0,0.0,0.0,0.0,0.0,0.0,0.0,0.0,0.0,0.0,0.0,0.0,0.0,0.0,0.0,0.0,0.0,0.0,0.0,0.0,0.0,0.0,0.0,0.0,0.0,0.0,121.0,14.0,1872.0,2.0,0.0,22.0,,,,,57.0,8.0,3,Carnell Tate,Ohio State,Big Ten,Wide Receiver,,,15.47107438016529,11.0,,,,,
4871063,2026,29,1.0,8.0,4.5,40.0,0.0,12.0,81.0,1.0,0.0,0.0,0.0,0.0,0.0,0.0,0.0,0.0,0.0,0.0,0.0,0.0,0.0,0.0,0.0,0.0,0.0,0.0,0.0,0.0,0.0,0.0,0.0,0.0,0.0,0.0,0.0,0.0,8.0,2.0,15.0,,,,,,5.0,3,Peter Woods,Clemson,ACC,Defensive Tackle,,,,1.875,,,,,
4873075,2026,219,12.0,0.0,0.0,49.0,0.0,0.0,75.0,0.0,0.0,1.0,2.0,0.0,0.0,0.0,0.0,0.0,0.0,0.0,0.0,0.0,0.0,0.0,0.0,0.0,0.0,0.0,0.0,0.0,0.0,0.0,0.0,0.0,0.0,0.0,0.0,0.0,0.0,0.0,0.0,,,,,,,4,TJ Hall,Iowa,Big Ten,Cornerback,,,,,,,,,0.0
4873232,2025,5,3.0,6.0,9.0,57.0,0.0,17.0,102.0,0.0,0.0,1.0,0.0,0.0,0.0,0.0,0.0,0.0,0.0,0.0,0.0,0.0,0.0,0.0,0.0,0.0,0.0,0.0,0.0,0.0,0.0,0.0,0.0,0.0,0.0,0.0,0.0,0.0,0.0,0.0,0.0,,,,,,,3,Mason Graham,Michigan,Big Ten,Defensive Tackle,,,,,,,,,
4874448,2024,224,14.0,0.0,0.0,51.0,0.0,4.0,94.0,0.0,0.0,0.0,6.0,0.0,21.0,0.0,0.0,0.0,0.0,0.0,0.0,0.0,0.0,0.0,0.0,0.0,0.0,0.0,0.0,0.0,0.0,0.0,0.0,0.0,0.0,0.0,0.0,0.0,0.0,0.0,0.0,,,,,,,3,Daijahn Anthony,Ole Miss,SEC,Safety,,,,,,,,,3.5
4874509,2025,151,0.0,0.0,0.0,0.0,0.0,0.0,0.0,3.0,1.0,0.0,0.0,0.0,0.0,0.0,0.0,0.0,0.0,0.0,0.0,0.0,0.0,0.0,0.0,0.0,0.0,0.0,0.0,0.0,0.0,0.0,0.0,0.0,0.0,58.0,4.0,679.0,517.0,23.0,3087.0,,,,,61.0,66.0,3,DJ Giddens,Kansas State,Big 12,Running Back,,,11.706896551724139,5.970986460348162,,,,,
4874515,2026,144,0.0,0.0,0.0,1.0,0.0,0.0,1.0,0.0,0.0,0.0,0.0,0.0,0.0,0.0,0.0,0.0,0.0,0.0,0.0,0.0,0.0,0.0,0.0,0.0,0.0,0.0,0.0,0.0,0.0,0.0,0.0,0.0,0.0,0.0,0.0,0.0,0.0,0.0,0.0,,,,,,,1,Sam Hecht,Kansas State,Big 12,Center,,,,,,,,,
4875079,2024,180,27.0,0.0,1.0,80.0,0.0,3.0,110.0,0.0,0.0,1.0,3.0,0.0,3.0,0.0,0.0,0.0,0.0,0.0,0.0,0.0,0.0,0.0,0.0,0.0,0.0,0.0,0.0,0.0,0.0,0.0,0.0,0.0,0.0,0.0,0.0,0.0,0.0,0.0,0.0,,,,,,,3,Marcellas Dial,South Carolina,SEC,Cornerback,,,,,,,,,1.0
4875196,2023,77,1.0,22.0,12.5,41.0,0.0,23.5,82.0,0.0,0.0,0.0,1.0,0.0,4.0,0.0,0.0,0.0,0.0,0.0,0.0,0.0,0.0,0.0,0.0,0.0,0.0,0.0,0.0,0.0,0.0,0.0,0.0,0.0,0.0,0.0,0.0,0.0,0.0,0.0,0.0,,,,,,,2,Byron Young,Tennessee,SEC,Defensive End,,,,,,,,,4.0
4875295,2024,44,0.0,0.0,0.0,1.0,0.0,0.0,2.0,0.0,0.0,0.0,0.0,0.0,0.0,0.0,0.0,0.0,0.0,0.0,0.0,0.0,0.0,0.0,0.0,0.0,0.0,0.0,0.0,0.0,0.0,0.0,0.0,0.0,0.0,0.0,0.0,0.0,0.0,0.0,0.0,,,,,,,1,Jackson Powers-Johnson,Oregon,Pac-12,Center,,,,,,,,,
4875381,2026,213,0.0,8.0,5.5,48.0,0.0,19.0,90.0,0.0,0.0,3.0,0.0,0.0,0.0,0.0,0.0,0.0,0.0,0.0,0.0,0.0,0.0,0.0,0.0,0.0,0.0,0.0,0.0,0.0,0.0,0.0,0.0,0.0,0.0,0.0,0.0,0.0,0.0,0.0,0.0,,,,,,,5,Jordan van den Berg,Penn State,Big Ten,Defensive Tackle,,,,,,,,,
4875592,2026,227,1.0,1.0,5.0,50.0,0.0,11.0,115.0,0.0,0.0,0.0,0.0,0.0,0.0,0.0,0.0,0.0,0.0,0.0,0.0,0.0,0.0,0.0,0.0,0.0,0.0,0.0,0.0,0.0,0.0,0.0,0.0,0.0,0.0,0.0,0.0,0.0,0.0,0.0,0.0,,,,,,,3,Jackson Kuwatch,Miami (OH),Mid-American,Linebacker,,,,,,,,,
4875912,2024,191,0.0,0.0,0.0,2.0,0.0,0.0,2.0,2.0,1.0,0.0,0.0,0.0,0.0,0.0,0.0,0.0,0.0,0.0,0.0,0.0,0.0,0.0,0.0,0.0,0.0,0.0,0.0,0.0,0.0,0.0,0.0,0.0,0.0,83.0,9.0,1409.0,0.0,0.0,0.0,,,,,80.0,,3,Tejhaun Palmer,UAB,Conference USA,Wide Receiver,,,16.97590361445783,,,,,,
4876017,2025,33,3.0,4.0,5.0,109.0,0.0,11.0,163.0,0.0,0.0,0.0,2.0,0.0,13.0,0.0,0.0,0.0,0.0,0.0,0.0,0.0,0.0,0.0,0.0,0.0,0.0,0.0,0.0,0.0,0.0,0.0,0.0,0.0,0.0,0.0,0.0,0.0,0.0,0.0,0.0,,,,,,,3,Carson Schwesinger,UCLA,Pac-12,Linebacker,,,,,,,,,6.5
4876057,2025,52,1.0,3.0,0.0,36.0,0.0,4.0,61.0,0.0,0.0,0.0,1.0,0.0,26.0,0.0,0.0,0.0,0.0,0.0,0.0,0.0,0.0,0.0,0.0,0.0,0.0,0.0,0.0,0.0,0.0,0.0,0.0,0.0,0.0,0.0,0.0,0.0,0.0,0.0,0.0,,,,,,,2,Femi Oladejo,California,Pac-12,Defensive Edge,,,,,,,,,26.0
4876132,2026,173,0.0,0.0,0.0,5.0,0.0,0.0,7.0,0.0,0.0,0.0,0.0,0.0,0.0,1.0,0.0,1.0,0.0,0.0,0.0,0.0,0.0,0.0,0.0,0.0,0.0,0.0,0.0,0.0,0.0,0.0,0.0,0.0,0.0,115.0,12.0,1471.0,1.0,0.0,7.0,1.0,,,,57.0,7.0,4,Josh Cuevas,Washington,Pac-12,Tight End,,,12.791304347826086,7.0,1.0,,,,
4876319,2025,167,0.0,0.0,0.0,1.0,0.0,0.0,1.0,0.0,0.0,0.0,0.0,0.0,0.0,0.0,0.0,0.0,0.0,0.0,0.0,0.0,0.0,0.0,0.0,0.0,0.0,0.0,0.0,0.0,0.0,0.0,0.0,0.0,0.0,0.0,0.0,0.0,0.0,0.0,0.0,,,,,,,1,Jackson Slater,Sacramento State,Big Sky,Offensive Guard,,,,,,,,,
4876380,2026,193,2.0,20.0,15.5,74.0,0.0,24.0,106.0,0.0,0.0,2.0,2.0,0.0,12.0,0.0,0.0,0.0,0.0,0.0,0.0,0.0,0.0,0.0,0.0,0.0,0.0,0.0,0.0,0.0,0.0,0.0,0.0,0.0,0.0,0.0,0.0,0.0,0.0,0.0,0.0,,,,,,,4,Jack Kelly,Weber State,Big Sky,Linebacker,,,,,,,,,6.0
4877034,2026,225,0.0,6.0,2.0,40.0,1.0,7.0,102.0,1.0,1.0,2.0,0.0,0.0,0.0,0.0,0.0,0.0,0.0,0.0,0.0,0.0,0.0,0.0,0.0,0.0,0.0,0.0,0.0,0.0,0.0,0.0,0.0,0.0,0.0,44.0,0.0,533.0,0.0,0.0,0.0,,,,,48.0,,4,Jaren Kanak,Oklahoma,SEC,Tight End,,,12.113636363636363,,,,,,
487725,2014,191,0.0,0.0,0.0,0.0,0.0,0.0,0.0,0.0,0.0,0.0,0.0,0.0,0.0,0.0,0.0,0.0,0.0,0.0,0.0,0.0,0.0,0.0,0.0,0.0,0.0,0.0,0.0,0.0,0.0,0.0,234.0,0.0,10168.0,0.0,0.0,0.0,0.0,0.0,0.0,,,,76.0,,,5,Pat O'Donnell,Miami,ACC,Punter,,,,,,,43.452991452991455,,
4877652,2026,51,5.0,3.0,4.5,72.0,0.0,10.5,167.0,0.0,0.0,3.0,0.0,0.0,0.0,2.0,0.0,22.0,0.0,0.0,0.0,0.0,0.0,0.0,0.0,0.0,0.0,0.0,0.0,0.0,0.0,0.0,0.0,0.0,0.0,0.0,0.0,0.0,0.0,0.0,0.0,12.0,,,,,,5,Jake Golday,Cincinnati,Big 12,Linebacker,,,,,11.0,,,,
4877706,2025,34,0.0,0.0,0.0,0.0,0.0,0.0,1.0,1.0,1.0,0.0,0.0,0.0,0.0,0.0,0.0,0.0,0.0,0.0,0.0,0.0,0.0,0.0,0.0,0.0,0.0,0.0,0.0,0.0,0.0,0.0,0.0,0.0,0.0,198.0,25.0,2923.0,0.0,0.0,0.0,,,,,80.0,,4,Jayden Higgins,Iowa State,Big 12,Wide Receiver,,,14.762626262626263,,,,,,
487787,2010,170,0.0,0.0,0.0,0.0,0.0,0.0,0.0,0.0,0.0,0.0,0.0,0.0,0.0,0.0,0.0,0.0,0.0,0.0,0.0,0.0,0.0,0.0,0.0,0.0,0.0,0.0,0.0,0.0,0.0,0.0,0.0,0.0,0.0,2.0,1.0,33.0,0.0,0.0,0.0,,,,,18.0,,1,Fendi Onobun,Houston,Conference USA,Tight End,,,16.5,,,,,,
487795,2013,240,0.0,0.0,0.0,0.0,0.0,0.0,0.0,0.0,0.0,0.0,0.0,0.0,0.0,0.0,0.0,0.0,0.0,0.0,0.0,0.0,0.0,0.0,0.0,0.0,0.0,0.0,0.0,0.0,0.0,0.0,0.0,0.0,0.0,14.0,1.0,185.0,0.0,0.0,0.0,,,,,42.0,,2,Reid Fragel,Ohio State,Big Ten,Offensive Tackle,,,13.214285714285714,,,,,,
4878695,2026,159,0.0,0.0,0.0,1.0,0.0,0.0,1.0,1.0,1.0,0.0,0.0,0.0,0.0,1.0,0.0,10.0,0.0,0.0,0.0,0.0,0.0,0.0,0.0,0.0,0.0,0.0,0.0,0.0,0.0,0.0,0.0,0.0,0.0,12.0,0.0,132.0,0.0,0.0,0.0,10.0,,,,56.0,,4,Max Bredeson,Michigan,Big Ten,Tight End,,,11.0,,10.0,,,,
4879194,2026,191,0.0,0.0,0.0,0.0,0.0,0.0,0.0,6.0,4.0,0.0,0.0,0.0,0.0,1.0,0.0,8.0,0.0,0.0,0.0,0.0,0.0,0.0,0.0,0.0,0.0,0.0,45.0,0.0,632.0,0.0,0.0,0.0,0.0,170.0,19.0,2236.0,3.0,0.0,2.0,8.0,,73.0,,48.0,2.0,4,Josh Cameron,Baylor,Big 12,Wide Receiver,,,13.152941176470588,0.6666666666666666,8.0,14.044444444444444,,,
4879212,2026,130,9.0,20.0,31.5,100.0,0.0,48.5,167.0,0.0,0.0,5.0,1.0,0.0,3.0,0.0,0.0,0.0,0.0,0.0,0.0,0.0,0.0,0.0,0.0,0.0,0.0,0.0,0.0,0.0,0.0,0.0,0.0,0.0,0.0,0.0,0.0,0.0,0.0,0.0,0.0,,,,,,,5,Trey Moore,UTSA,Conference USA,Defensive Edge,,,,,,,,,3.0
4879250,2026,178,0.0,0.0,0.0,0.0,0.0,0.0,0.0,4.0,2.0,0.0,0.0,0.0,0.0,0.0,0.0,0.0,0.0,0.0,0.0,0.0,0.0,280.0,198.0,6.0,21.0,3184.0,0.0,0.0,0.0,0.0,0.0,0.0,0.0,3.0,0.0,19.0,279.0,29.0,1841.0,,,,,14.0,73.0,4,Cole Payton,North Dakota State,MVFC,Quarterback,0.7071428571428572,11.371428571428572,6.333333333333333,6.598566308243727,,,,,
4879276,2026,136,0.0,0.0,0.0,0.0,0.0,0.0,0.0,0.0,0.0,0.0,0.0,0.0,0.0,0.0,0.0,0.0,0.0,0.0,0.0,0.0,0.0,0.0,0.0,0.0,0.0,0.0,0.0,0.0,2.0,0.0,0.0,0.0,0.0,127.0,25.0,2140.0,9.0,2.0,121.0,,,2.0,,81.0,75.0,3,Bryce Lance,North Dakota State,MVFC,Wide Receiver,,,16.8503937007874,13.444444444444445,,inf,,,
487950,2013,123,0.0,0.0,0.0,0.0,0.0,0.0,0.0,0.0,0.0,0.0,0.0,0.0,0.0,2.0,0.0,27.0,0.0,0.0,0.0,0.0,0.0,0.0,0.0,0.0,0.0,0.0,0.0,0.0,0.0,0.0,0.0,0.0,0.0,123.0,12.0,1734.0,8.0,0.0,45.0,21.0,,,,62.0,29.0,3,Chris Harper,Kansas State,Big 12,Wide Receiver,,,14.097560975609756,5.625,13.5,,,,
487957,2011,62,0.0,0.0,0.0,0.0,0.0,0.0,0.0,0.0,0.0,0.0,0.0,0.0,0.0,1.0,0.0,25.0,0.0,0.0,0.0,0.0,0.0,12.0,7.0,1.0,2.0,155.0,0.0,0.0,0.0,0.0,0.0,0.0,0.0,52.0,0.0,428.0,545.0,30.0,2850.0,25.0,,,,52.0,52.0,2,Daniel Thomas,Kansas State,Big 12,Running Back,0.5833333333333334,12.916666666666666,8.23076923076923,5.229357798165138,25.0,,,,
4879650,2023,256,0.0,0.0,0.0,1.0,1.0,0.0,1.0,2.0,1.0,0.0,0.0,0.0,0.0,0.0,0.0,0.0,0.0,0.0,0.0,0.0,0.0,1.0,0.0,0.0,0.0,0.0,9.0,0.0,76.0,0.0,0.0,0.0,0.0,126.0,15.0,1684.0,3.0,0.0,18.0,,,16.0,,56.0,10.0,2,Grant DuBose,Charlotte,Conference USA,Wide Receiver,0.0,0.0,13.365079365079366,6.0,,8.444444444444445,,,
487982,2013,8,0.0,0.0,0.0,0.0,0.0,0.0,0.0,0.0,0.0,0.0,0.0,0.0,0.0,98.0,4.0,2407.0,0.0,0.0,0.0,0.0,0.0,0.0,0.0,0.0,0.0,0.0,48.0,1.0,433.0,0.0,0.0,0.0,0.0,288.0,29.0,3413.0,109.0,6.0,1031.0,100.0,,76.0,,75.0,80.0,4,Tavon Austin,West Virginia,Big East,Wide Receiver,,,11.850694444444445,9.458715596330276,24.56122448979592,9.020833333333334,,,
487983,2013,92,0.0,0.0,0.0,0.0,0.0,0.0,0.0,0.0,0.0,0.0,0.0,0.0,0.0,14.0,0.0,213.0,0.0,0.0,0.0,0.0,0.0,0.0,0.0,0.0,0.0,0.0,0.0,0.0,0.0,0.0,0.0,0.0,0.0,210.0,41.0,3218.0,2.0,0.0,13.0,26.0,,,,87.0,13.0,3,Stedman Bailey,West Virginia,Big East,Wide Receiver,,,15.323809523809524,6.5,15.214285714285714,,,,
4880014,2026,246,11.0,0.0,1.0,130.0,2.0,4.0,181.0,0.0,0.0,2.0,7.0,2.0,136.0,0.0,0.0,0.0,0.0,0.0,0.0,0.0,0.0,0.0,0.0,0.0,0.0,0.0,3.0,0.0,14.0,0.0,0.0,0.0,0.0,4.0,0.0,29.0,0.0,0.0,0.0,,,5.0,,19.0,,4,Miles Scott,Illinois,Big Ten,Safety,,,7.25,,,4.666666666666667,,,19.428571428571427
4880124,2026,6,27.0,1.0,0.0,109.0,0.0,7.0,189.0,0.0,0.0,1.0,8.0,0.0,32.0,0.0,0.0,0.0,0.0,0.0,0.0,0.0,0.0,0.0,0.0,0.0,0.0,0.0,1.0,0.0,0.0,0.0,0.0,0.0,0.0,0.0,0.0,0.0,0.0,0.0,0.0,,,0.0,,,,4,Mansoor Delane,Virginia Tech,ACC,Cornerback,,,,,,0.0,,,4.0
4880236,2026,87,0.0,0.0,0.0,1.0,0.0,0.0,1.0,0.0,0.0,0.0,0.0,0.0,0.0,0.0,0.0,0.0,0.0,0.0,0.0,0.0,0.0,0.0,0.0,0.0,0.0,0.0,0.0,0.0,0.0,0.0,0.0,0.0,0.0,65.0,4.0,761.0,2.0,0.0,5.0,,,,,47.0,5.0,4,Will Kacmarek,Ohio State,Big Ten,Tight End,,,11.707692307692307,2.5,,,,,
488025,2013,39,0.0,0.0,0.0,0.0,0.0,0.0,0.0,0.0,0.0,0.0,0.0,0.0,0.0,0.0,0.0,0.0,0.0,0.0,0.0,0.0,0.0,1465.0,988.0,21.0,98.0,11662.0,0.0,0.0,0.0,0.0,0.0,0.0,0.0,0.0,0.0,0.0,245.0,4.0,342.0,,,,,,29.0,4,Geno Smith,West Virginia,Big East,Quarterback,0.6744027303754266,7.960409556313993,,1.3959183673469389,,,,,
4880273,2026,138,6.0,13.0,10.0,93.0,1.0,25.0,198.0,0.0,0.0,2.0,6.0,1.0,89.0,0.0,0.0,0.0,0.0,0.0,0.0,0.0,0.0,0.0,0.0,0.0,0.0,0.0,0.0,0.0,0.0,0.0,0.0,0.0,0.0,0.0,0.0,0.0,0.0,0.0,0.0,,,,,,,3,Kyle Louis,Pittsburgh,ACC,Linebacker,,,,,,,,,14.833333333333334
4880281,2026,8,0.0,0.0,0.0,0.0,1.0,0.0,0.0,3.0,2.0,0.0,0.0,0.0,0.0,2.0,0.0,47.0,0.0,0.0,0.0,0.0,0.0,2.0,1.0,0.0,0.0,37.0,4.0,1.0,131.0,0.0,0.0,0.0,0.0,158.0,22.0,2282.0,6.0,1.0,1.0,28.0,,88.0,,81.0,3.0,3,Jordyn Tyson,Colorado,Pac-12,Wide Receiver,0.5,18.5,14.443037974683545,0.16666666666666666,23.5,32.75,,,
4880346,2026,158,14.0,2.0,3.0,117.0,0.0,9.5,217.0,0.0,0.0,1.0,7.0,0.0,54.0,0.0,0.0,0.0,0.0,0.0,0.0,0.0,0.0,0.0,0.0,0.0,0.0,0.0,1.0,0.0,12.0,0.0,0.0,0.0,0.0,0.0,0.0,0.0,0.0,0.0,0.0,,,12.0,,,,4,Michael Taaffe,Texas,SEC,Safety,,,,,,12.0,,,7.714285714285714
4880675,2025,200,19.0,1.0,1.5,150.0,2.0,8.0,236.0,0.0,0.0,3.0,7.0,2.0,208.0,0.0,0.0,0.0,0.0,0.0,0.0,0.0,0.0,0.0,0.0,0.0,0.0,0.0,4.0,0.0,9.0,0.0,0.0,0.0,0.0,0.0,0.0,0.0,1.0,0.0,28.0,,,8.0,,,28.0,4,Rayuan Lane,Navy,American Athletic,Safety,,,,28.0,,2.25,,,29.714285714285715
488084,2013,243,0.0,0.0,0.0,0.0,0.0,0.0,0.0,0.0,0.0,0.0,6.0,0.0,58.0,0.0,0.0,0.0,0.0,0.0,0.0,0.0,0.0,0.0,0.0,0.0,0.0,0.0,0.0,0.0,0.0,0.0,0.0,0.0,0.0,0.0,0.0,0.0,0.0,0.0,0.0,,,,,,,3,Kemal Ishmael,UCF,Conference USA,Safety,,,,,,,,,9.666666666666666
4880861,2026,240,3.0,5.0,2.5,107.0,0.0,11.5,211.0,0.0,0.0,1.0,2.0,0.0,68.0,0.0,0.0,0.0,0.0,0.0,0.0,0.0,0.0,0.0,0.0,0.0,0.0,0.0,0.0,0.0,0.0,0.0,0.0,0.0,0.0,0.0,0.0,0.0,0.0,0.0,0.0,,,,,,,3,Parker Hughes,Middle Tennessee,Conference USA,Linebacker,,,,,,,,,34.0
4882093,2025,104,0.0,0.0,0.0,0.0,2.0,0.0,0.0,11.0,2.0,0.0,0.0,0.0,0.0,22.0,2.0,621.0,0.0,0.0,0.0,1.0,0.0,0.0,0.0,0.0,0.0,0.0,0.0,0.0,0.0,0.0,0.0,0.0,0.0,80.0,8.0,660.0,571.0,38.0,3438.0,99.0,0.0,,,52.0,83.0,4,Bhayshul Tuten,Virginia Tech,ACC,Running Back,,,8.25,6.021015761821366,28.227272727272727,,,,
4883090,2024,75,0.0,0.0,0.0,0.0,0.0,0.0,0.0,0.0,0.0,0.0,0.0,0.0,0.0,0.0,0.0,0.0,0.0,0.0,0.0,0.0,0.0,0.0,0.0,0.0,0.0,0.0,0.0,0.0,0.0,0.0,0.0,0.0,0.0,1.0,0.0,-1.0,0.0,0.0,0.0,,,,,0.0,,1,Kiran Amegadjie,Yale,Ivy,Offensive Tackle,,,-1.0,,,,,,
4883647,2025,136,0.0,0.0,0.0,0.0,0.0,0.0,0.0,1.0,1.0,0.0,0.0,0.0,0.0,0.0,0.0,0.0,0.0,0.0,0.0,0.0,0.0,0.0,0.0,0.0,0.0,0.0,0.0,0.0,0.0,0.0,0.0,0.0,0.0,125.0,12.0,1844.0,0.0,0.0,0.0,,,,,97.0,,2,Elic Ayomanor,Stanford,Pac-12,Wide Receiver,,,14.752,,,,,,
4887918,2025,252,0.0,0.0,0.0,0.0,0.0,0.0,0.0,6.0,2.0,0.0,0.0,0.0,0.0,37.0,0.0,845.0,0.0,0.0,0.0,0.0,0.0,6.0,2.0,0.0,0.0,50.0,51.0,4.0,840.0,0.0,0.0,0.0,0.0,112.0,12.0,1360.0,22.0,0.0,91.0,49.0,,84.0,,76.0,21.0,4,Junior Bergen,Montana,Big Sky,Wide Receiver,0.3333333333333333,8.333333333333334,12.142857142857142,4.136363636363637,22.83783783783784,16.470588235294116,,,
488940,2014,166,0.0,0.0,0.0,0.0,0.0,0.0,0.0,0.0,0.0,0.0,1.0,0.0,0.0,0.0,0.0,0.0,0.0,0.0,0.0,0.0,0.0,0.0,0.0,0.0,0.0,0.0,1.0,0.0,19.0,0.0,0.0,0.0,0.0,0.0,0.0,0.0,0.0,0.0,0.0,,,19.0,,,,2,Jonathan Newsome,Ohio State,Big Ten,Defensive End,,,,,,19.0,,,0.0
488945,2013,186,0.0,0.0,0.0,0.0,0.0,0.0,0.0,0.0,0.0,0.0,0.0,0.0,0.0,0.0,0.0,0.0,0.0,0.0,0.0,0.0,0.0,1.0,0.0,1.0,0.0,0.0,71.0,0.0,338.0,0.0,0.0,0.0,0.0,73.0,3.0,1047.0,3.0,0.0,-12.0,,,33.0,,69.0,0.0,3,Justin Brown,Penn State,Big Ten,Wide Receiver,0.0,0.0,14.342465753424657,-4.0,,4.76056338028169,,,
488962,2013,87,0.0,0.0,0.0,0.0,0.0,0.0,0.0,0.0,0.0,0.0,1.0,0.0,9.0,0.0,0.0,0.0,0.0,0.0,0.0,0.0,0.0,0.0,0.0,0.0,0.0,0.0,0.0,0.0,0.0,0.0,0.0,0.0,0.0,0.0,0.0,0.0,0.0,0.0,0.0,,,,,,,1,Jordan Hill,Penn State,Big Ten,Defensive Tackle,,,,,,,,,9.0
4889929,2025,231,0.0,0.0,0.0,0.0,0.0,0.0,0.0,11.0,7.0,0.0,0.0,0.0,0.0,0.0,0.0,0.0,0.0,0.0,0.0,0.0,0.0,1134.0,736.0,24.0,68.0,9079.0,0.0,0.0,0.0,0.0,0.0,0.0,0.0,1.0,0.0,3.0,140.0,8.0,-59.0,,,,,3.0,30.0,3,Quinn Ewers,Texas,SEC,Quarterback,0.6490299823633157,8.006172839506172,3.0,-0.42142857142857143,,,,,
4890373,2026,185,0.0,0.0,0.0,4.0,0.0,0.0,4.0,7.0,5.0,0.0,0.0,0.0,0.0,2.0,0.0,14.0,0.0,0.0,0.0,0.0,0.0,2.0,0.0,1.0,0.0,0.0,0.0,0.0,0.0,0.0,0.0,0.0,0.0,105.0,7.0,941.0,36.0,5.0,189.0,9.0,,,,65.0,55.0,4,Bauer Sharp,SE Louisiana,Southland,Tight End,0.0,0.0,8.961904761904762,5.25,7.0,,,,
4890973,2025,6,0.0,0.0,0.0,2.0,0.0,0.0,2.0,10.0,9.0,0.0,0.0,0.0,0.0,2.0,0.0,33.0,0.0,0.0,0.0,0.0,0.0,0.0,0.0,0.0,0.0,0.0,0.0,0.0,0.0,0.0,0.0,0.0,0.0,80.0,6.0,862.0,752.0,50.0,4778.0,22.0,,,,75.0,77.0,3,Ashton Jeanty,Boise State,Mountain West,Running Back,,,10.775,6.3537234042553195,16.5,,,,
4894654,2025,13,8.0,8.0,5.5,34.0,0.0,10.5,67.0,1.0,1.0,3.0,1.0,0.0,-3.0,0.0,0.0,0.0,0.0,0.0,0.0,0.0,0.0,0.0,0.0,0.0,0.0,0.0,0.0,0.0,0.0,0.0,0.0,0.0,0.0,0.0,0.0,0.0,0.0,0.0,0.0,,,,,,,3,Kenneth Grant,Michigan,Big Ten,Defensive Tackle,,,,,,,,,-3.0
4896353,2026,118,1.0,3.0,2.0,70.0,0.0,9.0,117.0,0.0,0.0,1.0,1.0,0.0,2.0,0.0,0.0,0.0,0.0,0.0,0.0,0.0,0.0,0.0,0.0,0.0,0.0,0.0,0.0,0.0,0.0,0.0,0.0,0.0,0.0,0.0,0.0,0.0,0.0,0.0,0.0,,,,,,,4,Jimmy Rolder,Michigan,Big Ten,Linebacker,,,,,,,,,2.0
4905664,2026,78,16.0,2.0,0.0,200.0,0.0,4.5,338.0,0.0,0.0,1.0,10.0,0.0,187.0,0.0,0.0,0.0,0.0,0.0,0.0,0.0,0.0,0.0,0.0,0.0,0.0,0.0,0.0,0.0,0.0,0.0,0.0,0.0,0.0,0.0,0.0,0.0,0.0,0.0,0.0,,,,,,,4,A.J. Haulcy,New Mexico,Mountain West,Safety,,,,,,,,,18.7
4911851,2025,236,0.0,0.0,0.0,6.0,0.0,0.0,7.0,5.0,2.0,0.0,0.0,0.0,0.0,2.0,0.0,49.0,0.0,0.0,0.0,0.0,0.0,3.0,1.0,0.0,1.0,33.0,5.0,0.0,91.0,0.0,0.0,0.0,0.0,119.0,6.0,856.0,513.0,26.0,2358.0,35.0,,53.0,,41.0,90.0,3,Lequint Allen,Syracuse,ACC,Running Back,0.3333333333333333,11.0,7.19327731092437,4.5964912280701755,24.5,18.2,,,
4911904,2026,67,2.0,24.0,11.5,72.0,0.0,24.0,116.0,0.0,0.0,3.0,1.0,0.0,1.0,0.0,0.0,0.0,0.0,0.0,0.0,0.0,0.0,0.0,0.0,0.0,0.0,0.0,0.0,0.0,0.0,0.0,0.0,0.0,0.0,0.0,0.0,0.0,0.0,0.0,0.0,,,,,,,4,Keyron Crawford,Auburn,SEC,Defensive Edge,,,,,,,,,1.0
4911952,2026,166,9.0,13.0,11.5,153.0,0.0,29.5,299.0,0.0,0.0,3.0,1.0,0.0,18.0,0.0,0.0,0.0,0.0,0.0,0.0,0.0,0.0,0.0,0.0,0.0,0.0,0.0,0.0,0.0,0.0,0.0,0.0,0.0,0.0,0.0,0.0,0.0,0.0,0.0,0.0,,,,,,,4,Keyshaun Elliott,New Mexico State,FBS Independents,Linebacker,,,,,,,,,18.0
4912052,2026,152,0.0,0.0,0.0,3.0,0.0,0.0,3.0,0.0,0.0,0.0,0.0,0.0,0.0,0.0,0.0,0.0,0.0,0.0,0.0,0.0,0.0,0.0,0.0,0.0,0.0,0.0,0.0,0.0,0.0,0.0,0.0,0.0,0.0,166.0,15.0,1962.0,1.0,0.0,12.0,,,,,62.0,12.0,4,Justin Joly,UConn,FBS Independents,Tight End,,,11.819277108433734,12.0,,,,,
4912185,2026,100,9.0,0.0,0.0,112.0,0.0,5.0,175.0,0.0,0.0,2.0,11.0,0.0,157.0,0.0,0.0,0.0,0.0,0.0,0.0,0.0,0.0,0.0,0.0,0.0,0.0,0.0,0.0,0.0,0.0,0.0,0.0,0.0,0.0,0.0,0.0,0.0,1.0,0.0,3.0,,,,,,3.0,4,Jalen Huskey,Maryland,Big Ten,Cornerback,,,,3.0,,,,,14.272727272727273
4912190,2026,257,3.0,7.0,9.0,165.0,1.0,38.0,359.0,0.0,0.0,2.0,1.0,1.0,31.0,0.0,0.0,0.0,0.0,0.0,0.0,0.0,0.0,0.0,0.0,0.0,0.0,0.0,0.0,0.0,0.0,0.0,0.0,0.0,0.0,0.0,0.0,0.0,0.0,0.0,0.0,,,,,,,4,Khalil Murdock,Buffalo,Mid-American,Linebacker,,,,,,,,,31.0
4912218,2026,176,0.0,0.0,0.0,1.0,0.0,0.0,1.0,3.0,2.0,0.0,0.0,0.0,0.0,11.0,0.0,177.0,0.0,0.0,0.0,0.0,0.0,0.0,0.0,0.0,0.0,0.0,0.0,0.0,0.0,0.0,0.0,0.0,0.0,137.0,21.0,2216.0,15.0,1.0,34.0,25.0,,,,88.0,15.0,4,Cyrus Allen,Texas A&M,SEC,Wide Receiver,,,16.175182481751825,2.2666666666666666,16.09090909090909,,,,
4912274,2024,132,5.0,0.0,2.0,59.0,0.0,11.0,76.0,1.0,0.0,0.0,1.0,0.0,2.0,1.0,0.0,16.0,0.0,0.0,0.0,0.0,0.0,0.0,0.0,0.0,0.0,0.0,0.0,0.0,0.0,0.0,0.0,0.0,0.0,11.0,3.0,203.0,42.0,2.0,317.0,16.0,,,,53.0,72.0,2,Sione Vaki,Utah,Pac-12,Safety,,,18.454545454545453,7.5476190476190474,16.0,,,,2.0
4912338,2026,243,11.0,13.0,7.5,146.0,1.0,21.0,325.0,0.0,0.0,1.0,3.0,1.0,31.0,0.0,0.0,0.0,0.0,0.0,0.0,0.0,0.0,0.0,0.0,0.0,0.0,0.0,1.0,0.0,8.0,0.0,0.0,0.0,0.0,0.0,0.0,0.0,0.0,0.0,0.0,,,8.0,,,,4,Aiden Fisher,James Madison,Sun Belt,Linebacker,,,,,,8.0,,,10.333333333333334
4912847,2025,84,19.0,5.0,0.5,85.0,0.0,5.0,104.0,1.0,0.0,2.0,5.0,0.0,40.0,0.0,0.0,0.0,0.0,0.0,0.0,0.0,0.0,0.0,0.0,0.0,0.0,0.0,0.0,0.0,0.0,0.0,0.0,0.0,0.0,0.0,0.0,0.0,0.0,0.0,0.0,,,,,,,3,Jacob Parrish,Kansas State,Big 12,Cornerback,,,,,,,,,8.0
4915204,2024,192,17.0,0.0,0.0,55.0,1.0,4.5,75.0,0.0,0.0,0.0,3.0,1.0,30.0,0.0,0.0,0.0,0.0,0.0,0.0,0.0,0.0,0.0,0.0,0.0,0.0,0.0,0.0,0.0,0.0,0.0,0.0,0.0,0.0,0.0,0.0,0.0,0.0,0.0,0.0,,,,,,,2,D.J. James,Auburn,SEC,Cornerback,,,,,,,,,10.0
4917354,2026,175,24.0,1.0,0.0,97.0,0.0,5.5,143.0,0.0,0.0,2.0,7.0,1.0,173.0,0.0,0.0,0.0,0.0,0.0,0.0,0.0,0.0,0.0,0.0,0.0,0.0,0.0,0.0,0.0,0.0,0.0,0.0,0.0,0.0,0.0,0.0,0.0,0.0,0.0,0.0,,,,,,,4,Hezekiah Masses,Florida International,Conference USA,Cornerback,,,,,,,,,24.714285714285715
4917427,2026,164,0.0,0.0,0.0,4.0,0.0,0.0,4.0,1.0,1.0,0.0,0.0,0.0,0.0,0.0,0.0,0.0,0.0,0.0,0.0,0.0,0.0,0.0,0.0,0.0,0.0,0.0,0.0,0.0,0.0,0.0,0.0,0.0,0.0,237.0,24.0,2234.0,1.0,0.0,6.0,,,,,50.0,6.0,4,Tanner Koziol,Houston,Big 12,Tight End,,,9.426160337552743,6.0,,,,,
4921249,2026,37,14.0,0.0,0.0,57.0,1.0,5.5,76.0,0.0,0.0,1.0,3.0,1.0,128.0,6.0,0.0,119.0,0.0,0.0,0.0,0.0,0.0,0.0,0.0,0.0,0.0,0.0,0.0,0.0,0.0,0.0,0.0,0.0,0.0,0.0,0.0,0.0,0.0,0.0,0.0,38.0,,,,,,3,Colton Hood,Tennessee,SEC,Cornerback,,,,,19.833333333333332,,,,42.666666666666664
4921438,2026,28,0.0,0.0,0.0,1.0,0.0,0.0,1.0,0.0,0.0,0.0,0.0,0.0,0.0,0.0,0.0,0.0,0.0,0.0,0.0,0.0,0.0,0.0,0.0,0.0,0.0,0.0,0.0,0.0,0.0,0.0,0.0,0.0,0.0,0.0,0.0,0.0,0.0,0.0,0.0,,,,,,,1,Caleb Lomu,Utah,Big 12,Offensive Tackle,,,,,,,,,
4950400,2026,5,2.0,7.0,7.0,52.0,0.0,13.5,112.0,0.0,0.0,0.0,0.0,0.0,0.0,0.0,0.0,0.0,0.0,0.0,0.0,0.0,0.0,0.0,0.0,0.0,0.0,0.0,0.0,0.0,0.0,0.0,0.0,0.0,0.0,0.0,0.0,0.0,0.0,0.0,0.0,,,,,,,2,Arvell Reese,Ohio State,Big Ten,Linebacker,,,,,,,,,
4950551,2026,131,14.0,1.0,0.0,86.0,0.0,6.5,161.0,0.0,0.0,3.0,4.0,0.0,42.0,0.0,0.0,0.0,0.0,0.0,0.0,0.0,0.0,0.0,0.0,0.0,0.0,0.0,0.0,0.0,0.0,0.0,0.0,0.0,0.0,0.0,0.0,0.0,0.0,0.0,0.0,,,,,,,3,Genesis Smith,Arizona,Pac-12,Safety,,,,,,,,,10.5
4954445,2026,25,13.0,2.0,2.0,188.0,0.0,10.0,302.0,2.0,1.0,0.0,8.0,0.0,58.0,0.0,0.0,0.0,0.0,0.0,0.0,0.0,0.0,0.0,0.0,0.0,0.0,0.0,9.0,0.0,67.0,0.0,0.0,0.0,0.0,0.0,0.0,0.0,0.0,0.0,0.0,,,20.0,,,,3,Dillon Thieneman,Purdue,Big Ten,Safety,,,,,,7.444444444444445,,,7.25
498387,2014,190,0.0,0.0,0.0,0.0,0.0,0.0,0.0,0.0,0.0,0.0,0.0,0.0,0.0,0.0,0.0,0.0,0.0,0.0,0.0,0.0,0.0,0.0,0.0,0.0,0.0,0.0,0.0,0.0,0.0,0.0,0.0,0.0,0.0,13.0,0.0,156.0,0.0,0.0,0.0,,,,,25.0,,3,Matt Hazel,Coastal Carolina,Big South,Wide Receiver,,,12.0,,,,,,
498928,2015,173,0.0,0.0,0.0,0.0,0.0,0.0,0.0,0.0,0.0,0.0,0.0,0.0,0.0,0.0,0.0,0.0,0.0,0.0,0.0,0.0,0.0,0.0,0.0,0.0,0.0,0.0,0.0,0.0,0.0,0.0,0.0,0.0,0.0,6.0,0.0,64.0,0.0,0.0,0.0,,,,,24.0,,2,James O'Shaughnessy,Illinois State,MVFC,Tight End,,,10.666666666666666,,,,,,
499005,2015,86,0.0,0.0,0.0,0.0,0.0,0.0,0.0,0.0,0.0,0.0,0.0,0.0,0.0,0.0,0.0,0.0,0.0,0.0,0.0,0.0,0.0,0.0,0.0,0.0,0.0,0.0,0.0,0.0,0.0,0.0,0.0,0.0,0.0,26.0,6.0,584.0,88.0,4.0,410.0,,,,,80.0,37.0,4,David Johnson,Northern Iowa,MVFC,Running Back,,,22.46153846153846,4.659090909090909,,,,,
499085,2015,143,0.0,0.0,0.0,0.0,0.0,0.0,0.0,0.0,0.0,0.0,0.0,0.0,0.0,1.0,0.0,17.0,0.0,0.0,0.0,0.0,0.0,0.0,0.0,0.0,0.0,0.0,0.0,0.0,0.0,0.0,0.0,0.0,0.0,23.0,1.0,299.0,0.0,0.0,0.0,17.0,,,,66.0,,4,MyCole Pruitt,Southern Illinois,MVFC,Tight End,,,13.0,,17.0,,,,
499514,2014,62,0.0,0.0,0.0,0.0,0.0,0.0,0.0,0.0,0.0,0.0,0.0,0.0,0.0,0.0,0.0,0.0,0.0,0.0,0.0,2.0,0.0,152.0,94.0,5.0,11.0,1245.0,0.0,0.0,0.0,0.0,1.0,0.0,25.0,0.0,0.0,0.0,26.0,0.0,-28.0,,0.0,,25.0,,11.0,3,Jimmy Garoppolo,Eastern Illinois,OVC,Quarterback,0.618421052631579,8.19078947368421,,-1.0769230769230769,,,25.0,,
500234,2013,41,0.0,0.0,0.0,0.0,0.0,0.0,0.0,0.0,0.0,0.0,0.0,0.0,0.0,55.0,1.0,1364.0,0.0,0.0,0.0,0.0,0.0,0.0,0.0,0.0,0.0,0.0,37.0,0.0,183.0,0.0,0.0,0.0,0.0,252.0,32.0,2930.0,14.0,0.0,142.0,97.0,,31.0,,82.0,76.0,3,Robert Woods,USC,Pac-12,Wide Receiver,,,11.626984126984127,10.142857142857142,24.8,4.945945945945946,,,
500253,2015,198,0.0,0.0,0.0,0.0,0.0,0.0,0.0,0.0,0.0,0.0,0.0,0.0,0.0,1.0,0.0,2.0,0.0,0.0,0.0,0.0,0.0,0.0,0.0,0.0,0.0,0.0,0.0,0.0,0.0,0.0,0.0,0.0,0.0,65.0,12.0,648.0,0.0,0.0,0.0,2.0,,,,44.0,,4,Randall Telfer,USC,Pac-12,Tight End,,,9.96923076923077,,2.0,,,,
500313,2015,83,0.0,0.0,0.0,0.0,0.0,0.0,0.0,0.0,0.0,0.0,7.0,0.0,21.0,5.0,0.0,65.0,0.0,0.0,0.0,0.0,0.0,0.0,0.0,0.0,0.0,0.0,11.0,1.0,202.0,0.0,0.0,0.0,0.0,0.0,0.0,0.0,0.0,0.0,0.0,19.0,,79.0,,,,3,Craig Mager,Texas State,Western Athletic,Cornerback,,,,,13.0,18.363636363636363,,,3.0
500338,2014,9,0.0,0.0,0.0,0.0,0.0,0.0,0.0,0.0,0.0,0.0,0.0,0.0,0.0,0.0,0.0,0.0,0.0,0.0,0.0,0.0,0.0,0.0,0.0,0.0,0.0,0.0,1.0,0.0,10.0,0.0,0.0,0.0,0.0,12.0,1.0,82.0,15.0,1.0,54.0,,,10.0,,17.0,12.0,3,Anthony Barr,UCLA,Pac-12,Outside Linebacker,,,6.833333333333333,3.6,,10.0,,,
500349,2015,45,0.0,0.0,0.0,0.0,0.0,0.0,0.0,0.0,0.0,0.0,5.0,1.0,71.0,2.0,0.0,22.0,0.0,0.0,0.0,0.0,0.0,0.0,0.0,0.0,0.0,0.0,0.0,0.0,0.0,0.0,0.0,0.0,0.0,0.0,0.0,0.0,1.0,0.0,-1.0,12.0,,,,,0.0,3,Eric Kendricks,UCLA,Pac-12,Inside Linebacker,,,,-1.0,11.0,,,,14.2
500350,2014,108,0.0,0.0,0.0,0.0,0.0,0.0,0.0,0.0,0.0,0.0,0.0,0.0,0.0,0.0,0.0,0.0,0.0,0.0,0.0,0.0,0.0,0.0,0.0,0.0,0.0,0.0,0.0,0.0,0.0,0.0,0.0,0.0,0.0,2.0,2.0,6.0,0.0,0.0,0.0,,,,,4.0,,2,Cassius Marsh,UCLA,Pac-12,Defensive End,,,3.0,,,,,,
500360,2014,192,0.0,0.0,0.0,0.0,0.0,0.0,0.0,0.0,0.0,0.0,3.0,0.0,56.0,3.0,0.0,23.0,0.0,0.0,0.0,0.0,0.0,0.0,0.0,0.0,0.0,0.0,1.0,0.0,9.0,0.0,0.0,0.0,0.0,1.0,0.0,12.0,0.0,0.0,0.0,13.0,,9.0,,12.0,,3,Jordan Zumwalt,UCLA,Pac-12,Outside Linebacker,,,12.0,,7.666666666666667,9.0,,,18.666666666666668
500363,2014,73,0.0,0.0,0.0,0.0,0.0,0.0,0.0,0.0,0.0,0.0,1.0,0.0,3.0,0.0,0.0,0.0,0.0,0.0,0.0,0.0,0.0,0.0,0.0,0.0,0.0,0.0,0.0,0.0,0.0,0.0,0.0,0.0,0.0,0.0,0.0,0.0,2.0,0.0,42.0,,,,,,37.0,2,Preston Brown,Louisville,Big East,Inside Linebacker,,,,21.0,,,,,3.0
500400,2015,115,0.0,0.0,0.0,0.0,0.0,0.0,0.0,0.0,0.0,0.0,11.0,0.0,184.0,1.0,0.0,7.0,0.0,0.0,0.0,0.0,0.0,0.0,0.0,0.0,0.0,0.0,2.0,0.0,10.0,0.0,0.0,0.0,0.0,0.0,0.0,0.0,0.0,0.0,0.0,7.0,,7.0,,,,4,Ibraheim Campbell,Northwestern,Big Ten,Safety,,,,,7.0,5.0,,,16.727272727272727
500419,2015,250,0.0,0.0,0.0,0.0,0.0,0.0,0.0,0.0,0.0,0.0,0.0,0.0,0.0,0.0,0.0,0.0,0.0,0.0,0.0,0.0,0.0,934.0,550.0,24.0,27.0,5931.0,0.0,0.0,0.0,0.0,0.0,0.0,0.0,1.0,1.0,17.0,142.0,6.0,-23.0,,,,,17.0,16.0,4,Trevor Siemian,Northwestern,Big Ten,Quarterback,0.588865096359743,6.350107066381156,17.0,-0.1619718309859155,,,,,
500498,2014,211,0.0,0.0,0.0,0.0,0.0,0.0,0.0,0.0,0.0,0.0,0.0,0.0,0.0,3.0,0.0,9.0,0.0,0.0,0.0,0.0,0.0,0.0,0.0,0.0,0.0,0.0,0.0,0.0,0.0,0.0,0.0,0.0,0.0,11.0,1.0,115.0,14.0,2.0,47.0,9.0,,,,56.0,9.0,4,Jay Prosch,Illinois,Big Ten,Fullback,,,10.454545454545455,3.357142857142857,3.0,,,,
500547,2015,16,0.0,0.0,0.0,0.0,0.0,0.0,0.0,0.0,0.0,0.0,7.0,0.0,49.0,0.0,0.0,0.0,0.0,0.0,0.0,0.0,0.0,0.0,0.0,0.0,0.0,0.0,5.0,1.0,15.0,0.0,0.0,0.0,0.0,0.0,0.0,0.0,0.0,0.0,0.0,,,11.0,,,,3,Kevin Johnson,Wake Forest,ACC,Cornerback,,,,,,3.0,,,7.0
500563,2013,81,0.0,0.0,0.0,0.0,0.0,0.0,0.0,0.0,0.0,0.0,1.0,0.0,8.0,0.0,0.0,0.0,0.0,0.0,0.0,0.0,0.0,0.0,0.0,0.0,0.0,0.0,0.0,0.0,0.0,0.0,0.0,0.0,0.0,0.0,0.0,0.0,0.0,0.0,0.0,,,,,,,1,Damontre Moore,Texas A&M,Big 12,Defensive End,,,,,,,,,8.0
500800,2014,147,0.0,0.0,0.0,0.0,0.0,0.0,0.0,0.0,0.0,0.0,13.0,4.0,247.0,0.0,0.0,0.0,0.0,0.0,0.0,0.0,0.0,0.0,0.0,0.0,0.0,0.0,3.0,0.0,32.0,0.0,0.0,0.0,0.0,0.0,0.0,0.0,0.0,0.0,0.0,,,25.0,,,,4,Ricardo Allen,Purdue,Big Ten,Cornerback,,,,,,10.666666666666666,,,19.0
500825,2014,65,0.0,0.0,0.0,0.0,0.0,0.0,0.0,0.0,0.0,0.0,0.0,0.0,0.0,1.0,0.0,4.0,0.0,0.0,0.0,0.0,0.0,0.0,0.0,0.0,0.0,0.0,0.0,0.0,0.0,0.0,0.0,0.0,0.0,91.0,10.0,899.0,0.0,0.0,0.0,4.0,,,,45.0,,4,C.J. Fiedorowicz,Iowa,Big Ten,Tight End,,,9.87912087912088,,4.0,,,,
500828,2014,119,0.0,0.0,0.0,0.0,0.0,0.0,0.0,0.0,0.0,0.0,1.0,0.0,18.0,0.0,0.0,0.0,0.0,0.0,0.0,0.0,0.0,0.0,0.0,0.0,0.0,0.0,1.0,0.0,-8.0,0.0,0.0,0.0,0.0,0.0,0.0,0.0,0.0,0.0,0.0,,,-8.0,,,,1,Anthony Hitchens,Iowa,Big Ten,Outside Linebacker,,,,,,-8.0,,,18.0
500839,2015,5,0.0,0.0,0.0,0.0,0.0,0.0,0.0,0.0,0.0,0.0,0.0,0.0,0.0,0.0,0.0,0.0,0.0,0.0,0.0,0.0,0.0,0.0,0.0,0.0,0.0,0.0,0.0,0.0,0.0,0.0,0.0,0.0,0.0,0.0,0.0,15.0,0.0,0.0,0.0,,,,,15.0,,1,Brandon Scherff,Iowa,Big Ten,Offensive Tackle,,,inf,,,,,,
500884,2014,42,0.0,0.0,0.0,0.0,0.0,0.0,0.0,0.0,0.0,0.0,0.0,0.0,0.0,1.0,0.0,32.0,0.0,0.0,0.0,0.0,0.0,0.0,0.0,0.0,0.0,0.0,6.0,0.0,53.0,0.0,0.0,0.0,0.0,262.0,24.0,3759.0,9.0,1.0,115.0,32.0,,16.0,,78.0,47.0,4,Jordan Matthews,Vanderbilt,SEC,Wide Receiver,,,14.34732824427481,12.777777777777779,32.0,8.833333333333334,,,
500890,2013,37,0.0,0.0,0.0,0.0,0.0,0.0,0.0,0.0,0.0,0.0,0.0,0.0,0.0,0.0,0.0,0.0,0.0,0.0,0.0,0.0,0.0,0.0,0.0,0.0,0.0,0.0,16.0,2.0,263.0,0.0,0.0,0.0,0.0,92.0,6.0,852.0,423.0,25.0,2481.0,,,74.0,,78.0,68.0,2,Giovani Bernard,North Carolina,ACC,Running Back,,,9.26086956521739,5.865248226950355,,16.4375,,,
500892,2014,128,0.0,0.0,0.0,0.0,0.0,0.0,0.0,0.0,0.0,0.0,13.0,1.0,79.0,0.0,0.0,0.0,0.0,0.0,0.0,0.0,0.0,0.0,0.0,0.0,0.0,0.0,1.0,0.0,0.0,0.0,0.0,0.0,0.0,0.0,0.0,0.0,0.0,0.0,0.0,,,0.0,,,,4,Tre Boston,North Carolina,ACC,Safety,,,,,,0.0,,,6.076923076923077
500904,2014,225,0.0,0.0,0.0,0.0,0.0,0.0,0.0,0.0,0.0,0.0,2.0,0.0,29.0,0.0,0.0,0.0,0.0,0.0,0.0,0.0,0.0,0.0,0.0,0.0,0.0,0.0,0.0,0.0,0.0,0.0,0.0,0.0,0.0,0.0,0.0,0.0,0.0,0.0,0.0,,,,,,,2,Jabari Price,North Carolina,ACC,Cornerback,,,,,,,,,14.5
500914,2014,187,0.0,0.0,0.0,0.0,0.0,0.0,0.0,0.0,0.0,0.0,6.0,1.0,91.0,32.0,0.0,677.0,0.0,0.0,0.0,0.0,0.0,0.0,0.0,0.0,0.0,0.0,2.0,0.0,0.0,0.0,0.0,0.0,0.0,0.0,0.0,0.0,1.0,0.0,20.0,43.0,,0.0,,,20.0,4,Bennett Jackson,Notre Dame,FBS Independents,Cornerback,,,,20.0,21.15625,0.0,,,15.166666666666666
500915,2014,189,0.0,0.0,0.0,0.0,0.0,0.0,0.0,0.0,0.0,0.0,0.0,0.0,0.0,0.0,0.0,0.0,0.0,0.0,0.0,0.0,0.0,0.0,0.0,0.0,0.0,0.0,14.0,0.0,106.0,0.0,0.0,0.0,0.0,181.0,19.0,2429.0,10.0,2.0,75.0,,,27.0,,80.0,35.0,4,TJ Jones,Notre Dame,FBS Independents,Wide Receiver,,,13.41988950276243,7.5,,7.571428571428571,,,
500930,2012,29,0.0,0.0,0.0,0.0,0.0,0.0,0.0,0.0,0.0,0.0,7.0,0.0,54.0,0.0,0.0,0.0,0.0,0.0,0.0,0.0,0.0,0.0,0.0,0.0,0.0,0.0,0.0,0.0,0.0,0.0,0.0,0.0,0.0,0.0,0.0,0.0,0.0,0.0,0.0,,,,,,,1,Harrison Smith,Notre Dame,FBS Independents,Safety,,,,,,,,,7.714285714285714
501076,2014,79,0.0,0.0,0.0,0.0,0.0,0.0,0.0,0.0,0.0,0.0,5.0,0.0,28.0,0.0,0.0,0.0,0.0,0.0,0.0,0.0,0.0,0.0,0.0,0.0,0.0,0.0,0.0,0.0,0.0,0.0,0.0,0.0,0.0,0.0,0.0,0.0,0.0,0.0,0.0,,,,,,,3,Terrence Brooks,Florida State,ACC,Safety,,,,,,,,,5.6
501084,2014,41,0.0,0.0,0.0,0.0,0.0,0.0,0.0,0.0,0.0,0.0,8.0,0.0,80.0,53.0,0.0,1260.0,0.0,0.0,0.0,0.0,0.0,0.0,0.0,0.0,0.0,0.0,0.0,0.0,0.0,0.0,0.0,0.0,0.0,0.0,0.0,0.0,0.0,0.0,0.0,90.0,,,,,,4,Lamarcus Joyner,Florida State,ACC,Cornerback,,,,,23.77358490566038,,,,10.0
501095,2014,144,0.0,0.0,0.0,0.0,0.0,0.0,0.0,0.0,0.0,0.0,4.0,2.0,160.0,0.0,0.0,0.0,0.0,0.0,0.0,0.0,0.0,0.0,0.0,0.0,0.0,0.0,0.0,0.0,0.0,0.0,0.0,0.0,0.0,0.0,0.0,0.0,0.0,0.0,0.0,,,,,,,2,Telvin Smith,Florida State,ACC,Outside Linebacker,,,,,,,,,40.0
501100,2013,24,0.0,0.0,0.0,0.0,0.0,0.0,0.0,0.0,0.0,0.0,1.0,0.0,0.0,0.0,0.0,0.0,0.0,0.0,0.0,0.0,0.0,0.0,0.0,0.0,0.0,0.0,0.0,0.0,0.0,0.0,0.0,0.0,0.0,0.0,0.0,0.0,0.0,0.0,0.0,,,,,,,1,Bjoern Werner,Florida State,ACC,Defensive End,,,,,,,,,0.0
501147,2015,68,0.0,0.0,0.0,0.0,0.0,0.0,0.0,0.0,0.0,0.0,0.0,0.0,0.0,0.0,0.0,0.0,0.0,0.0,0.0,0.0,0.0,0.0,0.0,0.0,0.0,0.0,0.0,0.0,0.0,0.0,0.0,0.0,0.0,121.0,14.0,1753.0,0.0,0.0,0.0,,,,,65.0,,4,Clive Walford,Miami,ACC,Tight End,,,14.487603305785123,,,,,,
501149,2013,51,0.0,0.0,0.0,0.0,0.0,0.0,0.0,0.0,0.0,0.0,18.0,3.0,287.0,2.0,0.0,42.0,0.0,0.0,0.0,0.0,0.0,0.0,0.0,0.0,0.0,0.0,0.0,0.0,0.0,0.0,0.0,0.0,0.0,0.0,0.0,0.0,0.0,0.0,0.0,25.0,,,,,,3,David Amerson,NC State,ACC,Cornerback,,,,,21.0,,,,15.944444444444445
501163,2014,129,0.0,0.0,0.0,0.0,0.0,0.0,0.0,0.0,0.0,0.0,3.0,0.0,21.0,4.0,0.0,40.0,0.0,0.0,0.0,0.0,0.0,0.0,0.0,0.0,0.0,0.0,0.0,0.0,0.0,0.0,0.0,0.0,0.0,0.0,0.0,0.0,0.0,0.0,0.0,17.0,,,,,,2,Dontae Johnson,NC State,ACC,Cornerback,,,,,10.0,,,,7.0
501213,2013,171,0.0,0.0,0.0,0.0,0.0,0.0,0.0,0.0,0.0,0.0,0.0,0.0,0.0,0.0,0.0,0.0,0.0,0.0,0.0,0.0,0.0,0.0,0.0,0.0,0.0,0.0,0.0,0.0,0.0,0.0,0.0,0.0,0.0,45.0,6.0,834.0,1.0,0.0,10.0,,,,,69.0,10.0,2,Corey Fuller,Virginia Tech,ACC,Wide Receiver,,,18.533333333333335,10.0,,,,,
501214,2014,14,0.0,0.0,0.0,0.0,0.0,0.0,0.0,0.0,0.0,0.0,6.0,0.0,10.0,0.0,0.0,0.0,0.0,0.0,0.0,0.0,0.0,0.0,0.0,0.0,0.0,0.0,5.0,1.0,41.0,0.0,0.0,0.0,0.0,0.0,0.0,0.0,0.0,0.0,0.0,,,23.0,,,,3,Kyle Fuller,Virginia Tech,ACC,Cornerback,,,,,,8.2,,,1.6666666666666667
501257,2012,227,0.0,0.0,0.0,0.0,0.0,0.0,0.0,0.0,0.0,0.0,0.0,0.0,0.0,5.0,0.0,91.0,0.0,0.0,0.0,0.0,0.0,0.0,0.0,0.0,0.0,0.0,75.0,2.0,551.0,0.0,0.0,0.0,0.0,147.0,13.0,2243.0,10.0,2.0,75.0,21.0,,86.0,,90.0,44.0,2,Rishard Matthews,Nevada,Western Athletic,Wide Receiver,,,15.258503401360544,7.5,18.2,7.346666666666667,,,
501264,2016,193,0.0,0.0,0.0,0.0,0.0,0.0,0.0,0.0,0.0,0.0,0.0,0.0,0.0,0.0,0.0,0.0,0.0,0.0,0.0,0.0,0.0,1.0,1.0,0.0,1.0,6.0,0.0,0.0,0.0,0.0,0.0,0.0,0.0,0.0,0.0,0.0,0.0,0.0,0.0,,,,,,,1,Sebastian Tretola,Arkansas,SEC,Offensive Guard,1.0,6.0,,,,,,,
501272,2015,196,0.0,0.0,0.0,0.0,0.0,0.0,0.0,0.0,0.0,0.0,7.0,0.0,42.0,0.0,0.0,0.0,0.0,0.0,0.0,0.0,0.0,0.0,0.0,0.0,0.0,0.0,0.0,0.0,0.0,0.0,0.0,0.0,0.0,0.0,0.0,0.0,0.0,0.0,0.0,,,,,,,3,Randall Evans,Kansas State,Big 12,Cornerback,,,,,,,,,6.0
501517,2013,131,0.0,0.0,0.0,0.0,0.0,0.0,0.0,0.0,0.0,0.0,0.0,0.0,0.0,0.0,0.0,0.0,0.0,0.0,0.0,0.0,0.0,0.0,0.0,0.0,0.0,0.0,0.0,0.0,0.0,0.0,0.0,0.0,0.0,74.0,3.0,767.0,555.0,38.0,2677.0,,,,,53.0,58.0,3,Marcus Lattimore,South Carolina,SEC,Running Back,,,10.364864864864865,4.8234234234234235,,,,,
501519,2014,222,0.0,0.0,0.0,0.0,0.0,0.0,0.0,0.0,0.0,0.0,0.0,0.0,0.0,10.0,0.0,194.0,0.0,0.0,0.0,0.0,0.0,0.0,0.0,0.0,0.0,0.0,0.0,0.0,0.0,0.0,0.0,0.0,0.0,41.0,3.0,289.0,335.0,19.0,1765.0,31.0,,,,33.0,73.0,3,Storm Johnson,UCF,Conference USA,Running Back,,,7.048780487804878,5.268656716417911,19.4,,,,
501520,2013,34,0.0,0.0,0.0,0.0,0.0,0.0,0.0,0.0,0.0,0.0,0.0,0.0,0.0,0.0,0.0,0.0,0.0,0.0,0.0,0.0,0.0,0.0,0.0,0.0,0.0,0.0,4.0,0.0,21.0,0.0,0.0,0.0,0.0,106.0,18.0,1812.0,0.0,0.0,0.0,,,12.0,,81.0,,3,Justin Hunter,Tennessee,SEC,Wide Receiver,,,17.09433962264151,,,5.25,,,
501524,2015,256,0.0,0.0,0.0,0.0,0.0,0.0,0.0,0.0,0.0,0.0,0.0,0.0,0.0,0.0,0.0,0.0,0.0,0.0,0.0,0.0,0.0,0.0,0.0,0.0,0.0,0.0,0.0,0.0,0.0,0.0,0.0,0.0,0.0,64.0,10.0,882.0,0.0,0.0,0.0,,,,,69.0,,3,Gerald Christian,Louisville,American Athletic,Tight End,,,13.78125,,,,,,
501526,2014,186,0.0,0.0,0.0,0.0,0.0,0.0,0.0,0.0,0.0,0.0,0.0,0.0,0.0,1.0,0.0,13.0,0.0,0.0,0.0,0.0,0.0,0.0,0.0,0.0,0.0,0.0,0.0,0.0,0.0,0.0,0.0,0.0,0.0,9.0,1.0,107.0,289.0,18.0,2189.0,13.0,,,,68.0,80.0,2,Lache Seastrunk,Baylor,Big 12,Running Back,,,11.88888888888889,7.57439446366782,13.0,,,,
501550,2013,76,0.0,0.0,0.0,0.0,0.0,0.0,0.0,0.0,0.0,0.0,0.0,0.0,0.0,18.0,0.0,406.0,0.0,0.0,0.0,0.0,0.0,3.0,3.0,0.0,1.0,52.0,24.0,1.0,252.0,0.0,0.0,0.0,0.0,205.0,17.0,2570.0,30.0,2.0,230.0,61.0,,69.0,,90.0,45.0,3,Keenan Allen,California,Pac-12,Wide Receiver,1.0,17.333333333333332,12.536585365853659,7.666666666666667,22.555555555555557,10.5,,,
501556,2013,32,0.0,0.0,0.0,0.0,0.0,0.0,0.0,0.0,0.0,0.0,6.0,0.0,91.0,0.0,0.0,0.0,0.0,0.0,0.0,0.0,0.0,0.0,0.0,0.0,0.0,0.0,1.0,0.0,0.0,0.0,0.0,0.0,0.0,0.0,0.0,0.0,1.0,0.0,5.0,,,0.0,,,5.0,3,Matt Elam,Florida,SEC,Safety,,,,5.0,,0.0,,,15.166666666666666
501558,2014,169,0.0,0.0,0.0,0.0,0.0,0.0,0.0,0.0,0.0,0.0,0.0,0.0,0.0,1.0,0.0,20.0,0.0,0.0,0.0,0.0,0.0,0.0,0.0,0.0,0.0,0.0,0.0,0.0,0.0,0.0,0.0,0.0,0.0,0.0,0.0,0.0,0.0,0.0,0.0,20.0,,,,,,1,Ronald Powell,Florida,SEC,Outside Linebacker,,,,,20.0,,,,
501566,2012,170,0.0,0.0,0.0,0.0,0.0,0.0,0.0,0.0,0.0,0.0,0.0,0.0,0.0,0.0,0.0,0.0,0.0,0.0,0.0,0.0,0.0,0.0,0.0,0.0,0.0,0.0,0.0,0.0,0.0,0.0,0.0,0.0,0.0,30.0,2.0,293.0,379.0,29.0,2157.0,,,,,22.0,75.0,2,Vick Ballard,Mississippi State,SEC,Running Back,,,9.766666666666667,5.691292875989446,,,,,
501595,2013,151,0.0,0.0,0.0,0.0,0.0,0.0,0.0,0.0,0.0,0.0,0.0,0.0,0.0,12.0,0.0,282.0,0.0,0.0,0.0,0.0,0.0,2.0,2.0,0.0,0.0,37.0,1.0,0.0,-1.0,0.0,0.0,0.0,0.0,108.0,3.0,917.0,564.0,40.0,3085.0,40.0,,0.0,,63.0,69.0,3,Joseph Randle,Oklahoma State,Big 12,Running Back,1.0,18.5,8.49074074074074,5.469858156028369,23.5,-1.0,,,
501598,2014,8,0.0,0.0,0.0,0.0,0.0,0.0,0.0,0.0,0.0,0.0,12.0,2.0,180.0,102.0,6.0,2681.0,0.0,0.0,0.0,0.0,0.0,0.0,0.0,0.0,0.0,0.0,12.0,0.0,55.0,0.0,0.0,0.0,0.0,0.0,0.0,0.0,0.0,0.0,0.0,100.0,,50.0,,,,4,Justin Gilbert,Oklahoma State,Big 12,Cornerback,,,,,26.284313725490197,4.583333333333333,,,15.0
501664,2014,132,0.0,0.0,0.0,0.0,0.0,0.0,0.0,0.0,0.0,0.0,1.0,1.0,33.0,0.0,0.0,0.0,0.0,0.0,0.0,0.0,0.0,0.0,0.0,0.0,0.0,0.0,0.0,0.0,0.0,0.0,0.0,0.0,0.0,0.0,0.0,0.0,0.0,0.0,0.0,,,,,,,1,Kevin Pierre-Louis,Boston College,ACC,Outside Linebacker,,,,,,,,,33.0
501673,2014,113,0.0,0.0,0.0,0.0,0.0,0.0,0.0,0.0,0.0,0.0,0.0,0.0,0.0,9.0,0.0,119.0,0.0,0.0,0.0,0.0,0.0,0.0,0.0,0.0,0.0,0.0,0.0,0.0,0.0,0.0,0.0,0.0,0.0,10.0,0.0,60.0,704.0,28.0,3739.0,26.0,,,,16.0,99.0,4,Andre Williams,Boston College,ACC,Running Back,,,6.0,5.311079545454546,13.222222222222221,,,,
501680,2014,102,0.0,0.0,0.0,0.0,0.0,0.0,0.0,0.0,0.0,0.0,6.0,0.0,142.0,0.0,0.0,0.0,0.0,0.0,0.0,0.0,0.0,0.0,0.0,0.0,0.0,0.0,1.0,0.0,0.0,0.0,0.0,0.0,0.0,0.0,0.0,0.0,0.0,0.0,0.0,,,0.0,,,,2,Bashaud Breeland,Clemson,ACC,Cornerback,,,,,,0.0,,,23.666666666666668
501689,2013,27,0.0,0.0,0.0,0.0,0.0,0.0,0.0,0.0,0.0,0.0,0.0,0.0,0.0,2.0,0.0,32.0,0.0,0.0,0.0,0.0,0.0,3.0,0.0,0.0,0.0,0.0,37.0,0.0,82.0,0.0,0.0,0.0,0.0,205.0,27.0,3009.0,0.0,0.0,0.0,16.0,,31.0,,62.0,,3,DeAndre Hopkins,Clemson,ACC,Wide Receiver,0.0,0.0,14.678048780487805,,16.0,2.2162162162162162,,,
501812,2014,60,0.0,0.0,0.0,0.0,0.0,0.0,0.0,0.0,0.0,0.0,1.0,1.0,49.0,0.0,0.0,0.0,0.0,0.0,0.0,0.0,0.0,0.0,0.0,0.0,0.0,0.0,0.0,0.0,0.0,0.0,0.0,0.0,0.0,0.0,0.0,0.0,0.0,0.0,0.0,,,,,,,1,Kony Ealy,Missouri,SEC,Defensive End,,,,,,,,,49.0
501818,2014,188,0.0,0.0,0.0,0.0,0.0,0.0,0.0,0.0,0.0,0.0,8.0,0.0,71.0,0.0,0.0,0.0,0.0,0.0,0.0,0.0,0.0,0.0,0.0,0.0,0.0,0.0,19.0,1.0,154.0,0.0,0.0,0.0,0.0,0.0,0.0,0.0,0.0,0.0,0.0,,,44.0,,,,3,E.J. Gaines,Missouri,SEC,Cornerback,,,,,,8.105263157894736,,,8.875
501826,2015,230,0.0,0.0,0.0,0.0,0.0,0.0,0.0,0.0,0.0,0.0,0.0,0.0,0.0,87.0,3.0,2036.0,0.0,0.0,0.0,0.0,0.0,0.0,0.0,0.0,0.0,0.0,75.0,4.0,801.0,0.0,0.0,0.0,0.0,50.0,2.0,318.0,337.0,16.0,1957.0,100.0,,82.0,,26.0,69.0,4,Marcus Murphy,Missouri,SEC,Running Back,,,6.36,5.807121661721069,23.402298850574713,10.68,,,
501832,2015,201,0.0,0.0,0.0,0.0,0.0,0.0,0.0,0.0,0.0,0.0,0.0,0.0,0.0,0.0,0.0,0.0,0.0,0.0,0.0,0.0,0.0,1.0,1.0,0.0,1.0,40.0,0.0,0.0,0.0,0.0,0.0,0.0,0.0,116.0,14.0,1611.0,0.0,0.0,0.0,,,,,85.0,,4,Bud Sasser,Missouri,SEC,Wide Receiver,1.0,40.0,13.887931034482758,,,,,,
501842,2015,162,0.0,0.0,0.0,0.0,0.0,0.0,0.0,0.0,0.0,0.0,0.0,0.0,0.0,51.0,1.0,1277.0,0.0,0.0,0.0,0.0,0.0,0.0,0.0,0.0,0.0,0.0,3.0,0.0,5.0,0.0,0.0,0.0,0.0,181.0,21.0,2689.0,6.0,1.0,109.0,99.0,,3.0,,74.0,82.0,4,Kenny Bell,Nebraska,Big Ten,Wide Receiver,,,14.856353591160222,18.166666666666668,25.03921568627451,1.6666666666666667,,,
501847,2012,58,0.0,0.0,0.0,0.0,0.0,0.0,0.0,0.0,0.0,0.0,2.0,0.0,-2.0,0.0,0.0,0.0,0.0,0.0,0.0,0.0,0.0,0.0,0.0,0.0,0.0,0.0,0.0,0.0,0.0,0.0,0.0,0.0,0.0,0.0,0.0,0.0,1.0,0.0,6.0,,,,,,6.0,1,Lavonte David,Nebraska,Big Ten,Outside Linebacker,,,,6.0,,,,,-1.0
501848,2014,209,0.0,0.0,0.0,0.0,0.0,0.0,0.0,0.0,0.0,0.0,0.0,0.0,0.0,1.0,0.0,17.0,0.0,0.0,0.0,0.0,0.0,0.0,0.0,0.0,0.0,0.0,0.0,0.0,0.0,0.0,0.0,0.0,0.0,115.0,15.0,1526.0,3.0,0.0,-1.0,17.0,,,,99.0,4.0,4,Quincy Enunwa,Nebraska,Big Ten,Wide Receiver,,,13.269565217391305,-0.3333333333333333,17.0,,,,
501882,2015,117,0.0,0.0,0.0,0.0,0.0,0.0,0.0,0.0,0.0,0.0,0.0,0.0,0.0,0.0,0.0,0.0,0.0,0.0,0.0,0.0,0.0,253.0,150.0,6.0,12.0,1763.0,0.0,0.0,0.0,0.0,0.0,0.0,0.0,16.0,4.0,214.0,181.0,24.0,631.0,,,,,47.0,55.0,4,Blake Bell,Oklahoma,Big 12,Tight End,0.5928853754940712,6.968379446640316,13.375,3.4861878453038675,,,,,
501885,2014,114,0.0,0.0,0.0,0.0,0.0,0.0,0.0,0.0,0.0,0.0,5.0,0.0,28.0,0.0,0.0,0.0,0.0,0.0,0.0,0.0,0.0,0.0,0.0,0.0,0.0,0.0,0.0,0.0,0.0,0.0,0.0,0.0,0.0,0.0,0.0,0.0,0.0,0.0,0.0,,,,,,,2,Aaron Colvin,Oklahoma,Big 12,Cornerback,,,,,,,,,5.6
501893,2015,97,0.0,0.0,0.0,0.0,0.0,0.0,0.0,0.0,0.0,0.0,2.0,2.0,92.0,0.0,0.0,0.0,0.0,0.0,0.0,0.0,0.0,0.0,0.0,0.0,0.0,0.0,0.0,0.0,0.0,0.0,0.0,0.0,0.0,0.0,0.0,0.0,0.0,0.0,0.0,,,,,,,2,Geneo Grissom,Oklahoma,Big 12,Defensive End,,,,,,,,,46.0
501902,2014,245,0.0,0.0,0.0,0.0,0.0,0.0,0.0,0.0,0.0,0.0,0.0,0.0,0.0,4.0,0.0,43.0,0.0,0.0,0.0,0.0,0.0,0.0,0.0,0.0,0.0,0.0,0.0,0.0,0.0,0.0,0.0,0.0,0.0,70.0,7.0,677.0,98.0,6.0,538.0,16.0,,,,73.0,61.0,4,Trey Millard,Oklahoma,Big 12,Fullback,,,9.67142857142857,5.489795918367347,10.75,,,,
501905,2014,242,0.0,0.0,0.0,0.0,0.0,0.0,0.0,0.0,0.0,0.0,1.0,1.0,24.0,0.0,0.0,0.0,0.0,0.0,0.0,0.0,0.0,0.0,0.0,0.0,0.0,0.0,1.0,0.0,3.0,0.0,0.0,0.0,0.0,0.0,0.0,0.0,0.0,0.0,0.0,,,3.0,,,,2,Corey Nelson,Oklahoma,Big 12,Outside Linebacker,,,,,,3.0,,,24.0
501915,2013,144,0.0,0.0,0.0,0.0,0.0,0.0,0.0,0.0,0.0,0.0,0.0,0.0,0.0,0.0,0.0,0.0,0.0,0.0,0.0,0.0,0.0,0.0,0.0,0.0,0.0,0.0,23.0,0.0,54.0,0.0,0.0,0.0,0.0,204.0,24.0,2594.0,3.0,0.0,23.0,,,16.0,,68.0,13.0,3,Kenny Stills,Oklahoma,Big 12,Wide Receiver,,,12.715686274509803,7.666666666666667,,2.347826086956522,,,
501935,2015,84,0.0,0.0,0.0,0.0,0.0,0.0,0.0,0.0,0.0,0.0,2.0,0.0,19.0,0.0,0.0,0.0,0.0,0.0,0.0,0.0,0.0,0.0,0.0,0.0,0.0,0.0,0.0,0.0,0.0,0.0,0.0,0.0,0.0,0.0,0.0,0.0,0.0,0.0,0.0,,,,,,,1,Jordan Hicks,Texas,Big 12,Inside Linebacker,,,,,,,,,9.5
502067,2014,154,0.0,0.0,0.0,0.0,0.0,0.0,0.0,0.0,0.0,0.0,2.0,0.0,11.0,0.0,0.0,0.0,0.0,0.0,0.0,0.0,0.0,0.0,0.0,0.0,0.0,0.0,0.0,0.0,0.0,0.0,0.0,0.0,0.0,0.0,0.0,0.0,0.0,0.0,0.0,,,,,,,1,Jeremiah George,Iowa State,Big 12,Inside Linebacker,,,,,,,,,5.5
502259,2014,248,0.0,0.0,0.0,0.0,0.0,0.0,0.0,0.0,0.0,0.0,4.0,1.0,72.0,2.0,0.0,17.0,0.0,0.0,0.0,0.0,0.0,0.0,0.0,0.0,0.0,0.0,0.0,0.0,0.0,0.0,0.0,0.0,0.0,0.0,0.0,0.0,0.0,0.0,0.0,17.0,,,,,,4,Ahmad Dixon,Baylor,Big 12,Safety,,,,,8.5,,,,18.0
502264,2015,224,0.0,0.0,0.0,0.0,0.0,0.0,0.0,0.0,0.0,0.0,1.0,0.0,36.0,1.0,0.0,12.0,0.0,0.0,0.0,0.0,0.0,0.0,0.0,0.0,0.0,0.0,0.0,0.0,0.0,0.0,0.0,0.0,0.0,0.0,0.0,0.0,0.0,0.0,0.0,12.0,,,,,,1,Bryce Hager,Baylor,Big 12,Inside Linebacker,,,,,12.0,,,,36.0
502295,2015,186,0.0,0.0,0.0,0.0,0.0,0.0,0.0,0.0,0.0,0.0,0.0,0.0,0.0,0.0,0.0,0.0,0.0,0.0,0.0,0.0,0.0,0.0,0.0,0.0,0.0,0.0,0.0,0.0,0.0,0.0,0.0,0.0,0.0,165.0,7.0,2287.0,0.0,0.0,0.0,,,,,45.0,,4,Geremy Davis,UConn,Big East,Wide Receiver,,,13.860606060606061,,,,,,
502300,2015,27,0.0,0.0,0.0,0.0,0.0,0.0,0.0,0.0,0.0,0.0,8.0,1.0,77.0,0.0,0.0,0.0,0.0,0.0,0.0,0.0,0.0,0.0,0.0,0.0,0.0,0.0,2.0,1.0,9.0,0.0,0.0,0.0,0.0,0.0,0.0,0.0,0.0,0.0,0.0,,,9.0,,,,4,Byron Jones,UConn,Big East,Cornerback,,,,,,4.5,,,9.625
502317,2014,253,0.0,0.0,0.0,0.0,0.0,0.0,0.0,0.0,0.0,0.0,2.0,1.0,87.0,0.0,0.0,0.0,0.0,0.0,0.0,0.0,0.0,0.0,0.0,0.0,0.0,0.0,0.0,0.0,0.0,0.0,0.0,0.0,0.0,0.0,0.0,0.0,0.0,0.0,0.0,,,,,,,2,Yawin Smallwood,UConn,Big East,Inside Linebacker,,,,,,,,,43.5
502427,2013,5,0.0,0.0,0.0,0.0,0.0,0.0,0.0,0.0,0.0,0.0,1.0,0.0,-2.0,0.0,0.0,0.0,0.0,0.0,0.0,0.0,0.0,0.0,0.0,0.0,0.0,0.0,0.0,0.0,0.0,0.0,0.0,0.0,0.0,0.0,0.0,0.0,0.0,0.0,0.0,,,,,,,1,Ezekiel Ansah,BYU,FBS Independents,Defensive End,,,,,,,,,-2.0
502463,2014,40,0.0,0.0,0.0,0.0,0.0,0.0,0.0,0.0,0.0,0.0,7.0,2.0,122.0,0.0,0.0,0.0,0.0,0.0,0.0,0.0,0.0,0.0,0.0,0.0,0.0,0.0,3.0,0.0,39.0,0.0,0.0,0.0,0.0,0.0,0.0,0.0,0.0,0.0,0.0,,,25.0,,,,3,Kyle Van Noy,BYU,FBS Independents,Outside Linebacker,,,,,,13.0,,,17.428571428571427
502538,2015,233,0.0,0.0,0.0,0.0,0.0,0.0,0.0,0.0,0.0,0.0,0.0,0.0,0.0,0.0,0.0,0.0,0.0,0.0,0.0,0.0,0.0,0.0,0.0,0.0,0.0,0.0,1.0,0.0,0.0,0.0,0.0,0.0,0.0,154.0,19.0,2290.0,22.0,2.0,160.0,,,0.0,,64.0,61.0,4,Da'Ron Brown,Northern Illinois,Mid-American,Wide Receiver,,,14.87012987012987,7.2727272727272725,,0.0,,,
502568,2014,30,0.0,0.0,0.0,0.0,0.0,0.0,0.0,0.0,0.0,0.0,11.0,1.0,142.0,0.0,0.0,0.0,0.0,0.0,0.0,0.0,0.0,0.0,0.0,0.0,0.0,0.0,4.0,1.0,46.0,0.0,0.0,0.0,0.0,0.0,0.0,0.0,0.0,0.0,0.0,,,18.0,,,,4,Jimmie Ward,Northern Illinois,Mid-American,Safety,,,,,,11.5,,,12.909090909090908
502752,2015,242,0.0,0.0,0.0,0.0,0.0,0.0,0.0,0.0,0.0,0.0,4.0,0.0,68.0,0.0,0.0,0.0,0.0,0.0,0.0,0.0,0.0,0.0,0.0,0.0,0.0,0.0,0.0,0.0,0.0,0.0,0.0,0.0,0.0,0.0,0.0,0.0,0.0,0.0,0.0,,,,,,,2,Dexter McDonald,Kansas,Big 12,Cornerback,,,,,,,,,17.0
502878,2014,99,0.0,0.0,0.0,0.0,0.0,0.0,0.0,0.0,0.0,0.0,0.0,0.0,0.0,0.0,0.0,0.0,0.0,0.0,0.0,0.0,0.0,1.0,1.0,0.0,1.0,27.0,0.0,0.0,0.0,0.0,0.0,0.0,0.0,111.0,8.0,1308.0,0.0,0.0,0.0,,,,,69.0,,3,Crockett Gillmore,Colorado State,Mountain West,Tight End,1.0,27.0,11.783783783783784,,,,,,
502892,2015,59,0.0,0.0,0.0,0.0,0.0,0.0,0.0,0.0,0.0,0.0,0.0,0.0,0.0,0.0,0.0,0.0,0.0,0.0,0.0,0.0,0.0,0.0,0.0,0.0,0.0,0.0,0.0,0.0,0.0,0.0,0.0,0.0,0.0,0.0,0.0,0.0,1.0,0.0,11.0,,,,,,11.0,1,Ty Sambrailo,Colorado State,Mountain West,Offensive Tackle,,,,11.0,,,,,
503046,2013,212,0.0,0.0,0.0,0.0,0.0,0.0,0.0,0.0,0.0,0.0,1.0,1.0,24.0,0.0,0.0,0.0,0.0,0.0,0.0,0.0,0.0,0.0,0.0,0.0,0.0,0.0,0.0,0.0,0.0,0.0,0.0,0.0,0.0,0.0,0.0,0.0,0.0,0.0,0.0,,,,,,,1,Joe Kruger,Utah,Pac-12,Defensive End,,,,,,,,,24.0
503048,2013,14,0.0,0.0,0.0,0.0,0.0,0.0,0.0,0.0,0.0,0.0,0.0,0.0,0.0,0.0,0.0,0.0,0.0,0.0,0.0,0.0,0.0,0.0,0.0,0.0,0.0,0.0,0.0,0.0,0.0,0.0,0.0,0.0,0.0,1.0,0.0,17.0,0.0,0.0,0.0,,,,,17.0,,1,Star Lotulelei,Utah,Pac-12,Defensive Tackle,,,17.0,,,,,,
503072,2014,185,0.0,0.0,0.0,0.0,0.0,0.0,0.0,0.0,0.0,0.0,0.0,0.0,0.0,3.0,0.0,31.0,0.0,0.0,0.0,0.0,0.0,0.0,0.0,0.0,0.0,0.0,0.0,0.0,0.0,0.0,0.0,0.0,0.0,152.0,20.0,2030.0,54.0,0.0,310.0,14.0,,,,93.0,68.0,4,Robert Herron,Wyoming,Mountain West,Wide Receiver,,,13.355263157894736,5.7407407407407405,10.333333333333334,,,,
503074,2014,122,0.0,0.0,0.0,0.0,0.0,0.0,0.0,0.0,0.0,0.0,6.0,0.0,5.0,0.0,0.0,0.0,0.0,0.0,0.0,0.0,0.0,0.0,0.0,0.0,0.0,0.0,0.0,0.0,0.0,0.0,0.0,0.0,0.0,1.0,0.0,-1.0,0.0,0.0,0.0,,,,,-1.0,,3,Marqueston Huff,Wyoming,Mountain West,Cornerback,,,-1.0,,,,,,0.8333333333333334
503189,2014,24,0.0,0.0,0.0,0.0,0.0,0.0,0.0,0.0,0.0,0.0,10.0,1.0,125.0,0.0,0.0,0.0,0.0,0.0,0.0,0.0,0.0,0.0,0.0,0.0,0.0,0.0,0.0,0.0,0.0,0.0,0.0,0.0,0.0,0.0,0.0,0.0,0.0,0.0,0.0,,,,,,,3,Darqueze Dennard,Michigan State,Big Ten,Cornerback,,,,,,,,,12.5
503202,2015,106,0.0,0.0,0.0,0.0,0.0,0.0,0.0,0.0,0.0,0.0,0.0,0.0,0.0,0.0,0.0,0.0,0.0,0.0,0.0,0.0,0.0,0.0,0.0,0.0,0.0,0.0,0.0,0.0,0.0,0.0,0.0,0.0,0.0,39.0,1.0,219.0,577.0,40.0,2967.0,,,,,24.0,65.0,3,Jeremy Langford,Michigan State,Big Ten,Running Back,,,5.615384615384615,5.1421143847487,,,,,
503204,2015,156,0.0,0.0,0.0,0.0,0.0,0.0,0.0,0.0,0.0,0.0,0.0,0.0,0.0,0.0,0.0,0.0,0.0,0.0,0.0,0.0,0.0,2.0,1.0,0.0,1.0,5.0,0.0,0.0,0.0,0.0,0.0,0.0,0.0,149.0,15.0,2247.0,6.0,1.0,51.0,,,,,71.0,32.0,4,Tony Lippett,Michigan State,Big Ten,Wide Receiver,0.5,2.5,15.080536912751677,8.5,,,,,
503206,2015,175,0.0,0.0,0.0,0.0,0.0,0.0,0.0,0.0,0.0,0.0,0.0,0.0,0.0,0.0,0.0,0.0,0.0,0.0,0.0,0.0,0.0,0.0,0.0,0.0,0.0,0.0,0.0,0.0,0.0,0.0,0.0,0.0,0.0,88.0,7.0,1348.0,14.0,1.0,125.0,,,,,72.0,33.0,4,Keith Mumphery,Michigan State,Big Ten,Wide Receiver,,,15.318181818181818,8.928571428571429,,,,,
503249,2014,131,0.0,0.0,0.0,0.0,0.0,0.0,0.0,0.0,0.0,0.0,4.0,0.0,28.0,0.0,0.0,0.0,0.0,0.0,0.0,0.0,0.0,0.0,0.0,0.0,0.0,0.0,0.0,0.0,0.0,0.0,0.0,0.0,0.0,0.0,0.0,0.0,0.0,0.0,0.0,,,,,,,3,Brock Vereen,Minnesota,Big Ten,Safety,,,,,,,,,7.0
503276,2015,247,0.0,0.0,0.0,0.0,0.0,0.0,0.0,0.0,0.0,0.0,5.0,0.0,41.0,0.0,0.0,0.0,0.0,0.0,0.0,0.0,0.0,0.0,0.0,0.0,0.0,0.0,0.0,0.0,0.0,0.0,0.0,0.0,0.0,0.0,0.0,0.0,0.0,0.0,0.0,,,,,,,4,Darryl Roberts,Marshall,Conference USA,Cornerback,,,,,,,,,8.2
503303,2014,57,0.0,0.0,0.0,0.0,0.0,0.0,0.0,0.0,0.0,0.0,0.0,0.0,0.0,2.0,0.0,47.0,0.0,0.0,0.0,0.0,0.0,0.0,0.0,0.0,0.0,0.0,0.0,0.0,0.0,0.0,0.0,0.0,0.0,34.0,4.0,271.0,523.0,37.0,3198.0,24.0,,,,25.0,63.0,4,Carlos Hyde,Ohio State,Big Ten,Running Back,,,7.970588235294118,6.11472275334608,23.5,,,,
503313,2014,31,0.0,0.0,0.0,0.0,0.0,0.0,0.0,0.0,0.0,0.0,8.0,2.0,226.0,4.0,0.0,61.0,0.0,0.0,0.0,0.0,0.0,0.0,0.0,0.0,0.0,0.0,4.0,2.0,37.0,0.0,0.0,0.0,0.0,0.0,0.0,0.0,0.0,0.0,0.0,26.0,,17.0,,,,3,Bradley Roby,Ohio State,Big Ten,Cornerback,,,,,15.25,9.25,,,28.25
503346,2014,256,0.0,0.0,0.0,0.0,0.0,0.0,0.0,0.0,0.0,0.0,3.0,0.0,14.0,0.0,0.0,0.0,0.0,0.0,0.0,0.0,0.0,0.0,0.0,0.0,0.0,0.0,0.0,0.0,0.0,0.0,0.0,0.0,0.0,0.0,0.0,0.0,0.0,0.0,0.0,,,,,,,1,Lonnie Ballentine,Memphis,Conference USA,Safety,,,,,,,,,4.666666666666667
503373,2015,251,0.0,0.0,0.0,0.0,0.0,0.0,0.0,0.0,0.0,0.0,2.0,0.0,17.0,4.0,0.0,53.0,0.0,0.0,0.0,0.0,0.0,0.0,0.0,0.0,0.0,0.0,0.0,0.0,0.0,0.0,0.0,0.0,0.0,0.0,0.0,0.0,0.0,0.0,0.0,16.0,,,,,,3,Taurean Nixon,Tulane,American Athletic,Cornerback,,,,,13.25,,,,8.5
503388,2014,224,0.0,0.0,0.0,0.0,0.0,0.0,0.0,0.0,0.0,0.0,0.0,0.0,0.0,0.0,0.0,0.0,0.0,0.0,0.0,0.0,0.0,0.0,0.0,0.0,0.0,0.0,1.0,0.0,2.0,0.0,0.0,0.0,0.0,0.0,0.0,0.0,0.0,0.0,0.0,,,2.0,,,,1,Beau Allen,Wisconsin,Big Ten,Defensive Tackle,,,,,,2.0,,,
503422,2014,130,0.0,0.0,0.0,0.0,0.0,0.0,0.0,0.0,0.0,0.0,0.0,0.0,0.0,38.0,0.0,750.0,0.0,0.0,0.0,0.0,0.0,2.0,1.0,0.0,1.0,3.0,0.0,0.0,0.0,0.0,0.0,0.0,0.0,73.0,3.0,670.0,643.0,45.0,4015.0,40.0,,,,62.0,93.0,4,James White,Wisconsin,Big Ten,Running Back,0.5,1.5,9.178082191780822,6.244167962674961,19.736842105263158,,,,
503451,2014,180,0.0,0.0,0.0,0.0,0.0,0.0,0.0,0.0,0.0,0.0,7.0,1.0,102.0,15.0,0.0,340.0,0.0,0.0,0.0,0.0,0.0,0.0,0.0,0.0,0.0,0.0,15.0,0.0,113.0,0.0,0.0,0.0,0.0,0.0,0.0,0.0,0.0,0.0,0.0,62.0,,59.0,,,,4,Kenneth Acker,SMU,Conference USA,Cornerback,,,,,22.666666666666668,7.533333333333333,,,14.571428571428571
503454,2012,213,0.0,0.0,0.0,0.0,0.0,0.0,0.0,0.0,0.0,0.0,6.0,0.0,25.0,0.0,0.0,0.0,0.0,0.0,0.0,0.0,0.0,0.0,0.0,0.0,0.0,0.0,41.0,1.0,272.0,0.0,0.0,0.0,0.0,0.0,0.0,0.0,0.0,0.0,0.0,,,92.0,,,,2,Richard Crawford,SMU,Conference USA,Cornerback,,,,,,6.634146341463414,,,4.166666666666667
503642,2015,159,0.0,0.0,0.0,0.0,0.0,0.0,0.0,0.0,0.0,0.0,0.0,0.0,0.0,76.0,5.0,1932.0,0.0,0.0,0.0,0.0,0.0,0.0,0.0,0.0,0.0,0.0,35.0,1.0,375.0,0.0,0.0,0.0,0.0,116.0,20.0,2273.0,18.0,1.0,90.0,100.0,,63.0,,88.0,18.0,4,J.J. Nelson,UAB,Conference USA,Wide Receiver,,,19.594827586206897,5.0,25.42105263157895,10.714285714285714,,,
503695,2014,194,0.0,0.0,0.0,0.0,0.0,0.0,0.0,0.0,0.0,0.0,0.0,0.0,0.0,0.0,0.0,0.0,0.0,0.0,0.0,0.0,0.0,1590.0,999.0,40.0,90.0,11094.0,0.0,0.0,0.0,0.0,3.0,0.0,93.0,2.0,1.0,29.0,186.0,13.0,322.0,,,,33.0,17.0,32.0,4,Keith Wenning,Ball State,Mid-American,Quarterback,0.6283018867924528,6.977358490566037,14.5,1.7311827956989247,,,31.0,,
503831,2015,168,0.0,0.0,0.0,0.0,0.0,0.0,0.0,0.0,0.0,0.0,0.0,0.0,0.0,3.0,0.0,39.0,0.0,0.0,0.0,0.0,0.0,1.0,1.0,0.0,0.0,-2.0,0.0,0.0,0.0,0.0,0.0,0.0,0.0,47.0,3.0,401.0,22.0,0.0,116.0,14.0,,,,34.0,38.0,4,Michael Burton,Rutgers,Big Ten,Fullback,1.0,-2.0,8.53191489361702,5.2727272727272725,13.0,,,,
503841,2013,228,0.0,0.0,0.0,0.0,0.0,0.0,0.0,0.0,0.0,0.0,0.0,0.0,0.0,0.0,0.0,0.0,0.0,0.0,0.0,0.0,0.0,1.0,1.0,0.0,1.0,16.0,0.0,0.0,0.0,0.0,0.0,0.0,0.0,36.0,2.0,385.0,486.0,13.0,1972.0,,,,,34.0,64.0,2,Jawan Jamison,Rutgers,Big East,Running Back,1.0,16.0,10.694444444444445,4.05761316872428,,,,,
503886,2015,252,0.0,0.0,0.0,0.0,0.0,0.0,0.0,0.0,0.0,0.0,1.0,0.0,35.0,0.0,0.0,0.0,0.0,0.0,0.0,0.0,0.0,0.0,0.0,0.0,0.0,0.0,1.0,0.0,6.0,0.0,0.0,0.0,0.0,0.0,0.0,0.0,0.0,0.0,0.0,,,6.0,,,,2,Josh Furman,Oklahoma State,Big 12,Linebacker,,,,,,6.0,,,35.0
503898,2015,129,0.0,0.0,0.0,0.0,0.0,0.0,0.0,0.0,0.0,0.0,1.0,0.0,2.0,0.0,0.0,0.0,0.0,0.0,0.0,0.0,0.0,0.0,0.0,0.0,0.0,0.0,0.0,0.0,0.0,0.0,0.0,0.0,0.0,0.0,0.0,0.0,0.0,0.0,0.0,,,,,,,1,Jake Ryan,Michigan,Big Ten,Outside Linebacker,,,,,,,,,2.0
503950,2015,161,0.0,0.0,0.0,0.0,0.0,0.0,0.0,0.0,0.0,0.0,1.0,0.0,5.0,0.0,0.0,0.0,0.0,0.0,0.0,0.0,0.0,0.0,0.0,0.0,0.0,0.0,0.0,0.0,0.0,0.0,0.0,0.0,0.0,1.0,0.0,14.0,0.0,0.0,0.0,,,,,14.0,,2,Neiron Ball,Florida,SEC,Outside Linebacker,,,14.0,,,,,,5.0
503959,2014,247,0.0,0.0,0.0,0.0,0.0,0.0,0.0,0.0,0.0,0.0,9.0,1.0,132.0,1.0,0.0,20.0,0.0,0.0,0.0,0.0,0.0,0.0,0.0,0.0,0.0,0.0,0.0,0.0,0.0,0.0,0.0,0.0,0.0,1.0,0.0,39.0,0.0,0.0,0.0,20.0,,,,39.0,,2,Jonathan Dowling,Western Kentucky,Sun Belt,Cornerback,,,39.0,,20.0,,,,14.666666666666666
503961,2014,29,0.0,0.0,0.0,0.0,0.0,0.0,0.0,0.0,0.0,0.0,0.0,0.0,0.0,0.0,0.0,0.0,0.0,0.0,0.0,0.0,0.0,0.0,0.0,0.0,0.0,0.0,1.0,0.0,0.0,0.0,0.0,0.0,0.0,0.0,0.0,0.0,0.0,0.0,0.0,,,0.0,,,,1,Dominique Easley,Florida,SEC,Defensive Tackle,,,,,,0.0,,,
503982,2014,101,0.0,0.0,0.0,0.0,0.0,0.0,0.0,0.0,0.0,0.0,3.0,1.0,44.0,0.0,0.0,0.0,0.0,0.0,0.0,0.0,0.0,0.0,0.0,0.0,0.0,0.0,2.0,0.0,-2.0,0.0,0.0,0.0,0.0,0.0,0.0,0.0,0.0,0.0,0.0,,,0.0,,,,2,Jaylen Watkins,Florida,SEC,Cornerback,,,,,,-1.0,,,14.666666666666666
504007,2013,30,0.0,0.0,0.0,0.0,0.0,0.0,0.0,0.0,0.0,0.0,1.0,0.0,0.0,0.0,0.0,0.0,0.0,0.0,0.0,0.0,0.0,0.0,0.0,0.0,0.0,0.0,0.0,0.0,0.0,0.0,0.0,0.0,0.0,0.0,0.0,0.0,0.0,0.0,0.0,,,,,,,1,Alec Ogletree,Georgia,SEC,Inside Linebacker,,,,,,,,,0.0
504027,2015,108,0.0,0.0,0.0,0.0,0.0,0.0,0.0,0.0,0.0,0.0,0.0,0.0,0.0,0.0,0.0,0.0,0.0,0.0,0.0,0.0,0.0,0.0,0.0,0.0,0.0,0.0,0.0,0.0,0.0,0.0,0.0,0.0,0.0,19.0,7.0,150.0,112.0,5.0,738.0,,,,,35.0,69.0,5,Jalston Fowler,Alabama,SEC,Fullback,,,7.894736842105263,6.589285714285714,,,,,
504048,2014,17,0.0,0.0,0.0,0.0,0.0,0.0,0.0,0.0,0.0,0.0,5.0,3.0,93.0,0.0,0.0,0.0,0.0,0.0,0.0,0.0,0.0,0.0,0.0,0.0,0.0,0.0,0.0,0.0,0.0,0.0,0.0,0.0,0.0,0.0,0.0,0.0,0.0,0.0,0.0,,,,,,,3,C.J. Mosley,Alabama,SEC,Inside Linebacker,,,,,,,,,18.6
504071,2014,228,0.0,0.0,0.0,0.0,0.0,0.0,0.0,0.0,0.0,0.0,0.0,0.0,0.0,0.0,0.0,0.0,78.0,61.0,354.0,171.0,171.0,0.0,0.0,0.0,0.0,0.0,0.0,0.0,0.0,0.0,7.0,0.0,320.0,0.0,0.0,0.0,0.0,0.0,0.0,,54.0,,77.0,,,4,Zach Hocker,Arkansas,SEC,Place Kicker,,,,,,,45.714285714285715,0.782051282051282,
504160,2014,151,0.0,0.0,0.0,0.0,0.0,0.0,0.0,0.0,0.0,0.0,2.0,0.0,18.0,0.0,0.0,0.0,0.0,0.0,0.0,0.0,0.0,0.0,0.0,0.0,0.0,0.0,0.0,0.0,0.0,0.0,0.0,0.0,0.0,0.0,0.0,0.0,0.0,0.0,0.0,,,,,,,2,Avery Williamson,Kentucky,SEC,Inside Linebacker,,,,,,,,,9.0
504161,2013,18,0.0,0.0,0.0,0.0,0.0,0.0,0.0,0.0,0.0,0.0,6.0,0.0,104.0,0.0,0.0,0.0,0.0,0.0,0.0,0.0,0.0,0.0,0.0,0.0,0.0,0.0,0.0,0.0,0.0,0.0,0.0,0.0,0.0,0.0,0.0,0.0,0.0,0.0,0.0,,,,,,,3,Eric Reid,LSU,SEC,Safety,,,,,,,,,17.333333333333332
504163,2014,181,0.0,0.0,0.0,0.0,0.0,0.0,0.0,0.0,0.0,0.0,0.0,0.0,0.0,0.0,0.0,0.0,0.0,0.0,0.0,0.0,0.0,0.0,0.0,0.0,0.0,0.0,1.0,0.0,4.0,0.0,0.0,0.0,0.0,16.0,0.0,105.0,209.0,11.0,1253.0,,,4.0,,22.0,57.0,4,Alfred Blue,LSU,SEC,Running Back,,,6.5625,5.9952153110047846,,4.0,,,
504167,2013,194,0.0,0.0,0.0,0.0,0.0,0.0,0.0,0.0,0.0,0.0,0.0,0.0,0.0,0.0,0.0,0.0,0.0,0.0,0.0,0.0,0.0,2.0,1.0,0.0,1.0,39.0,0.0,0.0,0.0,0.0,0.0,0.0,0.0,39.0,2.0,404.0,295.0,10.0,1249.0,,,,,38.0,35.0,3,Spencer Ware,LSU,SEC,Running Back,0.5,19.5,10.35897435897436,4.233898305084746,,,,,
504168,2013,69,0.0,0.0,0.0,0.0,0.0,0.0,0.0,0.0,0.0,0.0,4.0,0.0,16.0,0.0,0.0,0.0,0.0,0.0,0.0,0.0,0.0,0.0,0.0,0.0,0.0,0.0,34.0,2.0,421.0,0.0,0.0,0.0,0.0,0.0,0.0,0.0,0.0,0.0,0.0,,,92.0,,,,2,Tyrann Mathieu,LSU,SEC,Cornerback,,,,,,12.382352941176471,,,4.0
504169,2013,138,0.0,0.0,0.0,0.0,0.0,0.0,0.0,0.0,0.0,0.0,7.0,0.0,41.0,0.0,0.0,0.0,0.0,0.0,0.0,0.0,0.0,0.0,0.0,0.0,0.0,0.0,0.0,0.0,0.0,0.0,0.0,0.0,0.0,0.0,0.0,0.0,0.0,0.0,0.0,,,,,,,3,Tharold Simon,LSU,SEC,Cornerback,,,,,,,,,5.857142857142857
504188,2014,239,0.0,0.0,0.0,0.0,0.0,0.0,0.0,0.0,0.0,0.0,0.0,0.0,0.0,0.0,0.0,0.0,0.0,0.0,0.0,0.0,0.0,0.0,0.0,0.0,0.0,0.0,0.0,0.0,0.0,0.0,0.0,0.0,0.0,25.0,0.0,304.0,0.0,0.0,0.0,,,,,48.0,,3,James Wright,LSU,SEC,Wide Receiver,,,12.16,,,,,,
504267,2015,195,0.0,0.0,0.0,0.0,0.0,0.0,0.0,0.0,0.0,0.0,0.0,0.0,0.0,1.0,0.0,7.0,0.0,0.0,0.0,0.0,0.0,0.0,0.0,0.0,0.0,0.0,0.0,0.0,0.0,0.0,0.0,0.0,0.0,79.0,10.0,1148.0,0.0,0.0,0.0,7.0,,,,60.0,,4,Malcolm Johnson,Mississippi State,SEC,Tight End,,,14.531645569620252,,7.0,,,,
504290,2013,101,0.0,0.0,0.0,0.0,0.0,0.0,0.0,0.0,0.0,0.0,0.0,0.0,0.0,2.0,0.0,24.0,0.0,0.0,0.0,0.0,0.0,4.0,2.0,0.0,2.0,19.0,92.0,3.0,594.0,0.0,0.0,0.0,0.0,99.0,13.0,1230.0,12.0,0.0,72.0,16.0,,70.0,,51.0,53.0,3,Ace Sanders,South Carolina,SEC,Wide Receiver,0.5,4.75,12.424242424242424,6.0,12.0,6.456521739130435,,,
504668,2014,212,0.0,0.0,0.0,0.0,0.0,0.0,0.0,0.0,0.0,0.0,5.0,1.0,32.0,0.0,0.0,0.0,0.0,0.0,0.0,0.0,0.0,0.0,0.0,0.0,0.0,0.0,0.0,0.0,0.0,0.0,0.0,0.0,0.0,0.0,0.0,0.0,0.0,0.0,0.0,,,,,,,3,Marquis Flowers,Arizona,Pac-12,Outside Linebacker,,,,,,,,,6.4
504679,2014,157,0.0,0.0,0.0,0.0,0.0,0.0,0.0,0.0,0.0,0.0,10.0,1.0,131.0,0.0,0.0,0.0,0.0,0.0,0.0,0.0,0.0,0.0,0.0,0.0,0.0,0.0,0.0,0.0,0.0,0.0,0.0,0.0,0.0,0.0,0.0,0.0,0.0,0.0,0.0,,,,,,,4,Shaquille Richardson,Arizona,Pac-12,Cornerback,,,,,,,,,13.1
504691,2014,121,0.0,0.0,0.0,0.0,0.0,0.0,0.0,0.0,0.0,0.0,2.0,1.0,18.0,0.0,0.0,0.0,0.0,0.0,0.0,0.0,0.0,0.0,0.0,0.0,0.0,0.0,0.0,0.0,0.0,0.0,0.0,0.0,0.0,0.0,0.0,0.0,1.0,0.0,20.0,,,,,,20.0,2,Carl Bradford,Arizona State,Pac-12,Outside Linebacker,,,,20.0,,,,,9.0
504726,2015,184,0.0,0.0,0.0,0.0,0.0,0.0,0.0,0.0,0.0,0.0,0.0,0.0,0.0,22.0,1.0,548.0,0.0,0.0,0.0,0.0,0.0,0.0,0.0,0.0,0.0,0.0,23.0,3.0,346.0,0.0,0.0,0.0,0.0,43.0,4.0,523.0,4.0,0.0,4.0,100.0,,66.0,,78.0,3.0,1,Kaelin Clay,Utah,Pac-12,Wide Receiver,,,12.162790697674419,1.0,24.90909090909091,15.043478260869565,,,
504753,2015,71,0.0,0.0,0.0,0.0,0.0,0.0,0.0,0.0,0.0,0.0,0.0,0.0,0.0,0.0,0.0,0.0,0.0,0.0,0.0,0.0,0.0,0.0,0.0,0.0,0.0,0.0,0.0,0.0,0.0,0.0,0.0,0.0,0.0,1.0,0.0,1.0,0.0,0.0,0.0,,,,,1.0,,1,Hroniss Grasu,Oregon,Pac-12,Center,,,1.0,,,,,,
504757,2014,86,0.0,0.0,0.0,0.0,0.0,0.0,0.0,0.0,0.0,0.0,0.0,0.0,0.0,43.0,0.0,988.0,0.0,0.0,0.0,0.0,0.0,0.0,0.0,0.0,0.0,0.0,2.0,0.0,2.0,0.0,0.0,0.0,0.0,144.0,24.0,2366.0,18.0,2.0,242.0,80.0,,2.0,,65.0,85.0,4,Josh Huff,Oregon,Pac-12,Wide Receiver,,,16.430555555555557,13.444444444444445,22.976744186046513,1.0,,,
504762,2014,254,0.0,0.0,0.0,0.0,0.0,0.0,0.0,0.0,0.0,0.0,7.0,1.0,108.0,1.0,0.0,24.0,0.0,0.0,0.0,0.0,0.0,0.0,0.0,0.0,0.0,0.0,0.0,0.0,0.0,0.0,0.0,0.0,0.0,0.0,0.0,0.0,0.0,0.0,0.0,24.0,,,,,,2,Terrance Mitchell,Oregon,Pac-12,Cornerback,,,,,24.0,,,,15.428571428571429
504786,2015,89,0.0,0.0,0.0,0.0,0.0,0.0,0.0,0.0,0.0,0.0,0.0,0.0,0.0,0.0,0.0,0.0,0.0,0.0,0.0,0.0,0.0,1838.0,1187.0,54.0,83.0,13600.0,0.0,0.0,0.0,0.0,0.0,0.0,0.0,1.0,0.0,6.0,132.0,2.0,-804.0,,,,,6.0,13.0,4,Sean Mannion,Oregon State,Pac-12,Quarterback,0.6458106637649619,7.399347116430903,6.0,-6.090909090909091,,,,,
504811,2014,27,0.0,0.0,0.0,0.0,0.0,0.0,0.0,0.0,0.0,0.0,15.0,0.0,170.0,0.0,0.0,0.0,0.0,0.0,0.0,0.0,0.0,0.0,0.0,0.0,0.0,0.0,0.0,0.0,0.0,0.0,0.0,0.0,0.0,0.0,0.0,0.0,0.0,0.0,0.0,,,,,,,4,Deone Bucannon,Washington State,Pac-12,Safety,,,,,,,,,11.333333333333334
504845,2013,236,0.0,0.0,0.0,0.0,0.0,0.0,0.0,0.0,0.0,0.0,0.0,0.0,0.0,0.0,0.0,0.0,0.0,0.0,0.0,0.0,0.0,0.0,0.0,0.0,0.0,0.0,0.0,0.0,0.0,0.0,0.0,0.0,0.0,189.0,23.0,3207.0,3.0,0.0,10.0,,,,,85.0,11.0,3,Marquess Wilson,Washington State,Pac-12,Wide Receiver,,,16.96825396825397,3.3333333333333335,,,,,
504866,2016,223,0.0,0.0,0.0,0.0,0.0,0.0,0.0,0.0,0.0,0.0,0.0,0.0,0.0,0.0,0.0,0.0,0.0,0.0,0.0,0.0,0.0,1491.0,1023.0,34.0,111.0,12855.0,0.0,0.0,0.0,0.0,0.0,0.0,0.0,1.0,1.0,7.0,102.0,3.0,-285.0,,,,,7.0,15.0,5,Brandon Doughty,Western Kentucky,Sun Belt,Quarterback,0.6861167002012073,8.621730382293762,7.0,-2.7941176470588234,,,,,
504882,2014,203,0.0,0.0,0.0,0.0,0.0,0.0,0.0,0.0,0.0,0.0,1.0,0.0,18.0,0.0,0.0,0.0,0.0,0.0,0.0,0.0,0.0,0.0,0.0,0.0,0.0,0.0,0.0,0.0,0.0,0.0,0.0,0.0,0.0,0.0,0.0,0.0,0.0,0.0,0.0,,,,,,,1,Andrew Jackson,Western Kentucky,Sun Belt,Inside Linebacker,,,,,,,,,18.0
504939,2014,104,0.0,0.0,0.0,0.0,0.0,0.0,0.0,0.0,0.0,0.0,0.0,0.0,0.0,33.0,0.0,793.0,0.0,0.0,0.0,0.0,0.0,0.0,0.0,0.0,0.0,0.0,31.0,3.0,465.0,0.0,0.0,0.0,0.0,203.0,26.0,3085.0,32.0,2.0,301.0,55.0,,91.0,,88.0,37.0,4,Jalen Saunders,Oklahoma,Big 12,Wide Receiver,,,15.19704433497537,9.40625,24.03030303030303,15.0,,,
504941,2015,197,0.0,0.0,0.0,0.0,0.0,0.0,0.0,0.0,0.0,0.0,15.0,2.0,296.0,2.0,0.0,12.0,0.0,0.0,0.0,0.0,0.0,1.0,0.0,0.0,0.0,0.0,9.0,0.0,99.0,0.0,0.0,0.0,0.0,0.0,0.0,0.0,0.0,0.0,0.0,12.0,,52.0,,,,4,Derron Smith,Fresno State,Western Athletic,Safety,0.0,0.0,,,6.0,11.0,,,19.733333333333334
504955,2015,231,0.0,0.0,0.0,0.0,0.0,0.0,0.0,0.0,0.0,0.0,0.0,0.0,0.0,0.0,0.0,0.0,0.0,0.0,0.0,0.0,0.0,7.0,4.0,0.0,2.0,71.0,0.0,0.0,0.0,0.0,0.0,0.0,0.0,60.0,3.0,438.0,512.0,21.0,2218.0,,,,,32.0,45.0,4,Joey Iosefa,Hawai'i,Western Athletic,Running Back,0.5714285714285714,10.142857142857142,7.3,4.33203125,,,,,
505047,2014,133,0.0,0.0,0.0,0.0,0.0,0.0,0.0,0.0,0.0,0.0,6.0,1.0,65.0,0.0,0.0,0.0,0.0,0.0,0.0,0.0,0.0,0.0,0.0,0.0,0.0,0.0,0.0,0.0,0.0,0.0,0.0,0.0,0.0,0.0,0.0,0.0,0.0,0.0,0.0,,,,,,,3,Nevin Lawson,Utah State,Western Athletic,Cornerback,,,,,,,,,10.833333333333334
505058,2013,230,0.0,0.0,0.0,0.0,0.0,0.0,0.0,0.0,0.0,0.0,0.0,0.0,0.0,91.0,1.0,2272.0,0.0,0.0,0.0,0.0,0.0,1.0,0.0,0.0,0.0,0.0,15.0,0.0,135.0,0.0,0.0,0.0,0.0,64.0,5.0,870.0,380.0,22.0,2505.0,92.0,,42.0,,86.0,86.0,3,Kerwynn Williams,Utah State,Western Athletic,Running Back,0.0,0.0,13.59375,6.592105263157895,24.967032967032967,9.0,,,
505152,2014,170,0.0,0.0,0.0,0.0,0.0,0.0,0.0,0.0,0.0,0.0,5.0,0.0,66.0,5.0,0.0,100.0,0.0,0.0,0.0,0.0,0.0,0.0,0.0,0.0,0.0,0.0,3.0,0.0,-8.0,0.0,0.0,0.0,0.0,0.0,0.0,0.0,0.0,0.0,0.0,40.0,,2.0,,,,4,Keith Reaser,Florida Atlantic,Sun Belt,Cornerback,,,,,20.0,-2.6666666666666665,,,13.2
505345,2014,45,0.0,0.0,0.0,0.0,0.0,0.0,0.0,0.0,0.0,0.0,0.0,0.0,0.0,0.0,0.0,0.0,0.0,0.0,0.0,0.0,0.0,2.0,1.0,0.0,1.0,75.0,4.0,0.0,4.0,0.0,0.0,0.0,0.0,156.0,21.0,2412.0,9.0,0.0,38.0,,,4.0,,82.0,15.0,3,Paul Richardson,Colorado,Pac-12,Wide Receiver,0.5,37.5,15.461538461538462,4.222222222222222,,1.0,,,
505407,2015,107,0.0,0.0,0.0,0.0,0.0,0.0,0.0,0.0,0.0,0.0,0.0,0.0,0.0,0.0,0.0,0.0,0.0,0.0,3.0,3.0,3.0,10.0,4.0,0.0,2.0,147.0,64.0,0.0,495.0,0.0,0.0,0.0,0.0,387.0,35.0,4541.0,1.0,1.0,7.0,,0.0,66.0,,76.0,7.0,4,Justin Hardy,East Carolina,Conference USA,Wide Receiver,0.4,14.7,11.733850129198967,7.0,,7.734375,,,
505705,2015,109,0.0,0.0,0.0,0.0,0.0,0.0,0.0,0.0,0.0,0.0,3.0,0.0,7.0,0.0,0.0,0.0,0.0,0.0,0.0,0.0,0.0,0.0,0.0,0.0,0.0,0.0,0.0,0.0,0.0,0.0,0.0,0.0,0.0,0.0,0.0,0.0,0.0,0.0,0.0,,,,,,,2,Clayton Geathers,UCF,American Athletic,Safety,,,,,,,,,2.3333333333333335
505719,2014,3,0.0,0.0,0.0,0.0,0.0,0.0,0.0,0.0,0.0,0.0,0.0,0.0,0.0,0.0,0.0,0.0,0.0,0.0,0.0,0.0,0.0,891.0,585.0,19.0,56.0,7598.0,0.0,0.0,0.0,0.0,0.0,0.0,0.0,1.0,0.0,-3.0,195.0,15.0,561.0,,,,,0.0,33.0,3,Blake Bortles,UCF,Conference USA,Quarterback,0.6565656565656566,8.52749719416386,-3.0,2.876923076923077,,,,,
505844,2014,96,0.0,0.0,0.0,0.0,0.0,0.0,0.0,0.0,0.0,0.0,0.0,0.0,0.0,0.0,0.0,0.0,0.0,0.0,0.0,1.0,0.0,4.0,1.0,0.0,0.0,16.0,0.0,0.0,0.0,0.0,0.0,0.0,0.0,0.0,0.0,0.0,33.0,3.0,282.0,,0.0,,,,66.0,3,Jerick McKinnon,Georgia Southern,Southern,Running Back,0.25,4.0,,8.545454545454545,,,,,
507160,2012,176,0.0,0.0,0.0,0.0,0.0,0.0,0.0,0.0,0.0,0.0,5.0,0.0,101.0,0.0,0.0,0.0,0.0,0.0,0.0,0.0,0.0,0.0,0.0,0.0,0.0,0.0,0.0,0.0,0.0,0.0,0.0,0.0,0.0,1.0,0.0,33.0,0.0,0.0,0.0,,,,,33.0,,2,Mike Harris,Florida State,ACC,Cornerback,,,33.0,,,,,,20.2
5076652,2026,52,10.0,1.0,0.0,41.0,0.0,3.0,65.0,0.0,0.0,0.0,2.0,0.0,0.0,0.0,0.0,0.0,0.0,0.0,0.0,0.0,0.0,0.0,0.0,0.0,0.0,0.0,0.0,0.0,0.0,0.0,0.0,0.0,0.0,0.0,0.0,0.0,0.0,0.0,0.0,,,,,,,3,Brandon Cisse,South Carolina,SEC,Cornerback,,,,,,,,,0.0
5076951,2026,167,21.0,4.0,0.0,109.0,0.0,4.5,178.0,3.0,1.0,2.0,8.0,0.0,69.0,0.0,0.0,0.0,0.0,0.0,0.0,0.0,0.0,0.0,0.0,0.0,0.0,0.0,12.0,0.0,74.0,0.0,0.0,0.0,0.0,0.0,0.0,0.0,0.0,0.0,0.0,,,28.0,,,,3,Jalon Kilgore,South Carolina,SEC,Safety,,,,,,6.166666666666667,,,8.625
5081338,2026,121,0.0,0.0,0.0,0.0,6.0,0.0,0.0,4.0,1.0,0.0,0.0,0.0,0.0,56.0,2.0,1538.0,0.0,0.0,0.0,0.0,0.0,0.0,0.0,0.0,0.0,0.0,54.0,4.0,954.0,0.0,0.0,0.0,0.0,23.0,1.0,197.0,23.0,2.0,132.0,100.0,,95.0,,33.0,21.0,3,Kaden Wetjen,Iowa,Big Ten,Wide Receiver,,,8.565217391304348,5.739130434782608,27.464285714285715,17.666666666666668,,,
5081392,2026,147,8.0,22.0,7.5,49.0,1.0,21.0,101.0,0.0,0.0,4.0,0.0,0.0,0.0,0.0,0.0,0.0,0.0,0.0,0.0,0.0,0.0,0.0,0.0,0.0,0.0,0.0,0.0,0.0,0.0,0.0,0.0,0.0,0.0,0.0,0.0,0.0,0.0,0.0,0.0,,,,,,,4,Joshua Josephs,Tennessee,SEC,Defensive Edge,,,,,,,,,
5081394,2025,26,1.0,26.0,19.0,44.0,1.0,29.0,70.0,0.0,0.0,1.0,1.0,1.0,52.0,0.0,0.0,0.0,0.0,0.0,0.0,0.0,0.0,0.0,0.0,0.0,0.0,0.0,0.0,0.0,0.0,0.0,0.0,0.0,0.0,0.0,0.0,0.0,0.0,0.0,0.0,,,,,,,3,James Pearce Jr.,Tennessee,SEC,Defensive Edge,,,,,,,,,52.0
5081397,2025,126,0.0,0.0,0.0,0.0,0.0,0.0,0.0,5.0,4.0,0.0,0.0,0.0,0.0,2.0,0.0,28.0,0.0,0.0,0.0,0.0,0.0,0.0,0.0,0.0,0.0,0.0,0.0,0.0,0.0,0.0,0.0,0.0,0.0,40.0,1.0,342.0,422.0,35.0,2491.0,24.0,,,,37.0,80.0,3,Dylan Sampson,Tennessee,SEC,Running Back,,,8.55,5.902843601895735,14.0,,,,
5081432,2026,71,0.0,2.0,0.0,1.0,0.0,0.0,1.0,5.0,3.0,0.0,0.0,0.0,0.0,1.0,0.0,26.0,0.0,0.0,0.0,0.0,0.0,4.0,4.0,0.0,2.0,143.0,40.0,0.0,350.0,0.0,0.0,0.0,0.0,205.0,21.0,2312.0,26.0,2.0,193.0,26.0,,30.0,,64.0,36.0,4,Antonio Williams,Clemson,ACC,Wide Receiver,1.0,35.75,11.278048780487804,7.423076923076923,26.0,8.75,,,
5081450,2026,17,0.0,0.0,0.0,3.0,0.0,0.0,3.0,0.0,0.0,0.0,0.0,0.0,0.0,0.0,0.0,0.0,0.0,0.0,0.0,0.0,0.0,0.0,0.0,0.0,0.0,0.0,0.0,0.0,0.0,0.0,0.0,0.0,0.0,0.0,0.0,0.0,0.0,0.0,0.0,,,,,,,2,Blake Miller,Clemson,ACC,Offensive Tackle,,,,,,,,,
5081508,2026,230,0.0,0.0,0.0,7.0,0.0,0.0,11.0,3.0,1.0,1.0,0.0,0.0,0.0,1.0,0.0,0.0,0.0,0.0,0.0,0.0,0.0,4.0,0.0,0.0,0.0,0.0,9.0,0.0,54.0,0.0,0.0,0.0,0.0,109.0,16.0,1994.0,169.0,7.0,1157.0,0.0,,23.0,,82.0,60.0,3,Eli Heidenreich,Navy,American Athletic,Running Back,0.0,0.0,18.293577981651374,6.846153846153846,0.0,6.0,,,
5081542,2026,226,0.0,15.0,14.5,71.0,0.0,18.5,153.0,1.0,0.0,1.0,0.0,0.0,0.0,0.0,0.0,0.0,0.0,0.0,0.0,0.0,0.0,0.0,0.0,0.0,0.0,0.0,0.0,0.0,0.0,0.0,0.0,0.0,0.0,0.0,0.0,0.0,3.0,0.0,87.0,,,,,,34.0,3,Landon Robinson,Navy,American Athletic,Defensive Tackle,,,,29.0,,,,,
5081785,2026,184,3.0,7.0,4.0,54.0,0.0,12.0,94.0,0.0,0.0,0.0,0.0,0.0,0.0,0.0,0.0,0.0,0.0,0.0,0.0,0.0,0.0,0.0,0.0,0.0,0.0,0.0,0.0,0.0,0.0,0.0,0.0,0.0,0.0,0.0,0.0,0.0,0.0,0.0,0.0,,,,,,,3,Jackie Marshall,Baylor,Big 12,Defensive Tackle,,,,,,,,,
5081807,2026,7,9.0,4.0,9.0,131.0,0.0,23.0,243.0,0.0,0.0,1.0,1.0,0.0,5.0,0.0,0.0,0.0,0.0,0.0,0.0,0.0,0.0,0.0,0.0,0.0,0.0,0.0,0.0,0.0,0.0,0.0,0.0,0.0,0.0,0.0,0.0,0.0,0.0,0.0,0.0,,,,,,,4,Sonny Styles,Ohio State,Big Ten,Linebacker,,,,,,,,,5.0
5081927,2026,40,3.0,17.0,17.0,38.0,2.0,25.5,63.0,0.0,0.0,2.0,0.0,0.0,0.0,0.0,0.0,0.0,0.0,0.0,0.0,0.0,0.0,0.0,0.0,0.0,0.0,0.0,0.0,0.0,0.0,0.0,0.0,0.0,0.0,0.0,0.0,0.0,0.0,0.0,0.0,,,,,,,4,R Mason Thomas,Oklahoma,SEC,Defensive Edge,,,,,,,,,
5081977,2026,200,0.0,0.0,0.0,1.0,0.0,0.0,1.0,0.0,0.0,0.0,0.0,0.0,0.0,0.0,0.0,0.0,0.0,0.0,0.0,0.0,0.0,0.0,0.0,0.0,0.0,0.0,0.0,0.0,0.0,0.0,0.0,0.0,0.0,0.0,0.0,0.0,0.0,0.0,0.0,,,,,,,1,DJ Campbell,Texas,SEC,Offensive Guard,,,,,,,,,
5082353,2026,192,0.0,0.0,0.0,2.0,0.0,0.0,2.0,0.0,0.0,0.0,0.0,0.0,0.0,0.0,0.0,0.0,0.0,0.0,0.0,0.0,0.0,0.0,0.0,0.0,0.0,0.0,0.0,0.0,0.0,0.0,0.0,0.0,0.0,0.0,0.0,0.0,0.0,0.0,0.0,,,,,,,1,J.C. Davis,New Mexico,Mountain West,Offensive Tackle,,,,,,,,,
5082630,2025,133,0.0,0.0,0.0,3.0,0.0,0.0,3.0,0.0,0.0,0.0,0.0,0.0,0.0,9.0,0.0,184.0,0.0,0.0,0.0,0.0,0.0,1.0,0.0,0.0,0.0,0.0,0.0,0.0,0.0,0.0,0.0,0.0,0.0,126.0,21.0,1914.0,1.0,0.0,3.0,26.0,,,,75.0,3.0,2,Jalen Royals,Utah State,Mountain West,Wide Receiver,0.0,0.0,15.19047619047619,3.0,20.444444444444443,,,,
5083076,2025,67,0.0,0.0,0.0,1.0,0.0,0.0,2.0,1.0,0.0,0.0,0.0,0.0,0.0,0.0,0.0,0.0,0.0,0.0,0.0,0.0,0.0,4.0,1.0,0.0,0.0,9.0,0.0,0.0,0.0,0.0,0.0,0.0,0.0,180.0,17.0,2391.0,33.0,5.0,159.0,,,,,65.0,31.0,3,Harold Fannin,Bowling Green,Mid-American,Tight End,0.25,2.25,13.283333333333333,4.818181818181818,,,,,
5083315,2026,16,0.0,0.0,0.0,1.0,0.0,0.0,2.0,1.0,0.0,0.0,0.0,0.0,0.0,2.0,0.0,28.0,0.0,0.0,0.0,0.0,0.0,0.0,0.0,0.0,0.0,0.0,0.0,0.0,0.0,0.0,0.0,0.0,0.0,80.0,11.0,892.0,9.0,0.0,42.0,18.0,,,,39.0,16.0,3,Kenyon Sadiq,Oregon,Pac-12,Tight End,,,11.15,4.666666666666667,14.0,,,,
5083656,2025,178,16.0,2.0,0.0,80.0,0.0,3.0,119.0,0.0,0.0,3.0,2.0,0.0,11.0,0.0,0.0,0.0,0.0,0.0,0.0,0.0,0.0,0.0,0.0,0.0,0.0,0.0,0.0,0.0,0.0,0.0,0.0,0.0,0.0,0.0,0.0,0.0,0.0,0.0,0.0,,,,,,,3,Bilhal Kone,Western Michigan,Mid-American,Cornerback,,,,,,,,,5.5
5083754,2024,216,0.0,0.0,0.0,0.0,0.0,0.0,0.0,1.0,0.0,0.0,0.0,0.0,0.0,5.0,0.0,113.0,0.0,0.0,0.0,0.0,0.0,0.0,0.0,0.0,0.0,0.0,0.0,0.0,0.0,0.0,0.0,0.0,0.0,118.0,13.0,1823.0,9.0,2.0,88.0,52.0,,,,89.0,39.0,2,Ryan Flournoy,Southeast Missouri State,OVC,Wide Receiver,,,15.44915254237288,9.777777777777779,22.6,,,,
5084514,2026,104,0.0,1.0,2.5,14.0,0.0,5.0,25.0,0.0,0.0,1.0,0.0,0.0,0.0,0.0,0.0,0.0,0.0,0.0,0.0,0.0,0.0,0.0,0.0,0.0,0.0,0.0,0.0,0.0,0.0,0.0,0.0,0.0,0.0,1.0,0.0,-4.0,0.0,0.0,0.0,,,,,0.0,,4,Kaleb Proctor,SE Louisiana,Southland,Defensive Tackle,,,-4.0,,,,,,
5084956,2026,211,0.0,0.0,0.0,3.0,0.0,0.0,3.0,0.0,0.0,0.0,0.0,0.0,0.0,0.0,0.0,0.0,1.0,0.0,0.0,0.0,0.0,0.0,0.0,0.0,0.0,0.0,0.0,0.0,0.0,50.0,148.0,7.0,7053.0,0.0,0.0,0.0,2.0,0.0,-21.0,,0.0,,67.0,,0.0,3,Ryan Eckley,Michigan State,Big Ten,Punter,,,,-10.5,,,47.6554054054054,0.0,
5085024,2026,203,0.0,0.0,0.0,1.0,0.0,0.0,1.0,0.0,0.0,0.0,0.0,0.0,0.0,0.0,0.0,0.0,0.0,0.0,0.0,0.0,0.0,0.0,0.0,0.0,0.0,0.0,0.0,0.0,0.0,0.0,0.0,0.0,0.0,95.0,8.0,1187.0,0.0,0.0,0.0,,,,,50.0,,4,CJ Williams,Wisconsin,Big Ten,Wide Receiver,,,12.494736842105263,,,,,,
5085189,2026,221,0.0,0.0,0.0,1.0,0.0,0.0,1.0,1.0,0.0,0.0,0.0,0.0,0.0,1.0,0.0,4.0,0.0,0.0,0.0,0.0,0.0,0.0,0.0,0.0,0.0,0.0,0.0,0.0,0.0,0.0,0.0,0.0,0.0,124.0,7.0,1377.0,0.0,0.0,0.0,4.0,,,,57.0,,3,Jack Endries,Texas,SEC,Tight End,,,11.10483870967742,,4.0,,,,
5085355,2025,121,1.0,2.0,3.0,9.0,0.0,4.0,14.0,0.0,0.0,1.0,0.0,0.0,0.0,1.0,0.0,6.0,0.0,0.0,0.0,0.0,0.0,0.0,0.0,0.0,0.0,0.0,0.0,0.0,0.0,0.0,0.0,0.0,0.0,0.0,0.0,0.0,0.0,0.0,0.0,6.0,,,,,,3,David Walker,Central Arkansas,UAC,Defensive Edge,,,,,6.0,,,,
5085407,2026,212,6.0,6.0,8.5,159.0,0.0,17.0,288.0,0.0,0.0,1.0,3.0,0.0,42.0,0.0,0.0,0.0,0.0,0.0,0.0,0.0,0.0,0.0,0.0,0.0,0.0,0.0,0.0,0.0,0.0,0.0,0.0,0.0,0.0,0.0,0.0,0.0,0.0,0.0,0.0,,,,,,,4,Namdi Obiazor,TCU,Big 12,Linebacker,,,,,,,,,14.0
5086161,2026,154,5.0,2.0,5.0,86.0,0.0,17.0,161.0,0.0,0.0,0.0,2.0,0.0,0.0,0.0,0.0,0.0,0.0,0.0,0.0,0.0,0.0,0.0,0.0,0.0,0.0,0.0,0.0,0.0,0.0,0.0,0.0,0.0,0.0,0.0,0.0,0.0,0.0,0.0,0.0,,,,,,,3,Jaden Dugger,Louisiana,Sun Belt,Linebacker,,,,,,,,,0.0
5088338,2026,115,0.0,0.0,0.0,2.0,0.0,0.0,2.0,1.0,0.0,0.0,0.0,0.0,0.0,5.0,0.0,84.0,0.0,0.0,0.0,0.0,0.0,0.0,0.0,0.0,0.0,0.0,0.0,0.0,0.0,0.0,0.0,0.0,0.0,240.0,44.0,3649.0,8.0,1.0,48.0,32.0,,,,84.0,13.0,4,Elijah Sarratt,St. Francis (PA),NEC,Wide Receiver,,,15.204166666666667,6.0,16.8,,,,
5088571,2026,135,9.0,5.0,4.0,117.0,0.0,15.0,258.0,0.0,0.0,1.0,2.0,0.0,31.0,0.0,0.0,0.0,0.0,0.0,0.0,0.0,0.0,0.0,0.0,0.0,0.0,0.0,0.0,0.0,0.0,0.0,0.0,0.0,0.0,0.0,0.0,0.0,1.0,1.0,1.0,,,,,,1.0,4,Bryce Boettcher,Oregon,Pac-12,Linebacker,,,,1.0,,,,,15.5
5089178,2025,86,3.0,0.0,8.0,43.0,0.0,16.0,63.0,0.0,0.0,0.0,0.0,0.0,0.0,0.0,0.0,0.0,0.0,0.0,0.0,0.0,0.0,0.0,0.0,0.0,0.0,0.0,0.0,0.0,0.0,0.0,0.0,0.0,0.0,0.0,0.0,0.0,0.0,0.0,0.0,,,,,,,3,Jamaree Caldwell,Oregon,Big Ten,Defensive Tackle,,,,,,,,,
5091739,2026,83,0.0,0.0,0.0,0.0,0.0,0.0,1.0,0.0,0.0,0.0,0.0,0.0,0.0,0.0,0.0,0.0,0.0,0.0,0.0,0.0,0.0,0.0,0.0,0.0,0.0,0.0,0.0,0.0,0.0,0.0,0.0,0.0,0.0,136.0,16.0,2072.0,0.0,0.0,0.0,,,,,72.0,,4,Chris Brazzell II,Tulane,American Athletic,Wide Receiver,,,15.235294117647058,,,,,,
5091793,2026,163,0.0,0.0,0.0,2.0,0.0,0.0,4.0,0.0,0.0,0.0,6.0,0.0,50.0,0.0,0.0,0.0,0.0,0.0,0.0,0.0,0.0,0.0,0.0,0.0,0.0,0.0,0.0,0.0,0.0,0.0,0.0,0.0,0.0,0.0,0.0,0.0,0.0,0.0,0.0,,,,,,,4,Charles Demmings,Stephen F. Austin,Western Athletic,Cornerback,,,,,,,,,8.333333333333334
5092508,2026,140,0.0,0.0,0.0,2.0,0.0,0.0,2.0,1.0,1.0,0.0,0.0,0.0,0.0,0.0,0.0,0.0,0.0,0.0,0.0,0.0,0.0,0.0,0.0,0.0,0.0,0.0,0.0,0.0,0.0,0.0,0.0,0.0,0.0,116.0,13.0,1446.0,0.0,0.0,0.0,,,,,71.0,,4,Colbie Young,Miami,ACC,Wide Receiver,,,12.46551724137931,,,,,,
5092959,2024,86,0.0,0.0,0.0,1.0,0.0,0.0,1.0,0.0,0.0,0.0,0.0,0.0,0.0,0.0,0.0,0.0,0.0,0.0,0.0,0.0,0.0,0.0,0.0,0.0,0.0,0.0,0.0,0.0,0.0,0.0,0.0,0.0,0.0,0.0,0.0,0.0,0.0,0.0,0.0,,,,,,,1,Dominick Puni,Kansas,Big 12,Offensive Tackle,,,,,,,,,
5093004,2026,157,21.0,1.0,1.0,71.0,0.0,1.0,98.0,0.0,0.0,1.0,6.0,0.0,8.0,0.0,0.0,0.0,0.0,0.0,0.0,0.0,0.0,0.0,0.0,0.0,0.0,0.0,0.0,0.0,0.0,0.0,0.0,0.0,0.0,0.0,0.0,0.0,0.0,0.0,0.0,,,,,,,3,Keith Abney,Arizona State,Pac-12,Cornerback,,,,,,,,,1.3333333333333333
5093694,2026,116,13.0,12.0,6.0,128.0,3.0,19.0,177.0,8.0,5.0,2.0,3.0,2.0,110.0,5.0,0.0,64.0,0.0,0.0,0.0,0.0,0.0,0.0,0.0,0.0,0.0,0.0,44.0,1.0,463.0,0.0,0.0,0.0,0.0,0.0,0.0,0.0,0.0,0.0,0.0,29.0,,74.0,,,,4,Keionte Scott,Miami,ACC,Cornerback,,,,,12.8,10.522727272727273,,,36.666666666666664
5093973,2024,232,0.0,0.0,0.0,0.0,0.0,0.0,0.0,0.0,0.0,1.0,0.0,0.0,0.0,0.0,0.0,0.0,0.0,0.0,0.0,0.0,0.0,0.0,0.0,0.0,0.0,0.0,0.0,0.0,0.0,0.0,0.0,0.0,0.0,0.0,0.0,0.0,0.0,0.0,0.0,,,,,,,1,Levi Drake Rodriguez,East Texas A&M,Southland,Defensive Tackle,,,,,,,,,
5095865,2025,76,8.0,0.0,1.0,35.0,1.0,4.0,68.0,0.0,0.0,1.0,3.0,1.0,50.0,0.0,0.0,0.0,0.0,0.0,0.0,0.0,0.0,0.0,0.0,0.0,0.0,0.0,0.0,0.0,0.0,0.0,0.0,0.0,0.0,0.0,0.0,0.0,0.0,0.0,0.0,,,,,,,3,Shavon Revel,East Carolina,American Athletic,Cornerback,,,,,,,,,16.666666666666668
5098536,2025,52,5.0,6.0,4.5,57.0,0.0,15.5,110.0,0.0,0.0,2.0,1.0,0.0,0.0,0.0,0.0,0.0,0.0,0.0,0.0,0.0,0.0,0.0,0.0,0.0,0.0,0.0,0.0,0.0,0.0,0.0,0.0,0.0,0.0,0.0,0.0,0.0,0.0,0.0,0.0,,,,,,,2,Oluwafemi Oladejo,UCLA,Pac-12,Defensive Edge,,,,,,,,,0.0
5103940,2026,205,2.0,9.0,5.5,49.0,1.0,12.0,82.0,0.0,0.0,1.0,1.0,1.0,55.0,0.0,0.0,0.0,0.0,0.0,0.0,0.0,0.0,0.0,0.0,0.0,0.0,0.0,0.0,0.0,0.0,0.0,0.0,0.0,0.0,0.0,0.0,0.0,0.0,0.0,0.0,,,,,,,3,Skyler Gill-Howard,Texas Tech,Big 12,Defensive Tackle,,,,,,,,,55.0
511197,2015,31,0.0,0.0,0.0,0.0,0.0,0.0,0.0,0.0,0.0,0.0,3.0,0.0,8.0,0.0,0.0,0.0,0.0,0.0,0.0,0.0,0.0,0.0,0.0,0.0,0.0,0.0,0.0,0.0,0.0,0.0,0.0,0.0,0.0,0.0,0.0,0.0,0.0,0.0,0.0,,,,,,,3,Stephone Anthony,Clemson,ACC,Inside Linebacker,,,,,,,,,2.6666666666666665
511204,2016,109,0.0,0.0,0.0,0.0,0.0,0.0,0.0,0.0,0.0,0.0,2.0,0.0,1.0,0.0,0.0,0.0,0.0,0.0,0.0,0.0,0.0,0.0,0.0,0.0,0.0,0.0,0.0,0.0,0.0,0.0,0.0,0.0,0.0,0.0,0.0,0.0,0.0,0.0,0.0,,,,,,,1,B.J. Goodson,Clemson,ACC,Inside Linebacker,,,,,,,,,0.5
511213,2016,241,0.0,0.0,0.0,0.0,0.0,0.0,0.0,0.0,0.0,0.0,0.0,0.0,0.0,2.0,0.0,22.0,0.0,0.0,0.0,0.0,0.0,0.0,0.0,0.0,0.0,0.0,0.0,0.0,0.0,0.0,0.0,0.0,0.0,99.0,10.0,1172.0,2.0,0.0,-9.0,13.0,,,,64.0,4.0,5,Charone Peake,Clemson,ACC,Wide Receiver,,,11.83838383838384,-4.5,11.0,,,,
511265,2015,200,0.0,0.0,0.0,0.0,0.0,0.0,0.0,0.0,0.0,0.0,11.0,0.0,28.0,21.0,0.0,392.0,0.0,0.0,0.0,0.0,0.0,0.0,0.0,0.0,0.0,0.0,43.0,0.0,326.0,0.0,0.0,0.0,0.0,0.0,0.0,0.0,0.0,0.0,0.0,29.0,,81.0,,,,4,Quandre Diggs,Texas,Big 12,Cornerback,,,,,18.666666666666668,7.5813953488372094,,,2.5454545454545454
511294,2016,118,0.0,0.0,0.0,0.0,0.0,0.0,0.0,0.0,0.0,0.0,6.0,0.0,67.0,0.0,0.0,0.0,0.0,0.0,0.0,0.0,0.0,0.0,0.0,0.0,0.0,0.0,0.0,0.0,0.0,0.0,0.0,0.0,0.0,0.0,0.0,0.0,0.0,0.0,0.0,,,,,,,4,Juston Burris,NC State,ACC,Cornerback,,,,,,,,,11.166666666666666
511310,2012,163,0.0,0.0,0.0,0.0,0.0,0.0,0.0,0.0,0.0,0.0,3.0,0.0,9.0,0.0,0.0,0.0,0.0,0.0,0.0,0.0,0.0,0.0,0.0,0.0,0.0,0.0,0.0,0.0,0.0,0.0,0.0,0.0,0.0,0.0,0.0,0.0,0.0,0.0,0.0,,,,,,,1,Terrell Manning,NC State,ACC,Outside Linebacker,,,,,,,,,3.0
511448,2015,241,0.0,0.0,0.0,0.0,0.0,0.0,0.0,0.0,0.0,0.0,9.0,1.0,85.0,0.0,0.0,0.0,0.0,0.0,0.0,0.0,0.0,0.0,0.0,0.0,0.0,0.0,7.0,0.0,51.0,0.0,0.0,0.0,0.0,0.0,0.0,0.0,0.0,0.0,0.0,,,26.0,,,,4,Ifo Ekpre-Olomu,Oregon,Pac-12,Cornerback,,,,,,7.285714285714286,,,9.444444444444445
511450,2015,53,0.0,0.0,0.0,0.0,0.0,0.0,0.0,0.0,0.0,0.0,0.0,0.0,0.0,0.0,0.0,0.0,0.0,0.0,0.0,0.0,0.0,0.0,0.0,0.0,0.0,0.0,0.0,0.0,0.0,0.0,0.0,0.0,0.0,0.0,1.0,1.0,0.0,0.0,0.0,,,,,1.0,,1,Jake Fisher,Oregon,Pac-12,Offensive Tackle,,,inf,,,,,,
511459,2015,2,0.0,0.0,0.0,0.0,0.0,0.0,0.0,0.0,0.0,0.0,0.0,0.0,0.0,0.0,0.0,0.0,0.0,0.0,0.0,0.0,0.0,1167.0,779.0,14.0,105.0,10796.0,0.0,0.0,0.0,0.0,0.0,0.0,0.0,2.0,2.0,28.0,337.0,29.0,2237.0,,,,,26.0,86.0,3,Marcus Mariota,Oregon,Pac-12,Quarterback,0.6675235646958012,9.251071122536418,14.0,6.637982195845697,,,,,
511464,2014,124,0.0,0.0,0.0,0.0,0.0,0.0,0.0,0.0,0.0,0.0,0.0,0.0,0.0,73.0,4.0,1885.0,0.0,0.0,0.0,0.0,0.0,0.0,0.0,0.0,0.0,0.0,16.0,1.0,274.0,0.0,0.0,0.0,0.0,113.0,15.0,1296.0,243.0,26.0,1890.0,96.0,,73.0,,69.0,91.0,3,De'Anthony Thomas,Oregon,Pac-12,Running Back,,,11.469026548672566,7.777777777777778,25.82191780821918,17.125,,,
511476,2014,20,0.0,0.0,0.0,0.0,0.0,0.0,0.0,0.0,0.0,0.0,0.0,0.0,0.0,8.0,0.0,179.0,0.0,0.0,0.0,0.0,0.0,1.0,0.0,0.0,0.0,0.0,18.0,0.0,72.0,0.0,0.0,0.0,0.0,226.0,24.0,3272.0,61.0,2.0,340.0,44.0,,41.0,,75.0,29.0,3,Brandin Cooks,Oregon State,Pac-12,Wide Receiver,0.0,0.0,14.47787610619469,5.573770491803279,22.375,4.0,,,
511613,2015,189,0.0,0.0,0.0,0.0,0.0,0.0,0.0,0.0,0.0,0.0,7.0,1.0,118.0,12.0,1.0,339.0,0.0,0.0,0.0,0.0,0.0,0.0,0.0,0.0,0.0,0.0,2.0,1.0,35.0,0.0,0.0,0.0,0.0,11.0,1.0,172.0,0.0,0.0,0.0,93.0,,28.0,,55.0,,3,Charles Gaines,Louisville,Big East,Cornerback,,,15.636363636363637,,28.25,17.5,,,16.857142857142858
511614,2014,32,0.0,0.0,0.0,0.0,0.0,0.0,0.0,0.0,0.0,0.0,0.0,0.0,0.0,0.0,0.0,0.0,0.0,0.0,0.0,0.0,0.0,1142.0,781.0,24.0,72.0,9817.0,0.0,0.0,0.0,0.0,0.0,0.0,0.0,0.0,0.0,0.0,226.0,6.0,164.0,,,,,,26.0,3,Teddy Bridgewater,Louisville,Big East,Quarterback,0.6838879159369528,8.59632224168126,,0.7256637168141593,,,,,
511615,2015,14,0.0,0.0,0.0,0.0,0.0,0.0,0.0,0.0,0.0,0.0,0.0,0.0,0.0,0.0,0.0,0.0,0.0,0.0,0.0,0.0,0.0,0.0,0.0,0.0,0.0,0.0,0.0,0.0,0.0,0.0,0.0,0.0,0.0,156.0,33.0,2775.0,0.0,0.0,0.0,,,,,75.0,,4,DeVante Parker,Louisville,Big East,Wide Receiver,,,17.78846153846154,,,,,,
511655,2017,234,1.0,14.0,13.0,34.0,0.0,23.0,45.0,0.0,0.0,0.0,0.0,0.0,0.0,0.0,0.0,0.0,0.0,0.0,0.0,0.0,0.0,0.0,0.0,0.0,0.0,0.0,0.0,0.0,0.0,0.0,0.0,0.0,0.0,0.0,0.0,0.0,0.0,0.0,0.0,,,,,,,1,Ejuan Price,Pittsburgh,ACC,Outside Linebacker,,,,,,,,,
511691,2016,196,0.0,0.0,0.0,0.0,0.0,0.0,0.0,0.0,0.0,0.0,8.0,1.0,174.0,3.0,0.0,105.0,0.0,0.0,0.0,0.0,0.0,0.0,0.0,0.0,0.0,0.0,0.0,0.0,0.0,0.0,0.0,0.0,0.0,0.0,0.0,0.0,0.0,0.0,0.0,61.0,,,,,,2,Blake Countess,Michigan,Big Ten,Cornerback,,,,,35.0,,,,21.75
511704,2015,63,0.0,0.0,0.0,0.0,0.0,0.0,0.0,0.0,0.0,0.0,1.0,0.0,7.0,0.0,0.0,0.0,0.0,0.0,0.0,0.0,0.0,0.0,0.0,0.0,0.0,0.0,0.0,0.0,0.0,0.0,0.0,0.0,0.0,0.0,0.0,0.0,0.0,0.0,0.0,,,,,,,1,Frank Clark,Michigan,Big Ten,Defensive End,,,,,,,,,7.0
511828,2014,75,0.0,0.0,0.0,0.0,0.0,0.0,0.0,0.0,0.0,0.0,0.0,0.0,0.0,42.0,2.0,1107.0,0.0,0.0,0.0,0.0,0.0,0.0,0.0,0.0,0.0,0.0,0.0,0.0,0.0,0.0,0.0,0.0,0.0,19.0,1.0,249.0,516.0,32.0,2979.0,100.0,,,,34.0,86.0,3,Tre Mason,Auburn,SEC,Running Back,,,13.105263157894736,5.773255813953488,26.357142857142858,,,,
5118340,2026,50,30.0,0.0,0.0,111.0,5.0,10.5,166.0,0.0,0.0,2.0,7.0,2.0,105.0,0.0,0.0,0.0,0.0,0.0,0.0,0.0,0.0,0.0,0.0,0.0,0.0,0.0,2.0,2.0,45.0,0.0,0.0,0.0,0.0,1.0,0.0,6.0,0.0,0.0,0.0,,,22.0,,6.0,,3,D'Angelo Ponds,James Madison,Sun Belt,Cornerback,,,6.0,,,22.5,,,15.0
511843,2015,157,0.0,0.0,0.0,0.0,0.0,0.0,0.0,0.0,0.0,0.0,0.0,0.0,0.0,2.0,0.0,46.0,0.0,0.0,0.0,0.0,0.0,4.0,2.0,1.0,1.0,3.0,0.0,0.0,0.0,0.0,0.0,0.0,0.0,29.0,7.0,435.0,1.0,0.0,1.0,38.0,,,,38.0,1.0,4,C.J. Uzomah,Auburn,SEC,Tight End,0.5,0.75,15.0,1.0,23.0,,,,
511849,2015,100,0.0,0.0,0.0,0.0,0.0,0.0,0.0,0.0,0.0,0.0,0.0,0.0,0.0,0.0,0.0,0.0,0.0,0.0,0.0,0.0,0.0,0.0,0.0,0.0,0.0,0.0,1.0,0.0,1.0,0.0,0.0,0.0,0.0,0.0,0.0,0.0,0.0,0.0,0.0,,,1.0,,,,1,Angelo Blackson,Auburn,SEC,Defensive Tackle,,,,,,1.0,,,
511854,2015,171,0.0,0.0,0.0,0.0,0.0,0.0,0.0,0.0,0.0,0.0,0.0,0.0,0.0,0.0,0.0,0.0,0.0,0.0,0.0,0.0,0.0,0.0,0.0,0.0,0.0,0.0,0.0,0.0,0.0,0.0,0.0,0.0,0.0,4.0,0.0,47.0,0.0,0.0,0.0,,,,,22.0,,1,Nick Boyle,Delaware,CAA,Tight End,,,11.75,,,,,,
511889,2016,207,0.0,0.0,0.0,0.0,0.0,0.0,0.0,0.0,0.0,0.0,0.0,0.0,0.0,0.0,0.0,0.0,0.0,0.0,0.0,0.0,0.0,1002.0,609.0,28.0,50.0,7444.0,0.0,0.0,0.0,0.0,1.0,0.0,15.0,0.0,0.0,0.0,312.0,14.0,967.0,,,,15.0,,70.0,5,Jeff Driskel,Louisiana Tech,Conference USA,Quarterback,0.6077844311377245,7.429141716566866,,3.0993589743589745,,,15.0,,
511982,2015,147,0.0,0.0,0.0,0.0,0.0,0.0,0.0,0.0,0.0,0.0,0.0,0.0,0.0,0.0,0.0,0.0,0.0,0.0,0.0,0.0,0.0,1240.0,838.0,25.0,75.0,9971.0,0.0,0.0,0.0,0.0,2.0,0.0,64.0,2.0,1.0,16.0,479.0,30.0,1747.0,,,,37.0,9.0,86.0,3,Brett Hundley,UCLA,Pac-12,Quarterback,0.6758064516129032,8.041129032258064,8.0,3.6471816283924845,,,32.0,,
511983,2016,225,0.0,0.0,0.0,0.0,0.0,0.0,0.0,0.0,0.0,0.0,0.0,0.0,0.0,1.0,0.0,39.0,0.0,0.0,0.0,0.0,0.0,1.0,0.0,0.0,0.0,0.0,0.0,0.0,0.0,0.0,0.0,0.0,0.0,124.0,12.0,1826.0,2.0,0.0,37.0,39.0,,,,59.0,34.0,4,Devin Lucien,UCLA,Pac-12,Wide Receiver,0.0,0.0,14.725806451612904,18.5,39.0,,,,
512007,2015,56,0.0,0.0,0.0,0.0,0.0,0.0,0.0,0.0,0.0,0.0,16.0,1.0,232.0,1.0,0.0,11.0,0.0,0.0,0.0,0.0,0.0,0.0,0.0,0.0,0.0,0.0,0.0,0.0,0.0,0.0,0.0,0.0,0.0,0.0,0.0,0.0,0.0,0.0,0.0,11.0,,,,,,4,Senquez Golson,Ole Miss,SEC,Cornerback,,,,,11.0,,,,14.5
512013,2014,90,0.0,0.0,0.0,0.0,0.0,0.0,0.0,0.0,0.0,0.0,0.0,0.0,0.0,0.0,0.0,0.0,0.0,0.0,0.0,0.0,0.0,0.0,0.0,0.0,0.0,0.0,0.0,0.0,0.0,0.0,0.0,0.0,0.0,156.0,20.0,2371.0,0.0,0.0,0.0,,,,,77.0,,3,Donte Moncrief,Ole Miss,SEC,Wide Receiver,,,15.198717948717949,,,,,,
512030,2016,135,0.0,0.0,0.0,0.0,0.0,0.0,0.0,0.0,0.0,0.0,0.0,0.0,0.0,0.0,0.0,0.0,0.0,0.0,0.0,0.0,0.0,1169.0,734.0,23.0,70.0,9376.0,0.0,0.0,0.0,0.0,0.0,0.0,0.0,4.0,3.0,88.0,536.0,41.0,2521.0,,,,,36.0,75.0,4,Dak Prescott,Mississippi State,SEC,Quarterback,0.6278870829769033,8.020530367835757,22.0,4.7033582089552235,,,,,
512032,2015,205,0.0,0.0,0.0,0.0,0.0,0.0,0.0,0.0,0.0,0.0,0.0,0.0,0.0,0.0,0.0,0.0,0.0,0.0,0.0,0.0,0.0,0.0,0.0,0.0,0.0,0.0,0.0,0.0,0.0,0.0,0.0,0.0,0.0,43.0,1.0,493.0,323.0,15.0,1997.0,,,,,47.0,73.0,3,Josh Robinson,Mississippi State,SEC,Running Back,,,11.465116279069768,6.182662538699691,,,,,
512039,2013,36,0.0,0.0,0.0,0.0,0.0,0.0,0.0,0.0,0.0,0.0,6.0,2.0,173.0,0.0,0.0,0.0,0.0,0.0,0.0,0.0,0.0,0.0,0.0,0.0,0.0,0.0,0.0,0.0,0.0,0.0,0.0,0.0,0.0,0.0,0.0,0.0,0.0,0.0,0.0,,,,,,,2,Darius Slay,Mississippi State,SEC,Cornerback,,,,,,,,,28.833333333333332
512073,2016,107,0.0,0.0,0.0,0.0,0.0,0.0,0.0,0.0,0.0,0.0,0.0,0.0,0.0,11.0,0.0,226.0,0.0,0.0,0.0,0.0,0.0,0.0,0.0,0.0,0.0,0.0,0.0,0.0,0.0,0.0,0.0,0.0,0.0,119.0,26.0,2301.0,4.0,0.0,26.0,36.0,,,,83.0,20.0,4,Chris Moore,Cincinnati,Big East,Wide Receiver,,,19.33613445378151,6.5,20.545454545454547,,,,
5121433,2026,233,2.0,5.0,6.5,24.0,0.0,8.5,53.0,0.0,0.0,0.0,0.0,0.0,0.0,1.0,0.0,0.0,0.0,0.0,0.0,0.0,0.0,0.0,0.0,0.0,0.0,0.0,0.0,0.0,0.0,0.0,0.0,0.0,0.0,0.0,0.0,0.0,0.0,0.0,0.0,0.0,,,,,,2,Zach Durfee,Washington,Big Ten,Defensive Edge,,,,,0.0,,,,
512167,2015,207,0.0,0.0,0.0,0.0,0.0,0.0,0.0,0.0,0.0,0.0,3.0,1.0,51.0,0.0,0.0,0.0,0.0,0.0,0.0,0.0,0.0,0.0,0.0,0.0,0.0,0.0,0.0,0.0,0.0,0.0,0.0,0.0,0.0,0.0,0.0,0.0,0.0,0.0,0.0,,,,,,,3,Amarlo Herrera,Georgia,SEC,Inside Linebacker,,,,,,,,,17.0
512178,2016,112,0.0,0.0,0.0,0.0,0.0,0.0,0.0,0.0,0.0,0.0,0.0,0.0,0.0,17.0,0.0,364.0,0.0,0.0,0.0,0.0,0.0,0.0,0.0,0.0,0.0,0.0,12.0,0.0,56.0,0.0,0.0,0.0,0.0,174.0,16.0,2350.0,9.0,0.0,55.0,48.0,,22.0,,71.0,20.0,4,Malcolm Mitchell,Georgia,SEC,Wide Receiver,,,13.505747126436782,6.111111111111111,21.41176470588235,4.666666666666667,,,
512186,2015,167,0.0,0.0,0.0,0.0,0.0,0.0,0.0,0.0,0.0,0.0,8.0,0.0,79.0,0.0,0.0,0.0,0.0,0.0,0.0,0.0,0.0,0.0,0.0,0.0,0.0,0.0,14.0,0.0,65.0,0.0,0.0,0.0,0.0,0.0,0.0,0.0,0.0,0.0,0.0,,,30.0,,,,3,Damian Swann,Georgia,SEC,Cornerback,,,,,,4.642857142857143,,,9.875
512191,2016,91,0.0,0.0,0.0,0.0,0.0,0.0,0.0,0.0,0.0,0.0,0.0,0.0,0.0,0.0,0.0,0.0,0.0,0.0,0.0,0.0,0.0,839.0,499.0,15.0,46.0,5723.0,0.0,0.0,0.0,0.0,0.0,0.0,0.0,1.0,0.0,20.0,283.0,12.0,902.0,,,,,20.0,60.0,4,Jacoby Brissett,NC State,ACC,Quarterback,0.5947556615017878,6.821215733015495,20.0,3.187279151943463,,,,,
512321,2014,118,0.0,0.0,0.0,0.0,0.0,0.0,0.0,0.0,0.0,0.0,0.0,0.0,0.0,14.0,0.0,291.0,0.0,0.0,0.0,0.0,0.0,0.0,0.0,0.0,0.0,0.0,0.0,0.0,0.0,0.0,0.0,0.0,0.0,61.0,13.0,1354.0,1.0,0.0,17.0,36.0,,,,76.0,17.0,3,Martavis Bryant,Clemson,ACC,Wide Receiver,,,22.19672131147541,17.0,20.785714285714285,,,,
5123663,2025,70,0.0,0.0,0.0,0.0,0.0,0.0,1.0,2.0,1.0,1.0,0.0,0.0,0.0,0.0,0.0,0.0,0.0,0.0,0.0,0.0,0.0,0.0,0.0,0.0,0.0,0.0,0.0,0.0,0.0,0.0,0.0,0.0,0.0,62.0,5.0,896.0,1.0,0.0,0.0,,,,,75.0,0.0,2,Isaac Teslaa,Arkansas,SEC,Wide Receiver,,,14.451612903225806,0.0,,,,,
512368,2016,64,0.0,0.0,0.0,0.0,0.0,0.0,0.0,0.0,0.0,0.0,19.0,4.0,377.0,3.0,0.0,17.0,0.0,0.0,0.0,0.0,0.0,0.0,0.0,0.0,0.0,0.0,1.0,1.0,76.0,0.0,0.0,0.0,0.0,0.0,0.0,0.0,0.0,0.0,0.0,9.0,,76.0,,,,4,Kevin Byard,Middle Tennessee,Sun Belt,Safety,,,,,5.666666666666667,76.0,,,19.842105263157894
512467,2013,12,0.0,0.0,0.0,0.0,0.0,0.0,0.0,0.0,0.0,0.0,6.0,3.0,229.0,0.0,0.0,0.0,0.0,0.0,0.0,0.0,0.0,0.0,0.0,0.0,0.0,0.0,1.0,0.0,11.0,0.0,0.0,0.0,0.0,0.0,0.0,0.0,0.0,0.0,0.0,,,11.0,,,,2,D.J. Hayden,Houston,Conference USA,Cornerback,,,,,,11.0,,,38.166666666666664
512522,2015,145,0.0,0.0,0.0,0.0,0.0,0.0,0.0,0.0,0.0,0.0,12.0,4.0,246.0,42.0,0.0,1061.0,0.0,0.0,0.0,0.0,0.0,0.0,0.0,0.0,0.0,0.0,0.0,0.0,0.0,0.0,0.0,0.0,0.0,1.0,0.0,61.0,0.0,0.0,0.0,95.0,,,,61.0,,4,Bobby McCain,Memphis,Conference USA,Cornerback,,,61.0,,25.261904761904763,,,,20.5
512671,2016,119,0.0,0.0,0.0,0.0,0.0,0.0,0.0,0.0,0.0,0.0,0.0,0.0,0.0,101.0,3.0,2374.0,0.0,0.0,0.0,0.0,0.0,0.0,0.0,0.0,0.0,0.0,15.0,2.0,186.0,0.0,0.0,0.0,0.0,87.0,4.0,783.0,528.0,19.0,2803.0,97.0,,85.0,,75.0,89.0,5,Tyler Ervin,San José State,Western Athletic,Running Back,,,9.0,5.308712121212121,23.504950495049506,12.4,,,
512701,2016,75,0.0,0.0,0.0,0.0,0.0,0.0,0.0,0.0,0.0,0.0,1.0,1.0,56.0,0.0,0.0,0.0,0.0,0.0,0.0,0.0,0.0,0.0,0.0,0.0,0.0,0.0,0.0,0.0,0.0,0.0,0.0,0.0,0.0,0.0,0.0,0.0,0.0,0.0,0.0,,,,,,,1,Shilique Calhoun,Michigan State,Big Ten,Defensive End,,,,,,,,,56.0
512705,2016,100,0.0,0.0,0.0,0.0,0.0,0.0,0.0,0.0,0.0,0.0,0.0,0.0,0.0,0.0,0.0,0.0,0.0,0.0,0.0,0.0,0.0,1170.0,673.0,22.0,71.0,9194.0,0.0,0.0,0.0,0.0,0.0,0.0,0.0,0.0,0.0,0.0,176.0,3.0,209.0,,,,,,22.0,4,Connor Cook,Michigan State,Big Ten,Quarterback,0.5752136752136752,7.858119658119658,,1.1875,,,,,
512727,2015,11,0.0,0.0,0.0,0.0,0.0,0.0,0.0,0.0,0.0,0.0,6.0,0.0,11.0,0.0,0.0,0.0,0.0,0.0,0.0,0.0,0.0,0.0,0.0,0.0,0.0,0.0,0.0,0.0,0.0,0.0,0.0,0.0,0.0,0.0,0.0,0.0,0.0,0.0,0.0,,,,,,,2,Trae Waynes,Michigan State,Big Ten,Cornerback,,,,,,,,,1.8333333333333333
512737,2015,138,0.0,0.0,0.0,0.0,0.0,0.0,0.0,0.0,0.0,0.0,0.0,0.0,0.0,0.0,0.0,0.0,0.0,0.0,0.0,0.0,0.0,1.0,1.0,0.0,0.0,9.0,0.0,0.0,0.0,0.0,0.0,0.0,0.0,34.0,0.0,339.0,563.0,20.0,2896.0,,,,,33.0,67.0,4,David Cobb,Minnesota,Big Ten,Running Back,1.0,9.0,9.970588235294118,5.143872113676732,,,,,
512774,2013,128,0.0,0.0,0.0,0.0,0.0,0.0,0.0,0.0,0.0,0.0,0.0,0.0,0.0,7.0,0.0,108.0,0.0,0.0,0.0,0.0,0.0,0.0,0.0,0.0,0.0,0.0,13.0,0.0,27.0,0.0,0.0,0.0,0.0,183.0,24.0,2594.0,11.0,0.0,37.0,33.0,,17.0,,90.0,9.0,2,Quinton Patton,Louisiana Tech,Western Athletic,Wide Receiver,,,14.174863387978142,3.3636363636363638,15.428571428571429,2.076923076923077,,,
512783,2013,208,0.0,0.0,0.0,0.0,0.0,0.0,0.0,0.0,0.0,0.0,1.0,0.0,0.0,0.0,0.0,0.0,0.0,0.0,0.0,0.0,0.0,0.0,0.0,0.0,0.0,0.0,0.0,0.0,0.0,0.0,0.0,0.0,0.0,0.0,0.0,0.0,0.0,0.0,0.0,,,,,,,1,Jeremy Harris,New Mexico State,Western Athletic,Cornerback,,,,,,,,,0.0
512807,2013,93,0.0,0.0,0.0,0.0,0.0,0.0,0.0,0.0,0.0,0.0,5.0,1.0,100.0,0.0,0.0,0.0,0.0,0.0,0.0,0.0,0.0,0.0,0.0,0.0,0.0,0.0,0.0,0.0,0.0,0.0,0.0,0.0,0.0,0.0,0.0,0.0,0.0,0.0,0.0,,,,,,,1,Will Davis,Utah State,Western Athletic,Cornerback,,,,,,,,,20.0
512838,2016,85,0.0,0.0,0.0,0.0,0.0,0.0,0.0,0.0,0.0,0.0,0.0,0.0,0.0,0.0,0.0,0.0,0.0,0.0,0.0,0.0,0.0,667.0,396.0,17.0,52.0,5295.0,0.0,0.0,0.0,0.0,0.0,0.0,0.0,26.0,3.0,341.0,599.0,33.0,3314.0,,,,,54.0,81.0,4,Braxton Miller,Ohio State,Big Ten,Wide Receiver,0.5937031484257871,7.938530734632684,13.115384615384615,5.532554257095159,,,,,
512839,2014,4,0.0,0.0,0.0,0.0,0.0,0.0,0.0,0.0,0.0,0.0,0.0,0.0,0.0,60.0,1.0,1376.0,0.0,0.0,0.0,0.0,0.0,5.0,2.0,1.0,1.0,61.0,9.0,0.0,23.0,0.0,0.0,0.0,0.0,240.0,27.0,3391.0,52.0,1.0,339.0,89.0,,12.0,,96.0,58.0,3,Sammy Watkins,Clemson,ACC,Wide Receiver,0.4,12.2,14.129166666666666,6.519230769230769,22.933333333333334,2.5555555555555554,,,
513025,2014,56,0.0,0.0,0.0,0.0,0.0,0.0,0.0,0.0,0.0,0.0,0.0,0.0,0.0,0.0,0.0,0.0,0.0,0.0,0.0,0.0,0.0,0.0,0.0,0.0,0.0,0.0,0.0,0.0,0.0,0.0,0.0,0.0,0.0,135.0,17.0,2042.0,2.0,0.0,3.0,,,,,77.0,5.0,3,Cody Latimer,Indiana,Big Ten,Wide Receiver,,,15.125925925925927,1.5,,,,,
513048,2016,220,0.0,0.0,0.0,0.0,0.0,0.0,0.0,0.0,0.0,0.0,4.0,1.0,148.0,0.0,0.0,0.0,0.0,0.0,0.0,0.0,0.0,0.0,0.0,0.0,0.0,0.0,0.0,0.0,0.0,0.0,0.0,0.0,0.0,0.0,0.0,0.0,0.0,0.0,0.0,,,,,,,2,Travis Feeney,Washington,Pac-12,Outside Linebacker,,,,,,,,,37.0
513059,2015,18,0.0,0.0,0.0,0.0,0.0,0.0,0.0,0.0,0.0,0.0,11.0,1.0,72.0,0.0,0.0,0.0,0.0,0.0,0.0,0.0,0.0,0.0,0.0,0.0,0.0,0.0,0.0,0.0,0.0,0.0,0.0,0.0,0.0,0.0,0.0,0.0,0.0,0.0,0.0,,,,,,,3,Marcus Peters,Washington,Pac-12,Cornerback,,,,,,,,,6.545454545454546
513062,2015,104,0.0,0.0,0.0,0.0,0.0,0.0,0.0,0.0,0.0,0.0,4.0,0.0,36.0,0.0,0.0,0.0,0.0,0.0,0.0,0.0,0.0,0.0,0.0,0.0,0.0,0.0,0.0,0.0,0.0,0.0,0.0,0.0,0.0,0.0,0.0,0.0,0.0,0.0,0.0,,,,,,,1,James Sample,Louisville,ACC,Safety,,,,,,,,,9.0
513063,2014,54,0.0,0.0,0.0,0.0,0.0,0.0,0.0,0.0,0.0,0.0,0.0,0.0,0.0,7.0,0.0,134.0,0.0,0.0,0.0,0.0,0.0,0.0,0.0,0.0,0.0,0.0,0.0,0.0,0.0,0.0,0.0,0.0,0.0,67.0,1.0,567.0,644.0,37.0,3496.0,30.0,,,,42.0,61.0,3,Bishop Sankey,Washington,Pac-12,Running Back,,,8.462686567164178,5.428571428571429,19.142857142857142,,,,
513064,2014,38,0.0,0.0,0.0,0.0,0.0,0.0,0.0,0.0,0.0,0.0,0.0,0.0,0.0,0.0,0.0,0.0,0.0,0.0,0.0,0.0,0.0,0.0,0.0,0.0,0.0,0.0,0.0,0.0,0.0,0.0,0.0,0.0,0.0,146.0,21.0,1840.0,0.0,0.0,0.0,,,,,47.0,,3,Austin Seferian-Jenkins,Washington,Pac-12,Tight End,,,12.602739726027398,,,,,,
513065,2015,12,0.0,0.0,0.0,0.0,0.0,0.0,0.0,0.0,0.0,0.0,0.0,0.0,0.0,2.0,0.0,17.0,0.0,0.0,0.0,0.0,0.0,0.0,0.0,0.0,0.0,0.0,0.0,0.0,0.0,0.0,0.0,0.0,0.0,0.0,0.0,0.0,0.0,0.0,0.0,16.0,,,,,,1,Danny Shelton,Washington,Pac-12,Defensive Tackle,,,,,8.5,,,,
513125,2014,21,0.0,0.0,0.0,0.0,0.0,0.0,0.0,0.0,0.0,0.0,7.0,0.0,115.0,0.0,0.0,0.0,0.0,0.0,0.0,0.0,0.0,0.0,0.0,0.0,0.0,0.0,0.0,0.0,0.0,0.0,0.0,0.0,0.0,0.0,0.0,0.0,0.0,0.0,0.0,,,,,,,2,Ha Ha Clinton-Dix,Alabama,SEC,Safety,,,,,,,,,16.428571428571427
513127,2015,253,0.0,0.0,0.0,0.0,0.0,0.0,0.0,0.0,0.0,0.0,0.0,0.0,0.0,4.0,0.0,30.0,0.0,0.0,0.0,0.0,0.0,0.0,0.0,0.0,0.0,0.0,0.0,0.0,0.0,0.0,0.0,0.0,0.0,0.0,0.0,0.0,0.0,0.0,0.0,14.0,,,,,,3,Xzavier Dickson,Alabama,SEC,Defensive End,,,,,7.5,,,,
513146,2015,76,0.0,0.0,0.0,0.0,0.0,0.0,0.0,0.0,0.0,0.0,0.0,0.0,0.0,0.0,0.0,0.0,0.0,0.0,0.0,0.0,0.0,0.0,0.0,0.0,0.0,0.0,1.0,0.0,9.0,0.0,0.0,0.0,0.0,117.0,20.0,1938.0,0.0,0.0,0.0,,,9.0,,87.0,,4,Chris Conley,Georgia,SEC,Wide Receiver,,,16.564102564102566,,,9.0,,,
513305,2015,140,0.0,0.0,0.0,0.0,0.0,0.0,0.0,0.0,0.0,0.0,4.0,0.0,71.0,0.0,0.0,0.0,0.0,0.0,0.0,0.0,0.0,0.0,0.0,0.0,0.0,0.0,0.0,0.0,0.0,0.0,0.0,0.0,0.0,0.0,0.0,0.0,1.0,0.0,0.0,,,,,,0.0,2,Ben Heeney,Kansas,Big 12,Inside Linebacker,,,,0.0,,,,,17.75
513323,2015,191,0.0,0.0,0.0,0.0,0.0,0.0,0.0,0.0,0.0,0.0,5.0,1.0,32.0,63.0,0.0,1350.0,0.0,0.0,0.0,0.0,0.0,0.0,0.0,0.0,0.0,0.0,0.0,0.0,0.0,0.0,0.0,0.0,0.0,15.0,3.0,252.0,0.0,0.0,0.0,69.0,,,,68.0,,4,JaCorey Shepherd,Kansas,Big 12,Cornerback,,,16.8,,21.428571428571427,,,,6.4
513329,2016,93,0.0,0.0,0.0,0.0,0.0,0.0,0.0,0.0,0.0,0.0,0.0,0.0,0.0,0.0,0.0,0.0,0.0,0.0,0.0,0.0,0.0,1261.0,851.0,19.0,88.0,10339.0,0.0,0.0,0.0,3.0,7.0,3.0,231.0,0.0,0.0,0.0,158.0,7.0,-425.0,,,,47.0,,34.0,4,Cody Kessler,USC,Pac-12,Quarterback,0.6748612212529739,8.199048374306106,,-2.689873417721519,,,33.0,,
513334,2014,39,0.0,0.0,0.0,0.0,0.0,0.0,0.0,0.0,0.0,0.0,0.0,0.0,0.0,50.0,2.0,1305.0,0.0,0.0,0.0,0.0,0.0,0.0,0.0,0.0,0.0,0.0,8.0,0.0,46.0,0.0,0.0,0.0,0.0,248.0,29.0,3655.0,24.0,0.0,146.0,100.0,,18.0,,83.0,38.0,3,Marqise Lee,USC,Pac-12,Wide Receiver,,,14.737903225806452,6.083333333333333,26.1,5.75,,,
513727,2015,204,0.0,0.0,0.0,0.0,0.0,0.0,0.0,0.0,0.0,0.0,0.0,0.0,0.0,0.0,0.0,0.0,0.0,0.0,0.0,0.0,0.0,0.0,0.0,0.0,0.0,0.0,0.0,0.0,0.0,0.0,0.0,0.0,0.0,51.0,9.0,971.0,0.0,0.0,0.0,,,,,72.0,,3,Darren Waller,Georgia Tech,ACC,Wide Receiver,,,19.03921568627451,,,,,,
514099,2014,117,0.0,0.0,0.0,0.0,0.0,0.0,0.0,0.0,0.0,0.0,0.0,0.0,0.0,27.0,0.0,565.0,0.0,0.0,0.0,0.0,0.0,0.0,0.0,0.0,0.0,0.0,0.0,0.0,0.0,0.0,0.0,0.0,0.0,77.0,4.0,679.0,743.0,48.0,4239.0,39.0,,,,47.0,73.0,3,Ka'Deem Carey,Arizona,Pac-12,Running Back,,,8.818181818181818,5.705248990578735,20.925925925925927,,,,
514116,2014,135,0.0,0.0,0.0,0.0,0.0,0.0,0.0,0.0,0.0,0.0,0.0,0.0,0.0,0.0,0.0,0.0,0.0,0.0,0.0,0.0,0.0,757.0,430.0,19.0,37.0,5690.0,0.0,0.0,0.0,0.0,0.0,0.0,0.0,1.0,0.0,-2.0,167.0,4.0,-319.0,,,,,0.0,28.0,3,Tom Savage,Rutgers,Big East,Quarterback,0.5680317040951123,7.516512549537649,-2.0,-1.910179640718563,,,,,
514119,2014,28,0.0,0.0,0.0,0.0,0.0,0.0,0.0,0.0,0.0,0.0,0.0,0.0,0.0,0.0,0.0,0.0,0.0,0.0,0.0,0.0,0.0,0.0,0.0,0.0,0.0,0.0,0.0,0.0,0.0,0.0,0.0,0.0,0.0,84.0,19.0,1506.0,2.0,0.0,33.0,,,,,64.0,17.0,2,Kelvin Benjamin,Florida State,ACC,Wide Receiver,,,17.928571428571427,16.5,,,,,
514134,2014,103,0.0,0.0,0.0,0.0,0.0,0.0,0.0,0.0,0.0,0.0,0.0,0.0,0.0,0.0,0.0,0.0,0.0,0.0,0.0,0.0,0.0,0.0,0.0,0.0,0.0,0.0,0.0,0.0,0.0,0.0,0.0,0.0,0.0,47.0,1.0,475.0,404.0,30.0,2255.0,,,,,48.0,60.0,3,Devonta Freeman,Florida State,ACC,Running Back,,,10.106382978723405,5.5816831683168315,,,,,
514175,2015,92,0.0,0.0,0.0,0.0,0.0,0.0,0.0,0.0,0.0,0.0,0.0,0.0,0.0,2.0,0.0,13.0,0.0,0.0,0.0,0.0,0.0,0.0,0.0,0.0,0.0,0.0,0.0,0.0,0.0,0.0,0.0,0.0,0.0,52.0,7.0,792.0,1.0,0.0,6.0,13.0,,,,57.0,6.0,4,Jeff Heuerman,Ohio State,Big Ten,Tight End,,,15.23076923076923,6.0,6.5,,,,
514180,2014,15,0.0,0.0,0.0,0.0,0.0,0.0,0.0,0.0,0.0,0.0,1.0,1.0,17.0,0.0,0.0,0.0,0.0,0.0,0.0,0.0,0.0,0.0,0.0,0.0,0.0,0.0,2.0,0.0,25.0,0.0,0.0,0.0,0.0,0.0,0.0,0.0,0.0,0.0,0.0,,,25.0,,,,2,Ryan Shazier,Ohio State,Big Ten,Outside Linebacker,,,,,,12.5,,,17.0
514181,2015,37,0.0,0.0,0.0,0.0,0.0,0.0,0.0,0.0,0.0,0.0,0.0,0.0,0.0,13.0,0.0,240.0,0.0,0.0,0.0,0.0,0.0,0.0,0.0,0.0,0.0,0.0,5.0,0.0,18.0,0.0,0.0,0.0,0.0,121.0,30.0,2503.0,1.0,0.0,2.0,29.0,,16.0,,90.0,2.0,4,Devin Smith,Ohio State,Big Ten,Wide Receiver,,,20.68595041322314,2.0,18.46153846153846,3.6,,,
514182,2015,187,0.0,0.0,0.0,0.0,0.0,0.0,0.0,0.0,0.0,0.0,0.0,0.0,0.0,0.0,0.0,0.0,0.0,0.0,0.0,0.0,0.0,1.0,1.0,0.0,1.0,13.0,0.0,0.0,0.0,0.0,0.0,0.0,0.0,52.0,7.0,579.0,1.0,0.0,9.0,,,,,44.0,9.0,4,Evan Spencer,Ohio State,Big Ten,Wide Receiver,1.0,13.0,11.134615384615385,9.0,,,,,
514185,2016,94,0.0,0.0,0.0,0.0,0.0,0.0,0.0,0.0,0.0,0.0,0.0,0.0,0.0,0.0,0.0,0.0,0.0,0.0,0.0,0.0,0.0,0.0,0.0,0.0,0.0,0.0,0.0,0.0,0.0,0.0,0.0,0.0,0.0,55.0,6.0,585.0,1.0,0.0,-1.0,,,,,32.0,0.0,4,Nick Vannett,Ohio State,Big Ten,Tight End,,,10.636363636363637,-1.0,,,,,
514218,2015,15,0.0,0.0,0.0,0.0,0.0,0.0,0.0,0.0,0.0,0.0,0.0,0.0,0.0,8.0,0.0,174.0,0.0,0.0,0.0,0.0,0.0,0.0,0.0,0.0,0.0,0.0,0.0,0.0,0.0,0.0,0.0,0.0,0.0,22.0,4.0,228.0,631.0,45.0,4915.0,32.0,,,,57.0,88.0,4,Melvin Gordon,Wisconsin,Big Ten,Running Back,,,10.363636363636363,7.789223454833597,21.75,,,,
514234,2016,198,0.0,0.0,0.0,0.0,0.0,0.0,0.0,0.0,0.0,0.0,0.0,0.0,0.0,0.0,0.0,0.0,0.0,0.0,0.0,0.0,0.0,0.0,0.0,0.0,0.0,0.0,0.0,0.0,0.0,0.0,0.0,0.0,0.0,30.0,1.0,309.0,13.0,0.0,60.0,,,,,33.0,19.0,4,Derek Watt,Wisconsin,Big Ten,Fullback,,,10.3,4.615384615384615,,,,,
514433,2015,144,0.0,0.0,0.0,0.0,0.0,0.0,0.0,0.0,0.0,0.0,2.0,0.0,0.0,0.0,0.0,0.0,0.0,0.0,0.0,0.0,0.0,0.0,0.0,0.0,0.0,0.0,1.0,0.0,17.0,0.0,0.0,0.0,0.0,0.0,0.0,0.0,0.0,0.0,0.0,,,17.0,,,,3,Mykkele Thompson,Texas,Big 12,Safety,,,,,,17.0,,,0.0
514471,2016,228,0.0,0.0,0.0,0.0,0.0,0.0,0.0,0.0,0.0,0.0,0.0,0.0,0.0,0.0,0.0,0.0,0.0,0.0,0.0,0.0,0.0,2.0,2.0,0.0,1.0,0.0,0.0,0.0,0.0,23.0,218.0,4.0,9291.0,0.0,0.0,0.0,5.0,0.0,54.0,,,,75.0,,42.0,4,Riley Dixon,Syracuse,Big East,Punter,1.0,0.0,,10.8,,,42.61926605504587,,
514480,2014,49,0.0,0.0,0.0,0.0,0.0,0.0,0.0,0.0,0.0,0.0,0.0,0.0,0.0,0.0,0.0,0.0,0.0,0.0,0.0,0.0,0.0,0.0,0.0,0.0,0.0,0.0,0.0,0.0,0.0,0.0,0.0,0.0,0.0,138.0,13.0,1818.0,0.0,0.0,0.0,,,,,61.0,,3,Jace Amaro,Texas Tech,Big 12,Tight End,,,13.173913043478262,,,,,,
514483,2016,82,0.0,0.0,0.0,0.0,0.0,0.0,0.0,0.0,0.0,0.0,0.0,0.0,0.0,0.0,0.0,0.0,0.0,0.0,0.0,0.0,0.0,0.0,0.0,0.0,0.0,0.0,0.0,0.0,0.0,0.0,0.0,0.0,0.0,1.0,0.0,13.0,0.0,0.0,0.0,,,,,8.0,,1,Le'Raven Clark,Texas Tech,Big 12,Offensive Tackle,,,13.0,,,,,,
514493,2016,186,0.0,0.0,0.0,0.0,0.0,0.0,0.0,0.0,0.0,0.0,0.0,0.0,0.0,88.0,4.0,2169.0,0.0,0.0,0.0,0.0,0.0,1.0,1.0,0.0,1.0,72.0,1.0,0.0,1.0,0.0,0.0,0.0,0.0,254.0,27.0,3286.0,33.0,2.0,199.0,100.0,,1.0,,90.0,40.0,4,Jakeem Grant,Texas Tech,Big 12,Wide Receiver,1.0,72.0,12.937007874015748,6.03030303030303,24.647727272727273,1.0,,,
514508,2015,54,0.0,0.0,0.0,0.0,0.0,0.0,0.0,0.0,0.0,0.0,0.0,0.0,0.0,61.0,1.0,1592.0,0.0,0.0,0.0,0.0,0.0,1.0,0.0,0.0,0.0,0.0,46.0,1.0,316.0,0.0,0.0,0.0,0.0,73.0,7.0,690.0,813.0,39.0,4588.0,100.0,,81.0,,58.0,62.0,4,Ameer Abdullah,Nebraska,Big Ten,Running Back,0.0,0.0,9.452054794520548,5.64329643296433,26.098360655737704,6.869565217391305,,,
514535,2013,248,0.0,0.0,0.0,0.0,0.0,0.0,0.0,0.0,0.0,0.0,4.0,0.0,28.0,0.0,0.0,0.0,0.0,0.0,0.0,0.0,0.0,0.0,0.0,0.0,0.0,0.0,0.0,0.0,0.0,0.0,0.0,0.0,0.0,0.0,0.0,0.0,0.0,0.0,0.0,,,,,,,1,Daimion Stafford,Nebraska,Big Ten,Safety,,,,,,,,,7.0
514579,2014,110,0.0,0.0,0.0,0.0,0.0,0.0,0.0,0.0,0.0,0.0,1.0,0.0,3.0,0.0,0.0,0.0,0.0,0.0,0.0,0.0,0.0,0.0,0.0,0.0,0.0,0.0,0.0,0.0,0.0,0.0,0.0,0.0,0.0,0.0,0.0,0.0,0.0,0.0,0.0,,,,,,,1,Maurice Alexander,Utah State,Mountain West,Safety,,,,,,,,,3.0
514580,2016,88,0.0,0.0,0.0,0.0,0.0,0.0,0.0,0.0,0.0,0.0,4.0,1.0,125.0,0.0,0.0,0.0,0.0,0.0,0.0,0.0,0.0,0.0,0.0,0.0,0.0,0.0,0.0,0.0,0.0,0.0,0.0,0.0,0.0,1.0,1.0,4.0,0.0,0.0,0.0,,,,,4.0,,2,Kyler Fackrell,Utah State,Western Athletic,Outside Linebacker,,,4.0,,,,,,31.25
514711,2015,38,0.0,0.0,0.0,0.0,0.0,0.0,0.0,0.0,0.0,0.0,2.0,1.0,35.0,0.0,0.0,0.0,0.0,0.0,0.0,0.0,0.0,0.0,0.0,0.0,0.0,0.0,0.0,0.0,0.0,0.0,0.0,0.0,0.0,0.0,0.0,0.0,0.0,0.0,0.0,,,,,,,1,Preston Smith,Mississippi State,SEC,Defensive End,,,,,,,,,17.5
514732,2015,206,0.0,0.0,0.0,0.0,0.0,0.0,0.0,0.0,0.0,0.0,0.0,0.0,0.0,0.0,0.0,0.0,0.0,0.0,0.0,0.0,0.0,0.0,0.0,0.0,0.0,0.0,0.0,0.0,0.0,0.0,0.0,0.0,0.0,8.0,2.0,41.0,6.0,3.0,13.0,,,,,9.0,5.0,2,Aaron Ripkowski,Oklahoma,Big 12,Fullback,,,5.125,2.1666666666666665,,,,,
5150247,2026,195,0.0,0.0,0.0,1.0,1.0,0.0,1.0,1.0,0.0,0.0,0.0,0.0,0.0,0.0,0.0,0.0,0.0,0.0,0.0,0.0,0.0,0.0,0.0,0.0,0.0,0.0,9.0,1.0,143.0,0.0,0.0,0.0,0.0,81.0,8.0,1192.0,3.0,0.0,-2.0,,,85.0,,67.0,7.0,3,Malik Benson,Oregon,Big Ten,Wide Receiver,,,14.716049382716049,-0.6666666666666666,,15.88888888888889,,,
5150249,2026,149,6.0,2.0,5.0,79.0,0.0,13.0,144.0,0.0,0.0,0.0,1.0,0.0,0.0,0.0,0.0,0.0,0.0,0.0,0.0,0.0,0.0,0.0,0.0,0.0,0.0,0.0,0.0,0.0,0.0,0.0,0.0,0.0,0.0,0.0,0.0,0.0,0.0,0.0,0.0,,,,,,,3,Justin Jefferson,Alabama,SEC,Linebacker,,,,,,,,,0.0
5150660,2026,208,4.0,8.0,2.0,36.0,0.0,3.5,64.0,0.0,0.0,1.0,0.0,0.0,0.0,0.0,0.0,0.0,0.0,0.0,0.0,0.0,0.0,0.0,0.0,0.0,0.0,0.0,2.0,0.0,37.0,0.0,0.0,0.0,0.0,0.0,0.0,0.0,0.0,0.0,0.0,,,22.0,,,,3,Anterio Thompson,Western Michigan,Mid-American,Defensive Tackle,,,,,,18.5,,,
5151083,2026,129,23.0,0.0,1.0,111.0,1.0,4.0,134.0,0.0,0.0,1.0,4.0,1.0,124.0,0.0,0.0,0.0,0.0,0.0,0.0,0.0,0.0,0.0,0.0,0.0,0.0,0.0,0.0,0.0,0.0,0.0,0.0,0.0,0.0,0.0,0.0,0.0,0.0,0.0,0.0,,,,,,,3,Will Lee III,Texas A&M,SEC,Cornerback,,,,,,,,,31.0
515181,2015,69,0.0,0.0,0.0,0.0,0.0,0.0,0.0,0.0,0.0,0.0,0.0,0.0,0.0,77.0,4.0,2196.0,0.0,0.0,0.0,0.0,0.0,1.0,0.0,0.0,0.0,0.0,35.0,2.0,488.0,0.0,0.0,0.0,0.0,249.0,29.0,3710.0,22.0,0.0,192.0,100.0,,58.0,,90.0,57.0,4,Tyler Lockett,Kansas State,Big 12,Wide Receiver,0.0,0.0,14.899598393574298,8.727272727272727,28.51948051948052,13.942857142857143,,,
515208,2016,160,0.0,0.0,0.0,0.0,0.0,0.0,0.0,0.0,0.0,0.0,5.0,0.0,39.0,0.0,0.0,0.0,0.0,0.0,0.0,0.0,0.0,0.0,0.0,0.0,0.0,0.0,3.0,0.0,14.0,0.0,0.0,0.0,0.0,0.0,0.0,0.0,0.0,0.0,0.0,,,8.0,,,,2,Kentrell Brothers,Missouri,SEC,Inside Linebacker,,,,,,4.666666666666667,,,7.8
515528,2015,75,0.0,0.0,0.0,0.0,0.0,0.0,0.0,0.0,0.0,0.0,0.0,0.0,0.0,0.0,0.0,0.0,0.0,0.0,0.0,0.0,0.0,1113.0,688.0,27.0,64.0,9190.0,0.0,0.0,0.0,0.0,0.0,0.0,0.0,3.0,1.0,31.0,212.0,4.0,279.0,,,,,39.0,22.0,4,Garrett Grayson,Colorado State,Mountain West,Quarterback,0.6181491464510332,8.25696316262354,10.333333333333334,1.3160377358490567,,,,,
515564,2015,181,0.0,0.0,0.0,0.0,0.0,0.0,0.0,0.0,0.0,0.0,5.0,0.0,48.0,0.0,0.0,0.0,0.0,0.0,0.0,0.0,0.0,0.0,0.0,0.0,0.0,0.0,54.0,1.0,463.0,0.0,0.0,0.0,0.0,0.0,0.0,0.0,0.0,0.0,0.0,,,94.0,,,,4,Kyshoen Jarrett,Virginia Tech,ACC,Safety,,,,,,8.574074074074074,,,9.6
515570,2016,203,0.0,0.0,0.0,0.0,0.0,0.0,0.0,0.0,0.0,0.0,1.0,0.0,0.0,0.0,0.0,0.0,0.0,0.0,0.0,0.0,0.0,0.0,0.0,0.0,0.0,0.0,0.0,0.0,0.0,0.0,0.0,0.0,0.0,0.0,0.0,0.0,0.0,0.0,0.0,,,,,,,1,Dadi Lhomme Nicolas,Virginia Tech,ACC,Outside Linebacker,,,,,,,,,0.0
515607,2016,2,0.0,0.0,0.0,0.0,0.0,0.0,0.0,0.0,0.0,0.0,0.0,0.0,0.0,0.0,0.0,0.0,0.0,0.0,0.0,0.0,0.0,28.0,18.0,0.0,0.0,204.0,0.0,0.0,0.0,0.0,0.0,0.0,0.0,0.0,0.0,0.0,8.0,0.0,38.0,,,,,,20.0,1,Carson Wentz,North Dakota State,MVFC,Quarterback,0.6428571428571429,7.285714285714286,,4.75,,,,,
515708,2016,110,0.0,0.0,0.0,0.0,0.0,0.0,0.0,0.0,0.0,0.0,0.0,0.0,0.0,0.0,0.0,0.0,0.0,0.0,0.0,0.0,0.0,0.0,0.0,0.0,0.0,0.0,1.0,0.0,16.0,0.0,0.0,0.0,0.0,68.0,14.0,1054.0,0.0,0.0,0.0,,,16.0,,65.0,,4,Tyler Higbee,Western Kentucky,Sun Belt,Tight End,,,15.5,,,16.0,,,
5157289,2026,101,14.0,1.0,0.0,42.0,0.0,1.0,75.0,1.0,0.0,1.0,6.0,0.0,88.0,0.0,0.0,0.0,0.0,0.0,0.0,0.0,0.0,0.0,0.0,0.0,0.0,0.0,6.0,0.0,59.0,0.0,0.0,0.0,0.0,0.0,0.0,0.0,0.0,0.0,0.0,,,23.0,,,,2,Jermod McCoy,Tennessee,SEC,Cornerback,,,,,,9.833333333333334,,,14.666666666666666
515812,2015,254,0.0,0.0,0.0,0.0,0.0,0.0,0.0,0.0,0.0,0.0,0.0,0.0,0.0,0.0,0.0,0.0,0.0,0.0,0.0,0.0,0.0,0.0,0.0,0.0,0.0,0.0,0.0,0.0,0.0,0.0,0.0,0.0,0.0,61.0,9.0,954.0,0.0,0.0,0.0,,,,,55.0,,4,Rory Anderson,South Carolina,SEC,Tight End,,,15.639344262295081,,,,,,
515826,2014,106,0.0,0.0,0.0,0.0,0.0,0.0,0.0,0.0,0.0,0.0,0.0,0.0,0.0,43.0,0.0,977.0,0.0,0.0,0.0,0.0,0.0,5.0,4.0,0.0,1.0,36.0,3.0,0.0,16.0,0.0,0.0,0.0,0.0,106.0,16.0,1586.0,25.0,1.0,148.0,50.0,,12.0,,53.0,61.0,3,Bruce Ellington,South Carolina,SEC,Wide Receiver,0.8,7.2,14.962264150943396,5.92,22.72093023255814,5.333333333333333,,,
515911,2013,9,0.0,0.0,0.0,0.0,0.0,0.0,0.0,0.0,0.0,0.0,5.0,1.0,107.0,1.0,0.0,21.0,0.0,0.0,0.0,0.0,0.0,0.0,0.0,0.0,0.0,0.0,0.0,0.0,0.0,0.0,0.0,0.0,0.0,0.0,0.0,0.0,0.0,0.0,0.0,21.0,,,,,,2,Dee Milliner,Alabama,SEC,Cornerback,,,,,21.0,,,,21.4
515912,2014,167,0.0,0.0,0.0,0.0,0.0,0.0,0.0,0.0,0.0,0.0,4.0,2.0,124.0,0.0,0.0,0.0,0.0,0.0,0.0,0.0,0.0,0.0,0.0,0.0,0.0,0.0,0.0,0.0,0.0,0.0,0.0,0.0,0.0,0.0,0.0,0.0,0.0,0.0,0.0,,,,,,,2,Vinnie Sunseri,Alabama,SEC,Safety,,,,,,,,,31.0
515915,2016,201,0.0,0.0,0.0,0.0,0.0,0.0,0.0,0.0,0.0,0.0,0.0,0.0,0.0,0.0,0.0,0.0,0.0,0.0,0.0,0.0,0.0,1016.0,583.0,26.0,64.0,7463.0,0.0,0.0,0.0,0.0,0.0,0.0,0.0,1.0,0.0,11.0,135.0,4.0,133.0,,,,,11.0,27.0,4,Brandon Allen,Arkansas,SEC,Quarterback,0.5738188976377953,7.3454724409448815,11.0,0.9851851851851852,,,,,
515923,2015,101,0.0,0.0,0.0,0.0,0.0,0.0,0.0,0.0,0.0,0.0,1.0,0.0,0.0,0.0,0.0,0.0,0.0,0.0,0.0,0.0,0.0,0.0,0.0,0.0,0.0,0.0,0.0,0.0,0.0,0.0,0.0,0.0,0.0,0.0,0.0,0.0,0.0,0.0,0.0,,,,,,,1,Trey Flowers,Arkansas,SEC,Defensive End,,,,,,,,,0.0
515934,2015,182,0.0,0.0,0.0,0.0,0.0,0.0,0.0,0.0,0.0,0.0,4.0,1.0,19.0,0.0,0.0,0.0,0.0,0.0,0.0,0.0,0.0,0.0,0.0,0.0,0.0,0.0,0.0,0.0,0.0,0.0,0.0,0.0,0.0,0.0,0.0,0.0,0.0,0.0,0.0,,,,,,,3,Tevin Mitchel,Arkansas,SEC,Outside Linebacker,,,,,,,,,4.75
515938,2014,227,0.0,0.0,0.0,0.0,0.0,0.0,0.0,0.0,0.0,0.0,0.0,0.0,0.0,3.0,0.0,28.0,0.0,0.0,0.0,0.0,0.0,0.0,0.0,0.0,0.0,0.0,0.0,0.0,0.0,0.0,0.0,0.0,0.0,20.0,1.0,135.0,41.0,4.0,152.0,11.0,,,,16.0,19.0,2,Kiero Small,Arkansas,SEC,Fullback,,,6.75,3.707317073170732,9.333333333333334,,,,
515949,2015,87,0.0,0.0,0.0,0.0,0.0,0.0,0.0,0.0,0.0,0.0,0.0,0.0,0.0,0.0,0.0,0.0,0.0,0.0,0.0,0.0,0.0,0.0,0.0,0.0,0.0,0.0,0.0,0.0,0.0,0.0,0.0,0.0,0.0,82.0,13.0,1757.0,0.0,0.0,0.0,,,,,88.0,,3,Sammie Coates,Auburn,SEC,Wide Receiver,,,21.426829268292682,,,,,,
5159802,2026,256,0.0,0.0,0.0,0.0,0.0,0.0,0.0,1.0,0.0,0.0,0.0,0.0,0.0,1.0,0.0,10.0,0.0,0.0,0.0,0.0,0.0,0.0,0.0,0.0,0.0,0.0,0.0,0.0,0.0,0.0,0.0,0.0,0.0,51.0,6.0,640.0,0.0,0.0,0.0,10.0,,,,45.0,,3,Dallen Bentley,Utah,Pac-12,Tight End,,,12.549019607843137,,10.0,,,,
5159928,2026,186,2.0,1.0,1.5,35.0,0.0,4.5,55.0,0.0,0.0,0.0,0.0,0.0,0.0,0.0,0.0,0.0,0.0,0.0,0.0,0.0,0.0,0.0,0.0,0.0,0.0,0.0,0.0,0.0,0.0,0.0,0.0,0.0,0.0,0.0,0.0,0.0,0.0,0.0,0.0,,,,,,,3,Quientrail Jamison-Travis,Auburn,SEC,Defensive Tackle,,,,,,,,,
516251,2015,121,0.0,0.0,0.0,0.0,0.0,0.0,0.0,0.0,0.0,0.0,9.0,1.0,146.0,0.0,0.0,0.0,0.0,0.0,0.0,0.0,0.0,0.0,0.0,0.0,0.0,0.0,1.0,0.0,4.0,0.0,0.0,0.0,0.0,0.0,0.0,0.0,0.0,0.0,0.0,,,4.0,,,,3,Doran Grant,Ohio State,Big Ten,Cornerback,,,,,,4.0,,,16.22222222222222
516260,2017,164,0.0,0.0,0.0,1.0,0.0,0.0,1.0,0.0,0.0,0.0,0.0,0.0,0.0,0.0,0.0,0.0,0.0,0.0,0.0,0.0,0.0,0.0,0.0,0.0,0.0,0.0,0.0,0.0,0.0,0.0,0.0,0.0,0.0,0.0,0.0,0.0,0.0,1.0,0.0,,,,,,0.0,1,Isaac Asiata,Utah,Pac-12,Offensive Guard,,,,,,,,,
516284,2015,47,0.0,0.0,0.0,0.0,0.0,0.0,0.0,0.0,0.0,0.0,3.0,1.0,18.0,0.0,0.0,0.0,0.0,0.0,0.0,0.0,0.0,0.0,0.0,0.0,0.0,0.0,0.0,0.0,0.0,0.0,0.0,0.0,0.0,0.0,0.0,0.0,0.0,0.0,0.0,,,,,,,3,Eric Rowe,Utah,Pac-12,Cornerback,,,,,,,,,6.0
516301,2016,22,0.0,0.0,0.0,0.0,0.0,0.0,0.0,0.0,0.0,0.0,0.0,0.0,0.0,0.0,0.0,0.0,0.0,0.0,0.0,0.0,0.0,0.0,0.0,0.0,0.0,0.0,0.0,0.0,0.0,0.0,0.0,0.0,0.0,215.0,34.0,3178.0,1.0,0.0,6.0,,,,,84.0,6.0,4,Josh Doctson,Wyoming,Mountain West,Wide Receiver,,,14.78139534883721,6.0,,,,,
516312,2015,236,0.0,0.0,0.0,0.0,0.0,0.0,0.0,0.0,0.0,0.0,1.0,0.0,0.0,0.0,0.0,0.0,0.0,0.0,0.0,0.0,0.0,0.0,0.0,0.0,0.0,0.0,0.0,0.0,0.0,0.0,0.0,0.0,0.0,0.0,0.0,0.0,0.0,0.0,0.0,,,,,,,1,Mark Nzeocha,Wyoming,Mountain West,Outside Linebacker,,,,,,,,,0.0
516329,2014,10,0.0,0.0,0.0,0.0,0.0,0.0,0.0,0.0,0.0,0.0,0.0,0.0,0.0,0.0,0.0,0.0,0.0,0.0,0.0,0.0,0.0,0.0,0.0,0.0,0.0,0.0,0.0,0.0,0.0,0.0,0.0,0.0,0.0,112.0,8.0,1805.0,2.0,0.0,7.0,,,,,79.0,6.0,3,Eric Ebron,North Carolina,ACC,Tight End,,,16.116071428571427,3.5,,,,,
516348,2013,28,0.0,0.0,0.0,0.0,0.0,0.0,0.0,0.0,0.0,0.0,1.0,0.0,0.0,0.0,0.0,0.0,0.0,0.0,0.0,0.0,0.0,0.0,0.0,0.0,0.0,0.0,0.0,0.0,0.0,0.0,0.0,0.0,0.0,0.0,0.0,0.0,0.0,0.0,0.0,,,,,,,1,Sylvester Williams,North Carolina,ACC,Defensive Tackle,,,,,,,,,0.0
516357,2016,162,0.0,0.0,0.0,0.0,0.0,0.0,0.0,0.0,0.0,0.0,0.0,0.0,0.0,0.0,0.0,0.0,0.0,0.0,0.0,0.0,0.0,1103.0,727.0,29.0,75.0,9385.0,0.0,0.0,0.0,0.0,0.0,0.0,0.0,1.0,1.0,11.0,315.0,15.0,1249.0,,,,,11.0,59.0,4,Kevin Hogan,Stanford,Pac-12,Quarterback,0.6591115140525838,8.508612873980054,11.0,3.965079365079365,,,,,
516363,2015,94,0.0,0.0,0.0,0.0,0.0,0.0,0.0,0.0,0.0,0.0,0.0,0.0,0.0,91.0,3.0,2493.0,0.0,0.0,0.0,0.0,0.0,0.0,0.0,0.0,0.0,0.0,13.0,2.0,238.0,0.0,0.0,0.0,0.0,172.0,15.0,2125.0,39.0,4.0,334.0,100.0,,60.0,,72.0,34.0,4,Ty Montgomery,Stanford,Pac-12,Wide Receiver,,,12.354651162790697,8.564102564102564,27.395604395604394,18.307692307692307,,,
516368,2015,64,0.0,0.0,0.0,0.0,0.0,0.0,0.0,0.0,0.0,0.0,9.0,1.0,67.0,0.0,0.0,0.0,0.0,0.0,0.0,0.0,0.0,0.0,0.0,0.0,0.0,0.0,0.0,0.0,0.0,0.0,0.0,0.0,0.0,0.0,0.0,0.0,0.0,0.0,0.0,,,,,,,3,Jordan Richards,Stanford,Pac-12,Safety,,,,,,,,,7.444444444444445
516385,2014,94,0.0,0.0,0.0,0.0,0.0,0.0,0.0,0.0,0.0,0.0,0.0,0.0,0.0,0.0,0.0,0.0,0.0,0.0,0.0,1.0,0.0,0.0,0.0,0.0,0.0,0.0,0.0,0.0,0.0,0.0,0.0,0.0,0.0,3.0,0.0,12.0,81.0,6.0,315.0,,0.0,,,9.0,23.0,3,Terrance West,Towson,CAA,Running Back,,,4.0,3.888888888888889,,,,,
5165139,2026,252,5.0,6.0,14.5,37.0,0.0,21.5,67.0,0.0,0.0,0.0,0.0,0.0,0.0,0.0,0.0,0.0,0.0,0.0,0.0,0.0,0.0,0.0,0.0,0.0,0.0,0.0,0.0,0.0,0.0,0.0,0.0,0.0,0.0,0.0,0.0,0.0,0.0,0.0,0.0,,,,,,,3,Keyshawn James-Newby,New Mexico,Mountain West,Defensive Edge,,,,,,,,,
516956,2016,163,0.0,0.0,0.0,0.0,0.0,0.0,0.0,0.0,0.0,0.0,0.0,0.0,0.0,45.0,2.0,1110.0,0.0,0.0,0.0,0.0,0.0,0.0,0.0,0.0,0.0,0.0,14.0,0.0,115.0,0.0,0.0,0.0,0.0,109.0,12.0,1672.0,4.0,0.0,3.0,100.0,,24.0,,79.0,16.0,4,Trevor Davis,Hawai'i,Western Athletic,Wide Receiver,,,15.339449541284404,0.75,24.666666666666668,8.214285714285714,,,
517016,2016,237,0.0,0.0,0.0,0.0,0.0,0.0,0.0,0.0,0.0,0.0,0.0,0.0,0.0,5.0,0.0,65.0,0.0,0.0,0.0,0.0,0.0,0.0,0.0,0.0,0.0,0.0,0.0,0.0,0.0,0.0,0.0,0.0,0.0,48.0,2.0,458.0,348.0,18.0,1872.0,21.0,,,,92.0,77.0,4,Daniel Lasco,California,Pac-12,Running Back,,,9.541666666666666,5.379310344827586,13.0,,,,
517027,2014,98,0.0,0.0,0.0,0.0,0.0,0.0,0.0,0.0,0.0,0.0,0.0,0.0,0.0,1.0,0.0,5.0,0.0,0.0,0.0,0.0,0.0,0.0,0.0,0.0,0.0,0.0,0.0,0.0,0.0,0.0,0.0,0.0,0.0,59.0,2.0,896.0,7.0,0.0,9.0,5.0,,,,75.0,5.0,3,Richard Rodgers,California,Pac-12,Tight End,,,15.186440677966102,1.2857142857142858,5.0,,,,
517126,2014,25,0.0,0.0,0.0,0.0,0.0,0.0,0.0,0.0,0.0,0.0,9.0,0.0,35.0,0.0,0.0,0.0,0.0,0.0,0.0,0.0,0.0,0.0,0.0,0.0,0.0,0.0,0.0,0.0,0.0,0.0,0.0,0.0,0.0,0.0,0.0,0.0,0.0,0.0,0.0,,,,,,,3,Jason Verrett,TCU,Mountain West,Cornerback,,,,,,,,,3.888888888888889
517214,2015,235,0.0,0.0,0.0,0.0,0.0,0.0,0.0,0.0,0.0,0.0,0.0,0.0,0.0,0.0,0.0,0.0,0.0,0.0,0.0,0.0,0.0,0.0,0.0,0.0,0.0,0.0,0.0,0.0,0.0,0.0,0.0,0.0,0.0,11.0,1.0,69.0,302.0,27.0,1557.0,,,,,12.0,71.0,4,Kenny Hilliard,LSU,SEC,Running Back,,,6.2727272727272725,5.155629139072848,,,,,
517215,2014,12,0.0,0.0,0.0,0.0,0.0,0.0,0.0,0.0,0.0,0.0,0.0,0.0,0.0,42.0,0.0,1044.0,0.0,0.0,0.0,0.0,0.0,1.0,0.0,0.0,0.0,0.0,68.0,2.0,557.0,0.0,0.0,0.0,0.0,143.0,12.0,2340.0,7.0,0.0,77.0,82.0,,89.0,,63.0,20.0,3,Odell Beckham Jr.,LSU,SEC,Wide Receiver,0.0,0.0,16.363636363636363,11.0,24.857142857142858,8.191176470588236,,,
517218,2015,42,0.0,0.0,0.0,0.0,0.0,0.0,0.0,0.0,0.0,0.0,3.0,0.0,13.0,0.0,0.0,0.0,0.0,0.0,0.0,0.0,0.0,0.0,0.0,0.0,0.0,0.0,0.0,0.0,0.0,0.0,0.0,0.0,0.0,0.0,0.0,0.0,0.0,0.0,0.0,,,,,,,2,Jalen Collins,LSU,SEC,Cornerback,,,,,,,,,4.333333333333333
517229,2014,63,0.0,0.0,0.0,0.0,0.0,0.0,0.0,0.0,0.0,0.0,0.0,0.0,0.0,5.0,0.0,87.0,0.0,0.0,0.0,0.0,0.0,0.0,0.0,0.0,0.0,0.0,3.0,0.0,38.0,0.0,0.0,0.0,0.0,137.0,15.0,1809.0,0.0,0.0,0.0,22.0,,31.0,,45.0,,3,Jarvis Landry,LSU,SEC,Wide Receiver,,,13.204379562043796,,17.4,12.666666666666666,,,
517315,2016,147,0.0,0.0,0.0,0.0,0.0,0.0,0.0,0.0,0.0,0.0,1.0,0.0,0.0,0.0,0.0,0.0,0.0,0.0,0.0,0.0,0.0,0.0,0.0,0.0,0.0,0.0,0.0,0.0,0.0,0.0,0.0,0.0,0.0,0.0,0.0,0.0,0.0,0.0,0.0,,,,,,,1,Quinton Jefferson,Maryland,Big Ten,Defensive Tackle,,,,,,,,,0.0
517330,2015,149,0.0,0.0,0.0,0.0,0.0,0.0,0.0,0.0,0.0,0.0,0.0,0.0,0.0,1.0,0.0,16.0,0.0,0.0,0.0,0.0,0.0,0.0,0.0,0.0,0.0,0.0,0.0,0.0,0.0,0.0,0.0,0.0,0.0,73.0,5.0,771.0,678.0,50.0,3796.0,16.0,,,,75.0,74.0,3,Jay Ajayi,Boise State,Mountain West,Running Back,,,10.561643835616438,5.59882005899705,16.0,,,,
517347,2016,71,0.0,0.0,0.0,0.0,0.0,0.0,0.0,0.0,0.0,0.0,19.0,1.0,118.0,0.0,0.0,0.0,0.0,0.0,0.0,0.0,0.0,0.0,0.0,0.0,0.0,0.0,0.0,0.0,0.0,0.0,0.0,0.0,0.0,0.0,0.0,-14.0,0.0,0.0,0.0,,,,,0.0,,4,Darian Thompson,Boise State,Mountain West,Safety,,,-inf,,,,,,6.2105263157894735
517377,2015,194,0.0,0.0,0.0,0.0,0.0,0.0,0.0,0.0,0.0,0.0,0.0,0.0,0.0,0.0,0.0,0.0,0.0,0.0,0.0,0.0,0.0,0.0,0.0,0.0,0.0,0.0,0.0,0.0,0.0,0.0,0.0,0.0,0.0,114.0,17.0,1591.0,0.0,1.0,0.0,,,,,94.0,0.0,4,Nick O'Leary,Florida State,ACC,Tight End,,,13.956140350877194,,,,,,
517390,2015,155,0.0,0.0,0.0,0.0,0.0,0.0,0.0,0.0,0.0,0.0,1.0,0.0,41.0,29.0,0.0,655.0,0.0,0.0,0.0,0.0,0.0,0.0,0.0,0.0,0.0,0.0,0.0,0.0,0.0,0.0,0.0,0.0,0.0,37.0,1.0,328.0,241.0,22.0,1419.0,60.0,,,,27.0,65.0,4,Karlos Williams,Florida State,ACC,Running Back,,,8.864864864864865,5.8879668049792535,22.586206896551722,,,,41.0
517425,2016,190,0.0,0.0,0.0,0.0,0.0,0.0,0.0,0.0,0.0,0.0,5.0,2.0,152.0,0.0,0.0,0.0,0.0,0.0,0.0,0.0,0.0,0.0,0.0,0.0,0.0,0.0,2.0,0.0,-9.0,0.0,0.0,0.0,0.0,0.0,0.0,0.0,0.0,0.0,0.0,,,0.0,,,,3,Josh Forrest,Kentucky,SEC,Inside Linebacker,,,,,,-4.5,,,30.4
517448,2015,22,0.0,0.0,0.0,0.0,0.0,0.0,0.0,0.0,0.0,0.0,1.0,1.0,6.0,0.0,0.0,0.0,0.0,0.0,0.0,0.0,0.0,0.0,0.0,0.0,0.0,0.0,0.0,0.0,0.0,0.0,0.0,0.0,0.0,0.0,0.0,0.0,0.0,0.0,0.0,,,,,,,1,Bud Dupree,Kentucky,SEC,Outside Linebacker,,,,,,,,,6.0
517452,2015,105,0.0,0.0,0.0,0.0,0.0,0.0,0.0,0.0,0.0,0.0,0.0,0.0,0.0,44.0,0.0,930.0,0.0,0.0,0.0,0.0,0.0,4.0,2.0,0.0,1.0,33.0,74.0,4.0,869.0,0.0,0.0,0.0,0.0,283.0,23.0,3641.0,21.0,1.0,135.0,35.0,,82.0,,99.0,22.0,4,Jamison Crowder,Duke,ACC,Wide Receiver,0.5,8.25,12.865724381625443,6.428571428571429,21.136363636363637,11.743243243243244,,,
517475,2014,22,0.0,0.0,0.0,0.0,0.0,0.0,0.0,0.0,0.0,0.0,0.0,0.0,0.0,0.0,0.0,0.0,0.0,0.0,0.0,1.0,0.0,863.0,595.0,22.0,63.0,7820.0,0.0,0.0,0.0,0.0,0.0,0.0,0.0,0.0,0.0,0.0,345.0,30.0,2169.0,,0.0,,,,72.0,2,Johnny Manziel,Texas A&M,SEC,Quarterback,0.6894553881807648,9.061413673232908,,6.28695652173913,,,,,
517486,2016,179,0.0,0.0,0.0,0.0,0.0,0.0,0.0,0.0,0.0,0.0,0.0,0.0,0.0,0.0,0.0,0.0,0.0,0.0,0.0,0.0,0.0,1.0,1.0,0.0,0.0,3.0,0.0,0.0,0.0,22.0,168.0,6.0,7761.0,0.0,0.0,0.0,0.0,0.0,0.0,,,,76.0,,,4,Drew Kaser,Texas A&M,SEC,Punter,1.0,3.0,,,,,46.19642857142857,,
517502,2014,7,0.0,0.0,0.0,0.0,0.0,0.0,0.0,0.0,0.0,0.0,0.0,0.0,0.0,0.0,0.0,0.0,0.0,0.0,0.0,0.0,0.0,0.0,0.0,0.0,0.0,0.0,0.0,0.0,0.0,0.0,0.0,0.0,0.0,151.0,17.0,2499.0,0.0,0.0,0.0,,,,,95.0,,2,Mike Evans,Texas A&M,SEC,Wide Receiver,,,16.549668874172184,,,,,,
517570,2015,29,0.0,0.0,0.0,0.0,0.0,0.0,0.0,0.0,0.0,0.0,0.0,0.0,0.0,26.0,0.0,477.0,0.0,0.0,0.0,0.0,0.0,3.0,3.0,0.0,1.0,42.0,33.0,0.0,136.0,0.0,0.0,0.0,0.0,121.0,17.0,2132.0,7.0,0.0,2.0,37.0,,20.0,,79.0,12.0,4,Phillip Dorsett,Miami,ACC,Wide Receiver,1.0,14.0,17.619834710743802,0.2857142857142857,18.346153846153847,4.121212121212121,,,
517587,2015,48,0.0,0.0,0.0,0.0,0.0,0.0,0.0,0.0,0.0,0.0,2.0,1.0,61.0,1.0,0.0,0.0,0.0,0.0,0.0,0.0,0.0,0.0,0.0,0.0,0.0,0.0,0.0,0.0,0.0,0.0,0.0,0.0,0.0,0.0,0.0,0.0,0.0,0.0,0.0,0.0,,,,,,3,Denzel Perryman,Miami,ACC,Inside Linebacker,,,,,0.0,,,,30.5
517617,2015,229,0.0,0.0,0.0,0.0,0.0,0.0,0.0,0.0,0.0,0.0,0.0,0.0,0.0,1.0,0.0,-3.0,0.0,0.0,0.0,0.0,0.0,0.0,0.0,0.0,0.0,0.0,0.0,0.0,0.0,0.0,0.0,0.0,0.0,44.0,5.0,532.0,0.0,0.0,0.0,-3.0,,,,38.0,,4,Ben Koyack,Notre Dame,FBS Independents,Tight End,,,12.090909090909092,,-3.0,,,,
517624,2014,52,0.0,0.0,0.0,0.0,0.0,0.0,0.0,0.0,0.0,0.0,0.0,0.0,0.0,0.0,0.0,0.0,0.0,0.0,0.0,0.0,0.0,0.0,0.0,0.0,0.0,0.0,0.0,0.0,0.0,0.0,0.0,0.0,0.0,37.0,6.0,573.0,0.0,0.0,0.0,,,,,66.0,,2,Troy Niklas,Notre Dame,FBS Independents,Tight End,,,15.486486486486486,,,,,,
517633,2013,38,0.0,0.0,0.0,0.0,0.0,0.0,0.0,0.0,0.0,0.0,7.0,0.0,35.0,0.0,0.0,0.0,0.0,0.0,0.0,0.0,0.0,0.0,0.0,0.0,0.0,0.0,0.0,0.0,0.0,0.0,0.0,0.0,0.0,0.0,0.0,0.0,0.0,0.0,0.0,,,,,,,1,Manti Te'o,Notre Dame,FBS Independents,Inside Linebacker,,,,,,,,,5.0
517634,2014,46,0.0,0.0,0.0,0.0,0.0,0.0,0.0,0.0,0.0,0.0,1.0,1.0,0.0,0.0,0.0,0.0,0.0,0.0,0.0,0.0,0.0,0.0,0.0,0.0,0.0,0.0,0.0,0.0,0.0,0.0,0.0,0.0,0.0,0.0,0.0,0.0,0.0,0.0,0.0,,,,,,,1,Stephon Tuitt,Notre Dame,FBS Independents,Defensive End,,,,,,,,,0.0
517901,2016,177,0.0,0.0,0.0,0.0,0.0,0.0,0.0,0.0,0.0,0.0,0.0,0.0,0.0,0.0,0.0,0.0,0.0,0.0,0.0,0.0,0.0,0.0,0.0,0.0,0.0,0.0,0.0,0.0,0.0,0.0,0.0,0.0,0.0,4.0,0.0,49.0,0.0,0.0,0.0,,,,,17.0,,2,Temarrick Hemingway,South Carolina State,MEAC,Tight End,,,12.25,,,,,,
518146,2016,113,0.0,0.0,0.0,0.0,0.0,0.0,0.0,0.0,0.0,0.0,6.0,0.0,13.0,0.0,0.0,0.0,0.0,0.0,0.0,0.0,0.0,0.0,0.0,0.0,0.0,0.0,0.0,0.0,0.0,0.0,0.0,0.0,0.0,0.0,0.0,0.0,0.0,0.0,0.0,,,,,,,2,Nick Kwiatkoski,West Virginia,Big 12,Inside Linebacker,,,,,,,,,2.1666666666666665
518190,2015,142,0.0,0.0,0.0,0.0,0.0,0.0,0.0,0.0,0.0,0.0,7.0,0.0,135.0,12.0,0.0,236.0,0.0,0.0,0.0,0.0,0.0,0.0,0.0,0.0,0.0,0.0,0.0,0.0,0.0,0.0,0.0,0.0,0.0,0.0,0.0,0.0,0.0,0.0,0.0,29.0,,,,,,4,Adrian Amos,Penn State,Big Ten,Safety,,,,,19.666666666666668,,,,19.285714285714285
518204,2014,61,0.0,0.0,0.0,0.0,0.0,0.0,0.0,0.0,0.0,0.0,0.0,0.0,0.0,0.0,0.0,0.0,0.0,0.0,0.0,0.0,0.0,0.0,0.0,0.0,0.0,0.0,0.0,0.0,0.0,0.0,0.0,0.0,0.0,177.0,17.0,2479.0,6.0,0.0,36.0,,,,,65.0,14.0,3,Allen Robinson,Penn State,Big Ten,Wide Receiver,,,14.005649717514125,6.0,,,,,
518208,2016,202,0.0,0.0,0.0,0.0,0.0,0.0,0.0,0.0,0.0,0.0,4.0,1.0,70.0,0.0,0.0,0.0,0.0,0.0,0.0,0.0,0.0,0.0,0.0,0.0,0.0,0.0,0.0,0.0,0.0,0.0,0.0,0.0,0.0,0.0,0.0,0.0,0.0,0.0,0.0,,,,,,,2,Anthony Zettel,Penn State,Big Ten,Defensive End,,,,,,,,,17.5
518235,2015,213,0.0,0.0,0.0,0.0,0.0,0.0,0.0,0.0,0.0,0.0,0.0,0.0,0.0,2.0,0.0,14.0,0.0,0.0,0.0,0.0,0.0,0.0,0.0,0.0,0.0,0.0,0.0,0.0,0.0,0.0,0.0,0.0,0.0,96.0,9.0,979.0,0.0,0.0,0.0,14.0,,,,43.0,,4,Kennard Backman,UAB,Conference USA,Tight End,,,10.197916666666666,,7.0,,,,
518366,2015,85,0.0,0.0,0.0,0.0,0.0,0.0,0.0,0.0,0.0,0.0,0.0,0.0,0.0,0.0,0.0,0.0,0.0,0.0,0.0,0.0,0.0,0.0,0.0,0.0,0.0,0.0,0.0,0.0,0.0,0.0,0.0,0.0,0.0,70.0,5.0,901.0,0.0,0.0,0.0,,,,,42.0,,3,Tyler Kroft,Rutgers,Big Ten,Tight End,,,12.871428571428572,,,,,,
518380,2016,191,0.0,0.0,0.0,0.0,0.0,0.0,0.0,0.0,0.0,0.0,0.0,0.0,0.0,0.0,0.0,0.0,0.0,0.0,0.0,0.0,0.0,1080.0,666.0,27.0,54.0,7836.0,0.0,0.0,0.0,0.0,0.0,0.0,0.0,1.0,0.0,10.0,192.0,12.0,560.0,,,,,13.0,31.0,3,Jake Rudock,Michigan,Big Ten,Quarterback,0.6166666666666667,7.2555555555555555,10.0,2.9166666666666665,,,,,
519049,2014,197,0.0,0.0,0.0,0.0,0.0,0.0,0.0,0.0,0.0,0.0,4.0,0.0,77.0,5.0,0.0,149.0,0.0,0.0,0.0,0.0,0.0,0.0,0.0,0.0,0.0,0.0,0.0,0.0,0.0,0.0,0.0,0.0,0.0,0.0,0.0,0.0,0.0,0.0,0.0,42.0,,,,,,3,Demetri Goodson,Baylor,Big 12,Cornerback,,,,,29.8,,,,19.25
519643,2016,121,0.0,0.0,0.0,0.0,0.0,0.0,0.0,0.0,0.0,0.0,0.0,0.0,0.0,0.0,0.0,0.0,0.0,0.0,0.0,0.0,0.0,0.0,0.0,0.0,0.0,0.0,0.0,0.0,0.0,0.0,0.0,0.0,0.0,1.0,0.0,-11.0,0.0,0.0,0.0,,,,,-11.0,,1,Willie Beavers,Western Michigan,Mid-American,Offensive Guard,,,-11.0,,,,,,
520581,2014,53,0.0,0.0,0.0,0.0,0.0,0.0,0.0,0.0,0.0,0.0,0.0,0.0,0.0,0.0,0.0,0.0,0.0,0.0,0.0,0.0,0.0,0.0,0.0,0.0,0.0,0.0,2.0,0.0,16.0,0.0,0.0,0.0,0.0,233.0,38.0,3030.0,0.0,0.0,0.0,,,14.0,,89.0,,2,Davante Adams,Fresno State,Mountain West,Wide Receiver,,,13.004291845493562,,,8.0,,,
5220680,2026,84,0.0,0.0,0.0,2.0,0.0,0.0,2.0,0.0,0.0,0.0,0.0,0.0,0.0,0.0,0.0,0.0,0.0,0.0,0.0,0.0,0.0,0.0,0.0,0.0,0.0,0.0,0.0,0.0,0.0,0.0,0.0,0.0,0.0,127.0,15.0,1965.0,0.0,0.0,0.0,,,,,76.0,,2,Ted Hurst,Georgia State,Sun Belt,Wide Receiver,,,15.472440944881889,,,,,,
524841,2016,65,0.0,0.0,0.0,0.0,0.0,0.0,0.0,0.0,0.0,0.0,1.0,0.0,10.0,0.0,0.0,0.0,0.0,0.0,0.0,0.0,0.0,0.0,0.0,0.0,0.0,0.0,0.0,0.0,0.0,0.0,0.0,0.0,0.0,0.0,0.0,0.0,0.0,0.0,0.0,,,,,,,1,Carl Nassib,Penn State,Big Ten,Defensive End,,,,,,,,,10.0
529583,2014,138,0.0,0.0,0.0,0.0,0.0,0.0,0.0,0.0,0.0,0.0,0.0,0.0,0.0,0.0,0.0,0.0,0.0,0.0,0.0,0.0,0.0,0.0,0.0,0.0,0.0,0.0,0.0,0.0,0.0,0.0,0.0,0.0,0.0,5.0,1.0,20.0,20.0,0.0,51.0,,,,,9.0,10.0,2,Lorenzo Taliaferro,Coastal Carolina,Big South,Running Back,,,4.0,2.55,,,,,
530289,2015,50,0.0,0.0,0.0,0.0,0.0,0.0,0.0,0.0,0.0,0.0,2.0,0.0,16.0,0.0,0.0,0.0,0.0,0.0,0.0,0.0,0.0,0.0,0.0,0.0,0.0,0.0,0.0,0.0,0.0,0.0,0.0,0.0,0.0,0.0,0.0,0.0,0.0,0.0,0.0,,,,,,,1,Ronald Darby,Florida State,ACC,Cornerback,,,,,,,,,8.0
530290,2015,35,0.0,0.0,0.0,0.0,0.0,0.0,0.0,0.0,0.0,0.0,1.0,0.0,4.0,0.0,0.0,0.0,0.0,0.0,0.0,0.0,0.0,0.0,0.0,0.0,0.0,0.0,0.0,0.0,0.0,0.0,0.0,0.0,0.0,0.0,0.0,0.0,1.0,0.0,4.0,,,,,,4.0,2,Mario Edwards Jr.,Florida State,ACC,Defensive End,,,,4.0,,,,,4.0
530291,2017,183,3.0,3.0,2.5,65.0,0.0,8.5,104.0,0.0,0.0,1.0,1.0,0.0,6.0,0.0,0.0,0.0,0.0,0.0,0.0,0.0,0.0,0.0,0.0,0.0,0.0,0.0,0.0,0.0,0.0,0.0,0.0,0.0,0.0,0.0,0.0,0.0,0.0,0.0,0.0,,,,,,,1,Ukeme Eligwe,Georgia Southern,Sun Belt,Inside Linebacker,,,,,,,,,6.0
530308,2015,1,0.0,0.0,0.0,0.0,0.0,0.0,0.0,0.0,0.0,0.0,0.0,0.0,0.0,0.0,0.0,0.0,0.0,0.0,0.0,0.0,0.0,851.0,562.0,28.0,65.0,7964.0,0.0,0.0,0.0,0.0,0.0,0.0,0.0,0.0,0.0,0.0,145.0,7.0,284.0,,,,,,28.0,2,Jameis Winston,Florida State,ACC,Quarterback,0.6603995299647474,9.358401880141011,,1.9586206896551723,,,,,
530311,2016,124,0.0,0.0,0.0,0.0,0.0,0.0,0.0,0.0,0.0,0.0,4.0,0.0,0.0,0.0,0.0,0.0,0.0,0.0,0.0,0.0,0.0,0.0,0.0,0.0,0.0,0.0,0.0,0.0,0.0,0.0,0.0,0.0,0.0,0.0,0.0,0.0,0.0,0.0,0.0,,,,,,,3,Deon Bush,Miami,ACC,Safety,,,,,,,,,0.0
530356,2015,239,0.0,0.0,0.0,0.0,0.0,0.0,0.0,0.0,0.0,0.0,14.0,1.0,245.0,0.0,0.0,0.0,0.0,0.0,0.0,0.0,0.0,0.0,0.0,0.0,0.0,0.0,0.0,0.0,0.0,0.0,0.0,0.0,0.0,0.0,0.0,0.0,0.0,0.0,0.0,,,,,,,1,Gerod Holliman,Louisville,ACC,Safety,,,,,,,,,17.5
530381,2016,12,0.0,0.0,0.0,0.0,0.0,0.0,0.0,0.0,0.0,0.0,2.0,0.0,9.0,0.0,0.0,0.0,0.0,0.0,0.0,0.0,0.0,0.0,0.0,0.0,0.0,0.0,0.0,0.0,0.0,0.0,0.0,0.0,0.0,0.0,0.0,0.0,0.0,0.0,0.0,,,,,,,1,Sheldon Rankins,Louisville,ACC,Defensive Tackle,,,,,,,,,4.5
530395,2017,180,0.0,0.0,0.0,1.0,0.0,0.0,1.0,0.0,0.0,0.0,0.0,0.0,0.0,0.0,0.0,0.0,0.0,0.0,0.0,0.0,0.0,0.0,0.0,0.0,0.0,0.0,0.0,0.0,0.0,0.0,0.0,0.0,0.0,0.0,0.0,0.0,0.0,0.0,0.0,,,,,,,1,Danny Isidora,Miami,ACC,Offensive Guard,,,,,,,,,
530397,2017,113,7.0,1.0,1.5,56.0,0.0,4.5,76.0,0.0,0.0,0.0,9.0,0.0,62.0,0.0,0.0,0.0,0.0,0.0,0.0,0.0,0.0,0.0,0.0,0.0,0.0,0.0,0.0,0.0,0.0,0.0,0.0,0.0,0.0,0.0,0.0,0.0,0.0,0.0,0.0,,,,,,,4,Rayshawn Jenkins,Miami,ACC,Safety,,,,,,,,,6.888888888888889
530458,2016,98,0.0,0.0,0.0,0.0,0.0,0.0,0.0,0.0,0.0,0.0,8.0,0.0,50.0,0.0,0.0,0.0,0.0,0.0,0.0,0.0,0.0,0.0,0.0,0.0,0.0,0.0,0.0,0.0,0.0,0.0,0.0,0.0,0.0,1.0,0.0,3.0,0.0,0.0,0.0,,,,,3.0,,3,Justin Simmons,Boston College,ACC,Safety,,,3.0,,,,,,6.25
530468,2016,232,0.0,0.0,0.0,0.0,0.0,0.0,0.0,0.0,0.0,0.0,3.0,0.0,49.0,0.0,0.0,0.0,0.0,0.0,0.0,0.0,0.0,0.0,0.0,0.0,0.0,0.0,0.0,0.0,0.0,0.0,0.0,0.0,0.0,0.0,0.0,0.0,0.0,0.0,0.0,,,,,,,3,Steven Daniels,Boston College,ACC,Inside Linebacker,,,,,,,,,16.333333333333332
530568,2016,182,0.0,0.0,0.0,0.0,0.0,0.0,0.0,0.0,0.0,0.0,0.0,0.0,0.0,0.0,0.0,0.0,0.0,0.0,0.0,0.0,0.0,462.0,242.0,8.0,31.0,4001.0,0.0,0.0,0.0,0.0,0.0,0.0,0.0,1.0,0.0,47.0,977.0,88.0,4559.0,,,,,47.0,72.0,4,Keenan Reynolds,Navy,FBS Independents,Wide Receiver,0.5238095238095238,8.66017316017316,47.0,4.66632548618219,,,,,
530737,2016,106,0.0,0.0,0.0,0.0,0.0,0.0,0.0,0.0,0.0,0.0,2.0,0.0,5.0,0.0,0.0,0.0,0.0,0.0,0.0,0.0,0.0,0.0,0.0,0.0,0.0,0.0,1.0,0.0,18.0,0.0,0.0,0.0,0.0,0.0,0.0,0.0,0.0,0.0,0.0,,,18.0,,,,2,Eric Murray,Minnesota,Big Ten,Cornerback,,,,,,18.0,,,2.5
530747,2015,55,0.0,0.0,0.0,0.0,0.0,0.0,0.0,0.0,0.0,0.0,0.0,0.0,0.0,2.0,0.0,29.0,0.0,0.0,0.0,0.0,0.0,0.0,0.0,0.0,0.0,0.0,0.0,0.0,0.0,0.0,0.0,0.0,0.0,61.0,13.0,986.0,1.0,0.0,7.0,15.0,,,,54.0,7.0,2,Maxx Williams,Minnesota,Big Ten,Tight End,,,16.16393442622951,7.0,14.5,,,,
530842,2016,219,0.0,0.0,0.0,0.0,0.0,0.0,0.0,0.0,0.0,0.0,4.0,1.0,102.0,0.0,0.0,0.0,0.0,0.0,0.0,0.0,0.0,0.0,0.0,0.0,0.0,0.0,0.0,0.0,0.0,0.0,0.0,0.0,0.0,0.0,0.0,0.0,0.0,0.0,0.0,,,,,,,2,Will Parks,Arizona,Pac-12,Safety,,,,,,,,,25.5
530870,2016,7,0.0,0.0,0.0,0.0,0.0,0.0,0.0,0.0,0.0,0.0,0.0,0.0,0.0,2.0,0.0,13.0,0.0,0.0,0.0,0.0,0.0,0.0,0.0,0.0,0.0,0.0,0.0,0.0,0.0,0.0,0.0,0.0,0.0,0.0,0.0,0.0,1.0,0.0,10.0,10.0,,,,,10.0,3,DeForest Buckner,Oregon,Pac-12,Defensive End,,,,10.0,6.5,,,,
530907,2016,114,0.0,0.0,0.0,0.0,0.0,0.0,0.0,0.0,0.0,0.0,0.0,0.0,0.0,11.0,0.0,230.0,0.0,0.0,0.0,0.0,0.0,0.0,0.0,0.0,0.0,0.0,0.0,0.0,0.0,0.0,0.0,0.0,0.0,98.0,8.0,1338.0,68.0,2.0,578.0,40.0,,,,73.0,75.0,4,Ricardo Louis,Auburn,SEC,Wide Receiver,,,13.653061224489797,8.5,20.90909090909091,,,,
530928,2016,125,0.0,0.0,0.0,0.0,0.0,0.0,0.0,0.0,0.0,0.0,1.0,0.0,20.0,0.0,0.0,0.0,0.0,0.0,0.0,0.0,0.0,0.0,0.0,0.0,0.0,0.0,0.0,0.0,0.0,0.0,0.0,0.0,0.0,0.0,0.0,0.0,0.0,0.0,0.0,,,,,,,1,Antonio Morrison,Florida,SEC,Outside Linebacker,,,,,,,,,20.0
530937,2016,242,0.0,0.0,0.0,0.0,0.0,0.0,0.0,0.0,0.0,0.0,0.0,0.0,0.0,1.0,0.0,18.0,0.0,0.0,0.0,0.0,0.0,0.0,0.0,0.0,0.0,0.0,0.0,0.0,0.0,0.0,0.0,0.0,0.0,24.0,3.0,225.0,253.0,12.0,1379.0,18.0,,,,48.0,75.0,4,Keith Marshall,Georgia,SEC,Running Back,,,9.375,5.450592885375494,18.0,,,,
530979,2017,81,9.0,0.0,0.0,24.0,0.0,1.0,31.0,0.0,0.0,0.0,3.0,0.0,32.0,0.0,0.0,0.0,0.0,0.0,0.0,0.0,0.0,0.0,0.0,0.0,0.0,0.0,0.0,0.0,0.0,0.0,0.0,0.0,0.0,0.0,0.0,0.0,0.0,0.0,0.0,,,,,,,2,Fabian Moreau,UCLA,Pac-12,Cornerback,,,,,,,,,10.666666666666666
530981,2016,154,0.0,0.0,0.0,0.0,0.0,0.0,0.0,0.0,0.0,0.0,0.0,0.0,0.0,0.0,0.0,0.0,0.0,0.0,0.0,0.0,0.0,0.0,0.0,0.0,0.0,0.0,0.0,0.0,0.0,0.0,0.0,0.0,0.0,201.0,14.0,2702.0,0.0,0.0,0.0,,,,,80.0,,4,Jordan Payton,UCLA,Pac-12,Wide Receiver,,,13.442786069651742,,,,,,
530982,2016,149,0.0,0.0,0.0,0.0,0.0,0.0,0.0,0.0,0.0,0.0,0.0,0.0,0.0,0.0,0.0,0.0,0.0,0.0,0.0,0.0,0.0,0.0,0.0,0.0,0.0,0.0,0.0,0.0,0.0,0.0,0.0,0.0,0.0,80.0,3.0,739.0,621.0,29.0,3488.0,,,,,49.0,92.0,3,Paul Perkins,UCLA,Pac-12,Running Back,,,9.2375,5.616747181964573,,,,,
530991,2016,218,0.0,0.0,0.0,0.0,0.0,0.0,0.0,0.0,0.0,0.0,3.0,0.0,67.0,7.0,0.0,92.0,0.0,0.0,0.0,0.0,0.0,0.0,0.0,0.0,0.0,0.0,0.0,0.0,0.0,0.0,0.0,0.0,0.0,0.0,0.0,0.0,0.0,0.0,0.0,33.0,,,,,,3,Kevon Seymour,USC,Pac-12,Cornerback,,,,,13.142857142857142,,,,22.333333333333332
530993,2015,120,0.0,0.0,0.0,0.0,0.0,0.0,0.0,0.0,0.0,0.0,6.0,1.0,65.0,0.0,0.0,0.0,0.0,0.0,0.0,0.0,0.0,0.0,0.0,0.0,0.0,0.0,1.0,1.0,14.0,0.0,0.0,0.0,0.0,0.0,0.0,0.0,0.0,0.0,0.0,,,14.0,,,,2,Josh Shaw,USC,Pac-12,Safety,,,,,,14.0,,,10.833333333333334
531005,2016,66,0.0,0.0,0.0,0.0,0.0,0.0,0.0,0.0,0.0,0.0,0.0,0.0,0.0,1.0,0.0,1.0,0.0,0.0,0.0,0.0,0.0,0.0,0.0,0.0,0.0,0.0,0.0,0.0,0.0,0.0,0.0,0.0,0.0,0.0,0.0,0.0,0.0,0.0,0.0,1.0,,,,,,1,Max Tuerk,USC,Pac-12,Center,,,,,1.0,,,,
531008,2017,137,0.0,0.0,0.0,0.0,0.0,0.0,0.0,0.0,0.0,0.0,0.0,0.0,0.0,0.0,0.0,0.0,0.0,0.0,0.0,0.0,0.0,0.0,0.0,0.0,0.0,0.0,0.0,0.0,0.0,0.0,0.0,0.0,0.0,0.0,0.0,3.0,0.0,0.0,0.0,,,,,3.0,,1,Zach Banner,USC,Pac-12,Offensive Tackle,,,inf,,,,,,
531010,2015,20,0.0,0.0,0.0,0.0,0.0,0.0,0.0,0.0,0.0,0.0,0.0,0.0,0.0,24.0,0.0,443.0,0.0,0.0,0.0,0.0,0.0,0.0,0.0,0.0,0.0,0.0,39.0,4.0,540.0,0.0,0.0,0.0,0.0,179.0,20.0,2571.0,7.0,0.0,18.0,37.0,,93.0,,87.0,13.0,3,Nelson Agholor,USC,Pac-12,Wide Receiver,,,14.363128491620111,2.5714285714285716,18.458333333333332,13.846153846153847,,,
531014,2015,6,0.0,0.0,0.0,0.0,0.0,0.0,0.0,0.0,0.0,0.0,2.0,0.0,34.0,0.0,0.0,0.0,0.0,0.0,0.0,0.0,0.0,0.0,0.0,0.0,0.0,0.0,0.0,0.0,0.0,0.0,0.0,0.0,0.0,0.0,0.0,0.0,0.0,0.0,0.0,,,,,,,2,Leonard Williams,USC,Pac-12,Defensive End,,,,,,,,,17.0
531015,2017,173,6.0,0.0,1.0,27.0,0.0,4.5,35.0,0.0,0.0,0.0,5.0,0.0,0.0,0.0,0.0,0.0,0.0,0.0,0.0,0.0,0.0,0.0,0.0,0.0,0.0,0.0,0.0,0.0,0.0,0.0,0.0,0.0,0.0,0.0,0.0,0.0,0.0,0.0,0.0,,,,,,,2,Brian Allen,Utah,Pac-12,Cornerback,,,,,,,,,0.0
531058,2017,229,3.0,0.0,0.0,13.0,0.0,2.5,22.0,0.0,0.0,0.0,2.0,0.0,46.0,2.0,0.0,23.0,0.0,0.0,0.0,0.0,0.0,0.0,0.0,0.0,0.0,0.0,0.0,0.0,0.0,0.0,0.0,0.0,0.0,0.0,0.0,0.0,0.0,0.0,0.0,23.0,,,,,,3,Adrian Colbert,Texas,Big 12,Safety,,,,,11.5,,,,23.0
531111,2016,178,0.0,0.0,0.0,0.0,0.0,0.0,0.0,0.0,0.0,0.0,7.0,1.0,38.0,0.0,0.0,0.0,0.0,0.0,0.0,0.0,0.0,0.0,0.0,0.0,0.0,0.0,0.0,0.0,0.0,0.0,0.0,0.0,0.0,0.0,0.0,0.0,0.0,0.0,0.0,,,,,,,3,D.J. White,Georgia Tech,ACC,Cornerback,,,,,,,,,5.428571428571429
531131,2016,63,0.0,0.0,0.0,0.0,0.0,0.0,0.0,0.0,0.0,0.0,2.0,0.0,2.0,0.0,0.0,0.0,0.0,0.0,0.0,0.0,0.0,0.0,0.0,0.0,0.0,0.0,0.0,0.0,0.0,0.0,0.0,0.0,0.0,0.0,0.0,0.0,0.0,0.0,0.0,,,,,,,2,Adam Gotsis,Georgia Tech,ACC,Defensive End,,,,,,,,,1.0
531204,2016,87,0.0,0.0,0.0,0.0,0.0,0.0,0.0,0.0,0.0,0.0,2.0,0.0,19.0,0.0,0.0,0.0,0.0,0.0,0.0,0.0,0.0,2.0,2.0,0.0,0.0,13.0,0.0,0.0,0.0,0.0,0.0,0.0,0.0,0.0,0.0,0.0,47.0,4.0,169.0,,,,,,31.0,3,Nick Vigil,Utah State,Mountain West,Inside Linebacker,1.0,6.5,,3.595744680851064,,,,,9.5
531231,2016,192,0.0,0.0,0.0,0.0,0.0,0.0,0.0,0.0,0.0,0.0,0.0,0.0,0.0,8.0,0.0,177.0,0.0,0.0,0.0,0.0,0.0,1.0,1.0,0.0,1.0,31.0,0.0,0.0,0.0,0.0,0.0,0.0,0.0,74.0,9.0,1432.0,3.0,0.0,30.0,40.0,,,,60.0,14.0,4,Kolby Listenbee,TCU,Big 12,Wide Receiver,1.0,31.0,19.35135135135135,10.0,22.125,,,,
531237,2016,129,0.0,0.0,0.0,0.0,0.0,0.0,0.0,0.0,0.0,0.0,8.0,2.0,140.0,0.0,0.0,0.0,0.0,0.0,0.0,0.0,0.0,0.0,0.0,0.0,0.0,0.0,0.0,0.0,0.0,0.0,0.0,0.0,0.0,0.0,0.0,0.0,0.0,0.0,0.0,,,,,,,3,Derrick Kindred,TCU,Big 12,Safety,,,,,,,,,17.5
531252,2017,227,0.0,5.0,8.0,25.0,0.0,11.0,49.0,0.0,0.0,0.0,1.0,1.0,33.0,0.0,0.0,0.0,0.0,0.0,0.0,0.0,0.0,0.0,0.0,0.0,0.0,0.0,0.0,0.0,0.0,0.0,0.0,0.0,0.0,0.0,0.0,0.0,0.0,0.0,0.0,,,,,,,2,Josh Carraway,TCU,Big 12,Outside Linebacker,,,,,,,,,33.0
531310,2016,134,0.0,0.0,0.0,0.0,0.0,0.0,0.0,0.0,0.0,0.0,0.0,0.0,0.0,0.0,0.0,0.0,0.0,0.0,0.0,0.0,0.0,0.0,0.0,0.0,0.0,0.0,0.0,0.0,0.0,1.0,1.0,0.0,47.0,88.0,15.0,972.0,801.0,72.0,4480.0,,,,47.0,84.0,99.0,4,Kenneth Dixon,Louisiana Tech,Western Athletic,Running Back,,,11.045454545454545,5.593008739076155,,,47.0,,
531379,2015,58,0.0,0.0,0.0,0.0,0.0,0.0,0.0,0.0,0.0,0.0,1.0,1.0,70.0,0.0,0.0,0.0,0.0,0.0,0.0,0.0,0.0,0.0,0.0,0.0,0.0,0.0,0.0,0.0,0.0,0.0,0.0,0.0,0.0,0.0,0.0,0.0,0.0,0.0,0.0,,,,,,,1,Markus Golden,Missouri,SEC,Defensive End,,,,,,,,,70.0
531380,2015,40,0.0,0.0,0.0,0.0,0.0,0.0,0.0,0.0,0.0,0.0,0.0,0.0,0.0,0.0,0.0,0.0,0.0,0.0,0.0,0.0,0.0,0.0,0.0,0.0,0.0,0.0,0.0,0.0,0.0,0.0,0.0,0.0,0.0,87.0,17.0,1278.0,6.0,0.0,19.0,,,,,80.0,10.0,2,Dorial Green-Beckham,Missouri,SEC,Wide Receiver,,,14.689655172413794,3.1666666666666665,,,,,
531409,2016,68,0.0,0.0,0.0,0.0,0.0,0.0,0.0,0.0,0.0,0.0,5.0,0.0,43.0,1.0,0.0,13.0,0.0,0.0,0.0,0.0,0.0,0.0,0.0,0.0,0.0,0.0,0.0,0.0,0.0,0.0,0.0,0.0,0.0,0.0,0.0,0.0,0.0,0.0,0.0,13.0,,,,,,2,Will Redmond,Mississippi State,SEC,Cornerback,,,,,13.0,,,,8.6
531445,2016,212,0.0,0.0,0.0,0.0,0.0,0.0,0.0,0.0,0.0,0.0,5.0,1.0,79.0,0.0,0.0,0.0,0.0,0.0,0.0,0.0,0.0,0.0,0.0,0.0,0.0,0.0,1.0,0.0,3.0,0.0,0.0,0.0,0.0,0.0,0.0,0.0,0.0,0.0,0.0,,,3.0,,,,3,Kavon Frazier,Central Michigan,Mid-American,Safety,,,,,,3.0,,,15.8
531490,2016,173,0.0,0.0,0.0,0.0,0.0,0.0,0.0,0.0,0.0,0.0,2.0,1.0,49.0,14.0,0.0,323.0,0.0,0.0,0.0,0.0,0.0,0.0,0.0,0.0,0.0,0.0,5.0,0.0,3.0,0.0,0.0,0.0,0.0,0.0,0.0,0.0,0.0,0.0,0.0,55.0,,5.0,,,,3,Trey Caldwell,UL Monroe,Sun Belt,Cornerback,,,,,23.071428571428573,0.6,,,24.5
531670,2015,26,0.0,0.0,0.0,0.0,0.0,0.0,0.0,0.0,0.0,0.0,0.0,0.0,0.0,0.0,0.0,0.0,0.0,0.0,0.0,0.0,0.0,0.0,0.0,0.0,0.0,0.0,0.0,0.0,0.0,0.0,0.0,0.0,0.0,115.0,16.0,2243.0,1.0,0.0,0.0,,,,,91.0,0.0,3,Breshad Perriman,UCF,Conference USA,Wide Receiver,,,19.504347826086956,0.0,,,,,
531730,2017,85,0.0,0.0,0.0,1.0,0.0,0.0,1.0,0.0,0.0,0.0,0.0,0.0,0.0,0.0,0.0,0.0,0.0,0.0,0.0,0.0,0.0,0.0,0.0,0.0,0.0,0.0,0.0,0.0,0.0,0.0,0.0,0.0,0.0,0.0,0.0,0.0,0.0,0.0,0.0,,,,,,,1,Antonio Garcia,Troy,Sun Belt,Offensive Tackle,,,,,,,,,
531790,2016,253,0.0,0.0,0.0,0.0,0.0,0.0,0.0,0.0,0.0,0.0,8.0,3.0,135.0,0.0,0.0,0.0,0.0,0.0,0.0,0.0,0.0,0.0,0.0,0.0,0.0,0.0,0.0,0.0,0.0,0.0,0.0,0.0,0.0,0.0,0.0,0.0,0.0,0.0,0.0,,,,,,,4,Kalan Reed,Southern Miss,Conference USA,Cornerback,,,,,,,,,16.875
531846,2016,175,0.0,0.0,0.0,0.0,0.0,0.0,0.0,0.0,0.0,0.0,1.0,0.0,0.0,0.0,0.0,0.0,0.0,0.0,0.0,0.0,0.0,0.0,0.0,0.0,0.0,0.0,0.0,0.0,0.0,0.0,0.0,0.0,0.0,3.0,0.0,34.0,0.0,0.0,0.0,,,,,28.0,,2,Jatavis Brown,Akron,Mid-American,Outside Linebacker,,,11.333333333333334,,,,,,0.0
531973,2017,251,0.0,0.0,0.0,1.0,0.0,0.0,1.0,0.0,0.0,0.0,0.0,0.0,0.0,0.0,0.0,0.0,0.0,0.0,0.0,0.0,0.0,2.0,1.0,0.0,0.0,23.0,0.0,0.0,0.0,0.0,0.0,0.0,0.0,107.0,6.0,1113.0,0.0,0.0,0.0,,,,,75.0,,4,Mason Schreck,Buffalo,Mid-American,Tight End,0.5,11.5,10.401869158878505,,,,,,
532004,2016,227,0.0,0.0,0.0,0.0,0.0,0.0,0.0,0.0,0.0,0.0,0.0,0.0,0.0,0.0,0.0,0.0,0.0,0.0,0.0,0.0,0.0,0.0,0.0,0.0,0.0,0.0,1.0,1.0,26.0,0.0,0.0,0.0,0.0,0.0,0.0,0.0,0.0,0.0,0.0,,,26.0,,,,1,Stephen Weatherly,Vanderbilt,SEC,Outside Linebacker,,,,,,26.0,,,
532065,2017,171,0.0,0.0,0.0,1.0,0.0,0.0,1.0,7.0,4.0,0.0,0.0,0.0,0.0,0.0,0.0,0.0,0.0,0.0,0.0,0.0,0.0,663.0,398.0,17.0,47.0,5236.0,0.0,0.0,0.0,0.0,0.0,0.0,0.0,1.0,0.0,9.0,173.0,5.0,526.0,,,,,11.0,42.0,4,Nathan Peterman,Tennessee,SEC,Quarterback,0.6003016591251885,7.897435897435898,9.0,3.040462427745665,,,,,
532092,2013,29,0.0,0.0,0.0,0.0,0.0,0.0,0.0,0.0,0.0,0.0,0.0,0.0,0.0,25.0,1.0,671.0,0.0,0.0,0.0,0.0,0.0,1.0,1.0,0.0,0.0,28.0,4.0,1.0,101.0,0.0,0.0,0.0,0.0,46.0,5.0,778.0,25.0,3.0,308.0,98.0,,81.0,,58.0,67.0,1,Cordarrelle Patterson,Tennessee,SEC,Wide Receiver,1.0,28.0,16.91304347826087,12.32,26.84,25.25,,,
532125,2016,92,0.0,0.0,0.0,0.0,0.0,0.0,0.0,0.0,0.0,0.0,0.0,0.0,0.0,2.0,0.0,16.0,0.0,0.0,0.0,0.0,0.0,0.0,0.0,0.0,0.0,0.0,0.0,0.0,0.0,0.0,0.0,0.0,0.0,15.0,1.0,85.0,132.0,4.0,651.0,16.0,,,,14.0,43.0,3,Brandon Williams,Texas A&M,SEC,Cornerback,,,5.666666666666667,4.931818181818182,8.0,,,,
532175,2015,164,0.0,0.0,0.0,0.0,0.0,0.0,0.0,0.0,0.0,0.0,15.0,2.0,271.0,0.0,0.0,0.0,0.0,0.0,0.0,0.0,0.0,0.0,0.0,0.0,0.0,0.0,0.0,0.0,0.0,0.0,0.0,0.0,0.0,0.0,0.0,0.0,0.0,0.0,0.0,,,,,,,3,Lorenzo Doss,Tulane,Conference USA,Cornerback,,,,,,,,,18.066666666666666
532253,2015,169,0.0,0.0,0.0,0.0,0.0,0.0,0.0,0.0,0.0,0.0,4.0,0.0,35.0,0.0,0.0,0.0,0.0,0.0,0.0,0.0,0.0,0.0,0.0,0.0,0.0,0.0,0.0,0.0,0.0,0.0,0.0,0.0,0.0,0.0,0.0,0.0,0.0,0.0,0.0,,,,,,,1,David Mayo,Texas State,Sun Belt,Inside Linebacker,,,,,,,,,8.75
532470,2014,251,0.0,0.0,0.0,0.0,0.0,0.0,0.0,0.0,0.0,0.0,2.0,0.0,15.0,0.0,0.0,0.0,0.0,0.0,0.0,0.0,0.0,0.0,0.0,0.0,0.0,0.0,0.0,0.0,0.0,0.0,0.0,0.0,0.0,0.0,0.0,0.0,0.0,0.0,0.0,,,,,,,1,Ken Bishop,Northern Illinois,Mid-American,Defensive Tackle,,,,,,,,,7.5
532636,2017,244,1.0,7.0,5.0,22.0,0.0,8.5,39.0,0.0,0.0,1.0,0.0,0.0,0.0,0.0,0.0,0.0,0.0,0.0,0.0,0.0,0.0,0.0,0.0,0.0,0.0,0.0,0.0,0.0,0.0,0.0,0.0,0.0,0.0,0.0,0.0,0.0,0.0,0.0,0.0,,,,,,,1,Treyvon Hester,Toledo,Mid-American,Defensive Tackle,,,,,,,,,
532660,2017,64,0.0,0.0,0.0,0.0,0.0,0.0,0.0,0.0,0.0,0.0,0.0,0.0,0.0,0.0,0.0,0.0,0.0,0.0,0.0,0.0,0.0,0.0,0.0,0.0,0.0,0.0,0.0,0.0,0.0,0.0,0.0,0.0,0.0,1.0,0.0,-4.0,0.0,0.0,0.0,,,,,0.0,,1,Taylor Moton,Western Michigan,Mid-American,Offensive Tackle,,,-4.0,,,,,,
532661,2016,230,0.0,0.0,0.0,0.0,0.0,0.0,0.0,0.0,0.0,0.0,0.0,0.0,0.0,15.0,0.0,312.0,0.0,0.0,0.0,0.0,0.0,1.0,1.0,0.0,0.0,11.0,26.0,0.0,109.0,0.0,0.0,0.0,0.0,212.0,19.0,2499.0,12.0,2.0,76.0,43.0,,33.0,,68.0,65.0,3,Daniel Braverman,Western Michigan,Mid-American,Wide Receiver,1.0,11.0,11.787735849056604,6.333333333333333,20.8,4.1923076923076925,,,
533251,2017,56,3.0,0.0,0.0,73.0,0.0,2.5,118.0,0.0,0.0,1.0,8.0,0.0,37.0,0.0,0.0,0.0,0.0,0.0,0.0,0.0,0.0,0.0,0.0,0.0,0.0,0.0,0.0,0.0,0.0,0.0,0.0,0.0,0.0,0.0,0.0,0.0,0.0,0.0,0.0,,,,,,,3,Obi Melifonwu,UConn,American Athletic,Safety,,,,,,,,,4.625
533286,2016,176,0.0,0.0,0.0,0.0,0.0,0.0,0.0,0.0,0.0,0.0,0.0,0.0,0.0,6.0,0.0,77.0,0.0,0.0,0.0,0.0,0.0,0.0,0.0,0.0,0.0,0.0,1.0,0.0,1.0,0.0,0.0,0.0,0.0,5.0,0.0,87.0,45.0,3.0,271.0,22.0,,1.0,,53.0,55.0,4,Andy Janovich,Nebraska,Big Ten,Fullback,,,17.4,6.022222222222222,12.833333333333334,1.0,,,
533293,2017,167,0.0,0.0,0.0,6.0,0.0,0.0,6.0,0.0,0.0,0.0,1.0,1.0,25.0,0.0,0.0,0.0,0.0,0.0,0.0,0.0,0.0,0.0,0.0,0.0,0.0,0.0,0.0,0.0,0.0,0.0,0.0,0.0,0.0,0.0,0.0,0.0,0.0,0.0,0.0,,,,,,,2,Avery Moss,Youngstown State,MVFC,Defensive End,,,,,,,,,25.0
533317,2016,137,0.0,0.0,0.0,0.0,0.0,0.0,0.0,0.0,0.0,0.0,3.0,1.0,53.0,0.0,0.0,0.0,0.0,0.0,0.0,0.0,0.0,0.0,0.0,0.0,0.0,0.0,0.0,0.0,0.0,0.0,0.0,0.0,0.0,0.0,0.0,0.0,0.0,0.0,0.0,,,,,,,2,Dean Lowry,Northwestern,Big Ten,Defensive End,,,,,,,,,17.666666666666668
533322,2017,220,0.0,6.0,10.0,16.0,0.0,12.0,22.0,0.0,0.0,0.0,0.0,0.0,0.0,0.0,0.0,0.0,0.0,0.0,0.0,0.0,0.0,0.0,0.0,0.0,0.0,0.0,0.0,0.0,0.0,0.0,0.0,0.0,0.0,0.0,0.0,0.0,0.0,0.0,0.0,,,,,,,1,Ifeadi Odenigbo,Northwestern,Big Ten,Defensive End,,,,,,,,,
533961,2017,96,0.0,0.0,0.0,0.0,0.0,0.0,0.0,1.0,1.0,0.0,0.0,0.0,0.0,0.0,0.0,0.0,0.0,0.0,0.0,0.0,0.0,0.0,0.0,0.0,0.0,0.0,2.0,0.0,4.0,0.0,0.0,0.0,0.0,164.0,18.0,2340.0,29.0,3.0,206.0,,,3.0,,68.0,39.0,3,Kenny Golladay,Northern Illinois,Mid-American,Wide Receiver,,,14.268292682926829,7.103448275862069,,2.0,,,
534247,2016,58,0.0,0.0,0.0,0.0,0.0,0.0,0.0,0.0,0.0,0.0,5.0,0.0,60.0,0.0,0.0,0.0,0.0,0.0,0.0,0.0,0.0,0.0,0.0,0.0,0.0,0.0,0.0,0.0,0.0,0.0,0.0,0.0,0.0,0.0,0.0,0.0,0.0,0.0,0.0,,,,,,,2,Sean Davis,Maryland,Big Ten,Safety,,,,,,,,,12.0
534249,2015,146,0.0,0.0,0.0,0.0,0.0,0.0,0.0,0.0,0.0,0.0,0.0,0.0,0.0,58.0,2.0,1472.0,0.0,0.0,0.0,0.0,0.0,3.0,1.0,0.0,1.0,8.0,25.0,0.0,220.0,0.0,0.0,0.0,0.0,150.0,14.0,2227.0,32.0,0.0,187.0,100.0,,31.0,,77.0,26.0,3,Stefon Diggs,Maryland,Big Ten,Wide Receiver,0.3333333333333333,2.6666666666666665,14.846666666666666,5.84375,25.379310344827587,8.8,,,
534270,2017,158,3.0,0.0,0.0,23.0,0.0,3.0,27.0,0.0,0.0,0.0,2.0,0.0,29.0,1.0,0.0,12.0,0.0,0.0,0.0,0.0,0.0,0.0,0.0,0.0,0.0,0.0,0.0,0.0,0.0,0.0,0.0,0.0,0.0,20.0,0.0,150.0,0.0,0.0,0.0,12.0,,,,16.0,,3,Nate Hairston,Temple,American Athletic,Cornerback,,,7.5,,12.0,,,,14.5
534294,2016,139,0.0,0.0,0.0,0.0,0.0,0.0,0.0,0.0,0.0,0.0,0.0,0.0,0.0,0.0,0.0,0.0,0.0,0.0,0.0,0.0,0.0,270.0,167.0,7.0,15.0,2323.0,0.0,0.0,0.0,0.0,0.0,0.0,0.0,0.0,0.0,0.0,153.0,4.0,617.0,,,,,,38.0,3,Cardale Jones,Ohio State,Big Ten,Quarterback,0.6185185185185185,8.603703703703705,,4.032679738562091,,,,,
534301,2016,102,0.0,0.0,0.0,0.0,0.0,0.0,0.0,0.0,0.0,0.0,1.0,0.0,0.0,0.0,0.0,0.0,0.0,0.0,0.0,0.0,0.0,0.0,0.0,0.0,0.0,0.0,0.0,0.0,0.0,0.0,0.0,0.0,0.0,0.0,0.0,0.0,0.0,0.0,0.0,,,,,,,1,Joshua Perry,Ohio State,Big Ten,Inside Linebacker,,,,,,,,,0.0
534311,2016,47,0.0,0.0,0.0,0.0,0.0,0.0,0.0,0.0,0.0,0.0,0.0,0.0,0.0,0.0,0.0,0.0,0.0,0.0,0.0,0.0,0.0,0.0,0.0,0.0,0.0,0.0,0.0,0.0,0.0,0.0,0.0,0.0,0.0,113.0,18.0,1602.0,0.0,0.0,0.0,,,,,79.0,,3,Michael Thomas,Ohio State,Big Ten,Wide Receiver,,,14.176991150442477,,,,,,
534312,2016,80,0.0,0.0,0.0,0.0,0.0,0.0,0.0,0.0,0.0,0.0,1.0,1.0,20.0,0.0,0.0,0.0,0.0,0.0,0.0,0.0,0.0,0.0,0.0,0.0,0.0,0.0,0.0,0.0,0.0,0.0,0.0,0.0,0.0,0.0,0.0,0.0,0.0,0.0,0.0,,,,,,,1,Adolphus Washington,Ohio State,Big Ten,Defensive Tackle,,,,,,,,,20.0
534336,2016,104,0.0,0.0,0.0,0.0,0.0,0.0,0.0,0.0,0.0,0.0,7.0,1.0,157.0,0.0,0.0,0.0,0.0,0.0,0.0,0.0,0.0,0.0,0.0,0.0,0.0,0.0,0.0,0.0,0.0,0.0,0.0,0.0,0.0,0.0,0.0,0.0,0.0,0.0,0.0,,,,,,,3,Tavon Young,Temple,Big East,Cornerback,,,,,,,,,22.428571428571427
534341,2016,246,0.0,0.0,0.0,0.0,0.0,0.0,0.0,0.0,0.0,0.0,7.0,0.0,94.0,0.0,0.0,0.0,0.0,0.0,0.0,0.0,0.0,0.0,0.0,0.0,0.0,0.0,0.0,0.0,0.0,0.0,0.0,0.0,0.0,0.0,0.0,0.0,0.0,0.0,0.0,,,,,,,3,Tyler Matakevich,Temple,American Athletic,Inside Linebacker,,,,,,,,,13.428571428571429
534370,2017,149,8.0,0.0,0.0,46.0,1.0,3.0,67.0,1.0,1.0,0.0,17.0,2.0,214.0,0.0,0.0,0.0,0.0,0.0,0.0,0.0,0.0,0.0,0.0,0.0,0.0,0.0,5.0,1.0,70.0,0.0,0.0,0.0,0.0,0.0,0.0,0.0,0.0,0.0,0.0,,,66.0,,,,4,Damontae Kazee,San Diego State,Mountain West,Cornerback,,,,,,14.0,,,12.588235294117647
534409,2015,36,0.0,0.0,0.0,0.0,0.0,0.0,0.0,0.0,0.0,0.0,0.0,0.0,0.0,0.0,0.0,0.0,0.0,0.0,0.0,0.0,0.0,0.0,0.0,0.0,0.0,0.0,0.0,0.0,0.0,0.0,0.0,0.0,0.0,46.0,2.0,494.0,576.0,37.0,3322.0,,,,,37.0,68.0,3,T.J. Yeldon,Alabama,SEC,Running Back,,,10.73913043478261,5.767361111111111,,,,,
534423,2014,55,0.0,0.0,0.0,0.0,0.0,0.0,0.0,0.0,0.0,0.0,0.0,0.0,0.0,0.0,0.0,0.0,0.0,0.0,0.0,0.0,0.0,0.0,0.0,0.0,0.0,0.0,0.0,0.0,0.0,0.0,0.0,0.0,0.0,26.0,0.0,254.0,345.0,28.0,2156.0,,,,,30.0,69.0,2,Jeremy Hill,LSU,SEC,Running Back,,,9.76923076923077,6.249275362318841,,,,,
534427,2016,233,0.0,0.0,0.0,0.0,0.0,0.0,0.0,0.0,0.0,0.0,6.0,0.0,12.0,0.0,0.0,0.0,0.0,0.0,0.0,0.0,0.0,0.0,0.0,0.0,0.0,0.0,0.0,0.0,0.0,0.0,0.0,0.0,0.0,0.0,0.0,0.0,0.0,0.0,0.0,,,,,,,3,Jalen Mills,LSU,SEC,Safety,,,,,,,,,2.0
534432,2016,52,0.0,0.0,0.0,0.0,0.0,0.0,0.0,0.0,0.0,0.0,2.0,1.0,26.0,0.0,0.0,0.0,0.0,0.0,0.0,0.0,0.0,0.0,0.0,0.0,0.0,0.0,0.0,0.0,0.0,0.0,0.0,0.0,0.0,0.0,0.0,0.0,0.0,0.0,0.0,,,,,,,1,Deion Jones,LSU,SEC,Outside Linebacker,,,,,,,,,13.0
534441,2016,123,0.0,0.0,0.0,0.0,0.0,0.0,0.0,0.0,0.0,0.0,0.0,0.0,0.0,0.0,0.0,0.0,0.0,0.0,0.0,0.0,0.0,0.0,0.0,0.0,0.0,0.0,0.0,0.0,0.0,0.0,0.0,0.0,0.0,1.0,0.0,2.0,0.0,0.0,0.0,,,,,2.0,,1,Jerald Hawkins,LSU,SEC,Offensive Tackle,,,2.0,,,,,,
534448,2016,40,0.0,0.0,0.0,0.0,0.0,0.0,0.0,0.0,0.0,0.0,0.0,0.0,0.0,1.0,0.0,4.0,0.0,0.0,0.0,0.0,0.0,0.0,0.0,0.0,0.0,0.0,31.0,0.0,221.0,0.0,0.0,0.0,0.0,233.0,26.0,3482.0,17.0,1.0,109.0,4.0,,27.0,,75.0,31.0,4,Sterling Shepard,Oklahoma,Big 12,Wide Receiver,,,14.944206008583691,6.411764705882353,4.0,7.129032258064516,,,
534452,2016,141,0.0,0.0,0.0,0.0,0.0,0.0,0.0,0.0,0.0,0.0,15.0,3.0,220.0,0.0,0.0,0.0,0.0,0.0,0.0,0.0,0.0,0.0,0.0,0.0,0.0,0.0,5.0,0.0,22.0,0.0,0.0,0.0,0.0,0.0,0.0,0.0,0.0,0.0,0.0,,,14.0,,,,3,Zack Sanchez,Oklahoma,Big 12,Cornerback,,,,,,4.4,,,14.666666666666666
534454,2017,49,3.0,8.0,8.5,31.0,1.0,18.5,61.0,0.0,0.0,2.0,1.0,1.0,26.0,1.0,0.0,5.0,0.0,0.0,0.0,0.0,0.0,0.0,0.0,0.0,0.0,0.0,0.0,0.0,0.0,0.0,0.0,0.0,0.0,0.0,0.0,0.0,0.0,0.0,0.0,5.0,,,,,,2,Ryan Anderson,Alabama,SEC,Outside Linebacker,,,,,5.0,,,,26.0
534458,2015,4,0.0,0.0,0.0,0.0,0.0,0.0,0.0,0.0,0.0,0.0,0.0,0.0,0.0,0.0,0.0,0.0,0.0,0.0,0.0,0.0,0.0,0.0,0.0,0.0,0.0,0.0,0.0,0.0,0.0,0.0,0.0,0.0,0.0,228.0,31.0,3463.0,6.0,0.0,51.0,,,,,99.0,28.0,3,Amari Cooper,Alabama,SEC,Wide Receiver,,,15.18859649122807,8.5,,,,,
534504,2016,14,0.0,0.0,0.0,0.0,0.0,0.0,0.0,0.0,0.0,0.0,9.0,0.0,40.0,0.0,0.0,0.0,0.0,0.0,0.0,0.0,0.0,0.0,0.0,0.0,0.0,0.0,0.0,0.0,0.0,0.0,0.0,0.0,0.0,0.0,0.0,0.0,0.0,0.0,0.0,,,,,,,4,Karl Joseph,West Virginia,Big 12,Safety,,,,,,,,,4.444444444444445
534576,2015,78,0.0,0.0,0.0,0.0,0.0,0.0,0.0,0.0,0.0,0.0,4.0,1.0,38.0,0.0,0.0,0.0,0.0,0.0,0.0,0.0,0.0,0.0,0.0,0.0,0.0,0.0,0.0,0.0,0.0,0.0,0.0,0.0,0.0,0.0,0.0,0.0,0.0,0.0,0.0,,,,,,,2,P.J. Williams,Florida State,ACC,Cornerback,,,,,,,,,9.5
534580,2017,253,0.0,0.0,0.0,1.0,0.0,0.0,1.0,5.0,3.0,0.0,0.0,0.0,0.0,0.0,0.0,0.0,0.0,0.0,0.0,0.0,0.0,803.0,513.0,21.0,50.0,6858.0,0.0,0.0,0.0,0.0,3.0,0.0,131.0,0.0,0.0,0.0,204.0,16.0,949.0,,,,49.0,,43.0,3,Chad Kelly,Ole Miss,SEC,Quarterback,0.638854296388543,8.540473225404732,,4.651960784313726,,,43.666666666666664,,
534582,2016,247,0.0,0.0,0.0,0.0,0.0,0.0,0.0,0.0,0.0,0.0,0.0,0.0,0.0,0.0,0.0,0.0,0.0,0.0,0.0,0.0,0.0,0.0,0.0,0.0,0.0,0.0,0.0,0.0,0.0,0.0,0.0,0.0,0.0,18.0,3.0,205.0,115.0,5.0,599.0,,,,,35.0,35.0,3,Zac Brooks,Clemson,ACC,Running Back,,,11.38888888888889,5.208695652173913,,,,,
534595,2015,165,0.0,0.0,0.0,0.0,0.0,0.0,0.0,0.0,0.0,0.0,0.0,0.0,0.0,0.0,0.0,0.0,0.0,0.0,3.0,3.0,3.0,0.0,0.0,0.0,0.0,0.0,0.0,0.0,0.0,28.0,140.0,2.0,5754.0,0.0,0.0,0.0,0.0,0.0,0.0,,0.0,,60.0,,,3,Bradley Pinion,Clemson,ACC,Punter,,,,,,,41.1,,
534596,2017,142,4.0,4.0,10.5,30.0,0.0,13.5,50.0,0.0,0.0,1.0,1.0,1.0,15.0,0.0,0.0,0.0,0.0,0.0,0.0,0.0,0.0,0.0,0.0,0.0,0.0,0.0,0.0,0.0,0.0,0.0,0.0,0.0,0.0,0.0,0.0,0.0,0.0,0.0,0.0,,,,,,,2,Carlos Watkins,Clemson,ACC,Defensive Tackle,,,,,,,,,15.0
534670,2017,230,2.0,0.0,1.0,37.0,0.0,3.0,60.0,0.0,0.0,0.0,4.0,0.0,25.0,0.0,0.0,0.0,0.0,0.0,0.0,0.0,0.0,0.0,0.0,0.0,0.0,0.0,0.0,0.0,0.0,0.0,0.0,0.0,0.0,0.0,0.0,0.0,0.0,0.0,0.0,,,,,,,3,Josh Harvey-Clemons,Louisville,ACC,Safety,,,,,,,,,6.25
534672,2016,83,0.0,0.0,0.0,0.0,0.0,0.0,0.0,0.0,0.0,0.0,0.0,0.0,0.0,1.0,0.0,0.0,0.0,0.0,0.0,0.0,0.0,0.0,0.0,0.0,0.0,0.0,0.0,0.0,0.0,0.0,0.0,0.0,0.0,0.0,0.0,0.0,0.0,0.0,0.0,0.0,,,,,,1,Jordan Jenkins,Georgia,SEC,Outside Linebacker,,,,,0.0,,,,
534695,2017,69,0.0,0.0,0.0,0.0,0.0,0.0,0.0,0.0,0.0,0.0,0.0,0.0,0.0,0.0,0.0,0.0,0.0,0.0,0.0,0.0,0.0,1.0,1.0,0.0,0.0,22.0,1.0,0.0,0.0,0.0,0.0,0.0,0.0,45.0,12.0,786.0,2.0,0.0,29.0,,,0.0,,75.0,15.0,4,Cooper Kupp,Eastern Washington,Big Sky,Wide Receiver,1.0,22.0,17.466666666666665,14.5,,0.0,,,
534757,2014,201,0.0,0.0,0.0,0.0,0.0,0.0,0.0,0.0,0.0,0.0,0.0,0.0,0.0,21.0,0.0,507.0,0.0,0.0,0.0,0.0,0.0,0.0,0.0,0.0,0.0,0.0,0.0,0.0,0.0,0.0,0.0,0.0,0.0,91.0,14.0,863.0,294.0,25.0,1675.0,44.0,,,,37.0,52.0,2,Marion Grice,Arizona State,Pac-12,Running Back,,,9.483516483516484,5.697278911564626,24.142857142857142,,,,
534774,2016,189,0.0,0.0,0.0,0.0,0.0,0.0,0.0,0.0,0.0,0.0,4.0,0.0,4.0,0.0,0.0,0.0,0.0,0.0,0.0,0.0,0.0,0.0,0.0,0.0,0.0,0.0,0.0,0.0,0.0,0.0,0.0,0.0,0.0,0.0,0.0,0.0,1.0,0.0,39.0,,,,,,39.0,1,Anthony Brown,Purdue,Big Ten,Cornerback,,,,39.0,,,,,1.0
534807,2017,108,1.0,7.0,4.0,29.0,0.0,6.0,44.0,0.0,0.0,0.0,0.0,0.0,0.0,0.0,0.0,0.0,0.0,0.0,0.0,0.0,0.0,0.0,0.0,0.0,0.0,0.0,0.0,0.0,0.0,0.0,0.0,0.0,0.0,0.0,0.0,0.0,0.0,0.0,0.0,,,,,,,1,Vince Biegel,Wisconsin,Big Ten,Outside Linebacker,,,,,,,,,
534828,2016,99,0.0,0.0,0.0,0.0,0.0,0.0,0.0,0.0,0.0,0.0,1.0,0.0,14.0,0.0,0.0,0.0,0.0,0.0,0.0,0.0,0.0,0.0,0.0,0.0,0.0,0.0,0.0,0.0,0.0,0.0,0.0,0.0,0.0,0.0,0.0,0.0,1.0,0.0,57.0,,,,,,57.0,1,Joe Schobert,Wisconsin,Big Ten,Outside Linebacker,,,,57.0,,,,,14.0
534849,2016,26,0.0,0.0,0.0,0.0,0.0,0.0,0.0,0.0,0.0,0.0,0.0,0.0,0.0,0.0,0.0,0.0,0.0,0.0,0.0,0.0,0.0,1205.0,758.0,23.0,59.0,8863.0,0.0,0.0,0.0,0.0,0.0,0.0,0.0,0.0,0.0,0.0,288.0,17.0,687.0,,,,,,29.0,3,Paxton Lynch,Memphis,American Athletic,Quarterback,0.629045643153527,7.355186721991701,,2.3854166666666665,,,,,
535145,2015,41,0.0,0.0,0.0,0.0,0.0,0.0,0.0,0.0,0.0,0.0,0.0,0.0,0.0,0.0,0.0,0.0,0.0,0.0,0.0,0.0,0.0,0.0,0.0,0.0,0.0,0.0,0.0,0.0,0.0,0.0,0.0,0.0,0.0,126.0,15.0,1715.0,8.0,0.0,23.0,,,,,59.0,14.0,3,Devin Funchess,Michigan,Big Ten,Wide Receiver,,,13.61111111111111,2.875,,,,,
535149,2017,197,2.0,0.0,0.0,7.0,0.0,0.0,11.0,0.0,0.0,0.0,3.0,0.0,20.0,0.0,0.0,0.0,0.0,0.0,0.0,0.0,0.0,0.0,0.0,0.0,0.0,0.0,0.0,0.0,0.0,0.0,0.0,0.0,0.0,0.0,0.0,0.0,0.0,0.0,0.0,,,,,,,2,Jeremy Clark,Michigan,Big Ten,Cornerback,,,,,,,,,6.666666666666667
535151,2017,74,0.0,6.0,6.0,18.0,0.0,8.0,37.0,0.0,0.0,0.0,0.0,0.0,0.0,0.0,0.0,0.0,0.0,0.0,0.0,0.0,0.0,0.0,0.0,0.0,0.0,0.0,0.0,0.0,0.0,0.0,0.0,0.0,0.0,0.0,0.0,0.0,0.0,0.0,0.0,,,,,,,1,Chris Wormley,Michigan,Big Ten,Defensive Tackle,,,,,,,,,
535161,2016,132,0.0,0.0,0.0,0.0,0.0,0.0,0.0,0.0,0.0,0.0,1.0,1.0,7.0,0.0,0.0,0.0,0.0,0.0,0.0,0.0,0.0,0.0,0.0,0.0,0.0,0.0,0.0,0.0,0.0,0.0,0.0,0.0,0.0,0.0,0.0,0.0,0.0,0.0,0.0,,,,,,,1,Willie Henry,Michigan,Big Ten,Defensive Tackle,,,,,,,,,7.0
535165,2017,106,0.0,0.0,0.0,0.0,0.0,0.0,0.0,0.0,0.0,0.0,0.0,0.0,0.0,0.0,0.0,0.0,0.0,0.0,0.0,0.0,0.0,0.0,0.0,0.0,0.0,0.0,4.0,0.0,23.0,0.0,0.0,0.0,0.0,151.0,14.0,2062.0,2.0,0.0,2.0,,,11.0,,46.0,4.0,3,Amara Darboh,Michigan,Big Ten,Wide Receiver,,,13.655629139072847,1.0,,5.75,,,
535167,2017,139,0.0,0.0,0.0,0.0,0.0,0.0,1.0,1.0,1.0,0.0,0.0,0.0,0.0,6.0,1.0,202.0,0.0,0.0,0.0,0.0,0.0,0.0,0.0,0.0,0.0,0.0,0.0,0.0,0.0,0.0,0.0,0.0,0.0,114.0,12.0,1639.0,22.0,3.0,219.0,96.0,,,,64.0,66.0,4,Jehu Chesson,Michigan,Big Ten,Wide Receiver,,,14.37719298245614,9.954545454545455,33.666666666666664,,,,
535171,2017,138,1.0,3.0,4.0,20.0,0.0,10.0,41.0,0.0,0.0,0.0,0.0,0.0,0.0,0.0,0.0,0.0,0.0,0.0,0.0,0.0,0.0,0.0,0.0,0.0,0.0,0.0,0.0,0.0,0.0,0.0,0.0,0.0,0.0,0.0,0.0,0.0,0.0,0.0,0.0,,,,,,,1,Ryan Glasgow,Michigan,Big Ten,Defensive Tackle,,,,,,,,,
535214,2015,80,0.0,0.0,0.0,0.0,0.0,0.0,0.0,0.0,0.0,0.0,2.0,0.0,0.0,5.0,0.0,110.0,0.0,0.0,0.0,0.0,0.0,0.0,0.0,0.0,0.0,0.0,0.0,0.0,0.0,0.0,0.0,0.0,0.0,0.0,0.0,0.0,0.0,0.0,0.0,30.0,,,,,,3,Alex Carter,Stanford,Pac-12,Cornerback,,,,,22.0,,,,0.0
535270,2016,243,0.0,0.0,0.0,0.0,0.0,0.0,0.0,0.0,0.0,0.0,0.0,0.0,0.0,0.0,0.0,0.0,0.0,0.0,0.0,0.0,0.0,0.0,0.0,0.0,0.0,0.0,0.0,0.0,0.0,0.0,0.0,0.0,0.0,143.0,27.0,1706.0,1.0,0.0,5.0,,,,,52.0,5.0,3,Kenny Lawler,California,Pac-12,Wide Receiver,,,11.93006993006993,5.0,,,,,
535291,2016,131,0.0,0.0,0.0,0.0,0.0,0.0,0.0,0.0,0.0,0.0,5.0,0.0,12.0,0.0,0.0,0.0,0.0,0.0,0.0,0.0,0.0,0.0,0.0,0.0,0.0,0.0,0.0,0.0,0.0,0.0,0.0,0.0,0.0,0.0,0.0,0.0,0.0,0.0,0.0,,,,,,,3,Blake Martinez,Stanford,Pac-12,Inside Linebacker,,,,,,,,,2.4
535329,2015,25,0.0,0.0,0.0,0.0,0.0,0.0,0.0,0.0,0.0,0.0,5.0,2.0,152.0,2.0,0.0,46.0,0.0,0.0,0.0,0.0,0.0,0.0,0.0,0.0,0.0,0.0,2.0,0.0,8.0,0.0,0.0,0.0,0.0,4.0,0.0,56.0,61.0,2.0,456.0,30.0,,6.0,,41.0,57.0,3,Shaq Thompson,Washington,Pac-12,Outside Linebacker,,,14.0,7.475409836065574,23.0,4.0,,,30.4
535353,2016,184,0.0,0.0,0.0,0.0,0.0,0.0,0.0,0.0,0.0,0.0,0.0,0.0,0.0,0.0,0.0,0.0,0.0,0.0,0.0,0.0,0.0,0.0,0.0,0.0,0.0,0.0,0.0,0.0,0.0,0.0,0.0,0.0,0.0,66.0,7.0,977.0,0.0,0.0,0.0,,,,,45.0,,4,Jerell Adams,South Carolina,SEC,Tight End,,,14.803030303030303,,,,,,
535422,2016,59,0.0,0.0,0.0,0.0,0.0,0.0,0.0,0.0,0.0,0.0,0.0,0.0,0.0,0.0,0.0,0.0,77.0,69.0,405.0,198.0,198.0,0.0,0.0,0.0,0.0,0.0,0.0,0.0,0.0,0.0,0.0,0.0,0.0,0.0,0.0,0.0,0.0,0.0,0.0,,53.0,,,,,3,Roberto Aguayo,Florida State,ACC,Place Kicker,,,,,,,,0.8961038961038961,
535497,2016,15,0.0,0.0,0.0,0.0,0.0,0.0,0.0,0.0,0.0,0.0,0.0,0.0,0.0,25.0,1.0,651.0,0.0,0.0,0.0,0.0,0.0,0.0,0.0,0.0,0.0,0.0,3.0,0.0,9.0,0.0,0.0,0.0,0.0,173.0,33.0,3009.0,33.0,1.0,164.0,97.0,,9.0,,81.0,24.0,3,Corey Coleman,Baylor,Big 12,Wide Receiver,,,17.393063583815028,4.96969696969697,26.04,3.0,,,
535503,2016,38,0.0,0.0,0.0,0.0,0.0,0.0,0.0,0.0,0.0,0.0,10.0,0.0,121.0,0.0,0.0,0.0,0.0,0.0,0.0,0.0,0.0,0.0,0.0,0.0,0.0,0.0,0.0,0.0,0.0,0.0,0.0,0.0,0.0,0.0,0.0,0.0,0.0,0.0,0.0,,,,,,,3,Xavien Howard,Baylor,Big 12,Cornerback,,,,,,,,,12.1
535547,2015,79,0.0,0.0,0.0,0.0,0.0,0.0,0.0,0.0,0.0,0.0,2.0,0.0,1.0,0.0,0.0,0.0,0.0,0.0,0.0,0.0,0.0,0.0,0.0,0.0,0.0,0.0,0.0,0.0,0.0,0.0,0.0,0.0,0.0,0.0,0.0,0.0,0.0,0.0,0.0,,,,,,,2,Eli Harold,Virginia,ACC,Outside Linebacker,,,,,,,,,0.5
535550,2016,209,0.0,0.0,0.0,0.0,0.0,0.0,0.0,0.0,0.0,0.0,5.0,1.0,108.0,0.0,0.0,0.0,0.0,0.0,0.0,0.0,0.0,0.0,0.0,0.0,0.0,0.0,5.0,1.0,126.0,0.0,0.0,0.0,0.0,0.0,0.0,0.0,0.0,0.0,0.0,,,74.0,,,,3,Maurice Canady,Virginia,ACC,Cornerback,,,,,,25.2,,,21.6
535598,2015,160,0.0,0.0,0.0,0.0,0.0,0.0,0.0,0.0,0.0,0.0,0.0,0.0,0.0,0.0,0.0,0.0,0.0,0.0,0.0,0.0,0.0,0.0,0.0,0.0,0.0,0.0,0.0,0.0,0.0,0.0,0.0,0.0,0.0,78.0,11.0,1005.0,0.0,0.0,0.0,,,,,58.0,,3,Jesse James,Penn State,Big Ten,Tight End,,,12.884615384615385,,,,,,
535603,2016,204,0.0,0.0,0.0,0.0,0.0,0.0,0.0,0.0,0.0,0.0,3.0,0.0,37.0,0.0,0.0,0.0,0.0,0.0,0.0,0.0,0.0,0.0,0.0,0.0,0.0,0.0,1.0,0.0,1.0,0.0,0.0,0.0,0.0,0.0,0.0,0.0,0.0,0.0,0.0,,,1.0,,,,2,Jordan Lucas,Penn State,Big Ten,Safety,,,,,,1.0,,,12.333333333333334
535742,2015,33,0.0,0.0,0.0,0.0,0.0,0.0,0.0,0.0,0.0,0.0,5.0,1.0,103.0,3.0,0.0,55.0,0.0,0.0,0.0,0.0,0.0,0.0,0.0,0.0,0.0,0.0,1.0,0.0,13.0,0.0,0.0,0.0,0.0,0.0,0.0,0.0,0.0,0.0,0.0,30.0,,13.0,,,,3,Landon Collins,Alabama,SEC,Safety,,,,,18.333333333333332,13.0,,,20.6
535744,2016,73,0.0,0.0,0.0,0.0,0.0,0.0,0.0,0.0,0.0,0.0,0.0,0.0,0.0,20.0,1.0,505.0,0.0,0.0,0.0,0.0,0.0,0.0,0.0,0.0,0.0,0.0,1.0,0.0,19.0,0.0,0.0,0.0,0.0,46.0,4.0,570.0,233.0,18.0,1495.0,95.0,,19.0,,87.0,58.0,4,Kenyan Drake,Alabama,SEC,Running Back,,,12.391304347826088,6.416309012875536,25.25,19.0,,,
535750,2016,60,0.0,0.0,0.0,0.0,0.0,0.0,0.0,0.0,0.0,0.0,7.0,0.0,49.0,15.0,0.0,351.0,0.0,0.0,0.0,0.0,0.0,0.0,0.0,0.0,0.0,0.0,54.0,4.0,673.0,0.0,0.0,0.0,0.0,4.0,0.0,51.0,1.0,0.0,2.0,41.0,,72.0,,35.0,2.0,4,Cyrus Jones,Alabama,SEC,Cornerback,,,12.75,2.0,23.4,12.462962962962964,,,7.0
535756,2016,41,0.0,0.0,0.0,0.0,0.0,0.0,0.0,0.0,0.0,0.0,1.0,0.0,1.0,0.0,0.0,0.0,0.0,0.0,0.0,0.0,0.0,0.0,0.0,0.0,0.0,0.0,0.0,0.0,0.0,0.0,0.0,0.0,0.0,0.0,0.0,0.0,0.0,0.0,0.0,,,,,,,1,Reggie Ragland,Alabama,SEC,Inside Linebacker,,,,,,,,,1.0
535761,2017,55,4.0,7.0,3.0,17.0,0.0,5.5,62.0,0.0,0.0,0.0,0.0,0.0,0.0,0.0,0.0,0.0,0.0,0.0,0.0,0.0,0.0,0.0,0.0,0.0,0.0,0.0,0.0,0.0,0.0,0.0,0.0,0.0,0.0,0.0,0.0,0.0,0.0,0.0,0.0,,,,,,,1,Dalvin Tomlinson,Alabama,SEC,Defensive Tackle,,,,,,,,,
535801,2015,73,0.0,0.0,0.0,0.0,0.0,0.0,0.0,0.0,0.0,0.0,0.0,0.0,0.0,30.0,1.0,690.0,0.0,0.0,0.0,0.0,0.0,0.0,0.0,0.0,0.0,0.0,0.0,0.0,0.0,0.0,0.0,0.0,0.0,54.0,0.0,383.0,452.0,28.0,3219.0,96.0,,,,44.0,90.0,3,Tevin Coleman,Indiana,Big Ten,Running Back,,,7.092592592592593,7.121681415929204,23.0,,,,
535825,2016,187,0.0,0.0,0.0,0.0,0.0,0.0,0.0,0.0,0.0,0.0,0.0,0.0,0.0,0.0,0.0,0.0,0.0,0.0,0.0,0.0,0.0,983.0,593.0,20.0,61.0,7879.0,0.0,0.0,0.0,0.0,0.0,0.0,0.0,0.0,0.0,0.0,135.0,8.0,132.0,,,,,,21.0,4,Nate Sudfeld,Indiana,Big Ten,Quarterback,0.6032553407934893,8.015259409969481,,0.9777777777777777,,,,,
535844,2017,104,0.0,0.0,0.0,0.0,0.0,0.0,0.0,3.0,0.0,0.0,0.0,0.0,0.0,0.0,0.0,0.0,0.0,0.0,0.0,0.0,0.0,782.0,454.0,19.0,40.0,5562.0,0.0,0.0,0.0,0.0,2.0,0.0,70.0,0.0,0.0,0.0,224.0,10.0,429.0,,,,36.0,,57.0,4,C.J. Beathard,Iowa,Big Ten,Quarterback,0.5805626598465473,7.112531969309463,,1.9151785714285714,,,35.0,,
535847,2017,109,2.0,5.0,7.5,30.0,0.0,11.0,55.0,0.0,0.0,0.0,0.0,0.0,0.0,0.0,0.0,0.0,0.0,0.0,0.0,0.0,0.0,0.0,0.0,0.0,0.0,0.0,0.0,0.0,0.0,0.0,0.0,0.0,0.0,0.0,0.0,0.0,0.0,0.0,0.0,,,,,,,1,Jaleel Johnson,Iowa,Big Ten,Defensive Tackle,,,,,,,,,
535857,2016,213,0.0,0.0,0.0,0.0,0.0,0.0,0.0,0.0,0.0,0.0,0.0,0.0,0.0,1.0,0.0,-11.0,0.0,0.0,0.0,0.0,0.0,0.0,0.0,0.0,0.0,0.0,0.0,0.0,0.0,0.0,0.0,0.0,0.0,165.0,10.0,2174.0,22.0,0.0,149.0,-11.0,,,,56.0,35.0,4,Aaron Burbridge,Michigan State,Big Ten,Wide Receiver,,,13.175757575757576,6.7727272727272725,-11.0,,,,
535889,2017,154,0.0,0.0,0.0,0.0,0.0,0.0,0.0,0.0,0.0,0.0,0.0,0.0,0.0,0.0,0.0,0.0,0.0,0.0,0.0,0.0,0.0,0.0,0.0,0.0,0.0,0.0,0.0,0.0,0.0,0.0,0.0,0.0,0.0,71.0,11.0,921.0,2.0,0.0,5.0,,,,,44.0,4.0,4,Jeremy Sprinkle,Arkansas,SEC,Tight End,,,12.971830985915492,2.5,,,,,
535893,2016,156,0.0,0.0,0.0,0.0,0.0,0.0,0.0,0.0,0.0,0.0,0.0,0.0,0.0,0.0,0.0,0.0,0.0,0.0,0.0,0.0,0.0,4.0,1.0,0.0,1.0,21.0,0.0,0.0,0.0,0.0,0.0,0.0,0.0,26.0,6.0,345.0,406.0,16.0,2321.0,,,,,77.0,90.0,3,Jonathan Williams,Arkansas,SEC,Running Back,0.25,5.25,13.26923076923077,5.716748768472907,,,,,
535917,2015,95,0.0,0.0,0.0,0.0,0.0,0.0,0.0,0.0,0.0,0.0,0.0,0.0,0.0,0.0,0.0,0.0,0.0,0.0,0.0,0.0,0.0,0.0,0.0,0.0,0.0,0.0,0.0,0.0,0.0,0.0,0.0,0.0,0.0,19.0,1.0,100.0,297.0,11.0,1431.0,,,,,14.0,67.0,3,Matt Jones,Florida,SEC,Running Back,,,5.2631578947368425,4.818181818181818,,,,,
535922,2017,39,6.0,0.0,1.0,29.0,0.0,1.5,50.0,0.0,0.0,0.0,5.0,0.0,37.0,0.0,0.0,0.0,0.0,0.0,0.0,0.0,0.0,0.0,0.0,0.0,0.0,0.0,0.0,0.0,0.0,0.0,0.0,0.0,0.0,0.0,0.0,0.0,0.0,0.0,0.0,,,,,,,4,Marcus Maye,Florida,SEC,Safety,,,,,,,,,7.4
535958,2016,90,0.0,0.0,0.0,0.0,0.0,0.0,0.0,0.0,0.0,0.0,0.0,0.0,0.0,0.0,0.0,0.0,0.0,0.0,0.0,0.0,0.0,0.0,0.0,0.0,0.0,0.0,0.0,0.0,0.0,0.0,0.0,0.0,0.0,62.0,3.0,896.0,166.0,12.0,1158.0,,,,,78.0,91.0,3,C.J. Prosise,Notre Dame,FBS Independents,Running Back,,,14.451612903225806,6.975903614457831,,,,,
536053,2016,216,0.0,0.0,0.0,0.0,0.0,0.0,0.0,0.0,0.0,0.0,0.0,0.0,0.0,7.0,0.0,122.0,0.0,0.0,0.0,0.0,0.0,0.0,0.0,0.0,0.0,0.0,0.0,0.0,0.0,0.0,0.0,0.0,0.0,39.0,4.0,353.0,304.0,16.0,1513.0,23.0,,,,38.0,63.0,4,Darius Jackson,Eastern Michigan,Mid-American,Running Back,,,9.051282051282051,4.9769736842105265,17.428571428571427,,,,
536062,2017,250,3.0,14.0,7.5,15.0,0.0,13.0,39.0,0.0,0.0,0.0,0.0,0.0,0.0,0.0,0.0,0.0,0.0,0.0,0.0,0.0,0.0,0.0,0.0,0.0,0.0,0.0,0.0,0.0,0.0,0.0,0.0,0.0,0.0,0.0,0.0,0.0,0.0,0.0,0.0,,,,,,,1,Pat O'Connor,Eastern Michigan,Mid-American,Defensive End,,,,,,,,,
536127,2016,70,0.0,0.0,0.0,0.0,0.0,0.0,0.0,0.0,0.0,0.0,2.0,1.0,22.0,0.0,0.0,0.0,0.0,0.0,0.0,0.0,0.0,0.0,0.0,0.0,0.0,0.0,1.0,0.0,15.0,0.0,0.0,0.0,0.0,0.0,0.0,0.0,0.0,0.0,0.0,,,15.0,,,,2,Bronson Kaufusi,BYU,FBS Independents,Defensive End,,,,,,15.0,,,11.0
536136,2017,134,0.0,0.0,0.0,0.0,0.0,0.0,1.0,2.0,2.0,0.0,0.0,0.0,0.0,1.0,0.0,11.0,0.0,0.0,0.0,0.0,0.0,0.0,0.0,0.0,0.0,0.0,0.0,0.0,0.0,0.0,0.0,0.0,0.0,60.0,1.0,567.0,726.0,35.0,3901.0,11.0,,,,39.0,70.0,4,Jamaal Williams,BYU,FBS Independents,Running Back,,,9.45,5.373278236914601,11.0,,,,
536179,2017,13,3.0,3.0,9.5,43.0,0.0,22.5,65.0,0.0,0.0,1.0,1.0,0.0,5.0,0.0,0.0,0.0,0.0,0.0,0.0,0.0,0.0,0.0,0.0,0.0,0.0,0.0,0.0,0.0,0.0,0.0,0.0,0.0,0.0,0.0,0.0,0.0,0.0,0.0,0.0,,,,,,,1,Haason Reddick,Temple,American Athletic,Inside Linebacker,,,,,,,,,5.0
536197,2016,199,0.0,0.0,0.0,0.0,0.0,0.0,0.0,0.0,0.0,0.0,0.0,0.0,0.0,0.0,0.0,0.0,0.0,0.0,0.0,0.0,0.0,0.0,0.0,0.0,0.0,0.0,0.0,0.0,0.0,0.0,0.0,0.0,0.0,83.0,10.0,1297.0,5.0,0.0,87.0,,,,,76.0,30.0,4,Cody Core,Ole Miss,SEC,Wide Receiver,,,15.626506024096386,17.4,,,,,
536286,2017,148,0.0,0.0,4.5,71.0,0.0,14.5,128.0,0.0,0.0,0.0,0.0,0.0,0.0,0.0,0.0,0.0,0.0,0.0,0.0,0.0,0.0,0.0,0.0,0.0,0.0,0.0,0.0,0.0,0.0,0.0,0.0,0.0,0.0,0.0,0.0,0.0,0.0,0.0,0.0,,,,,,,1,Blair Brown,Ohio,Mid-American,Inside Linebacker,,,,,,,,,
536455,2017,38,0.0,0.0,0.0,0.0,0.0,0.0,0.0,0.0,0.0,0.0,0.0,0.0,0.0,0.0,0.0,0.0,0.0,0.0,0.0,0.0,0.0,0.0,0.0,0.0,0.0,0.0,0.0,0.0,0.0,0.0,0.0,0.0,0.0,0.0,0.0,0.0,1.0,1.0,9.0,,,,,,9.0,1,Forrest Lamp,Western Kentucky,Conference USA,Offensive Guard,,,,9.0,,,,,
536828,2017,207,5.0,0.0,2.0,29.0,0.0,4.0,43.0,0.0,0.0,0.0,2.0,1.0,51.0,44.0,2.0,1121.0,0.0,0.0,0.0,0.0,0.0,0.0,0.0,0.0,0.0,0.0,0.0,0.0,0.0,0.0,0.0,0.0,0.0,11.0,0.0,101.0,41.0,2.0,194.0,100.0,,,,20.0,18.0,2,Brandon Wilson,Houston,American Athletic,Cornerback,,,9.181818181818182,4.7317073170731705,25.477272727272727,,,,25.5
537063,2016,140,0.0,0.0,0.0,0.0,0.0,0.0,0.0,0.0,0.0,0.0,0.0,0.0,0.0,0.0,0.0,0.0,0.0,0.0,0.0,0.0,0.0,0.0,0.0,0.0,0.0,0.0,0.0,0.0,0.0,0.0,0.0,0.0,0.0,277.0,16.0,3486.0,4.0,0.0,11.0,,,,,77.0,12.0,4,Tajae Sharpe,Massachusetts,Mid-American,Wide Receiver,,,12.584837545126353,2.75,,,,,
537096,2015,65,0.0,0.0,0.0,0.0,0.0,0.0,0.0,0.0,0.0,0.0,9.0,2.0,135.0,28.0,0.0,685.0,0.0,0.0,0.0,0.0,0.0,0.0,0.0,0.0,0.0,0.0,0.0,0.0,0.0,0.0,0.0,0.0,0.0,0.0,0.0,0.0,0.0,0.0,0.0,49.0,,,,,,3,D'Joun Smith,Florida Atlantic,Sun Belt,Cornerback,,,,,24.464285714285715,,,,15.0
537313,2016,86,0.0,0.0,0.0,0.0,0.0,0.0,0.0,0.0,0.0,0.0,0.0,0.0,0.0,1.0,0.0,-4.0,0.0,0.0,0.0,0.0,0.0,0.0,0.0,0.0,0.0,0.0,0.0,0.0,0.0,0.0,0.0,0.0,0.0,122.0,29.0,2373.0,0.0,0.0,0.0,-4.0,,,,78.0,,3,Leonte Carroo,Rutgers,Big Ten,Wide Receiver,,,19.450819672131146,,-4.0,,,,
538490,2016,214,0.0,0.0,0.0,0.0,0.0,0.0,0.0,0.0,0.0,0.0,2.0,0.0,10.0,1.0,0.0,0.0,0.0,0.0,0.0,0.0,0.0,0.0,0.0,0.0,0.0,0.0,0.0,0.0,0.0,0.0,0.0,0.0,0.0,0.0,0.0,0.0,0.0,0.0,0.0,0.0,,,,,,2,Elandon Roberts,Morgan State,MEAC,Inside Linebacker,,,,,0.0,,,,5.0
540210,2017,118,0.0,0.0,0.0,1.0,0.0,0.0,1.0,0.0,0.0,0.0,0.0,0.0,0.0,0.0,0.0,0.0,0.0,0.0,0.0,0.0,0.0,0.0,0.0,0.0,0.0,0.0,0.0,0.0,0.0,0.0,0.0,0.0,0.0,81.0,20.0,1667.0,0.0,0.0,0.0,,,,,91.0,,3,Mack Hollins,North Carolina,ACC,Wide Receiver,,,20.580246913580247,,,,,,
540670,2016,249,0.0,0.0,0.0,0.0,0.0,0.0,0.0,0.0,0.0,0.0,5.0,0.0,20.0,0.0,0.0,0.0,0.0,0.0,0.0,0.0,0.0,0.0,0.0,0.0,0.0,0.0,0.0,0.0,0.0,0.0,0.0,0.0,0.0,0.0,0.0,0.0,0.0,0.0,0.0,,,,,,,2,Prince Charles Iworah,Western Kentucky,Conference USA,Cornerback,,,,,,,,,4.0
541635,2015,172,0.0,0.0,0.0,0.0,0.0,0.0,0.0,0.0,0.0,0.0,1.0,0.0,25.0,0.0,0.0,0.0,0.0,0.0,0.0,0.0,0.0,0.0,0.0,0.0,0.0,0.0,0.0,0.0,0.0,0.0,0.0,0.0,0.0,0.0,0.0,0.0,0.0,0.0,0.0,,,,,,,1,D.J. Alexander,Oregon State,Pac-12,Outside Linebacker,,,,,,,,,25.0
542080,2016,236,0.0,0.0,0.0,0.0,0.0,0.0,0.0,0.0,0.0,0.0,0.0,0.0,0.0,2.0,0.0,22.0,0.0,0.0,0.0,0.0,0.0,0.0,0.0,0.0,0.0,0.0,0.0,0.0,0.0,0.0,0.0,0.0,0.0,41.0,4.0,411.0,226.0,17.0,1311.0,18.0,,,,81.0,71.0,3,Dwayne Washington,Washington,Pac-12,Running Back,,,10.024390243902438,5.800884955752212,11.0,,,,
545218,2015,126,0.0,0.0,0.0,0.0,0.0,0.0,0.0,0.0,0.0,0.0,0.0,0.0,0.0,0.0,0.0,0.0,0.0,0.0,0.0,0.0,0.0,0.0,0.0,0.0,0.0,0.0,0.0,0.0,0.0,0.0,0.0,0.0,0.0,70.0,2.0,755.0,454.0,22.0,2440.0,,,,,38.0,75.0,3,Mike Davis,South Carolina,SEC,Running Back,,,10.785714285714286,5.3744493392070485,,,,,
545252,2017,102,3.0,1.0,2.5,32.0,0.0,9.5,70.0,0.0,0.0,1.0,2.0,0.0,20.0,0.0,0.0,0.0,0.0,0.0,0.0,0.0,0.0,0.0,0.0,0.0,0.0,0.0,0.0,0.0,0.0,0.0,0.0,0.0,0.0,0.0,0.0,0.0,0.0,0.0,0.0,,,,,,,3,Nazair Jones,North Carolina,ACC,Defensive Tackle,,,,,,,,,10.0
545254,2017,179,0.0,0.0,0.0,1.0,2.0,0.0,1.0,2.0,1.0,0.0,0.0,0.0,0.0,77.0,4.0,2098.0,0.0,0.0,0.0,0.0,0.0,0.0,0.0,0.0,0.0,0.0,0.0,0.0,0.0,0.0,0.0,0.0,0.0,76.0,4.0,663.0,398.0,19.0,2165.0,100.0,,,,49.0,63.0,4,T.J. Logan,North Carolina,ACC,Running Back,,,8.723684210526315,5.439698492462312,27.246753246753247,,,,
545256,2017,133,0.0,0.0,0.0,0.0,0.0,0.0,0.0,2.0,2.0,0.0,0.0,0.0,0.0,2.0,0.0,25.0,0.0,0.0,0.0,0.0,0.0,5.0,3.0,0.0,2.0,105.0,102.0,7.0,1082.0,0.0,0.0,0.0,0.0,244.0,19.0,2907.0,24.0,0.0,78.0,17.0,,86.0,,89.0,13.0,4,Ryan Switzer,North Carolina,ACC,Wide Receiver,0.6,21.0,11.913934426229508,3.25,12.5,10.607843137254902,,,
545302,2017,168,0.0,4.0,7.5,63.0,0.0,20.0,105.0,0.0,0.0,0.0,0.0,0.0,0.0,0.0,0.0,0.0,0.0,0.0,0.0,0.0,0.0,0.0,0.0,0.0,0.0,0.0,0.0,0.0,0.0,0.0,0.0,0.0,0.0,0.0,0.0,0.0,0.0,0.0,0.0,,,,,,,1,Marquel Lee,Wake Forest,ACC,Outside Linebacker,,,,,,,,,
545309,2018,177,5.0,13.0,17.0,56.0,0.0,33.5,93.0,0.0,0.0,2.0,1.0,0.0,1.0,0.0,0.0,0.0,0.0,0.0,0.0,0.0,0.0,0.0,0.0,0.0,0.0,0.0,0.0,0.0,0.0,0.0,0.0,0.0,0.0,0.0,0.0,0.0,0.0,0.0,0.0,,,,,,,2,Duke Ejiofor,Wake Forest,ACC,Defensive End,,,,,,,,,1.0
545320,2018,232,1.0,5.0,7.0,40.0,0.0,17.0,96.0,0.0,0.0,3.0,0.0,0.0,0.0,0.0,0.0,0.0,0.0,0.0,0.0,0.0,0.0,0.0,0.0,0.0,0.0,0.0,0.0,0.0,0.0,0.0,0.0,0.0,0.0,0.0,0.0,0.0,0.0,0.0,0.0,,,,,,,2,James Looney,California,Pac-12,Defensive Tackle,,,,,,,,,
545347,2018,244,2.0,17.0,15.5,87.0,0.0,29.0,139.0,0.0,0.0,1.0,0.0,0.0,0.0,0.0,0.0,0.0,0.0,0.0,0.0,0.0,0.0,0.0,0.0,0.0,0.0,0.0,0.0,0.0,0.0,0.0,0.0,0.0,0.0,1.0,1.0,3.0,0.0,0.0,0.0,,,,,3.0,,3,Justin Lawler,SMU,American Athletic,Defensive End,,,3.0,,,,,,
545375,2017,151,7.0,0.0,0.0,42.0,1.0,3.5,58.0,1.0,0.0,1.0,14.0,3.0,231.0,56.0,0.0,1458.0,0.0,0.0,0.0,0.0,0.0,0.0,0.0,0.0,0.0,0.0,45.0,0.0,504.0,0.0,0.0,0.0,0.0,0.0,0.0,0.0,0.0,0.0,0.0,77.0,,44.0,,,,3,Desmond King,Iowa,Big Ten,Cornerback,,,,,26.035714285714285,11.2,,,16.5
545427,2018,106,20.0,7.0,6.0,127.0,0.0,19.5,256.0,0.0,0.0,1.0,6.0,1.0,100.0,0.0,0.0,0.0,0.0,0.0,0.0,0.0,0.0,0.0,0.0,0.0,0.0,0.0,0.0,0.0,0.0,0.0,0.0,0.0,0.0,0.0,0.0,0.0,0.0,0.0,0.0,,,,,,,3,Josey Jewell,Iowa,Big Ten,Inside Linebacker,,,,,,,,,16.666666666666668
545428,2017,146,0.0,0.0,0.0,0.0,0.0,0.0,0.0,1.0,0.0,0.0,0.0,0.0,0.0,2.0,0.0,-7.0,0.0,0.0,0.0,0.0,0.0,0.0,0.0,0.0,0.0,0.0,0.0,0.0,0.0,0.0,0.0,0.0,0.0,48.0,10.0,737.0,0.0,0.0,0.0,2.0,,,,51.0,,4,George Kittle,Iowa,Big Ten,Tight End,,,15.354166666666666,,-3.5,,,,
545451,2016,115,0.0,0.0,0.0,0.0,0.0,0.0,0.0,0.0,0.0,0.0,2.0,1.0,27.0,0.0,0.0,0.0,0.0,0.0,0.0,0.0,0.0,0.0,0.0,0.0,0.0,0.0,0.0,0.0,0.0,0.0,0.0,0.0,0.0,0.0,0.0,0.0,0.0,0.0,0.0,,,,,,,2,De'Vondre Campbell,Minnesota,Big Ten,Outside Linebacker,,,,,,,,,13.5
545469,2017,222,11.0,0.0,0.0,29.0,0.0,3.5,41.0,1.0,1.0,0.0,5.0,2.0,61.0,44.0,1.0,1052.0,0.0,0.0,0.0,0.0,0.0,0.0,0.0,0.0,0.0,0.0,9.0,0.0,44.0,0.0,0.0,0.0,0.0,0.0,0.0,0.0,1.0,0.0,3.0,100.0,,17.0,,,3.0,4,Jalen Myrick,Minnesota,Big Ten,Cornerback,,,,3.0,23.90909090909091,4.888888888888889,,,12.2
545478,2015,127,0.0,0.0,0.0,0.0,0.0,0.0,0.0,0.0,0.0,0.0,1.0,0.0,1.0,0.0,0.0,0.0,0.0,0.0,0.0,0.0,0.0,0.0,0.0,0.0,0.0,0.0,0.0,0.0,0.0,0.0,0.0,0.0,0.0,0.0,0.0,0.0,0.0,0.0,0.0,,,,,,,1,Damien Wilson,Minnesota,Big Ten,Inside Linebacker,,,,,,,,,1.0
545543,2016,229,0.0,0.0,0.0,0.0,0.0,0.0,0.0,0.0,0.0,0.0,0.0,0.0,0.0,71.0,1.0,1613.0,0.0,0.0,0.0,0.0,0.0,3.0,2.0,0.0,2.0,49.0,34.0,1.0,312.0,0.0,0.0,0.0,0.0,142.0,9.0,1687.0,27.0,1.0,151.0,95.0,,73.0,,67.0,53.0,3,Demarcus Ayers,Houston,American Athletic,Wide Receiver,0.6666666666666666,16.333333333333332,11.880281690140846,5.592592592592593,22.718309859154928,9.176470588235293,,,
545554,2017,47,4.0,9.0,8.5,27.0,0.0,12.0,47.0,0.0,0.0,0.0,2.0,0.0,14.0,0.0,0.0,0.0,0.0,0.0,0.0,0.0,0.0,0.0,0.0,0.0,0.0,0.0,0.0,0.0,0.0,0.0,0.0,0.0,0.0,0.0,0.0,0.0,0.0,0.0,0.0,,,,,,,3,Tyus Bowser,Houston,American Athletic,Outside Linebacker,,,,,,,,,7.0
545581,2017,213,0.0,0.0,0.0,0.0,0.0,0.0,2.0,0.0,0.0,0.0,0.0,0.0,0.0,0.0,0.0,0.0,0.0,0.0,0.0,0.0,0.0,0.0,0.0,0.0,0.0,0.0,0.0,0.0,0.0,0.0,0.0,0.0,0.0,0.0,0.0,0.0,0.0,0.0,0.0,,,,,,,1,Colin Holba,Louisville,ACC,Long Snapper,,,,,,,,,
545594,2017,184,8.0,1.0,0.5,47.0,0.0,6.5,74.0,0.0,0.0,0.0,13.0,0.0,200.0,0.0,0.0,0.0,0.0,0.0,0.0,0.0,0.0,0.0,0.0,0.0,0.0,0.0,0.0,0.0,0.0,0.0,0.0,0.0,0.0,0.0,0.0,0.0,0.0,0.0,0.0,,,,,,,3,Nathan Gerry,Nebraska,Big Ten,Safety,,,,,,,,,15.384615384615385
545598,2015,60,0.0,0.0,0.0,0.0,0.0,0.0,0.0,0.0,0.0,0.0,2.0,1.0,33.0,0.0,0.0,0.0,0.0,0.0,0.0,0.0,0.0,0.0,0.0,0.0,0.0,0.0,0.0,0.0,0.0,0.0,0.0,0.0,0.0,0.0,0.0,0.0,0.0,0.0,0.0,,,,,,,2,Randy Gregory,Nebraska,Big Ten,Outside Linebacker,,,,,,,,,16.5
545623,2016,10,0.0,0.0,0.0,0.0,0.0,0.0,0.0,0.0,0.0,0.0,4.0,0.0,16.0,0.0,0.0,0.0,0.0,0.0,0.0,0.0,0.0,0.0,0.0,0.0,0.0,0.0,0.0,0.0,0.0,0.0,0.0,0.0,0.0,0.0,0.0,0.0,0.0,0.0,0.0,,,,,,,2,Eli Apple,Ohio State,Big Ten,Cornerback,,,,,,,,,4.0
545630,2018,64,4.0,8.0,15.0,29.0,0.0,20.0,49.0,0.0,0.0,0.0,0.0,0.0,0.0,0.0,0.0,0.0,0.0,0.0,0.0,0.0,0.0,0.0,0.0,0.0,0.0,0.0,0.0,0.0,0.0,0.0,0.0,0.0,0.0,0.0,0.0,0.0,0.0,0.0,0.0,,,,,,,2,Tyquan Lewis,Ohio State,Big Ten,Defensive End,,,,,,,,,
545669,2017,82,0.0,0.0,0.0,1.0,2.0,0.0,1.0,0.0,0.0,0.0,0.0,0.0,0.0,79.0,3.0,2094.0,0.0,0.0,0.0,0.0,0.0,0.0,0.0,0.0,0.0,0.0,0.0,0.0,0.0,0.0,0.0,0.0,0.0,147.0,28.0,2878.0,32.0,3.0,257.0,96.0,,,,83.0,35.0,3,Carlos Henderson,Louisiana Tech,Conference USA,Wide Receiver,,,19.578231292517007,8.03125,26.50632911392405,,,,
545677,2017,177,0.0,0.0,0.0,3.0,0.0,0.0,3.0,3.0,2.0,0.0,0.0,0.0,0.0,2.0,0.0,16.0,0.0,0.0,1.0,1.0,1.0,1.0,0.0,0.0,0.0,0.0,61.0,0.0,482.0,0.0,0.0,0.0,0.0,327.0,32.0,4179.0,0.0,0.0,0.0,16.0,0.0,32.0,,76.0,,4,Trent Taylor,Louisiana Tech,Conference USA,Wide Receiver,0.0,0.0,12.779816513761467,,8.0,7.901639344262295,,,
545680,2017,191,6.0,1.0,3.0,60.0,0.0,6.5,89.0,0.0,0.0,0.0,14.0,2.0,248.0,0.0,0.0,0.0,0.0,0.0,0.0,0.0,0.0,0.0,0.0,0.0,0.0,0.0,0.0,0.0,0.0,0.0,0.0,0.0,0.0,0.0,0.0,0.0,0.0,0.0,0.0,,,,,,,3,Xavier Woods,Louisiana Tech,Conference USA,Safety,,,,,,,,,17.714285714285715
545757,2018,203,0.0,0.0,0.0,2.0,0.0,0.0,2.0,3.0,0.0,0.0,0.0,0.0,0.0,0.0,0.0,0.0,0.0,0.0,0.0,0.0,0.0,1040.0,574.0,37.0,46.0,6744.0,0.0,0.0,0.0,0.0,0.0,0.0,0.0,0.0,0.0,0.0,89.0,2.0,-384.0,,,,,,16.0,3,Tanner Lee,Tulane,American Athletic,Quarterback,0.551923076923077,6.484615384615385,,-4.314606741573034,,,,,
545758,2018,179,17.0,0.0,0.0,68.0,1.0,2.0,84.0,1.0,1.0,2.0,16.0,1.0,203.0,0.0,0.0,0.0,0.0,0.0,0.0,0.0,0.0,0.0,0.0,0.0,0.0,0.0,2.0,0.0,-11.0,0.0,0.0,0.0,0.0,0.0,0.0,0.0,0.0,0.0,0.0,,,0.0,,,,3,Parry Nickerson,Tulane,American Athletic,Cornerback,,,,,,-5.5,,,12.6875
545772,2017,189,0.0,2.0,5.5,34.0,0.0,19.0,68.0,0.0,0.0,1.0,0.0,0.0,0.0,0.0,0.0,0.0,0.0,0.0,0.0,0.0,0.0,0.0,0.0,0.0,0.0,0.0,0.0,0.0,0.0,0.0,0.0,0.0,0.0,0.0,0.0,0.0,0.0,0.0,0.0,,,,,,,1,Tanzel Smart,Tulane,American Athletic,Defensive Tackle,,,,,,,,,
545774,2018,218,2.0,3.0,8.0,41.0,0.0,13.0,68.0,0.0,0.0,3.0,0.0,0.0,0.0,0.0,0.0,0.0,0.0,0.0,0.0,0.0,0.0,0.0,0.0,0.0,0.0,0.0,0.0,0.0,0.0,0.0,0.0,0.0,0.0,0.0,0.0,0.0,0.0,0.0,0.0,,,,,,,2,Ade Aruna,Tulane,American Athletic,Defensive End,,,,,,,,,
545809,2017,188,0.0,0.0,0.0,0.0,0.0,0.0,0.0,1.0,1.0,0.0,0.0,0.0,0.0,3.0,0.0,46.0,0.0,0.0,0.0,0.0,0.0,3.0,0.0,0.0,0.0,0.0,29.0,0.0,227.0,0.0,0.0,0.0,0.0,129.0,10.0,1383.0,711.0,42.0,4312.0,22.0,,37.0,,80.0,88.0,4,Elijah McGuire,Louisiana,Sun Belt,Running Back,0.0,0.0,10.720930232558139,6.064697609001406,15.333333333333334,7.827586206896552,,,
545811,2018,188,17.0,1.0,0.0,57.0,0.0,3.0,82.0,0.0,0.0,1.0,2.0,0.0,0.0,0.0,0.0,0.0,0.0,0.0,0.0,0.0,0.0,0.0,0.0,0.0,0.0,0.0,0.0,0.0,0.0,0.0,0.0,0.0,0.0,0.0,0.0,0.0,0.0,0.0,0.0,,,,,,,2,Simeon Thomas,Louisiana,Sun Belt,Cornerback,,,,,,,,,0.0
545814,2018,82,9.0,0.0,0.5,92.0,0.0,6.0,158.0,0.0,0.0,0.0,8.0,0.0,75.0,0.0,0.0,0.0,0.0,0.0,0.0,0.0,0.0,0.0,0.0,0.0,0.0,0.0,0.0,0.0,0.0,0.0,0.0,0.0,0.0,1.0,0.0,3.0,1.0,0.0,3.0,,,,,3.0,3.0,4,Tracy Walker,Louisiana,Sun Belt,Safety,,,3.0,3.0,,,,,9.375
545833,2017,182,0.0,0.0,0.0,0.0,0.0,0.0,1.0,3.0,0.0,0.0,0.0,0.0,0.0,0.0,0.0,0.0,0.0,0.0,0.0,0.0,0.0,2.0,1.0,0.0,1.0,3.0,0.0,0.0,0.0,0.0,0.0,0.0,0.0,71.0,7.0,646.0,658.0,33.0,4114.0,,,,,72.0,91.0,4,Aaron Jones,UTEP,Conference USA,Running Back,0.5,1.5,9.098591549295774,6.2522796352583585,,,,,
545837,2017,209,0.0,0.0,0.0,1.0,0.0,0.0,1.0,1.0,1.0,0.0,0.0,0.0,0.0,0.0,0.0,0.0,0.0,0.0,0.0,0.0,0.0,0.0,0.0,0.0,0.0,0.0,0.0,0.0,0.0,0.0,0.0,0.0,0.0,222.0,17.0,3391.0,1.0,0.0,3.0,,,,,80.0,3.0,4,Robert Davis,Georgia State,Sun Belt,Wide Receiver,,,15.274774774774775,3.0,,,,,
545878,2017,27,14.0,0.0,0.5,19.0,2.0,4.0,35.0,1.0,1.0,0.0,6.0,1.0,61.0,0.0,0.0,0.0,0.0,0.0,0.0,0.0,0.0,0.0,0.0,0.0,0.0,0.0,70.0,3.0,688.0,0.0,0.0,0.0,0.0,0.0,0.0,0.0,0.0,0.0,0.0,,,69.0,,,,4,Tre'Davious White,LSU,SEC,Cornerback,,,,,,9.82857142857143,,,10.166666666666666
545879,2016,133,0.0,0.0,0.0,0.0,0.0,0.0,0.0,0.0,0.0,0.0,1.0,0.0,0.0,0.0,0.0,0.0,0.0,0.0,0.0,0.0,0.0,0.0,0.0,0.0,0.0,0.0,0.0,0.0,0.0,0.0,0.0,0.0,0.0,0.0,0.0,0.0,0.0,0.0,0.0,,,,,,,1,Rashard Robinson,LSU,SEC,Cornerback,,,,,,,,,0.0
545886,2017,75,1.0,3.0,1.5,39.0,0.0,9.0,92.0,0.0,0.0,1.0,1.0,0.0,3.0,0.0,0.0,0.0,0.0,0.0,0.0,0.0,0.0,0.0,0.0,0.0,0.0,0.0,0.0,0.0,0.0,0.0,0.0,0.0,0.0,0.0,0.0,0.0,0.0,0.0,0.0,,,,,,,1,Duke Riley,LSU,SEC,Inside Linebacker,,,,,,,,,3.0
545894,2017,107,4.0,1.0,1.0,33.0,0.0,6.0,91.0,0.0,0.0,1.0,1.0,1.0,29.0,0.0,0.0,0.0,0.0,0.0,0.0,0.0,0.0,0.0,0.0,0.0,0.0,0.0,0.0,0.0,0.0,0.0,0.0,0.0,0.0,0.0,0.0,0.0,1.0,0.0,5.0,,,,,,5.0,2,Kendell Beckwith,LSU,SEC,Inside Linebacker,,,,5.0,,,,,29.0
545910,2018,249,0.0,0.0,0.0,4.0,0.0,0.0,5.0,6.0,3.0,0.0,0.0,0.0,0.0,0.0,0.0,0.0,0.0,0.0,0.0,0.0,0.0,1167.0,760.0,25.0,93.0,10523.0,0.0,0.0,0.0,0.0,0.0,0.0,0.0,0.0,0.0,0.0,146.0,4.0,88.0,,,,,,18.0,4,Logan Woodside,Toledo,Mid-American,Quarterback,0.6512425021422451,9.01713796058269,,0.6027397260273972,,,,,
545918,2017,248,0.0,12.0,7.5,34.0,0.0,18.0,49.0,0.0,0.0,1.0,0.0,0.0,0.0,0.0,0.0,0.0,0.0,0.0,0.0,0.0,0.0,0.0,0.0,0.0,0.0,0.0,0.0,0.0,0.0,0.0,0.0,0.0,0.0,0.0,0.0,0.0,0.0,0.0,0.0,,,,,,,1,Keion Adams,Western Michigan,Mid-American,Defensive End,,,,,,,,,
545923,2017,5,0.0,0.0,0.0,1.0,0.0,0.0,1.0,0.0,0.0,0.0,0.0,0.0,0.0,1.0,0.0,0.0,0.0,0.0,0.0,0.0,0.0,2.0,2.0,0.0,0.0,40.0,0.0,0.0,0.0,0.0,0.0,0.0,0.0,332.0,52.0,5285.0,3.0,0.0,13.0,0.0,,,,80.0,11.0,4,Corey Davis,Western Michigan,Mid-American,Wide Receiver,1.0,20.0,15.918674698795181,4.333333333333333,0.0,,,,
545930,2018,170,19.0,0.0,2.0,54.0,8.0,9.0,80.0,7.0,1.0,2.0,12.0,5.0,376.0,130.0,5.0,3162.0,0.0,0.0,0.0,0.0,0.0,0.0,0.0,0.0,0.0,0.0,35.0,1.0,327.0,0.0,0.0,0.0,0.0,34.0,2.0,495.0,4.0,0.0,45.0,100.0,,66.0,,63.0,52.0,4,Darius Phillips,Western Michigan,Mid-American,Cornerback,,,14.558823529411764,11.25,24.323076923076922,9.342857142857143,,,31.333333333333332
546034,2017,166,0.0,0.0,0.0,1.0,0.0,0.0,1.0,0.0,0.0,0.0,0.0,0.0,0.0,53.0,1.0,1244.0,0.0,0.0,0.0,0.0,0.0,0.0,0.0,0.0,0.0,0.0,0.0,0.0,0.0,0.0,0.0,0.0,0.0,84.0,17.0,1898.0,2.0,0.0,29.0,100.0,,,,71.0,25.0,3,Shelton Gibson,West Virginia,Big 12,Wide Receiver,,,22.595238095238095,14.5,23.471698113207548,,,,
546046,2016,153,0.0,0.0,0.0,0.0,0.0,0.0,0.0,0.0,0.0,0.0,0.0,0.0,0.0,31.0,0.0,550.0,0.0,0.0,0.0,0.0,0.0,0.0,0.0,0.0,0.0,0.0,0.0,0.0,0.0,0.0,0.0,0.0,0.0,68.0,0.0,618.0,425.0,12.0,2462.0,38.0,,,,50.0,52.0,3,Wendell Smallwood,West Virginia,Big 12,Running Back,,,9.088235294117647,5.792941176470588,17.741935483870968,,,,
546052,2015,7,0.0,0.0,0.0,0.0,0.0,0.0,0.0,0.0,0.0,0.0,0.0,0.0,0.0,0.0,0.0,0.0,0.0,0.0,0.0,0.0,0.0,0.0,0.0,0.0,0.0,0.0,0.0,0.0,0.0,0.0,0.0,0.0,0.0,144.0,15.0,1954.0,0.0,0.0,0.0,,,,,68.0,,2,Kevin White,West Virginia,Big 12,Wide Receiver,,,13.569444444444445,,,,,,
546053,2016,77,0.0,0.0,0.0,0.0,0.0,0.0,0.0,0.0,0.0,0.0,10.0,0.0,50.0,0.0,0.0,0.0,0.0,0.0,0.0,0.0,0.0,0.0,0.0,0.0,0.0,0.0,1.0,0.0,-1.0,0.0,0.0,0.0,0.0,0.0,0.0,0.0,0.0,0.0,0.0,,,-1.0,,,,3,Daryl Worley,West Virginia,Big 12,Cornerback,,,,,,-1.0,,,5.0
546066,2016,245,0.0,0.0,0.0,0.0,0.0,0.0,0.0,0.0,0.0,0.0,2.0,0.0,18.0,0.0,0.0,0.0,0.0,0.0,0.0,0.0,0.0,0.0,0.0,0.0,0.0,0.0,1.0,1.0,0.0,0.0,0.0,0.0,0.0,0.0,0.0,0.0,0.0,0.0,0.0,,,0.0,,,,1,Clayton Fejedelem,Illinois,Big Ten,Safety,,,,,,0.0,,,9.0
546229,2017,195,0.0,1.0,1.0,39.0,0.0,6.0,69.0,0.0,0.0,0.0,1.0,1.0,63.0,0.0,0.0,0.0,0.0,0.0,0.0,0.0,0.0,0.0,0.0,0.0,0.0,0.0,1.0,0.0,2.0,0.0,0.0,0.0,0.0,1.0,0.0,4.0,0.0,0.0,0.0,,,2.0,,4.0,,3,Tanner Vallejo,Boise State,Mountain West,Outside Linebacker,,,4.0,,,2.0,,,63.0
546244,2016,172,0.0,0.0,0.0,0.0,0.0,0.0,0.0,0.0,0.0,0.0,0.0,0.0,0.0,0.0,0.0,0.0,0.0,0.0,0.0,0.0,0.0,0.0,0.0,0.0,0.0,0.0,0.0,0.0,0.0,0.0,0.0,0.0,0.0,239.0,31.0,3649.0,1.0,0.0,20.0,,,,,73.0,20.0,3,Rashard Higgins,Colorado State,Mountain West,Wide Receiver,,,15.267782426778243,20.0,,,,,
546286,2016,42,0.0,0.0,0.0,0.0,0.0,0.0,0.0,0.0,0.0,0.0,0.0,0.0,0.0,0.0,0.0,0.0,0.0,0.0,0.0,0.0,0.0,0.0,0.0,0.0,0.0,0.0,1.0,0.0,37.0,0.0,0.0,0.0,0.0,0.0,0.0,0.0,0.0,0.0,0.0,,,37.0,,,,1,Kamalei Correa,Boise State,Mountain West,Outside Linebacker,,,,,,37.0,,,
546288,2019,104,0.0,0.0,0.0,0.0,0.0,0.0,0.0,16.0,3.0,0.0,0.0,0.0,0.0,0.0,0.0,0.0,0.0,0.0,0.0,0.0,0.0,1424.0,912.0,29.0,59.0,10827.0,0.0,0.0,0.0,0.0,0.0,0.0,0.0,2.0,0.0,18.0,212.0,5.0,381.0,,,,,20.0,46.0,5,Ryan Finley,NC State,ACC,Quarterback,0.6404494382022472,7.603230337078652,9.0,1.7971698113207548,,,,,
546305,2017,76,2.0,6.0,3.0,22.0,0.0,4.0,53.0,0.0,0.0,1.0,0.0,0.0,0.0,0.0,0.0,0.0,0.0,0.0,0.0,0.0,0.0,0.0,0.0,0.0,0.0,0.0,0.0,0.0,0.0,0.0,0.0,0.0,0.0,0.0,0.0,0.0,0.0,0.0,0.0,,,,,,,1,Alex Anzalone,Florida,SEC,Inside Linebacker,,,,,,,,,
546308,2018,184,1.0,1.0,1.0,43.0,0.0,4.0,73.0,0.0,0.0,1.0,2.0,0.0,25.0,0.0,0.0,0.0,0.0,0.0,0.0,0.0,0.0,0.0,0.0,0.0,0.0,0.0,0.0,0.0,0.0,0.0,0.0,0.0,0.0,0.0,0.0,0.0,0.0,0.0,0.0,,,,,,,1,Marcell Harris,Florida,SEC,Safety,,,,,,,,,12.5
546310,2017,228,0.0,7.0,2.5,9.0,0.0,3.5,26.0,0.0,0.0,0.0,0.0,0.0,0.0,0.0,0.0,0.0,0.0,0.0,0.0,0.0,0.0,0.0,0.0,0.0,0.0,0.0,0.0,0.0,0.0,0.0,0.0,0.0,0.0,0.0,0.0,0.0,0.0,0.0,0.0,,,,,,,1,Joey Ivie,Florida,SEC,Defensive Tackle,,,,,,,,,
546314,2016,126,0.0,0.0,0.0,0.0,0.0,0.0,0.0,0.0,0.0,0.0,0.0,0.0,0.0,0.0,0.0,0.0,0.0,0.0,0.0,0.0,0.0,1.0,0.0,0.0,0.0,0.0,3.0,0.0,2.0,0.0,0.0,0.0,0.0,106.0,9.0,1355.0,2.0,0.0,4.0,,,3.0,,73.0,3.0,3,Demarcus Robinson,Florida,SEC,Wide Receiver,0.0,0.0,12.783018867924529,2.0,,0.6666666666666666,,,
546318,2016,211,0.0,0.0,0.0,0.0,0.0,0.0,0.0,0.0,0.0,0.0,0.0,0.0,0.0,0.0,0.0,0.0,0.0,0.0,0.0,0.0,0.0,0.0,0.0,0.0,0.0,0.0,0.0,0.0,0.0,0.0,0.0,0.0,0.0,24.0,0.0,179.0,486.0,23.0,2108.0,,,,,43.0,65.0,3,Kelvin Taylor,Florida,SEC,Running Back,,,7.458333333333333,4.337448559670782,,,,,
546327,2022,13,0.0,0.0,0.0,0.0,0.0,0.0,0.0,0.0,0.0,0.0,0.0,0.0,0.0,0.0,0.0,0.0,0.0,0.0,0.0,0.0,0.0,0.0,0.0,0.0,0.0,0.0,0.0,0.0,0.0,0.0,0.0,0.0,0.0,4.0,0.0,90.0,0.0,0.0,0.0,,,,,24.0,,2,Jordan Davis,Georgia,SEC,Defensive Tackle,,,22.5,,,,,,
546338,2017,101,1.0,0.0,0.0,5.0,0.0,1.0,6.0,1.0,0.0,0.0,0.0,0.0,0.0,0.0,0.0,0.0,0.0,0.0,0.0,0.0,0.0,0.0,0.0,0.0,0.0,0.0,1.0,0.0,-8.0,0.0,0.0,0.0,0.0,1.0,1.0,20.0,0.0,0.0,0.0,,,0.0,,20.0,,2,Brendan Langley,Lamar,Southland,Cornerback,,,20.0,,,-8.0,,,
546368,2016,45,0.0,0.0,0.0,0.0,0.0,0.0,0.0,0.0,0.0,0.0,0.0,0.0,0.0,0.0,0.0,0.0,0.0,0.0,0.0,0.0,0.0,0.0,0.0,0.0,0.0,0.0,0.0,0.0,0.0,0.0,0.0,0.0,0.0,17.0,3.0,285.0,603.0,42.0,3591.0,,,,,61.0,80.0,3,Derrick Henry,Alabama,SEC,Running Back,,,16.764705882352942,5.955223880597015,,,,,
546370,2017,19,0.0,0.0,0.0,1.0,0.0,0.0,1.0,0.0,0.0,0.0,0.0,0.0,0.0,2.0,0.0,10.0,0.0,0.0,0.0,0.0,0.0,0.0,0.0,0.0,0.0,0.0,0.0,0.0,0.0,0.0,0.0,0.0,0.0,114.0,7.0,1726.0,0.0,0.0,0.0,5.0,,,,68.0,,4,O.J. Howard,Alabama,SEC,Tight End,,,15.140350877192983,,5.0,,,,
546383,2015,174,0.0,0.0,0.0,0.0,0.0,0.0,0.0,0.0,0.0,0.0,0.0,0.0,0.0,0.0,0.0,0.0,0.0,0.0,0.0,0.0,0.0,0.0,0.0,0.0,0.0,0.0,0.0,0.0,0.0,0.0,0.0,0.0,0.0,14.0,0.0,151.0,394.0,19.0,2218.0,,,,,19.0,59.0,2,Cameron Artis-Payne,Auburn,SEC,Running Back,,,10.785714285714286,5.629441624365482,,,,,
546390,2016,251,0.0,0.0,0.0,0.0,0.0,0.0,0.0,0.0,0.0,0.0,1.0,0.0,0.0,0.0,0.0,0.0,0.0,0.0,0.0,0.0,0.0,0.0,0.0,0.0,0.0,0.0,0.0,0.0,0.0,0.0,0.0,0.0,0.0,0.0,0.0,0.0,0.0,0.0,0.0,,,,,,,1,Joe Walker,Oregon,Pac-12,Inside Linebacker,,,,,,,,,0.0
546417,2016,53,0.0,0.0,0.0,0.0,0.0,0.0,0.0,0.0,0.0,0.0,9.0,1.0,133.0,1.0,0.0,33.0,0.0,0.0,0.0,0.0,0.0,0.0,0.0,0.0,0.0,0.0,1.0,0.0,1.0,0.0,0.0,0.0,0.0,0.0,0.0,0.0,0.0,0.0,0.0,33.0,,1.0,,,,3,Su'a Cravens,USC,Pac-12,Safety,,,,,33.0,1.0,,,14.777777777777779
546419,2017,218,6.0,0.0,1.0,32.0,0.0,4.0,50.0,0.0,0.0,0.0,5.0,0.0,56.0,1.0,0.0,3.0,0.0,0.0,0.0,0.0,0.0,0.0,0.0,0.0,0.0,0.0,0.0,0.0,0.0,0.0,0.0,0.0,0.0,0.0,0.0,0.0,0.0,0.0,0.0,3.0,,,,,,3,Leon McQuay III,USC,Pac-12,Safety,,,,,3.0,,,,11.2
546436,2017,224,0.0,0.0,0.0,0.0,0.0,0.0,0.0,0.0,0.0,0.0,0.0,0.0,0.0,0.0,0.0,0.0,116.0,96.0,491.0,208.0,203.0,0.0,0.0,0.0,0.0,0.0,0.0,0.0,0.0,0.0,0.0,0.0,0.0,0.0,0.0,0.0,0.0,0.0,0.0,,59.0,,,,,4,Zane Gonzalez,Arizona State,Pac-12,Place Kicker,,,,,,,,0.8275862068965517,
546440,2015,135,0.0,0.0,0.0,0.0,0.0,0.0,0.0,0.0,0.0,0.0,2.0,0.0,12.0,0.0,0.0,0.0,0.0,0.0,0.0,0.0,0.0,0.0,0.0,0.0,0.0,0.0,0.0,0.0,0.0,0.0,0.0,0.0,0.0,0.0,0.0,0.0,0.0,0.0,0.0,,,,,,,1,Marcus Hardison,Arizona State,Pac-12,Defensive Tackle,,,,,,,,,6.0
546460,2015,30,0.0,0.0,0.0,0.0,0.0,0.0,0.0,0.0,0.0,0.0,6.0,2.0,179.0,0.0,0.0,0.0,0.0,0.0,0.0,0.0,0.0,0.0,0.0,0.0,0.0,0.0,7.0,0.0,3.0,0.0,0.0,0.0,0.0,0.0,0.0,0.0,0.0,0.0,0.0,,,8.0,,,,2,Damarious Randall,Arizona State,Pac-12,Safety,,,,,,0.42857142857142855,,,29.833333333333332
546465,2015,70,0.0,0.0,0.0,0.0,0.0,0.0,0.0,0.0,0.0,0.0,0.0,0.0,0.0,3.0,0.0,48.0,0.0,0.0,0.0,0.0,0.0,0.0,0.0,0.0,0.0,0.0,0.0,0.0,0.0,0.0,0.0,0.0,0.0,157.0,17.0,2287.0,0.0,0.0,0.0,19.0,,,,77.0,,2,Jaelen Strong,Arizona State,Pac-12,Wide Receiver,,,14.566878980891719,,16.0,,,,
546471,2016,81,0.0,0.0,0.0,0.0,0.0,0.0,0.0,0.0,0.0,0.0,0.0,0.0,0.0,0.0,0.0,0.0,0.0,0.0,0.0,0.0,0.0,0.0,0.0,0.0,0.0,0.0,0.0,0.0,0.0,0.0,0.0,0.0,0.0,74.0,8.0,937.0,0.0,0.0,0.0,,,,,42.0,,2,Austin Hooper,Stanford,Pac-12,Tight End,,,12.662162162162161,,,,,,
546472,2018,214,3.0,10.0,14.5,64.0,0.0,12.5,107.0,0.0,0.0,0.0,1.0,0.0,0.0,0.0,0.0,0.0,0.0,0.0,0.0,0.0,0.0,0.0,0.0,0.0,0.0,0.0,0.0,0.0,0.0,0.0,0.0,0.0,0.0,0.0,0.0,0.0,0.0,0.0,0.0,,,,,,,3,Peter Kalambayi,Stanford,Pac-12,Outside Linebacker,,,,,,,,,0.0
546540,2017,135,0.0,0.0,0.0,0.0,0.0,0.0,0.0,10.0,4.0,0.0,0.0,0.0,0.0,0.0,0.0,0.0,0.0,0.0,0.0,0.0,0.0,999.0,614.0,29.0,53.0,7138.0,0.0,0.0,0.0,0.0,0.0,0.0,0.0,2.0,2.0,62.0,438.0,32.0,2160.0,,,,,58.0,70.0,4,Joshua Dobbs,Tennessee,SEC,Quarterback,0.6146146146146146,7.145145145145145,31.0,4.931506849315069,,,,,
546549,2017,124,0.0,0.0,0.0,12.0,0.0,2.0,20.0,0.0,0.0,0.0,1.0,0.0,1.0,0.0,0.0,0.0,0.0,0.0,0.0,0.0,0.0,0.0,0.0,0.0,0.0,0.0,0.0,0.0,0.0,0.0,0.0,0.0,0.0,0.0,0.0,0.0,0.0,0.0,0.0,,,,,,,2,Jalen Reeves-Maybin,Tennessee,SEC,Outside Linebacker,,,,,,,,,1.0
546633,2017,140,0.0,0.0,0.0,0.0,0.0,0.0,0.0,2.0,2.0,0.0,0.0,0.0,0.0,0.0,0.0,0.0,0.0,0.0,0.0,0.0,0.0,0.0,0.0,0.0,0.0,0.0,0.0,0.0,0.0,0.0,0.0,0.0,0.0,65.0,2.0,473.0,676.0,34.0,3429.0,,,,,39.0,66.0,3,Wayne Gallman,Clemson,ACC,Running Back,,,7.276923076923077,5.072485207100592,,,,,
546634,2016,57,0.0,0.0,0.0,0.0,0.0,0.0,0.0,0.0,0.0,0.0,1.0,0.0,-3.0,24.0,0.0,505.0,0.0,0.0,0.0,0.0,0.0,0.0,0.0,0.0,0.0,0.0,0.0,0.0,0.0,0.0,0.0,0.0,0.0,2.0,0.0,0.0,0.0,0.0,0.0,30.0,,,,4.0,,2,T.J. Green,Clemson,ACC,Safety,,,0.0,,21.041666666666668,,,,-3.0
546636,2016,244,0.0,0.0,0.0,0.0,0.0,0.0,0.0,0.0,0.0,0.0,7.0,0.0,83.0,0.0,0.0,0.0,0.0,0.0,0.0,0.0,0.0,0.0,0.0,0.0,0.0,0.0,0.0,0.0,0.0,0.0,0.0,0.0,0.0,0.0,0.0,0.0,0.0,0.0,0.0,,,,,,,3,Jayron Kearse,Clemson,ACC,Safety,,,,,,,,,11.857142857142858
546638,2018,100,6.0,6.0,7.5,88.0,2.0,21.5,142.0,0.0,0.0,2.0,3.0,2.0,67.0,0.0,0.0,0.0,0.0,0.0,0.0,0.0,0.0,0.0,0.0,0.0,0.0,0.0,0.0,0.0,0.0,0.0,0.0,0.0,0.0,0.0,0.0,0.0,0.0,0.0,0.0,,,,,,,2,Dorian O'Daniel,Clemson,ACC,Outside Linebacker,,,,,,,,,22.333333333333332
546642,2017,97,11.0,0.0,0.0,39.0,0.0,6.0,52.0,0.0,0.0,0.0,9.0,1.0,72.0,0.0,0.0,0.0,0.0,0.0,0.0,0.0,0.0,0.0,0.0,0.0,0.0,0.0,0.0,0.0,0.0,0.0,0.0,0.0,0.0,0.0,0.0,0.0,0.0,0.0,0.0,,,,,,,2,Cordrea Tankersley,Clemson,ACC,Cornerback,,,,,,,,,8.0
546644,2017,7,0.0,0.0,0.0,2.0,0.0,0.0,2.0,2.0,2.0,0.0,0.0,0.0,0.0,0.0,0.0,0.0,0.0,0.0,0.0,0.0,0.0,0.0,0.0,0.0,0.0,0.0,0.0,0.0,0.0,0.0,0.0,0.0,0.0,177.0,21.0,2727.0,0.0,0.0,0.0,,,,,56.0,,4,Mike Williams,Clemson,ACC,Wide Receiver,,,15.40677966101695,,,,,,
546650,2016,55,0.0,0.0,0.0,0.0,0.0,0.0,0.0,0.0,0.0,0.0,0.0,0.0,0.0,46.0,0.0,1124.0,0.0,0.0,0.0,0.0,0.0,4.0,3.0,0.0,0.0,96.0,27.0,1.0,238.0,0.0,0.0,0.0,0.0,254.0,21.0,3361.0,63.0,1.0,520.0,64.0,,54.0,,69.0,37.0,3,Tyler Boyd,Pittsburgh,ACC,Wide Receiver,0.75,24.0,13.23228346456693,8.253968253968255,24.434782608695652,8.814814814814815,,,
546653,2017,105,0.0,0.0,0.0,0.0,0.0,0.0,1.0,1.0,1.0,0.0,0.0,0.0,0.0,0.0,0.0,0.0,0.0,0.0,0.0,0.0,0.0,0.0,0.0,0.0,0.0,0.0,0.0,0.0,0.0,0.0,0.0,0.0,0.0,30.0,4.0,412.0,668.0,52.0,3733.0,,,,,55.0,75.0,4,James Conner,Pittsburgh,ACC,Running Back,,,13.733333333333333,5.588323353293413,,,,,
546678,2018,180,0.0,4.0,6.5,52.0,0.0,10.0,88.0,0.0,0.0,0.0,0.0,0.0,0.0,0.0,0.0,0.0,0.0,0.0,0.0,0.0,0.0,0.0,0.0,0.0,0.0,0.0,0.0,0.0,0.0,0.0,0.0,0.0,0.0,0.0,0.0,0.0,0.0,0.0,0.0,,,,,,,2,Folorunso Fatukasi,UConn,American Athletic,Defensive Tackle,,,,,,,,,
546713,2017,92,9.0,0.0,0.0,18.0,0.0,3.5,27.0,0.0,0.0,0.0,6.0,1.0,50.0,24.0,0.0,529.0,0.0,0.0,0.0,0.0,0.0,0.0,0.0,0.0,0.0,0.0,2.0,0.0,-1.0,0.0,0.0,0.0,0.0,0.0,0.0,0.0,0.0,0.0,0.0,55.0,,0.0,,,,4,Jourdan Lewis,Michigan,Big Ten,Cornerback,,,,,22.041666666666668,-0.5,,,8.333333333333334
546716,2017,28,2.0,8.0,9.5,20.0,0.0,13.0,39.0,0.0,0.0,0.0,0.0,0.0,0.0,0.0,0.0,0.0,0.0,0.0,0.0,0.0,0.0,0.0,0.0,0.0,0.0,0.0,0.0,0.0,0.0,0.0,0.0,0.0,0.0,0.0,0.0,0.0,0.0,0.0,0.0,,,,,,,1,Taco Charlton,Michigan,Big Ten,Defensive End,,,,,,,,,
546718,2017,120,2.0,2.0,4.5,39.0,0.0,15.0,94.0,1.0,0.0,0.0,0.0,0.0,0.0,0.0,0.0,0.0,0.0,0.0,0.0,0.0,0.0,0.0,0.0,0.0,0.0,0.0,1.0,1.0,32.0,0.0,0.0,0.0,0.0,0.0,0.0,0.0,1.0,0.0,-2.0,,,32.0,,,0.0,2,Ben Gedeon,Michigan,Big Ten,Inside Linebacker,,,,-2.0,,32.0,,,
546720,2017,95,3.0,1.0,0.0,37.0,1.0,4.5,50.0,0.0,0.0,0.0,3.0,1.0,36.0,0.0,0.0,0.0,0.0,0.0,0.0,0.0,0.0,0.0,0.0,0.0,0.0,0.0,0.0,0.0,0.0,0.0,0.0,0.0,0.0,0.0,0.0,0.0,0.0,0.0,0.0,,,,,,,1,Delano Hill,Michigan,Big Ten,Safety,,,,,,,,,12.0
546731,2017,145,0.0,0.0,0.0,0.0,0.0,0.0,0.0,1.0,0.0,0.0,0.0,0.0,0.0,0.0,0.0,0.0,0.0,0.0,0.0,0.0,0.0,0.0,0.0,0.0,0.0,0.0,0.0,0.0,0.0,0.0,0.0,0.0,0.0,138.0,11.0,1646.0,0.0,0.0,2.0,,,,,56.0,2.0,4,Jake Butt,Michigan,Big Ten,Tight End,,,11.927536231884059,inf,,,,,
546740,2017,150,0.0,0.0,0.0,1.0,0.0,0.0,1.0,1.0,1.0,0.0,0.0,0.0,0.0,2.0,0.0,12.0,0.0,0.0,0.0,0.0,0.0,0.0,0.0,0.0,0.0,0.0,0.0,0.0,0.0,0.0,0.0,0.0,0.0,112.0,18.0,1598.0,0.0,0.0,0.0,8.0,,,,56.0,,4,Jordan Leggett,Clemson,ACC,Tight End,,,14.267857142857142,,6.0,,,,
546810,2016,5,0.0,0.0,0.0,0.0,0.0,0.0,0.0,0.0,0.0,0.0,3.0,0.0,58.0,2.0,0.0,54.0,0.0,0.0,0.0,0.0,0.0,0.0,0.0,0.0,0.0,0.0,1.0,0.0,6.0,0.0,0.0,0.0,0.0,0.0,0.0,0.0,0.0,0.0,0.0,37.0,,6.0,,,,3,Jalen Ramsey,Florida State,ACC,Cornerback,,,,,27.0,6.0,,,19.333333333333332
546814,2017,51,2.0,4.0,16.0,45.0,0.0,20.5,67.0,0.0,0.0,2.0,1.0,0.0,0.0,0.0,0.0,0.0,0.0,0.0,0.0,0.0,0.0,0.0,0.0,0.0,0.0,0.0,0.0,0.0,0.0,0.0,0.0,0.0,0.0,0.0,0.0,0.0,0.0,0.0,0.0,,,,,,,2,DeMarcus Walker,Florida State,ACC,Defensive End,,,,,,,,,0.0
546815,2017,216,4.0,0.0,0.0,19.0,0.0,2.0,25.0,0.0,0.0,0.0,4.0,0.0,14.0,0.0,0.0,0.0,0.0,0.0,0.0,0.0,0.0,0.0,0.0,0.0,0.0,0.0,2.0,0.0,0.0,0.0,0.0,0.0,0.0,0.0,0.0,0.0,0.0,0.0,0.0,,,2.0,,,,3,Marquez White,Florida State,ACC,Cornerback,,,,,,0.0,,,3.5
546844,2018,202,2.0,3.0,1.5,45.0,0.0,7.0,60.0,0.0,0.0,0.0,0.0,0.0,0.0,0.0,0.0,0.0,0.0,0.0,0.0,0.0,0.0,0.0,0.0,0.0,0.0,0.0,0.0,0.0,0.0,0.0,0.0,0.0,0.0,0.0,0.0,0.0,0.0,0.0,0.0,,,,,,,1,Jack Cichy,Wisconsin,Big Ten,Inside Linebacker,,,,,,,,,
546849,2018,156,0.0,0.0,0.0,1.0,0.0,0.0,1.0,0.0,0.0,0.0,0.0,0.0,0.0,1.0,0.0,8.0,0.0,0.0,0.0,0.0,0.0,0.0,0.0,0.0,0.0,0.0,0.0,0.0,0.0,0.0,0.0,0.0,0.0,135.0,7.0,1627.0,0.0,0.0,0.0,8.0,,,,44.0,,4,Troy Fumagalli,Wisconsin,Big Ten,Tight End,,,12.051851851851852,,8.0,,,,
546852,2018,230,3.0,8.0,4.5,59.0,0.0,11.0,97.0,0.0,0.0,2.0,3.0,0.0,30.0,0.0,0.0,0.0,0.0,0.0,0.0,0.0,0.0,0.0,0.0,0.0,0.0,0.0,0.0,0.0,0.0,0.0,0.0,0.0,0.0,0.0,0.0,0.0,0.0,0.0,0.0,,,,,,,2,Leon Jacobs,Wisconsin,Big Ten,Outside Linebacker,,,,,,,,,10.0
546866,2017,30,4.0,13.0,11.5,38.0,1.0,15.5,63.0,0.0,0.0,1.0,1.0,1.0,17.0,0.0,0.0,0.0,0.0,0.0,0.0,0.0,0.0,0.0,0.0,0.0,0.0,0.0,0.0,0.0,0.0,0.0,0.0,0.0,0.0,0.0,0.0,0.0,0.0,0.0,0.0,,,,,,,1,T.J. Watt,Wisconsin,Big Ten,Outside Linebacker,,,,,,,,,17.0
546871,2015,98,0.0,0.0,0.0,0.0,0.0,0.0,0.0,0.0,0.0,0.0,8.0,1.0,26.0,0.0,0.0,0.0,0.0,0.0,0.0,0.0,0.0,0.0,0.0,0.0,0.0,0.0,3.0,0.0,1.0,0.0,0.0,0.0,0.0,0.0,0.0,0.0,0.0,0.0,0.0,,,5.0,,,,2,Steven Nelson,Oregon State,Pac-12,Cornerback,,,,,,0.3333333333333333,,,3.25
547019,2017,186,2.0,0.0,0.0,50.0,0.0,2.5,93.0,0.0,0.0,0.0,2.0,0.0,13.0,0.0,0.0,0.0,0.0,0.0,0.0,0.0,0.0,0.0,0.0,0.0,0.0,0.0,0.0,0.0,0.0,0.0,0.0,0.0,0.0,0.0,0.0,0.0,0.0,0.0,0.0,,,,,,,3,Chuck Clark,Virginia Tech,ACC,Safety,,,,,,,,,6.5
547021,2016,84,0.0,0.0,0.0,0.0,0.0,0.0,0.0,0.0,0.0,0.0,8.0,1.0,48.0,0.0,0.0,0.0,0.0,0.0,0.0,0.0,0.0,0.0,0.0,0.0,0.0,0.0,9.0,0.0,-2.0,0.0,0.0,0.0,0.0,0.0,0.0,0.0,0.0,0.0,0.0,,,5.0,,,,2,Kendall Fuller,Virginia Tech,ACC,Cornerback,,,,,,-0.2222222222222222,,,6.0
547022,2017,201,0.0,0.0,0.0,1.0,0.0,0.0,1.0,1.0,1.0,0.0,0.0,0.0,0.0,0.0,0.0,0.0,0.0,0.0,0.0,0.0,0.0,0.0,0.0,0.0,0.0,0.0,1.0,1.0,0.0,0.0,0.0,0.0,0.0,133.0,20.0,1747.0,21.0,1.0,89.0,,,0.0,,50.0,16.0,3,Bucky Hodges,Virginia Tech,ACC,Tight End,,,13.135338345864662,4.238095238095238,,0.0,,,
547028,2017,206,0.0,0.0,0.0,0.0,0.0,0.0,0.0,0.0,0.0,0.0,0.0,0.0,0.0,2.0,0.0,31.0,0.0,0.0,0.0,0.0,0.0,4.0,3.0,0.0,1.0,35.0,0.0,0.0,0.0,0.0,0.0,0.0,0.0,72.0,7.0,802.0,165.0,4.0,692.0,16.0,,,,52.0,32.0,4,Sam Rogers,Virginia Tech,ACC,Fullback,0.75,8.75,11.13888888888889,4.193939393939394,15.5,,,,
547030,2018,166,0.0,0.0,0.0,1.0,0.0,0.0,1.0,0.0,0.0,0.0,0.0,0.0,0.0,0.0,0.0,0.0,0.0,0.0,0.0,0.0,0.0,0.0,0.0,0.0,0.0,0.0,0.0,0.0,0.0,0.0,0.0,0.0,0.0,0.0,0.0,0.0,0.0,0.0,0.0,,,,,,,1,Wyatt Teller,Virginia Tech,ACC,Offensive Guard,,,,,,,,,
547166,2017,194,1.0,2.0,7.0,29.0,0.0,12.5,51.0,0.0,0.0,2.0,0.0,0.0,0.0,0.0,0.0,0.0,0.0,0.0,0.0,0.0,0.0,0.0,0.0,0.0,0.0,0.0,0.0,0.0,0.0,0.0,0.0,0.0,0.0,0.0,0.0,0.0,0.0,0.0,0.0,,,,,,,1,Vincent Taylor,Oklahoma State,Big 12,Defensive Tackle,,,,,,,,,
547203,2016,171,0.0,0.0,0.0,0.0,0.0,0.0,0.0,0.0,0.0,0.0,0.0,0.0,0.0,6.0,0.0,187.0,0.0,0.0,0.0,0.0,0.0,0.0,0.0,0.0,0.0,0.0,0.0,0.0,0.0,0.0,0.0,0.0,0.0,27.0,0.0,167.0,665.0,36.0,3703.0,68.0,,,,31.0,84.0,3,Alex Collins,Arkansas,SEC,Running Back,,,6.185185185185185,5.568421052631579,31.166666666666668,,,,
547222,2015,141,0.0,0.0,0.0,0.0,0.0,0.0,0.0,0.0,0.0,0.0,1.0,0.0,30.0,0.0,0.0,0.0,0.0,0.0,0.0,0.0,0.0,0.0,0.0,0.0,0.0,0.0,0.0,0.0,0.0,0.0,0.0,0.0,0.0,0.0,0.0,0.0,0.0,0.0,0.0,,,,,,,1,Martrell Spaight,Arkansas,SEC,Outside Linebacker,,,,,,,,,30.0
547233,2016,35,0.0,0.0,0.0,0.0,0.0,0.0,0.0,0.0,0.0,0.0,0.0,0.0,0.0,0.0,0.0,0.0,0.0,0.0,0.0,0.0,0.0,0.0,0.0,0.0,0.0,0.0,0.0,0.0,0.0,0.0,0.0,0.0,0.0,116.0,9.0,1661.0,0.0,0.0,0.0,,,,,52.0,,3,Hunter Henry,Arkansas,SEC,Tight End,,,14.318965517241379,,,,,,
547239,2017,163,2.0,1.0,6.5,42.0,1.0,12.0,59.0,0.0,0.0,2.0,1.0,1.0,19.0,0.0,0.0,0.0,0.0,0.0,0.0,0.0,0.0,0.0,0.0,0.0,0.0,0.0,2.0,0.0,11.0,0.0,0.0,0.0,0.0,0.0,0.0,0.0,0.0,0.0,0.0,,,8.0,,,,3,Matt Milano,Boston College,ACC,Outside Linebacker,,,,,,5.5,,,19.0
547253,2018,228,0.0,0.0,0.0,0.0,0.0,0.0,0.0,1.0,0.0,0.0,0.0,0.0,0.0,0.0,0.0,0.0,0.0,0.0,0.0,0.0,0.0,0.0,0.0,0.0,0.0,0.0,0.0,0.0,0.0,0.0,0.0,0.0,0.0,146.0,13.0,2466.0,1.0,0.0,1.0,,,,,82.0,1.0,4,Marcell Ateman,Oklahoma State,Big 12,Wide Receiver,,,16.89041095890411,1.0,,,,,
547259,2018,146,15.0,0.0,0.0,100.0,0.0,3.0,141.0,0.0,0.0,1.0,4.0,0.0,17.0,0.0,0.0,0.0,0.0,0.0,0.0,0.0,0.0,0.0,0.0,0.0,0.0,0.0,0.0,0.0,0.0,0.0,0.0,0.0,0.0,0.0,0.0,0.0,0.0,0.0,0.0,,,,,,,3,Tre Flowers,Oklahoma State,Big 12,Safety,,,,,,,,,4.25
547337,2015,246,0.0,0.0,0.0,0.0,0.0,0.0,0.0,0.0,0.0,0.0,0.0,0.0,0.0,0.0,0.0,0.0,0.0,0.0,0.0,0.0,0.0,0.0,0.0,0.0,0.0,0.0,0.0,0.0,0.0,0.0,0.0,0.0,0.0,13.0,1.0,84.0,0.0,0.0,0.0,,,,,18.0,,2,Geoff Swaim,Texas,Big 12,Tight End,,,6.461538461538462,,,,,,
547401,2016,1,0.0,0.0,0.0,0.0,0.0,0.0,0.0,0.0,0.0,0.0,0.0,0.0,0.0,0.0,0.0,0.0,0.0,0.0,0.0,0.0,0.0,1569.0,977.0,30.0,96.0,12200.0,0.0,0.0,0.0,2.0,12.0,1.0,452.0,2.0,0.0,10.0,170.0,1.0,-114.0,,,,50.0,11.0,20.0,3,Jared Goff,California,Pac-12,Quarterback,0.6226896112173359,7.775653282345443,5.0,-0.6705882352941176,,,37.666666666666664,,
547483,2018,151,2.0,0.0,0.0,2.0,0.0,0.0,3.0,0.0,0.0,0.0,0.0,0.0,0.0,0.0,0.0,0.0,0.0,0.0,0.0,0.0,0.0,0.0,0.0,0.0,0.0,0.0,0.0,0.0,0.0,0.0,0.0,0.0,0.0,0.0,0.0,0.0,0.0,0.0,0.0,,,,,,,1,Davontae Harris,Illinois State,MVFC,Cornerback,,,,,,,,,
547547,2018,195,2.0,6.0,2.5,30.0,0.0,8.0,65.0,0.0,0.0,0.0,0.0,0.0,0.0,0.0,0.0,0.0,0.0,0.0,0.0,0.0,0.0,0.0,0.0,0.0,0.0,0.0,0.0,0.0,0.0,0.0,0.0,0.0,0.0,0.0,0.0,0.0,0.0,0.0,0.0,,,,,,,2,Sebastian Joseph,Rutgers,Big Ten,Defensive Tackle,,,,,,,,,
547564,2018,52,1.0,8.0,6.0,35.0,0.0,8.0,63.0,0.0,0.0,2.0,0.0,0.0,0.0,0.0,0.0,0.0,0.0,0.0,0.0,0.0,0.0,0.0,0.0,0.0,0.0,0.0,0.0,0.0,0.0,0.0,0.0,0.0,0.0,0.0,0.0,0.0,0.0,0.0,0.0,,,,,,,2,Kemoko Turay,Rutgers,Big Ten,Defensive End,,,,,,,,,
547571,2017,132,0.0,0.0,0.0,1.0,0.0,0.0,1.0,2.0,1.0,0.0,0.0,0.0,0.0,5.0,0.0,69.0,0.0,0.0,0.0,0.0,0.0,5.0,1.0,0.0,1.0,16.0,0.0,0.0,0.0,0.0,0.0,0.0,0.0,100.0,5.0,1041.0,1059.0,62.0,6405.0,28.0,,,,40.0,93.0,4,Donnel Pumphrey,San Diego State,Mountain West,Running Back,0.2,3.2,10.41,6.048158640226629,13.8,,,,
547596,2016,231,0.0,0.0,0.0,0.0,0.0,0.0,0.0,0.0,0.0,0.0,0.0,0.0,0.0,0.0,0.0,0.0,0.0,0.0,0.0,0.0,0.0,0.0,0.0,0.0,0.0,0.0,0.0,0.0,0.0,0.0,0.0,0.0,0.0,97.0,17.0,1626.0,0.0,0.0,0.0,,,,,57.0,,3,Thomas Duarte,UCLA,Pac-12,Wide Receiver,,,16.762886597938145,,,,,,
547597,2017,155,6.0,1.0,2.5,69.0,0.0,7.0,119.0,0.0,0.0,2.0,3.0,0.0,32.0,5.0,0.0,42.0,0.0,0.0,0.0,0.0,0.0,0.0,0.0,0.0,0.0,0.0,0.0,0.0,0.0,0.0,0.0,0.0,0.0,0.0,0.0,0.0,0.0,0.0,0.0,16.0,,,,,,2,Jayon Brown,UCLA,Pac-12,Outside Linebacker,,,,,8.4,,,,10.666666666666666
547604,2016,36,0.0,0.0,0.0,0.0,0.0,0.0,0.0,0.0,0.0,0.0,4.0,1.0,111.0,2.0,0.0,35.0,0.0,0.0,0.0,0.0,0.0,0.0,0.0,0.0,0.0,0.0,0.0,0.0,0.0,0.0,0.0,0.0,0.0,1.0,0.0,8.0,68.0,11.0,387.0,29.0,,,,8.0,66.0,3,Myles Jack,UCLA,Pac-12,Outside Linebacker,,,8.0,5.6911764705882355,17.5,,,,27.75
547608,2017,88,0.0,0.0,1.5,15.0,0.0,1.5,27.0,0.0,0.0,0.0,0.0,0.0,0.0,0.0,0.0,0.0,0.0,0.0,0.0,0.0,0.0,0.0,0.0,0.0,0.0,0.0,0.0,0.0,0.0,0.0,0.0,0.0,0.0,1.0,0.0,18.0,5.0,2.0,6.0,,,,,18.0,2.0,3,Eddie Vanderdoes,UCLA,Pac-12,Defensive Tackle,,,18.0,1.2,,,,,
547610,2018,155,0.0,0.0,0.0,1.0,0.0,0.0,1.0,1.0,0.0,0.0,0.0,0.0,0.0,0.0,0.0,0.0,0.0,0.0,0.0,0.0,0.0,0.0,0.0,0.0,0.0,0.0,0.0,0.0,0.0,0.0,0.0,0.0,0.0,0.0,0.0,0.0,0.0,0.0,0.0,,,,,,,1,Scott Quessenberry,UCLA,Pac-12,Center,,,,,,,,,
547613,2016,148,0.0,0.0,0.0,0.0,0.0,0.0,0.0,0.0,0.0,0.0,0.0,0.0,0.0,0.0,0.0,0.0,0.0,0.0,0.0,0.0,0.0,0.0,0.0,0.0,0.0,0.0,0.0,0.0,0.0,0.0,0.0,0.0,0.0,0.0,0.0,0.0,0.0,0.0,2.0,,,,,,2.0,1,Caleb Benenoch,UCLA,Pac-12,Offensive Tackle,,,,inf,,,,,
547620,2018,181,1.0,0.0,4.5,16.0,0.0,6.0,27.0,0.0,0.0,0.0,0.0,0.0,0.0,0.0,0.0,0.0,0.0,0.0,0.0,0.0,0.0,0.0,0.0,0.0,0.0,0.0,0.0,0.0,0.0,0.0,0.0,0.0,0.0,0.0,0.0,0.0,0.0,0.0,0.0,,,,,,,2,Kylie Fitts,Utah,Pac-12,Defensive End,,,,,,,,,
548057,2018,147,10.0,4.0,11.5,115.0,0.0,19.5,276.0,0.0,0.0,3.0,1.0,0.0,7.0,0.0,0.0,0.0,0.0,0.0,0.0,0.0,0.0,0.0,0.0,0.0,0.0,0.0,0.0,0.0,0.0,0.0,0.0,0.0,0.0,0.0,0.0,0.0,0.0,0.0,0.0,,,,,,,2,Micah Kiser,Virginia,ACC,Inside Linebacker,,,,,,,,,7.0
548067,2015,179,0.0,0.0,0.0,0.0,0.0,0.0,0.0,0.0,0.0,0.0,1.0,1.0,35.0,0.0,0.0,0.0,0.0,0.0,0.0,0.0,0.0,0.0,0.0,0.0,0.0,0.0,0.0,0.0,0.0,0.0,0.0,0.0,0.0,0.0,0.0,0.0,0.0,0.0,0.0,,,,,,,1,Max Valles,Virginia,ACC,Inside Linebacker,,,,,,,,,35.0
548155,2018,226,0.0,0.0,0.0,0.0,0.0,0.0,0.0,2.0,0.0,0.0,0.0,0.0,0.0,0.0,0.0,0.0,0.0,0.0,0.0,0.0,0.0,0.0,0.0,0.0,0.0,0.0,0.0,0.0,0.0,0.0,0.0,0.0,0.0,37.0,2.0,435.0,304.0,13.0,1450.0,,,,,59.0,37.0,4,David Williams,South Carolina,SEC,Running Back,,,11.756756756756756,4.769736842105263,,,,,
548173,2016,117,0.0,0.0,0.0,0.0,0.0,0.0,0.0,0.0,0.0,0.0,0.0,0.0,0.0,16.0,0.0,359.0,0.0,0.0,0.0,0.0,0.0,16.0,9.0,0.0,4.0,118.0,36.0,0.0,170.0,0.0,0.0,0.0,0.0,138.0,18.0,2163.0,71.0,4.0,513.0,55.0,,36.0,,85.0,71.0,3,Pharoh Cooper,South Carolina,SEC,Wide Receiver,0.5625,7.375,15.673913043478262,7.225352112676056,22.4375,4.722222222222222,,,
548643,2018,108,0.0,0.0,0.0,0.0,0.0,0.0,0.0,2.0,0.0,0.0,0.0,0.0,0.0,0.0,0.0,0.0,0.0,0.0,0.0,0.0,0.0,65.0,42.0,0.0,3.0,557.0,0.0,0.0,0.0,0.0,0.0,0.0,0.0,0.0,0.0,0.0,16.0,1.0,-14.0,,,,,,9.0,2,Kyle Lauletta,Richmond,CAA,Quarterback,0.6461538461538462,8.569230769230769,,-0.875,,,,,
549513,2017,153,0.0,0.0,0.0,0.0,0.0,0.0,0.0,0.0,0.0,0.0,0.0,0.0,0.0,0.0,0.0,0.0,104.0,81.0,445.0,202.0,202.0,0.0,0.0,0.0,0.0,0.0,0.0,0.0,0.0,0.0,0.0,0.0,0.0,0.0,0.0,0.0,0.0,0.0,0.0,,56.0,,,,,4,Jake Elliott,Memphis,American Athletic,Place Kicker,,,,,,,,0.7788461538461539,
549623,2018,51,0.0,0.0,0.0,3.0,0.0,0.0,5.0,5.0,1.0,0.0,0.0,0.0,0.0,6.0,0.0,136.0,0.0,0.0,0.0,0.0,0.0,3.0,1.0,0.0,0.0,35.0,20.0,0.0,136.0,0.0,0.0,0.0,0.0,238.0,37.0,3590.0,31.0,3.0,148.0,47.0,,18.0,,89.0,41.0,3,Anthony Miller,Memphis,American Athletic,Wide Receiver,0.3333333333333333,11.666666666666666,15.084033613445378,4.774193548387097,22.666666666666668,6.8,,,
549771,2018,223,0.0,0.0,0.0,27.0,0.0,11.0,49.0,0.0,0.0,0.0,0.0,0.0,0.0,0.0,0.0,0.0,0.0,0.0,0.0,0.0,0.0,0.0,0.0,0.0,0.0,0.0,0.0,0.0,0.0,0.0,0.0,0.0,0.0,0.0,0.0,0.0,0.0,0.0,0.0,,,,,,,2,Jullian Taylor,Temple,American Athletic,Defensive Tackle,,,,,,,,,
549775,2017,63,0.0,0.0,0.0,0.0,0.0,0.0,0.0,0.0,0.0,0.0,0.0,0.0,0.0,0.0,0.0,0.0,0.0,0.0,0.0,0.0,0.0,0.0,0.0,0.0,0.0,0.0,0.0,0.0,0.0,0.0,0.0,0.0,0.0,1.0,0.0,7.0,0.0,0.0,4.0,,,,,7.0,4.0,2,Dion Dawkins,Temple,American Athletic,Offensive Guard,,,7.0,inf,,,,,
549799,2018,90,1.0,1.0,7.0,69.0,0.0,17.5,115.0,0.0,0.0,0.0,0.0,0.0,0.0,0.0,0.0,0.0,0.0,0.0,0.0,0.0,0.0,0.0,0.0,0.0,0.0,0.0,0.0,0.0,0.0,0.0,0.0,0.0,0.0,0.0,0.0,0.0,0.0,0.0,0.0,,,,,,,2,Deadrin Senat,South Florida,American Athletic,Defensive Tackle,,,,,,,,,
549804,2018,171,0.0,0.0,0.0,0.0,0.0,0.0,1.0,17.0,7.0,0.0,0.0,0.0,0.0,0.0,0.0,0.0,0.0,0.0,0.0,0.0,0.0,1393.0,863.0,31.0,74.0,11262.0,0.0,0.0,0.0,0.0,0.0,0.0,0.0,0.0,0.0,0.0,135.0,6.0,-463.0,,,,,,17.0,4,Mike White,Western Kentucky,Conference USA,Quarterback,0.6195262024407753,8.084709260588658,,-3.4296296296296296,,,,,
549807,2016,61,0.0,0.0,0.0,0.0,0.0,0.0,0.0,0.0,0.0,0.0,9.0,1.0,49.0,0.0,0.0,0.0,0.0,0.0,0.0,0.0,0.0,0.0,0.0,0.0,0.0,0.0,0.0,0.0,0.0,0.0,0.0,0.0,0.0,0.0,0.0,0.0,0.0,0.0,0.0,,,,,,,3,Vonn Bell,Ohio State,Big Ten,Safety,,,,,,,,,5.444444444444445
549808,2016,3,0.0,0.0,0.0,0.0,0.0,0.0,0.0,0.0,0.0,0.0,1.0,0.0,28.0,0.0,0.0,0.0,0.0,0.0,0.0,0.0,0.0,0.0,0.0,0.0,0.0,0.0,0.0,0.0,0.0,0.0,0.0,0.0,0.0,0.0,0.0,0.0,0.0,0.0,0.0,,,,,,,1,Joey Bosa,Ohio State,Big Ten,Defensive End,,,,,,,,,28.0
549810,2017,24,8.0,0.0,0.0,21.0,0.0,0.0,26.0,0.0,0.0,0.0,6.0,0.0,0.0,0.0,0.0,0.0,0.0,0.0,0.0,0.0,0.0,0.0,0.0,0.0,0.0,0.0,0.0,0.0,0.0,0.0,0.0,0.0,0.0,0.0,0.0,0.0,0.0,0.0,0.0,,,,,,,2,Gareon Conley,Ohio State,Big Ten,Cornerback,,,,,,,,,0.0
549811,2016,4,0.0,0.0,0.0,0.0,0.0,0.0,0.0,0.0,0.0,0.0,0.0,0.0,0.0,1.0,0.0,16.0,0.0,0.0,0.0,0.0,0.0,0.0,0.0,0.0,0.0,0.0,2.0,0.0,13.0,0.0,0.0,0.0,0.0,58.0,1.0,449.0,592.0,43.0,3961.0,16.0,,10.0,,30.0,85.0,3,Ezekiel Elliott,Ohio State,Big Ten,Running Back,,,7.741379310344827,6.690878378378378,16.0,6.5,,,
549817,2016,20,0.0,0.0,0.0,0.0,0.0,0.0,0.0,0.0,0.0,0.0,3.0,1.0,77.0,0.0,0.0,0.0,0.0,0.0,0.0,0.0,0.0,0.0,0.0,0.0,0.0,0.0,0.0,0.0,0.0,0.0,0.0,0.0,0.0,0.0,0.0,0.0,0.0,0.0,0.0,,,,,,,2,Darron Lee,Ohio State,Big Ten,Outside Linebacker,,,,,,,,,25.666666666666668
549826,2018,21,0.0,0.0,0.0,1.0,0.0,0.0,1.0,0.0,0.0,0.0,0.0,0.0,0.0,0.0,0.0,0.0,0.0,0.0,0.0,0.0,0.0,0.0,0.0,0.0,0.0,0.0,0.0,0.0,0.0,0.0,0.0,0.0,0.0,0.0,0.0,0.0,0.0,0.0,0.0,,,,,,,1,Billy Price,Ohio State,Big Ten,Center,,,,,,,,,
549838,2018,201,0.0,0.0,0.0,0.0,0.0,0.0,0.0,1.0,0.0,0.0,0.0,0.0,0.0,29.0,0.0,633.0,0.0,0.0,0.0,0.0,0.0,0.0,0.0,0.0,0.0,0.0,0.0,0.0,0.0,0.0,0.0,0.0,0.0,32.0,1.0,307.0,287.0,14.0,1833.0,89.0,,,,32.0,77.0,4,Boston Scott,Louisiana Tech,Conference USA,Running Back,,,9.59375,6.386759581881533,21.82758620689655,,,,
549867,2017,77,1.0,12.0,3.5,28.0,0.0,13.0,50.0,0.0,0.0,1.0,1.0,0.0,15.0,0.0,0.0,0.0,0.0,0.0,0.0,0.0,0.0,0.0,0.0,0.0,0.0,0.0,0.0,0.0,0.0,0.0,0.0,0.0,0.0,0.0,0.0,0.0,0.0,0.0,0.0,,,,,,,2,Daeshon Hall,Texas A&M,SEC,Defensive End,,,,,,,,,15.0
549904,2017,22,2.0,10.0,9.0,35.0,0.0,12.0,61.0,0.0,0.0,0.0,0.0,0.0,0.0,0.0,0.0,0.0,0.0,0.0,0.0,0.0,0.0,0.0,0.0,0.0,0.0,0.0,0.0,0.0,0.0,0.0,0.0,0.0,0.0,0.0,0.0,0.0,0.0,0.0,0.0,,,,,,,1,Charles Harris,Missouri,SEC,Outside Linebacker,,,,,,,,,
549935,2017,252,0.0,0.0,0.0,3.0,0.0,0.0,3.0,3.0,3.0,0.0,0.0,0.0,0.0,29.0,0.0,501.0,0.0,0.0,0.0,0.0,0.0,0.0,0.0,0.0,0.0,0.0,0.0,0.0,0.0,0.0,0.0,0.0,0.0,98.0,6.0,933.0,550.0,34.0,2856.0,50.0,,,,61.0,85.0,4,Matthew Dayes,NC State,ACC,Running Back,,,9.520408163265307,5.192727272727272,17.275862068965516,,,,
549940,2017,61,8.0,0.0,1.0,62.0,0.0,3.5,108.0,0.0,0.0,1.0,8.0,0.0,71.0,0.0,0.0,0.0,0.0,0.0,0.0,0.0,0.0,0.0,0.0,0.0,0.0,0.0,0.0,0.0,0.0,0.0,0.0,0.0,0.0,0.0,0.0,0.0,0.0,0.0,0.0,,,,,,,3,Josh Jones,NC State,ACC,Safety,,,,,,,,,8.875
549961,2017,245,9.0,0.0,1.0,33.0,0.0,2.0,37.0,0.0,0.0,0.0,6.0,0.0,58.0,0.0,0.0,0.0,0.0,0.0,0.0,0.0,0.0,0.0,0.0,0.0,0.0,0.0,0.0,0.0,0.0,0.0,0.0,0.0,0.0,0.0,0.0,0.0,0.0,0.0,0.0,,,,,,,4,Jack Tocho,NC State,ACC,Cornerback,,,,,,,,,9.666666666666666
549962,2018,174,0.0,0.0,0.0,0.0,0.0,0.0,0.0,0.0,0.0,0.0,0.0,0.0,0.0,2.0,0.0,39.0,0.0,0.0,0.0,0.0,0.0,0.0,0.0,0.0,0.0,0.0,0.0,0.0,0.0,0.0,0.0,0.0,0.0,119.0,12.0,1832.0,10.0,1.0,112.0,27.0,,,,95.0,75.0,4,Marquez Valdes-Scantling,South Florida,American Athletic,Wide Receiver,,,15.394957983193278,11.2,19.5,,,,
549968,2018,88,9.0,6.0,4.5,85.0,0.0,13.5,141.0,0.0,0.0,1.0,5.0,1.0,99.0,0.0,0.0,0.0,0.0,0.0,0.0,0.0,0.0,0.0,0.0,0.0,0.0,0.0,0.0,0.0,0.0,0.0,0.0,0.0,0.0,0.0,0.0,0.0,0.0,0.0,0.0,,,,,,,3,Oren Burks,Vanderbilt,SEC,Outside Linebacker,,,,,,,,,19.8
549972,2017,57,3.0,1.0,0.0,71.0,0.0,16.5,125.0,0.0,0.0,4.0,0.0,0.0,0.0,0.0,0.0,0.0,0.0,0.0,0.0,0.0,0.0,0.0,0.0,0.0,0.0,0.0,0.0,0.0,0.0,0.0,0.0,0.0,0.0,0.0,0.0,0.0,0.0,0.0,0.0,,,,,,,1,Zach Cunningham,Vanderbilt,SEC,Inside Linebacker,,,,,,,,,
550011,2016,29,0.0,0.0,0.0,0.0,0.0,0.0,0.0,0.0,0.0,0.0,0.0,0.0,0.0,0.0,0.0,0.0,0.0,0.0,0.0,0.0,0.0,0.0,0.0,0.0,0.0,0.0,0.0,0.0,0.0,0.0,0.0,0.0,0.0,1.0,1.0,31.0,9.0,2.0,34.0,,,,,31.0,18.0,2,Robert Nkemdiche,Ole Miss,SEC,Defensive Tackle,,,31.0,3.7777777777777777,,,,,
550014,2016,23,0.0,0.0,0.0,0.0,0.0,0.0,0.0,0.0,0.0,0.0,0.0,0.0,0.0,1.0,0.0,3.0,0.0,0.0,0.0,0.0,0.0,7.0,4.0,1.0,1.0,153.0,0.0,0.0,0.0,0.0,0.0,0.0,0.0,202.0,21.0,2393.0,6.0,0.0,-10.0,3.0,,,,63.0,7.0,3,Laquon Treadwell,Ole Miss,SEC,Wide Receiver,0.5714285714285714,21.857142857142858,11.846534653465346,-1.6666666666666667,3.0,,,,
550015,2016,13,0.0,0.0,0.0,0.0,0.0,0.0,0.0,0.0,0.0,0.0,0.0,0.0,0.0,0.0,0.0,0.0,0.0,0.0,0.0,0.0,0.0,0.0,0.0,0.0,0.0,0.0,0.0,0.0,0.0,0.0,0.0,0.0,0.0,0.0,0.0,0.0,1.0,1.0,2.0,,,,,,2.0,1,Laremy Tunsil,Ole Miss,SEC,Offensive Tackle,,,,2.0,,,,,
550016,2018,169,0.0,0.0,0.0,1.0,0.0,0.0,1.0,1.0,1.0,0.0,0.0,0.0,0.0,2.0,0.0,10.0,0.0,0.0,0.0,0.0,0.0,2.0,1.0,0.0,1.0,31.0,0.0,0.0,0.0,0.0,0.0,0.0,0.0,32.0,1.0,322.0,279.0,14.0,1751.0,11.0,,,,45.0,73.0,3,Jordan Wilkins,Ole Miss,SEC,Running Back,0.5,15.5,10.0625,6.275985663082437,5.0,,,,
550017,2017,93,2.0,15.0,4.5,26.0,0.0,8.5,44.0,0.0,0.0,2.0,2.0,0.0,43.0,0.0,0.0,0.0,0.0,0.0,0.0,0.0,0.0,0.0,0.0,0.0,0.0,0.0,0.0,0.0,0.0,0.0,0.0,0.0,0.0,0.0,0.0,0.0,0.0,0.0,0.0,,,,,,,2,Montravius Adams,Auburn,SEC,Defensive Tackle,,,,,,,,,21.5
550032,2018,167,0.0,0.0,0.0,2.0,0.0,0.0,2.0,0.0,0.0,0.0,0.0,0.0,0.0,0.0,0.0,0.0,113.0,92.0,474.0,198.0,198.0,0.0,0.0,0.0,0.0,0.0,0.0,0.0,0.0,13.0,41.0,1.0,1724.0,0.0,0.0,0.0,1.0,1.0,20.0,,56.0,,62.0,,20.0,4,Daniel Carlson,Auburn,SEC,Place Kicker,,,,20.0,,,42.048780487804876,0.8141592920353983,
550034,2017,116,0.0,24.0,9.0,15.0,0.0,13.5,30.0,0.0,0.0,0.0,0.0,0.0,0.0,0.0,0.0,0.0,0.0,0.0,0.0,0.0,0.0,0.0,0.0,0.0,0.0,0.0,0.0,0.0,0.0,0.0,0.0,0.0,0.0,0.0,0.0,0.0,0.0,0.0,0.0,,,,,,,1,Carl Lawson,Auburn,SEC,Defensive End,,,,,,,,,
550044,2016,25,0.0,0.0,0.0,0.0,0.0,0.0,0.0,0.0,0.0,0.0,7.0,0.0,37.0,12.0,0.0,288.0,0.0,0.0,0.0,0.0,0.0,0.0,0.0,0.0,0.0,0.0,0.0,0.0,0.0,0.0,0.0,0.0,0.0,0.0,0.0,0.0,0.0,0.0,0.0,43.0,,,,,,3,Artie Burns,Miami,ACC,Cornerback,,,,,24.0,,,,5.285714285714286
550046,2017,219,0.0,0.0,0.0,3.0,0.0,0.0,4.0,0.0,0.0,0.0,0.0,0.0,0.0,47.0,1.0,1142.0,0.0,0.0,0.0,0.0,0.0,0.0,0.0,0.0,0.0,0.0,26.0,1.0,325.0,0.0,0.0,0.0,0.0,167.0,20.0,2222.0,8.0,1.0,125.0,88.0,,79.0,,81.0,73.0,4,Stacy Coley,Miami,ACC,Wide Receiver,,,13.305389221556887,15.625,24.29787234042553,12.5,,,
550052,2017,152,12.0,1.0,3.0,55.0,0.0,4.5,76.0,0.0,0.0,1.0,3.0,0.0,49.0,15.0,1.0,333.0,0.0,0.0,0.0,0.0,0.0,0.0,0.0,0.0,0.0,0.0,12.0,1.0,152.0,0.0,0.0,0.0,0.0,0.0,0.0,0.0,0.0,0.0,0.0,91.0,,72.0,,,,3,Corn Elder,Miami,ACC,Cornerback,,,,,22.2,12.666666666666666,,,16.333333333333332
550100,2018,133,0.0,0.0,0.0,3.0,0.0,0.0,3.0,3.0,3.0,0.0,0.0,0.0,0.0,0.0,0.0,0.0,0.0,0.0,0.0,0.0,0.0,0.0,0.0,0.0,0.0,0.0,0.0,0.0,0.0,0.0,0.0,0.0,0.0,158.0,21.0,2477.0,0.0,1.0,0.0,,,,,82.0,0.0,4,J'Mon Moore,Missouri,SEC,Wide Receiver,,,15.677215189873417,,,,,,
550117,2017,23,0.0,0.0,0.0,0.0,0.0,0.0,0.0,0.0,0.0,0.0,0.0,0.0,0.0,0.0,0.0,0.0,0.0,0.0,0.0,0.0,0.0,0.0,0.0,0.0,0.0,0.0,0.0,0.0,0.0,0.0,0.0,0.0,0.0,162.0,15.0,2320.0,0.0,0.0,0.0,,,,,83.0,,4,Evan Engram,Ole Miss,SEC,Tight End,,,14.320987654320987,,,,,,
550121,2017,204,3.0,0.0,0.0,15.0,1.0,1.5,21.0,0.0,0.0,0.0,2.0,1.0,54.0,0.0,0.0,0.0,0.0,0.0,0.0,0.0,0.0,0.0,0.0,0.0,0.0,0.0,0.0,0.0,0.0,0.0,0.0,0.0,0.0,11.0,2.0,175.0,0.0,0.0,0.0,,,,,45.0,,3,Derrick Jones,Ole Miss,SEC,Cornerback,,,15.909090909090908,,,,,,27.0
550162,2017,73,3.0,4.0,11.5,34.0,0.0,17.5,52.0,0.0,0.0,1.0,0.0,0.0,0.0,0.0,0.0,0.0,0.0,0.0,0.0,0.0,0.0,0.0,0.0,0.0,0.0,0.0,0.0,0.0,0.0,0.0,0.0,0.0,0.0,0.0,0.0,0.0,0.0,0.0,0.0,,,,,,,1,Jordan Willis,Kansas State,Big 12,Defensive End,,,,,,,,,
550170,2018,219,0.0,0.0,0.0,0.0,0.0,0.0,1.0,5.0,3.0,0.0,0.0,0.0,0.0,0.0,0.0,0.0,0.0,0.0,0.0,0.0,0.0,973.0,563.0,19.0,43.0,7076.0,0.0,0.0,0.0,0.0,0.0,0.0,0.0,0.0,0.0,0.0,201.0,7.0,70.0,,,,,,27.0,4,Danny Etling,Purdue,Big Ten,Quarterback,0.578622816032888,7.27235354573484,,0.3482587064676617,,,,,
550285,2017,111,16.0,1.0,0.0,42.0,0.0,3.0,63.0,0.0,0.0,0.0,13.0,0.0,243.0,0.0,0.0,0.0,0.0,0.0,0.0,0.0,0.0,0.0,0.0,0.0,0.0,0.0,0.0,0.0,0.0,0.0,0.0,0.0,0.0,0.0,0.0,0.0,0.0,0.0,0.0,,,,,,,3,Tedric Thompson,Colorado,Pac-12,Safety,,,,,,,,,18.692307692307693
550314,2018,217,4.0,1.0,3.0,82.0,1.0,9.0,128.0,0.0,0.0,7.0,0.0,0.0,0.0,1.0,1.0,45.0,0.0,0.0,0.0,0.0,0.0,0.0,0.0,0.0,0.0,0.0,0.0,0.0,0.0,0.0,0.0,0.0,0.0,0.0,0.0,0.0,0.0,0.0,0.0,45.0,,,,,,2,Keishawn Bierria,Washington,Pac-12,Outside Linebacker,,,,,45.0,,,,
550322,2018,222,17.0,0.0,0.0,68.0,1.0,2.0,79.0,0.0,0.0,1.0,1.0,1.0,68.0,0.0,0.0,0.0,0.0,0.0,0.0,0.0,0.0,0.0,0.0,0.0,0.0,0.0,0.0,0.0,0.0,0.0,0.0,0.0,0.0,0.0,0.0,0.0,0.0,0.0,0.0,,,,,,,2,Jermaine Kelly,San José State,Mountain West,Cornerback,,,,,,,,,68.0
550323,2017,33,13.0,0.0,0.0,26.0,0.0,3.5,44.0,0.0,0.0,0.0,6.0,0.0,6.0,0.0,0.0,0.0,0.0,0.0,0.0,0.0,0.0,0.0,0.0,0.0,0.0,0.0,0.0,0.0,0.0,0.0,0.0,0.0,0.0,0.0,0.0,0.0,0.0,0.0,0.0,,,,,,,3,Kevin King,Washington,Pac-12,Cornerback,,,,,,,,,1.0
550328,2017,214,0.0,3.0,3.0,18.0,0.0,5.0,38.0,0.0,0.0,0.0,0.0,0.0,0.0,0.0,0.0,0.0,0.0,0.0,0.0,0.0,0.0,0.0,0.0,0.0,0.0,0.0,0.0,0.0,0.0,0.0,0.0,0.0,0.0,0.0,0.0,0.0,0.0,0.0,0.0,,,,,,,1,Elijah Qualls,Washington,Pac-12,Defensive Tackle,,,,,,,,,
550330,2017,9,0.0,0.0,0.0,0.0,1.0,0.0,0.0,3.0,2.0,1.0,1.0,0.0,0.0,86.0,4.0,2069.0,0.0,0.0,0.0,0.0,0.0,0.0,0.0,0.0,0.0,0.0,4.0,0.0,21.0,0.0,0.0,0.0,0.0,114.0,22.0,1729.0,20.0,2.0,195.0,100.0,,10.0,,91.0,32.0,3,John Ross,Washington,Pac-12,Wide Receiver,,,15.166666666666666,9.75,24.058139534883722,5.25,,,0.0
550364,2018,191,0.0,0.0,0.0,0.0,0.0,0.0,0.0,0.0,0.0,0.0,0.0,0.0,0.0,0.0,0.0,0.0,0.0,0.0,0.0,0.0,0.0,0.0,0.0,0.0,0.0,0.0,0.0,0.0,0.0,0.0,0.0,0.0,0.0,158.0,18.0,1873.0,1.0,1.0,3.0,,,,,54.0,3.0,4,Dylan Cantrell,Texas Tech,Big 12,Wide Receiver,,,11.854430379746836,3.0,,,,,
550373,2018,1,0.0,0.0,0.0,1.0,0.0,0.0,1.0,7.0,3.0,0.0,0.0,0.0,0.0,0.0,0.0,0.0,0.0,0.0,0.0,0.0,0.0,1497.0,1026.0,30.0,131.0,14607.0,0.0,0.0,0.0,0.0,0.0,0.0,0.0,1.0,1.0,2.0,404.0,21.0,1083.0,,,,,2.0,54.0,4,Baker Mayfield,Texas Tech,Big 12,Quarterback,0.685370741482966,9.75751503006012,2.0,2.6806930693069306,,,,,
550386,2017,87,0.0,0.0,0.0,1.0,0.0,0.0,1.0,5.0,1.0,0.0,0.0,0.0,0.0,0.0,0.0,0.0,0.0,0.0,0.0,0.0,0.0,1367.0,841.0,34.0,83.0,9852.0,0.0,0.0,0.0,0.0,7.0,0.0,275.0,1.0,0.0,-10.0,77.0,9.0,-100.0,,,,52.0,0.0,18.0,4,Davis Webb,Texas Tech,Big 12,Quarterback,0.6152158010241404,7.2070226773957575,-10.0,-1.2987012987012987,,,39.285714285714285,,
550490,2017,193,8.0,3.0,2.5,55.0,2.0,10.0,98.0,0.0,0.0,1.0,5.0,2.0,145.0,0.0,0.0,0.0,0.0,0.0,0.0,0.0,0.0,0.0,0.0,0.0,0.0,0.0,0.0,0.0,0.0,0.0,0.0,0.0,0.0,0.0,0.0,0.0,0.0,0.0,0.0,,,,,,,2,Jordan Evans,Oklahoma,Big 12,Inside Linebacker,,,,,,,,,29.0
550507,2015,238,0.0,0.0,0.0,0.0,0.0,0.0,0.0,0.0,0.0,0.0,0.0,0.0,0.0,37.0,2.0,972.0,0.0,0.0,0.0,0.0,0.0,0.0,0.0,0.0,0.0,0.0,3.0,0.0,-13.0,0.0,0.0,0.0,0.0,92.0,13.0,1497.0,7.0,0.0,61.0,100.0,,0.0,,79.0,24.0,2,Mario Alford,West Virginia,Big 12,Wide Receiver,,,16.27173913043478,8.714285714285714,26.27027027027027,-4.333333333333333,,,
550551,2018,216,4.0,0.0,2.0,67.0,0.0,5.0,98.0,0.0,0.0,1.0,1.0,1.0,27.0,0.0,0.0,0.0,0.0,0.0,0.0,0.0,0.0,0.0,0.0,0.0,0.0,0.0,0.0,0.0,0.0,0.0,0.0,0.0,0.0,0.0,0.0,0.0,0.0,0.0,0.0,,,,,,,3,Azeem Victor,Washington,Pac-12,Inside Linebacker,,,,,,,,,27.0
550629,2018,199,0.0,0.0,0.0,1.0,0.0,0.0,1.0,7.0,5.0,0.0,0.0,0.0,0.0,0.0,0.0,0.0,0.0,0.0,0.0,0.0,0.0,2055.0,1404.0,39.0,119.0,14486.0,0.0,0.0,0.0,0.0,0.0,0.0,0.0,0.0,0.0,0.0,251.0,4.0,-400.0,,,,,,16.0,4,Luke Falk,Washington State,Pac-12,Quarterback,0.6832116788321168,7.049148418491484,,-1.593625498007968,,,,,
550633,2018,138,0.0,0.0,0.0,0.0,0.0,0.0,1.0,0.0,0.0,0.0,0.0,0.0,0.0,0.0,0.0,0.0,0.0,0.0,0.0,0.0,0.0,0.0,0.0,0.0,0.0,0.0,0.0,0.0,0.0,0.0,0.0,0.0,0.0,0.0,0.0,0.0,0.0,0.0,0.0,,,,,,,1,Cole Madison,Washington State,Pac-12,Offensive Tackle,,,,,,,,,
550634,2015,123,0.0,0.0,0.0,0.0,0.0,0.0,0.0,0.0,0.0,0.0,0.0,0.0,0.0,9.0,0.0,177.0,0.0,0.0,0.0,0.0,0.0,0.0,0.0,0.0,0.0,0.0,0.0,0.0,0.0,0.0,0.0,0.0,0.0,148.0,16.0,2022.0,0.0,0.0,0.0,39.0,,,,90.0,,2,Vince Mayle,Washington State,Pac-12,Wide Receiver,,,13.662162162162161,,19.666666666666668,,,,
550668,2017,60,12.0,3.0,4.0,53.0,0.0,6.0,65.0,0.0,0.0,1.0,3.0,0.0,40.0,0.0,0.0,0.0,0.0,0.0,0.0,0.0,0.0,0.0,0.0,0.0,0.0,0.0,0.0,0.0,0.0,0.0,0.0,0.0,0.0,0.0,0.0,0.0,0.0,0.0,0.0,,,,,,,2,Chidobe Awuzie,Colorado,Pac-12,Cornerback,,,,,,,,,13.333333333333334
550679,2017,80,2.0,10.0,11.5,30.0,0.0,15.0,50.0,0.0,0.0,1.0,0.0,0.0,0.0,0.0,0.0,0.0,0.0,0.0,0.0,0.0,0.0,0.0,0.0,0.0,0.0,0.0,0.0,0.0,0.0,0.0,0.0,0.0,0.0,0.0,0.0,0.0,0.0,0.0,0.0,,,,,,,1,Tarell Basham,Ohio,Mid-American,Defensive End,,,,,,,,,
550698,2018,227,9.0,9.0,9.5,115.0,0.0,26.0,216.0,0.0,0.0,2.0,7.0,2.0,163.0,0.0,0.0,0.0,0.0,0.0,0.0,0.0,0.0,0.0,0.0,0.0,0.0,0.0,1.0,0.0,0.0,0.0,0.0,0.0,0.0,0.0,0.0,0.0,0.0,0.0,0.0,,,0.0,,,,4,Quentin Poling,Ohio,Mid-American,Inside Linebacker,,,,,,0.0,,,23.285714285714285
550835,2016,69,0.0,0.0,0.0,0.0,0.0,0.0,0.0,0.0,0.0,0.0,1.0,0.0,3.0,0.0,0.0,0.0,0.0,0.0,0.0,0.0,0.0,0.0,0.0,0.0,0.0,0.0,0.0,0.0,0.0,0.0,0.0,0.0,0.0,0.0,0.0,0.0,0.0,0.0,0.0,,,,,,,1,Yannick Ngakoue,Maryland,ACC,Defensive End,,,,,,,,,3.0
550879,2017,103,2.0,7.0,9.5,25.0,0.0,14.0,50.0,0.0,0.0,1.0,0.0,0.0,0.0,0.0,0.0,0.0,0.0,0.0,0.0,0.0,0.0,0.0,0.0,0.0,0.0,0.0,0.0,0.0,0.0,0.0,0.0,0.0,0.0,0.0,0.0,0.0,0.0,0.0,0.0,,,,,,,1,Trey Hendrickson,Florida Atlantic,Conference USA,Defensive End,,,,,,,,,
550954,2018,9,0.0,0.0,0.0,1.0,0.0,0.0,1.0,0.0,0.0,0.0,0.0,0.0,0.0,0.0,0.0,0.0,0.0,0.0,0.0,0.0,0.0,0.0,0.0,0.0,0.0,0.0,0.0,0.0,0.0,0.0,0.0,0.0,0.0,1.0,0.0,-4.0,0.0,0.0,0.0,,,,,-4.0,,2,Mike McGlinchey,Notre Dame,FBS Independents,Offensive Tackle,,,-4.0,,,,,,
550963,2017,225,1.0,6.0,1.0,29.0,0.0,7.5,56.0,0.0,0.0,0.0,0.0,0.0,0.0,0.0,0.0,0.0,0.0,0.0,0.0,0.0,0.0,0.0,0.0,0.0,0.0,0.0,0.0,0.0,0.0,0.0,0.0,0.0,0.0,0.0,0.0,0.0,0.0,0.0,0.0,,,,,,,1,Isaac Rochell,Notre Dame,FBS Independents,Defensive End,,,,,,,,,
550965,2016,34,0.0,0.0,0.0,0.0,0.0,0.0,0.0,0.0,0.0,0.0,1.0,0.0,-1.0,0.0,0.0,0.0,0.0,0.0,0.0,0.0,0.0,0.0,0.0,0.0,0.0,0.0,0.0,0.0,0.0,0.0,0.0,0.0,0.0,0.0,0.0,0.0,0.0,0.0,0.0,,,,,,,1,Jaylon Smith,Notre Dame,FBS Independents,Outside Linebacker,,,,,,,,,-1.0
550966,2018,123,0.0,0.0,0.0,4.0,0.0,0.0,4.0,1.0,0.0,0.0,0.0,0.0,0.0,1.0,0.0,0.0,0.0,0.0,0.0,0.0,0.0,0.0,0.0,0.0,0.0,0.0,0.0,0.0,0.0,0.0,0.0,0.0,0.0,28.0,6.0,381.0,0.0,0.0,0.0,0.0,,,,33.0,,4,Durham Smythe,Notre Dame,FBS Independents,Tight End,,,13.607142857142858,,0.0,,,,
551183,2017,90,14.0,0.0,0.0,30.0,1.0,2.5,48.0,0.0,0.0,1.0,7.0,2.0,168.0,0.0,0.0,0.0,0.0,0.0,0.0,0.0,0.0,0.0,0.0,0.0,0.0,0.0,0.0,0.0,0.0,0.0,0.0,0.0,0.0,0.0,0.0,0.0,0.0,0.0,0.0,,,,,,,3,Shaquill Griffin,UCF,American Athletic,Cornerback,,,,,,,,,24.0
551186,2018,141,9.0,11.0,17.5,97.0,0.0,31.5,160.0,0.0,0.0,4.0,2.0,0.0,22.0,0.0,0.0,0.0,0.0,0.0,0.0,0.0,0.0,0.0,0.0,0.0,0.0,0.0,0.0,0.0,0.0,0.0,0.0,0.0,0.0,0.0,0.0,0.0,0.0,0.0,0.0,,,,,,,2,Shaquem Griffin,UCF,American Athletic,Outside Linebacker,,,,,,,,,11.0
551279,2017,100,0.0,0.0,0.0,2.0,0.0,0.0,2.0,0.0,0.0,0.0,0.0,0.0,0.0,1.0,0.0,0.0,0.0,0.0,0.0,0.0,0.0,0.0,0.0,0.0,0.0,0.0,0.0,0.0,0.0,0.0,0.0,0.0,0.0,178.0,18.0,2001.0,1.0,0.0,5.0,0.0,,,,75.0,5.0,4,Jonnu Smith,Florida International,Conference USA,Tight End,,,11.241573033707866,5.0,0.0,,,,
551288,2017,17,2.0,15.0,10.5,33.0,0.0,16.0,69.0,0.0,0.0,2.0,0.0,0.0,0.0,0.0,0.0,0.0,0.0,0.0,0.0,0.0,0.0,0.0,0.0,0.0,0.0,0.0,0.0,0.0,0.0,0.0,0.0,0.0,0.0,0.0,0.0,0.0,0.0,0.0,0.0,,,,,,,1,Jonathan Allen,Alabama,SEC,Defensive Tackle,,,,,,,,,
551289,2018,118,16.0,0.0,2.0,70.0,0.0,7.0,96.0,0.0,0.0,0.0,1.0,0.0,30.0,0.0,0.0,0.0,0.0,0.0,0.0,0.0,0.0,0.0,0.0,0.0,0.0,0.0,0.0,0.0,0.0,0.0,0.0,0.0,0.0,0.0,0.0,0.0,0.0,0.0,0.0,,,,,,,2,Anthony Averett,Alabama,SEC,Cornerback,,,,,,,,,30.0
551292,2017,31,2.0,7.0,5.0,60.0,0.0,13.0,115.0,0.0,0.0,0.0,0.0,0.0,0.0,0.0,0.0,0.0,0.0,0.0,0.0,0.0,0.0,0.0,0.0,0.0,0.0,0.0,0.0,0.0,0.0,0.0,0.0,0.0,0.0,0.0,0.0,0.0,0.0,0.0,0.0,,,,,,,1,Reuben Foster,Alabama,SEC,Inside Linebacker,,,,,,,,,
551295,2017,112,2.0,0.0,0.0,15.0,3.0,2.5,24.0,0.0,0.0,0.0,9.0,3.0,303.0,0.0,0.0,0.0,0.0,0.0,0.0,0.0,0.0,0.0,0.0,0.0,0.0,0.0,11.0,2.0,253.0,0.0,0.0,0.0,0.0,0.0,0.0,0.0,0.0,0.0,0.0,,,85.0,,,,4,Eddie Jackson,Alabama,SEC,Safety,,,,,,23.0,,,33.666666666666664
551298,2017,67,0.0,0.0,0.0,0.0,0.0,0.0,0.0,5.0,2.0,0.0,0.0,0.0,0.0,1.0,0.0,16.0,0.0,0.0,0.0,0.0,0.0,1.0,1.0,0.0,0.0,24.0,28.0,1.0,284.0,0.0,0.0,0.0,0.0,74.0,7.0,683.0,210.0,16.0,1294.0,16.0,,50.0,,53.0,63.0,2,Alvin Kamara,Tennessee,SEC,Running Back,1.0,24.0,9.22972972972973,6.161904761904762,16.0,10.142857142857142,,,
551307,2017,79,0.0,0.0,0.0,0.0,0.0,0.0,0.0,1.0,1.0,0.0,0.0,0.0,0.0,11.0,0.0,191.0,0.0,0.0,0.0,0.0,0.0,2.0,2.0,0.0,0.0,36.0,0.0,0.0,0.0,0.0,0.0,0.0,0.0,129.0,12.0,1713.0,13.0,0.0,82.0,30.0,,,,71.0,25.0,3,ArDarius Stewart,Alabama,SEC,Wide Receiver,1.0,18.0,13.279069767441861,6.3076923076923075,17.363636363636363,,,,
551309,2017,78,2.0,12.0,9.0,22.0,0.0,16.0,31.0,0.0,0.0,1.0,0.0,0.0,0.0,0.0,0.0,0.0,0.0,0.0,0.0,0.0,0.0,0.0,0.0,0.0,0.0,0.0,0.0,0.0,0.0,0.0,0.0,0.0,0.0,0.0,0.0,0.0,0.0,0.0,0.0,,,,,,,1,Tim Williams,Alabama,SEC,Outside Linebacker,,,,,,,,,
551314,2017,185,0.0,3.0,2.5,16.0,0.0,9.5,31.0,0.0,0.0,0.0,0.0,0.0,0.0,0.0,0.0,0.0,0.0,0.0,0.0,0.0,0.0,0.0,0.0,0.0,0.0,0.0,0.0,0.0,0.0,0.0,0.0,0.0,0.0,0.0,0.0,0.0,0.0,0.0,0.0,,,,,,,1,Caleb Brantley,Florida,SEC,Defensive Tackle,,,,,,,,,
551315,2017,21,4.0,5.0,2.0,29.0,0.0,6.0,60.0,0.0,0.0,0.0,1.0,0.0,0.0,1.0,0.0,4.0,0.0,0.0,0.0,0.0,0.0,0.0,0.0,0.0,0.0,0.0,0.0,0.0,0.0,0.0,0.0,0.0,0.0,0.0,0.0,0.0,0.0,0.0,0.0,4.0,,,,,,3,Jarrad Davis,Florida,SEC,Inside Linebacker,,,,,4.0,,,,0.0
551319,2016,11,0.0,0.0,0.0,0.0,0.0,0.0,0.0,0.0,0.0,0.0,10.0,0.0,191.0,5.0,0.0,99.0,0.0,0.0,0.0,0.0,0.0,0.0,0.0,0.0,0.0,0.0,6.0,0.0,41.0,0.0,0.0,0.0,0.0,1.0,0.0,6.0,0.0,0.0,0.0,25.0,,25.0,,6.0,,3,Vernon Hargreaves III,Florida,SEC,Cornerback,,,6.0,,19.8,6.833333333333333,,,19.1
551326,2016,17,0.0,0.0,0.0,0.0,0.0,0.0,0.0,0.0,0.0,0.0,4.0,0.0,-5.0,0.0,0.0,0.0,0.0,0.0,0.0,0.0,0.0,0.0,0.0,0.0,0.0,0.0,0.0,0.0,0.0,0.0,0.0,0.0,0.0,0.0,0.0,0.0,0.0,0.0,0.0,,,,,,,2,Keanu Neal,Florida,SEC,Safety,,,,,,,,,-1.25
551335,2018,173,0.0,0.0,0.0,3.0,0.0,0.0,6.0,0.0,0.0,0.0,0.0,0.0,0.0,0.0,0.0,0.0,0.0,0.0,0.0,0.0,0.0,2.0,1.0,1.0,0.0,7.0,0.0,0.0,0.0,0.0,240.0,0.0,11090.0,0.0,0.0,0.0,2.0,0.0,-14.0,,,,70.0,,0.0,4,Johnny Townsend,Florida,SEC,Punter,0.5,3.5,,-7.0,,,46.208333333333336,,
551348,2017,202,0.0,4.0,9.0,27.0,0.0,12.0,41.0,0.0,0.0,1.0,0.0,0.0,0.0,0.0,0.0,0.0,0.0,0.0,0.0,0.0,0.0,0.0,0.0,0.0,0.0,0.0,0.0,0.0,0.0,0.0,0.0,0.0,0.0,0.0,0.0,0.0,0.0,0.0,0.0,,,,,,,1,Pita Taumoepenu,Utah,Pac-12,Defensive End,,,,,,,,,
551549,2018,206,0.0,0.0,0.0,2.0,0.0,0.0,2.0,0.0,0.0,0.0,0.0,0.0,0.0,0.0,0.0,0.0,0.0,0.0,0.0,0.0,0.0,0.0,0.0,0.0,0.0,0.0,0.0,0.0,0.0,0.0,0.0,0.0,0.0,0.0,0.0,0.0,0.0,0.0,0.0,,,,,,,1,Matt Pryor,TCU,Big 12,Offensive Tackle,,,,,,,,,
551558,2017,233,0.0,0.0,0.0,0.0,0.0,0.0,0.0,0.0,0.0,0.0,0.0,0.0,0.0,0.0,0.0,0.0,60.0,43.0,337.0,210.0,208.0,0.0,0.0,0.0,0.0,0.0,0.0,0.0,0.0,0.0,0.0,0.0,0.0,0.0,0.0,0.0,0.0,0.0,0.0,,53.0,,,,,4,Harrison Butker,Georgia Tech,ACC,Place Kicker,,,,,,,,0.7166666666666667,
551571,2015,132,0.0,0.0,0.0,0.0,0.0,0.0,0.0,0.0,0.0,0.0,0.0,0.0,0.0,5.0,0.0,65.0,0.0,0.0,0.0,0.0,0.0,1.0,0.0,1.0,0.0,0.0,11.0,0.0,124.0,0.0,0.0,0.0,0.0,56.0,11.0,1060.0,4.0,1.0,115.0,19.0,,25.0,,71.0,75.0,2,DeAndre Smelter,Georgia Tech,ACC,Wide Receiver,0.0,0.0,18.928571428571427,28.75,13.0,11.272727272727273,,,
551905,2017,65,2.0,10.0,3.0,31.0,0.0,13.5,65.0,0.0,0.0,0.0,0.0,0.0,0.0,0.0,0.0,0.0,0.0,0.0,0.0,0.0,0.0,0.0,0.0,0.0,0.0,0.0,0.0,0.0,0.0,0.0,0.0,0.0,0.0,0.0,0.0,0.0,0.0,0.0,0.0,,,,,,,1,Larry Ogunjobi,Charlotte,Conference USA,Defensive Tackle,,,,,,,,,
551978,2018,36,1.0,0.0,0.0,20.0,0.0,1.0,43.0,0.0,0.0,0.0,0.0,0.0,0.0,0.0,0.0,0.0,0.0,0.0,0.0,0.0,0.0,0.0,0.0,0.0,0.0,0.0,0.0,0.0,0.0,0.0,0.0,0.0,0.0,0.0,0.0,0.0,0.0,0.0,0.0,,,,,,,1,Darius Leonard,South Carolina State,MEAC,Outside Linebacker,,,,,,,,,
552068,2018,33,0.0,0.0,0.0,0.0,0.0,0.0,0.0,0.0,0.0,0.0,0.0,0.0,0.0,0.0,0.0,0.0,0.0,0.0,0.0,0.0,0.0,0.0,0.0,0.0,0.0,0.0,0.0,0.0,0.0,0.0,0.0,0.0,0.0,0.0,0.0,0.0,1.0,0.0,-1.0,,,,,,0.0,1,Austin Corbett,Nevada,Mountain West,Offensive Guard,,,,-1.0,,,,,
552230,2017,187,5.0,0.0,0.0,29.0,0.0,4.5,46.0,0.0,0.0,0.0,7.0,0.0,134.0,0.0,0.0,0.0,0.0,0.0,0.0,0.0,0.0,0.0,0.0,0.0,0.0,0.0,0.0,0.0,0.0,0.0,0.0,0.0,0.0,0.0,0.0,0.0,0.0,0.0,0.0,,,,,,,2,Mike Tyson,Cincinnati,American Athletic,Safety,,,,,,,,,19.142857142857142
552287,2018,154,0.0,0.0,0.0,7.0,0.0,1.5,10.0,0.0,0.0,0.0,0.0,0.0,0.0,0.0,0.0,0.0,0.0,0.0,0.0,0.0,0.0,0.0,0.0,0.0,0.0,0.0,0.0,0.0,0.0,0.0,0.0,0.0,0.0,0.0,0.0,0.0,0.0,0.0,0.0,,,,,,,2,Siran Neal,Jacksonville State,OVC,Cornerback,,,,,,,,,
552329,2016,51,0.0,0.0,0.0,0.0,0.0,0.0,0.0,0.0,0.0,0.0,0.0,0.0,0.0,0.0,0.0,0.0,0.0,0.0,0.0,0.0,0.0,1235.0,693.0,31.0,48.0,8457.0,0.0,0.0,0.0,0.0,3.0,0.0,90.0,1.0,1.0,14.0,208.0,6.0,-242.0,,,,43.0,14.0,22.0,3,Christian Hackenberg,Penn State,Big Ten,Quarterback,0.5611336032388664,6.847773279352227,14.0,-1.1634615384615385,,,30.0,,
552330,2018,113,0.0,0.0,0.0,1.0,0.0,0.0,1.0,0.0,0.0,0.0,0.0,0.0,0.0,1.0,0.0,0.0,0.0,0.0,0.0,0.0,0.0,0.0,0.0,0.0,0.0,0.0,0.0,0.0,0.0,0.0,0.0,0.0,0.0,214.0,18.0,2842.0,10.0,0.0,22.0,0.0,,,,54.0,11.0,4,DaeSean Hamilton,Penn State,Big Ten,Wide Receiver,,,13.280373831775702,2.2,0.0,,,,
552342,2022,120,3.0,0.0,0.5,39.0,0.0,6.5,116.0,0.0,0.0,1.0,2.0,0.0,22.0,0.0,0.0,0.0,0.0,0.0,0.0,0.0,0.0,0.0,0.0,0.0,0.0,0.0,0.0,0.0,0.0,0.0,0.0,0.0,0.0,0.0,0.0,0.0,0.0,0.0,0.0,,,,,,,2,Brandon Smith,Penn State,Big Ten,Inside Linebacker,,,,,,,,,11.0
552745,2017,86,0.0,0.0,0.0,0.0,0.0,0.0,0.0,0.0,0.0,0.0,0.0,0.0,0.0,0.0,0.0,0.0,0.0,0.0,0.0,0.0,0.0,1.0,0.0,1.0,0.0,0.0,0.0,0.0,0.0,0.0,0.0,0.0,0.0,73.0,1.0,555.0,782.0,44.0,4945.0,,,,,71.0,91.0,4,Kareem Hunt,Toledo,Mid-American,Running Back,0.0,0.0,7.602739726027397,6.323529411764706,,,,,
552748,2017,170,0.0,0.0,0.0,1.0,0.0,0.0,1.0,6.0,3.0,0.0,0.0,0.0,0.0,48.0,1.0,1138.0,0.0,0.0,0.0,0.0,0.0,1.0,0.0,0.0,0.0,0.0,0.0,0.0,0.0,0.0,0.0,0.0,0.0,137.0,16.0,1982.0,39.0,7.0,369.0,97.0,,,,84.0,92.0,4,Rodney Adams,Toledo,Mid-American,Wide Receiver,0.0,0.0,14.467153284671532,9.461538461538462,23.708333333333332,,,,
552775,2017,72,0.0,0.0,0.0,1.0,0.0,0.0,1.0,2.0,1.0,1.0,0.0,0.0,0.0,6.0,0.0,81.0,0.0,0.0,0.0,0.0,0.0,0.0,0.0,0.0,0.0,0.0,0.0,0.0,0.0,0.0,0.0,0.0,0.0,253.0,41.0,4234.0,14.0,0.0,38.0,25.0,,,,80.0,16.0,4,Taywan Taylor,Western Kentucky,Sun Belt,Wide Receiver,,,16.73517786561265,2.7142857142857144,13.5,,,,
552851,2017,127,0.0,0.0,0.0,0.0,0.0,0.0,0.0,0.0,0.0,0.0,0.0,0.0,0.0,0.0,0.0,0.0,0.0,0.0,0.0,0.0,0.0,0.0,0.0,0.0,0.0,0.0,0.0,0.0,0.0,0.0,0.0,0.0,0.0,70.0,22.0,832.0,0.0,0.0,0.0,,,,,41.0,,3,Michael Roberts,Toledo,Mid-American,Tight End,,,11.885714285714286,,,,,,
552904,2016,150,0.0,0.0,0.0,0.0,0.0,0.0,0.0,0.0,0.0,0.0,0.0,0.0,0.0,0.0,0.0,0.0,0.0,0.0,0.0,0.0,0.0,1.0,1.0,0.0,0.0,0.0,0.0,0.0,0.0,0.0,0.0,0.0,0.0,24.0,3.0,261.0,647.0,24.0,3681.0,,,,,40.0,55.0,3,Jordan Howard,UAB,Conference USA,Running Back,1.0,0.0,10.875,5.689335394126739,,,,,
552940,2017,37,0.0,0.0,0.0,2.0,0.0,0.0,2.0,0.0,0.0,0.0,0.0,0.0,0.0,30.0,0.0,596.0,0.0,0.0,0.0,0.0,0.0,4.0,3.0,0.0,1.0,36.0,1.0,0.0,8.0,0.0,0.0,0.0,0.0,397.0,23.0,4264.0,5.0,0.0,18.0,44.0,,8.0,,77.0,13.0,4,Zay Jones,East Carolina,Conference USA,Wide Receiver,0.75,9.0,10.740554156171285,3.6,19.866666666666667,8.0,,,
553531,2016,24,0.0,0.0,0.0,0.0,0.0,0.0,0.0,0.0,0.0,0.0,8.0,3.0,211.0,0.0,0.0,0.0,0.0,0.0,0.0,0.0,0.0,0.0,0.0,0.0,0.0,0.0,0.0,0.0,0.0,0.0,0.0,0.0,0.0,0.0,0.0,0.0,0.0,0.0,0.0,,,,,,,3,William Jackson III,Houston,American Athletic,Cornerback,,,,,,,,,26.375
554399,2017,141,0.0,0.0,0.0,0.0,0.0,0.0,0.0,0.0,0.0,0.0,0.0,0.0,0.0,0.0,0.0,0.0,0.0,0.0,0.0,0.0,0.0,0.0,0.0,0.0,0.0,0.0,0.0,0.0,0.0,0.0,0.0,0.0,0.0,115.0,12.0,1526.0,0.0,0.0,0.0,,,,,70.0,,3,Chad Hansen,Idaho State,Big Sky,Wide Receiver,,,13.269565217391305,,,,,,
554513,2017,119,0.0,0.0,0.0,0.0,0.0,0.0,0.0,1.0,1.0,0.0,0.0,0.0,0.0,0.0,0.0,0.0,0.0,0.0,0.0,0.0,0.0,0.0,0.0,0.0,0.0,0.0,0.0,0.0,0.0,0.0,0.0,0.0,0.0,10.0,0.0,145.0,43.0,1.0,218.0,,,,,39.0,25.0,2,Tarik Cohen,North Carolina A&T,MEAC,Running Back,,,14.5,5.069767441860465,,,,,
554568,2017,98,0.0,0.0,0.0,1.0,0.0,0.0,1.0,1.0,1.0,0.0,0.0,0.0,0.0,0.0,0.0,0.0,0.0,0.0,0.0,0.0,0.0,0.0,0.0,0.0,0.0,0.0,0.0,0.0,0.0,0.0,0.0,0.0,0.0,21.0,0.0,237.0,0.0,0.0,0.0,,,,,43.0,,4,Chad Williams,Grambling,SWAC,Wide Receiver,,,11.285714285714286,,,,,,
555605,2017,240,0.0,0.0,0.0,0.0,0.0,0.5,1.0,0.0,0.0,0.0,0.0,0.0,0.0,0.0,0.0,0.0,0.0,0.0,0.0,0.0,0.0,0.0,0.0,0.0,0.0,0.0,0.0,0.0,0.0,0.0,0.0,0.0,0.0,2.0,1.0,19.0,1.0,0.0,1.0,,,,,15.0,1.0,1,Marquez Williams,Miami,ACC,Fullback,,,9.5,1.0,,,,,
559475,2019,98,0.0,2.0,0.0,10.0,0.0,0.0,20.0,0.0,0.0,0.0,0.0,0.0,0.0,0.0,0.0,0.0,0.0,0.0,0.0,0.0,0.0,0.0,0.0,0.0,0.0,0.0,0.0,0.0,0.0,0.0,0.0,0.0,0.0,0.0,0.0,0.0,0.0,0.0,0.0,,,,,,,3,Quincy Williams,Murray State,OVC,Safety,,,,,,,,,
559517,2018,248,0.0,1.0,0.0,3.0,0.0,1.0,4.0,0.0,0.0,0.0,0.0,0.0,0.0,0.0,0.0,0.0,0.0,0.0,0.0,0.0,0.0,0.0,0.0,0.0,0.0,0.0,0.0,0.0,0.0,0.0,0.0,0.0,0.0,0.0,0.0,0.0,0.0,0.0,0.0,,,,,,,1,Kendall Donnerson,Southeast Missouri State,OVC,Outside Linebacker,,,,,,,,,
559553,2018,29,1.0,5.0,5.0,27.0,0.0,9.0,56.0,0.0,0.0,2.0,0.0,0.0,0.0,0.0,0.0,0.0,0.0,0.0,0.0,0.0,0.0,0.0,0.0,0.0,0.0,0.0,0.0,0.0,0.0,0.0,0.0,0.0,0.0,0.0,0.0,0.0,1.0,0.0,-1.0,,,,,,0.0,3,Taven Bryan,Florida,SEC,Defensive Tackle,,,,-1.0,,,,,
559554,2018,56,16.0,0.0,0.0,41.0,2.0,5.5,58.0,0.0,0.0,0.0,6.0,3.0,127.0,0.0,0.0,0.0,0.0,0.0,0.0,0.0,0.0,0.0,0.0,0.0,0.0,0.0,0.0,0.0,0.0,0.0,0.0,0.0,0.0,0.0,0.0,0.0,0.0,0.0,0.0,,,,,,,3,Duke Dawson,Florida,SEC,Cornerback,,,,,,,,,21.166666666666668
559556,2019,100,0.0,0.0,0.0,1.0,0.0,0.0,1.0,11.0,6.0,0.0,0.0,0.0,0.0,0.0,0.0,0.0,0.0,0.0,0.0,0.0,0.0,946.0,622.0,23.0,81.0,8558.0,0.0,0.0,0.0,0.0,1.0,0.0,23.0,0.0,0.0,0.0,148.0,7.0,143.0,,,,23.0,,38.0,3,Will Grier,West Virginia,Big 12,Quarterback,0.6575052854122622,9.046511627906977,,0.9662162162162162,,,23.0,,
559561,2017,53,6.0,0.0,1.0,23.0,1.0,2.0,33.0,0.0,0.0,1.0,9.0,3.0,129.0,1.0,0.0,33.0,0.0,0.0,0.0,0.0,0.0,0.0,0.0,0.0,0.0,0.0,0.0,0.0,0.0,0.0,0.0,0.0,0.0,0.0,0.0,0.0,0.0,0.0,0.0,33.0,,,,,,3,Teez Tabor,Florida,SEC,Cornerback,,,,,33.0,,,,14.333333333333334
559592,2017,6,4.0,1.0,1.0,42.0,0.0,7.5,76.0,0.0,0.0,1.0,5.0,0.0,30.0,0.0,0.0,0.0,0.0,0.0,0.0,0.0,0.0,0.0,0.0,0.0,0.0,0.0,0.0,0.0,0.0,0.0,0.0,0.0,0.0,0.0,0.0,0.0,0.0,0.0,0.0,,,,,,,2,Jamal Adams,LSU,SEC,Safety,,,,,,,,,6.0
559597,2018,194,0.0,0.0,0.0,8.0,0.0,0.0,17.0,1.0,0.0,1.0,0.0,0.0,0.0,0.0,0.0,0.0,0.0,0.0,0.0,0.0,0.0,1.0,0.0,0.0,0.0,0.0,0.0,0.0,0.0,0.0,0.0,0.0,0.0,26.0,4.0,347.0,28.0,1.0,232.0,,,,,34.0,70.0,2,Russell Gage,LSU,SEC,Wide Receiver,0.0,0.0,13.346153846153847,8.285714285714286,,,,,
559602,2017,178,1.0,3.0,6.5,24.0,0.0,8.5,62.0,0.0,0.0,2.0,0.0,0.0,0.0,0.0,0.0,0.0,0.0,0.0,0.0,0.0,0.0,0.0,0.0,0.0,0.0,0.0,0.0,0.0,0.0,0.0,0.0,0.0,0.0,0.0,0.0,0.0,0.0,0.0,0.0,,,,,,,1,Davon Godchaux,LSU,SEC,Defensive Tackle,,,,,,,,,
559606,2018,245,0.0,0.0,0.0,0.0,0.0,0.0,0.0,0.0,0.0,0.0,0.0,0.0,0.0,0.0,0.0,0.0,0.0,0.0,0.0,0.0,0.0,0.0,0.0,0.0,0.0,0.0,0.0,0.0,0.0,0.0,0.0,0.0,0.0,0.0,0.0,0.0,0.0,1.0,0.0,,,,,,0.0,1,Will Clapp,LSU,SEC,Offensive Guard,,,,,,,,,
559613,2018,61,0.0,0.0,0.0,1.0,2.0,0.0,1.0,3.0,2.0,0.0,0.0,0.0,0.0,1.0,0.0,12.0,0.0,0.0,0.0,0.0,0.0,0.0,0.0,0.0,0.0,0.0,18.0,2.0,190.0,0.0,0.0,0.0,0.0,66.0,6.0,1351.0,25.0,4.0,264.0,12.0,,75.0,,80.0,79.0,3,D.J. Chark,LSU,SEC,Wide Receiver,,,20.46969696969697,10.56,12.0,10.555555555555555,,,
559639,2018,136,3.0,13.0,14.5,56.0,0.0,22.0,98.0,0.0,0.0,1.0,1.0,0.0,17.0,0.0,0.0,0.0,0.0,0.0,0.0,0.0,0.0,0.0,0.0,0.0,0.0,0.0,0.0,0.0,0.0,0.0,0.0,0.0,0.0,0.0,0.0,0.0,0.0,0.0,0.0,,,,,,,2,Marquis Haynes,Ole Miss,SEC,Outside Linebacker,,,,,,,,,17.0
559659,2018,247,0.0,0.0,0.0,1.0,0.0,0.0,1.0,0.0,0.0,0.0,0.0,0.0,0.0,0.0,0.0,0.0,1.0,0.0,0.0,0.0,0.0,1.0,0.0,1.0,0.0,0.0,0.0,0.0,0.0,2.0,150.0,0.0,6250.0,0.0,0.0,0.0,3.0,0.0,12.0,,0.0,,68.0,,11.0,4,Logan Cooke,Mississippi State,SEC,Punter,0.0,0.0,,4.0,,,41.666666666666664,0.0,
559694,2017,117,0.0,0.0,0.0,2.0,0.0,0.0,2.0,0.0,0.0,0.0,0.0,0.0,0.0,0.0,0.0,0.0,0.0,0.0,0.0,0.0,0.0,0.0,0.0,0.0,0.0,0.0,0.0,0.0,0.0,0.0,0.0,0.0,0.0,164.0,30.0,2788.0,0.0,0.0,0.0,,,,,95.0,,3,Josh Reynolds,Texas A&M,SEC,Wide Receiver,,,17.0,,,,,,
559698,2018,197,3.0,3.0,4.5,51.0,0.0,14.5,104.0,0.0,0.0,0.0,2.0,0.0,40.0,0.0,0.0,0.0,0.0,0.0,0.0,0.0,0.0,0.0,0.0,0.0,0.0,0.0,0.0,0.0,0.0,0.0,0.0,0.0,0.0,0.0,0.0,0.0,0.0,0.0,0.0,,,,,,,2,Shaun Dion Hamilton,Alabama,SEC,Inside Linebacker,,,,,,,,,20.0
559716,2019,67,0.0,0.0,0.0,1.0,0.0,0.0,2.0,2.0,1.0,0.0,0.0,0.0,0.0,0.0,0.0,0.0,0.0,0.0,0.0,0.0,0.0,0.0,0.0,0.0,0.0,0.0,2.0,0.0,13.0,0.0,0.0,0.0,0.0,136.0,10.0,1438.0,637.0,23.0,2847.0,,,13.0,,38.0,48.0,4,Jalen Hurd,Tennessee,SEC,Wide Receiver,,,10.573529411764707,4.469387755102041,,6.5,,,
559718,2017,128,0.0,0.0,0.0,0.0,0.0,0.0,0.0,0.0,0.0,0.0,0.0,0.0,0.0,0.0,0.0,0.0,0.0,0.0,0.0,0.0,0.0,0.0,0.0,0.0,0.0,0.0,0.0,0.0,0.0,0.0,0.0,0.0,0.0,104.0,14.0,1608.0,2.0,0.0,11.0,,,,,75.0,20.0,3,Josh Malone,Tennessee,SEC,Wide Receiver,,,15.461538461538462,5.5,,,,,
559721,2018,85,9.0,2.0,0.0,87.0,0.0,9.5,131.0,0.0,0.0,2.0,1.0,0.0,0.0,0.0,0.0,0.0,0.0,0.0,0.0,0.0,0.0,0.0,0.0,0.0,0.0,0.0,0.0,0.0,0.0,0.0,0.0,0.0,0.0,0.0,0.0,0.0,0.0,0.0,0.0,,,,,,,2,Rashaan Gaulden,Tennessee,SEC,Cornerback,,,,,,,,,0.0
559724,2017,14,5.0,16.0,13.0,40.0,0.0,19.0,56.0,0.0,0.0,0.0,1.0,0.0,7.0,0.0,0.0,0.0,0.0,0.0,0.0,0.0,0.0,0.0,0.0,0.0,0.0,0.0,0.0,0.0,0.0,0.0,0.0,0.0,0.0,0.0,0.0,0.0,0.0,0.0,0.0,,,,,,,1,Derek Barnett,Tennessee,SEC,Defensive End,,,,,,,,,7.0
559752,2017,4,0.0,0.0,0.0,1.0,0.0,0.0,1.0,3.0,2.0,0.0,0.0,0.0,0.0,25.0,1.0,625.0,0.0,0.0,0.0,0.0,0.0,1.0,0.0,0.0,0.0,0.0,0.0,0.0,0.0,0.0,0.0,0.0,0.0,41.0,1.0,526.0,616.0,40.0,3830.0,100.0,,,,46.0,89.0,3,Leonard Fournette,LSU,SEC,Running Back,0.0,0.0,12.829268292682928,6.217532467532467,25.0,,,,
559753,2018,256,0.0,0.0,0.0,2.0,0.0,0.0,2.0,0.0,0.0,0.0,0.0,0.0,0.0,5.0,0.0,113.0,0.0,0.0,0.0,0.0,0.0,2.0,1.0,1.0,0.0,34.0,6.0,0.0,20.0,0.0,0.0,0.0,0.0,136.0,13.0,1512.0,3.0,0.0,11.0,32.0,,8.0,,77.0,9.0,3,Trey Quinn,SMU,American Athletic,Wide Receiver,0.5,17.0,11.117647058823529,3.6666666666666665,22.6,3.3333333333333335,,,
559754,2017,247,0.0,0.0,0.0,0.0,0.0,0.0,0.0,0.0,0.0,0.0,0.0,0.0,0.0,0.0,0.0,0.0,0.0,0.0,0.0,0.0,0.0,1.0,0.0,0.0,0.0,0.0,0.0,0.0,0.0,0.0,0.0,0.0,0.0,98.0,14.0,1609.0,0.0,0.0,0.0,,,,,63.0,,3,Malachi Dupre,LSU,SEC,Wide Receiver,0.0,0.0,16.418367346938776,,,,,,
