draft_season,pick,round,team,position_group,pos_drafted,pos_first_overall
1980,1,1,DET,RB,0,
1980,2,1,NYJ,WR,0,
1980,3,1,CIN,OL,0,
1980,4,1,GNB,DL,0,
1980,5,1,BAL,RB,0,
1980,6,1,STL,DL,0,
1980,7,1,ATL,TE,0,
1980,8,1,NYG,DB,0,
1980,9,1,MIN,DL,0,
1980,10,1,SEA,DL,0,
1980,11,1,KAN,OL,0,
1980,12,1,NOR,OL,0,
1980,13,1,SFO,RB,0,
1980,14,1,NWE,DB,0,
1980,15,1,OAK,QB,0,
1980,16,1,BUF,OL,0,
1980,17,1,RAM,DB,0,
1980,18,1,WAS,WR,0,
1980,19,1,CHI,LB,0,
1980,20,1,SFO,DL,0,
1980,21,1,MIA,DB,0,
1980,22,1,TAM,OL,0,
1980,23,1,PHI,DB,0,
1980,24,1,BAL,DB,0,
1980,25,1,NWE,RB,0,
1980,26,1,GNB,LB,0,
1980,27,1,CLE,RB,0,
1980,28,1,PIT,QB,0,
1980,29,2,BUF,RB,0,
1980,30,2,MIN,DB,0,
1980,31,2,CIN,LB,0,
1980,32,2,BAL,OL,0,
1980,33,2,STL,TE,0,
1980,34,2,GNB,DB,0,
1980,35,2,PIT,DL,0,
1980,36,2,ATL,LB,0,
1980,37,2,BUF,QB,0,
1980,38,2,HOU,OL,0,
1980,39,2,SFO,LB,0,
1980,40,2,NYJ,DB,0,
1980,41,2,NOR,DB,0,
1980,42,2,DEN,DL,0,
1980,43,2,OAK,LB,0,
1980,44,2,SEA,OL,0,
1980,45,2,NWE,LB,0,
1980,46,2,CHI,RB,0,
1980,47,2,NYJ,WR,1,2.0
1980,48,2,MIA,OL,0,
1980,49,2,TAM,WR,0,
1980,50,2,RAM,OL,0,
1980,51,2,BAL,OL,1,32.0
1980,52,2,HOU,DL,0,
1980,53,2,PHI,RB,0,
1980,54,2,CLE,DL,0,
1980,55,2,WAS,DL,0,
1980,56,2,PIT,DL,1,35.0
1980,57,3,DET,OL,0,
1980,58,3,RAM,RB,0,
1980,59,3,CIN,DL,0,
1980,60,3,STL,OL,0,
1980,61,3,GNB,OL,0,
1980,62,3,DET,WR,0,
1980,63,3,ATL,DB,0,
1980,64,3,NYG,DL,0,
1980,65,3,SFO,ST,0,
1980,66,3,KAN,RB,0,
1980,67,3,BUF,TE,0,
1980,68,3,MIN,OL,0,
1980,69,3,NYJ,LB,0,
1980,70,3,RAM,DB,1,17.0
1980,71,3,BUF,OL,1,16.0
1980,72,3,CLE,LB,0,
1980,73,3,NWE,DL,0,
1980,74,3,DEN,DB,0,
1980,75,3,MIA,DL,0,
1980,76,3,TAM,LB,0,
1980,77,3,SFO,LB,1,39.0
1980,78,3,DAL,LB,0,
1980,79,3,HOU,WR,0,
1980,80,3,DAL,RB,0,
1980,81,3,STL,LB,0,
1980,82,3,RAM,DL,0,
1980,83,3,PIT,TE,0,
1980,84,4,SFO,DB,0,
1980,85,4,DET,QB,0,
1980,86,4,CIN,OL,1,3.0
1980,87,4,GNB,WR,0,
1980,88,4,BAL,WR,0,
1980,89,4,STL,QB,0,
1980,90,4,NYG,WR,0,
1980,91,4,ATL,LB,1,36.0
1980,92,4,MIN,LB,0,
1980,93,4,BUF,LB,0,
1980,94,4,KAN,LB,0,
1980,95,4,NYJ,DB,1,40.0
1980,96,4,NOR,DB,1,41.0
1980,97,4,SEA,DL,1,10.0
1980,98,4,SFO,LB,1,39.0
1980,99,4,CLE,DL,1,54.0
1980,100,4,MIA,WR,0,
1980,101,4,SDG,QB,0,
1980,102,4,TAM,DB,0,
1980,103,4,CHI,OL,0,
1980,104,4,ATL,RB,0,
1980,105,4,DAL,OL,0,
1980,106,4,HOU,TE,0,
1980,107,4,DEN,RB,0,
1980,108,4,SDG,DB,0,
1980,109,4,CLE,QB,0,
1980,110,4,PIT,DB,0,
1980,111,5,DET,DB,0,
1980,112,5,SFO,DL,1,20.0
1980,113,5,CIN,DB,0,
1980,114,5,KAN,WR,0,
1980,115,5,KAN,DL,0,
1980,116,5,CLE,DL,1,54.0
1980,117,5,ATL,LB,1,36.0
1980,118,5,NYG,DB,1,8.0
1980,119,5,BUF,DB,0,
1980,120,5,DET,OL,1,57.0
1980,121,5,MIN,RB,0,
1980,122,5,MIN,RB,1,121.0
1980,123,5,NYJ,LB,1,69.0
1980,124,5,NWE,DL,1,73.0
1980,125,5,OAK,RB,0,
1980,126,5,OAK,LB,1,43.0
1980,127,5,SEA,RB,0,
1980,128,5,OAK,LB,1,43.0
1980,129,5,BUF,DB,1,119.0
1980,130,5,CHI,OL,1,103.0
1980,131,5,DEN,DB,1,74.0
1980,132,5,SEA,DL,1,10.0
1980,133,5,DAL,QB,0,
1980,134,5,HOU,LB,0,
1980,135,5,PHI,RB,1,53.0
1980,136,5,DEN,DL,1,42.0
1980,137,5,ATL,DB,1,63.0
1980,138,5,PIT,OL,0,
1980,139,6,SFO,DB,1,84.0
1980,140,6,DET,OL,1,57.0
1980,141,6,CIN,DB,1,113.0
1980,142,6,STL,DL,1,6.0
1980,143,6,GNB,OL,1,61.0
1980,144,6,BAL,OL,1,32.0
1980,145,6,NYG,QB,0,
1980,146,6,ATL,DB,1,63.0
1980,147,6,KAN,WR,1,114.0
1980,148,6,MIN,DL,1,9.0
1980,149,6,NYJ,DL,0,
1980,150,6,NOR,LB,0,
1980,151,6,SDG,RB,0,
1980,152,6,NYJ,DL,1,149.0
1980,153,6,SEA,DL,1,10.0
1980,154,6,RAM,RB,1,58.0
1980,155,6,WAS,LB,0,
1980,156,6,CHI,DB,0,
1980,157,6,DEN,OL,0,
1980,158,6,MIA,WR,1,100.0
1980,159,6,CIN,LB,1,31.0
1980,160,6,NWE,WR,0,
1980,161,6,PHI,OL,0,
1980,162,6,DAL,RB,1,80.0
1980,163,6,SDG,LB,0,
1980,164,6,KAN,RB,1,66.0
1980,165,6,PIT,OL,1,138.0
1980,166,7,DET,ST,0,
1980,167,7,CIN,LB,1,31.0
1980,168,7,CIN,DL,1,59.0
1980,169,7,GNB,OL,1,61.0
1980,170,7,BAL,DL,0,
1980,171,7,STL,LB,1,81.0
1980,172,7,ATL,WR,0,
1980,173,7,OAK,WR,0,
1980,174,7,MIN,LB,1,92.0
1980,175,7,SDG,OL,0,
1980,176,7,RAM,DB,1,17.0
1980,177,7,NOR,RB,0,
1980,178,7,NYJ,RB,0,
1980,179,7,NYG,DB,1,8.0
1980,180,7,NWE,OL,0,
1980,181,7,NYG,DL,1,64.0
1980,182,7,HOU,QB,0,
1980,183,7,CHI,WR,0,
1980,184,7,DEN,OL,1,157.0
1980,185,7,MIA,TE,0,
1980,186,7,TAM,OL,1,22.0
1980,187,7,WAS,OL,0,
1980,188,7,PHI,DB,1,23.0
1980,189,7,DAL,RB,1,80.0
1980,190,7,NYJ,RB,1,178.0
1980,191,7,SDG,ST,0,
1980,192,7,RAM,RB,1,58.0
1980,193,7,PIT,WR,0,
1980,194,8,OAK,DB,0,
1980,195,8,BAL,OL,1,32.0
1980,196,8,CIN,RB,0,
1980,197,8,DEN,WR,0,
1980,198,8,STL,DB,0,
1980,199,8,GNB,DB,1,34.0
1980,200,8,NYG,RB,0,
1980,201,8,ATL,LB,1,36.0
1980,202,8,BUF,QB,1,37.0
1980,203,8,KAN,LB,1,94.0
1980,204,8,SEA,DB,0,
1980,205,8,NYJ,LB,1,69.0
1980,206,8,NOR,LB,1,150.0
1980,207,8,SEA,OL,1,44.0
1980,208,8,NWE,TE,0,
1980,209,8,CLE,LB,1,72.0
1980,210,8,SFO,LB,1,39.0
1980,211,8,STL,DL,1,6.0
1980,212,8,MIA,DB,1,21.0
1980,213,8,TAM,DB,1,102.0
1980,214,8,MIA,QB,0,
1980,215,8,CHI,OL,1,103.0
1980,216,8,DAL,LB,1,78.0
1980,217,8,HOU,WR,1,79.0
1980,218,8,PHI,LB,0,
1980,219,8,SDG,RB,1,151.0
1980,220,8,RAM,OL,1,50.0
1980,221,8,PIT,DB,1,110.0
1980,222,9,DET,WR,1,62.0
1980,223,9,DET,DL,0,
1980,224,9,CIN,DB,1,113.0
1980,225,9,STL,DL,1,6.0
1980,226,9,GNB,OL,1,61.0
1980,227,9,BAL,RB,1,5.0
1980,228,9,ATL,OL,0,
1980,229,9,NYG,RB,1,200.0
1980,230,9,KAN,WR,1,114.0
1980,231,9,BUF,DB,1,119.0
1980,232,9,MIN,RB,1,121.0
1980,233,9,NOR,RB,1,177.0
1980,234,9,NYJ,DL,1,149.0
1980,235,9,NWE,LB,1,45.0
1980,236,9,CLE,RB,1,27.0
1980,237,9,SFO,QB,0,
1980,238,9,SEA,OL,1,44.0
1980,239,9,MIA,OL,1,48.0
1980,240,9,TAM,WR,1,49.0
1980,241,9,WAS,WR,1,18.0
1980,242,9,CHI,QB,0,
1980,243,9,DEN,LB,0,
1980,244,9,HOU,RB,0,
1980,245,9,PHI,OL,1,161.0
1980,246,9,DAL,WR,0,
1980,247,9,SDG,RB,1,151.0
1980,248,9,RAM,WR,0,
1980,249,9,PIT,WR,1,193.0
1980,250,10,PIT,DB,1,110.0
1980,251,10,DET,DB,1,111.0
1980,252,10,CIN,ST,0,
1980,253,10,GNB,DB,1,34.0
1980,254,10,BAL,OL,1,32.0
1980,255,10,STL,DL,1,6.0
1980,256,10,NYG,OL,0,
1980,257,10,ATL,DB,1,63.0
1980,258,10,MIN,WR,0,
1980,259,10,BUF,ST,0,
1980,260,10,NYJ,OL,0,
1980,261,10,KAN,OL,1,11.0
1980,262,10,NOR,DL,0,
1980,263,10,CLE,OL,0,
1980,264,10,OAK,DL,0,
1980,265,10,SEA,OL,1,44.0
1980,266,10,NWE,OL,1,180.0
1980,267,10,TAM,LB,1,76.0
1980,268,10,WAS,RB,0,
1980,269,10,CHI,DB,1,156.0
1980,270,10,DEN,WR,1,197.0
1980,271,10,MIA,OL,1,48.0
1980,272,10,MIA,LB,0,
1980,273,10,DAL,DL,0,
1980,274,10,SEA,WR,0,
1980,275,10,TAM,RB,0,
1980,276,10,RAM,OL,1,50.0
1980,277,10,PIT,OL,1,138.0
1980,278,11,DET,DB,1,111.0
1980,279,11,MIA,DL,1,75.0
1980,280,11,BAL,TE,0,
1980,281,11,CIN,WR,0,
1980,282,11,STL,DB,1,198.0
1980,283,11,GNB,LB,1,26.0
1980,284,11,ATL,DB,1,63.0
1980,285,11,NYG,DL,1,64.0
1980,286,11,BUF,DL,0,
1980,287,11,KAN,OL,1,11.0
1980,288,11,MIN,RB,1,121.0
1980,289,11,NOR,RB,1,177.0
1980,290,11,NYJ,LB,1,69.0
1980,291,11,OAK,LB,1,43.0
1980,292,11,SEA,RB,1,127.0
1980,293,11,NWE,ST,0,
1980,294,11,CLE,RB,1,27.0
1980,295,11,WAS,DL,1,55.0
1980,296,11,CHI,DB,1,156.0
1980,297,11,DEN,WR,1,197.0
1980,298,11,PHI,WR,0,
1980,299,11,TAM,DL,0,
1980,300,11,DAL,LB,1,78.0
1980,301,11,HOU,WR,1,79.0
1980,302,11,PHI,DL,0,
1980,303,11,SDG,DL,0,
1980,304,11,RAM,WR,1,248.0
1980,305,11,PIT,RB,0,
1980,306,12,PIT,DB,1,110.0
1980,307,12,DET,RB,1,1.0
1980,308,12,CIN,QB,0,
1980,309,12,STL,WR,0,
1980,310,12,GNB,DB,1,34.0
1980,311,12,BAL,ST,0,
1980,312,12,NYG,ST,0,
1980,313,12,ATL,RB,1,104.0
1980,314,12,KAN,LB,1,94.0
1980,315,12,MIN,DB,1,30.0
1980,316,12,BUF,TE,1,67.0
1980,317,12,NYJ,DB,1,40.0
1980,318,12,NOR,LB,1,150.0
1980,319,12,SEA,DB,1,204.0
1980,320,12,NWE,QB,0,
1980,321,12,CLE,DL,1,54.0
1980,322,12,OAK,WR,1,173.0
1980,323,12,CHI,TE,0,
1980,324,12,BAL,RB,1,5.0
1980,325,12,MIA,OL,1,48.0
1980,326,12,TAM,DB,1,102.0
1980,327,12,WAS,DB,0,
1980,328,12,HOU,WR,1,79.0
1980,329,12,PHI,DB,1,23.0
1980,330,12,DAL,DL,1,273.0
1980,331,12,SDG,WR,0,
1980,332,12,RAM,QB,0,
1980,333,12,PIT,OL,1,138.0
1981,1,1,NOR,RB,0,
1981,2,1,NYG,LB,0,
1981,3,1,NYJ,RB,0,
1981,4,1,SEA,DB,0,
1981,5,1,STL,LB,0,
1981,6,1,GNB,QB,0,
1981,7,1,TAM,LB,0,
1981,8,1,SFO,DB,0,
1981,9,1,RAM,LB,0,
1981,10,1,CIN,WR,0,
1981,11,1,CHI,OL,0,
1981,12,1,BAL,RB,0,
1981,13,1,MIA,RB,0,
1981,14,1,KAN,TE,0,
1981,15,1,DEN,DB,0,
1981,16,1,DET,WR,0,
1981,17,1,PIT,DL,0,
1981,18,1,BAL,DL,0,
1981,19,1,NWE,OL,0,
1981,20,1,WAS,OL,0,
1981,21,1,OAK,DB,0,
1981,22,1,CLE,DB,0,
1981,23,1,OAK,OL,0,
1981,24,1,SDG,RB,0,
1981,25,1,ATL,DB,0,
1981,26,1,DAL,OL,0,
1981,27,1,PHI,DL,0,
1981,28,1,BUF,RB,0,
1981,29,2,NOR,DB,0,
1981,30,2,NYJ,RB,1,3.0
1981,31,2,SEA,RB,0,
1981,32,2,NYG,TE,0,
1981,33,2,STL,QB,0,
1981,34,2,TAM,RB,0,
1981,35,2,GNB,TE,0,
1981,36,2,SFO,DL,0,
1981,37,2,CIN,WR,1,10.0
1981,38,2,CHI,LB,0,
1981,39,2,MIN,WR,0,
1981,40,2,SFO,DB,1,8.0
1981,41,2,KAN,RB,0,
1981,42,2,DEN,TE,0,
1981,43,2,RAM,LB,1,9.0
1981,44,2,PIT,DB,0,
1981,45,2,MIN,LB,0,
1981,46,2,DET,DL,0,
1981,47,2,NWE,RB,0,
1981,48,2,OAK,DL,0,
1981,49,2,BUF,DB,0,
1981,50,2,BUF,WR,0,
1981,51,2,NOR,LB,0,
1981,52,2,MIN,RB,0,
1981,53,2,DAL,WR,0,
1981,54,2,ATL,LB,0,
1981,55,2,PHI,OL,0,
1981,56,2,MIA,RB,1,13.0
1981,57,3,NOR,DL,0,
1981,58,3,SEA,OL,0,
1981,59,3,NYG,WR,0,
1981,60,3,NYJ,DL,0,
1981,61,3,STL,DB,0,
1981,62,3,GNB,ST,0,
1981,63,3,RAM,DL,0,
1981,64,3,CIN,DB,0,
1981,65,3,SFO,DB,1,8.0
1981,66,3,RAM,DL,1,63.0
1981,67,3,CHI,WR,0,
1981,68,3,BAL,OL,0,
1981,69,3,WAS,OL,1,20.0
1981,70,3,KAN,TE,1,14.0
1981,71,3,NOR,TE,0,
1981,72,3,DET,OL,0,
1981,73,3,PIT,OL,0,
1981,74,3,MIN,OL,0,
1981,75,3,KAN,OL,0,
1981,76,3,BUF,WR,1,50.0
1981,77,3,SDG,DB,0,
1981,78,3,KAN,DB,0,
1981,79,3,HOU,WR,0,
1981,80,3,ATL,DB,1,25.0
1981,81,3,DAL,OL,1,26.0
1981,82,3,PHI,TE,0,
1981,83,3,BUF,DL,0,
1981,84,4,MIA,WR,0,
1981,85,4,NYG,RB,0,
1981,86,4,NYJ,LB,0,
1981,87,4,SEA,WR,0,
1981,88,4,STL,WR,0,
1981,89,4,TAM,DB,0,
1981,90,4,WAS,QB,0,
1981,91,4,DAL,LB,0,
1981,92,4,CLE,DL,0,
1981,93,4,CIN,LB,0,
1981,94,4,BAL,TE,0,
1981,95,4,CHI,DB,0,
1981,96,4,MIA,QB,0,
1981,97,4,KAN,WR,0,
1981,98,4,DEN,QB,0,
1981,99,4,DET,WR,1,16.0
1981,100,4,PIT,WR,0,
1981,101,4,MIN,DB,0,
1981,102,4,NWE,LB,0,
1981,103,4,SDG,RB,1,24.0
1981,104,4,RAM,OL,0,
1981,105,4,GNB,DL,0,
1981,106,4,HOU,OL,0,
1981,107,4,SDG,TE,0,
1981,108,4,DAL,LB,1,91.0
1981,109,4,ATL,OL,0,
1981,110,4,PHI,RB,0,
1981,111,4,OAK,DL,1,48.0
1981,112,5,NOR,OL,0,
1981,113,5,NYJ,DL,1,60.0
1981,114,5,SEA,OL,1,58.0
1981,115,5,NYG,DL,0,
1981,116,5,STL,LB,1,5.0
1981,117,5,GNB,DL,1,105.0
1981,118,5,OAK,DB,1,21.0
1981,119,5,WAS,DL,0,
1981,120,5,CIN,TE,0,
1981,121,5,SFO,DB,1,8.0
1981,122,5,SFO,RB,0,
1981,123,5,MIN,DL,0,
1981,124,5,KAN,OL,1,75.0
1981,125,5,DEN,OL,0,
1981,126,5,MIA,DL,0,
1981,127,5,PIT,WR,1,100.0
1981,128,5,NOR,DL,1,57.0
1981,129,5,DET,OL,1,72.0
1981,130,5,NWE,DL,0,
1981,131,5,SDG,DL,0,
1981,132,5,WAS,OL,1,20.0
1981,133,5,HOU,LB,0,
1981,134,5,CLE,ST,0,
1981,135,5,BUF,DL,1,83.0
1981,136,5,ATL,OL,1,109.0
1981,137,5,DAL,LB,1,91.0
1981,138,5,MIA,RB,1,13.0
1981,139,6,NOR,OL,1,112.0
1981,140,6,SEA,DL,0,
1981,141,6,SDG,OL,0,
1981,142,6,NYJ,LB,1,86.0
1981,143,6,STL,LB,1,5.0
1981,144,6,NOR,DB,1,29.0
1981,145,6,NYG,WR,1,59.0
1981,146,6,CIN,ST,0,
1981,147,6,SFO,DL,1,36.0
1981,148,6,WAS,LB,0,
1981,149,6,BAL,DL,1,18.0
1981,150,6,CHI,DB,1,95.0
1981,151,6,DEN,RB,0,
1981,152,6,MIA,DL,1,126.0
1981,153,6,KAN,DL,0,
1981,154,6,MIA,DB,0,
1981,155,6,DET,DB,0,
1981,156,6,PIT,LB,0,
1981,157,6,NWE,OL,1,19.0
1981,158,6,RAM,DL,1,63.0
1981,159,6,HOU,DB,0,
1981,160,6,CLE,DL,1,92.0
1981,161,6,BUF,WR,1,50.0
1981,162,6,SDG,WR,0,
1981,163,6,DAL,DB,0,
1981,164,6,ATL,DL,0,
1981,165,6,NYG,RB,1,85.0
1981,166,6,NOR,LB,1,51.0
1981,167,7,NOR,WR,0,
1981,168,7,NYG,RB,1,85.0
1981,169,7,NYJ,DL,1,60.0
1981,170,7,SEA,WR,1,87.0
1981,171,7,STL,DB,1,61.0
1981,172,7,GNB,DB,0,
1981,173,7,DAL,DB,1,163.0
1981,174,7,PHI,ST,0,
1981,175,7,RAM,TE,0,
1981,176,7,CIN,LB,1,93.0
1981,177,7,CHI,DB,1,95.0
1981,178,7,BAL,ST,0,
1981,179,7,MIA,OL,0,
1981,180,7,KAN,RB,1,41.0
1981,181,7,DEN,LB,0,
1981,182,7,DET,OL,1,72.0
1981,183,7,PIT,LB,1,156.0
1981,184,7,MIN,RB,1,52.0
1981,185,7,NWE,WR,0,
1981,186,7,SEA,TE,0,
1981,187,7,CLE,LB,0,
1981,188,7,BUF,LB,0,
1981,189,7,SDG,TE,1,107.0
1981,190,7,RAM,DL,1,63.0
1981,191,7,DAL,DB,1,163.0
1981,192,7,PHI,LB,0,
1981,193,7,HOU,DB,1,159.0
1981,194,8,NWE,ST,0,
1981,195,8,NYJ,WR,0,
1981,196,8,SEA,RB,1,31.0
1981,197,8,NYG,OL,0,
1981,198,8,STL,WR,1,88.0
1981,199,8,TAM,OL,0,
1981,200,8,GNB,LB,0,
1981,201,8,WAS,WR,0,
1981,202,8,CIN,DB,1,64.0
1981,203,8,SFO,RB,1,122.0
1981,204,8,BAL,DB,0,
1981,205,8,CHI,DL,0,
1981,206,8,KAN,WR,1,97.0
1981,207,8,NYG,QB,0,
1981,208,8,MIA,DB,1,154.0
1981,209,8,PIT,TE,0,
1981,210,8,MIN,QB,0,
1981,211,8,DET,TE,0,
1981,212,8,NWE,TE,0,
1981,213,8,NYJ,DB,0,
1981,214,8,NOR,LB,1,51.0
1981,215,8,NOR,DB,1,29.0
1981,216,8,RAM,OL,1,104.0
1981,217,8,HOU,DB,1,159.0
1981,218,8,DAL,LB,1,91.0
1981,219,8,ATL,DB,1,25.0
1981,220,8,BAL,DL,1,18.0
1981,221,8,NYG,OL,1,197.0
1981,222,9,NOR,RB,1,1.0
1981,223,9,SEA,RB,1,31.0
1981,224,9,NYG,LB,1,2.0
1981,225,9,NYJ,DB,1,213.0
1981,226,9,STL,RB,0,
1981,227,9,GNB,OL,0,
1981,228,9,TAM,QB,0,
1981,229,9,CIN,OL,0,
1981,230,9,CIN,RB,0,
1981,231,9,WAS,DL,1,119.0
1981,232,9,CHI,OL,1,11.0
1981,233,9,BAL,DL,1,18.0
1981,234,9,DEN,DL,0,
1981,235,9,MIA,WR,1,84.0
1981,236,9,SEA,WR,1,87.0
1981,237,9,KAN,DB,1,78.0
1981,238,9,DET,DB,1,155.0
1981,239,9,PIT,DL,1,17.0
1981,240,9,DET,DB,1,155.0
1981,241,9,BUF,RB,1,28.0
1981,242,9,RAM,LB,1,9.0
1981,243,9,HOU,LB,1,133.0
1981,244,9,CLE,OL,0,
1981,245,9,ATL,RB,0,
1981,246,9,DAL,WR,1,53.0
1981,247,9,PHI,OL,1,55.0
1981,248,9,OAK,OL,1,23.0
1981,249,10,NOR,RB,1,1.0
1981,250,10,NYG,DL,1,115.0
1981,251,10,NYJ,LB,1,86.0
1981,252,10,SEA,RB,1,31.0
1981,253,10,STL,WR,1,88.0
1981,254,10,TAM,DL,0,
1981,255,10,GNB,QB,1,6.0
1981,256,10,BAL,LB,0,
1981,257,10,WAS,QB,1,90.0
1981,258,10,CIN,RB,1,230.0
1981,259,10,BAL,DB,1,204.0
1981,260,10,CHI,QB,0,
1981,261,10,MIA,TE,0,
1981,262,10,KAN,OL,1,75.0
1981,263,10,STL,WR,1,88.0
1981,264,10,DET,LB,0,
1981,265,10,PIT,DB,1,44.0
1981,266,10,MIN,WR,1,39.0
1981,267,10,WAS,OL,1,20.0
1981,268,10,SDG,RB,1,24.0
1981,269,10,RAM,RB,0,
1981,270,10,HOU,RB,0,
1981,271,10,CLE,DL,1,92.0
1981,272,10,BUF,OL,0,
1981,273,10,DAL,DL,0,
1981,274,10,ATL,DB,1,25.0
1981,275,10,PHI,RB,1,110.0
1981,276,10,OAK,RB,0,
1981,277,11,NOR,WR,1,167.0
1981,278,11,NYJ,DL,1,60.0
1981,279,11,SEA,RB,1,31.0
1981,280,11,SDG,OL,1,141.0
1981,281,11,STL,TE,0,
1981,282,11,GNB,LB,1,200.0
1981,283,11,TAM,DB,1,89.0
1981,284,11,WAS,WR,1,201.0
1981,285,11,CIN,DB,1,64.0
1981,286,11,SFO,TE,0,
1981,287,11,CHI,RB,0,
1981,288,11,BAL,WR,0,
1981,289,11,KAN,DL,1,153.0
1981,290,11,DEN,WR,0,
1981,291,11,MIA,WR,1,84.0
1981,292,11,PIT,QB,0,
1981,293,11,MIN,OL,1,74.0
1981,294,11,DET,DB,1,155.0
1981,295,11,NWE,QB,0,
1981,296,11,RAM,DB,0,
1981,297,11,HOU,OL,1,106.0
1981,298,11,CLE,DB,1,22.0
1981,299,11,BUF,TE,0,
1981,300,11,SDG,LB,0,
1981,301,11,ATL,WR,0,
1981,302,11,DAL,OL,1,26.0
1981,303,11,PHI,OL,1,55.0
1981,304,11,OAK,RB,1,276.0
1981,305,12,NOR,DL,1,57.0
1981,306,12,SEA,DL,1,140.0
1981,307,12,NYG,TE,1,32.0
1981,308,12,NYJ,OL,0,
1981,309,12,STL,OL,0,
1981,310,12,TAM,DL,1,254.0
1981,311,12,GNB,LB,1,200.0
1981,312,12,CIN,QB,0,
1981,313,12,SFO,RB,1,122.0
1981,314,12,WAS,TE,0,
1981,315,12,BAL,LB,1,256.0
1981,316,12,CHI,LB,1,38.0
1981,317,12,DEN,LB,1,181.0
1981,318,12,MIA,DL,1,126.0
1981,319,12,KAN,QB,0,
1981,320,12,MIN,TE,0,
1981,321,12,DEN,RB,1,151.0
1981,322,12,SFO,QB,0,
1981,323,12,NWE,DB,0,
1981,324,12,HOU,ST,0,
1981,325,12,CLE,OL,1,244.0
1981,326,12,BUF,LB,1,188.0
1981,327,12,SDG,WR,1,162.0
1981,328,12,RAM,RB,1,269.0
1981,329,12,DAL,WR,1,53.0
1981,330,12,ATL,DB,1,25.0
1981,331,12,PHI,DB,0,
1981,332,12,OAK,TE,0,
1982,1,1,NWE,DL,0,
1982,2,1,BAL,LB,0,
1982,3,1,CLE,LB,0,
1982,4,1,BAL,QB,0,
1982,5,1,CHI,QB,0,
1982,6,1,SEA,DL,0,
1982,7,1,MIN,RB,0,
1982,8,1,HOU,OL,0,
1982,9,1,ATL,RB,0,
1982,10,1,RAI,RB,0,
1982,11,1,KAN,WR,0,
1982,12,1,PIT,RB,0,
1982,13,1,NOR,WR,0,
1982,14,1,RAM,RB,0,
1982,15,1,DET,LB,0,
1982,16,1,STL,OL,0,
1982,17,1,TAM,OL,0,
1982,18,1,NYG,RB,0,
1982,19,1,BUF,WR,0,
1982,20,1,PHI,WR,0,
1982,21,1,DEN,RB,0,
1982,22,1,GNB,OL,0,
1982,23,1,NYJ,LB,0,
1982,24,1,MIA,OL,0,
1982,25,1,DAL,DB,0,
1982,26,1,CIN,DL,0,
1982,27,1,NWE,DL,1,1.0
1982,28,2,BAL,DL,0,
1982,29,2,SFO,OL,0,
1982,30,2,NOR,OL,0,
1982,31,2,CLE,DL,0,
1982,32,2,TAM,DL,0,
1982,33,2,SEA,LB,0,
1982,34,2,BAL,ST,0,
1982,35,2,RAI,LB,0,
1982,36,2,ATL,DL,0,
1982,37,2,RAI,OL,0,
1982,38,2,STL,DL,0,
1982,39,2,MIN,OL,0,
1982,40,2,NWE,RB,0,
1982,41,2,NWE,LB,0,
1982,42,2,DET,DB,0,
1982,43,2,PIT,OL,0,
1982,44,2,HOU,QB,0,
1982,45,2,NYG,RB,1,18.0
1982,46,2,KAN,LB,0,
1982,47,2,PHI,TE,0,
1982,48,2,BUF,QB,0,
1982,49,2,WAS,DB,0,
1982,50,2,DEN,WR,0,
1982,51,2,NYJ,OL,0,
1982,52,2,MIA,WR,0,
1982,53,2,DAL,LB,0,
1982,54,2,CIN,DL,1,26.0
1982,55,2,NWE,OL,0,
1982,56,3,NWE,WR,0,
1982,57,3,BAL,DB,0,
1982,58,3,NOR,DB,0,
1982,59,3,BUF,LB,0,
1982,60,3,NWE,LB,1,41.0
1982,61,3,WAS,WR,0,
1982,62,3,CHI,TE,0,
1982,63,3,ATL,WR,0,
1982,64,3,RAI,DB,0,
1982,65,3,STL,DB,0,
1982,66,3,NOR,WR,1,13.0
1982,67,3,RAM,OL,0,
1982,68,3,NOR,WR,1,13.0
1982,69,3,DET,LB,1,15.0
1982,70,3,PIT,LB,0,
1982,71,3,GNB,RB,0,
1982,72,3,HOU,RB,0,
1982,73,3,STL,LB,0,
1982,74,3,TAM,TE,0,
1982,75,3,SEA,TE,0,
1982,76,3,NOR,DB,1,58.0
1982,77,3,HOU,LB,0,
1982,78,3,PHI,TE,1,47.0
1982,79,3,NYJ,RB,0,
1982,80,3,MIA,DB,0,
1982,81,3,DAL,LB,1,53.0
1982,82,3,CIN,TE,0,
1982,83,3,TAM,DL,1,32.0
1982,84,4,BAL,QB,1,4.0
1982,85,4,NWE,DL,1,1.0
1982,86,4,NOR,ST,0,
1982,87,4,CLE,RB,0,
1982,88,4,RAM,LB,0,
1982,89,4,CHI,WR,0,
1982,90,4,STL,OL,1,16.0
1982,91,4,RAI,OL,1,37.0
1982,92,4,MIN,LB,0,
1982,93,4,BUF,RB,0,
1982,94,4,HOU,WR,0,
1982,95,4,ATL,RB,1,9.0
1982,96,4,DET,DB,1,42.0
1982,97,4,PIT,DB,0,
1982,98,4,GNB,DL,0,
1982,99,4,WAS,DL,0,
1982,100,4,KAN,LB,1,46.0
1982,101,4,DAL,DB,1,25.0
1982,102,4,NYG,OL,0,
1982,103,4,TAM,RB,0,
1982,104,4,KAN,LB,1,46.0
1982,105,4,PHI,LB,0,
1982,106,4,DEN,WR,1,50.0
1982,107,4,NYJ,DB,0,
1982,108,4,MIA,LB,0,
1982,109,4,DAL,DB,1,25.0
1982,110,4,CIN,RB,0,
1982,111,4,NWE,LB,1,41.0
1982,112,5,NWE,DB,0,
1982,113,5,BAL,OL,0,
1982,114,5,NOR,DL,0,
1982,115,5,CLE,OL,0,
1982,116,5,CHI,OL,0,
1982,117,5,RAM,OL,1,67.0
1982,118,5,RAM,DL,0,
1982,119,5,STL,DB,1,65.0
1982,120,5,MIA,DL,0,
1982,121,5,HOU,DL,0,
1982,122,5,ATL,DB,0,
1982,123,5,RAI,LB,1,35.0
1982,124,5,PIT,OL,1,43.0
1982,125,5,STL,RB,0,
1982,126,5,GNB,RB,1,71.0
1982,127,5,DET,DB,1,42.0
1982,128,5,TAM,LB,0,
1982,129,5,NYG,OL,1,102.0
1982,130,5,KAN,RB,0,
1982,131,5,DEN,RB,1,21.0
1982,132,5,PHI,DB,0,
1982,133,5,WAS,TE,0,
1982,134,5,CHI,DB,0,
1982,135,5,NYJ,LB,1,23.0
1982,136,5,MIA,RB,0,
1982,137,5,DAL,OL,0,
1982,138,5,CIN,DB,0,
1982,139,5,SFO,RB,0,
1982,140,6,BAL,TE,0,
1982,141,6,NWE,DB,1,112.0
1982,142,6,NOR,RB,0,
1982,143,6,DAL,OL,1,137.0
1982,144,6,SEA,OL,0,
1982,145,6,RAM,TE,0,
1982,146,6,CHI,OL,1,116.0
1982,147,6,MIN,LB,1,92.0
1982,148,6,HOU,RB,1,72.0
1982,149,6,ATL,QB,0,
1982,150,6,STL,LB,1,73.0
1982,151,6,SFO,RB,1,139.0
1982,152,6,GNB,LB,0,
1982,153,6,WAS,LB,0,
1982,154,6,DET,QB,0,
1982,155,6,PIT,DL,0,
1982,156,6,NYG,LB,0,
1982,157,6,KAN,DB,0,
1982,158,6,TAM,WR,0,
1982,159,6,PHI,WR,1,20.0
1982,160,6,BUF,TE,0,
1982,161,6,MIA,DB,1,80.0
1982,162,6,CLE,DB,0,
1982,163,6,NYJ,WR,0,
1982,164,6,MIA,LB,1,108.0
1982,165,6,DAL,DL,0,
1982,166,6,CIN,DL,1,26.0
1982,167,6,PIT,LB,1,70.0
1982,168,7,NWE,LB,1,41.0
1982,169,7,BAL,DL,1,28.0
1982,170,7,MIA,TE,0,
1982,171,7,BUF,ST,0,
1982,172,7,PIT,DL,1,155.0
1982,173,7,CHI,DL,0,
1982,174,7,SEA,LB,1,33.0
1982,175,7,DET,RB,0,
1982,176,7,ATL,RB,1,9.0
1982,177,7,RAI,DL,0,
1982,178,7,STL,OL,1,16.0
1982,179,7,MIN,TE,0,
1982,180,7,WAS,LB,1,153.0
1982,181,7,RAM,OL,1,67.0
1982,182,7,PIT,OL,1,43.0
1982,183,7,GNB,DB,0,
1982,184,7,KAN,DL,0,
1982,185,7,TAM,DB,0,
1982,186,7,NYG,OL,1,102.0
1982,187,7,DET,WR,0,
1982,188,7,SDG,DB,0,
1982,189,7,DEN,DL,0,
1982,190,7,PHI,DL,0,
1982,191,7,NYJ,TE,0,
1982,192,7,MIA,RB,1,136.0
1982,193,7,DAL,DL,1,165.0
1982,194,7,CIN,LB,0,
1982,195,7,SFO,LB,0,
1982,196,8,BAL,OL,1,113.0
1982,197,8,NWE,LB,1,41.0
1982,198,8,NOR,OL,1,30.0
1982,199,8,CLE,DB,1,162.0
1982,200,8,CHI,OL,1,116.0
1982,201,8,SEA,WR,0,
1982,202,8,RAM,RB,1,14.0
1982,203,8,ATL,DB,1,122.0
1982,204,8,CLE,TE,0,
1982,205,8,STL,DL,1,38.0
1982,206,8,MIN,LB,1,92.0
1982,207,8,RAM,LB,1,88.0
1982,208,8,DET,DL,0,
1982,209,8,PIT,ST,0,
1982,210,8,GNB,LB,1,152.0
1982,211,8,CLE,DB,1,162.0
1982,212,8,TAM,LB,1,128.0
1982,213,8,NYG,TE,0,
1982,214,8,KAN,ST,0,
1982,215,8,SDG,ST,0,
1982,216,8,DAL,RB,0,
1982,217,8,PHI,OL,0,
1982,218,8,BUF,QB,1,48.0
1982,219,8,NYJ,RB,1,79.0
1982,220,8,MIA,DB,1,80.0
1982,221,8,DAL,RB,1,216.0
1982,222,8,CIN,OL,0,
1982,223,8,WAS,DL,1,99.0
1982,224,9,NWE,WR,1,56.0
1982,225,9,BAL,OL,1,113.0
1982,226,9,WAS,DB,1,49.0
1982,227,9,CLE,TE,1,204.0
1982,228,9,SEA,LB,1,33.0
1982,229,9,RAM,OL,1,67.0
1982,230,9,CHI,DB,1,134.0
1982,231,9,DET,DB,1,42.0
1982,232,9,STL,LB,1,73.0
1982,233,9,MIN,DB,0,
1982,234,9,HOU,DB,0,
1982,235,9,ATL,ST,0,
1982,236,9,PIT,TE,0,
1982,237,9,GNB,DL,1,98.0
1982,238,9,WAS,DL,1,99.0
1982,239,9,MIA,OL,1,24.0
1982,240,9,NYG,DB,0,
1982,241,9,KAN,OL,0,
1982,242,9,TAM,QB,0,
1982,243,9,DEN,OL,0,
1982,244,9,PHI,WR,1,20.0
1982,245,9,BUF,DL,0,
1982,246,9,SDG,DL,0,
1982,247,9,NYJ,TE,1,191.0
1982,248,9,MIA,RB,1,136.0
1982,249,9,DAL,DL,1,165.0
1982,250,9,CIN,WR,0,
1982,251,9,SFO,QB,0,
1982,252,10,BAL,DB,1,57.0
1982,253,10,NWE,ST,0,
1982,254,10,WAS,DL,1,99.0
1982,255,10,CLE,RB,1,87.0
1982,256,10,RAM,DB,0,
1982,257,10,CHI,DB,1,134.0
1982,258,10,SEA,LB,1,33.0
1982,259,10,STL,TE,0,
1982,260,10,MIN,WR,0,
1982,261,10,HOU,QB,1,44.0
1982,262,10,ATL,LB,0,
1982,263,10,RAI,LB,1,35.0
1982,264,10,GNB,ST,0,
1982,265,10,WAS,DB,1,49.0
1982,266,10,DET,LB,1,15.0
1982,267,10,PIT,LB,1,70.0
1982,268,10,KAN,WR,1,11.0
1982,269,10,SFO,DB,0,
1982,270,10,NYG,OL,1,102.0
1982,271,10,MIA,LB,1,108.0
1982,272,10,BUF,DB,0,
1982,273,10,SDG,DB,1,188.0
1982,274,10,DEN,LB,0,
1982,275,10,NYJ,DB,1,107.0
1982,276,10,MIA,OL,1,24.0
1982,277,10,DAL,OL,1,137.0
1982,278,10,CIN,DB,1,138.0
1982,279,10,SFO,DL,0,
1982,280,11,BAL,DB,1,57.0
1982,281,11,WAS,ST,0,
1982,282,11,CLE,QB,0,
1982,283,11,CHI,LB,0,
1982,284,11,SEA,DL,1,6.0
1982,285,11,RAM,WR,0,
1982,286,11,MIN,OL,1,39.0
1982,287,11,HOU,TE,0,
1982,288,11,ATL,WR,1,63.0
1982,289,11,RAI,WR,0,
1982,290,11,STL,DL,1,38.0
1982,291,11,WAS,QB,0,
1982,292,11,DET,WR,1,187.0
1982,293,11,PIT,OL,1,43.0
1982,294,11,GNB,OL,1,22.0
1982,295,11,DAL,WR,0,
1982,296,11,NWE,QB,0,
1982,297,11,KAN,WR,1,11.0
1982,298,11,BUF,OL,0,
1982,299,11,SDG,DB,1,188.0
1982,300,11,DEN,OL,1,243.0
1982,301,11,PHI,WR,1,20.0
1982,302,11,NYJ,WR,1,163.0
1982,303,11,MIA,OL,1,24.0
1982,304,11,DAL,RB,1,216.0
1982,305,11,CIN,RB,1,110.0
1982,306,11,SFO,LB,1,195.0
1982,307,12,BAL,RB,0,
1982,308,12,NWE,RB,1,40.0
1982,309,12,WAS,OL,0,
1982,310,12,CLE,LB,1,3.0
1982,311,12,SEA,OL,1,144.0
1982,312,12,RAM,DL,1,118.0
1982,313,12,CHI,LB,1,283.0
1982,314,12,HOU,RB,1,72.0
1982,315,12,ATL,LB,1,262.0
1982,316,12,RAI,WR,1,289.0
1982,317,12,STL,ST,0,
1982,318,12,MIN,RB,1,7.0
1982,319,12,DET,RB,1,175.0
1982,320,12,PIT,DL,1,155.0
1982,321,12,GNB,WR,0,
1982,322,12,WAS,LB,1,153.0
1982,323,12,NYG,DL,0,
1982,324,12,KAN,DB,1,157.0
1982,325,12,TAM,RB,1,103.0
1982,326,12,DET,TE,0,
1982,327,12,DEN,OL,1,243.0
1982,328,12,PHI,OL,1,217.0
1982,329,12,BUF,DL,1,245.0
1982,330,12,NYJ,OL,1,51.0
1982,331,12,MIA,WR,1,52.0
1982,332,12,DAL,OL,1,137.0
1982,333,12,CIN,QB,0,
1982,334,12,SFO,DB,1,269.0
1983,1,1,BAL,QB,0,
1983,2,1,RAM,RB,0,
1983,3,1,SEA,RB,0,
1983,4,1,DEN,OL,0,
1983,5,1,SDG,LB,0,
1983,6,1,CHI,OL,0,
1983,7,1,KAN,QB,0,
1983,8,1,PHI,RB,0,
1983,9,1,HOU,OL,0,
1983,10,1,NYG,DB,0,
1983,11,1,GNB,DB,0,
1983,12,1,BUF,TE,0,
1983,13,1,DET,RB,0,
1983,14,1,BUF,QB,0,
1983,15,1,NWE,QB,0,
1983,16,1,ATL,DL,0,
1983,17,1,STL,DB,0,
1983,18,1,CHI,WR,0,
1983,19,1,MIN,DB,0,
1983,20,1,SDG,RB,0,
1983,21,1,PIT,DL,0,
1983,22,1,SDG,DB,0,
1983,23,1,DAL,DL,0,
1983,24,1,NYJ,QB,0,
1983,25,1,CIN,OL,0,
1983,26,1,RAI,OL,0,
1983,27,1,MIA,QB,0,
1983,28,1,WAS,DB,0,
1983,29,2,BAL,LB,0,
1983,30,2,HOU,OL,1,9.0
1983,31,2,DEN,OL,1,4.0
1983,32,2,RAM,WR,0,
1983,33,2,CHI,DB,0,
1983,34,2,KAN,OL,0,
1983,35,2,PHI,DB,0,
1983,36,2,RAM,LB,0,
1983,37,2,NYG,DL,0,
1983,38,2,NOR,OL,0,
1983,39,2,BUF,LB,0,
1983,40,2,DET,OL,0,
1983,41,2,CLE,WR,0,
1983,42,2,HOU,DB,0,
1983,43,2,ATL,DB,0,
1983,44,2,STL,DB,1,17.0
1983,45,2,TAM,OL,0,
1983,46,2,PHI,LB,0,
1983,47,2,NWE,WR,0,
1983,48,2,GNB,OL,0,
1983,49,2,SFO,RB,0,
1983,50,2,DAL,LB,0,
1983,51,2,NYJ,RB,0,
1983,52,2,PIT,WR,0,
1983,53,2,CIN,DB,0,
1983,54,2,RAI,DL,0,
1983,55,2,MIA,DL,0,
1983,56,2,WAS,RB,0,
1983,57,3,BAL,DL,0,
1983,58,3,HOU,LB,0,
1983,59,3,SFO,LB,0,
1983,60,3,DEN,WR,0,
1983,61,3,KAN,DB,0,
1983,62,3,PHI,WR,0,
1983,63,3,NYG,TE,0,
1983,64,3,CHI,DB,1,33.0
1983,65,3,NOR,TE,0,
1983,66,3,NOR,RB,0,
1983,67,3,DET,LB,0,
1983,68,3,CLE,DL,0,
1983,69,3,HOU,TE,0,
1983,70,3,NYG,OL,0,
1983,71,3,STL,DL,0,
1983,72,3,TAM,DB,0,
1983,73,3,MIN,LB,0,
1983,74,3,NWE,WR,1,47.0
1983,75,3,ATL,DL,1,16.0
1983,76,3,MIA,DL,1,55.0
1983,77,3,DAL,DL,1,23.0
1983,78,3,NYJ,WR,0,
1983,79,3,PIT,LB,0,
1983,80,3,NWE,OL,0,
1983,81,3,CIN,DB,1,53.0
1983,82,3,RAI,LB,0,
1983,83,3,HOU,DB,1,42.0
1983,84,3,WAS,DL,0,
1983,85,4,BAL,WR,0,
1983,86,4,HOU,DB,1,42.0
1983,87,4,RAM,ST,0,
1983,88,4,HOU,TE,1,69.0
1983,89,4,PHI,RB,1,8.0
1983,90,4,SFO,DB,0,
1983,91,4,CHI,OL,1,6.0
1983,92,4,KAN,TE,0,
1983,93,4,BUF,TE,1,12.0
1983,94,4,DET,LB,1,67.0
1983,95,4,SDG,DB,1,22.0
1983,96,4,STL,DL,1,71.0
1983,97,4,RAM,DB,0,
1983,98,4,NOR,DL,0,
1983,99,4,TAM,OL,1,45.0
1983,100,4,MIN,RB,0,
1983,101,4,NWE,LB,0,
1983,102,4,ATL,LB,0,
1983,103,4,STL,DB,1,17.0
1983,104,4,GNB,WR,0,
1983,105,4,NYJ,TE,0,
1983,106,4,PIT,DB,0,
1983,107,4,CHI,TE,0,
1983,108,4,DAL,TE,0,
1983,109,4,CIN,LB,0,
1983,110,4,RAI,DL,1,54.0
1983,111,4,RAM,DL,0,
1983,112,4,BUF,DL,0,
1983,113,5,BAL,OL,0,
1983,114,5,HOU,RB,0,
1983,115,5,DET,DB,0,
1983,116,5,DEN,LB,0,
1983,117,5,SFO,LB,1,59.0
1983,118,5,NWE,DL,0,
1983,119,5,KAN,ST,0,
1983,120,5,PHI,DL,0,
1983,121,5,DET,OL,1,40.0
1983,122,5,CLE,OL,0,
1983,123,5,SEA,WR,0,
1983,124,5,NYG,TE,1,63.0
1983,125,5,DEN,DB,0,
1983,126,5,BUF,DB,0,
1983,127,5,MIN,LB,1,73.0
1983,128,5,NWE,TE,0,
1983,129,5,ATL,OL,0,
1983,130,5,STL,WR,0,
1983,131,5,TAM,DL,0,
1983,132,5,GNB,RB,0,
1983,133,5,PIT,WR,1,52.0
1983,134,5,RAM,WR,1,32.0
1983,135,5,DAL,RB,0,
1983,136,5,NYJ,DL,0,
1983,137,5,CIN,QB,0,
1983,138,5,RAI,WR,0,
1983,139,5,HOU,DL,0,
1983,140,5,PIT,WR,1,52.0
1983,141,6,SDG,WR,0,
1983,142,6,HOU,DB,1,42.0
1983,143,6,DEN,DB,1,125.0
1983,144,6,RAM,OL,0,
1983,145,6,CLE,TE,0,
1983,146,6,KAN,OL,1,34.0
1983,147,6,PHI,WR,1,62.0
1983,148,6,TAM,WR,0,
1983,149,6,CLE,DL,1,68.0
1983,150,6,SEA,RB,1,3.0
1983,151,6,NYG,LB,0,
1983,152,6,CIN,LB,1,109.0
1983,153,6,NYG,OL,1,70.0
1983,154,6,DET,WR,0,
1983,155,6,NWE,ST,0,
1983,156,6,ATL,WR,0,
1983,157,6,STL,DB,1,17.0
1983,158,6,TAM,OL,1,45.0
1983,159,6,MIN,WR,0,
1983,160,6,GNB,OL,1,48.0
1983,161,6,BAL,OL,1,113.0
1983,162,6,DAL,QB,0,
1983,163,6,NYJ,RB,1,51.0
1983,164,6,PIT,DB,1,106.0
1983,165,6,CIN,RB,0,
1983,166,6,WAS,OL,0,
1983,167,6,MIA,ST,0,
1983,168,6,WAS,QB,0,
1983,169,7,BAL,RB,0,
1983,170,7,HOU,WR,0,
1983,171,7,RAM,WR,1,32.0
1983,172,7,DEN,DB,1,125.0
1983,173,7,KAN,RB,0,
1983,174,7,PHI,RB,1,8.0
1983,175,7,SFO,LB,1,59.0
1983,176,7,CLE,WR,1,41.0
1983,177,7,SEA,LB,0,
1983,178,7,NYG,DB,1,10.0
1983,179,7,KAN,RB,1,173.0
1983,180,7,BUF,DL,1,112.0
1983,181,7,DET,ST,0,
1983,182,7,PHI,OL,0,
1983,183,7,ATL,DB,1,43.0
1983,184,7,STL,OL,0,
1983,185,7,TAM,RB,0,
1983,186,7,MIN,DB,1,19.0
1983,187,7,NWE,RB,0,
1983,188,7,GNB,RB,1,132.0
1983,189,7,DAL,OL,0,
1983,190,7,NYJ,LB,0,
1983,191,7,PIT,OL,0,
1983,192,7,SDG,DL,0,
1983,193,7,CIN,DB,1,53.0
1983,194,7,RAI,RB,0,
1983,195,7,MIA,LB,0,
1983,196,7,WAS,RB,1,56.0
1983,197,8,DEN,QB,0,
1983,198,8,HOU,LB,1,58.0
1983,199,8,PIT,RB,0,
1983,200,8,RAM,DB,1,97.0
1983,201,8,PHI,LB,1,46.0
1983,202,8,SDG,RB,1,20.0
1983,203,8,CHI,DL,0,
1983,204,8,KAN,OL,1,34.0
1983,205,8,NYG,LB,1,151.0
1983,206,8,NOR,DB,0,
1983,207,8,BUF,DB,1,126.0
1983,208,8,DET,DB,1,115.0
1983,209,8,CLE,OL,1,122.0
1983,210,8,SEA,OL,0,
1983,211,8,STL,LB,0,
1983,212,8,TAM,LB,0,
1983,213,8,MIN,TE,0,
1983,214,8,NWE,DB,0,
1983,215,8,ATL,LB,1,102.0
1983,216,8,GNB,DB,1,11.0
1983,217,8,NYJ,DB,0,
1983,218,8,PIT,TE,0,
1983,219,8,CHI,OL,1,6.0
1983,220,8,DAL,RB,1,135.0
1983,221,8,CIN,WR,0,
1983,222,8,RAI,RB,1,194.0
1983,223,8,MIA,WR,0,
1983,224,8,WAS,OL,1,166.0
1983,225,9,BAL,OL,1,113.0
1983,226,9,HOU,DB,1,42.0
1983,227,9,RAM,OL,1,144.0
1983,228,9,DEN,DB,1,125.0
1983,229,9,SFO,TE,0,
1983,230,9,CHI,OL,1,6.0
1983,231,9,KAN,OL,1,34.0
1983,232,9,PHI,OL,1,182.0
1983,233,9,NWE,RB,1,187.0
1983,234,9,BUF,RB,0,
1983,235,9,CHI,LB,0,
1983,236,9,SEA,DL,0,
1983,237,9,NYG,ST,0,
1983,238,9,TAM,DL,1,131.0
1983,239,9,MIN,WR,1,159.0
1983,240,9,NWE,TE,1,128.0
1983,241,9,BAL,OL,1,113.0
1983,242,9,STL,RB,0,
1983,243,9,GNB,OL,1,48.0
1983,244,9,PIT,OL,1,191.0
1983,245,9,SDG,LB,1,5.0
1983,246,9,DAL,DB,0,
1983,247,9,NYJ,DB,1,217.0
1983,248,9,CIN,RB,1,165.0
1983,249,9,RAI,TE,0,
1983,250,9,MIA,LB,1,195.0
1983,251,9,WAS,RB,1,56.0
1983,252,10,BAL,DB,0,
1983,253,10,GNB,WR,1,104.0
1983,254,10,DEN,DL,0,
1983,255,10,MIN,DB,1,19.0
1983,256,10,CHI,RB,0,
1983,257,10,KAN,DL,0,
1983,258,10,PHI,DL,1,120.0
1983,259,10,SFO,DL,0,
1983,260,10,BUF,DL,1,112.0
1983,261,10,DET,OL,1,40.0
1983,262,10,CLE,OL,1,122.0
1983,263,10,SEA,OL,1,210.0
1983,264,10,NWE,TE,1,128.0
1983,265,10,NWE,DL,1,118.0
1983,266,10,MIN,OL,0,
1983,267,10,NWE,QB,1,15.0
1983,268,10,ATL,ST,0,
1983,269,10,STL,LB,1,211.0
1983,270,10,TAM,WR,1,148.0
1983,271,10,GNB,DB,1,11.0
1983,272,10,SDG,QB,0,
1983,273,10,DAL,OL,1,189.0
1983,274,10,NYJ,OL,0,
1983,275,10,PIT,DB,1,106.0
1983,276,10,CIN,DL,0,
1983,277,10,RAI,WR,1,138.0
1983,278,10,MIA,RB,0,
1983,279,10,WAS,LB,0,
1983,280,11,BAL,QB,1,1.0
1983,281,11,NYG,DB,1,10.0
1983,282,11,RAM,LB,1,36.0
1983,283,11,DEN,OL,1,4.0
1983,284,11,KAN,DL,1,257.0
1983,285,11,PHI,OL,1,182.0
1983,286,11,CHI,RB,1,256.0
1983,287,11,DET,RB,1,13.0
1983,288,11,CLE,RB,0,
1983,289,11,SFO,OL,0,
1983,290,11,SEA,OL,1,210.0
1983,291,11,NYG,DL,1,37.0
1983,292,11,NWE,WR,1,47.0
1983,293,11,BUF,DL,1,112.0
1983,294,11,NWE,DB,1,214.0
1983,295,11,ATL,DB,1,43.0
1983,296,11,STL,WR,1,130.0
1983,297,11,TAM,TE,0,
1983,298,11,MIN,OL,1,266.0
1983,299,11,GNB,ST,0,
1983,300,11,DAL,OL,1,189.0
1983,301,11,NYJ,WR,1,78.0
1983,302,11,PIT,TE,1,218.0
1983,303,11,SDG,WR,1,141.0
1983,304,11,CIN,WR,1,221.0
1983,305,11,CLE,LB,0,
1983,306,11,MIA,OL,0,
1983,307,11,SDG,RB,1,20.0
1983,308,12,BAL,WR,1,85.0
1983,309,12,NYG,LB,1,151.0
1983,310,12,DEN,LB,1,116.0
1983,311,12,RAM,QB,0,
1983,312,12,PHI,QB,0,
1983,313,12,CHI,WR,1,18.0
1983,314,12,SDG,DB,1,22.0
1983,315,12,KAN,OL,1,34.0
1983,316,12,CLE,OL,1,122.0
1983,317,12,SEA,OL,1,210.0
1983,318,12,NYG,WR,0,
1983,319,12,NWE,RB,1,187.0
1983,320,12,BUF,WR,0,
1983,321,12,DET,OL,1,40.0
1983,322,12,ATL,TE,0,
1983,323,12,STL,LB,1,211.0
1983,324,12,TAM,DL,1,131.0
1983,325,12,MIN,RB,1,100.0
1983,326,12,NWE,TE,1,128.0
1983,327,12,GNB,DL,0,
1983,328,12,NYJ,ST,0,
1983,329,12,SDG,DL,1,192.0
1983,330,12,PIT,RB,1,199.0
1983,331,12,DAL,RB,1,135.0
1983,332,12,CIN,LB,1,109.0
1983,333,12,RAI,QB,0,
1983,334,12,MIA,WR,1,223.0
1983,335,12,NYG,RB,0,
1984,1,1,NWE,WR,0,
1984,2,1,HOU,OL,0,
1984,3,1,NYG,LB,0,
1984,4,1,PHI,WR,0,
1984,5,1,KAN,DL,0,
1984,6,1,SDG,DB,0,
1984,7,1,CIN,LB,0,
1984,8,1,IND,DB,0,
1984,9,1,ATL,DL,0,
1984,10,1,NYJ,DB,0,
1984,11,1,CHI,LB,0,
1984,12,1,GNB,DL,0,
1984,13,1,MIN,DL,0,
1984,14,1,MIA,LB,0,
1984,15,1,NYJ,DL,0,
1984,16,1,CIN,DL,0,
1984,17,1,STL,WR,0,
1984,18,1,CLE,DB,0,
1984,19,1,IND,OL,0,
1984,20,1,DET,TE,0,
1984,21,1,KAN,OL,0,
1984,22,1,SEA,DB,0,
1984,23,1,PIT,WR,0,
1984,24,1,SFO,LB,0,
1984,25,1,DAL,LB,0,
1984,26,1,BUF,RB,0,
1984,27,1,NYG,OL,0,
1984,28,1,CIN,OL,0,
1984,29,2,HOU,DL,0,
1984,30,2,TAM,LB,0,
1984,31,2,WAS,DL,0,
1984,32,2,ATL,DB,0,
1984,33,2,SDG,LB,0,
1984,34,2,KAN,LB,0,
1984,35,2,IND,DL,0,
1984,36,2,ATL,LB,0,
1984,37,2,NYJ,OL,0,
1984,38,2,CIN,QB,0,
1984,39,2,NYJ,TE,0,
1984,40,2,DAL,DB,0,
1984,41,2,BUF,WR,0,
1984,42,2,NOR,DL,0,
1984,43,2,NWE,LB,0,
1984,44,2,CHI,LB,1,11.0
1984,45,2,STL,OL,0,
1984,46,2,DEN,DL,0,
1984,47,2,DET,WR,0,
1984,48,2,CLE,DB,1,18.0
1984,49,2,SEA,WR,0,
1984,50,2,CLE,WR,0,
1984,51,2,RAI,DL,0,
1984,52,2,PIT,TE,0,
1984,53,2,MIA,LB,1,14.0
1984,54,2,HOU,DB,0,
1984,55,2,WAS,DL,1,31.0
1984,56,2,SFO,TE,0,
1984,57,3,TAM,DB,0,
1984,58,3,HOU,LB,0,
1984,59,3,NYG,QB,0,
1984,60,3,PHI,OL,0,
1984,61,3,KAN,RB,0,
1984,62,3,DET,DL,0,
1984,63,3,ATL,DB,1,32.0
1984,64,3,NYJ,LB,0,
1984,65,3,CIN,RB,0,
1984,66,3,IND,DL,1,35.0
1984,67,3,MIN,RB,0,
1984,68,3,NOR,DB,0,
1984,69,3,NOR,RB,0,
1984,70,3,NWE,RB,0,
1984,71,3,CHI,OL,0,
1984,72,3,GNB,DL,1,12.0
1984,73,3,SFO,OL,0,
1984,74,3,DET,RB,0,
1984,75,3,DET,DL,1,62.0
1984,76,3,SEA,LB,0,
1984,77,3,BUF,DB,0,
1984,78,3,DEN,DB,0,
1984,79,3,BUF,DL,0,
1984,80,3,STL,QB,0,
1984,81,3,DAL,TE,0,
1984,82,3,BUF,RB,1,26.0
1984,83,3,WAS,QB,0,
1984,84,3,RAI,RB,0,
1984,85,4,HOU,DL,1,29.0
1984,86,4,SEA,DL,0,
1984,87,4,NYG,OL,1,27.0
1984,88,4,PHI,DB,0,
1984,89,4,DEN,DB,1,78.0
1984,90,4,KAN,DB,0,
1984,91,4,NYJ,LB,1,64.0
1984,92,4,CIN,RB,1,65.0
1984,93,4,IND,DB,1,8.0
1984,94,4,ATL,LB,1,36.0
1984,95,4,BUF,WR,1,41.0
1984,96,4,CLE,OL,0,
1984,97,4,NOR,OL,0,
1984,98,4,CHI,OL,1,71.0
1984,99,4,GNB,LB,0,
1984,100,4,HOU,DB,1,54.0
1984,101,4,STL,DB,0,
1984,102,4,WAS,RB,0,
1984,103,4,IND,RB,0,
1984,104,4,CLE,WR,1,50.0
1984,105,4,NYG,LB,1,3.0
1984,106,4,DET,RB,1,74.0
1984,107,4,TAM,RB,0,
1984,108,4,PIT,WR,1,23.0
1984,109,4,MIA,RB,0,
1984,110,4,DAL,LB,1,25.0
1984,111,4,PIT,OL,0,
1984,112,4,TAM,OL,0,
1984,113,5,DAL,QB,0,
1984,114,5,HOU,LB,1,58.0
1984,115,5,NYG,DB,0,
1984,116,5,PHI,RB,0,
1984,117,5,KAN,DL,1,5.0
1984,118,5,SDG,RB,0,
1984,119,5,CIN,DB,0,
1984,120,5,IND,WR,0,
1984,121,5,SFO,DL,0,
1984,122,5,NYJ,WR,0,
1984,123,5,NOR,DB,1,68.0
1984,124,5,NWE,OL,0,
1984,125,5,WAS,LB,0,
1984,126,5,GNB,DB,0,
1984,127,5,RAI,TE,0,
1984,128,5,BUF,ST,0,
1984,129,5,STL,LB,0,
1984,130,5,IND,OL,1,19.0
1984,131,5,CLE,OL,1,96.0
1984,132,5,ATL,TE,0,
1984,133,5,RAM,DL,0,
1984,134,5,KAN,LB,1,34.0
1984,135,5,PIT,DL,0,
1984,136,5,STL,TE,0,
1984,137,5,DAL,RB,0,
1984,138,5,MIA,QB,0,
1984,139,5,SFO,DB,0,
1984,140,5,MIN,RB,1,67.0
1984,141,6,HOU,LB,1,58.0
1984,142,6,TAM,LB,1,30.0
1984,143,6,NYG,DL,0,
1984,144,6,SDG,DL,0,
1984,145,6,PHI,OL,1,60.0
1984,146,6,KAN,WR,0,
1984,147,6,IND,RB,1,103.0
1984,148,6,ATL,QB,0,
1984,149,6,NYJ,RB,0,
1984,150,6,CIN,TE,0,
1984,151,6,NWE,DB,0,
1984,152,6,DAL,LB,1,25.0
1984,153,6,GNB,QB,0,
1984,154,6,MIN,WR,0,
1984,155,6,BUF,OL,0,
1984,156,6,NOR,DL,1,42.0
1984,157,6,STL,LB,1,129.0
1984,158,6,CLE,QB,0,
1984,159,6,DEN,LB,0,
1984,160,6,DET,QB,0,
1984,161,6,HOU,WR,0,
1984,162,6,SEA,LB,1,76.0
1984,163,6,ATL,DL,1,9.0
1984,164,6,PIT,DB,0,
1984,165,6,MIA,LB,1,14.0
1984,166,6,DAL,OL,0,
1984,167,6,WAS,OL,0,
1984,168,6,RAI,DB,0,
1984,169,7,TAM,TE,0,
1984,170,7,HOU,RB,0,
1984,171,7,NYG,WR,0,
1984,172,7,PHI,RB,1,116.0
1984,173,7,KAN,DB,1,90.0
1984,174,7,SDG,WR,0,
1984,175,7,ATL,LB,1,36.0
1984,176,7,NYJ,DB,1,10.0
1984,177,7,CIN,LB,1,7.0
1984,178,7,DET,LB,0,
1984,179,7,CHI,RB,0,
1984,180,7,MIN,DL,1,13.0
1984,181,7,GNB,DB,1,126.0
1984,182,7,BUF,LB,0,
1984,183,7,RAI,DL,1,51.0
1984,184,7,NWE,ST,0,
1984,185,7,STL,RB,0,
1984,186,7,DEN,TE,0,
1984,187,7,DET,OL,0,
1984,188,7,RAM,DB,0,
1984,189,7,SEA,OL,0,
1984,190,7,CLE,LB,0,
1984,191,7,PIT,QB,0,
1984,192,7,NWE,WR,1,1.0
1984,193,7,DAL,LB,1,25.0
1984,194,7,MIA,OL,0,
1984,195,7,WAS,WR,0,
1984,196,7,MIN,OL,0,
1984,197,8,HOU,WR,1,161.0
1984,198,8,TAM,LB,1,30.0
1984,199,8,SDG,DL,1,144.0
1984,200,8,PHI,ST,0,
1984,201,8,STL,LB,1,129.0
1984,202,8,KAN,DB,1,90.0
1984,203,8,NYJ,TE,1,39.0
1984,204,8,CIN,OL,1,28.0
1984,205,8,IND,DB,1,8.0
1984,206,8,ATL,LB,1,36.0
1984,207,8,DEN,OL,0,
1984,208,8,MIN,DL,1,13.0
1984,209,8,BUF,DB,1,77.0
1984,210,8,NOR,RB,1,69.0
1984,211,8,NWE,OL,1,124.0
1984,212,8,CHI,WR,0,
1984,213,8,STL,ST,0,
1984,214,8,DET,OL,1,187.0
1984,215,8,RAM,LB,0,
1984,216,8,SEA,OL,1,189.0
1984,217,8,NYJ,ST,0,
1984,218,8,DEN,DL,1,46.0
1984,219,8,SDG,RB,1,118.0
1984,220,8,PIT,OL,1,111.0
1984,221,8,MIA,RB,1,109.0
1984,222,8,DAL,RB,1,137.0
1984,223,8,WAS,DB,0,
1984,224,8,RAI,DB,1,168.0
1984,225,9,TAM,OL,1,112.0
1984,226,9,HOU,DB,1,54.0
1984,227,9,CLE,WR,1,50.0
1984,228,9,HOU,DL,1,29.0
1984,229,9,KAN,OL,1,21.0
1984,230,9,SDG,DL,1,144.0
1984,231,9,CIN,OL,1,28.0
1984,232,9,DAL,OL,1,166.0
1984,233,9,ATL,OL,0,
1984,234,9,NYJ,DL,1,15.0
1984,235,9,MIN,WR,1,154.0
1984,236,9,BUF,DL,1,79.0
1984,237,9,NOR,ST,0,
1984,238,9,NWE,OL,1,124.0
1984,239,9,SFO,DB,1,139.0
1984,240,9,KAN,TE,0,
1984,241,9,STL,RB,1,185.0
1984,242,9,RAM,ST,0,
1984,243,9,SEA,OL,1,189.0
1984,244,9,CHI,QB,0,
1984,245,9,DEN,RB,0,
1984,246,9,DET,WR,1,47.0
1984,247,9,PIT,RB,0,
1984,248,9,SFO,RB,0,
1984,249,9,DAL,OL,1,166.0
1984,250,9,MIA,OL,1,194.0
1984,251,9,NWE,LB,1,43.0
1984,252,9,HOU,LB,1,58.0
1984,253,10,RAM,LB,1,215.0
1984,254,10,TAM,ST,0,
1984,255,10,NYG,OL,1,27.0
1984,256,10,PHI,DB,1,88.0
1984,257,10,NYG,DB,1,115.0
1984,258,10,KAN,LB,1,34.0
1984,259,10,DET,DB,0,
1984,260,10,ATL,DB,1,32.0
1984,261,10,NYJ,RB,1,149.0
1984,262,10,CIN,LB,1,7.0
1984,263,10,BUF,LB,1,182.0
1984,264,10,NOR,LB,0,
1984,265,10,CIN,RB,1,65.0
1984,266,10,CHI,TE,0,
1984,267,10,GNB,OL,0,
1984,268,10,MIN,LB,0,
1984,269,10,STL,DL,0,
1984,270,10,SEA,RB,0,
1984,271,10,CHI,DB,0,
1984,272,10,DEN,TE,1,186.0
1984,273,10,DET,DB,1,259.0
1984,274,10,RAM,OL,0,
1984,275,10,SFO,WR,0,
1984,276,10,PIT,OL,1,111.0
1984,277,10,MIA,TE,0,
1984,278,10,DAL,LB,1,25.0
1984,279,10,WAS,RB,1,102.0
1984,280,10,CLE,RB,0,
1984,281,11,TAM,QB,0,
1984,282,11,RAI,DB,1,168.0
1984,283,11,NYG,RB,0,
1984,284,11,PHI,OL,1,60.0
1984,285,11,KAN,RB,1,61.0
1984,286,11,SDG,RB,1,118.0
1984,287,11,ATL,WR,0,
1984,288,11,NYJ,OL,1,37.0
1984,289,11,CIN,RB,1,65.0
1984,290,11,IND,OL,1,19.0
1984,291,11,NOR,DL,1,42.0
1984,292,11,NWE,OL,1,124.0
1984,293,11,RAM,WR,0,
1984,294,11,GNB,OL,1,267.0
1984,295,11,MIN,LB,1,268.0
1984,296,11,STL,QB,1,80.0
1984,297,11,CHI,DL,0,
1984,298,11,DEN,RB,1,245.0
1984,299,11,BUF,WR,1,41.0
1984,300,11,DET,ST,0,
1984,301,11,RAM,RB,0,
1984,302,11,SEA,OL,1,189.0
1984,303,11,PIT,RB,1,247.0
1984,304,11,DAL,DL,0,
1984,305,11,MIA,DB,0,
1984,306,11,WAS,TE,0,
1984,307,11,SFO,WR,1,275.0
1984,308,11,MIN,WR,1,154.0
1984,309,12,RAM,DB,1,188.0
1984,310,12,TAM,WR,0,
1984,311,12,NYG,LB,1,3.0
1984,312,12,PHI,ST,1,200.0
1984,313,12,GNB,WR,0,
1984,314,12,KAN,LB,1,34.0
1984,315,12,NYJ,WR,1,122.0
1984,316,12,CIN,LB,1,7.0
1984,317,12,IND,LB,0,
1984,318,12,ATL,WR,1,287.0
1984,319,12,NWE,TE,0,
1984,320,12,MIA,DL,0,
1984,321,12,MIN,RB,1,67.0
1984,322,12,BUF,WR,1,41.0
1984,323,12,GNB,LB,1,99.0
1984,324,12,NOR,OL,1,97.0
1984,325,12,STL,OL,1,45.0
1984,326,12,DEN,WR,0,
1984,327,12,DET,OL,1,187.0
1984,328,12,RAM,LB,1,215.0
1984,329,12,SEA,DB,1,22.0
1984,330,12,CHI,RB,1,179.0
1984,331,12,SDG,WR,1,174.0
1984,332,12,PIT,RB,1,247.0
1984,333,12,MIA,LB,1,14.0
1984,334,12,DAL,WR,0,
1984,335,12,WAS,WR,1,195.0
1984,336,12,RAI,QB,0,
1985,1,1,BUF,DL,0,
1985,2,1,ATL,OL,0,
1985,3,1,HOU,DL,0,
1985,4,1,MIN,DL,0,
1985,5,1,IND,LB,0,
1985,6,1,DET,OL,0,
1985,7,1,GNB,OL,0,
1985,8,1,TAM,DL,0,
1985,9,1,PHI,OL,0,
1985,10,1,NYJ,WR,0,
1985,11,1,HOU,DB,0,
1985,12,1,SDG,OL,0,
1985,13,1,CIN,WR,0,
1985,14,1,BUF,DB,0,
1985,15,1,KAN,TE,0,
1985,16,1,SFO,WR,0,
1985,17,1,DAL,DL,0,
1985,18,1,STL,DL,0,
1985,19,1,NYG,RB,0,
1985,20,1,PIT,DL,0,
1985,21,1,RAM,DB,0,
1985,22,1,CHI,DL,0,
1985,23,1,RAI,WR,0,
1985,24,1,NOR,LB,0,
1985,25,1,CIN,LB,0,
1985,26,1,DEN,RB,0,
1985,27,1,MIA,RB,0,
1985,28,1,NWE,OL,0,
1985,29,2,BUF,OL,0,
1985,30,2,MIN,DB,0,
1985,31,2,DEN,WR,0,
1985,32,2,IND,DB,0,
1985,33,2,WAS,DB,0,
1985,34,2,DET,OL,1,6.0
1985,35,2,CLE,RB,0,
1985,36,2,HOU,DL,1,3.0
1985,37,2,PHI,QB,0,
1985,38,2,NOR,OL,0,
1985,39,2,SDG,DB,0,
1985,40,2,NYJ,DB,0,
1985,41,2,KAN,TE,1,15.0
1985,42,2,BUF,WR,0,
1985,43,2,CIN,LB,1,25.0
1985,44,2,DAL,LB,0,
1985,45,2,ATL,DL,0,
1985,46,2,NYG,WR,0,
1985,47,2,PIT,OL,0,
1985,48,2,NWE,DL,0,
1985,49,2,CHI,DB,0,
1985,50,2,RAM,WR,0,
1985,51,2,STL,OL,0,
1985,52,2,NWE,DB,0,
1985,53,2,SEA,RB,0,
1985,54,2,DEN,LB,0,
1985,55,2,SDG,DB,1,39.0
1985,56,2,NWE,DL,1,48.0
1985,57,3,BUF,QB,0,
1985,58,3,NYG,DB,0,
1985,59,3,MIN,OL,0,
1985,60,3,MIN,LB,0,
1985,61,3,IND,DB,1,32.0
1985,62,3,DET,LB,0,
1985,63,3,BUF,LB,0,
1985,64,3,TAM,LB,0,
1985,65,3,MIA,DL,0,
1985,66,3,MIN,OL,1,59.0
1985,67,3,NYJ,DB,1,40.0
1985,68,3,NOR,LB,1,24.0
1985,69,3,SDG,DB,1,39.0
1985,70,3,CIN,DB,0,
1985,71,3,GNB,OL,1,7.0
1985,72,3,STL,OL,1,51.0
1985,73,3,NYG,OL,0,
1985,74,3,PIT,DB,0,
1985,75,3,SFO,RB,0,
1985,76,3,DAL,OL,0,
1985,77,3,RAM,ST,0,
1985,78,3,CHI,WR,0,
1985,79,3,RAI,WR,1,23.0
1985,80,3,RAI,DB,0,
1985,81,3,SEA,WR,0,
1985,82,3,HOU,OL,0,
1985,83,3,MIA,LB,0,
1985,84,3,NWE,DB,1,52.0
1985,85,4,MIN,WR,0,
1985,86,4,BUF,WR,1,42.0
1985,87,4,HOU,LB,0,
1985,88,4,IND,DL,0,
1985,89,4,ATL,WR,0,
1985,90,4,DET,LB,1,62.0
1985,91,4,MIA,DB,0,
1985,92,4,TAM,DB,0,
1985,93,4,PHI,OL,1,9.0
1985,94,4,NYJ,WR,1,10.0
1985,95,4,NOR,DB,0,
1985,96,4,SDG,ST,0,
1985,97,4,CIN,DB,1,70.0
1985,98,4,GNB,WR,0,
1985,99,4,KAN,OL,0,
1985,100,4,NYG,TE,0,
1985,101,4,PIT,OL,1,47.0
1985,102,4,NWE,OL,1,28.0
1985,103,4,DAL,RB,0,
1985,104,4,STL,RB,0,
1985,105,4,CHI,ST,0,
1985,106,4,MIN,DB,1,30.0
1985,107,4,RAI,LB,0,
1985,108,4,NWE,WR,0,
1985,109,4,SEA,TE,0,
1985,110,4,DEN,TE,0,
1985,111,4,MIA,OL,0,
1985,112,4,BUF,OL,1,29.0
1985,113,5,RAM,LB,0,
1985,114,5,DAL,RB,1,103.0
1985,115,5,MIN,OL,1,59.0
1985,116,5,STL,TE,0,
1985,117,5,IND,OL,0,
1985,118,5,DET,RB,0,
1985,119,5,DAL,OL,1,76.0
1985,120,5,NYJ,LB,0,
1985,121,5,PHI,LB,0,
1985,122,5,WAS,DB,1,33.0
1985,123,5,SEA,OL,0,
1985,124,5,NYJ,DL,0,
1985,125,5,GNB,LB,0,
1985,126,5,KAN,RB,0,
1985,127,5,CIN,DL,0,
1985,128,5,SEA,DB,0,
1985,129,5,CIN,DB,1,70.0
1985,130,5,BUF,WR,1,42.0
1985,131,5,STL,OL,1,51.0
1985,132,5,NYG,WR,1,46.0
1985,133,5,HOU,LB,1,87.0
1985,134,5,NYJ,WR,1,10.0
1985,135,5,RAI,RB,0,
1985,136,5,PIT,LB,0,
1985,137,5,SEA,RB,1,53.0
1985,138,5,HOU,ST,0,
1985,139,5,DEN,OL,0,
1985,140,5,SFO,OL,0,
1985,141,6,BUF,DL,1,1.0
1985,142,6,MIN,QB,0,
1985,143,6,RAI,QB,0,
1985,144,6,DAL,DL,1,17.0
1985,145,6,MIA,WR,0,
1985,146,6,DET,OL,1,6.0
1985,147,6,CLE,OL,0,
1985,148,6,CIN,OL,0,
1985,149,6,KAN,DB,0,
1985,150,6,SDG,DB,1,39.0
1985,151,6,NYJ,OL,0,
1985,152,6,ATL,DB,0,
1985,153,6,HOU,LB,1,87.0
1985,154,6,CIN,TE,0,
1985,155,6,GNB,TE,0,
1985,156,6,PHI,OL,1,9.0
1985,157,6,DAL,OL,1,76.0
1985,158,6,STL,TE,1,116.0
1985,159,6,NYG,OL,1,73.0
1985,160,6,PIT,LB,1,136.0
1985,161,6,RAM,WR,1,50.0
1985,162,6,RAM,TE,0,
1985,163,6,WAS,TE,0,
1985,164,6,MIN,DL,1,4.0
1985,165,6,NYG,DB,1,58.0
1985,166,6,NYJ,DB,1,40.0
1985,167,6,MIA,RB,1,27.0
1985,168,6,SFO,QB,0,
1985,169,7,BUF,DB,1,14.0
1985,170,7,HOU,WR,0,
1985,171,7,GNB,LB,1,125.0
1985,172,7,CIN,RB,0,
1985,173,7,IND,WR,0,
1985,174,7,DET,DB,0,
1985,175,7,CLE,WR,0,
1985,176,7,TAM,DB,1,92.0
1985,177,7,WAS,ST,0,
1985,178,7,DAL,WR,0,
1985,179,7,NOR,WR,0,
1985,180,7,KAN,DL,0,
1985,181,7,CIN,OL,1,148.0
1985,182,7,GNB,RB,0,
1985,183,7,KAN,OL,1,99.0
1985,184,7,DAL,DL,1,17.0
1985,185,7,WAS,RB,0,
1985,186,7,RAI,OL,0,
1985,187,7,PIT,TE,0,
1985,188,7,RAI,WR,1,23.0
1985,189,7,RAM,RB,0,
1985,190,7,CHI,DL,1,22.0
1985,191,7,RAI,DB,1,80.0
1985,192,7,RAI,OL,1,186.0
1985,193,7,SEA,OL,1,123.0
1985,194,7,DEN,DL,0,
1985,195,7,MIA,ST,0,
1985,196,7,SDG,LB,0,
1985,197,8,BUF,RB,0,
1985,198,8,MIN,LB,1,60.0
1985,199,8,HOU,OL,1,82.0
1985,200,8,IND,WR,1,173.0
1985,201,8,ATL,DB,1,152.0
1985,202,8,DET,RB,1,118.0
1985,203,8,CLE,WR,1,175.0
1985,204,8,TAM,WR,0,
1985,205,8,PHI,LB,1,121.0
1985,206,8,NOR,LB,1,24.0
1985,207,8,SDG,RB,0,
1985,208,8,NYJ,LB,1,120.0
1985,209,8,GNB,DB,0,
1985,210,8,KAN,WR,0,
1985,211,8,CIN,LB,1,25.0
1985,212,8,STL,OL,1,51.0
1985,213,8,NYG,RB,1,19.0
1985,214,8,PIT,ST,0,
1985,215,8,ATL,LB,0,
1985,216,8,DAL,WR,1,178.0
1985,217,8,CHI,OL,0,
1985,218,8,RAM,RB,1,189.0
1985,219,8,WAS,DB,1,33.0
1985,220,8,RAI,DL,0,
1985,221,8,SEA,WR,1,81.0
1985,222,8,DEN,DB,0,
1985,223,8,MIA,TE,0,
1985,224,8,NWE,DL,1,48.0
1985,225,9,BUF,DB,1,14.0
1985,226,9,HOU,WR,1,170.0
1985,227,9,MIN,RB,0,
1985,228,9,ATL,LB,1,215.0
1985,229,9,IND,TE,0,
1985,230,9,DET,LB,1,62.0
1985,231,9,PHI,OL,1,9.0
1985,232,9,TAM,QB,0,
1985,233,9,PHI,DL,0,
1985,234,9,SDG,QB,0,
1985,235,9,NYJ,TE,0,
1985,236,9,NOR,DB,1,95.0
1985,237,9,KAN,DB,1,149.0
1985,238,9,CIN,DL,1,127.0
1985,239,9,GNB,OL,1,7.0
1985,240,9,NYG,DL,0,
1985,241,9,PIT,LB,1,136.0
1985,242,9,PIT,DB,1,74.0
1985,243,9,DAL,LB,1,44.0
1985,244,9,STL,RB,1,104.0
1985,245,9,RAM,LB,1,113.0
1985,246,9,RAI,DB,1,80.0
1985,247,9,WAS,OL,0,
1985,248,9,SEA,DL,0,
1985,249,9,DEN,DB,1,222.0
1985,250,9,CHI,RB,0,
1985,251,9,MIA,DB,1,91.0
1985,252,9,SDG,OL,1,12.0
1985,253,10,BUF,OL,1,29.0
1985,254,10,MIN,WR,1,85.0
1985,255,10,HOU,DL,1,3.0
1985,256,10,IND,DL,1,88.0
1985,257,10,ATL,OL,1,2.0
1985,258,10,DET,WR,0,
1985,259,10,CLE,OL,1,147.0
1985,260,10,TAM,ST,0,
1985,261,10,PHI,DB,0,
1985,262,10,NYJ,DB,1,40.0
1985,263,10,WAS,TE,1,163.0
1985,264,10,SDG,DB,1,39.0
1985,265,10,CIN,LB,1,25.0
1985,266,10,GNB,DB,1,209.0
1985,267,10,KAN,RB,1,126.0
1985,268,10,PIT,TE,1,187.0
1985,269,10,DEN,QB,0,
1985,270,10,DAL,TE,0,
1985,271,10,STL,RB,1,104.0
1985,272,10,NYG,LB,0,
1985,273,10,CHI,DL,1,22.0
1985,274,10,RAM,OL,0,
1985,275,10,RAI,LB,1,107.0
1985,276,10,RAI,DB,1,80.0
1985,277,10,SEA,QB,0,
1985,278,10,DEN,LB,1,54.0
1985,279,10,MIA,DB,1,91.0
1985,280,10,SEA,DB,1,128.0
1985,281,11,HOU,WR,1,170.0
1985,282,11,BUF,LB,1,63.0
1985,283,11,MIN,DB,1,30.0
1985,284,11,ATL,DB,1,152.0
1985,285,11,RAM,QB,0,
1985,286,11,DET,DB,1,174.0
1985,287,11,CLE,TE,0,
1985,288,11,TAM,RB,0,
1985,289,11,PHI,RB,0,
1985,290,11,WAS,OL,1,247.0
1985,291,11,SDG,DL,0,
1985,292,11,NYJ,DL,1,124.0
1985,293,11,KAN,OL,1,99.0
1985,294,11,GNB,QB,0,
1985,295,11,NWE,RB,0,
1985,296,11,CIN,TE,1,154.0
1985,297,11,DAL,LB,1,44.0
1985,298,11,STL,ST,0,
1985,299,11,NYG,DB,1,58.0
1985,300,11,PIT,DB,1,74.0
1985,301,11,RAM,DB,1,21.0
1985,302,11,CHI,LB,0,
1985,303,11,RAI,RB,1,135.0
1985,304,11,WAS,DB,1,33.0
1985,305,11,SEA,LB,0,
1985,306,11,DEN,WR,1,31.0
1985,307,11,MIA,RB,1,27.0
1985,308,11,SFO,DL,0,
1985,309,12,WAS,DL,0,
1985,310,12,MIN,DL,1,4.0
1985,311,12,HOU,DL,1,3.0
1985,312,12,IND,OL,1,117.0
1985,313,12,ATL,TE,0,
1985,314,12,DET,OL,1,6.0
1985,315,12,CLE,WR,1,175.0
1985,316,12,TAM,DB,1,92.0
1985,317,12,PHI,DB,1,261.0
1985,318,12,SDG,DL,1,291.0
1985,319,12,NYJ,WR,1,10.0
1985,320,12,NOR,DB,1,95.0
1985,321,12,KAN,TE,1,15.0
1985,322,12,CIN,OL,1,148.0
1985,323,12,GNB,ST,0,
1985,324,12,DAL,LB,1,44.0
1985,325,12,STL,DB,0,
1985,326,12,NYG,DB,1,58.0
1985,327,12,PIT,DB,1,74.0
1985,328,12,NWE,RB,1,295.0
1985,329,12,SDG,TE,0,
1985,330,12,TAM,LB,1,64.0
1985,331,12,WAS,LB,0,
1985,332,12,RAI,DB,1,80.0
1985,333,12,BUF,ST,0,
1985,334,12,DEN,OL,1,139.0
1985,335,12,MIA,DB,1,91.0
1985,336,12,SFO,DL,1,308.0
1986,1,1,TAM,RB,0,
1986,2,1,ATL,DL,0,
1986,3,1,HOU,QB,0,
1986,4,1,IND,DL,0,
1986,5,1,STL,LB,0,
1986,6,1,NOR,OL,0,
1986,7,1,KAN,OL,0,
1986,8,1,SDG,DL,0,
1986,9,1,PIT,OL,0,
1986,10,1,PHI,RB,0,
1986,11,1,CIN,LB,0,
1986,12,1,DET,QB,0,
1986,13,1,SDG,OL,0,
1986,14,1,MIN,DL,0,
1986,15,1,SEA,RB,0,
1986,16,1,BUF,RB,0,
1986,17,1,ATL,LB,0,
1986,18,1,DAL,WR,0,
1986,19,1,NYG,DL,0,
1986,20,1,BUF,OL,0,
1986,21,1,CIN,WR,0,
1986,22,1,NYJ,OL,0,
1986,23,1,RAM,OL,0,
1986,24,1,RAI,DL,0,
1986,25,1,TAM,DB,0,
1986,26,1,NWE,RB,0,
1986,27,1,CHI,RB,0,
1986,28,2,TAM,LB,0,
1986,29,2,DET,RB,0,
1986,30,2,WAS,DL,0,
1986,31,2,NOR,RB,0,
1986,32,2,STL,ST,0,
1986,33,2,DAL,RB,0,
1986,34,2,HOU,WR,0,
1986,35,2,KAN,LB,0,
1986,36,2,PIT,DL,0,
1986,37,2,PHI,RB,1,10.0
1986,38,2,CIN,DB,0,
1986,39,2,SFO,DL,0,
1986,40,2,TAM,LB,1,28.0
1986,41,2,GNB,RB,0,
1986,42,2,NWE,DL,0,
1986,43,2,CLE,WR,0,
1986,44,2,NYG,DB,0,
1986,45,2,WAS,WR,0,
1986,46,2,NYG,DL,1,19.0
1986,47,2,IND,QB,0,
1986,48,2,PHI,LB,0,
1986,49,2,NYJ,OL,1,22.0
1986,50,2,RAM,OL,1,23.0
1986,51,2,NYG,LB,0,
1986,52,2,MIA,LB,0,
1986,53,2,NYG,DB,1,44.0
1986,54,2,NWE,DB,0,
1986,55,2,CHI,DB,0,
1986,56,3,SFO,RB,0,
1986,57,3,NOR,RB,1,31.0
1986,58,3,CIN,DL,0,
1986,59,3,STL,OL,0,
1986,60,3,NOR,LB,0,
1986,61,3,HOU,RB,0,
1986,62,3,NOR,RB,1,31.0
1986,63,3,KAN,DL,0,
1986,64,3,SFO,DB,0,
1986,65,3,CIN,DL,1,58.0
1986,66,3,SDG,DL,1,8.0
1986,67,3,PIT,QB,0,
1986,68,3,SEA,DB,0,
1986,69,3,DET,OL,0,
1986,70,3,SDG,OL,1,13.0
1986,71,3,RAM,QB,0,
1986,72,3,GNB,QB,0,
1986,73,3,NYG,DL,1,19.0
1986,74,3,DAL,DL,0,
1986,75,3,WAS,DB,0,
1986,76,3,SFO,WR,0,
1986,77,3,BUF,OL,1,20.0
1986,78,3,CIN,DB,1,38.0
1986,79,3,NYJ,LB,0,
1986,80,3,RAI,DB,0,
1986,81,3,MIA,DL,0,
1986,82,3,CHI,WR,0,
1986,83,4,TAM,DB,1,25.0
1986,84,4,GNB,LB,0,
1986,85,4,RAI,DL,1,24.0
1986,86,4,IND,WR,0,
1986,87,4,KAN,OL,1,7.0
1986,88,4,NOR,WR,0,
1986,89,4,STL,DB,0,
1986,90,4,KAN,WR,0,
1986,91,4,CIN,TE,0,
1986,92,4,DET,DB,0,
1986,93,4,MIN,DL,1,14.0
1986,94,4,PIT,DB,0,
1986,95,4,SDG,LB,0,
1986,96,4,SFO,DL,1,39.0
1986,97,4,SDG,LB,1,95.0
1986,98,4,GNB,OL,0,
1986,99,4,CIN,QB,0,
1986,100,4,DAL,ST,0,
1986,101,4,SFO,OL,0,
1986,102,4,SFO,DL,1,39.0
1986,103,4,RAI,RB,0,
1986,104,4,DEN,OL,0,
1986,105,4,NYJ,LB,1,79.0
1986,106,4,PHI,OL,0,
1986,107,4,MIA,WR,0,
1986,108,4,RAI,RB,1,103.0
1986,109,4,NWE,TE,0,
1986,110,4,CHI,OL,0,
1986,111,5,BUF,RB,1,16.0
1986,112,5,TAM,OL,0,
1986,113,5,WAS,LB,0,
1986,114,5,HOU,TE,0,
1986,115,5,NOR,DB,0,
1986,116,5,STL,DL,0,
1986,117,5,IND,DL,1,4.0
1986,118,5,SDG,LB,1,95.0
1986,119,5,DET,RB,1,29.0
1986,120,5,MIN,WR,0,
1986,121,5,PHI,ST,0,
1986,122,5,PIT,DB,1,94.0
1986,123,5,CIN,LB,1,11.0
1986,124,5,IND,OL,0,
1986,125,5,GNB,DL,0,
1986,126,5,SEA,RB,1,15.0
1986,127,5,CLE,LB,0,
1986,128,5,PHI,DL,0,
1986,129,5,SDG,DB,0,
1986,130,5,NYG,WR,0,
1986,131,5,SFO,LB,0,
1986,132,5,NYJ,LB,1,79.0
1986,133,5,SDG,DB,1,129.0
1986,134,5,DEN,DL,0,
1986,135,5,PIT,TE,0,
1986,136,5,MIA,DB,0,
1986,137,5,NWE,OL,0,
1986,138,5,CHI,WR,1,82.0
1986,139,6,NYG,WR,1,130.0
1986,140,6,DAL,TE,0,
1986,141,6,KAN,RB,0,
1986,142,6,NOR,WR,1,88.0
1986,143,6,GNB,LB,1,84.0
1986,144,6,RAM,OL,1,23.0
1986,145,6,HOU,RB,1,61.0
1986,146,6,WAS,QB,0,
1986,147,6,MIN,RB,0,
1986,148,6,PIT,DB,1,94.0
1986,149,6,PHI,OL,1,106.0
1986,150,6,DAL,QB,0,
1986,151,6,DEN,TE,0,
1986,152,6,CIN,DB,1,38.0
1986,153,6,SEA,DB,1,68.0
1986,154,6,ATL,WR,0,
1986,155,6,SDG,WR,0,
1986,156,6,WAS,OL,0,
1986,157,6,NYG,WR,1,130.0
1986,158,6,DAL,OL,0,
1986,159,6,ATL,WR,1,154.0
1986,160,6,RAM,RB,0,
1986,161,6,DEN,WR,0,
1986,162,6,SFO,DB,1,64.0
1986,163,6,MIA,DL,1,81.0
1986,164,6,RAI,OL,0,
1986,165,6,TAM,DB,1,25.0
1986,166,6,CHI,RB,1,27.0
1986,167,7,CLE,OL,0,
1986,168,7,BUF,TE,0,
1986,169,7,PHI,WR,0,
1986,170,7,STL,WR,0,
1986,171,7,IND,DL,1,4.0
1986,172,7,IND,ST,0,
1986,173,7,NOR,RB,1,31.0
1986,174,7,CLE,QB,0,
1986,175,7,PIT,RB,0,
1986,176,7,PHI,LB,1,48.0
1986,177,7,CIN,RB,0,
1986,178,7,BUF,DL,0,
1986,179,7,MIN,TE,0,
1986,180,7,BUF,TE,1,168.0
1986,181,7,SEA,RB,1,15.0
1986,182,7,SDG,LB,1,95.0
1986,183,7,GNB,DB,0,
1986,184,7,NYG,RB,0,
1986,185,7,DAL,DB,0,
1986,186,7,WAS,RB,0,
1986,187,7,NWE,WR,0,
1986,188,7,DEN,LB,0,
1986,189,7,NYJ,OL,1,22.0
1986,190,7,IND,DB,0,
1986,191,7,RAI,OL,1,164.0
1986,192,7,NWE,DL,1,42.0
1986,193,7,MIA,LB,1,52.0
1986,194,7,CHI,DB,1,55.0
1986,195,8,RAM,LB,0,
1986,196,8,KAN,ST,0,
1986,197,8,ATL,DL,1,2.0
1986,198,8,IND,DB,1,190.0
1986,199,8,HOU,DB,0,
1986,200,8,NOR,LB,1,60.0
1986,201,8,STL,OL,1,59.0
1986,202,8,BUF,LB,0,
1986,203,8,SFO,TE,0,
1986,204,8,CIN,OL,0,
1986,205,8,DET,WR,0,
1986,206,8,MIN,OL,0,
1986,207,8,PIT,TE,1,135.0
1986,208,8,PHI,LB,1,48.0
1986,209,8,SDG,OL,1,13.0
1986,210,8,GNB,DL,1,125.0
1986,211,8,SEA,DL,0,
1986,212,8,DAL,RB,1,33.0
1986,213,8,WAS,LB,1,113.0
1986,214,8,NYG,OL,0,
1986,215,8,NYJ,DB,0,
1986,216,8,RAM,OL,1,23.0
1986,217,8,DEN,LB,1,188.0
1986,218,8,MIA,OL,0,
1986,219,8,RAI,LB,0,
1986,220,8,NWE,TE,1,109.0
1986,221,8,CHI,DB,1,55.0
1986,222,9,BUF,WR,0,
1986,223,9,TAM,ST,0,
1986,224,9,ATL,TE,0,
1986,225,9,HOU,LB,0,
1986,226,9,NOR,LB,1,60.0
1986,227,9,STL,DB,1,89.0
1986,228,9,IND,OL,1,124.0
1986,229,9,KAN,DL,1,63.0
1986,230,9,CIN,LB,1,11.0
1986,231,9,DET,DB,1,92.0
1986,232,9,MIN,DB,0,
1986,233,9,PHI,DL,1,128.0
1986,234,9,PIT,LB,0,
1986,235,9,SDG,DB,1,129.0
1986,236,9,GNB,LB,1,84.0
1986,237,9,SEA,OL,0,
1986,238,9,CLE,DB,0,
1986,239,9,WAS,DB,1,75.0
1986,240,9,SFO,RB,1,56.0
1986,241,9,NYG,DL,1,19.0
1986,242,9,DAL,OL,1,158.0
1986,243,9,RAM,DB,0,
1986,244,9,DEN,WR,1,161.0
1986,245,9,NYJ,RB,0,
1986,246,9,RAI,DB,1,80.0
1986,247,9,MIA,DB,1,136.0
1986,248,9,NWE,OL,1,137.0
1986,249,9,CHI,ST,0,
1986,250,10,TAM,DL,0,
1986,251,10,BUF,DL,1,178.0
1986,252,10,ATL,RB,0,
1986,253,10,NOR,DL,0,
1986,254,10,STL,RB,0,
1986,255,10,STL,WR,1,170.0
1986,256,10,HOU,OL,0,
1986,257,10,KAN,DL,1,63.0
1986,258,10,DET,LB,0,
1986,259,10,MIN,LB,0,
1986,260,10,PIT,TE,1,135.0
1986,261,10,PHI,RB,1,10.0
1986,262,10,CIN,DL,1,58.0
1986,263,10,GNB,LB,1,84.0
1986,264,10,SEA,DL,1,211.0
1986,265,10,CLE,TE,0,
1986,266,10,IND,OL,1,124.0
1986,267,10,SFO,WR,1,76.0
1986,268,10,NYG,LB,1,51.0
1986,269,10,DAL,OL,1,158.0
1986,270,10,SFO,LB,1,131.0
1986,271,10,DEN,TE,1,151.0
1986,272,10,NYJ,LB,1,79.0
1986,273,10,RAM,LB,1,195.0
1986,274,10,MIA,QB,0,
1986,275,10,RAI,DL,1,24.0
1986,276,10,NWE,RB,1,26.0
1986,277,10,CHI,DB,1,55.0
1986,278,11,BUF,DL,1,178.0
1986,279,11,TAM,OL,1,112.0
1986,280,11,ATL,QB,0,
1986,281,11,STL,LB,1,5.0
1986,282,11,BUF,DL,1,178.0
1986,283,11,HOU,OL,1,256.0
1986,284,11,NOR,DL,1,253.0
1986,285,11,KAN,LB,1,35.0
1986,286,11,MIN,DB,1,232.0
1986,287,11,PIT,LB,1,234.0
1986,288,11,PHI,OL,1,106.0
1986,289,11,CIN,OL,1,204.0
1986,290,11,DET,WR,1,205.0
1986,291,11,SEA,QB,0,
1986,292,11,CLE,OL,1,167.0
1986,293,11,SDG,RB,0,
1986,294,11,CIN,LB,1,11.0
1986,295,11,NYG,OL,1,214.0
1986,296,11,DAL,LB,0,
1986,297,11,WAS,RB,1,186.0
1986,298,11,SDG,OL,1,13.0
1986,299,11,NYJ,RB,1,245.0
1986,300,11,RAM,RB,1,160.0
1986,301,11,DEN,RB,0,
1986,302,11,RAI,LB,1,219.0
1986,303,11,MIA,TE,0,
1986,304,11,NWE,WR,1,187.0
1986,305,11,CHI,WR,1,82.0
1986,306,12,TAM,OL,1,112.0
1986,307,12,DAL,LB,1,296.0
1986,308,12,ATL,WR,1,154.0
1986,309,12,IND,DL,1,4.0
1986,310,12,HOU,RB,1,61.0
1986,311,12,NOR,WR,1,88.0
1986,312,12,STL,QB,0,
1986,313,12,BUF,QB,0,
1986,314,12,PIT,LB,1,234.0
1986,315,12,PHI,OL,1,106.0
1986,316,12,CIN,QB,1,99.0
1986,317,12,DET,DB,1,92.0
1986,318,12,MIN,LB,1,259.0
1986,319,12,CLE,DB,1,238.0
1986,320,12,SDG,DB,1,129.0
1986,321,12,SEA,LB,0,
1986,322,12,DAL,DB,1,185.0
1986,323,12,WAS,WR,1,45.0
1986,324,12,TAM,RB,1,1.0
1986,325,12,PHI,RB,1,10.0
1986,326,12,IND,DL,1,4.0
1986,327,12,RAM,RB,1,160.0
1986,328,12,NYJ,OL,1,22.0
1986,329,12,MIA,RB,0,
1986,330,12,RAI,WR,0,
1986,331,12,BUF,LB,1,202.0
1986,332,12,NWE,ST,0,
1986,333,12,SDG,DB,1,129.0
1987,1,1,TAM,QB,0,
1987,2,1,IND,LB,0,
1987,3,1,HOU,RB,0,
1987,4,1,GNB,RB,0,
1987,5,1,CLE,LB,0,
1987,6,1,STL,QB,0,
1987,7,1,DET,DL,0,
1987,8,1,BUF,LB,0,
1987,9,1,PHI,DL,0,
1987,10,1,PIT,DB,0,
1987,11,1,NOR,DL,0,
1987,12,1,DAL,DL,0,
1987,13,1,ATL,QB,0,
1987,14,1,MIN,RB,0,
1987,15,1,RAI,OL,0,
1987,16,1,MIA,DL,0,
1987,17,1,CIN,DL,0,
1987,18,1,SEA,DL,0,
1987,19,1,KAN,RB,0,
1987,20,1,HOU,WR,0,
1987,21,1,NYJ,RB,0,
1987,22,1,SFO,OL,0,
1987,23,1,NWE,OL,0,
1987,24,1,SDG,RB,0,
1987,25,1,SFO,RB,0,
1987,26,1,CHI,QB,0,
1987,27,1,DEN,WR,0,
1987,28,1,NYG,WR,0,
1987,29,2,BUF,DB,0,
1987,30,2,WAS,DB,0,
1987,31,2,ATL,RB,0,
1987,32,2,CLE,OL,0,
1987,33,2,BUF,DB,1,29.0
1987,34,2,STL,DB,0,
1987,35,2,KAN,RB,1,19.0
1987,36,2,TAM,DB,0,
1987,37,2,SFO,OL,1,22.0
1987,38,2,PIT,DB,1,10.0
1987,39,2,DAL,DB,0,
1987,40,2,NOR,WR,0,
1987,41,2,GNB,LB,0,
1987,42,2,NYJ,LB,0,
1987,43,2,MIA,LB,0,
1987,44,2,MIN,LB,0,
1987,45,2,SEA,LB,0,
1987,46,2,HOU,LB,0,
1987,47,2,RAM,DL,0,
1987,48,2,WAS,OL,0,
1987,49,2,CIN,DB,0,
1987,50,2,TAM,LB,0,
1987,51,2,TAM,RB,0,
1987,52,2,RAI,OL,1,15.0
1987,53,2,SDG,DB,0,
1987,54,2,CHI,WR,0,
1987,55,2,NYG,DB,0,
1987,56,2,MIA,WR,0,
1987,57,3,TAM,WR,0,
1987,58,3,IND,OL,0,
1987,59,3,SDG,DL,0,
1987,60,3,BUF,LB,1,8.0
1987,61,3,GNB,OL,0,
1987,62,3,STL,TE,0,
1987,63,3,DET,DL,1,7.0
1987,64,3,HOU,QB,0,
1987,65,3,PHI,OL,0,
1987,66,3,PIT,WR,0,
1987,67,3,NOR,DB,0,
1987,68,3,DAL,OL,0,
1987,69,3,GNB,LB,1,41.0
1987,70,3,STL,DL,0,
1987,71,3,GNB,WR,0,
1987,72,3,MIN,DL,0,
1987,73,3,KAN,LB,0,
1987,74,3,RAM,DB,0,
1987,75,3,NYJ,LB,1,42.0
1987,76,3,CIN,DB,1,49.0
1987,77,3,CIN,DL,1,17.0
1987,78,3,BUF,RB,0,
1987,79,3,NWE,RB,0,
1987,80,3,CLE,RB,0,
1987,81,3,RAI,RB,0,
1987,82,3,CLE,ST,0,
1987,83,3,NYG,WR,1,28.0
1987,84,4,TAM,LB,1,50.0
1987,85,4,IND,OL,1,58.0
1987,86,3,DEN,LB,0,
1987,87,4,TAM,TE,0,
1987,88,4,SDG,QB,0,
1987,89,4,GNB,DL,0,
1987,90,4,STL,DL,1,70.0
1987,91,4,RAM,DL,1,47.0
1987,92,4,DET,DB,0,
1987,93,4,PHI,LB,0,
1987,94,4,PIT,DB,1,10.0
1987,95,4,DAL,WR,0,
1987,96,4,NOR,OL,0,
1987,97,4,ATL,OL,0,
1987,98,4,NWE,QB,0,
1987,99,4,MIA,RB,0,
1987,100,4,MIN,DB,0,
1987,101,4,CHI,DL,0,
1987,102,4,NWE,DB,0,
1987,103,4,CIN,TE,0,
1987,104,4,SEA,DB,0,
1987,105,4,HOU,LB,1,46.0
1987,106,4,TAM,WR,1,57.0
1987,107,4,NWE,LB,0,
1987,108,4,RAM,LB,0,
1987,109,4,BUF,DL,0,
1987,110,4,RAI,QB,0,
1987,111,4,DEN,LB,1,86.0
1987,112,4,NYG,WR,1,28.0
1987,113,5,NWE,OL,1,23.0
1987,114,5,IND,WR,0,
1987,115,5,SDG,DB,1,53.0
1987,116,5,NWE,DL,0,
1987,117,5,WAS,RB,0,
1987,118,5,STL,RB,0,
1987,119,5,SEA,RB,0,
1987,120,5,CHI,DL,1,101.0
1987,121,5,PHI,OL,1,65.0
1987,122,5,PIT,LB,0,
1987,123,5,NOR,DB,1,67.0
1987,124,5,DAL,WR,1,95.0
1987,125,5,ATL,DL,0,
1987,126,5,STL,ST,0,
1987,127,5,STL,LB,0,
1987,128,5,KAN,WR,0,
1987,129,5,NYJ,DB,0,
1987,130,5,CIN,RB,0,
1987,131,5,SEA,ST,0,
1987,132,5,MIA,OL,0,
1987,133,5,HOU,RB,1,3.0
1987,134,5,SFO,WR,0,
1987,135,5,TAM,LB,1,50.0
1987,136,5,RAM,DL,1,47.0
1987,137,5,TAM,DB,1,36.0
1987,138,5,CHI,LB,0,
1987,139,5,CIN,ST,0,
1987,140,5,NYG,OL,0,
1987,141,6,PIT,DL,0,
1987,142,6,IND,DB,0,
1987,143,6,TAM,RB,1,51.0
1987,144,6,WAS,DB,1,30.0
1987,145,6,GNB,WR,1,71.0
1987,146,6,STL,DL,1,70.0
1987,147,6,HOU,LB,1,46.0
1987,148,6,DET,LB,0,
1987,149,6,PHI,LB,1,93.0
1987,150,6,PIT,LB,1,122.0
1987,151,6,DAL,OL,1,68.0
1987,152,6,NOR,WR,1,40.0
1987,153,6,ATL,OL,1,97.0
1987,154,6,CHI,OL,0,
1987,155,6,MIA,LB,1,43.0
1987,156,6,MIN,WR,0,
1987,157,6,CIN,DB,1,49.0
1987,158,6,PHI,DL,1,9.0
1987,159,6,HOU,LB,1,46.0
1987,160,6,NYG,RB,0,
1987,161,6,NYJ,WR,0,
1987,162,6,SFO,LB,0,
1987,163,6,NWE,WR,0,
1987,164,6,WAS,OL,1,48.0
1987,165,6,CLE,DB,0,
1987,166,6,RAM,TE,0,
1987,167,6,DEN,RB,0,
1987,168,6,NYG,OL,1,140.0
1987,169,7,TAM,DL,0,
1987,170,7,IND,WR,1,114.0
1987,171,7,BUF,RB,1,78.0
1987,172,7,GNB,DL,1,89.0
1987,173,7,SDG,WR,0,
1987,174,7,STL,DB,1,34.0
1987,175,7,DET,DL,1,7.0
1987,176,7,HOU,DL,0,
1987,177,7,PHI,OL,1,65.0
1987,178,7,PIT,TE,0,
1987,179,7,NOR,DB,1,67.0
1987,180,7,DAL,QB,0,
1987,181,7,ATL,LB,0,
1987,182,7,MIA,RB,1,99.0
1987,183,7,RAI,RB,1,81.0
1987,184,7,SEA,DL,1,18.0
1987,185,7,SEA,TE,0,
1987,186,7,KAN,QB,0,
1987,187,7,NYJ,DL,0,
1987,188,7,CIN,OL,0,
1987,189,7,SFO,ST,0,
1987,190,7,TAM,OL,0,
1987,191,7,GNB,ST,0,
1987,192,7,WAS,DB,1,30.0
1987,193,7,CHI,OL,1,154.0
1987,194,7,DEN,TE,0,
1987,195,7,STL,TE,1,62.0
1987,196,8,NYJ,RB,1,21.0
1987,197,8,TAM,DL,1,169.0
1987,198,8,GNB,DL,1,89.0
1987,199,8,SDG,OL,0,
1987,200,8,IND,DB,1,142.0
1987,201,8,STL,DL,1,70.0
1987,202,8,HOU,WR,1,20.0
1987,203,8,DET,LB,1,148.0
1987,204,8,SDG,LB,0,
1987,205,8,PIT,DL,1,141.0
1987,206,8,DAL,OL,1,68.0
1987,207,8,NOR,DB,1,67.0
1987,208,8,ATL,LB,1,181.0
1987,209,8,BUF,DL,1,109.0
1987,210,8,MIA,TE,0,
1987,211,8,MIN,RB,1,14.0
1987,212,8,MIA,OL,1,132.0
1987,213,8,RAM,DB,1,74.0
1987,214,8,NYJ,ST,0,
1987,215,8,CIN,DB,1,49.0
1987,216,8,SEA,QB,0,
1987,217,8,SFO,LB,1,162.0
1987,218,8,KAN,RB,1,19.0
1987,219,8,WAS,DB,1,30.0
1987,220,8,CLE,LB,1,5.0
1987,221,8,CHI,LB,1,138.0
1987,222,8,DEN,OL,0,
1987,223,8,NYG,TE,0,
1987,224,9,TAM,RB,1,51.0
1987,225,9,NYG,OL,1,140.0
1987,226,9,SDG,RB,1,24.0
1987,227,9,BUF,TE,0,
1987,228,9,GNB,OL,1,61.0
1987,229,9,STL,LB,1,127.0
1987,230,9,DET,RB,0,
1987,231,9,HOU,OL,0,
1987,232,9,PHI,QB,0,
1987,233,9,PIT,WR,1,66.0
1987,234,9,NOR,LB,0,
1987,235,9,DAL,RB,0,
1987,236,9,ATL,DB,0,
1987,237,9,MIA,LB,1,43.0
1987,238,9,RAI,TE,0,
1987,239,9,MIN,DB,1,100.0
1987,240,9,RAM,RB,0,
1987,241,9,NYJ,DL,1,187.0
1987,242,9,CIN,LB,0,
1987,243,9,SEA,LB,1,45.0
1987,244,9,KAN,DL,0,
1987,245,9,SFO,DB,0,
1987,246,9,TAM,ST,0,
1987,247,9,IND,LB,1,2.0
1987,248,9,WAS,RB,1,117.0
1987,249,9,CHI,RB,0,
1987,250,9,DEN,DB,0,
1987,251,9,NYG,RB,1,160.0
1987,252,10,TAM,OL,1,190.0
1987,253,10,IND,DB,1,142.0
1987,254,10,RAI,DB,0,
1987,255,10,GNB,QB,0,
1987,256,10,SDG,DB,1,53.0
1987,257,10,STL,DB,1,34.0
1987,258,10,HOU,WR,1,20.0
1987,259,10,DET,WR,0,
1987,260,10,PHI,DL,1,9.0
1987,261,10,PIT,RB,0,
1987,262,10,DAL,LB,0,
1987,263,10,NOR,WR,1,40.0
1987,264,10,ATL,TE,0,
1987,265,10,RAI,OL,1,15.0
1987,266,10,MIA,DB,0,
1987,267,10,MIN,OL,0,
1987,268,10,NYJ,DB,1,129.0
1987,269,10,CIN,RB,1,130.0
1987,270,10,SEA,WR,0,
1987,271,10,KAN,RB,1,19.0
1987,272,10,RAM,LB,1,108.0
1987,273,10,RAI,LB,0,
1987,274,10,WAS,WR,0,
1987,275,10,SFO,QB,0,
1987,276,10,CLE,OL,1,32.0
1987,277,10,CHI,DL,1,101.0
1987,278,10,DEN,LB,1,86.0
1987,279,10,NYG,LB,0,
1987,280,11,TAM,RB,1,51.0
1987,281,11,IND,DL,0,
1987,282,11,GNB,WR,1,71.0
1987,283,11,BUF,OL,0,
1987,284,11,SDG,OL,1,199.0
1987,285,11,STL,OL,0,
1987,286,11,DET,TE,0,
1987,287,11,HOU,OL,1,231.0
1987,288,11,RAI,RB,1,81.0
1987,289,11,PIT,OL,0,
1987,290,11,NOR,TE,0,
1987,291,11,DAL,ST,0,
1987,292,11,ATL,DB,1,236.0
1987,293,11,MIA,DL,1,16.0
1987,294,11,RAI,TE,1,238.0
1987,295,11,MIN,QB,0,
1987,296,11,CIN,OL,1,188.0
1987,297,11,SEA,RB,1,119.0
1987,298,11,KAN,WR,1,128.0
1987,299,11,DEN,DL,0,
1987,300,11,NYJ,LB,1,42.0
1987,301,11,SFO,WR,1,134.0
1987,302,11,NWE,ST,0,
1987,303,11,CLE,DB,1,165.0
1987,304,11,WAS,WR,1,274.0
1987,305,11,CHI,RB,1,249.0
1987,306,11,DEN,RB,1,167.0
1987,307,11,NYG,QB,0,
1987,308,12,TAM,DL,1,169.0
1987,309,12,IND,RB,0,
1987,310,12,SDG,RB,1,24.0
1987,311,12,BUF,DL,1,109.0
1987,312,12,SEA,DL,1,18.0
1987,313,12,TAM,QB,1,1.0
1987,314,12,HOU,RB,1,3.0
1987,315,12,DET,WR,1,259.0
1987,316,12,PHI,RB,0,
1987,317,12,PIT,TE,1,178.0
1987,318,12,DAL,LB,1,262.0
1987,319,12,NOR,OL,1,96.0
1987,320,12,ATL,RB,1,31.0
1987,321,12,NYG,DL,0,
1987,322,12,MIA,QB,0,
1987,323,12,MIN,DL,1,72.0
1987,324,12,SEA,RB,1,119.0
1987,325,12,KAN,LB,1,73.0
1987,326,12,RAM,RB,1,240.0
1987,327,12,NYJ,QB,0,
1987,328,12,CIN,RB,1,130.0
1987,329,12,NYG,RB,1,160.0
1987,330,12,NWE,RB,1,79.0
1987,331,12,WAS,OL,1,48.0
1987,332,12,RAM,DL,1,47.0
1987,333,12,CHI,DB,0,
1987,334,12,DEN,DB,1,250.0
1987,335,12,GNB,DB,0,
1988,1,1,ATL,LB,0,
1988,2,1,KAN,DL,0,
1988,3,1,DET,DB,0,
1988,4,1,TAM,OL,0,
1988,5,1,CIN,DB,0,
1988,6,1,RAI,WR,0,
1988,7,1,GNB,WR,0,
1988,8,1,NYJ,OL,0,
1988,9,1,RAI,DB,0,
1988,10,1,NYG,OL,0,
1988,11,1,DAL,WR,0,
1988,12,1,PHO,LB,0,
1988,13,1,PHI,TE,0,
1988,14,1,RAM,RB,0,
1988,15,1,SDG,WR,0,
1988,16,1,MIA,DL,0,
1988,17,1,NWE,RB,0,
1988,18,1,PIT,DL,0,
1988,19,1,MIN,OL,0,
1988,20,1,RAM,WR,0,
1988,21,1,CLE,LB,0,
1988,22,1,HOU,RB,0,
1988,23,1,CHI,RB,0,
1988,24,1,NOR,RB,0,
1988,25,1,RAI,DL,0,
1988,26,1,DEN,DL,0,
1988,27,1,CHI,WR,0,
1988,28,2,ATL,LB,1,1.0
1988,29,2,DET,LB,0,
1988,30,2,PHI,DB,0,
1988,31,2,CIN,RB,0,
1988,32,2,DET,TE,0,
1988,33,2,SFO,DL,0,
1988,34,2,GNB,DL,0,
1988,35,2,RAM,DB,0,
1988,36,2,NYG,OL,1,10.0
1988,37,2,NYJ,DB,0,
1988,38,2,PHO,RB,0,
1988,39,2,SFO,DL,1,33.0
1988,40,2,BUF,RB,0,
1988,41,2,DAL,LB,0,
1988,42,2,MIA,DB,0,
1988,43,2,NWE,LB,0,
1988,44,2,PIT,OL,0,
1988,45,2,DEN,OL,0,
1988,46,2,RAM,WR,1,20.0
1988,47,2,RAM,LB,0,
1988,48,2,HOU,DB,0,
1988,49,2,SEA,WR,0,
1988,50,2,CLE,DL,0,
1988,51,2,CHI,LB,0,
1988,52,2,NOR,WR,0,
1988,53,2,TAM,RB,0,
1988,54,2,MIN,DB,0,
1988,55,2,WAS,ST,0,
1988,56,3,ATL,TE,0,
1988,57,3,CIN,LB,0,
1988,58,3,DET,WR,0,
1988,59,3,KAN,DB,0,
1988,60,3,SDG,WR,1,15.0
1988,61,3,GNB,RB,0,
1988,62,3,NYG,DB,0,
1988,63,3,NYJ,DB,1,37.0
1988,64,3,PHI,OL,0,
1988,65,3,BUF,WR,0,
1988,66,3,WAS,RB,0,
1988,67,3,DAL,OL,0,
1988,68,3,PHO,QB,0,
1988,69,3,NWE,OL,0,
1988,70,3,PIT,OL,1,44.0
1988,71,3,MIN,DL,0,
1988,72,3,HOU,ST,0,
1988,73,3,MIA,TE,0,
1988,74,3,NYJ,DB,1,37.0
1988,75,3,SEA,WR,1,49.0
1988,76,3,IND,QB,0,
1988,77,3,CLE,LB,1,21.0
1988,78,3,CHI,DL,0,
1988,79,3,DEN,DB,0,
1988,80,3,SFO,LB,0,
1988,81,3,NOR,DL,0,
1988,82,3,RAM,DL,0,
1988,83,4,TAM,DL,0,
1988,84,4,CIN,DL,0,
1988,85,4,DET,DB,1,3.0
1988,86,4,TAM,OL,1,4.0
1988,87,4,NWE,DL,0,
1988,88,4,GNB,DL,1,34.0
1988,89,4,GNB,DB,0,
1988,90,4,RAI,DL,1,25.0
1988,91,4,SDG,DL,0,
1988,92,4,NYG,LB,0,
1988,93,4,SDG,OL,0,
1988,94,4,DAL,OL,1,67.0
1988,95,4,PHO,DB,0,
1988,96,4,KAN,WR,0,
1988,97,4,NWE,WR,0,
1988,98,4,SDG,OL,1,93.0
1988,99,4,MIA,OL,0,
1988,100,4,NWE,ST,0,
1988,101,4,SEA,RB,0,
1988,102,4,SFO,ST,0,
1988,103,4,CLE,DB,0,
1988,104,4,IND,DB,0,
1988,105,4,CHI,TE,0,
1988,106,4,NOR,RB,1,24.0
1988,107,4,TAM,ST,0,
1988,108,4,MIN,OL,1,19.0
1988,109,4,WAS,RB,1,66.0
1988,110,5,ATL,DB,0,
1988,111,5,DET,OL,0,
1988,112,5,NOR,TE,0,
1988,113,5,TAM,RB,1,53.0
1988,114,5,CIN,OL,0,
1988,115,5,NWE,OL,1,69.0
1988,116,5,GNB,LB,0,
1988,117,5,RAM,RB,1,14.0
1988,118,5,NYG,DL,0,
1988,119,5,NYJ,OL,1,8.0
1988,120,5,PHO,LB,1,12.0
1988,121,5,PIT,LB,0,
1988,122,5,PHI,DB,1,30.0
1988,123,5,BUF,DB,0,
1988,124,5,MIN,DB,1,54.0
1988,125,5,HOU,DB,1,48.0
1988,126,5,MIA,DB,1,42.0
1988,127,5,WAS,DB,0,
1988,128,5,PIT,DL,1,18.0
1988,129,5,IND,DB,1,104.0
1988,130,5,HOU,TE,0,
1988,131,5,RAI,DB,1,9.0
1988,132,5,PHO,RB,1,38.0
1988,133,5,CHI,LB,1,51.0
1988,134,5,NOR,DB,0,
1988,135,5,BUF,ST,0,
1988,136,5,DEN,DB,1,79.0
1988,137,5,RAM,DB,1,35.0
1988,138,6,ATL,WR,0,
1988,139,6,KAN,RB,0,
1988,140,6,ATL,OL,0,
1988,141,6,CIN,OL,1,114.0
1988,142,6,DET,RB,0,
1988,143,6,RAI,LB,0,
1988,144,6,GNB,DL,1,34.0
1988,145,6,NYG,OL,1,10.0
1988,146,6,NYJ,DL,0,
1988,147,6,RAM,RB,1,14.0
1988,148,6,PHO,OL,0,
1988,149,6,PHI,QB,0,
1988,150,6,BUF,LB,0,
1988,151,6,DAL,QB,0,
1988,152,6,SDG,LB,0,
1988,153,6,MIA,RB,0,
1988,154,6,NWE,TE,0,
1988,155,6,PIT,RB,0,
1988,156,6,MIA,RB,1,153.0
1988,157,6,HOU,LB,0,
1988,158,6,SEA,DL,0,
1988,159,6,WAS,QB,0,
1988,160,6,PHI,DB,1,30.0
1988,161,6,CHI,DB,0,
1988,162,6,NOR,OL,0,
1988,163,6,TAM,DL,1,83.0
1988,164,6,MIN,DB,1,54.0
1988,165,6,RAM,DL,1,82.0
1988,166,7,ATL,WR,1,138.0
1988,167,7,TAM,RB,1,53.0
1988,168,7,CIN,LB,1,57.0
1988,169,7,DET,WR,1,58.0
1988,170,7,KAN,LB,0,
1988,171,7,RAI,DB,1,9.0
1988,172,7,NYJ,RB,0,
1988,173,7,GNB,DB,1,89.0
1988,174,7,DEN,TE,0,
1988,175,7,NYG,QB,0,
1988,176,7,PHI,WR,0,
1988,177,7,BUF,OL,0,
1988,178,7,DAL,OL,1,67.0
1988,179,7,PHO,WR,0,
1988,180,7,MIA,QB,0,
1988,181,7,NWE,WR,1,97.0
1988,182,7,PIT,WR,0,
1988,183,7,MIN,TE,0,
1988,184,7,BUF,RB,1,40.0
1988,185,7,SEA,DB,0,
1988,186,7,NYG,TE,0,
1988,187,7,HOU,DB,1,48.0
1988,188,7,CLE,DB,1,103.0
1988,189,7,CHI,OL,0,
1988,190,7,NOR,LB,0,
1988,191,7,SFO,LB,1,80.0
1988,192,7,DEN,OL,1,45.0
1988,193,7,WAS,DB,1,127.0
1988,194,8,ATL,LB,1,1.0
1988,195,8,CIN,DL,1,84.0
1988,196,8,DET,DL,0,
1988,197,8,KAN,TE,0,
1988,198,8,TAM,RB,1,53.0
1988,199,8,RAI,WR,1,6.0
1988,200,8,GNB,RB,1,61.0
1988,201,8,RAM,WR,1,20.0
1988,202,8,NYG,DB,1,62.0
1988,203,8,NYJ,TE,0,
1988,204,8,BUF,DB,1,123.0
1988,205,8,DAL,RB,0,
1988,206,8,PHO,LB,1,12.0
1988,207,8,PHI,RB,0,
1988,208,8,CHI,DB,1,161.0
1988,209,8,PIT,DL,1,18.0
1988,210,8,MIN,LB,0,
1988,211,8,PIT,TE,0,
1988,212,8,MIA,OL,1,99.0
1988,213,8,BUF,DL,0,
1988,214,8,HOU,OL,0,
1988,215,8,SEA,TE,0,
1988,216,8,CLE,WR,0,
1988,217,8,CHI,RB,1,23.0
1988,218,8,NOR,OL,1,162.0
1988,219,8,SFO,OL,0,
1988,220,8,MIA,OL,1,99.0
1988,221,8,WAS,RB,1,66.0
1988,222,9,ATL,RB,0,
1988,223,9,DET,DB,1,3.0
1988,224,9,KAN,WR,1,96.0
1988,225,9,TAM,DL,1,83.0
1988,226,9,CIN,DB,1,5.0
1988,227,9,RAI,RB,0,
1988,228,9,GNB,TE,0,
1988,229,9,RAI,ST,0,
1988,230,9,NYJ,OL,1,8.0
1988,231,9,RAM,DL,1,82.0
1988,232,9,DAL,WR,1,11.0
1988,233,9,PHO,OL,1,148.0
1988,234,9,DET,OL,1,111.0
1988,235,9,BUF,LB,1,150.0
1988,236,9,PIT,RB,1,155.0
1988,237,9,MIN,LB,1,210.0
1988,238,9,SDG,OL,1,93.0
1988,239,9,MIA,DL,1,16.0
1988,240,9,NWE,DB,0,
1988,241,9,HOU,LB,1,157.0
1988,242,9,SEA,DL,1,158.0
1988,243,9,IND,LB,0,
1988,244,9,CLE,DB,1,103.0
1988,245,9,CHI,WR,1,27.0
1988,246,9,NOR,DB,1,134.0
1988,247,9,SFO,LB,1,80.0
1988,248,9,DEN,RB,0,
1988,249,9,WAS,LB,0,
1988,250,10,ATL,OL,1,140.0
1988,251,10,KAN,RB,1,139.0
1988,252,10,PIT,OL,1,44.0
1988,253,10,CIN,DB,1,5.0
1988,254,10,DET,WR,1,58.0
1988,255,10,RAI,OL,0,
1988,256,10,GNB,QB,0,
1988,257,10,NYJ,DB,1,37.0
1988,258,10,RAM,OL,0,
1988,259,10,NYG,DB,1,62.0
1988,260,10,PHO,WR,1,179.0
1988,261,10,PHI,DL,0,
1988,262,10,BUF,DB,1,123.0
1988,263,10,DAL,DB,0,
1988,264,10,MIN,OL,1,19.0
1988,265,10,NYG,TE,1,186.0
1988,266,10,MIA,DL,1,16.0
1988,267,10,NWE,OL,1,69.0
1988,268,10,DEN,RB,1,248.0
1988,269,10,SEA,DL,1,158.0
1988,270,10,IND,LB,1,243.0
1988,271,10,HOU,WR,0,
1988,272,10,CLE,DB,1,103.0
1988,273,10,CHI,OL,1,189.0
1988,274,10,NOR,QB,0,
1988,275,10,SFO,ST,1,102.0
1988,276,10,NOR,LB,1,190.0
1988,277,10,WAS,OL,0,
1988,278,11,ATL,WR,1,138.0
1988,279,11,TAM,WR,0,
1988,280,11,CIN,ST,0,
1988,281,11,DET,QB,0,
1988,282,11,KAN,QB,0,
1988,283,11,RAI,QB,0,
1988,284,11,SEA,OL,0,
1988,285,11,SDG,OL,1,93.0
1988,286,11,NYG,WR,0,
1988,287,11,NYJ,LB,0,
1988,288,11,PHI,DB,1,30.0
1988,289,11,BUF,DL,1,213.0
1988,290,11,DAL,DL,0,
1988,291,11,PHO,DB,1,95.0
1988,292,11,MIA,RB,1,153.0
1988,293,11,SDG,DL,1,91.0
1988,294,11,NWE,RB,1,17.0
1988,295,11,PIT,DB,0,
1988,296,11,MIN,DB,1,54.0
1988,297,11,IND,TE,0,
1988,298,11,HOU,DL,0,
1988,299,11,SEA,DB,1,185.0
1988,300,11,CLE,WR,1,216.0
1988,301,11,CHI,LB,1,51.0
1988,302,11,NOR,WR,1,52.0
1988,303,11,SFO,DB,0,
1988,304,11,DEN,RB,1,248.0
1988,305,11,WAS,DL,0,
1988,306,12,ATL,DB,1,110.0
1988,307,12,CIN,WR,0,
1988,308,12,IND,WR,0,
1988,309,12,BUF,OL,1,177.0
1988,310,12,TAM,LB,0,
1988,311,12,RAI,OL,1,255.0
1988,312,12,GNB,WR,1,7.0
1988,313,12,NYG,DL,1,118.0
1988,314,12,NYJ,DL,1,146.0
1988,315,12,WAS,ST,1,55.0
1988,316,12,BUF,LB,1,150.0
1988,317,12,DAL,LB,1,41.0
1988,318,12,PHO,DB,1,95.0
1988,319,12,PHI,DL,1,261.0
1988,320,12,MIA,TE,1,73.0
1988,321,12,NWE,DL,1,87.0
1988,322,12,PIT,LB,1,121.0
1988,323,12,NYG,DL,1,118.0
1988,324,12,SDG,DB,0,
1988,325,12,HOU,LB,1,157.0
1988,326,12,SEA,OL,1,284.0
1988,327,12,IND,ST,0,
1988,328,12,CLE,QB,0,
1988,329,12,CHI,LB,1,51.0
1988,330,12,NOR,DL,1,81.0
1988,331,12,SFO,LB,1,80.0
1988,332,12,DEN,DL,1,26.0
1988,333,12,RAM,WR,1,20.0
1989,1,1,DAL,QB,0,
1989,2,1,GNB,OL,0,
1989,3,1,DET,RB,0,
1989,4,1,KAN,LB,0,
1989,5,1,ATL,DB,0,
1989,6,1,TAM,LB,0,
1989,7,1,PIT,RB,0,
1989,8,1,SDG,DL,0,
1989,9,1,MIA,RB,0,
1989,10,1,PHO,LB,0,
1989,11,1,CHI,DB,0,
1989,12,1,CHI,DL,0,
1989,13,1,CLE,RB,0,
1989,14,1,NYJ,DL,0,
1989,15,1,SEA,OL,0,
1989,16,1,NWE,WR,0,
1989,17,1,PHO,OL,0,
1989,18,1,NYG,OL,0,
1989,19,1,NOR,DL,0,
1989,20,1,DEN,DB,0,
1989,21,1,RAM,DL,0,
1989,22,1,IND,WR,0,
1989,23,1,HOU,OL,0,
1989,24,1,PIT,OL,0,
1989,25,1,MIA,DB,0,
1989,26,1,RAM,RB,0,
1989,27,1,ATL,WR,0,
1989,28,1,SFO,LB,0,
1989,29,2,DAL,OL,0,
1989,30,2,DET,WR,0,
1989,31,2,CLE,WR,0,
1989,32,2,KAN,QB,0,
1989,33,2,TAM,WR,0,
1989,34,2,PIT,DB,0,
1989,35,2,CIN,RB,0,
1989,36,2,CHI,LB,0,
1989,37,2,SDG,OL,0,
1989,38,2,ATL,OL,0,
1989,39,2,DAL,RB,0,
1989,40,2,PHO,TE,0,
1989,41,2,DEN,OL,0,
1989,42,2,NYJ,DL,1,14.0
1989,43,2,NWE,DB,0,
1989,44,2,SEA,OL,1,15.0
1989,45,2,RAM,LB,0,
1989,46,2,NOR,DB,0,
1989,47,2,DEN,DL,0,
1989,48,2,RAM,LB,1,45.0
1989,49,2,PHI,LB,0,
1989,50,2,HOU,LB,0,
1989,51,2,SDG,QB,0,
1989,52,2,MIN,LB,0,
1989,53,2,RAM,DB,0,
1989,54,2,CHI,OL,0,
1989,55,2,CIN,OL,0,
1989,56,2,SFO,TE,0,
1989,57,3,DAL,OL,1,29.0
1989,58,3,GNB,DL,0,
1989,59,3,DET,OL,0,
1989,60,3,KAN,WR,0,
1989,61,3,PIT,WR,0,
1989,62,3,ATL,RB,0,
1989,63,3,NWE,TE,0,
1989,64,3,NYG,OL,1,18.0
1989,65,3,CHI,OL,1,54.0
1989,66,3,WAS,DL,0,
1989,67,3,PHO,OL,1,17.0
1989,68,3,DAL,DL,0,
1989,69,3,DEN,OL,1,41.0
1989,70,3,NYJ,LB,0,
1989,71,3,SEA,RB,0,
1989,72,3,IND,DL,0,
1989,73,3,NWE,DL,0,
1989,74,3,GNB,QB,0,
1989,75,3,RAM,OL,0,
1989,76,3,PHI,RB,0,
1989,77,3,HOU,DB,0,
1989,78,3,NYG,DB,0,
1989,79,3,NOR,DB,1,46.0
1989,80,3,MIN,OL,0,
1989,81,3,PHI,LB,1,49.0
1989,82,3,BUF,WR,0,
1989,83,3,CIN,QB,0,
1989,84,3,SFO,RB,0,
1989,85,4,DAL,DL,1,68.0
1989,86,4,DET,DB,0,
1989,87,4,GNB,QB,1,74.0
1989,88,4,KAN,DB,0,
1989,89,4,CIN,LB,0,
1989,90,4,TAM,DB,0,
1989,91,4,PIT,LB,0,
1989,92,4,MIA,DB,1,25.0
1989,93,4,NYG,RB,0,
1989,94,4,PHO,DL,0,
1989,95,4,CHI,DB,1,11.0
1989,96,4,NWE,DB,1,43.0
1989,97,4,DEN,DL,1,47.0
1989,98,4,NYJ,DL,1,14.0
1989,99,4,IND,OL,0,
1989,100,4,NWE,WR,1,16.0
1989,101,4,SEA,TE,0,
1989,102,4,RAM,QB,0,
1989,103,4,SEA,DB,0,
1989,104,4,HOU,WR,0,
1989,105,4,NYG,DL,0,
1989,106,4,NOR,DB,1,46.0
1989,107,4,CLE,DL,0,
1989,108,4,MIN,TE,0,
1989,109,4,BUF,WR,1,82.0
1989,110,4,WAS,WR,0,
1989,111,4,CIN,OL,1,55.0
1989,112,4,SFO,WR,0,
1989,113,5,DAL,TE,0,
1989,114,5,CLE,DB,0,
1989,115,5,DET,DL,0,
1989,116,5,CLE,WR,1,31.0
1989,117,5,TAM,RB,0,
1989,118,5,PIT,DB,1,34.0
1989,119,5,DAL,LB,0,
1989,120,5,SDG,DB,0,
1989,121,5,MIA,OL,0,
1989,122,5,SFO,DB,0,
1989,123,5,PHO,LB,1,10.0
1989,124,5,GNB,WR,0,
1989,125,5,DAL,DL,1,68.0
1989,126,5,NYJ,WR,0,
1989,127,5,GNB,RB,0,
1989,128,5,PHO,DL,1,94.0
1989,129,5,WAS,DB,0,
1989,130,5,CHI,RB,0,
1989,131,5,HOU,DL,0,
1989,132,5,NYG,RB,1,93.0
1989,133,5,NOR,OL,0,
1989,134,5,DEN,DB,1,20.0
1989,135,5,RAM,WR,0,
1989,136,5,CHI,LB,1,36.0
1989,137,5,BUF,DB,0,
1989,138,5,CIN,DL,0,
1989,139,5,WAS,DL,1,66.0
1989,140,6,RAI,QB,0,
1989,141,6,DET,QB,0,
1989,142,6,GNB,ST,0,
1989,143,6,KAN,WR,1,60.0
1989,144,6,PIT,WR,1,61.0
1989,145,6,ATL,TE,0,
1989,146,6,TAM,ST,0,
1989,147,6,MIA,LB,0,
1989,148,6,RAM,DB,1,53.0
1989,149,6,WAS,DB,1,129.0
1989,150,6,PHO,DB,0,
1989,151,6,NYJ,DL,1,14.0
1989,152,6,DEN,WR,0,
1989,153,6,NYJ,WR,1,126.0
1989,154,6,TAM,LB,1,6.0
1989,155,6,IND,LB,0,
1989,156,6,RAI,RB,0,
1989,157,6,HOU,DB,1,77.0
1989,158,6,NYG,TE,0,
1989,159,6,NOR,WR,0,
1989,160,6,CLE,DB,1,114.0
1989,161,6,RAM,LB,1,45.0
1989,162,6,PHI,RB,1,76.0
1989,163,6,MIN,OL,1,80.0
1989,164,6,BUF,RB,0,
1989,165,6,NWE,RB,0,
1989,166,6,CIN,RB,1,35.0
1989,167,6,SFO,LB,1,28.0
1989,168,7,DAL,LB,1,119.0
1989,169,7,GNB,DL,1,58.0
1989,170,7,DET,DB,1,86.0
1989,171,7,KAN,LB,1,4.0
1989,172,7,ATL,RB,1,62.0
1989,173,7,BUF,DB,1,137.0
1989,174,7,PIT,DB,1,34.0
1989,175,7,NYG,OL,1,18.0
1989,176,7,MIA,OL,1,121.0
1989,177,7,PHO,DB,1,150.0
1989,178,7,NWE,LB,0,
1989,179,7,WAS,LB,0,
1989,180,7,DEN,RB,0,
1989,181,7,NYJ,DB,0,
1989,182,7,IND,RB,0,
1989,183,7,SDG,RB,0,
1989,184,7,SEA,DB,1,103.0
1989,185,7,IND,DB,0,
1989,186,7,NOR,LB,0,
1989,187,7,CLE,OL,0,
1989,188,7,RAM,LB,1,45.0
1989,189,7,CHI,DB,1,11.0
1989,190,7,HOU,LB,1,50.0
1989,191,7,MIN,DL,0,
1989,192,7,CHI,QB,0,
1989,193,7,BUF,DB,1,137.0
1989,194,7,CIN,WR,0,
1989,195,7,SDG,QB,1,51.0
1989,196,8,DAL,RB,1,39.0
1989,197,8,DET,DL,1,115.0
1989,198,8,GNB,DB,0,
1989,199,8,KAN,RB,0,
1989,200,8,TAM,OL,0,
1989,201,8,PIT,DL,0,
1989,202,8,ATL,QB,0,
1989,203,8,MIA,ST,0,
1989,204,8,SDG,WR,0,
1989,205,8,RAI,RB,1,156.0
1989,206,8,GNB,ST,1,142.0
1989,207,8,PHO,RB,0,
1989,208,8,DEN,TE,0,
1989,209,8,NYJ,RB,0,
1989,210,8,NWE,DB,1,43.0
1989,211,8,SEA,DL,0,
1989,212,8,IND,LB,1,155.0
1989,213,8,NOR,WR,1,159.0
1989,214,8,CLE,TE,0,
1989,215,8,RAM,OL,1,75.0
1989,216,8,CHI,DL,1,12.0
1989,217,8,HOU,DB,1,77.0
1989,218,8,NYG,DB,1,78.0
1989,219,8,MIN,DL,1,191.0
1989,220,8,KAN,RB,1,199.0
1989,221,8,CHI,OL,1,54.0
1989,222,8,CIN,LB,1,89.0
1989,223,8,NWE,DB,1,43.0
1989,224,9,DAL,DB,0,
1989,225,9,GNB,OL,1,2.0
1989,226,9,DET,DL,1,115.0
1989,227,9,KAN,DB,1,88.0
1989,228,9,PIT,LB,1,91.0
1989,229,9,ATL,LB,0,
1989,230,9,TAM,RB,1,117.0
1989,231,9,SDG,TE,0,
1989,232,9,MIA,LB,1,147.0
1989,233,9,WAS,TE,0,
1989,234,9,PHO,ST,0,
1989,235,9,RAI,DB,0,
1989,236,9,DEN,OL,1,41.0
1989,237,9,NYJ,DL,1,14.0
1989,238,9,SEA,OL,1,15.0
1989,239,9,IND,WR,1,22.0
1989,240,9,NWE,RB,1,165.0
1989,241,9,DEN,RB,1,180.0
1989,242,9,RAM,TE,0,
1989,243,9,CHI,LB,1,36.0
1989,244,9,HOU,TE,0,
1989,245,9,NYG,DB,1,78.0
1989,246,9,NOR,LB,1,186.0
1989,247,9,NWE,OL,0,
1989,248,9,CHI,RB,1,130.0
1989,249,9,BUF,DL,0,
1989,250,9,CIN,OL,1,55.0
1989,251,9,SFO,LB,1,28.0
1989,252,10,DAL,LB,1,119.0
1989,253,10,DET,WR,1,30.0
1989,254,10,GNB,DB,1,198.0
1989,255,10,KAN,LB,1,4.0
1989,256,10,CIN,DB,0,
1989,257,10,TAM,OL,1,200.0
1989,258,10,PIT,LB,1,91.0
1989,259,10,MIA,WR,0,
1989,260,10,SDG,LB,0,
1989,261,10,PHO,ST,1,234.0
1989,262,10,RAI,DL,0,
1989,263,10,WAS,OL,0,
1989,264,10,DEN,DL,1,47.0
1989,265,10,NYJ,LB,1,70.0
1989,266,10,IND,OL,1,99.0
1989,267,10,NWE,DL,1,73.0
1989,268,10,SEA,RB,1,71.0
1989,269,10,RAM,WR,1,135.0
1989,270,10,CHI,TE,0,
1989,271,10,HOU,RB,0,
1989,272,10,NYG,DL,1,105.0
1989,273,10,NOR,RB,0,
1989,274,10,CLE,OL,1,187.0
1989,275,10,MIA,DL,0,
1989,276,10,BUF,DB,1,137.0
1989,277,10,CHI,WR,0,
1989,278,10,CIN,QB,1,83.0
1989,279,10,SFO,OL,0,
1989,280,11,DAL,LB,1,119.0
1989,281,11,GNB,DB,1,198.0
1989,282,11,DET,LB,0,
1989,283,11,KAN,DB,1,88.0
1989,284,11,TAM,OL,1,200.0
1989,285,11,PIT,WR,1,61.0
1989,286,11,ATL,RB,1,62.0
1989,287,11,SDG,RB,1,183.0
1989,288,11,MIA,OL,1,121.0
1989,289,11,SFO,RB,1,84.0
1989,290,11,TAM,DL,0,
1989,291,11,PHO,DL,1,94.0
1989,292,11,DEN,DB,1,20.0
1989,293,11,NYJ,DB,1,181.0
1989,294,11,NWE,RB,1,165.0
1989,295,11,SEA,DL,1,211.0
1989,296,11,IND,QB,0,
1989,297,11,CHI,DL,1,12.0
1989,298,11,HOU,OL,1,23.0
1989,299,11,NYG,LB,0,
1989,300,11,NOR,DB,1,46.0
1989,301,11,CLE,ST,0,
1989,302,11,TAM,WR,1,33.0
1989,303,11,MIN,RB,0,
1989,304,11,CHI,DB,1,11.0
1989,305,11,BUF,LB,0,
1989,306,11,CIN,DL,1,138.0
1989,307,11,SFO,WR,1,112.0
1989,308,12,DAL,WR,0,
1989,309,12,DET,DL,1,115.0
1989,310,12,GNB,DB,1,198.0
1989,311,12,KAN,RB,1,199.0
1989,312,12,PIT,OL,1,24.0
1989,313,12,ATL,DL,0,
1989,314,12,IND,RB,1,182.0
1989,315,12,MIA,DB,1,25.0
1989,316,12,WAS,TE,1,233.0
1989,317,12,WAS,RB,0,
1989,318,12,PHO,OL,1,17.0
1989,319,12,SFO,LB,1,28.0
1989,320,12,DEN,WR,1,152.0
1989,321,12,NYJ,WR,1,126.0
1989,322,12,SEA,DB,1,103.0
1989,323,12,IND,QB,1,296.0
1989,324,12,NWE,LB,1,178.0
1989,325,12,HOU,QB,0,
1989,326,12,NYG,LB,1,299.0
1989,327,12,NOR,WR,1,159.0
1989,328,12,CLE,LB,0,
1989,329,12,TAM,DB,1,90.0
1989,330,12,CHI,WR,1,277.0
1989,331,12,MIN,LB,1,52.0
1989,332,12,BUF,OL,0,
1989,333,12,CHI,OL,1,54.0
1989,334,12,CIN,OL,1,55.0
1989,335,12,MIN,WR,0,
1990,1,1,IND,QB,0,
1990,2,1,NYJ,RB,0,
1990,3,1,SEA,DL,0,
1990,4,1,TAM,DL,0,
1990,5,1,SDG,LB,0,
1990,6,1,CHI,DB,0,
1990,7,1,DET,QB,0,
1990,8,1,NWE,LB,0,
1990,9,1,MIA,OL,0,
1990,10,1,NWE,DL,0,
1990,11,1,RAI,DL,0,
1990,12,1,CIN,LB,0,
1990,13,1,KAN,LB,0,
1990,14,1,NOR,DL,0,
1990,15,1,HOU,LB,0,
1990,16,1,BUF,DB,0,
1990,17,1,DAL,RB,0,
1990,18,1,GNB,DL,0,
1990,19,1,GNB,RB,0,
1990,20,1,ATL,RB,0,
1990,21,1,PIT,TE,0,
1990,22,1,PHI,DB,0,
1990,23,1,RAM,OL,0,
1990,24,1,NYG,RB,0,
1990,25,1,SFO,RB,0,
1990,26,2,DAL,WR,0,
1990,27,2,ATL,LB,0,
1990,28,2,NYJ,WR,0,
1990,29,2,SEA,LB,0,
1990,30,2,TAM,RB,0,
1990,31,2,PHO,RB,0,
1990,32,2,CHI,DL,0,
1990,33,2,CHI,LB,0,
1990,34,2,SEA,DB,0,
1990,35,2,DET,DL,0,
1990,36,2,IND,RB,0,
1990,37,2,RAI,LB,0,
1990,38,2,CIN,RB,0,
1990,39,2,MIA,OL,1,9.0
1990,40,2,KAN,OL,0,
1990,41,2,HOU,DL,0,
1990,42,2,BUF,RB,0,
1990,43,2,PIT,DL,0,
1990,44,2,NOR,DB,0,
1990,45,2,CLE,RB,0,
1990,46,2,WAS,LB,0,
1990,47,2,SFO,DL,0,
1990,48,2,GNB,DB,0,
1990,49,2,RAM,DB,0,
1990,50,2,PHI,WR,0,
1990,51,2,NYG,DL,0,
1990,52,2,DEN,DB,0,
1990,53,2,SFO,DB,0,
1990,54,3,MIN,TE,0,
1990,55,3,ATL,DL,0,
1990,56,3,NYJ,DB,0,
1990,57,3,SDG,LB,1,5.0
1990,58,3,PHO,WR,0,
1990,59,3,NWE,QB,0,
1990,60,3,SDG,OL,0,
1990,61,3,CHI,DL,1,32.0
1990,62,3,DET,DL,1,35.0
1990,63,3,CHI,QB,0,
1990,64,3,DAL,DL,0,
1990,65,3,CIN,LB,1,12.0
1990,66,3,MIA,DL,0,
1990,67,3,SDG,TE,0,
1990,68,3,SFO,WR,0,
1990,69,3,BUF,OL,0,
1990,70,3,PIT,QB,0,
1990,71,3,NOR,DL,1,14.0
1990,72,3,HOU,DL,1,41.0
1990,73,3,CLE,DL,0,
1990,74,3,MIN,DL,0,
1990,75,3,GNB,LB,0,
1990,76,3,WAS,OL,0,
1990,77,3,PHI,WR,1,50.0
1990,78,3,RAM,DB,1,49.0
1990,79,3,NYG,DL,1,51.0
1990,80,3,NWE,WR,0,
1990,81,3,PIT,DL,1,43.0
1990,82,4,DEN,LB,0,
1990,83,4,IND,WR,0,
1990,84,4,NYJ,QB,0,
1990,85,4,PHO,DL,0,
1990,86,4,WAS,QB,0,
1990,87,4,TAM,TE,0,
1990,88,4,CHI,WR,0,
1990,89,4,SEA,RB,0,
1990,90,4,DET,LB,0,
1990,91,4,CIN,OL,0,
1990,92,4,SFO,OL,0,
1990,93,4,MIA,QB,0,
1990,94,4,IND,OL,0,
1990,95,4,RAI,DB,0,
1990,96,4,KAN,WR,0,
1990,97,4,PIT,WR,0,
1990,98,4,NOR,LB,0,
1990,99,4,HOU,OL,0,
1990,100,4,BUF,RB,1,42.0
1990,101,4,CLE,DB,0,
1990,102,4,GNB,TE,0,
1990,103,4,IND,DB,0,
1990,104,4,MIN,DB,0,
1990,105,4,DET,DB,0,
1990,106,4,IND,OL,1,94.0
1990,107,4,NYG,DB,0,
1990,108,4,TAM,OL,0,
1990,109,4,WAS,DB,0,
1990,110,5,NWE,DB,0,
1990,111,5,DEN,OL,0,
1990,112,5,NYJ,DL,0,
1990,113,5,NWE,OL,0,
1990,114,5,TAM,OL,1,108.0
1990,115,5,PHO,RB,1,31.0
1990,116,5,MIN,WR,0,
1990,117,5,CHI,RB,0,
1990,118,5,DET,WR,0,
1990,119,5,SEA,DL,1,3.0
1990,120,5,NWE,RB,0,
1990,121,5,ATL,OL,0,
1990,122,5,CIN,WR,0,
1990,123,5,DAL,DB,0,
1990,124,5,KAN,OL,1,40.0
1990,125,5,NOR,TE,0,
1990,126,5,HOU,LB,1,15.0
1990,127,5,KAN,OL,1,40.0
1990,128,5,PIT,RB,0,
1990,129,5,CLE,DL,1,73.0
1990,130,5,WAS,RB,0,
1990,131,5,MIN,RB,0,
1990,132,5,GNB,WR,0,
1990,133,5,PHI,WR,1,50.0
1990,134,5,NYJ,DB,1,56.0
1990,135,5,NYG,QB,0,
1990,136,5,DEN,DB,1,52.0
1990,137,5,MIA,RB,0,
1990,138,6,SDG,QB,0,
1990,139,6,ATL,RB,1,20.0
1990,140,6,NYJ,WR,1,28.0
1990,141,6,TAM,RB,1,30.0
1990,142,6,PHO,WR,1,58.0
1990,143,6,SDG,OL,1,60.0
1990,144,6,CHI,DB,1,6.0
1990,145,6,SDG,DB,0,
1990,146,6,SEA,LB,1,29.0
1990,147,6,DET,LB,1,90.0
1990,148,6,IND,LB,0,
1990,149,6,RAI,RB,0,
1990,150,6,CIN,DB,0,
1990,151,6,MIA,DB,0,
1990,152,6,KAN,DL,0,
1990,153,6,HOU,WR,0,
1990,154,6,BUF,ST,0,
1990,155,6,PIT,WR,1,97.0
1990,156,6,NOR,QB,0,
1990,157,6,CLE,DB,1,101.0
1990,158,6,NOR,LB,1,98.0
1990,159,6,GNB,LB,1,75.0
1990,160,6,WAS,DL,0,
1990,161,6,RAM,WR,0,
1990,162,6,PHI,DB,1,22.0
1990,163,6,SDG,TE,1,67.0
1990,164,6,DEN,TE,0,
1990,165,6,SFO,OL,1,92.0
1990,166,7,BUF,OL,1,69.0
1990,167,7,NYJ,OL,0,
1990,168,7,NYJ,LB,0,
1990,169,7,PHO,RB,1,31.0
1990,170,7,BUF,LB,0,
1990,171,7,TAM,DL,1,4.0
1990,172,7,SDG,OL,1,60.0
1990,173,7,RAI,DB,1,95.0
1990,174,7,DET,LB,1,90.0
1990,175,7,SEA,OL,0,
1990,176,7,CHI,OL,0,
1990,177,7,CIN,LB,1,12.0
1990,178,7,CLE,TE,0,
1990,179,7,IND,LB,1,148.0
1990,180,7,KAN,OL,1,40.0
1990,181,7,BUF,DL,0,
1990,182,7,PIT,LB,0,
1990,183,7,NOR,OL,0,
1990,184,7,HOU,RB,0,
1990,185,7,SDG,OL,1,60.0
1990,186,7,GNB,DL,1,18.0
1990,187,7,SDG,WR,0,
1990,188,7,MIN,LB,0,
1990,189,7,PHI,OL,0,
1990,190,7,RAM,ST,0,
1990,191,7,NYG,RB,1,24.0
1990,192,7,DEN,TE,1,164.0
1990,193,7,SDG,DB,1,145.0
1990,194,8,DET,WR,1,118.0
1990,195,8,ATL,DL,1,55.0
1990,196,8,NYJ,OL,1,167.0
1990,197,8,RAI,LB,1,37.0
1990,198,8,RAM,LB,0,
1990,199,8,PHO,DB,0,
1990,200,8,CHI,RB,1,117.0
1990,201,8,SDG,RB,0,
1990,202,8,SEA,OL,1,175.0
1990,203,8,DET,OL,0,
1990,204,8,CIN,TE,0,
1990,205,8,MIA,WR,0,
1990,206,8,IND,TE,0,
1990,207,8,NOR,QB,1,156.0
1990,208,8,BUF,LB,1,170.0
1990,209,8,PIT,DL,1,43.0
1990,210,8,NOR,DL,1,14.0
1990,211,8,HOU,DB,0,
1990,212,8,CLE,LB,0,
1990,213,8,IND,DB,1,103.0
1990,214,8,MIN,DL,1,74.0
1990,215,8,GNB,DB,1,48.0
1990,216,8,RAM,OL,1,23.0
1990,217,8,PHI,OL,1,189.0
1990,218,8,NYG,OL,0,
1990,219,8,DEN,OL,1,111.0
1990,220,8,SFO,WR,1,68.0
1990,221,9,DAL,DB,1,123.0
1990,222,9,ATL,LB,1,27.0
1990,223,9,NYJ,WR,1,28.0
1990,224,9,TAM,DL,1,4.0
1990,225,9,PHO,LB,0,
1990,226,9,NWE,OL,1,113.0
1990,227,9,SDG,OL,1,60.0
1990,228,9,CHI,RB,1,117.0
1990,229,9,DET,OL,1,203.0
1990,230,9,RAI,RB,1,149.0
1990,231,9,MIA,TE,0,
1990,232,9,IND,WR,1,83.0
1990,233,9,NOR,RB,0,
1990,234,9,CIN,DB,1,150.0
1990,235,9,KAN,RB,0,
1990,236,9,NOR,LB,1,98.0
1990,237,9,HOU,WR,1,153.0
1990,238,9,BUF,WR,0,
1990,239,9,PIT,DB,0,
1990,240,9,CLE,WR,0,
1990,241,9,MIN,RB,1,131.0
1990,242,9,GNB,QB,0,
1990,243,9,WAS,OL,1,76.0
1990,244,9,PHI,DL,0,
1990,245,9,RAM,WR,1,161.0
1990,246,9,NYG,DL,1,51.0
1990,247,9,DEN,QB,0,
1990,248,9,SFO,DL,1,47.0
1990,249,10,MIN,WR,1,116.0
1990,250,10,ATL,LB,1,27.0
1990,251,10,NYJ,LB,1,168.0
1990,252,10,PHO,TE,0,
1990,253,10,NWE,RB,1,120.0
1990,254,10,TAM,TE,1,87.0
1990,255,10,CHI,DL,1,32.0
1990,256,10,SDG,DB,1,145.0
1990,257,10,SEA,DL,1,3.0
1990,258,10,DET,WR,1,118.0
1990,259,10,DEN,DL,0,
1990,260,10,NOR,WR,0,
1990,261,10,CIN,OL,1,91.0
1990,262,10,WAS,DB,1,109.0
1990,263,10,KAN,TE,0,
1990,264,10,HOU,DB,1,211.0
1990,265,10,BUF,DL,1,181.0
1990,266,10,PIT,LB,1,182.0
1990,267,10,NOR,DB,1,44.0
1990,268,10,CLE,DB,1,101.0
1990,269,10,GNB,DB,1,48.0
1990,270,10,WAS,OL,1,76.0
1990,271,10,MIN,DB,1,104.0
1990,272,10,RAM,DL,0,
1990,273,10,PHI,DL,1,244.0
1990,274,10,NYG,DL,1,51.0
1990,275,10,DEN,LB,1,82.0
1990,276,10,SFO,DL,1,47.0
1990,277,11,DAL,LB,0,
1990,278,11,ATL,DB,0,
1990,279,11,NYJ,DB,1,56.0
1990,280,11,NWE,DL,1,10.0
1990,281,11,TAM,WR,0,
1990,282,11,PHO,WR,1,58.0
1990,283,11,SDG,TE,1,67.0
1990,284,11,CHI,DL,1,32.0
1990,285,11,DET,RB,0,
1990,286,11,SEA,DB,1,34.0
1990,287,11,NOR,DL,1,14.0
1990,288,11,CIN,OL,1,91.0
1990,289,11,SFO,DB,1,53.0
1990,290,11,IND,DL,0,
1990,291,11,KAN,RB,1,235.0
1990,292,11,BUF,WR,1,238.0
1990,293,11,PIT,OL,0,
1990,294,11,PHI,OL,1,189.0
1990,295,11,HOU,OL,1,99.0
1990,296,11,CLE,QB,0,
1990,297,11,WAS,LB,1,46.0
1990,298,11,CHI,OL,1,176.0
1990,299,11,GNB,RB,1,19.0
1990,300,11,PHI,WR,1,50.0
1990,301,11,RAM,DL,1,272.0
1990,302,11,NYG,DL,1,51.0
1990,303,11,RAI,WR,0,
1990,304,11,RAI,DB,1,95.0
1990,305,12,ATL,ST,0,
1990,306,12,NYJ,DL,1,112.0
1990,307,12,TAM,QB,0,
1990,308,12,PHO,RB,1,31.0
1990,309,12,NWE,DB,1,110.0
1990,310,12,CHI,DB,1,6.0
1990,311,12,IND,QB,1,1.0
1990,312,12,SEA,QB,0,
1990,313,12,DET,WR,1,118.0
1990,314,12,CIN,WR,1,122.0
1990,315,12,MIA,DB,1,151.0
1990,316,12,IND,OL,1,94.0
1990,317,12,RAI,QB,0,
1990,318,12,KAN,WR,1,96.0
1990,319,12,PIT,RB,1,128.0
1990,320,12,NOR,OL,1,183.0
1990,321,12,HOU,QB,0,
1990,322,12,NWE,OL,1,113.0
1990,323,12,CLE,WR,1,240.0
1990,324,12,MIN,LB,1,188.0
1990,325,12,GNB,ST,0,
1990,326,12,SDG,WR,1,187.0
1990,327,12,PHI,RB,0,
1990,328,12,RAM,RB,0,
1990,329,12,NYG,ST,0,
1990,330,12,PHO,DB,1,199.0
1990,331,12,RAI,TE,0,
1991,1,1,DAL,DL,0,
1991,2,1,CLE,DB,0,
1991,3,1,ATL,DB,0,
1991,4,1,DEN,LB,0,
1991,5,1,RAM,DB,0,
1991,6,1,PHO,DL,0,
1991,7,1,TAM,OL,0,
1991,8,1,PHI,OL,0,
1991,9,1,SDG,DB,0,
1991,10,1,DET,WR,0,
1991,11,1,NWE,OL,0,
1991,12,1,DAL,WR,0,
1991,13,1,ATL,WR,0,
1991,14,1,NWE,RB,0,
1991,15,1,PIT,LB,0,
1991,16,1,SEA,QB,0,
1991,17,1,WAS,DL,0,
1991,18,1,CIN,DL,0,
1991,19,1,GNB,DB,0,
1991,20,1,DAL,DL,1,1.0
1991,21,1,KAN,RB,0,
1991,22,1,CHI,OL,0,
1991,23,1,MIA,WR,0,
1991,24,1,RAI,QB,0,
1991,25,1,SFO,DL,0,
1991,26,1,BUF,DB,0,
1991,27,1,NYG,RB,0,
1991,28,2,HOU,DB,0,
1991,29,2,CLE,OL,0,
1991,30,2,DEN,TE,0,
1991,31,2,RAM,LB,0,
1991,32,2,PHO,DL,1,6.0
1991,33,2,ATL,QB,0,
1991,34,2,NYJ,QB,0,
1991,35,2,GNB,DL,0,
1991,36,2,SDG,DL,0,
1991,37,2,DAL,LB,0,
1991,38,2,HOU,DB,1,28.0
1991,39,2,SDG,RB,0,
1991,40,2,IND,DL,0,
1991,41,2,NWE,DB,0,
1991,42,2,NOR,WR,0,
1991,43,2,RAI,RB,0,
1991,44,2,HOU,OL,0,
1991,45,2,SFO,RB,0,
1991,46,2,PIT,WR,0,
1991,47,2,SDG,OL,0,
1991,48,2,PHI,DB,0,
1991,49,2,CHI,DL,0,
1991,50,2,KAN,OL,0,
1991,51,2,SEA,WR,0,
1991,52,2,CIN,DL,1,18.0
1991,53,2,SFO,LB,0,
1991,54,2,BUF,DL,0,
1991,55,2,NYG,LB,0,
1991,56,3,NWE,OL,1,11.0
1991,57,3,CLE,DL,0,
1991,58,3,DET,WR,1,10.0
1991,59,3,PHO,DB,0,
1991,60,3,MIA,RB,0,
1991,61,3,DEN,DL,0,
1991,62,3,DAL,LB,1,37.0
1991,63,3,NYJ,LB,0,
1991,64,3,DAL,OL,0,
1991,65,3,MIN,LB,0,
1991,66,3,TAM,WR,0,
1991,67,3,GNB,DL,1,35.0
1991,68,3,MIN,WR,0,
1991,69,3,IND,DB,0,
1991,70,3,DAL,OL,1,64.0
1991,71,3,HOU,DB,1,28.0
1991,72,3,CIN,OL,0,
1991,73,3,PIT,WR,1,46.0
1991,74,3,SEA,WR,1,51.0
1991,75,3,PHI,OL,1,8.0
1991,76,3,WAS,RB,0,
1991,77,3,KAN,WR,0,
1991,78,3,CHI,ST,0,
1991,79,3,HOU,OL,1,44.0
1991,80,3,TAM,RB,0,
1991,81,3,GNB,RB,0,
1991,82,3,BUF,DB,1,26.0
1991,83,3,NYG,WR,0,
1991,84,4,NWE,QB,0,
1991,85,4,CLE,DL,1,57.0
1991,86,4,PHO,DB,1,59.0
1991,87,4,ATL,DL,0,
1991,88,4,PIT,DB,0,
1991,89,4,DEN,WR,0,
1991,90,4,SDG,WR,0,
1991,91,4,DET,DB,0,
1991,92,4,MIN,RB,0,
1991,93,4,TAM,DB,0,
1991,94,4,NYJ,DL,0,
1991,95,4,SFO,LB,1,53.0
1991,96,4,IND,OL,0,
1991,97,4,DAL,RB,0,
1991,98,4,SEA,ST,0,
1991,99,4,CIN,QB,0,
1991,100,4,RAI,WR,0,
1991,101,4,HOU,DL,0,
1991,102,4,HOU,DB,1,28.0
1991,103,4,PIT,TE,0,
1991,104,4,PHI,LB,0,
1991,105,4,CHI,DB,0,
1991,106,4,DAL,QB,0,
1991,107,4,RAM,DB,1,5.0
1991,108,4,DAL,DL,1,1.0
1991,109,4,CIN,WR,0,
1991,110,4,DAL,DL,1,1.0
1991,111,4,NYG,OL,0,
1991,112,5,NWE,RB,1,14.0
1991,113,5,MIA,LB,0,
1991,114,5,ATL,LB,0,
1991,115,5,DEN,RB,0,
1991,116,5,RAM,DL,0,
1991,117,5,PHO,DL,1,6.0
1991,118,5,DET,OL,0,
1991,119,5,MIN,OL,0,
1991,120,5,TAM,LB,0,
1991,121,5,MIA,OL,0,
1991,122,5,SFO,DB,0,
1991,123,5,SDG,TE,0,
1991,124,5,NWE,TE,0,
1991,125,5,IND,TE,0,
1991,126,5,NOR,DB,0,
1991,127,5,SDG,DB,1,9.0
1991,128,5,SEA,DB,0,
1991,129,5,HOU,WR,0,
1991,130,5,CIN,OL,1,72.0
1991,131,5,PHI,QB,0,
1991,132,5,DAL,LB,1,37.0
1991,133,5,KAN,DB,0,
1991,134,5,CHI,WR,0,
1991,135,5,GNB,ST,0,
1991,136,5,TAM,OL,1,7.0
1991,137,5,SFO,OL,0,
1991,138,5,BUF,DB,1,26.0
1991,139,5,NYG,LB,1,55.0
1991,140,6,NWE,DB,1,41.0
1991,141,6,CLE,WR,0,
1991,142,6,DEN,OL,0,
1991,143,6,RAM,OL,0,
1991,144,6,PHO,OL,0,
1991,145,6,ATL,RB,0,
1991,146,6,RAI,DL,0,
1991,147,6,TAM,DL,0,
1991,148,6,NYJ,RB,0,
1991,149,6,GNB,RB,1,81.0
1991,150,6,SDG,OL,1,47.0
1991,151,6,DET,ST,0,
1991,152,6,IND,DL,1,40.0
1991,153,6,DAL,OL,1,64.0
1991,154,6,NOR,RB,0,
1991,155,6,SEA,DL,0,
1991,156,6,PHI,DL,0,
1991,157,6,CIN,DB,0,
1991,158,6,PIT,RB,0,
1991,159,6,WAS,TE,0,
1991,160,6,NYJ,DB,0,
1991,161,6,CHI,RB,0,
1991,162,6,KAN,DB,1,133.0
1991,163,6,MIN,DB,0,
1991,164,6,GNB,OL,0,
1991,165,6,SFO,OL,1,137.0
1991,166,6,BUF,WR,0,
1991,167,6,NYG,LB,1,55.0
1991,168,7,NWE,OL,1,11.0
1991,169,7,GNB,LB,0,
1991,170,7,RAM,RB,0,
1991,171,7,PHO,RB,0,
1991,172,7,ATL,DB,1,3.0
1991,173,7,DAL,DL,1,1.0
1991,174,7,TAM,LB,1,120.0
1991,175,7,NYJ,DB,1,160.0
1991,176,7,GNB,LB,1,169.0
1991,177,7,SDG,TE,1,123.0
1991,178,7,DET,TE,0,
1991,179,7,MIN,DL,0,
1991,180,7,MIN,DB,1,163.0
1991,181,7,IND,WR,0,
1991,182,7,NOR,OL,0,
1991,183,7,HOU,LB,0,
1991,184,7,CIN,DB,1,157.0
1991,185,7,PIT,LB,1,15.0
1991,186,7,ATL,OL,0,
1991,187,7,PHI,RB,0,
1991,188,7,WAS,TE,1,159.0
1991,189,7,KAN,DB,1,133.0
1991,190,7,CHI,QB,0,
1991,191,7,MIA,DB,0,
1991,192,7,SDG,OL,1,47.0
1991,193,7,SFO,RB,1,45.0
1991,194,7,BUF,RB,0,
1991,195,7,NYG,DB,0,
1991,196,8,NWE,DB,1,41.0
1991,197,8,CLE,DL,1,57.0
1991,198,8,PHO,RB,1,171.0
1991,199,8,ATL,TE,0,
1991,200,8,DEN,DL,1,61.0
1991,201,8,RAM,LB,1,31.0
1991,202,8,NYJ,DB,1,160.0
1991,203,8,GNB,WR,0,
1991,204,8,PHO,TE,0,
1991,205,8,DET,RB,0,
1991,206,8,MIN,DL,1,179.0
1991,207,8,TAM,DB,1,93.0
1991,208,8,IND,TE,1,125.0
1991,209,8,PHO,DL,1,6.0
1991,210,8,NOR,TE,0,
1991,211,8,CIN,RB,0,
1991,212,8,PIT,OL,0,
1991,213,8,RAI,LB,0,
1991,214,8,HOU,RB,0,
1991,215,8,WAS,DB,0,
1991,216,8,PHI,LB,1,104.0
1991,217,8,CHI,DB,1,105.0
1991,218,8,KAN,OL,1,50.0
1991,219,8,RAI,LB,1,213.0
1991,220,8,MIA,DB,1,191.0
1991,221,8,SFO,WR,0,
1991,222,8,BUF,WR,1,166.0
1991,223,8,NYG,DB,1,195.0
1991,224,9,NWE,OL,1,11.0
1991,225,9,CLE,DB,1,2.0
1991,226,9,ATL,DL,1,87.0
1991,227,9,DEN,DL,1,61.0
1991,228,9,RAM,DL,1,116.0
1991,229,9,GNB,LB,1,169.0
1991,230,9,SDG,LB,0,
1991,231,9,DET,DL,0,
1991,232,9,MIN,RB,1,92.0
1991,233,9,TAM,WR,1,66.0
1991,234,9,NYJ,DL,1,94.0
1991,235,9,DAL,WR,1,12.0
1991,236,9,IND,RB,0,
1991,237,9,NOR,RB,1,154.0
1991,238,9,PIT,TE,1,103.0
1991,239,9,CLE,WR,1,141.0
1991,240,9,HOU,WR,1,129.0
1991,241,9,CIN,WR,1,109.0
1991,242,9,PHI,RB,1,187.0
1991,243,9,WAS,DB,1,215.0
1991,244,9,KAN,ST,0,
1991,245,9,CHI,LB,0,
1991,246,9,MIA,WR,1,23.0
1991,247,9,RAI,DB,0,
1991,248,9,SFO,DB,1,122.0
1991,249,9,BUF,LB,0,
1991,250,9,NYG,WR,1,83.0
1991,251,10,NWE,TE,1,124.0
1991,252,10,CLE,ST,0,
1991,253,10,DEN,WR,1,89.0
1991,254,10,SDG,RB,1,39.0
1991,255,10,PHO,DB,1,59.0
1991,256,10,ATL,WR,1,13.0
1991,257,10,SDG,OL,1,47.0
1991,258,10,ATL,OL,1,186.0
1991,259,10,MIN,OL,1,119.0
1991,260,10,TAM,QB,0,
1991,261,10,NYJ,RB,1,148.0
1991,262,10,GNB,TE,0,
1991,263,10,IND,DL,1,40.0
1991,264,10,DAL,OL,1,64.0
1991,265,10,TAM,RB,1,80.0
1991,266,10,SEA,LB,0,
1991,267,10,HOU,LB,1,183.0
1991,268,10,CIN,OL,1,72.0
1991,269,10,PIT,OL,1,212.0
1991,270,10,WAS,ST,0,
1991,271,10,PHI,OL,1,8.0
1991,272,10,CHI,DL,1,49.0
1991,273,10,KAN,DB,1,133.0
1991,274,10,RAI,TE,0,
1991,275,10,MIA,TE,0,
1991,276,10,SFO,DL,1,25.0
1991,277,10,BUF,OL,0,
1991,278,10,NYG,OL,1,111.0
1991,279,11,NWE,WR,0,
1991,280,11,CLE,OL,1,29.0
1991,281,11,RAM,LB,1,31.0
1991,282,11,PHO,DB,1,59.0
1991,283,11,ATL,OL,1,186.0
1991,284,11,DEN,QB,0,
1991,285,11,DET,ST,1,151.0
1991,286,11,MIN,LB,1,65.0
1991,287,11,TAM,DL,1,147.0
1991,288,11,NYJ,LB,1,63.0
1991,289,11,GNB,DL,1,35.0
1991,290,11,SDG,WR,1,90.0
1991,291,11,DAL,RB,1,97.0
1991,292,11,IND,OL,1,96.0
1991,293,11,NOR,LB,0,
1991,294,11,HOU,DB,1,28.0
1991,295,11,CIN,TE,0,
1991,296,11,PIT,DB,1,88.0
1991,297,11,SEA,RB,0,
1991,298,11,PHI,DL,1,156.0
1991,299,11,WAS,DB,1,215.0
1991,300,11,KAN,WR,1,77.0
1991,301,11,CHI,OL,1,22.0
1991,302,11,MIA,OL,1,121.0
1991,303,11,NWE,ST,0,
1991,304,11,SFO,WR,1,221.0
1991,305,11,BUF,OL,1,277.0
1991,306,11,NYG,TE,0,
1991,307,12,NWE,DL,0,
1991,308,12,CLE,DL,1,57.0
1991,309,12,PHO,QB,0,
1991,310,12,ATL,RB,1,145.0
1991,311,12,RAM,OL,1,143.0
1991,312,12,RAM,RB,1,170.0
1991,313,12,MIN,WR,1,68.0
1991,314,12,TAM,LB,1,120.0
1991,315,12,NYJ,OL,0,
1991,316,12,GNB,WR,1,203.0
1991,317,12,SDG,RB,1,39.0
1991,318,12,DET,LB,0,
1991,319,12,IND,OL,1,96.0
1991,320,12,DAL,DB,0,
1991,321,12,NOR,OL,1,182.0
1991,322,12,CIN,DB,1,157.0
1991,323,12,PIT,LB,1,15.0
1991,324,12,SEA,OL,0,
1991,325,12,HOU,WR,1,129.0
1991,326,12,WAS,WR,0,
1991,327,12,PHI,DB,1,48.0
1991,328,12,CHI,DL,1,49.0
1991,329,12,KAN,OL,1,50.0
1991,330,12,RAI,WR,1,100.0
1991,331,12,MIA,DL,0,
1991,332,12,SFO,DL,1,25.0
1991,333,12,BUF,TE,0,
1991,334,12,NYG,QB,0,
1992,1,1,IND,DL,0,
1992,2,1,IND,LB,0,
1992,3,1,RAM,DL,0,
1992,4,1,WAS,WR,0,
1992,5,1,GNB,DB,0,
1992,6,1,CIN,QB,0,
1992,7,1,MIA,DB,0,
1992,8,1,ATL,OL,0,
1992,9,1,CLE,RB,0,
1992,10,1,SEA,OL,0,
1992,11,1,PIT,OL,0,
1992,12,1,MIA,DL,0,
1992,13,1,NWE,OL,0,
1992,14,1,NYG,TE,0,
1992,15,1,NYJ,TE,0,
1992,16,1,RAI,DL,0,
1992,17,1,DAL,DB,0,
1992,18,1,SFO,DB,0,
1992,19,1,ATL,RB,0,
1992,20,1,KAN,DB,0,
1992,21,1,NOR,RB,0,
1992,22,1,CHI,DL,0,
1992,23,1,SDG,DL,0,
1992,24,1,DAL,LB,0,
1992,25,1,DEN,QB,0,
1992,26,1,DET,DL,0,
1992,27,1,BUF,OL,0,
1992,28,1,CIN,DB,0,
1992,29,2,IND,DB,0,
1992,30,2,RAM,DB,0,
1992,31,2,CIN,WR,0,
1992,32,2,RAI,OL,0,
1992,33,2,SDG,DB,0,
1992,34,2,GNB,LB,0,
1992,35,2,NWE,DB,0,
1992,36,2,DAL,WR,0,
1992,37,2,DAL,DB,1,17.0
1992,38,2,PIT,LB,0,
1992,39,2,MIN,DL,0,
1992,40,2,KAN,QB,0,
1992,41,2,NYG,DB,0,
1992,42,2,NYJ,LB,0,
1992,43,2,MIA,DL,1,12.0
1992,44,2,TAM,WR,0,
1992,45,2,SFO,RB,0,
1992,46,2,PHO,QB,0,
1992,47,2,WAS,DL,0,
1992,48,2,PHI,RB,0,
1992,49,2,CHI,OL,0,
1992,50,2,HOU,LB,0,
1992,51,2,ATL,DL,0,
1992,52,2,CLE,WR,0,
1992,53,2,DET,DL,1,26.0
1992,54,2,DEN,DL,0,
1992,55,2,BUF,DL,0,
1992,56,2,DET,ST,0,
1992,57,3,RAM,DL,1,3.0
1992,58,3,DAL,DB,1,17.0
1992,59,3,TAM,DL,0,
1992,60,3,RAM,WR,0,
1992,61,3,PHO,OL,0,
1992,62,3,GNB,WR,0,
1992,63,3,SDG,WR,0,
1992,64,3,NWE,LB,0,
1992,65,3,CLE,DL,0,
1992,66,3,SEA,LB,0,
1992,67,3,PIT,DL,0,
1992,68,3,NYJ,OL,0,
1992,69,3,NYG,TE,1,14.0
1992,70,3,MIA,DL,1,12.0
1992,71,3,NWE,RB,0,
1992,72,3,NOR,DB,0,
1992,73,3,ATL,LB,0,
1992,74,3,WAS,OL,0,
1992,75,3,PHI,DL,0,
1992,76,3,SFO,OL,0,
1992,77,3,HOU,DB,0,
1992,78,3,CLE,LB,0,
1992,79,3,TAM,TE,0,
1992,80,3,CHI,DB,0,
1992,81,3,DET,TE,0,
1992,82,3,DAL,OL,0,
1992,83,3,BUF,LB,0,
1992,84,3,CIN,DB,1,28.0
1992,85,4,IND,RB,0,
1992,86,4,TAM,QB,0,
1992,87,4,RAM,OL,0,
1992,88,4,CIN,LB,0,
1992,89,4,SFO,DL,0,
1992,90,4,NWE,DB,1,35.0
1992,91,4,PHO,OL,1,61.0
1992,92,4,PHI,RB,1,48.0
1992,93,4,NWE,DB,1,35.0
1992,94,4,PIT,WR,0,
1992,95,4,NOR,OL,0,
1992,96,4,NYJ,LB,1,42.0
1992,97,4,MIA,LB,0,
1992,98,4,MIN,DL,1,39.0
1992,99,4,NYG,DL,0,
1992,100,4,PHO,DL,0,
1992,101,4,KAN,DL,0,
1992,102,4,PHI,QB,0,
1992,103,4,GNB,RB,0,
1992,104,4,ATL,DB,0,
1992,105,4,IND,DL,1,1.0
1992,106,4,NOR,DB,1,72.0
1992,107,4,CHI,QB,0,
1992,108,4,HOU,OL,0,
1992,109,4,DAL,OL,1,82.0
1992,110,4,DEN,OL,0,
1992,111,4,BUF,DL,1,55.0
1992,112,4,WAS,QB,0,
1992,113,5,IND,RB,1,85.0
1992,114,5,RAM,DB,1,30.0
1992,115,5,CIN,TE,0,
1992,116,5,NWE,LB,1,64.0
1992,117,5,SDG,OL,0,
1992,118,5,TAM,DB,0,
1992,119,5,GNB,RB,1,103.0
1992,120,5,DAL,DB,1,17.0
1992,121,5,DAL,OL,1,82.0
1992,122,5,SEA,DB,0,
1992,123,5,PIT,DB,0,
1992,124,5,MIA,OL,0,
1992,125,5,MIN,LB,0,
1992,126,5,NYG,DB,1,41.0
1992,127,5,NYJ,OL,1,68.0
1992,128,5,RAI,DB,0,
1992,129,5,PHI,DB,0,
1992,130,5,GNB,WR,1,62.0
1992,131,5,SDG,LB,0,
1992,132,5,TAM,DL,1,59.0
1992,133,5,HOU,LB,1,50.0
1992,134,5,CHI,TE,0,
1992,135,5,HOU,DB,1,77.0
1992,136,5,HOU,DL,0,
1992,137,5,DEN,DB,0,
1992,138,5,NOR,WR,0,
1992,139,5,BUF,DB,0,
1992,140,5,SDG,OL,1,117.0
1992,141,6,IND,WR,0,
1992,142,6,CIN,DL,0,
1992,143,6,CLE,WR,1,52.0
1992,144,6,RAM,RB,0,
1992,145,6,DET,OL,0,
1992,146,6,PHO,OL,1,61.0
1992,147,6,SDG,DL,1,23.0
1992,148,6,TAM,LB,0,
1992,149,6,DAL,TE,0,
1992,150,6,SEA,RB,0,
1992,151,6,SFO,DB,1,18.0
1992,152,6,MIN,RB,0,
1992,153,6,NYG,DL,1,99.0
1992,154,6,NYJ,LB,1,42.0
1992,155,6,MIA,LB,1,97.0
1992,156,6,RAI,OL,1,32.0
1992,157,6,GNB,TE,0,
1992,158,6,ATL,DB,1,104.0
1992,159,6,KAN,WR,0,
1992,160,6,PHI,WR,0,
1992,161,6,CHI,DB,1,80.0
1992,162,6,HOU,WR,0,
1992,163,6,CLE,DL,1,65.0
1992,164,6,NOR,DB,1,72.0
1992,165,6,NWE,OL,1,13.0
1992,166,6,NYJ,QB,0,
1992,167,6,BUF,TE,0,
1992,168,6,WAS,TE,0,
1992,169,7,IND,DL,1,1.0
1992,170,7,DEN,DL,1,54.0
1992,171,7,RAM,OL,1,87.0
1992,172,7,CIN,OL,0,
1992,173,7,RAI,DB,1,128.0
1992,174,7,SDG,TE,0,
1992,175,7,PHO,TE,0,
1992,176,7,NWE,WR,0,
1992,177,7,CLE,DB,0,
1992,178,7,SEA,DL,0,
1992,179,7,PIT,TE,0,
1992,180,7,NYG,LB,0,
1992,181,7,DEN,OL,1,110.0
1992,182,7,ATL,LB,1,73.0
1992,183,7,MIN,DB,0,
1992,184,7,TAM,DB,1,118.0
1992,185,7,RAI,TE,0,
1992,186,7,KAN,LB,0,
1992,187,7,PHI,OL,0,
1992,188,7,PIT,RB,0,
1992,189,7,HOU,WR,1,162.0
1992,190,7,GNB,WR,1,62.0
1992,191,7,MIA,TE,0,
1992,192,7,CHI,WR,0,
1992,193,7,DEN,WR,0,
1992,194,7,NWE,DL,0,
1992,195,7,BUF,DB,1,139.0
1992,196,7,WAS,DB,0,
1992,197,8,IND,DB,1,29.0
1992,198,8,RAM,QB,0,
1992,199,8,CIN,DL,1,142.0
1992,200,8,TAM,RB,0,
1992,201,8,SDG,DB,1,33.0
1992,202,8,PHO,WR,0,
1992,203,8,PIT,DB,1,123.0
1992,204,8,NWE,RB,1,71.0
1992,205,8,NWE,RB,1,71.0
1992,206,8,PIT,OL,1,11.0
1992,207,8,SEA,RB,1,150.0
1992,208,8,DEN,OL,1,110.0
1992,209,8,MIA,LB,1,97.0
1992,210,8,MIN,TE,0,
1992,211,8,NYG,QB,0,
1992,212,8,IND,RB,1,85.0
1992,213,8,KAN,OL,0,
1992,214,8,PHI,LB,0,
1992,215,8,PIT,DL,1,67.0
1992,216,8,ATL,RB,1,19.0
1992,217,8,ATL,TE,0,
1992,218,8,NOR,DL,0,
1992,219,8,NYJ,WR,0,
1992,220,8,HOU,QB,0,
1992,221,8,DET,DB,0,
1992,222,8,TAM,QB,1,86.0
1992,223,8,BUF,DB,1,139.0
1992,224,8,WAS,OL,1,74.0
1992,225,9,IND,WR,1,141.0
1992,226,9,CIN,RB,0,
1992,227,9,MIN,QB,0,
1992,228,9,RAM,QB,1,198.0
1992,229,9,PHO,DL,1,100.0
1992,230,9,GNB,QB,0,
1992,231,9,SDG,WR,1,63.0
1992,232,9,NWE,OL,1,13.0
1992,233,9,CLE,DB,1,177.0
1992,234,9,SEA,TE,0,
1992,235,9,PIT,LB,1,38.0
1992,236,9,MIA,DB,1,7.0
1992,237,9,MIN,WR,0,
1992,238,9,NYG,DB,1,41.0
1992,239,9,PHO,WR,1,202.0
1992,240,9,GNB,DL,0,
1992,241,9,PHI,LB,1,214.0
1992,242,9,SFO,QB,0,
1992,243,9,ATL,OL,1,8.0
1992,244,9,KAN,OL,1,213.0
1992,245,9,NOR,LB,0,
1992,246,9,CHI,OL,1,49.0
1992,247,9,HOU,OL,1,108.0
1992,248,9,DAL,DB,1,17.0
1992,249,9,DEN,DB,1,137.0
1992,250,9,DAL,DB,1,17.0
1992,251,9,BUF,WR,0,
1992,252,9,WAS,LB,0,
1992,253,10,IND,LB,1,2.0
1992,254,10,TAM,LB,1,148.0
1992,255,10,RAM,RB,1,144.0
1992,256,10,CIN,DB,1,28.0
1992,257,10,GNB,OL,0,
1992,258,10,SDG,DL,1,23.0
1992,259,10,PHO,RB,0,
1992,260,10,CLE,DL,1,65.0
1992,261,10,NWE,TE,0,
1992,262,10,PIT,RB,1,188.0
1992,263,10,SEA,DL,1,178.0
1992,264,10,MIN,DL,1,39.0
1992,265,10,NYG,DL,1,99.0
1992,266,10,NYJ,DL,0,
1992,267,10,MIA,RB,0,
1992,268,10,RAI,DL,1,16.0
1992,269,10,SFO,DL,1,89.0
1992,270,10,ATL,LB,1,73.0
1992,271,10,KAN,OL,1,213.0
1992,272,10,PHI,DB,1,129.0
1992,273,10,CHI,RB,0,
1992,274,10,HOU,WR,1,162.0
1992,275,10,DAL,OL,1,82.0
1992,276,10,NOR,WR,1,138.0
1992,277,10,NWE,OL,1,13.0
1992,278,10,DEN,OL,1,110.0
1992,279,10,BUF,WR,1,251.0
1992,280,10,WAS,LB,1,252.0
1992,281,11,RAM,LB,0,
1992,282,11,RAM,WR,1,60.0
1992,283,11,CIN,OL,1,172.0
1992,284,11,TAM,RB,1,200.0
1992,285,11,SDG,RB,0,
1992,286,11,PHO,OL,1,61.0
1992,287,11,GNB,LB,1,34.0
1992,288,11,NWE,LB,1,64.0
1992,289,11,CLE,WR,1,52.0
1992,290,11,SEA,OL,1,10.0
1992,291,11,PIT,OL,1,11.0
1992,292,11,NYG,WR,0,
1992,293,11,NYJ,WR,1,219.0
1992,294,11,MIA,WR,0,
1992,295,11,MIN,RB,1,152.0
1992,296,11,MIA,QB,0,
1992,297,11,ATL,DL,1,51.0
1992,298,11,KAN,DL,1,101.0
1992,299,11,PHI,ST,0,
1992,300,11,SFO,TE,0,
1992,301,11,HOU,LB,1,50.0
1992,302,11,DAL,WR,1,36.0
1992,303,11,NOR,OL,1,95.0
1992,304,11,CHI,OL,1,49.0
1992,305,11,DEN,WR,1,193.0
1992,306,11,DET,RB,0,
1992,307,11,BUF,TE,1,167.0
1992,308,11,WAS,WR,1,4.0
1992,309,12,IND,DL,1,1.0
1992,310,12,CIN,LB,1,88.0
1992,311,12,TAM,ST,0,
1992,312,12,RAM,OL,1,87.0
1992,313,12,PHO,DL,1,100.0
1992,314,12,GNB,LB,1,34.0
1992,315,12,SDG,ST,0,
1992,316,12,CLE,QB,0,
1992,317,12,DAL,DB,1,17.0
1992,318,12,PIT,QB,0,
1992,319,12,SEA,LB,1,66.0
1992,320,12,SEA,DL,1,178.0
1992,321,12,MIA,TE,1,191.0
1992,322,12,MIN,WR,1,237.0
1992,323,12,NYG,WR,1,292.0
1992,324,12,RAI,OL,1,32.0
1992,325,12,KAN,DB,1,20.0
1992,326,12,PHI,OL,1,187.0
1992,327,12,SFO,DL,1,89.0
1992,328,12,MIA,RB,1,267.0
1992,329,12,CLE,OL,0,
1992,330,12,NOR,OL,1,95.0
1992,331,12,CHI,LB,0,
1992,332,12,HOU,ST,0,
1992,333,12,NWE,WR,1,176.0
1992,334,12,DEN,WR,1,193.0
1992,335,12,BUF,QB,0,
1992,336,12,WAS,OL,1,74.0
1993,1,1,NWE,QB,0,
1993,2,1,SEA,QB,0,
1993,3,1,PHO,RB,0,
1993,4,1,NYJ,LB,0,
1993,5,1,CIN,DL,0,
1993,6,1,TAM,DL,0,
1993,7,1,CHI,WR,0,
1993,8,1,NOR,OL,0,
1993,9,1,ATL,OL,0,
1993,10,1,RAM,RB,0,
1993,11,1,DEN,DL,0,
1993,12,1,RAI,DB,0,
1993,13,1,HOU,OL,0,
1993,14,1,CLE,OL,0,
1993,15,1,GNB,LB,0,
1993,16,1,IND,WR,0,
1993,17,1,WAS,DB,0,
1993,18,1,PHO,OL,0,
1993,19,1,PHI,OL,0,
1993,20,1,NOR,TE,0,
1993,21,1,MIN,RB,0,
1993,22,1,SDG,DB,0,
1993,23,1,PIT,DB,0,
1993,24,1,PHI,DL,0,
1993,25,1,MIA,WR,0,
1993,26,1,SFO,DL,0,
1993,27,1,SFO,LB,0,
1993,28,1,BUF,DB,0,
1993,29,1,GNB,DB,0,
1993,30,2,SEA,DB,0,
1993,31,2,NWE,LB,0,
1993,32,2,PHO,OL,1,18.0
1993,33,2,DET,DB,0,
1993,34,2,TAM,LB,0,
1993,35,2,CHI,DL,0,
1993,36,2,NYJ,DL,0,
1993,37,2,CIN,TE,0,
1993,38,2,ATL,DB,0,
1993,39,2,RAM,TE,0,
1993,40,2,NYG,DL,0,
1993,41,2,SDG,RB,0,
1993,42,2,CLE,DL,0,
1993,43,2,DEN,RB,0,
1993,44,2,PIT,LB,0,
1993,45,2,WAS,RB,0,
1993,46,2,DAL,WR,0,
1993,47,2,HOU,LB,0,
1993,48,2,SFO,DB,0,
1993,49,2,IND,RB,0,
1993,50,2,PHI,WR,0,
1993,51,2,NWE,OL,0,
1993,52,2,MIN,WR,0,
1993,53,2,NOR,LB,0,
1993,54,2,DAL,LB,0,
1993,55,2,BUF,DL,0,
1993,56,2,NWE,WR,0,
1993,57,3,MIN,OL,0,
1993,58,3,RAI,QB,0,
1993,59,3,CIN,LB,0,
1993,60,3,TAM,WR,0,
1993,61,3,CHI,TE,0,
1993,62,3,DET,LB,0,
1993,63,3,CIN,DL,1,5.0
1993,64,3,SDG,OL,0,
1993,65,3,IND,DB,0,
1993,66,3,NYG,LB,0,
1993,67,3,ATL,ST,0,
1993,68,3,DET,OL,0,
1993,69,3,DEN,DB,0,
1993,70,3,DEN,ST,0,
1993,71,3,WAS,LB,0,
1993,72,3,RAI,DB,1,12.0
1993,73,3,RAM,RB,1,10.0
1993,74,3,KAN,OL,0,
1993,75,3,PHI,DB,0,
1993,76,3,PIT,WR,0,
1993,77,3,PHI,DB,1,75.0
1993,78,3,MIA,RB,0,
1993,79,3,MIN,DL,0,
1993,80,3,WAS,ST,0,
1993,81,3,GNB,OL,0,
1993,82,3,TAM,DB,0,
1993,83,3,CLE,LB,0,
1993,84,3,DAL,DB,0,
1993,85,4,SEA,LB,0,
1993,86,4,NWE,DL,0,
1993,87,4,PHO,RB,1,3.0
1993,88,4,NYJ,OL,0,
1993,89,4,NOR,RB,0,
1993,90,4,CIN,DB,0,
1993,91,4,TAM,RB,0,
1993,92,4,IND,DB,1,65.0
1993,93,4,NYG,OL,0,
1993,94,4,DAL,RB,0,
1993,95,4,SDG,DL,0,
1993,96,4,DAL,OL,0,
1993,97,4,CHI,OL,0,
1993,98,4,DEN,TE,0,
1993,99,4,SDG,LB,0,
1993,100,4,CHI,LB,0,
1993,101,4,WAS,DL,0,
1993,102,4,HOU,WR,0,
1993,103,4,KAN,LB,0,
1993,104,4,TAM,WR,1,60.0
1993,105,4,MIA,DB,0,
1993,106,4,MIN,LB,0,
1993,107,4,IND,LB,0,
1993,108,4,PIT,DL,0,
1993,109,4,NOR,RB,1,89.0
1993,110,4,NWE,DB,0,
1993,111,4,BUF,WR,0,
1993,112,4,CHI,DL,1,35.0
1993,113,5,NWE,ST,0,
1993,114,5,SEA,WR,0,
1993,115,5,NYJ,TE,0,
1993,116,5,SFO,DL,1,26.0
1993,117,5,CIN,DB,1,90.0
1993,118,5,GNB,QB,0,
1993,119,5,GNB,LB,1,15.0
1993,120,5,NYJ,RB,0,
1993,121,5,ATL,LB,0,
1993,122,5,RAM,WR,0,
1993,123,5,NYG,LB,1,66.0
1993,124,5,CLE,OL,1,14.0
1993,125,5,RAI,WR,0,
1993,126,5,DEN,RB,1,43.0
1993,127,5,RAM,OL,0,
1993,128,5,WAS,OL,0,
1993,129,5,NYJ,WR,0,
1993,130,5,KAN,OL,1,74.0
1993,131,5,HOU,LB,1,47.0
1993,132,5,MIA,OL,0,
1993,133,5,MIN,OL,1,57.0
1993,134,5,SDG,WR,0,
1993,135,5,PIT,OL,0,
1993,136,5,BUF,OL,0,
1993,137,5,NOR,DB,0,
1993,138,5,NWE,TE,0,
1993,139,5,BUF,DB,1,28.0
1993,140,5,PIT,LB,1,44.0
1993,141,6,GNB,DB,1,29.0
1993,142,6,NWE,DB,1,110.0
1993,143,6,PHO,LB,0,
1993,144,6,NYJ,RB,1,120.0
1993,145,6,TAM,DL,1,6.0
1993,146,6,CHI,LB,1,100.0
1993,147,6,DET,DB,1,33.0
1993,148,6,CIN,OL,0,
1993,149,6,RAM,DB,0,
1993,150,6,NYG,OL,1,93.0
1993,151,6,ATL,TE,0,
1993,152,6,GNB,OL,1,81.0
1993,153,6,CLE,LB,1,83.0
1993,154,6,DEN,WR,0,
1993,155,6,WAS,DB,1,17.0
1993,156,6,GNB,DB,1,29.0
1993,157,6,IND,TE,0,
1993,158,6,HOU,OL,1,13.0
1993,159,6,KAN,RB,0,
1993,160,6,WAS,TE,0,
1993,161,6,SDG,DB,1,22.0
1993,162,6,PIT,DB,1,23.0
1993,163,6,PHI,LB,0,
1993,164,6,MIA,DB,1,105.0
1993,165,6,NOR,DL,0,
1993,166,6,SFO,OL,0,
1993,167,6,BUF,OL,1,136.0
1993,168,6,DAL,LB,1,54.0
1993,169,7,DEN,TE,1,98.0
1993,170,7,SEA,DL,0,
1993,171,7,NYJ,OL,1,88.0
1993,172,7,PHO,DB,0,
1993,173,7,CHI,DB,0,
1993,174,7,DET,RB,0,
1993,175,7,CIN,DB,1,90.0
1993,176,7,TAM,WR,1,60.0
1993,177,7,NYG,ST,0,
1993,178,7,ATL,DB,1,38.0
1993,179,7,RAM,OL,1,127.0
1993,180,7,CLE,LB,1,83.0
1993,181,7,RAI,LB,0,
1993,182,7,DEN,WR,1,154.0
1993,183,7,GNB,DL,0,
1993,184,7,IND,RB,1,49.0
1993,185,7,PIT,DL,1,108.0
1993,186,7,KAN,WR,0,
1993,187,7,HOU,WR,1,102.0
1993,188,7,SDG,LB,1,99.0
1993,189,7,PIT,TE,0,
1993,190,7,PHI,TE,0,
1993,191,7,MIA,LB,0,
1993,192,7,MIN,QB,0,
1993,193,7,NOR,DB,1,137.0
1993,194,7,SFO,DL,1,26.0
1993,195,7,BUF,WR,1,111.0
1993,196,7,DAL,DB,1,84.0
1993,197,8,SEA,OL,0,
1993,198,8,NWE,WR,1,56.0
1993,199,8,PHO,DL,0,
1993,200,8,NYJ,ST,0,
1993,201,8,DET,DB,1,33.0
1993,202,8,CIN,ST,0,
1993,203,8,DAL,DB,1,84.0
1993,204,8,SEA,DL,1,170.0
1993,205,8,ATL,WR,0,
1993,206,8,RAM,ST,0,
1993,207,8,NYG,LB,1,66.0
1993,208,8,RAI,RB,0,
1993,209,8,RAM,DL,0,
1993,210,8,DEN,WR,1,154.0
1993,211,8,IND,LB,1,107.0
1993,212,8,WAS,LB,1,71.0
1993,213,8,DAL,LB,1,54.0
1993,214,8,HOU,DB,0,
1993,215,8,PHO,WR,0,
1993,216,8,PIT,QB,0,
1993,217,8,PHI,OL,1,19.0
1993,218,8,MIA,LB,1,191.0
1993,219,8,SFO,QB,0,
1993,220,8,TAM,WR,1,60.0
1993,221,8,NOR,DL,1,165.0
1993,222,8,SDG,QB,0,
1993,223,8,BUF,OL,1,136.0
1993,224,8,TAM,ST,0,
1994,1,1,CIN,DL,0,
1994,2,1,IND,RB,0,
1994,3,1,WAS,QB,0,
1994,4,1,NWE,DL,0,
1994,5,1,IND,LB,0,
1994,6,1,TAM,QB,0,
1994,7,1,SFO,DL,0,
1994,8,1,SEA,DL,0,
1994,9,1,CLE,DB,0,
1994,10,1,ARI,LB,0,
1994,11,1,CHI,DL,0,
1994,12,1,NYJ,DB,0,
1994,13,1,NOR,DL,0,
1994,14,1,PHI,OL,0,
1994,15,1,RAM,OL,0,
1994,16,1,GNB,OL,0,
1994,17,1,PIT,WR,0,
1994,18,1,MIN,DB,0,
1994,19,1,MIN,OL,0,
1994,20,1,MIA,DL,0,
1994,21,1,DET,WR,0,
1994,22,1,RAI,LB,0,
1994,23,1,DAL,DL,0,
1994,24,1,NYG,WR,0,
1994,25,1,KAN,RB,0,
1994,26,1,HOU,DL,0,
1994,27,1,BUF,DB,0,
1994,28,1,SFO,RB,0,
1994,29,1,CLE,WR,0,
1994,30,2,CIN,WR,0,
1994,31,2,WAS,OL,0,
1994,32,2,IND,OL,0,
1994,33,2,RAM,WR,0,
1994,34,2,TAM,RB,0,
1994,35,2,NWE,WR,0,
1994,36,2,SEA,OL,0,
1994,37,2,PHI,DL,0,
1994,38,2,ARI,RB,0,
1994,39,2,CHI,OL,0,
1994,40,2,MIN,WR,0,
1994,41,2,NYJ,WR,0,
1994,42,2,PHI,RB,0,
1994,43,2,SDG,OL,0,
1994,44,2,NOR,RB,0,
1994,45,2,ATL,WR,0,
1994,46,2,DAL,OL,0,
1994,47,2,NYG,DB,0,
1994,48,2,BUF,DB,1,27.0
1994,49,2,RAM,DB,0,
1994,50,2,PIT,DL,0,
1994,51,2,DEN,LB,0,
1994,52,2,RAI,LB,1,22.0
1994,53,2,SFO,LB,0,
1994,54,2,MIA,LB,0,
1994,55,2,MIN,DL,0,
1994,56,2,RAM,DL,0,
1994,57,2,DET,DB,0,
1994,58,2,KAN,RB,1,25.0
1994,59,2,NYG,DB,1,47.0
1994,60,2,HOU,DL,1,26.0
1994,61,2,BUF,TE,0,
1994,62,2,SFO,DB,0,
1994,63,2,SDG,OL,1,43.0
1994,64,2,BUF,LB,0,
1994,65,2,MIA,OL,0,
1994,66,3,CIN,RB,0,
1994,67,3,IND,OL,1,32.0
1994,68,3,WAS,WR,0,
1994,69,3,TAM,TE,0,
1994,70,3,SDG,WR,0,
1994,71,3,RAM,DB,1,49.0
1994,72,3,ATL,DB,0,
1994,73,3,SEA,RB,0,
1994,74,3,CHI,DL,1,11.0
1994,75,3,CLE,DL,0,
1994,76,3,ARI,OL,0,
1994,77,3,PHI,OL,1,14.0
1994,78,3,NWE,DL,1,4.0
1994,79,3,NOR,LB,0,
1994,80,3,RAI,RB,0,
1994,81,3,BUF,LB,1,64.0
1994,82,3,SDG,DB,0,
1994,83,3,RAM,RB,0,
1994,84,3,GNB,RB,0,
1994,85,3,SFO,ST,0,
1994,86,3,CIN,LB,0,
1994,87,3,SFO,WR,0,
1994,88,3,PIT,LB,0,
1994,89,3,ARI,DL,0,
1994,90,3,NWE,OL,0,
1994,91,3,PIT,RB,0,
1994,92,3,KAN,WR,0,
1994,93,3,DET,DL,0,
1994,94,3,NYJ,DL,0,
1994,95,3,NYG,RB,0,
1994,96,3,KAN,WR,1,92.0
1994,97,3,WAS,OL,1,31.0
1994,98,3,BUF,OL,0,
1994,99,3,ATL,OL,0,
1994,100,3,RAM,DL,1,56.0
1994,101,3,HOU,WR,0,
1994,102,3,DAL,OL,1,46.0
1994,103,3,PHI,DB,0,
1994,104,4,CIN,DB,0,
1994,105,4,WAS,TE,0,
1994,106,4,IND,TE,0,
1994,107,4,ARI,DB,0,
1994,108,4,RAM,WR,1,33.0
1994,109,4,DAL,WR,0,
1994,110,4,SEA,DB,0,
1994,111,4,ATL,QB,0,
1994,112,4,MIA,LB,1,54.0
1994,113,4,ARI,DB,1,107.0
1994,114,4,CHI,RB,0,
1994,115,4,ARI,LB,1,10.0
1994,116,4,NOR,QB,0,
1994,117,4,NYJ,WR,1,41.0
1994,118,4,ATL,LB,0,
1994,119,4,HOU,DB,0,
1994,120,4,RAI,DL,0,
1994,121,4,NWE,TE,0,
1994,122,4,PIT,DL,1,50.0
1994,123,4,DEN,DB,0,
1994,124,4,DET,DB,1,57.0
1994,125,4,MIN,DL,1,55.0
1994,126,4,GNB,DL,0,
1994,127,4,KAN,DB,0,
1994,128,4,NYG,DL,0,
1994,129,4,HOU,RB,0,
1994,130,4,BUF,DB,1,27.0
1994,131,4,DAL,LB,0,
1994,132,5,CIN,OL,0,
1994,133,5,IND,DB,0,
1994,134,5,MIN,DB,1,18.0
1994,135,5,NWE,ST,0,
1994,136,5,TAM,OL,0,
1994,137,5,SDG,TE,0,
1994,138,5,ATL,WR,1,45.0
1994,139,5,ARI,OL,1,76.0
1994,140,5,PIT,DB,0,
1994,141,5,CLE,DB,1,9.0
1994,142,5,NOR,DL,1,13.0
1994,143,5,NOR,OL,0,
1994,144,5,PHI,DB,1,103.0
1994,145,5,SDG,DB,1,82.0
1994,146,5,GNB,WR,0,
1994,147,5,MIA,DL,1,20.0
1994,148,5,PIT,OL,0,
1994,149,5,GNB,RB,1,84.0
1994,150,5,SDG,DL,0,
1994,151,5,KAN,DB,1,127.0
1994,152,5,NYJ,LB,0,
1994,153,5,SFO,LB,1,53.0
1994,154,5,DET,OL,0,
1994,155,5,NYG,DL,1,128.0
1994,156,5,KAN,DL,0,
1994,157,5,HOU,TE,0,
1994,158,5,BUF,TE,1,61.0
1994,159,5,RAI,OL,0,
1994,160,5,SDG,RB,0,
1994,161,5,HOU,OL,0,
1994,162,6,CIN,DL,1,1.0
1994,163,6,WAS,DL,0,
1994,164,6,IND,RB,1,2.0
1994,165,6,TAM,LB,0,
1994,166,6,NWE,WR,1,35.0
1994,167,6,RAM,TE,0,
1994,168,6,NWE,OL,1,90.0
1994,169,6,GNB,WR,1,146.0
1994,170,6,CHI,WR,0,
1994,171,6,CLE,RB,0,
1994,172,6,ARI,TE,0,
1994,173,6,NYJ,RB,0,
1994,174,6,PHI,LB,0,
1994,175,6,GNB,LB,0,
1994,176,6,NOR,WR,0,
1994,177,6,MIA,LB,1,54.0
1994,178,6,PIT,QB,0,
1994,179,6,MIN,TE,0,
1994,180,6,PIT,LB,1,88.0
1994,181,6,GNB,WR,1,146.0
1994,182,6,SFO,LB,1,53.0
1994,183,6,DET,DB,1,57.0
1994,184,6,CIN,OL,1,132.0
1994,185,6,KAN,RB,1,25.0
1994,186,6,NYG,OL,0,
1994,187,6,HOU,WR,1,101.0
1994,188,6,BUF,DL,0,
1994,189,6,RAM,OL,1,15.0
1994,190,6,GNB,LB,1,175.0
1994,191,6,DAL,DB,0,
1994,192,6,BUF,WR,0,
1994,193,6,PHI,ST,0,
1994,194,6,HOU,LB,0,
1994,195,7,CIN,DL,1,1.0
1994,196,7,IND,DL,0,
1994,197,7,WAS,QB,1,3.0
1994,198,7,NWE,QB,0,
1994,199,7,KAN,QB,0,
1994,200,7,TAM,OL,1,136.0
1994,201,7,ATL,RB,0,
1994,202,7,SEA,TE,0,
1994,203,7,CLE,OL,0,
1994,204,7,ARI,RB,1,38.0
1994,205,7,CHI,DB,0,
1994,206,7,PHI,RB,1,42.0
1994,207,7,SDG,LB,0,
1994,208,7,NYJ,QB,0,
1994,209,7,PIT,RB,1,91.0
1994,210,7,DEN,LB,1,51.0
1994,211,7,MIN,LB,0,
1994,212,7,DEN,RB,0,
1994,213,7,NOR,OL,1,143.0
1994,214,7,MIA,DB,0,
1994,215,7,DET,LB,0,
1994,216,7,DAL,DL,1,23.0
1994,217,7,RAI,LB,1,22.0
1994,218,7,DEN,OL,0,
1994,219,7,KAN,TE,0,
1994,220,7,HOU,LB,1,194.0
1994,221,7,BUF,DB,1,27.0
1994,222,7,NWE,LB,0,
1995,1,1,CIN,RB,0,
1995,2,1,JAX,OL,0,
1995,3,1,HOU,QB,0,
1995,4,1,WAS,WR,0,
1995,5,1,CAR,QB,0,
1995,6,1,STL,DL,0,
1995,7,1,PHI,DL,0,
1995,8,1,SEA,WR,0,
1995,9,1,NYJ,TE,0,
1995,10,1,SFO,WR,0,
1995,11,1,MIN,DL,0,
1995,12,1,TAM,DL,0,
1995,13,1,NOR,LB,0,
1995,14,1,BUF,OL,0,
1995,15,1,IND,DL,0,
1995,16,1,NYJ,DL,0,
1995,17,1,NYG,RB,0,
1995,18,1,OAK,RB,0,
1995,19,1,JAX,RB,0,
1995,20,1,DET,DL,0,
1995,21,1,CHI,RB,0,
1995,22,1,CAR,DB,0,
1995,23,1,NWE,DB,0,
1995,24,1,MIN,OL,0,
1995,25,1,MIA,OL,0,
1995,26,1,ATL,DB,0,
1995,27,1,PIT,TE,0,
1995,28,1,TAM,LB,0,
1995,29,1,CAR,OL,0,
1995,30,1,CLE,LB,0,
1995,31,1,KAN,OL,0,
1995,32,1,GNB,DB,0,
1995,33,2,NYJ,OL,0,
1995,34,2,SDG,DB,0,
1995,35,2,HOU,DL,0,
1995,36,2,CAR,DL,0,
1995,37,2,WAS,OL,0,
1995,38,2,STL,OL,0,
1995,39,2,SEA,TE,0,
1995,40,2,JAX,OL,1,2.0
1995,41,2,ATL,DB,1,26.0
1995,42,2,MIN,DB,0,
1995,43,2,TAM,DB,0,
1995,44,2,NOR,RB,0,
1995,45,2,BUF,QB,0,
1995,46,2,DAL,RB,0,
1995,47,2,ARI,WR,0,
1995,48,2,IND,TE,0,
1995,49,2,OAK,OL,0,
1995,50,2,PHI,DB,0,
1995,51,2,SDG,RB,0,
1995,52,2,CHI,DL,0,
1995,53,2,MIA,OL,1,25.0
1995,54,2,NYG,OL,0,
1995,55,2,MIN,DB,1,42.0
1995,56,2,CHI,ST,0,
1995,57,2,NWE,LB,0,
1995,58,2,PHI,OL,0,
1995,59,2,DAL,TE,0,
1995,60,2,PIT,QB,0,
1995,61,2,SDG,WR,0,
1995,62,2,STL,OL,1,38.0
1995,63,2,DAL,OL,0,
1995,64,2,JAX,LB,0,
1995,65,3,GNB,DL,0,
1995,66,3,GNB,RB,0,
1995,67,3,HOU,WR,0,
1995,68,3,WAS,DB,0,
1995,69,3,CIN,OL,0,
1995,70,3,DET,TE,0,
1995,71,3,JAX,DB,0,
1995,72,3,PHI,DL,1,7.0
1995,73,3,GNB,LB,0,
1995,74,3,NWE,RB,0,
1995,75,3,NOR,OL,0,
1995,76,3,BUF,DB,0,
1995,77,3,ATL,LB,0,
1995,78,3,PHI,WR,0,
1995,79,3,IND,RB,0,
1995,80,3,ARI,QB,0,
1995,81,3,KAN,WR,0,
1995,82,3,STL,ST,0,
1995,83,3,CHI,LB,0,
1995,84,3,CLE,QB,0,
1995,85,3,NYG,DB,0,
1995,86,3,OAK,RB,1,18.0
1995,87,3,CHI,OL,0,
1995,88,3,NWE,DB,1,23.0
1995,89,3,HOU,RB,0,
1995,90,3,GNB,WR,0,
1995,91,3,PIT,OL,0,
1995,92,3,DAL,DB,0,
1995,93,3,SDG,DL,0,
1995,94,3,CLE,DL,0,
1995,95,3,HOU,DB,0,
1995,96,3,BUF,LB,0,
1995,97,3,KAN,LB,0,
1995,98,3,SDG,LB,0,
1995,99,4,JAX,QB,0,
1995,100,4,SDG,LB,1,98.0
1995,101,4,HOU,TE,0,
1995,102,4,CIN,DB,0,
1995,103,4,WAS,RB,0,
1995,104,4,SDG,RB,1,51.0
1995,105,4,TAM,DB,1,43.0
1995,106,4,NYJ,OL,1,33.0
1995,107,4,NYJ,TE,1,9.0
1995,108,4,NOR,DL,0,
1995,109,4,BUF,DB,1,76.0
1995,110,4,DAL,TE,1,59.0
1995,111,4,MIN,QB,0,
1995,112,4,NWE,OL,0,
1995,113,4,BUF,WR,0,
1995,114,4,IND,DB,0,
1995,115,4,STL,TE,0,
1995,116,4,CHI,WR,0,
1995,117,4,GNB,OL,0,
1995,118,4,OAK,LB,0,
1995,119,4,PHI,QB,0,
1995,120,4,PIT,DL,0,
1995,121,4,DEN,OL,0,
1995,122,4,MIA,TE,0,
1995,123,4,JAX,DL,0,
1995,124,4,DEN,LB,0,
1995,125,4,PIT,LB,0,
1995,126,4,SEA,LB,0,
1995,127,4,SFO,OL,0,
1995,128,4,NYG,OL,1,54.0
1995,129,4,DAL,DB,1,92.0
1995,130,4,DAL,LB,0,
1995,131,4,BUF,TE,0,
1995,132,4,CAR,OL,1,29.0
1995,133,4,NYG,LB,0,
1995,134,4,KAN,QB,0,
1995,135,5,CAR,DB,1,22.0
1995,136,5,CLE,DL,1,94.0
1995,137,5,WAS,TE,0,
1995,138,5,OAK,LB,1,118.0
1995,139,5,CIN,WR,0,
1995,140,5,STL,DB,0,
1995,141,5,DET,LB,0,
1995,142,5,NYJ,DB,0,
1995,143,5,TAM,DB,1,43.0
1995,144,5,BUF,LB,1,96.0
1995,145,5,ATL,WR,0,
1995,146,5,DEN,LB,1,124.0
1995,147,5,CLE,WR,0,
1995,148,5,NOR,DB,0,
1995,149,5,IND,OL,0,
1995,150,5,ARI,DB,0,
1995,151,5,PIT,DB,0,
1995,152,5,WAS,DL,0,
1995,153,5,NYG,DB,1,85.0
1995,154,5,OAK,OL,1,49.0
1995,155,5,KAN,DL,0,
1995,156,5,DET,WR,0,
1995,157,5,MIN,RB,0,
1995,158,5,MIA,DL,0,
1995,159,5,HOU,DL,1,35.0
1995,160,5,GNB,QB,0,
1995,161,5,PIT,DB,1,151.0
1995,162,5,SDG,WR,1,61.0
1995,163,5,DET,OL,0,
1995,164,5,KAN,LB,1,97.0
1995,165,5,ARI,OL,0,
1995,166,5,DAL,WR,0,
1995,167,5,ARI,DB,1,150.0
1995,168,5,DAL,LB,1,130.0
1995,169,5,JAX,RB,1,19.0
1995,170,5,GNB,RB,1,66.0
1995,171,5,CAR,OL,1,29.0
1995,172,6,JAX,OL,1,2.0
1995,173,6,GNB,WR,1,90.0
1995,174,6,HOU,OL,0,
1995,175,6,CIN,OL,1,69.0
1995,176,6,WAS,OL,1,37.0
1995,177,6,SDG,OL,0,
1995,178,6,NYJ,LB,0,
1995,179,6,TAM,LB,1,28.0
1995,180,6,SEA,DL,0,
1995,181,6,ATL,DL,0,
1995,182,6,DEN,OL,1,121.0
1995,183,6,SDG,WR,1,61.0
1995,184,6,NOR,WR,0,
1995,185,6,BUF,DL,0,
1995,186,6,DET,TE,1,70.0
1995,187,6,IND,LB,0,
1995,188,6,CAR,DL,1,36.0
1995,189,6,MIN,LB,0,
1995,190,6,OAK,OL,1,49.0
1995,191,6,CAR,QB,1,5.0
1995,192,6,DET,RB,0,
1995,193,6,CHI,DB,0,
1995,194,6,MIA,LB,0,
1995,195,6,NWE,RB,1,74.0
1995,196,6,DEN,RB,0,
1995,197,6,SDG,QB,0,
1995,198,6,CHI,DL,1,52.0
1995,199,6,PIT,DB,1,151.0
1995,200,6,SDG,OL,1,177.0
1995,201,6,SFO,LB,0,
1995,202,6,KAN,DL,1,155.0
1995,203,6,SEA,WR,1,8.0
1995,204,6,NYG,DL,0,
1995,205,6,ARI,DB,1,150.0
1995,206,6,NYG,RB,1,17.0
1995,207,6,KAN,DL,1,155.0
1995,208,6,PHI,RB,0,
1995,209,7,CAR,DB,1,22.0
1995,210,7,PHI,RB,1,208.0
1995,211,7,HOU,DB,1,95.0
1995,212,7,ARI,WR,1,47.0
1995,213,7,CIN,QB,0,
1995,214,7,STL,DB,1,140.0
1995,215,7,TAM,OL,0,
1995,216,7,SEA,DL,1,180.0
1995,217,7,NYJ,WR,0,
1995,218,7,DEN,LB,1,124.0
1995,219,7,JAX,WR,0,
1995,220,7,STL,DB,1,140.0
1995,221,7,BUF,OL,1,14.0
1995,222,7,DEN,TE,0,
1995,223,7,IND,LB,1,187.0
1995,224,7,ARI,LB,0,
1995,225,7,NYG,ST,0,
1995,226,7,WAS,DB,1,68.0
1995,227,7,TAM,DL,1,12.0
1995,228,7,DET,OL,1,163.0
1995,229,7,CHI,LB,1,83.0
1995,230,7,GNB,OL,1,117.0
1995,231,7,CLE,WR,1,147.0
1995,232,7,MIN,DL,1,11.0
1995,233,7,MIA,DL,1,158.0
1995,234,7,NWE,DB,1,23.0
1995,235,7,PIT,WR,0,
1995,236,7,DAL,DL,0,
1995,237,7,SDG,DB,1,34.0
1995,238,7,SFO,DL,0,
1995,239,7,STL,DL,1,6.0
1995,240,7,STL,WR,0,
1995,241,7,ARI,DL,0,
1995,242,7,NOR,DB,1,148.0
1995,243,7,MIN,DL,1,11.0
1995,244,7,BUF,RB,0,
1995,245,7,ATL,DL,1,181.0
1995,246,7,MIA,WR,0,
1995,247,7,PIT,ST,0,
1995,248,7,PHI,OL,1,58.0
1995,249,7,CAR,DB,1,22.0
1996,1,1,NYJ,WR,0,
1996,2,1,JAX,LB,0,
1996,3,1,ARI,DL,0,
1996,4,1,BAL,OL,0,
1996,5,1,NYG,DL,0,
1996,6,1,STL,RB,0,
1996,7,1,NWE,WR,0,
1996,8,1,CAR,RB,0,
1996,9,1,OAK,TE,0,
1996,10,1,CIN,OL,0,
1996,11,1,NOR,DB,0,
1996,12,1,TAM,DL,0,
1996,13,1,CHI,DB,0,
1996,14,1,HOU,RB,0,
1996,15,1,DEN,LB,0,
1996,16,1,MIN,DL,0,
1996,17,1,DET,LB,0,
1996,18,1,STL,WR,0,
1996,19,1,IND,WR,0,
1996,20,1,MIA,DL,0,
1996,21,1,SEA,OL,0,
1996,22,1,TAM,DL,1,12.0
1996,23,1,DET,OL,0,
1996,24,1,BUF,WR,0,
1996,25,1,PHI,OL,0,
1996,26,1,BAL,LB,0,
1996,27,1,GNB,OL,0,
1996,28,1,KAN,DB,0,
1996,29,1,PIT,OL,0,
1996,30,1,WAS,OL,0,
1996,31,2,NYJ,WR,1,1.0
1996,32,2,ARI,RB,0,
1996,33,2,JAX,DL,0,
1996,34,2,NYG,WR,0,
1996,35,2,TAM,RB,0,
1996,36,2,NWE,DB,0,
1996,37,2,DAL,DL,0,
1996,38,2,HOU,DL,0,
1996,39,2,CIN,TE,0,
1996,40,2,NOR,DB,1,11.0
1996,41,2,SDG,WR,0,
1996,42,2,STL,QB,0,
1996,43,2,CAR,WR,0,
1996,44,2,DEN,DB,0,
1996,45,2,MIN,DL,1,16.0
1996,46,2,SFO,DL,0,
1996,47,2,SEA,DB,0,
1996,48,2,HOU,OL,0,
1996,49,2,DAL,LB,0,
1996,50,2,SDG,LB,0,
1996,51,2,IND,DB,0,
1996,52,2,CHI,WR,0,
1996,53,2,BUF,LB,0,
1996,54,2,PHI,TE,0,
1996,55,2,BAL,DB,0,
1996,56,2,GNB,WR,0,
1996,57,2,OAK,DL,0,
1996,58,2,KAN,DB,1,28.0
1996,59,2,STL,TE,0,
1996,60,2,JAX,OL,0,
1996,61,2,PHI,DB,0,
1996,62,3,NYJ,DB,0,
1996,63,3,JAX,DB,0,
1996,64,3,ARI,TE,0,
1996,65,3,DEN,RB,0,
1996,66,3,NYG,OL,0,
1996,67,3,DAL,OL,0,
1996,68,3,KAN,DL,0,
1996,69,3,CIN,OL,1,10.0
1996,70,3,NOR,DL,0,
1996,71,3,TAM,DB,0,
1996,72,3,PIT,LB,0,
1996,73,3,CAR,RB,1,8.0
1996,74,3,HOU,LB,0,
1996,75,3,MIN,RB,0,
1996,76,3,DET,DB,0,
1996,77,3,SEA,OL,1,21.0
1996,78,3,DEN,DL,0,
1996,79,3,MIA,DB,0,
1996,80,3,MIA,RB,0,
1996,81,3,SDG,TE,0,
1996,82,3,IND,TE,0,
1996,83,3,STL,RB,1,6.0
1996,84,3,ATL,DL,0,
1996,85,3,PHI,QB,0,
1996,86,3,NWE,LB,0,
1996,87,3,BUF,DB,0,
1996,88,3,CAR,DL,0,
1996,89,3,SFO,WR,0,
1996,90,3,GNB,OL,1,27.0
1996,91,3,SEA,RB,0,
1996,92,3,PIT,RB,0,
1996,93,3,GNB,DB,0,
1996,94,3,DAL,WR,0,
1996,95,3,DAL,DL,1,37.0
1996,96,4,TAM,OL,0,
1996,97,4,MIN,TE,0,
1996,98,4,KAN,LB,0,
1996,99,4,SEA,DL,0,
1996,100,4,DEN,QB,0,
1996,101,4,NWE,OL,0,
1996,102,4,WAS,RB,0,
1996,103,4,NOR,RB,0,
1996,104,4,TAM,DB,1,71.0
1996,105,4,STL,LB,0,
1996,106,4,CAR,OL,0,
1996,107,4,HOU,DL,1,38.0
1996,108,4,CIN,DL,0,
1996,109,4,HOU,OL,1,48.0
1996,110,4,JAX,WR,0,
1996,111,4,CAR,DB,0,
1996,112,4,ARI,OL,0,
1996,113,4,MIA,DB,1,79.0
1996,114,4,SDG,WR,1,41.0
1996,115,4,IND,RB,0,
1996,116,4,CHI,DL,0,
1996,117,4,ATL,RB,0,
1996,118,4,MIA,RB,1,80.0
1996,119,4,NWE,DL,0,
1996,120,4,BUF,LB,1,53.0
1996,121,4,PHI,LB,0,
1996,122,4,DEN,DB,1,44.0
1996,123,4,GNB,DB,1,93.0
1996,124,4,NWE,RB,0,
1996,125,4,MIA,LB,0,
1996,126,4,PIT,LB,1,72.0
1996,127,4,ATL,DB,0,
1996,128,4,SFO,DL,1,46.0
1996,129,4,DET,DB,1,76.0
1996,130,4,NYG,QB,0,
1996,131,4,SEA,LB,0,
1996,132,4,PIT,WR,0,
1996,133,5,NYJ,DB,1,62.0
1996,134,5,MIA,RB,1,80.0
1996,135,5,KAN,WR,0,
1996,136,5,NOR,WR,0,
1996,137,5,ARI,OL,1,112.0
1996,138,5,WAS,DB,0,
1996,139,5,NWE,OL,1,101.0
1996,140,5,TAM,DL,1,12.0
1996,141,5,STL,OL,0,
1996,142,5,CAR,RB,1,8.0
1996,143,5,HOU,DB,0,
1996,144,5,CIN,DB,0,
1996,145,5,NOR,OL,0,
1996,146,5,JAX,OL,1,60.0
1996,147,5,PHI,LB,1,121.0
1996,148,5,MIN,DB,0,
1996,149,5,NWE,DL,1,119.0
1996,150,5,MIA,DL,1,20.0
1996,151,5,IND,DL,0,
1996,152,5,CHI,OL,0,
1996,153,5,BAL,WR,0,
1996,154,5,MIA,LB,1,125.0
1996,155,5,SDG,DL,0,
1996,156,5,BUF,DB,1,87.0
1996,157,5,DAL,OL,1,67.0
1996,158,5,DET,DL,0,
1996,159,5,DEN,WR,0,
1996,160,5,SFO,WR,1,89.0
1996,161,5,ARI,OL,1,112.0
1996,162,5,ARI,DB,0,
1996,163,5,PIT,DL,0,
1996,164,5,ATL,DL,1,84.0
1996,165,5,NOR,WR,1,136.0
1996,166,5,OAK,DL,1,57.0
1996,167,5,DAL,LB,1,49.0
1996,168,6,NYJ,DL,0,
1996,169,6,ARI,DL,1,3.0
1996,170,6,JAX,DB,1,63.0
1996,171,6,NYG,LB,0,
1996,172,6,BAL,LB,1,26.0
1996,173,6,NWE,TE,0,
1996,174,6,WAS,DL,0,
1996,175,6,STL,RB,1,6.0
1996,176,6,KAN,WR,1,135.0
1996,177,6,HOU,DB,1,143.0
1996,178,6,CIN,LB,0,
1996,179,6,NOR,OL,1,145.0
1996,180,6,TAM,WR,0,
1996,181,6,DEN,DB,1,44.0
1996,182,6,NYG,LB,1,171.0
1996,183,6,OAK,RB,0,
1996,184,6,SEA,OL,1,21.0
1996,185,6,JAX,WR,1,110.0
1996,186,6,BAL,WR,1,153.0
1996,187,6,CHI,OL,1,152.0
1996,188,6,ATL,LB,0,
1996,189,6,MIA,DB,1,79.0
1996,190,6,SDG,OL,0,
1996,191,6,IND,OL,0,
1996,192,6,SDG,OL,1,190.0
1996,193,6,CAR,RB,1,8.0
1996,194,6,PHI,DL,0,
1996,195,6,NWE,RB,1,124.0
1996,196,6,BUF,RB,0,
1996,197,6,PHI,TE,1,54.0
1996,198,6,SFO,RB,0,
1996,199,6,PHI,WR,0,
1996,200,6,PIT,DL,1,163.0
1996,201,6,STL,TE,1,59.0
1996,202,6,BUF,OL,0,
1996,203,6,PIT,QB,0,
1996,204,6,NOR,WR,1,136.0
1996,205,6,IND,QB,0,
1996,206,6,NWE,DL,1,119.0
1996,207,6,DAL,DB,0,
1996,208,6,GNB,OL,1,27.0
1996,209,6,SEA,DB,1,47.0
1996,210,7,NYJ,DB,1,62.0
1996,211,7,KAN,OL,0,
1996,212,7,ARI,TE,1,64.0
1996,213,7,DEN,OL,0,
1996,214,7,NYG,DB,0,
1996,215,7,WAS,LB,0,
1996,216,7,NWE,TE,1,173.0
1996,217,7,CAR,WR,1,43.0
1996,218,7,HOU,RB,1,14.0
1996,219,7,CIN,OL,1,10.0
1996,220,7,OAK,LB,0,
1996,221,7,TAM,DB,1,71.0
1996,222,7,STL,DL,0,
1996,223,7,MIN,OL,0,
1996,224,7,OAK,OL,0,
1996,225,7,SEA,DL,1,99.0
1996,226,7,DEN,OL,1,213.0
1996,227,7,JAX,WR,1,110.0
1996,228,7,JAX,WR,1,110.0
1996,229,7,ATL,OL,0,
1996,230,7,MIA,OL,0,
1996,231,7,SDG,RB,0,
1996,232,7,IND,DB,1,51.0
1996,233,7,CHI,DL,1,116.0
1996,234,7,CAR,DL,1,88.0
1996,235,7,DEN,RB,1,65.0
1996,236,7,DEN,ST,0,
1996,237,7,BUF,LB,1,53.0
1996,238,7,BAL,QB,0,
1996,239,7,SFO,TE,0,
1996,240,7,GNB,QB,0,
1996,241,7,KAN,OL,1,211.0
1996,242,7,PIT,LB,1,72.0
1996,243,7,DAL,RB,0,
1996,244,7,BUF,TE,0,
1996,245,7,KAN,DB,1,28.0
1996,246,7,NOR,TE,0,
1996,247,7,NWE,OL,1,101.0
1996,248,7,OAK,OL,1,224.0
1996,249,7,BUF,DB,1,87.0
1996,250,7,WAS,WR,0,
1996,251,7,MIA,WR,0,
1996,252,7,GNB,DL,0,
1996,253,7,CHI,RB,0,
1996,254,7,SFO,LB,0,
1997,1,1,STL,OL,0,
1997,2,1,OAK,DL,0,
1997,3,1,SEA,DB,0,
1997,4,1,BAL,LB,0,
1997,5,1,DET,DB,0,
1997,6,1,SEA,OL,0,
1997,7,1,NYG,WR,0,
1997,8,1,NYJ,LB,0,
1997,9,1,ARI,DB,0,
1997,10,1,NOR,OL,0,
1997,11,1,ATL,DB,0,
1997,12,1,TAM,RB,0,
1997,13,1,KAN,TE,0,
1997,14,1,CIN,LB,0,
1997,15,1,MIA,WR,0,
1997,16,1,TAM,WR,0,
1997,17,1,WAS,DL,0,
1997,18,1,TEN,DL,0,
1997,19,1,IND,OL,0,
1997,20,1,MIN,LB,0,
1997,21,1,JAX,DL,0,
1997,22,1,DAL,TE,0,
1997,23,1,BUF,RB,0,
1997,24,1,PIT,DB,0,
1997,25,1,PHI,DL,0,
1997,26,1,SFO,QB,0,
1997,27,1,CAR,WR,0,
1997,28,1,DEN,DL,0,
1997,29,1,NWE,DB,0,
1997,30,1,GNB,OL,0,
1997,31,2,NYJ,DL,0,
1997,32,2,ATL,DL,0,
1997,33,2,NOR,DB,0,
1997,34,2,BAL,LB,1,4.0
1997,35,2,DET,OL,0,
1997,36,2,NYG,RB,0,
1997,37,2,TAM,OL,0,
1997,38,2,CHI,TE,0,
1997,39,2,NOR,DL,0,
1997,40,2,STL,DB,0,
1997,41,2,ATL,RB,0,
1997,42,2,ARI,QB,0,
1997,43,2,CIN,RB,0,
1997,44,2,MIA,DB,0,
1997,45,2,SDG,TE,0,
1997,46,2,TEN,WR,0,
1997,47,2,KAN,WR,0,
1997,48,2,IND,OL,1,19.0
1997,49,2,MIN,DB,0,
1997,50,2,JAX,DB,0,
1997,51,2,WAS,LB,0,
1997,52,2,BUF,DL,0,
1997,53,2,PIT,WR,0,
1997,54,2,DET,DB,1,5.0
1997,55,2,SFO,RB,0,
1997,56,2,CAR,DB,0,
1997,57,2,PHI,LB,0,
1997,58,2,BAL,DB,0,
1997,59,2,NWE,DL,0,
1997,60,2,GNB,DB,0,
1997,61,3,NWE,RB,0,
1997,62,3,NOR,RB,0,
1997,63,3,TAM,OL,1,37.0
1997,64,3,BAL,RB,0,
1997,65,3,DAL,LB,0,
1997,66,3,TAM,DB,0,
1997,67,3,DEN,OL,0,
1997,68,3,NYG,LB,0,
1997,69,3,CHI,OL,0,
1997,70,3,ATL,TE,0,
1997,71,3,PHI,RB,0,
1997,72,3,OAK,OL,0,
1997,73,3,MIA,DL,0,
1997,74,3,SDG,LB,0,
1997,75,3,TEN,DB,0,
1997,76,3,CIN,OL,0,
1997,77,3,SFO,TE,0,
1997,78,3,MIN,DL,0,
1997,79,3,JAX,LB,0,
1997,80,3,WAS,LB,1,51.0
1997,81,3,TEN,OL,0,
1997,82,3,PIT,OL,0,
1997,83,3,DAL,OL,0,
1997,84,3,ARI,DB,1,9.0
1997,85,3,OAK,OL,1,72.0
1997,86,3,IND,DL,0,
1997,87,3,CAR,LB,0,
1997,88,3,NYJ,WR,0,
1997,89,3,NWE,DB,1,29.0
1997,90,3,GNB,ST,0,
1997,91,3,PIT,LB,0,
1997,92,3,MIA,LB,0,
1997,93,3,MIA,LB,1,92.0
1997,94,3,DAL,DB,0,
1997,95,3,NYG,ST,0,
1997,96,3,MIA,OL,0,
1997,97,4,NWE,OL,0,
1997,98,4,TEN,WR,1,46.0
1997,99,4,NOR,QB,0,
1997,100,4,ATL,LB,0,
1997,101,4,DAL,DL,0,
1997,102,4,NYJ,DL,1,31.0
1997,103,4,NYG,LB,1,68.0
1997,104,4,NYJ,RB,0,
1997,105,4,CHI,RB,0,
1997,106,4,ARI,OL,0,
1997,107,4,TEN,DL,1,18.0
1997,108,4,CHI,WR,0,
1997,109,4,SDG,OL,0,
1997,110,4,KAN,QB,0,
1997,111,4,CIN,DB,0,
1997,112,4,STL,OL,1,1.0
1997,113,4,MIN,DB,1,49.0
1997,114,4,JAX,DL,1,21.0
1997,115,4,WAS,WR,0,
1997,116,4,NOR,WR,0,
1997,117,4,IND,DB,0,
1997,118,4,BAL,LB,1,4.0
1997,119,4,PHI,DB,0,
1997,120,4,BUF,OL,0,
1997,121,4,MIA,OL,1,96.0
1997,122,4,CAR,LB,1,87.0
1997,123,4,OAK,RB,0,
1997,124,4,DEN,DB,0,
1997,125,4,NWE,OL,1,97.0
1997,126,4,GNB,DL,0,
1997,127,4,DAL,WR,0,
1997,128,4,TAM,LB,0,
1997,129,4,DAL,RB,0,
1997,130,4,DET,LB,0,
1997,131,5,NYJ,OL,0,
1997,132,5,WAS,DB,0,
1997,133,5,ATL,DB,1,11.0
1997,134,5,BAL,OL,0,
1997,135,5,DET,TE,0,
1997,136,5,NYG,DB,0,
1997,137,5,TAM,TE,0,
1997,138,5,SDG,RB,0,
1997,139,5,ARI,WR,0,
1997,140,5,WAS,DB,1,132.0
1997,141,5,CHI,DB,0,
1997,142,5,SEA,DB,1,3.0
1997,143,5,TEN,DB,1,75.0
1997,144,5,CIN,DL,0,
1997,145,5,NYJ,DB,0,
1997,146,5,SDG,DB,0,
1997,147,5,JAX,TE,0,
1997,148,5,WAS,LB,1,51.0
1997,149,5,MIA,DL,1,73.0
1997,150,5,IND,WR,0,
1997,151,5,MIN,DL,1,78.0
1997,152,5,PHI,DL,1,25.0
1997,153,5,BUF,DB,0,
1997,154,5,PIT,RB,0,
1997,155,5,PHI,TE,0,
1997,156,5,IND,DL,1,86.0
1997,157,5,MIA,DL,1,73.0
1997,158,5,STL,DB,1,40.0
1997,159,5,NWE,LB,0,
1997,160,5,GNB,LB,0,
1997,161,5,DET,DL,0,
1997,162,5,WAS,OL,0,
1997,163,5,KAN,RB,0,
1997,164,6,NYJ,LB,1,8.0
1997,165,6,NOR,TE,0,
1997,166,6,MIA,LB,1,92.0
1997,167,6,BAL,RB,1,64.0
1997,168,6,DET,OL,1,35.0
1997,169,6,TAM,DB,1,66.0
1997,170,6,MIA,WR,1,15.0
1997,171,6,NYG,QB,0,
1997,172,6,OAK,DB,0,
1997,173,6,MIA,LB,1,92.0
1997,174,6,SEA,TE,0,
1997,175,6,ARI,RB,0,
1997,176,6,CIN,LB,1,14.0
1997,177,6,MIA,TE,0,
1997,178,6,SDG,OL,1,109.0
1997,179,6,STL,LB,0,
1997,180,6,ATL,OL,0,
1997,181,6,TEN,LB,0,
1997,182,6,IND,LB,0,
1997,183,6,MIN,DB,1,49.0
1997,184,6,JAX,RB,0,
1997,185,6,BUF,OL,1,120.0
1997,186,6,PIT,DB,1,24.0
1997,187,6,DAL,DB,1,94.0
1997,188,6,ARI,LB,0,
1997,189,6,CAR,DL,0,
1997,190,6,PHI,WR,0,
1997,191,6,NYJ,QB,0,
1997,192,6,NWE,WR,0,
1997,193,6,OAK,DL,1,2.0
1997,194,6,BAL,LB,1,4.0
1997,195,6,KAN,WR,1,47.0
1997,196,6,CHI,DL,0,
1997,197,6,TAM,WR,1,16.0
1997,198,6,PHI,DL,1,25.0
1997,199,6,PIT,DL,0,
1997,200,6,CHI,LB,0,
1997,201,6,CHI,DB,1,141.0
1997,202,7,NYJ,DB,1,145.0
1997,203,7,MIA,DB,1,44.0
1997,204,7,ATL,QB,0,
1997,205,7,BAL,DL,0,
1997,206,7,DET,RB,0,
1997,207,7,PHI,QB,0,
1997,208,7,NYG,DL,0,
1997,209,7,TAM,DL,0,
1997,210,7,CHI,DL,1,196.0
1997,211,7,SEA,DB,1,3.0
1997,212,7,ARI,DL,0,
1997,213,7,GNB,WR,0,
1997,214,7,KAN,OL,0,
1997,215,7,STL,DL,0,
1997,216,7,TEN,DB,1,75.0
1997,217,7,CIN,DL,1,144.0
1997,218,7,SDG,LB,1,74.0
1997,219,7,IND,DB,1,117.0
1997,220,7,MIN,LB,1,20.0
1997,221,7,JAX,LB,1,79.0
1997,222,7,ATL,DB,1,11.0
1997,223,7,PIT,WR,1,53.0
1997,224,7,DAL,DB,1,94.0
1997,225,7,PHI,DB,1,119.0
1997,226,7,BUF,TE,0,
1997,227,7,PHI,DB,1,119.0
1997,228,7,CAR,TE,0,
1997,229,7,NYJ,DL,1,31.0
1997,230,7,NWE,OL,1,97.0
1997,231,7,GNB,RB,0,
1997,232,7,DET,WR,0,
1997,233,7,CHI,DL,1,196.0
1997,234,7,BAL,QB,0,
1997,235,7,MIN,WR,0,
1997,236,7,BAL,DB,1,58.0
1997,237,7,SDG,QB,0,
1997,238,7,BAL,DL,1,205.0
1997,239,7,DET,LB,1,130.0
1997,240,7,GNB,QB,0,
1998,1,1,IND,QB,0,
1998,2,1,SDG,QB,0,
1998,3,1,ARI,DL,0,
1998,4,1,OAK,DB,0,
1998,5,1,CHI,RB,0,
1998,6,1,STL,DL,0,
1998,7,1,NOR,OL,0,
1998,8,1,DAL,DL,0,
1998,9,1,JAX,RB,0,
1998,10,1,BAL,DB,0,
1998,11,1,PHI,OL,0,
1998,12,1,ATL,LB,0,
1998,13,1,CIN,LB,0,
1998,14,1,CAR,DL,0,
1998,15,1,SEA,LB,0,
1998,16,1,TEN,WR,0,
1998,17,1,CIN,LB,1,13.0
1998,18,1,NWE,RB,0,
1998,19,1,GNB,DL,0,
1998,20,1,DET,DB,0,
1998,21,1,MIN,WR,0,
1998,22,1,NWE,DB,0,
1998,23,1,OAK,OL,0,
1998,24,1,NYG,DB,0,
1998,25,1,JAX,DB,0,
1998,26,1,PIT,OL,0,
1998,27,1,KAN,OL,0,
1998,28,1,SFO,DB,0,
1998,29,1,MIA,RB,0,
1998,30,1,DEN,WR,0,
1998,31,2,OAK,DL,0,
1998,32,2,IND,WR,0,
1998,33,2,ARI,DB,0,
1998,34,2,TAM,WR,0,
1998,35,2,CHI,DB,0,
1998,36,2,ARI,OL,0,
1998,37,2,STL,RB,0,
1998,38,2,DAL,OL,0,
1998,39,2,BUF,LB,0,
1998,40,2,NOR,TE,0,
1998,41,2,PIT,DL,0,
1998,42,2,BAL,WR,0,
1998,43,2,CIN,DB,0,
1998,44,2,MIA,DB,0,
1998,45,2,TAM,DB,0,
1998,46,2,TEN,DB,0,
1998,47,2,SEA,OL,0,
1998,48,2,WAS,TE,0,
1998,49,2,MIA,DL,0,
1998,50,2,DET,WR,0,
1998,51,2,MIN,LB,0,
1998,52,2,NWE,WR,0,
1998,53,2,ATL,OL,0,
1998,54,2,NWE,TE,0,
1998,55,2,NYG,WR,0,
1998,56,2,NYJ,DL,0,
1998,57,2,JAX,DB,1,25.0
1998,58,2,SFO,OL,0,
1998,59,2,SDG,TE,0,
1998,60,2,DET,QB,0,
1998,61,2,DEN,DB,0,
1998,62,3,CAR,DL,1,14.0
1998,63,3,OAK,RB,0,
1998,64,3,CHI,OL,0,
1998,65,3,STL,DL,1,6.0
1998,66,3,PIT,OL,1,26.0
1998,67,3,NYJ,DB,0,
1998,68,3,BUF,OL,0,
1998,69,3,WAS,RB,0,
1998,70,3,NYG,WR,1,55.0
1998,71,3,IND,WR,1,32.0
1998,72,3,PHI,LB,0,
1998,73,3,CAR,DL,1,14.0
1998,74,3,ATL,WR,0,
1998,75,3,CIN,LB,1,13.0
1998,76,3,SEA,RB,0,
1998,77,3,TEN,DB,1,46.0
1998,78,3,CIN,OL,0,
1998,79,3,MIA,LB,0,
1998,80,3,MIN,DB,0,
1998,81,3,NWE,RB,1,18.0
1998,82,3,MIA,WR,0,
1998,83,3,NWE,DL,0,
1998,84,3,TAM,LB,0,
1998,85,3,PHI,DB,0,
1998,86,3,JAX,QB,0,
1998,87,3,NYJ,DB,1,67.0
1998,88,3,KAN,RB,0,
1998,89,3,SFO,OL,1,58.0
1998,90,3,GNB,DL,1,19.0
1998,91,3,DEN,QB,0,
1998,92,3,PIT,WR,0,
1998,93,4,IND,OL,0,
1998,94,4,CHI,TE,0,
1998,95,4,ARI,RB,0,
1998,96,4,STL,WR,0,
1998,97,4,NOR,DB,0,
1998,98,4,STL,TE,0,
1998,99,4,NOR,DL,0,
1998,100,4,DAL,DL,1,8.0
1998,101,4,JAX,RB,1,9.0
1998,102,4,MIA,DL,1,49.0
1998,103,4,ATL,DB,0,
1998,104,4,TAM,OL,0,
1998,105,4,CIN,DL,0,
1998,106,4,CAR,WR,0,
1998,107,4,TEN,DL,0,
1998,108,4,SEA,LB,1,15.0
1998,109,4,OAK,OL,1,23.0
1998,110,4,MIN,LB,1,51.0
1998,111,4,NYJ,OL,0,
1998,112,4,PHI,DL,0,
1998,113,4,WAS,LB,0,
1998,114,4,ATL,WR,1,74.0
1998,115,4,NWE,DL,1,83.0
1998,116,4,PHI,DB,1,85.0
1998,117,4,PIT,DB,0,
1998,118,4,JAX,DL,0,
1998,119,4,SFO,DB,1,28.0
1998,120,4,KAN,LB,0,
1998,121,4,GNB,DB,0,
1998,122,4,DEN,RB,0,
1998,123,4,PIT,RB,0,
1998,124,5,BAL,DL,0,
1998,125,5,ARI,TE,0,
1998,126,5,SDG,DL,0,
1998,127,5,OAK,TE,0,
1998,128,5,KAN,DB,0,
1998,129,5,STL,RB,1,37.0
1998,130,5,DAL,LB,0,
1998,131,5,BUF,RB,0,
1998,132,5,NOR,RB,0,
1998,133,5,BAL,DB,1,10.0
1998,134,5,NYJ,LB,0,
1998,135,5,IND,LB,0,
1998,136,5,CAR,LB,0,
1998,137,5,PIT,DB,1,117.0
1998,138,5,DAL,OL,1,38.0
1998,139,5,TEN,OL,0,
1998,140,5,WAS,OL,0,
1998,141,5,NYJ,OL,1,111.0
1998,142,5,PHI,LB,1,72.0
1998,143,5,MIA,OL,0,
1998,144,5,MIN,DB,1,80.0
1998,145,5,NWE,LB,0,
1998,146,5,NYJ,TE,0,
1998,147,5,NYG,OL,0,
1998,148,5,JAX,OL,0,
1998,149,5,NYJ,OL,1,111.0
1998,150,5,GNB,WR,0,
1998,151,5,SFO,OL,1,58.0
1998,152,5,OAK,LB,0,
1998,153,5,DEN,RB,1,122.0
1998,154,6,BAL,LB,0,
1998,155,6,SDG,DB,0,
1998,156,6,GNB,DB,1,121.0
1998,157,6,CHI,LB,0,
1998,158,6,ARI,LB,0,
1998,159,6,STL,OL,0,
1998,160,6,BUF,WR,0,
1998,161,6,NOR,LB,0,
1998,162,6,SEA,DL,0,
1998,163,6,NYJ,DL,1,56.0
1998,164,6,BAL,OL,0,
1998,165,6,CAR,DB,0,
1998,166,6,ATL,DB,1,103.0
1998,167,6,CIN,WR,0,
1998,168,6,TEN,DB,1,46.0
1998,169,6,SEA,WR,0,
1998,170,6,WAS,WR,0,
1998,171,6,MIA,OL,1,143.0
1998,172,6,MIA,QB,0,
1998,173,6,MIN,OL,0,
1998,174,6,NYJ,WR,0,
1998,175,6,TAM,DL,0,
1998,176,6,NWE,RB,1,18.0
1998,177,6,NYG,TE,0,
1998,178,6,PIT,RB,1,123.0
1998,179,6,JAX,DL,1,118.0
1998,180,6,SFO,RB,0,
1998,181,6,KAN,DL,0,
1998,182,6,JAX,RB,1,9.0
1998,183,6,NYJ,RB,0,
1998,184,6,TAM,DB,1,45.0
1998,185,6,DET,DB,1,20.0
1998,186,6,PIT,LB,0,
1998,187,6,GNB,QB,0,
1998,188,6,DAL,DB,0,
1998,189,6,CHI,OL,1,64.0
1998,190,7,IND,OL,1,93.0
1998,191,7,WAS,DB,0,
1998,192,7,JAX,WR,0,
1998,193,7,ARI,WR,0,
1998,194,7,SDG,LB,0,
1998,195,7,NYJ,TE,1,146.0
1998,196,7,CAR,DL,1,14.0
1998,197,7,SEA,OL,1,47.0
1998,198,7,BUF,OL,1,68.0
1998,199,7,ATL,OL,1,53.0
1998,200,7,DEN,OL,0,
1998,201,7,ATL,RB,0,
1998,202,7,CIN,RB,0,
1998,203,7,ATL,DL,0,
1998,204,7,NOR,WR,0,
1998,205,7,TEN,LB,0,
1998,206,7,WAS,LB,1,113.0
1998,207,7,DET,OL,0,
1998,208,7,MIN,LB,1,51.0
1998,209,7,ARI,DL,1,3.0
1998,210,7,MIA,OL,1,143.0
1998,211,7,NWE,OL,0,
1998,212,7,TAM,DL,1,175.0
1998,213,7,NYG,OL,1,147.0
1998,214,7,JAX,LB,0,
1998,215,7,SFO,WR,0,
1998,216,7,KAN,DB,1,128.0
1998,217,7,CHI,OL,1,64.0
1998,218,7,GNB,RB,0,
1998,219,7,DEN,LB,0,
1998,220,7,PHI,DL,1,112.0
1998,221,7,PIT,DL,1,41.0
1998,222,7,CIN,TE,0,
1998,223,7,DAL,RB,0,
1998,224,7,KAN,RB,1,88.0
1998,225,7,MIN,DB,1,80.0
1998,226,7,ARI,DB,1,33.0
1998,227,7,DAL,OL,1,38.0
1998,228,7,CAR,WR,1,106.0
1998,229,7,TEN,OL,1,139.0
1998,230,7,OAK,DL,1,31.0
1998,231,7,IND,DB,0,
1998,232,7,CHI,QB,0,
1998,233,7,ARI,RB,1,95.0
1998,234,7,SDG,WR,0,
1998,235,7,OAK,DL,1,31.0
1998,236,7,STL,DL,1,6.0
1998,237,7,DAL,TE,0,
1998,238,7,BUF,WR,1,160.0
1998,239,7,NOR,DL,1,99.0
1998,240,7,PHI,OL,1,11.0
1998,241,7,BAL,TE,0,
1999,1,1,CLE,QB,0,
1999,2,1,PHI,QB,0,
1999,3,1,CIN,QB,0,
1999,4,1,IND,RB,0,
1999,5,1,NOR,RB,0,
1999,6,1,STL,WR,0,
1999,7,1,WAS,DB,0,
1999,8,1,ARI,WR,0,
1999,9,1,DET,LB,0,
1999,10,1,BAL,DB,0,
1999,11,1,MIN,QB,0,
1999,12,1,CHI,QB,0,
1999,13,1,PIT,WR,0,
1999,14,1,KAN,OL,0,
1999,15,1,TAM,DL,0,
1999,16,1,TEN,DL,0,
1999,17,1,NWE,OL,0,
1999,18,1,OAK,OL,0,
1999,19,1,NYG,OL,0,
1999,20,1,DAL,DL,0,
1999,21,1,ARI,OL,0,
1999,22,1,SEA,DL,0,
1999,23,1,BUF,DB,0,
1999,24,1,SFO,DL,0,
1999,25,1,GNB,DB,0,
1999,26,1,JAX,DB,0,
1999,27,1,DET,OL,0,
1999,28,1,NWE,LB,0,
1999,29,1,MIN,DL,0,
1999,30,1,ATL,DL,0,
1999,31,1,DEN,LB,0,
1999,32,2,CLE,WR,0,
1999,33,2,CIN,DB,0,
1999,34,2,CAR,OL,0,
1999,35,2,PHI,LB,0,
1999,36,2,IND,LB,0,
1999,37,2,WAS,OL,0,
1999,38,2,CAR,DL,0,
1999,39,2,MIA,RB,0,
1999,40,2,OAK,DL,0,
1999,41,2,STL,DB,0,
1999,42,2,ATL,TE,0,
1999,43,2,MIA,RB,1,39.0
1999,44,2,MIN,TE,0,
1999,45,2,CLE,LB,0,
1999,46,2,NWE,RB,0,
1999,47,2,GNB,DB,1,25.0
1999,48,2,CHI,DL,0,
1999,49,2,NYG,RB,0,
1999,50,2,TAM,QB,0,
1999,51,2,ARI,LB,0,
1999,52,2,TEN,DL,1,16.0
1999,53,2,BUF,WR,0,
1999,54,2,KAN,RB,0,
1999,55,2,DAL,OL,0,
1999,56,2,JAX,DL,0,
1999,57,2,NYJ,OL,0,
1999,58,2,DEN,DL,0,
1999,59,2,PIT,DB,0,
1999,60,2,SDG,RB,0,
1999,61,2,DEN,OL,0,
1999,62,3,CLE,DB,0,
1999,63,3,IND,OL,0,
1999,64,3,PHI,OL,0,
1999,65,3,CIN,DB,1,33.0
1999,66,3,CHI,OL,0,
1999,67,3,DEN,DB,0,
1999,68,3,STL,DB,1,41.0
1999,69,3,SDG,TE,0,
1999,70,3,DET,DL,0,
1999,71,3,CHI,WR,0,
1999,72,3,MIA,OL,0,
1999,73,3,PIT,LB,0,
1999,74,3,PIT,OL,0,
1999,75,3,KAN,DL,0,
1999,76,3,CLE,DB,1,62.0
1999,77,3,SEA,QB,0,
1999,78,3,CHI,WR,1,71.0
1999,79,3,NYG,TE,0,
1999,80,3,TAM,ST,0,
1999,81,3,TEN,OL,0,
1999,82,3,SEA,WR,0,
1999,83,3,ARI,DL,0,
1999,84,3,KAN,LB,0,
1999,85,3,DAL,LB,0,
1999,86,3,BUF,RB,0,
1999,87,3,GNB,DB,1,25.0
1999,88,3,JAX,OL,0,
1999,89,3,SFO,DL,1,24.0
1999,90,3,NYJ,OL,1,57.0
1999,91,3,NWE,DB,0,
1999,92,3,ATL,RB,0,
1999,93,3,DEN,WR,0,
1999,94,3,GNB,DL,0,
1999,95,3,PIT,RB,0,
1999,96,4,IND,DB,0,
1999,97,4,PHI,OL,1,64.0
1999,98,4,CIN,WR,0,
1999,99,4,SFO,DB,0,
1999,100,4,CAR,LB,0,
1999,101,4,STL,QB,0,
1999,102,4,OAK,WR,0,
1999,103,4,DET,RB,0,
1999,104,4,SDG,DB,0,
1999,105,4,BAL,WR,0,
1999,106,4,CHI,LB,0,
1999,107,4,WAS,LB,0,
1999,108,4,KAN,WR,0,
1999,109,4,PIT,DL,0,
1999,110,4,SFO,DB,1,99.0
1999,111,4,CHI,LB,1,106.0
1999,112,4,NYG,RB,1,49.0
1999,113,4,TAM,DB,0,
1999,114,4,TEN,DB,0,
1999,115,4,SEA,DL,1,22.0
1999,116,4,ARI,RB,0,
1999,117,4,TEN,DB,1,114.0
1999,118,4,DAL,WR,0,
1999,119,4,BUF,LB,0,
1999,120,4,MIN,DB,0,
1999,121,4,JAX,DL,1,56.0
1999,122,4,BUF,TE,0,
1999,123,4,NYJ,DL,0,
1999,124,4,CLE,LB,1,45.0
1999,125,4,MIN,OL,0,
1999,126,4,ATL,DB,0,
1999,127,4,DEN,RB,0,
1999,128,4,PHI,DB,0,
1999,129,4,BAL,OL,0,
1999,130,4,PHI,WR,0,
1999,131,4,GNB,QB,0,
1999,132,4,DAL,DL,1,20.0
1999,133,4,GNB,ST,0,
1999,134,5,MIA,RB,1,39.0
1999,135,5,CIN,RB,0,
1999,136,5,PIT,TE,0,
1999,137,5,DET,DB,0,
1999,138,5,IND,DL,0,
1999,139,5,SDG,DL,0,
1999,140,5,SEA,OL,0,
1999,141,5,SDG,OL,0,
1999,142,5,MIA,LB,0,
1999,143,5,CHI,OL,1,66.0
1999,144,5,CHI,LB,1,106.0
1999,145,5,STL,OL,0,
1999,146,5,OAK,LB,0,
1999,147,5,CHI,DB,0,
1999,148,5,CLE,WR,1,32.0
1999,149,5,NYG,OL,1,19.0
1999,150,5,TAM,DL,1,15.0
1999,151,5,TEN,QB,0,
1999,152,5,SEA,RB,0,
1999,153,5,OAK,DL,1,40.0
1999,154,5,NWE,OL,1,17.0
1999,155,5,ARI,DB,0,
1999,156,5,BUF,LB,1,119.0
1999,157,5,SFO,RB,0,
1999,158,5,DEN,DL,1,58.0
1999,159,5,GNB,RB,0,
1999,160,5,JAX,DB,1,26.0
1999,161,5,SFO,OL,0,
1999,162,5,NYJ,DB,0,
1999,163,5,GNB,OL,0,
1999,164,5,ATL,WR,0,
1999,165,5,WAS,OL,1,37.0
1999,166,5,PIT,WR,1,13.0
1999,167,5,DEN,DB,1,67.0
1999,168,5,ARI,OL,1,21.0
1999,169,5,MIN,LB,0,
1999,170,6,SEA,DB,0,
1999,171,6,SFO,WR,0,
1999,172,6,PHI,RB,0,
1999,173,6,CIN,DL,0,
1999,174,6,CLE,DL,0,
1999,175,6,CAR,DL,1,38.0
1999,176,6,STL,DL,0,
1999,177,6,DET,LB,1,9.0
1999,178,6,SDG,DB,1,104.0
1999,179,6,DEN,TE,0,
1999,180,6,NWE,DB,1,91.0
1999,181,6,WAS,ST,0,
1999,182,6,JAX,DL,1,56.0
1999,183,6,NYJ,LB,0,
1999,184,6,CHI,DB,1,147.0
1999,185,6,MIN,DL,1,29.0
1999,186,6,TEN,WR,0,
1999,187,6,CLE,LB,1,45.0
1999,188,6,OAK,DL,1,40.0
1999,189,6,NYG,DB,0,
1999,190,6,ARI,DB,1,155.0
1999,191,6,CLE,TE,0,
1999,192,6,MIA,ST,0,
1999,193,6,DAL,WR,1,118.0
1999,194,6,BUF,DB,1,23.0
1999,195,6,TAM,RB,0,
1999,196,6,GNB,WR,0,
1999,197,6,NYJ,OL,1,57.0
1999,198,6,ATL,LB,0,
1999,199,6,MIN,LB,1,169.0
1999,200,6,ATL,DB,1,126.0
1999,201,6,PHI,WR,1,130.0
1999,202,6,ARI,LB,1,51.0
1999,203,6,GNB,OL,1,163.0
1999,204,6,DEN,WR,1,93.0
1999,205,6,NYG,DB,1,189.0
1999,206,6,ARI,RB,1,116.0
1999,207,7,CLE,RB,0,
1999,208,7,PHI,TE,0,
1999,209,7,CIN,OL,0,
1999,210,7,IND,ST,0,
1999,211,7,CAR,DB,0,
1999,212,7,GNB,DB,1,25.0
1999,213,7,GNB,WR,1,196.0
1999,214,7,PIT,DL,1,109.0
1999,215,7,DET,DL,1,70.0
1999,216,7,BAL,DB,1,10.0
1999,217,7,WAS,WR,0,
1999,218,7,DEN,TE,1,179.0
1999,219,7,PIT,LB,1,73.0
1999,220,7,KAN,OL,1,14.0
1999,221,7,CHI,WR,1,71.0
1999,222,7,TEN,LB,0,
1999,223,7,NYJ,OL,1,57.0
1999,224,7,OAK,DB,0,
1999,225,7,NYG,DL,0,
1999,226,7,TAM,OL,0,
1999,227,7,NWE,QB,0,
1999,228,7,PIT,ST,0,
1999,229,7,DAL,TE,0,
1999,230,7,BUF,TE,1,122.0
1999,231,7,NYG,LB,0,
1999,232,7,MIA,DL,0,
1999,233,7,TAM,RB,1,195.0
1999,234,7,SFO,LB,0,
1999,235,7,NYJ,LB,1,183.0
1999,236,7,MIN,DL,1,29.0
1999,237,7,ATL,OL,0,
1999,238,7,DEN,TE,1,179.0
1999,239,7,ARI,QB,0,
1999,240,7,TAM,WR,0,
1999,241,7,NWE,WR,0,
1999,242,7,JAX,DB,1,26.0
1999,243,7,DAL,OL,1,55.0
1999,244,7,MIA,OL,1,72.0
1999,245,7,CIN,QB,1,3.0
1999,246,7,JAX,DL,1,56.0
1999,247,7,ATL,WR,1,164.0
1999,248,7,BUF,DL,0,
1999,249,7,CIN,DL,1,173.0
1999,250,7,IND,LB,1,36.0
1999,251,7,PHI,DL,0,
1999,252,7,STL,ST,0,
1999,253,7,CHI,RB,0,
2000,1,1,CLE,DL,0,
2000,2,1,WAS,LB,0,
2000,3,1,WAS,OL,0,
2000,4,1,CIN,WR,0,
2000,5,1,BAL,RB,0,
2000,6,1,PHI,DL,0,
2000,7,1,ARI,RB,0,
2000,8,1,PIT,WR,0,
2000,9,1,CHI,LB,0,
2000,10,1,BAL,WR,0,
2000,11,1,NYG,RB,0,
2000,12,1,NYJ,DL,0,
2000,13,1,NYJ,DL,1,12.0
2000,14,1,GNB,TE,0,
2000,15,1,DEN,DB,0,
2000,16,1,SFO,LB,0,
2000,17,1,OAK,ST,0,
2000,18,1,NYJ,QB,0,
2000,19,1,SEA,RB,0,
2000,20,1,DET,OL,0,
2000,21,1,KAN,WR,0,
2000,22,1,SEA,OL,0,
2000,23,1,CAR,DB,0,
2000,24,1,SFO,DB,0,
2000,25,1,MIN,DL,0,
2000,26,1,BUF,DL,0,
2000,27,1,NYJ,TE,0,
2000,28,1,IND,LB,0,
2000,29,1,JAX,WR,0,
2000,30,1,TEN,LB,0,
2000,31,1,STL,RB,0,
2000,32,2,CLE,WR,0,
2000,33,2,NOR,DL,0,
2000,34,2,CIN,DB,0,
2000,35,2,SFO,DL,0,
2000,36,2,PHI,WR,0,
2000,37,2,ATL,OL,0,
2000,38,2,PIT,OL,0,
2000,39,2,CHI,DB,0,
2000,40,2,DEN,LB,0,
2000,41,2,ARI,LB,0,
2000,42,2,NYG,DL,0,
2000,43,2,SDG,DB,0,
2000,44,2,GNB,OL,0,
2000,45,2,DEN,DB,1,15.0
2000,46,2,NWE,OL,0,
2000,47,2,OAK,WR,0,
2000,48,2,SFO,DB,1,24.0
2000,49,2,DAL,DB,0,
2000,50,2,DET,LB,0,
2000,51,2,TAM,OL,0,
2000,52,2,SEA,DB,0,
2000,53,2,MIA,OL,0,
2000,54,2,KAN,DB,0,
2000,55,2,MIN,DL,1,25.0
2000,56,2,MIN,DL,1,25.0
2000,57,2,CAR,DB,1,23.0
2000,58,2,BUF,DB,0,
2000,59,2,IND,LB,1,28.0
2000,60,2,JAX,OL,0,
2000,61,2,PHI,OL,0,
2000,62,2,STL,DB,0,
2000,63,3,CLE,RB,0,
2000,64,3,WAS,DB,0,
2000,65,3,SFO,QB,0,
2000,66,3,CIN,WR,1,4.0
2000,67,3,ATL,LB,0,
2000,68,3,TEN,TE,0,
2000,69,3,CHI,WR,0,
2000,70,3,DEN,WR,0,
2000,71,3,ARI,DL,0,
2000,72,3,PIT,DL,0,
2000,73,3,NYG,WR,0,
2000,74,3,GNB,DL,0,
2000,75,3,BAL,QB,0,
2000,76,3,NWE,RB,0,
2000,77,3,PIT,DB,0,
2000,78,3,NYJ,WR,0,
2000,79,3,CLE,WR,1,32.0
2000,80,3,SEA,WR,0,
2000,81,3,DET,RB,0,
2000,82,3,CAR,OL,0,
2000,83,3,SDG,OL,0,
2000,84,3,MIA,DB,0,
2000,85,3,KAN,DB,1,54.0
2000,86,3,SFO,LB,1,16.0
2000,87,3,CHI,TE,0,
2000,88,3,MIN,RB,0,
2000,89,3,BUF,LB,0,
2000,90,3,TAM,LB,0,
2000,91,3,IND,DB,0,
2000,92,3,JAX,LB,0,
2000,93,3,TEN,DL,0,
2000,94,3,STL,OL,0,
2000,95,4,CLE,DB,0,
2000,96,4,NOR,RB,0,
2000,97,4,CIN,RB,0,
2000,98,4,GNB,LB,0,
2000,99,4,PHI,WR,1,36.0
2000,100,4,ATL,OL,1,37.0
2000,101,4,DEN,DL,0,
2000,102,4,ARI,DB,0,
2000,103,4,PIT,WR,1,8.0
2000,104,4,STL,OL,1,94.0
2000,105,4,NYG,LB,0,
2000,106,4,MIN,LB,0,
2000,107,4,OAK,DL,0,
2000,108,4,SFO,DB,1,24.0
2000,109,4,DAL,DB,1,49.0
2000,110,4,CLE,TE,0,
2000,111,4,SDG,WR,0,
2000,112,4,DEN,OL,0,
2000,113,4,SDG,DL,0,
2000,114,4,GNB,WR,0,
2000,115,4,KAN,RB,0,
2000,116,4,SEA,LB,0,
2000,117,4,MIA,RB,0,
2000,118,4,MIN,DB,0,
2000,119,4,SEA,LB,1,116.0
2000,120,4,CAR,DL,0,
2000,121,4,BUF,WR,0,
2000,122,4,IND,DL,0,
2000,123,4,JAX,OL,1,60.0
2000,124,4,TEN,DB,0,
2000,125,4,CHI,DB,1,39.0
2000,126,4,GNB,DB,0,
2000,127,4,NWE,OL,1,46.0
2000,128,4,TEN,LB,1,30.0
2000,129,4,WAS,OL,1,3.0
2000,130,5,CLE,DB,1,95.0
2000,131,5,NOR,OL,0,
2000,132,5,SFO,RB,0,
2000,133,5,CIN,DB,1,34.0
2000,134,5,ATL,DB,0,
2000,135,5,TEN,DB,1,124.0
2000,136,5,ARI,DL,1,71.0
2000,137,5,PIT,LB,0,
2000,138,5,IND,OL,0,
2000,139,5,STL,DL,0,
2000,140,5,NYG,DB,0,
2000,141,5,NWE,TE,0,
2000,142,5,OAK,ST,1,17.0
2000,143,5,NYJ,WR,1,78.0
2000,144,5,DAL,RB,0,
2000,145,5,DET,DB,0,
2000,146,5,CLE,DB,1,95.0
2000,147,5,CAR,DL,1,120.0
2000,148,5,BAL,OL,0,
2000,149,5,GNB,DL,1,74.0
2000,150,5,SFO,DL,1,35.0
2000,151,5,GNB,WR,1,114.0
2000,152,5,MIA,DB,1,84.0
2000,153,5,KAN,WR,1,21.0
2000,154,5,DEN,WR,1,70.0
2000,155,5,WAS,DB,1,64.0
2000,156,5,BUF,RB,0,
2000,157,5,TAM,TE,0,
2000,158,5,NOR,TE,0,
2000,159,5,JAX,DB,0,
2000,160,5,TEN,LB,1,30.0
2000,161,5,NWE,DL,0,
2000,162,5,KAN,DB,1,54.0
2000,163,5,PIT,QB,0,
2000,164,5,ARI,TE,0,
2000,165,5,MIN,WR,0,
2000,166,5,NOR,RB,1,96.0
2000,167,6,MIA,DL,0,
2000,168,6,NOR,QB,0,
2000,169,6,CIN,ST,0,
2000,170,6,CHI,WR,1,69.0
2000,171,6,PHI,RB,0,
2000,172,6,ATL,WR,0,
2000,173,6,PIT,DL,1,72.0
2000,174,6,CHI,ST,0,
2000,175,6,SEA,WR,1,80.0
2000,176,6,ARI,DL,1,71.0
2000,177,6,NYG,LB,1,105.0
2000,178,6,PHI,DL,1,6.0
2000,179,6,NYJ,DB,0,
2000,180,6,DAL,DB,1,49.0
2000,181,6,DET,DL,0,
2000,182,6,CAR,OL,1,82.0
2000,183,6,CLE,QB,0,
2000,184,6,SDG,LB,0,
2000,185,6,SEA,DL,0,
2000,186,6,BAL,LB,0,
2000,187,6,NWE,DB,0,
2000,188,6,KAN,OL,0,
2000,189,6,DEN,RB,0,
2000,190,6,SEA,DL,1,185.0
2000,191,6,BAL,DL,0,
2000,192,6,PHI,OL,1,61.0
2000,193,6,TAM,DB,0,
2000,194,6,BUF,DL,1,26.0
2000,195,6,NOR,DB,0,
2000,196,6,JAX,WR,1,29.0
2000,197,6,TEN,DL,1,93.0
2000,198,6,STL,DB,1,62.0
2000,199,6,NWE,QB,0,
2000,200,6,NOR,WR,0,
2000,201,6,NWE,DL,1,161.0
2000,202,6,WAS,QB,0,
2000,203,6,SDG,DB,1,43.0
2000,204,6,PIT,TE,0,
2000,205,6,SDG,QB,0,
2000,206,6,CLE,OL,0,
2000,207,7,CLE,OL,1,206.0
2000,208,7,KAN,WR,1,21.0
2000,209,7,CLE,DL,1,1.0
2000,210,7,CIN,TE,0,
2000,211,7,ATL,DB,1,134.0
2000,212,7,SFO,QB,1,65.0
2000,213,7,TEN,RB,0,
2000,214,7,DEN,QB,0,
2000,215,7,ARI,LB,1,41.0
2000,216,7,WAS,DL,0,
2000,217,7,NYG,DL,1,42.0
2000,218,7,NYJ,DL,1,12.0
2000,219,7,DAL,LB,0,
2000,220,7,STL,OL,1,94.0
2000,221,7,CAR,LB,0,
2000,222,7,SDG,OL,1,83.0
2000,223,7,CHI,LB,1,9.0
2000,224,7,GNB,OL,1,44.0
2000,225,7,CLE,DB,1,95.0
2000,226,7,NWE,LB,0,
2000,227,7,OAK,TE,0,
2000,228,7,NOR,OL,1,131.0
2000,229,7,GNB,DL,1,74.0
2000,230,7,SFO,TE,0,
2000,231,7,OAK,DB,0,
2000,232,7,MIA,DB,1,84.0
2000,233,7,BUF,WR,1,121.0
2000,234,7,TAM,QB,0,
2000,235,7,IND,DL,1,122.0
2000,236,7,JAX,DB,1,159.0
2000,237,7,TEN,OL,0,
2000,238,7,IND,DB,1,91.0
2000,239,7,NWE,RB,1,76.0
2000,240,7,MIN,OL,0,
2000,241,7,JAX,DL,0,
2000,242,7,GNB,WR,1,114.0
2000,243,7,JAX,RB,0,
2000,244,7,MIN,TE,0,
2000,245,7,JAX,LB,1,92.0
2000,246,7,DEN,WR,1,70.0
2000,247,7,JAX,OL,1,60.0
2000,248,7,MIN,OL,1,240.0
2000,249,7,GNB,LB,1,98.0
2000,250,7,WAS,WR,0,
2000,251,7,BUF,LB,1,89.0
2000,252,7,GNB,RB,0,
2000,253,7,DET,DL,1,181.0
2000,254,7,CHI,DB,1,39.0
2001,1,1,ATL,QB,0,
2001,2,1,ARI,OL,0,
2001,3,1,CLE,DL,0,
2001,4,1,CIN,DL,0,
2001,5,1,SDG,RB,0,
2001,6,1,NWE,DL,0,
2001,7,1,SFO,DL,0,
2001,8,1,CHI,WR,0,
2001,9,1,SEA,WR,0,
2001,10,1,GNB,DL,0,
2001,11,1,CAR,LB,0,
2001,12,1,STL,DL,0,
2001,13,1,JAX,DL,0,
2001,14,1,TAM,OL,0,
2001,15,1,WAS,WR,0,
2001,16,1,NYJ,WR,0,
2001,17,1,SEA,OL,0,
2001,18,1,DET,OL,0,
2001,19,1,PIT,DL,0,
2001,20,1,STL,DB,0,
2001,21,1,BUF,DB,0,
2001,22,1,NYG,DB,0,
2001,23,1,NOR,RB,0,
2001,24,1,DEN,DB,0,
2001,25,1,PHI,WR,0,
2001,26,1,MIA,DB,0,
2001,27,1,MIN,RB,0,
2001,28,1,OAK,DB,0,
2001,29,1,STL,DL,1,12.0
2001,30,1,IND,WR,0,
2001,31,1,BAL,TE,0,
2001,32,2,SDG,QB,0,
2001,33,2,CLE,WR,0,
2001,34,2,ARI,DL,0,
2001,35,2,ATL,TE,0,
2001,36,2,CIN,WR,0,
2001,37,2,IND,DB,0,
2001,38,2,CHI,RB,0,
2001,39,2,PIT,LB,0,
2001,40,2,SEA,DB,0,
2001,41,2,GNB,WR,0,
2001,42,2,STL,LB,0,
2001,43,2,JAX,OL,0,
2001,44,2,CAR,DL,0,
2001,45,2,WAS,DB,0,
2001,46,2,BUF,DL,0,
2001,47,2,SFO,LB,0,
2001,48,2,NWE,OL,0,
2001,49,2,NYJ,RB,0,
2001,50,2,DET,OL,1,18.0
2001,51,2,DEN,DL,0,
2001,52,2,MIA,WR,0,
2001,53,2,DAL,QB,0,
2001,54,2,ARI,DB,0,
2001,55,2,PHI,LB,0,
2001,56,2,DAL,DB,0,
2001,57,2,MIN,DL,0,
2001,58,2,BUF,RB,0,
2001,59,2,OAK,QB,0,
2001,60,2,TEN,DB,0,
2001,61,2,DET,DL,0,
2001,62,2,BAL,DB,0,
2001,63,3,PHI,DL,0,
2001,64,3,ARI,DB,1,54.0
2001,65,3,CLE,RB,0,
2001,66,3,CIN,TE,0,
2001,67,3,SDG,DB,0,
2001,68,3,CHI,OL,0,
2001,69,3,MIN,DB,0,
2001,70,3,NOR,LB,0,
2001,71,3,GNB,DB,0,
2001,72,3,GNB,LB,0,
2001,73,3,JAX,LB,0,
2001,74,3,CAR,WR,0,
2001,75,3,KAN,DL,0,
2001,76,3,BUF,DL,1,46.0
2001,77,3,KAN,WR,0,
2001,78,3,NYG,DB,1,22.0
2001,79,3,NYJ,OL,0,
2001,80,3,SFO,RB,0,
2001,81,3,NOR,DL,0,
2001,82,3,SEA,RB,0,
2001,83,3,STL,LB,1,42.0
2001,84,3,TAM,DB,0,
2001,85,3,MIA,RB,0,
2001,86,3,NWE,DB,0,
2001,87,3,DEN,DL,1,51.0
2001,88,3,MIA,LB,0,
2001,89,3,OAK,DL,0,
2001,90,3,TEN,TE,0,
2001,91,3,IND,DB,1,37.0
2001,92,3,BAL,OL,0,
2001,93,3,DAL,DL,0,
2001,94,3,JAX,DB,0,
2001,95,3,BUF,OL,0,
2001,96,4,NWE,OL,1,48.0
2001,97,4,CLE,DB,0,
2001,98,4,ARI,ST,0,
2001,99,4,ATL,OL,0,
2001,100,4,CIN,RB,0,
2001,101,4,NYJ,DB,0,
2001,102,4,ATL,LB,0,
2001,103,4,CHI,LB,0,
2001,104,4,SEA,LB,0,
2001,105,4,GNB,OL,0,
2001,106,4,CAR,QB,0,
2001,107,4,KAN,LB,0,
2001,108,4,KAN,RB,0,
2001,109,4,WAS,QB,0,
2001,110,4,BUF,LB,0,
2001,111,4,PIT,OL,0,
2001,112,4,SDG,LB,0,
2001,113,4,DEN,OL,0,
2001,114,4,NYG,DL,0,
2001,115,4,NOR,RB,1,23.0
2001,116,4,STL,WR,0,
2001,117,4,TAM,DB,1,84.0
2001,118,4,IND,OL,0,
2001,119,4,NWE,TE,0,
2001,120,4,DEN,ST,0,
2001,121,4,PHI,RB,0,
2001,122,4,DAL,LB,0,
2001,123,4,ARI,DL,1,34.0
2001,124,4,TEN,WR,0,
2001,125,4,NYG,QB,0,
2001,126,4,BAL,LB,0,
2001,127,4,SEA,DB,1,40.0
2001,128,4,SEA,OL,1,17.0
2001,129,4,STL,TE,0,
2001,130,4,MIN,DL,1,57.0
2001,131,4,MIN,WR,0,
2001,132,5,SDG,OL,0,
2001,133,5,ARI,DL,1,34.0
2001,134,5,CLE,LB,0,
2001,135,5,CIN,OL,0,
2001,136,5,ATL,WR,0,
2001,137,5,DAL,OL,0,
2001,138,5,CHI,OL,1,68.0
2001,139,5,SDG,LB,1,112.0
2001,140,5,SEA,WR,1,9.0
2001,141,5,KAN,TE,0,
2001,142,5,JAX,ST,0,
2001,143,5,CAR,DB,0,
2001,144,5,BUF,OL,1,95.0
2001,145,5,STL,DB,1,20.0
2001,146,5,PIT,OL,1,111.0
2001,147,5,PHI,TE,0,
2001,148,5,DET,WR,0,
2001,149,5,DET,QB,0,
2001,150,5,KAN,RB,1,108.0
2001,151,5,TAM,OL,1,14.0
2001,152,5,IND,DB,1,37.0
2001,153,5,NOR,WR,0,
2001,154,5,WAS,WR,1,15.0
2001,155,5,PHI,QB,0,
2001,156,5,MIA,OL,0,
2001,157,5,MIN,LB,0,
2001,158,5,OAK,DB,1,28.0
2001,159,5,TEN,WR,1,124.0
2001,160,5,NYG,ST,0,
2001,161,5,BAL,RB,0,
2001,162,5,NYG,WR,0,
2001,163,5,NWE,LB,0,
2001,164,6,MIA,OL,1,156.0
2001,165,6,CLE,DB,1,97.0
2001,166,6,ARI,WR,0,
2001,167,6,ATL,DL,0,
2001,168,6,CIN,LB,0,
2001,169,6,SFO,WR,0,
2001,170,6,JAX,OL,1,43.0
2001,171,6,DAL,DL,1,93.0
2001,172,6,SEA,QB,0,
2001,173,6,DET,LB,0,
2001,174,6,TAM,RB,0,
2001,175,6,CAR,RB,0,
2001,176,6,KAN,OL,0,
2001,177,6,MIA,QB,0,
2001,178,6,BUF,DB,1,21.0
2001,179,6,SFO,DB,0,
2001,180,6,NWE,TE,1,119.0
2001,181,6,PIT,DL,1,19.0
2001,182,6,PIT,LB,1,39.0
2001,183,6,TAM,DL,0,
2001,184,6,OAK,DL,1,89.0
2001,185,6,NOR,OL,0,
2001,186,6,WAS,DL,0,
2001,187,6,MIA,DL,0,
2001,188,6,MIA,LB,1,88.0
2001,189,6,MIN,DB,1,69.0
2001,190,6,DEN,WR,0,
2001,191,6,SFO,DL,1,7.0
2001,192,6,TEN,RB,0,
2001,193,6,IND,DB,1,37.0
2001,194,6,BAL,OL,1,92.0
2001,195,6,BUF,TE,0,
2001,196,6,BUF,DB,1,21.0
2001,197,6,STL,WR,1,116.0
2001,198,6,GNB,TE,0,
2001,199,6,TEN,OL,0,
2001,200,6,NWE,DB,1,86.0
2001,201,7,SDG,OL,1,132.0
2001,202,7,ARI,DB,1,54.0
2001,203,7,CLE,OL,0,
2001,204,7,CIN,WR,1,36.0
2001,205,7,TAM,TE,0,
2001,206,7,NYJ,DL,0,
2001,207,7,DAL,DL,1,93.0
2001,208,7,CHI,WR,1,8.0
2001,209,7,SFO,LB,1,47.0
2001,210,7,SEA,DB,1,40.0
2001,211,7,CAR,OL,0,
2001,212,7,KAN,DB,0,
2001,213,7,JAX,LB,1,73.0
2001,214,7,BUF,WR,0,
2001,215,7,ATL,DB,0,
2001,216,7,NWE,ST,0,
2001,217,7,NYJ,OL,1,79.0
2001,218,7,PIT,WR,0,
2001,219,7,ATL,OL,1,99.0
2001,220,7,IND,OL,1,118.0
2001,221,7,NOR,DL,1,81.0
2001,222,7,SEA,OL,1,17.0
2001,223,7,TAM,DB,1,84.0
2001,224,7,SFO,TE,0,
2001,225,7,MIN,OL,0,
2001,226,7,ATL,DL,1,167.0
2001,227,7,CAR,TE,0,
2001,228,7,OAK,DB,1,28.0
2001,229,7,OAK,WR,0,
2001,230,7,NYG,DL,1,114.0
2001,231,7,BAL,DL,0,
2001,232,7,TEN,LB,0,
2001,233,7,JAX,DB,1,94.0
2001,234,7,TAM,DL,1,183.0
2001,235,7,JAX,WR,0,
2001,236,7,ATL,WR,1,136.0
2001,237,7,SEA,DL,0,
2001,238,7,BUF,DL,1,46.0
2001,239,7,NWE,LB,1,163.0
2001,240,7,DAL,DL,1,93.0
2001,241,7,JAX,DL,1,13.0
2001,242,7,DAL,OL,1,137.0
2001,243,7,KAN,DL,1,75.0
2001,244,7,SDG,DB,1,67.0
2001,245,7,CLE,WR,1,33.0
2001,246,7,ARI,TE,0,
2002,1,1,HOU,QB,0,
2002,2,1,CAR,DL,0,
2002,3,1,DET,QB,0,
2002,4,1,BUF,OL,0,
2002,5,1,SDG,DB,0,
2002,6,1,KAN,DL,0,
2002,7,1,MIN,OL,0,
2002,8,1,DAL,DB,0,
2002,9,1,JAX,DL,0,
2002,10,1,CIN,OL,0,
2002,11,1,IND,DL,0,
2002,12,1,ARI,DL,0,
2002,13,1,NOR,WR,0,
2002,14,1,NYG,TE,0,
2002,15,1,TEN,DL,0,
2002,16,1,CLE,RB,0,
2002,17,1,OAK,DB,0,
2002,18,1,ATL,RB,0,
2002,19,1,DEN,WR,0,
2002,20,1,GNB,WR,0,
2002,21,1,NWE,TE,0,
2002,22,1,NYJ,DL,0,
2002,23,1,OAK,LB,0,
2002,24,1,BAL,DB,0,
2002,25,1,NOR,DL,0,
2002,26,1,PHI,DB,0,
2002,27,1,SFO,DB,0,
2002,28,1,SEA,TE,0,
2002,29,1,CHI,OL,0,
2002,30,1,PIT,OL,0,
2002,31,1,STL,LB,0,
2002,32,1,WAS,QB,0,
2002,33,2,HOU,WR,0,
2002,34,2,CAR,RB,0,
2002,35,2,DET,DL,0,
2002,36,2,BUF,WR,0,
2002,37,2,DAL,OL,0,
2002,38,2,MIN,LB,0,
2002,39,2,SDG,OL,0,
2002,40,2,JAX,OL,0,
2002,41,2,CIN,DB,0,
2002,42,2,IND,DL,1,11.0
2002,43,2,KAN,DL,1,6.0
2002,44,2,NOR,OL,0,
2002,45,2,TEN,DB,0,
2002,46,2,NYG,WR,0,
2002,47,2,CLE,WR,0,
2002,48,2,SDG,WR,0,
2002,49,2,ARI,LB,0,
2002,50,2,HOU,OL,0,
2002,51,2,DEN,RB,0,
2002,52,2,BAL,DL,0,
2002,53,2,OAK,OL,0,
2002,54,2,SEA,RB,0,
2002,55,2,OAK,TE,0,
2002,56,2,WAS,RB,0,
2002,57,2,NYJ,DB,0,
2002,58,2,PHI,DB,1,26.0
2002,59,2,PHI,DB,1,26.0
2002,60,2,SEA,DL,0,
2002,61,2,BUF,DL,0,
2002,62,2,PIT,WR,0,
2002,63,2,DAL,WR,0,
2002,64,2,STL,DB,0,
2002,65,2,NWE,WR,0,
2002,66,3,HOU,OL,1,50.0
2002,67,3,CIN,TE,0,
2002,68,3,DET,DB,0,
2002,69,3,SFO,LB,0,
2002,70,3,MIN,DB,0,
2002,71,3,SDG,LB,0,
2002,72,3,CHI,DB,0,
2002,73,3,CAR,LB,0,
2002,74,3,IND,DB,0,
2002,75,3,DAL,DB,1,8.0
2002,76,3,CLE,OL,0,
2002,77,3,TEN,LB,0,
2002,78,3,NYG,OL,0,
2002,79,3,WAS,DB,0,
2002,80,3,ATL,LB,0,
2002,81,3,ARI,QB,0,
2002,82,3,NOR,LB,0,
2002,83,3,HOU,DL,0,
2002,84,3,STL,RB,0,
2002,85,3,SEA,DB,0,
2002,86,3,TAM,WR,0,
2002,87,3,WAS,WR,0,
2002,88,3,NYJ,TE,0,
2002,89,3,JAX,LB,0,
2002,90,3,MIA,OL,0,
2002,91,3,PHI,RB,0,
2002,92,3,GNB,DB,0,
2002,93,3,CHI,OL,1,29.0
2002,94,3,PIT,DB,0,
2002,95,3,STL,WR,0,
2002,96,3,DEN,DL,0,
2002,97,3,BUF,DB,0,
2002,98,3,ARI,DL,1,12.0
2002,99,4,HOU,RB,0,
2002,100,4,CAR,DB,0,
2002,101,4,CLE,LB,0,
2002,102,4,SFO,ST,0,
2002,103,4,SDG,TE,0,
2002,104,4,CHI,DL,0,
2002,105,4,MIN,DB,1,70.0
2002,106,4,IND,LB,0,
2002,107,4,KAN,RB,0,
2002,108,4,JAX,QB,0,
2002,109,4,CIN,ST,0,
2002,110,4,TEN,DB,1,45.0
2002,111,4,CLE,LB,1,101.0
2002,112,4,BAL,ST,0,
2002,113,4,ARI,DL,1,12.0
2002,114,4,MIA,TE,0,
2002,115,4,TEN,DB,1,45.0
2002,116,4,ATL,OL,0,
2002,117,4,NWE,QB,0,
2002,118,4,JAX,TE,0,
2002,119,4,TAM,RB,0,
2002,120,4,SEA,DB,1,85.0
2002,121,4,NYJ,DL,1,22.0
2002,122,4,CLE,TE,0,
2002,123,4,BAL,WR,0,
2002,124,4,PHI,OL,0,
2002,125,4,NOR,DB,0,
2002,126,4,NWE,DL,0,
2002,127,4,SFO,DB,1,27.0
2002,128,4,PIT,LB,0,
2002,129,4,DAL,RB,0,
2002,130,4,STL,OL,0,
2002,131,4,DEN,DB,0,
2002,132,4,MIN,OL,1,7.0
2002,133,4,TEN,LB,1,77.0
2002,134,4,DET,LB,0,
2002,135,4,GNB,RB,0,
2002,136,5,HOU,RB,1,99.0
2002,137,5,CAR,QB,0,
2002,138,5,DET,TE,0,
2002,139,5,BUF,DL,1,61.0
2002,140,5,CHI,DB,1,72.0
2002,141,5,CLE,LB,1,101.0
2002,142,5,SDG,WR,1,48.0
2002,143,5,KAN,LB,0,
2002,144,5,DEN,WR,1,19.0
2002,145,5,CAR,RB,1,34.0
2002,146,5,SEA,DL,1,60.0
2002,147,5,OAK,DL,0,
2002,148,5,ATL,DB,0,
2002,149,5,ARI,WR,0,
2002,150,5,NOR,DB,1,125.0
2002,151,5,TEN,WR,0,
2002,152,5,NYG,LB,0,
2002,153,5,HOU,DB,0,
2002,154,5,NYJ,OL,0,
2002,155,5,BAL,TE,0,
2002,156,5,GNB,DL,0,
2002,157,5,TAM,DB,0,
2002,158,5,ATL,QB,0,
2002,159,5,WAS,DB,1,79.0
2002,160,5,WAS,TE,0,
2002,161,5,MIA,DB,0,
2002,162,5,PHI,WR,0,
2002,163,5,SFO,QB,0,
2002,164,5,GNB,QB,0,
2002,165,5,CHI,LB,0,
2002,166,5,PIT,RB,0,
2002,167,5,STL,LB,1,31.0
2002,168,5,DAL,DB,1,8.0
2002,169,5,SEA,TE,1,28.0
2002,170,5,MIA,WR,0,
2002,171,5,SEA,OL,0,
2002,172,5,SFO,DL,0,
2002,173,6,HOU,DB,1,153.0
2002,174,6,CAR,TE,0,
2002,175,6,DET,DB,1,68.0
2002,176,6,BUF,DB,1,97.0
2002,177,6,MIN,LB,1,38.0
2002,178,6,SDG,OL,1,39.0
2002,179,6,DAL,OL,1,37.0
2002,180,6,JAX,DL,1,9.0
2002,181,6,CIN,DB,1,41.0
2002,182,6,IND,DL,1,11.0
2002,183,6,IND,DB,1,74.0
2002,184,6,ATL,WR,0,
2002,185,6,ARI,RB,0,
2002,186,6,NOR,QB,0,
2002,187,6,TEN,OL,0,
2002,188,6,NYG,LB,1,152.0
2002,189,6,OAK,DB,1,17.0
2002,190,6,HOU,DL,1,83.0
2002,191,6,DEN,TE,0,
2002,192,6,WAS,OL,0,
2002,193,6,TAM,DL,0,
2002,194,6,SEA,ST,0,
2002,195,6,BAL,DB,1,24.0
2002,196,6,NOR,TE,0,
2002,197,6,OAK,RB,0,
2002,198,6,PHI,LB,0,
2002,199,6,CHI,RB,0,
2002,200,6,GNB,OL,0,
2002,201,6,SFO,TE,0,
2002,202,6,PIT,WR,1,62.0
2002,203,6,CHI,WR,0,
2002,204,6,IND,RB,0,
2002,205,6,STL,QB,0,
2002,206,6,BAL,WR,1,123.0
2002,207,6,BAL,RB,0,
2002,208,6,DAL,WR,1,63.0
2002,209,6,BAL,DB,1,24.0
2002,210,6,CHI,TE,0,
2002,211,6,DAL,TE,0,
2002,212,7,PIT,DB,1,94.0
2002,213,7,CAR,OL,0,
2002,214,7,DET,RB,0,
2002,215,7,BUF,OL,1,4.0
2002,216,7,SDG,QB,0,
2002,217,7,ATL,WR,1,184.0
2002,218,7,MIN,OL,1,7.0
2002,219,7,CIN,DL,0,
2002,220,7,IND,DL,1,11.0
2002,221,7,KAN,LB,1,143.0
2002,222,7,JAX,WR,0,
2002,223,7,ARI,TE,0,
2002,224,7,NOR,DL,1,25.0
2002,225,7,TEN,WR,1,151.0
2002,226,7,NYG,WR,1,46.0
2002,227,7,CLE,OL,1,76.0
2002,228,7,DEN,DB,1,131.0
2002,229,7,HOU,DL,1,83.0
2002,230,7,WAS,OL,1,192.0
2002,231,7,DEN,DL,1,96.0
2002,232,7,SEA,QB,0,
2002,233,7,TAM,DB,1,157.0
2002,234,7,WAS,DL,0,
2002,235,7,OAK,WR,0,
2002,236,7,BAL,QB,0,
2002,237,7,NWE,RB,0,
2002,238,7,PHI,DL,0,
2002,239,7,SFO,OL,0,
2002,240,7,TEN,DL,1,15.0
2002,241,7,MIA,RB,0,
2002,242,7,PIT,DL,0,
2002,243,7,STL,RB,1,84.0
2002,244,7,ATL,OL,1,116.0
2002,245,7,NYG,LB,1,152.0
2002,246,7,JAX,DB,0,
2002,247,7,JAX,ST,0,
2002,248,7,SFO,OL,1,239.0
2002,249,7,BUF,WR,1,36.0
2002,250,7,TAM,TE,0,
2002,251,7,BUF,RB,0,
2002,252,7,DET,TE,1,138.0
2002,253,7,NWE,WR,1,65.0
2002,254,7,TAM,WR,1,86.0
2002,255,7,TAM,OL,0,
2002,256,7,SFO,DB,1,27.0
2002,257,7,WAS,RB,1,56.0
2002,258,7,CAR,DB,1,100.0
2002,259,7,DET,OL,0,
2002,260,7,BUF,LB,0,
2002,261,7,HOU,DL,1,83.0
2003,1,1,CIN,QB,0,
2003,2,1,DET,WR,0,
2003,3,1,HOU,WR,0,
2003,4,1,NYJ,DL,0,
2003,5,1,DAL,DB,0,
2003,6,1,NOR,DL,0,
2003,7,1,JAX,QB,0,
2003,8,1,CAR,OL,0,
2003,9,1,MIN,DL,0,
2003,10,1,BAL,LB,0,
2003,11,1,SEA,DB,0,
2003,12,1,STL,DL,0,
2003,13,1,NWE,DL,0,
2003,14,1,CHI,DL,0,
2003,15,1,PHI,DL,0,
2003,16,1,PIT,DB,0,
2003,17,1,ARI,WR,0,
2003,18,1,ARI,DL,0,
2003,19,1,BAL,QB,0,
2003,20,1,DEN,OL,0,
2003,21,1,CLE,OL,0,
2003,22,1,CHI,QB,0,
2003,23,1,BUF,RB,0,
2003,24,1,IND,TE,0,
2003,25,1,NYG,DL,0,
2003,26,1,SFO,OL,0,
2003,27,1,KAN,RB,0,
2003,28,1,TEN,DB,0,
2003,29,1,GNB,LB,0,
2003,30,1,SDG,DB,0,
2003,31,1,OAK,DB,0,
2003,32,1,OAK,DL,0,
2003,33,2,CIN,OL,0,
2003,34,2,DET,LB,0,
2003,35,2,CHI,DB,0,
2003,36,2,NWE,DB,0,
2003,37,2,NOR,OL,0,
2003,38,2,DAL,OL,0,
2003,39,2,JAX,DB,0,
2003,40,2,MIN,LB,0,
2003,41,2,HOU,TE,0,
2003,42,2,SEA,DB,1,11.0
2003,43,2,STL,LB,0,
2003,44,2,WAS,WR,0,
2003,45,2,NWE,WR,0,
2003,46,2,SDG,DB,1,30.0
2003,47,2,KAN,LB,0,
2003,48,2,BUF,DL,0,
2003,49,2,MIA,LB,0,
2003,50,2,CAR,OL,1,8.0
2003,51,2,DEN,LB,0,
2003,52,2,CLE,LB,0,
2003,53,2,NYJ,LB,0,
2003,54,2,ARI,WR,1,17.0
2003,55,2,ATL,DB,0,
2003,56,2,NYG,DL,1,25.0
2003,57,2,SFO,DL,0,
2003,58,2,IND,DB,0,
2003,59,2,PIT,LB,0,
2003,60,2,TEN,WR,0,
2003,61,2,PHI,TE,0,
2003,62,2,SDG,DB,1,30.0
2003,63,2,OAK,TE,0,
2003,64,2,TAM,DL,0,
2003,65,3,CIN,WR,0,
2003,66,3,DET,DL,0,
2003,67,3,HOU,LB,0,
2003,68,3,CHI,LB,0,
2003,69,3,DAL,TE,0,
2003,70,3,ARI,LB,0,
2003,71,3,MIN,WR,0,
2003,72,3,JAX,OL,0,
2003,73,3,SEA,OL,0,
2003,74,3,STL,WR,0,
2003,75,3,HOU,OL,0,
2003,76,3,CAR,TE,0,
2003,77,3,BAL,RB,0,
2003,78,3,MIA,OL,0,
2003,79,3,GNB,DL,0,
2003,80,3,SDG,OL,0,
2003,81,3,WAS,OL,0,
2003,82,3,CAR,DB,0,
2003,83,3,OAK,DL,1,32.0
2003,84,3,CLE,DB,0,
2003,85,3,NYJ,RB,0,
2003,86,3,NOR,LB,0,
2003,87,3,MIA,OL,1,78.0
2003,88,3,HOU,QB,0,
2003,89,3,SFO,DL,1,57.0
2003,90,3,IND,DB,1,58.0
2003,91,3,NYG,TE,0,
2003,92,3,KAN,DB,0,
2003,93,3,TEN,RB,0,
2003,94,3,BUF,LB,0,
2003,95,3,PHI,WR,0,
2003,96,3,OAK,RB,0,
2003,97,3,TAM,QB,0,
2003,98,4,CIN,DB,0,
2003,99,4,DET,RB,0,
2003,100,4,CHI,DB,1,35.0
2003,101,4,HOU,RB,0,
2003,102,4,NOR,OL,1,37.0
2003,103,4,DAL,LB,0,
2003,104,4,JAX,TE,0,
2003,105,4,MIN,RB,0,
2003,106,4,STL,WR,1,74.0
2003,107,4,STL,DB,0,
2003,108,4,DEN,RB,0,
2003,109,4,BAL,DL,0,
2003,110,4,SEA,QB,0,
2003,111,4,BUF,DB,0,
2003,112,4,SDG,LB,0,
2003,113,4,KAN,OL,0,
2003,114,4,DEN,DL,0,
2003,115,4,CLE,RB,0,
2003,116,4,CHI,DL,1,14.0
2003,117,4,NWE,DL,1,13.0
2003,118,4,CIN,RB,0,
2003,119,4,CAR,DB,1,82.0
2003,120,4,NWE,DB,1,36.0
2003,121,4,ATL,RB,0,
2003,122,4,IND,OL,0,
2003,123,4,NYG,DB,0,
2003,124,4,SFO,WR,0,
2003,125,4,PIT,DB,1,16.0
2003,126,4,TEN,DL,0,
2003,127,4,BUF,WR,0,
2003,128,4,DEN,DL,1,114.0
2003,129,4,OAK,DL,1,32.0
2003,130,4,TAM,OL,0,
2003,131,4,PHI,DL,1,15.0
2003,132,4,JAX,RB,0,
2003,133,4,TAM,OL,1,130.0
2003,134,4,BAL,RB,1,77.0
2003,135,4,SEA,LB,0,
2003,136,5,CIN,LB,0,
2003,137,5,DET,DB,0,
2003,138,5,IND,DL,0,
2003,139,5,CHI,WR,0,
2003,140,5,NYJ,DB,0,
2003,141,5,ARI,DL,1,18.0
2003,142,5,CLE,OL,1,21.0
2003,143,5,CHI,WR,1,139.0
2003,144,5,DET,LB,1,34.0
2003,145,5,CAR,DL,0,
2003,146,5,BAL,DL,1,109.0
2003,147,5,GNB,DL,1,79.0
2003,148,5,STL,RB,0,
2003,149,5,SDG,ST,0,
2003,150,5,NYJ,DL,1,4.0
2003,151,5,BUF,OL,0,
2003,152,5,CLE,DB,1,84.0
2003,153,5,KAN,OL,1,113.0
2003,154,5,TEN,DB,1,28.0
2003,155,5,NOR,DL,1,6.0
2003,156,5,MIA,TE,0,
2003,157,5,DEN,OL,1,20.0
2003,158,5,DEN,WR,0,
2003,159,5,ATL,WR,0,
2003,160,5,NYG,OL,0,
2003,161,5,SFO,TE,0,
2003,162,5,IND,LB,0,
2003,163,5,PIT,QB,0,
2003,164,5,NWE,OL,0,
2003,165,5,SEA,RB,0,
2003,166,5,GNB,LB,1,29.0
2003,167,5,OAK,WR,0,
2003,168,5,TAM,OL,1,130.0
2003,169,5,MIA,WR,0,
2003,170,5,STL,DB,1,107.0
2003,171,5,CHI,DL,1,14.0
2003,172,5,STL,DB,1,107.0
2003,173,5,BAL,OL,0,
2003,174,6,CIN,DL,0,
2003,175,6,DET,WR,1,2.0
2003,176,6,JAX,DL,0,
2003,177,6,ARI,OL,0,
2003,178,6,DAL,DB,1,5.0
2003,179,6,JAX,DB,1,39.0
2003,180,6,MIN,ST,0,
2003,181,6,MIA,LB,1,49.0
2003,182,6,BAL,DB,0,
2003,183,6,SEA,DL,0,
2003,184,6,STL,OL,0,
2003,185,6,PHI,OL,0,
2003,186,6,DAL,WR,0,
2003,187,6,BUF,DL,1,48.0
2003,188,6,SDG,DB,1,30.0
2003,189,6,KAN,DL,0,
2003,190,6,MIN,LB,1,40.0
2003,191,6,CHI,LB,1,68.0
2003,192,6,HOU,QB,1,88.0
2003,193,6,JAX,OL,1,72.0
2003,194,6,DEN,DL,1,114.0
2003,195,6,CLE,DL,0,
2003,196,6,ATL,WR,1,159.0
2003,197,6,SFO,WR,1,124.0
2003,198,6,IND,LB,1,162.0
2003,199,6,NYG,WR,0,
2003,200,6,NYJ,QB,0,
2003,201,6,NWE,QB,0,
2003,202,6,ATL,DB,1,55.0
2003,203,6,NOR,WR,0,
2003,204,6,OAK,OL,0,
2003,205,6,TAM,DB,0,
2003,206,6,CHI,RB,0,
2003,207,6,NYG,DB,1,123.0
2003,208,6,IND,OL,1,122.0
2003,209,6,MIA,OL,1,78.0
2003,210,6,ARI,LB,1,70.0
2003,211,6,NYG,WR,1,199.0
2003,212,6,GNB,OL,0,
2003,213,6,MIA,DB,0,
2003,214,6,HOU,DL,0,
2003,215,7,CIN,OL,1,33.0
2003,216,7,DET,OL,0,
2003,217,7,HOU,DB,0,
2003,218,7,JAX,RB,1,132.0
2003,219,7,DAL,OL,1,38.0
2003,220,7,DET,DB,1,137.0
2003,221,7,MIN,WR,1,71.0
2003,222,7,SEA,ST,0,
2003,223,7,BAL,TE,0,
2003,224,7,SEA,WR,0,
2003,225,7,TEN,OL,0,
2003,226,7,CAR,WR,0,
2003,227,7,DEN,DL,1,114.0
2003,228,7,BUF,LB,1,94.0
2003,229,7,SDG,RB,0,
2003,230,7,KAN,DL,1,189.0
2003,231,7,NOR,WR,1,203.0
2003,232,7,WAS,QB,0,
2003,233,7,HOU,OL,1,75.0
2003,234,7,NWE,RB,0,
2003,235,7,DEN,RB,1,108.0
2003,236,7,DET,RB,1,99.0
2003,237,7,NYJ,OL,0,
2003,238,7,ATL,DL,0,
2003,239,7,NWE,LB,0,
2003,240,7,NYG,DB,1,123.0
2003,241,7,SFO,QB,0,
2003,242,7,PIT,RB,0,
2003,243,7,NWE,DL,1,13.0
2003,244,7,PHI,DB,0,
2003,245,7,GNB,DB,0,
2003,246,7,OAK,DB,1,31.0
2003,247,7,CAR,RB,0,
2003,248,7,MIA,DL,0,
2003,249,7,NYG,OL,1,160.0
2003,250,7,BAL,OL,1,173.0
2003,251,7,STL,LB,1,43.0
2003,252,7,KAN,DB,1,92.0
2003,253,7,GNB,WR,0,
2003,254,7,STL,TE,0,
2003,255,7,NYG,WR,1,199.0
2003,256,7,GNB,WR,1,253.0
2003,257,7,GNB,LB,1,29.0
2003,258,7,BAL,DB,1,182.0
2003,259,7,CIN,DL,1,174.0
2003,260,7,DET,WR,1,2.0
2003,261,7,CHI,OL,0,
2003,262,7,OAK,WR,1,167.0
2004,1,1,SDG,QB,0,
2004,2,1,OAK,OL,0,
2004,3,1,ARI,WR,0,
2004,4,1,NYG,QB,0,
2004,5,1,WAS,DB,0,
2004,6,1,CLE,TE,0,
2004,7,1,DET,WR,0,
2004,8,1,ATL,DB,0,
2004,9,1,JAX,WR,0,
2004,10,1,HOU,DB,0,
2004,11,1,PIT,QB,0,
2004,12,1,NYJ,LB,0,
2004,13,1,BUF,WR,0,
2004,14,1,CHI,DL,0,
2004,15,1,TAM,WR,0,
2004,16,1,PHI,OL,0,
2004,17,1,DEN,LB,0,
2004,18,1,NOR,DL,0,
2004,19,1,MIA,OL,0,
2004,20,1,MIN,DL,0,
2004,21,1,NWE,DL,0,
2004,22,1,BUF,QB,0,
2004,23,1,SEA,DL,0,
2004,24,1,STL,RB,0,
2004,25,1,GNB,DB,0,
2004,26,1,CIN,RB,0,
2004,27,1,HOU,LB,0,
2004,28,1,CAR,DB,0,
2004,29,1,ATL,WR,0,
2004,30,1,DET,RB,0,
2004,31,1,SFO,WR,0,
2004,32,1,NWE,TE,0,
2004,33,2,ARI,LB,0,
2004,34,2,NYG,OL,0,
2004,35,2,SDG,DL,0,
2004,36,2,KAN,DL,0,
2004,37,2,DET,LB,0,
2004,38,2,PIT,DB,0,
2004,39,2,JAX,LB,0,
2004,40,2,TEN,TE,0,
2004,41,2,DEN,RB,0,
2004,42,2,TEN,DL,0,
2004,43,2,DAL,RB,0,
2004,44,2,IND,DB,0,
2004,45,2,OAK,OL,1,2.0
2004,46,2,SFO,OL,0,
2004,47,2,CHI,DL,1,14.0
2004,48,2,MIN,LB,0,
2004,49,2,CIN,DB,0,
2004,50,2,NOR,WR,0,
2004,51,2,BAL,DL,0,
2004,52,2,DAL,OL,0,
2004,53,2,SEA,DB,0,
2004,54,2,DEN,WR,0,
2004,55,2,JAX,RB,0,
2004,56,2,CIN,DB,1,49.0
2004,57,2,TEN,DL,1,42.0
2004,58,2,SFO,DB,0,
2004,59,2,CLE,DB,0,
2004,60,2,NOR,LB,0,
2004,61,2,KAN,TE,0,
2004,62,2,CAR,WR,0,
2004,63,2,NWE,DL,1,21.0
2004,64,3,ARI,DL,0,
2004,65,3,SDG,ST,0,
2004,66,3,SDG,OL,0,
2004,67,3,OAK,DB,0,
2004,68,3,IND,TE,0,
2004,69,3,IND,LB,0,
2004,70,3,GNB,DB,1,25.0
2004,71,3,TEN,DL,1,42.0
2004,72,3,GNB,DL,0,
2004,73,3,DET,DB,0,
2004,74,3,BUF,DL,0,
2004,75,3,PIT,OL,0,
2004,76,3,NYJ,DB,0,
2004,77,3,SFO,WR,1,31.0
2004,78,3,CHI,WR,0,
2004,79,3,TAM,LB,0,
2004,80,3,CIN,LB,0,
2004,81,3,WAS,TE,0,
2004,82,3,BAL,WR,0,
2004,83,3,DAL,OL,1,52.0
2004,84,3,SEA,OL,0,
2004,85,3,DEN,DB,0,
2004,86,3,JAX,LB,1,39.0
2004,87,3,GNB,ST,0,
2004,88,3,MIN,DL,1,20.0
2004,89,3,PHI,DB,0,
2004,90,3,ATL,QB,0,
2004,91,3,STL,DL,0,
2004,92,3,TEN,DB,0,
2004,93,3,KAN,LB,0,
2004,94,3,CAR,OL,0,
2004,95,3,NWE,DB,0,
2004,96,3,CIN,LB,1,80.0
2004,97,4,NYG,LB,0,
2004,98,4,SDG,DL,1,35.0
2004,99,4,OAK,WR,0,
2004,100,4,ARI,OL,0,
2004,101,4,ATL,LB,0,
2004,102,4,MIA,DB,0,
2004,103,4,TEN,DL,1,42.0
2004,104,4,SFO,DL,0,
2004,105,4,KAN,WR,0,
2004,106,4,CLE,QB,0,
2004,107,4,IND,LB,1,69.0
2004,108,4,NYJ,WR,0,
2004,109,4,BUF,TE,0,
2004,110,4,CHI,DB,0,
2004,111,4,TAM,DB,0,
2004,112,4,CHI,LB,0,
2004,113,4,NWE,DB,1,95.0
2004,114,4,CIN,DL,0,
2004,115,4,MIN,OL,0,
2004,116,4,SEA,LB,0,
2004,117,4,CIN,DL,1,114.0
2004,118,4,JAX,DL,0,
2004,119,4,MIN,RB,0,
2004,120,4,JAX,WR,1,9.0
2004,121,4,DAL,DB,0,
2004,122,4,HOU,DB,1,10.0
2004,123,4,CIN,OL,0,
2004,124,4,TEN,DB,1,92.0
2004,125,4,IND,DB,1,44.0
2004,126,4,KAN,DL,1,36.0
2004,127,4,SFO,LB,0,
2004,128,4,NWE,RB,0,
2004,129,4,PHI,DB,1,89.0
2004,130,4,STL,LB,0,
2004,131,4,PHI,OL,1,16.0
2004,132,4,NYJ,OL,0,
2004,133,5,SDG,DL,1,35.0
2004,134,5,OAK,WR,1,99.0
2004,135,5,ARI,DL,1,64.0
2004,136,5,NYG,DB,0,
2004,137,5,JAX,ST,0,
2004,138,5,TEN,OL,0,
2004,139,5,NOR,DL,1,18.0
2004,140,5,DET,LB,1,37.0
2004,141,5,IND,OL,0,
2004,142,5,ATL,DL,0,
2004,143,5,NYJ,DB,1,76.0
2004,144,5,DAL,TE,0,
2004,145,5,PIT,DL,0,
2004,146,5,TAM,OL,0,
2004,147,5,CHI,DL,1,14.0
2004,148,5,CHI,QB,0,
2004,149,5,CIN,WR,0,
2004,150,5,JAX,DB,0,
2004,151,5,WAS,TE,1,81.0
2004,152,5,DEN,DB,1,85.0
2004,153,5,BAL,LB,0,
2004,154,5,SDG,RB,0,
2004,155,5,MIN,LB,1,48.0
2004,156,5,NOR,RB,0,
2004,157,5,SEA,WR,0,
2004,158,5,STL,DB,0,
2004,159,5,JAX,OL,0,
2004,160,5,MIA,LB,0,
2004,161,5,CLE,DL,0,
2004,162,5,PHI,RB,0,
2004,163,5,CAR,WR,1,62.0
2004,164,5,NWE,WR,0,
2004,165,5,TEN,LB,0,
2004,166,6,OAK,DL,0,
2004,167,6,ARI,OL,1,100.0
2004,168,6,NYG,WR,0,
2004,169,6,SDG,TE,0,
2004,170,6,HOU,DB,1,10.0
2004,171,6,DEN,WR,1,54.0
2004,172,6,DET,OL,0,
2004,173,6,IND,DB,1,44.0
2004,174,6,MIA,OL,1,19.0
2004,175,6,HOU,DB,1,10.0
2004,176,6,CLE,OL,0,
2004,177,6,PIT,OL,1,75.0
2004,178,6,NYJ,OL,1,132.0
2004,179,6,GNB,DL,1,72.0
2004,180,6,WAS,OL,0,
2004,181,6,TAM,TE,0,
2004,182,6,OAK,LB,0,
2004,183,6,CIN,DB,1,49.0
2004,184,6,MIN,DB,0,
2004,185,6,PHI,QB,0,
2004,186,6,ATL,DB,1,8.0
2004,187,6,BAL,QB,0,
2004,188,6,SFO,ST,0,
2004,189,6,SEA,DL,1,23.0
2004,190,6,DEN,OL,0,
2004,191,6,TEN,RB,0,
2004,192,6,PHI,DB,1,89.0
2004,193,6,IND,QB,0,
2004,194,6,PIT,TE,0,
2004,195,6,KAN,WR,1,105.0
2004,196,6,CAR,LB,0,
2004,197,6,PIT,OL,1,75.0
2004,198,6,SFO,DB,1,58.0
2004,199,6,BAL,WR,1,82.0
2004,200,6,HOU,LB,1,27.0
2004,201,6,STL,QB,0,
2004,202,7,ARI,QB,0,
2004,203,7,NYG,OL,1,34.0
2004,204,7,SDG,DL,1,35.0
2004,205,7,DAL,DB,1,121.0
2004,206,7,TAM,WR,1,15.0
2004,207,7,BUF,OL,0,
2004,208,7,CLE,RB,0,
2004,209,7,SDG,OL,1,66.0
2004,210,7,HOU,LB,1,27.0
2004,211,7,HOU,WR,0,
2004,212,7,PIT,DL,1,145.0
2004,213,7,NYJ,LB,1,12.0
2004,214,7,BUF,WR,1,13.0
2004,215,7,CHI,DB,1,110.0
2004,216,7,DAL,WR,0,
2004,217,7,SFO,QB,0,
2004,218,7,CIN,QB,0,
2004,219,7,ATL,RB,0,
2004,220,7,MIN,TE,0,
2004,221,7,MIA,OL,1,19.0
2004,222,7,MIA,LB,1,160.0
2004,223,7,DAL,DB,1,121.0
2004,224,7,SEA,ST,0,
2004,225,7,DEN,QB,0,
2004,226,7,SFO,DL,1,104.0
2004,227,7,PHI,OL,1,16.0
2004,228,7,TAM,RB,0,
2004,229,7,IND,ST,0,
2004,230,7,TEN,DL,1,42.0
2004,231,7,KAN,OL,0,
2004,232,7,CAR,TE,0,
2004,233,7,NWE,DB,1,95.0
2004,234,7,NYJ,DL,0,
2004,235,7,NYJ,RB,0,
2004,236,7,NYJ,DB,1,76.0
2004,237,7,STL,TE,0,
2004,238,7,STL,OL,0,
2004,239,7,TEN,OL,1,138.0
2004,240,7,NOR,LB,1,60.0
2004,241,7,TEN,RB,1,191.0
2004,242,7,PHI,RB,1,162.0
2004,243,7,PHI,OL,1,16.0
2004,244,7,BAL,WR,1,82.0
2004,245,7,OAK,TE,0,
2004,246,7,BAL,OL,0,
2004,247,7,DEN,RB,1,41.0
2004,248,7,HOU,QB,0,
2004,249,7,JAX,DL,1,118.0
2004,250,7,DEN,QB,1,225.0
2004,251,7,GNB,OL,0,
2004,252,7,TAM,DB,1,111.0
2004,253,7,NYG,DL,0,
2004,254,7,SDG,OL,1,66.0
2004,255,7,OAK,LB,1,182.0
2005,1,1,SFO,QB,0,
2005,2,1,MIA,RB,0,
2005,3,1,CLE,WR,0,
2005,4,1,CHI,RB,0,
2005,5,1,TAM,RB,0,
2005,6,1,TEN,DB,0,
2005,7,1,MIN,WR,0,
2005,8,1,ARI,DB,0,
2005,9,1,WAS,DB,0,
2005,10,1,DET,WR,0,
2005,11,1,DAL,LB,0,
2005,12,1,SDG,LB,0,
2005,13,1,NOR,OL,0,
2005,14,1,CAR,LB,0,
2005,15,1,KAN,LB,0,
2005,16,1,HOU,DL,0,
2005,17,1,CIN,LB,0,
2005,18,1,MIN,DL,0,
2005,19,1,STL,OL,0,
2005,20,1,DAL,DL,0,
2005,21,1,JAX,WR,0,
2005,22,1,BAL,WR,0,
2005,23,1,OAK,DB,0,
2005,24,1,GNB,QB,0,
2005,25,1,WAS,QB,0,
2005,26,1,SEA,OL,0,
2005,27,1,ATL,WR,0,
2005,28,1,SDG,DL,0,
2005,29,1,IND,DB,0,
2005,30,1,PIT,TE,0,
2005,31,1,PHI,DL,0,
2005,32,1,NWE,OL,0,
2005,33,2,SFO,OL,0,
2005,34,2,CLE,DB,0,
2005,35,2,PHI,WR,0,
2005,36,2,TAM,LB,0,
2005,37,2,DET,DL,0,
2005,38,2,OAK,DB,1,23.0
2005,39,2,CHI,WR,0,
2005,40,2,NOR,DB,0,
2005,41,2,TEN,OL,0,
2005,42,2,DAL,LB,1,11.0
2005,43,2,NYG,DB,0,
2005,44,2,ARI,RB,0,
2005,45,2,SEA,LB,0,
2005,46,2,MIA,DL,0,
2005,47,2,NYJ,ST,0,
2005,48,2,CIN,LB,1,17.0
2005,49,2,MIN,OL,0,
2005,50,2,STL,DB,0,
2005,51,2,GNB,DB,0,
2005,52,2,JAX,OL,0,
2005,53,2,BAL,DL,0,
2005,54,2,CAR,RB,0,
2005,55,2,BUF,WR,0,
2005,56,2,DEN,DB,0,
2005,57,2,NYJ,DB,0,
2005,58,2,GNB,WR,0,
2005,59,2,ATL,DL,0,
2005,60,2,IND,DB,1,29.0
2005,61,2,SDG,WR,0,
2005,62,2,PIT,DB,0,
2005,63,2,PHI,LB,0,
2005,64,2,BAL,OL,0,
2005,65,3,SFO,RB,0,
2005,66,3,STL,DB,1,50.0
2005,67,3,CLE,QB,0,
2005,68,3,TEN,WR,0,
2005,69,3,OAK,QB,0,
2005,70,3,MIA,LB,0,
2005,71,3,TAM,TE,0,
2005,72,3,DET,DB,0,
2005,73,3,HOU,RB,0,
2005,74,3,NYG,DL,0,
2005,75,3,ARI,DB,1,8.0
2005,76,3,DEN,DB,1,56.0
2005,77,3,PHI,RB,0,
2005,78,3,OAK,LB,0,
2005,79,3,CAR,OL,0,
2005,80,3,MIN,DB,0,
2005,81,3,STL,OL,1,19.0
2005,82,3,NOR,LB,0,
2005,83,3,CIN,WR,0,
2005,84,3,NWE,DB,0,
2005,85,3,SEA,QB,0,
2005,86,3,BUF,TE,0,
2005,87,3,JAX,DB,0,
2005,88,3,NYJ,DL,0,
2005,89,3,CAR,DL,0,
2005,90,3,ATL,LB,0,
2005,91,3,TAM,OL,0,
2005,92,3,IND,DL,0,
2005,93,3,PIT,OL,0,
2005,94,3,SFO,OL,1,33.0
2005,95,3,ARI,LB,0,
2005,96,3,TEN,WR,1,68.0
2005,97,3,DEN,DB,1,56.0
2005,98,3,SEA,LB,1,45.0
2005,99,3,KAN,ST,0,
2005,100,3,NWE,OL,1,32.0
2005,101,3,DEN,RB,0,
2005,102,4,PHI,DB,0,
2005,103,4,CLE,DB,1,34.0
2005,104,4,MIA,DB,0,
2005,105,4,SEA,OL,1,26.0
2005,106,4,CHI,QB,0,
2005,107,4,TAM,OL,1,91.0
2005,108,4,TEN,DB,1,6.0
2005,109,4,DAL,RB,0,
2005,110,4,NYG,RB,0,
2005,111,4,ARI,OL,0,
2005,112,4,MIN,RB,0,
2005,113,4,TEN,OL,1,41.0
2005,114,4,HOU,WR,0,
2005,115,4,GNB,DB,1,51.0
2005,116,4,KAN,WR,0,
2005,117,4,STL,DB,1,50.0
2005,118,4,NOR,WR,0,
2005,119,4,CIN,OL,0,
2005,120,4,WAS,RB,0,
2005,121,4,CAR,QB,0,
2005,122,4,BUF,OL,0,
2005,123,4,NYJ,DB,1,57.0
2005,124,4,BAL,OL,1,64.0
2005,125,4,GNB,LB,0,
2005,126,4,PHI,OL,0,
2005,127,4,JAX,RB,0,
2005,128,4,ATL,DL,1,59.0
2005,129,4,IND,OL,0,
2005,130,4,SDG,RB,0,
2005,131,4,PIT,WR,0,
2005,132,4,DAL,DL,1,20.0
2005,133,4,NWE,DB,1,84.0
2005,134,4,STL,OL,1,19.0
2005,135,4,IND,DB,1,29.0
2005,136,4,TEN,WR,1,68.0
2005,137,5,SFO,DL,0,
2005,138,5,KAN,LB,1,15.0
2005,139,5,CLE,DL,0,
2005,140,5,CHI,WR,1,39.0
2005,141,5,TAM,DB,0,
2005,142,5,TEN,RB,0,
2005,143,5,GNB,OL,0,
2005,144,5,STL,TE,0,
2005,145,5,DET,QB,0,
2005,146,5,PHI,DL,1,31.0
2005,147,5,KAN,DB,0,
2005,148,5,IND,DL,1,92.0
2005,149,5,CAR,LB,1,14.0
2005,150,5,TEN,OL,1,41.0
2005,151,5,HOU,OL,0,
2005,152,5,NOR,QB,0,
2005,153,5,CIN,OL,1,119.0
2005,154,5,WAS,LB,0,
2005,155,5,TAM,WR,0,
2005,156,5,BUF,DB,0,
2005,157,5,JAX,DB,1,87.0
2005,158,5,BAL,RB,0,
2005,159,5,SEA,LB,1,45.0
2005,160,5,ATL,LB,1,90.0
2005,161,5,NYJ,DB,1,57.0
2005,162,5,MIA,OL,0,
2005,163,5,ATL,OL,0,
2005,164,5,SDG,OL,0,
2005,165,5,IND,OL,1,129.0
2005,166,5,PIT,LB,0,
2005,167,5,GNB,DB,1,51.0
2005,168,5,ARI,LB,1,95.0
2005,169,5,CAR,OL,1,79.0
2005,170,5,NWE,LB,0,
2005,171,5,CAR,DB,0,
2005,172,5,PHI,OL,1,126.0
2005,173,5,IND,LB,0,
2005,174,5,SFO,WR,0,
2005,175,6,OAK,DL,0,
2005,176,6,CLE,LB,0,
2005,177,6,SDG,OL,1,164.0
2005,178,6,TAM,DL,0,
2005,179,6,TEN,TE,0,
2005,180,6,GNB,DL,0,
2005,181,6,CHI,DB,0,
2005,182,6,NYJ,RB,0,
2005,183,6,WAS,LB,1,154.0
2005,184,6,DET,DL,1,37.0
2005,185,6,JAX,WR,1,21.0
2005,186,6,NYG,DL,1,74.0
2005,187,6,KAN,OL,0,
2005,188,6,HOU,DB,0,
2005,189,6,CAR,DL,1,89.0
2005,190,6,CIN,WR,1,83.0
2005,191,6,MIN,DL,1,18.0
2005,192,6,STL,WR,0,
2005,193,6,NOR,DL,0,
2005,194,6,JAX,LB,0,
2005,195,6,GNB,WR,1,58.0
2005,196,6,SEA,TE,0,
2005,197,6,BUF,OL,1,122.0
2005,198,6,NYJ,TE,0,
2005,199,6,KAN,DL,0,
2005,200,6,DEN,OL,0,
2005,201,6,ATL,RB,0,
2005,202,6,IND,ST,0,
2005,203,6,CLE,DL,1,139.0
2005,204,6,PIT,OL,1,93.0
2005,205,6,SFO,DB,0,
2005,206,6,DET,DL,1,37.0
2005,207,6,CAR,OL,1,79.0
2005,208,6,DAL,DB,0,
2005,209,6,DAL,OL,0,
2005,210,6,STL,ST,0,
2005,211,6,PHI,OL,1,126.0
2005,212,6,OAK,DL,1,175.0
2005,213,6,BAL,QB,0,
2005,214,6,OAK,OL,0,
2005,215,7,SFO,DB,1,205.0
2005,216,7,MIA,DL,1,46.0
2005,217,7,CLE,OL,0,
2005,218,7,TEN,DB,1,6.0
2005,219,7,MIN,DB,1,80.0
2005,220,7,CHI,DB,1,181.0
2005,221,7,TAM,RB,1,5.0
2005,222,7,WAS,RB,1,120.0
2005,223,7,SFO,WR,1,174.0
2005,224,7,DAL,DL,1,20.0
2005,225,7,TAM,WR,1,155.0
2005,226,7,ARI,WR,0,
2005,227,7,HOU,DL,1,16.0
2005,228,7,PIT,DL,0,
2005,229,7,KAN,QB,0,
2005,230,7,NWE,QB,0,
2005,231,7,TAM,DB,1,141.0
2005,232,7,NOR,DL,1,193.0
2005,233,7,CIN,DL,0,
2005,234,7,BAL,LB,0,
2005,235,7,SEA,LB,1,45.0
2005,236,7,BUF,RB,0,
2005,237,7,JAX,DB,1,87.0
2005,238,7,KAN,OL,1,187.0
2005,239,7,DEN,ST,0,
2005,240,7,NYJ,WR,0,
2005,241,7,ATL,DL,1,59.0
2005,242,7,SDG,OL,1,164.0
2005,243,7,IND,RB,0,
2005,244,7,PIT,RB,0,
2005,245,7,GNB,DB,1,51.0
2005,246,7,GNB,OL,1,143.0
2005,247,7,PHI,DL,1,31.0
2005,248,7,SFO,TE,0,
2005,249,7,SFO,TE,1,248.0
2005,250,7,STL,QB,0,
2005,251,7,STL,RB,0,
2005,252,7,PHI,LB,1,63.0
2005,253,7,TAM,WR,1,155.0
2005,254,7,SEA,OL,1,26.0
2005,255,7,NWE,TE,0,
2006,1,1,HOU,DL,0,
2006,2,1,NOR,RB,0,
2006,3,1,TEN,QB,0,
2006,4,1,NYJ,OL,0,
2006,5,1,GNB,LB,0,
2006,6,1,SFO,TE,0,
2006,7,1,OAK,DB,0,
2006,8,1,BUF,DB,0,
2006,9,1,DET,LB,0,
2006,10,1,ARI,QB,0,
2006,11,1,DEN,QB,0,
2006,12,1,BAL,DL,0,
2006,13,1,CLE,DL,0,
2006,14,1,PHI,DL,0,
2006,15,1,STL,DB,0,
2006,16,1,MIA,DB,0,
2006,17,1,MIN,LB,0,
2006,18,1,DAL,LB,0,
2006,19,1,SDG,DB,0,
2006,20,1,KAN,DL,0,
2006,21,1,NWE,RB,0,
2006,22,1,SFO,DL,0,
2006,23,1,TAM,OL,0,
2006,24,1,CIN,DB,0,
2006,25,1,PIT,WR,0,
2006,26,1,BUF,DL,0,
2006,27,1,CAR,RB,0,
2006,28,1,JAX,TE,0,
2006,29,1,NYJ,OL,1,4.0
2006,30,1,IND,RB,0,
2006,31,1,SEA,DB,0,
2006,32,1,NYG,DL,0,
2006,33,2,HOU,LB,0,
2006,34,2,CLE,LB,0,
2006,35,2,WAS,LB,0,
2006,36,2,NWE,WR,0,
2006,37,2,ATL,DB,0,
2006,38,2,OAK,LB,0,
2006,39,2,PHI,OL,0,
2006,40,2,DET,DB,0,
2006,41,2,ARI,OL,0,
2006,42,2,CHI,DB,0,
2006,43,2,NOR,DB,0,
2006,44,2,NYG,WR,0,
2006,45,2,TEN,RB,0,
2006,46,2,STL,TE,0,
2006,47,2,GNB,OL,0,
2006,48,2,MIN,DB,0,
2006,49,2,NYJ,QB,0,
2006,50,2,SDG,OL,0,
2006,51,2,MIN,OL,0,
2006,52,2,GNB,WR,0,
2006,53,2,DAL,TE,0,
2006,54,2,KAN,DB,0,
2006,55,2,CIN,OL,0,
2006,56,2,BAL,OL,0,
2006,57,2,CHI,DB,1,42.0
2006,58,2,CAR,DB,0,
2006,59,2,TAM,OL,1,23.0
2006,60,2,JAX,RB,0,
2006,61,2,DEN,TE,0,
2006,62,2,IND,DB,0,
2006,63,2,SEA,DL,0,
2006,64,2,MIN,QB,0,
2006,65,3,HOU,OL,0,
2006,66,3,HOU,OL,1,65.0
2006,67,3,GNB,LB,1,5.0
2006,68,3,STL,DL,0,
2006,69,3,OAK,OL,0,
2006,70,3,BUF,DB,1,8.0
2006,71,3,PHI,DL,1,14.0
2006,72,3,ARI,TE,0,
2006,73,3,CHI,DL,0,
2006,74,3,DET,RB,0,
2006,75,3,GNB,OL,1,47.0
2006,76,3,NYJ,LB,0,
2006,77,3,STL,LB,0,
2006,78,3,CLE,WR,0,
2006,79,3,ATL,RB,0,
2006,80,3,JAX,LB,0,
2006,81,3,SDG,QB,0,
2006,82,3,MIA,WR,0,
2006,83,3,PIT,DB,0,
2006,84,3,SFO,WR,0,
2006,85,3,KAN,QB,0,
2006,86,3,NWE,TE,0,
2006,87,3,BAL,DB,0,
2006,88,3,CAR,LB,0,
2006,89,3,CAR,OL,0,
2006,90,3,TAM,WR,0,
2006,91,3,CIN,DL,0,
2006,92,3,DAL,DL,0,
2006,93,3,STL,TE,1,46.0
2006,94,3,IND,LB,0,
2006,95,3,PIT,WR,1,25.0
2006,96,3,NYG,LB,0,
2006,97,3,NYJ,DB,0,
2006,98,4,HOU,TE,0,
2006,99,4,PHI,OL,1,39.0
2006,100,4,SFO,WR,1,84.0
2006,101,4,OAK,DB,1,7.0
2006,102,4,TEN,DB,0,
2006,103,4,NYJ,QB,1,49.0
2006,104,4,GNB,WR,1,52.0
2006,105,4,BUF,DB,1,8.0
2006,106,4,NWE,RB,1,21.0
2006,107,4,ARI,DL,0,
2006,108,4,NOR,OL,0,
2006,109,4,PHI,WR,0,
2006,110,4,CLE,LB,1,34.0
2006,111,4,BAL,WR,0,
2006,112,4,CLE,OL,0,
2006,113,4,STL,DL,1,68.0
2006,114,4,MIA,OL,0,
2006,115,4,GNB,DB,0,
2006,116,4,TEN,LB,0,
2006,117,4,NYJ,RB,0,
2006,118,4,NWE,ST,0,
2006,119,4,DEN,WR,0,
2006,120,4,CHI,LB,0,
2006,121,4,CAR,DB,1,58.0
2006,122,4,TAM,DB,0,
2006,123,4,CIN,DL,1,91.0
2006,124,4,NYG,DL,1,32.0
2006,125,4,DAL,WR,0,
2006,126,4,DEN,DL,0,
2006,127,4,MIN,DL,0,
2006,128,4,SEA,OL,0,
2006,129,4,NYG,DL,1,32.0
2006,130,4,DEN,WR,1,119.0
2006,131,4,PIT,OL,0,
2006,132,4,BAL,RB,0,
2006,133,4,PIT,DL,0,
2006,134,5,BUF,DL,1,26.0
2006,135,5,NOR,DL,0,
2006,136,5,NWE,OL,0,
2006,137,5,TEN,LB,1,116.0
2006,138,5,DAL,DB,0,
2006,139,5,ATL,OL,0,
2006,140,5,SFO,DL,1,22.0
2006,141,5,DET,OL,0,
2006,142,5,ARI,LB,0,
2006,143,5,BUF,OL,0,
2006,144,5,STL,WR,0,
2006,145,5,CLE,RB,0,
2006,146,5,BAL,DB,1,87.0
2006,147,5,PHI,DB,0,
2006,148,5,GNB,QB,0,
2006,149,5,MIN,DB,1,48.0
2006,150,5,NYJ,TE,0,
2006,151,5,SDG,LB,0,
2006,152,5,CLE,DB,0,
2006,153,5,WAS,DL,0,
2006,154,5,KAN,DB,1,54.0
2006,155,5,CAR,TE,0,
2006,156,5,TAM,DL,0,
2006,157,5,CIN,LB,0,
2006,158,5,NYG,DB,0,
2006,159,5,CHI,DL,1,73.0
2006,160,5,JAX,DL,0,
2006,161,5,DEN,OL,0,
2006,162,5,IND,OL,0,
2006,163,5,SEA,RB,0,
2006,164,5,PIT,QB,0,
2006,165,5,GNB,OL,1,47.0
2006,166,5,BAL,TE,0,
2006,167,5,PIT,TE,0,
2006,168,5,PHI,LB,0,
2006,169,5,TEN,DL,0,
2006,170,6,HOU,RB,0,
2006,171,6,NOR,WR,0,
2006,172,6,TEN,WR,0,
2006,173,6,WAS,DB,0,
2006,174,6,NOR,DB,1,43.0
2006,175,6,SFO,WR,1,84.0
2006,176,6,OAK,OL,1,69.0
2006,177,6,ARI,DL,1,107.0
2006,178,6,BUF,LB,0,
2006,179,6,DET,DB,1,40.0
2006,180,6,CLE,RB,1,145.0
2006,181,6,CLE,DL,1,13.0
2006,182,6,DAL,DL,1,92.0
2006,183,6,GNB,DL,0,
2006,184,6,ATL,WR,0,
2006,185,6,GNB,DB,1,115.0
2006,186,6,KAN,OL,0,
2006,187,6,SDG,OL,1,50.0
2006,188,6,SDG,ST,0,
2006,189,6,NYJ,DB,1,97.0
2006,190,6,KAN,WR,0,
2006,191,6,NWE,DL,0,
2006,192,6,SFO,DB,0,
2006,193,6,CIN,QB,0,
2006,194,6,TAM,QB,0,
2006,195,6,CHI,RB,0,
2006,196,6,WAS,DL,1,153.0
2006,197,6,SFO,DL,1,22.0
2006,198,6,DEN,OL,1,161.0
2006,199,6,IND,OL,1,162.0
2006,200,6,CHI,OL,0,
2006,201,6,PIT,OL,1,131.0
2006,202,6,TAM,TE,0,
2006,203,6,BAL,ST,0,
2006,204,6,PHI,DL,1,14.0
2006,205,6,NWE,OL,1,136.0
2006,206,6,NWE,DL,1,191.0
2006,207,6,IND,DB,1,62.0
2006,208,6,BAL,DB,1,87.0
2006,209,7,CIN,WR,0,
2006,210,7,NOR,OL,1,108.0
2006,211,7,DAL,OL,0,
2006,212,7,MIA,DL,0,
2006,213,7,JAX,DL,1,160.0
2006,214,7,OAK,OL,1,69.0
2006,215,7,TEN,DB,1,102.0
2006,216,7,BUF,OL,1,143.0
2006,217,7,DET,OL,1,141.0
2006,218,7,ARI,WR,0,
2006,219,7,BAL,LB,0,
2006,220,7,NYJ,DL,0,
2006,221,7,STL,LB,1,77.0
2006,222,7,CLE,RB,1,145.0
2006,223,7,ATL,QB,0,
2006,224,7,DAL,OL,1,211.0
2006,225,7,SDG,DL,0,
2006,226,7,MIA,DL,1,212.0
2006,227,7,SDG,OL,1,50.0
2006,228,7,KAN,DB,1,54.0
2006,229,7,NWE,DB,0,
2006,230,7,WAS,OL,0,
2006,231,7,CIN,WR,1,209.0
2006,232,7,NYG,DB,1,158.0
2006,233,7,MIA,WR,1,82.0
2006,234,7,CAR,OL,1,89.0
2006,235,7,TAM,DB,1,122.0
2006,236,7,JAX,DB,0,
2006,237,7,CAR,DL,0,
2006,238,7,IND,DB,1,62.0
2006,239,7,SEA,ST,0,
2006,240,7,PIT,RB,0,
2006,241,7,TAM,LB,0,
2006,242,7,STL,OL,0,
2006,243,7,STL,OL,1,242.0
2006,244,7,TAM,TE,1,202.0
2006,245,7,TEN,LB,1,116.0
2006,246,7,TEN,RB,1,45.0
2006,247,7,DET,LB,1,9.0
2006,248,7,BUF,OL,1,143.0
2006,249,7,SEA,WR,0,
2006,250,7,WAS,LB,1,35.0
2006,251,7,HOU,WR,0,
2006,252,7,NOR,WR,1,171.0
2006,253,7,GNB,DL,1,183.0
2006,254,7,SFO,DB,1,192.0
2006,255,7,OAK,WR,0,
2007,1,1,OAK,QB,0,
2007,2,1,DET,WR,0,
2007,3,1,CLE,OL,0,
2007,4,1,TAM,DL,0,
2007,5,1,ARI,OL,0,
2007,6,1,WAS,DB,0,
2007,7,1,MIN,RB,0,
2007,8,1,ATL,DL,0,
2007,9,1,MIA,WR,0,
2007,10,1,HOU,DL,0,
2007,11,1,SFO,LB,0,
2007,12,1,BUF,RB,0,
2007,13,1,STL,DL,0,
2007,14,1,NYJ,DB,0,
2007,15,1,PIT,LB,0,
2007,16,1,GNB,DL,0,
2007,17,1,DEN,DL,0,
2007,18,1,CIN,DB,0,
2007,19,1,TEN,DB,0,
2007,20,1,NYG,DB,0,
2007,21,1,JAX,DB,0,
2007,22,1,CLE,QB,0,
2007,23,1,KAN,WR,0,
2007,24,1,NWE,DB,0,
2007,25,1,CAR,LB,0,
2007,26,1,DAL,DL,0,
2007,27,1,NOR,WR,0,
2007,28,1,SFO,OL,0,
2007,29,1,BAL,OL,0,
2007,30,1,SDG,WR,0,
2007,31,1,CHI,TE,0,
2007,32,1,IND,WR,0,
2007,33,2,ARI,DL,0,
2007,34,2,BUF,LB,0,
2007,35,2,TAM,OL,0,
2007,36,2,PHI,QB,0,
2007,37,2,SDG,DB,0,
2007,38,2,OAK,TE,0,
2007,39,2,ATL,OL,0,
2007,40,2,MIA,QB,0,
2007,41,2,ATL,DB,0,
2007,42,2,IND,OL,0,
2007,43,2,DET,QB,0,
2007,44,2,MIN,WR,0,
2007,45,2,CAR,WR,0,
2007,46,2,PIT,DL,0,
2007,47,2,NYJ,LB,0,
2007,48,2,JAX,LB,0,
2007,49,2,CIN,RB,0,
2007,50,2,TEN,RB,0,
2007,51,2,NYG,WR,0,
2007,52,2,STL,RB,0,
2007,53,2,CLE,DB,0,
2007,54,2,KAN,DL,0,
2007,55,2,SEA,DB,0,
2007,56,2,DEN,DL,1,17.0
2007,57,2,PHI,DL,0,
2007,58,2,DET,DL,0,
2007,59,2,CAR,OL,0,
2007,60,2,MIA,OL,0,
2007,61,2,DET,DB,0,
2007,62,2,CHI,DL,0,
2007,63,2,GNB,RB,0,
2007,64,2,TAM,LB,0,
2007,65,3,OAK,DL,0,
2007,66,3,NOR,DB,0,
2007,67,3,DAL,OL,0,
2007,68,3,TAM,LB,1,64.0
2007,69,3,ARI,LB,0,
2007,70,3,DEN,OL,0,
2007,71,3,MIA,RB,0,
2007,72,3,MIN,DB,0,
2007,73,3,HOU,WR,0,
2007,74,3,BAL,WR,0,
2007,75,3,ATL,WR,0,
2007,76,3,SFO,WR,0,
2007,77,3,PIT,TE,0,
2007,78,3,GNB,WR,0,
2007,79,3,JAX,WR,0,
2007,80,3,TEN,WR,0,
2007,81,3,NYG,DL,0,
2007,82,3,KAN,DL,1,54.0
2007,83,3,CAR,DL,0,
2007,84,3,STL,DB,0,
2007,85,3,SEA,DL,0,
2007,86,3,BAL,OL,1,29.0
2007,87,3,PHI,LB,0,
2007,88,3,NOR,OL,0,
2007,89,3,GNB,DB,0,
2007,90,3,PHI,RB,0,
2007,91,3,OAK,DL,1,65.0
2007,92,3,BUF,QB,0,
2007,93,3,CHI,RB,0,
2007,94,3,CHI,LB,0,
2007,95,3,IND,DB,0,
2007,96,3,SDG,LB,0,
2007,97,3,SFO,DL,0,
2007,98,3,IND,DL,0,
2007,99,3,OAK,WR,0,
2007,100,4,OAK,RB,0,
2007,101,4,JAX,ST,0,
2007,102,4,MIN,DL,0,
2007,103,4,DAL,QB,0,
2007,104,4,SFO,DL,1,97.0
2007,105,4,DET,DB,1,61.0
2007,106,4,TAM,DB,0,
2007,107,4,NOR,RB,0,
2007,108,4,MIA,DL,0,
2007,109,4,ATL,LB,0,
2007,110,4,OAK,DB,0,
2007,111,4,BUF,RB,1,12.0
2007,112,4,PIT,ST,0,
2007,113,4,JAX,DL,0,
2007,114,4,CIN,DB,1,18.0
2007,115,4,TEN,OL,0,
2007,116,4,NYG,LB,0,
2007,117,4,DET,OL,0,
2007,118,4,CAR,WR,1,45.0
2007,119,4,GNB,OL,0,
2007,120,4,SEA,DL,1,85.0
2007,121,4,DEN,DL,1,17.0
2007,122,4,DAL,OL,1,67.0
2007,123,4,HOU,DB,0,
2007,124,4,SEA,OL,0,
2007,125,4,NOR,OL,1,88.0
2007,126,4,SFO,DB,0,
2007,127,4,NWE,DL,0,
2007,128,4,TEN,WR,1,80.0
2007,129,4,SDG,TE,0,
2007,130,4,CHI,OL,0,
2007,131,4,IND,DB,1,95.0
2007,132,4,PIT,DL,1,46.0
2007,133,4,ATL,TE,0,
2007,134,4,BAL,LB,0,
2007,135,4,SFO,DL,1,97.0
2007,136,4,IND,LB,0,
2007,137,4,BAL,RB,0,
2007,138,5,OAK,DL,1,65.0
2007,139,5,STL,OL,0,
2007,140,5,CLE,DB,1,53.0
2007,141,5,TAM,DL,1,4.0
2007,142,5,ARI,WR,0,
2007,143,5,WAS,LB,0,
2007,144,5,HOU,DB,1,123.0
2007,145,5,NOR,DB,1,66.0
2007,146,5,MIN,WR,1,44.0
2007,147,5,SFO,DB,1,126.0
2007,148,5,KAN,RB,0,
2007,149,5,JAX,OL,0,
2007,150,5,JAX,DB,1,21.0
2007,151,5,CIN,QB,0,
2007,152,5,TEN,DL,0,
2007,153,5,NYG,TE,0,
2007,154,5,STL,DL,1,13.0
2007,155,5,CAR,TE,0,
2007,156,5,PIT,OL,0,
2007,157,5,GNB,WR,1,78.0
2007,158,5,DET,LB,0,
2007,159,5,PHI,DB,0,
2007,160,5,KAN,ST,0,
2007,161,5,SEA,LB,0,
2007,162,5,PHI,TE,0,
2007,163,5,HOU,OL,0,
2007,164,5,CAR,LB,1,25.0
2007,165,5,OAK,DB,1,110.0
2007,166,5,JAX,DL,1,113.0
2007,167,5,CHI,DB,0,
2007,168,5,CHI,DB,1,167.0
2007,169,5,IND,WR,1,32.0
2007,170,5,PIT,DB,0,
2007,171,5,NWE,OL,0,
2007,172,5,SDG,WR,1,30.0
2007,173,5,IND,DB,1,95.0
2007,174,5,BAL,QB,0,
2007,175,6,OAK,RB,1,100.0
2007,176,6,MIN,LB,0,
2007,177,6,NYJ,OL,0,
2007,178,6,DAL,ST,0,
2007,179,6,WAS,LB,1,143.0
2007,180,6,NWE,LB,0,
2007,181,6,MIA,RB,1,71.0
2007,182,6,TAM,LB,1,64.0
2007,183,6,HOU,OL,1,163.0
2007,184,6,BUF,DB,0,
2007,185,6,ATL,DL,1,8.0
2007,186,6,SFO,RB,0,
2007,187,6,CIN,DL,0,
2007,188,6,TEN,WR,1,80.0
2007,189,6,NYG,OL,0,
2007,190,6,STL,OL,1,139.0
2007,191,6,GNB,LB,0,
2007,192,6,GNB,LB,1,191.0
2007,193,6,GNB,ST,0,
2007,194,6,ATL,DB,1,41.0
2007,195,6,DAL,RB,0,
2007,196,6,KAN,OL,0,
2007,197,6,SEA,WR,0,
2007,198,6,ATL,OL,1,39.0
2007,199,6,MIA,OL,1,60.0
2007,200,6,CLE,DL,0,
2007,201,6,PHI,DB,1,159.0
2007,202,6,NWE,DB,1,24.0
2007,203,6,ATL,DB,1,41.0
2007,204,6,TEN,DL,1,152.0
2007,205,6,WAS,QB,0,
2007,206,6,TEN,DB,1,19.0
2007,207,6,BAL,LB,1,134.0
2007,208,6,NWE,RB,0,
2007,209,6,NWE,OL,1,171.0
2007,210,6,SEA,WR,1,197.0
2007,211,7,NWE,LB,1,180.0
2007,212,7,DAL,DB,0,
2007,213,7,CLE,DL,1,200.0
2007,214,7,TAM,OL,1,35.0
2007,215,7,ARI,TE,0,
2007,216,7,WAS,TE,0,
2007,217,7,MIN,QB,0,
2007,218,7,HOU,LB,0,
2007,219,7,MIA,LB,0,
2007,220,7,NOR,LB,0,
2007,221,7,CHI,DB,1,167.0
2007,222,7,BUF,TE,0,
2007,223,7,TEN,OL,1,115.0
2007,224,7,NYG,DB,1,20.0
2007,225,7,MIA,ST,0,
2007,226,7,CAR,DB,0,
2007,227,7,PIT,WR,0,
2007,228,7,GNB,RB,1,63.0
2007,229,7,JAX,WR,1,79.0
2007,230,7,CIN,OL,0,
2007,231,7,KAN,TE,0,
2007,232,7,SEA,OL,1,124.0
2007,233,7,MIN,WR,1,44.0
2007,234,7,CLE,WR,0,
2007,235,7,NYJ,WR,0,
2007,236,7,PHI,RB,1,90.0
2007,237,7,DAL,DB,1,212.0
2007,238,7,MIA,DL,1,108.0
2007,239,7,BUF,DL,0,
2007,240,7,SDG,LB,1,96.0
2007,241,7,CHI,OL,1,130.0
2007,242,7,IND,DL,1,98.0
2007,243,7,GNB,TE,0,
2007,244,7,ATL,RB,0,
2007,245,7,TAM,DB,1,106.0
2007,246,7,TAM,RB,0,
2007,247,7,NWE,OL,1,171.0
2007,248,7,STL,DL,1,13.0
2007,249,7,STL,WR,0,
2007,250,7,NYG,RB,0,
2007,251,7,JAX,LB,1,48.0
2007,252,7,JAX,OL,1,149.0
2007,253,7,CIN,DB,1,18.0
2007,254,7,OAK,WR,1,99.0
2007,255,7,DET,DB,1,61.0
2008,1,1,MIA,OL,0,
2008,2,1,STL,DL,0,
2008,3,1,ATL,QB,0,
2008,4,1,OAK,RB,0,
2008,5,1,KAN,DL,0,
2008,6,1,NYJ,DL,0,
2008,7,1,NOR,DL,0,
2008,8,1,JAX,DL,0,
2008,9,1,CIN,LB,0,
2008,10,1,NWE,LB,0,
2008,11,1,BUF,DB,0,
2008,12,1,DEN,OL,0,
2008,13,1,CAR,RB,0,
2008,14,1,CHI,OL,0,
2008,15,1,KAN,OL,0,
2008,16,1,ARI,DB,0,
2008,17,1,DET,OL,0,
2008,18,1,BAL,QB,0,
2008,19,1,CAR,OL,0,
2008,20,1,TAM,DB,0,
2008,21,1,ATL,OL,0,
2008,22,1,DAL,RB,0,
2008,23,1,PIT,RB,0,
2008,24,1,TEN,RB,0,
2008,25,1,DAL,DB,0,
2008,26,1,HOU,OL,0,
2008,27,1,SDG,DB,0,
2008,28,1,SEA,DL,0,
2008,29,1,SFO,DL,0,
2008,30,1,NYJ,TE,0,
2008,31,1,NYG,DB,0,
2008,32,2,MIA,DL,0,
2008,33,2,STL,WR,0,
2008,34,2,WAS,WR,0,
2008,35,2,KAN,DB,0,
2008,36,2,GNB,WR,0,
2008,37,2,ATL,LB,0,
2008,38,2,SEA,TE,0,
2008,39,2,SFO,OL,0,
2008,40,2,NOR,DB,0,
2008,41,2,BUF,WR,0,
2008,42,2,DEN,WR,0,
2008,43,2,MIN,DB,0,
2008,44,2,CHI,RB,0,
2008,45,2,DET,LB,0,
2008,46,2,CIN,WR,0,
2008,47,2,PHI,DL,0,
2008,48,2,WAS,TE,0,
2008,49,2,PHI,WR,0,
2008,50,2,ARI,DL,0,
2008,51,2,WAS,WR,1,34.0
2008,52,2,JAX,DL,1,8.0
2008,53,2,PIT,WR,0,
2008,54,2,TEN,DL,0,
2008,55,2,BAL,RB,0,
2008,56,2,GNB,QB,0,
2008,57,2,MIA,QB,0,
2008,58,2,TAM,WR,0,
2008,59,2,IND,OL,0,
2008,60,2,GNB,DB,0,
2008,61,2,DAL,TE,0,
2008,62,2,NWE,DB,0,
2008,63,2,NYG,DB,1,31.0
2008,64,3,DET,RB,0,
2008,65,3,STL,OL,0,
2008,66,3,MIA,DL,1,32.0
2008,67,3,CAR,DB,0,
2008,68,3,ATL,DB,0,
2008,69,3,SDG,RB,0,
2008,70,3,CHI,WR,0,
2008,71,3,BAL,LB,0,
2008,72,3,BUF,DL,0,
2008,73,3,KAN,RB,0,
2008,74,3,CAR,LB,0,
2008,75,3,SFO,DB,0,
2008,76,3,KAN,TE,0,
2008,77,3,CIN,DL,0,
2008,78,3,NWE,LB,1,10.0
2008,79,3,HOU,DB,0,
2008,80,3,PHI,LB,0,
2008,81,3,ARI,WR,0,
2008,82,3,KAN,DB,1,35.0
2008,83,3,TAM,OL,0,
2008,84,3,ATL,WR,0,
2008,85,3,TEN,TE,0,
2008,86,3,BAL,DB,0,
2008,87,3,DET,DL,0,
2008,88,3,PIT,LB,0,
2008,89,3,HOU,RB,0,
2008,90,3,CHI,DL,0,
2008,91,3,GNB,TE,0,
2008,92,3,DET,LB,1,45.0
2008,93,3,IND,LB,0,
2008,94,3,NWE,QB,0,
2008,95,3,NYG,WR,0,
2008,96,3,WAS,OL,0,
2008,97,3,CIN,WR,1,46.0
2008,98,3,ATL,DB,1,68.0
2008,99,3,BAL,OL,0,
2008,100,4,OAK,DB,0,
2008,101,4,STL,DB,0,
2008,102,4,GNB,DL,0,
2008,103,4,TEN,DL,1,54.0
2008,104,4,CLE,LB,0,
2008,105,4,KAN,WR,0,
2008,106,4,BAL,WR,0,
2008,107,4,SFO,OL,1,39.0
2008,108,4,DEN,OL,1,12.0
2008,109,4,PHI,OL,0,
2008,110,4,MIA,OL,1,1.0
2008,111,4,CLE,TE,0,
2008,112,4,CIN,OL,0,
2008,113,4,NYJ,DB,0,
2008,114,4,BUF,DB,1,11.0
2008,115,4,TAM,DL,0,
2008,116,4,ARI,DL,1,50.0
2008,117,4,PHI,DB,0,
2008,118,4,HOU,LB,0,
2008,119,4,DEN,DB,0,
2008,120,4,CHI,DB,0,
2008,121,4,SEA,DL,1,28.0
2008,122,4,DAL,RB,1,22.0
2008,123,4,NYG,LB,0,
2008,124,4,WAS,DB,0,
2008,125,4,OAK,WR,0,
2008,126,4,TEN,WR,0,
2008,127,4,IND,TE,0,
2008,128,4,STL,WR,1,33.0
2008,129,4,NWE,DB,1,62.0
2008,130,4,PIT,OL,0,
2008,131,4,PHI,DB,1,117.0
2008,132,4,BUF,TE,0,
2008,133,4,BAL,OL,1,99.0
2008,134,4,TEN,LB,0,
2008,135,4,GNB,OL,0,
2008,136,5,DET,WR,0,
2008,137,5,MIN,QB,0,
2008,138,5,ATL,LB,1,37.0
2008,139,5,DEN,RB,0,
2008,140,5,KAN,DB,1,35.0
2008,141,5,CAR,TE,0,
2008,142,5,CHI,DB,1,120.0
2008,143,5,DAL,DB,1,25.0
2008,144,5,NOR,DL,1,7.0
2008,145,5,CIN,DL,1,77.0
2008,146,5,DET,RB,1,64.0
2008,147,5,BUF,LB,0,
2008,148,5,DEN,DL,0,
2008,149,5,ARI,RB,0,
2008,150,5,GNB,OL,1,135.0
2008,151,5,HOU,DL,0,
2008,152,5,MIN,DL,0,
2008,153,5,NWE,WR,0,
2008,154,5,ATL,LB,1,37.0
2008,155,5,JAX,LB,0,
2008,156,5,PIT,QB,0,
2008,157,5,STL,OL,1,65.0
2008,158,5,CHI,TE,0,
2008,159,5,JAX,DB,0,
2008,160,5,TAM,QB,0,
2008,161,5,IND,LB,1,93.0
2008,162,5,NYJ,QB,0,
2008,163,5,SEA,RB,0,
2008,164,5,NOR,OL,0,
2008,165,5,NYG,LB,1,123.0
2008,166,5,SDG,RB,1,69.0
2008,167,6,DAL,DL,0,
2008,168,6,WAS,ST,0,
2008,169,6,OAK,DL,0,
2008,170,6,KAN,OL,1,15.0
2008,171,6,NYJ,WR,0,
2008,172,6,ATL,RB,0,
2008,173,6,HOU,DB,1,79.0
2008,174,6,SFO,WR,0,
2008,175,6,TAM,LB,0,
2008,176,6,MIA,RB,0,
2008,177,6,CIN,DB,0,
2008,178,6,NOR,ST,0,
2008,179,6,BUF,RB,0,
2008,180,6,WAS,DB,1,124.0
2008,181,6,CAR,DL,0,
2008,182,6,KAN,WR,1,105.0
2008,183,6,DEN,LB,0,
2008,184,6,PHI,OL,1,109.0
2008,185,6,ARI,DL,1,50.0
2008,186,6,WAS,QB,0,
2008,187,6,MIN,OL,0,
2008,188,6,PIT,LB,1,88.0
2008,189,6,SEA,LB,0,
2008,190,6,CLE,DL,0,
2008,191,6,CLE,WR,0,
2008,192,6,SDG,DB,1,27.0
2008,193,6,MIN,WR,0,
2008,194,6,PIT,DB,0,
2008,195,6,MIA,OL,1,1.0
2008,196,6,IND,TE,1,127.0
2008,197,6,NWE,LB,1,10.0
2008,198,6,NYG,QB,0,
2008,199,6,NYG,DL,0,
2008,200,6,PHI,LB,1,80.0
2008,201,6,IND,OL,1,59.0
2008,202,6,IND,RB,0,
2008,203,6,PHI,LB,1,80.0
2008,204,6,MIA,RB,1,176.0
2008,205,6,IND,WR,0,
2008,206,6,BAL,DB,1,86.0
2008,207,6,CIN,TE,0,
2008,208,7,CHI,DL,1,90.0
2008,209,7,GNB,QB,1,56.0
2008,210,7,KAN,DL,1,5.0
2008,211,7,NYJ,OL,0,
2008,212,7,ATL,DB,1,68.0
2008,213,7,JAX,RB,0,
2008,214,7,SFO,LB,0,
2008,215,7,BAL,WR,1,106.0
2008,216,7,DET,DL,1,87.0
2008,217,7,GNB,WR,1,36.0
2008,218,7,DET,DB,0,
2008,219,7,BUF,OL,0,
2008,220,7,DEN,DB,1,119.0
2008,221,7,CAR,LB,1,74.0
2008,222,7,CHI,OL,1,14.0
2008,223,7,HOU,QB,0,
2008,224,7,BUF,WR,1,41.0
2008,225,7,ARI,OL,0,
2008,226,7,OAK,WR,1,125.0
2008,227,7,DEN,RB,1,139.0
2008,228,7,STL,DB,1,101.0
2008,229,7,TEN,DB,0,
2008,230,7,PHI,OL,1,109.0
2008,231,7,CLE,LB,1,104.0
2008,232,7,ATL,TE,0,
2008,233,7,SEA,RB,1,163.0
2008,234,7,SDG,OL,0,
2008,235,7,SEA,ST,0,
2008,236,7,IND,OL,1,59.0
2008,237,7,NOR,WR,0,
2008,238,7,TAM,RB,0,
2008,239,7,KAN,TE,1,76.0
2008,240,7,BAL,RB,1,55.0
2008,241,7,CAR,OL,1,19.0
2008,242,7,WAS,DL,0,
2008,243,7,CHI,LB,0,
2008,244,7,CIN,LB,1,9.0
2008,245,7,MIA,DL,1,32.0
2008,246,7,CIN,WR,1,46.0
2008,247,7,CHI,OL,1,14.0
2008,248,7,CHI,WR,1,70.0
2008,249,7,WAS,DB,1,124.0
2008,250,7,CAR,OL,1,19.0
2008,251,7,BUF,DB,1,11.0
2008,252,7,STL,LB,0,
2009,1,1,DET,QB,0,
2009,2,1,STL,OL,0,
2009,3,1,KAN,DL,0,
2009,4,1,SEA,LB,0,
2009,5,1,NYJ,QB,0,
2009,6,1,CIN,OL,0,
2009,7,1,OAK,WR,0,
2009,8,1,JAX,OL,0,
2009,9,1,GNB,DL,0,
2009,10,1,SFO,WR,0,
2009,11,1,BUF,DL,0,
2009,12,1,DEN,RB,0,
2009,13,1,WAS,LB,0,
2009,14,1,NOR,DB,0,
2009,15,1,HOU,LB,0,
2009,16,1,SDG,LB,0,
2009,17,1,TAM,QB,0,
2009,18,1,DEN,DL,0,
2009,19,1,PHI,WR,0,
2009,20,1,DET,TE,0,
2009,21,1,CLE,OL,0,
2009,22,1,MIN,WR,0,
2009,23,1,BAL,OL,0,
2009,24,1,ATL,DL,0,
2009,25,1,MIA,DB,0,
2009,26,1,GNB,LB,0,
2009,27,1,IND,RB,0,
2009,28,1,BUF,OL,0,
2009,29,1,NYG,WR,0,
2009,30,1,TEN,WR,0,
2009,31,1,ARI,RB,0,
2009,32,1,PIT,DL,0,
2009,33,2,DET,DB,0,
2009,34,2,NWE,DB,0,
2009,35,2,STL,LB,0,
2009,36,2,CLE,WR,0,
2009,37,2,DEN,DB,0,
2009,38,2,CIN,LB,0,
2009,39,2,JAX,OL,1,8.0
2009,40,2,NWE,DL,0,
2009,41,2,NWE,DB,1,34.0
2009,42,2,BUF,DB,0,
2009,43,2,CAR,DL,0,
2009,44,2,MIA,QB,0,
2009,45,2,NYG,LB,0,
2009,46,2,HOU,DL,0,
2009,47,2,OAK,DB,0,
2009,48,2,DEN,DB,1,37.0
2009,49,2,SEA,OL,0,
2009,50,2,CLE,WR,1,36.0
2009,51,2,BUF,OL,1,28.0
2009,52,2,CLE,LB,0,
2009,53,2,PHI,RB,0,
2009,54,2,MIN,OL,0,
2009,55,2,ATL,DB,0,
2009,56,2,IND,DL,0,
2009,57,2,BAL,DL,0,
2009,58,2,NWE,OL,0,
2009,59,2,CAR,DB,0,
2009,60,2,NYG,OL,0,
2009,61,2,MIA,DB,1,25.0
2009,62,2,TEN,DL,0,
2009,63,2,ARI,LB,0,
2009,64,2,DEN,TE,0,
2009,65,3,NYJ,RB,0,
2009,66,3,STL,DB,0,
2009,67,3,KAN,DL,1,3.0
2009,68,3,CHI,DL,0,
2009,69,3,DAL,LB,0,
2009,70,3,CIN,DL,0,
2009,71,3,OAK,DL,0,
2009,72,3,JAX,DL,0,
2009,73,3,JAX,DB,0,
2009,74,3,SFO,RB,0,
2009,75,3,DAL,OL,0,
2009,76,3,DET,LB,0,
2009,77,3,HOU,OL,0,
2009,78,3,SDG,OL,0,
2009,79,3,PIT,OL,0,
2009,80,3,WAS,DB,0,
2009,81,3,TAM,DL,0,
2009,82,3,DET,WR,0,
2009,83,3,NWE,WR,0,
2009,84,3,PIT,WR,0,
2009,85,3,NYG,WR,1,29.0
2009,86,3,MIN,DB,0,
2009,87,3,MIA,WR,0,
2009,88,3,BAL,DB,0,
2009,89,3,TEN,TE,0,
2009,90,3,ATL,DB,1,55.0
2009,91,3,SEA,WR,0,
2009,92,3,IND,DB,0,
2009,93,3,CAR,DL,1,43.0
2009,94,3,TEN,DB,0,
2009,95,3,ARI,DB,0,
2009,96,3,PIT,DB,0,
2009,97,3,NWE,LB,0,
2009,98,3,CIN,TE,0,
2009,99,3,CHI,WR,0,
2009,100,3,NYG,TE,0,
2009,101,4,DAL,QB,0,
2009,102,4,KAN,DB,0,
2009,103,4,STL,DL,0,
2009,104,4,CLE,LB,1,52.0
2009,105,4,CHI,DL,1,68.0
2009,106,4,CIN,OL,1,6.0
2009,107,4,JAX,WR,0,
2009,108,4,MIA,WR,1,87.0
2009,109,4,GNB,OL,0,
2009,110,4,DAL,LB,1,69.0
2009,111,4,CAR,RB,0,
2009,112,4,HOU,DB,0,
2009,113,4,SDG,DL,0,
2009,114,4,DEN,DB,1,37.0
2009,115,4,DET,DL,0,
2009,116,4,NOR,DB,1,14.0
2009,117,4,TAM,DL,1,81.0
2009,118,4,NOR,LB,0,
2009,119,4,CHI,DB,0,
2009,120,4,DAL,DL,0,
2009,121,4,BUF,TE,0,
2009,122,4,HOU,TE,0,
2009,123,4,NWE,OL,1,58.0
2009,124,4,OAK,WR,1,7.0
2009,125,4,ATL,DL,1,24.0
2009,126,4,OAK,DL,1,71.0
2009,127,4,IND,WR,0,
2009,128,4,CAR,RB,1,111.0
2009,129,4,NYG,RB,0,
2009,130,4,TEN,LB,0,
2009,131,4,ARI,DB,1,95.0
2009,132,4,DEN,OL,0,
2009,133,4,SDG,OL,1,78.0
2009,134,4,SDG,RB,0,
2009,135,4,TEN,OL,0,
2009,136,4,IND,DL,1,56.0
2009,137,5,BAL,LB,0,
2009,138,5,ATL,DB,1,55.0
2009,139,5,KAN,OL,0,
2009,140,5,CHI,WR,1,99.0
2009,141,5,DEN,WR,0,
2009,142,5,CIN,ST,0,
2009,143,5,DAL,DB,0,
2009,144,5,JAX,WR,1,107.0
2009,145,5,GNB,RB,0,
2009,146,5,SFO,LB,0,
2009,147,5,BUF,LB,0,
2009,148,5,SDG,DB,0,
2009,149,5,BAL,TE,0,
2009,150,5,MIN,LB,0,
2009,151,5,NYG,QB,0,
2009,152,5,HOU,TE,1,122.0
2009,153,5,PHI,TE,0,
2009,154,5,CHI,LB,0,
2009,155,5,TAM,OL,0,
2009,156,5,ATL,OL,0,
2009,157,5,PHI,DB,0,
2009,158,5,WAS,LB,1,13.0
2009,159,5,PHI,OL,0,
2009,160,5,STL,WR,0,
2009,161,5,MIA,TE,0,
2009,162,5,GNB,OL,1,109.0
2009,163,5,CAR,OL,0,
2009,164,5,NOR,ST,0,
2009,165,5,MIA,DB,1,25.0
2009,166,5,DAL,DB,1,143.0
2009,167,5,ARI,OL,0,
2009,168,5,PIT,DB,1,96.0
2009,169,5,PIT,RB,0,
2009,170,5,NWE,OL,1,58.0
2009,171,5,SFO,QB,0,
2009,172,5,DAL,ST,0,
2009,173,5,TEN,RB,0,
2009,174,6,DEN,QB,0,
2009,175,6,KAN,WR,0,
2009,176,6,ATL,LB,0,
2009,177,6,CLE,DB,0,
2009,178,6,SEA,QB,0,
2009,179,6,CIN,DB,0,
2009,180,6,JAX,TE,0,
2009,181,6,MIA,OL,0,
2009,182,6,GNB,DL,1,9.0
2009,183,6,BUF,DB,1,42.0
2009,184,6,SFO,TE,0,
2009,185,6,BAL,RB,0,
2009,186,6,WAS,LB,1,13.0
2009,187,6,GNB,DB,0,
2009,188,6,HOU,DB,1,112.0
2009,189,6,SDG,LB,1,16.0
2009,190,6,CHI,DB,1,119.0
2009,191,6,CLE,DB,1,177.0
2009,192,6,DET,RB,0,
2009,193,6,NYJ,OL,0,
2009,194,6,PHI,WR,1,19.0
2009,195,6,CLE,RB,0,
2009,196,6,STL,QB,0,
2009,197,6,DAL,DB,1,143.0
2009,198,6,NWE,OL,1,58.0
2009,199,6,OAK,DL,1,71.0
2009,200,6,NYG,DB,0,
2009,201,6,IND,QB,0,
2009,202,6,OAK,TE,0,
2009,203,6,TEN,DB,1,94.0
2009,204,6,ARI,DL,0,
2009,205,6,PIT,DL,1,32.0
2009,206,6,TEN,WR,1,30.0
2009,207,6,NWE,DL,1,40.0
2009,208,6,DAL,TE,0,
2009,209,6,CIN,RB,0,
2009,210,7,ATL,DL,1,24.0
2009,211,7,STL,RB,0,
2009,212,7,KAN,RB,0,
2009,213,7,PHI,OL,1,159.0
2009,214,7,MIA,LB,0,
2009,215,7,CIN,RB,1,209.0
2009,216,7,CAR,DB,1,59.0
2009,217,7,TAM,DB,0,
2009,218,7,GNB,LB,1,26.0
2009,219,7,SFO,DB,0,
2009,220,7,BUF,DB,1,42.0
2009,221,7,WAS,RB,0,
2009,222,7,IND,ST,0,
2009,223,7,HOU,DB,1,112.0
2009,224,7,SDG,WR,0,
2009,225,7,DEN,OL,1,132.0
2009,226,7,PIT,OL,1,79.0
2009,227,7,DAL,DB,1,143.0
2009,228,7,DET,OL,0,
2009,229,7,DAL,WR,0,
2009,230,7,PHI,LB,0,
2009,231,7,MIN,DB,1,86.0
2009,232,7,NWE,WR,1,83.0
2009,233,7,TAM,WR,0,
2009,234,7,NWE,DL,1,40.0
2009,235,7,DET,LB,1,76.0
2009,236,7,IND,OL,0,
2009,237,7,KAN,TE,0,
2009,238,7,NYG,DB,1,200.0
2009,239,7,TEN,OL,1,135.0
2009,240,7,ARI,RB,1,31.0
2009,241,7,PIT,TE,0,
2009,242,7,TEN,DB,1,94.0
2009,243,7,WAS,WR,0,
2009,244,7,SFO,DL,0,
2009,245,7,SEA,DB,0,
2009,246,7,CHI,OL,0,
2009,247,7,SEA,DL,0,
2009,248,7,SEA,TE,0,
2009,249,7,CIN,DL,1,70.0
2009,250,7,JAX,RB,0,
2009,251,7,CHI,WR,1,99.0
2009,252,7,CIN,WR,0,
2009,253,7,JAX,WR,1,107.0
2009,254,7,ARI,OL,1,167.0
2009,255,7,DET,TE,1,20.0
2009,256,7,KAN,ST,0,
2010,1,1,STL,QB,0,
2010,2,1,DET,DL,0,
2010,3,1,TAM,DL,0,
2010,4,1,WAS,OL,0,
2010,5,1,KAN,DB,0,
2010,6,1,SEA,OL,0,
2010,7,1,CLE,DB,0,
2010,8,1,OAK,LB,0,
2010,9,1,BUF,RB,0,
2010,10,1,JAX,DL,0,
2010,11,1,SFO,OL,0,
2010,12,1,SDG,RB,0,
2010,13,1,PHI,DL,0,
2010,14,1,SEA,DB,0,
2010,15,1,NYG,DL,0,
2010,16,1,TEN,DL,0,
2010,17,1,SFO,OL,1,11.0
2010,18,1,PIT,OL,0,
2010,19,1,ATL,LB,0,
2010,20,1,HOU,DB,0,
2010,21,1,CIN,TE,0,
2010,22,1,DEN,WR,0,
2010,23,1,GNB,OL,0,
2010,24,1,DAL,WR,0,
2010,25,1,DEN,QB,0,
2010,26,1,ARI,DL,0,
2010,27,1,NWE,DB,0,
2010,28,1,MIA,DL,0,
2010,29,1,NYJ,DB,0,
2010,30,1,DET,RB,0,
2010,31,1,IND,DL,0,
2010,32,1,NOR,DB,0,
2010,33,2,STL,OL,0,
2010,34,2,MIN,DB,0,
2010,35,2,TAM,DL,1,3.0
2010,36,2,KAN,WR,0,
2010,37,2,PHI,DB,0,
2010,38,2,CLE,DB,1,7.0
2010,39,2,TAM,WR,0,
2010,40,2,MIA,LB,0,
2010,41,2,BUF,DL,0,
2010,42,2,NWE,TE,0,
2010,43,2,BAL,LB,0,
2010,44,2,OAK,DL,0,
2010,45,2,DEN,OL,0,
2010,46,2,NYG,DL,1,15.0
2010,47,2,ARI,LB,0,
2010,48,2,CAR,QB,0,
2010,49,2,SFO,DB,0,
2010,50,2,KAN,DB,1,5.0
2010,51,2,MIN,RB,0,
2010,52,2,PIT,DL,0,
2010,53,2,NWE,LB,0,
2010,54,2,CIN,DL,0,
2010,55,2,DAL,LB,0,
2010,56,2,GNB,DL,0,
2010,57,2,BAL,DL,0,
2010,58,2,HOU,RB,0,
2010,59,2,CLE,RB,0,
2010,60,2,SEA,WR,0,
2010,61,2,NYJ,OL,0,
2010,62,2,NWE,LB,1,53.0
2010,63,2,IND,LB,0,
2010,64,2,NOR,OL,0,
2010,65,3,STL,DB,0,
2010,66,3,DET,DB,0,
2010,67,3,TAM,DB,0,
2010,68,3,KAN,OL,0,
2010,69,3,OAK,OL,0,
2010,70,3,BAL,TE,0,
2010,71,3,GNB,DB,0,
2010,72,3,BUF,DL,1,41.0
2010,73,3,MIA,OL,0,
2010,74,3,JAX,DL,1,10.0
2010,75,3,CHI,DB,0,
2010,76,3,NYG,DB,0,
2010,77,3,TEN,WR,0,
2010,78,3,CAR,WR,0,
2010,79,3,SDG,LB,0,
2010,80,3,DEN,OL,1,45.0
2010,81,3,HOU,DL,0,
2010,82,3,PIT,WR,0,
2010,83,3,ATL,DL,0,
2010,84,3,CIN,WR,0,
2010,85,3,CLE,QB,0,
2010,86,3,PHI,DL,1,13.0
2010,87,3,DEN,WR,1,22.0
2010,88,3,ARI,WR,0,
2010,89,3,CAR,WR,1,78.0
2010,90,3,NWE,WR,0,
2010,91,3,SFO,LB,0,
2010,92,3,CLE,OL,0,
2010,93,3,KAN,TE,0,
2010,94,3,IND,DB,0,
2010,95,3,NOR,TE,0,
2010,96,3,CIN,DB,0,
2010,97,3,TEN,LB,0,
2010,98,3,ATL,OL,0,
2010,99,4,STL,WR,0,
2010,100,4,MIN,DL,0,
2010,101,4,TAM,WR,1,39.0
2010,102,4,HOU,LB,0,
2010,103,4,WAS,LB,0,
2010,104,4,TEN,DB,0,
2010,105,4,PHI,DB,1,37.0
2010,106,4,OAK,OL,1,69.0
2010,107,4,BUF,WR,0,
2010,108,4,OAK,WR,0,
2010,109,4,CHI,DL,0,
2010,110,4,SDG,DB,0,
2010,111,4,SEA,DB,1,14.0
2010,112,4,NYJ,RB,0,
2010,113,4,NWE,TE,1,42.0
2010,114,4,BAL,TE,1,70.0
2010,115,4,NYG,LB,0,
2010,116,4,PIT,DL,1,52.0
2010,117,4,ATL,OL,1,98.0
2010,118,4,HOU,TE,0,
2010,119,4,MIA,LB,1,40.0
2010,120,4,CIN,DL,1,54.0
2010,121,4,PHI,LB,0,
2010,122,4,PHI,QB,0,
2010,123,4,NOR,DL,0,
2010,124,4,CAR,LB,0,
2010,125,4,PHI,TE,0,
2010,126,4,DAL,DB,0,
2010,127,4,SEA,DL,0,
2010,128,4,DET,OL,0,
2010,129,4,IND,OL,0,
2010,130,4,ARI,DL,1,26.0
2010,131,4,CIN,LB,0,
2010,132,5,STL,TE,0,
2010,133,5,SEA,DB,1,14.0
2010,134,5,PHI,DL,1,13.0
2010,135,5,ATL,DB,0,
2010,136,5,KAN,DB,1,5.0
2010,137,5,DEN,DB,0,
2010,138,5,OAK,DB,0,
2010,139,5,NYJ,RB,1,112.0
2010,140,5,BUF,OL,0,
2010,141,5,CHI,DB,1,75.0
2010,142,5,KAN,DL,0,
2010,143,5,JAX,DL,1,10.0
2010,144,5,HOU,DB,1,20.0
2010,145,5,MIA,DB,0,
2010,146,5,SDG,DL,0,
2010,147,5,NYG,OL,0,
2010,148,5,TEN,DB,1,104.0
2010,149,5,STL,DL,0,
2010,150,5,NWE,ST,0,
2010,151,5,PIT,OL,1,18.0
2010,152,5,CIN,OL,0,
2010,153,5,JAX,DL,1,10.0
2010,154,5,GNB,TE,0,
2010,155,5,ARI,QB,0,
2010,156,5,BAL,WR,0,
2010,157,5,BAL,DL,1,57.0
2010,158,5,NOR,OL,1,64.0
2010,159,5,PHI,WR,0,
2010,160,5,CLE,DB,1,7.0
2010,161,5,MIN,OL,0,
2010,162,5,IND,TE,0,
2010,163,5,MIA,DB,1,145.0
2010,164,5,PIT,DB,0,
2010,165,5,ATL,WR,0,
2010,166,5,PIT,LB,0,
2010,167,5,MIN,LB,0,
2010,168,5,SDG,QB,0,
2010,169,5,GNB,OL,1,23.0
2010,170,6,STL,TE,1,132.0
2010,171,6,ATL,DB,1,135.0
2010,172,6,TAM,ST,0,
2010,173,6,SFO,RB,0,
2010,174,6,WAS,RB,0,
2010,175,6,CAR,DL,0,
2010,176,6,TEN,QB,0,
2010,177,6,CLE,WR,0,
2010,178,6,BUF,LB,0,
2010,179,6,DAL,OL,0,
2010,180,6,JAX,RB,0,
2010,181,6,CHI,QB,0,
2010,182,6,SFO,TE,0,
2010,183,6,DEN,OL,1,45.0
2010,184,6,NYG,DL,1,15.0
2010,185,6,SEA,TE,0,
2010,186,6,CLE,DL,0,
2010,187,6,HOU,OL,0,
2010,188,6,PIT,RB,0,
2010,189,6,STL,DL,1,149.0
2010,190,6,OAK,LB,1,8.0
2010,191,6,CIN,WR,1,84.0
2010,192,6,BUF,DL,1,41.0
2010,193,6,GNB,RB,0,
2010,194,6,BAL,OL,0,
2010,195,6,PIT,WR,1,82.0
2010,196,6,DAL,DB,1,126.0
2010,197,6,HOU,WR,0,
2010,198,6,CAR,WR,1,78.0
2010,199,6,MIN,WR,0,
2010,200,6,PHI,RB,0,
2010,201,6,ARI,DB,0,
2010,202,6,CAR,DB,0,
2010,203,6,JAX,DB,0,
2010,204,6,CAR,QB,1,48.0
2010,205,6,NWE,OL,0,
2010,206,6,SFO,WR,0,
2010,207,6,TEN,DB,1,104.0
2010,208,7,NWE,OL,1,205.0
2010,209,7,BUF,QB,0,
2010,210,7,TAM,DB,1,67.0
2010,211,7,STL,DB,1,65.0
2010,212,7,MIA,DL,1,28.0
2010,213,7,DET,DL,1,2.0
2010,214,7,MIN,TE,0,
2010,215,7,OAK,DB,1,138.0
2010,216,7,BUF,OL,1,140.0
2010,217,7,TAM,LB,0,
2010,218,7,CHI,OL,0,
2010,219,7,WAS,WR,0,
2010,220,7,PHI,LB,1,121.0
2010,221,7,NYG,ST,0,
2010,222,7,TEN,WR,1,77.0
2010,223,7,CAR,DB,1,202.0
2010,224,7,SFO,DB,1,49.0
2010,225,7,DEN,DB,1,137.0
2010,226,7,STL,DL,1,149.0
2010,227,7,HOU,WR,1,197.0
2010,228,7,CIN,OL,1,152.0
2010,229,7,WAS,OL,1,4.0
2010,230,7,GNB,DL,1,56.0
2010,231,7,WAS,OL,1,4.0
2010,232,7,DEN,DL,0,
2010,233,7,ARI,TE,0,
2010,234,7,DAL,DL,0,
2010,235,7,SDG,TE,0,
2010,236,7,SEA,LB,0,
2010,237,7,MIN,RB,1,51.0
2010,238,7,IND,DL,1,31.0
2010,239,7,NOR,QB,0,
2010,240,7,IND,LB,1,63.0
2010,241,7,TEN,DL,1,16.0
2010,242,7,PIT,DL,1,52.0
2010,243,7,PHI,DL,1,13.0
2010,244,7,PHI,DB,1,37.0
2010,245,7,SEA,TE,1,185.0
2010,246,7,IND,DB,1,94.0
2010,247,7,NWE,DL,0,
2010,248,7,NWE,DL,1,247.0
2010,249,7,CAR,DB,1,202.0
2010,250,7,NWE,QB,0,
2010,251,7,OAK,DB,1,138.0
2010,252,7,MIA,LB,1,40.0
2010,253,7,TAM,DL,1,3.0
2010,254,7,STL,LB,0,
2010,255,7,DET,WR,0,
2011,1,1,CAR,QB,0,
2011,2,1,DEN,LB,0,
2011,3,1,BUF,DL,0,
2011,4,1,CIN,WR,0,
2011,5,1,ARI,DB,0,
2011,6,1,ATL,WR,0,
2011,7,1,SFO,DL,0,
2011,8,1,TEN,QB,0,
2011,9,1,DAL,OL,0,
2011,10,1,JAX,QB,0,
2011,11,1,HOU,DL,0,
2011,12,1,MIN,QB,0,
2011,13,1,DET,DL,0,
2011,14,1,STL,DL,0,
2011,15,1,MIA,OL,0,
2011,16,1,WAS,DL,0,
2011,17,1,NWE,OL,0,
2011,18,1,SDG,DL,0,
2011,19,1,NYG,DB,0,
2011,20,1,TAM,DL,0,
2011,21,1,CLE,DL,0,
2011,22,1,IND,OL,0,
2011,23,1,PHI,OL,0,
2011,24,1,NOR,DL,0,
2011,25,1,SEA,OL,0,
2011,26,1,KAN,WR,0,
2011,27,1,BAL,DB,0,
2011,28,1,NOR,RB,0,
2011,29,1,CHI,OL,0,
2011,30,1,NYJ,DL,0,
2011,31,1,PIT,DL,0,
2011,32,1,GNB,OL,0,
2011,33,2,NWE,DB,0,
2011,34,2,BUF,DB,0,
2011,35,2,CIN,QB,0,
2011,36,2,SFO,QB,0,
2011,37,2,CLE,DL,1,21.0
2011,38,2,ARI,RB,0,
2011,39,2,TEN,LB,0,
2011,40,2,DAL,LB,0,
2011,41,2,WAS,DL,1,16.0
2011,42,2,HOU,LB,0,
2011,43,2,MIN,TE,0,
2011,44,2,DET,WR,0,
2011,45,2,DEN,DB,0,
2011,46,2,DEN,OL,0,
2011,47,2,STL,TE,0,
2011,48,2,OAK,OL,0,
2011,49,2,IND,OL,1,22.0
2011,50,2,SDG,DB,0,
2011,51,2,TAM,DL,1,20.0
2011,52,2,NYG,DL,0,
2011,53,2,CHI,DL,0,
2011,54,2,PHI,DB,0,
2011,55,2,KAN,OL,0,
2011,56,2,NWE,RB,0,
2011,57,2,DET,RB,0,
2011,58,2,BAL,WR,0,
2011,59,2,CLE,WR,0,
2011,60,2,HOU,DB,0,
2011,61,2,SDG,LB,0,
2011,62,2,MIA,RB,0,
2011,63,2,PIT,OL,0,
2011,64,2,GNB,WR,0,
2011,65,3,CAR,DL,0,
2011,66,3,CIN,LB,0,
2011,67,3,DEN,LB,1,2.0
2011,68,3,BUF,LB,0,
2011,69,3,ARI,TE,0,
2011,70,3,KAN,LB,0,
2011,71,3,DAL,RB,0,
2011,72,3,NOR,LB,0,
2011,73,3,NWE,RB,1,56.0
2011,74,3,NWE,QB,0,
2011,75,3,SEA,OL,1,25.0
2011,76,3,JAX,OL,0,
2011,77,3,TEN,DL,0,
2011,78,3,STL,WR,0,
2011,79,3,WAS,WR,0,
2011,80,3,SFO,DB,0,
2011,81,3,OAK,DB,0,
2011,82,3,SDG,WR,0,
2011,83,3,NYG,WR,0,
2011,84,3,TAM,LB,0,
2011,85,3,BAL,OL,0,
2011,86,3,KAN,DL,0,
2011,87,3,IND,DL,0,
2011,88,3,NOR,DB,0,
2011,89,3,SDG,DB,1,50.0
2011,90,3,PHI,DB,1,54.0
2011,91,3,ATL,LB,0,
2011,92,3,OAK,OL,1,48.0
2011,93,3,CHI,DB,0,
2011,94,3,NYJ,DL,1,30.0
2011,95,3,PIT,DB,0,
2011,96,3,GNB,RB,0,
2011,97,3,CAR,DL,1,65.0
2011,98,4,CAR,DB,0,
2011,99,4,SEA,LB,0,
2011,100,4,BUF,DB,1,34.0
2011,101,4,CIN,OL,0,
2011,102,4,CLE,TE,0,
2011,103,4,ARI,DL,0,
2011,104,4,TAM,TE,0,
2011,105,4,WAS,RB,0,
2011,106,4,MIN,DL,0,
2011,107,4,SEA,WR,0,
2011,108,4,DEN,DB,1,45.0
2011,109,4,TEN,LB,1,39.0
2011,110,4,DAL,OL,1,9.0
2011,111,4,MIA,WR,0,
2011,112,4,STL,WR,1,78.0
2011,113,4,OAK,DB,1,81.0
2011,114,4,JAX,WR,0,
2011,115,4,SFO,RB,0,
2011,116,4,PHI,LB,0,
2011,117,4,NYG,OL,0,
2011,118,4,KAN,DB,0,
2011,119,4,IND,RB,0,
2011,120,4,PHI,ST,0,
2011,121,4,JAX,DB,0,
2011,122,4,BUF,OL,0,
2011,123,4,BAL,WR,1,58.0
2011,124,4,CLE,RB,0,
2011,125,4,OAK,RB,0,
2011,126,4,NYJ,RB,0,
2011,127,4,HOU,DB,1,60.0
2011,128,4,PIT,DB,1,95.0
2011,129,4,DEN,TE,0,
2011,130,4,TEN,RB,0,
2011,131,4,GNB,DB,0,
2011,132,5,CAR,WR,0,
2011,133,5,BUF,RB,0,
2011,134,5,CIN,DB,0,
2011,135,5,KAN,QB,0,
2011,136,5,ARI,RB,1,38.0
2011,137,5,CLE,DB,0,
2011,138,5,NWE,OL,1,17.0
2011,139,5,MIN,DB,0,
2011,140,5,KAN,LB,1,70.0
2011,141,5,GNB,TE,0,
2011,142,5,TEN,DL,1,77.0
2011,143,5,DAL,DB,0,
2011,144,5,HOU,DB,1,60.0
2011,145,5,ATL,RB,0,
2011,146,5,WAS,DB,0,
2011,147,5,JAX,DB,1,121.0
2011,148,5,OAK,WR,0,
2011,149,5,PHI,RB,0,
2011,150,5,CLE,OL,0,
2011,151,5,TAM,DB,0,
2011,152,5,HOU,QB,0,
2011,153,5,NYJ,WR,0,
2011,154,5,SEA,DB,0,
2011,155,5,WAS,WR,1,79.0
2011,156,5,SEA,DB,1,154.0
2011,157,5,DET,LB,0,
2011,158,5,STL,DB,0,
2011,159,5,NWE,TE,0,
2011,160,5,CHI,QB,0,
2011,161,5,PHI,OL,1,23.0
2011,162,5,PIT,LB,0,
2011,163,5,SFO,OL,0,
2011,164,5,BAL,DB,1,27.0
2011,165,5,BAL,DL,0,
2011,166,6,CAR,LB,0,
2011,167,6,CIN,WR,1,4.0
2011,168,6,MIN,OL,0,
2011,169,6,BUF,LB,1,68.0
2011,170,6,MIN,DB,1,139.0
2011,171,6,ARI,LB,0,
2011,172,6,MIN,OL,1,168.0
2011,173,6,SEA,DB,1,154.0
2011,174,6,MIA,TE,0,
2011,175,6,TEN,OL,0,
2011,176,6,DAL,WR,0,
2011,177,6,WAS,RB,1,105.0
2011,178,6,WAS,WR,1,79.0
2011,179,6,GNB,OL,1,32.0
2011,180,6,BAL,QB,0,
2011,181,6,OAK,TE,0,
2011,182,6,SFO,WR,0,
2011,183,6,SDG,RB,0,
2011,184,6,ARI,DL,1,103.0
2011,185,6,NYG,LB,0,
2011,186,6,GNB,LB,0,
2011,187,6,TAM,RB,0,
2011,188,6,IND,DB,0,
2011,189,6,DEN,LB,1,2.0
2011,190,6,SFO,DB,1,80.0
2011,191,6,PHI,OL,1,23.0
2011,192,6,ATL,ST,0,
2011,193,6,PHI,LB,1,116.0
2011,194,6,NWE,LB,0,
2011,195,6,CHI,LB,0,
2011,196,6,PIT,OL,1,63.0
2011,197,6,GNB,DL,0,
2011,198,6,NYG,DB,1,19.0
2011,199,6,KAN,DL,1,86.0
2011,200,6,MIN,LB,0,
2011,201,6,SDG,OL,0,
2011,202,6,NYG,LB,1,185.0
2011,203,6,CAR,OL,0,
2011,204,7,DEN,TE,1,129.0
2011,205,7,SEA,DL,0,
2011,206,7,BUF,DB,1,34.0
2011,207,7,CIN,DB,1,134.0
2011,208,7,NYJ,QB,0,
2011,209,7,DET,OL,0,
2011,210,7,ATL,OL,0,
2011,211,7,SFO,DL,1,7.0
2011,212,7,TEN,DL,1,77.0
2011,213,7,WAS,DB,1,146.0
2011,214,7,HOU,OL,0,
2011,215,7,MIN,DL,1,106.0
2011,216,7,STL,DB,1,158.0
2011,217,7,WAS,OL,0,
2011,218,7,GNB,TE,1,141.0
2011,219,7,NWE,DB,1,33.0
2011,220,7,DAL,RB,1,71.0
2011,221,7,NYG,RB,0,
2011,222,7,TAM,DB,1,151.0
2011,223,7,KAN,RB,0,
2011,224,7,WAS,DL,1,16.0
2011,225,7,BAL,RB,0,
2011,226,7,NOR,DL,1,24.0
2011,227,7,NYJ,WR,1,153.0
2011,228,7,STL,LB,0,
2011,229,7,STL,DB,1,158.0
2011,230,7,ATL,DL,0,
2011,231,7,MIA,DL,0,
2011,232,7,PIT,RB,0,
2011,233,7,GNB,DL,1,197.0
2011,234,7,SDG,LB,1,61.0
2011,235,7,MIA,DB,0,
2011,236,7,MIN,WR,0,
2011,237,7,PHI,LB,1,116.0
2011,238,7,TAM,TE,1,104.0
2011,239,7,SFO,OL,1,163.0
2011,240,7,PHI,RB,1,149.0
2011,241,7,OAK,WR,1,148.0
2011,242,7,SEA,LB,1,99.0
2011,243,7,NOR,LB,1,72.0
2011,244,7,CAR,OL,1,203.0
2011,245,7,BUF,DL,1,3.0
2011,246,7,CIN,RB,0,
2011,247,7,DEN,DL,0,
2011,248,7,CLE,DB,1,137.0
2011,249,7,ARI,WR,0,
2011,250,7,SFO,DB,1,80.0
2011,251,7,TEN,DB,0,
2011,252,7,DAL,OL,1,9.0
2011,253,7,WAS,DL,1,16.0
2011,254,7,HOU,DL,1,11.0
2012,1,1,IND,QB,0,
2012,2,1,WAS,QB,0,
2012,3,1,CLE,RB,0,
2012,4,1,MIN,OL,0,
2012,5,1,JAX,WR,0,
2012,6,1,DAL,DB,0,
2012,7,1,TAM,DB,0,
2012,8,1,MIA,QB,0,
2012,9,1,CAR,LB,0,
2012,10,1,BUF,DB,0,
2012,11,1,KAN,DL,0,
2012,12,1,PHI,DL,0,
2012,13,1,ARI,WR,0,
2012,14,1,STL,DL,0,
2012,15,1,SEA,DL,0,
2012,16,1,NYJ,DL,0,
2012,17,1,CIN,DB,0,
2012,18,1,SDG,DL,0,
2012,19,1,CHI,DL,0,
2012,20,1,TEN,WR,0,
2012,21,1,NWE,DL,0,
2012,22,1,CLE,QB,0,
2012,23,1,DET,OL,0,
2012,24,1,PIT,OL,0,
2012,25,1,NWE,LB,0,
2012,26,1,HOU,DL,0,
2012,27,1,CIN,OL,0,
2012,28,1,GNB,DL,0,
2012,29,1,MIN,DB,0,
2012,30,1,SFO,WR,0,
2012,31,1,TAM,RB,0,
2012,32,1,NYG,RB,0,
2012,33,2,STL,WR,0,
2012,34,2,IND,TE,0,
2012,35,2,BAL,LB,0,
2012,36,2,DEN,DL,0,
2012,37,2,CLE,OL,0,
2012,38,2,JAX,LB,0,
2012,39,2,STL,DB,0,
2012,40,2,CAR,OL,0,
2012,41,2,BUF,OL,0,
2012,42,2,MIA,OL,0,
2012,43,2,NYJ,WR,0,
2012,44,2,KAN,OL,0,
2012,45,2,CHI,WR,0,
2012,46,2,PHI,LB,0,
2012,47,2,SEA,LB,0,
2012,48,2,NWE,DB,0,
2012,49,2,SDG,DL,1,18.0
2012,50,2,STL,RB,0,
2012,51,2,GNB,DL,1,28.0
2012,52,2,TEN,LB,0,
2012,53,2,CIN,DL,0,
2012,54,2,DET,WR,0,
2012,55,2,ATL,OL,0,
2012,56,2,PIT,OL,1,24.0
2012,57,2,DEN,QB,0,
2012,58,2,TAM,LB,0,
2012,59,2,PHI,DL,1,12.0
2012,60,2,BAL,OL,0,
2012,61,2,SFO,RB,0,
2012,62,2,GNB,DB,0,
2012,63,2,NYG,WR,0,
2012,64,3,IND,TE,1,34.0
2012,65,3,STL,DB,1,39.0
2012,66,3,MIN,DB,1,29.0
2012,67,3,DEN,RB,0,
2012,68,3,HOU,WR,0,
2012,69,3,BUF,WR,0,
2012,70,3,JAX,ST,0,
2012,71,3,WAS,OL,0,
2012,72,3,MIA,LB,0,
2012,73,3,SDG,DB,0,
2012,74,3,KAN,OL,1,44.0
2012,75,3,SEA,QB,0,
2012,76,3,HOU,OL,0,
2012,77,3,NYJ,LB,0,
2012,78,3,MIA,TE,0,
2012,79,3,CHI,DB,0,
2012,80,3,ARI,DB,0,
2012,81,3,DAL,DL,0,
2012,82,3,TEN,DL,0,
2012,83,3,CIN,WR,0,
2012,84,3,BAL,RB,0,
2012,85,3,DET,DB,0,
2012,86,3,PIT,LB,0,
2012,87,3,CLE,DL,0,
2012,88,3,PHI,QB,0,
2012,89,3,NOR,DL,0,
2012,90,3,NWE,DL,1,21.0
2012,91,3,ATL,OL,1,55.0
2012,92,3,IND,WR,0,
2012,93,3,CIN,DL,1,53.0
2012,94,3,NYG,DB,0,
2012,95,3,OAK,OL,0,
2012,96,4,STL,WR,1,33.0
2012,97,4,MIA,RB,0,
2012,98,4,BAL,OL,1,60.0
2012,99,4,HOU,OL,1,76.0
2012,100,4,CLE,WR,0,
2012,101,4,DEN,DB,0,
2012,102,4,WAS,QB,1,2.0
2012,103,4,CAR,DL,0,
2012,104,4,CAR,WR,0,
2012,105,4,BUF,LB,0,
2012,106,4,SEA,RB,0,
2012,107,4,KAN,WR,0,
2012,108,4,DEN,OL,0,
2012,109,4,PIT,DL,0,
2012,110,4,SDG,TE,0,
2012,111,4,CHI,TE,0,
2012,112,4,ARI,OL,0,
2012,113,4,DAL,LB,0,
2012,114,4,SEA,DL,1,15.0
2012,115,4,TEN,DB,0,
2012,116,4,CIN,TE,0,
2012,117,4,SFO,OL,0,
2012,118,4,MIN,WR,0,
2012,119,4,WAS,LB,0,
2012,120,4,CLE,LB,0,
2012,121,4,HOU,WR,1,68.0
2012,122,4,NOR,WR,0,
2012,123,4,PHI,DB,0,
2012,124,4,BUF,DB,1,10.0
2012,125,4,DET,LB,0,
2012,126,4,HOU,DL,1,26.0
2012,127,4,NYG,TE,0,
2012,128,4,MIN,RB,0,
2012,129,4,OAK,LB,0,
2012,130,4,BAL,DB,0,
2012,131,4,NYG,OL,0,
2012,132,4,GNB,DL,1,28.0
2012,133,4,GNB,DB,1,62.0
2012,134,4,MIN,WR,1,118.0
2012,135,4,DAL,DB,1,6.0
2012,136,5,IND,DL,0,
2012,137,5,DEN,DL,1,36.0
2012,138,5,DET,LB,1,125.0
2012,139,5,MIN,DB,1,29.0
2012,140,5,TAM,LB,1,58.0
2012,141,5,WAS,OL,1,71.0
2012,142,5,JAX,LB,1,38.0
2012,143,5,CAR,DB,0,
2012,144,5,BUF,OL,1,41.0
2012,145,5,TEN,TE,0,
2012,146,5,KAN,DB,0,
2012,147,5,BUF,LB,1,105.0
2012,148,5,DET,DB,1,85.0
2012,149,5,SDG,OL,0,
2012,150,5,STL,OL,0,
2012,151,5,ARI,OL,1,112.0
2012,152,5,DAL,WR,0,
2012,153,5,PHI,OL,0,
2012,154,5,SEA,LB,1,47.0
2012,155,5,MIA,LB,1,72.0
2012,156,5,CIN,DB,1,17.0
2012,157,5,ATL,RB,0,
2012,158,5,OAK,DL,0,
2012,159,5,PIT,RB,0,
2012,160,5,CLE,OL,1,37.0
2012,161,5,HOU,ST,0,
2012,162,5,NOR,DB,0,
2012,163,5,GNB,LB,0,
2012,164,5,ATL,DL,0,
2012,165,5,SFO,LB,0,
2012,166,5,CIN,WR,1,83.0
2012,167,5,CIN,DB,1,17.0
2012,168,5,OAK,WR,0,
2012,169,5,BAL,DB,1,130.0
2012,170,5,IND,RB,0,
2012,171,6,STL,ST,0,
2012,172,6,SEA,DB,0,
2012,173,6,WAS,RB,0,
2012,174,6,TAM,DB,1,7.0
2012,175,6,MIN,ST,0,
2012,176,6,JAX,DB,0,
2012,177,6,ARI,DB,1,80.0
2012,178,6,BUF,OL,1,41.0
2012,179,6,NOR,OL,0,
2012,180,6,SFO,DB,0,
2012,181,6,SEA,DB,1,172.0
2012,182,6,KAN,RB,0,
2012,183,6,MIA,WR,0,
2012,184,6,CHI,DB,1,79.0
2012,185,6,ARI,QB,0,
2012,186,6,DAL,TE,0,
2012,187,6,NYJ,DB,0,
2012,188,6,DEN,LB,0,
2012,189,6,OAK,DL,1,158.0
2012,190,6,TEN,DB,1,115.0
2012,191,6,CIN,RB,0,
2012,192,6,ATL,DB,0,
2012,193,6,WAS,OL,1,71.0
2012,194,6,PHI,WR,0,
2012,195,6,HOU,OL,1,76.0
2012,196,6,DET,DB,1,85.0
2012,197,6,NWE,DB,1,48.0
2012,198,6,BAL,WR,0,
2012,199,6,SFO,OL,1,117.0
2012,200,6,PHI,OL,1,153.0
2012,201,6,NYG,OL,1,131.0
2012,202,6,NYJ,RB,0,
2012,203,6,NYJ,OL,0,
2012,204,6,CLE,LB,1,120.0
2012,205,6,CLE,DL,1,87.0
2012,206,6,IND,WR,1,92.0
2012,207,6,CAR,ST,0,
2012,208,7,IND,OL,0,
2012,209,7,STL,LB,0,
2012,210,7,MIN,LB,0,
2012,211,7,TEN,DL,1,82.0
2012,212,7,TAM,RB,1,31.0
2012,213,7,WAS,DB,0,
2012,214,7,IND,DL,1,136.0
2012,215,7,MIA,DL,0,
2012,216,7,CAR,DB,1,143.0
2012,217,7,WAS,DB,1,213.0
2012,218,7,KAN,DL,1,11.0
2012,219,7,MIN,DL,0,
2012,220,7,CHI,DB,1,79.0
2012,221,7,ARI,OL,1,112.0
2012,222,7,DAL,LB,1,113.0
2012,223,7,DET,LB,1,125.0
2012,224,7,NWE,DB,1,48.0
2012,225,7,SEA,DL,1,15.0
2012,226,7,SDG,OL,1,149.0
2012,227,7,MIA,WR,1,183.0
2012,228,7,JAX,DL,0,
2012,229,7,PHI,RB,0,
2012,230,7,OAK,LB,1,129.0
2012,231,7,PIT,WR,0,
2012,232,7,SEA,DL,1,15.0
2012,233,7,TAM,TE,0,
2012,234,7,NOR,OL,1,179.0
2012,235,7,NWE,WR,0,
2012,236,7,BAL,DL,0,
2012,237,7,SFO,DL,0,
2012,238,7,KAN,WR,1,107.0
2012,239,7,NYG,DL,0,
2012,240,7,PIT,TE,0,
2012,241,7,GNB,OL,0,
2012,242,7,NYJ,DB,1,187.0
2012,243,7,GNB,QB,0,
2012,244,7,NYJ,WR,1,43.0
2012,245,7,CLE,DB,0,
2012,246,7,PIT,DB,0,
2012,247,7,CLE,TE,0,
2012,248,7,PIT,OL,1,24.0
2012,249,7,ATL,DL,1,164.0
2012,250,7,SDG,RB,0,
2012,251,7,BUF,ST,0,
2012,252,7,STL,RB,1,50.0
2012,253,7,IND,QB,1,1.0
2013,1,1,KAN,OL,0,
2013,2,1,JAX,OL,0,
2013,3,1,MIA,DL,0,
2013,4,1,PHI,OL,0,
2013,5,1,DET,DL,0,
2013,6,1,CLE,LB,0,
2013,7,1,ARI,OL,0,
2013,8,1,STL,WR,0,
2013,9,1,NYJ,DB,0,
2013,10,1,TEN,OL,0,
2013,11,1,SDG,OL,0,
2013,12,1,OAK,DB,0,
2013,13,1,NYJ,DL,0,
2013,14,1,CAR,DL,0,
2013,15,1,NOR,DB,0,
2013,16,1,BUF,QB,0,
2013,17,1,PIT,LB,0,
2013,18,1,SFO,DB,0,
2013,19,1,NYG,OL,0,
2013,20,1,CHI,OL,0,
2013,21,1,CIN,TE,0,
2013,22,1,ATL,DB,0,
2013,23,1,MIN,DL,0,
2013,24,1,IND,DL,0,
2013,25,1,MIN,DB,0,
2013,26,1,GNB,DL,0,
2013,27,1,HOU,WR,0,
2013,28,1,DEN,DL,0,
2013,29,1,MIN,WR,0,
2013,30,1,STL,LB,0,
2013,31,1,DAL,OL,0,
2013,32,1,BAL,DB,0,
2013,33,2,JAX,DB,0,
2013,34,2,TEN,WR,0,
2013,35,2,PHI,TE,0,
2013,36,2,DET,DB,0,
2013,37,2,CIN,RB,0,
2013,38,2,SDG,LB,0,
2013,39,2,NYJ,QB,0,
2013,40,2,SFO,DL,0,
2013,41,2,BUF,WR,0,
2013,42,2,OAK,OL,0,
2013,43,2,TAM,DB,0,
2013,44,2,CAR,DL,1,14.0
2013,45,2,ARI,LB,0,
2013,46,2,BUF,LB,0,
2013,47,2,DAL,TE,0,
2013,48,2,PIT,RB,0,
2013,49,2,NYG,DL,0,
2013,50,2,CHI,LB,0,
2013,51,2,WAS,DB,0,
2013,52,2,NWE,LB,0,
2013,53,2,CIN,DL,0,
2013,54,2,MIA,DB,0,
2013,55,2,SFO,TE,0,
2013,56,2,BAL,LB,0,
2013,57,2,HOU,DB,0,
2013,58,2,DEN,RB,0,
2013,59,2,NWE,WR,0,
2013,60,2,ATL,DB,1,22.0
2013,61,2,GNB,RB,0,
2013,62,2,SEA,RB,0,
2013,63,3,KAN,TE,0,
2013,64,3,JAX,DB,1,33.0
2013,65,3,DET,OL,0,
2013,66,3,OAK,LB,0,
2013,67,3,PHI,DL,0,
2013,68,3,CLE,DB,0,
2013,69,3,ARI,DB,0,
2013,70,3,TEN,DB,0,
2013,71,3,STL,DB,0,
2013,72,3,NYJ,OL,0,
2013,73,3,TAM,QB,0,
2013,74,3,DAL,WR,0,
2013,75,3,NOR,OL,0,
2013,76,3,SDG,WR,0,
2013,77,3,MIA,OL,0,
2013,78,3,BUF,WR,1,41.0
2013,79,3,PIT,WR,0,
2013,80,3,DAL,DB,0,
2013,81,3,NYG,DL,1,49.0
2013,82,3,NOR,DL,0,
2013,83,3,NWE,DB,0,
2013,84,3,CIN,DB,0,
2013,85,3,WAS,TE,0,
2013,86,3,IND,OL,0,
2013,87,3,SEA,DL,0,
2013,88,3,SFO,DL,1,40.0
2013,89,3,HOU,OL,0,
2013,90,3,DEN,DB,0,
2013,91,3,NWE,DB,1,83.0
2013,92,3,STL,WR,1,8.0
2013,93,3,MIA,DB,1,54.0
2013,94,3,BAL,DL,0,
2013,95,3,HOU,DL,0,
2013,96,3,KAN,RB,0,
2013,97,3,TEN,LB,0,
2013,98,4,PHI,QB,0,
2013,99,4,KAN,LB,0,
2013,100,4,TAM,DL,0,
2013,101,4,JAX,WR,0,
2013,102,4,NWE,WR,1,59.0
2013,103,4,ARI,DL,0,
2013,104,4,MIA,LB,0,
2013,105,4,BUF,DB,0,
2013,106,4,MIA,TE,0,
2013,107,4,TEN,OL,1,10.0
2013,108,4,CAR,OL,0,
2013,109,4,GNB,OL,0,
2013,110,4,NYG,QB,0,
2013,111,4,PIT,DB,0,
2013,112,4,OAK,QB,0,
2013,113,4,STL,OL,0,
2013,114,4,DAL,DB,1,80.0
2013,115,4,PIT,QB,0,
2013,116,4,ARI,OL,1,7.0
2013,117,4,CHI,LB,1,50.0
2013,118,4,CIN,LB,0,
2013,119,4,WAS,DB,1,51.0
2013,120,4,MIN,LB,0,
2013,121,4,IND,OL,1,86.0
2013,122,4,GNB,OL,1,109.0
2013,123,4,SEA,WR,0,
2013,124,4,HOU,DL,1,95.0
2013,125,4,GNB,RB,1,61.0
2013,126,4,TAM,DL,1,100.0
2013,127,4,ATL,DL,0,
2013,128,4,SFO,WR,0,
2013,129,4,BAL,DL,1,94.0
2013,130,4,BAL,RB,0,
2013,131,4,SFO,RB,0,
2013,132,4,DET,DL,1,5.0
2013,133,4,ATL,TE,0,
2013,134,5,KAN,DB,0,
2013,135,5,JAX,WR,1,101.0
2013,136,5,PHI,DB,0,
2013,137,5,SEA,DL,1,87.0
2013,138,5,SEA,DB,0,
2013,139,5,IND,DL,1,24.0
2013,140,5,ARI,RB,0,
2013,141,5,NYJ,OL,1,72.0
2013,142,5,TEN,DL,0,
2013,143,5,BUF,DB,1,105.0
2013,144,5,NOR,WR,0,
2013,145,5,SDG,DB,0,
2013,146,5,DEN,DL,1,28.0
2013,147,5,TAM,DL,1,100.0
2013,148,5,CAR,LB,0,
2013,149,5,STL,DB,1,71.0
2013,150,5,PIT,DB,1,111.0
2013,151,5,DAL,RB,0,
2013,152,5,NYG,DB,0,
2013,153,5,ATL,DL,1,127.0
2013,154,5,WAS,RB,0,
2013,155,5,MIN,ST,0,
2013,156,5,CIN,OL,0,
2013,157,5,SFO,DL,1,40.0
2013,158,5,SEA,TE,0,
2013,159,5,GNB,DB,0,
2013,160,5,STL,RB,0,
2013,161,5,DEN,WR,0,
2013,162,5,WAS,DL,0,
2013,163,5,CHI,OL,1,20.0
2013,164,5,MIA,RB,0,
2013,165,5,DET,ST,0,
2013,166,5,MIA,ST,0,
2013,167,5,GNB,DL,1,26.0
2013,168,5,BAL,OL,0,
2013,169,6,JAX,DB,1,33.0
2013,170,6,KAN,OL,1,1.0
2013,171,6,DET,WR,0,
2013,172,6,OAK,TE,0,
2013,173,6,DEN,OL,0,
2013,174,6,ARI,WR,0,
2013,175,6,CLE,DB,1,68.0
2013,176,6,HOU,OL,1,89.0
2013,177,6,BUF,ST,0,
2013,178,6,NYJ,OL,1,72.0
2013,179,6,SDG,DL,0,
2013,180,6,SFO,LB,0,
2013,181,6,OAK,RB,0,
2013,182,6,CAR,RB,0,
2013,183,6,NOR,DL,1,82.0
2013,184,6,OAK,TE,1,172.0
2013,185,6,DAL,LB,0,
2013,186,6,PIT,WR,1,79.0
2013,187,6,ARI,RB,1,140.0
2013,188,6,CHI,LB,1,50.0
2013,189,6,TAM,RB,0,
2013,190,6,CIN,RB,1,37.0
2013,191,6,WAS,DB,1,51.0
2013,192,6,IND,DB,0,
2013,193,6,GNB,LB,0,
2013,194,6,SEA,RB,1,62.0
2013,195,6,HOU,WR,1,27.0
2013,196,6,MIN,OL,0,
2013,197,6,CIN,WR,0,
2013,198,6,HOU,DL,1,95.0
2013,199,6,DET,RB,0,
2013,200,6,BAL,DL,1,94.0
2013,201,6,HOU,TE,0,
2013,202,6,TEN,DB,1,70.0
2013,203,6,BAL,OL,1,168.0
2013,204,6,KAN,RB,1,96.0
2013,205,6,OAK,DL,0,
2013,206,6,PIT,LB,1,17.0
2013,207,7,KAN,DL,0,
2013,208,7,JAX,DB,1,33.0
2013,209,7,OAK,WR,0,
2013,210,7,JAX,DB,1,33.0
2013,211,7,DET,TE,0,
2013,212,7,PHI,DL,1,67.0
2013,213,7,MIN,LB,1,120.0
2013,214,7,MIN,OL,1,196.0
2013,215,7,NYJ,RB,0,
2013,216,7,GNB,WR,0,
2013,217,7,CLE,DL,0,
2013,218,7,PHI,DB,1,136.0
2013,219,7,ARI,TE,0,
2013,220,7,SEA,OL,0,
2013,221,7,SDG,QB,0,
2013,222,7,BUF,TE,0,
2013,223,7,PIT,DL,0,
2013,224,7,GNB,WR,1,216.0
2013,225,7,NYG,OL,1,19.0
2013,226,7,NWE,DL,0,
2013,227,7,CLE,OL,0,
2013,228,7,WAS,RB,1,154.0
2013,229,7,MIN,DL,1,23.0
2013,230,7,IND,RB,0,
2013,231,7,SEA,DL,1,87.0
2013,232,7,GNB,LB,1,193.0
2013,233,7,OAK,DL,1,205.0
2013,234,7,DEN,QB,0,
2013,235,7,NWE,LB,1,52.0
2013,236,7,CHI,WR,0,
2013,237,7,SFO,QB,0,
2013,238,7,BAL,WR,0,
2013,239,7,PHI,DL,1,67.0
2013,240,7,CIN,OL,1,156.0
2013,241,7,SEA,DL,1,87.0
2013,242,7,SEA,OL,1,220.0
2013,243,7,ATL,DB,1,22.0
2013,244,7,ATL,DB,1,22.0
2013,245,7,DET,LB,0,
2013,246,7,SFO,OL,0,
2013,247,7,BAL,DB,1,32.0
2013,248,7,TEN,DB,1,70.0
2013,249,7,ATL,QB,0,
2013,250,7,MIA,DB,1,54.0
2013,251,7,CIN,OL,1,156.0
2013,252,7,SFO,DB,1,18.0
2013,253,7,NYG,RB,0,
2013,254,7,IND,TE,0,
2014,1,1,HOU,DL,0,
2014,2,1,STL,OL,0,
2014,3,1,JAX,QB,0,
2014,4,1,BUF,WR,0,
2014,5,1,OAK,LB,0,
2014,6,1,ATL,OL,0,
2014,7,1,TAM,WR,0,
2014,8,1,CLE,DB,0,
2014,9,1,MIN,LB,0,
2014,10,1,DET,TE,0,
2014,11,1,TEN,OL,0,
2014,12,1,NYG,WR,0,
2014,13,1,STL,DL,0,
2014,14,1,CHI,DB,0,
2014,15,1,PIT,LB,0,
2014,16,1,DAL,OL,0,
2014,17,1,BAL,LB,0,
2014,18,1,NYJ,DB,0,
2014,19,1,MIA,OL,0,
2014,20,1,NOR,WR,0,
2014,21,1,GNB,DB,0,
2014,22,1,CLE,QB,0,
2014,23,1,KAN,LB,0,
2014,24,1,CIN,DB,0,
2014,25,1,SDG,DB,0,
2014,26,1,PHI,LB,0,
2014,27,1,ARI,DB,0,
2014,28,1,CAR,WR,0,
2014,29,1,NWE,DL,0,
2014,30,1,SFO,DB,0,
2014,31,1,DEN,DB,0,
2014,32,1,MIN,QB,0,
2014,33,2,HOU,OL,0,
2014,34,2,DAL,DL,0,
2014,35,2,CLE,OL,0,
2014,36,2,OAK,QB,0,
2014,37,2,ATL,DL,0,
2014,38,2,TAM,TE,0,
2014,39,2,JAX,WR,0,
2014,40,2,DET,LB,0,
2014,41,2,STL,DB,0,
2014,42,2,PHI,WR,0,
2014,43,2,NYG,OL,0,
2014,44,2,BUF,OL,0,
2014,45,2,SEA,WR,0,
2014,46,2,PIT,DL,0,
2014,47,2,WAS,LB,0,
2014,48,2,BAL,DL,0,
2014,49,2,NYJ,TE,0,
2014,50,2,SDG,LB,0,
2014,51,2,CHI,DL,0,
2014,52,2,ARI,TE,0,
2014,53,2,GNB,WR,0,
2014,54,2,TEN,RB,0,
2014,55,2,CIN,RB,0,
2014,56,2,DEN,WR,0,
2014,57,2,SFO,RB,0,
2014,58,2,NOR,DB,0,
2014,59,2,IND,OL,0,
2014,60,2,CAR,DL,0,
2014,61,2,JAX,WR,1,39.0
2014,62,2,NWE,QB,0,
2014,63,2,MIA,WR,0,
2014,64,2,SEA,OL,0,
2014,65,3,HOU,TE,0,
2014,66,3,WAS,OL,0,
2014,67,3,MIA,OL,1,19.0
2014,68,3,ATL,DB,0,
2014,69,3,TAM,RB,0,
2014,70,3,SFO,OL,0,
2014,71,3,CLE,LB,0,
2014,72,3,MIN,DL,0,
2014,73,3,BUF,LB,0,
2014,74,3,NYG,DL,0,
2014,75,3,STL,RB,0,
2014,76,3,DET,OL,0,
2014,77,3,SFO,LB,0,
2014,78,3,WAS,OL,1,66.0
2014,79,3,BAL,DB,0,
2014,80,3,NYJ,DB,1,18.0
2014,81,3,OAK,OL,0,
2014,82,3,CHI,DL,1,51.0
2014,83,3,HOU,DL,1,1.0
2014,84,3,ARI,DL,0,
2014,85,3,GNB,DL,0,
2014,86,3,PHI,WR,1,42.0
2014,87,3,KAN,DB,0,
2014,88,3,CIN,DL,0,
2014,89,3,SDG,OL,0,
2014,90,3,IND,WR,0,
2014,91,3,ARI,WR,0,
2014,92,3,CAR,OL,0,
2014,93,3,JAX,OL,0,
2014,94,3,CLE,RB,0,
2014,95,3,DEN,OL,0,
2014,96,3,MIN,RB,0,
2014,97,3,PIT,WR,0,
2014,98,3,GNB,TE,0,
2014,99,3,BAL,TE,0,
2014,100,3,SFO,OL,1,70.0
2014,101,4,PHI,DB,0,
2014,102,4,WAS,DB,0,
2014,103,4,ATL,RB,0,
2014,104,4,NYJ,WR,0,
2014,105,4,NWE,OL,0,
2014,106,4,SFO,WR,0,
2014,107,4,OAK,DL,0,
2014,108,4,SEA,DL,0,
2014,109,4,BUF,DB,0,
2014,110,4,STL,DB,1,41.0
2014,111,4,CIN,OL,0,
2014,112,4,TEN,DL,0,
2014,113,4,NYG,RB,0,
2014,114,4,JAX,DB,0,
2014,115,4,NYJ,WR,1,104.0
2014,116,4,OAK,DB,0,
2014,117,4,CHI,RB,0,
2014,118,4,PIT,WR,1,97.0
2014,119,4,DAL,LB,0,
2014,120,4,ARI,QB,0,
2014,121,4,GNB,LB,0,
2014,122,4,TEN,DB,0,
2014,123,4,SEA,WR,1,45.0
2014,124,4,KAN,RB,0,
2014,125,4,MIA,DB,0,
2014,126,4,NOR,LB,0,
2014,127,4,CLE,DB,1,8.0
2014,128,4,CAR,DB,0,
2014,129,4,SFO,DB,1,30.0
2014,130,4,NWE,RB,0,
2014,131,4,CHI,DB,1,14.0
2014,132,4,SEA,LB,0,
2014,133,4,DET,DB,0,
2014,134,4,BAL,DL,1,48.0
2014,135,4,HOU,QB,0,
2014,136,4,DET,DL,0,
2014,137,4,NYJ,OL,0,
2014,138,4,BAL,RB,0,
2014,139,4,ATL,LB,0,
2014,140,4,NWE,OL,1,105.0
2014,141,5,PHI,DL,0,
2014,142,5,WAS,WR,0,
2014,143,5,TAM,OL,0,
2014,144,5,JAX,LB,0,
2014,145,5,MIN,OL,0,
2014,146,5,DAL,WR,0,
2014,147,5,ATL,DB,1,68.0
2014,148,5,CAR,DB,1,128.0
2014,149,5,TAM,OL,1,143.0
2014,150,5,SFO,DL,0,
2014,151,5,TEN,LB,0,
2014,152,5,NYG,DB,0,
2014,153,5,BUF,OL,1,44.0
2014,154,5,NYJ,LB,0,
2014,155,5,MIA,TE,0,
2014,156,5,DEN,LB,0,
2014,157,5,PIT,DB,0,
2014,158,5,DET,DL,1,136.0
2014,159,5,JAX,DL,0,
2014,160,5,ARI,DL,1,84.0
2014,161,5,GNB,OL,0,
2014,162,5,PHI,DB,1,101.0
2014,163,5,KAN,QB,0,
2014,164,5,CIN,QB,0,
2014,165,5,SDG,DL,0,
2014,166,5,IND,LB,0,
2014,167,5,NOR,DB,1,58.0
2014,168,5,ATL,LB,1,139.0
2014,169,5,NOR,LB,1,126.0
2014,170,5,SFO,DB,1,30.0
2014,171,5,MIA,LB,0,
2014,172,5,SEA,DL,1,108.0
2014,173,5,PIT,OL,0,
2014,174,5,NYG,DL,1,74.0
2014,175,5,BAL,OL,0,
2014,176,5,GNB,WR,1,53.0
2014,177,6,HOU,DL,1,1.0
2014,178,6,TEN,QB,0,
2014,179,6,NWE,OL,1,105.0
2014,180,6,SFO,DB,1,30.0
2014,181,6,HOU,RB,0,
2014,182,6,MIN,DB,0,
2014,183,6,CHI,QB,0,
2014,184,6,MIN,DB,1,182.0
2014,185,6,TAM,WR,1,7.0
2014,186,6,WAS,RB,0,
2014,187,6,NYG,DB,1,152.0
2014,188,6,STL,DB,1,41.0
2014,189,6,DET,WR,0,
2014,190,6,MIA,WR,1,63.0
2014,191,6,CHI,ST,0,
2014,192,6,PIT,LB,1,15.0
2014,193,6,KAN,OL,0,
2014,194,6,BAL,QB,0,
2014,195,6,NYJ,DB,1,18.0
2014,196,6,ARI,WR,1,91.0
2014,197,6,GNB,DB,1,21.0
2014,198,6,NWE,DL,1,29.0
2014,199,6,SEA,OL,1,64.0
2014,200,6,KAN,OL,1,193.0
2014,201,6,SDG,RB,0,
2014,202,6,NOR,OL,0,
2014,203,6,IND,LB,1,166.0
2014,204,6,CAR,RB,0,
2014,205,6,JAX,OL,1,93.0
2014,206,6,NWE,DB,0,
2014,207,6,DEN,OL,1,95.0
2014,208,6,SEA,DB,0,
2014,209,6,NYJ,WR,1,104.0
2014,210,6,NYJ,DL,0,
2014,211,6,HOU,RB,1,181.0
2014,212,6,CIN,LB,0,
2014,213,6,NYJ,QB,0,
2014,214,6,STL,QB,0,
2014,215,6,PIT,DL,1,46.0
2014,216,7,HOU,DB,0,
2014,217,7,WAS,TE,0,
2014,218,7,BAL,WR,0,
2014,219,7,OAK,DB,1,116.0
2014,220,7,MIN,DL,1,72.0
2014,221,7,BUF,LB,1,73.0
2014,222,7,JAX,RB,0,
2014,223,7,MIN,LB,1,9.0
2014,224,7,PHI,DL,1,141.0
2014,225,7,MIN,DB,1,182.0
2014,226,7,STL,OL,1,2.0
2014,227,7,SEA,RB,0,
2014,228,7,WAS,ST,0,
2014,229,7,DET,ST,0,
2014,230,7,PIT,TE,0,
2014,231,7,DAL,DL,1,34.0
2014,232,7,IND,OL,1,59.0
2014,233,7,NYJ,LB,1,154.0
2014,234,7,MIA,DL,0,
2014,235,7,OAK,DL,1,107.0
2014,236,7,GNB,WR,1,53.0
2014,237,7,BUF,OL,1,44.0
2014,238,7,DAL,LB,1,119.0
2014,239,7,CIN,WR,0,
2014,240,7,SDG,WR,0,
2014,241,7,STL,DB,1,41.0
2014,242,7,DEN,LB,1,156.0
2014,243,7,SFO,DL,1,150.0
2014,244,7,NWE,WR,0,
2014,245,7,SFO,RB,1,57.0
2014,246,7,CHI,OL,0,
2014,247,7,OAK,DB,1,116.0
2014,248,7,DAL,DB,0,
2014,249,7,STL,DL,1,13.0
2014,250,7,STL,OL,1,2.0
2014,251,7,DAL,DL,1,34.0
2014,252,7,CIN,DB,1,24.0
2014,253,7,ATL,LB,1,139.0
2014,254,7,DAL,DB,1,248.0
2014,255,7,ATL,LB,1,139.0
2014,256,7,HOU,DB,1,216.0
2015,1,1,TAM,QB,0,
2015,2,1,TEN,QB,0,
2015,3,1,JAX,LB,0,
2015,4,1,OAK,WR,0,
2015,5,1,WAS,OL,0,
2015,6,1,NYJ,DL,0,
2015,7,1,CHI,WR,0,
2015,8,1,ATL,LB,0,
2015,9,1,NYG,OL,0,
2015,10,1,STL,RB,0,
2015,11,1,MIN,DB,0,
2015,12,1,CLE,DL,0,
2015,13,1,NOR,OL,0,
2015,14,1,MIA,WR,0,
2015,15,1,SDG,RB,0,
2015,16,1,HOU,DB,0,
2015,17,1,SFO,DL,0,
2015,18,1,KAN,DB,0,
2015,19,1,CLE,OL,0,
2015,20,1,PHI,WR,0,
2015,21,1,CIN,OL,0,
2015,22,1,PIT,LB,0,
2015,23,1,DEN,DL,0,
2015,24,1,ARI,OL,0,
2015,25,1,CAR,LB,0,
2015,26,1,BAL,WR,0,
2015,27,1,DAL,DB,0,
2015,28,1,DET,OL,0,
2015,29,1,IND,WR,0,
2015,30,1,GNB,DB,0,
2015,31,1,NOR,LB,0,
2015,32,1,NWE,DL,0,
2015,33,2,NYG,DB,0,
2015,34,2,TAM,OL,0,
2015,35,2,OAK,DL,0,
2015,36,2,JAX,RB,0,
2015,37,2,NYJ,WR,0,
2015,38,2,WAS,DL,0,
2015,39,2,CHI,DL,0,
2015,40,2,TEN,WR,0,
2015,41,2,CAR,WR,0,
2015,42,2,ATL,DB,0,
2015,43,2,HOU,LB,0,
2015,44,2,NOR,LB,1,31.0
2015,45,2,MIN,LB,0,
2015,46,2,SFO,DB,0,
2015,47,2,PHI,DB,0,
2015,48,2,SDG,LB,0,
2015,49,2,KAN,OL,0,
2015,50,2,BUF,DB,0,
2015,51,2,CLE,DL,1,12.0
2015,52,2,MIA,DL,0,
2015,53,2,CIN,OL,1,21.0
2015,54,2,DET,RB,0,
2015,55,2,BAL,TE,0,
2015,56,2,PIT,DB,0,
2015,57,2,STL,OL,0,
2015,58,2,ARI,DL,0,
2015,59,2,DEN,OL,0,
2015,60,2,DAL,LB,0,
2015,61,2,TAM,OL,1,34.0
2015,62,2,GNB,DB,1,30.0
2015,63,2,SEA,DL,0,
2015,64,2,NWE,DB,0,
2015,65,3,IND,DB,0,
2015,66,3,TEN,OL,0,
2015,67,3,JAX,OL,0,
2015,68,3,OAK,TE,0,
2015,69,3,SEA,WR,0,
2015,70,3,HOU,WR,0,
2015,71,3,CHI,OL,0,
2015,72,3,STL,OL,1,57.0
2015,73,3,ATL,RB,0,
2015,74,3,NYG,DL,0,
2015,75,3,NOR,QB,0,
2015,76,3,KAN,WR,0,
2015,77,3,CLE,RB,0,
2015,78,3,NOR,DB,0,
2015,79,3,SFO,LB,0,
2015,80,3,DET,DB,0,
2015,81,3,BUF,OL,0,
2015,82,3,NYJ,LB,0,
2015,83,3,SDG,DB,0,
2015,84,3,PHI,LB,0,
2015,85,3,CIN,TE,0,
2015,86,3,ARI,RB,0,
2015,87,3,PIT,WR,0,
2015,88,3,MIN,DL,0,
2015,89,3,STL,QB,0,
2015,90,3,BAL,DL,0,
2015,91,3,DAL,OL,0,
2015,92,3,DEN,TE,0,
2015,93,3,IND,DL,0,
2015,94,3,GNB,WR,0,
2015,95,3,WAS,RB,0,
2015,96,3,CLE,DL,1,12.0
2015,97,3,NWE,DL,1,32.0
2015,98,3,KAN,DB,1,18.0
2015,99,3,CIN,LB,0,
2015,100,4,TEN,DL,0,
2015,101,4,NWE,DL,1,32.0
2015,102,4,CAR,OL,0,
2015,103,4,NYJ,QB,0,
2015,104,4,JAX,DB,0,
2015,105,4,WAS,WR,0,
2015,106,4,CHI,RB,0,
2015,107,4,ATL,WR,0,
2015,108,4,TEN,RB,0,
2015,109,4,IND,DB,1,65.0
2015,110,4,MIN,OL,0,
2015,111,4,NWE,OL,0,
2015,112,4,WAS,OL,1,5.0
2015,113,4,DET,DL,0,
2015,114,4,MIA,OL,0,
2015,115,4,CLE,DB,0,
2015,116,4,ARI,DL,1,58.0
2015,117,4,SFO,TE,0,
2015,118,4,KAN,LB,0,
2015,119,4,STL,OL,1,57.0
2015,120,4,CIN,DB,0,
2015,121,4,PIT,DB,1,56.0
2015,122,4,BAL,DL,1,90.0
2015,123,4,CLE,WR,0,
2015,124,4,TAM,LB,0,
2015,125,4,BAL,RB,0,
2015,126,4,SFO,RB,0,
2015,127,4,DAL,LB,1,60.0
2015,128,4,OAK,OL,0,
2015,129,4,GNB,LB,0,
2015,130,4,SEA,OL,0,
2015,131,4,NWE,OL,1,111.0
2015,132,4,SFO,WR,0,
2015,133,4,DEN,OL,1,59.0
2015,134,4,SEA,OL,1,130.0
2015,135,4,CIN,DL,0,
2015,136,4,BAL,DB,0,
2015,137,5,ATL,DL,0,
2015,138,5,TEN,RB,1,108.0
2015,139,5,JAX,WR,0,
2015,140,5,OAK,LB,0,
2015,141,5,WAS,LB,0,
2015,142,5,CHI,DB,0,
2015,143,5,MIN,TE,0,
2015,144,5,NYG,DB,1,33.0
2015,145,5,MIA,DB,0,
2015,146,5,MIN,WR,0,
2015,147,5,GNB,QB,0,
2015,148,5,NOR,LB,1,31.0
2015,149,5,MIA,RB,0,
2015,150,5,MIA,DB,1,145.0
2015,151,5,IND,DL,1,93.0
2015,152,5,NYJ,OL,0,
2015,153,5,SDG,LB,1,48.0
2015,154,5,NOR,DL,0,
2015,155,5,BUF,RB,0,
2015,156,5,MIA,WR,1,14.0
2015,157,5,CIN,TE,1,85.0
2015,158,5,ARI,DL,1,58.0
2015,159,5,ARI,WR,0,
2015,160,5,PIT,TE,0,
2015,161,5,OAK,LB,1,140.0
2015,162,5,TAM,WR,0,
2015,163,5,DAL,DL,0,
2015,164,5,DEN,DB,0,
2015,165,5,SFO,ST,0,
2015,166,5,NWE,ST,0,
2015,167,5,NOR,DB,1,78.0
2015,168,5,DET,RB,1,54.0
2015,169,5,CAR,LB,1,25.0
2015,170,5,SEA,DB,0,
2015,171,5,BAL,TE,1,55.0
2015,172,5,KAN,LB,1,118.0
2015,173,5,KAN,TE,0,
2015,174,5,CAR,RB,0,
2015,175,5,HOU,WR,1,70.0
2015,176,5,BAL,OL,0,
2015,177,6,TEN,LB,0,
2015,178,6,NWE,LB,0,
2015,179,6,OAK,LB,1,140.0
2015,180,6,JAX,DL,0,
2015,181,6,WAS,DB,0,
2015,182,6,WAS,DB,1,181.0
2015,183,6,CHI,OL,1,71.0
2015,184,6,TAM,WR,1,162.0
2015,185,6,MIN,OL,1,110.0
2015,186,6,NYG,WR,0,
2015,187,6,WAS,WR,1,105.0
2015,188,6,BUF,LB,0,
2015,189,6,CLE,DB,1,115.0
2015,190,6,SFO,OL,0,
2015,191,6,PHI,DB,1,47.0
2015,192,6,SDG,DL,0,
2015,193,6,MIN,DL,1,88.0
2015,194,6,BUF,TE,0,
2015,195,6,CLE,TE,0,
2015,196,6,PHI,DB,1,47.0
2015,197,6,CIN,DB,1,120.0
2015,198,6,CLE,TE,1,195.0
2015,199,6,PIT,DL,0,
2015,200,6,DET,DB,1,80.0
2015,201,6,STL,WR,0,
2015,202,6,NWE,TE,0,
2015,203,6,DEN,DL,1,23.0
2015,204,6,BAL,WR,1,26.0
2015,205,6,IND,RB,0,
2015,206,6,GNB,RB,0,
2015,207,6,IND,LB,0,
2015,208,6,TEN,OL,1,66.0
2015,209,6,SEA,DL,1,63.0
2015,210,6,GNB,DL,0,
2015,211,6,HOU,LB,1,43.0
2015,212,6,PIT,DL,1,199.0
2015,213,6,GNB,TE,0,
2015,214,6,SEA,DL,1,63.0
2015,215,6,STL,OL,1,57.0
2015,216,6,HOU,DL,0,
2015,217,6,KAN,DL,0,
2015,218,7,OAK,OL,1,128.0
2015,219,7,CLE,LB,0,
2015,220,7,JAX,WR,1,139.0
2015,221,7,OAK,WR,1,4.0
2015,222,7,WAS,OL,1,5.0
2015,223,7,NYJ,DL,1,6.0
2015,224,7,STL,LB,0,
2015,225,7,ATL,OL,0,
2015,226,7,NYG,OL,1,9.0
2015,227,7,STL,DL,0,
2015,228,7,MIN,OL,1,110.0
2015,229,7,JAX,TE,0,
2015,230,7,NOR,RB,0,
2015,231,7,TAM,RB,0,
2015,232,7,MIN,LB,1,45.0
2015,233,7,KAN,WR,1,76.0
2015,234,7,BUF,WR,0,
2015,235,7,HOU,RB,0,
2015,236,7,DAL,LB,1,60.0
2015,237,7,PHI,DL,0,
2015,238,7,CIN,WR,0,
2015,239,7,PIT,DB,1,56.0
2015,240,7,DET,OL,1,28.0
2015,241,7,CLE,DB,1,115.0
2015,242,7,OAK,DB,0,
2015,243,7,DAL,OL,1,91.0
2015,244,7,SFO,OL,1,190.0
2015,245,7,TEN,WR,1,40.0
2015,246,7,DAL,TE,0,
2015,247,7,NWE,DB,1,64.0
2015,248,7,SEA,DB,1,170.0
2015,249,7,ATL,DB,1,42.0
2015,250,7,DEN,QB,0,
2015,251,7,DEN,DB,1,164.0
2015,252,7,DEN,DB,1,164.0
2015,253,7,NWE,LB,1,178.0
2015,254,7,SFO,TE,1,117.0
2015,255,7,IND,OL,0,
2015,256,7,ARI,TE,0,
2016,1,1,LAR,QB,0,
2016,2,1,PHI,QB,0,
2016,3,1,SDG,DL,0,
2016,4,1,DAL,RB,0,
2016,5,1,JAX,DB,0,
2016,6,1,BAL,OL,0,
2016,7,1,SFO,DL,0,
2016,8,1,TEN,OL,0,
2016,9,1,CHI,LB,0,
2016,10,1,NYG,DB,0,
2016,11,1,TAM,DB,0,
2016,12,1,NOR,DL,0,
2016,13,1,MIA,OL,0,
2016,14,1,OAK,DB,0,
2016,15,1,CLE,WR,0,
2016,16,1,DET,OL,0,
2016,17,1,ATL,DB,0,
2016,18,1,IND,OL,0,
2016,19,1,BUF,DL,0,
2016,20,1,NYJ,LB,0,
2016,21,1,HOU,WR,0,
2016,22,1,WAS,WR,0,
2016,23,1,MIN,WR,0,
2016,24,1,CIN,DB,0,
2016,25,1,PIT,DB,0,
2016,26,1,DEN,QB,0,
2016,27,1,GNB,DL,0,
2016,28,1,SFO,OL,0,
2016,29,1,ARI,DL,0,
2016,30,1,CAR,DL,0,
2016,31,1,SEA,OL,0,
2016,32,2,CLE,DL,0,
2016,33,2,TEN,DL,0,
2016,34,2,DAL,LB,0,
2016,35,2,SDG,TE,0,
2016,36,2,JAX,LB,0,
2016,37,2,KAN,DL,0,
2016,38,2,MIA,DB,0,
2016,39,2,TAM,DL,0,
2016,40,2,NYG,WR,0,
2016,41,2,BUF,LB,0,
2016,42,2,BAL,DL,0,
2016,43,2,TEN,DL,1,33.0
2016,44,2,OAK,DL,0,
2016,45,2,TEN,RB,0,
2016,46,2,DET,DL,0,
2016,47,2,NOR,WR,0,
2016,48,2,GNB,OL,0,
2016,49,2,SEA,DL,0,
2016,50,2,HOU,OL,0,
2016,51,2,NYJ,QB,0,
2016,52,2,ATL,LB,0,
2016,53,2,WAS,LB,0,
2016,54,2,MIN,DB,0,
2016,55,2,CIN,WR,0,
2016,56,2,CHI,OL,0,
2016,57,2,IND,DB,0,
2016,58,2,PIT,DB,1,25.0
2016,59,2,TAM,ST,0,
2016,60,2,NWE,DB,0,
2016,61,2,NOR,DB,0,
2016,62,2,CAR,DB,0,
2016,63,2,DEN,DL,0,
2016,64,3,TEN,DB,0,
2016,65,3,CLE,DL,1,32.0
2016,66,3,SDG,OL,0,
2016,67,3,DAL,DL,0,
2016,68,3,SFO,DB,0,
2016,69,3,JAX,DL,0,
2016,70,3,BAL,DL,1,42.0
2016,71,3,NYG,DB,1,10.0
2016,72,3,CHI,DL,0,
2016,73,3,MIA,RB,0,
2016,74,3,KAN,DB,0,
2016,75,3,OAK,DL,1,44.0
2016,76,3,CLE,OL,0,
2016,77,3,CAR,DB,1,62.0
2016,78,3,NWE,OL,0,
2016,79,3,PHI,OL,0,
2016,80,3,BUF,DL,1,19.0
2016,81,3,ATL,TE,0,
2016,82,3,IND,OL,1,18.0
2016,83,3,NYJ,LB,1,20.0
2016,84,3,WAS,DB,0,
2016,85,3,HOU,WR,1,21.0
2016,86,3,MIA,WR,0,
2016,87,3,CIN,LB,0,
2016,88,3,GNB,LB,0,
2016,89,3,PIT,DL,0,
2016,90,3,SEA,RB,0,
2016,91,3,NWE,QB,0,
2016,92,3,ARI,DB,0,
2016,93,3,CLE,QB,0,
2016,94,3,SEA,TE,0,
2016,95,3,DET,OL,1,16.0
2016,96,3,NWE,DL,0,
2016,97,3,SEA,OL,1,31.0
2016,98,3,DEN,DB,0,
2016,99,4,CLE,LB,0,
2016,100,4,OAK,QB,0,
2016,101,4,DAL,DL,1,67.0
2016,102,4,SDG,LB,0,
2016,103,4,JAX,DL,1,69.0
2016,104,4,BAL,DB,0,
2016,105,4,KAN,OL,0,
2016,106,4,KAN,DB,1,74.0
2016,107,4,BAL,WR,0,
2016,108,4,TAM,DB,1,11.0
2016,109,4,NYG,LB,0,
2016,110,4,LAR,TE,0,
2016,111,4,DET,DB,0,
2016,112,4,NWE,WR,0,
2016,113,4,CHI,LB,1,9.0
2016,114,4,CLE,WR,1,15.0
2016,115,4,ATL,LB,1,52.0
2016,116,4,IND,DL,0,
2016,117,4,LAR,WR,0,
2016,118,4,NYJ,DB,0,
2016,119,4,HOU,RB,0,
2016,120,4,NOR,DL,1,12.0
2016,121,4,MIN,OL,0,
2016,122,4,CIN,DL,0,
2016,123,4,PIT,OL,0,
2016,124,4,CHI,DB,0,
2016,125,4,IND,LB,0,
2016,126,4,KAN,WR,0,
2016,127,4,CHI,DB,1,124.0
2016,128,4,ARI,OL,0,
2016,129,4,CLE,DB,0,
2016,130,4,BAL,OL,1,6.0
2016,131,4,GNB,LB,1,88.0
2016,132,4,BAL,DL,1,42.0
2016,133,4,SFO,DB,1,68.0
2016,134,4,BAL,RB,0,
2016,135,4,DAL,QB,0,
2016,136,4,DEN,RB,0,
2016,137,4,GNB,DL,1,27.0
2016,138,4,CLE,TE,0,
2016,139,4,BUF,QB,0,
2016,140,5,TEN,WR,0,
2016,141,5,CAR,DB,1,62.0
2016,142,5,SFO,DL,1,7.0
2016,143,5,OAK,RB,0,
2016,144,5,DEN,OL,0,
2016,145,5,SFO,OL,1,28.0
2016,146,5,BAL,DL,1,42.0
2016,147,5,SEA,DL,1,49.0
2016,148,5,TAM,OL,0,
2016,149,5,NYG,RB,0,
2016,150,5,CHI,RB,0,
2016,151,5,DET,OL,1,16.0
2016,152,5,WAS,DL,0,
2016,153,5,PHI,RB,0,
2016,154,5,CLE,WR,1,15.0
2016,155,5,IND,OL,1,18.0
2016,156,5,BUF,RB,0,
2016,157,5,TEN,DB,1,64.0
2016,158,5,NYJ,OL,0,
2016,159,5,HOU,DB,0,
2016,160,5,MIN,LB,0,
2016,161,5,CIN,OL,0,
2016,162,5,KAN,QB,0,
2016,163,5,GNB,WR,0,
2016,164,5,PHI,OL,1,79.0
2016,165,5,KAN,WR,1,126.0
2016,166,5,HOU,DL,0,
2016,167,5,ARI,DB,1,92.0
2016,168,5,CLE,OL,1,76.0
2016,169,5,DET,LB,0,
2016,170,5,ARI,OL,1,128.0
2016,171,5,SEA,RB,1,90.0
2016,172,5,CLE,WR,1,15.0
2016,173,5,CLE,DB,1,129.0
2016,174,5,SFO,OL,1,28.0
2016,175,5,SDG,LB,1,102.0
2016,176,6,DEN,RB,1,136.0
2016,177,6,LAR,TE,1,110.0
2016,178,6,KAN,DB,1,74.0
2016,179,6,SDG,ST,0,
2016,180,6,MIN,WR,1,23.0
2016,181,6,JAX,LB,1,36.0
2016,182,6,BAL,RB,1,134.0
2016,183,6,TAM,LB,0,
2016,184,6,NYG,TE,0,
2016,185,6,CHI,DB,1,124.0
2016,186,6,MIA,WR,1,86.0
2016,187,6,WAS,QB,0,
2016,188,6,MIN,TE,0,
2016,189,6,DAL,DB,0,
2016,190,6,LAR,LB,0,
2016,191,6,DET,QB,0,
2016,192,6,BUF,WR,0,
2016,193,6,TEN,OL,1,8.0
2016,194,6,OAK,LB,0,
2016,195,6,ATL,OL,0,
2016,196,6,PHI,DB,0,
2016,197,6,TAM,RB,0,
2016,198,6,SDG,RB,0,
2016,199,6,CIN,WR,1,55.0
2016,200,6,GNB,OL,1,48.0
2016,201,6,JAX,QB,0,
2016,202,6,DET,DL,1,46.0
2016,203,6,KAN,DL,1,37.0
2016,204,6,MIA,DB,1,38.0
2016,205,6,ARI,DB,1,92.0
2016,206,6,LAR,WR,1,117.0
2016,207,6,SFO,QB,0,
2016,208,6,NWE,LB,0,
2016,209,6,BAL,DB,1,104.0
2016,210,6,DET,ST,0,
2016,211,6,SFO,RB,0,
2016,212,6,DAL,DB,1,189.0
2016,213,6,SFO,WR,0,
2016,214,6,NWE,LB,1,208.0
2016,215,6,SEA,OL,1,31.0
2016,216,6,DAL,RB,1,4.0
2016,217,6,DAL,TE,0,
2016,218,6,BUF,DB,0,
2016,219,6,DEN,DB,1,98.0
2016,220,6,PIT,LB,0,
2016,221,6,NWE,OL,1,78.0
2016,222,7,TEN,LB,0,
2016,223,7,MIA,QB,0,
2016,224,7,SDG,OL,1,66.0
2016,225,7,NWE,WR,1,112.0
2016,226,7,JAX,DL,1,69.0
2016,227,7,MIN,LB,1,160.0
2016,228,7,DEN,ST,0,
2016,229,7,PIT,WR,0,
2016,230,7,CHI,WR,0,
2016,231,7,MIA,TE,0,
2016,232,7,WAS,LB,1,53.0
2016,233,7,PHI,DB,1,196.0
2016,234,7,OAK,OL,0,
2016,235,7,NYJ,ST,0,
2016,236,7,DET,RB,0,
2016,237,7,NOR,RB,0,
2016,238,7,ATL,WR,0,
2016,239,7,IND,LB,1,125.0
2016,240,7,PHI,DL,0,
2016,241,7,NYJ,WR,0,
2016,242,7,WAS,RB,0,
2016,243,7,SEA,WR,0,
2016,244,7,MIN,DB,1,54.0
2016,245,7,CIN,DB,1,24.0
2016,246,7,PIT,LB,1,220.0
2016,247,7,SEA,RB,1,90.0
2016,248,7,IND,OL,1,18.0
2016,249,7,SFO,DB,1,68.0
2016,250,7,CLE,LB,1,99.0
2016,251,7,PHI,LB,0,
2016,252,7,CAR,TE,0,
2016,253,7,TEN,DB,1,64.0
2017,1,1,CLE,DL,0,
2017,2,1,CHI,QB,0,
2017,3,1,SFO,DL,0,
2017,4,1,JAX,RB,0,
2017,5,1,TEN,WR,0,
2017,6,1,NYJ,DB,0,
2017,7,1,LAC,WR,0,
2017,8,1,CAR,RB,0,
2017,9,1,CIN,WR,0,
2017,10,1,KAN,QB,0,
2017,11,1,NOR,DB,0,
2017,12,1,HOU,QB,0,
2017,13,1,ARI,LB,0,
2017,14,1,PHI,DL,0,
2017,15,1,IND,DB,0,
2017,16,1,BAL,DB,0,
2017,17,1,WAS,DL,0,
2017,18,1,TEN,DB,0,
2017,19,1,TAM,TE,0,
2017,20,1,DEN,OL,0,
2017,21,1,DET,LB,0,
2017,22,1,MIA,LB,0,
2017,23,1,NYG,TE,0,
2017,24,1,OAK,DB,0,
2017,25,1,CLE,DB,0,
2017,26,1,ATL,DL,0,
2017,27,1,BUF,DB,0,
2017,28,1,DAL,DL,0,
2017,29,1,CLE,TE,0,
2017,30,1,PIT,LB,0,
2017,31,1,SFO,LB,0,
2017,32,1,NOR,OL,0,
2017,33,2,GNB,DB,0,
2017,34,2,JAX,OL,0,
2017,35,2,SEA,DL,0,
2017,36,2,ARI,DB,0,
2017,37,2,BUF,WR,0,
2017,38,2,LAC,OL,0,
2017,39,2,NYJ,DB,1,6.0
2017,40,2,CAR,WR,0,
2017,41,2,MIN,RB,0,
2017,42,2,NOR,DB,1,11.0
2017,43,2,PHI,DB,0,
2017,44,2,LAR,TE,0,
2017,45,2,CHI,TE,0,
2017,46,2,IND,DB,1,15.0
2017,47,2,BAL,LB,0,
2017,48,2,CIN,RB,0,
2017,49,2,WAS,LB,0,
2017,50,2,TAM,DB,0,
2017,51,2,DEN,DL,0,
2017,52,2,CLE,QB,0,
2017,53,2,DET,DB,0,
2017,54,2,MIA,LB,1,22.0
2017,55,2,NYG,DL,0,
2017,56,2,OAK,DB,1,24.0
2017,57,2,HOU,LB,0,
2017,58,2,SEA,OL,0,
2017,59,2,KAN,DL,0,
2017,60,2,DAL,DB,0,
2017,61,2,GNB,DB,1,33.0
2017,62,2,PIT,WR,0,
2017,63,2,BUF,OL,0,
2017,64,2,CAR,OL,0,
2017,65,3,CLE,DL,1,1.0
2017,66,3,SFO,DB,0,
2017,67,3,NOR,RB,0,
2017,68,3,JAX,DL,0,
2017,69,3,LAR,WR,0,
2017,70,3,MIN,OL,0,
2017,71,3,LAC,OL,1,38.0
2017,72,3,TEN,WR,1,5.0
2017,73,3,CIN,LB,0,
2017,74,3,BAL,DL,0,
2017,75,3,ATL,LB,0,
2017,76,3,NOR,LB,0,
2017,77,3,CAR,DL,0,
2017,78,3,BAL,LB,1,47.0
2017,79,3,NYJ,WR,0,
2017,80,3,IND,DL,0,
2017,81,3,WAS,DB,0,
2017,82,3,DEN,WR,0,
2017,83,3,NWE,DL,0,
2017,84,3,TAM,WR,0,
2017,85,3,NWE,OL,0,
2017,86,3,KAN,RB,0,
2017,87,3,NYG,QB,0,
2017,88,3,OAK,DL,0,
2017,89,3,HOU,RB,0,
2017,90,3,SEA,DB,0,
2017,91,3,LAR,DB,0,
2017,92,3,DAL,DB,1,60.0
2017,93,3,GNB,DL,0,
2017,94,3,PIT,DB,0,
2017,95,3,SEA,DB,1,90.0
2017,96,3,DET,WR,0,
2017,97,3,MIA,DB,0,
2017,98,3,ARI,WR,0,
2017,99,3,PHI,DB,1,43.0
2017,100,3,TEN,TE,0,
2017,101,3,DEN,DB,0,
2017,102,3,SEA,DL,1,35.0
2017,103,3,NOR,LB,1,76.0
2017,104,3,SFO,QB,0,
2017,105,3,PIT,RB,0,
2017,106,3,SEA,WR,0,
2017,107,3,TAM,LB,0,
2017,108,4,GNB,LB,0,
2017,109,4,MIN,DL,0,
2017,110,4,JAX,WR,0,
2017,111,4,SEA,DB,1,90.0
2017,112,4,CHI,DB,0,
2017,113,4,LAC,DB,0,
2017,114,4,WAS,RB,0,
2017,115,4,ARI,OL,0,
2017,116,4,CIN,LB,1,73.0
2017,117,4,LAR,WR,1,69.0
2017,118,4,PHI,WR,0,
2017,119,4,CHI,RB,0,
2017,120,4,MIN,LB,0,
2017,121,4,SFO,RB,0,
2017,122,4,BAL,OL,0,
2017,123,4,WAS,DB,1,81.0
2017,124,4,DET,LB,1,21.0
2017,125,4,LAR,LB,0,
2017,126,4,CLE,DB,1,25.0
2017,127,4,DET,TE,0,
2017,128,4,CIN,WR,1,9.0
2017,129,4,OAK,OL,0,
2017,130,4,HOU,OL,0,
2017,131,4,NWE,DL,1,83.0
2017,132,4,PHI,RB,0,
2017,133,4,DAL,WR,0,
2017,134,4,GNB,RB,0,
2017,135,4,PIT,QB,0,
2017,136,4,ATL,OL,0,
2017,137,4,IND,OL,0,
2017,138,4,CIN,DL,0,
2017,139,4,KAN,WR,0,
2017,140,4,NYG,RB,0,
2017,141,4,NYJ,WR,1,79.0
2017,142,4,HOU,DL,0,
2017,143,4,IND,RB,0,
2017,144,4,IND,DL,1,80.0
2017,145,5,DEN,TE,0,
2017,146,5,SFO,TE,0,
2017,147,5,CHI,OL,0,
2017,148,5,JAX,LB,0,
2017,149,5,ATL,DB,0,
2017,150,5,NYJ,TE,0,
2017,151,5,LAC,DB,1,113.0
2017,152,5,CAR,DB,0,
2017,153,5,CIN,ST,0,
2017,154,5,WAS,TE,0,
2017,155,5,TEN,LB,0,
2017,156,5,ATL,RB,0,
2017,157,5,ARI,OL,1,115.0
2017,158,5,IND,DB,1,15.0
2017,159,5,BAL,OL,1,122.0
2017,160,5,CLE,OL,0,
2017,161,5,IND,LB,0,
2017,162,5,TAM,RB,0,
2017,163,5,BUF,LB,0,
2017,164,5,MIA,OL,0,
2017,165,5,DET,DB,1,53.0
2017,166,5,PHI,WR,1,118.0
2017,167,5,NYG,DL,1,55.0
2017,168,5,OAK,LB,0,
2017,169,5,HOU,DB,0,
2017,170,5,MIN,WR,0,
2017,171,5,BUF,QB,0,
2017,172,5,DEN,WR,1,82.0
2017,173,5,PIT,DB,1,94.0
2017,174,5,ATL,TE,0,
2017,175,5,GNB,WR,0,
2017,176,5,CIN,OL,0,
2017,177,5,SFO,WR,0,
2017,178,5,MIA,DL,0,
2017,179,5,ARI,RB,0,
2017,180,5,MIN,OL,1,70.0
2017,181,5,NYJ,DL,0,
2017,182,5,GNB,RB,1,134.0
2017,183,5,KAN,LB,0,
2017,184,5,PHI,DB,1,43.0
2017,185,6,CLE,DL,1,1.0
2017,186,6,BAL,DB,1,16.0
2017,187,6,SEA,DB,1,90.0
2017,188,6,NYJ,RB,0,
2017,189,6,LAR,DL,0,
2017,190,6,LAC,OL,1,38.0
2017,191,6,DAL,DB,1,60.0
2017,192,6,CAR,RB,1,8.0
2017,193,6,CIN,LB,1,73.0
2017,194,6,MIA,DL,1,178.0
2017,195,6,BUF,LB,1,163.0
2017,196,6,NOR,DL,0,
2017,197,6,NYJ,DB,1,6.0
2017,198,6,SFO,DL,1,3.0
2017,199,6,WAS,OL,0,
2017,200,6,NYG,OL,0,
2017,201,6,MIN,TE,0,
2017,202,6,SFO,LB,1,31.0
2017,203,6,DEN,RB,0,
2017,204,6,NYJ,DB,1,6.0
2017,205,6,DET,DL,0,
2017,206,6,LAR,RB,0,
2017,207,6,CIN,RB,1,48.0
2017,208,6,ARI,DB,1,36.0
2017,209,6,WAS,WR,0,
2017,210,6,SEA,OL,1,58.0
2017,211,6,NWE,OL,1,85.0
2017,212,6,GNB,OL,0,
2017,213,6,PIT,ST,0,
2017,214,6,PHI,DL,1,14.0
2017,215,6,DET,QB,0,
2017,216,6,DAL,DB,1,60.0
2017,217,6,TEN,OL,0,
2017,218,6,KAN,DB,0,
2017,219,7,MIN,WR,1,170.0
2017,220,7,MIN,DL,1,109.0
2017,221,7,OAK,DB,1,24.0
2017,222,7,JAX,DB,0,
2017,223,7,TAM,DL,0,
2017,224,7,CLE,ST,0,
2017,225,7,LAC,DL,0,
2017,226,7,SEA,WR,1,106.0
2017,227,7,TEN,LB,1,155.0
2017,228,7,DAL,DL,1,28.0
2017,229,7,SFO,DB,1,66.0
2017,230,7,WAS,DB,1,81.0
2017,231,7,OAK,OL,1,129.0
2017,232,7,MIN,LB,1,120.0
2017,233,7,CAR,ST,0,
2017,234,7,LAR,DL,1,189.0
2017,235,7,WAS,DB,1,81.0
2017,236,7,TEN,OL,1,217.0
2017,237,7,MIA,WR,0,
2017,238,7,GNB,RB,1,134.0
2017,239,7,DAL,WR,1,133.0
2017,240,7,JAX,RB,1,4.0
2017,241,7,TEN,RB,0,
2017,242,7,OAK,RB,0,
2017,243,7,HOU,OL,1,130.0
2017,244,7,OAK,DL,1,88.0
2017,245,7,MIN,DB,0,
2017,246,7,DAL,DL,1,28.0
2017,247,7,GNB,WR,1,175.0
2017,248,7,PIT,LB,1,30.0
2017,249,7,SEA,RB,0,
2017,250,7,DET,DL,1,205.0
2017,251,7,CIN,TE,0,
2017,252,7,CLE,RB,0,
2017,253,7,DEN,QB,0,
2018,1,1,CLE,QB,0,
2018,2,1,NYG,RB,0,
2018,3,1,NYJ,QB,0,
2018,4,1,CLE,DB,0,
2018,5,1,DEN,DL,0,
2018,6,1,IND,OL,0,
2018,7,1,BUF,QB,0,
2018,8,1,CHI,LB,0,
2018,9,1,SFO,OL,0,
2018,10,1,ARI,QB,0,
2018,11,1,MIA,DB,0,
2018,12,1,TAM,DL,0,
2018,13,1,WAS,DL,0,
2018,14,1,NOR,DL,0,
2018,15,1,OAK,OL,0,
2018,16,1,BUF,LB,0,
2018,17,1,LAC,DB,0,
2018,18,1,GNB,DB,0,
2018,19,1,DAL,LB,0,
2018,20,1,DET,OL,0,
2018,21,1,CIN,OL,0,
2018,22,1,TEN,LB,0,
2018,23,1,NWE,OL,0,
2018,24,1,CAR,WR,0,
2018,25,1,BAL,TE,0,
2018,26,1,ATL,WR,0,
2018,27,1,SEA,RB,0,
2018,28,1,PIT,DB,0,
2018,29,1,JAX,DL,0,
2018,30,1,MIN,DB,0,
2018,31,1,NWE,RB,0,
2018,32,1,BAL,QB,0,
2018,33,2,CLE,OL,0,
2018,34,2,NYG,OL,0,
2018,35,2,CLE,RB,0,
2018,36,2,IND,LB,0,
2018,37,2,IND,OL,1,6.0
2018,38,2,TAM,RB,0,
2018,39,2,CHI,OL,0,
2018,40,2,DEN,WR,0,
2018,41,2,TEN,LB,1,22.0
2018,42,2,MIA,TE,0,
2018,43,2,DET,RB,0,
2018,44,2,SFO,WR,0,
2018,45,2,GNB,DB,1,18.0
2018,46,2,KAN,DL,0,
2018,47,2,ARI,WR,0,
2018,48,2,LAC,LB,0,
2018,49,2,PHI,TE,0,
2018,50,2,DAL,OL,0,
2018,51,2,CHI,WR,0,
2018,52,2,IND,LB,1,36.0
2018,53,2,TAM,DB,0,
2018,54,2,CIN,DB,0,
2018,55,2,CAR,DB,0,
2018,56,2,NWE,DB,0,
2018,57,2,OAK,DL,0,
2018,58,2,ATL,DB,0,
2018,59,2,WAS,RB,0,
2018,60,2,PIT,WR,0,
2018,61,2,JAX,WR,0,
2018,62,2,MIN,OL,0,
2018,63,2,TAM,DB,1,53.0
2018,64,2,IND,DL,0,
2018,65,3,OAK,OL,1,15.0
2018,66,3,NYG,DL,0,
2018,67,3,CLE,DL,0,
2018,68,3,HOU,DB,0,
2018,69,3,NYG,DL,1,66.0
2018,70,3,SFO,LB,0,
2018,71,3,DEN,RB,0,
2018,72,3,NYJ,DL,0,
2018,73,3,MIA,LB,0,
2018,74,3,WAS,OL,0,
2018,75,3,KAN,DL,1,46.0
2018,76,3,PIT,QB,0,
2018,77,3,CIN,DL,0,
2018,78,3,CIN,LB,0,
2018,79,3,SEA,DL,0,
2018,80,3,HOU,OL,0,
2018,81,3,DAL,WR,0,
2018,82,3,DET,DB,0,
2018,83,3,BAL,OL,0,
2018,84,3,LAC,DL,0,
2018,85,3,CAR,DB,1,55.0
2018,86,3,BAL,TE,1,25.0
2018,87,3,OAK,DL,1,57.0
2018,88,3,GNB,LB,0,
2018,89,3,LAR,OL,0,
2018,90,3,ATL,DL,0,
2018,91,3,NOR,WR,0,
2018,92,3,PIT,OL,0,
2018,93,3,JAX,DB,0,
2018,94,3,TAM,OL,0,
2018,95,3,SFO,DB,0,
2018,96,3,BUF,DL,0,
2018,97,3,ARI,OL,0,
2018,98,3,HOU,TE,0,
2018,99,3,DEN,DB,0,
2018,100,3,KAN,LB,0,
2018,101,4,CAR,TE,0,
2018,102,4,MIN,DL,0,
2018,103,4,HOU,WR,0,
2018,104,4,IND,RB,0,
2018,105,4,CLE,WR,0,
2018,106,4,DEN,LB,0,
2018,107,4,NYJ,TE,0,
2018,108,4,NYG,QB,0,
2018,109,4,WAS,DB,0,
2018,110,4,OAK,DB,0,
2018,111,4,LAR,OL,1,89.0
2018,112,4,CIN,RB,0,
2018,113,4,DEN,WR,1,40.0
2018,114,4,DET,DL,0,
2018,115,4,CHI,LB,1,8.0
2018,116,4,DAL,DL,0,
2018,117,4,TAM,DB,1,53.0
2018,118,4,BAL,DB,0,
2018,119,4,LAC,DB,1,17.0
2018,120,4,SEA,TE,0,
2018,121,4,BUF,DB,0,
2018,122,4,BAL,LB,0,
2018,123,4,MIA,TE,1,42.0
2018,124,4,KAN,DB,0,
2018,125,4,PHI,DB,0,
2018,126,4,ATL,RB,0,
2018,127,4,NOR,OL,0,
2018,128,4,SFO,DL,0,
2018,129,4,JAX,OL,0,
2018,130,4,PHI,DL,0,
2018,131,4,MIA,RB,0,
2018,132,4,BAL,WR,0,
2018,133,4,GNB,WR,0,
2018,134,4,ARI,RB,0,
2018,135,4,LAR,DL,0,
2018,136,4,CAR,LB,0,
2018,137,4,DAL,TE,0,
2018,138,5,GNB,OL,0,
2018,139,5,NYG,DL,1,66.0
2018,140,5,OAK,DL,1,57.0
2018,141,5,SEA,LB,0,
2018,142,5,SFO,DB,1,95.0
2018,143,5,NWE,LB,0,
2018,144,5,TAM,WR,0,
2018,145,5,CHI,DL,0,
2018,146,5,SEA,DB,0,
2018,147,5,LAR,LB,0,
2018,148,5,PIT,DB,1,28.0
2018,149,5,SEA,ST,0,
2018,150,5,CLE,LB,0,
2018,151,5,CIN,DB,1,54.0
2018,152,5,TEN,DB,0,
2018,153,5,DET,OL,1,20.0
2018,154,5,BUF,DB,1,121.0
2018,155,5,LAC,OL,0,
2018,156,5,DEN,TE,0,
2018,157,5,MIN,TE,0,
2018,158,5,CIN,DL,1,77.0
2018,159,5,IND,WR,0,
2018,160,5,LAR,DL,1,135.0
2018,161,5,CAR,LB,1,136.0
2018,162,5,BAL,WR,1,132.0
2018,163,5,WAS,DL,1,13.0
2018,164,5,NOR,DB,0,
2018,165,5,PIT,TE,0,
2018,166,5,BUF,OL,0,
2018,167,5,MIN,ST,0,
2018,168,5,SEA,OL,0,
2018,169,5,IND,RB,1,104.0
2018,170,5,CIN,DB,1,54.0
2018,171,5,DAL,QB,0,
2018,172,5,GNB,ST,0,
2018,173,5,OAK,ST,0,
2018,174,5,GNB,WR,1,133.0
2018,175,6,CLE,WR,1,105.0
2018,176,6,LAR,RB,0,
2018,177,6,HOU,DL,0,
2018,178,6,NWE,LB,1,143.0
2018,179,6,NYJ,DB,0,
2018,180,6,NYJ,DL,1,72.0
2018,181,6,CHI,DL,1,145.0
2018,182,6,ARI,DB,0,
2018,183,6,DEN,OL,0,
2018,184,6,SFO,DB,1,95.0
2018,185,6,IND,WR,1,159.0
2018,186,6,SEA,LB,1,141.0
2018,187,6,BUF,WR,0,
2018,188,6,CLE,DB,1,4.0
2018,189,6,NOR,DB,1,164.0
2018,190,6,BAL,DB,1,118.0
2018,191,6,LAC,WR,0,
2018,192,6,LAR,OL,1,89.0
2018,193,6,DAL,LB,1,19.0
2018,194,6,ATL,WR,1,26.0
2018,195,6,LAR,DL,1,135.0
2018,196,6,KAN,WR,0,
2018,197,6,WAS,LB,0,
2018,198,6,KAN,DL,1,46.0
2018,199,6,TEN,QB,0,
2018,200,6,ATL,DB,1,58.0
2018,201,6,NOR,RB,0,
2018,202,6,TAM,LB,0,
2018,203,6,JAX,QB,0,
2018,204,6,NYJ,RB,0,
2018,205,6,LAR,DL,1,135.0
2018,206,6,PHI,OL,0,
2018,207,6,GNB,WR,1,133.0
2018,208,6,DAL,WR,1,81.0
2018,209,6,MIA,DB,1,11.0
2018,210,6,NWE,WR,0,
2018,211,6,HOU,TE,1,98.0
2018,212,6,BAL,OL,1,83.0
2018,213,6,MIN,OL,1,62.0
2018,214,6,HOU,LB,0,
2018,215,6,BAL,OL,1,83.0
2018,216,6,OAK,LB,0,
2018,217,6,DEN,LB,1,106.0
2018,218,6,MIN,DL,1,102.0
2018,219,7,NWE,QB,0,
2018,220,7,SEA,QB,0,
2018,221,7,IND,LB,1,36.0
2018,222,7,HOU,DB,1,68.0
2018,223,7,SFO,DL,1,128.0
2018,224,7,CHI,WR,1,51.0
2018,225,7,MIN,LB,0,
2018,226,7,DEN,RB,1,71.0
2018,227,7,MIA,LB,1,73.0
2018,228,7,OAK,WR,0,
2018,229,7,MIA,ST,0,
2018,230,7,JAX,LB,0,
2018,231,7,LAR,LB,1,147.0
2018,232,7,GNB,DL,0,
2018,233,7,PHI,OL,1,206.0
2018,234,7,CAR,LB,1,136.0
2018,235,7,IND,LB,1,36.0
2018,236,7,DAL,RB,0,
2018,237,7,DET,RB,1,43.0
2018,238,7,BAL,DL,0,
2018,239,7,GNB,ST,1,172.0
2018,240,7,SFO,WR,1,44.0
2018,241,7,WAS,DB,1,109.0
2018,242,7,CAR,DL,0,
2018,243,7,NWE,DB,1,56.0
2018,244,7,LAR,DL,1,135.0
2018,245,7,NOR,OL,1,127.0
2018,246,7,PIT,DL,0,
2018,247,7,JAX,ST,0,
2018,248,7,GNB,LB,1,88.0
2018,249,7,CIN,QB,0,
2018,250,7,NWE,TE,0,
2018,251,7,LAC,RB,0,
2018,252,7,CIN,OL,1,21.0
2018,253,7,CIN,WR,0,
2018,254,7,ARI,OL,1,97.0
2018,255,7,BUF,WR,1,187.0
2018,256,7,WAS,WR,0,
2019,1,1,ARI,QB,0,
2019,2,1,SFO,DL,0,
2019,3,1,NYJ,DL,0,
2019,4,1,OAK,DL,0,
2019,5,1,TAM,LB,0,
2019,6,1,NYG,QB,0,
2019,7,1,JAX,LB,0,
2019,8,1,DET,TE,0,
2019,9,1,BUF,DL,0,
2019,10,1,PIT,LB,0,
2019,11,1,CIN,OL,0,
2019,12,1,GNB,LB,0,
2019,13,1,MIA,DL,0,
2019,14,1,ATL,OL,0,
2019,15,1,WAS,QB,0,
2019,16,1,CAR,DL,0,
2019,17,1,NYG,DL,0,
2019,18,1,MIN,OL,0,
2019,19,1,TEN,DL,0,
2019,20,1,DEN,TE,0,
2019,21,1,GNB,DB,0,
2019,22,1,PHI,OL,0,
2019,23,1,HOU,OL,0,
2019,24,1,OAK,RB,0,
2019,25,1,BAL,WR,0,
2019,26,1,WAS,DL,0,
2019,27,1,OAK,DB,0,
2019,28,1,LAC,DL,0,
2019,29,1,SEA,DL,0,
2019,30,1,NYG,DB,0,
2019,31,1,ATL,OL,1,14.0
2019,32,1,NWE,WR,0,
2019,33,2,ARI,DB,0,
2019,34,2,IND,DB,0,
2019,35,2,JAX,OL,0,
2019,36,2,SFO,WR,0,
2019,37,2,CAR,OL,0,
2019,38,2,BUF,OL,0,
2019,39,2,TAM,DB,0,
2019,40,2,OAK,DB,1,27.0
2019,41,2,DEN,OL,0,
2019,42,2,DEN,QB,0,
2019,43,2,DET,LB,0,
2019,44,2,GNB,OL,0,
2019,45,2,NWE,DB,0,
2019,46,2,CLE,DB,0,
2019,47,2,SEA,DB,0,
2019,48,2,NOR,OL,0,
2019,49,2,IND,LB,0,
2019,50,2,MIN,TE,0,
2019,51,2,TEN,WR,0,
2019,52,2,CIN,TE,0,
2019,53,2,PHI,RB,0,
2019,54,2,HOU,DB,0,
2019,55,2,HOU,OL,1,23.0
2019,56,2,KAN,WR,0,
2019,57,2,PHI,WR,0,
2019,58,2,DAL,DL,0,
2019,59,2,IND,WR,0,
2019,60,2,LAC,DB,0,
2019,61,2,LAR,DB,0,
2019,62,2,ARI,WR,0,
2019,63,2,KAN,DB,0,
2019,64,2,SEA,WR,0,
2019,65,3,ARI,DL,0,
2019,66,3,PIT,WR,0,
2019,67,3,SFO,WR,1,36.0
2019,68,3,NYJ,LB,0,
2019,69,3,JAX,TE,0,
2019,70,3,LAR,RB,0,
2019,71,3,DEN,DL,0,
2019,72,3,CIN,LB,0,
2019,73,3,CHI,RB,0,
2019,74,3,BUF,RB,0,
2019,75,3,GNB,TE,0,
2019,76,3,WAS,WR,0,
2019,77,3,NWE,DL,0,
2019,78,3,MIA,OL,0,
2019,79,3,LAR,DB,1,61.0
2019,80,3,CLE,LB,0,
2019,81,3,DET,DB,0,
2019,82,3,TEN,OL,0,
2019,83,3,PIT,DB,0,
2019,84,3,KAN,DL,0,
2019,85,3,BAL,DL,0,
2019,86,3,HOU,TE,0,
2019,87,3,NWE,RB,0,
2019,88,3,SEA,LB,0,
2019,89,3,IND,LB,1,49.0
2019,90,3,DAL,OL,0,
2019,91,3,LAC,OL,0,
2019,92,3,NYJ,OL,0,
2019,93,3,BAL,WR,1,25.0
2019,94,3,TAM,DB,1,39.0
2019,95,3,NYG,DL,1,17.0
2019,96,3,BUF,TE,0,
2019,97,3,LAR,OL,0,
2019,98,3,JAX,DB,0,
2019,99,3,TAM,DB,1,39.0
2019,100,3,CAR,QB,0,
2019,101,3,NWE,OL,0,
2019,102,3,MIN,RB,0,
2019,103,4,ARI,WR,1,62.0
2019,104,4,CIN,QB,0,
2019,105,4,NOR,DB,0,
2019,106,4,OAK,DL,1,4.0
2019,107,4,TAM,DL,0,
2019,108,4,NYG,DB,1,30.0
2019,109,4,IND,DB,1,34.0
2019,110,4,SFO,ST,0,
2019,111,4,ATL,DB,0,
2019,112,4,WAS,RB,0,
2019,113,4,BAL,RB,0,
2019,114,4,MIN,OL,1,18.0
2019,115,4,CAR,LB,0,
2019,116,4,TEN,DB,0,
2019,117,4,DET,DL,0,
2019,118,4,NWE,OL,1,101.0
2019,119,4,CLE,DB,1,46.0
2019,120,4,SEA,WR,1,64.0
2019,121,4,NYJ,TE,0,
2019,122,4,PIT,RB,0,
2019,123,4,BAL,OL,0,
2019,124,4,SEA,OL,0,
2019,125,4,CIN,DL,0,
2019,126,4,CHI,WR,0,
2019,127,4,BAL,DB,0,
2019,128,4,DAL,RB,0,
2019,129,4,OAK,DB,1,27.0
2019,130,4,LAC,LB,0,
2019,131,4,WAS,OL,0,
2019,132,4,SEA,DB,1,47.0
2019,133,4,NWE,QB,0,
2019,134,4,LAR,DL,0,
2019,135,4,ATL,DL,0,
2019,136,4,CIN,OL,1,11.0
2019,137,4,OAK,TE,0,
2019,138,4,PHI,DL,0,
2019,139,5,ARI,DB,1,33.0
2019,140,5,JAX,RB,0,
2019,141,5,PIT,TE,0,
2019,142,5,SEA,LB,1,88.0
2019,143,5,NYG,LB,0,
2019,144,5,IND,DB,1,34.0
2019,145,5,TAM,ST,0,
2019,146,5,DET,DB,1,81.0
2019,147,5,BUF,LB,0,
2019,148,5,SFO,LB,0,
2019,149,5,OAK,WR,0,
2019,150,5,GNB,DL,0,
2019,151,5,MIA,LB,0,
2019,152,5,ATL,RB,0,
2019,153,5,WAS,OL,1,131.0
2019,154,5,CAR,RB,0,
2019,155,5,CLE,LB,1,80.0
2019,156,5,DEN,LB,0,
2019,157,5,NYJ,LB,1,68.0
2019,158,5,DAL,DB,0,
2019,159,5,NWE,DL,1,77.0
2019,160,5,BAL,DL,1,85.0
2019,161,5,HOU,DL,0,
2019,162,5,MIN,LB,0,
2019,163,5,NWE,ST,0,
2019,164,5,IND,LB,1,49.0
2019,165,5,DAL,DL,1,58.0
2019,166,5,LAC,QB,0,
2019,167,5,PHI,QB,0,
2019,168,5,TEN,LB,0,
2019,169,5,LAR,OL,1,97.0
2019,170,5,CLE,ST,0,
2019,171,5,NYG,WR,0,
2019,172,5,ATL,DB,1,111.0
2019,173,5,WAS,LB,0,
2019,174,6,ARI,WR,1,62.0
2019,175,6,PIT,DL,0,
2019,176,6,SFO,TE,0,
2019,177,6,NOR,DB,1,105.0
2019,178,6,JAX,QB,0,
2019,179,6,ARI,OL,0,
2019,180,6,NYG,DB,1,30.0
2019,181,6,BUF,DB,0,
2019,182,6,CIN,RB,0,
2019,183,6,SFO,OL,0,
2019,184,6,DET,WR,0,
2019,185,6,GNB,DB,1,21.0
2019,186,6,DET,RB,0,
2019,187,6,DEN,WR,0,
2019,188,6,TEN,LB,1,168.0
2019,189,6,CLE,OL,0,
2019,190,6,MIN,DL,0,
2019,191,6,MIN,DB,0,
2019,192,6,PIT,DL,1,175.0
2019,193,6,MIN,OL,1,18.0
2019,194,6,GNB,RB,0,
2019,195,6,HOU,DB,1,54.0
2019,196,6,NYJ,DB,0,
2019,197,6,BAL,QB,0,
2019,198,6,SFO,DB,0,
2019,199,6,IND,DL,0,
2019,200,6,LAC,LB,1,130.0
2019,201,6,KAN,DB,1,63.0
2019,202,6,MIA,OL,1,78.0
2019,203,6,ATL,WR,0,
2019,204,6,SEA,RB,0,
2019,205,6,CHI,DB,0,
2019,206,6,WAS,WR,1,76.0
2019,207,6,PIT,LB,1,10.0
2019,208,6,TAM,WR,0,
2019,209,6,SEA,DL,1,29.0
2019,210,6,CIN,LB,1,72.0
2019,211,6,CIN,RB,1,182.0
2019,212,6,CAR,OL,1,37.0
2019,213,6,DAL,DB,1,158.0
2019,214,6,KAN,RB,0,
2019,215,7,TAM,DL,1,107.0
2019,216,7,KAN,OL,0,
2019,217,7,MIN,DB,1,191.0
2019,218,7,DAL,RB,1,128.0
2019,219,7,PIT,OL,0,
2019,220,7,HOU,RB,0,
2019,221,7,CLE,DB,1,46.0
2019,222,7,CHI,RB,1,73.0
2019,223,7,CIN,DB,0,
2019,224,7,DET,TE,1,8.0
2019,225,7,BUF,DL,1,9.0
2019,226,7,GNB,LB,1,12.0
2019,227,7,WAS,DB,0,
2019,228,7,BUF,TE,1,96.0
2019,229,7,DET,DL,1,117.0
2019,230,7,OAK,DL,1,4.0
2019,231,7,NOR,TE,0,
2019,232,7,NYG,OL,0,
2019,233,7,MIA,RB,0,
2019,234,7,MIA,RB,1,233.0
2019,235,7,JAX,DL,0,
2019,236,7,SEA,WR,1,64.0
2019,237,7,CAR,WR,0,
2019,238,7,CHI,DB,1,205.0
2019,239,7,MIN,WR,0,
2019,240,7,IND,OL,0,
2019,241,7,DAL,DL,1,58.0
2019,242,7,LAC,DL,1,28.0
2019,243,7,LAR,DB,1,61.0
2019,244,7,NOR,LB,0,
2019,245,7,NYG,DL,1,17.0
2019,246,7,IND,OL,1,240.0
2019,247,7,MIN,WR,1,239.0
2019,248,7,ARI,OL,1,179.0
2019,249,7,ARI,DL,1,65.0
2019,250,7,MIN,ST,0,
2019,251,7,LAR,LB,0,
2019,252,7,NWE,DB,1,45.0
2019,253,7,WAS,DL,1,26.0
2019,254,7,ARI,TE,0,
2020,1,1,CIN,QB,0,
2020,2,1,WAS,DL,0,
2020,3,1,DET,DB,0,
2020,4,1,NYG,OL,0,
2020,5,1,MIA,QB,0,
2020,6,1,LAC,QB,0,
2020,7,1,CAR,DL,0,
2020,8,1,ARI,LB,0,
2020,9,1,JAX,DB,0,
2020,10,1,CLE,OL,0,
2020,11,1,NYJ,OL,0,
2020,12,1,LVR,WR,0,
2020,13,1,TAM,OL,0,
2020,14,1,SFO,DL,0,
2020,15,1,DEN,WR,0,
2020,16,1,ATL,DB,0,
2020,17,1,DAL,WR,0,
2020,18,1,MIA,OL,0,
2020,19,1,LVR,DB,0,
2020,20,1,JAX,DL,0,
2020,21,1,PHI,WR,0,
2020,22,1,MIN,WR,0,
2020,23,1,LAC,LB,0,
2020,24,1,NOR,OL,0,
2020,25,1,SFO,WR,0,
2020,26,1,GNB,QB,0,
2020,27,1,SEA,LB,0,
2020,28,1,BAL,LB,0,
2020,29,1,TEN,OL,0,
2020,30,1,MIA,DB,0,
2020,31,1,MIN,DB,0,
2020,32,1,KAN,RB,0,
2020,33,2,CIN,WR,0,
2020,34,2,IND,WR,0,
2020,35,2,DET,RB,0,
2020,36,2,NYG,DB,0,
2020,37,2,NWE,DB,0,
2020,38,2,CAR,DL,1,7.0
2020,39,2,MIA,OL,1,18.0
2020,40,2,HOU,DL,0,
2020,41,2,IND,RB,0,
2020,42,2,JAX,WR,0,
2020,43,2,CHI,TE,0,
2020,44,2,CLE,DB,0,
2020,45,2,TAM,DB,0,
2020,46,2,DEN,WR,1,15.0
2020,47,2,ATL,DL,0,
2020,48,2,SEA,DL,0,
2020,49,2,PIT,WR,0,
2020,50,2,CHI,DB,0,
2020,51,2,DAL,DB,0,
2020,52,2,LAR,RB,0,
2020,53,2,PHI,QB,0,
2020,54,2,BUF,DL,0,
2020,55,2,BAL,RB,0,
2020,56,2,MIA,DL,0,
2020,57,2,LAR,WR,0,
2020,58,2,MIN,OL,0,
2020,59,2,NYJ,WR,0,
2020,60,2,NWE,LB,0,
2020,61,2,TEN,DB,0,
2020,62,2,GNB,RB,0,
2020,63,2,KAN,LB,0,
2020,64,2,CAR,DB,0,
2020,65,3,CIN,LB,0,
2020,66,3,WAS,RB,0,
2020,67,3,DET,DL,0,
2020,68,3,NYJ,DB,0,
2020,69,3,SEA,OL,0,
2020,70,3,MIA,DB,1,30.0
2020,71,3,BAL,DL,0,
2020,72,3,ARI,OL,0,
2020,73,3,JAX,DL,1,20.0
2020,74,3,NOR,LB,0,
2020,75,3,DET,OL,0,
2020,76,3,TAM,RB,0,
2020,77,3,DEN,DB,0,
2020,78,3,ATL,OL,0,
2020,79,3,NYJ,DL,0,
2020,80,3,LVR,WR,1,12.0
2020,81,3,LVR,WR,1,12.0
2020,82,3,DAL,DL,0,
2020,83,3,DEN,OL,0,
2020,84,3,LAR,LB,0,
2020,85,3,IND,DB,0,
2020,86,3,BUF,RB,0,
2020,87,3,NWE,LB,1,60.0
2020,88,3,CLE,DL,0,
2020,89,3,MIN,DB,1,31.0
2020,90,3,HOU,DL,1,40.0
2020,91,3,NWE,TE,0,
2020,92,3,BAL,WR,0,
2020,93,3,TEN,RB,0,
2020,94,3,GNB,TE,0,
2020,95,3,DEN,DL,0,
2020,96,3,KAN,OL,0,
2020,97,3,CLE,LB,0,
2020,98,3,BAL,LB,1,28.0
2020,99,3,NYG,OL,1,4.0
2020,100,3,LVR,DB,1,19.0
2020,101,3,NWE,TE,1,91.0
2020,102,3,PIT,LB,0,
2020,103,3,PHI,LB,0,
2020,104,3,LAR,DB,0,
2020,105,3,NOR,TE,0,
2020,106,3,BAL,OL,0,
2020,107,4,CIN,LB,1,65.0
2020,108,4,WAS,OL,0,
2020,109,4,LVR,OL,0,
2020,110,4,NYG,DB,1,36.0
2020,111,4,MIA,OL,1,18.0
2020,112,4,LAC,RB,0,
2020,113,4,CAR,DB,1,64.0
2020,114,4,ARI,DL,0,
2020,115,4,CLE,TE,0,
2020,116,4,JAX,OL,0,
2020,117,4,MIN,DL,0,
2020,118,4,DEN,TE,0,
2020,119,4,ATL,LB,0,
2020,120,4,NYJ,RB,0,
2020,121,4,DET,OL,1,75.0
2020,122,4,IND,QB,0,
2020,123,4,DAL,DB,1,51.0
2020,124,4,PIT,RB,0,
2020,125,4,NYJ,QB,0,
2020,126,4,HOU,OL,0,
2020,127,4,PHI,DB,0,
2020,128,4,BUF,WR,0,
2020,129,4,NYJ,OL,1,11.0
2020,130,4,MIN,DL,1,117.0
2020,131,4,ARI,DL,1,114.0
2020,132,4,MIN,LB,0,
2020,133,4,SEA,TE,0,
2020,134,4,ATL,DB,1,16.0
2020,135,4,PIT,OL,0,
2020,136,4,LAR,TE,0,
2020,137,4,JAX,DB,1,9.0
2020,138,4,KAN,DB,0,
2020,139,4,LVR,DB,1,19.0
2020,140,4,JAX,LB,0,
2020,141,4,HOU,DB,0,
2020,142,4,WAS,WR,0,
2020,143,4,BAL,OL,1,106.0
2020,144,4,SEA,RB,0,
2020,145,4,PHI,OL,0,
2020,146,4,DAL,OL,0,
2020,147,5,CIN,DL,0,
2020,148,5,SEA,DL,1,48.0
2020,149,5,IND,OL,0,
2020,150,5,NYG,OL,1,4.0
2020,151,5,LAC,WR,0,
2020,152,5,CAR,DB,1,64.0
2020,153,5,SFO,OL,0,
2020,154,5,MIA,DL,1,56.0
2020,155,5,CHI,DL,0,
2020,156,5,WAS,OL,1,108.0
2020,157,5,JAX,DB,1,9.0
2020,158,5,NYJ,DB,1,68.0
2020,159,5,NWE,ST,0,
2020,160,5,CLE,OL,1,10.0
2020,161,5,TAM,WR,0,
2020,162,5,WAS,LB,0,
2020,163,5,CHI,DB,1,50.0
2020,164,5,MIA,DL,1,56.0
2020,165,5,JAX,WR,1,42.0
2020,166,5,DET,WR,0,
2020,167,5,BUF,QB,0,
2020,168,5,PHI,WR,1,21.0
2020,169,5,MIN,DB,1,31.0
2020,170,5,BAL,DL,1,71.0
2020,171,5,HOU,WR,0,
2020,172,5,DET,RB,1,35.0
2020,173,5,CHI,WR,0,
2020,174,5,TEN,DL,0,
2020,175,5,GNB,LB,0,
2020,176,5,MIN,WR,1,22.0
2020,177,5,KAN,DL,0,
2020,178,5,DEN,LB,0,
2020,179,5,DAL,DL,1,82.0
2020,180,6,CIN,OL,0,
2020,181,6,DEN,OL,1,83.0
2020,182,6,NWE,OL,0,
2020,183,6,NYG,LB,0,
2020,184,6,CAR,DL,1,7.0
2020,185,6,MIA,ST,0,
2020,186,6,LAC,DB,0,
2020,187,6,CLE,WR,0,
2020,188,6,BUF,ST,0,
2020,189,6,JAX,QB,0,
2020,190,6,SFO,TE,0,
2020,191,6,NYJ,ST,0,
2020,192,6,GNB,OL,0,
2020,193,6,IND,DL,0,
2020,194,6,TAM,DL,0,
2020,195,6,NWE,OL,1,182.0
2020,196,6,PHI,LB,1,103.0
2020,197,6,DET,DL,1,67.0
2020,198,6,PIT,DB,0,
2020,199,6,LAR,DB,1,104.0
2020,200,6,PHI,WR,1,21.0
2020,201,6,BAL,WR,1,92.0
2020,202,6,ARI,LB,1,8.0
2020,203,6,MIN,OL,1,58.0
2020,204,6,NWE,LB,1,60.0
2020,205,6,MIN,DB,1,31.0
2020,206,6,JAX,TE,0,
2020,207,6,BUF,WR,1,128.0
2020,208,6,GNB,OL,1,192.0
2020,209,6,GNB,OL,1,192.0
2020,210,6,PHI,OL,1,145.0
2020,211,6,IND,DB,1,85.0
2020,212,6,IND,WR,1,34.0
2020,213,6,IND,LB,0,
2020,214,6,SEA,WR,0,
2020,215,7,CIN,LB,1,65.0
2020,216,7,WAS,DB,0,
2020,217,7,SFO,WR,1,25.0
2020,218,7,NYG,LB,1,183.0
2020,219,7,BAL,DB,0,
2020,220,7,LAC,WR,1,151.0
2020,221,7,CAR,DB,1,64.0
2020,222,7,ARI,RB,0,
2020,223,7,JAX,DB,1,9.0
2020,224,7,TEN,QB,0,
2020,225,7,MIN,DL,1,117.0
2020,226,7,CHI,OL,0,
2020,227,7,CHI,OL,1,226.0
2020,228,7,ATL,ST,0,
2020,229,7,WAS,DL,1,2.0
2020,230,7,NWE,OL,1,182.0
2020,231,7,DAL,QB,0,
2020,232,7,PIT,DL,0,
2020,233,7,PHI,DL,0,
2020,234,7,LAR,LB,1,84.0
2020,235,7,DET,DL,1,67.0
2020,236,7,GNB,DB,0,
2020,237,7,KAN,DB,1,138.0
2020,238,7,NYG,LB,1,183.0
2020,239,7,BUF,DB,0,
2020,240,7,NOR,QB,0,
2020,241,7,TAM,LB,0,
2020,242,7,GNB,DL,0,
2020,243,7,TEN,DB,1,61.0
2020,244,7,MIN,QB,0,
2020,245,7,TAM,RB,1,76.0
2020,246,7,MIA,RB,0,
2020,247,7,NYG,DB,1,36.0
2020,248,7,LAR,ST,0,
2020,249,7,MIN,DB,1,31.0
2020,250,7,LAR,OL,0,
2020,251,7,SEA,TE,1,133.0
2020,252,7,DEN,WR,1,15.0
2020,253,7,MIN,OL,1,58.0
2020,254,7,DEN,LB,1,178.0
2020,255,7,NYG,LB,1,183.0
2021,1,1,JAX,QB,0,
2021,2,1,NYJ,QB,0,
2021,3,1,SFO,QB,0,
2021,4,1,ATL,TE,0,
2021,5,1,CIN,WR,0,
2021,6,1,MIA,WR,0,
2021,7,1,DET,OL,0,
2021,8,1,CAR,DB,0,
2021,9,1,DEN,DB,0,
2021,10,1,PHI,WR,0,
2021,11,1,CHI,QB,0,
2021,12,1,DAL,LB,0,
2021,13,1,LAC,OL,0,
2021,14,1,NYJ,OL,0,
2021,15,1,NWE,QB,0,
2021,16,1,ARI,LB,0,
2021,17,1,LVR,OL,0,
2021,18,1,MIA,DL,0,
2021,19,1,WAS,LB,0,
2021,20,1,NYG,WR,0,
2021,21,1,IND,DL,0,
2021,22,1,TEN,DB,0,
2021,23,1,MIN,OL,0,
2021,24,1,PIT,RB,0,
2021,25,1,JAX,RB,0,
2021,26,1,CLE,DB,0,
2021,27,1,BAL,WR,0,
2021,28,1,NOR,DL,0,
2021,29,1,GNB,DB,0,
2021,30,1,BUF,DL,0,
2021,31,1,BAL,DL,0,
2021,32,1,TAM,LB,0,
2021,33,2,JAX,DB,0,
2021,34,2,NYJ,WR,0,
2021,35,2,DEN,RB,0,
2021,36,2,MIA,DB,0,
2021,37,2,PHI,OL,0,
2021,38,2,NWE,DL,0,
2021,39,2,CHI,OL,0,
2021,40,2,ATL,DB,0,
2021,41,2,DET,DL,0,
2021,42,2,MIA,OL,0,
2021,43,2,LVR,DB,0,
2021,44,2,DAL,DB,0,
2021,45,2,JAX,OL,0,
2021,46,2,CIN,OL,0,
2021,47,2,LAC,DB,0,
2021,48,2,SFO,OL,0,
2021,49,2,ARI,WR,0,
2021,50,2,NYG,LB,0,
2021,51,2,WAS,OL,0,
2021,52,2,CLE,LB,0,
2021,53,2,TEN,OL,0,
2021,54,2,IND,DL,1,21.0
2021,55,2,PIT,TE,0,
2021,56,2,SEA,WR,0,
2021,57,2,LAR,WR,0,
2021,58,2,KAN,LB,0,
2021,59,2,CAR,WR,0,
2021,60,2,NOR,LB,0,
2021,61,2,BUF,DL,1,30.0
2021,62,2,GNB,OL,0,
2021,63,2,KAN,OL,0,
2021,64,2,TAM,QB,0,
2021,65,3,JAX,DB,1,33.0
2021,66,3,MIN,QB,0,
2021,67,3,HOU,QB,0,
2021,68,3,ATL,OL,0,
2021,69,3,CIN,LB,0,
2021,70,3,CAR,OL,0,
2021,71,3,NYG,DB,0,
2021,72,3,DET,DL,1,41.0
2021,73,3,PHI,DL,0,
2021,74,3,WAS,DB,0,
2021,75,3,DAL,DL,0,
2021,76,3,NOR,DB,0,
2021,77,3,LAC,WR,0,
2021,78,3,MIN,LB,0,
2021,79,3,LVR,DL,0,
2021,80,3,LVR,DB,1,43.0
2021,81,3,MIA,TE,0,
2021,82,3,WAS,WR,0,
2021,83,3,CAR,TE,0,
2021,84,3,DAL,DL,1,75.0
2021,85,3,GNB,WR,0,
2021,86,3,MIN,OL,1,23.0
2021,87,3,PIT,OL,0,
2021,88,3,SFO,RB,0,
2021,89,3,HOU,WR,0,
2021,90,3,MIN,DL,0,
2021,91,3,CLE,WR,0,
2021,92,3,TEN,LB,0,
2021,93,3,BUF,OL,0,
2021,94,3,BAL,OL,0,
2021,95,3,TAM,OL,0,
2021,96,3,NWE,DL,1,38.0
2021,97,3,LAC,TE,0,
2021,98,3,DEN,OL,0,
2021,99,3,DAL,DB,1,44.0
2021,100,3,TEN,DB,1,22.0
2021,101,3,DET,DB,0,
2021,102,3,SFO,DB,0,
2021,103,3,LAR,LB,0,
2021,104,3,BAL,DB,0,
2021,105,3,DEN,LB,0,
2021,106,4,JAX,DL,0,
2021,107,4,NYJ,RB,0,
2021,108,4,ATL,DB,1,40.0
2021,109,4,TEN,WR,0,
2021,110,4,CLE,OL,0,
2021,111,4,CIN,DL,0,
2021,112,4,DET,WR,0,
2021,113,4,DET,DL,1,41.0
2021,114,4,ATL,OL,1,68.0
2021,115,4,DAL,LB,1,12.0
2021,116,4,NYG,DL,0,
2021,117,4,LAR,DL,0,
2021,118,4,LAC,DL,0,
2021,119,4,MIN,RB,0,
2021,120,4,NWE,RB,0,
2021,121,4,JAX,LB,0,
2021,122,4,CIN,DL,1,111.0
2021,123,4,PHI,DB,0,
2021,124,4,WAS,TE,0,
2021,125,4,MIN,DB,0,
2021,126,4,CAR,RB,0,
2021,127,4,IND,TE,0,
2021,128,4,PIT,OL,1,87.0
2021,129,4,TAM,WR,0,
2021,130,4,LAR,DB,0,
2021,131,4,BAL,WR,1,27.0
2021,132,4,CLE,DL,0,
2021,133,4,NOR,QB,0,
2021,134,4,MIN,DL,1,90.0
2021,135,4,TEN,DL,0,
2021,136,4,ARI,DB,0,
2021,137,4,SEA,DB,0,
2021,138,4,DAL,OL,0,
2021,139,4,CIN,OL,1,46.0
2021,140,4,PIT,LB,0,
2021,141,4,LAR,WR,1,57.0
2021,142,4,GNB,OL,1,62.0
2021,143,4,LVR,DB,1,43.0
2021,144,4,KAN,DL,0,
2021,145,5,JAX,TE,0,
2021,146,5,NYJ,DB,0,
2021,147,5,HOU,TE,0,
2021,148,5,ATL,DL,0,
2021,149,5,CIN,ST,0,
2021,150,5,PHI,RB,0,
2021,151,5,CHI,OL,1,39.0
2021,152,5,DEN,DB,1,9.0
2021,153,5,CLE,LB,1,52.0
2021,154,5,NYJ,DB,1,146.0
2021,155,5,SFO,OL,1,48.0
2021,156,5,PIT,DL,0,
2021,157,5,MIN,WR,0,
2021,158,5,CAR,DL,0,
2021,159,5,LAC,OL,1,13.0
2021,160,5,BAL,DB,1,104.0
2021,161,5,BUF,OL,1,93.0
2021,162,5,KAN,TE,0,
2021,163,5,WAS,DB,1,74.0
2021,164,5,DEN,DB,1,9.0
2021,165,5,IND,DB,0,
2021,166,5,CAR,DB,1,8.0
2021,167,5,LVR,DB,1,43.0
2021,168,5,MIN,TE,0,
2021,169,5,CLE,DB,1,26.0
2021,170,5,HOU,LB,0,
2021,171,5,BAL,DL,1,31.0
2021,172,5,SFO,DB,1,102.0
2021,173,5,GNB,DL,0,
2021,174,5,LAR,DL,1,117.0
2021,175,5,NYJ,DB,1,146.0
2021,176,5,TAM,LB,1,32.0
2021,177,5,NWE,LB,0,
2021,178,5,GNB,DB,1,29.0
2021,179,5,DAL,WR,0,
2021,180,5,SFO,DB,1,102.0
2021,181,5,KAN,WR,0,
2021,182,5,ATL,DL,1,148.0
2021,183,5,ATL,DB,1,40.0
2021,184,5,BAL,RB,0,
2021,185,6,LAC,LB,0,
2021,186,6,NYJ,DB,1,146.0
2021,187,6,ATL,WR,0,
2021,188,6,NWE,DB,0,
2021,189,6,PHI,DL,1,73.0
2021,190,6,CIN,OL,1,46.0
2021,191,6,PHI,DL,1,73.0
2021,192,6,DAL,DL,1,75.0
2021,193,6,CAR,OL,1,70.0
2021,194,6,SFO,RB,1,88.0
2021,195,6,HOU,DL,0,
2021,196,6,NYG,RB,0,
2021,197,6,NWE,OL,0,
2021,198,6,LAC,RB,0,
2021,199,6,MIN,DL,1,90.0
2021,200,6,NYJ,DB,1,146.0
2021,201,6,NYG,DB,1,71.0
2021,202,6,CIN,RB,0,
2021,203,6,BUF,WR,0,
2021,204,6,CAR,WR,1,59.0
2021,205,6,TEN,WR,1,109.0
2021,206,6,NOR,OL,0,
2021,207,6,NYJ,DL,0,
2021,208,6,SEA,OL,0,
2021,209,6,JAX,WR,0,
2021,210,6,ARI,DL,0,
2021,211,6,CLE,RB,0,
2021,212,6,BUF,DB,0,
2021,213,6,BUF,DB,1,212.0
2021,214,6,GNB,OL,1,62.0
2021,215,6,TEN,DB,1,22.0
2021,216,6,PIT,DL,1,156.0
2021,217,6,CHI,RB,0,
2021,218,6,IND,QB,0,
2021,219,6,DEN,WR,0,
2021,220,6,GNB,LB,0,
2021,221,6,CHI,WR,0,
2021,222,6,CAR,ST,0,
2021,223,6,ARI,DB,1,136.0
2021,224,6,PHI,DB,1,123.0
2021,225,6,WAS,ST,0,
2021,226,6,KAN,OL,1,63.0
2021,227,6,DAL,DB,1,44.0
2021,228,6,CHI,DB,0,
2021,229,7,IND,WR,0,
2021,230,7,LVR,OL,1,17.0
2021,231,7,MIA,OL,1,42.0
2021,232,7,CAR,DL,1,158.0
2021,233,7,LAR,RB,0,
2021,234,7,PHI,DL,1,73.0
2021,235,7,CIN,DL,1,111.0
2021,236,7,BUF,OL,1,93.0
2021,237,7,DEN,DB,1,9.0
2021,238,7,DAL,OL,1,138.0
2021,239,7,DEN,DL,0,
2021,240,7,WAS,LB,1,19.0
2021,241,7,LAC,DB,1,47.0
2021,242,7,NWE,WR,0,
2021,243,7,ARI,DB,1,136.0
2021,244,7,MIA,RB,0,
2021,245,7,PIT,DB,0,
2021,246,7,WAS,DL,0,
2021,247,7,ARI,OL,0,
2021,248,7,IND,OL,0,
2021,249,7,LAR,WR,1,57.0
2021,250,7,CHI,DL,0,
2021,251,7,TAM,DB,0,
2021,252,7,LAR,DL,1,117.0
2021,253,7,DEN,DL,1,239.0
2021,254,7,PIT,ST,0,
2021,255,7,NOR,WR,0,
2021,256,7,GNB,RB,0,
2021,257,7,DET,RB,0,
2021,258,7,WAS,WR,1,82.0
2021,259,7,TAM,LB,1,32.0
2022,1,1,JAX,DL,0,
2022,2,1,DET,DL,0,
2022,3,1,HOU,DB,0,
2022,4,1,NYJ,DB,0,
2022,5,1,NYG,DL,0,
2022,6,1,CAR,OL,0,
2022,7,1,NYG,OL,0,
2022,8,1,ATL,WR,0,
2022,9,1,SEA,OL,0,
2022,10,1,NYJ,WR,0,
2022,11,1,NOR,WR,0,
2022,12,1,DET,WR,0,
2022,13,1,PHI,DL,0,
2022,14,1,BAL,DB,0,
2022,15,1,HOU,OL,0,
2022,16,1,WAS,WR,0,
2022,17,1,LAC,OL,0,
2022,18,1,TEN,WR,0,
2022,19,1,NOR,OL,0,
2022,20,1,PIT,QB,0,
2022,21,1,KAN,DB,0,
2022,22,1,GNB,LB,0,
2022,23,1,BUF,DB,0,
2022,24,1,DAL,OL,0,
2022,25,1,BAL,OL,0,
2022,26,1,NYJ,LB,0,
2022,27,1,JAX,LB,0,
2022,28,1,GNB,DL,0,
2022,29,1,NWE,OL,0,
2022,30,1,KAN,DL,0,
2022,31,1,CIN,DB,0,
2022,32,1,MIN,DB,0,
2022,33,2,TAM,DL,0,
2022,34,2,GNB,WR,0,
2022,35,2,TEN,DB,0,
2022,36,2,NYJ,RB,0,
2022,37,2,HOU,DB,1,3.0
2022,38,2,ATL,DL,0,
2022,39,2,CHI,DB,0,
2022,40,2,SEA,DL,0,
2022,41,2,SEA,RB,0,
2022,42,2,MIN,DB,1,32.0
2022,43,2,NYG,WR,0,
2022,44,2,HOU,WR,0,
2022,45,2,BAL,LB,0,
2022,46,2,DET,DL,1,2.0
2022,47,2,WAS,DL,0,
2022,48,2,CHI,DB,1,39.0
2022,49,2,NOR,DB,0,
2022,50,2,NWE,WR,0,
2022,51,2,PHI,OL,0,
2022,52,2,PIT,WR,0,
2022,53,2,IND,WR,0,
2022,54,2,KAN,WR,0,
2022,55,2,ARI,TE,0,
2022,56,2,DAL,DL,0,
2022,57,2,TAM,OL,0,
2022,58,2,ATL,LB,0,
2022,59,2,MIN,OL,0,
2022,60,2,CIN,DB,1,31.0
2022,61,2,SFO,LB,0,
2022,62,2,KAN,DB,1,21.0
2022,63,2,BUF,RB,0,
2022,64,2,DEN,LB,0,
2022,65,3,JAX,OL,0,
2022,66,3,MIN,LB,0,
2022,67,3,NYG,OL,1,7.0
2022,68,3,CLE,DB,0,
2022,69,3,TEN,OL,0,
2022,70,3,JAX,LB,1,27.0
2022,71,3,CHI,WR,0,
2022,72,3,SEA,OL,1,9.0
2022,73,3,IND,TE,0,
2022,74,3,ATL,QB,0,
2022,75,3,HOU,LB,0,
2022,76,3,BAL,DL,0,
2022,77,3,IND,OL,0,
2022,78,3,CLE,DL,0,
2022,79,3,LAC,DB,0,
2022,80,3,DEN,TE,0,
2022,81,3,NYG,DB,0,
2022,82,3,ATL,DL,1,38.0
2022,83,3,PHI,LB,0,
2022,84,3,PIT,DL,0,
2022,85,3,NWE,DB,0,
2022,86,3,TEN,QB,0,
2022,87,3,ARI,DL,0,
2022,88,3,DAL,WR,0,
2022,89,3,BUF,LB,0,
2022,90,3,LVR,OL,0,
2022,91,3,TAM,RB,0,
2022,92,3,GNB,OL,0,
2022,93,3,SFO,RB,0,
2022,94,3,CAR,QB,0,
2022,95,3,CIN,DL,0,
2022,96,3,IND,DB,0,
2022,97,3,DET,DB,0,
2022,98,3,WAS,RB,0,
2022,99,3,CLE,WR,0,
2022,100,3,ARI,DL,1,87.0
2022,101,3,NYJ,TE,0,
2022,102,3,MIA,LB,0,
2022,103,3,KAN,LB,0,
2022,104,3,LAR,OL,0,
2022,105,3,SFO,WR,0,
2022,106,4,TAM,TE,0,
2022,107,4,HOU,RB,0,
2022,108,4,CLE,DL,1,78.0
2022,109,4,SEA,DB,0,
2022,110,4,BAL,OL,1,25.0
2022,111,4,NYJ,OL,0,
2022,112,4,NYG,TE,0,
2022,113,4,WAS,DB,0,
2022,114,4,NYG,DB,1,81.0
2022,115,4,DEN,DB,0,
2022,116,4,DEN,DL,0,
2022,117,4,NYJ,DL,0,
2022,118,4,MIN,DB,1,32.0
2022,119,4,BAL,DB,1,14.0
2022,120,4,CAR,LB,0,
2022,121,4,NWE,DB,1,85.0
2022,122,4,LVR,RB,0,
2022,123,4,LAC,RB,0,
2022,124,4,CLE,ST,0,
2022,125,4,MIA,WR,0,
2022,126,4,LVR,DL,0,
2022,127,4,NWE,RB,0,
2022,128,4,BAL,TE,0,
2022,129,4,DAL,TE,0,
2022,130,4,BAL,ST,0,
2022,131,4,TEN,RB,0,
2022,132,4,GNB,WR,1,34.0
2022,133,4,TAM,ST,0,
2022,134,4,SFO,OL,0,
2022,135,4,KAN,DB,1,21.0
2022,136,4,CIN,OL,0,
2022,137,4,NWE,QB,0,
2022,138,4,PIT,WR,1,52.0
2022,139,4,BAL,TE,1,128.0
2022,140,4,GNB,OL,1,92.0
2022,141,4,BAL,DB,1,14.0
2022,142,4,LAR,DB,0,
2022,143,4,TEN,TE,0,
2022,144,5,WAS,QB,0,
2022,145,5,KAN,OL,0,
2022,146,5,NYG,LB,0,
2022,147,5,NYG,DL,1,5.0
2022,148,5,BUF,WR,0,
2022,149,5,WAS,TE,0,
2022,150,5,HOU,DL,0,
2022,151,5,ATL,RB,0,
2022,152,5,DEN,DB,1,115.0
2022,153,5,SEA,DB,1,109.0
2022,154,5,JAX,RB,0,
2022,155,5,DAL,OL,1,24.0
2022,156,5,CLE,RB,0,
2022,157,5,TAM,DB,0,
2022,158,5,SEA,DL,1,40.0
2022,159,5,IND,DL,0,
2022,160,5,LAC,DL,0,
2022,161,5,NOR,LB,0,
2022,162,5,DEN,WR,0,
2022,163,5,TEN,WR,1,18.0
2022,164,5,LAR,RB,0,
2022,165,5,MIN,DL,0,
2022,166,5,CIN,DB,1,31.0
2022,167,5,DAL,DB,0,
2022,168,5,CHI,OL,0,
2022,169,5,MIN,RB,0,
2022,170,5,HOU,TE,0,
2022,171,5,DEN,OL,0,
2022,172,5,SFO,DB,0,
2022,173,5,NYG,OL,1,7.0
2022,174,5,CHI,DL,0,
2022,175,5,LVR,DL,1,126.0
2022,176,5,DAL,LB,0,
2022,177,5,DET,TE,0,
2022,178,5,DAL,DL,1,56.0
2022,179,5,GNB,DL,1,28.0
2022,180,6,BUF,ST,0,
2022,181,6,PHI,DL,1,13.0
2022,182,6,NYG,LB,1,146.0
2022,183,6,NWE,RB,1,127.0
2022,184,6,MIN,OL,1,59.0
2022,185,6,BUF,DB,1,23.0
2022,186,6,CHI,OL,1,168.0
2022,187,6,SFO,OL,1,134.0
2022,188,6,DET,LB,0,
2022,189,6,CAR,DL,0,
2022,190,6,ATL,OL,0,
2022,191,6,MIN,WR,0,
2022,192,6,IND,TE,1,73.0
2022,193,6,DAL,LB,1,176.0
2022,194,6,NOR,DL,0,
2022,195,6,LAC,OL,1,17.0
2022,196,6,BAL,RB,0,
2022,197,6,JAX,DB,0,
2022,198,6,PHI,TE,0,
2022,199,6,CAR,OL,1,6.0
2022,200,6,NWE,DL,0,
2022,201,6,ARI,RB,0,
2022,202,6,CLE,WR,1,99.0
2022,203,6,CHI,RB,0,
2022,204,6,TEN,DB,1,35.0
2022,205,6,HOU,OL,1,15.0
2022,206,6,DEN,DL,1,116.0
2022,207,6,CHI,OL,1,168.0
2022,208,6,PIT,TE,0,
2022,209,6,BUF,OL,0,
2022,210,6,NWE,OL,1,29.0
2022,211,6,LAR,DB,1,142.0
2022,212,6,LAR,DB,1,142.0
2022,213,6,ATL,TE,0,
2022,214,6,LAC,DB,1,79.0
2022,215,6,ARI,OL,0,
2022,216,6,IND,DL,1,159.0
2022,217,6,DET,LB,1,188.0
2022,218,6,TAM,TE,1,106.0
2022,219,6,TEN,LB,0,
2022,220,6,SFO,DL,0,
2022,221,6,SFO,DB,1,172.0
2022,222,7,JAX,DB,1,197.0
2022,223,7,CLE,DL,1,78.0
2022,224,7,MIA,LB,1,102.0
2022,225,7,PIT,LB,0,
2022,226,7,CHI,OL,1,168.0
2022,227,7,MIN,TE,0,
2022,228,7,GNB,DB,0,
2022,229,7,SEA,WR,0,
2022,230,7,WAS,OL,0,
2022,231,7,BUF,LB,1,89.0
2022,232,7,DEN,DB,1,115.0
2022,233,7,SEA,WR,1,229.0
2022,234,7,GNB,DL,1,28.0
2022,235,7,LAR,LB,0,
2022,236,7,LAC,DB,1,79.0
2022,237,7,DET,DB,1,97.0
2022,238,7,LVR,OL,1,90.0
2022,239,7,IND,LB,0,
2022,240,7,WAS,DB,1,113.0
2022,241,7,PIT,QB,1,20.0
2022,242,7,CAR,DB,0,
2022,243,7,KAN,DB,1,21.0
2022,244,7,ARI,DB,0,
2022,245,7,NWE,OL,1,29.0
2022,246,7,CLE,OL,0,
2022,247,7,MIA,QB,0,
2022,248,7,TAM,DL,1,33.0
2022,249,7,GNB,OL,1,92.0
2022,250,7,LVR,RB,1,122.0
2022,251,7,KAN,RB,0,
2022,252,7,CIN,LB,0,
2022,253,7,LAR,DB,1,142.0
2022,254,7,CHI,DB,1,39.0
2022,255,7,CHI,ST,0,
2022,256,7,ARI,LB,0,
2022,257,7,ARI,OL,1,215.0
2022,258,7,GNB,WR,1,34.0
2022,259,7,KAN,DB,1,21.0
2022,260,7,LAC,RB,1,123.0
2022,261,7,LAR,OL,1,104.0
2022,262,7,SFO,QB,0,
2023,1,1,CAR,QB,0,
2023,2,1,HOU,QB,0,
2023,3,1,HOU,LB,0,
2023,4,1,IND,QB,0,
2023,5,1,SEA,DB,0,
2023,6,1,ARI,OL,0,
2023,7,1,LVR,LB,0,
2023,8,1,ATL,RB,0,
2023,9,1,PHI,DL,0,
2023,10,1,CHI,OL,0,
2023,11,1,TEN,OL,0,
2023,12,1,DET,RB,0,
2023,13,1,GNB,DL,0,
2023,14,1,PIT,OL,0,
2023,15,1,NYJ,DL,0,
2023,16,1,WAS,DB,0,
2023,17,1,NWE,DB,0,
2023,18,1,DET,LB,0,
2023,19,1,TAM,DL,0,
2023,20,1,SEA,WR,0,
2023,21,1,LAC,WR,0,
2023,22,1,BAL,WR,0,
2023,23,1,MIN,WR,0,
2023,24,1,NYG,DB,0,
2023,25,1,BUF,TE,0,
2023,26,1,DAL,DL,0,
2023,27,1,JAX,OL,0,
2023,28,1,CIN,DL,0,
2023,29,1,NOR,DL,0,
2023,30,1,PHI,LB,0,
2023,31,1,KAN,DL,0,
2023,32,2,PIT,DB,0,
2023,33,2,TEN,QB,0,
2023,34,2,DET,TE,0,
2023,35,2,LVR,TE,0,
2023,36,2,LAR,OL,0,
2023,37,2,SEA,DL,0,
2023,38,2,ATL,OL,0,
2023,39,2,CAR,WR,0,
2023,40,2,NOR,DL,1,29.0
2023,41,2,ARI,DL,0,
2023,42,2,GNB,TE,0,
2023,43,2,NYJ,OL,0,
2023,44,2,IND,DB,0,
2023,45,2,DET,DB,0,
2023,46,2,NWE,DL,0,
2023,47,2,WAS,DB,1,16.0
2023,48,2,TAM,OL,0,
2023,49,2,PIT,DL,0,
2023,50,2,GNB,WR,0,
2023,51,2,MIA,DB,0,
2023,52,2,SEA,RB,0,
2023,53,2,CHI,DL,0,
2023,54,2,LAC,DL,0,
2023,55,2,KAN,WR,0,
2023,56,2,CHI,DB,0,
2023,57,2,NYG,OL,0,
2023,58,2,DAL,TE,0,
2023,59,2,BUF,OL,0,
2023,60,2,CIN,DB,0,
2023,61,2,JAX,TE,0,
2023,62,2,HOU,OL,0,
2023,63,2,DEN,WR,0,
2023,64,3,CHI,DL,1,53.0
2023,65,3,PHI,OL,0,
2023,66,3,PHI,DB,0,
2023,67,3,DEN,LB,0,
2023,68,3,DET,QB,0,
2023,69,3,HOU,WR,0,
2023,70,3,LVR,DL,0,
2023,71,3,NOR,RB,0,
2023,72,3,ARI,DB,0,
2023,73,3,NYG,WR,0,
2023,74,3,CLE,WR,0,
2023,75,3,ATL,DL,0,
2023,76,3,NWE,DB,1,17.0
2023,77,3,LAR,LB,0,
2023,78,3,GNB,TE,1,42.0
2023,79,3,IND,WR,0,
2023,80,3,CAR,LB,0,
2023,81,3,TEN,RB,0,
2023,82,3,TAM,DL,1,19.0
2023,83,3,DEN,DB,0,
2023,84,3,MIA,RB,0,
2023,85,3,LAC,LB,0,
2023,86,3,BAL,LB,0,
2023,87,3,SFO,DB,0,
2023,88,3,JAX,RB,0,
2023,89,3,LAR,DL,0,
2023,90,3,DAL,LB,0,
2023,91,3,BUF,LB,0,
2023,92,3,KAN,OL,0,
2023,93,3,PIT,TE,0,
2023,94,3,ARI,WR,0,
2023,95,3,CIN,DB,1,60.0
2023,96,3,DET,DL,0,
2023,97,3,WAS,OL,0,
2023,98,3,CLE,DL,0,
2023,99,3,SFO,ST,0,
2023,100,3,LVR,WR,0,
2023,101,3,SFO,TE,0,
2023,102,3,MIN,DB,0,
2023,103,4,NOR,OL,0,
2023,104,4,LVR,DB,0,
2023,105,4,PHI,DB,1,66.0
2023,106,4,IND,OL,0,
2023,107,4,NWE,OL,0,
2023,108,4,SEA,OL,0,
2023,109,4,HOU,DL,0,
2023,110,4,IND,DL,0,
2023,111,4,CLE,OL,0,
2023,112,4,NWE,ST,0,
2023,113,4,ATL,DB,0,
2023,114,4,CAR,OL,0,
2023,115,4,CHI,RB,0,
2023,116,4,GNB,DL,1,13.0
2023,117,4,NWE,OL,1,107.0
2023,118,4,WAS,OL,1,97.0
2023,119,4,KAN,DB,0,
2023,120,4,NYJ,OL,1,43.0
2023,121,4,JAX,LB,0,
2023,122,4,ARI,OL,1,6.0
2023,123,4,SEA,DL,1,37.0
2023,124,4,BAL,DL,0,
2023,125,4,LAC,WR,1,21.0
2023,126,4,CLE,DL,1,98.0
2023,127,4,NOR,QB,0,
2023,128,4,LAR,QB,0,
2023,129,4,DAL,DL,1,26.0
2023,130,4,JAX,DL,0,
2023,131,4,CIN,WR,0,
2023,132,4,PIT,LB,0,
2023,133,4,CHI,WR,0,
2023,134,4,MIN,DB,1,102.0
2023,135,4,LVR,QB,0,
2023,136,5,JAX,LB,1,121.0
2023,137,5,WAS,DL,0,
2023,138,5,IND,DB,1,44.0
2023,139,5,ARI,QB,0,
2023,140,5,CLE,QB,0,
2023,141,5,MIN,DL,0,
2023,142,5,CLE,DB,0,
2023,143,5,NYJ,RB,0,
2023,144,5,NWE,OL,1,107.0
2023,145,5,CAR,DB,0,
2023,146,5,NOR,DB,0,
2023,147,5,TEN,TE,0,
2023,148,5,CHI,LB,0,
2023,149,5,GNB,QB,0,
2023,150,5,BUF,WR,0,
2023,151,5,SEA,DL,1,37.0
2023,152,5,DET,OL,0,
2023,153,5,TAM,LB,0,
2023,154,5,SEA,OL,1,108.0
2023,155,5,SFO,DB,1,87.0
2023,156,5,LAC,OL,0,
2023,157,5,BAL,DB,0,
2023,158,5,IND,DB,1,44.0
2023,159,5,GNB,WR,1,50.0
2023,160,5,JAX,DB,0,
2023,161,5,LAR,LB,1,77.0
2023,162,5,IND,TE,0,
2023,163,5,CIN,RB,0,
2023,164,5,MIN,QB,0,
2023,165,5,CHI,DB,1,56.0
2023,166,5,KAN,DL,1,31.0
2023,167,5,HOU,LB,1,3.0
2023,168,5,ARI,LB,0,
2023,169,5,DAL,OL,0,
2023,170,5,LVR,DB,1,104.0
2023,171,5,TAM,TE,0,
2023,172,5,NYG,RB,0,
2023,173,5,SFO,LB,0,
2023,174,5,LAR,OL,1,36.0
2023,175,5,LAR,TE,0,
2023,176,5,IND,RB,0,
2023,177,5,LAR,WR,0,
2023,178,6,DAL,DB,0,
2023,179,6,GNB,DL,1,13.0
2023,180,6,ARI,DB,1,72.0
2023,181,6,TAM,DB,0,
2023,182,6,LAR,DB,0,
2023,183,6,DEN,DB,1,83.0
2023,184,6,NYJ,LB,0,
2023,185,6,JAX,WR,0,
2023,186,6,TEN,OL,1,11.0
2023,187,6,NWE,WR,0,
2023,188,6,PHI,QB,0,
2023,189,6,LAR,DL,1,89.0
2023,190,6,CLE,OL,1,111.0
2023,191,6,TAM,WR,0,
2023,192,6,NWE,ST,1,112.0
2023,193,6,WAS,RB,0,
2023,194,6,KAN,DL,1,31.0
2023,195,6,NOR,WR,0,
2023,196,6,TAM,DL,1,19.0
2023,197,6,MIA,WR,0,
2023,198,6,SEA,DB,1,5.0
2023,199,6,BAL,OL,0,
2023,200,6,LAC,DL,1,54.0
2023,201,6,HOU,OL,1,62.0
2023,202,6,JAX,DB,1,160.0
2023,203,6,LVR,LB,1,7.0
2023,204,6,NYJ,DB,0,
2023,205,6,HOU,WR,1,69.0
2023,206,6,CIN,WR,1,131.0
2023,207,6,GNB,ST,0,
2023,208,6,JAX,DB,1,160.0
2023,209,6,NYG,DB,1,24.0
2023,210,6,NWE,WR,1,187.0
2023,211,6,IND,LB,0,
2023,212,6,DAL,RB,0,
2023,213,6,ARI,DL,1,41.0
2023,214,6,NWE,DB,1,17.0
2023,215,6,LAR,RB,0,
2023,216,6,SFO,LB,1,173.0
2023,217,6,CIN,ST,0,
2023,218,7,CHI,DL,1,53.0
2023,219,7,DET,WR,0,
2023,220,7,NYJ,TE,0,
2023,221,7,IND,DB,1,44.0
2023,222,7,MIN,RB,0,
2023,223,7,LAR,ST,0,
2023,224,7,ATL,DB,1,113.0
2023,225,7,ATL,OL,1,38.0
2023,226,7,JAX,OL,1,27.0
2023,227,7,JAX,DL,1,130.0
2023,228,7,TEN,WR,0,
2023,229,7,BAL,OL,1,199.0
2023,230,7,BUF,OL,1,59.0
2023,231,7,LVR,DL,1,70.0
2023,232,7,GNB,DB,0,
2023,233,7,WAS,DL,1,137.0
2023,234,7,LAR,DB,1,182.0
2023,235,7,GNB,RB,0,
2023,236,7,IND,OL,1,106.0
2023,237,7,SEA,RB,1,52.0
2023,238,7,MIA,OL,0,
2023,239,7,LAC,QB,0,
2023,240,7,JAX,DL,1,130.0
2023,241,7,PIT,DB,1,32.0
2023,242,7,GNB,DB,1,232.0
2023,243,7,NYG,DL,0,
2023,244,7,DAL,WR,0,
2023,245,7,NWE,DB,1,17.0
2023,246,7,CIN,DB,1,60.0
2023,247,7,SFO,TE,1,101.0
2023,248,7,HOU,DB,0,
2023,249,7,PHI,DL,1,9.0
2023,250,7,KAN,DB,1,119.0
2023,251,7,PIT,OL,1,14.0
2023,252,7,BUF,DB,0,
2023,253,7,SFO,WR,0,
2023,254,7,NYG,DB,1,24.0
2023,255,7,SFO,DB,1,87.0
2023,256,7,GNB,WR,1,50.0
2023,257,7,DEN,OL,0,
2023,258,7,CHI,DB,1,56.0
2023,259,7,LAR,DL,1,89.0
2024,1,1,CHI,QB,0,
2024,2,1,WAS,QB,0,
2024,3,1,NWE,QB,0,
2024,4,1,ARI,WR,0,
2024,5,1,LAC,OL,0,
2024,6,1,NYG,WR,0,
2024,7,1,TEN,OL,0,
2024,8,1,ATL,QB,0,
2024,9,1,CHI,WR,0,
2024,10,1,MIN,QB,0,
2024,11,1,NYJ,OL,0,
2024,12,1,DEN,QB,0,
2024,13,1,LVR,TE,0,
2024,14,1,NOR,OL,0,
2024,15,1,IND,DL,0,
2024,16,1,SEA,DL,0,
2024,17,1,MIN,LB,0,
2024,18,1,CIN,OL,0,
2024,19,1,LAR,DL,0,
2024,20,1,PIT,OL,0,
2024,21,1,MIA,DL,0,
2024,22,1,PHI,DB,0,
2024,23,1,JAX,WR,0,
2024,24,1,DET,DB,0,
2024,25,1,GNB,OL,0,
2024,26,1,TAM,OL,0,
2024,27,1,ARI,DL,0,
2024,28,1,KAN,WR,0,
2024,29,1,DAL,OL,0,
2024,30,1,BAL,DB,0,
2024,31,1,SFO,WR,0,
2024,32,1,CAR,WR,0,
2024,33,2,BUF,WR,0,
2024,34,2,LAC,WR,0,
2024,35,2,ATL,DL,0,
2024,36,2,WAS,DL,0,
2024,37,2,NWE,WR,0,
2024,38,2,TEN,DL,0,
2024,39,2,LAR,DL,1,19.0
2024,40,2,PHI,DB,1,22.0
2024,41,2,NOR,DB,0,
2024,42,2,HOU,DB,0,
2024,43,2,ARI,DB,0,
2024,44,2,LVR,OL,0,
2024,45,2,GNB,LB,0,
2024,46,2,CAR,RB,0,
2024,47,2,NYG,DB,0,
2024,48,2,JAX,DL,0,
2024,49,2,CIN,DL,0,
2024,50,2,WAS,DB,0,
2024,51,2,PIT,OL,1,20.0
2024,52,2,IND,WR,0,
2024,53,2,WAS,TE,0,
2024,54,2,CLE,DL,0,
2024,55,2,MIA,OL,0,
2024,56,2,DAL,DL,0,
2024,57,2,TAM,LB,0,
2024,58,2,GNB,DB,0,
2024,59,2,HOU,OL,0,
2024,60,2,BUF,DB,0,
2024,61,2,DET,DB,1,24.0
2024,62,2,BAL,OL,0,
2024,63,2,KAN,OL,0,
2024,64,2,SFO,DB,0,
2024,65,3,NYJ,WR,0,
2024,66,3,ARI,RB,0,
2024,67,3,WAS,OL,0,
2024,68,3,NWE,OL,0,
2024,69,3,LAC,LB,0,
2024,70,3,NYG,DB,1,47.0
2024,71,3,ARI,OL,0,
2024,72,3,CAR,LB,0,
2024,73,3,DAL,OL,1,29.0
2024,74,3,ATL,DL,1,35.0
2024,75,3,CHI,OL,0,
2024,76,3,DEN,DL,0,
2024,77,3,LVR,OL,1,44.0
2024,78,3,HOU,DB,1,42.0
2024,79,3,IND,OL,0,
2024,80,3,CIN,WR,0,
2024,81,3,SEA,OL,0,
2024,82,3,ARI,TE,0,
2024,83,3,LAR,RB,0,
2024,84,3,PIT,WR,0,
2024,85,3,CLE,OL,0,
2024,86,3,SFO,OL,0,
2024,87,3,DAL,LB,0,
2024,88,3,GNB,RB,0,
2024,89,3,TAM,DB,0,
2024,90,3,ARI,DB,1,43.0
2024,91,3,GNB,LB,1,45.0
2024,92,3,TAM,WR,0,
2024,93,3,BAL,DL,0,
2024,94,3,PHI,DL,0,
2024,95,3,BUF,DL,0,
2024,96,3,JAX,DB,0,
2024,97,3,CIN,DL,1,49.0
2024,98,3,PIT,LB,0,
2024,99,3,LAR,DB,0,
2024,100,3,WAS,WR,0,
2024,101,4,CAR,TE,0,
2024,102,4,DEN,WR,0,
2024,103,4,NWE,OL,1,68.0
2024,104,4,ARI,DB,1,43.0
2024,105,4,LAC,DL,0,
2024,106,4,TEN,LB,0,
2024,107,4,NYG,TE,0,
2024,108,4,MIN,DB,0,
2024,109,4,ATL,DL,1,35.0
2024,110,4,NWE,WR,1,37.0
2024,111,4,GNB,DB,1,58.0
2024,112,4,LVR,DB,0,
2024,113,4,BAL,WR,0,
2024,114,4,JAX,OL,0,
2024,115,4,CIN,TE,0,
2024,116,4,JAX,DL,1,48.0
2024,117,4,IND,OL,1,79.0
2024,118,4,SEA,LB,0,
2024,119,4,PIT,OL,1,20.0
2024,120,4,MIA,RB,0,
2024,121,4,SEA,TE,0,
2024,122,4,CHI,ST,0,
2024,123,4,HOU,TE,0,
2024,124,4,SFO,DB,1,64.0
2024,125,4,TAM,RB,0,
2024,126,4,DET,OL,0,
2024,127,4,PHI,RB,0,
2024,128,4,BUF,RB,0,
2024,129,4,SFO,RB,0,
2024,130,4,BAL,DB,1,30.0
2024,131,4,KAN,TE,0,
2024,132,4,DET,DB,1,24.0
2024,133,4,KAN,DB,0,
2024,134,4,NYJ,RB,0,
2024,135,4,SFO,WR,1,31.0
2024,136,5,SEA,DB,0,
2024,137,5,LAC,DB,0,
2024,138,5,ARI,DL,1,27.0
2024,139,5,WAS,LB,0,
2024,140,5,LAC,DB,1,137.0
2024,141,5,BUF,OL,0,
2024,142,5,IND,WR,1,52.0
2024,143,5,ATL,LB,0,
2024,144,5,CHI,DL,0,
2024,145,5,DEN,DB,0,
2024,146,5,TEN,DB,0,
2024,147,5,DEN,RB,0,
2024,148,5,LVR,LB,0,
2024,149,5,CIN,DB,0,
2024,150,5,NOR,QB,0,
2024,151,5,IND,DB,0,
2024,152,5,PHI,WR,0,
2024,153,5,JAX,DB,1,96.0
2024,154,5,LAR,DL,1,19.0
2024,155,5,PHI,LB,0,
2024,156,5,CLE,WR,0,
2024,157,5,CAR,DB,0,
2024,158,5,MIA,DL,1,21.0
2024,159,5,KAN,OL,1,63.0
2024,160,5,BUF,LB,0,
2024,161,5,WAS,DB,1,50.0
2024,162,5,ARI,OL,1,71.0
2024,163,5,GNB,OL,1,25.0
2024,164,5,IND,DB,1,151.0
2024,165,5,BAL,RB,0,
2024,166,5,NYG,RB,0,
2024,167,5,JAX,RB,0,
2024,168,5,BUF,DL,1,95.0
2024,169,5,GNB,DB,1,58.0
2024,170,5,NOR,WR,0,
2024,171,5,NYJ,QB,0,
2024,172,5,PHI,OL,0,
2024,173,5,NYJ,RB,1,134.0
2024,174,5,DAL,DB,0,
2024,175,5,NOR,LB,0,
2024,176,5,NYJ,DB,0,
2024,177,6,MIN,OL,0,
2024,178,6,PIT,DL,0,
2024,179,6,SEA,OL,1,81.0
2024,180,6,NWE,DB,0,
2024,181,6,LAC,RB,0,
2024,182,6,TEN,WR,0,
2024,183,6,NYG,LB,0,
2024,184,6,MIA,WR,0,
2024,185,6,PHI,WR,1,152.0
2024,186,6,ATL,RB,0,
2024,187,6,ATL,WR,0,
2024,188,6,HOU,LB,0,
2024,189,6,DET,DL,0,
2024,190,6,PHI,OL,1,172.0
2024,191,6,ARI,WR,1,4.0
2024,192,6,SEA,DB,1,136.0
2024,193,6,NWE,QB,1,3.0
2024,194,6,CIN,TE,1,115.0
2024,195,6,PIT,DB,0,
2024,196,6,LAR,DL,1,19.0
2024,197,6,ATL,DL,1,35.0
2024,198,6,MIA,DB,0,
2024,199,6,NOR,DL,0,
2024,200,6,CAR,DL,0,
2024,201,6,IND,DB,1,151.0
2024,202,6,GNB,OL,1,25.0
2024,203,6,MIN,ST,0,
2024,204,6,BUF,OL,1,141.0
2024,205,6,HOU,RB,0,
2024,206,6,CLE,LB,0,
2024,207,6,SEA,OL,1,81.0
2024,208,6,LVR,RB,0,
2024,209,6,LAR,ST,0,
2024,210,6,DET,OL,1,126.0
2024,211,6,KAN,DB,1,133.0
2024,212,6,JAX,ST,0,
2024,213,6,LAR,WR,0,
2024,214,6,CIN,DL,1,49.0
2024,215,6,SFO,OL,1,86.0
2024,216,6,DAL,WR,0,
2024,217,6,LAR,OL,0,
2024,218,6,BAL,QB,0,
2024,219,6,BUF,DB,1,60.0
2024,220,6,TAM,OL,1,26.0
2024,221,7,BUF,OL,1,141.0
2024,222,7,WAS,DL,1,36.0
2024,223,7,LVR,DB,1,112.0
2024,224,7,CIN,DB,1,149.0
2024,225,7,LAC,WR,1,34.0
2024,226,7,ARI,DB,1,43.0
2024,227,7,CLE,DB,0,
2024,228,7,BAL,OL,1,62.0
2024,229,7,LVR,DB,1,112.0
2024,230,7,MIN,OL,1,177.0
2024,231,7,NWE,TE,0,
2024,232,7,MIN,DL,0,
2024,233,7,DAL,OL,1,29.0
2024,234,7,IND,DL,1,15.0
2024,235,7,DEN,WR,1,102.0
2024,236,7,JAX,LB,0,
2024,237,7,CIN,OL,1,18.0
2024,238,7,HOU,DL,0,
2024,239,7,NOR,OL,1,14.0
2024,240,7,CAR,LB,1,72.0
2024,241,7,MIA,WR,1,184.0
2024,242,7,TEN,DB,1,146.0
2024,243,7,CLE,DL,1,54.0
2024,244,7,DAL,DL,1,56.0
2024,245,7,GNB,QB,0,
2024,246,7,TAM,TE,0,
2024,247,7,HOU,DL,1,238.0
2024,248,7,KAN,OL,1,63.0
2024,249,7,HOU,OL,1,59.0
2024,250,7,BAL,DB,1,30.0
2024,251,7,SFO,LB,0,
2024,252,7,TEN,DL,1,38.0
2024,253,7,LAC,WR,1,34.0
2024,254,7,LAR,OL,1,217.0
2024,255,7,GNB,DB,1,58.0
2024,256,7,DEN,OL,0,
2024,257,7,NYJ,DB,1,176.0
2025,1,1,TEN,QB,0,
2025,2,1,JAX,WR,0,
2025,3,1,NYG,DL,0,
2025,4,1,NWE,OL,0,
2025,5,1,CLE,DL,0,
2025,6,1,LVR,RB,0,
2025,7,1,NYJ,OL,0,
2025,8,1,CAR,WR,0,
2025,9,1,NOR,OL,0,
2025,10,1,CHI,TE,0,
2025,11,1,SFO,DL,0,
2025,12,1,DAL,OL,0,
2025,13,1,MIA,DL,0,
2025,14,1,IND,TE,0,
2025,15,1,ATL,DL,0,
2025,16,1,ARI,DL,0,
2025,17,1,CIN,DL,0,
2025,18,1,SEA,OL,0,
2025,19,1,TAM,WR,0,
2025,20,1,DEN,DB,0,
2025,21,1,PIT,DL,0,
2025,22,1,LAC,RB,0,
2025,23,1,GNB,WR,0,
2025,24,1,MIN,OL,0,
2025,25,1,NYG,QB,0,
2025,26,1,ATL,DL,1,15.0
2025,27,1,BAL,DB,0,
2025,28,1,DET,DL,0,
2025,29,1,WAS,OL,0,
2025,30,1,BUF,DB,0,
2025,31,1,PHI,LB,0,
2025,32,1,KAN,OL,0,
2025,33,2,CLE,LB,0,
2025,34,2,HOU,WR,0,
2025,35,2,SEA,DB,0,
2025,36,2,CLE,RB,0,
2025,37,2,MIA,OL,0,
2025,38,2,NWE,RB,0,
2025,39,2,CHI,WR,0,
2025,40,2,NOR,QB,0,
2025,41,2,BUF,DL,0,
2025,42,2,NYJ,TE,0,
2025,43,2,SFO,DL,1,11.0
2025,44,2,DAL,DL,0,
2025,45,2,IND,DL,0,
2025,46,2,LAR,TE,0,
2025,47,2,ARI,DB,0,
2025,48,2,HOU,OL,0,
2025,49,2,CIN,LB,0,
2025,50,2,SEA,TE,0,
2025,51,2,CAR,DL,0,
2025,52,2,TEN,DL,0,
2025,53,2,TAM,DB,0,
2025,54,2,GNB,OL,0,
2025,55,2,LAC,WR,0,
2025,56,2,CHI,OL,0,
2025,57,2,DET,OL,0,
2025,58,2,LVR,WR,0,
2025,59,2,BAL,DL,0,
2025,60,2,DEN,RB,0,
2025,61,2,WAS,DB,0,
2025,62,2,CHI,DL,0,
2025,63,2,KAN,DL,0,
2025,64,2,PHI,DB,0,
2025,65,3,NYG,DL,1,3.0
2025,66,3,KAN,DL,1,63.0
2025,67,3,CLE,TE,0,
2025,68,3,LVR,DB,0,
2025,69,3,NWE,WR,0,
2025,70,3,DET,WR,0,
2025,71,3,NOR,DL,0,
2025,72,3,BUF,DL,1,41.0
2025,73,3,NYJ,DB,0,
2025,74,3,DEN,WR,0,
2025,75,3,SFO,LB,0,
2025,76,3,DAL,DB,0,
2025,77,3,CAR,DL,1,51.0
2025,78,3,ARI,DL,1,16.0
2025,79,3,HOU,WR,1,34.0
2025,80,3,IND,DB,0,
2025,81,3,CIN,OL,0,
2025,82,3,TEN,DB,0,
2025,83,3,PIT,RB,0,
2025,84,3,TAM,DB,1,53.0
2025,85,3,KAN,DB,0,
2025,86,3,LAC,DL,0,
2025,87,3,GNB,WR,1,23.0
2025,88,3,JAX,DB,0,
2025,89,3,JAX,OL,0,
2025,90,3,LAR,DL,0,
2025,91,3,BAL,OL,0,
2025,92,3,SEA,QB,0,
2025,93,3,NOR,DB,0,
2025,94,3,CLE,QB,0,
2025,95,3,NWE,OL,1,4.0
2025,96,3,ATL,DB,0,
2025,97,3,HOU,DB,0,
2025,98,3,LVR,OL,0,
2025,99,3,LVR,OL,1,98.0
2025,100,3,SFO,DB,0,
2025,101,3,DEN,DL,0,
2025,102,3,MIN,WR,0,
2025,103,4,TEN,WR,0,
2025,104,4,JAX,RB,0,
2025,105,4,NYG,RB,0,
2025,106,4,NWE,DB,0,
2025,107,4,JAX,LB,0,
2025,108,4,LVR,WR,1,58.0
2025,109,4,BUF,DL,1,41.0
2025,110,4,NYJ,WR,0,
2025,111,4,PHI,DL,0,
2025,112,4,NOR,LB,0,
2025,113,4,SFO,DL,1,11.0
2025,114,4,CAR,RB,0,
2025,115,4,ARI,LB,0,
2025,116,4,HOU,RB,0,
2025,117,4,LAR,RB,0,
2025,118,4,ATL,DB,1,96.0
2025,119,4,CIN,LB,1,49.0
2025,120,4,TEN,TE,0,
2025,121,4,TAM,LB,0,
2025,122,4,CAR,DB,0,
2025,123,4,PIT,DL,1,21.0
2025,124,4,GNB,DL,0,
2025,125,4,LAC,DL,1,86.0
2025,126,4,CLE,RB,1,36.0
2025,127,4,IND,OL,0,
2025,128,4,WAS,WR,0,
2025,129,4,BAL,LB,0,
2025,130,4,NYJ,DB,1,73.0
2025,131,4,NOR,DB,1,93.0
2025,132,4,CHI,LB,0,
2025,133,4,KAN,WR,0,
2025,134,4,DEN,LB,0,
2025,135,4,LVR,DL,0,
2025,136,4,TEN,WR,1,103.0
2025,137,4,NWE,DL,0,
2025,138,4,SFO,WR,0,
2025,139,5,MIN,DL,0,
2025,140,5,CAR,DL,1,51.0
2025,141,5,BAL,OL,1,91.0
2025,142,5,SEA,DL,0,
2025,143,5,MIA,DL,1,13.0
2025,144,5,CLE,QB,1,94.0
2025,145,5,PHI,DB,1,64.0
2025,146,5,NWE,DL,1,137.0
2025,147,5,SFO,RB,0,
2025,148,5,LAR,DL,1,90.0
2025,149,5,DAL,RB,0,
2025,150,5,MIA,DB,0,
2025,151,5,IND,RB,0,
2025,152,5,DAL,LB,0,
2025,153,5,CIN,OL,1,81.0
2025,154,5,NYG,OL,0,
2025,155,5,MIA,DB,1,150.0
2025,156,5,KAN,LB,0,
2025,157,5,TAM,DL,0,
2025,158,5,LAC,WR,1,55.0
2025,159,5,GNB,DL,1,124.0
2025,160,5,SFO,DB,1,100.0
2025,161,5,PHI,LB,1,31.0
2025,162,5,NYJ,LB,0,
2025,163,5,CAR,TE,0,
2025,164,5,PIT,DL,1,21.0
2025,165,5,LAC,TE,0,
2025,166,5,SEA,WR,0,
2025,167,5,TEN,OL,0,
2025,168,5,PHI,OL,0,
2025,169,5,CHI,DB,0,
2025,170,5,BUF,DB,1,30.0
2025,171,5,DET,OL,1,57.0
2025,172,5,LAR,LB,0,
2025,173,5,BUF,TE,0,
2025,174,5,ARI,DB,1,47.0
2025,175,5,SEA,TE,1,50.0
2025,176,5,NYJ,DL,0,
2025,177,6,BUF,DB,1,30.0
2025,178,6,BAL,DB,1,27.0
2025,179,6,MIA,RB,0,
2025,180,6,LVR,DL,1,135.0
2025,181,6,PHI,QB,0,
2025,182,6,NWE,ST,0,
2025,183,6,TEN,DB,1,82.0
2025,184,6,NOR,RB,0,
2025,185,6,PIT,QB,0,
2025,186,6,BAL,ST,0,
2025,187,6,HOU,DB,1,97.0
2025,188,6,TEN,RB,0,
2025,189,6,IND,QB,0,
2025,190,6,IND,DL,1,45.0
2025,191,6,PHI,OL,1,168.0
2025,192,6,SEA,OL,1,18.0
2025,193,6,CIN,RB,0,
2025,194,6,JAX,DL,0,
2025,195,6,CHI,OL,1,56.0
2025,196,6,DET,DL,1,28.0
2025,197,6,HOU,QB,0,
2025,198,6,GNB,DL,1,124.0
2025,199,6,LAC,OL,0,
2025,200,6,JAX,DB,1,88.0
2025,201,6,MIN,LB,0,
2025,202,6,MIN,TE,0,
2025,203,6,BAL,WR,0,
2025,204,6,DAL,OL,1,12.0
2025,205,6,WAS,LB,0,
2025,206,6,BUF,OL,0,
2025,207,6,PHI,OL,1,168.0
2025,208,6,CAR,WR,1,8.0
2025,209,6,PHI,DL,1,111.0
2025,210,6,BAL,DL,1,59.0
2025,211,6,ARI,OL,0,
2025,212,6,BAL,DB,1,27.0
2025,213,6,LVR,QB,0,
2025,214,6,LAC,DB,0,
2025,215,6,LVR,QB,1,213.0
2025,216,6,DEN,ST,0,
2025,217,7,DAL,DL,1,44.0
2025,218,7,ATL,OL,0,
2025,219,7,NYG,TE,0,
2025,220,7,NWE,OL,1,4.0
2025,221,7,JAX,OL,1,89.0
2025,222,7,LVR,LB,0,
2025,223,7,SEA,RB,0,
2025,224,7,HOU,DL,0,
2025,225,7,ARI,DB,1,47.0
2025,226,7,PIT,LB,0,
2025,227,7,SFO,QB,0,
2025,228,7,KAN,RB,0,
2025,229,7,PIT,DB,0,
2025,230,7,DET,DB,0,
2025,231,7,MIA,QB,0,
2025,232,7,IND,DB,1,80.0
2025,233,7,CHI,RB,0,
2025,234,7,SEA,OL,1,18.0
2025,235,7,TAM,WR,1,19.0
2025,236,7,JAX,RB,1,104.0
2025,237,7,GNB,DB,0,
2025,238,7,SEA,WR,1,166.0
2025,239,7,DAL,RB,1,149.0
2025,240,7,BUF,WR,0,
2025,241,7,DEN,TE,0,
2025,242,7,LAR,WR,0,
2025,243,7,BAL,OL,1,91.0
2025,244,7,DET,WR,1,70.0
2025,245,7,WAS,RB,0,
2025,246,7,NYG,DB,0,
2025,247,7,DAL,DL,1,44.0
2025,248,7,NOR,TE,0,
2025,249,7,SFO,OL,0,
2025,250,7,GNB,OL,1,54.0
2025,251,7,NWE,ST,1,182.0
2025,252,7,SFO,WR,1,138.0
2025,253,7,MIA,DL,1,13.0
2025,254,7,NOR,DL,1,71.0
2025,255,7,HOU,TE,0,
2025,256,7,LAC,DB,1,214.0
2025,257,7,NWE,DB,1,106.0
2026,1,1,LVR,QB,0,
2026,2,1,NYG,DL,0,
2026,3,1,ARI,RB,0,
2026,4,1,TEN,WR,0,
2026,5,1,NYJ,LB,0,
2026,6,1,KAN,DB,0,
2026,7,1,WAS,LB,0,
2026,8,1,NOR,WR,0,
2026,9,1,CLE,OL,0,
2026,10,1,NYJ,OL,0,
2026,11,1,DAL,DB,0,
2026,12,1,MIA,OL,0,
2026,13,1,LAR,QB,0,
2026,14,1,BAL,OL,0,
2026,15,1,TAM,DL,0,
2026,16,1,NYG,TE,0,
2026,17,1,DET,OL,0,
2026,18,1,MIN,DL,0,
2026,19,1,CAR,OL,0,
2026,20,1,PHI,WR,0,
2026,21,1,PIT,OL,0,
2026,22,1,LAC,DL,0,
2026,23,1,DAL,DL,0,
2026,24,1,CLE,WR,0,
2026,25,1,CHI,DB,0,
2026,26,1,HOU,OL,0,
2026,27,1,MIA,DB,0,
2026,28,1,NWE,OL,0,
2026,29,1,KAN,DL,0,
2026,30,1,NYG,WR,0,
2026,31,1,TEN,DL,0,
2026,32,1,SEA,RB,0,
2026,33,2,SFO,WR,0,
2026,34,2,ARI,OL,0,
2026,35,2,BUF,DL,0,
2026,36,2,HOU,DL,0,
2026,37,2,NYJ,DB,0,
2026,38,2,LVR,DB,0,
2026,39,2,CLE,WR,1,24.0
2026,40,2,KAN,DL,1,29.0
2026,41,2,CIN,DL,0,
2026,42,2,NOR,DL,0,
2026,43,2,MIA,LB,0,
2026,44,2,DET,DL,0,
2026,45,2,BAL,DL,0,
2026,46,2,TAM,LB,0,
2026,47,2,PIT,WR,0,
2026,48,2,ATL,DB,0,
2026,49,2,CAR,DL,0,
2026,50,2,NYG,DB,0,
2026,51,2,MIN,LB,0,
2026,52,2,GNB,DB,0,
2026,53,2,IND,LB,0,
2026,54,2,PHI,TE,0,
2026,55,2,NWE,DL,0,
2026,56,2,JAX,TE,0,
2026,57,2,CHI,OL,0,
2026,58,2,CLE,DB,0,
2026,59,2,HOU,TE,0,
2026,60,2,TEN,LB,0,
2026,61,2,LAR,TE,0,
2026,62,2,BUF,DB,0,
2026,63,2,LAC,OL,0,
2026,64,2,SEA,DB,0,
2026,65,3,ARI,QB,0,
2026,66,3,DEN,DL,0,
2026,67,3,LVR,DL,0,
2026,68,3,PHI,OL,0,
2026,69,3,CHI,TE,0,
2026,70,3,SFO,DL,0,
2026,71,3,WAS,WR,0,
2026,72,3,CIN,DB,0,
2026,73,3,NOR,TE,0,
2026,74,3,NYJ,WR,0,
2026,75,3,MIA,WR,0,
2026,76,3,PIT,QB,0,
2026,77,3,GNB,DL,0,
2026,78,3,IND,DB,0,
2026,79,3,ATL,WR,0,
2026,80,3,BAL,WR,0,
2026,81,3,JAX,DL,0,
2026,82,3,MIN,DL,1,18.0
2026,83,3,CAR,WR,0,
2026,84,3,TAM,WR,0,
2026,85,3,PIT,DB,0,
2026,86,3,CLE,OL,1,9.0
2026,87,3,MIA,TE,0,
2026,88,3,JAX,OL,0,
2026,89,3,CHI,WR,0,
2026,90,3,SFO,RB,0,
2026,91,3,LVR,OL,0,
2026,92,3,DAL,DL,1,23.0
2026,93,3,LAR,OL,0,
2026,94,3,MIA,WR,1,75.0
2026,95,3,NWE,TE,0,
2026,96,3,PIT,OL,1,21.0
2026,97,3,MIN,OL,0,
2026,98,3,MIN,DB,0,
2026,99,3,SEA,DB,1,64.0
2026,100,3,JAX,DB,0,
2026,101,4,LVR,DB,1,38.0
2026,102,4,BUF,OL,0,
2026,103,4,NYG,DL,1,2.0
2026,104,4,ARI,DL,0,
2026,105,4,LAC,WR,0,
2026,106,4,HOU,OL,1,26.0
2026,107,4,SFO,DL,1,70.0
2026,108,4,DEN,RB,0,
2026,109,4,KAN,DB,1,6.0
2026,110,4,NYG,QB,0,
2026,111,4,DEN,OL,0,
2026,112,4,DAL,OL,0,
2026,113,4,IND,OL,0,
2026,114,4,DAL,DB,1,11.0
2026,115,4,BAL,WR,1,80.0
2026,116,4,TAM,DB,0,
2026,117,4,LAC,OL,1,63.0
2026,118,4,DET,LB,0,
2026,119,4,JAX,DL,1,81.0
2026,120,4,GNB,DL,1,77.0
2026,121,4,PIT,WR,1,47.0
2026,122,4,LVR,RB,0,
2026,123,4,HOU,LB,0,
2026,124,4,CHI,DB,1,25.0
2026,125,4,BUF,WR,0,
2026,126,4,BUF,LB,0,
2026,127,4,SFO,OL,0,
2026,128,4,CIN,OL,0,
2026,129,4,CAR,DB,0,
2026,130,4,MIA,DL,0,
2026,131,4,LAC,DB,0,
2026,132,4,NOR,OL,0,
2026,133,4,BAL,TE,0,
2026,134,4,ATL,LB,0,
2026,135,4,IND,LB,1,53.0
2026,136,4,NOR,WR,1,8.0
2026,137,4,DAL,DL,1,23.0
2026,138,4,MIA,LB,1,43.0
2026,139,4,SFO,DB,0,
2026,140,4,CIN,WR,0,
2026,141,5,HOU,DB,0,
2026,142,5,TEN,OL,0,
2026,143,5,ARI,WR,0,
2026,144,5,CAR,OL,1,19.0
2026,145,5,LAC,DL,1,22.0
2026,146,5,CLE,OL,1,9.0
2026,147,5,WAS,DL,0,
2026,148,5,SEA,OL,0,
2026,149,5,CLE,LB,0,
2026,150,5,LVR,DB,1,38.0
2026,151,5,CAR,DB,1,129.0
2026,152,5,DEN,TE,0,
2026,153,5,GNB,OL,0,
2026,154,5,SFO,LB,0,
2026,155,5,TAM,DL,1,15.0
2026,156,5,IND,DL,0,
2026,157,5,DET,DB,0,
2026,158,5,MIA,DB,1,27.0
2026,159,5,MIN,TE,0,
2026,160,5,TAM,OL,0,
2026,161,5,KAN,RB,0,
2026,162,5,BAL,DB,0,
2026,163,5,MIN,DB,1,98.0
2026,164,5,JAX,TE,1,56.0
2026,165,5,TEN,RB,0,
2026,166,5,CHI,LB,0,
2026,167,5,BUF,DB,1,62.0
2026,168,5,DET,WR,0,
2026,169,5,PIT,TE,0,
2026,170,5,CLE,TE,0,
2026,171,5,NWE,DB,0,
2026,172,5,NOR,DB,0,
2026,173,5,BAL,TE,1,133.0
2026,174,5,BAL,RB,0,
2026,175,5,LVR,DB,1,38.0
2026,176,5,KAN,WR,0,
2026,177,5,MIA,WR,1,75.0
2026,178,5,PHI,QB,0,
2026,179,5,SFO,OL,1,127.0
2026,180,5,MIA,TE,1,87.0
2026,181,5,BUF,DL,1,35.0
2026,182,6,CLE,QB,0,
2026,183,6,ARI,LB,0,
2026,184,6,TEN,DL,1,31.0
2026,185,6,TAM,TE,0,
2026,186,6,NYJ,DL,0,
2026,187,6,WAS,RB,0,
2026,188,6,NYG,OL,0,
2026,189,6,CIN,OL,1,128.0
2026,190,6,NOR,WR,1,8.0
2026,191,6,JAX,WR,0,
2026,192,6,NYJ,OL,1,10.0
2026,193,6,NYJ,LB,1,5.0
2026,194,6,TEN,OL,1,142.0
2026,195,6,LVR,WR,0,
2026,196,6,NWE,OL,1,28.0
2026,197,6,LAR,WR,0,
2026,198,6,MIN,RB,0,
2026,199,6,SEA,WR,0,
2026,200,6,MIA,OL,1,12.0
2026,201,6,GNB,DB,1,52.0
2026,202,6,LAC,OL,1,63.0
2026,203,6,JAX,WR,1,191.0
2026,204,6,HOU,WR,0,
2026,205,6,DET,DL,1,44.0
2026,206,6,LAC,OL,1,63.0
2026,207,6,PHI,OL,1,68.0
2026,208,6,ATL,DL,0,
2026,209,6,WAS,OL,0,
2026,210,6,PIT,DL,0,
2026,211,6,BAL,ST,0,
2026,212,6,NWE,LB,0,
2026,213,6,CHI,DL,0,
2026,214,6,IND,DL,1,156.0
2026,215,6,ATL,LB,1,134.0
2026,216,6,GNB,ST,0,
2026,217,7,ARI,OL,1,34.0
2026,218,7,DAL,WR,0,
2026,219,7,NOR,DB,1,172.0
2026,220,7,BUF,DB,1,62.0
2026,221,7,CIN,TE,0,
2026,222,7,DET,DL,1,44.0
2026,223,7,WAS,QB,0,
2026,224,7,PIT,DB,1,85.0
2026,225,7,TEN,TE,0,
2026,226,7,CIN,DL,1,41.0
2026,227,7,CAR,LB,0,
2026,228,7,NYG,DB,1,50.0
2026,229,7,LVR,DL,1,67.0
2026,230,7,PIT,RB,0,
2026,231,7,ATL,OL,0,
2026,232,7,LAR,DL,0,
2026,233,7,JAX,DL,1,81.0
2026,234,7,NWE,QB,0,
2026,235,7,MIN,OL,1,97.0
2026,236,7,SEA,DB,1,64.0
2026,237,7,IND,RB,0,
2026,238,7,MIA,DL,1,130.0
2026,239,7,BUF,ST,0,
2026,240,7,JAX,LB,0,
2026,241,7,BUF,OL,1,102.0
2026,242,7,SEA,DL,0,
2026,243,7,HOU,LB,1,123.0
2026,244,7,PHI,DB,0,
2026,245,7,NWE,RB,0,
2026,246,7,DEN,DB,0,
2026,247,7,NWE,DL,1,55.0
2026,248,7,CLE,TE,1,170.0
2026,249,7,KAN,QB,0,
2026,250,7,BAL,DL,1,45.0
2026,251,7,PHI,DL,0,
2026,252,7,PHI,DL,1,251.0
2026,253,7,BAL,OL,1,14.0
2026,254,7,IND,WR,0,
2026,255,7,SEA,DB,1,64.0
2026,256,7,DEN,TE,1,152.0
2026,257,7,DEN,LB,0,
