trade_id,season,trade_date,team,n_teams,trade_type,counterparty_teams,sent_assets,received_assets,sent_players,received_players,sent_picks,received_picks,sent_known_picks,received_known_picks,sent_conditional_picks,received_conditional_picks,sent_pick_value_points,received_pick_value_points,net_players,net_picks,net_known_picks,net_pick_value_points,earliest_pick_sent,earliest_pick_received,sent_rounds,received_rounds
701,2002,2002-03-04,HOU,2,player_only,WAS,Danny Wuerffel,Jerry DeLoach,1,1,0,0,0,0,0,0,0.0,0.0,0,0,0,0.0,,,,
701,2002,2002-03-04,WAS,2,player_only,HOU,Jerry DeLoach,Danny Wuerffel,1,1,0,0,0,0,0,0,0.0,0.0,0,0,0,0.0,,,,
702,2002,2002-03-08,MIA,2,player_for_draft_capital_or_mixed,NO,2002 R1 #25 (Charles Grant) | 2002 R4 #125 (Keyuo Craver) | 2003 R1 #18 (Calvin Pace),2002 R4 #114 (Ry McMichael) | Ricky Williams,0,1,3,1,3,1,0,0,1667.1925803973418,66.37833835646687,1,-2,-2,-1600.814242040875,18.0,114.0,1 | 4,4
702,2002,2002-03-08,NO,2,player_for_draft_capital_or_mixed,MIA,2002 R4 #114 (Ry McMichael) | Ricky Williams,2002 R1 #25 (Charles Grant) | 2002 R4 #125 (Keyuo Craver) | 2003 R1 #18 (Calvin Pace),1,0,1,3,1,3,0,0,66.37833835646687,1667.1925803973418,-1,2,2,1600.814242040875,114.0,18.0,4,1 | 4
703,2002,2002-03-11,CLE,2,player_for_draft_capital_or_mixed,MIA,conditional 2004,J.J. Johnson,0,1,1,0,0,0,1,0,0.0,0.0,1,-1,0,0.0,,,,
703,2002,2002-03-11,MIA,2,player_for_draft_capital_or_mixed,CLE,J.J. Johnson,conditional 2004,1,0,0,1,0,0,0,1,0.0,0.0,-1,1,0,0.0,,,,
704,2002,2002-03-11,GB,2,player_for_draft_capital_or_mixed,NE,2002 R4 #126 (Jarvis Green),Terry Glenn,0,1,1,0,1,0,0,0,45.75149621806973,0.0,1,-1,-1,-45.75149621806973,126.0,,4,
704,2002,2002-03-11,NE,2,player_for_draft_capital_or_mixed,GB,Terry Glenn,2002 R4 #126 (Jarvis Green),1,0,0,1,0,1,0,0,0.0,45.75149621806973,-1,1,1,45.75149621806973,,126.0,,4
705,2002,2002-03-27,KC,2,player_for_draft_capital_or_mixed,NO,2003 R3 #78 (Wade Smith),Willie Roaf,0,1,1,0,1,0,0,0,186.57029044525893,0.0,1,-1,-1,-186.57029044525893,78.0,,3,
705,2002,2002-03-27,NO,2,player_for_draft_capital_or_mixed,KC,Willie Roaf,2003 R3 #78 (Wade Smith),1,0,0,1,0,1,0,0,0.0,186.57029044525893,-1,1,1,186.57029044525893,,78.0,,3
706,2002,2002-03-28,HOU,2,player_for_draft_capital_or_mixed,STL,conditional 2003,Jacoby Shepherd,0,1,1,0,0,0,1,0,0.0,0.0,1,-1,0,0.0,,,,
706,2002,2002-03-28,STL,2,player_for_draft_capital_or_mixed,HOU,Jacoby Shepherd,conditional 2003,1,0,0,1,0,0,0,1,0.0,0.0,-1,1,0,0.0,,,,
707,2002,2002-04-09,NYJ,2,player_for_draft_capital_or_mixed,WAS,2002 R5 #160 (Robert Royal) | David Loverne,2002 R5 #154 (Jonathan Goodwin),1,0,1,1,1,1,0,0,28.0,30.345286061298786,-1,0,0,2.3452860612987863,160.0,154.0,5,5
707,2002,2002-04-09,WAS,2,player_for_draft_capital_or_mixed,NYJ,2002 R5 #154 (Jonathan Goodwin),2002 R5 #160 (Robert Royal) | David Loverne,0,1,1,1,1,1,0,0,30.345286061298786,28.0,1,0,0,-2.3452860612987863,154.0,160.0,5,5
708,2002,2002-04-15,IND,2,player_for_draft_capital_or_mixed,STL,Terrence Wilkins,2002 R6 #183 | James Lewis,1,1,0,1,0,1,0,0,0.0,17.013463039726563,0,1,1,17.013463039726563,,183.0,,6
708,2002,2002-04-15,STL,2,player_for_draft_capital_or_mixed,IND,2002 R6 #183 | James Lewis,Terrence Wilkins,1,1,1,0,1,0,0,0,17.013463039726563,0.0,0,-1,-1,-17.013463039726563,183.0,,6,
709,2002,2002-04-18,BUF,2,player_only,HOU,Jay Foreman,Charlie Rogers,1,1,0,0,0,0,0,0,0.0,0.0,0,0,0,0.0,,,,
709,2002,2002-04-18,HOU,2,player_only,BUF,Charlie Rogers,Jay Foreman,1,1,0,0,0,0,0,0,0.0,0.0,0,0,0,0.0,,,,
710,2002,2002-04-19,IND,2,player_for_draft_capital_or_mixed,SEA,2002 R5 #146 (Rocky Bernard),Brock Huard,0,1,1,0,1,0,0,0,33.78071533994218,0.0,1,-1,-1,-33.78071533994218,146.0,,5,
710,2002,2002-04-19,SEA,2,player_for_draft_capital_or_mixed,IND,Brock Huard,2002 R5 #146 (Rocky Bernard),1,0,0,1,0,1,0,0,0.0,33.78071533994218,-1,1,1,33.78071533994218,,146.0,,5
711,2002,2002-04-20,DAL,2,pick_only,KC,2002 R1 #6 (Ryan Sims),2002 R1 #8 (Roy Williams) | 2002 R3 #75 (Derek Ross) | 2003 R6 #186 (Zuriel Smith),0,0,1,3,1,3,0,0,1600.0,1617.8912024988895,0,2,2,17.89120249888947,6.0,8.0,1,1 | 3 | 6
711,2002,2002-04-20,KC,2,pick_only,DAL,2002 R1 #8 (Roy Williams) | 2002 R3 #75 (Derek Ross) | 2003 R6 #186 (Zuriel Smith),2002 R1 #6 (Ryan Sims),0,0,3,1,3,1,0,0,1617.8912024988895,1600.0,0,-2,-2,-17.89120249888947,8.0,6.0,1 | 3 | 6,1
712,2002,2002-04-20,NYG,2,pick_only,TEN,2002 R1 #15 (Albert Haynesworth) | 2002 R4 #110 (Mike Echols),2002 R1 #14 (Jeremy Shockey),0,0,2,1,2,1,0,0,1125.144996447686,1100.0,0,-1,-1,-25.144996447686026,15.0,14.0,1 | 4,1
712,2002,2002-04-20,TEN,2,pick_only,NYG,2002 R1 #14 (Jeremy Shockey),2002 R1 #15 (Albert Haynesworth) | 2002 R4 #110 (Mike Echols),0,0,1,2,1,2,0,0,1100.0,1125.144996447686,0,1,1,25.144996447686026,14.0,15.0,1,1 | 4
713,2002,2002-04-20,OAK,2,pick_only,WAS,2002 R1 #21 (Daniel Graham) | 2002 R3 #89 (Akin Ayodele),2002 R1 #18 (T.J. Duckett),0,0,2,1,2,1,0,0,939.5463969144153,900.0,0,-1,-1,-39.546396914415254,21.0,18.0,1 | 3,1
713,2002,2002-04-20,WAS,2,pick_only,OAK,2002 R1 #18 (T.J. Duckett),2002 R1 #21 (Daniel Graham) | 2002 R3 #89 (Akin Ayodele),0,0,1,2,1,2,0,0,900.0,939.5463969144153,0,1,1,39.546396914415254,18.0,21.0,1,1 | 3
714,2002,2002-04-20,ATL,2,pick_only,OAK,2002 R1 #17 (Phillip Buchanon),2002 R1 #18 (T.J. Duckett) | 2002 R5 #158 (Kurt Kittner),0,0,1,2,1,2,0,0,950.0,928.7608974027108,0,1,1,-21.23910259728916,17.0,18.0,1,1 | 5
714,2002,2002-04-20,OAK,2,pick_only,ATL,2002 R1 #18 (T.J. Duckett) | 2002 R5 #158 (Kurt Kittner),2002 R1 #17 (Phillip Buchanon),0,0,2,1,2,1,0,0,928.7608974027108,950.0,0,-1,-1,21.23910259728916,18.0,17.0,1 | 5,1
715,2002,2002-04-20,GB,2,pick_only,SEA,2002 R1 #28 (Jerramy Stevens) | 2002 R2 #60 (Anton Palepoi),2002 R1 #20 (Javon Walker) | 2002 R5 #156 (Aaron Kampman),0,0,2,2,2,2,0,0,957.7143683056299,879.5424721217594,0,0,0,-78.17189618387056,28.0,20.0,1 | 2,1 | 5
715,2002,2002-04-20,SEA,2,pick_only,GB,2002 R1 #20 (Javon Walker) | 2002 R5 #156 (Aaron Kampman),2002 R1 #28 (Jerramy Stevens) | 2002 R2 #60 (Anton Palepoi),0,0,2,2,2,2,0,0,879.5424721217594,957.7143683056299,0,0,0,78.17189618387056,20.0,28.0,1 | 5,1 | 2
716,2002,2002-04-20,NE,2,pick_only,WAS,2002 R1 #32 (Patrick Ramsey) | 2002 R3 #96 (Dorsett Davis) | 2002 R7 #234 (Greg Scott),2002 R1 #21 (Daniel Graham),0,0,3,1,3,1,0,0,708.593679109302,800.0,0,-2,-2,91.406320890698,32.0,21.0,1 | 3 | 7,1
716,2002,2002-04-20,WAS,2,pick_only,NE,2002 R1 #21 (Daniel Graham),2002 R1 #32 (Patrick Ramsey) | 2002 R3 #96 (Dorsett Davis) | 2002 R7 #234 (Greg Scott),0,0,1,3,1,3,0,0,800.0,708.593679109302,0,2,2,-91.406320890698,21.0,32.0,1,1 | 3 | 7
717,2002,2002-04-20,BAL,2,pick_only,WAS,2002 R2 #56 (Ladell Betts) | 2002 R3 #87 (Cliff Russell) | 2002 R5 #159 (Andre Lott),2002 R2 #52 (Anthony Weaver) | 2002 R3 #96 (Dorsett Davis),0,0,3,2,3,2,0,0,503.7641233628883,477.96939922005004,0,-1,-1,-25.794724142838277,56.0,52.0,2 | 3 | 5,2 | 3
717,2002,2002-04-20,WAS,2,pick_only,BAL,2002 R2 #52 (Anthony Weaver) | 2002 R3 #96 (Dorsett Davis),2002 R2 #56 (Ladell Betts) | 2002 R3 #87 (Cliff Russell) | 2002 R5 #159 (Andre Lott),0,0,2,3,2,3,0,0,477.96939922005004,503.7641233628883,0,1,1,25.794724142838277,52.0,56.0,2 | 3,2 | 3 | 5
718,2002,2002-04-20,BUF,2,pick_only,SF,2002 R3 #69 (Saleem Rasheed) | 2002 R4 #102 (Jeff Chandler),2002 R2 #61 (Ryan Denney),0,0,2,1,2,1,0,0,332.9155873130743,290.52986838788144,0,-1,-1,-42.38571892519286,69.0,61.0,3 | 4,2
718,2002,2002-04-20,SF,2,pick_only,BUF,2002 R2 #61 (Ryan Denney),2002 R3 #69 (Saleem Rasheed) | 2002 R4 #102 (Jeff Chandler),0,0,1,2,1,2,0,0,290.52986838788144,332.9155873130743,0,1,1,42.38571892519286,61.0,69.0,2,3 | 4
719,2002,2002-04-20,CHI,2,pick_only,DAL,2002 R2 #63 (Antonio Bryant) | 2002 R4 #129 (Jamar Martin),2002 R3 #72 (Roosevelt Williams) | 2002 R4 #104 (Alex Brown) | 2002 R5 #140 (Bobby Gray),0,0,2,3,2,3,0,0,319.10420174334774,345.7166602025228,0,1,1,26.61245845917506,63.0,72.0,2 | 4,3 | 4 | 5
719,2002,2002-04-20,DAL,2,pick_only,CHI,2002 R3 #72 (Roosevelt Williams) | 2002 R4 #104 (Alex Brown) | 2002 R5 #140 (Bobby Gray),2002 R2 #63 (Antonio Bryant) | 2002 R4 #129 (Jamar Martin),0,0,3,2,3,2,0,0,345.7166602025228,319.10420174334774,0,-1,-1,-26.61245845917506,72.0,63.0,3 | 4 | 5,2 | 4
720,2002,2002-04-20,CAR,2,pick_only,CIN,2002 R3 #67 (Matt Schobel),2002 R3 #73 (Will Witherspoon) | 2002 R5 #145 (Kyle Johnson),0,0,1,2,1,2,0,0,249.44014354004796,247.13459994821704,0,1,1,-2.3055435918309115,67.0,73.0,3,3 | 5
720,2002,2002-04-20,CIN,2,pick_only,CAR,2002 R3 #73 (Will Witherspoon) | 2002 R5 #145 (Kyle Johnson),2002 R3 #67 (Matt Schobel),0,0,2,1,2,1,0,0,247.13459994821704,249.44014354004796,0,-1,-1,2.3055435918309115,73.0,67.0,3 | 5,3
721,2002,2002-04-20,CLE,2,player_for_draft_capital_or_mixed,JAX,2002 R3 #79 (Rashad Bauman) | Wali Rainer,2002 R3 #76 (Melvin Fowler),1,0,1,1,1,1,0,0,181.70910201648016,196.6862945481459,-1,0,0,14.977192531665736,79.0,76.0,3,3
721,2002,2002-04-20,JAX,2,player_for_draft_capital_or_mixed,CLE,2002 R3 #76 (Melvin Fowler),2002 R3 #79 (Rashad Bauman) | Wali Rainer,0,1,1,1,1,1,0,0,196.6862945481459,181.70910201648016,1,0,0,-14.977192531665736,76.0,79.0,3,3
722,2002,2002-04-20,JAX,2,pick_only,WAS,2002 R3 #79 (Rashad Bauman),2002 R3 #89 (Akin Ayodele) | 2002 R4 #118 (Chris Luzar),0,0,1,2,1,2,0,0,181.70910201648016,198.18082383907415,0,1,1,16.47172182259399,79.0,89.0,3,3 | 4
722,2002,2002-04-20,WAS,2,pick_only,JAX,2002 R3 #89 (Akin Ayodele) | 2002 R4 #118 (Chris Luzar),2002 R3 #79 (Rashad Bauman),0,0,2,1,2,1,0,0,198.18082383907415,181.70910201648016,0,-1,-1,-16.47172182259399,89.0,79.0,3 | 4,3
723,2002,2002-04-20,BAL,2,pick_only,DEN,2002 R3 #96 (Dorsett Davis),2002 R4 #112 (Dave Zastudil) | 2002 R5 #155 (Terry Jones),0,0,1,2,1,2,0,0,116.0,100.5669628103324,0,1,1,-15.433037189667601,96.0,112.0,3,4 | 5
723,2002,2002-04-20,DEN,2,pick_only,BAL,2002 R4 #112 (Dave Zastudil) | 2002 R5 #155 (Terry Jones),2002 R3 #96 (Dorsett Davis),0,0,2,1,2,1,0,0,100.5669628103324,116.0,0,-1,-1,15.433037189667601,112.0,96.0,4 | 5,3
724,2002,2002-04-21,ATL,2,pick_only,HOU,2003 R3 #88 (Dave Ragone),2002 R4 #116 (Martin Bibla),0,0,1,1,1,1,0,0,143.2796239373333,62.38634329516793,0,0,0,-80.89328064216537,88.0,116.0,3,4
724,2002,2002-04-21,HOU,2,pick_only,ATL,2002 R4 #116 (Martin Bibla),2003 R3 #88 (Dave Ragone),0,0,1,1,1,1,0,0,62.38634329516793,143.2796239373333,0,0,0,80.89328064216537,116.0,88.0,4,3
725,2002,2002-04-21,DEN,2,pick_only,NE,2002 R4 #117 (Rohan Davey),2002 R4 #131 (Sam Brandon) | 2002 R5 #144 (Herb Haygood),0,0,1,2,1,2,0,0,60.48129865534639,76.00362960898889,0,1,1,15.522330953642495,117.0,131.0,4,4 | 5
725,2002,2002-04-21,NE,2,pick_only,DEN,2002 R4 #131 (Sam Brandon) | 2002 R5 #144 (Herb Haygood),2002 R4 #117 (Rohan Davey),0,0,2,1,2,1,0,0,76.00362960898889,60.48129865534639,0,-1,-1,-15.522330953642495,131.0,117.0,4 | 5,4
726,2002,2002-04-21,CLE,2,pick_only,OAK,2002 R5 #147 (Kenyon Coleman) | 2002 R6 #189 (Keyon Nash),2002 R4 #122 (Darnell Sanders),0,0,2,1,2,1,0,0,48.27083495378382,51.793945222315514,0,-1,-1,3.5231102685316955,147.0,122.0,5 | 6,4
726,2002,2002-04-21,OAK,2,pick_only,CLE,2002 R4 #122 (Darnell Sanders),2002 R5 #147 (Kenyon Coleman) | 2002 R6 #189 (Keyon Nash),0,0,1,2,1,2,0,0,51.793945222315514,48.27083495378382,0,1,1,-3.5231102685316955,122.0,147.0,4,5 | 6
727,2002,2002-04-21,DAL,2,player_for_draft_capital_or_mixed,NE,2002 R7 #237 | 2003 R5 #140 (Derek Pagel) | Antwoine Womack,2002 R5 #168 (Pete Hunter),1,0,2,1,2,1,0,0,38.887772639008006,23.545099627104005,-1,-1,-1,-15.342673011904001,140.0,168.0,5 | 7,5
727,2002,2002-04-21,NE,2,player_for_draft_capital_or_mixed,DAL,2002 R5 #168 (Pete Hunter),2002 R7 #237 | 2003 R5 #140 (Derek Pagel) | Antwoine Womack,0,1,1,2,1,2,0,0,23.545099627104005,38.887772639008006,1,1,1,15.342673011904001,168.0,140.0,5,5 | 7
728,2002,2002-04-22,BUF,2,player_for_draft_capital_or_mixed,NE,2003 R1 #14 (Michael Haynes),Drew Bledsoe,0,1,1,0,1,0,0,0,1100.0,0.0,1,-1,-1,-1100.0,14.0,,1,
728,2002,2002-04-22,NE,2,player_for_draft_capital_or_mixed,BUF,Drew Bledsoe,2003 R1 #14 (Michael Haynes),1,0,0,1,0,1,0,0,0.0,1100.0,-1,1,1,1100.0,,14.0,,1
729,2002,2002-04-23,NYJ,2,player_only,TB,David Leaverton,Jonathan Pittman,1,1,0,0,0,0,0,0,0.0,0.0,0,0,0,0.0,,,,
729,2002,2002-04-23,TB,2,player_only,NYJ,Jonathan Pittman,David Leaverton,1,1,0,0,0,0,0,0,0.0,0.0,0,0,0,0.0,,,,
730,2002,2002-06-13,MIA,2,player_for_draft_capital_or_mixed,SF,Cade McNown,conditional 2003,1,0,0,1,0,0,0,1,0.0,0.0,-1,1,0,0.0,,,,
730,2002,2002-06-13,SF,2,player_for_draft_capital_or_mixed,MIA,conditional 2003,Cade McNown,0,1,1,0,0,0,1,0,0.0,0.0,1,-1,0,0.0,,,,
731,2002,2002-06-20,JAX,2,player_for_draft_capital_or_mixed,SEA,conditional 2003,Ike Charlton,0,1,1,0,0,0,1,0,0.0,0.0,1,-1,0,0.0,,,,
731,2002,2002-06-20,SEA,2,player_for_draft_capital_or_mixed,JAX,Ike Charlton,conditional 2003,1,0,0,1,0,0,0,1,0.0,0.0,-1,1,0,0.0,,,,
732,2002,2002-06-27,NE,2,player_for_draft_capital_or_mixed,STL,Kole Ayi,conditional 2003,1,0,0,1,0,0,0,1,0.0,0.0,-1,1,0,0.0,,,,
732,2002,2002-06-27,STL,2,player_for_draft_capital_or_mixed,NE,conditional 2003,Kole Ayi,0,1,1,0,0,0,1,0,0.0,0.0,1,-1,0,0.0,,,,
733,2002,2002-07-19,CAR,2,player_for_draft_capital_or_mixed,MIA,Jay Williams,2003 R4 #119 (Colin Branch) | Al Wallace,1,1,0,1,0,1,0,0,0.0,56.843951720921865,0,1,1,56.843951720921865,,119.0,,4
733,2002,2002-07-19,MIA,2,player_for_draft_capital_or_mixed,CAR,2003 R4 #119 (Colin Branch) | Al Wallace,Jay Williams,1,1,1,0,1,0,0,0,56.843951720921865,0.0,0,-1,-1,-56.843951720921865,119.0,,4,
734,2002,2002-08-20,MIA,2,player_for_draft_capital_or_mixed,TB,Cornell Green,conditional 2003 R7 #247 | Casey Moore,1,1,0,1,0,1,0,1,0.0,1.4768261459394991,0,1,1,1.4768261459394991,,247.0,,7
734,2002,2002-08-20,TB,2,player_for_draft_capital_or_mixed,MIA,conditional 2003 R7 #247 | Casey Moore,Cornell Green,1,1,1,0,1,0,1,0,1.4768261459394991,0.0,0,-1,-1,-1.4768261459394991,247.0,,7,
735,2002,2002-08-20,NE,2,player_for_draft_capital_or_mixed,STL,Grant Williams,2003 R7 #225 (Todd Williams),1,0,0,1,0,1,0,0,0.0,3.830413122794295,-1,1,1,3.830413122794295,,225.0,,7
735,2002,2002-08-20,STL,2,player_for_draft_capital_or_mixed,NE,2003 R7 #225 (Todd Williams),Grant Williams,0,1,1,0,1,0,0,0,3.830413122794295,0.0,1,-1,-1,-3.830413122794295,225.0,,7,
736,2002,2002-08-23,MIA,2,player_for_draft_capital_or_mixed,WAS,2003 R7 #232 (Gibran Hamdan),Sage Rosenfels,0,1,1,0,1,0,0,0,2.82842712474619,0.0,1,-1,-1,-2.82842712474619,232.0,,7,
736,2002,2002-08-23,WAS,2,player_for_draft_capital_or_mixed,MIA,Sage Rosenfels,2003 R7 #232 (Gibran Hamdan),1,0,0,1,0,1,0,0,0.0,2.82842712474619,-1,1,1,2.82842712474619,,232.0,,7
737,2002,2002-08-23,DET,2,player_for_draft_capital_or_mixed,WAS,Brenden Stai,2003 R5 #144 (James Davis),1,0,0,1,0,1,0,0,0.0,34.698703145794944,-1,1,1,34.698703145794944,,144.0,,5
737,2002,2002-08-23,WAS,2,player_for_draft_capital_or_mixed,DET,2003 R5 #144 (James Davis),Brenden Stai,0,1,1,0,1,0,0,0,34.698703145794944,0.0,1,-1,-1,-34.698703145794944,144.0,,5,
738,2002,2002-08-31,CIN,2,player_for_draft_capital_or_mixed,NO,Curtis Keaton,2003 R4 #118 (Jeremi Johnson),1,0,0,1,0,1,0,0,0.0,58.63442692465892,-1,1,1,58.63442692465892,,118.0,,4
738,2002,2002-08-31,NO,2,player_for_draft_capital_or_mixed,CIN,2003 R4 #118 (Jeremi Johnson),Curtis Keaton,0,1,1,0,1,0,0,0,58.63442692465892,0.0,1,-1,-1,-58.63442692465892,118.0,,4,
739,2002,2002-08-31,CLE,2,player_for_draft_capital_or_mixed,SD,conditional 2003 R7 #236 | Brandon Drumm,Steve Heiden,1,1,1,0,1,0,1,0,2.378414230005442,0.0,0,-1,-1,-2.378414230005442,236.0,,7,
739,2002,2002-08-31,SD,2,player_for_draft_capital_or_mixed,CLE,Steve Heiden,conditional 2003 R7 #236 | Brandon Drumm,1,1,0,1,0,1,0,1,0.0,2.378414230005442,0,1,1,2.378414230005442,,236.0,,7
740,2002,2002-08-31,PIT,2,player_for_draft_capital_or_mixed,STL,Troy Edwards,2004 R6 #194 (Matt Kranchick),1,0,0,1,0,1,0,0,0.0,12.94564766595343,-1,1,1,12.94564766595343,,194.0,,6
740,2002,2002-08-31,STL,2,player_for_draft_capital_or_mixed,PIT,2004 R6 #194 (Matt Kranchick),Troy Edwards,0,1,1,0,1,0,0,0,12.94564766595343,0.0,1,-1,-1,-12.94564766595343,194.0,,6,
741,2002,2002-09-01,IND,2,player_for_draft_capital_or_mixed,NO,2003 R7 #239 (Tully Banta-Cain),Ricky Williams,0,1,1,0,1,0,0,0,2.0885475648548275,0.0,1,-1,-1,-2.0885475648548275,239.0,,7,
741,2002,2002-09-01,NO,2,player_for_draft_capital_or_mixed,IND,Ricky Williams,2003 R7 #239 (Tully Banta-Cain),1,0,0,1,0,1,0,0,0.0,2.0885475648548275,-1,1,1,2.0885475648548275,,239.0,,7
742,2002,2002-09-01,ATL,2,player_for_draft_capital_or_mixed,SD,2004 R7 #209 (Shane Olivea),Trevor Gaylor,0,1,1,0,1,0,0,0,7.196012136163594,0.0,1,-1,-1,-7.196012136163594,209.0,,7,
742,2002,2002-09-01,SD,2,player_for_draft_capital_or_mixed,ATL,Trevor Gaylor,2004 R7 #209 (Shane Olivea),1,0,0,1,0,1,0,0,0.0,7.196012136163594,-1,1,1,7.196012136163594,,209.0,,7
743,2002,2002-09-24,IND,2,player_for_draft_capital_or_mixed,TB,2004 R7 #228 (Casey Cramer),David Gibson,0,1,1,0,1,0,0,0,3.363585661014858,0.0,1,-1,-1,-3.363585661014858,228.0,,7,
743,2002,2002-09-24,TB,2,player_for_draft_capital_or_mixed,IND,David Gibson,2004 R7 #228 (Casey Cramer),1,0,0,1,0,1,0,0,0.0,3.363585661014858,-1,1,1,3.363585661014858,,228.0,,7
744,2002,2002-10-12,DAL,2,player_for_draft_capital_or_mixed,SD,Kelvin Garmon,conditional 2003 R7 #236 | Bron Drumm,1,1,0,1,0,1,0,1,0.0,2.378414230005442,0,1,1,2.378414230005442,,236.0,,7
744,2002,2002-10-12,SD,2,player_for_draft_capital_or_mixed,DAL,conditional 2003 R7 #236 | Bron Drumm,Kelvin Garmon,1,1,1,0,1,0,1,0,2.378414230005442,0.0,0,-1,-1,-2.378414230005442,236.0,,7,
645,2003,2003-02-28,BUF,2,player_for_draft_capital_or_mixed,CLE,conditional 2004,Mark Campbell,0,1,1,0,0,0,1,0,0.0,0.0,1,-1,0,0.0,,,,
645,2003,2003-02-28,CLE,2,player_for_draft_capital_or_mixed,BUF,Mark Campbell,conditional 2004,1,0,0,1,0,0,0,1,0.0,0.0,-1,1,0,0.0,,,,
646,2003,2003-02-28,DAL,2,player_for_draft_capital_or_mixed,GB,2004 R6 #188 (Andy Lee),Terry Glenn,0,1,1,0,1,0,0,0,15.2671082573136,0.0,1,-1,-1,-15.2671082573136,188.0,,6,
646,2003,2003-02-28,GB,2,player_for_draft_capital_or_mixed,DAL,Terry Glenn,2004 R6 #188 (Andy Lee),1,0,0,1,0,1,0,0,0.0,15.2671082573136,-1,1,1,15.2671082573136,,188.0,,6
647,2003,2003-02-28,STL,2,player_for_draft_capital_or_mixed,WAS,Trung Canidate,2003 R4 #107 (DeJuan Groce) | David Loverne,1,1,0,1,0,1,0,0,0.0,82.47177410035772,0,1,1,82.47177410035772,,107.0,,4
647,2003,2003-02-28,WAS,2,player_for_draft_capital_or_mixed,STL,2003 R4 #107 (DeJuan Groce) | David Loverne,Trung Canidate,1,1,1,0,1,0,0,0,82.47177410035772,0.0,0,-1,-1,-82.47177410035772,107.0,,4,
648,2003,2003-03-03,GB,2,player_for_draft_capital_or_mixed,PHI,2003 R2 #62 (Terrence Kiel),2003 R4 #127 (Sam Aiken) | Al Harris,0,1,1,1,1,1,0,0,283.5187461924169,44.35441733781426,1,0,0,-239.16432885460267,62.0,127.0,2,4
648,2003,2003-03-03,PHI,2,player_for_draft_capital_or_mixed,GB,2003 R4 #127 (Sam Aiken) | Al Harris,2003 R2 #62 (Terrence Kiel),1,0,1,1,1,1,0,0,44.35441733781426,283.5187461924169,-1,0,0,239.16432885460267,127.0,62.0,4,2
649,2003,2003-03-04,ATL,2,player_for_draft_capital_or_mixed,PHI,Mark Simoneau,2003 R6 #202 (Waine Bacon) | 2004 R4 #125 (Jason David),1,0,0,2,0,2,0,0,0.0,56.657278632388994,-1,2,2,56.657278632388994,,125.0,,4 | 6
649,2003,2003-03-04,PHI,2,player_for_draft_capital_or_mixed,ATL,2003 R6 #202 (Waine Bacon) | 2004 R4 #125 (Jason David),Mark Simoneau,0,1,2,0,2,0,0,0,56.657278632388994,0.0,1,-2,-2,-56.657278632388994,125.0,,4 | 6,
650,2003,2003-03-06,HOU,2,player_for_draft_capital_or_mixed,NE,2003 R5 #154 (Donnie Nickey),Greg Randall,0,1,1,0,1,0,0,0,30.345286061298786,0.0,1,-1,-1,-30.345286061298786,154.0,,5,
650,2003,2003-03-06,NE,2,player_for_draft_capital_or_mixed,HOU,Greg Randall,2003 R5 #154 (Donnie Nickey),1,0,0,1,0,1,0,0,0.0,30.345286061298786,-1,1,1,30.345286061298786,,154.0,,5
651,2003,2003-03-06,NE,2,pick_only,WAS,2003 R3 #81 (Derrick Dockery) | 2003 R5 #140 (Derek Pagel),2003 R3 #75 (Seth Wand) | 2004 R4 #104 (Isaac Sopoaga),0,0,2,2,2,2,0,0,208.97360288421243,292.46108788537816,0,0,0,83.48748500116574,81.0,75.0,3 | 5,3 | 4
651,2003,2003-03-06,WAS,2,pick_only,NE,2003 R3 #75 (Seth Wand) | 2004 R4 #104 (Isaac Sopoaga),2003 R3 #81 (Derrick Dockery) | 2003 R5 #140 (Derek Pagel),0,0,2,2,2,2,0,0,292.46108788537816,208.97360288421243,0,0,0,-83.48748500116574,75.0,81.0,3 | 4,3 | 5
652,2003,2003-03-07,ATL,2,player_for_draft_capital_or_mixed,BUF,2003 R1 #23 (Willis McGahee),Peerless Price,0,1,1,0,1,0,0,0,760.0,0.0,1,-1,-1,-760.0,23.0,,1,
652,2003,2003-03-07,BUF,2,player_for_draft_capital_or_mixed,ATL,Peerless Price,2003 R1 #23 (Willis McGahee),1,0,0,1,0,1,0,0,0.0,760.0,-1,1,1,760.0,,23.0,,1
653,2003,2003-03-13,MIN,2,player_for_draft_capital_or_mixed,NO,Todd Bouman,2003 R6 #190 (Mike Nattiel),1,0,0,1,0,1,0,0,0.0,14.619832953983792,-1,1,1,14.619832953983792,,190.0,,6
653,2003,2003-03-13,NO,2,player_for_draft_capital_or_mixed,MIN,2003 R6 #190 (Mike Nattiel),Todd Bouman,0,1,1,0,1,0,0,0,14.619832953983792,0.0,1,-1,-1,-14.619832953983792,190.0,,6,
654,2003,2003-03-25,NO,2,player_for_draft_capital_or_mixed,STL,Kyle Turley,2004 R2 #60 (Courtney Watson),1,0,0,1,0,1,0,0,0.0,297.71436830563,-1,1,1,297.71436830563,,60.0,,2
654,2003,2003-03-25,STL,2,player_for_draft_capital_or_mixed,NO,2004 R2 #60 (Courtney Watson),Kyle Turley,0,1,1,0,1,0,0,0,297.71436830563,0.0,1,-1,-1,-297.71436830563,60.0,,2,
655,2003,2003-04-01,GB,2,player_for_draft_capital_or_mixed,WAS,conditional 2004 R7,David Brandt,0,1,1,0,0,0,1,0,0.0,0.0,1,-1,0,0.0,,,7,
655,2003,2003-04-01,WAS,2,player_for_draft_capital_or_mixed,GB,David Brandt,conditional 2004 R7,1,0,0,1,0,0,0,1,0.0,0.0,-1,1,0,0.0,,,,7
656,2003,2003-04-10,ATL,2,player_for_draft_capital_or_mixed,SEA,Michael Thompson,conditional 2004,1,0,0,1,0,0,0,1,0.0,0.0,-1,1,0,0.0,,,,
656,2003,2003-04-10,SEA,2,player_for_draft_capital_or_mixed,ATL,conditional 2004,Michael Thompson,0,1,1,0,0,0,1,0,0.0,0.0,1,-1,0,0.0,,,,
657,2003,2003-04-14,NE,2,player_for_draft_capital_or_mixed,NO,Tebucky Jones,2003 R3 #78 (Wade Smith) | 2003 R7 #239 (Tully Banta-Cain) | 2004 R4 #113 (Dexter Reid),1,0,0,3,0,3,0,0,0.0,257.12796642065734,-1,3,3,257.12796642065734,,78.0,,3 | 4 | 7
657,2003,2003-04-14,NO,2,player_for_draft_capital_or_mixed,NE,2003 R3 #78 (Wade Smith) | 2003 R7 #239 (Tully Banta-Cain) | 2004 R4 #113 (Dexter Reid),Tebucky Jones,0,1,3,0,3,0,0,0,257.12796642065734,0.0,1,-3,-3,-257.12796642065734,78.0,,3 | 4 | 7,
658,2003,2003-04-16,MIA,2,player_for_draft_capital_or_mixed,SD,2004 R5 #154 (Michael Turner),Junior Seau,0,1,1,0,1,0,0,0,30.345286061298786,0.0,1,-1,-1,-30.345286061298786,154.0,,5,
658,2003,2003-04-16,SD,2,player_for_draft_capital_or_mixed,MIA,Junior Seau,2004 R5 #154 (Michael Turner),1,0,0,1,0,1,0,0,0.0,30.345286061298786,-1,1,1,30.345286061298786,,154.0,,5
659,2003,2003-04-24,GB,2,player_for_draft_capital_or_mixed,KC,conditional 2005 R7 #238 | Jeremy Parquet,Derek Combs,1,1,1,0,1,0,1,0,2.1810154653305154,0.0,0,-1,-1,-2.1810154653305154,238.0,,7,
659,2003,2003-04-24,KC,2,player_for_draft_capital_or_mixed,GB,Derek Combs,conditional 2005 R7 #238 | Jeremy Parquet,1,1,0,1,0,1,0,1,0.0,2.1810154653305154,0,1,1,2.1810154653305154,,238.0,,7
660,2003,2003-04-25,MIA,2,pick_only,NE,2004 R2 #56 (Madieu Williams),2003 R3 #78 (Wade Smith),0,0,1,1,1,1,0,0,328.2735003541492,186.57029044525893,0,0,0,-141.70320990889024,56.0,78.0,2,3
660,2003,2003-04-25,NE,2,pick_only,MIA,2003 R3 #78 (Wade Smith),2004 R2 #56 (Madieu Williams),0,0,1,1,1,1,0,0,186.57029044525893,328.2735003541492,0,0,0,141.70320990889024,78.0,56.0,3,2
661,2003,2003-04-26,CHI,2,pick_only,NYJ,2003 R1 #4 (Dewayne Robertson),2003 R1 #13 (Ty Warren) | 2003 R1 #22 (Rex Grossman) | 2003 R4 #116 (Ian Scott),0,0,1,3,1,3,0,0,1800.0,1992.386343295168,0,2,2,192.386343295168,4.0,13.0,1,1 | 4
661,2003,2003-04-26,NYJ,2,pick_only,CHI,2003 R1 #13 (Ty Warren) | 2003 R1 #22 (Rex Grossman) | 2003 R4 #116 (Ian Scott),2003 R1 #4 (Dewayne Robertson),0,0,3,1,3,1,0,0,1992.386343295168,1800.0,0,-2,-2,-192.386343295168,13.0,4.0,1 | 4,1
662,2003,2003-04-26,ARI,2,pick_only,NO,2003 R1 #6 (Johnathan Sullivan) | 2003 R2 #37 (Jon Stinchcomb) | 2003 R4 #102 (Montrae Holland),2003 R1 #17 (Bryant Johnson) | 2003 R1 #18 (Calvin Pace) | 2003 R2 #54 (Anquan Boldin),0,0,3,3,3,3,0,0,2218.468748894328,2194.709967513349,0,0,0,-23.758781380979144,6.0,17.0,1 | 2 | 4,1 | 2
662,2003,2003-04-26,NO,2,pick_only,ARI,2003 R1 #17 (Bryant Johnson) | 2003 R1 #18 (Calvin Pace) | 2003 R2 #54 (Anquan Boldin),2003 R1 #6 (Johnathan Sullivan) | 2003 R2 #37 (Jon Stinchcomb) | 2003 R4 #102 (Montrae Holland),0,0,3,3,3,3,0,0,2194.709967513349,2218.468748894328,0,0,0,23.758781380979144,17.0,6.0,1 | 2,1 | 2 | 4
663,2003,2003-04-26,CHI,2,player_for_draft_capital_or_mixed,NE,2003 R1 #13 (Ty Warren),2003 R1 #14 (Michael Haynes) | 2003 R6 #193 | Marques Ogden,0,1,1,2,1,2,0,0,1150.0,1113.4625059822956,1,1,1,-36.537494017704375,13.0,14.0,1,1 | 6
663,2003,2003-04-26,NE,2,player_for_draft_capital_or_mixed,CHI,2003 R1 #14 (Michael Haynes) | 2003 R6 #193 | Marques Ogden,2003 R1 #13 (Ty Warren),1,0,2,1,2,1,0,0,1113.4625059822956,1150.0,-1,-1,-1,36.537494017704375,14.0,13.0,1 | 6,1
664,2003,2003-04-26,PHI,2,pick_only,SD,2003 R1 #30 (Sammy Davis) | 2003 R2 #62 (Terrence Kiel),2003 R1 #15 (Jerome McDougle),0,0,2,1,2,1,0,0,903.518746192417,1050.0,0,-1,-1,146.48125380758302,30.0,15.0,1 | 2,1
664,2003,2003-04-26,SD,2,pick_only,PHI,2003 R1 #15 (Jerome McDougle),2003 R1 #30 (Sammy Davis) | 2003 R2 #62 (Terrence Kiel),0,0,1,2,1,2,0,0,1050.0,903.518746192417,0,1,1,-146.48125380758302,15.0,30.0,1,1 | 2
665,2003,2003-04-26,KC,2,pick_only,PIT,2003 R1 #16 (Troy Polamalu),2003 R1 #27 (Larry Johnson) | 2003 R3 #92 (Julian Battle) | 2003 R6 #200 (Brooks Bollinger),0,0,1,3,1,3,0,0,1000.0,819.1558176355865,0,2,2,-180.84418236441354,16.0,27.0,1,1 | 3 | 6
665,2003,2003-04-26,PIT,2,pick_only,KC,2003 R1 #27 (Larry Johnson) | 2003 R3 #92 (Julian Battle) | 2003 R6 #200 (Brooks Bollinger),2003 R1 #16 (Troy Polamalu),0,0,3,1,3,1,0,0,819.1558176355865,1000.0,0,-2,-2,180.84418236441354,27.0,16.0,1 | 3 | 6,1
666,2003,2003-04-26,BAL,2,pick_only,NE,2003 R2 #41 (Bennie Joppru) | 2004 R1 #21 (Vince Wilfork),2003 R1 #19 (Kyle Boller),0,0,2,1,2,1,0,0,1273.5555622055335,875.0,0,-1,-1,-398.55556220553353,21.0,19.0,1 | 2,1
666,2003,2003-04-26,NE,2,pick_only,BAL,2003 R1 #19 (Kyle Boller),2003 R2 #41 (Bennie Joppru) | 2004 R1 #21 (Vince Wilfork),0,0,1,2,1,2,0,0,875.0,1273.5555622055335,0,1,1,398.55556220553353,19.0,21.0,1,1 | 2
667,2003,2003-04-26,HOU,2,pick_only,NE,2003 R2 #36 (Eugene Wilson) | 2003 R4 #117 (Dan Klecko),2003 R2 #41 (Bennie Joppru) | 2003 R3 #75 (Seth Wand),0,0,2,2,2,2,0,0,595.5579256472438,675.5037238178293,0,0,0,79.94579817058548,36.0,41.0,2 | 4,2 | 3
667,2003,2003-04-26,NE,2,pick_only,HOU,2003 R2 #41 (Bennie Joppru) | 2003 R3 #75 (Seth Wand),2003 R2 #36 (Eugene Wilson) | 2003 R4 #117 (Dan Klecko),0,0,2,2,2,2,0,0,675.5037238178293,595.5579256472438,0,0,0,-79.94579817058548,41.0,36.0,2 | 3,2 | 4
668,2003,2003-04-26,CAR,2,pick_only,NE,2003 R2 #45 (Bethel Johnson),2003 R2 #50 (Bruce Nelson) | 2003 R4 #120 (Asante Samuel),0,0,1,2,1,2,0,0,429.4720557935401,435.20115174632946,0,1,1,5.729095952789351,45.0,50.0,2,2 | 4
668,2003,2003-04-26,NE,2,pick_only,CAR,2003 R2 #50 (Bruce Nelson) | 2003 R4 #120 (Asante Samuel),2003 R2 #45 (Bethel Johnson),0,0,2,1,2,1,0,0,435.20115174632946,429.4720557935401,0,-1,-1,-5.729095952789351,50.0,45.0,2 | 4,2
669,2003,2003-04-26,HOU,2,player_for_draft_capital_or_mixed,OAK,2003 R3 #83 (Sam Williams) | 2003 R7 #262 | Ryan Hoag,2004 R2,1,0,2,1,2,0,0,0,164.11716580850077,0.0,-1,-1,-2,-164.11716580850077,83.0,,3 | 7,2
669,2003,2003-04-26,OAK,2,player_for_draft_capital_or_mixed,HOU,2004 R2,2003 R3 #83 (Sam Williams) | 2003 R7 #262 | Ryan Hoag,0,1,1,2,0,2,0,0,0.0,164.11716580850077,1,1,2,164.11716580850077,,83.0,2,3 | 7
670,2003,2003-04-26,BUF,2,pick_only,GB,2003 R3 #79 (Kenny Peterson),2003 R3 #94 (Angelo Crowell) | 2003 R4 #127 (Sam Aiken),0,0,1,2,1,2,0,0,181.70910201648016,166.64403865498323,0,1,1,-15.065063361496925,79.0,94.0,3,3 | 4
670,2003,2003-04-26,GB,2,pick_only,BUF,2003 R3 #94 (Angelo Crowell) | 2003 R4 #127 (Sam Aiken),2003 R3 #79 (Kenny Peterson),0,0,2,1,2,1,0,0,166.64403865498323,181.70910201648016,0,-1,-1,15.065063361496925,94.0,79.0,3 | 4,3
671,2003,2003-04-26,CAR,2,player_for_draft_capital_or_mixed,DEN,2003 R4 #108 (Quentin Griffin) | 2003 R4 #120 (Asante Samuel) | 2003 R7 #227 | Clint Mitchell,2003 R3 #82 (Ricky Manning),1,0,3,1,3,1,0,0,138.57405105890584,167.8723869982371,-1,-2,-2,29.298335939331253,108.0,82.0,4 | 7,3
671,2003,2003-04-26,DEN,2,player_for_draft_capital_or_mixed,CAR,2003 R3 #82 (Ricky Manning),2003 R4 #108 (Quentin Griffin) | 2003 R4 #120 (Asante Samuel) | 2003 R7 #227 | Clint Mitchell,0,1,1,3,1,3,0,0,167.8723869982371,138.57405105890584,1,2,2,-29.298335939331253,82.0,108.0,3,4 | 7
672,2003,2003-04-27,DEN,2,player_for_draft_capital_or_mixed,NE,2003 R4 #120 (Asante Samuel),2003 R4 #128 | 2003 R5 #157 (Ben Claxton) | Bryant McNeal,0,1,1,2,1,2,0,0,55.10815090599254,72.14906533177978,1,1,1,17.040914425787243,120.0,128.0,4,4 | 5
672,2003,2003-04-27,NE,2,player_for_draft_capital_or_mixed,DEN,2003 R4 #128 | 2003 R5 #157 (Ben Claxton) | Bryant McNeal,2003 R4 #120 (Asante Samuel),1,0,2,1,2,1,0,0,72.14906533177978,55.10815090599254,-1,-1,-1,-17.040914425787243,128.0,120.0,4 | 5,4
673,2003,2003-04-27,HOU,2,pick_only,IND,2003 R5 #138 (Robert Mathis),2004 R4 #122 (Glenn Earl),0,0,1,1,1,1,0,0,37.605074032686986,51.793945222315514,0,0,0,14.188871189628529,138.0,122.0,5,4
673,2003,2003-04-27,IND,2,pick_only,HOU,2004 R4 #122 (Glenn Earl),2003 R5 #138 (Robert Mathis),0,0,1,1,1,1,0,0,51.793945222315514,37.605074032686986,0,0,0,-14.188871189628529,122.0,138.0,4,5
674,2003,2003-04-27,CHI,2,player_for_draft_capital_or_mixed,JAX,2003 R6 #176 (Brandon Green) | 2003 R6 #193 | 2003 R7 #218 (Malaefou MacKenzie) | Marques Ogden,2003 R5 #143 (Justin Gage),1,0,3,1,3,1,0,0,38.32058986476914,35.167009942793925,-1,-2,-2,-3.153579921975215,176.0,143.0,6 | 7,5
674,2003,2003-04-27,JAX,2,player_for_draft_capital_or_mixed,CHI,2003 R5 #143 (Justin Gage),2003 R6 #176 (Brandon Green) | 2003 R6 #193 | 2003 R7 #218 (Malaefou MacKenzie) | Marques Ogden,0,1,1,3,1,3,0,0,35.167009942793925,38.32058986476914,1,2,2,3.153579921975215,143.0,176.0,5,6 | 7
675,2003,2003-04-27,GB,2,player_for_draft_capital_or_mixed,SEA,2003 R5 #165 (Chris Davis) | 2003 R6 #203 | Kareem Kelly,2003 R5 #147 (James Lee),1,0,2,1,2,1,0,0,34.22725252218256,33.3308693443083,-1,-1,-1,-0.896383177874263,165.0,147.0,5 | 6,5
675,2003,2003-04-27,SEA,2,player_for_draft_capital_or_mixed,GB,2003 R5 #147 (James Lee),2003 R5 #165 (Chris Davis) | 2003 R6 #203 | Kareem Kelly,0,1,1,2,1,2,0,0,33.3308693443083,34.22725252218256,1,1,1,0.896383177874263,147.0,165.0,5,5 | 6
676,2003,2003-04-27,KC,2,pick_only,NYJ,2003 R5 #150 (Matt Walters) | 2003 R6 #200 (Brooks Bollinger),2003 R5 #153 (Jordan Black) | 2003 R6 #189 (Jimmy Wilkerson),0,0,2,2,2,2,0,0,42.252502221809586,45.69480310731285,0,0,0,3.442300885503265,150.0,153.0,5 | 6,5 | 6
676,2003,2003-04-27,NYJ,2,pick_only,KC,2003 R5 #153 (Jordan Black) | 2003 R6 #189 (Jimmy Wilkerson),2003 R5 #150 (Matt Walters) | 2003 R6 #200 (Brooks Bollinger),0,0,2,2,2,2,0,0,45.69480310731285,42.252502221809586,0,0,0,-3.442300885503265,153.0,150.0,5 | 6,5 | 6
677,2003,2003-04-27,NE,2,pick_only,TEN,2003 R5 #154 (Donnie Nickey) | 2003 R7 #225 (Todd Williams),2003 R5 #164 (Dan Koppen) | 2003 R6 #201 (Kliff Kingsbury) | 2003 R7 #243 (Ethan Kelley),0,0,2,3,2,3,0,0,34.175699184093084,37.27494411918073,0,1,1,3.099244935087647,154.0,164.0,5 | 7,5 | 6 | 7
677,2003,2003-04-27,TEN,2,pick_only,NE,2003 R5 #164 (Dan Koppen) | 2003 R6 #201 (Kliff Kingsbury) | 2003 R7 #243 (Ethan Kelley),2003 R5 #154 (Donnie Nickey) | 2003 R7 #225 (Todd Williams),0,0,3,2,3,2,0,0,37.27494411918073,34.175699184093084,0,-1,-1,-3.099244935087647,164.0,154.0,5 | 6 | 7,5 | 7
678,2003,2003-04-27,GB,2,pick_only,PHI,2003 R6 #185 (Jeremy Bridges) | 2003 R7 #244 (Norman LeJeune),2003 R5 #166 (Hunter Hillenmeyer),0,0,2,1,2,1,0,0,17.97394085339351,24.58753024522619,0,-1,-1,6.613589391832679,185.0,166.0,6 | 7,5
678,2003,2003-04-27,PHI,2,pick_only,GB,2003 R5 #166 (Hunter Hillenmeyer),2003 R6 #185 (Jeremy Bridges) | 2003 R7 #244 (Norman LeJeune),0,0,1,2,1,2,0,0,24.58753024522619,17.97394085339351,0,1,1,-6.613589391832679,166.0,185.0,5,6 | 7
679,2003,2003-04-27,CAR,2,player_for_draft_capital_or_mixed,MIA,2003 R6 #181 (Corey Jenkins),2003 R7 #226 (Walter Young) | 2003 R7 #247 | Casey Moore,0,1,1,2,1,2,0,0,17.766713400684264,5.144842318758184,1,1,1,-12.62187108192608,181.0,226.0,6,7
679,2003,2003-04-27,MIA,2,player_for_draft_capital_or_mixed,CAR,2003 R7 #226 (Walter Young) | 2003 R7 #247 | Casey Moore,2003 R6 #181 (Corey Jenkins),1,0,2,1,2,1,0,0,5.144842318758184,17.766713400684264,-1,-1,-1,12.62187108192608,226.0,181.0,7,6
680,2003,2003-04-27,NO,2,player_for_draft_capital_or_mixed,SEA,Norman Hand,2003 R6 #203 | Kareem Kelly,1,1,0,1,0,1,0,0,0.0,9.101325472139058,0,1,1,9.101325472139058,,203.0,,6
680,2003,2003-04-27,SEA,2,player_for_draft_capital_or_mixed,NO,2003 R6 #203 | Kareem Kelly,Norman Hand,1,1,1,0,1,0,0,0,9.101325472139058,0.0,0,-1,-1,-9.101325472139058,203.0,,6,
681,2003,2003-04-27,ARI,2,player_for_draft_capital_or_mixed,DET,2003 R7 #220 (Blue Adams),Larry Foster,0,1,1,0,1,0,0,0,4.678089182334822,0.0,1,-1,-1,-4.678089182334822,220.0,,7,
681,2003,2003-04-27,DET,2,player_for_draft_capital_or_mixed,ARI,Larry Foster,2003 R7 #220 (Blue Adams),1,0,0,1,0,1,0,0,0.0,4.678089182334822,-1,1,1,4.678089182334822,,220.0,,7
682,2003,2003-04-27,DAL,2,player_for_draft_capital_or_mixed,DET,2003 R7 #236 | Brandon Drumm,Aveion Cason,1,1,1,0,1,0,0,0,2.378414230005442,0.0,0,-1,-1,-2.378414230005442,236.0,,7,
682,2003,2003-04-27,DET,2,player_for_draft_capital_or_mixed,DAL,Aveion Cason,2003 R7 #236 | Brandon Drumm,1,1,0,1,0,1,0,0,0.0,2.378414230005442,0,1,1,2.378414230005442,,236.0,,7
683,2003,2003-04-27,GB,2,pick_only,PHI,2004 R6 #185 (Andy Hall),2003 R7 #245 (Chris Johnson),0,0,1,1,1,1,0,0,16.29214802288608,1.6104903319492543,0,0,0,-14.681657690936827,185.0,245.0,6,7
683,2003,2003-04-27,PHI,2,pick_only,GB,2003 R7 #245 (Chris Johnson),2004 R6 #185 (Andy Hall),0,0,1,1,1,1,0,0,1.6104903319492543,16.29214802288608,0,0,0,14.681657690936827,245.0,185.0,7,6
684,2003,2003-05-27,MIA,2,player_for_draft_capital_or_mixed,NO,Derrick Rodgers,2004 R7 #219 (Quincy Wilson),1,0,0,1,0,1,0,0,0.0,4.8648630974661335,-1,1,1,4.8648630974661335,,219.0,,7
684,2003,2003-05-27,NO,2,player_for_draft_capital_or_mixed,MIA,2004 R7 #219 (Quincy Wilson),Derrick Rodgers,0,1,1,0,1,0,0,0,4.8648630974661335,0.0,1,-1,-1,-4.8648630974661335,219.0,,7,
685,2003,2003-06-17,ARI,2,player_only,TB,Thomas Jones,Marquis Walker,1,1,0,0,0,0,0,0,0.0,0.0,0,0,0,0.0,,,,
685,2003,2003-06-17,TB,2,player_only,ARI,Marquis Walker,Thomas Jones,1,1,0,0,0,0,0,0,0.0,0.0,0,0,0,0.0,,,,
686,2003,2003-08-07,DAL,2,player_for_draft_capital_or_mixed,TB,Jeff Grau,conditional 2005,1,0,0,1,0,0,0,1,0.0,0.0,-1,1,0,0.0,,,,
686,2003,2003-08-07,TB,2,player_for_draft_capital_or_mixed,DAL,conditional 2005,Jeff Grau,0,1,1,0,0,0,1,0,0.0,0.0,1,-1,0,0.0,,,,
687,2003,2003-08-13,DEN,2,player_for_draft_capital_or_mixed,SF,conditional 2004,Nate Jackson,0,1,1,0,0,0,1,0,0.0,0.0,1,-1,0,0.0,,,,
687,2003,2003-08-13,SF,2,player_for_draft_capital_or_mixed,DEN,Nate Jackson,conditional 2004,1,0,0,1,0,0,0,1,0.0,0.0,-1,1,0,0.0,,,,
688,2003,2003-08-19,HOU,2,player_for_draft_capital_or_mixed,MIA,conditional 2004,Deon Dyer,0,1,1,0,0,0,1,0,0.0,0.0,1,-1,0,0.0,,,,
688,2003,2003-08-19,MIA,2,player_for_draft_capital_or_mixed,HOU,Deon Dyer,conditional 2004,1,0,0,1,0,0,0,1,0.0,0.0,-1,1,0,0.0,,,,
689,2003,2003-08-20,CHI,2,player_for_draft_capital_or_mixed,NE,Ted Washington,2004 R4 #104 (Isaac Sopoaga),1,0,0,1,0,1,0,0,0.0,90.51292627308231,-1,1,1,90.51292627308231,,104.0,,4
689,2003,2003-08-20,NE,2,player_for_draft_capital_or_mixed,CHI,2004 R4 #104 (Isaac Sopoaga),Ted Washington,0,1,1,0,1,0,0,0,90.51292627308231,0.0,1,-1,-1,-90.51292627308231,104.0,,4,
690,2003,2003-08-20,NO,2,player_for_draft_capital_or_mixed,WAS,Martin Chase,2004 R7 #206 (Mark Jones),1,0,0,1,0,1,0,0,0.0,8.092789911562482,-1,1,1,8.092789911562482,,206.0,,7
690,2003,2003-08-20,WAS,2,player_for_draft_capital_or_mixed,NO,2004 R7 #206 (Mark Jones),Martin Chase,0,1,1,0,1,0,0,0,8.092789911562482,0.0,1,-1,-1,-8.092789911562482,206.0,,7,
691,2003,2003-08-23,DEN,2,player_for_draft_capital_or_mixed,SEA,Mat McBriar,conditional 2004,1,0,0,1,0,0,0,1,0.0,0.0,-1,1,0,0.0,,,,
691,2003,2003-08-23,SEA,2,player_for_draft_capital_or_mixed,DEN,conditional 2004,Mat McBriar,0,1,1,0,0,0,1,0,0.0,0.0,1,-1,0,0.0,,,,
692,2003,2003-08-25,GB,2,player_for_draft_capital_or_mixed,MIA,conditional 2006,Scott McGarrahan,0,1,1,0,0,0,1,0,0.0,0.0,1,-1,0,0.0,,,,
692,2003,2003-08-25,MIA,2,player_for_draft_capital_or_mixed,GB,Scott McGarrahan,conditional 2006,1,0,0,1,0,0,0,1,0.0,0.0,-1,1,0,0.0,,,,
693,2003,2003-08-25,CHI,2,player_for_draft_capital_or_mixed,NE,Jamil Soriano,conditional 2004,1,0,0,1,0,0,0,1,0.0,0.0,-1,1,0,0.0,,,,
693,2003,2003-08-25,NE,2,player_for_draft_capital_or_mixed,CHI,conditional 2004,Jamil Soriano,0,1,1,0,0,0,1,0,0.0,0.0,1,-1,0,0.0,,,,
694,2003,2003-08-26,DEN,2,player_for_draft_capital_or_mixed,WAS,Lionel Dalton,conditional 2004,1,0,0,1,0,0,0,1,0.0,0.0,-1,1,0,0.0,,,,
694,2003,2003-08-26,WAS,2,player_for_draft_capital_or_mixed,DEN,conditional 2004,Lionel Dalton,0,1,1,0,0,0,1,0,0.0,0.0,1,-1,0,0.0,,,,
695,2003,2003-08-26,BAL,2,player_for_draft_capital_or_mixed,JAX,Anthony Mitchell,2004 R7 #210 (Raheem Orr),1,0,0,1,0,1,0,0,0.0,6.919739745126783,-1,1,1,6.919739745126783,,210.0,,7
695,2003,2003-08-26,JAX,2,player_for_draft_capital_or_mixed,BAL,2004 R7 #210 (Raheem Orr),Anthony Mitchell,0,1,1,0,1,0,0,0,6.919739745126783,0.0,1,-1,-1,-6.919739745126783,210.0,,7,
696,2003,2003-08-30,PHI,2,player_for_draft_capital_or_mixed,PIT,Freddie Milons,conditional 2004,1,0,0,1,0,0,0,1,0.0,0.0,-1,1,0,0.0,,,,
696,2003,2003-08-30,PIT,2,player_for_draft_capital_or_mixed,PHI,conditional 2004,Freddie Milons,0,1,1,0,0,0,1,0,0.0,0.0,1,-1,0,0.0,,,,
697,2003,2003-08-31,BUF,2,player_for_draft_capital_or_mixed,DET,Olandis Gary,2004 R7 #207 (Dylan McFarl),1,0,0,1,0,1,0,0,0.0,7.782088042705171,-1,1,1,7.782088042705171,,207.0,,7
697,2003,2003-08-31,DET,2,player_for_draft_capital_or_mixed,BUF,2004 R7 #207 (Dylan McFarl),Olandis Gary,0,1,1,0,1,0,0,0,7.782088042705171,0.0,1,-1,-1,-7.782088042705171,207.0,,7,
698,2003,2003-08-31,IND,2,player_for_draft_capital_or_mixed,STL,Rich Coady,conditional 2004 R7 #229 | David Kimball,1,1,0,1,0,1,0,1,0.0,3.2209806638985086,0,1,1,3.2209806638985086,,229.0,,7
698,2003,2003-08-31,STL,2,player_for_draft_capital_or_mixed,IND,conditional 2004 R7 #229 | David Kimball,Rich Coady,1,1,1,0,1,0,1,0,3.2209806638985086,0.0,0,-1,-1,-3.2209806638985086,229.0,,7,
699,2003,2003-08-31,DAL,2,player_for_draft_capital_or_mixed,OAK,2004 R7 #223 (Jacques Reeves) | 2005 R6 #185 (Chad Owens),Kenyon Coleman,0,1,2,0,2,0,0,0,20.451849052816506,0.0,1,-2,-2,-20.451849052816506,185.0,,6 | 7,
699,2003,2003-08-31,OAK,2,player_for_draft_capital_or_mixed,DAL,Kenyon Coleman,2004 R7 #223 (Jacques Reeves) | 2005 R6 #185 (Chad Owens),1,0,0,2,0,2,0,0,0.0,20.451849052816506,-1,2,2,20.451849052816506,,185.0,,6 | 7
700,2003,2003-09-30,DAL,2,player_for_draft_capital_or_mixed,GB,Reggie Swinton,conditional 2004,1,0,0,1,0,0,0,1,0.0,0.0,-1,1,0,0.0,,,,
700,2003,2003-09-30,GB,2,player_for_draft_capital_or_mixed,DAL,conditional 2004,Reggie Swinton,0,1,1,0,0,0,1,0,0.0,0.0,1,-1,0,0.0,,,,
1,2004,2004-03-03,MIA,2,player_for_draft_capital_or_mixed,PHI,2005 R2 #35 (Reggie Brown),A.J. Feeley,0,1,1,0,1,0,0,0,548.3085125943791,0.0,1,-1,-1,-548.3085125943791,35.0,,2,
1,2004,2004-03-03,PHI,2,player_for_draft_capital_or_mixed,MIA,A.J. Feeley,2005 R2 #35 (Reggie Brown),1,0,0,1,0,1,0,0,0.0,548.3085125943791,-1,1,1,548.3085125943791,,35.0,,2
2,2004,2004-03-03,JAX,2,player_for_draft_capital_or_mixed,WAS,Mark Brunell,2004 R3 #72 | Donnell Washington,1,1,0,1,0,1,0,0,0.0,218.59353855994584,0,1,1,218.59353855994584,,72.0,,3
2,2004,2004-03-03,WAS,2,player_for_draft_capital_or_mixed,JAX,2004 R3 #72 | Donnell Washington,Mark Brunell,1,1,1,0,1,0,0,0,218.59353855994584,0.0,0,-1,-1,-218.59353855994584,72.0,,3,
3,2004,2004-03-04,DEN,2,player_for_draft_capital_or_mixed,WAS,Clinton Portis,2004 R2 #41 (Tatum Bell) | Champ Bailey,1,1,0,1,0,1,0,0,0.0,473.5555622055335,0,1,1,473.5555622055335,,41.0,,2
3,2004,2004-03-04,WAS,2,player_for_draft_capital_or_mixed,DEN,2004 R2 #41 (Tatum Bell) | Champ Bailey,Clinton Portis,1,1,1,0,1,0,0,0,473.5555622055335,0.0,0,-1,-1,-473.5555622055335,41.0,,2,
4,2004,2004-03-04,BAL,2,player_for_draft_capital_or_mixed,SF,2004 R2 #51 (Dwan Edwards),Terrell Owens,0,1,1,0,1,0,0,0,370.9205240505338,0.0,1,-1,-1,-370.9205240505338,51.0,,2,
4,2004,2004-03-04,SF,2,player_for_draft_capital_or_mixed,BAL,Terrell Owens,2004 R2 #51 (Dwan Edwards),1,0,0,1,0,1,0,0,0.0,370.9205240505338,-1,1,1,370.9205240505338,,51.0,,2
5,2004,2004-03-08,NYJ,2,player_for_draft_capital_or_mixed,TEN,2004 R2 #42 (Travis LaBoy),Justin McCareins,0,1,1,0,1,0,0,0,462.1276290591479,0.0,1,-1,-1,-462.1276290591479,42.0,,2,
5,2004,2004-03-08,TEN,2,player_for_draft_capital_or_mixed,NYJ,Justin McCareins,2004 R2 #42 (Travis LaBoy),1,0,0,1,0,1,0,0,0.0,462.1276290591479,-1,1,1,462.1276290591479,,42.0,,2
6,2004,2004-03-16,BAL,3,multi_team,PHI | SF,Terrell Owens,2004 R5 #160 (Tony Bua) | 2004 R2 #51 (Dwan Edwards),1,0,0,2,0,2,0,0,0.0,398.9205240505338,-1,2,2,398.9205240505338,,51.0,,2 | 5
6,2004,2004-03-16,PHI,3,multi_team,BAL | SF,2004 R5 #160 (Tony Bua) | Brandon Whiting,Terrell Owens,1,1,1,0,1,0,0,0,28.0,0.0,0,-1,-1,-28.0,160.0,,5,
6,2004,2004-03-16,SF,3,multi_team,BAL | PHI,2004 R2 #51 (Dwan Edwards),Brandon Whiting,0,1,1,0,1,0,0,0,370.9205240505338,0.0,1,-1,-1,-370.9205240505338,51.0,,2,
7,2004,2004-03-16,MIA,2,player_for_draft_capital_or_mixed,SD,2005 R6 #177 (Wes Sims) | Jamar Fletcher,David Boston,1,1,1,0,1,0,0,0,19.374738347493643,0.0,0,-1,-1,-19.374738347493643,177.0,,6,
7,2004,2004-03-16,SD,2,player_for_draft_capital_or_mixed,MIA,David Boston,2005 R6 #177 (Wes Sims) | Jamar Fletcher,1,1,0,1,0,1,0,0,0.0,19.374738347493643,0,1,1,19.374738347493643,,177.0,,6
8,2004,2004-03-19,DAL,2,player_for_draft_capital_or_mixed,HOU,2005 R3 #73 (Vernand Morency),Drew Henson,0,1,1,0,1,0,0,0,212.89796732125947,0.0,1,-1,-1,-212.89796732125947,73.0,,3,
8,2004,2004-03-19,HOU,2,player_for_draft_capital_or_mixed,DAL,Drew Henson,2005 R3 #73 (Vernand Morency),1,0,0,1,0,1,0,0,0.0,212.89796732125947,-1,1,1,212.89796732125947,,73.0,,3
9,2004,2004-03-22,DAL,2,player_only,TB,Joey Galloway,Keyshawn Johnson,1,1,0,0,0,0,0,0,0.0,0.0,0,0,0,0.0,,,,
9,2004,2004-03-22,TB,2,player_only,DAL,Keyshawn Johnson,Joey Galloway,1,1,0,0,0,0,0,0,0.0,0.0,0,0,0,0.0,,,,
10,2004,2004-03-29,CHI,2,player_for_draft_capital_or_mixed,WAS,2004 R6 #180 (Jim Molinaro),Bryan Johnson,0,1,1,0,1,0,0,0,18.155753765114135,0.0,1,-1,-1,-18.155753765114135,180.0,,6,
10,2004,2004-03-29,WAS,2,player_for_draft_capital_or_mixed,CHI,Bryan Johnson,2004 R6 #180 (Jim Molinaro),1,0,0,1,0,1,0,0,0.0,18.155753765114135,-1,1,1,18.155753765114135,,180.0,,6
11,2004,2004-03-31,PHI,2,player_for_draft_capital_or_mixed,WAS,James Thrash,2005 R5 #146 (Trent Cole),1,0,0,1,0,1,0,0,0.0,33.78071533994218,-1,1,1,33.78071533994218,,146.0,,5
11,2004,2004-03-31,WAS,2,player_for_draft_capital_or_mixed,PHI,2005 R5 #146 (Trent Cole),James Thrash,0,1,1,0,1,0,0,0,33.78071533994218,0.0,1,-1,-1,-33.78071533994218,146.0,,5,
12,2004,2004-04-08,JAX,2,player_for_draft_capital_or_mixed,NO,Jason Craft,2004 R5 #150 (Chris Thompson),1,0,0,1,0,1,0,0,0.0,32.01695598188324,-1,1,1,32.01695598188324,,150.0,,5
12,2004,2004-04-08,NO,2,player_for_draft_capital_or_mixed,JAX,2004 R5 #150 (Chris Thompson),Jason Craft,0,1,1,0,1,0,0,0,32.01695598188324,0.0,1,-1,-1,-32.01695598188324,150.0,,5,
13,2004,2004-04-09,CIN,2,player_for_draft_capital_or_mixed,DEN,2004 R1 #17 (D.J. Williams),2004 R1 #24 (Steven Jackson) | 2004 R4 #117 (Robert Geathers) | Deltha O'Neal,0,1,1,2,1,2,0,0,950.0,800.4812986553463,1,1,1,-149.51870134465366,17.0,24.0,1,1 | 4
13,2004,2004-04-09,DEN,2,player_for_draft_capital_or_mixed,CIN,2004 R1 #24 (Steven Jackson) | 2004 R4 #117 (Robert Geathers) | Deltha O'Neal,2004 R1 #17 (D.J. Williams),1,0,2,1,2,1,0,0,800.4812986553463,950.0,-1,-1,-1,149.51870134465366,24.0,17.0,1 | 4,1
14,2004,2004-04-20,CIN,2,player_for_draft_capital_or_mixed,NE,Corey Dillon,2004 R2 #56 (Madieu Williams),1,0,0,1,0,1,0,0,0.0,328.2735003541492,-1,1,1,328.2735003541492,,56.0,,2
14,2004,2004-04-20,NE,2,player_for_draft_capital_or_mixed,CIN,2004 R2 #56 (Madieu Williams),Corey Dillon,0,1,1,0,1,0,0,0,328.2735003541492,0.0,1,-1,-1,-328.2735003541492,56.0,,2,
15,2004,2004-04-24,NYG,2,player_for_draft_capital_or_mixed,SD,2004 R3 #65 (Nate Kaeding) | 2005 R1 #12 (Shawne Merriman) | 2005 R5 #144 (Jerome Collins) | Philip Rivers,Eli Manning,1,1,3,0,3,0,0,0,1497.6637091355599,0.0,0,-3,-3,-1497.6637091355599,12.0,,1 | 3 | 5,
15,2004,2004-04-24,SD,2,player_for_draft_capital_or_mixed,NYG,Eli Manning,2004 R3 #65 (Nate Kaeding) | 2005 R1 #12 (Shawne Merriman) | 2005 R5 #144 (Jerome Collins) | Philip Rivers,1,1,0,3,0,3,0,0,0.0,1497.6637091355599,0,3,3,1497.6637091355599,,12.0,,1 | 3 | 5
16,2004,2004-04-24,CLE,2,pick_only,DET,2004 R1 #7 (Roy Williams) | 2004 R2 #37 (Teddy Lehman),2004 R1 #6 (Kellen Winslow),0,0,2,1,2,1,0,0,2022.1640557764363,1600.0,0,-1,-1,-422.16405577643627,7.0,6.0,1 | 2,1
16,2004,2004-04-24,DET,2,pick_only,CLE,2004 R1 #6 (Kellen Winslow),2004 R1 #7 (Roy Williams) | 2004 R2 #37 (Teddy Lehman),0,0,1,2,1,2,0,0,1600.0,2022.1640557764363,0,1,1,422.16405577643627,6.0,7.0,1,1 | 2
17,2004,2004-04-24,PHI,2,pick_only,SF,2004 R1 #28 (Chris Gamble) | 2004 R2 #58 (Shawntae Spencer),2004 R1 #16 (Shawn Andrews),0,0,2,1,2,1,0,0,972.620757131406,1000.0,0,-1,-1,27.37924286859402,28.0,16.0,1 | 2,1
17,2004,2004-04-24,SF,2,pick_only,PHI,2004 R1 #16 (Shawn Andrews),2004 R1 #28 (Chris Gamble) | 2004 R2 #58 (Shawntae Spencer),0,0,1,2,1,2,0,0,1000.0,972.620757131406,0,1,1,-27.37924286859402,16.0,28.0,1,1 | 2
18,2004,2004-04-24,MIA,2,pick_only,MIN,2004 R1 #20 (Kenechi Udeze) | 2004 R4 #119 (Mewelde Moore),2004 R1 #19 (Vernon Carey),0,0,2,1,2,1,0,0,906.8439517209218,875.0,0,-1,-1,-31.843951720921837,20.0,19.0,1 | 4,1
18,2004,2004-04-24,MIN,2,pick_only,MIA,2004 R1 #19 (Vernon Carey),2004 R1 #20 (Kenechi Udeze) | 2004 R4 #119 (Mewelde Moore),0,0,1,2,1,2,0,0,875.0,906.8439517209218,0,1,1,31.843951720921837,19.0,20.0,1,1 | 4
19,2004,2004-04-24,BUF,2,pick_only,DAL,2004 R2 #43 (Julius Jones) | 2004 R5 #144 (Sean Ryan) | 2005 R1 #20 (Marcus Spears),2004 R1 #22 (J.P. Losman),0,0,3,1,3,1,0,0,1335.674180120847,780.0,0,-2,-2,-555.674180120847,20.0,22.0,1 | 2 | 5,1
19,2004,2004-04-24,DAL,2,pick_only,BUF,2004 R1 #22 (J.P. Losman),2004 R2 #43 (Julius Jones) | 2004 R5 #144 (Sean Ryan) | 2005 R1 #20 (Marcus Spears),0,0,1,3,1,3,0,0,780.0,1335.674180120847,0,2,2,555.674180120847,22.0,20.0,1,1 | 2 | 5
20,2004,2004-04-24,CIN,2,pick_only,STL,2004 R1 #24 (Steven Jackson),2004 R1 #26 (Chris Perry) | 2004 R4 #123 (Stacy Andrews),0,0,1,2,1,2,0,0,740.0,750.2123526411613,0,1,1,10.21235264116126,24.0,26.0,1,1 | 4
20,2004,2004-04-24,STL,2,pick_only,CIN,2004 R1 #26 (Chris Perry) | 2004 R4 #123 (Stacy Andrews),2004 R1 #24 (Steven Jackson),0,0,2,1,2,1,0,0,750.2123526411613,740.0,0,-1,-1,-10.21235264116126,26.0,24.0,1 | 4,1
21,2004,2004-04-24,HOU,2,player_for_draft_capital_or_mixed,TEN,2004 R2 #40 (Ben Troupe) | 2004 R3 #71 (Randy Starks) | 2004 R4 #103 (Bo Schobel) | 2004 R5 #138 (Jacob Bell),2004 R1 #27 (Jason Babin) | 2004 R5 #159 | Sean Bubin,0,1,4,2,4,2,0,0,840.6765607346116,708.3778985704704,1,-2,-2,-132.2986621641412,40.0,27.0,2 | 3 | 4 | 5,1 | 5
21,2004,2004-04-24,TEN,2,player_for_draft_capital_or_mixed,HOU,2004 R1 #27 (Jason Babin) | 2004 R5 #159 | Sean Bubin,2004 R2 #40 (Ben Troupe) | 2004 R3 #71 (Randy Starks) | 2004 R4 #103 (Bo Schobel) | 2004 R5 #138 (Jacob Bell),1,0,2,4,2,4,0,0,708.3778985704704,840.6765607346116,-1,2,2,132.2986621641412,27.0,40.0,1 | 5,2 | 3 | 4 | 5
22,2004,2004-04-24,CAR,2,pick_only,SF,2004 R1 #31 (Rashaun Woods) | 2004 R4 #127 (Richard Seigler),2004 R1 #28 (Chris Gamble),0,0,2,1,2,1,0,0,644.3544173378143,660.0,0,-1,-1,15.645582662185689,31.0,28.0,1 | 4,1
22,2004,2004-04-24,SF,2,pick_only,CAR,2004 R1 #28 (Chris Gamble),2004 R1 #31 (Rashaun Woods) | 2004 R4 #127 (Richard Seigler),0,0,1,2,1,2,0,0,660.0,644.3544173378143,0,1,1,-15.645582662185689,28.0,31.0,1,1 | 4
23,2004,2004-04-24,ATL,2,pick_only,IND,2004 R2 #38 (Ricardo Colclough) | 2004 R3 #69 (Gilbert Gardner) | 2004 R4 #125 (Jason David),2004 R1 #29 (Michael Jenkins) | 2004 R3 #90 (Matt Schaub),0,0,3,2,3,2,0,0,793.3665677848304,775.9104411127751,0,-1,-1,-17.456126672055348,38.0,29.0,2 | 3 | 4,1 | 3
23,2004,2004-04-24,IND,2,pick_only,ATL,2004 R1 #29 (Michael Jenkins) | 2004 R3 #90 (Matt Schaub),2004 R2 #38 (Ricardo Colclough) | 2004 R3 #69 (Gilbert Gardner) | 2004 R4 #125 (Jason David),0,0,2,3,2,3,0,0,775.9104411127751,793.3665677848304,0,1,1,17.456126672055348,29.0,38.0,1 | 3,2 | 3 | 4
24,2004,2004-04-24,DET,2,pick_only,KC,2004 R2 #36 (Junior Siavii) | 2004 R4 #105 (Samie Parker),2004 R1 #30 (Kevin Jones),0,0,2,1,2,1,0,0,622.8256284070142,620.0,0,-1,-1,-2.8256284070141646,36.0,30.0,2 | 4,1
24,2004,2004-04-24,KC,2,pick_only,DET,2004 R1 #30 (Kevin Jones),2004 R2 #36 (Junior Siavii) | 2004 R4 #105 (Samie Parker),0,0,1,2,1,2,0,0,620.0,622.8256284070142,0,1,1,2.8256284070141646,30.0,36.0,1,2 | 4
25,2004,2004-04-24,IND,2,pick_only,PIT,2004 R2 #38 (Ricardo Colclough),2004 R2 #44 (Bob Sanders) | 2004 R4 #107 (Kendyll Pope),0,0,1,2,1,2,0,0,509.56309319230627,522.5642248524105,0,1,1,13.001131660104193,38.0,44.0,2,2 | 4
25,2004,2004-04-24,PIT,2,pick_only,IND,2004 R2 #44 (Bob Sanders) | 2004 R4 #107 (Kendyll Pope),2004 R2 #38 (Ricardo Colclough),0,0,2,1,2,1,0,0,522.5642248524105,509.56309319230627,0,-1,-1,-13.001131660104193,44.0,38.0,2 | 4,2
26,2004,2004-04-24,MIN,2,pick_only,NO,2004 R2 #50 (Devery Henderson) | 2004 R5 #151 (Mark Wilson),2004 R2 #48 (Dontarrious Thomas),0,0,2,1,2,1,0,0,411.6835981943492,399.1240408695021,0,-1,-1,-12.559557324847106,50.0,48.0,2 | 5,2
26,2004,2004-04-24,NO,2,pick_only,MIN,2004 R2 #48 (Dontarrious Thomas),2004 R2 #50 (Devery Henderson) | 2004 R5 #151 (Mark Wilson),0,0,1,2,1,2,0,0,399.1240408695021,411.6835981943492,0,1,1,12.559557324847106,48.0,50.0,2,2 | 5
27,2004,2004-04-24,GB,2,pick_only,JAX,2004 R3 #87 (B.J. Sander),2004 R3 #70 (Joey Thomas) | 2004 R4 #102 (Will Poole),0,0,1,2,1,2,0,0,147.1127244382688,326.75056426337255,0,1,1,179.63783982510375,87.0,70.0,3,3 | 4
27,2004,2004-04-24,JAX,2,pick_only,GB,2004 R3 #70 (Joey Thomas) | 2004 R4 #102 (Will Poole),2004 R3 #87 (B.J. Sander),0,0,2,1,2,1,0,0,326.75056426337255,147.1127244382688,0,-1,-1,-179.63783982510375,70.0,87.0,3 | 4,3
28,2004,2004-04-24,CLE,2,pick_only,IND,2004 R3 #68 (Ben Hartsock) | 2004 R5 #141 (Jake Scott) | 2004 R6 #173 (Von Hutchins),2004 R2 #59 (Sean Jones) | 2004 R5 #161 (Amon Gordon),0,0,3,2,3,2,0,0,300.191819718107,332.4765511339369,0,-1,-1,32.28473141582987,68.0,59.0,3 | 5 | 6,2 | 5
28,2004,2004-04-24,IND,2,pick_only,CLE,2004 R2 #59 (Sean Jones) | 2004 R5 #161 (Amon Gordon),2004 R3 #68 (Ben Hartsock) | 2004 R5 #141 (Jake Scott) | 2004 R6 #173 (Von Hutchins),0,0,2,3,2,3,0,0,332.4765511339369,300.191819718107,0,1,1,-32.28473141582987,59.0,68.0,2 | 5,3 | 5 | 6
29,2004,2004-04-24,GB,2,player_for_draft_capital_or_mixed,JAX,2004 R3 #86 (Jorge Cordova) | 2004 R4 #118 (Anthony Maddox),2004 R3 #72 | Donnell Washington,0,1,2,1,2,1,0,0,209.68279721571813,218.59353855994584,1,-1,-1,8.910741344227716,86.0,72.0,3 | 4,3
29,2004,2004-04-24,JAX,2,player_for_draft_capital_or_mixed,GB,2004 R3 #72 | Donnell Washington,2004 R3 #86 (Jorge Cordova) | 2004 R4 #118 (Anthony Maddox),1,0,1,2,1,2,0,0,218.59353855994584,209.68279721571813,-1,1,1,-8.910741344227716,72.0,86.0,3,3 | 4
30,2004,2004-04-24,NO,2,pick_only,WAS,2004 R3 #81 (Chris Cooley) | 2004 R5 #151 (Mark Wilson),2004 R5 #139 (Rodney Leisle) | 2005 R2 #40 (Josh Bullocks),0,0,2,2,2,2,0,0,203.95400486873012,522.3703965787352,0,0,0,318.41639171000503,81.0,40.0,3 | 5,2 | 5
30,2004,2004-04-24,WAS,2,pick_only,NO,2004 R5 #139 (Rodney Leisle) | 2005 R2 #40 (Josh Bullocks),2004 R3 #81 (Chris Cooley) | 2004 R5 #151 (Mark Wilson),0,0,2,2,2,2,0,0,522.3703965787352,203.95400486873012,0,0,0,-318.41639171000503,40.0,81.0,2 | 5,3 | 5
31,2004,2004-04-24,BAL,2,pick_only,MIN,2004 R3 #88 (Darrion Scott) | 2004 R5 #155 (Rod Davis),2004 R3 #82 (Devard Darling),0,0,2,1,2,1,0,0,173.2208124156274,167.8723869982371,0,-1,-1,-5.3484254173903025,88.0,82.0,3 | 5,3
31,2004,2004-04-24,MIN,2,pick_only,BAL,2004 R3 #82 (Devard Darling),2004 R3 #88 (Darrion Scott) | 2004 R5 #155 (Rod Davis),0,0,1,2,1,2,0,0,167.8723869982371,173.2208124156274,0,1,1,5.3484254173903025,82.0,88.0,3,3 | 5
32,2004,2004-04-24,GB,2,pick_only,MIA,2004 R4 #102 (Will Poole) | 2004 R5 #153 (Roderick Green),2004 R3 #87 (B.J. Sander),0,0,2,1,2,1,0,0,127.05953061572927,147.1127244382688,0,-1,-1,20.053193822539527,102.0,87.0,4 | 5,3
32,2004,2004-04-24,MIA,2,pick_only,GB,2004 R3 #87 (B.J. Sander),2004 R4 #102 (Will Poole) | 2004 R5 #153 (Roderick Green),0,0,1,2,1,2,0,0,147.1127244382688,127.05953061572927,0,1,1,-20.053193822539527,87.0,102.0,3,4 | 5
33,2004,2004-04-25,CHI,2,player_for_draft_capital_or_mixed,SF,2004 R4 #104 (Isaac Sopoaga),2004 R4 #112 (Leon Joe) | 2004 R5 #147 | Claude Harriott,0,1,1,2,1,2,0,0,90.51292627308231,103.9566436763466,1,1,1,13.443717403264287,104.0,112.0,4,4 | 5
33,2004,2004-04-25,SF,2,player_for_draft_capital_or_mixed,CHI,2004 R4 #112 (Leon Joe) | 2004 R5 #147 | Claude Harriott,2004 R4 #104 (Isaac Sopoaga),1,0,2,1,2,1,0,0,103.9566436763466,90.51292627308231,-1,-1,-1,-13.443717403264287,112.0,104.0,4 | 5,4
34,2004,2004-04-25,BAL,2,player_for_draft_capital_or_mixed,JAX,2004 R4 #120 (Ernest Wilford),Kevin Johnson,0,1,1,0,1,0,0,0,55.10815090599254,0.0,1,-1,-1,-55.10815090599254,120.0,,4,
34,2004,2004-04-25,JAX,2,player_for_draft_capital_or_mixed,BAL,Kevin Johnson,2004 R4 #120 (Ernest Wilford),1,0,0,1,0,1,0,0,0.0,55.10815090599254,-1,1,1,55.10815090599254,,120.0,,4
35,2004,2004-04-25,BAL,2,pick_only,MIA,2004 R5 #160 (Tony Bua) | 2004 R7 #222 (Derrick Pope),2004 R5 #153 (Roderick Green),0,0,2,1,2,1,0,0,32.325778164601054,30.754837497837325,0,-1,-1,-1.570940666763729,160.0,153.0,5 | 7,5
35,2004,2004-04-25,MIA,2,pick_only,BAL,2004 R5 #153 (Roderick Green),2004 R5 #160 (Tony Bua) | 2004 R7 #222 (Derrick Pope),0,0,1,2,1,2,0,0,30.754837497837325,32.325778164601054,0,1,1,1.570940666763729,153.0,160.0,5,5 | 7
36,2004,2004-04-25,DAL,2,pick_only,NO,2004 R5 #156 (Mike Karney),2004 R6 #182 (Cody Spencer) | 2004 R7 #206 (Mark Jones),0,0,1,2,1,2,0,0,29.54247212175932,25.47879928059126,0,1,1,-4.06367284116806,156.0,182.0,5,6 | 7
36,2004,2004-04-25,NO,2,pick_only,DAL,2004 R6 #182 (Cody Spencer) | 2004 R7 #206 (Mark Jones),2004 R5 #156 (Mike Karney),0,0,2,1,2,1,0,0,25.47879928059126,29.54247212175932,0,-1,-1,4.06367284116806,182.0,156.0,6 | 7,5
37,2004,2004-04-25,KC,2,player_for_draft_capital_or_mixed,PHI,2004 R5 #162 (Thomas Tapeh) | 2005 R3 #77 (Ryan Moats),John Welbourn,0,1,2,0,2,0,0,0,218.37442009644099,0.0,1,-2,-2,-218.37442009644099,77.0,,3 | 5,
37,2004,2004-04-25,PHI,2,player_for_draft_capital_or_mixed,KC,John Welbourn,2004 R5 #162 (Thomas Tapeh) | 2005 R3 #77 (Ryan Moats),1,0,0,2,0,2,0,0,0.0,218.37442009644099,-1,2,2,218.37442009644099,,77.0,,3 | 5
38,2004,2004-04-25,HOU,2,player_for_draft_capital_or_mixed,JAX,2004 R5 #159 | Sean Bubin,2004 R6 #175 (Jammal Lord) | 2004 R7 #210 (Raheem Orr),1,0,1,2,1,2,0,0,28.377898570470364,27.152271042805435,-1,1,1,-1.2256275276649298,159.0,175.0,5,6 | 7
38,2004,2004-04-25,JAX,2,player_for_draft_capital_or_mixed,HOU,2004 R6 #175 (Jammal Lord) | 2004 R7 #210 (Raheem Orr),2004 R5 #159 | Sean Bubin,0,1,2,1,2,1,0,0,27.152271042805435,28.377898570470364,1,-1,-1,1.2256275276649298,175.0,159.0,6 | 7,5
39,2004,2004-04-25,ATL,2,pick_only,MIA,2004 R6 #174 (Rex Hadnot),2004 R6 #186 (Etric Pruitt) | 2004 R7 #219 (Quincy Wilson),0,0,1,2,1,2,0,0,20.67556604315299,20.807903984059813,0,1,1,0.13233794090682238,174.0,186.0,6,6 | 7
39,2004,2004-04-25,MIA,2,pick_only,ATL,2004 R6 #186 (Etric Pruitt) | 2004 R7 #219 (Quincy Wilson),2004 R6 #174 (Rex Hadnot),0,0,2,1,2,1,0,0,20.807903984059813,20.67556604315299,0,-1,-1,-0.13233794090682238,186.0,174.0,6 | 7,6
40,2004,2004-04-25,GB,2,player_for_draft_capital_or_mixed,SF,2004 R6 #188 (Andy Lee) | 2004 R7 #226 | Christian Ferrara,2004 R6 #179 (Corey Williams),1,0,2,1,2,1,0,0,18.935124430132284,18.553313004236372,-1,-1,-1,-0.3818114258959113,188.0,179.0,6 | 7,6
40,2004,2004-04-25,SF,2,player_for_draft_capital_or_mixed,GB,2004 R6 #179 (Corey Williams),2004 R6 #188 (Andy Lee) | 2004 R7 #226 | Christian Ferrara,0,1,1,2,1,2,0,0,18.553313004236372,18.935124430132284,1,1,1,0.3818114258959113,179.0,188.0,6,6 | 7
41,2004,2004-04-25,DAL,2,pick_only,OAK,2004 R6 #182 (Cody Spencer),2004 R7 #205 (Nate Jones) | 2004 R7 #223 (Jacques Reeves),0,0,1,2,1,2,0,0,17.386009369028777,12.575597662464673,0,1,1,-4.810411706564103,182.0,205.0,6,7
41,2004,2004-04-25,OAK,2,pick_only,DAL,2004 R7 #205 (Nate Jones) | 2004 R7 #223 (Jacques Reeves),2004 R6 #182 (Cody Spencer),0,0,2,1,2,1,0,0,12.575597662464673,17.386009369028777,0,-1,-1,4.810411706564103,205.0,182.0,7,6
42,2004,2004-04-25,DAL,2,player_for_draft_capital_or_mixed,TB,2004 R7 #206 (Mark Jones),2004 R7 #216 (Patrick Crayton) | Darian Barnes,0,1,1,1,1,1,0,0,8.092789911562482,5.4711295994695215,1,0,0,-2.6216603120929607,206.0,216.0,7,7
42,2004,2004-04-25,TB,2,player_for_draft_capital_or_mixed,DAL,2004 R7 #216 (Patrick Crayton) | Darian Barnes,2004 R7 #206 (Mark Jones),1,0,1,1,1,1,0,0,5.4711295994695215,8.092789911562482,-1,0,0,2.6216603120929607,216.0,206.0,7,7
43,2004,2004-06-09,SD,2,player_for_draft_capital_or_mixed,TB,2005 R5 #144 (Jerome Collins),Roman Oben,0,1,1,0,1,0,0,0,34.698703145794944,0.0,1,-1,-1,-34.698703145794944,144.0,,5,
43,2004,2004-06-09,TB,2,player_for_draft_capital_or_mixed,SD,Roman Oben,2005 R5 #144 (Jerome Collins),1,0,0,1,0,1,0,0,0.0,34.698703145794944,-1,1,1,34.698703145794944,,144.0,,5
44,2004,2004-07-08,GB,2,player_for_draft_capital_or_mixed,IND,Jamal Reynolds,2004,1,0,0,1,0,0,0,0,0.0,0.0,-1,1,0,0.0,,,,
44,2004,2004-07-08,IND,2,player_for_draft_capital_or_mixed,GB,2004,Jamal Reynolds,0,1,1,0,0,0,0,0,0.0,0.0,1,-1,0,0.0,,,,
45,2004,2004-08-17,CHI,2,player_for_draft_capital_or_mixed,NE,2004,Quinn Dorsey,0,1,1,0,0,0,0,0,0.0,0.0,1,-1,0,0.0,,,,
45,2004,2004-08-17,NE,2,player_for_draft_capital_or_mixed,CHI,Quinn Dorsey,2004,1,0,0,1,0,0,0,0,0.0,0.0,-1,1,0,0.0,,,,
46,2004,2004-08-24,CHI,2,player_for_draft_capital_or_mixed,MIA,2005 R3 #70 (Channing Crowder) | Marty Booker,Adewale Ogunleye,1,1,1,0,1,0,0,0,230.4458711454806,0.0,0,-1,-1,-230.4458711454806,70.0,,3,
46,2004,2004-08-24,MIA,2,player_for_draft_capital_or_mixed,CHI,Adewale Ogunleye,2005 R3 #70 (Channing Crowder) | Marty Booker,1,1,0,1,0,1,0,0,0.0,230.4458711454806,0,1,1,230.4458711454806,,70.0,,3
47,2004,2004-08-25,CAR,2,player_for_draft_capital_or_mixed,DAL,2004,Javier Collins,0,1,1,0,0,0,0,0,0.0,0.0,1,-1,0,0.0,,,,
47,2004,2004-08-25,DAL,2,player_for_draft_capital_or_mixed,CAR,Javier Collins,2004,1,0,0,1,0,0,0,0,0.0,0.0,-1,1,0,0.0,,,,
48,2004,2004-08-30,CHI,2,player_for_draft_capital_or_mixed,OAK,2004,Shurron Pierson,0,1,1,0,0,0,0,0,0.0,0.0,1,-1,0,0.0,,,,
48,2004,2004-08-30,OAK,2,player_for_draft_capital_or_mixed,CHI,Shurron Pierson,2004,1,0,0,1,0,0,0,0,0.0,0.0,-1,1,0,0.0,,,,
49,2004,2004-08-31,ARI,2,player_for_draft_capital_or_mixed,OAK,2004,Peppi Zellner | Troy Hambrick,0,2,1,0,0,0,0,0,0.0,0.0,2,-1,0,0.0,,,,
49,2004,2004-08-31,OAK,2,player_for_draft_capital_or_mixed,ARI,Peppi Zellner | Troy Hambrick,2004,2,0,0,1,0,0,0,0,0.0,0.0,-2,1,0,0.0,,,,
50,2004,2004-08-31,NYG,2,player_for_draft_capital_or_mixed,TB,2004,Jason Whittle,0,1,1,0,0,0,0,0,0.0,0.0,1,-1,0,0.0,,,,
50,2004,2004-08-31,TB,2,player_for_draft_capital_or_mixed,NYG,Jason Whittle,2004,1,0,0,1,0,0,0,0,0.0,0.0,-1,1,0,0.0,,,,
51,2004,2004-09-01,HOU,2,player_for_draft_capital_or_mixed,KC,Stephen Cheek,2004,1,0,0,1,0,0,0,0,0.0,0.0,-1,1,0,0.0,,,,
51,2004,2004-09-01,KC,2,player_for_draft_capital_or_mixed,HOU,2004,Stephen Cheek,0,1,1,0,0,0,0,0,0.0,0.0,1,-1,0,0.0,,,,
52,2004,2004-09-03,GB,2,player_for_draft_capital_or_mixed,OAK,Marques Anderson,2005 R5 #143 (Junius Coston),1,0,0,1,0,1,0,0,0.0,35.167009942793925,-1,1,1,35.167009942793925,,143.0,,5
52,2004,2004-09-03,OAK,2,player_for_draft_capital_or_mixed,GB,2005 R5 #143 (Junius Coston),Marques Anderson,0,1,1,0,1,0,0,0,35.167009942793925,0.0,1,-1,-1,-35.167009942793925,143.0,,5,
53,2004,2004-09-04,CAR,2,player_for_draft_capital_or_mixed,PIT,2004,Todd Fordham,0,1,1,0,0,0,0,0,0.0,0.0,1,-1,0,0.0,,,,
53,2004,2004-09-04,PIT,2,player_for_draft_capital_or_mixed,CAR,Todd Fordham,2004,1,0,0,1,0,0,0,0,0.0,0.0,-1,1,0,0.0,,,,
54,2004,2004-09-05,GB,2,player_for_draft_capital_or_mixed,KC,2005 R5 #162 (Anthony Alabi) | 2005 R6 #199 (Khari Long),R-Kal Truluck,0,1,2,0,2,0,0,0,37.457094918590585,0.0,1,-2,-2,-37.457094918590585,162.0,,5 | 6,
54,2004,2004-09-05,KC,2,player_for_draft_capital_or_mixed,GB,R-Kal Truluck,2005 R5 #162 (Anthony Alabi) | 2005 R6 #199 (Khari Long),1,0,0,2,0,2,0,0,0.0,37.457094918590585,-1,2,2,37.457094918590585,,162.0,,5 | 6
55,2004,2004-09-05,GB,2,player_for_draft_capital_or_mixed,MIA,2004,Brad Bedell,0,1,1,0,0,0,0,0,0.0,0.0,1,-1,0,0.0,,,,
55,2004,2004-09-05,MIA,2,player_for_draft_capital_or_mixed,GB,Brad Bedell,2004,1,0,0,1,0,0,0,0,0.0,0.0,-1,1,0,0.0,,,,
56,2004,2004-09-09,MIA,2,player_for_draft_capital_or_mixed,STL,2005 R3 #66 (O.J. Atogwe),Lamar Gordon,0,1,1,0,1,0,0,0,256.1133125007298,0.0,1,-1,-1,-256.1133125007298,66.0,,3,
56,2004,2004-09-09,STL,2,player_for_draft_capital_or_mixed,MIA,Lamar Gordon,2005 R3 #66 (O.J. Atogwe),1,0,0,1,0,1,0,0,0.0,256.1133125007298,-1,1,1,256.1133125007298,,66.0,,3
57,2004,2004-09-11,DAL,2,player_for_draft_capital_or_mixed,OAK,2004,Chris Cooper,0,1,1,0,0,0,0,0,0.0,0.0,1,-1,0,0.0,,,,
57,2004,2004-09-11,OAK,2,player_for_draft_capital_or_mixed,DAL,Chris Cooper,2004,1,0,0,1,0,0,0,0,0.0,0.0,-1,1,0,0.0,,,,
58,2004,2004-09-24,ATL,2,player_for_draft_capital_or_mixed,DEN,Ellis Johnson,2004,1,0,0,1,0,0,0,0,0.0,0.0,-1,1,0,0.0,,,,
58,2004,2004-09-24,DEN,2,player_for_draft_capital_or_mixed,ATL,2004,Ellis Johnson,0,1,1,0,0,0,0,0,0.0,0.0,1,-1,0,0.0,,,,
59,2004,2004-10-04,GB,2,player_for_draft_capital_or_mixed,NO,2004 | Mike McKenzie,2005 R2 #51 (Nick Collins) | J.T. O'Sullivan,1,1,1,1,0,1,0,0,0.0,370.9205240505338,0,0,1,370.9205240505338,,51.0,,2
59,2004,2004-10-04,NO,2,player_for_draft_capital_or_mixed,GB,2005 R2 #51 (Nick Collins) | J.T. O'Sullivan,2004 | Mike McKenzie,1,1,1,1,1,0,0,0,370.9205240505338,0.0,0,0,-1,-370.9205240505338,51.0,,2,
60,2004,2004-10-19,CLE,2,player_only,DAL,Quincy Morgan,Antonio Bryant,1,1,0,0,0,0,0,0,0.0,0.0,0,0,0,0.0,,,,
60,2004,2004-10-19,DAL,2,player_only,CLE,Antonio Bryant,Quincy Morgan,1,1,0,0,0,0,0,0,0.0,0.0,0,0,0,0.0,,,,
61,2004,2004-10-19,OAK,2,player_for_draft_capital_or_mixed,SEA,Jerry Rice,2004,1,0,0,1,0,0,0,0,0.0,0.0,-1,1,0,0.0,,,,
61,2004,2004-10-19,SEA,2,player_for_draft_capital_or_mixed,OAK,2004,Jerry Rice,0,1,1,0,0,0,0,0,0.0,0.0,1,-1,0,0.0,,,,
62,2004,2004-10-19,SD,2,player_for_draft_capital_or_mixed,TB,conditional 2005 R3 #91 | conditional 2005 R6 #203 | Andrew Hoffman | Chris Colmer,Keenan McCardell,2,1,2,0,2,0,2,0,141.47054755100015,0.0,-1,-2,-2,-141.47054755100015,91.0,,3 | 6,
62,2004,2004-10-19,TB,2,player_for_draft_capital_or_mixed,SD,Keenan McCardell,conditional 2005 R3 #91 | conditional 2005 R6 #203 | Andrew Hoffman | Chris Colmer,1,2,0,2,0,2,0,2,0.0,141.47054755100015,1,2,2,141.47054755100015,,91.0,,3 | 6
63,2005,2005-03-03,CLE,2,player_for_draft_capital_or_mixed,DEN,Gerard Warren,2005 R4 #126 (Todd Herremans),1,0,0,1,0,1,0,0,0.0,45.75149621806973,-1,1,1,45.75149621806973,,126.0,,4
63,2005,2005-03-03,DEN,2,player_for_draft_capital_or_mixed,CLE,2005 R4 #126 (Todd Herremans),Gerard Warren,0,1,1,0,1,0,0,0,45.75149621806973,0.0,1,-1,-1,-45.75149621806973,126.0,,4,
64,2005,2005-03-03,MIN,2,player_for_draft_capital_or_mixed,OAK,Randy Moss,2005 R1 #7 (Troy Williamson) | 2005 R7 #219 | Adrian Ward | Napoleon Harris,1,2,0,2,0,2,0,0,0.0,1504.8648630974662,1,2,2,1504.8648630974662,,7.0,,1 | 7
64,2005,2005-03-03,OAK,2,player_for_draft_capital_or_mixed,MIN,2005 R1 #7 (Troy Williamson) | 2005 R7 #219 | Adrian Ward | Napoleon Harris,Randy Moss,2,1,2,0,2,0,0,0,1504.8648630974662,0.0,-1,-2,-2,-1504.8648630974662,7.0,,1 | 7,
65,2005,2005-03-04,ARI,2,player_for_draft_capital_or_mixed,NE,2005 R5 #145 (Dan Orlovsky) | Duane Starks,2005 R3 #95 (Darryl Blackstock) | 2005 R5 #168 (Lance Mitchell),1,0,1,2,1,2,0,0,34.23663262695757,142.64839963508692,-1,1,1,108.41176700812935,145.0,95.0,5,3 | 5
65,2005,2005-03-04,NE,2,player_for_draft_capital_or_mixed,ARI,2005 R3 #95 (Darryl Blackstock) | 2005 R5 #168 (Lance Mitchell),2005 R5 #145 (Dan Orlovsky) | Duane Starks,0,1,2,1,2,1,0,0,142.64839963508692,34.23663262695757,1,-1,-1,-108.41176700812935,95.0,145.0,3 | 5,5
66,2005,2005-03-07,CLE,2,player_for_draft_capital_or_mixed,SEA,2005 R4 #126 (Todd Herremans),Trent Dilfer,0,1,1,0,1,0,0,0,45.75149621806973,0.0,1,-1,-1,-45.75149621806973,126.0,,4,
66,2005,2005-03-07,SEA,2,player_for_draft_capital_or_mixed,CLE,Trent Dilfer,2005 R4 #126 (Todd Herremans),1,0,0,1,0,1,0,0,0.0,45.75149621806973,-1,1,1,45.75149621806973,,126.0,,4
67,2005,2005-03-07,NYJ,2,player_only,WAS,Santana Moss,Laveranues Coles,1,1,0,0,0,0,0,0,0.0,0.0,0,0,0,0.0,,,,
67,2005,2005-03-07,WAS,2,player_only,NYJ,Laveranues Coles,Santana Moss,1,1,0,0,0,0,0,0,0.0,0.0,0,0,0,0.0,,,,
68,2005,2005-03-18,MIN,2,player_for_draft_capital_or_mixed,NYJ,2005 R7 #230 (Matt Cassel),Sam Cowart,0,1,1,0,1,0,0,0,3.0844216508158815,0.0,1,-1,-1,-3.0844216508158815,230.0,,7,
68,2005,2005-03-18,NYJ,2,player_for_draft_capital_or_mixed,MIN,Sam Cowart,2005 R7 #230 (Matt Cassel),1,0,0,1,0,1,0,0,0.0,3.0844216508158815,-1,1,1,3.0844216508158815,,230.0,,7
69,2005,2005-03-18,CLE,2,player_only,DEN,Ebenezer Ekuban | Michael Myers,Reuben Droughns,2,1,0,0,0,0,0,0,0.0,0.0,-1,0,0,0.0,,,,
69,2005,2005-03-18,DEN,2,player_only,CLE,Reuben Droughns,Ebenezer Ekuban | Michael Myers,1,2,0,0,0,0,0,0,0.0,0.0,1,0,0,0.0,,,,
70,2005,2005-03-18,MIN,2,player_for_draft_capital_or_mixed,TEN,2005 R7 #230 (Matt Cassel),Carlos Hall,0,1,1,0,1,0,0,0,3.0844216508158815,0.0,1,-1,-1,-3.0844216508158815,230.0,,7,
70,2005,2005-03-18,TEN,2,player_for_draft_capital_or_mixed,MIN,Carlos Hall,2005 R7 #230 (Matt Cassel),1,0,0,1,0,1,0,0,0.0,3.0844216508158815,-1,1,1,3.0844216508158815,,230.0,,7
71,2005,2005-04-20,DEN,2,pick_only,WAS,2005 R1 #25 (Jason Campbell),2005 R3 #76 (Karl Paymah) | 2006 R1 #22 (Manny Lawson) | 2006 R4 #126 (Elvis Dumervil),0,0,1,3,1,3,0,0,720.0,1022.4377907662157,0,2,2,302.4377907662157,25.0,22.0,1,1 | 3 | 4
71,2005,2005-04-20,WAS,2,pick_only,DEN,2005 R3 #76 (Karl Paymah) | 2006 R1 #22 (Manny Lawson) | 2006 R4 #126 (Elvis Dumervil),2005 R1 #25 (Jason Campbell),0,0,3,1,3,1,0,0,1022.4377907662157,720.0,0,-2,-2,-302.4377907662157,22.0,25.0,1 | 3 | 4,1
72,2005,2005-04-21,HOU,2,player_for_draft_capital_or_mixed,OAK,2005 R2 #47 (Mike Nugent) | 2005 R3 #78 (Kirk Morrison),Phillip Buchanon,0,1,2,0,2,0,0,0,595.5642515908066,0.0,1,-2,-2,-595.5642515908066,47.0,,2 | 3,
72,2005,2005-04-21,OAK,2,player_for_draft_capital_or_mixed,HOU,Phillip Buchanon,2005 R2 #47 (Mike Nugent) | 2005 R3 #78 (Kirk Morrison),1,0,0,2,0,2,0,0,0.0,595.5642515908066,-1,2,2,595.5642515908066,,47.0,,2 | 3
73,2005,2005-04-21,NYJ,2,player_for_draft_capital_or_mixed,OAK,2005 R1 #26 (Chris Spencer) | 2005 R7 #230 (Matt Cassel),2005 R2 #47 (Mike Nugent) | 2005 R6 #182 (Cedric Houston) | 2005 R6 #185 (Chad Owens) | Doug Jolley,0,1,2,3,2,3,0,0,703.0844216508159,442.67211853746255,1,1,1,-260.41230311335335,26.0,47.0,1 | 7,2 | 6
73,2005,2005-04-21,OAK,2,player_for_draft_capital_or_mixed,NYJ,2005 R2 #47 (Mike Nugent) | 2005 R6 #182 (Cedric Houston) | 2005 R6 #185 (Chad Owens) | Doug Jolley,2005 R1 #26 (Chris Spencer) | 2005 R7 #230 (Matt Cassel),1,0,3,2,3,2,0,0,442.67211853746255,703.0844216508159,-1,-1,-1,260.41230311335335,47.0,26.0,2 | 6,1 | 7
76,2005,2005-04-21,OAK,2,pick_only,SEA,2005 R1 #26 (Chris Spencer) | 2005 R4 #105 (Ray Willis),2005 R1 #23 (Fabian Washington),0,0,2,1,2,1,0,0,787.7490014151167,760.0,0,-1,-1,-27.74900141511671,26.0,23.0,1 | 4,1
76,2005,2005-04-21,SEA,2,pick_only,OAK,2005 R1 #23 (Fabian Washington),2005 R1 #26 (Chris Spencer) | 2005 R4 #105 (Ray Willis),0,0,1,2,1,2,0,0,760.0,787.7490014151167,0,1,1,27.74900141511671,23.0,26.0,1,1 | 4
74,2005,2005-04-23,KC,2,player_for_draft_capital_or_mixed,MIA,2005 R2 #46 (Matt Roth) | 2005 R5 #162 (Anthony Alabi),2005 R5 #138 (Boomer Grigsby) | Patrick Surtain,0,1,2,1,2,1,0,0,445.9208460913088,37.605074032686986,1,-1,-1,-408.31577205862186,46.0,138.0,2 | 5,5
74,2005,2005-04-23,MIA,2,player_for_draft_capital_or_mixed,KC,2005 R5 #138 (Boomer Grigsby) | Patrick Surtain,2005 R2 #46 (Matt Roth) | 2005 R5 #162 (Anthony Alabi),1,0,1,2,1,2,0,0,37.605074032686986,445.9208460913088,-1,1,1,408.31577205862186,138.0,46.0,5,2 | 5
75,2005,2005-04-23,HOU,2,pick_only,NO,2005 R1 #13 (Jammal Brown),2005 R1 #16 (Travis Johnson) | 2006 R3 #66 (Eric Winston),0,0,1,2,1,2,0,0,1150.0,1256.1133125007298,0,1,1,106.11331250072976,13.0,16.0,1,1 | 3
75,2005,2005-04-23,NO,2,pick_only,HOU,2005 R1 #16 (Travis Johnson) | 2006 R3 #66 (Eric Winston),2005 R1 #13 (Jammal Brown),0,0,2,1,2,1,0,0,1256.1133125007298,1150.0,0,-1,-1,-106.11331250072976,16.0,13.0,1 | 3,1
77,2005,2005-04-23,DET,2,pick_only,TEN,2005 R2 #41 (Michael Roos) | 2005 R4 #113 (David Stewart),2005 R2 #37 (Shaun Cody),0,0,2,1,2,1,0,0,542.0246906160771,522.1640557764364,0,-1,-1,-19.86063483964074,41.0,37.0,2 | 4,2
77,2005,2005-04-23,TEN,2,pick_only,DET,2005 R2 #37 (Shaun Cody),2005 R2 #41 (Michael Roos) | 2005 R4 #113 (David Stewart),0,0,1,2,1,2,0,0,522.1640557764364,542.0246906160771,0,1,1,19.86063483964074,37.0,41.0,2,2 | 4
78,2005,2005-04-23,CAR,2,player_for_draft_capital_or_mixed,SEA,2005 R2 #45 (Lofa Tatupu),2005 R2 #54 (Eric Shelton) | 2005 R4 #121 | 2005 R4 #126 (Todd Herremans) | Stefan Lefors,0,1,1,3,1,3,0,0,429.4720557935401,443.88681866077883,1,2,2,14.414762867238721,45.0,54.0,2,2 | 4
78,2005,2005-04-23,SEA,2,player_for_draft_capital_or_mixed,CAR,2005 R2 #54 (Eric Shelton) | 2005 R4 #121 | 2005 R4 #126 (Todd Herremans) | Stefan Lefors,2005 R2 #45 (Lofa Tatupu),1,0,3,1,3,1,0,0,443.88681866077883,429.4720557935401,-1,-2,-2,-14.414762867238721,54.0,45.0,2 | 4,2
79,2005,2005-04-23,BAL,2,player_for_draft_capital_or_mixed,NE,2005 R3 #84 (Ellis Hobbs) | 2005 R6 #195 | 2006 R3 #75 (Jason Spitz) | Craig Bragg,2005 R2 #64 (Adam Terry),1,0,3,1,3,1,0,0,373.6351392660448,270.0,-1,-2,-2,-103.6351392660448,75.0,64.0,3 | 6,2
79,2005,2005-04-23,NE,2,player_for_draft_capital_or_mixed,BAL,2005 R2 #64 (Adam Terry),2005 R3 #84 (Ellis Hobbs) | 2005 R6 #195 | 2006 R3 #75 (Jason Spitz) | Craig Bragg,0,1,1,3,1,3,0,0,270.0,373.6351392660448,1,2,2,103.6351392660448,64.0,75.0,2,3 | 6
80,2005,2005-04-23,CAR,2,pick_only,GB,2005 R4 #115 (Marviel Underwood) | 2005 R4 #126 (Todd Herremans),2005 R3 #89 (Atiyyah Ellison),0,0,2,1,2,1,0,0,110.10288939700064,139.54639691441523,0,-1,-1,29.443507517414588,115.0,89.0,4,3
80,2005,2005-04-23,GB,2,pick_only,CAR,2005 R3 #89 (Atiyyah Ellison),2005 R4 #115 (Marviel Underwood) | 2005 R4 #126 (Todd Herremans),0,0,1,2,1,2,0,0,139.54639691441523,110.10288939700064,0,1,1,-29.443507517414588,89.0,115.0,3,4
81,2005,2005-04-23,PHI,2,pick_only,SF,2005 R3 #94 (Adam Snyder),2005 R4 #102 (Sean Considine) | 2005 R6 #175 (Anttaj Hawthorne),0,0,1,2,1,2,0,0,122.28962131716897,116.53722441557059,0,1,1,-5.752396901598374,94.0,102.0,3,4 | 6
81,2005,2005-04-23,SF,2,pick_only,PHI,2005 R4 #102 (Sean Considine) | 2005 R6 #175 (Anttaj Hawthorne),2005 R3 #94 (Adam Snyder),0,0,2,1,2,1,0,0,116.53722441557059,122.28962131716897,0,-1,-1,5.752396901598374,102.0,94.0,4 | 6,3
82,2005,2005-04-24,MIN,2,player_for_draft_capital_or_mixed,WAS,2005 R4 #120 | 2005 R5 #154 (Robert McCune) | Manuel White,2005 R4 #112 (Ciatrick Fason),1,0,2,1,2,1,0,0,85.45343696729132,70.6257743320383,-1,-1,-1,-14.82766263525302,120.0,112.0,4 | 5,4
82,2005,2005-04-24,WAS,2,player_for_draft_capital_or_mixed,MIN,2005 R4 #112 (Ciatrick Fason),2005 R4 #120 | 2005 R5 #154 (Robert McCune) | Manuel White,0,1,1,2,1,2,0,0,70.6257743320383,85.45343696729132,1,1,1,14.82766263525302,112.0,120.0,4,4 | 5
83,2005,2005-04-24,CLE,2,player_for_draft_capital_or_mixed,TB,Luke McCown,2005 R6 #203 | Andrew Hoffman,1,1,0,1,0,1,0,0,0.0,9.101325472139058,0,1,1,9.101325472139058,,203.0,,6
83,2005,2005-04-24,TB,2,player_for_draft_capital_or_mixed,CLE,2005 R6 #203 | Andrew Hoffman,Luke McCown,1,1,1,0,1,0,0,0,9.101325472139058,0.0,0,-1,-1,-9.101325472139058,203.0,,6,
84,2005,2005-04-24,JAX,2,pick_only,NYJ,2005 R4 #123 (Kerry Rhodes),2005 R4 #127 (Alvin Pearman) | 2005 R6 #185 (Chad Owens),0,0,1,2,1,2,0,0,50.21235264116127,60.64656536070034,0,1,1,10.434212719539076,123.0,127.0,4,4 | 6
84,2005,2005-04-24,NYJ,2,pick_only,JAX,2005 R4 #127 (Alvin Pearman) | 2005 R6 #185 (Chad Owens),2005 R4 #123 (Kerry Rhodes),0,0,2,1,2,1,0,0,60.64656536070034,50.21235264116127,0,-1,-1,-10.434212719539076,127.0,123.0,4 | 6,4
85,2005,2005-04-24,GB,2,player_for_draft_capital_or_mixed,PHI,2005 R4 #126 (Todd Herremans),2005 R5 #167 (Michael Hawkins) | 2005 R6 #175 (Anttaj Hawthorne) | 2005 R7 #245 | Kurt Campbell,0,1,1,3,1,3,0,0,45.75149621806973,45.903691803342596,1,2,2,0.1521955852728638,126.0,167.0,4,5 | 6 | 7
85,2005,2005-04-24,PHI,2,player_for_draft_capital_or_mixed,GB,2005 R5 #167 (Michael Hawkins) | 2005 R6 #175 (Anttaj Hawthorne) | 2005 R7 #245 | Kurt Campbell,2005 R4 #126 (Todd Herremans),1,0,3,1,3,1,0,0,45.903691803342596,45.75149621806973,-1,-2,-2,-0.1521955852728638,167.0,126.0,5 | 6 | 7,4
86,2005,2005-04-24,DAL,2,pick_only,PHI,2005 R5 #148 (Jonathan Welsh) | 2006 R4 #116 (Stephen Tulloch),2005 R4 #132 (Chris Canty) | 2006 R6 #182 (Montavious Stanley),0,0,2,2,2,2,0,0,95.27335708595558,58.14089254325039,0,0,0,-37.13246454270519,116.0,132.0,4 | 5,4 | 6
86,2005,2005-04-24,PHI,2,pick_only,DAL,2005 R4 #132 (Chris Canty) | 2006 R6 #182 (Montavious Stanley),2005 R5 #148 (Jonathan Welsh) | 2006 R4 #116 (Stephen Tulloch),0,0,2,2,2,2,0,0,58.14089254325039,95.27335708595558,0,0,0,37.13246454270519,132.0,116.0,4 | 6,4 | 5
87,2005,2005-04-24,STL,2,player_for_draft_capital_or_mixed,TB,2005 R5 #155 | 2005 R7 #231 (Hamza Abdullah) | Larry Brackins,2005 R5 #144 (Jerome Collins),1,0,2,1,2,1,0,0,32.89484077017308,34.698703145794944,-1,-1,-1,1.8038623756218612,155.0,144.0,5 | 7,5
87,2005,2005-04-24,TB,2,player_for_draft_capital_or_mixed,STL,2005 R5 #144 (Jerome Collins),2005 R5 #155 | 2005 R7 #231 (Hamza Abdullah) | Larry Brackins,0,1,1,2,1,2,0,0,34.698703145794944,32.89484077017308,1,1,1,-1.8038623756218612,144.0,155.0,5,5 | 7
88,2005,2005-04-24,DET,2,pick_only,NE,2006 R4 #106 (Garrett Mills),2005 R5 #145 (Dan Orlovsky) | 2005 R6 #206 (Jonathan Goddard),0,0,1,2,1,2,0,0,85.06947644272576,42.329422538520056,0,1,1,-42.7400539042057,106.0,145.0,4,5 | 6
88,2005,2005-04-24,NE,2,pick_only,DET,2005 R5 #145 (Dan Orlovsky) | 2005 R6 #206 (Jonathan Goddard),2006 R4 #106 (Garrett Mills),0,0,2,1,2,1,0,0,42.329422538520056,85.06947644272576,0,-1,-1,42.7400539042057,145.0,106.0,5 | 6,4
89,2005,2005-04-24,IND,2,pick_only,PHI,2006 R4 #127 (Ray Edwards),2005 R5 #148 (Jonathan Welsh),0,0,1,1,1,1,0,0,44.35441733781426,32.88701379078764,0,0,0,-11.46740354702662,127.0,148.0,4,5
89,2005,2005-04-24,PHI,2,pick_only,IND,2005 R5 #148 (Jonathan Welsh),2006 R4 #127 (Ray Edwards),0,0,1,1,1,1,0,0,32.88701379078764,44.35441733781426,0,0,0,11.46740354702662,148.0,127.0,5,4
90,2005,2005-04-24,GB,2,player_for_draft_capital_or_mixed,NE,2005 R6 #175 (Anttaj Hawthorne),2005 R6 #195 | 2005 R7 #246 (Will Whitticker) | Craig Bragg,0,1,1,2,1,2,0,0,20.23253129767865,13.990843621664421,1,1,1,-6.24168767601423,175.0,195.0,6,6 | 7
90,2005,2005-04-24,NE,2,player_for_draft_capital_or_mixed,GB,2005 R6 #195 | 2005 R7 #246 (Will Whitticker) | Craig Bragg,2005 R6 #175 (Anttaj Hawthorne),1,0,2,1,2,1,0,0,13.990843621664421,20.23253129767865,-1,-1,-1,6.24168767601423,195.0,175.0,6 | 7,6
91,2005,2005-04-24,NE,2,pick_only,OAK,2005 R6 #175 (Anttaj Hawthorne),2005 R7 #230 (Matt Cassel) | 2006 R5 #136 (Ryan O'Callaghan),0,0,1,2,1,2,0,0,20.23253129767865,41.71141008208222,0,1,1,21.478878784403566,175.0,136.0,6,5 | 7
91,2005,2005-04-24,OAK,2,pick_only,NE,2005 R7 #230 (Matt Cassel) | 2006 R5 #136 (Ryan O'Callaghan),2005 R6 #175 (Anttaj Hawthorne),0,0,2,1,2,1,0,0,41.71141008208222,20.23253129767865,0,-1,-1,-21.478878784403566,136.0,175.0,5 | 7,6
92,2005,2005-05-19,CAR,2,player_for_draft_capital_or_mixed,DEN,Todd Sauerbrun,2005 | Jason Baker,1,1,0,1,0,0,0,0,0.0,0.0,0,1,0,0.0,,,,
92,2005,2005-05-19,DEN,2,player_for_draft_capital_or_mixed,CAR,2005 | Jason Baker,Todd Sauerbrun,1,1,1,0,0,0,0,0,0.0,0.0,0,-1,0,0.0,,,,
93,2005,2005-07-14,DAL,2,player_only,NYJ,Pete Hunter,,1,0,0,0,0,0,0,0,0.0,0.0,-1,0,0,0.0,,,,
93,2005,2005-07-14,NYJ,2,player_only,DAL,,Pete Hunter,0,1,0,0,0,0,0,0,0.0,0.0,1,0,0,0.0,,,,
94,2005,2005-07-15,DEN,2,player_only,SF,Willie Middlebrooks,John Engelberger,1,1,0,0,0,0,0,0,0.0,0.0,0,0,0,0.0,,,,
94,2005,2005-07-15,SF,2,player_only,DEN,John Engelberger,Willie Middlebrooks,1,1,0,0,0,0,0,0,0.0,0.0,0,0,0,0.0,,,,
95,2005,2005-07-19,BUF,2,player_for_draft_capital_or_mixed,TEN,Travis Henry,2006 R3 #70 (Ashton Youboty),1,0,0,1,0,1,0,0,0.0,230.4458711454806,-1,1,1,230.4458711454806,,70.0,,3
95,2005,2005-07-19,TEN,2,player_for_draft_capital_or_mixed,BUF,2006 R3 #70 (Ashton Youboty),Travis Henry,0,1,1,0,1,0,0,0,230.4458711454806,0.0,1,-1,-1,-230.4458711454806,70.0,,3,
96,2005,2005-07-28,CAR,2,player_only,WAS,,Rod Gardner,0,1,0,0,0,0,0,0,0.0,0.0,1,0,0,0.0,,,,
96,2005,2005-07-28,WAS,2,player_only,CAR,Rod Gardner,,1,0,0,0,0,0,0,0,0.0,0.0,-1,0,0,0.0,,,,
97,2005,2005-08-04,MIA,2,player_only,SEA,Ronald Flemons,Kris Richard,1,1,0,0,0,0,0,0,0.0,0.0,0,0,0,0.0,,,,
97,2005,2005-08-04,SEA,2,player_only,MIA,Kris Richard,Ronald Flemons,1,1,0,0,0,0,0,0,0.0,0.0,0,0,0,0.0,,,,
98,2005,2005-08-17,DET,2,player_for_draft_capital_or_mixed,NYJ,2005,Jon McGraw,0,1,1,0,0,0,0,0,0.0,0.0,1,-1,0,0.0,,,,
98,2005,2005-08-17,NYJ,2,player_for_draft_capital_or_mixed,DET,Jon McGraw,2005,1,0,0,1,0,0,0,0,0.0,0.0,-1,1,0,0.0,,,,
99,2005,2005-08-22,CLE,2,player_only,NE,Andre Davis,,1,0,0,0,0,0,0,0,0.0,0.0,-1,0,0,0.0,,,,
99,2005,2005-08-22,NE,2,player_only,CLE,,Andre Davis,0,1,0,0,0,0,0,0,0.0,0.0,1,0,0,0.0,,,,
100,2005,2005-08-26,DAL,2,player_for_draft_capital_or_mixed,JAX,2005,Seth Marler,0,1,1,0,0,0,0,0,0.0,0.0,1,-1,0,0.0,,,,
100,2005,2005-08-26,JAX,2,player_for_draft_capital_or_mixed,DAL,Seth Marler,2005,1,0,0,1,0,0,0,0,0.0,0.0,-1,1,0,0.0,,,,
101,2005,2005-08-29,CHI,2,player_only,SEA,Alain Kashama,,1,0,0,0,0,0,0,0,0.0,0.0,-1,0,0,0.0,,,,
101,2005,2005-08-29,SEA,2,player_only,CHI,,Alain Kashama,0,1,0,0,0,0,0,0,0.0,0.0,1,0,0,0.0,,,,
102,2005,2005-08-29,CHI,2,player_only,MIA,John Owens,Brendon Ayanbadejo,1,1,0,0,0,0,0,0,0.0,0.0,0,0,0,0.0,,,,
102,2005,2005-08-29,MIA,2,player_only,CHI,Brendon Ayanbadejo,John Owens,1,1,0,0,0,0,0,0,0.0,0.0,0,0,0,0.0,,,,
103,2005,2005-09-03,CLE,2,player_only,MIN,Melvin Fowler,Nat Dorsey,1,1,0,0,0,0,0,0,0.0,0.0,0,0,0,0.0,,,,
103,2005,2005-09-03,MIN,2,player_only,CLE,Nat Dorsey,Melvin Fowler,1,1,0,0,0,0,0,0,0.0,0.0,0,0,0,0.0,,,,
104,2005,2005-09-03,GB,2,player_only,STL,Chris Johnson,Robert Thomas,1,1,0,0,0,0,0,0,0.0,0.0,0,0,0,0.0,,,,
104,2005,2005-09-03,STL,2,player_only,GB,Robert Thomas,Chris Johnson,1,1,0,0,0,0,0,0,0.0,0.0,0,0,0,0.0,,,,
105,2005,2005-09-03,GB,2,player_for_draft_capital_or_mixed,NYJ,Steve Morley,2005,1,0,0,1,0,0,0,0,0.0,0.0,-1,1,0,0.0,,,,
105,2005,2005-09-03,NYJ,2,player_for_draft_capital_or_mixed,GB,2005,Steve Morley,0,1,1,0,0,0,0,0,0.0,0.0,1,-1,0,0.0,,,,
106,2005,2005-09-03,KC,2,player_only,NYJ,Scott Fujita,,1,0,0,0,0,0,0,0,0.0,0.0,-1,0,0,0.0,,,,
106,2005,2005-09-03,NYJ,2,player_only,KC,,Scott Fujita,0,1,0,0,0,0,0,0,0.0,0.0,1,0,0,0.0,,,,
107,2005,2005-09-03,IND,2,player_for_draft_capital_or_mixed,TEN,2005,Rocky Calmus,0,1,1,0,0,0,0,0,0.0,0.0,1,-1,0,0.0,,,,
107,2005,2005-09-03,TEN,2,player_for_draft_capital_or_mixed,IND,Rocky Calmus,2005,1,0,0,1,0,0,0,0,0.0,0.0,-1,1,0,0.0,,,,
108,2005,2005-10-06,JAX,2,player_for_draft_capital_or_mixed,SF,2005,Jamie Winborn,0,1,1,0,0,0,0,0,0.0,0.0,1,-1,0,0.0,,,,
108,2005,2005-10-06,SF,2,player_for_draft_capital_or_mixed,JAX,Jamie Winborn,2005,1,0,0,1,0,0,0,0,0.0,0.0,-1,1,0,0.0,,,,
109,2005,2005-10-11,MIA,2,player_for_draft_capital_or_mixed,NO,Jesse Chatman,2005,1,0,0,1,0,0,0,0,0.0,0.0,-1,1,0,0.0,,,,
109,2005,2005-10-11,NO,2,player_for_draft_capital_or_mixed,MIA,2005,Jesse Chatman,0,1,1,0,0,0,0,0,0.0,0.0,1,-1,0,0.0,,,,
110,2005,2005-10-18,MIA,2,player_only,SD,A.J. Feeley,Cleo Lemon,1,1,0,0,0,0,0,0,0.0,0.0,0,0,0,0.0,,,,
110,2005,2005-10-18,SD,2,player_only,MIA,Cleo Lemon,A.J. Feeley,1,1,0,0,0,0,0,0,0.0,0.0,0,0,0,0.0,,,,
111,2005,2005-10-18,MIN,2,player_only,SD,,Tonio Fonoti,0,1,0,0,0,0,0,0,0.0,0.0,1,0,0,0.0,,,,
111,2005,2005-10-18,SD,2,player_only,MIN,Tonio Fonoti,,1,0,0,0,0,0,0,0,0.0,0.0,-1,0,0,0.0,,,,
112,2005,2005-10-18,SF,2,player_for_draft_capital_or_mixed,TB,Tim Rattay,2006 R6 #192 (Marcus Hudson),1,0,0,1,0,1,0,0,0.0,14.0,-1,1,1,14.0,,192.0,,6
112,2005,2005-10-18,TB,2,player_for_draft_capital_or_mixed,SF,2006 R6 #192 (Marcus Hudson),Tim Rattay,0,1,1,0,1,0,0,0,14.0,0.0,1,-1,-1,-14.0,192.0,,6,
113,2006,2006-03-13,SF,2,player_for_draft_capital_or_mixed,WAS,Brandon Lloyd,2006 R3 #84 (Bron Williams),1,0,0,1,0,1,0,0,0.0,159.2383448574925,-1,1,1,159.2383448574925,,84.0,,3
113,2006,2006-03-13,WAS,2,player_for_draft_capital_or_mixed,SF,2006 R3 #84 (Bron Williams),Brandon Lloyd,0,1,1,0,1,0,0,0,159.2383448574925,0.0,1,-1,-1,-159.2383448574925,84.0,,3,
114,2006,2006-03-15,MIA,2,player_for_draft_capital_or_mixed,MIN,2006 R2 #51 (Ryan Cook),Daunte Culpepper,0,1,1,0,1,0,0,0,370.9205240505338,0.0,1,-1,-1,-370.9205240505338,51.0,,2,
114,2006,2006-03-15,MIN,2,player_for_draft_capital_or_mixed,MIA,Daunte Culpepper,2006 R2 #51 (Ryan Cook),1,0,0,1,0,1,0,0,0.0,370.9205240505338,-1,1,1,370.9205240505338,,51.0,,2
115,2006,2006-03-17,NYJ,2,player_for_draft_capital_or_mixed,WAS,2006 R6 #173 (Reed Doughty),Patrick Ramsey,0,1,1,0,1,0,0,0,21.128301986307918,0.0,1,-1,-1,-21.128301986307918,173.0,,6,
115,2006,2006-03-17,WAS,2,player_for_draft_capital_or_mixed,NYJ,Patrick Ramsey,2006 R6 #173 (Reed Doughty),1,0,0,1,0,1,0,0,0.0,21.128301986307918,-1,1,1,21.128301986307918,,173.0,,6
116,2006,2006-03-20,ATL,2,player_for_draft_capital_or_mixed,CLE,2006 R4 #112 (Isaac Sowells),Chris Crocker,0,1,1,0,1,0,0,0,70.6257743320383,0.0,1,-1,-1,-70.6257743320383,112.0,,4,
116,2006,2006-03-20,CLE,2,player_for_draft_capital_or_mixed,ATL,Chris Crocker,2006 R4 #112 (Isaac Sowells),1,0,0,1,0,1,0,0,0.0,70.6257743320383,-1,1,1,70.6257743320383,,112.0,,4
117,2006,2006-03-22,ATL,3,multi_team,DEN | NYJ,2006 R1 #15 (Tye Hill),2006 R3 #93 (Dominique Byrd) | 2007 R4 #121 (Marcus Thomas) | John Abraham,0,1,1,2,1,2,0,0,1050.0,178.98653989144088,1,1,1,-871.0134601085591,15.0,93.0,1,3 | 4
117,2006,2006-03-22,DEN,3,multi_team,ATL | NYJ,2006 R3 #93 (Dominique Byrd) | 2007 R4 #121 (Marcus Thomas) | 2006 R1 #29 (Nick Mangold),2006 R1 #15 (Tye Hill),0,0,3,1,3,1,0,0,818.9865398914409,1050.0,0,-2,-2,231.01346010855912,29.0,15.0,1 | 3 | 4,1
117,2006,2006-03-22,NYJ,3,multi_team,ATL | DEN,John Abraham,2006 R1 #29 (Nick Mangold),1,0,0,1,0,1,0,0,0.0,640.0,-1,1,1,640.0,,29.0,,1
118,2006,2006-04-06,ATL,2,player_only,NO,Bryan Scott,Wayne Gandy,1,1,0,0,0,0,0,0,0.0,0.0,0,0,0,0.0,,,,
118,2006,2006-04-06,NO,2,player_only,ATL,Wayne Gandy,Bryan Scott,1,1,0,0,0,0,0,0,0.0,0.0,0,0,0,0.0,,,,
119,2006,2006-04-06,BUF,2,player_for_draft_capital_or_mixed,HOU,Eric Moulds,2006 R5 #134 (Kyle Williams),1,0,0,1,0,1,0,0,0.0,39.67667325883394,-1,1,1,39.67667325883394,,134.0,,5
119,2006,2006-04-06,HOU,2,player_for_draft_capital_or_mixed,BUF,2006 R5 #134 (Kyle Williams),Eric Moulds,0,1,1,0,1,0,0,0,39.67667325883394,0.0,1,-1,-1,-39.67667325883394,134.0,,5,
120,2006,2006-04-13,SD,2,player_only,SF,Sammy Davis,Rashaun Woods,1,1,0,0,0,0,0,0,0.0,0.0,0,0,0,0.0,,,,
120,2006,2006-04-13,SF,2,player_only,SD,Rashaun Woods,Sammy Davis,1,1,0,0,0,0,0,0,0.0,0.0,0,0,0,0.0,,,,
121,2006,2006-04-19,DEN,2,pick_only,SF,2006 R1 #22 (Manny Lawson),2006 R2 #37 (Jimmy Williams) | 2006 R3 #68 (Claude Wroten),0,0,1,2,1,2,0,0,780.0,765.1049033323494,0,1,1,-14.895096667650591,22.0,37.0,1,2 | 3
121,2006,2006-04-19,SF,2,pick_only,DEN,2006 R2 #37 (Jimmy Williams) | 2006 R3 #68 (Claude Wroten),2006 R1 #22 (Manny Lawson),0,0,2,1,2,1,0,0,765.1049033323494,780.0,0,-1,-1,14.895096667650591,37.0,22.0,2 | 3,1
122,2006,2006-04-25,CHI,2,player_for_draft_capital_or_mixed,SEA,Mike Green,2006 R6 #200 | Tyler Reed,1,1,0,1,0,1,0,0,0.0,10.235546239926343,0,1,1,10.235546239926343,,200.0,,6
122,2006,2006-04-25,SEA,2,player_for_draft_capital_or_mixed,CHI,2006 R6 #200 | Tyler Reed,Mike Green,1,1,1,0,1,0,0,0,10.235546239926343,0.0,0,-1,-1,-10.235546239926343,200.0,,6,
123,2006,2006-04-29,DEN,2,pick_only,STL,2006 R1 #15 (Tye Hill) | 2006 R3 #68 (Claude Wroten),2006 R1 #11 (Jay Cutler),0,0,2,1,2,1,0,0,1292.940847555913,1250.0,0,-1,-1,-42.940847555913024,15.0,11.0,1 | 3,1
123,2006,2006-04-29,STL,2,pick_only,DEN,2006 R1 #11 (Jay Cutler),2006 R1 #15 (Tye Hill) | 2006 R3 #68 (Claude Wroten),0,0,1,2,1,2,0,0,1250.0,1292.940847555913,0,1,1,42.940847555913024,11.0,15.0,1,1 | 3
124,2006,2006-04-29,BAL,2,pick_only,CLE,2006 R1 #13 (Kamerion Wimbley) | 2006 R6 #181 (Babatunde Oshinowo),2006 R1 #12 (Haloti Ngata),0,0,2,1,2,1,0,0,1167.7667134006842,1200.0,0,-1,-1,32.23328659931576,13.0,12.0,1 | 6,1
124,2006,2006-04-29,CLE,2,pick_only,BAL,2006 R1 #12 (Haloti Ngata),2006 R1 #13 (Kamerion Wimbley) | 2006 R6 #181 (Babatunde Oshinowo),0,0,1,2,1,2,0,0,1200.0,1167.7667134006842,0,1,1,-32.23328659931576,12.0,13.0,1,1 | 6
125,2006,2006-04-29,NYG,2,pick_only,PIT,2006 R1 #25 (Santonio Holmes),2006 R1 #32 (Mathias Kiwanuka) | 2006 R3 #96 (Gerris Wilkinson) | 2006 R4 #129 (Guy Whimper),0,0,1,3,1,3,0,0,720.0,748.4273840083728,0,2,2,28.42738400837277,25.0,32.0,1,1 | 3 | 4
125,2006,2006-04-29,PIT,2,pick_only,NYG,2006 R1 #32 (Mathias Kiwanuka) | 2006 R3 #96 (Gerris Wilkinson) | 2006 R4 #129 (Guy Whimper),2006 R1 #25 (Santonio Holmes),0,0,3,1,3,1,0,0,748.4273840083728,720.0,0,-2,-2,-28.42738400837277,32.0,25.0,1 | 3 | 4,1
126,2006,2006-04-29,BUF,2,pick_only,CHI,2006 R2 #42 (Danieal Manning) | 2006 R3 #73 (Dusty Dvoracek),2006 R1 #26 (John McCargo),0,0,2,1,2,1,0,0,675.0255963804074,700.0,0,-1,-1,24.974403619592636,42.0,26.0,2 | 3,1
126,2006,2006-04-29,CHI,2,pick_only,BUF,2006 R1 #26 (John McCargo),2006 R2 #42 (Danieal Manning) | 2006 R3 #73 (Dusty Dvoracek),0,0,1,2,1,2,0,0,700.0,675.0255963804074,0,1,1,-24.974403619592636,26.0,42.0,1,2 | 3
127,2006,2006-04-29,CLE,2,player_for_draft_capital_or_mixed,NO,2006 R2 #43 (Roman Harper) | Jeff Faine,2006 R2 #34 (D'Qwell Jackson),1,0,1,1,1,1,0,0,450.9754769750521,561.8676088948529,-1,0,0,110.89213191980076,43.0,34.0,2,2
127,2006,2006-04-29,NO,2,player_for_draft_capital_or_mixed,CLE,2006 R2 #34 (D'Qwell Jackson),2006 R2 #43 (Roman Harper) | Jeff Faine,0,1,1,1,1,1,0,0,561.8676088948529,450.9754769750521,1,0,0,-110.89213191980076,34.0,43.0,2,2
128,2006,2006-04-29,NYJ,2,pick_only,WAS,2006 R2 #35 (Rocky McIntosh),2006 R2 #53 (Anthony Fasano) | 2006 R6 #189 (Drew Coleman) | 2007 R2 #37 (Eric Weddle),0,0,1,3,1,3,0,0,548.3085125943791,890.3383060270974,0,2,2,342.0297934327183,35.0,37.0,2,2 | 6
128,2006,2006-04-29,WAS,2,pick_only,NYJ,2006 R2 #53 (Anthony Fasano) | 2006 R6 #189 (Drew Coleman) | 2007 R2 #37 (Eric Weddle),2006 R2 #35 (Rocky McIntosh),0,0,3,1,3,1,0,0,890.3383060270974,548.3085125943791,0,-2,-2,-342.0297934327183,37.0,35.0,2 | 6,2
129,2006,2006-04-29,GB,2,pick_only,NE,2006 R2 #36 (Chad Jackson),2006 R2 #52 (Greg Jennings) | 2006 R3 #75 (Jason Spitz),0,0,1,2,1,2,0,0,535.0766269918975,563.9175608323459,0,1,1,28.84093384044843,36.0,52.0,2,2 | 3
129,2006,2006-04-29,NE,2,pick_only,GB,2006 R2 #52 (Greg Jennings) | 2006 R3 #75 (Jason Spitz),2006 R2 #36 (Chad Jackson),0,0,2,1,2,1,0,0,563.9175608323459,535.0766269918975,0,-1,-1,-28.84093384044843,52.0,36.0,2 | 3,2
130,2006,2006-04-29,DEN,2,player_for_draft_capital_or_mixed,GB,2006 R2 #37 (Jimmy Williams),Javon Walker,0,1,1,0,1,0,0,0,522.1640557764364,0.0,1,-1,-1,-522.1640557764364,37.0,,2,
130,2006,2006-04-29,GB,2,player_for_draft_capital_or_mixed,DEN,Javon Walker,2006 R2 #37 (Jimmy Williams),1,0,0,1,0,1,0,0,0.0,522.1640557764364,-1,1,1,522.1640557764364,,37.0,,2
131,2006,2006-04-29,ATL,2,pick_only,GB,2006 R2 #47 (Daryn Colledge) | 2006 R3 #93 (Dominique Byrd) | 2006 R5 #148 (Ingle Martin),2006 R2 #37 (Jimmy Williams) | 2006 R5 #139 (Quinn Ojinnaka),0,0,3,2,3,2,0,0,567.4421598984163,559.2683561636014,0,-1,-1,-8.173803734814896,47.0,37.0,2 | 3 | 5,2 | 5
131,2006,2006-04-29,GB,2,pick_only,ATL,2006 R2 #37 (Jimmy Williams) | 2006 R5 #139 (Quinn Ojinnaka),2006 R2 #47 (Daryn Colledge) | 2006 R3 #93 (Dominique Byrd) | 2006 R5 #148 (Ingle Martin),0,0,2,3,2,3,0,0,559.2683561636014,567.4421598984163,0,1,1,8.173803734814896,37.0,47.0,2 | 5,2 | 3 | 5
132,2006,2006-04-29,PHI,2,pick_only,TEN,2006 R2 #45 (LenDale White) | 2006 R4 #116 (Stephen Tulloch),2006 R2 #39 (Winston Justice),0,0,2,1,2,1,0,0,491.85839908870804,497.2662194405844,0,-1,-1,5.407820351876353,45.0,39.0,2 | 4,2
132,2006,2006-04-29,TEN,2,pick_only,PHI,2006 R2 #39 (Winston Justice),2006 R2 #45 (LenDale White) | 2006 R4 #116 (Stephen Tulloch),0,0,1,2,1,2,0,0,497.2662194405844,491.85839908870804,0,1,1,-5.407820351876353,39.0,45.0,2,2 | 4
133,2006,2006-04-29,BAL,2,pick_only,NYG,2006 R2 #44 (Sinorice Moss),2006 R2 #56 (Chris Chester) | 2006 R3 #87 (David Pittman),0,0,1,2,1,2,0,0,440.09245075205274,475.386224792418,0,1,1,35.293774040365236,44.0,56.0,2,2 | 3
133,2006,2006-04-29,NYG,2,pick_only,BAL,2006 R2 #56 (Chris Chester) | 2006 R3 #87 (David Pittman),2006 R2 #44 (Sinorice Moss),0,0,2,1,2,1,0,0,475.386224792418,440.09245075205274,0,-1,-1,-35.293774040365236,56.0,44.0,2 | 3,2
134,2006,2006-04-29,DAL,2,pick_only,NYJ,2006 R2 #49 (Kellen Clemens),2006 R2 #53 (Anthony Fasano) | 2006 R6 #189 (Drew Coleman) | 2006 R7 #211 (Pat McQuistan),0,0,1,3,1,3,0,0,389.492303392006,374.82832437313954,0,2,2,-14.663979018866485,49.0,53.0,2,2 | 6 | 7
134,2006,2006-04-29,NYJ,2,pick_only,DAL,2006 R2 #53 (Anthony Fasano) | 2006 R6 #189 (Drew Coleman) | 2006 R7 #211 (Pat McQuistan),2006 R2 #49 (Kellen Clemens),0,0,3,1,3,1,0,0,374.82832437313954,389.492303392006,0,-2,-2,14.663979018866485,53.0,49.0,2 | 6 | 7,2
135,2006,2006-04-29,MIN,2,pick_only,PIT,2006 R3 #83 (Anthony Smith) | 2006 R3 #95 (Willie Reid),2006 R2 #64 (Tarvaris Jackson),0,0,2,1,2,1,0,0,282.60168242467756,270.0,0,-1,-1,-12.601682424677563,83.0,64.0,3,2
135,2006,2006-04-29,PIT,2,pick_only,MIN,2006 R2 #64 (Tarvaris Jackson),2006 R3 #83 (Anthony Smith) | 2006 R3 #95 (Willie Reid),0,0,1,2,1,2,0,0,270.0,282.60168242467756,0,1,1,12.601682424677563,64.0,83.0,2,3
136,2006,2006-04-29,NYJ,2,pick_only,PHI,2006 R3 #71 (Chris Gocong),2006 R3 #76 (Anthony Schlegel) | 2006 R7 #220 (Titus Adams),0,0,1,2,1,2,0,0,224.44148105958462,201.3643837304807,0,1,1,-23.077097329103907,71.0,76.0,3,3 | 7
136,2006,2006-04-29,PHI,2,pick_only,NYJ,2006 R3 #76 (Anthony Schlegel) | 2006 R7 #220 (Titus Adams),2006 R3 #71 (Chris Gocong),0,0,2,1,2,1,0,0,201.3643837304807,224.44148105958462,0,-1,-1,23.077097329103907,76.0,71.0,3 | 7,3
137,2006,2006-04-29,DAL,2,pick_only,JAX,2006 R3 #80 (Clint Ingram),2006 R3 #92 (Jason Hatcher) | 2006 R4 #125 (Skyler Green),0,0,1,2,1,2,0,0,176.97457444503152,176.11285179300188,0,1,1,-0.8617226520296413,80.0,92.0,3,3 | 4
137,2006,2006-04-29,JAX,2,pick_only,DAL,2006 R3 #92 (Jason Hatcher) | 2006 R4 #125 (Skyler Green),2006 R3 #80 (Clint Ingram),0,0,2,1,2,1,0,0,176.11285179300188,176.97457444503152,0,-1,-1,0.8617226520296413,92.0,80.0,3 | 4,3
138,2006,2006-04-29,GB,2,pick_only,STL,2006 R3 #93 (Dominique Byrd),2006 R4 #109 (Jason Avant) | 2006 R6 #183 (Johnny Jolly),0,0,1,2,1,2,0,0,125.56118496208103,94.52538241854596,0,1,1,-31.03580254353507,93.0,109.0,3,4 | 6
138,2006,2006-04-29,STL,2,pick_only,GB,2006 R4 #109 (Jason Avant) | 2006 R6 #183 (Johnny Jolly),2006 R3 #93 (Dominique Byrd),0,0,2,1,2,1,0,0,94.52538241854596,125.56118496208103,0,-1,-1,31.03580254353507,109.0,93.0,4 | 6,3
139,2006,2006-04-30,NO,2,player_for_draft_capital_or_mixed,PHI,2006 R4 #99 (Max Jean-Gilles),2006 R4 #108 (Jahri Evans) | Hollis Thomas,0,1,1,1,1,1,0,0,105.6945807583126,79.9533958321667,1,0,0,-25.74118492614589,99.0,108.0,4,4
139,2006,2006-04-30,PHI,2,player_for_draft_capital_or_mixed,NO,2006 R4 #108 (Jahri Evans) | Hollis Thomas,2006 R4 #99 (Max Jean-Gilles),1,0,1,1,1,1,0,0,79.9533958321667,105.6945807583126,-1,0,0,25.74118492614589,108.0,99.0,4,4
140,2006,2006-04-30,MIN,2,player_for_draft_capital_or_mixed,PHI,2006 R4 #115 (Will Blackmon) | 2006 R6 #185 (Tyrone Culver),2006 R4 #127 (Ray Edwards) | Artis Hicks,0,1,2,1,2,1,0,0,80.64354120181699,44.35441733781426,1,-1,-1,-36.289123864002725,115.0,127.0,4 | 6,4
140,2006,2006-04-30,PHI,2,player_for_draft_capital_or_mixed,MIN,2006 R4 #127 (Ray Edwards) | Artis Hicks,2006 R4 #115 (Will Blackmon) | 2006 R6 #185 (Tyrone Culver),1,0,1,2,1,2,0,0,44.35441733781426,80.64354120181699,-1,1,1,36.289123864002725,127.0,115.0,4,4 | 6
141,2006,2006-04-30,SD,2,player_for_draft_capital_or_mixed,STL,2006 R4 #113 (Victor Adeyanju),Brandon Manumaleuna,0,1,1,0,1,0,0,0,68.46912841054362,0.0,1,-1,-1,-68.46912841054362,113.0,,4,
141,2006,2006-04-30,STL,2,player_for_draft_capital_or_mixed,SD,Brandon Manumaleuna,2006 R4 #113 (Victor Adeyanju),1,0,0,1,0,1,0,0,0.0,68.46912841054362,-1,1,1,68.46912841054362,,113.0,,4
142,2006,2006-04-30,GB,2,pick_only,PHI,2006 R4 #109 (Jason Avant),2006 R4 #115 (Will Blackmon) | 2006 R6 #185 (Tyrone Culver),0,0,1,2,1,2,0,0,77.5119193788194,80.64354120181699,0,1,1,3.1316218229975874,109.0,115.0,4,4 | 6
142,2006,2006-04-30,PHI,2,pick_only,GB,2006 R4 #115 (Will Blackmon) | 2006 R6 #185 (Tyrone Culver),2006 R4 #109 (Jason Avant),0,0,2,1,2,1,0,0,80.64354120181699,77.5119193788194,0,-1,-1,-3.1316218229975874,115.0,109.0,4 | 6,4
143,2006,2006-04-30,DAL,2,pick_only,NYJ,2006 R5 #150 (Jason Pociask) | 2006 R6 #189 (Drew Coleman),2006 R5 #138 (Pat Watkins),0,0,2,1,2,1,0,0,46.956921591358764,37.605074032686986,0,-1,-1,-9.351847558671778,150.0,138.0,5 | 6,5
143,2006,2006-04-30,NYJ,2,pick_only,DAL,2006 R5 #138 (Pat Watkins),2006 R5 #150 (Jason Pociask) | 2006 R6 #189 (Drew Coleman),0,0,1,2,1,2,0,0,37.605074032686986,46.956921591358764,0,1,1,9.351847558671778,138.0,150.0,5,5 | 6
144,2006,2006-04-30,JAX,2,pick_only,SF,2006 R6 #197 (Melvin Oliver),2006 R7 #213 (James Wyche) | 2006 R7 #236 (Dee Webb),0,0,1,2,1,2,0,0,11.511115293083504,8.531364168058639,0,1,1,-2.9797511250248654,197.0,213.0,6,7
144,2006,2006-04-30,SF,2,pick_only,JAX,2006 R7 #213 (James Wyche) | 2006 R7 #236 (Dee Webb),2006 R6 #197 (Melvin Oliver),0,0,2,1,2,1,0,0,8.531364168058639,11.511115293083504,0,-1,-1,2.9797511250248654,213.0,197.0,7,6
145,2006,2006-04-30,IND,2,player_for_draft_capital_or_mixed,TEN,conditional 2007 R6 #206 | Ryan Smith,2006 R7 #238 (T.J. Rushing),1,0,1,1,1,1,1,0,8.092789911562482,2.1810154653305154,-1,0,0,-5.911774446231966,206.0,238.0,6,7
145,2006,2006-04-30,TEN,2,player_for_draft_capital_or_mixed,IND,2006 R7 #238 (T.J. Rushing),conditional 2007 R6 #206 | Ryan Smith,0,1,1,1,1,1,0,1,2.1810154653305154,8.092789911562482,1,0,0,5.911774446231966,238.0,206.0,7,6
146,2006,2006-05-08,CLE,2,player_for_draft_capital_or_mixed,SF,Trent Dilfer,2006 R3 | Ken Dorsey,1,1,0,1,0,0,0,0,0.0,0.0,0,1,0,0.0,,,,3
146,2006,2006-05-08,SF,2,player_for_draft_capital_or_mixed,CLE,2006 R3 | Ken Dorsey,Trent Dilfer,1,1,1,0,0,0,0,0,0.0,0.0,0,-1,0,0.0,,,3,
147,2006,2006-05-08,DET,2,player_for_draft_capital_or_mixed,MIA,Joey Harrington,2006 R3,1,0,0,1,0,0,0,0,0.0,0.0,-1,1,0,0.0,,,,3
147,2006,2006-05-08,MIA,2,player_for_draft_capital_or_mixed,DET,2006 R3,Joey Harrington,0,1,1,0,0,0,0,0,0.0,0.0,1,-1,0,0.0,,,3,
148,2006,2006-05-18,MIN,2,player_only,PHI,Hank Baskett,Billy McMullen,1,1,0,0,0,0,0,0,0.0,0.0,0,0,0,0.0,,,,
148,2006,2006-05-18,PHI,2,player_only,MIN,Billy McMullen,Hank Baskett,1,1,0,0,0,0,0,0,0.0,0.0,0,0,0,0.0,,,,
149,2006,2006-06-05,NE,2,player_only,NO,Bethel Johnson,Johnathan Sullivan,1,1,0,0,0,0,0,0,0.0,0.0,0,0,0,0.0,,,,
149,2006,2006-06-05,NO,2,player_only,NE,Johnathan Sullivan,Bethel Johnson,1,1,0,0,0,0,0,0,0.0,0.0,0,0,0,0.0,,,,
150,2006,2006-06-07,BUF,2,player_only,NO,Tim Euhus,Courtney Watson,1,1,0,0,0,0,0,0,0.0,0.0,0,0,0,0.0,,,,
150,2006,2006-06-07,NO,2,player_only,BUF,Courtney Watson,Tim Euhus,1,1,0,0,0,0,0,0,0.0,0.0,0,0,0,0.0,,,,
151,2006,2006-06-09,BAL,2,player_for_draft_capital_or_mixed,TEN,2007 R4 #128 (Chris Davis),Steve McNair,0,1,1,0,1,0,0,0,43.0,0.0,1,-1,-1,-43.0,128.0,,4,
151,2006,2006-06-09,TEN,2,player_for_draft_capital_or_mixed,BAL,Steve McNair,2007 R4 #128 (Chris Davis),1,0,0,1,0,1,0,0,0.0,43.0,-1,1,1,43.0,,128.0,,4
152,2006,2006-06-19,BAL,2,player_for_draft_capital_or_mixed,IND,2007 R7,Gerome Sapp,0,1,1,0,0,0,0,0,0.0,0.0,1,-1,0,0.0,,,7,
152,2006,2006-06-19,IND,2,player_for_draft_capital_or_mixed,BAL,Gerome Sapp,2007 R7,1,0,0,1,0,0,0,0,0.0,0.0,-1,1,0,0.0,,,,7
153,2006,2006-06-20,CIN,2,player_for_draft_capital_or_mixed,STL,Dave Ragone,2007 R5,1,0,0,1,0,0,0,0,0.0,0.0,-1,1,0,0.0,,,,5
153,2006,2006-06-20,STL,2,player_for_draft_capital_or_mixed,CIN,2007 R5,Dave Ragone,0,1,1,0,0,0,0,0,0.0,0.0,1,-1,0,0.0,,,5,
154,2006,2006-07-27,HOU,2,player_for_draft_capital_or_mixed,SF,conditional 2007 R5,Cody Pickett,0,1,1,0,0,0,1,0,0.0,0.0,1,-1,0,0.0,,,5,
154,2006,2006-07-27,SF,2,player_for_draft_capital_or_mixed,HOU,Cody Pickett,conditional 2007 R5,1,0,0,1,0,0,0,1,0.0,0.0,-1,1,0,0.0,,,,5
155,2006,2006-08-02,KC,2,player_for_draft_capital_or_mixed,NO,2007 R4 #123 (Fred Bennett),Michael Bennett,0,1,1,0,1,0,0,0,50.21235264116127,0.0,1,-1,-1,-50.21235264116127,123.0,,4,
155,2006,2006-08-02,NO,2,player_for_draft_capital_or_mixed,KC,Michael Bennett,2007 R4 #123 (Fred Bennett),1,0,0,1,0,1,0,0,0.0,50.21235264116127,-1,1,1,50.21235264116127,,123.0,,4
156,2006,2006-08-08,CLE,2,player_for_draft_capital_or_mixed,NE,2007 R5,Ross Tucker,0,1,1,0,0,0,0,0,0.0,0.0,1,-1,0,0.0,,,5,
156,2006,2006-08-08,NE,2,player_for_draft_capital_or_mixed,CLE,Ross Tucker,2007 R5,1,0,0,1,0,0,0,0,0.0,0.0,-1,1,0,0.0,,,,5
157,2006,2006-08-14,CLE,2,player_only,NYJ,Lee Suggs,Derrick Strait,1,1,0,0,0,0,0,0,0.0,0.0,0,0,0,0.0,,,,
157,2006,2006-08-14,NYJ,2,player_only,CLE,Derrick Strait,Lee Suggs,1,1,0,0,0,0,0,0,0.0,0.0,0,0,0,0.0,,,,
158,2006,2006-08-15,SF,2,player_only,WAS,Mike Rumph,Taylor Jacobs,1,1,0,0,0,0,0,0,0.0,0.0,0,0,0,0.0,,,,
158,2006,2006-08-15,WAS,2,player_only,SF,Taylor Jacobs,Mike Rumph,1,1,0,0,0,0,0,0,0.0,0.0,0,0,0,0.0,,,,
160,2006,2006-08-21,NYJ,2,player_for_draft_capital_or_mixed,SF,2007 R4 #124 (Mansfield Wrotto),Kevan Barlow,0,1,1,0,1,0,0,0,48.679055957954645,0.0,1,-1,-1,-48.679055957954645,124.0,,4,
160,2006,2006-08-21,SF,2,player_for_draft_capital_or_mixed,NYJ,Kevan Barlow,2007 R4 #124 (Mansfield Wrotto),1,0,0,1,0,1,0,0,0.0,48.679055957954645,-1,1,1,48.679055957954645,,124.0,,4
161,2006,2006-08-22,CLE,2,player_only,GB,Carlton Brewster,Therrian Fontenot,1,1,0,0,0,0,0,0,0.0,0.0,0,0,0,0.0,,,,
161,2006,2006-08-22,GB,2,player_only,CLE,Therrian Fontenot,Carlton Brewster,1,1,0,0,0,0,0,0,0.0,0.0,0,0,0,0.0,,,,
162,2006,2006-08-22,ARI,2,player_for_draft_capital_or_mixed,NE,2007 R6 #180 (Justin Rogers),Brandon Gorin,0,1,1,0,1,0,0,0,18.155753765114135,0.0,1,-1,-1,-18.155753765114135,180.0,,6,
162,2006,2006-08-22,NE,2,player_for_draft_capital_or_mixed,ARI,Brandon Gorin,2007 R6 #180 (Justin Rogers),1,0,0,1,0,1,0,0,0.0,18.155753765114135,-1,1,1,18.155753765114135,,180.0,,6
163,2006,2006-08-23,DAL,2,player_for_draft_capital_or_mixed,NO,Scott Shanle,2007 R7 #237 (Alan Ball),1,0,0,1,0,1,0,0,0.0,2.277577269513383,-1,1,1,2.277577269513383,,237.0,,7
163,2006,2006-08-23,NO,2,player_for_draft_capital_or_mixed,DAL,2007 R7 #237 (Alan Ball),Scott Shanle,0,1,1,0,1,0,0,0,2.277577269513383,0.0,1,-1,-1,-2.277577269513383,237.0,,7,
164,2006,2006-08-24,ATL,3,multi_team,DEN | WAS,T.J. Duckett,Ashley Lelie,1,1,0,0,0,0,0,0,0.0,0.0,0,0,0,0.0,,,,
164,2006,2006-08-24,DEN,3,multi_team,ATL | WAS,Ashley Lelie,2007 R3 #70 (Ryan Harris) | 2008 R4 #119 (Jack Williams),1,0,0,2,0,2,0,0,0.0,287.28982286640246,-1,2,2,287.28982286640246,,70.0,,3 | 4
164,2006,2006-08-24,WAS,3,multi_team,ATL | DEN,2007 R3 #70 (Ryan Harris) | 2008 R4 #119 (Jack Williams),T.J. Duckett,0,1,2,0,2,0,0,0,287.28982286640246,0.0,1,-2,-2,-287.28982286640246,70.0,,3 | 4,
165,2006,2006-08-24,CHI,2,player_for_draft_capital_or_mixed,CLE,Lennie Friedman,2007 R7 #221 (Trumaine McBride),1,0,0,1,0,1,0,0,0.0,4.498485971635389,-1,1,1,4.498485971635389,,221.0,,7
165,2006,2006-08-24,CLE,2,player_for_draft_capital_or_mixed,CHI,2007 R7 #221 (Trumaine McBride),Lennie Friedman,0,1,1,0,1,0,0,0,4.498485971635389,0.0,1,-1,-1,-4.498485971635389,221.0,,7,
166,2006,2006-08-25,NO,2,player_for_draft_capital_or_mixed,PHI,Donte' Stallworth,2007 R4 #125 (Jermon Bushrod) | Mark Simoneau,1,1,0,1,0,1,0,0,0.0,47.192580397341786,0,1,1,47.192580397341786,,125.0,,4
166,2006,2006-08-25,PHI,2,player_for_draft_capital_or_mixed,NO,2007 R4 #125 (Jermon Bushrod) | Mark Simoneau,Donte' Stallworth,1,1,1,0,1,0,0,0,47.192580397341786,0.0,0,-1,-1,-47.192580397341786,125.0,,4,
167,2006,2006-08-31,DAL,2,player_for_draft_capital_or_mixed,NYJ,Sean Ryan,2007 R7 #212 (Courtney Brown),1,0,0,1,0,1,0,0,0.0,6.398608048607554,-1,1,1,6.398608048607554,,212.0,,7
167,2006,2006-08-31,NYJ,2,player_for_draft_capital_or_mixed,DAL,2007 R7 #212 (Courtney Brown),Sean Ryan,0,1,1,0,1,0,0,0,6.398608048607554,0.0,1,-1,-1,-6.398608048607554,212.0,,7,
168,2006,2006-08-31,MIN,2,player_for_draft_capital_or_mixed,NYJ,2008 R7 #226 (Chaz Schilens) | C.J. Mosley,Brooks Bollinger,1,1,1,0,1,0,0,0,3.668016172818685,0.0,0,-1,-1,-3.668016172818685,226.0,,7,
168,2006,2006-08-31,NYJ,2,player_for_draft_capital_or_mixed,MIN,Brooks Bollinger,2008 R7 #226 (Chaz Schilens) | C.J. Mosley,1,1,0,1,0,1,0,0,0.0,3.668016172818685,0,1,1,3.668016172818685,,226.0,,7
169,2006,2006-08-31,NYJ,2,player_for_draft_capital_or_mixed,TB,Doug Jolley,2007 R6 #177 (Jacob Bender),1,0,0,1,0,1,0,0,0.0,19.374738347493643,-1,1,1,19.374738347493643,,177.0,,6
169,2006,2006-08-31,TB,2,player_for_draft_capital_or_mixed,NYJ,2007 R6 #177 (Jacob Bender),Doug Jolley,0,1,1,0,1,0,0,0,19.374738347493643,0.0,1,-1,-1,-19.374738347493643,177.0,,6,
170,2006,2006-09-01,NE,2,player_for_draft_capital_or_mixed,PIT,Patrick Cobbs,2007 R5,1,0,0,1,0,0,0,0,0.0,0.0,-1,1,0,0.0,,,,5
170,2006,2006-09-01,PIT,2,player_for_draft_capital_or_mixed,NE,2007 R5,Patrick Cobbs,0,1,1,0,0,0,0,0,0.0,0.0,1,-1,0,0.0,,,5,
171,2006,2006-09-02,NYJ,2,player_for_draft_capital_or_mixed,OAK,2008 R7,Bobby Hamilton,0,1,1,0,0,0,0,0,0.0,0.0,1,-1,0,0.0,,,7,
171,2006,2006-09-02,OAK,2,player_for_draft_capital_or_mixed,NYJ,Bobby Hamilton,2008 R7,1,0,0,1,0,0,0,0,0.0,0.0,-1,1,0,0.0,,,,7
172,2006,2006-09-02,PHI,2,player_for_draft_capital_or_mixed,SEA,Josh Parry,2008 R7,1,0,0,1,0,0,0,0,0.0,0.0,-1,1,0,0.0,,,,7
172,2006,2006-09-02,SEA,2,player_for_draft_capital_or_mixed,PHI,2008 R7,Josh Parry,0,1,1,0,0,0,0,0,0.0,0.0,1,-1,0,0.0,,,7,
173,2006,2006-09-02,CLE,2,player_for_draft_capital_or_mixed,PHI,2008 R7,Hank Fraley,0,1,1,0,0,0,0,0,0.0,0.0,1,-1,0,0.0,,,7,
173,2006,2006-09-02,PHI,2,player_for_draft_capital_or_mixed,CLE,Hank Fraley,2008 R7,1,0,0,1,0,0,0,0,0.0,0.0,-1,1,0,0.0,,,,7
174,2006,2006-09-02,NE,2,player_for_draft_capital_or_mixed,OAK,2007 R5 #165 (Eric Frampton),Doug Gabriel,0,1,1,0,1,0,0,0,25.1259270500435,0.0,1,-1,-1,-25.1259270500435,165.0,,5,
174,2006,2006-09-02,OAK,2,player_for_draft_capital_or_mixed,NE,Doug Gabriel,2007 R5 #165 (Eric Frampton),1,0,0,1,0,1,0,0,0.0,25.1259270500435,-1,1,1,25.1259270500435,,165.0,,5
175,2006,2006-09-02,MIN,2,player_for_draft_capital_or_mixed,STL,Adam Goldberg,2008 R7,1,0,0,1,0,0,0,0,0.0,0.0,-1,1,0,0.0,,,,7
175,2006,2006-09-02,STL,2,player_for_draft_capital_or_mixed,MIN,2008 R7,Adam Goldberg,0,1,1,0,0,0,0,0,0.0,0.0,1,-1,0,0.0,,,7,
176,2006,2006-09-02,BAL,2,player_for_draft_capital_or_mixed,IND,Ryan LaCasse,2008 R7,1,0,0,1,0,0,0,0,0.0,0.0,-1,1,0,0.0,,,,7
176,2006,2006-09-02,IND,2,player_for_draft_capital_or_mixed,BAL,2008 R7,Ryan LaCasse,0,1,1,0,0,0,0,0,0.0,0.0,1,-1,0,0.0,,,7,
177,2006,2006-09-11,NE,2,player_for_draft_capital_or_mixed,SEA,Deion Branch,2007 R1 #24 (Bron Meriweather),1,0,0,1,0,1,0,0,0.0,740.0,-1,1,1,740.0,,24.0,,1
177,2006,2006-09-11,SEA,2,player_for_draft_capital_or_mixed,NE,2007 R1 #24 (Bron Meriweather),Deion Branch,0,1,1,0,1,0,0,0,740.0,0.0,1,-1,-1,-740.0,24.0,,1,
178,2006,2006-09-13,GB,2,player_only,HOU,Samkon Gado,Vern Morency,1,1,0,0,0,0,0,0,0.0,0.0,0,0,0,0.0,,,,
178,2006,2006-09-13,HOU,2,player_only,GB,Vern Morency,Samkon Gado,1,1,0,0,0,0,0,0,0.0,0.0,0,0,0,0.0,,,,
179,2006,2006-09-19,SD,2,player_for_draft_capital_or_mixed,TEN,2007 R6 #204 (Jacob Ford),Billy Volek,0,1,1,0,1,0,0,0,8.751903472535176,0.0,1,-1,-1,-8.751903472535176,204.0,,6,
179,2006,2006-09-19,TEN,2,player_for_draft_capital_or_mixed,SD,Billy Volek,2007 R6 #204 (Jacob Ford),1,0,0,1,0,1,0,0,0.0,8.751903472535176,-1,1,1,8.751903472535176,,204.0,,6
180,2006,2006-10-16,BUF,2,player_for_draft_capital_or_mixed,STL,2008 R5 #148 (Carlton Powell),Anthony Hargrove,0,1,1,0,1,0,0,0,32.88701379078764,0.0,1,-1,-1,-32.88701379078764,148.0,,5,
180,2006,2006-10-16,STL,2,player_for_draft_capital_or_mixed,BUF,Anthony Hargrove,2008 R5 #148 (Carlton Powell),1,0,0,1,0,1,0,0,0.0,32.88701379078764,-1,1,1,32.88701379078764,,148.0,,5
181,2006,2006-10-17,IND,2,player_for_draft_capital_or_mixed,TB,2007 R2 #64 (Sabby Piscitelli),Anthony McFarland,0,1,1,0,1,0,0,0,270.0,0.0,1,-1,-1,-270.0,64.0,,2,
181,2006,2006-10-17,TB,2,player_for_draft_capital_or_mixed,IND,Anthony McFarland,2007 R2 #64 (Sabby Piscitelli),1,0,0,1,0,1,0,0,0.0,270.0,-1,1,1,270.0,,64.0,,2
182,2007,2007-03-02,DEN,2,player_for_draft_capital_or_mixed,DET,2007 R5 #158 (Johnny Baldwin) | George Foster | Tatum Bell,2007 R6 #176 (Rufus Alexer) | Dre' Bly,2,1,1,1,1,1,0,0,28.76089740271087,19.798989873223327,-1,0,0,-8.961907529487544,158.0,176.0,5,6
182,2007,2007-03-02,DET,2,player_for_draft_capital_or_mixed,DEN,2007 R6 #176 (Rufus Alexer) | Dre' Bly,2007 R5 #158 (Johnny Baldwin) | George Foster | Tatum Bell,1,2,1,1,1,1,0,0,19.798989873223327,28.76089740271087,1,0,0,8.961907529487544,176.0,158.0,6,5
183,2007,2007-03-02,DET,2,player_for_draft_capital_or_mixed,STL,James Hall,2007 R5 #154 (Clifton Ryan),1,0,0,1,0,1,0,0,0.0,30.345286061298786,-1,1,1,30.345286061298786,,154.0,,5
183,2007,2007-03-02,STL,2,player_for_draft_capital_or_mixed,DET,2007 R5 #154 (Clifton Ryan),James Hall,0,1,1,0,1,0,0,0,30.345286061298786,0.0,1,-1,-1,-30.345286061298786,154.0,,5,
184,2007,2007-03-03,DEN,2,player_for_draft_capital_or_mixed,TB,Jake Plummer,2007,1,0,0,1,0,0,0,0,0.0,0.0,-1,1,0,0.0,,,,
184,2007,2007-03-03,TB,2,player_for_draft_capital_or_mixed,DEN,2007,Jake Plummer,0,1,1,0,0,0,0,0,0.0,0.0,1,-1,0,0.0,,,,
185,2007,2007-03-05,MIA,2,player_for_draft_capital_or_mixed,NE,Wes Welker,2007 R2 #60 (Samson Satele) | 2007 R7 #238 | Abraham Wright,1,1,0,2,0,2,0,0,0.0,299.8953837709605,0,2,2,299.8953837709605,,60.0,,2 | 7
185,2007,2007-03-05,NE,2,player_for_draft_capital_or_mixed,MIA,2007 R2 #60 (Samson Satele) | 2007 R7 #238 | Abraham Wright,Wes Welker,1,1,2,0,2,0,0,0,299.8953837709605,0.0,0,-2,-2,-299.8953837709605,60.0,,2 | 7,
186,2007,2007-03-07,CHI,2,player_for_draft_capital_or_mixed,NYJ,2007 R2 #63 (Bron Jackson) | Thomas Jones,2007 R2 #37 (Eric Weddle),1,0,1,1,1,1,0,0,276.6768177349749,522.1640557764364,-1,0,0,245.48723804146147,63.0,37.0,2,2
186,2007,2007-03-07,NYJ,2,player_for_draft_capital_or_mixed,CHI,2007 R2 #37 (Eric Weddle),2007 R2 #63 (Bron Jackson) | Thomas Jones,0,1,1,1,1,1,0,0,522.1640557764364,276.6768177349749,1,0,0,-245.48723804146147,37.0,63.0,2,2
187,2007,2007-03-08,BAL,2,player_for_draft_capital_or_mixed,BUF,2007 R3 #92 (Trent Edwards) | 2007 R7 #239 (C.J. Ah You),Willis McGahee,0,1,2,0,2,0,0,0,131.00881896051493,0.0,1,-2,-2,-131.00881896051493,92.0,,3 | 7,
187,2007,2007-03-08,BUF,2,player_for_draft_capital_or_mixed,BAL,Willis McGahee,2007 R3 #92 (Trent Edwards) | 2007 R7 #239 (C.J. Ah You),1,0,0,2,0,2,0,0,0.0,131.00881896051493,-1,2,2,131.00881896051493,,92.0,,3 | 7
188,2007,2007-03-09,CLE,2,player_only,NYG,Reuben Droughns,Tim Carter,1,1,0,0,0,0,0,0,0.0,0.0,0,0,0,0.0,,,,
188,2007,2007-03-09,NYG,2,player_only,CLE,Tim Carter,Reuben Droughns,1,1,0,0,0,0,0,0,0.0,0.0,0,0,0,0.0,,,,
189,2007,2007-03-22,ATL,2,player_for_draft_capital_or_mixed,HOU,2007 R1 #10 (Amobi Okoye) | Matt Schaub,2007 R1 #8 (Jamaal Anderson) | 2007 R2 #39 (Justin Blalock) | 2008 R2 #48 (Fred Davis),1,0,1,3,1,3,0,0,1300.0,2296.3902603100864,-1,2,2,996.3902603100864,10.0,8.0,1,1 | 2
189,2007,2007-03-22,HOU,2,player_for_draft_capital_or_mixed,ATL,2007 R1 #8 (Jamaal Anderson) | 2007 R2 #39 (Justin Blalock) | 2008 R2 #48 (Fred Davis),2007 R1 #10 (Amobi Okoye) | Matt Schaub,0,1,3,1,3,1,0,0,2296.3902603100864,1300.0,1,-2,-2,-996.3902603100864,8.0,10.0,1 | 2,1
190,2007,2007-03-22,CHI,2,player_for_draft_capital_or_mixed,WAS,2007 R6 #205 (Jordan Palmer),Adam Archuleta,0,1,1,0,1,0,0,0,8.41589663253425,0.0,1,-1,-1,-8.41589663253425,205.0,,6,
190,2007,2007-03-22,WAS,2,player_for_draft_capital_or_mixed,CHI,Adam Archuleta,2007 R6 #205 (Jordan Palmer),1,0,0,1,0,1,0,0,0.0,8.41589663253425,-1,1,1,8.41589663253425,,205.0,,6
191,2007,2007-03-28,BUF,2,player_for_draft_capital_or_mixed,PHI,Kelly Holcomb | Takeo Spikes,2007 R5 | Darwin Walker,2,1,0,1,0,0,0,0,0.0,0.0,-1,1,0,0.0,,,,5
191,2007,2007-03-28,PHI,2,player_for_draft_capital_or_mixed,BUF,2007 R5 | Darwin Walker,Kelly Holcomb | Takeo Spikes,1,2,1,0,0,0,0,0,0.0,0.0,1,-1,0,0.0,,,5,
192,2007,2007-04-03,MIA,2,player_for_draft_capital_or_mixed,NO,Olindo Mare,2007 R6 #199 | Drew Mormino,1,1,0,1,0,1,0,0,0.0,10.644203059030524,0,1,1,10.644203059030524,,199.0,,6
192,2007,2007-04-03,NO,2,player_for_draft_capital_or_mixed,MIA,2007 R6 #199 | Drew Mormino,Olindo Mare,1,1,1,0,1,0,0,0,10.644203059030524,0.0,0,-1,-1,-10.644203059030524,199.0,,6,
193,2007,2007-04-28,CAR,2,pick_only,NYJ,2007 R1 #14 (Darrelle Revis) | 2007 R6 #191 (Korey Hall),2007 R1 #25 (Jon Beason) | 2007 R2 #59 (Ryan Kalil) | 2007 R5 #164 (Tim Shaw),0,0,2,3,2,3,0,0,1114.3065600811576,1050.7526466052122,0,1,1,-63.553913475945365,14.0,25.0,1 | 6,1 | 2 | 5
193,2007,2007-04-28,NYJ,2,pick_only,CAR,2007 R1 #25 (Jon Beason) | 2007 R2 #59 (Ryan Kalil) | 2007 R5 #164 (Tim Shaw),2007 R1 #14 (Darrelle Revis) | 2007 R6 #191 (Korey Hall),0,0,3,2,3,2,0,0,1050.7526466052122,1114.3065600811576,0,-1,-1,63.553913475945365,25.0,14.0,1 | 2 | 5,1 | 6
194,2007,2007-04-28,DEN,2,player_for_draft_capital_or_mixed,JAX,2007 R1 #21 (Reggie Nelson) | 2007 R3 #86 (Marshal Yanda) | 2007 R6 #198 | Doug Datish,2007 R1 #17 (Jarvis Moss),1,0,3,1,3,1,0,0,962.1175458979186,950.0,-1,-2,-2,-12.117545897918603,21.0,17.0,1 | 3 | 6,1
194,2007,2007-04-28,JAX,2,player_for_draft_capital_or_mixed,DEN,2007 R1 #17 (Jarvis Moss),2007 R1 #21 (Reggie Nelson) | 2007 R3 #86 (Marshal Yanda) | 2007 R6 #198 | Doug Datish,0,1,1,3,1,3,0,0,950.0,962.1175458979186,1,2,2,12.117545897918603,17.0,21.0,1,1 | 3 | 6
195,2007,2007-04-28,CLE,2,pick_only,DAL,2007 R2 #36 (Kevin Kolb) | 2008 R1 #22 (Felix Jones),2007 R1 #22 (Brady Quinn),0,0,2,1,2,1,0,0,1315.0766269918975,780.0,0,-1,-1,-535.0766269918975,22.0,22.0,1 | 2,1
195,2007,2007-04-28,DAL,2,pick_only,CLE,2007 R1 #22 (Brady Quinn),2007 R2 #36 (Kevin Kolb) | 2008 R1 #22 (Felix Jones),0,0,1,2,1,2,0,0,780.0,1315.0766269918975,0,1,1,535.0766269918975,22.0,22.0,1,1 | 2
196,2007,2007-04-28,DAL,2,player_for_draft_capital_or_mixed,PHI,2007 R2 #36 (Kevin Kolb) | 2007 R3 #87 (Stewart Bradley) | 2007 R5 #159 | C.J. Gaddis,2007 R1 #26 (Anthony Spencer),1,0,3,1,3,1,0,0,710.5672500006366,700.0,-1,-2,-2,-10.56725000063659,36.0,26.0,2 | 3 | 5,1
196,2007,2007-04-28,PHI,2,player_for_draft_capital_or_mixed,DAL,2007 R1 #26 (Anthony Spencer),2007 R2 #36 (Kevin Kolb) | 2007 R3 #87 (Stewart Bradley) | 2007 R5 #159 | C.J. Gaddis,0,1,1,3,1,3,0,0,700.0,710.5672500006366,1,2,2,10.56725000063659,26.0,36.0,1,2 | 3 | 5
197,2007,2007-04-28,NE,2,pick_only,SF,2007 R1 #28 (Joe Staley),2007 R4 #110 (John Bowie) | 2008 R1 #7 (Sedrick Ellis),0,0,1,2,1,2,0,0,660.0,1575.144996447686,0,1,1,915.144996447686,28.0,7.0,1,1 | 4
197,2007,2007-04-28,SF,2,pick_only,NE,2007 R4 #110 (John Bowie) | 2008 R1 #7 (Sedrick Ellis),2007 R1 #28 (Joe Staley),0,0,2,1,2,1,0,0,1575.144996447686,660.0,0,-1,-1,-915.144996447686,7.0,28.0,1 | 4,1
198,2007,2007-04-28,ARI,2,player_for_draft_capital_or_mixed,OAK,2007 R2 #38 (Zach Miller) | 2007 R4 #105 | A.J. Davis,2007 R2 #33 (Alan Branch),1,0,2,1,2,1,0,0,597.312094607423,575.7620074718054,-1,-1,-1,-21.55008713561756,38.0,33.0,2 | 4,2
198,2007,2007-04-28,OAK,2,player_for_draft_capital_or_mixed,ARI,2007 R2 #33 (Alan Branch),2007 R2 #38 (Zach Miller) | 2007 R4 #105 | A.J. Davis,0,1,1,2,1,2,0,0,575.7620074718054,597.312094607423,1,1,1,21.55008713561756,33.0,38.0,2,2 | 4
199,2007,2007-04-28,BUF,2,pick_only,DET,2007 R2 #43 (Drew Stanton) | 2007 R3 #74 (Yamon Figurs),2007 R2 #34 (Paul Posluszny),0,0,2,1,2,1,0,0,658.3262742041029,561.8676088948529,0,-1,-1,-96.45866530925002,43.0,34.0,2 | 3,2
199,2007,2007-04-28,DET,2,pick_only,BUF,2007 R2 #34 (Paul Posluszny),2007 R2 #43 (Drew Stanton) | 2007 R3 #74 (Yamon Figurs),0,0,1,2,1,2,0,0,561.8676088948529,658.3262742041029,0,1,1,96.45866530925002,34.0,43.0,2,2 | 3
200,2007,2007-04-28,CHI,2,player_for_draft_capital_or_mixed,SD,2007 R2 #37 (Eric Weddle),2007 R2 #62 | 2007 R3 #93 (Garrett Wolfe) | 2007 R5 #167 (Kevin Payne) | 2008 R3 #90 (Marcus Harrison) | Dan Bazuin,0,1,1,4,1,4,0,0,522.1640557764364,569.0510424409878,1,3,3,46.88698666455139,37.0,62.0,2,2 | 3 | 5
200,2007,2007-04-28,SD,2,player_for_draft_capital_or_mixed,CHI,2007 R2 #62 | 2007 R3 #93 (Garrett Wolfe) | 2007 R5 #167 (Kevin Payne) | 2008 R3 #90 (Marcus Harrison) | Dan Bazuin,2007 R2 #37 (Eric Weddle),1,0,4,1,4,1,0,0,569.0510424409878,522.1640557764364,-1,-3,-3,-46.88698666455139,62.0,37.0,2 | 3 | 5,2
201,2007,2007-04-28,ATL,2,pick_only,MIN,2007 R2 #44 (Sidney Rice) | 2007 R4 #121 (Marcus Thomas),2007 R2 #41 (Chris Houston),0,0,2,1,2,1,0,0,493.5178056814126,473.5555622055335,0,-1,-1,-19.96224347587912,44.0,41.0,2 | 4,2
201,2007,2007-04-28,MIN,2,pick_only,ATL,2007 R2 #41 (Chris Houston),2007 R2 #44 (Sidney Rice) | 2007 R4 #121 (Marcus Thomas),0,0,1,2,1,2,0,0,473.5555622055335,493.5178056814126,0,1,1,19.96224347587912,41.0,44.0,2,2 | 4
202,2007,2007-04-28,IND,2,pick_only,SF,2007 R4 #126 (Dashon Goldson) | 2008 R1 #29 (Kentwan Balmer),2007 R2 #42 (Tony Ugoh),0,0,2,1,2,1,0,0,685.7514962180697,462.1276290591479,0,-1,-1,-223.62386715892183,29.0,42.0,1 | 4,2
202,2007,2007-04-28,SF,2,pick_only,IND,2007 R2 #42 (Tony Ugoh),2007 R4 #126 (Dashon Goldson) | 2008 R1 #29 (Kentwan Balmer),0,0,1,2,1,2,0,0,462.1276290591479,685.7514962180697,0,1,1,223.62386715892183,42.0,29.0,2,1 | 4
203,2007,2007-04-28,GB,2,pick_only,NYJ,2007 R2 #47 (David Harris) | 2007 R7 #235 (Chansi Stuckey),2007 R2 #63 (Brandon Jackson) | 2007 R3 #89 (Aaron Rouse) | 2007 R6 #192 (Desmond Bishop),0,0,2,3,2,3,0,0,411.47767676969465,430.2232146493901,0,1,1,18.745537879695462,47.0,63.0,2 | 7,2 | 3 | 6
203,2007,2007-04-28,NYJ,2,pick_only,GB,2007 R2 #63 (Brandon Jackson) | 2007 R3 #89 (Aaron Rouse) | 2007 R6 #192 (Desmond Bishop),2007 R2 #47 (David Harris) | 2007 R7 #235 (Chansi Stuckey),0,0,3,2,3,2,0,0,430.2232146493901,411.47767676969465,0,-1,-1,-18.745537879695462,63.0,47.0,2 | 3 | 6,2 | 7
204,2007,2007-04-28,DET,2,player_for_draft_capital_or_mixed,OAK,Josh McCown | Mike Williams,2007 R4 #105 | A.J. Davis,2,1,0,1,0,1,0,0,0.0,87.74900141511668,-1,1,1,87.74900141511668,,105.0,,4
204,2007,2007-04-28,OAK,2,player_for_draft_capital_or_mixed,DET,2007 R4 #105 | A.J. Davis,Josh McCown | Mike Williams,1,2,1,0,1,0,0,0,87.74900141511668,0.0,1,-1,-1,-87.74900141511668,105.0,,4,
205,2007,2007-04-28,CLE,2,pick_only,DAL,2007 R3 #67 (James Marten) | 2007 R4 #103 (Isaiah Stanback) | 2007 R6 #178 (Nick Folk),2007 R2 #53 (Eric Wright) | 2007 R6 #195 (Deon Anderson),0,0,3,2,3,2,0,0,361.76363064793435,365.68291743744203,0,-1,-1,3.91928678950768,67.0,53.0,3 | 4 | 6,2 | 6
205,2007,2007-04-28,DAL,2,pick_only,CLE,2007 R2 #53 (Eric Wright) | 2007 R6 #195 (Deon Anderson),2007 R3 #67 (James Marten) | 2007 R4 #103 (Isaiah Stanback) | 2007 R6 #178 (Nick Folk),0,0,2,3,2,3,0,0,365.68291743744203,361.76363064793435,0,1,1,-3.91928678950768,53.0,67.0,2 | 6,3 | 4 | 6
206,2007,2007-04-28,DET,2,pick_only,NO,2007 R3 #66 (Usama Young) | 2007 R5 #145 (David Jones),2007 R2 #58 (Ikaika Alama-Francis),0,0,2,1,2,1,0,0,290.3499451276874,312.620757131406,0,-1,-1,22.27081200371856,66.0,58.0,3 | 5,2
206,2007,2007-04-28,NO,2,pick_only,DET,2007 R2 #58 (Ikaika Alama-Francis),2007 R3 #66 (Usama Young) | 2007 R5 #145 (David Jones),0,0,1,2,1,2,0,0,312.620757131406,290.3499451276874,0,1,1,-22.27081200371856,58.0,66.0,2,3 | 5
208,2007,2007-04-28,BAL,2,pick_only,JAX,2007 R4 #101 (Adam Podlesh) | 2007 R5 #166 (Derek Landri) | 2007 R6 #203 (Daren Stone),2007 R3 #86 (Marshal Yanda),0,0,3,1,3,1,0,0,133.02696153460033,151.0483702910592,0,-2,-2,18.021408756458868,101.0,86.0,4 | 5 | 6,3
208,2007,2007-04-28,JAX,2,pick_only,BAL,2007 R3 #86 (Marshal Yanda),2007 R4 #101 (Adam Podlesh) | 2007 R5 #166 (Derek Landri) | 2007 R6 #203 (Daren Stone),0,0,1,3,1,3,0,0,151.0483702910592,133.02696153460033,0,2,2,-18.021408756458868,86.0,101.0,3,4 | 5 | 6
209,2007,2007-04-28,NE,2,player_for_draft_capital_or_mixed,OAK,2007 R3 #91 (Mario Henderson),2007 R7 #211 | 2008 R3 #69 (Jacob Hester) | Oscar Lua,0,1,1,2,1,2,0,0,132.3692220788611,243.26496831766084,1,1,1,110.89574623879975,91.0,69.0,3,3 | 7
209,2007,2007-04-28,OAK,2,player_for_draft_capital_or_mixed,NE,2007 R7 #211 | 2008 R3 #69 (Jacob Hester) | Oscar Lua,2007 R3 #91 (Mario Henderson),1,0,2,1,2,1,0,0,243.26496831766084,132.3692220788611,-1,-1,-1,-110.89574623879975,69.0,91.0,3 | 7,3
207,2007,2007-04-29,BAL,2,pick_only,DET,2007 R2 #61 (Gerald Alexander),2007 R3 #74 (Yamon Figurs) | 2007 R4 #101 (Adam Podlesh),0,0,1,2,1,2,0,0,290.52986838788144,306.6889030462859,0,1,1,16.159034658404437,61.0,74.0,2,3 | 4
207,2007,2007-04-29,DET,2,pick_only,BAL,2007 R3 #74 (Yamon Figurs) | 2007 R4 #101 (Adam Podlesh),2007 R2 #61 (Gerald Alexander),0,0,2,1,2,1,0,0,306.6889030462859,290.52986838788144,0,-1,-1,-16.159034658404437,74.0,61.0,3 | 4,2
210,2007,2007-04-29,SEA,2,player_for_draft_capital_or_mixed,SF,Darrell Jackson,2007 R4 #124 (Mansfield Wrotto),1,0,0,1,0,1,0,0,0.0,48.679055957954645,-1,1,1,48.679055957954645,,124.0,,4
210,2007,2007-04-29,SF,2,player_for_draft_capital_or_mixed,SEA,2007 R4 #124 (Mansfield Wrotto),Darrell Jackson,0,1,1,0,1,0,0,0,48.679055957954645,0.0,1,-1,-1,-48.679055957954645,124.0,,4,
211,2007,2007-04-29,MIN,2,pick_only,TB,2007 R4 #106 (Tanard Jackson) | 2007 R6 #182 (Adam Hayward),2007 R4 #102 (Brian Robison),0,0,2,1,2,1,0,0,102.45548581175453,96.30469311789194,0,-1,-1,-6.150792693862584,106.0,102.0,4 | 6,4
211,2007,2007-04-29,TB,2,pick_only,MIN,2007 R4 #102 (Brian Robison),2007 R4 #106 (Tanard Jackson) | 2007 R6 #182 (Adam Hayward),0,0,1,2,1,2,0,0,96.30469311789194,102.45548581175453,0,1,1,6.150792693862584,102.0,106.0,4,4 | 6
212,2007,2007-04-29,NE,2,player_for_draft_capital_or_mixed,OAK,2007 R4 #110 (John Bowie),Randy Moss,0,1,1,0,1,0,0,0,75.14499644768598,0.0,1,-1,-1,-75.14499644768598,110.0,,4,
212,2007,2007-04-29,OAK,2,player_for_draft_capital_or_mixed,NE,Randy Moss,2007 R4 #110 (John Bowie),1,0,0,1,0,1,0,0,0.0,75.14499644768598,-1,1,1,75.14499644768598,,110.0,,4
213,2007,2007-04-29,HOU,2,pick_only,NO,2007 R4 #107 (Antonio Pittman),2007 R4 #123 (Fred Bennett) | 2007 R5 #163 (Brandon Frye),0,0,1,2,1,2,0,0,82.47177410035772,76.45069951870546,0,1,1,-6.0210745816522575,107.0,123.0,4,4 | 5
213,2007,2007-04-29,NO,2,pick_only,HOU,2007 R4 #123 (Fred Bennett) | 2007 R5 #163 (Brandon Frye),2007 R4 #107 (Antonio Pittman),0,0,2,1,2,1,0,0,76.45069951870546,82.47177410035772,0,-1,-1,6.0210745816522575,123.0,107.0,4 | 5,4
214,2007,2007-04-29,GB,2,pick_only,PIT,2007 R4 #112 (Daniel Sepulveda),2007 R4 #119 (Allen Barbre) | 2007 R6 #193 (Mason Crosby),0,0,1,2,1,2,0,0,70.6257743320383,70.30645770321759,0,1,1,-0.3193166288207152,112.0,119.0,4,4 | 6
214,2007,2007-04-29,PIT,2,pick_only,GB,2007 R4 #119 (Allen Barbre) | 2007 R6 #193 (Mason Crosby),2007 R4 #112 (Daniel Sepulveda),0,0,2,1,2,1,0,0,70.30645770321759,70.6257743320383,0,-1,-1,0.3193166288207152,119.0,112.0,4 | 6,4
215,2007,2007-04-29,DET,2,pick_only,STL,2007 R5 #139 (Dustin Fry) | 2007 R5 #154 (Clifton Ryan),2007 R4 #117 (Manuel Ramirez),0,0,2,1,2,1,0,0,67.44958644846388,60.48129865534639,0,-1,-1,-6.968287793117483,139.0,117.0,5,4
215,2007,2007-04-29,STL,2,pick_only,DET,2007 R4 #117 (Manuel Ramirez),2007 R5 #139 (Dustin Fry) | 2007 R5 #154 (Clifton Ryan),0,0,1,2,1,2,0,0,60.48129865534639,67.44958644846388,0,1,1,6.968287793117483,117.0,139.0,4,5
216,2007,2007-04-29,DEN,2,player_for_draft_capital_or_mixed,MIN,2007 R6 #176 (Rufus Alexander) | 2007 R7 #233 | 2008 R3 #73 (Jamaal Charles) | Chandler Williams,2007 R4 #121 (Marcus Thomas),1,0,3,1,3,1,0,0,235.4054682883566,53.42535492935984,-1,-2,-2,-181.98011335899673,73.0,121.0,3 | 6 | 7,4
216,2007,2007-04-29,MIN,2,player_for_draft_capital_or_mixed,DEN,2007 R4 #121 (Marcus Thomas),2007 R6 #176 (Rufus Alexander) | 2007 R7 #233 | 2008 R3 #73 (Jamaal Charles) | Chandler Williams,0,1,1,3,1,3,0,0,53.42535492935984,235.4054682883566,1,2,2,181.98011335899673,121.0,73.0,4,3 | 6 | 7
217,2007,2007-04-29,ATL,2,player_for_draft_capital_or_mixed,JAX,2007 R5 #149 (Uche Nwaneri),2007 R6 #195 (Deon Anderson) | 2007 R6 #198 | 2007 R6 #203 (Daren Stone) | Doug Datish,0,1,1,3,1,3,0,0,32.44906890675348,32.619133875254995,1,2,2,0.17006496850151365,149.0,195.0,5,6
217,2007,2007-04-29,JAX,2,player_for_draft_capital_or_mixed,ATL,2007 R6 #195 (Deon Anderson) | 2007 R6 #198 | 2007 R6 #203 (Daren Stone) | Doug Datish,2007 R5 #149 (Uche Nwaneri),1,0,3,1,3,1,0,0,32.619133875254995,32.44906890675348,-1,-2,-2,-0.17006496850151365,195.0,149.0,6,5
218,2007,2007-04-29,CLE,2,player_for_draft_capital_or_mixed,DAL,2007 R6 #195 (Deon Anderson),2007 R6 #200 | 2007 R7 #234 (Syndric Steptoe) | Melila Purcell,0,1,1,2,1,2,0,0,12.448632796256481,12.829225349228363,1,1,1,0.38059255297188166,195.0,200.0,6,6 | 7
218,2007,2007-04-29,DAL,2,player_for_draft_capital_or_mixed,CLE,2007 R6 #200 | 2007 R7 #234 (Syndric Steptoe) | Melila Purcell,2007 R6 #195 (Deon Anderson),1,0,2,1,2,1,0,0,12.829225349228363,12.448632796256481,-1,-1,-1,-0.38059255297188166,200.0,195.0,6 | 7,6
219,2007,2007-05-03,KC,2,player_for_draft_capital_or_mixed,TB,Ryan Sims,2007,1,0,0,1,0,0,0,0,0.0,0.0,-1,1,0,0.0,,,,
219,2007,2007-05-03,TB,2,player_for_draft_capital_or_mixed,KC,2007,Ryan Sims,0,1,1,0,0,0,0,0,0.0,0.0,1,-1,0,0.0,,,,
220,2007,2007-05-22,KC,2,player_for_draft_capital_or_mixed,NYG,Lawrence Tynes,2008 R7 #239 (Mike Merritt),1,0,0,1,0,1,0,0,0.0,2.0885475648548275,-1,1,1,2.0885475648548275,,239.0,,7
220,2007,2007-05-22,NYG,2,player_for_draft_capital_or_mixed,KC,2008 R7 #239 (Mike Merritt),Lawrence Tynes,0,1,1,0,1,0,0,0,2.0885475648548275,0.0,1,-1,-1,-2.0885475648548275,239.0,,7,
221,2007,2007-06-06,KC,2,player_for_draft_capital_or_mixed,MIA,Trent Green,2007,1,0,0,1,0,0,0,0,0.0,0.0,-1,1,0,0.0,,,,
221,2007,2007-06-06,MIA,2,player_for_draft_capital_or_mixed,KC,2007,Trent Green,0,1,1,0,0,0,0,0,0.0,0.0,1,-1,0,0.0,,,,
222,2007,2007-06-08,DEN,2,player_for_draft_capital_or_mixed,STL,2007,Jimmy Kennedy,0,1,1,0,0,0,0,0,0.0,0.0,1,-1,0,0.0,,,,
222,2007,2007-06-08,STL,2,player_for_draft_capital_or_mixed,DEN,Jimmy Kennedy,2007,1,0,0,1,0,0,0,0,0.0,0.0,-1,1,0,0.0,,,,
223,2007,2007-07-30,BUF,2,player_for_draft_capital_or_mixed,CHI,Darwin Walker,2007,1,0,0,1,0,0,0,0,0.0,0.0,-1,1,0,0.0,,,,
223,2007,2007-07-30,CHI,2,player_for_draft_capital_or_mixed,BUF,2007,Darwin Walker,0,1,1,0,0,0,0,0,0.0,0.0,1,-1,0,0.0,,,,
224,2007,2007-08-02,CAR,2,player_for_draft_capital_or_mixed,CHI,2007,Chris Harris,0,1,1,0,0,0,0,0,0.0,0.0,1,-1,0,0.0,,,,
224,2007,2007-08-02,CHI,2,player_for_draft_capital_or_mixed,CAR,Chris Harris,2007,1,0,0,1,0,0,0,0,0.0,0.0,-1,1,0,0.0,,,,
225,2007,2007-08-07,CHI,2,player_for_draft_capital_or_mixed,NE,Dante Wesley,2007,1,0,0,1,0,0,0,0,0.0,0.0,-1,1,0,0.0,,,,
225,2007,2007-08-07,NE,2,player_for_draft_capital_or_mixed,CHI,2007,Dante Wesley,0,1,1,0,0,0,0,0,0.0,0.0,1,-1,0,0.0,,,,
226,2007,2007-08-20,DEN,2,player_for_draft_capital_or_mixed,OAK,Gerard Warren,2007,1,0,0,1,0,0,0,0,0.0,0.0,-1,1,0,0.0,,,,
226,2007,2007-08-20,OAK,2,player_for_draft_capital_or_mixed,DEN,2007,Gerard Warren,0,1,1,0,0,0,0,0,0.0,0.0,1,-1,0,0.0,,,,
227,2007,2007-08-21,NYJ,2,player_for_draft_capital_or_mixed,TB,Jerry Mackey,2007 R5,1,0,0,1,0,0,0,0,0.0,0.0,-1,1,0,0.0,,,,5
227,2007,2007-08-21,TB,2,player_for_draft_capital_or_mixed,NYJ,2007 R5,Jerry Mackey,0,1,1,0,0,0,0,0,0.0,0.0,1,-1,0,0.0,,,5,
228,2007,2007-08-23,NYJ,2,player_for_draft_capital_or_mixed,WAS,Pete Kendall,2007,1,0,0,1,0,0,0,0,0.0,0.0,-1,1,0,0.0,,,,
228,2007,2007-08-23,WAS,2,player_for_draft_capital_or_mixed,NYJ,2007,Pete Kendall,0,1,1,0,0,0,0,0,0.0,0.0,1,-1,0,0.0,,,,
229,2007,2007-08-27,MIN,2,player_for_draft_capital_or_mixed,PHI,2007,Kelly Holcomb,0,1,1,0,0,0,0,0,0.0,0.0,1,-1,0,0.0,,,,
229,2007,2007-08-27,PHI,2,player_for_draft_capital_or_mixed,MIN,Kelly Holcomb,2007,1,0,0,1,0,0,0,0,0.0,0.0,-1,1,0,0.0,,,,
230,2007,2007-09-01,ATL,2,player_for_draft_capital_or_mixed,PIT,Allen Rossum,2007,1,0,0,1,0,0,0,0,0.0,0.0,-1,1,0,0.0,,,,
230,2007,2007-09-01,PIT,2,player_for_draft_capital_or_mixed,ATL,2007,Allen Rossum,0,1,1,0,0,0,0,0,0.0,0.0,1,-1,0,0.0,,,,
231,2007,2007-09-01,HOU,2,player_for_draft_capital_or_mixed,SEA,Jason Babin,2007,1,0,0,1,0,0,0,0,0.0,0.0,-1,1,0,0.0,,,,
231,2007,2007-09-01,SEA,2,player_for_draft_capital_or_mixed,HOU,2007,Jason Babin,0,1,1,0,0,0,0,0,0.0,0.0,1,-1,0,0.0,,,,
232,2007,2007-09-01,JAX,2,player_for_draft_capital_or_mixed,SEA,2007 | Alvin Pearman,2007,1,0,1,1,0,0,0,0,0.0,0.0,-1,0,0,0.0,,,,
232,2007,2007-09-01,SEA,2,player_for_draft_capital_or_mixed,JAX,2007,2007 | Alvin Pearman,0,1,1,1,0,0,0,0,0.0,0.0,1,0,0,0.0,,,,
233,2007,2007-09-01,GB,2,player_for_draft_capital_or_mixed,NYG,2008 R6 #194 (Ryan Mundy),Ryan Grant,0,1,1,0,1,0,0,0,12.94564766595343,0.0,1,-1,-1,-12.94564766595343,194.0,,6,
233,2007,2007-09-01,NYG,2,player_for_draft_capital_or_mixed,GB,Ryan Grant,2008 R6 #194 (Ryan Mundy),1,0,0,1,0,1,0,0,0.0,12.94564766595343,-1,1,1,12.94564766595343,,194.0,,6
234,2007,2007-09-01,CIN,2,player_for_draft_capital_or_mixed,STL,2007,Ryan Fitzpatrick,0,1,1,0,0,0,0,0,0.0,0.0,1,-1,0,0.0,,,,
234,2007,2007-09-01,STL,2,player_for_draft_capital_or_mixed,CIN,Ryan Fitzpatrick,2007,1,0,0,1,0,0,0,0,0.0,0.0,-1,1,0,0.0,,,,
235,2007,2007-09-11,CLE,2,player_for_draft_capital_or_mixed,SEA,Charlie Frye,2007,1,0,0,1,0,0,0,0,0.0,0.0,-1,1,0,0.0,,,,
235,2007,2007-09-11,SEA,2,player_for_draft_capital_or_mixed,CLE,2007,Charlie Frye,0,1,1,0,0,0,0,0,0.0,0.0,1,-1,0,0.0,,,,
236,2007,2007-09-11,SEA,2,player_for_draft_capital_or_mixed,TEN,Bryce Fisher,2007 R5,1,0,0,1,0,0,0,0,0.0,0.0,-1,1,0,0.0,,,,5
236,2007,2007-09-11,TEN,2,player_for_draft_capital_or_mixed,SEA,2007 R5,Bryce Fisher,0,1,1,0,0,0,0,0,0.0,0.0,1,-1,0,0.0,,,5,
237,2007,2007-10-16,KC,2,player_for_draft_capital_or_mixed,TB,2007 | Michael Bennett,2007,1,0,1,1,0,0,0,0,0.0,0.0,-1,0,0,0.0,,,,
237,2007,2007-10-16,TB,2,player_for_draft_capital_or_mixed,KC,2007,2007 | Michael Bennett,0,1,1,1,0,0,0,0,0.0,0.0,1,0,0,0.0,,,,
238,2007,2007-10-16,MIA,2,player_for_draft_capital_or_mixed,SD,Chris Chambers,2007,1,0,0,1,0,0,0,0,0.0,0.0,-1,1,0,0.0,,,,
238,2007,2007-10-16,SD,2,player_for_draft_capital_or_mixed,MIA,2007,Chris Chambers,0,1,1,0,0,0,0,0,0.0,0.0,1,-1,0,0.0,,,,
239,2008,2008-02-29,CAR,2,player_for_draft_capital_or_mixed,NYJ,Kris Jenkins,2008 R3 #67 (Charles Godfrey) | 2008 R5 #141 (Gary Barnidge),1,0,0,2,0,2,0,0,0.0,285.562813715934,-1,2,2,285.562813715934,,67.0,,3 | 5
239,2008,2008-02-29,NYJ,2,player_for_draft_capital_or_mixed,CAR,2008 R3 #67 (Charles Godfrey) | 2008 R5 #141 (Gary Barnidge),Kris Jenkins,0,1,2,0,2,0,0,0,285.562813715934,0.0,1,-2,-2,-285.562813715934,67.0,,3 | 5,
240,2008,2008-02-29,DAL,2,player_for_draft_capital_or_mixed,MIA,2008 R6 #195 (Donald Thomas) | Jason Ferguson,2008 R6 #167 (Erik Walden),1,0,1,1,1,1,0,0,12.448632796256481,24.060670173714687,-1,0,0,11.612037377458206,195.0,167.0,6,6
240,2008,2008-02-29,MIA,2,player_for_draft_capital_or_mixed,DAL,2008 R6 #167 (Erik Walden),2008 R6 #195 (Donald Thomas) | Jason Ferguson,0,1,1,1,1,1,0,0,24.060670173714687,12.448632796256481,1,0,0,-11.612037377458206,167.0,195.0,6,6
241,2008,2008-02-29,NO,2,player_for_draft_capital_or_mixed,NYJ,2008 R4 #113 (Dwight Lowery),Jonathan Vilma,0,1,1,0,1,0,0,0,68.46912841054362,0.0,1,-1,-1,-68.46912841054362,113.0,,4,
241,2008,2008-02-29,NYJ,2,player_for_draft_capital_or_mixed,NO,Jonathan Vilma,2008 R4 #113 (Dwight Lowery),1,0,0,1,0,1,0,0,0.0,68.46912841054362,-1,1,1,68.46912841054362,,113.0,,4
242,2008,2008-02-29,JAX,2,player_for_draft_capital_or_mixed,MIN,2008 R6 #193 (Jaymar Johnson),Troy Williamson,0,1,1,0,1,0,0,0,13.46250598229572,0.0,1,-1,-1,-13.46250598229572,193.0,,6,
242,2008,2008-02-29,MIN,2,player_for_draft_capital_or_mixed,JAX,Troy Williamson,2008 R6 #193 (Jaymar Johnson),1,0,0,1,0,1,0,0,0.0,13.46250598229572,-1,1,1,13.46250598229572,,193.0,,6
243,2008,2008-03-01,CLE,2,player_for_draft_capital_or_mixed,DET,2008 R3 #87 (Andre Fluellen) | Leigh Bodden,Shaun Rogers,1,1,1,0,1,0,0,0,147.1127244382688,0.0,0,-1,-1,-147.1127244382688,87.0,,3,
243,2008,2008-03-01,DET,2,player_for_draft_capital_or_mixed,CLE,Shaun Rogers,2008 R3 #87 (Andre Fluellen) | Leigh Bodden,1,1,0,1,0,1,0,0,0.0,147.1127244382688,0,1,1,147.1127244382688,,87.0,,3
244,2008,2008-03-01,CLE,2,player_for_draft_capital_or_mixed,GB,2008 R2 #56 (Brian Brohm),Corey Williams,0,1,1,0,1,0,0,0,328.2735003541492,0.0,1,-1,-1,-328.2735003541492,56.0,,2,
244,2008,2008-03-01,GB,2,player_for_draft_capital_or_mixed,CLE,Corey Williams,2008 R2 #56 (Brian Brohm),1,0,0,1,0,1,0,0,0.0,328.2735003541492,-1,1,1,328.2735003541492,,56.0,,2
245,2008,2008-03-01,BUF,2,player_for_draft_capital_or_mixed,JAX,2008 R3 #71 (Tavares Gooden) | 2008 R5 #143 (Orlando Scandrick),Marcus Stroud,0,1,2,0,2,0,0,0,259.6084910023785,0.0,1,-2,-2,-259.6084910023785,71.0,,3 | 5,
245,2008,2008-03-01,JAX,2,player_for_draft_capital_or_mixed,BUF,Marcus Stroud,2008 R3 #71 (Tavares Gooden) | 2008 R5 #143 (Orlando Scandrick),1,0,0,2,0,2,0,0,0.0,259.6084910023785,-1,2,2,259.6084910023785,,71.0,,3 | 5
246,2008,2008-03-03,CHI,2,player_for_draft_capital_or_mixed,TB,Brian Griese,2008,1,0,0,1,0,0,0,0,0.0,0.0,-1,1,0,0.0,,,,
246,2008,2008-03-03,TB,2,player_for_draft_capital_or_mixed,CHI,2008,Brian Griese,0,1,1,0,0,0,0,0,0.0,0.0,1,-1,0,0.0,,,,
247,2008,2008-03-17,DEN,2,player_for_draft_capital_or_mixed,HOU,Chris Myers,2008 R6 #183 (Spencer Larsen),1,0,0,1,0,1,0,0,0.0,17.013463039726563,-1,1,1,17.013463039726563,,183.0,,6
247,2008,2008-03-17,HOU,2,player_for_draft_capital_or_mixed,DEN,2008 R6 #183 (Spencer Larsen),Chris Myers,0,1,1,0,1,0,0,0,17.013463039726563,0.0,1,-1,-1,-17.013463039726563,183.0,,6,
248,2008,2008-03-21,ATL,2,player_for_draft_capital_or_mixed,OAK,DeAngelo Hall,2008 R2 #34 (Devin Thomas) | 2008,1,0,0,2,0,1,0,0,0.0,561.8676088948529,-1,2,1,561.8676088948529,,34.0,,2
248,2008,2008-03-21,OAK,2,player_for_draft_capital_or_mixed,ATL,2008 R2 #34 (Devin Thomas) | 2008,DeAngelo Hall,0,1,2,0,1,0,0,0,561.8676088948529,0.0,1,-2,-1,-561.8676088948529,34.0,,2,
249,2008,2008-04-23,KC,2,player_for_draft_capital_or_mixed,MIN,2009 R6 #187 (Bron Underwood) | Jared Allen,2008 R1 #17 (Gosder Cherilus) | 2008 R3 #73 (Jamaal Charles) | 2008 R3 #82 (DaJuan Morgan) | 2008 R6 #182 (Kevin Robinson),1,0,1,4,1,4,0,0,15.60141439634249,1348.1563636885253,-1,3,3,1332.5549492921828,187.0,17.0,6,1 | 3 | 6
249,2008,2008-04-23,MIN,2,player_for_draft_capital_or_mixed,KC,2008 R1 #17 (Gosder Cherilus) | 2008 R3 #73 (Jamaal Charles) | 2008 R3 #82 (DaJuan Morgan) | 2008 R6 #182 (Kevin Robinson),2009 R6 #187 (Bron Underwood) | Jared Allen,0,1,4,1,4,1,0,0,1348.1563636885253,15.60141439634249,1,-3,-3,-1332.5549492921828,17.0,187.0,1 | 3 | 6,6
250,2008,2008-04-26,DEN,2,player_for_draft_capital_or_mixed,NYJ,2008,Dewayne Robertson,0,1,1,0,0,0,0,0,0.0,0.0,1,-1,0,0.0,,,,
250,2008,2008-04-26,NYJ,2,player_for_draft_capital_or_mixed,DEN,Dewayne Robertson,2008,1,0,0,1,0,0,0,0,0.0,0.0,-1,1,0,0.0,,,,
251,2008,2008-04-26,DAL,2,player_for_draft_capital_or_mixed,MIA,Akin Ayodele | Anthony Fasano,2008 R4 #100 (Tyvon Branch),2,0,0,1,0,1,0,0,0.0,102.46706518524651,-2,1,1,102.46706518524651,,100.0,,4
251,2008,2008-04-26,MIA,2,player_for_draft_capital_or_mixed,DAL,2008 R4 #100 (Tyvon Branch),Akin Ayodele | Anthony Fasano,0,2,1,0,1,0,0,0,102.46706518524651,0.0,2,-1,-1,-102.46706518524651,100.0,,4,
252,2008,2008-04-26,NE,2,pick_only,NO,2008 R1 #7 (Sedrick Ellis) | 2008 R5 #164 (Carl Nicks),2008 R1 #10 (Jerod Mayo) | 2008 R3 #78 (Shawn Crable),0,0,2,2,2,2,0,0,1525.6761132097308,1486.570290445259,0,0,0,-39.105822764471895,7.0,10.0,1 | 5,1 | 3
252,2008,2008-04-26,NO,2,pick_only,NE,2008 R1 #10 (Jerod Mayo) | 2008 R3 #78 (Shawn Crable),2008 R1 #7 (Sedrick Ellis) | 2008 R5 #164 (Carl Nicks),0,0,2,2,2,2,0,0,1486.570290445259,1525.6761132097308,0,0,0,39.105822764471895,10.0,7.0,1 | 3,1 | 5
253,2008,2008-04-26,BAL,2,pick_only,JAX,2008 R1 #8 (Derrick Harvey),2008 R1 #26 (Duane Brown) | 2008 R3 #71 (Tavares Gooden) | 2008 R3 #89 (Steve Slaton) | 2008 R4 #125 (Arman Shields),0,0,1,4,1,4,0,0,1400.0,1111.1804583713415,0,3,3,-288.8195416286585,8.0,26.0,1,1 | 3 | 4
253,2008,2008-04-26,JAX,2,pick_only,BAL,2008 R1 #26 (Duane Brown) | 2008 R3 #71 (Tavares Gooden) | 2008 R3 #89 (Steve Slaton) | 2008 R4 #125 (Arman Shields),2008 R1 #8 (Derrick Harvey),0,0,4,1,4,1,0,0,1111.1804583713415,1400.0,0,-3,-3,288.8195416286585,26.0,8.0,1 | 3 | 4,1
254,2008,2008-04-26,DET,2,pick_only,KC,2008 R1 #15 (Branden Albert) | 2008 R3 #76 (Brad Cottam),2008 R1 #17 (Gosder Cherilus) | 2008 R3 #66 (Kendall Langford) | 2008 R5 #136 (Kenny Moore),0,0,2,3,2,3,0,0,1246.686294548146,1244.740300931996,0,1,1,-1.9459936161499627,15.0,17.0,1 | 3,1 | 3 | 5
254,2008,2008-04-26,KC,2,pick_only,DET,2008 R1 #17 (Gosder Cherilus) | 2008 R3 #66 (Kendall Langford) | 2008 R5 #136 (Kenny Moore),2008 R1 #15 (Branden Albert) | 2008 R3 #76 (Brad Cottam),0,0,3,2,3,2,0,0,1244.740300931996,1246.686294548146,0,-1,-1,1.9459936161499627,17.0,15.0,1 | 3 | 5,1 | 3
255,2008,2008-04-26,BAL,2,pick_only,HOU,2008 R1 #26 (Duane Brown) | 2008 R3 #89 (Steve Slaton) | 2008 R6 #173 (Dominique Barber),2008 R1 #18 (Joe Flacco),0,0,3,1,3,1,0,0,860.6746989007231,900.0,0,-2,-2,39.325301099276885,26.0,18.0,1 | 3 | 6,1
255,2008,2008-04-26,HOU,2,pick_only,BAL,2008 R1 #18 (Joe Flacco),2008 R1 #26 (Duane Brown) | 2008 R3 #89 (Steve Slaton) | 2008 R6 #173 (Dominique Barber),0,0,1,3,1,3,0,0,900.0,860.6746989007231,0,2,2,-39.325301099276885,18.0,26.0,1,1 | 3 | 6
256,2008,2008-04-26,CAR,2,pick_only,PHI,2008 R2 #43 (Tyrell Johnson) | 2008 R4 #109 (Mike McGlynn) | 2009 R1 #28 (Eric Wood),2008 R1 #19 (Jeff Otah),0,0,3,1,3,1,0,0,1188.4873963538716,875.0,0,-2,-2,-313.48739635387165,28.0,19.0,1 | 2 | 4,1
256,2008,2008-04-26,PHI,2,pick_only,CAR,2008 R1 #19 (Jeff Otah),2008 R2 #43 (Tyrell Johnson) | 2008 R4 #109 (Mike McGlynn) | 2009 R1 #28 (Eric Wood),0,0,1,3,1,3,0,0,875.0,1188.4873963538716,0,2,2,313.48739635387165,19.0,28.0,1,1 | 2 | 4
257,2008,2008-04-26,ATL,2,pick_only,WAS,2008 R2 #34 (Devin Thomas) | 2008 R4 #103 (William Hayes),2008 R1 #21 (Sam Baker) | 2008 R3 #84 (Harry Douglas) | 2008 R5 #154 (Kroy Biermann),0,0,2,3,2,3,0,0,655.2315183456228,989.5836309187913,0,1,1,334.3521125731685,34.0,21.0,2 | 4,1 | 3 | 5
257,2008,2008-04-26,WAS,2,pick_only,ATL,2008 R1 #21 (Sam Baker) | 2008 R3 #84 (Harry Douglas) | 2008 R5 #154 (Kroy Biermann),2008 R2 #34 (Devin Thomas) | 2008 R4 #103 (William Hayes),0,0,3,2,3,2,0,0,989.5836309187913,655.2315183456228,0,-1,-1,-334.3521125731685,21.0,34.0,1 | 3 | 5,2 | 4
258,2008,2008-04-26,DAL,2,pick_only,SEA,2008 R1 #28 (Lawrence Jackson) | 2008 R5 #163 (Owen Schmitt) | 2008 R7 #235 (Brandon Coutu),2008 R1 #25 (Mike Jenkins),0,0,3,1,3,1,0,0,688.7220625016912,720.0,0,-2,-2,31.277937498308802,28.0,25.0,1 | 5 | 7,1
258,2008,2008-04-26,SEA,2,pick_only,DAL,2008 R1 #25 (Mike Jenkins),2008 R1 #28 (Lawrence Jackson) | 2008 R5 #163 (Owen Schmitt) | 2008 R7 #235 (Brandon Coutu),0,0,1,3,1,3,0,0,720.0,688.7220625016912,0,2,2,-31.277937498308802,25.0,28.0,1,1 | 5 | 7
259,2008,2008-04-26,GB,2,pick_only,NYJ,2008 R1 #30 (Dustin Keller),2008 R2 #36 (Jordy Nelson) | 2008 R4 #113 (Dwight Lowery),0,0,1,2,1,2,0,0,620.0,603.545755402441,0,1,1,-16.454244597558954,30.0,36.0,1,2 | 4
259,2008,2008-04-26,NYJ,2,pick_only,GB,2008 R2 #36 (Jordy Nelson) | 2008 R4 #113 (Dwight Lowery),2008 R1 #30 (Dustin Keller),0,0,2,1,2,1,0,0,603.545755402441,620.0,0,-1,-1,16.454244597558954,36.0,30.0,2 | 4,1
260,2008,2008-04-26,BAL,2,pick_only,SEA,2008 R2 #38 (John Carlson),2008 R2 #55 (Ray Rice) | 2008 R3 #86 (Tom Zbikowski),0,0,1,2,1,2,0,0,509.56309319230627,487.4397311233078,0,1,1,-22.12336206899846,38.0,55.0,2,2 | 3
260,2008,2008-04-26,SEA,2,pick_only,BAL,2008 R2 #55 (Ray Rice) | 2008 R3 #86 (Tom Zbikowski),2008 R2 #38 (John Carlson),0,0,2,1,2,1,0,0,487.4397311233078,509.56309319230627,0,-1,-1,22.12336206899846,55.0,38.0,2 | 3,2
261,2008,2008-04-26,MIA,2,player_for_draft_capital_or_mixed,PHI,Lorenzo Booker,2008 R4 #115 (Dre Moore),1,0,0,1,0,1,0,0,0.0,64.3513931789309,-1,1,1,64.3513931789309,,115.0,,4
261,2008,2008-04-26,PHI,2,player_for_draft_capital_or_mixed,MIA,2008 R4 #115 (Dre Moore),Lorenzo Booker,0,1,1,0,1,0,0,0,64.3513931789309,0.0,1,-1,-1,-64.3513931789309,115.0,,4,
262,2008,2008-04-26,MIN,2,pick_only,PHI,2008 R2 #47 (Trevor Laws) | 2008 R4 #117 (Quintin Demps),2008 R2 #43 (Tyrell Johnson) | 2008 R5 #152 (Letroy Guion),0,0,2,2,2,2,0,0,469.4752598008941,482.1453933702281,0,0,0,12.670133569333984,47.0,43.0,2 | 4,2 | 5
262,2008,2008-04-26,PHI,2,pick_only,MIN,2008 R2 #43 (Tyrell Johnson) | 2008 R5 #152 (Letroy Guion),2008 R2 #47 (Trevor Laws) | 2008 R4 #117 (Quintin Demps),0,0,2,2,2,2,0,0,482.1453933702281,469.4752598008941,0,0,0,-12.670133569333984,43.0,47.0,2 | 5,2 | 4
263,2008,2008-04-26,JAX,2,pick_only,TB,2008 R2 #58 (Dexter Jackson) | 2008 R5 #158 (Kellen Davis) | 2009 R7 #217 (E.J. Biggers),2008 R2 #52 (Quentin Groves),0,0,3,1,3,1,0,0,346.64273417431497,361.96939922005004,0,-2,-2,15.32666504573507,58.0,52.0,2 | 5 | 7,2
263,2008,2008-04-26,TB,2,pick_only,JAX,2008 R2 #52 (Quentin Groves),2008 R2 #58 (Dexter Jackson) | 2008 R5 #158 (Kellen Davis) | 2009 R7 #217 (E.J. Biggers),0,0,1,3,1,3,0,0,361.96939922005004,346.64273417431497,0,2,2,-15.32666504573507,52.0,58.0,2,2 | 5 | 7
264,2008,2008-04-27,DET,2,pick_only,MIA,2008 R3 #66 (Kendall Langford) | 2008 R6 #176 (Jalen Parmele),2008 R3 #64 (Kevin Smith),0,0,2,1,2,1,0,0,275.91230237395314,270.0,0,-1,-1,-5.912302373953139,66.0,64.0,3 | 6,3
264,2008,2008-04-27,MIA,2,pick_only,DET,2008 R3 #64 (Kevin Smith),2008 R3 #66 (Kendall Langford) | 2008 R6 #176 (Jalen Parmele),0,0,1,2,1,2,0,0,270.0,275.91230237395314,0,1,1,5.912302373953139,64.0,66.0,3,3 | 6
265,2008,2008-04-27,NE,2,pick_only,SD,2008 R3 #69 (Jacob Hester),2008 R5 #160 (Josh Johnson) | 2009 R2 #47 (Mike Mitchell),0,0,1,2,1,2,0,0,236.61089419518237,436.9939611455477,0,1,1,200.38306695036533,69.0,47.0,3,2 | 5
265,2008,2008-04-27,SD,2,pick_only,NE,2008 R5 #160 (Josh Johnson) | 2009 R2 #47 (Mike Mitchell),2008 R3 #69 (Jacob Hester),0,0,2,1,2,1,0,0,436.9939611455477,236.61089419518237,0,-1,-1,-200.38306695036533,47.0,69.0,2 | 5,3
266,2008,2008-04-27,DAL,2,pick_only,DET,2008 R3 #92 (Cliff Avril),2008 R4 #111 (Martin Rucker) | 2009 R4 #101 (Stephen McGee),0,0,1,2,1,2,0,0,128.9202713956601,172.1884562714099,0,1,1,43.268184875749796,92.0,101.0,3,4
266,2008,2008-04-27,DET,2,pick_only,DAL,2008 R4 #111 (Martin Rucker) | 2009 R4 #101 (Stephen McGee),2008 R3 #92 (Cliff Avril),0,0,2,1,2,1,0,0,172.1884562714099,128.9202713956601,0,-1,-1,-43.268184875749796,101.0,92.0,4,3
267,2008,2008-04-27,DAL,2,player_for_draft_capital_or_mixed,TEN,2008 R4 #126 (Lavelle Hawkins),Adam Jones,0,1,1,0,1,0,0,0,45.75149621806973,0.0,1,-1,-1,-45.75149621806973,126.0,,4,
267,2008,2008-04-27,TEN,2,player_for_draft_capital_or_mixed,DAL,Adam Jones,2008 R4 #126 (Lavelle Hawkins),1,0,0,1,0,1,0,0,0.0,45.75149621806973,-1,1,1,45.75149621806973,,126.0,,4
268,2008,2008-04-27,TEN,2,pick_only,WAS,2008 R4 #124 (Justin Tryon) | 2008 R5 #157 (Roy Schuening),2008 R4 #103 (William Hayes),0,0,2,1,2,1,0,0,77.82812128973441,93.36390945076992,0,-1,-1,15.535788161035512,124.0,103.0,4 | 5,4
268,2008,2008-04-27,WAS,2,pick_only,TEN,2008 R4 #103 (William Hayes),2008 R4 #124 (Justin Tryon) | 2008 R5 #157 (Roy Schuening),0,0,1,2,1,2,0,0,93.36390945076992,77.82812128973441,0,1,1,-15.535788161035512,103.0,124.0,4,4 | 5
269,2008,2008-04-27,DAL,2,pick_only,OAK,2008 R4 #100 (Tyvon Branch),2008 R4 #104 (Beau Bell) | 2008 R7 #213 (Chauncey Washington),0,0,1,2,1,2,0,0,102.46706518524651,96.66587621113551,0,1,1,-5.801188974111,100.0,104.0,4,4 | 7
269,2008,2008-04-27,OAK,2,pick_only,DAL,2008 R4 #104 (Beau Bell) | 2008 R7 #213 (Chauncey Washington),2008 R4 #100 (Tyvon Branch),0,0,2,1,2,1,0,0,96.66587621113551,102.46706518524651,0,-1,-1,5.801188974111,104.0,100.0,4 | 7,4
270,2008,2008-04-27,GB,2,pick_only,NYJ,2008 R4 #113 (Dwight Lowery) | 2008 R5 #162 (Erik Ainge),2008 R4 #102 (Jeremy Thompson),0,0,2,1,2,1,0,0,95.28202027010367,96.30469311789194,0,-1,-1,1.0226728477882716,113.0,102.0,4 | 5,4
270,2008,2008-04-27,NYJ,2,pick_only,GB,2008 R4 #102 (Jeremy Thompson),2008 R4 #113 (Dwight Lowery) | 2008 R5 #162 (Erik Ainge),0,0,1,2,1,2,0,0,96.30469311789194,95.28202027010367,0,1,1,-1.0226728477882716,102.0,113.0,4,4 | 5
271,2008,2008-04-27,CLE,2,pick_only,DAL,2008 R4 #122 (Tashard Choice) | 2008 R5 #155 (Thomas Williams),2008 R4 #104 (Beau Bell),0,0,2,1,2,1,0,0,81.7351337006096,90.51292627308231,0,-1,-1,8.77779257247272,122.0,104.0,4 | 5,4
271,2008,2008-04-27,DAL,2,pick_only,CLE,2008 R4 #104 (Beau Bell),2008 R4 #122 (Tashard Choice) | 2008 R5 #155 (Thomas Williams),0,0,1,2,1,2,0,0,90.51292627308231,81.7351337006096,0,1,1,-8.77779257247272,104.0,122.0,4,4 | 5
272,2008,2008-04-27,BAL,2,player_for_draft_capital_or_mixed,OAK,2008 R4 #125 (Arman Shields),Fabian Washington,0,1,1,0,1,0,0,0,47.192580397341786,0.0,1,-1,-1,-47.192580397341786,125.0,,4,
272,2008,2008-04-27,OAK,2,player_for_draft_capital_or_mixed,BAL,Fabian Washington,2008 R4 #125 (Arman Shields),1,0,0,1,0,1,0,0,0.0,47.192580397341786,-1,1,1,47.192580397341786,,125.0,,4
273,2008,2008-04-27,CHI,2,pick_only,MIA,2008 R4 #110 (Shawn Murphy),2008 R4 #115 (Dre Moore) | 2008 R7 #208 (Ervin Baldwin),0,0,1,2,1,2,0,0,75.14499644768598,71.83470795247878,0,1,1,-3.310288495207203,110.0,115.0,4,4 | 7
273,2008,2008-04-27,MIA,2,pick_only,CHI,2008 R4 #115 (Dre Moore) | 2008 R7 #208 (Ervin Baldwin),2008 R4 #110 (Shawn Murphy),0,0,2,1,2,1,0,0,71.83470795247878,75.14499644768598,0,-1,-1,3.310288495207203,115.0,110.0,4 | 7,4
274,2008,2008-04-27,CLE,2,pick_only,DAL,2009 R3 #69 (Jason Williams),2008 R4 #111 (Martin Rucker),0,0,1,1,1,1,0,0,236.61089419518237,72.85035045417483,0,0,0,-163.76054374100755,69.0,111.0,3,4
274,2008,2008-04-27,DAL,2,pick_only,CLE,2008 R4 #111 (Martin Rucker),2009 R3 #69 (Jason Williams),0,0,1,1,1,1,0,0,72.85035045417483,236.61089419518237,0,0,0,163.76054374100755,111.0,69.0,4,3
275,2008,2008-04-27,CHI,2,pick_only,TB,2008 R4 #115 (Dre Moore) | 2008 R6 #175 (Geno Hayes),2008 R4 #120 (Craig Steltz) | 2008 R5 #158 (Kellen Davis),0,0,2,2,2,2,0,0,84.58392447660955,83.86904830870341,0,0,0,-0.7148761679061408,115.0,120.0,4 | 6,4 | 5
275,2008,2008-04-27,TB,2,pick_only,CHI,2008 R4 #120 (Craig Steltz) | 2008 R5 #158 (Kellen Davis),2008 R4 #115 (Dre Moore) | 2008 R6 #175 (Geno Hayes),0,0,2,2,2,2,0,0,83.86904830870341,84.58392447660955,0,0,0,0.7148761679061408,120.0,115.0,4 | 5,4 | 6
276,2008,2008-04-27,NYG,2,pick_only,PIT,2008 R4 #130 (Tony Hills) | 2008 R6 #194 (Ryan Mundy),2008 R4 #123 (Bryan Kehl),0,0,2,1,2,1,0,0,54.80804100999826,50.21235264116127,0,-1,-1,-4.595688368836996,130.0,123.0,4 | 6,4
276,2008,2008-04-27,PIT,2,pick_only,NYG,2008 R4 #123 (Bryan Kehl),2008 R4 #130 (Tony Hills) | 2008 R6 #194 (Ryan Mundy),0,0,1,2,1,2,0,0,50.21235264116127,54.80804100999826,0,1,1,4.595688368836996,123.0,130.0,4,4 | 6
277,2008,2008-04-27,GB,2,player_for_draft_capital_or_mixed,STL,2008 R4 #128 (Keenan Burton),2008 R5 #137 | 2008 R7 #217 (Brett Swain) | John David Booty,0,1,1,2,1,2,0,0,43.0,43.37368594857742,1,1,1,0.37368594857741755,128.0,137.0,4,5 | 7
277,2008,2008-04-27,STL,2,player_for_draft_capital_or_mixed,GB,2008 R5 #137 | 2008 R7 #217 (Brett Swain) | John David Booty,2008 R4 #128 (Keenan Burton),1,0,2,1,2,1,0,0,43.37368594857742,43.0,-1,-1,-1,-0.37368594857741755,137.0,128.0,5 | 7,4
278,2008,2008-04-27,GB,2,player_for_draft_capital_or_mixed,MIN,2008 R5 #137 | John David Booty,2008 R5 #150 (Breno Giacomini) | 2008 R7 #209 (Matt Flynn),1,0,1,2,1,2,0,0,38.1126063083793,39.21296811804684,-1,1,1,1.1003618096675396,137.0,150.0,5,5 | 7
278,2008,2008-04-27,MIN,2,player_for_draft_capital_or_mixed,GB,2008 R5 #150 (Breno Giacomini) | 2008 R7 #209 (Matt Flynn),2008 R5 #137 | John David Booty,0,1,2,1,2,1,0,0,39.21296811804684,38.1126063083793,1,-1,-1,-1.1003618096675396,150.0,137.0,5 | 7,5
279,2008,2008-04-27,DAL,2,pick_only,JAX,2008 R5 #155 (Thomas Williams) | 2008 R7 #213 (Chauncey Washington),2008 R5 #143 (Orlando Scandrick),0,0,2,1,2,1,0,0,36.094138416347285,35.167009942793925,0,-1,-1,-0.9271284735533598,155.0,143.0,5 | 7,5
279,2008,2008-04-27,JAX,2,pick_only,DAL,2008 R5 #143 (Orlando Scandrick),2008 R5 #155 (Thomas Williams) | 2008 R7 #213 (Chauncey Washington),0,0,1,2,1,2,0,0,35.167009942793925,36.094138416347285,0,1,1,0.9271284735533598,143.0,155.0,5,5 | 7
280,2008,2008-04-27,DET,2,pick_only,NO,2008 R5 #144 (DeMario Pressley),2008 R5 #146 (Jerome Felton) | 2008 R7 #218 (Caleb Campbell),0,0,1,2,1,2,0,0,34.698703145794944,38.83980934919227,0,1,1,4.141106203397328,144.0,146.0,5,5 | 7
280,2008,2008-04-27,NO,2,pick_only,DET,2008 R5 #146 (Jerome Felton) | 2008 R7 #218 (Caleb Campbell),2008 R5 #144 (DeMario Pressley),0,0,2,1,2,1,0,0,38.83980934919227,34.698703145794944,0,-1,-1,-4.141106203397328,146.0,144.0,5 | 7,5
281,2008,2008-04-27,NE,2,pick_only,TB,2008 R5 #160 (Josh Johnson) | 2008 R7,2008 R5 #153 (Matthew Slater),0,0,2,1,1,1,0,0,28.0,30.754837497837325,0,-1,0,2.7548374978373253,160.0,153.0,5 | 7,5
281,2008,2008-04-27,TB,2,pick_only,NE,2008 R5 #153 (Matthew Slater),2008 R5 #160 (Josh Johnson) | 2008 R7,0,0,1,2,1,1,0,0,30.754837497837325,28.0,0,1,0,-2.7548374978373253,153.0,160.0,5,5 | 7
282,2008,2008-04-27,STL,2,pick_only,WAS,2008 R6 #168 (Durant Brooks) | 2008 R6 #180 (Kareem Moore),2008 R5 #157 (Roy Schuening) | 2008 R7 #228 (Chris Chamberlain),0,0,2,2,2,2,0,0,41.700853392218136,32.51265099279463,0,0,0,-9.188202399423503,168.0,157.0,6,5 | 7
282,2008,2008-04-27,WAS,2,pick_only,STL,2008 R5 #157 (Roy Schuening) | 2008 R7 #228 (Chris Chamberlain),2008 R6 #168 (Durant Brooks) | 2008 R6 #180 (Kareem Moore),0,0,2,2,2,2,0,0,32.51265099279463,41.700853392218136,0,0,0,9.188202399423503,157.0,168.0,5 | 7,6
283,2008,2008-04-27,CLE,2,pick_only,PHI,2009 R5 #141 (Kenny McKinley),2008 R6 #191 (Paul Hubbard),0,0,1,1,1,1,0,0,36.12267017588604,14.306560081157631,0,0,0,-21.816110094728412,141.0,191.0,5,6
283,2008,2008-04-27,PHI,2,pick_only,CLE,2008 R6 #191 (Paul Hubbard),2009 R5 #141 (Kenny McKinley),0,0,1,1,1,1,0,0,14.306560081157631,36.12267017588604,0,0,0,21.816110094728412,191.0,141.0,6,5
284,2008,2008-04-27,GB,2,pick_only,NO,2008 R7 #237 (Adrian Arrington),2009 R6 #187 (Brandon Underwood),0,0,1,1,1,1,0,0,2.277577269513383,15.60141439634249,0,0,0,13.323837126829106,237.0,187.0,7,6
284,2008,2008-04-27,NO,2,pick_only,GB,2009 R6 #187 (Brandon Underwood),2008 R7 #237 (Adrian Arrington),0,0,1,1,1,1,0,0,15.60141439634249,2.277577269513383,0,0,0,-13.323837126829106,187.0,237.0,6,7
285,2008,2008-05-27,MIN,2,player_for_draft_capital_or_mixed,WAS,Erasmus James,2008,1,0,0,1,0,0,0,0,0.0,0.0,-1,1,0,0.0,,,,
285,2008,2008-05-27,WAS,2,player_for_draft_capital_or_mixed,MIN,2008,Erasmus James,0,1,1,0,0,0,0,0,0.0,0.0,1,-1,0,0.0,,,,
286,2008,2008-06-06,IND,2,player_for_draft_capital_or_mixed,PHI,Luke Lawton,2008,1,0,0,1,0,0,0,0,0.0,0.0,-1,1,0,0.0,,,,
286,2008,2008-06-06,PHI,2,player_for_draft_capital_or_mixed,IND,2008,Luke Lawton,0,1,1,0,0,0,0,0,0.0,0.0,1,-1,0,0.0,,,,
287,2008,2008-07-21,MIA,2,player_for_draft_capital_or_mixed,WAS,Jason Taylor,2008,1,0,0,1,0,0,0,0,0.0,0.0,-1,1,0,0.0,,,,
287,2008,2008-07-21,WAS,2,player_for_draft_capital_or_mixed,MIA,2008,Jason Taylor,0,1,1,0,0,0,0,0,0.0,0.0,1,-1,0,0.0,,,,
288,2008,2008-07-21,NO,2,player_for_draft_capital_or_mixed,NYG,2008,Jeremy Shockey,0,1,1,0,0,0,0,0,0.0,0.0,1,-1,0,0.0,,,,
288,2008,2008-07-21,NYG,2,player_for_draft_capital_or_mixed,NO,Jeremy Shockey,2008,1,0,0,1,0,0,0,0,0.0,0.0,-1,1,0,0.0,,,,
289,2008,2008-08-07,GB,2,player_for_draft_capital_or_mixed,NYJ,Brett Favre,2008,1,0,0,1,0,0,0,0,0.0,0.0,-1,1,0,0.0,,,,
289,2008,2008-08-07,NYJ,2,player_for_draft_capital_or_mixed,GB,2008,Brett Favre,0,1,1,0,0,0,0,0,0.0,0.0,1,-1,0,0.0,,,,
290,2008,2008-08-20,CLE,2,player_for_draft_capital_or_mixed,MIA,2008,Travis Daniels,0,1,1,0,0,0,0,0,0.0,0.0,1,-1,0,0.0,,,,
290,2008,2008-08-20,MIA,2,player_for_draft_capital_or_mixed,CLE,Travis Daniels,2008,1,0,0,1,0,0,0,0,0.0,0.0,-1,1,0,0.0,,,,
291,2008,2008-08-28,BAL,2,player_for_draft_capital_or_mixed,TB,2008,Marques Douglas,0,1,1,0,0,0,0,0,0.0,0.0,1,-1,0,0.0,,,,
291,2008,2008-08-28,TB,2,player_for_draft_capital_or_mixed,BAL,Marques Douglas,2008,1,0,0,1,0,0,0,0,0.0,0.0,-1,1,0,0.0,,,,
292,2008,2008-08-28,DAL,2,player_for_draft_capital_or_mixed,DEN,2010 R5 #158 (Matt Tennant),Montrae Holland,0,1,1,0,1,0,0,0,28.76089740271087,0.0,1,-1,-1,-28.76089740271087,158.0,,5,
292,2008,2008-08-28,DEN,2,player_for_draft_capital_or_mixed,DAL,Montrae Holland,2010 R5 #158 (Matt Tennant),1,0,0,1,0,1,0,0,0.0,28.76089740271087,-1,1,1,28.76089740271087,,158.0,,5
293,2008,2008-08-30,CAR,2,player_for_draft_capital_or_mixed,MIA,2008,Josh McCown,0,1,1,0,0,0,0,0,0.0,0.0,1,-1,0,0.0,,,,
293,2008,2008-08-30,MIA,2,player_for_draft_capital_or_mixed,CAR,Josh McCown,2008,1,0,0,1,0,0,0,0,0.0,0.0,-1,1,0,0.0,,,,
294,2008,2008-09-02,ATL,2,player_for_draft_capital_or_mixed,DEN,2008,Domonique Foxworth,0,1,1,0,0,0,0,0,0.0,0.0,1,-1,0,0.0,,,,
294,2008,2008-09-02,DEN,2,player_for_draft_capital_or_mixed,ATL,Domonique Foxworth,2008,1,0,0,1,0,0,0,0,0.0,0.0,-1,1,0,0.0,,,,
295,2008,2008-09-02,PIT,2,player_for_draft_capital_or_mixed,TB,Sean Mahan,2008,1,0,0,1,0,0,0,0,0.0,0.0,-1,1,0,0.0,,,,
295,2008,2008-09-02,TB,2,player_for_draft_capital_or_mixed,PIT,2008,Sean Mahan,0,1,1,0,0,0,0,0,0.0,0.0,1,-1,0,0.0,,,,
296,2008,2008-09-02,CHI,2,player_for_draft_capital_or_mixed,TB,2008,Dan Buenning,0,1,1,0,0,0,0,0,0.0,0.0,1,-1,0,0.0,,,,
296,2008,2008-09-02,TB,2,player_for_draft_capital_or_mixed,CHI,Dan Buenning,2008,1,0,0,1,0,0,0,0,0.0,0.0,-1,1,0,0.0,,,,
297,2008,2008-09-02,DEN,2,player_for_draft_capital_or_mixed,SEA,Keary Colbert,2008,1,0,0,1,0,0,0,0,0.0,0.0,-1,1,0,0.0,,,,
297,2008,2008-09-02,SEA,2,player_for_draft_capital_or_mixed,DEN,2008,Keary Colbert,0,1,1,0,0,0,0,0,0.0,0.0,1,-1,0,0.0,,,,
298,2008,2008-10-14,BUF,2,player_for_draft_capital_or_mixed,IND,John McCargo,2008,1,0,0,1,0,0,0,0,0.0,0.0,-1,1,0,0.0,,,,
298,2008,2008-10-14,IND,2,player_for_draft_capital_or_mixed,BUF,2008,John McCargo,0,1,1,0,0,0,0,0,0.0,0.0,1,-1,0,0.0,,,,
299,2008,2008-10-14,DAL,2,player_for_draft_capital_or_mixed,DET,2009 R1 #20 (Brandon Pettigrew) | 2009 R3 #82 (Derrick Williams) | 2009 R6 #192 (Aaron Brown),2009 R7 #210 (Vance Walker) | Roy Williams,0,1,3,1,3,1,0,0,1031.872386998237,6.919739745126783,1,-2,-2,-1024.9526472531102,20.0,210.0,1 | 3 | 6,7
299,2008,2008-10-14,DET,2,player_for_draft_capital_or_mixed,DAL,2009 R7 #210 (Vance Walker) | Roy Williams,2009 R1 #20 (Brandon Pettigrew) | 2009 R3 #82 (Derrick Williams) | 2009 R6 #192 (Aaron Brown),1,0,1,3,1,3,0,0,6.919739745126783,1031.872386998237,-1,2,2,1024.9526472531102,210.0,20.0,7,1 | 3 | 6
300,2009,2009-02-27,CLE,2,player_for_draft_capital_or_mixed,TB,Kellen Winslow,2009 R2 #50 (Mohamed Massaquoi) | 2009 R6 #191 (Coye Francies),1,0,0,2,0,2,0,0,0.0,394.3995609214945,-1,2,2,394.3995609214945,,50.0,,2 | 6
300,2009,2009-02-27,TB,2,player_for_draft_capital_or_mixed,CLE,2009 R2 #50 (Mohamed Massaquoi) | 2009 R6 #191 (Coye Francies),Kellen Winslow,0,1,2,0,2,0,0,0,394.3995609214945,0.0,1,-2,-2,-394.3995609214945,50.0,,2 | 6,
301,2009,2009-02-27,HOU,2,player_for_draft_capital_or_mixed,MIN,Sage Rosenfels,2009 R4 #122 (Anthony Hill),1,0,0,1,0,1,0,0,0.0,51.793945222315514,-1,1,1,51.793945222315514,,122.0,,4
301,2009,2009-02-27,MIN,2,player_for_draft_capital_or_mixed,HOU,2009 R4 #122 (Anthony Hill),Sage Rosenfels,0,1,1,0,1,0,0,0,51.793945222315514,0.0,1,-1,-1,-51.793945222315514,122.0,,4,
302,2009,2009-02-28,DAL,2,player_only,DET,Anthony Henry,Jon Kitna,1,1,0,0,0,0,0,0,0.0,0.0,0,0,0,0.0,,,,
302,2009,2009-02-28,DET,2,player_only,DAL,Jon Kitna,Anthony Henry,1,1,0,0,0,0,0,0,0.0,0.0,0,0,0,0.0,,,,
303,2009,2009-02-28,KC,2,player_for_draft_capital_or_mixed,NE,2009 R2 #34 (Patrick Chung),Matt Cassel | Mike Vrabel,0,2,1,0,1,0,0,0,561.8676088948529,0.0,2,-1,-1,-561.8676088948529,34.0,,2,
303,2009,2009-02-28,NE,2,player_for_draft_capital_or_mixed,KC,Matt Cassel | Mike Vrabel,2009 R2 #34 (Patrick Chung),2,0,0,1,0,1,0,0,0.0,561.8676088948529,-2,1,1,561.8676088948529,,34.0,,2
304,2009,2009-02-28,NYJ,2,player_for_draft_capital_or_mixed,PHI,2009 R5 #153 (Cornelius Ingram),Lito Sheppard,0,1,1,0,1,0,0,0,30.754837497837325,0.0,1,-1,-1,-30.754837497837325,153.0,,5,
304,2009,2009-02-28,PHI,2,player_for_draft_capital_or_mixed,NYJ,Lito Sheppard,2009 R5 #153 (Cornelius Ingram),1,0,0,1,0,1,0,0,0.0,30.754837497837325,-1,1,1,30.754837497837325,,153.0,,5
305,2009,2009-03-05,NE,2,player_for_draft_capital_or_mixed,PHI,2009 R5 #159 (Fenuki Tupou),2010 R7 #231 (Selvish Capers) | Greg Lewis,0,1,1,1,1,1,0,0,28.377898570470364,2.9536522918789987,1,0,0,-25.424246278591365,159.0,231.0,5,7
305,2009,2009-03-05,PHI,2,player_for_draft_capital_or_mixed,NE,2010 R7 #231 (Selvish Capers) | Greg Lewis,2009 R5 #159 (Fenuki Tupou),1,0,1,1,1,1,0,0,2.9536522918789987,28.377898570470364,-1,0,0,25.424246278591365,231.0,159.0,7,5
306,2009,2009-03-16,DET,2,player_for_draft_capital_or_mixed,SEA,2009 R5 #137 (Jason Phillips) | Cory Redding,Julian Peterson,1,1,1,0,1,0,0,0,38.1126063083793,0.0,0,-1,-1,-38.1126063083793,137.0,,5,
306,2009,2009-03-16,SEA,2,player_for_draft_capital_or_mixed,DET,Julian Peterson,2009 R5 #137 (Jason Phillips) | Cory Redding,1,1,0,1,0,1,0,0,0.0,38.1126063083793,0,1,1,38.1126063083793,,137.0,,5
308,2009,2009-03-23,MIA,2,player_for_draft_capital_or_mixed,OAK,2009 R4 #126 (Slade Norris) | Samson Satele,2009 R4 #108 (Brian Hartline) | 2009 R6 #181 (Andrew Gardner),1,0,1,2,1,2,0,0,45.75149621806973,97.72010923285097,-1,1,1,51.96861301478124,126.0,108.0,4,4 | 6
308,2009,2009-03-23,OAK,2,player_for_draft_capital_or_mixed,MIA,2009 R4 #108 (Brian Hartline) | 2009 R6 #181 (Andrew Gardner),2009 R4 #126 (Slade Norris) | Samson Satele,0,1,2,1,2,1,0,0,97.72010923285097,45.75149621806973,1,-1,-1,-51.96861301478124,108.0,126.0,4 | 6,4
309,2009,2009-04-03,CHI,2,player_for_draft_capital_or_mixed,DEN,2009 R1 #18 (Robert Ayers) | 2009 R3 #84 (Mike Wallace) | 2010 R1 #11 (Anthony Davis) | Kyle Orton,2009 R5 #140 (Johnny Knox) | Jay Cutler,1,1,3,1,3,1,0,0,2309.2383448574924,36.610195369494626,0,-2,-2,-2272.6281494879977,11.0,140.0,1 | 3,5
309,2009,2009-04-03,DEN,2,player_for_draft_capital_or_mixed,CHI,2009 R5 #140 (Johnny Knox) | Jay Cutler,2009 R1 #18 (Robert Ayers) | 2009 R3 #84 (Mike Wallace) | 2010 R1 #11 (Anthony Davis) | Kyle Orton,1,1,1,3,1,3,0,0,36.610195369494626,2309.2383448574924,0,2,2,2272.6281494879977,140.0,11.0,5,1 | 3
307,2009,2009-04-09,JAX,2,player_for_draft_capital_or_mixed,MIA,Tony McDaniel,2009 R7,1,0,0,1,0,0,0,0,0.0,0.0,-1,1,0,0.0,,,,7
307,2009,2009-04-09,MIA,2,player_for_draft_capital_or_mixed,JAX,2009 R7,Tony McDaniel,0,1,1,0,0,0,0,0,0.0,0.0,1,-1,0,0.0,,,7,
310,2009,2009-04-09,ATL,2,player_for_draft_capital_or_mixed,STL,2009 R5 #160 (Brooks Foster) | 2009 R6 #196 (Keith Null) | Laurent Robinson,2009 R5 #138 (William Middleton) | 2009 R6 #176 (Spencer Adkins),1,0,2,2,2,2,0,0,39.97069953507182,57.40406390591031,-1,0,0,17.43336437083849,160.0,138.0,5 | 6,5 | 6
310,2009,2009-04-09,STL,2,player_for_draft_capital_or_mixed,ATL,2009 R5 #138 (William Middleton) | 2009 R6 #176 (Spencer Adkins),2009 R5 #160 (Brooks Foster) | 2009 R6 #196 (Keith Null) | Laurent Robinson,0,1,2,2,2,2,0,0,57.40406390591031,39.97069953507182,1,0,0,-17.43336437083849,138.0,160.0,5 | 6,5 | 6
311,2009,2009-04-13,CAR,2,player_for_draft_capital_or_mixed,GB,2009,J.J. Jansen,0,1,1,0,0,0,0,0,0.0,0.0,1,-1,0,0.0,,,,
311,2009,2009-04-13,GB,2,player_for_draft_capital_or_mixed,CAR,J.J. Jansen,2009,1,0,0,1,0,0,0,0,0.0,0.0,-1,1,0,0.0,,,,
312,2009,2009-04-20,BUF,2,player_for_draft_capital_or_mixed,PHI,Jason Peters,2009 R1 #28 (Eric Wood) | 2009 R4 #121 (Shawn Nelson),1,0,0,2,0,2,0,0,0.0,713.4253549293599,-1,2,2,713.4253549293599,,28.0,,1 | 4
312,2009,2009-04-20,PHI,2,player_for_draft_capital_or_mixed,BUF,2009 R1 #28 (Eric Wood) | 2009 R4 #121 (Shawn Nelson),Jason Peters,0,1,2,0,2,0,0,0,713.4253549293599,0.0,1,-2,-2,-713.4253549293599,28.0,,1 | 4,
313,2009,2009-04-23,ATL,2,player_for_draft_capital_or_mixed,KC,2009,Tony Gonzalez,0,1,1,0,0,0,0,0,0.0,0.0,1,-1,0,0.0,,,,
313,2009,2009-04-23,KC,2,player_for_draft_capital_or_mixed,ATL,Tony Gonzalez,2009,1,0,0,1,0,0,0,0,0.0,0.0,-1,1,0,0.0,,,,
314,2009,2009-04-25,CLE,2,player_for_draft_capital_or_mixed,NYJ,2009 R1 #5 (Mark Sanchez),2009 R1 #17 (Josh Freeman) | 2009 R2 #52 (David Veikune) | Abram Elam | Brett Ratliff | Kenyon Coleman,0,3,1,2,1,2,0,0,1700.0,1311.96939922005,3,1,1,-388.03060077994996,5.0,17.0,1,1 | 2
314,2009,2009-04-25,NYJ,2,player_for_draft_capital_or_mixed,CLE,2009 R1 #17 (Josh Freeman) | 2009 R2 #52 (David Veikune) | Abram Elam | Brett Ratliff | Kenyon Coleman,2009 R1 #5 (Mark Sanchez),3,0,2,1,2,1,0,0,1311.96939922005,1700.0,-3,-1,-1,388.03060077994996,17.0,5.0,1 | 2,1
315,2009,2009-04-25,CLE,2,pick_only,TB,2009 R1 #17 (Josh Freeman),2009 R1 #19 (Jeremy Maclin) | 2009 R6 #191 (Coye Francies),0,0,1,2,1,2,0,0,950.0,889.3065600811576,0,1,1,-60.69343991884239,17.0,19.0,1,1 | 6
315,2009,2009-04-25,TB,2,pick_only,CLE,2009 R1 #19 (Jeremy Maclin) | 2009 R6 #191 (Coye Francies),2009 R1 #17 (Josh Freeman),0,0,2,1,2,1,0,0,889.3065600811576,950.0,0,-1,-1,60.69343991884239,19.0,17.0,1 | 6,1
316,2009,2009-04-25,CLE,2,pick_only,PHI,2009 R1 #19 (Jeremy Maclin),2009 R1 #21 (Alex Mack) | 2009 R6 #195 (James Davis),0,0,1,2,1,2,0,0,875.0,812.4486327962564,0,1,1,-62.55136720374355,19.0,21.0,1,1 | 6
316,2009,2009-04-25,PHI,2,pick_only,CLE,2009 R1 #21 (Alex Mack) | 2009 R6 #195 (James Davis),2009 R1 #19 (Jeremy Maclin),0,0,2,1,2,1,0,0,812.4486327962564,875.0,0,-1,-1,62.55136720374355,21.0,19.0,1 | 6,1
317,2009,2009-04-25,BAL,2,pick_only,NE,2009 R1 #26 (Clay Matthews) | 2009 R5 #162 (Jamon Meredith),2009 R1 #23 (Michael Oher),0,0,2,1,2,1,0,0,726.8128918595601,760.0,0,-1,-1,33.18710814043993,26.0,23.0,1 | 5,1
317,2009,2009-04-25,NE,2,pick_only,BAL,2009 R1 #23 (Michael Oher),2009 R1 #26 (Clay Matthews) | 2009 R5 #162 (Jamon Meredith),0,0,1,2,1,2,0,0,760.0,726.8128918595601,0,1,1,-33.18710814043993,23.0,26.0,1,1 | 5
318,2009,2009-04-25,GB,2,pick_only,NE,2009 R2 #41 (Darius Butler) | 2009 R3 #73 (Derek Cox) | 2009 R3 #83 (Brandon Tate),2009 R1 #26 (Clay Matthews) | 2009 R5 #162 (Jamon Meredith),0,0,3,2,3,2,0,0,849.9519119434876,726.8128918595601,0,-1,-1,-123.13902008392756,41.0,26.0,2 | 3,1 | 5
318,2009,2009-04-25,NE,2,pick_only,GB,2009 R1 #26 (Clay Matthews) | 2009 R5 #162 (Jamon Meredith),2009 R2 #41 (Darius Butler) | 2009 R3 #73 (Derek Cox) | 2009 R3 #83 (Brandon Tate),0,0,2,3,2,3,0,0,726.8128918595601,849.9519119434876,0,1,1,123.13902008392756,26.0,41.0,1 | 5,2 | 3
319,2009,2009-04-25,DEN,2,pick_only,SEA,2010 R1 #14 (Earl Thomas),2009 R2 #37 (Alphonso Smith),0,0,1,1,1,1,0,0,1100.0,522.1640557764364,0,0,0,-577.8359442235636,14.0,37.0,1,2
319,2009,2009-04-25,SEA,2,pick_only,DEN,2009 R2 #37 (Alphonso Smith),2010 R1 #14 (Earl Thomas),0,0,1,1,1,1,0,0,522.1640557764364,1100.0,0,0,0,577.8359442235636,37.0,14.0,2,1
320,2009,2009-04-25,NE,2,player_for_draft_capital_or_mixed,OAK,2009 R2 #47 (Mike Mitchell) | 2009 R4 #124 (Louis Murphy) | 2009 R6 #199 | Stryker Sulak,2009 R2 #40 (Ron Brace),1,0,3,1,3,1,0,0,468.31722016253286,485.26609619157006,-1,-2,-2,16.948876029037194,47.0,40.0,2 | 4 | 6,2
320,2009,2009-04-25,OAK,2,player_for_draft_capital_or_mixed,NE,2009 R2 #40 (Ron Brace),2009 R2 #47 (Mike Mitchell) | 2009 R4 #124 (Louis Murphy) | 2009 R6 #199 | Stryker Sulak,0,1,1,3,1,3,0,0,485.26609619157006,468.31722016253286,1,2,2,-16.948876029037194,40.0,47.0,2,2 | 4 | 6
321,2009,2009-04-25,CAR,2,pick_only,SF,2010 R1 #17 (Mike Iupati),2009 R2 #43 (Everette Brown) | 2009 R4 #111 (Mike Goodson),0,0,1,2,1,2,0,0,950.0,523.8258274292269,0,1,1,-426.17417257077307,17.0,43.0,1,2 | 4
321,2009,2009-04-25,SF,2,pick_only,CAR,2009 R2 #43 (Everette Brown) | 2009 R4 #111 (Mike Goodson),2010 R1 #17 (Mike Iupati),0,0,2,1,2,1,0,0,523.8258274292269,950.0,0,-1,-1,426.17417257077307,43.0,17.0,2 | 4,1
322,2009,2009-04-25,CHI,2,pick_only,SEA,2009 R2 #49 (Max Unger),2009 R3 #68 (Jarron Gilbert) | 2009 R4 #105 (Henry Melton),0,0,1,2,1,2,0,0,389.492303392006,330.68984897102973,0,1,1,-58.80245442097629,49.0,68.0,2,3 | 4
322,2009,2009-04-25,SEA,2,pick_only,CHI,2009 R3 #68 (Jarron Gilbert) | 2009 R4 #105 (Henry Melton),2009 R2 #49 (Max Unger),0,0,2,1,2,1,0,0,330.68984897102973,389.492303392006,0,-1,-1,58.80245442097629,68.0,49.0,3 | 4,2
323,2009,2009-04-25,BUF,2,pick_only,DAL,2009 R3 #75 (Robert Brewster) | 2009 R4 #110 (Victor Butler),2009 R2 #51 (Andy Levitre),0,0,2,1,2,1,0,0,277.0931580599818,370.9205240505338,0,-1,-1,93.82736599055198,75.0,51.0,3 | 4,2
323,2009,2009-04-25,DAL,2,pick_only,BUF,2009 R2 #51 (Andy Levitre),2009 R3 #75 (Robert Brewster) | 2009 R4 #110 (Victor Butler),0,0,1,2,1,2,0,0,370.9205240505338,277.0931580599818,0,1,1,-93.82736599055198,51.0,75.0,2,3 | 4
324,2009,2009-04-25,IND,2,pick_only,MIA,2009 R2 #61 (Sean Smith) | 2009 R5 #165 (Chris Clemons),2009 R2 #56 (Fili Moala),0,0,2,1,2,1,0,0,315.65579543792495,328.2735003541492,0,-1,-1,12.617704916224227,61.0,56.0,2 | 5,2
324,2009,2009-04-25,MIA,2,pick_only,IND,2009 R2 #56 (Fili Moala),2009 R2 #61 (Sean Smith) | 2009 R5 #165 (Chris Clemons),0,0,1,2,1,2,0,0,328.2735003541492,315.65579543792495,0,1,1,-12.617704916224227,56.0,61.0,2,2 | 5
325,2009,2009-04-25,DEN,2,pick_only,PIT,2009 R3 #79 (Kraig Urbik) | 2009 R3 #84 (Mike Wallace),2009 R2 #64 (Richard Quinn) | 2009 R4 #132 (Seth Olsen),0,0,2,2,2,2,0,0,340.9474468739727,310.7548831742216,0,0,0,-30.192563699751076,79.0,64.0,3,2 | 4
325,2009,2009-04-25,PIT,2,pick_only,DEN,2009 R2 #64 (Richard Quinn) | 2009 R4 #132 (Seth Olsen),2009 R3 #79 (Kraig Urbik) | 2009 R3 #84 (Mike Wallace),0,0,2,2,2,2,0,0,310.7548831742216,340.9474468739727,0,0,0,30.192563699751076,64.0,79.0,2 | 4,3
326,2009,2009-04-26,DET,2,pick_only,NYJ,2009 R3 #65 (Shonn Greene),2009 R3 #76 (DeAndre Levy) | 2009 R4 #115 (Sammie Lee Hill) | 2009 R7 #228 (Lydon Murtha),0,0,1,3,1,3,0,0,262.96500598976496,264.4012733880916,0,2,2,1.4362673983266632,65.0,76.0,3,3 | 4 | 7
326,2009,2009-04-26,NYJ,2,pick_only,DET,2009 R3 #76 (DeAndre Levy) | 2009 R4 #115 (Sammie Lee Hill) | 2009 R7 #228 (Lydon Murtha),2009 R3 #65 (Shonn Greene),0,0,3,1,3,1,0,0,264.4012733880916,262.96500598976496,0,-2,-2,-1.4362673983266632,76.0,65.0,3 | 4 | 7,3
327,2009,2009-04-26,JAX,2,pick_only,NE,2009 R7 #232 (Julian Edelman) | 2010 R2 #44 (Lamarr Houston),2009 R3 #73 (Derek Cox),0,0,2,1,2,1,0,0,442.92087787679895,212.89796732125947,0,-1,-1,-230.02291055553948,44.0,73.0,2 | 7,3
327,2009,2009-04-26,NE,2,pick_only,JAX,2009 R3 #73 (Derek Cox),2009 R7 #232 (Julian Edelman) | 2010 R2 #44 (Lamarr Houston),0,0,1,2,1,2,0,0,212.89796732125947,442.92087787679895,0,1,1,230.02291055553948,73.0,44.0,3,2 | 7
328,2009,2009-04-26,NYG,2,pick_only,PHI,2009 R3 #91 (Deon Butler) | 2009 R5 #164 (Thomas Morstead),2009 R3 #85 (Ramses Barden),0,0,2,1,2,1,0,0,158.0453352885919,155.0893048490769,0,-1,-1,-2.95603043951499,91.0,85.0,3 | 5,3
328,2009,2009-04-26,PHI,2,pick_only,NYG,2009 R3 #85 (Ramses Barden),2009 R3 #91 (Deon Butler) | 2009 R5 #164 (Thomas Morstead),0,0,1,2,1,2,0,0,155.0893048490769,158.0453352885919,0,1,1,2.95603043951499,85.0,91.0,3,3 | 5
329,2009,2009-04-26,NE,2,pick_only,TEN,2009 R3 #89 (Jared Cook),2010 R2 #47 (Daryl Washington),0,0,1,1,1,1,0,0,139.54639691441523,408.9939611455477,0,0,0,269.44756423113245,89.0,47.0,3,2
329,2009,2009-04-26,TEN,2,pick_only,NE,2010 R2 #47 (Daryl Washington),2009 R3 #89 (Jared Cook),0,0,1,1,1,1,0,0,408.9939611455477,139.54639691441523,0,0,0,-269.44756423113245,47.0,89.0,2,3
330,2009,2009-04-26,PHI,2,pick_only,SEA,2009 R3 #91 (Deon Butler),2009 R5 #137 (Jason Phillips) | 2009 R7 #213 (Paul Fanaika) | 2010 R3 #70 (Ed Dickson),0,0,1,3,1,3,0,0,132.3692220788611,274.7114273919131,0,2,2,142.342205313052,91.0,70.0,3,3 | 5 | 7
330,2009,2009-04-26,SEA,2,pick_only,PHI,2009 R5 #137 (Jason Phillips) | 2009 R7 #213 (Paul Fanaika) | 2010 R3 #70 (Ed Dickson),2009 R3 #91 (Deon Butler),0,0,3,1,3,1,0,0,274.7114273919131,132.3692220788611,0,-2,-2,-142.342205313052,70.0,91.0,3 | 5 | 7,3
331,2009,2009-04-26,DAL,2,pick_only,TB,2009 R4 #117 (Kyle Moore),2009 R4 #120 (Brandon Williams) | 2009 R7 #229 (Manuel Johnson),0,0,1,2,1,2,0,0,60.48129865534639,58.32913156989105,0,1,1,-2.1521670854553463,117.0,120.0,4,4 | 7
331,2009,2009-04-26,TB,2,pick_only,DAL,2009 R4 #120 (Brandon Williams) | 2009 R7 #229 (Manuel Johnson),2009 R4 #117 (Kyle Moore),0,0,2,1,2,1,0,0,58.32913156989105,60.48129865534639,0,-1,-1,2.1521670854553463,120.0,117.0,4 | 7,4
332,2009,2009-04-26,NE,2,player_for_draft_capital_or_mixed,PHI,Ellis Hobbs,2009 R5 #137 (Jason Phillips) | 2009 R5 #141 (Kenny McKinley),1,0,0,2,0,2,0,0,0.0,74.23527648426534,-1,2,2,74.23527648426534,,137.0,,5
332,2009,2009-04-26,PHI,2,player_for_draft_capital_or_mixed,NE,2009 R5 #137 (Jason Phillips) | 2009 R5 #141 (Kenny McKinley),Ellis Hobbs,0,1,2,0,2,0,0,0,74.23527648426534,0.0,1,-2,-2,-74.23527648426534,137.0,,5,
333,2009,2009-04-26,BAL,2,pick_only,NE,2009 R4 #123 (Rich Ohrnberger) | 2009 R6 #198 (Jake Ingram),2009 R5 #137 (Jason Phillips) | 2009 R5 #141 (Kenny McKinley),0,0,2,2,2,2,0,0,61.28152824802073,74.23527648426534,0,0,0,12.953748236244614,123.0,137.0,4 | 6,5
333,2009,2009-04-26,NE,2,pick_only,BAL,2009 R5 #137 (Jason Phillips) | 2009 R5 #141 (Kenny McKinley),2009 R4 #123 (Rich Ohrnberger) | 2009 R6 #198 (Jake Ingram),0,0,2,2,2,2,0,0,74.23527648426534,61.28152824802073,0,0,0,-12.953748236244614,137.0,123.0,5,4 | 6
334,2009,2009-04-26,BAL,2,pick_only,DEN,2009 R5 #141 (Kenny McKinley),2009 R5 #149 (Davon Drew) | 2009 R6 #185 (Cedric Peerman),0,0,1,2,1,2,0,0,36.12267017588604,48.74121692963956,0,1,1,12.61854675375352,141.0,149.0,5,5 | 6
334,2009,2009-04-26,DEN,2,pick_only,BAL,2009 R5 #149 (Davon Drew) | 2009 R6 #185 (Cedric Peerman),2009 R5 #141 (Kenny McKinley),0,0,2,1,2,1,0,0,48.74121692963956,36.12267017588604,0,-1,-1,-12.61854675375352,149.0,141.0,5 | 6,5
335,2009,2009-04-26,ATL,2,pick_only,DAL,2009 R5 #143 (DeAngelo Smith),2009 R5 #156 (Garrett Reynolds) | 2009 R7 #210 (Vance Walker),0,0,1,2,1,2,0,0,35.167009942793925,36.46221186688611,0,1,1,1.2952019240921828,143.0,156.0,5,5 | 7
335,2009,2009-04-26,DAL,2,pick_only,ATL,2009 R5 #156 (Garrett Reynolds) | 2009 R7 #210 (Vance Walker),2009 R5 #143 (DeAngelo Smith),0,0,2,1,2,1,0,0,36.46221186688611,35.167009942793925,0,-1,-1,-1.2952019240921828,156.0,143.0,5 | 7,5
336,2009,2009-04-26,MIN,2,pick_only,WAS,2009 R5 #158 (Cody Glenn) | 2009 R7 #221 (Eddie Williams),2009 R5 #150 (Jasper Brinkley),0,0,2,1,2,1,0,0,33.25938337434626,32.01695598188324,0,-1,-1,-1.2424273924630143,158.0,150.0,5 | 7,5
336,2009,2009-04-26,WAS,2,pick_only,MIN,2009 R5 #150 (Jasper Brinkley),2009 R5 #158 (Cody Glenn) | 2009 R7 #221 (Eddie Williams),0,0,1,2,1,2,0,0,32.01695598188324,33.25938337434626,0,1,1,1.2424273924630143,150.0,158.0,5,5 | 7
337,2009,2009-04-26,NO,2,pick_only,PHI,2009 R7 #222 (Pat McAfee) | 2010 R5 #163 (Reshad Jones),2009 R5 #164 (Thomas Morstead),0,0,2,1,2,1,0,0,30.56412504214525,25.676113209730797,0,-1,-1,-4.888011832414453,163.0,164.0,5 | 7,5
337,2009,2009-04-26,PHI,2,pick_only,NO,2009 R5 #164 (Thomas Morstead),2009 R7 #222 (Pat McAfee) | 2010 R5 #163 (Reshad Jones),0,0,1,2,1,2,0,0,25.676113209730797,30.56412504214525,0,1,1,4.888011832414453,164.0,163.0,5,5 | 7
338,2009,2009-04-26,DEN,2,pick_only,DET,2009 R7 #235 (Zack Follett) | 2010 R5 #146 (Cam Thomas),2009 R6 #174 (Tom Brandstater),0,0,2,1,2,1,0,0,36.264430964089144,20.67556604315299,0,-1,-1,-15.588864920936153,146.0,174.0,5 | 7,6
338,2009,2009-04-26,DET,2,pick_only,DEN,2009 R6 #174 (Tom Brandstater),2009 R7 #235 (Zack Follett) | 2010 R5 #146 (Cam Thomas),0,0,1,2,1,2,0,0,20.67556604315299,36.264430964089144,0,1,1,15.588864920936153,174.0,146.0,6,5 | 7
339,2009,2009-04-26,CAR,2,pick_only,OAK,2009 R6 #202 (Brandon Myers),2009 R7 #216 (Captain Munnerlyn) | 2010 R6 #175 (Greg Hardy),0,0,1,2,1,2,0,0,9.464698235047209,25.703660897148172,0,1,1,16.238962662100963,202.0,175.0,6,6 | 7
339,2009,2009-04-26,OAK,2,pick_only,CAR,2009 R7 #216 (Captain Munnerlyn) | 2010 R6 #175 (Greg Hardy),2009 R6 #202 (Brandon Myers),0,0,2,1,2,1,0,0,25.703660897148172,9.464698235047209,0,-1,-1,-16.238962662100963,175.0,202.0,6 | 7,6
340,2009,2009-04-26,IND,2,player_for_draft_capital_or_mixed,PHI,conditional 2010 R6 #200 | Charles Scott,2009 R7 #222 (Pat McAfee),1,0,1,1,1,1,1,0,10.235546239926343,4.325778164601057,-1,0,0,-5.909768075325286,200.0,222.0,6,7
340,2009,2009-04-26,PHI,2,player_for_draft_capital_or_mixed,IND,2009 R7 #222 (Pat McAfee),conditional 2010 R6 #200 | Charles Scott,0,1,1,1,1,1,0,1,4.325778164601057,10.235546239926343,1,0,0,5.909768075325286,222.0,200.0,7,6
341,2009,2009-04-26,KC,2,pick_only,MIA,2010 R7,2009 R3,0,0,1,1,0,0,0,0,0.0,0.0,0,0,0,0.0,,,7,3
341,2009,2009-04-26,MIA,2,pick_only,KC,2009 R3,2010 R7,0,0,1,1,0,0,0,0,0.0,0.0,0,0,0,0.0,,,3,7
342,2009,2009-04-30,NE,2,player_for_draft_capital_or_mixed,TB,2009,Alex Smith,0,1,1,0,0,0,0,0,0.0,0.0,1,-1,0,0.0,,,,
342,2009,2009-04-30,TB,2,player_for_draft_capital_or_mixed,NE,Alex Smith,2009,1,0,0,1,0,0,0,0,0.0,0.0,-1,1,0,0.0,,,,
343,2009,2009-05-07,CIN,2,player_only,STL,Orien Harris,Brian Leonard,1,1,0,0,0,0,0,0,0.0,0.0,0,0,0,0.0,,,,
343,2009,2009-05-07,STL,2,player_only,CIN,Brian Leonard,Orien Harris,1,1,0,0,0,0,0,0,0.0,0.0,0,0,0,0.0,,,,
344,2009,2009-07-01,DET,2,player_only,JAX,Gerald Alexander,Dennis Northcutt,1,1,0,0,0,0,0,0,0.0,0.0,0,0,0,0.0,,,,
344,2009,2009-07-01,JAX,2,player_only,DET,Dennis Northcutt,Gerald Alexander,1,1,0,0,0,0,0,0,0.0,0.0,0,0,0,0.0,,,,
345,2009,2009-07-22,DET,2,player_only,STL,Ronald Curry,Orien Harris,1,1,0,0,0,0,0,0,0.0,0.0,0,0,0,0.0,,,,
345,2009,2009-07-22,STL,2,player_only,DET,Orien Harris,Ronald Curry,1,1,0,0,0,0,0,0,0.0,0.0,0,0,0,0.0,,,,
346,2009,2009-08-07,NE,2,player_for_draft_capital_or_mixed,OAK,2009,Derrick Burgess,0,1,1,0,0,0,0,0,0.0,0.0,1,-1,0,0.0,,,,
346,2009,2009-08-07,OAK,2,player_for_draft_capital_or_mixed,NE,Derrick Burgess,2009,1,0,0,1,0,0,0,0,0.0,0.0,-1,1,0,0.0,,,,
811,2009,2009-08-10,NYJ,2,player_for_draft_capital_or_mixed,SD,conditional 2010 R7,John Burke,0,1,1,0,0,0,1,0,0.0,0.0,1,-1,0,0.0,,,7,
811,2009,2009-08-10,SD,2,player_for_draft_capital_or_mixed,NYJ,John Burke,conditional 2010 R7,1,0,0,1,0,0,0,1,0.0,0.0,-1,1,0,0.0,,,,7
347,2009,2009-08-17,DEN,2,player_for_draft_capital_or_mixed,NE,2010 R5 #158 (Matt Tennant),2010 R7 #231 (Selvish Capers) | Le Kevin Smith,0,1,1,1,1,1,0,0,28.76089740271087,2.9536522918789987,1,0,0,-25.80724511083187,158.0,231.0,5,7
347,2009,2009-08-17,NE,2,player_for_draft_capital_or_mixed,DEN,2010 R7 #231 (Selvish Capers) | Le Kevin Smith,2010 R5 #158 (Matt Tennant),1,0,1,1,1,1,0,0,2.9536522918789987,28.76089740271087,-1,0,0,25.80724511083187,231.0,158.0,7,5
348,2009,2009-08-24,KC,2,player_for_draft_capital_or_mixed,MIA,2009,Andy Alleman | Ikechuku Ndukwe,0,2,1,0,0,0,0,0,0.0,0.0,2,-1,0,0.0,,,,
348,2009,2009-08-24,MIA,2,player_for_draft_capital_or_mixed,KC,Andy Alleman | Ikechuku Ndukwe,2009,2,0,0,1,0,0,0,0,0.0,0.0,-2,1,0,0.0,,,,
349,2009,2009-08-25,DEN,2,player_for_draft_capital_or_mixed,NE,2009,Russ Hochstein,0,1,1,0,0,0,0,0,0.0,0.0,1,-1,0,0.0,,,,
349,2009,2009-08-25,NE,2,player_for_draft_capital_or_mixed,DEN,Russ Hochstein,2009,1,0,0,1,0,0,0,0,0.0,0.0,-1,1,0,0.0,,,,
350,2009,2009-08-31,HOU,2,player_for_draft_capital_or_mixed,SD,Travis Johnson,2010 R6 #197 (Trindon Holliday),1,0,0,1,0,1,0,0,0.0,11.511115293083504,-1,1,1,11.511115293083504,,197.0,,6
350,2009,2009-08-31,SD,2,player_for_draft_capital_or_mixed,HOU,2010 R6 #197 (Trindon Holliday),Travis Johnson,0,1,1,0,1,0,0,0,11.511115293083504,0.0,1,-1,-1,-11.511115293083504,197.0,,6,
351,2009,2009-09-01,CAR,2,player_for_draft_capital_or_mixed,CLE,2009 R3,Louis Leonard,0,1,1,0,0,0,0,0,0.0,0.0,1,-1,0,0.0,,,3,
351,2009,2009-09-01,CLE,2,player_for_draft_capital_or_mixed,CAR,Louis Leonard,2009 R3,1,0,0,1,0,0,0,0,0.0,0.0,-1,1,0,0.0,,,,3
352,2009,2009-09-01,ATL,2,player_for_draft_capital_or_mixed,STL,2010 R7 #226 (George Selvie),Tye Hill,0,1,1,0,1,0,0,0,3.668016172818685,0.0,1,-1,-1,-3.668016172818685,226.0,,7,
352,2009,2009-09-01,STL,2,player_for_draft_capital_or_mixed,ATL,Tye Hill,2010 R7 #226 (George Selvie),1,0,0,1,0,1,0,0,0.0,3.668016172818685,-1,1,1,3.668016172818685,,226.0,,7
353,2009,2009-09-04,BUF,2,player_for_draft_capital_or_mixed,DET,Ko Simpson,2010 R7 #209 (Levi Brown),1,0,0,1,0,1,0,0,0.0,7.196012136163594,-1,1,1,7.196012136163594,,209.0,,7
353,2009,2009-09-04,DET,2,player_for_draft_capital_or_mixed,BUF,2010 R7 #209 (Levi Brown),Ko Simpson,0,1,1,0,1,0,0,0,7.196012136163594,0.0,1,-1,-1,-7.196012136163594,209.0,,7,
354,2009,2009-09-05,BAL,2,player_only,GB,Derrick Martin,Tony Moll,1,1,0,0,0,0,0,0,0.0,0.0,0,0,0,0.0,,,,
354,2009,2009-09-05,GB,2,player_only,BAL,Tony Moll,Derrick Martin,1,1,0,0,0,0,0,0,0.0,0.0,0,0,0,0.0,,,,
355,2009,2009-09-05,NE,2,player_for_draft_capital_or_mixed,NO,David Thomas,2011 R6 #189 (Mike Mohamed),1,0,0,1,0,1,0,0,0.0,14.939965609475523,-1,1,1,14.939965609475523,,189.0,,6
355,2009,2009-09-05,NO,2,player_for_draft_capital_or_mixed,NE,2011 R6 #189 (Mike Mohamed),David Thomas,0,1,1,0,1,0,0,0,14.939965609475523,0.0,1,-1,-1,-14.939965609475523,189.0,,6,
356,2009,2009-09-05,NE,2,player_for_draft_capital_or_mixed,NYG,conditional 2011,Michael Matthews,0,1,1,0,0,0,1,0,0.0,0.0,1,-1,0,0.0,,,,
356,2009,2009-09-05,NYG,2,player_for_draft_capital_or_mixed,NE,Michael Matthews,conditional 2011,1,0,0,1,0,0,0,1,0.0,0.0,-1,1,0,0.0,,,,
357,2009,2009-09-06,DET,2,player_for_draft_capital_or_mixed,NYJ,Kevin O'Connell,2011 R7 #231 (Frank Kearse),1,0,0,1,0,1,0,0,0.0,2.9536522918789987,-1,1,1,2.9536522918789987,,231.0,,7
357,2009,2009-09-06,NYJ,2,player_for_draft_capital_or_mixed,DET,2011 R7 #231 (Frank Kearse),Kevin O'Connell,0,1,1,0,1,0,0,0,2.9536522918789987,0.0,1,-1,-1,-2.9536522918789987,231.0,,7,
358,2009,2009-09-06,NE,2,player_for_draft_capital_or_mixed,OAK,Richard Seymour,2011 R1 #17 (Nate Solder),1,0,0,1,0,1,0,0,0.0,950.0,-1,1,1,950.0,,17.0,,1
358,2009,2009-09-06,OAK,2,player_for_draft_capital_or_mixed,NE,2011 R1 #17 (Nate Solder),Richard Seymour,0,1,1,0,1,0,0,0,950.0,0.0,1,-1,-1,-950.0,17.0,,1,
359,2009,2009-09-06,JAX,2,player_for_draft_capital_or_mixed,TB,2010 R7 #217 (Dekoda Watson),Luke McCown,0,1,1,0,1,0,0,0,5.261079640198116,0.0,1,-1,-1,-5.261079640198116,217.0,,7,
359,2009,2009-09-06,TB,2,player_for_draft_capital_or_mixed,JAX,Luke McCown,2010 R7 #217 (Dekoda Watson),1,0,0,1,0,1,0,0,0.0,5.261079640198116,-1,1,1,5.261079640198116,,217.0,,7
360,2009,2009-09-22,BAL,2,player_for_draft_capital_or_mixed,NE,Prescott Burgess,2009 R3,1,0,0,1,0,0,0,0,0.0,0.0,-1,1,0,0.0,,,,3
360,2009,2009-09-22,NE,2,player_for_draft_capital_or_mixed,BAL,2009 R3,Prescott Burgess,0,1,1,0,0,0,0,0,0.0,0.0,1,-1,0,0.0,,,3,
361,2009,2009-09-29,KC,2,player_for_draft_capital_or_mixed,MIA,Tyler Thigpen,2009 R3,1,0,0,1,0,0,0,0,0.0,0.0,-1,1,0,0.0,,,,3
361,2009,2009-09-29,MIA,2,player_for_draft_capital_or_mixed,KC,2009 R3,Tyler Thigpen,0,1,1,0,0,0,0,0,0.0,0.0,1,-1,0,0.0,,,3,
362,2009,2009-10-07,CLE,2,player_for_draft_capital_or_mixed,NYJ,Braylon Edwards,2009 R3 | Chansi Stuckey | Jason Trusnik,1,2,0,1,0,0,0,0,0.0,0.0,1,1,0,0.0,,,,3
362,2009,2009-10-07,NYJ,2,player_for_draft_capital_or_mixed,CLE,2009 R3 | Chansi Stuckey | Jason Trusnik,Braylon Edwards,2,1,1,0,0,0,0,0,0.0,0.0,-1,-1,0,0.0,,,3,
363,2009,2009-10-17,CHI,2,player_for_draft_capital_or_mixed,TB,2010 R2 #42 (Rob Gronkowski),Gaines Adams,0,1,1,0,1,0,0,0,462.1276290591479,0.0,1,-1,-1,-462.1276290591479,42.0,,2,
363,2009,2009-10-17,TB,2,player_for_draft_capital_or_mixed,CHI,Gaines Adams,2010 R2 #42 (Rob Gronkowski),1,0,0,1,0,1,0,0,0.0,462.1276290591479,-1,1,1,462.1276290591479,,42.0,,2
364,2009,2009-10-20,CAR,2,player_for_draft_capital_or_mixed,KC,2009 R3,Tank Tyler,0,1,1,0,0,0,0,0,0.0,0.0,1,-1,0,0.0,,,3,
364,2009,2009-10-20,KC,2,player_for_draft_capital_or_mixed,CAR,Tank Tyler,2009 R3,1,0,0,1,0,0,0,0,0.0,0.0,-1,1,0,0.0,,,,3
365,2009,2009-10-20,PHI,2,player_for_draft_capital_or_mixed,STL,2009 R3 | Brandon Gibson,Will Witherspoon,1,1,1,0,0,0,0,0,0.0,0.0,0,-1,0,0.0,,,3,
365,2009,2009-10-20,STL,2,player_for_draft_capital_or_mixed,PHI,Will Witherspoon,2009 R3 | Brandon Gibson,1,1,0,1,0,0,0,0,0.0,0.0,0,1,0,0.0,,,,3
366,2010,2010-03-05,CLE,2,player_for_draft_capital_or_mixed,DET,2010 R7 | Corey Williams,2010 R5 #146 (Cam Thomas) | 2010 R7 #214 (Mickey Shuler),1,0,1,2,0,2,0,0,0.0,39.69743857921412,-1,1,2,39.69743857921412,,146.0,7,5 | 7
366,2010,2010-03-05,DET,2,player_for_draft_capital_or_mixed,CLE,2010 R5 #146 (Cam Thomas) | 2010 R7 #214 (Mickey Shuler),2010 R7 | Corey Williams,0,1,2,1,2,0,0,0,39.69743857921412,0.0,1,-1,-2,-39.69743857921412,146.0,,5 | 7,7
367,2010,2010-03-05,NYJ,2,player_for_draft_capital_or_mixed,SD,2010 R7,Antonio Cromartie,0,1,1,0,0,0,0,0,0.0,0.0,1,-1,0,0.0,,,7,
367,2010,2010-03-05,SD,2,player_for_draft_capital_or_mixed,NYJ,Antonio Cromartie,2010 R7,1,0,0,1,0,0,0,0,0.0,0.0,-1,1,0,0.0,,,,7
368,2010,2010-03-06,ARI,2,player_for_draft_capital_or_mixed,BAL,2010 R5 #157 (Arthur Jones) | Anquan Boldin,2010 R3 #88 (Andre Roberts) | 2010 R4 #123 (Al Woods),1,0,1,2,1,2,0,0,29.149065331779774,193.49197657849456,-1,1,1,164.34291124671478,157.0,88.0,5,3 | 4
368,2010,2010-03-06,BAL,2,player_for_draft_capital_or_mixed,ARI,2010 R3 #88 (Andre Roberts) | 2010 R4 #123 (Al Woods),2010 R5 #157 (Arthur Jones) | Anquan Boldin,0,1,2,1,2,1,0,0,193.49197657849456,29.149065331779774,1,-1,-1,-164.34291124671478,88.0,157.0,3 | 4,5
369,2010,2010-03-08,ARI,2,player_for_draft_capital_or_mixed,NYJ,2010 R4 #124 (Eric Norwood) | 2010 R7,Kerry Rhodes,0,1,2,0,1,0,0,0,48.679055957954645,0.0,1,-2,-1,-48.679055957954645,124.0,,4 | 7,
369,2010,2010-03-08,NYJ,2,player_for_draft_capital_or_mixed,ARI,Kerry Rhodes,2010 R4 #124 (Eric Norwood) | 2010 R7,1,0,0,2,0,1,0,0,0.0,48.679055957954645,-1,2,1,48.679055957954645,,124.0,,4 | 7
370,2010,2010-03-08,ATL,2,player_for_draft_capital_or_mixed,DET,2010 R5 #149 (Hall Davis) | Chris Houston,2010 R6 #171 (Shann Schillinger) | 2011 R7 #210 (Andrew Jackson),1,0,1,2,1,2,0,0,32.44906890675348,28.983471576637186,-1,1,1,-3.465597330116296,149.0,171.0,5,6 | 7
370,2010,2010-03-08,DET,2,player_for_draft_capital_or_mixed,ATL,2010 R6 #171 (Shann Schillinger) | 2011 R7 #210 (Andrew Jackson),2010 R5 #149 (Hall Davis) | Chris Houston,0,1,2,1,2,1,0,0,28.983471576637186,32.44906890675348,1,-1,-1,3.465597330116296,171.0,149.0,6 | 7,5
371,2010,2010-03-09,CLE,2,player_for_draft_capital_or_mixed,SEA,2011 R7 #209 (Johnny Culbreath),Seneca Wallace,0,1,1,0,1,0,0,0,7.196012136163594,0.0,1,-1,-1,-7.196012136163594,209.0,,7,
371,2010,2010-03-09,SEA,2,player_for_draft_capital_or_mixed,CLE,Seneca Wallace,2011 R7 #209 (Johnny Culbreath),1,0,0,1,0,1,0,0,0.0,7.196012136163594,-1,1,1,7.196012136163594,,209.0,,7
372,2010,2010-03-09,PHI,2,player_for_draft_capital_or_mixed,TB,Reggie Brown,2011 R6 #184 (David Carter),1,0,0,1,0,1,0,0,0.0,16.648899610038093,-1,1,1,16.648899610038093,,184.0,,6
372,2010,2010-03-09,TB,2,player_for_draft_capital_or_mixed,PHI,2011 R6 #184 (David Carter),Reggie Brown,0,1,1,0,1,0,0,0,16.648899610038093,0.0,1,-1,-1,-16.648899610038093,184.0,,6,
373,2010,2010-03-15,CLE,2,player_for_draft_capital_or_mixed,DEN,Brady Quinn,2011 R6 #168 (Demarcus Love) | 2012 R5 #160 (Ryan Miller) | Peyton Hillis,1,1,0,2,0,2,0,0,0.0,51.54509962710401,0,2,2,51.54509962710401,,160.0,,5 | 6
373,2010,2010-03-15,DEN,2,player_for_draft_capital_or_mixed,CLE,2011 R6 #168 (Demarcus Love) | 2012 R5 #160 (Ryan Miller) | Peyton Hillis,Brady Quinn,1,1,2,0,2,0,0,0,51.54509962710401,0.0,0,-2,-2,-51.54509962710401,160.0,,5 | 6,
374,2010,2010-03-15,CLE,2,player_for_draft_capital_or_mixed,OAK,Kamerion Wimbley,2010 R3 #85 (Colt McCoy),1,0,0,1,0,1,0,0,0.0,155.0893048490769,-1,1,1,155.0893048490769,,85.0,,3
374,2010,2010-03-15,OAK,2,player_for_draft_capital_or_mixed,CLE,2010 R3 #85 (Colt McCoy),Kamerion Wimbley,0,1,1,0,1,0,0,0,155.0893048490769,0.0,1,-1,-1,-155.0893048490769,85.0,,3,
375,2010,2010-03-15,DET,2,player_for_draft_capital_or_mixed,SF,2010 R7,Shaun Hill,0,1,1,0,0,0,0,0,0.0,0.0,1,-1,0,0.0,,,7,
375,2010,2010-03-15,SF,2,player_for_draft_capital_or_mixed,DET,Shaun Hill,2010 R7,1,0,0,1,0,0,0,0,0.0,0.0,-1,1,0,0.0,,,,7
376,2010,2010-03-17,PHI,2,player_for_draft_capital_or_mixed,SEA,2010 R4 #127 (E.J. Wilson) | Chris Clemons,Darryl Tapp,1,1,1,0,1,0,0,0,44.35441733781426,0.0,0,-1,-1,-44.35441733781426,127.0,,4,
376,2010,2010-03-17,SEA,2,player_for_draft_capital_or_mixed,PHI,Darryl Tapp,2010 R4 #127 (E.J. Wilson) | Chris Clemons,1,1,0,1,0,1,0,0,0.0,44.35441733781426,0,1,1,44.35441733781426,,127.0,,4
377,2010,2010-03-18,SD,2,player_for_draft_capital_or_mixed,SEA,2010 R2 #60 (Golden Tate) | Charlie Whitehurst,2010 R2 #40 (Koa Misi) | 2011 R3 #89 (Shareece Wright),1,0,1,2,1,2,0,0,297.71436830563,624.8124931059853,-1,1,1,327.09812480035527,60.0,40.0,2,2 | 3
377,2010,2010-03-18,SEA,2,player_for_draft_capital_or_mixed,SD,2010 R2 #40 (Koa Misi) | 2011 R3 #89 (Shareece Wright),2010 R2 #60 (Golden Tate) | Charlie Whitehurst,0,1,2,1,2,1,0,0,624.8124931059853,297.71436830563,1,-1,-1,-327.09812480035527,40.0,60.0,2 | 3,2
378,2010,2010-04-02,CLE,2,player_for_draft_capital_or_mixed,PHI,2010 R4 #105 (Trevard Lindley) | 2010 R5 #137 (Perrish Cox) | Alex Hall,Chris Gocong | Sheldon Brown,1,2,2,0,2,0,0,0,125.86160772349598,0.0,1,-2,-2,-125.86160772349598,105.0,,4 | 5,
378,2010,2010-04-02,PHI,2,player_for_draft_capital_or_mixed,CLE,Chris Gocong | Sheldon Brown,2010 R4 #105 (Trevard Lindley) | 2010 R5 #137 (Perrish Cox) | Alex Hall,2,1,0,2,0,2,0,0,0.0,125.86160772349598,-1,2,2,125.86160772349598,,105.0,,4 | 5
379,2010,2010-04-05,PHI,2,player_for_draft_capital_or_mixed,WAS,Donovan McNabb,2010 R2 #37 (Nate Allen) | 2010 R4 #104 (Alterraun Verner),1,0,0,2,0,2,0,0,0.0,612.6769820495188,-1,2,2,612.6769820495188,,37.0,,2 | 4
379,2010,2010-04-05,WAS,2,player_for_draft_capital_or_mixed,PHI,2010 R2 #37 (Nate Allen) | 2010 R4 #104 (Alterraun Verner),Donovan McNabb,0,1,2,0,2,0,0,0,612.6769820495188,0.0,1,-2,-2,-612.6769820495188,37.0,,2 | 4,
380,2010,2010-04-05,DET,2,player_for_draft_capital_or_mixed,SEA,2010 R5 #133 (Kam Chancellor) | Robert Henderson,2010 R7 #213 (Willie Young) | Rob Sims,1,1,1,1,1,1,0,0,40.212164619745856,6.1529499380531965,0,0,0,-34.05921468169266,133.0,213.0,5,7
380,2010,2010-04-05,SEA,2,player_for_draft_capital_or_mixed,DET,2010 R7 #213 (Willie Young) | Rob Sims,2010 R5 #133 (Kam Chancellor) | Robert Henderson,1,1,1,1,1,1,0,0,6.1529499380531965,40.212164619745856,0,0,0,34.05921468169266,213.0,133.0,7,5
381,2010,2010-04-12,NYJ,2,player_for_draft_capital_or_mixed,PIT,2010 R5 #155 (John Skelton),Santonio Holmes,0,1,1,0,1,0,0,0,29.941188478294087,0.0,1,-1,-1,-29.941188478294087,155.0,,5,
381,2010,2010-04-12,PIT,2,player_for_draft_capital_or_mixed,NYJ,Santonio Holmes,2010 R5 #155 (John Skelton),1,0,0,1,0,1,0,0,0.0,29.941188478294087,-1,1,1,29.941188478294087,,155.0,,5
382,2010,2010-04-14,DEN,2,player_for_draft_capital_or_mixed,MIA,Brandon Marshall,2010 R2 #43 (Sergio Kindle) | 2011 R2 #46 (Orlo Franklin),1,0,0,2,0,2,0,0,0.0,870.0834312068009,-1,2,2,870.0834312068009,,43.0,,2
382,2010,2010-04-14,MIA,2,player_for_draft_capital_or_mixed,DEN,2010 R2 #43 (Sergio Kindle) | 2011 R2 #46 (Orlo Franklin),Brandon Marshall,0,1,2,0,2,0,0,0,870.0834312068009,0.0,1,-2,-2,-870.0834312068009,43.0,,2,
383,2010,2010-04-16,MIA,2,player_for_draft_capital_or_mixed,SF,Ted Ginn,2010 R5 #145 (Nolan Carroll),1,0,0,1,0,1,0,0,0.0,34.23663262695757,-1,1,1,34.23663262695757,,145.0,,5
383,2010,2010-04-16,SF,2,player_for_draft_capital_or_mixed,MIA,2010 R5 #145 (Nolan Carroll),Ted Ginn,0,1,1,0,1,0,0,0,34.23663262695757,0.0,1,-1,-1,-34.23663262695757,145.0,,5,
384,2010,2010-04-19,DEN,3,multi_team,DET | PHI,2010 R7 #220 (Jamar Chaney) | Tony Scheffler,2010 R5 #137 (Perrish Cox),1,0,1,1,1,1,0,0,4.678089182334822,38.1126063083793,-1,0,0,33.434517126044476,220.0,137.0,7,5
384,2010,2010-04-19,DET,3,multi_team,DEN | PHI,Ernie Sims,2010 R7 #220 (Jamar Chaney) | Tony Scheffler,1,1,0,1,0,1,0,0,0.0,4.678089182334822,0,1,1,4.678089182334822,,220.0,,7
384,2010,2010-04-19,PHI,3,multi_team,DEN | DET,2010 R5 #137 (Perrish Cox),Ernie Sims,0,1,1,0,1,0,0,0,38.1126063083793,0.0,1,-1,-1,-38.1126063083793,137.0,,5,
385,2010,2010-04-21,PIT,2,player_for_draft_capital_or_mixed,TB,2010 R7 #225 (Syd'Quan Thompson),Byron Leftwich,0,1,1,0,1,0,0,0,3.830413122794295,0.0,1,-1,-1,-3.830413122794295,225.0,,7,
385,2010,2010-04-21,TB,2,player_for_draft_capital_or_mixed,PIT,Byron Leftwich,2010 R7 #225 (Syd'Quan Thompson),1,0,0,1,0,1,0,0,0.0,3.830413122794295,-1,1,1,3.830413122794295,,225.0,,7
386,2010,2010-04-21,STL,2,player_for_draft_capital_or_mixed,WAS,2010 R5 #163 (Reshad Jones) | 2010 R7 #208 (Thomas Welch) | Adam Carriker,2010 R5 #135 (Dominique Franks) | 2010 R7 #211 (Marquis Johnson),1,0,2,2,2,2,0,0,33.72166165109207,45.802386971950206,-1,0,0,12.080725320858136,163.0,135.0,5 | 7,5 | 7
386,2010,2010-04-21,WAS,2,player_for_draft_capital_or_mixed,STL,2010 R5 #135 (Dominique Franks) | 2010 R7 #211 (Marquis Johnson),2010 R5 #163 (Reshad Jones) | 2010 R7 #208 (Thomas Welch) | Adam Carriker,0,1,2,2,2,2,0,0,45.802386971950206,33.72166165109207,1,0,0,-12.080725320858136,135.0,163.0,5 | 7,5 | 7
387,2010,2010-04-22,JAX,2,player_for_draft_capital_or_mixed,OAK,Quentin Groves,2010 R5 #158 (Matt Tennant),1,0,0,1,0,1,0,0,0.0,28.76089740271087,-1,1,1,28.76089740271087,,158.0,,5
387,2010,2010-04-22,OAK,2,player_for_draft_capital_or_mixed,JAX,2010 R5 #158 (Matt Tennant),Quentin Groves,0,1,1,0,1,0,0,0,28.76089740271087,0.0,1,-1,-1,-28.76089740271087,158.0,,5,
388,2010,2010-04-22,DEN,2,pick_only,SF,2010 R1 #11 (Anthony Davis),2010 R1 #13 (Brandon Graham) | 2010 R4 #113 (Aaron Hernandez),0,0,1,2,1,2,0,0,1250.0,1218.4691284105436,0,1,1,-31.53087158945641,11.0,13.0,1,1 | 4
388,2010,2010-04-22,SF,2,pick_only,DEN,2010 R1 #13 (Brandon Graham) | 2010 R4 #113 (Aaron Hernandez),2010 R1 #11 (Anthony Davis),0,0,2,1,2,1,0,0,1218.4691284105436,1250.0,0,-1,-1,31.53087158945641,13.0,11.0,1 | 4,1
389,2010,2010-04-22,MIA,2,player_for_draft_capital_or_mixed,SD,2010 R1 #12 (Ryan Mathews) | 2010 R4 #110 (Darrell Stuckey) | 2010 R6 #173 (Anthony Dixon),2010 R1 #28 (Jared Odrick) | 2010 R2 #40 (Koa Misi) | 2010 R4 #126 (Akwasi Owusu-Ansah) | Tim Dobbins,0,1,3,3,3,3,0,0,1296.273298433994,1191.0175924096397,1,0,0,-105.25570602435414,12.0,28.0,1 | 4 | 6,1 | 2 | 4
389,2010,2010-04-22,SD,2,player_for_draft_capital_or_mixed,MIA,2010 R1 #28 (Jared Odrick) | 2010 R2 #40 (Koa Misi) | 2010 R4 #126 (Akwasi Owusu-Ansah) | Tim Dobbins,2010 R1 #12 (Ryan Mathews) | 2010 R4 #110 (Darrell Stuckey) | 2010 R6 #173 (Anthony Dixon),1,0,3,3,3,3,0,0,1191.0175924096397,1296.273298433994,-1,0,0,105.25570602435414,28.0,12.0,1 | 2 | 4,1 | 4 | 6
390,2010,2010-04-22,DEN,2,pick_only,PHI,2010 R1 #13 (Brandon Graham),2010 R1 #24 (Dez Bryant) | 2010 R3 #70 (Ed Dickson) | 2010 R3 #87 (Eric Decker),0,0,1,3,1,3,0,0,1150.0,1117.5585955837494,0,2,2,-32.441404416250634,13.0,24.0,1,1 | 3
390,2010,2010-04-22,PHI,2,pick_only,DEN,2010 R1 #24 (Dez Bryant) | 2010 R3 #70 (Ed Dickson) | 2010 R3 #87 (Eric Decker),2010 R1 #13 (Brandon Graham),0,0,3,1,3,1,0,0,1117.5585955837494,1150.0,0,-2,-2,32.441404416250634,24.0,13.0,1 | 3,1
391,2010,2010-04-22,DEN,2,pick_only,NE,2010 R1 #24 (Dez Bryant) | 2010 R4 #113 (Aaron Hernandez),2010 R1 #22 (Demaryius Thomas),0,0,2,1,2,1,0,0,808.4691284105436,780.0,0,-1,-1,-28.46912841054359,24.0,22.0,1 | 4,1
391,2010,2010-04-22,NE,2,pick_only,DEN,2010 R1 #22 (Demaryius Thomas),2010 R1 #24 (Dez Bryant) | 2010 R4 #113 (Aaron Hernandez),0,0,1,2,1,2,0,0,780.0,808.4691284105436,0,1,1,28.46912841054359,22.0,24.0,1,1 | 4
392,2010,2010-04-22,BAL,2,pick_only,DEN,2010 R1 #25 (Tim Tebow),2010 R2 #43 (Sergio Kindle) | 2010 R3 #70 (Ed Dickson) | 2010 R4 #114 (Dennis Pitta),0,0,1,3,1,3,0,0,720.0,747.7996864769996,0,2,2,27.799686476999568,25.0,43.0,1,2 | 3 | 4
392,2010,2010-04-22,DEN,2,pick_only,BAL,2010 R2 #43 (Sergio Kindle) | 2010 R3 #70 (Ed Dickson) | 2010 R4 #114 (Dennis Pitta),2010 R1 #25 (Tim Tebow),0,0,3,1,3,1,0,0,747.7996864769996,720.0,0,-2,-2,-27.799686476999568,43.0,25.0,2 | 3 | 4,1
393,2010,2010-04-22,DET,2,pick_only,MIN,2010 R2 #34 (Chris Cook) | 2010 R4 #100 (Everson Griffen) | 2010 R7 #214 (Mickey Shuler),2010 R1 #30 (Jahvid Best) | 2010 R4 #128 (Jason Fox),0,0,3,2,3,2,0,0,670.2513973193713,663.0,0,-1,-1,-7.2513973193713355,34.0,30.0,2 | 4 | 7,1 | 4
393,2010,2010-04-22,MIN,2,pick_only,DET,2010 R1 #30 (Jahvid Best) | 2010 R4 #128 (Jason Fox),2010 R2 #34 (Chris Cook) | 2010 R4 #100 (Everson Griffen) | 2010 R7 #214 (Mickey Shuler),0,0,2,3,2,3,0,0,663.0,670.2513973193713,0,1,1,7.2513973193713355,30.0,34.0,1 | 4,2 | 4 | 7
394,2010,2010-04-22,OAK,2,pick_only,TB,2010 R2 #39 (Arrelious Benn),2010 R2 #42 (Rob Gronkowski) | 2010 R5 #153 (Austen Lane),0,0,1,2,1,2,0,0,497.2662194405844,492.88246655698526,0,1,1,-4.383752883599129,39.0,42.0,2,2 | 5
394,2010,2010-04-22,TB,2,pick_only,OAK,2010 R2 #42 (Rob Gronkowski) | 2010 R5 #153 (Austen Lane),2010 R2 #39 (Arrelious Benn),0,0,2,1,2,1,0,0,492.88246655698526,497.2662194405844,0,-1,-1,4.383752883599129,42.0,39.0,2 | 5,2
1405,2010,2010-04-22,DAL,2,pick_only,NE,2010 R1 #27 (Devin McCourty) | 2010 R3 #90 (Taylor Price),2010 R1 #24 (Dez Bryant) | 2010 R4 #119 (A.J. Edds),0,0,2,2,2,2,0,0,815.9104411127751,796.8439517209218,0,0,0,-19.066489391853224,27.0,24.0,1 | 3,1 | 4
1405,2010,2010-04-22,NE,2,pick_only,DAL,2010 R1 #24 (Dez Bryant) | 2010 R4 #119 (A.J. Edds),2010 R1 #27 (Devin McCourty) | 2010 R3 #90 (Taylor Price),0,0,2,2,2,2,0,0,796.8439517209218,815.9104411127751,0,0,0,19.066489391853224,24.0,27.0,1 | 4,1 | 3
395,2010,2010-04-23,NE,2,pick_only,OAK,2010 R2 #44 (Lamarr Houston) | 2010 R6 #190 (Travis Goethel),2010 R2 #42 (Rob Gronkowski),0,0,2,1,2,1,0,0,454.71228370603654,462.1276290591479,0,-1,-1,7.415345353111377,44.0,42.0,2 | 6,2
395,2010,2010-04-23,OAK,2,pick_only,NE,2010 R2 #42 (Rob Gronkowski),2010 R2 #44 (Lamarr Houston) | 2010 R6 #190 (Travis Goethel),0,0,1,2,1,2,0,0,462.1276290591479,454.71228370603654,0,1,1,-7.415345353111377,42.0,44.0,2,2 | 6
396,2010,2010-04-23,ARI,2,pick_only,NE,2010 R2 #58 (Ben Tate) | 2010 R3 #89 (Armanti Edwards),2010 R2 #47 (Daryl Washington),0,0,2,1,2,1,0,0,452.16715404582123,408.9939611455477,0,-1,-1,-43.173192900273534,58.0,47.0,2 | 3,2
396,2010,2010-04-23,NE,2,pick_only,ARI,2010 R2 #47 (Daryl Washington),2010 R2 #58 (Ben Tate) | 2010 R3 #89 (Armanti Edwards),0,0,1,2,1,2,0,0,408.9939611455477,452.16715404582123,0,1,1,43.173192900273534,47.0,58.0,2,2 | 3
397,2010,2010-04-23,HOU,2,pick_only,MIN,2010 R2 #51 (Toby Gerhart),2010 R2 #62 (Brandon Spikes) | 2010 R3 #93 (Tony Moeaki),0,0,1,2,1,2,0,0,370.9205240505338,409.07993115449796,0,1,1,38.159407103964156,51.0,62.0,2,2 | 3
397,2010,2010-04-23,MIN,2,pick_only,HOU,2010 R2 #62 (Brandon Spikes) | 2010 R3 #93 (Tony Moeaki),2010 R2 #51 (Toby Gerhart),0,0,2,1,2,1,0,0,409.07993115449796,370.9205240505338,0,-1,-1,-38.159407103964156,62.0,51.0,2 | 3,2
398,2010,2010-04-23,DAL,2,pick_only,PHI,2010 R2 #59 (Montario Hardesty) | 2010 R4 #125 (Clay Harbor),2010 R2 #55 (Sean Lee),0,0,2,1,2,1,0,0,352.2691137928231,336.3913608322486,0,-1,-1,-15.877752960574469,59.0,55.0,2 | 4,2
398,2010,2010-04-23,PHI,2,pick_only,DAL,2010 R2 #55 (Sean Lee),2010 R2 #59 (Montario Hardesty) | 2010 R4 #125 (Clay Harbor),0,0,1,2,1,2,0,0,336.3913608322486,352.2691137928231,0,1,1,15.877752960574469,55.0,59.0,2,2 | 4
399,2010,2010-04-23,HOU,2,pick_only,NE,2010 R2 #62 (Brandon Spikes) | 2010 R5 #150 (Zoltan Mesko),2010 R2 #58 (Ben Tate),0,0,2,1,2,1,0,0,315.5357021743002,312.620757131406,0,-1,-1,-2.914945042894203,62.0,58.0,2 | 5,2
399,2010,2010-04-23,NE,2,pick_only,HOU,2010 R2 #58 (Ben Tate),2010 R2 #62 (Brandon Spikes) | 2010 R5 #150 (Zoltan Mesko),0,0,1,2,1,2,0,0,312.620757131406,315.5357021743002,0,1,1,2.914945042894203,58.0,62.0,2,2 | 5
400,2010,2010-04-23,CLE,2,pick_only,PHI,2010 R3 #71 (Morgan Burnett) | 2010 R5 #134 (Ricky Sapp) | 2010 R5 #146 (Cam Thomas),2010 R2 #59 (Montario Hardesty),0,0,3,1,3,1,0,0,297.8988696583607,305.0765333954813,0,-2,-2,7.177663737120611,71.0,59.0,3 | 5,2
400,2010,2010-04-23,PHI,2,pick_only,CLE,2010 R2 #59 (Montario Hardesty),2010 R3 #71 (Morgan Burnett) | 2010 R5 #134 (Ricky Sapp) | 2010 R5 #146 (Cam Thomas),0,0,1,3,1,3,0,0,305.0765333954813,297.8988696583607,0,2,2,-7.177663737120611,59.0,71.0,2,3 | 5
401,2010,2010-04-23,GB,2,pick_only,PHI,2010 R3 #86 (Daniel Te'o-Nesheim) | 2010 R4 #122 (Mike Kafka),2010 R3 #71 (Morgan Burnett),0,0,2,1,2,1,0,0,202.84231551337473,224.44148105958462,0,-1,-1,21.59916554620989,86.0,71.0,3 | 4,3
401,2010,2010-04-23,PHI,2,pick_only,GB,2010 R3 #71 (Morgan Burnett),2010 R3 #86 (Daniel Te'o-Nesheim) | 2010 R4 #122 (Mike Kafka),0,0,1,2,1,2,0,0,224.44148105958462,202.84231551337473,0,1,1,-21.59916554620989,71.0,86.0,3,3 | 4
402,2010,2010-04-23,SD,2,pick_only,SF,2010 R3 #91 (NaVorro Bowman) | 2010 R6 #173 (Anthony Dixon) | 2011 R4 #115 (Kendall Hunter),2010 R3 #79 (Donald Butler),0,0,3,1,3,1,0,0,217.84891724409994,181.70910201648016,0,-2,-2,-36.13981522761978,91.0,79.0,3 | 4 | 6,3
402,2010,2010-04-23,SF,2,pick_only,SD,2010 R3 #79 (Donald Butler),2010 R3 #91 (NaVorro Bowman) | 2010 R6 #173 (Anthony Dixon) | 2011 R4 #115 (Kendall Hunter),0,0,1,3,1,3,0,0,181.70910201648016,217.84891724409994,0,2,2,36.13981522761978,79.0,91.0,3,3 | 4 | 6
403,2010,2010-04-23,CAR,2,pick_only,NE,2011 R2 #33 (Ras-I Dowling),2010 R3 #89 (Armanti Edwards),0,0,1,1,1,1,0,0,575.7620074718054,139.54639691441523,0,0,0,-436.21561055739016,33.0,89.0,2,3
403,2010,2010-04-23,NE,2,pick_only,CAR,2010 R3 #89 (Armanti Edwards),2011 R2 #33 (Ras-I Dowling),0,0,1,1,1,1,0,0,139.54639691441523,575.7620074718054,0,0,0,436.21561055739016,89.0,33.0,3,2
404,2010,2010-04-23,HOU,2,pick_only,KC,2010 R3 #93 (Tony Moeaki),2010 R4 #102 (Darryl Sharpton) | 2010 R5 #144 (Sherrick McManis),0,0,1,2,1,2,0,0,125.56118496208103,131.00339626368688,0,1,1,5.442211301605852,93.0,102.0,3,4 | 5
404,2010,2010-04-23,KC,2,pick_only,HOU,2010 R4 #102 (Darryl Sharpton) | 2010 R5 #144 (Sherrick McManis),2010 R3 #93 (Tony Moeaki),0,0,2,1,2,1,0,0,131.00339626368688,125.56118496208103,0,-1,-1,-5.442211301605852,102.0,93.0,4 | 5,3
405,2010,2010-04-24,SEA,2,player_for_draft_capital_or_mixed,TEN,2010 R4 #104 (Alterraun Verner) | 2010 R6 #176 (Rusty Smith),2010 R4 #111 (Walter Thurmond) | 2010 R6 #185 (Anthony McCoy) | Kevin Vickerson | LenDale White,0,2,2,2,2,2,0,0,110.31191614630563,89.14249847706091,2,0,0,-21.169417669244723,104.0,111.0,4 | 6,4 | 6
405,2010,2010-04-24,TEN,2,player_for_draft_capital_or_mixed,SEA,2010 R4 #111 (Walter Thurmond) | 2010 R6 #185 (Anthony McCoy) | Kevin Vickerson | LenDale White,2010 R4 #104 (Alterraun Verner) | 2010 R6 #176 (Rusty Smith),2,0,2,2,2,2,0,0,89.14249847706091,110.31191614630563,-2,0,0,21.169417669244723,111.0,104.0,4 | 6,4 | 6
406,2010,2010-04-24,JAX,2,player_for_draft_capital_or_mixed,OAK,2010 R4 #108 (Jacoby Ford),2010 R5 #153 (Austen Lane) | Kirk Morrison,0,1,1,1,1,1,0,0,79.9533958321667,30.754837497837325,1,0,0,-49.19855833432938,108.0,153.0,4,5
406,2010,2010-04-24,OAK,2,player_for_draft_capital_or_mixed,JAX,2010 R5 #153 (Austen Lane) | Kirk Morrison,2010 R4 #108 (Jacoby Ford),1,0,1,1,1,1,0,0,30.754837497837325,79.9533958321667,-1,0,0,49.19855833432938,153.0,108.0,5,4
407,2010,2010-04-24,CAR,2,pick_only,NYJ,2010 R4 #112 (Joe McKnight),2010 R4 #124 (Eric Norwood) | 2010 R6 #198 (David Gettis),0,0,1,2,1,2,0,0,70.6257743320383,59.748231564814105,0,1,1,-10.877542767224199,112.0,124.0,4,4 | 6
407,2010,2010-04-24,NYJ,2,pick_only,CAR,2010 R4 #124 (Eric Norwood) | 2010 R6 #198 (David Gettis),2010 R4 #112 (Joe McKnight),0,0,2,1,2,1,0,0,59.748231564814105,70.6257743320383,0,-1,-1,10.877542767224199,124.0,112.0,4 | 6,4
408,2010,2010-04-24,DAL,2,pick_only,MIA,2010 R4 #119 (A.J. Edds),2010 R4 #126 (Akwasi Owusu-Ansah) | 2010 R6 #179 (Sam Young),0,0,1,2,1,2,0,0,56.843951720921865,64.3048092223061,0,1,1,7.46085750138424,119.0,126.0,4,4 | 6
408,2010,2010-04-24,MIA,2,pick_only,DAL,2010 R4 #126 (Akwasi Owusu-Ansah) | 2010 R6 #179 (Sam Young),2010 R4 #119 (A.J. Edds),0,0,2,1,2,1,0,0,64.3048092223061,56.843951720921865,0,-1,-1,-7.46085750138424,126.0,119.0,4 | 6,4
409,2010,2010-04-24,ARI,2,pick_only,NO,2010 R4 #123 (Al Woods),2010 R4 #130 (O'Brien Schofield) | 2010 R6 #201 (Jorrick Calvin),0,0,1,2,1,2,0,0,50.21235264116127,51.70497209312147,0,1,1,1.492619451960202,123.0,130.0,4,4 | 6
409,2010,2010-04-24,NO,2,pick_only,ARI,2010 R4 #130 (O'Brien Schofield) | 2010 R6 #201 (Jorrick Calvin),2010 R4 #123 (Al Woods),0,0,2,1,2,1,0,0,51.70497209312147,50.21235264116127,0,-1,-1,-1.492619451960202,130.0,123.0,4 | 6,4
410,2010,2010-04-24,ATL,2,pick_only,STL,2010 R5 #149 (Hall Davis) | 2010 R6 #189 (Eugene Sims),2010 R5 #135 (Dominique Franks),0,0,2,1,2,1,0,0,47.389034516229,39.14831284947172,0,-1,-1,-8.240721666757281,149.0,135.0,5 | 6,5
410,2010,2010-04-24,STL,2,pick_only,ATL,2010 R5 #135 (Dominique Franks),2010 R5 #149 (Hall Davis) | 2010 R6 #189 (Eugene Sims),0,0,1,2,1,2,0,0,39.14831284947172,47.389034516229,0,1,1,8.240721666757281,135.0,149.0,5,5 | 6
411,2010,2010-04-24,NYJ,2,player_for_draft_capital_or_mixed,SEA,2010 R7 #236 (Dexter Davis) | Leon Washington,2010 R5 #139 (John Conner),1,0,1,1,1,1,0,0,2.378414230005442,37.10430038716509,-1,0,0,34.72588615715965,236.0,139.0,7,5
411,2010,2010-04-24,SEA,2,player_for_draft_capital_or_mixed,NYJ,2010 R5 #139 (John Conner),2010 R7 #236 (Dexter Davis) | Leon Washington,0,1,1,1,1,1,0,0,37.10430038716509,2.378414230005442,1,0,0,-34.72588615715965,139.0,236.0,5,7
412,2010,2010-04-24,PHI,2,pick_only,SD,2010 R5 #146 (Cam Thomas),2010 R5 #159 (Riley Cooper) | 2011 R5 #149 (Dion Lewis),0,0,1,2,1,2,0,0,33.78071533994218,60.826967477223846,0,1,1,27.04625213728167,146.0,149.0,5,5
412,2010,2010-04-24,SD,2,pick_only,PHI,2010 R5 #159 (Riley Cooper) | 2011 R5 #149 (Dion Lewis),2010 R5 #146 (Cam Thomas),0,0,2,1,2,1,0,0,60.826967477223846,33.78071533994218,0,-1,-1,-27.04625213728167,149.0,146.0,5,5
413,2010,2010-04-24,ARI,2,player_for_draft_capital_or_mixed,PIT,2010 R6 #195 (Antonio Brown) | Bryant McFadden,2010 R5 #155 (John Skelton),1,0,1,1,1,1,0,0,12.448632796256481,29.941188478294087,-1,0,0,17.492555682037604,195.0,155.0,6,5
413,2010,2010-04-24,PIT,2,player_for_draft_capital_or_mixed,ARI,2010 R5 #155 (John Skelton),2010 R6 #195 (Antonio Brown) | Bryant McFadden,0,1,1,1,1,1,0,0,29.941188478294087,12.448632796256481,1,0,0,-17.492555682037604,155.0,195.0,5,6
414,2010,2010-04-24,OAK,2,player_for_draft_capital_or_mixed,WAS,2012 R4 #109 (Alameda Ta'amu),Jason Campbell,0,1,1,0,1,0,0,0,77.5119193788194,0.0,1,-1,-1,-77.5119193788194,109.0,,4,
414,2010,2010-04-24,WAS,2,player_for_draft_capital_or_mixed,OAK,Jason Campbell,2012 R4 #109 (Alameda Ta'amu),1,0,0,1,0,1,0,0,0.0,77.5119193788194,-1,1,1,77.5119193788194,,109.0,,4
415,2010,2010-04-24,JAX,2,pick_only,NO,2010 R5 #158 (Matt Tennant),2011 R4 #121 (Chris Prosinski),0,0,1,1,1,1,0,0,28.76089740271087,53.42535492935984,0,0,0,24.66445752664897,158.0,121.0,5,4
415,2010,2010-04-24,NO,2,pick_only,JAX,2011 R4 #121 (Chris Prosinski),2010 R5 #158 (Matt Tennant),0,0,1,1,1,1,0,0,53.42535492935984,28.76089740271087,0,0,0,-24.66445752664897,121.0,158.0,4,5
416,2010,2010-04-24,MIA,2,player_for_draft_capital_or_mixed,WAS,2010 R6 #174 | 2010 R7 #219 (Terrence Austin) | Dennis Morris,2010 R5 #163 (Reshad Jones),1,0,2,1,2,1,0,0,25.540429140619125,26.238346877544192,-1,-1,-1,0.6979177369250671,174.0,163.0,6 | 7,5
416,2010,2010-04-24,WAS,2,player_for_draft_capital_or_mixed,MIA,2010 R5 #163 (Reshad Jones),2010 R6 #174 | 2010 R7 #219 (Terrence Austin) | Dennis Morris,0,1,1,2,1,2,0,0,26.238346877544192,25.540429140619125,1,1,1,-0.6979177369250671,163.0,174.0,5,6 | 7
417,2010,2010-04-24,NE,2,pick_only,WAS,2010 R7 #229 (Erik Cook) | 2010 R7 #231 (Selvish Capers),2010 R7 #208 (Thomas Welch),0,0,2,1,2,1,0,0,6.174632955777508,7.483314773547881,0,-1,-1,1.3086818177703732,229.0,208.0,7,7
417,2010,2010-04-24,WAS,2,pick_only,NE,2010 R7 #208 (Thomas Welch),2010 R7 #229 (Erik Cook) | 2010 R7 #231 (Selvish Capers),0,0,1,2,1,2,0,0,7.483314773547881,6.174632955777508,0,1,1,-1.3086818177703732,208.0,229.0,7,7
418,2010,2010-04-24,DET,2,pick_only,PHI,2010 R7 #220 (Jamar Chaney),2011 R6 #186 (D.J. Smith),0,0,1,1,1,1,0,0,4.678089182334822,15.943040886593678,0,0,0,11.264951704258856,220.0,186.0,7,6
418,2010,2010-04-24,PHI,2,pick_only,DET,2011 R6 #186 (D.J. Smith),2010 R7 #220 (Jamar Chaney),0,0,1,1,1,1,0,0,15.943040886593678,4.678089182334822,0,0,0,-11.264951704258856,186.0,220.0,6,7
419,2010,2010-04-24,DEN,2,pick_only,TB,2011 R5 #135 (Ricky Stanzi),2010 R7 #225 (Syd'Quan Thompson) | 2010 R7 #232 (Jammie Kirlew),0,0,1,2,1,2,0,0,39.14831284947172,6.658840247540485,0,1,1,-32.48947260193124,135.0,225.0,5,7
419,2010,2010-04-24,TB,2,pick_only,DEN,2010 R7 #225 (Syd'Quan Thompson) | 2010 R7 #232 (Jammie Kirlew),2011 R5 #135 (Ricky Stanzi),0,0,2,1,2,1,0,0,6.658840247540485,39.14831284947172,0,-1,-1,32.48947260193124,225.0,135.0,7,5
420,2010,2010-04-27,CAR,2,player_only,CHI,Chris Harris,Jamar Williams,1,1,0,0,0,0,0,0,0.0,0.0,0,0,0,0.0,,,,
420,2010,2010-04-27,CHI,2,player_only,CAR,Jamar Williams,Chris Harris,1,1,0,0,0,0,0,0,0.0,0.0,0,0,0,0.0,,,,
421,2010,2010-04-29,CHI,2,player_for_draft_capital_or_mixed,STL,Kevin Payne,2010,1,0,0,1,0,0,0,0,0.0,0.0,-1,1,0,0.0,,,,
421,2010,2010-04-29,STL,2,player_for_draft_capital_or_mixed,CHI,2010,Kevin Payne,0,1,1,0,0,0,0,0,0.0,0.0,1,-1,0,0.0,,,,
422,2010,2010-05-10,DAL,2,player_only,STL,Bobby Carpenter,Alex Barron,1,1,0,0,0,0,0,0,0.0,0.0,0,0,0,0.0,,,,
422,2010,2010-05-10,STL,2,player_only,DAL,Alex Barron,Bobby Carpenter,1,1,0,0,0,0,0,0,0.0,0.0,0,0,0,0.0,,,,
423,2010,2010-05-10,DAL,2,player_only,STL,Bobby Carpenter,Alex Barron,1,1,0,0,0,0,0,0,0.0,0.0,0,0,0,0.0,,,,
423,2010,2010-05-10,STL,2,player_only,DAL,Alex Barron,Bobby Carpenter,1,1,0,0,0,0,0,0,0.0,0.0,0,0,0,0.0,,,,
424,2010,2010-05-25,JAX,2,player_for_draft_capital_or_mixed,MIA,2011 R7 #218 (Ryan Taylor),Justin Smiley,0,1,1,0,1,0,0,0,5.059094009250097,0.0,1,-1,-1,-5.059094009250097,218.0,,7,
424,2010,2010-05-25,MIA,2,player_for_draft_capital_or_mixed,JAX,Justin Smiley,2011 R7 #218 (Ryan Taylor),1,0,0,1,0,1,0,0,0.0,5.059094009250097,-1,1,1,5.059094009250097,,218.0,,7
425,2010,2010-06-07,SF,2,player_for_draft_capital_or_mixed,STL,Isaac Bruce,conditional 2012,1,0,0,1,0,0,0,1,0.0,0.0,-1,1,0,0.0,,,,
425,2010,2010-06-07,STL,2,player_for_draft_capital_or_mixed,SF,conditional 2012,Isaac Bruce,0,1,1,0,0,0,1,0,0.0,0.0,1,-1,0,0.0,,,,
426,2010,2010-06-21,NO,2,player_for_draft_capital_or_mixed,WAS,2011 R5 #155 (Niles Paul) | Jammal Brown,2011 R3 #72 (Martez Wilson),1,0,1,1,1,1,0,0,29.941188478294087,218.59353855994584,-1,0,0,188.65235008165175,155.0,72.0,5,3
426,2010,2010-06-21,WAS,2,player_for_draft_capital_or_mixed,NO,2011 R3 #72 (Martez Wilson),2011 R5 #155 (Niles Paul) | Jammal Brown,0,1,1,1,1,1,0,0,218.59353855994584,29.941188478294087,1,0,0,-188.65235008165175,72.0,155.0,3,5
427,2010,2010-07-31,DEN,2,player_for_draft_capital_or_mixed,PHI,conditional 2012 R6 #194 (Marvin McNutt) | J.J. Arrington,Joe Mays,1,1,1,0,1,0,1,0,12.94564766595343,0.0,0,-1,-1,-12.94564766595343,194.0,,6,
427,2010,2010-07-31,PHI,2,player_for_draft_capital_or_mixed,DEN,Joe Mays,conditional 2012 R6 #194 (Marvin McNutt) | J.J. Arrington,1,1,0,1,0,1,0,1,0.0,12.94564766595343,0,1,1,12.94564766595343,,194.0,,6
428,2010,2010-08-02,BAL,2,player_only,WAS,John Beck,Doug Dutch,1,1,0,0,0,0,0,0,0.0,0.0,0,0,0,0.0,,,,
428,2010,2010-08-02,WAS,2,player_only,BAL,Doug Dutch,John Beck,1,1,0,0,0,0,0,0,0.0,0.0,0,0,0,0.0,,,,
429,2010,2010-08-17,SEA,2,player_for_draft_capital_or_mixed,SF,2011 R6 #190 (Colin Jones),Kentwan Balmer,0,1,1,0,1,0,0,0,14.619832953983792,0.0,1,-1,-1,-14.619832953983792,190.0,,6,
429,2010,2010-08-17,SF,2,player_for_draft_capital_or_mixed,SEA,Kentwan Balmer,2011 R6 #190 (Colin Jones),1,0,0,1,0,1,0,0,0.0,14.619832953983792,-1,1,1,14.619832953983792,,190.0,,6
430,2010,2010-08-18,DET,2,player_for_draft_capital_or_mixed,SEA,2011 R6 #173 (Byron Maxwell),Lawrence Jackson,0,1,1,0,1,0,0,0,21.128301986307918,0.0,1,-1,-1,-21.128301986307918,173.0,,6,
430,2010,2010-08-18,SEA,2,player_for_draft_capital_or_mixed,DET,Lawrence Jackson,2011 R6 #173 (Byron Maxwell),1,0,0,1,0,1,0,0,0.0,21.128301986307918,-1,1,1,21.128301986307918,,173.0,,6
431,2010,2010-08-23,ATL,2,player_for_draft_capital_or_mixed,NE,Quinn Ojinnaka,2011 R7 #230 (Cliff Matthews),1,0,0,1,0,1,0,0,0.0,3.0844216508158815,-1,1,1,3.0844216508158815,,230.0,,7
431,2010,2010-08-23,NE,2,player_for_draft_capital_or_mixed,ATL,2011 R7 #230 (Cliff Matthews),Quinn Ojinnaka,0,1,1,0,1,0,0,0,3.0844216508158815,0.0,1,-1,-1,-3.0844216508158815,230.0,,7,
432,2010,2010-08-25,MIA,2,player_only,MIN,Greg Camarillo,Benny Sapp,1,1,0,0,0,0,0,0,0.0,0.0,0,0,0,0.0,,,,
432,2010,2010-08-25,MIN,2,player_only,MIA,Benny Sapp,Greg Camarillo,1,1,0,0,0,0,0,0,0.0,0.0,0,0,0,0.0,,,,
433,2010,2010-08-30,ARI,2,player_only,PHI,Jorrick Calvin,Charles Scott,1,1,0,0,0,0,0,0,0.0,0.0,0,0,0,0.0,,,,
433,2010,2010-08-30,PHI,2,player_only,ARI,Charles Scott,Jorrick Calvin,1,1,0,0,0,0,0,0,0.0,0.0,0,0,0,0.0,,,,
434,2010,2010-08-30,STL,2,player_only,WAS,Hall Davis,Dennis Morris,1,1,0,0,0,0,0,0,0.0,0.0,0,0,0,0.0,,,,
434,2010,2010-08-30,WAS,2,player_only,STL,Dennis Morris,Hall Davis,1,1,0,0,0,0,0,0,0.0,0.0,0,0,0,0.0,,,,
436,2010,2010-08-31,DET,2,player_for_draft_capital_or_mixed,SEA,Tyler Polumbus,2010 R7,1,0,0,1,0,0,0,0,0.0,0.0,-1,1,0,0.0,,,,7
436,2010,2010-08-31,SEA,2,player_for_draft_capital_or_mixed,DET,2010 R7,Tyler Polumbus,0,1,1,0,0,0,0,0,0.0,0.0,1,-1,0,0.0,,,7,
437,2010,2010-09-01,BAL,2,player_for_draft_capital_or_mixed,SEA,2011 R5 #157 (Doug Hogue),Josh Wilson,0,1,1,0,1,0,0,0,29.149065331779774,0.0,1,-1,-1,-29.149065331779774,157.0,,5,
437,2010,2010-09-01,SEA,2,player_for_draft_capital_or_mixed,BAL,Josh Wilson,2011 R5 #157 (Doug Hogue),1,0,0,1,0,1,0,0,0.0,29.149065331779774,-1,1,1,29.149065331779774,,157.0,,5
438,2010,2010-09-03,ARI,2,player_for_draft_capital_or_mixed,PHI,Reggie Wells,2011 R6 #184 (David Carter),1,0,0,1,0,1,0,0,0.0,16.648899610038093,-1,1,1,16.648899610038093,,184.0,,6
438,2010,2010-09-03,PHI,2,player_for_draft_capital_or_mixed,ARI,2011 R6 #184 (David Carter),Reggie Wells,0,1,1,0,1,0,0,0,16.648899610038093,0.0,1,-1,-1,-16.648899610038093,184.0,,6,
439,2010,2010-09-04,DAL,2,player_for_draft_capital_or_mixed,MIA,Pat McQuistan,2010,1,0,0,1,0,0,0,0,0.0,0.0,-1,1,0,0.0,,,,
439,2010,2010-09-04,MIA,2,player_for_draft_capital_or_mixed,DAL,2010,Pat McQuistan,0,1,1,0,0,0,0,0,0.0,0.0,1,-1,0,0.0,,,,
440,2010,2010-09-04,DAL,2,player_for_draft_capital_or_mixed,SD,Patrick Crayton,2010 R7,1,0,0,1,0,0,0,0,0.0,0.0,-1,1,0,0.0,,,,7
440,2010,2010-09-04,SD,2,player_for_draft_capital_or_mixed,DAL,2010 R7,Patrick Crayton,0,1,1,0,0,0,0,0,0.0,0.0,1,-1,0,0.0,,,7,
441,2010,2010-09-04,MIN,2,player_for_draft_capital_or_mixed,NYG,Darius Reynaud | Sage Rosenfels,2010 R7,2,0,0,1,0,0,0,0,0.0,0.0,-2,1,0,0.0,,,,7
441,2010,2010-09-04,NYG,2,player_for_draft_capital_or_mixed,MIN,2010 R7,Darius Reynaud | Sage Rosenfels,0,2,1,0,0,0,0,0,0.0,0.0,2,-1,0,0.0,,,7,
442,2010,2010-09-04,IND,2,player_for_draft_capital_or_mixed,WAS,2011 R7 #224 (Markus White),Justin Tryon,0,1,1,0,1,0,0,0,4.0,0.0,1,-1,-1,-4.0,224.0,,7,
442,2010,2010-09-04,WAS,2,player_for_draft_capital_or_mixed,IND,Justin Tryon,2011 R7 #224 (Markus White),1,0,0,1,0,1,0,0,0.0,4.0,-1,1,1,4.0,,224.0,,7
443,2010,2010-09-04,BAL,2,player_for_draft_capital_or_mixed,PHI,Antwan Barnes,2011 R7 #225 (Anthony Allen),1,0,0,1,0,1,0,0,0.0,3.830413122794295,-1,1,1,3.830413122794295,,225.0,,7
443,2010,2010-09-04,PHI,2,player_for_draft_capital_or_mixed,BAL,2011 R7 #225 (Anthony Allen),Antwan Barnes,0,1,1,0,1,0,0,0,3.830413122794295,0.0,1,-1,-1,-3.830413122794295,225.0,,7,
444,2010,2010-09-04,DEN,2,player_for_draft_capital_or_mixed,DET,2011 R7 #205 | Alphonso Smith,2011 R6 #186 (D.J. Smith) | Dan Gronkowski,1,1,1,1,1,1,0,0,8.41589663253425,15.943040886593678,0,0,0,7.5271442540594276,205.0,186.0,7,6
444,2010,2010-09-04,DET,2,player_for_draft_capital_or_mixed,DEN,2011 R6 #186 (D.J. Smith) | Dan Gronkowski,2011 R7 #205 | Alphonso Smith,1,1,1,1,1,1,0,0,15.943040886593678,8.41589663253425,0,0,0,-7.5271442540594276,186.0,205.0,6,7
445,2010,2010-09-04,KC,2,player_for_draft_capital_or_mixed,NE,Jarrad Page,2012 R7 #238 (Junior Hemingway),1,0,0,1,0,1,0,0,0.0,2.1810154653305154,-1,1,1,2.1810154653305154,,238.0,,7
445,2010,2010-09-04,NE,2,player_for_draft_capital_or_mixed,KC,2012 R7 #238 (Junior Hemingway),Jarrad Page,0,1,1,0,1,0,0,0,2.1810154653305154,0.0,1,-1,-1,-2.1810154653305154,238.0,,7,
446,2010,2010-09-04,NE,2,player_for_draft_capital_or_mixed,PHI,2012 R6 #200 (Brandon Washington),2012 R7 #223 (Travis Lewis) | Tracy White,0,1,1,1,1,1,0,0,10.235546239926343,4.159701029930424,1,0,0,-6.0758452099959195,200.0,223.0,6,7
446,2010,2010-09-04,PHI,2,player_for_draft_capital_or_mixed,NE,2012 R7 #223 (Travis Lewis) | Tracy White,2012 R6 #200 (Brandon Washington),1,0,1,1,1,1,0,0,4.159701029930424,10.235546239926343,-1,0,0,6.0758452099959195,223.0,200.0,7,6
448,2010,2010-09-04,CIN,2,player_only,JAX,David Jones,Reggie Nelson,1,1,0,0,0,0,0,0,0.0,0.0,0,0,0,0.0,,,,
448,2010,2010-09-04,JAX,2,player_only,CIN,Reggie Nelson,David Jones,1,1,0,0,0,0,0,0,0.0,0.0,0,0,0,0.0,,,,
447,2010,2010-09-05,PHI,2,player_for_draft_capital_or_mixed,SEA,Stacy Andrews,2010 R7,1,0,0,1,0,0,0,0,0.0,0.0,-1,1,0,0.0,,,,7
447,2010,2010-09-05,SEA,2,player_for_draft_capital_or_mixed,PHI,2010 R7,Stacy Andrews,0,1,1,0,0,0,0,0,0.0,0.0,1,-1,0,0.0,,,7,
449,2010,2010-09-07,BAL,2,player_for_draft_capital_or_mixed,STL,2011 R7 #228 (Jabara Williams) | Mark Clayton,2011 R6 #180 (Tyrod Taylor),1,0,1,1,1,1,0,0,3.363585661014858,18.155753765114135,-1,0,0,14.792168104099277,228.0,180.0,7,6
449,2010,2010-09-07,STL,2,player_for_draft_capital_or_mixed,BAL,2011 R6 #180 (Tyrod Taylor),2011 R7 #228 (Jabara Williams) | Mark Clayton,0,1,1,1,1,1,0,0,18.155753765114135,3.363585661014858,1,0,0,-14.792168104099277,180.0,228.0,6,7
450,2010,2010-09-15,DEN,2,player_for_draft_capital_or_mixed,NE,2011 R4 #99 (K.J. Wright),2011 R6 #189 (Mike Mohamed) | Laurence Maroney,0,1,1,1,1,1,0,0,105.6945807583126,14.939965609475523,1,0,0,-90.75461514883708,99.0,189.0,4,6
450,2010,2010-09-15,NE,2,player_for_draft_capital_or_mixed,DEN,2011 R6 #189 (Mike Mohamed) | Laurence Maroney,2011 R4 #99 (K.J. Wright),1,0,1,1,1,1,0,0,14.939965609475523,105.6945807583126,-1,0,0,90.75461514883708,189.0,99.0,6,4
451,2010,2010-10-05,CLE,2,player_for_draft_capital_or_mixed,MIN,2010 R7,Jayme Mitchell,0,1,1,0,0,0,0,0,0.0,0.0,1,-1,0,0.0,,,7,
451,2010,2010-10-05,MIN,2,player_for_draft_capital_or_mixed,CLE,Jayme Mitchell,2010 R7,1,0,0,1,0,0,0,0,0.0,0.0,-1,1,0,0.0,,,,7
452,2010,2010-10-05,BUF,2,player_for_draft_capital_or_mixed,SEA,Marshawn Lynch,2011 R4 #122 (Chris Hairston) | 2012 R5 #147 (Tank Carder),1,0,0,2,0,2,0,0,0.0,85.12481456662381,-1,2,2,85.12481456662381,,122.0,,4 | 5
452,2010,2010-10-05,SEA,2,player_for_draft_capital_or_mixed,BUF,2011 R4 #122 (Chris Hairston) | 2012 R5 #147 (Tank Carder),Marshawn Lynch,0,1,2,0,2,0,0,0,85.12481456662381,0.0,1,-2,-2,-85.12481456662381,122.0,,4 | 5,
453,2010,2010-10-06,MIN,2,player_for_draft_capital_or_mixed,NE,2011 R3 #74 (Ryan Mallett),2012 R7 #223 (Travis Lewis) | Randy Moss,0,1,1,1,1,1,0,0,207.3507972290508,4.159701029930424,1,0,0,-203.19109619912038,74.0,223.0,3,7
453,2010,2010-10-06,NE,2,player_for_draft_capital_or_mixed,MIN,2012 R7 #223 (Travis Lewis) | Randy Moss,2011 R3 #74 (Ryan Mallett),1,0,1,1,1,1,0,0,4.159701029930424,207.3507972290508,-1,0,0,203.19109619912038,223.0,74.0,7,3
454,2010,2010-10-12,NE,2,player_for_draft_capital_or_mixed,SEA,2011 R4 #99 (K.J. Wright),Deion Branch,0,1,1,0,1,0,0,0,105.6945807583126,0.0,1,-1,-1,-105.6945807583126,99.0,,4,
454,2010,2010-10-12,SEA,2,player_for_draft_capital_or_mixed,NE,Deion Branch,2011 R4 #99 (K.J. Wright),1,0,0,1,0,1,0,0,0.0,105.6945807583126,-1,1,1,105.6945807583126,,99.0,,4
455,2010,2010-10-18,CLE,2,player_only,PHI,Jerome Harrison,Mike Bell,1,1,0,0,0,0,0,0,0.0,0.0,0,0,0,0.0,,,,
455,2010,2010-10-18,PHI,2,player_only,CLE,Mike Bell,Jerome Harrison,1,1,0,0,0,0,0,0,0.0,0.0,0,0,0,0.0,,,,
456,2010,2010-10-18,GB,2,player_for_draft_capital_or_mixed,JAX,conditional 2011,Anthony Smith,0,1,1,0,0,0,1,0,0.0,0.0,1,-1,0,0.0,,,,
456,2010,2010-10-18,JAX,2,player_for_draft_capital_or_mixed,GB,Anthony Smith,conditional 2011,1,0,0,1,0,0,0,1,0.0,0.0,-1,1,0,0.0,,,,
457,2010,2010-10-19,KC,2,player_for_draft_capital_or_mixed,TB,2011 R6 #187 (Allen Bradford) | Alex Magee,2011 R5 #135 (Ricky Stanzi),1,0,1,1,1,1,0,0,15.60141439634249,39.14831284947172,-1,0,0,23.54689845312923,187.0,135.0,6,5
457,2010,2010-10-19,TB,2,player_for_draft_capital_or_mixed,KC,2011 R5 #135 (Ricky Stanzi),2011 R6 #187 (Allen Bradford) | Alex Magee,0,1,1,1,1,1,0,0,39.14831284947172,15.60141439634249,1,0,0,-23.54689845312923,135.0,187.0,5,6
458,2011,2011-04-28,ATL,2,pick_only,CLE,2011 R1 #26 (Jonathan Baldwin) | 2011 R2 #59 (Greg Little) | 2011 R4 #118 (Jalil Brown) | 2011 R4 #124 (Owen Marecic) | 2012 R1 #22 (Brandon Weeden),2011 R1 #6 (Julio Jones),0,0,5,1,5,1,0,0,1892.390016278095,1600.0,0,-4,-4,-292.3900162780949,22.0,6.0,1 | 2 | 4,1
458,2011,2011-04-28,CLE,2,pick_only,ATL,2011 R1 #6 (Julio Jones),2011 R1 #26 (Jonathan Baldwin) | 2011 R2 #59 (Greg Little) | 2011 R4 #118 (Jalil Brown) | 2011 R4 #124 (Owen Marecic) | 2012 R1 #22 (Brandon Weeden),0,0,1,5,1,5,0,0,1600.0,1892.390016278095,0,4,4,292.3900162780949,6.0,22.0,1,1 | 2 | 4
459,2011,2011-04-28,JAX,2,pick_only,WAS,2011 R1 #16 (Ryan Kerrigan) | 2011 R2 #49 (Ben Ijalana),2011 R1 #10 (Blaine Gabbert),0,0,2,1,2,1,0,0,1389.492303392006,1300.0,0,-1,-1,-89.49230339200608,16.0,10.0,1 | 2,1
459,2011,2011-04-28,WAS,2,pick_only,JAX,2011 R1 #10 (Blaine Gabbert),2011 R1 #16 (Ryan Kerrigan) | 2011 R2 #49 (Ben Ijalana),0,0,1,2,1,2,0,0,1300.0,1389.492303392006,0,1,1,89.49230339200608,10.0,16.0,1,1 | 2
460,2011,2011-04-28,CLE,2,pick_only,KC,2011 R1 #26 (Jonathan Baldwin) | 2011 R3 #70 (Justin Houston),2011 R1 #21 (Phil Taylor),0,0,2,1,2,1,0,0,930.4458711454806,800.0,0,-1,-1,-130.44587114548062,26.0,21.0,1 | 3,1
460,2011,2011-04-28,KC,2,pick_only,CLE,2011 R1 #21 (Phil Taylor),2011 R1 #26 (Jonathan Baldwin) | 2011 R3 #70 (Justin Houston),0,0,1,2,1,2,0,0,800.0,930.4458711454806,0,1,1,130.44587114548062,21.0,26.0,1,1 | 3
461,2011,2011-04-28,NE,2,pick_only,NO,2011 R1 #28 (Mark Ingram),2011 R2 #56 (Shane Vereen) | 2012 R1 #27 (Kevin Zeitler),0,0,1,2,1,2,0,0,660.0,1008.2735003541492,0,1,1,348.2735003541492,28.0,27.0,1,1 | 2
461,2011,2011-04-28,NO,2,pick_only,NE,2011 R2 #56 (Shane Vereen) | 2012 R1 #27 (Kevin Zeitler),2011 R1 #28 (Mark Ingram),0,0,2,1,2,1,0,0,1008.2735003541492,660.0,0,-1,-1,-348.2735003541492,27.0,28.0,1 | 2,1
462,2011,2011-04-29,DEN,2,pick_only,SF,2011 R2 #36 (Colin Kaepernick),2011 R2 #45 (Rahim Moore) | 2011 R4 #108 (Quinton Carter) | 2011 R5 #141 (D.J. Williams),0,0,1,3,1,3,0,0,535.0766269918975,545.5481218015929,0,2,2,10.4714948096954,36.0,45.0,2,2 | 4 | 5
462,2011,2011-04-29,SF,2,pick_only,DEN,2011 R2 #45 (Rahim Moore) | 2011 R4 #108 (Quinton Carter) | 2011 R5 #141 (D.J. Williams),2011 R2 #36 (Colin Kaepernick),0,0,3,1,3,1,0,0,545.5481218015929,535.0766269918975,0,-2,-2,-10.4714948096954,45.0,36.0,2 | 4 | 5,2
463,2011,2011-04-29,IND,2,pick_only,WAS,2011 R2 #53 (Stephen Paea) | 2011 R5 #152 (T.J. Yates),2011 R2 #49 (Ben Ijalana),0,0,2,1,2,1,0,0,384.4042010363615,389.492303392006,0,-1,-1,5.088102355644537,53.0,49.0,2 | 5,2
463,2011,2011-04-29,WAS,2,pick_only,IND,2011 R2 #49 (Ben Ijalana),2011 R2 #53 (Stephen Paea) | 2011 R5 #152 (T.J. Yates),0,0,1,2,1,2,0,0,389.492303392006,384.4042010363615,0,1,1,-5.088102355644537,49.0,53.0,2,2 | 5
464,2011,2011-04-29,CHI,2,pick_only,WAS,2011 R2 #62 (Daniel Thomas) | 2011 R4 #127 (Roc Carmichael),2011 R2 #53 (Stephen Paea),0,0,2,1,2,1,0,0,327.8731635302312,353.2342846411855,0,-1,-1,25.361121110954343,62.0,53.0,2 | 4,2
464,2011,2011-04-29,WAS,2,pick_only,CHI,2011 R2 #53 (Stephen Paea),2011 R2 #62 (Daniel Thomas) | 2011 R4 #127 (Roc Carmichael),0,0,1,2,1,2,0,0,353.2342846411855,327.8731635302312,0,1,1,-25.361121110954343,53.0,62.0,2,2 | 4
465,2011,2011-04-29,DET,2,pick_only,SEA,2011 R3 #75 (John Moffitt) | 2011 R4 #107 (Kris Durham) | 2011 R5 #154 (Richard Sherman) | 2011 R7 #205 (Lazarius Levingston),2011 R2 #57 (Mikel Leshoure) | 2011 R5 #157 (Doug Hogue) | 2011 R7 #209 (Johnny Culbreath),0,0,4,3,4,3,0,0,323.18111840648663,356.6966191013356,0,-1,-1,33.51550069484898,75.0,57.0,3 | 4 | 5 | 7,2 | 5 | 7
465,2011,2011-04-29,SEA,2,pick_only,DET,2011 R2 #57 (Mikel Leshoure) | 2011 R5 #157 (Doug Hogue) | 2011 R7 #209 (Johnny Culbreath),2011 R3 #75 (John Moffitt) | 2011 R4 #107 (Kris Durham) | 2011 R5 #154 (Richard Sherman) | 2011 R7 #205 (Lazarius Levingston),0,0,3,4,3,4,0,0,356.6966191013356,323.18111840648663,0,1,1,-33.51550069484898,57.0,75.0,2 | 5 | 7,3 | 4 | 5 | 7
466,2011,2011-04-29,HOU,2,pick_only,NE,2011 R3 #73 (Stevan Ridley) | 2011 R5 #138 (Marcus Cannon),2011 R2 #60 (Brandon Harris),0,0,2,1,2,1,0,0,250.50304135394646,297.71436830563,0,-1,-1,47.21132695168353,73.0,60.0,3 | 5,2
466,2011,2011-04-29,NE,2,pick_only,HOU,2011 R2 #60 (Brandon Harris),2011 R3 #73 (Stevan Ridley) | 2011 R5 #138 (Marcus Cannon),0,0,1,2,1,2,0,0,297.71436830563,250.50304135394646,0,1,1,-47.21132695168353,60.0,73.0,2,3 | 5
467,2011,2011-04-29,MIA,2,pick_only,WAS,2011 R3 #79 (Leonard Hankerson) | 2011 R5 #146 (DeJon Gomes) | 2011 R7 #217 (Maurice Hurt),2011 R2 #62 (Daniel Thomas),0,0,3,1,3,1,0,0,220.75089699662047,283.5187461924169,0,-2,-2,62.76784919579646,79.0,62.0,3 | 5 | 7,2
467,2011,2011-04-29,WAS,2,pick_only,MIA,2011 R2 #62 (Daniel Thomas),2011 R3 #79 (Leonard Hankerson) | 2011 R5 #146 (DeJon Gomes) | 2011 R7 #217 (Maurice Hurt),0,0,1,3,1,3,0,0,283.5187461924169,220.75089699662047,0,2,2,-62.76784919579646,62.0,79.0,2,3 | 5 | 7
468,2011,2011-04-29,JAX,2,pick_only,SF,2011 R3 #80 (Chris Culliver) | 2011 R6 #182 (Ronald Johnson),2011 R3 #76 (Will Rackley),0,0,2,1,2,1,0,0,194.3605838140603,196.6862945481459,0,-1,-1,2.3257107340855896,80.0,76.0,3 | 6,3
468,2011,2011-04-29,SF,2,pick_only,JAX,2011 R3 #76 (Will Rackley),2011 R3 #80 (Chris Culliver) | 2011 R6 #182 (Ronald Johnson),0,0,1,2,1,2,0,0,196.6862945481459,194.3605838140603,0,1,1,-2.3257107340855896,76.0,80.0,3,3 | 6
469,2011,2011-04-29,NE,2,pick_only,OAK,2011 R3 #92 (Joe Barksdale) | 2011 R4 #125 (Taiwan Jones),2011 R7 #219 (Malcolm Williams) | 2012 R2 #48 (Tavon Wilson),0,0,2,2,2,2,0,0,176.11285179300188,403.9889039669682,0,0,0,227.87605217396634,92.0,48.0,3 | 4,2 | 7
469,2011,2011-04-29,OAK,2,pick_only,NE,2011 R7 #219 (Malcolm Williams) | 2012 R2 #48 (Tavon Wilson),2011 R3 #92 (Joe Barksdale) | 2011 R4 #125 (Taiwan Jones),0,0,2,2,2,2,0,0,403.9889039669682,176.11285179300188,0,0,0,-227.87605217396634,48.0,92.0,2 | 7,3 | 4
470,2011,2011-04-29,BAL,2,pick_only,PHI,2011 R3 #90 (Curtis Marsh) | 2011 R6 #191 (Jason Kelce),2011 R3 #85 (Jah Reid),0,0,2,1,2,1,0,0,150.21700119393276,155.0893048490769,0,-1,-1,4.872303655144151,90.0,85.0,3 | 6,3
470,2011,2011-04-29,PHI,2,pick_only,BAL,2011 R3 #85 (Jah Reid),2011 R3 #90 (Curtis Marsh) | 2011 R6 #191 (Jason Kelce),0,0,1,2,1,2,0,0,155.0893048490769,150.21700119393276,0,1,1,-4.872303655144151,85.0,90.0,3,3 | 6
471,2011,2011-04-30,PHI,2,pick_only,TB,2011 R4 #104 (Luke Stocker),2011 R4 #116 (Casey Matthews) | 2012 R4 #99 (Ben Jones),0,0,1,2,1,2,0,0,90.51292627308231,168.08092405348054,0,1,1,77.56799778039823,104.0,99.0,4,4
471,2011,2011-04-30,TB,2,pick_only,PHI,2011 R4 #116 (Casey Matthews) | 2012 R4 #99 (Ben Jones),2011 R4 #104 (Luke Stocker),0,0,2,1,2,1,0,0,168.08092405348054,90.51292627308231,0,-1,-1,-77.56799778039823,99.0,104.0,4,4
472,2011,2011-04-30,HOU,2,pick_only,WAS,2011 R4 #105 (Roy Helu) | 2011 R6 #178 (Aldrick Robinson),2011 R4 #127 (Roc Carmichael) | 2011 R5 #144 (Shiloh Keo) | 2011 R5 #152 (T.J. Yates),0,0,2,3,2,3,0,0,106.70857907223318,110.22303687878514,0,1,1,3.5144578065519596,105.0,127.0,4 | 6,4 | 5
472,2011,2011-04-30,WAS,2,pick_only,HOU,2011 R4 #127 (Roc Carmichael) | 2011 R5 #144 (Shiloh Keo) | 2011 R5 #152 (T.J. Yates),2011 R4 #105 (Roy Helu) | 2011 R6 #178 (Aldrick Robinson),0,0,3,2,3,2,0,0,110.22303687878514,106.70857907223318,0,-1,-1,-3.5144578065519596,127.0,105.0,4 | 5,4 | 6
473,2011,2011-04-30,DEN,2,pick_only,GB,2011 R5 #141 (D.J. Williams) | 2011 R6 #186 (D.J. Smith),2011 R4 #129 (Julius Thomas) | 2011 R7 #204 (Virgil Green),0,0,2,2,2,2,0,0,52.06571106247972,51.17928748090798,0,0,0,-0.8864235815717407,141.0,129.0,5 | 6,4 | 7
473,2011,2011-04-30,GB,2,pick_only,DEN,2011 R4 #129 (Julius Thomas) | 2011 R7 #204 (Virgil Green),2011 R5 #141 (D.J. Williams) | 2011 R6 #186 (D.J. Smith),0,0,2,2,2,2,0,0,51.17928748090798,52.06571106247972,0,0,0,0.8864235815717407,129.0,141.0,4 | 7,5 | 6
474,2011,2011-04-30,ATL,2,pick_only,STL,2011 R5 #158 (Jermale Hines) | 2011 R7 #229 (Jonathan Nelson),2011 R5 #145 (Jacquizz Rodgers),0,0,2,1,2,1,0,0,31.98187806660938,34.23663262695757,0,-1,-1,2.254754560348193,158.0,145.0,5 | 7,5
474,2011,2011-04-30,STL,2,pick_only,ATL,2011 R5 #145 (Jacquizz Rodgers),2011 R5 #158 (Jermale Hines) | 2011 R7 #229 (Jonathan Nelson),0,0,1,2,1,2,0,0,34.23663262695757,31.98187806660938,0,1,1,-2.254754560348193,145.0,158.0,5,5 | 7
475,2011,2011-04-30,CLE,2,pick_only,MIN,2011 R6 #168 (Demarcus Love) | 2011 R6 #170 (Mistral Raymond),2011 R5 #150 (Jason Pinkston),0,0,2,1,2,1,0,0,46.09196427439356,32.01695598188324,0,-1,-1,-14.075008292510319,168.0,150.0,6,5
475,2011,2011-04-30,MIN,2,pick_only,CLE,2011 R5 #150 (Jason Pinkston),2011 R6 #168 (Demarcus Love) | 2011 R6 #170 (Mistral Raymond),0,0,1,2,1,2,0,0,32.01695598188324,46.09196427439356,0,1,1,14.075008292510319,150.0,168.0,5,6
476,2011,2011-04-30,NYJ,2,pick_only,PHI,2011 R5 #161 (Julian Vandervelde) | 2011 R6 #194 (Markell Carter),2011 R5 #153 (Jeremy Kerley) | 2011 R7 #227 (Scotty McKnight),0,0,2,2,2,2,0,0,40.34566540440903,34.26734181858392,0,0,0,-6.07832358582511,161.0,153.0,5 | 6,5 | 7
476,2011,2011-04-30,PHI,2,pick_only,NYJ,2011 R5 #153 (Jeremy Kerley) | 2011 R7 #227 (Scotty McKnight),2011 R5 #161 (Julian Vandervelde) | 2011 R6 #194 (Markell Carter),0,0,2,2,2,2,0,0,34.26734181858392,40.34566540440903,0,0,0,6.07832358582511,153.0,161.0,5 | 7,5 | 6
477,2011,2011-04-30,GB,2,pick_only,SF,2011 R5 #163 (Daniel Kilgore),2011 R6 #174 (Charles Clay) | 2011 R7 #231 (Frank Kearse),0,0,1,2,1,2,0,0,26.238346877544192,23.62921833503199,0,1,1,-2.6091285425122024,163.0,174.0,5,6 | 7
477,2011,2011-04-30,SF,2,pick_only,GB,2011 R6 #174 (Charles Clay) | 2011 R7 #231 (Frank Kearse),2011 R5 #163 (Daniel Kilgore),0,0,2,1,2,1,0,0,23.62921833503199,26.238346877544192,0,-1,-1,2.6091285425122024,174.0,163.0,6 | 7,5
478,2011,2011-04-30,NE,2,pick_only,PHI,2011 R6 #193 (Brian Rolle),2011 R6 #194 (Markell Carter),0,0,1,1,1,1,0,0,13.46250598229572,12.94564766595343,0,0,0,-0.5168583163422902,193.0,194.0,6,6
478,2011,2011-04-30,PHI,2,pick_only,NE,2011 R6 #194 (Markell Carter),2011 R6 #193 (Brian Rolle),0,0,1,1,1,1,0,0,12.94564766595343,13.46250598229572,0,0,0,0.5168583163422902,194.0,193.0,6,6
479,2011,2011-04-30,GB,2,pick_only,MIA,2011 R6 #174 (Charles Clay) | 2011 R7 #231 (Frank Kearse),2011 R6 #179 (Caleb Schlauderaff) | 2011 R7 #218 (Ryan Taylor),0,0,2,2,2,2,0,0,23.62921833503199,23.612407013486468,0,0,0,-0.01681132154552145,174.0,179.0,6 | 7,6 | 7
479,2011,2011-04-30,MIA,2,pick_only,GB,2011 R6 #179 (Caleb Schlauderaff) | 2011 R7 #218 (Ryan Taylor),2011 R6 #174 (Charles Clay) | 2011 R7 #231 (Frank Kearse),0,0,2,2,2,2,0,0,23.612407013486468,23.62921833503199,0,0,0,0.01681132154552145,179.0,174.0,6 | 7,6 | 7
480,2011,2011-07-27,DEN,2,player_only,WAS,Jabar Gaffney,Jeremy Jarmon,1,1,0,0,0,0,0,0,0.0,0.0,0,0,0,0.0,,,,
480,2011,2011-07-27,WAS,2,player_only,DEN,Jeremy Jarmon,Jabar Gaffney,1,1,0,0,0,0,0,0,0.0,0.0,0,0,0,0.0,,,,
481,2011,2011-07-28,MIN,2,player_for_draft_capital_or_mixed,WAS,2012 R6 #173 (Alfred Morris),Donovan McNabb,0,1,1,0,1,0,0,0,21.128301986307918,0.0,1,-1,-1,-21.128301986307918,173.0,,6,
481,2011,2011-07-28,WAS,2,player_for_draft_capital_or_mixed,MIN,Donovan McNabb,2012 R6 #173 (Alfred Morris),1,0,0,1,0,1,0,0,0.0,21.128301986307918,-1,1,1,21.128301986307918,,173.0,,6
482,2011,2011-07-28,MIA,2,player_for_draft_capital_or_mixed,NO,2012 R6 #179 (Andrew Tiller) | Jonathon Amaya,2012 R6 #196 (Jonte Green) | Reggie Bush,1,1,1,1,1,1,0,0,18.553313004236372,11.970699535071823,0,0,0,-6.582613469164549,179.0,196.0,6,6
482,2011,2011-07-28,NO,2,player_for_draft_capital_or_mixed,MIA,2012 R6 #196 (Jonte Green) | Reggie Bush,2012 R6 #179 (Andrew Tiller) | Jonathon Amaya,1,1,1,1,1,1,0,0,11.970699535071823,18.553313004236372,0,0,0,6.582613469164549,196.0,179.0,6,6
483,2011,2011-07-29,CAR,2,player_for_draft_capital_or_mixed,CHI,2012 R3 #73 (Brandon Taylor),Greg Olsen,0,1,1,0,1,0,0,0,212.89796732125947,0.0,1,-1,-1,-212.89796732125947,73.0,,3,
483,2011,2011-07-29,CHI,2,player_for_draft_capital_or_mixed,CAR,Greg Olsen,2012 R3 #73 (Brandon Taylor),1,0,0,1,0,1,0,0,0.0,212.89796732125947,-1,1,1,212.89796732125947,,73.0,,3
484,2011,2011-07-29,ARI,2,player_for_draft_capital_or_mixed,PHI,2012 R2 #51 (Jerel Worthy) | Dominique Rodgers-Cromartie,Kevin Kolb,1,1,1,0,1,0,0,0,370.9205240505338,0.0,0,-1,-1,-370.9205240505338,51.0,,2,
484,2011,2011-07-29,PHI,2,player_for_draft_capital_or_mixed,ARI,Kevin Kolb,2012 R2 #51 (Jerel Worthy) | Dominique Rodgers-Cromartie,1,1,0,1,0,1,0,0,0.0,370.9205240505338,0,1,1,370.9205240505338,,51.0,,2
485,2011,2011-07-29,NE,2,player_for_draft_capital_or_mixed,WAS,2013 R5 #162 (Brandon Jenkins),Albert Haynesworth,0,1,1,0,1,0,0,0,26.812891859560057,0.0,1,-1,-1,-26.812891859560057,162.0,,5,
485,2011,2011-07-29,WAS,2,player_for_draft_capital_or_mixed,NE,Albert Haynesworth,2013 R5 #162 (Brandon Jenkins),1,0,0,1,0,1,0,0,0.0,26.812891859560057,-1,1,1,26.812891859560057,,162.0,,5
486,2011,2011-07-29,CIN,2,player_for_draft_capital_or_mixed,NE,Chad Johnson,2012 R5 #166 (Marvin Jones) | 2013 R6 #197 (Cobi Hamilton),1,0,0,2,0,2,0,0,0.0,36.0986455383097,-1,2,2,36.0986455383097,,166.0,,5 | 6
486,2011,2011-07-29,NE,2,player_for_draft_capital_or_mixed,CIN,2012 R5 #166 (Marvin Jones) | 2013 R6 #197 (Cobi Hamilton),Chad Johnson,0,1,2,0,2,0,0,0,36.0986455383097,0.0,1,-2,-2,-36.0986455383097,166.0,,5 | 6,
488,2011,2011-07-31,CLE,2,player_for_draft_capital_or_mixed,STL,conditional 2012,John Greco,0,1,1,0,0,0,1,0,0.0,0.0,1,-1,0,0.0,,,,
488,2011,2011-07-31,STL,2,player_for_draft_capital_or_mixed,CLE,John Greco,conditional 2012,1,0,0,1,0,0,0,1,0.0,0.0,-1,1,0,0.0,,,,
489,2011,2011-08-01,ARI,2,player_for_draft_capital_or_mixed,WAS,Tim Hightower,2012 R6 #177 (Justin Bethel) | Vonnie Holliday,1,1,0,1,0,1,0,0,0.0,19.374738347493643,0,1,1,19.374738347493643,,177.0,,6
489,2011,2011-08-01,WAS,2,player_for_draft_capital_or_mixed,ARI,2012 R6 #177 (Justin Bethel) | Vonnie Holliday,Tim Hightower,1,1,1,0,1,0,0,0,19.374738347493643,0.0,0,-1,-1,-19.374738347493643,177.0,,6,
490,2011,2011-08-02,DEN,2,player_for_draft_capital_or_mixed,PHI,2013 R6 #196 (Jeff Baca),Brodrick Bunkley,0,1,1,0,1,0,0,0,11.970699535071823,0.0,1,-1,-1,-11.970699535071823,196.0,,6,
490,2011,2011-08-02,PHI,2,player_for_draft_capital_or_mixed,DEN,Brodrick Bunkley,2013 R6 #196 (Jeff Baca),1,0,0,1,0,1,0,0,0.0,11.970699535071823,-1,1,1,11.970699535071823,,196.0,,6
491,2011,2011-08-12,BAL,2,player_for_draft_capital_or_mixed,BUF,2012 R4 #124 (Ron Brooks),Lee Evans,0,1,1,0,1,0,0,0,48.679055957954645,0.0,1,-1,-1,-48.679055957954645,124.0,,4,
491,2011,2011-08-12,BUF,2,player_for_draft_capital_or_mixed,BAL,Lee Evans,2012 R4 #124 (Ron Brooks),1,0,0,1,0,1,0,0,0.0,48.679055957954645,-1,1,1,48.679055957954645,,124.0,,4
492,2011,2011-08-23,CIN,2,player_for_draft_capital_or_mixed,SF,2013 R7 #227 (Garrett Gilkey),Taylor Mays,0,1,1,0,1,0,0,0,3.5125043207465994,0.0,1,-1,-1,-3.5125043207465994,227.0,,7,
492,2011,2011-08-23,SF,2,player_for_draft_capital_or_mixed,CIN,Taylor Mays,2013 R7 #227 (Garrett Gilkey),1,0,0,1,0,1,0,0,0.0,3.5125043207465994,-1,1,1,3.5125043207465994,,227.0,,7
493,2011,2011-08-29,CIN,2,player_only,SEA,Clinton McDonald,Kelly Jennings,1,1,0,0,0,0,0,0,0.0,0.0,0,0,0,0.0,,,,
493,2011,2011-08-29,SEA,2,player_only,CIN,Kelly Jennings,Clinton McDonald,1,1,0,0,0,0,0,0,0.0,0.0,0,0,0,0.0,,,,
494,2011,2011-09-03,GB,2,player_for_draft_capital_or_mixed,TEN,Quinn Johnson,conditional 2012,1,0,0,1,0,0,0,1,0.0,0.0,-1,1,0,0.0,,,,
494,2011,2011-09-03,TEN,2,player_for_draft_capital_or_mixed,GB,conditional 2012,Quinn Johnson,0,1,1,0,0,0,1,0,0.0,0.0,1,-1,0,0.0,,,,
495,2011,2011-09-03,JAX,2,player_for_draft_capital_or_mixed,NYJ,2012 R7 #214 (Tim Fugger),Dwight Lowery,0,1,1,0,1,0,0,0,5.916723239271945,0.0,1,-1,-1,-5.916723239271945,214.0,,7,
495,2011,2011-09-03,NYJ,2,player_for_draft_capital_or_mixed,JAX,Dwight Lowery,2012 R7 #214 (Tim Fugger),1,0,0,1,0,1,0,0,0.0,5.916723239271945,-1,1,1,5.916723239271945,,214.0,,7
496,2011,2011-09-03,GB,2,player_for_draft_capital_or_mixed,NYJ,Caleb Schlauderaff,2012 R7 #224 (Alfonzo Dennard),1,0,0,1,0,1,0,0,0.0,4.0,-1,1,1,4.0,,224.0,,7
496,2011,2011-09-03,NYJ,2,player_for_draft_capital_or_mixed,GB,2012 R7 #224 (Alfonzo Dennard),Caleb Schlauderaff,0,1,1,0,1,0,0,0,4.0,0.0,1,-1,-1,-4.0,224.0,,7,
497,2011,2011-10-12,HOU,2,player_for_draft_capital_or_mixed,NYJ,conditional 2012,Derrick Mason,0,1,1,0,0,0,1,0,0.0,0.0,1,-1,0,0.0,,,,
497,2011,2011-10-12,NYJ,2,player_for_draft_capital_or_mixed,HOU,Derrick Mason,conditional 2012,1,0,0,1,0,0,0,1,0.0,0.0,-1,1,0,0.0,,,,
498,2011,2011-10-14,OAK,2,player_for_draft_capital_or_mixed,SEA,2012 R7 #225 (J.R. Sweezy) | 2013 R5 #138 (Tharold Simon),Aaron Curry,0,1,2,0,2,0,0,0,41.43548715548128,0.0,1,-2,-2,-41.43548715548128,138.0,,5 | 7,
498,2011,2011-10-14,SEA,2,player_for_draft_capital_or_mixed,OAK,Aaron Curry,2012 R7 #225 (J.R. Sweezy) | 2013 R5 #138 (Tharold Simon),1,0,0,2,0,2,0,0,0.0,41.43548715548128,-1,2,2,41.43548715548128,,138.0,,5 | 7
499,2011,2011-10-18,CIN,2,player_for_draft_capital_or_mixed,OAK,Carson Palmer,2012 R1 #17 (Dre Kirkpatrick) | 2013 R2 #37 (Giovani Bernard),1,0,0,2,0,2,0,0,0.0,1472.1640557764363,-1,2,2,1472.1640557764363,,17.0,,1 | 2
499,2011,2011-10-18,OAK,2,player_for_draft_capital_or_mixed,CIN,2012 R1 #17 (Dre Kirkpatrick) | 2013 R2 #37 (Giovani Bernard),Carson Palmer,0,1,2,0,2,0,0,0,1472.1640557764363,0.0,1,-2,-2,-1472.1640557764363,17.0,,1 | 2,
502,2012,2012-03-14,CHI,2,player_for_draft_capital_or_mixed,MIA,2012 R3 #73 (Brandon Taylor) | 2013 R3 #82 (John Jenkins),Brandon Marshall,0,1,2,0,2,0,0,0,380.77035431949656,0.0,1,-2,-2,-380.77035431949656,73.0,,3,
502,2012,2012-03-14,MIA,2,player_for_draft_capital_or_mixed,CHI,Brandon Marshall,2012 R3 #73 (Brandon Taylor) | 2013 R3 #82 (John Jenkins),1,0,0,2,0,2,0,0,0.0,380.77035431949656,-1,2,2,380.77035431949656,,73.0,,3
503,2012,2012-03-14,STL,2,pick_only,WAS,2012 R1 #2 (Robert Griffin),2012 R1 #6 (Morris Claiborne) | 2012 R2 #39 (Janoris Jenkins) | 2013 R1 #22 (Desmond Trufant) | 2014 R1 #2 (Greg Robinson),0,0,1,4,1,4,0,0,2600.0,5477.266219440584,0,3,3,2877.266219440584,2.0,2.0,1,1 | 2
503,2012,2012-03-14,WAS,2,pick_only,STL,2012 R1 #6 (Morris Claiborne) | 2012 R2 #39 (Janoris Jenkins) | 2013 R1 #22 (Desmond Trufant) | 2014 R1 #2 (Greg Robinson),2012 R1 #2 (Robert Griffin),0,0,4,1,4,1,0,0,5477.266219440584,2600.0,0,-3,-3,-2877.266219440584,2.0,2.0,1 | 2,1
504,2012,2012-03-14,IND,2,player_for_draft_capital_or_mixed,PHI,2012 R6 #172 (Jeremy Lane),2012 R6 #187 (Josh Bush) | Winston Justice,0,1,1,1,1,1,0,0,21.590951555711165,15.60141439634249,1,0,0,-5.989537159368675,172.0,187.0,6,6
504,2012,2012-03-14,PHI,2,player_for_draft_capital_or_mixed,IND,2012 R6 #187 (Josh Bush) | Winston Justice,2012 R6 #172 (Jeremy Lane),1,0,1,1,1,1,0,0,15.60141439634249,21.590951555711165,-1,0,0,5.989537159368675,187.0,172.0,6,6
505,2012,2012-03-21,HOU,2,player_for_draft_capital_or_mixed,PHI,2012 R3 #88 (Nick Foles) | DeMeco Ryans,2012 R3 #76 (Bron Brooks) | 2012 R4 #99 (Ben Jones),1,0,1,2,1,2,0,0,143.2796239373333,302.3808753064585,-1,1,1,159.1012513691252,88.0,76.0,3,3 | 4
505,2012,2012-03-21,PHI,2,player_for_draft_capital_or_mixed,HOU,2012 R3 #76 (Bron Brooks) | 2012 R4 #99 (Ben Jones),2012 R3 #88 (Nick Foles) | DeMeco Ryans,0,1,2,1,2,1,0,0,302.3808753064585,143.2796239373333,1,-1,-1,-159.1012513691252,76.0,88.0,3 | 4,3
506,2012,2012-03-26,DEN,2,player_for_draft_capital_or_mixed,NYJ,2012 R7 #232 (Greg Scruggs) | Tim Tebow,2012 R4 #108 (Philip Blake) | 2012 R6 #188 (Danny Trevathan),1,0,1,2,1,2,0,0,2.82842712474619,95.2205040894803,-1,1,1,92.39207696473412,232.0,108.0,7,4 | 6
506,2012,2012-03-26,NYJ,2,player_for_draft_capital_or_mixed,DEN,2012 R4 #108 (Philip Blake) | 2012 R6 #188 (Danny Trevathan),2012 R7 #232 (Greg Scruggs) | Tim Tebow,0,1,2,1,2,1,0,0,95.2205040894803,2.82842712474619,1,-1,-1,-92.39207696473412,108.0,232.0,4 | 6,7
507,2012,2012-03-26,IND,2,player_for_draft_capital_or_mixed,NYJ,2012 R6 #187 (Josh Bush),2012 R7 #214 (Tim Fugger) | Drew Stanton,0,1,1,1,1,1,0,0,15.60141439634249,5.916723239271945,1,0,0,-9.684691157070546,187.0,214.0,6,7
507,2012,2012-03-26,NYJ,2,player_for_draft_capital_or_mixed,IND,2012 R7 #214 (Tim Fugger) | Drew Stanton,2012 R6 #187 (Josh Bush),1,0,1,1,1,1,0,0,5.916723239271945,15.60141439634249,-1,0,0,9.684691157070546,214.0,187.0,7,6
508,2012,2012-03-30,CAR,2,player_only,OAK,Mike Goodson,Bruce Campbell,1,1,0,0,0,0,0,0,0.0,0.0,0,0,0,0.0,,,,
508,2012,2012-03-30,OAK,2,player_only,CAR,Bruce Campbell,Mike Goodson,1,1,0,0,0,0,0,0,0.0,0.0,0,0,0,0.0,,,,
500,2012,2012-04-12,DEN,2,player_for_draft_capital_or_mixed,STL,Brandon Lloyd,2012 R5 #167 (George Iloka),1,0,0,1,0,1,0,0,0.0,24.060670173714687,-1,1,1,24.060670173714687,,167.0,,5
500,2012,2012-04-12,STL,2,player_for_draft_capital_or_mixed,DEN,2012 R5 #167 (George Iloka),Brandon Lloyd,0,1,1,0,1,0,0,0,24.060670173714687,0.0,1,-1,-1,-24.060670173714687,167.0,,5,
509,2012,2012-04-12,CIN,2,player_for_draft_capital_or_mixed,NYG,Keith Rivers,2012 R5 #167 (George Iloka),1,0,0,1,0,1,0,0,0.0,24.060670173714687,-1,1,1,24.060670173714687,,167.0,,5
509,2012,2012-04-12,NYG,2,player_for_draft_capital_or_mixed,CIN,2012 R5 #167 (George Iloka),Keith Rivers,0,1,1,0,1,0,0,0,24.060670173714687,0.0,1,-1,-1,-24.060670173714687,167.0,,5,
510,2012,2012-04-26,ATL,2,player_for_draft_capital_or_mixed,PHI,2012 R7 #229 (Bryce Brown),Asante Samuel,0,1,1,0,1,0,0,0,3.2209806638985086,0.0,1,-1,-1,-3.2209806638985086,229.0,,7,
510,2012,2012-04-26,PHI,2,player_for_draft_capital_or_mixed,ATL,Asante Samuel,2012 R7 #229 (Bryce Brown),1,0,0,1,0,1,0,0,0.0,3.2209806638985086,-1,1,1,3.2209806638985086,,229.0,,7
511,2012,2012-04-26,CLE,2,pick_only,MIN,2012 R1 #4 (Matt Kalil) | 2012 R4 #118 (Jarius Wright) | 2012 R5 #139 (Robert Blanton) | 2012 R7 #211 (Scott Solomon),2012 R1 #3 (Trent Richardson),0,0,4,1,4,1,0,0,1902.3928014343026,2200.0,0,-3,-3,297.60719856569744,4.0,3.0,1 | 4 | 5 | 7,1
511,2012,2012-04-26,MIN,2,pick_only,CLE,2012 R1 #3 (Trent Richardson),2012 R1 #4 (Matt Kalil) | 2012 R4 #118 (Jarius Wright) | 2012 R5 #139 (Robert Blanton) | 2012 R7 #211 (Scott Solomon),0,0,1,4,1,4,0,0,2200.0,1902.3928014343026,0,3,3,-297.60719856569744,3.0,4.0,1,1 | 4 | 5 | 7
512,2012,2012-04-26,JAX,2,pick_only,TB,2012 R1 #7 (Mark Barron) | 2012 R4 #101 (Omar Bolden),2012 R1 #5 (Justin Blackmon),0,0,2,1,2,1,0,0,1599.3381058172351,1700.0,0,-1,-1,100.66189418276485,7.0,5.0,1 | 4,1
512,2012,2012-04-26,TB,2,pick_only,JAX,2012 R1 #5 (Justin Blackmon),2012 R1 #7 (Mark Barron) | 2012 R4 #101 (Omar Bolden),0,0,1,2,1,2,0,0,1700.0,1599.3381058172351,0,1,1,-100.66189418276485,5.0,7.0,1,1 | 4
513,2012,2012-04-26,DAL,2,pick_only,STL,2012 R1 #14 (Michael Brockers) | 2012 R2 #45 (Alshon Jeffery),2012 R1 #6 (Morris Claiborne),0,0,2,1,2,1,0,0,1529.4720557935402,1600.0,0,-1,-1,70.52794420645978,14.0,6.0,1 | 2,1
513,2012,2012-04-26,STL,2,pick_only,DAL,2012 R1 #6 (Morris Claiborne),2012 R1 #14 (Michael Brockers) | 2012 R2 #45 (Alshon Jeffery),0,0,1,2,1,2,0,0,1600.0,1529.4720557935402,0,1,1,-70.52794420645978,6.0,14.0,1,1 | 2
514,2012,2012-04-26,PHI,2,pick_only,SEA,2012 R1 #15 (Bruce Irvin) | 2012 R4 #114 (Jaye Howard) | 2012 R6 #172 (Jeremy Lane),2012 R1 #12 (Fletcher Cox),0,0,3,1,3,1,0,0,1137.969289912178,1200.0,0,-2,-2,62.030710087821944,15.0,12.0,1 | 4 | 6,1
514,2012,2012-04-26,SEA,2,pick_only,PHI,2012 R1 #12 (Fletcher Cox),2012 R1 #15 (Bruce Irvin) | 2012 R4 #114 (Jaye Howard) | 2012 R6 #172 (Jeremy Lane),0,0,1,3,1,3,0,0,1200.0,1137.969289912178,0,2,2,-62.030710087821944,12.0,15.0,1,1 | 4 | 6
515,2012,2012-04-26,CIN,2,pick_only,NE,2012 R1 #21 (Chandler Jones),2012 R1 #27 (Kevin Zeitler) | 2012 R3 #93 (Brandon Thompson),0,0,1,2,1,2,0,0,800.0,805.561184962081,0,1,1,5.561184962081029,21.0,27.0,1,1 | 3
515,2012,2012-04-26,NE,2,pick_only,CIN,2012 R1 #27 (Kevin Zeitler) | 2012 R3 #93 (Brandon Thompson),2012 R1 #21 (Chandler Jones),0,0,2,1,2,1,0,0,805.561184962081,800.0,0,-1,-1,-5.561184962081029,27.0,21.0,1 | 3,1
516,2012,2012-04-26,DEN,2,pick_only,NE,2012 R1 #25 (Dont'a Hightower),2012 R1 #31 (Doug Martin) | 2012 R4 #126 (Jared Crick),0,0,1,2,1,2,0,0,720.0,645.7514962180697,0,1,1,-74.24850378193025,25.0,31.0,1,1 | 4
516,2012,2012-04-26,NE,2,pick_only,DEN,2012 R1 #31 (Doug Martin) | 2012 R4 #126 (Jared Crick),2012 R1 #25 (Dont'a Hightower),0,0,2,1,2,1,0,0,645.7514962180697,720.0,0,-1,-1,74.24850378193025,31.0,25.0,1 | 4,1
517,2012,2012-04-26,BAL,2,pick_only,MIN,2012 R1 #29 (Harrison Smith),2012 R2 #35 (Courtney Upshaw) | 2012 R4 #98 (Gino Gradkowski),0,0,1,2,1,2,0,0,640.0,657.3322694618096,0,1,1,17.332269461809574,29.0,35.0,1,2 | 4
517,2012,2012-04-26,MIN,2,pick_only,BAL,2012 R2 #35 (Courtney Upshaw) | 2012 R4 #98 (Gino Gradkowski),2012 R1 #29 (Harrison Smith),0,0,2,1,2,1,0,0,657.3322694618096,640.0,0,-1,-1,-17.332269461809574,35.0,29.0,2 | 4,1
518,2012,2012-04-26,DEN,2,pick_only,TB,2012 R1 #31 (Doug Martin) | 2012 R4 #126 (Jared Crick),2012 R2 #36 (Derek Wolfe) | 2012 R4 #101 (Omar Bolden),0,0,2,2,2,2,0,0,645.7514962180697,634.4147328091326,0,0,0,-11.336763408937145,31.0,36.0,1 | 4,2 | 4
518,2012,2012-04-26,TB,2,pick_only,DEN,2012 R2 #36 (Derek Wolfe) | 2012 R4 #101 (Omar Bolden),2012 R1 #31 (Doug Martin) | 2012 R4 #126 (Jared Crick),0,0,2,2,2,2,0,0,634.4147328091326,645.7514962180697,0,0,0,11.336763408937145,36.0,31.0,2 | 4,1 | 4
519,2012,2012-04-27,NYJ,2,pick_only,SEA,2012 R2 #47 (Bobby Wagner) | 2012 R5 #154 (Korey Toomer) | 2012 R7 #232 (Greg Scruggs),2012 R2 #43 (Stephen Hill),0,0,3,1,3,1,0,0,442.1676743315927,450.9754769750521,0,-2,-2,8.80780264345941,47.0,43.0,2 | 5 | 7,2
519,2012,2012-04-27,SEA,2,pick_only,NYJ,2012 R2 #43 (Stephen Hill),2012 R2 #47 (Bobby Wagner) | 2012 R5 #154 (Korey Toomer) | 2012 R7 #232 (Greg Scruggs),0,0,1,3,1,3,0,0,450.9754769750521,442.1676743315927,0,2,2,-8.80780264345941,43.0,47.0,2,2 | 5 | 7
520,2012,2012-04-27,CHI,2,pick_only,STL,2012 R2 #50 (Isaiah Pead) | 2012 R5 #150 (Rokevious Watkins),2012 R2 #45 (Alshon Jeffery),0,0,2,1,2,1,0,0,412.10995682222017,429.4720557935401,0,-1,-1,17.362098971319938,50.0,45.0,2 | 5,2
520,2012,2012-04-27,STL,2,pick_only,CHI,2012 R2 #45 (Alshon Jeffery),2012 R2 #50 (Isaiah Pead) | 2012 R5 #150 (Rokevious Watkins),0,0,1,2,1,2,0,0,429.4720557935401,412.10995682222017,0,1,1,-17.362098971319938,45.0,50.0,2,2 | 5
521,2012,2012-04-27,GB,2,pick_only,PHI,2012 R2 #59 (Vinny Curry) | 2012 R4 #123 (Brandon Boykin),2012 R2 #51 (Jerel Worthy),0,0,2,1,2,1,0,0,355.28888603664257,370.9205240505338,0,-1,-1,15.631638013891234,59.0,51.0,2 | 4,2
521,2012,2012-04-27,PHI,2,pick_only,GB,2012 R2 #51 (Jerel Worthy),2012 R2 #59 (Vinny Curry) | 2012 R4 #123 (Brandon Boykin),0,0,1,2,1,2,0,0,370.9205240505338,355.28888603664257,0,1,1,-15.631638013891234,51.0,59.0,2,2 | 4
522,2012,2012-04-27,HOU,2,pick_only,TB,2012 R2 #58 (Lavonte David) | 2012 R7 #233 (Drake Dunsmore),2012 R3 #68 (DeVier Posey) | 2012 R4 #126 (Jared Crick),0,0,2,2,2,2,0,0,315.32926822527975,288.69234377398277,0,0,0,-26.636924451296977,58.0,68.0,2 | 7,3 | 4
522,2012,2012-04-27,TB,2,pick_only,HOU,2012 R3 #68 (DeVier Posey) | 2012 R4 #126 (Jared Crick),2012 R2 #58 (Lavonte David) | 2012 R7 #233 (Drake Dunsmore),0,0,2,2,2,2,0,0,288.69234377398277,315.32926822527975,0,0,0,26.636924451296977,68.0,58.0,3 | 4,2 | 7
523,2012,2012-04-27,GB,2,pick_only,NE,2012 R3 #90 (Jake Bequette) | 2012 R5 #163 (Terrell Manning),2012 R2 #62 (Casey Hayward),0,0,2,1,2,1,0,0,162.1487879903193,283.5187461924169,0,-1,-1,121.36995820209762,90.0,62.0,3 | 5,2
523,2012,2012-04-27,NE,2,pick_only,GB,2012 R2 #62 (Casey Hayward),2012 R3 #90 (Jake Bequette) | 2012 R5 #163 (Terrell Manning),0,0,1,2,1,2,0,0,283.5187461924169,162.1487879903193,0,1,1,-121.36995820209762,62.0,90.0,2,3 | 5
524,2012,2012-04-27,CLE,2,pick_only,DEN,2012 R3 #67 (Ronnie Hillman),2012 R3 #87 (John Hughes) | 2012 R4 #120 (James-Michael Johnson),0,0,1,2,1,2,0,0,249.44014354004796,202.22087534426134,0,1,1,-47.21926819578661,67.0,87.0,3,3 | 4
524,2012,2012-04-27,DEN,2,pick_only,CLE,2012 R3 #87 (John Hughes) | 2012 R4 #120 (James-Michael Johnson),2012 R3 #67 (Ronnie Hillman),0,0,2,1,2,1,0,0,202.22087534426134,249.44014354004796,0,-1,-1,47.21926819578661,87.0,67.0,3 | 4,3
525,2012,2012-04-27,BUF,2,pick_only,WAS,2012 R3 #71 (Josh LeRibeus) | 2012 R7 #217 (Jordan Bernstine),2012 R3 #69 (T.J. Graham),0,0,2,1,2,1,0,0,229.70256069978274,236.61089419518237,0,-1,-1,6.908333495399631,71.0,69.0,3 | 7,3
525,2012,2012-04-27,WAS,2,pick_only,BUF,2012 R3 #69 (T.J. Graham),2012 R3 #71 (Josh LeRibeus) | 2012 R7 #217 (Jordan Bernstine),0,0,1,2,1,2,0,0,236.61089419518237,229.70256069978274,0,1,1,-6.908333495399631,69.0,71.0,3,3 | 7
526,2012,2012-04-27,MIA,2,pick_only,SD,2012 R3 #73 (Brandon Taylor),2012 R3 #78 (Michael Egnew) | 2012 R6 #183 (B.J. Cunningham),0,0,1,2,1,2,0,0,212.89796732125947,203.5837534849855,0,1,1,-9.314213836273979,73.0,78.0,3,3 | 6
526,2012,2012-04-27,SD,2,pick_only,MIA,2012 R3 #78 (Michael Egnew) | 2012 R6 #183 (B.J. Cunningham),2012 R3 #73 (Brandon Taylor),0,0,2,1,2,1,0,0,203.5837534849855,212.89796732125947,0,-1,-1,9.314213836273979,78.0,73.0,3 | 6,3
527,2012,2012-04-27,ATL,2,pick_only,BAL,2012 R3 #84 (Bernard Pierce),2012 R3 #91 (Lamar Holmes) | 2012 R5 #164 (Jonathan Massaquoi),0,0,1,2,1,2,0,0,159.2383448574925,158.0453352885919,0,1,1,-1.1930095689006066,84.0,91.0,3,3 | 5
527,2012,2012-04-27,BAL,2,pick_only,ATL,2012 R3 #91 (Lamar Holmes) | 2012 R5 #164 (Jonathan Massaquoi),2012 R3 #84 (Bernard Pierce),0,0,2,1,2,1,0,0,158.0453352885919,159.2383448574925,0,-1,-1,1.1930095689006066,91.0,84.0,3 | 5,3
528,2012,2012-04-27,IND,2,pick_only,SF,2012 R4 #97 (Lamar Miller) | 2013 R5 #157 (Quinton Dial),2012 R3 #92 (T.Y. Hilton),0,0,2,1,2,1,0,0,141.6068609558357,128.9202713956601,0,-1,-1,-12.686589560175605,97.0,92.0,4 | 5,3
528,2012,2012-04-27,SF,2,pick_only,IND,2012 R3 #92 (T.Y. Hilton),2012 R4 #97 (Lamar Miller) | 2013 R5 #157 (Quinton Dial),0,0,1,2,1,2,0,0,128.9202713956601,141.6068609558357,0,1,1,12.686589560175605,92.0,97.0,3,4 | 5
529,2012,2012-04-28,MIA,2,pick_only,SF,2012 R4 #103 (Frank Alexander) | 2012 R6 #196 (Jonte Green) | 2013 R6 #180 (Nick Moody),2012 R4 #97 (Lamar Miller),0,0,3,1,3,1,0,0,123.49036275095588,112.45779562405593,0,-2,-2,-11.032567126899949,103.0,97.0,4 | 6,4
529,2012,2012-04-28,SF,2,pick_only,MIA,2012 R4 #97 (Lamar Miller),2012 R4 #103 (Frank Alexander) | 2012 R6 #196 (Jonte Green) | 2013 R6 #180 (Nick Moody),0,0,1,3,1,3,0,0,112.45779562405593,123.49036275095588,0,2,2,11.032567126899949,97.0,103.0,4,4 | 6
530,2012,2012-04-28,CAR,2,pick_only,SF,2012 R6 #180 (Trent Robinson) | 2013 R3 #74 (Terrance Williams),2012 R4 #103 (Frank Alexander),0,0,2,1,2,1,0,0,225.50655099416494,93.36390945076992,0,-1,-1,-132.14264154339503,74.0,103.0,3 | 6,4
530,2012,2012-04-28,SF,2,pick_only,CAR,2012 R4 #103 (Frank Alexander),2012 R6 #180 (Trent Robinson) | 2013 R3 #74 (Terrance Williams),0,0,1,2,1,2,0,0,93.36390945076992,225.50655099416494,0,1,1,132.14264154339503,103.0,74.0,4,3 | 6
531,2012,2012-04-28,PIT,2,pick_only,WAS,2012 R4 #119 (Keenan Robinson) | 2012 R6 #193 (Tom Compton),2012 R4 #109 (Alameda Ta'amu),0,0,2,1,2,1,0,0,70.30645770321759,77.5119193788194,0,-1,-1,7.205461675601811,119.0,109.0,4 | 6,4
531,2012,2012-04-28,WAS,2,pick_only,PIT,2012 R4 #109 (Alameda Ta'amu),2012 R4 #119 (Keenan Robinson) | 2012 R6 #193 (Tom Compton),0,0,1,2,1,2,0,0,77.5119193788194,70.30645770321759,0,1,1,-7.205461675601811,109.0,119.0,4,4 | 6
532,2012,2012-04-28,DET,2,pick_only,SF,2012 R4 #117 (Joe Looney),2012 R4 #125 (Ronnell Lewis) | 2012 R6 #196 (Jonte Green),0,0,1,2,1,2,0,0,60.48129865534639,59.16327993241361,0,1,1,-1.3180187229327842,117.0,125.0,4,4 | 6
532,2012,2012-04-28,SF,2,pick_only,DET,2012 R4 #125 (Ronnell Lewis) | 2012 R6 #196 (Jonte Green),2012 R4 #117 (Joe Looney),0,0,2,1,2,1,0,0,59.16327993241361,60.48129865534639,0,-1,-1,1.3180187229327842,125.0,117.0,4 | 6,4
533,2012,2012-04-28,DET,2,pick_only,MIN,2012 R7 #219 (Trevor Guyton) | 2013 R4 #102 (Josh Boyce),2012 R5 #138 (Tahir Whitehead) | 2012 R7 #223 (Travis Lewis),0,0,2,2,2,2,0,0,101.16955621535807,41.76477506261741,0,0,0,-59.40478115274066,102.0,138.0,4 | 7,5 | 7
533,2012,2012-04-28,MIN,2,pick_only,DET,2012 R5 #138 (Tahir Whitehead) | 2012 R7 #223 (Travis Lewis),2012 R7 #219 (Trevor Guyton) | 2013 R4 #102 (Josh Boyce),0,0,2,2,2,2,0,0,41.76477506261741,101.16955621535807,0,0,0,59.40478115274066,138.0,102.0,5 | 7,4 | 7
534,2012,2012-04-28,MIA,2,pick_only,TEN,2012 R5 #145 (Taylor Thompson),2012 R5 #155 (Josh Kaddu) | 2012 R7 #227 (Rishard Matthews),0,0,1,2,1,2,0,0,34.23663262695757,33.45369279904069,0,1,1,-0.7829398279168842,145.0,155.0,5,5 | 7
534,2012,2012-04-28,TEN,2,pick_only,MIA,2012 R5 #155 (Josh Kaddu) | 2012 R7 #227 (Rishard Matthews),2012 R5 #145 (Taylor Thompson),0,0,2,1,2,1,0,0,33.45369279904069,34.23663262695757,0,-1,-1,0.7829398279168842,155.0,145.0,5 | 7,5
535,2012,2012-04-28,DET,2,pick_only,OAK,2012 R5 #158 (Jack Crawford) | 2012 R7 #230 (Nathan Stupar),2012 R5 #148 (Chris Greenwood),0,0,2,1,2,1,0,0,31.84531905352675,32.88701379078764,0,-1,-1,1.0416947372608902,158.0,148.0,5 | 7,5
535,2012,2012-04-28,OAK,2,pick_only,DET,2012 R5 #148 (Chris Greenwood),2012 R5 #158 (Jack Crawford) | 2012 R7 #230 (Nathan Stupar),0,0,1,2,1,2,0,0,32.88701379078764,31.84531905352675,0,1,1,-1.0416947372608902,148.0,158.0,5,5 | 7
536,2012,2012-04-28,MIN,2,pick_only,TEN,2012 R5 #163 (Terrell Manning) | 2012 R7 #211 (Scott Solomon) | 2012 R7 #224 (Alfonzo Dennard),2013 R6 #176 (David Quessenberry),0,0,3,1,3,1,0,0,36.89242100002268,19.798989873223327,0,-2,-2,-17.093431126799352,163.0,176.0,5 | 7,6
536,2012,2012-04-28,TEN,2,pick_only,MIN,2013 R6 #176 (David Quessenberry),2012 R5 #163 (Terrell Manning) | 2012 R7 #211 (Scott Solomon) | 2012 R7 #224 (Alfonzo Dennard),0,0,1,3,1,3,0,0,19.798989873223327,36.89242100002268,0,2,2,17.093431126799352,176.0,163.0,6,5 | 7
610,2012,2012-04-28,GB,2,pick_only,NE,2012 R6 #197 (Nate Ebner) | 2012 R7 #224 (Alfonzo Dennard) | 2012 R7 #235 (Jeremy Ebert),2012 R5 #163 (Terrell Manning),0,0,3,1,3,1,0,0,17.994830917230473,26.238346877544192,0,-2,-2,8.243515960313719,197.0,163.0,6 | 7,5
610,2012,2012-04-28,NE,2,pick_only,GB,2012 R5 #163 (Terrell Manning),2012 R6 #197 (Nate Ebner) | 2012 R7 #224 (Alfonzo Dennard) | 2012 R7 #235 (Jeremy Ebert),0,0,1,3,1,3,0,0,26.238346877544192,17.994830917230473,0,2,2,-8.243515960313719,163.0,197.0,5,6 | 7
537,2012,2012-05-22,SEA,2,player_for_draft_capital_or_mixed,TB,2012,Kellen Winslow,0,1,1,0,0,0,0,0,0.0,0.0,1,-1,0,0.0,,,,
537,2012,2012-05-22,TB,2,player_for_draft_capital_or_mixed,SEA,Kellen Winslow,2012,1,0,0,1,0,0,0,0,0.0,0.0,-1,1,0,0.0,,,,
538,2012,2012-05-23,DEN,2,player_only,IND,Cassius Vaughn,Chris Gronkowski,1,1,0,0,0,0,0,0,0.0,0.0,0,0,0,0.0,,,,
538,2012,2012-05-23,IND,2,player_only,DEN,Chris Gronkowski,Cassius Vaughn,1,1,0,0,0,0,0,0,0.0,0.0,0,0,0,0.0,,,,
539,2012,2012-07-22,IND,2,player_only,PHI,Ollie Ogbu,Dominique Johnson,1,1,0,0,0,0,0,0,0.0,0.0,0,0,0,0.0,,,,
539,2012,2012-07-22,PHI,2,player_only,IND,Dominique Johnson,Ollie Ogbu,1,1,0,0,0,0,0,0,0.0,0.0,0,0,0,0.0,,,,
540,2012,2012-07-24,CAR,2,player_for_draft_capital_or_mixed,OAK,2013 R7 #219 (D.C. Jefferson),Louis Murphy,0,1,1,0,1,0,0,0,4.8648630974661335,0.0,1,-1,-1,-4.8648630974661335,219.0,,7,
540,2012,2012-07-24,OAK,2,player_for_draft_capital_or_mixed,CAR,Louis Murphy,2013 R7 #219 (D.C. Jefferson),1,0,0,1,0,1,0,0,0.0,4.8648630974661335,-1,1,1,4.8648630974661335,,219.0,,7
541,2012,2012-07-24,CAR,2,player_for_draft_capital_or_mixed,NYJ,Jeff Otah,2012,1,0,0,1,0,0,0,0,0.0,0.0,-1,1,0,0.0,,,,
541,2012,2012-07-24,NYJ,2,player_for_draft_capital_or_mixed,CAR,2012,Jeff Otah,0,1,1,0,0,0,0,0,0.0,0.0,1,-1,0,0.0,,,,
542,2012,2012-07-27,CHI,2,player_for_draft_capital_or_mixed,TB,2013 R7 #226 (Michael Buchanan),Brian Price,0,1,1,0,1,0,0,0,3.668016172818685,0.0,1,-1,-1,-3.668016172818685,226.0,,7,
542,2012,2012-07-27,TB,2,player_for_draft_capital_or_mixed,CHI,Brian Price,2013 R7 #226 (Michael Buchanan),1,0,0,1,0,1,0,0,0.0,3.668016172818685,-1,1,1,3.668016172818685,,226.0,,7
543,2012,2012-08-03,IND,2,player_for_draft_capital_or_mixed,PHI,2012 | Kevin Thomas,Greg Lloyd | Moise Fokou,1,2,1,0,0,0,0,0,0.0,0.0,1,-1,0,0.0,,,,
543,2012,2012-08-03,PHI,2,player_for_draft_capital_or_mixed,IND,Greg Lloyd | Moise Fokou,2012 | Kevin Thomas,2,1,0,1,0,0,0,0,0.0,0.0,-1,1,0,0.0,,,,
544,2012,2012-08-21,NO,2,player_for_draft_capital_or_mixed,SEA,2013 R7 #220 (Ryan Seymour),Barrett Ruud,0,1,1,0,1,0,0,0,4.678089182334822,0.0,1,-1,-1,-4.678089182334822,220.0,,7,
544,2012,2012-08-21,SEA,2,player_for_draft_capital_or_mixed,NO,Barrett Ruud,2013 R7 #220 (Ryan Seymour),1,0,0,1,0,1,0,0,0.0,4.678089182334822,-1,1,1,4.678089182334822,,220.0,,7
545,2012,2012-08-22,IND,2,player_for_draft_capital_or_mixed,STL,2014 R7 #241 (C.B. Bryant),Josh Gordy,0,1,1,0,1,0,0,0,1.9152065613971472,0.0,1,-1,-1,-1.9152065613971472,241.0,,7,
545,2012,2012-08-22,STL,2,player_for_draft_capital_or_mixed,IND,Josh Gordy,2014 R7 #241 (C.B. Bryant),1,0,0,1,0,1,0,0,0.0,1.9152065613971472,-1,1,1,1.9152065613971472,,241.0,,7
546,2012,2012-08-27,IND,2,player_for_draft_capital_or_mixed,MIA,2013 R2 #54 (Jamar Taylor),Vontae Davis,0,1,1,0,1,0,0,0,344.7099675133492,0.0,1,-1,-1,-344.7099675133492,54.0,,2,
546,2012,2012-08-27,MIA,2,player_for_draft_capital_or_mixed,IND,Vontae Davis,2013 R2 #54 (Jamar Taylor),1,0,0,1,0,1,0,0,0.0,344.7099675133492,-1,1,1,344.7099675133492,,54.0,,2
547,2012,2012-08-27,BUF,2,player_for_draft_capital_or_mixed,SEA,2013 R7 #214 (Travis Bond),Tarvaris Jackson,0,1,1,0,1,0,0,0,5.916723239271945,0.0,1,-1,-1,-5.916723239271945,214.0,,7,
547,2012,2012-08-27,SEA,2,player_for_draft_capital_or_mixed,BUF,Tarvaris Jackson,2013 R7 #214 (Travis Bond),1,0,0,1,0,1,0,0,0.0,5.916723239271945,-1,1,1,5.916723239271945,,214.0,,7
548,2012,2012-08-27,DET,2,player_for_draft_capital_or_mixed,WAS,conditional 2013,Kevin Barnes,0,1,1,0,0,0,1,0,0.0,0.0,1,-1,0,0.0,,,,
548,2012,2012-08-27,WAS,2,player_for_draft_capital_or_mixed,DET,Kevin Barnes,conditional 2013,1,0,0,1,0,0,0,1,0.0,0.0,-1,1,0,0.0,,,,
549,2012,2012-08-29,NYJ,2,player_only,STL,Wayne Hunter,Jason Smith,1,1,0,0,0,0,0,0,0.0,0.0,0,0,0,0.0,,,,
549,2012,2012-08-29,STL,2,player_only,NYJ,Jason Smith,Wayne Hunter,1,1,0,0,0,0,0,0,0.0,0.0,0,0,0,0.0,,,,
550,2012,2012-08-31,CHI,2,player_only,HOU,Tyler Clutts,Sherrick McManis,1,1,0,0,0,0,0,0,0.0,0.0,0,0,0,0.0,,,,
550,2012,2012-08-31,HOU,2,player_only,CHI,Sherrick McManis,Tyler Clutts,1,1,0,0,0,0,0,0,0.0,0.0,0,0,0,0.0,,,,
551,2012,2012-08-31,CAR,2,player_for_draft_capital_or_mixed,SF,2014 R7 #243 (Kaleb Ramsey),Colin Jones,0,1,1,0,1,0,0,0,1.7562521603732995,0.0,1,-1,-1,-1.7562521603732995,243.0,,7,
551,2012,2012-08-31,SF,2,player_for_draft_capital_or_mixed,CAR,Colin Jones,2014 R7 #243 (Kaleb Ramsey),1,0,0,1,0,1,0,0,0.0,1.7562521603732995,-1,1,1,1.7562521603732995,,243.0,,7
552,2012,2012-08-31,CLE,2,player_for_draft_capital_or_mixed,PHI,2013 R7 #212 (Joe Kruger) | David Sims,2013 R6 #173 (Vinston Painter),1,0,1,1,1,1,0,0,6.398608048607554,21.128301986307918,-1,0,0,14.729693937700365,212.0,173.0,7,6
552,2012,2012-08-31,PHI,2,player_for_draft_capital_or_mixed,CLE,2013 R6 #173 (Vinston Painter),2013 R7 #212 (Joe Kruger) | David Sims,0,1,1,1,1,1,0,0,21.128301986307918,6.398608048607554,1,0,0,-14.729693937700365,173.0,212.0,6,7
553,2012,2012-09-01,ARI,2,player_for_draft_capital_or_mixed,MIN,2013 R7 #213 (Michael Mauti) | A.J. Jefferson,2013 R6 #176 (David Quessenberry),1,0,1,1,1,1,0,0,6.1529499380531965,19.798989873223327,-1,0,0,13.64603993517013,213.0,176.0,7,6
553,2012,2012-09-01,MIN,2,player_for_draft_capital_or_mixed,ARI,2013 R6 #176 (David Quessenberry),2013 R7 #213 (Michael Mauti) | A.J. Jefferson,0,1,1,1,1,1,0,0,19.798989873223327,6.1529499380531965,1,0,0,-13.64603993517013,176.0,213.0,6,7
554,2012,2012-09-01,NE,2,player_for_draft_capital_or_mixed,STL,2015 R7 #249 (Akeem King),Greg Salas,0,1,1,0,1,0,0,0,1.3542555469368927,0.0,1,-1,-1,-1.3542555469368927,249.0,,7,
554,2012,2012-09-01,STL,2,player_for_draft_capital_or_mixed,NE,Greg Salas,2015 R7 #249 (Akeem King),1,0,0,1,0,1,0,0,0.0,1.3542555469368927,-1,1,1,1.3542555469368927,,249.0,,7
555,2012,2012-10-31,DET,2,player_for_draft_capital_or_mixed,JAX,2014 R5 #150 (Aaron Lynch),Mike Thomas,0,1,1,0,1,0,0,0,32.01695598188324,0.0,1,-1,-1,-32.01695598188324,150.0,,5,
555,2012,2012-10-31,JAX,2,player_for_draft_capital_or_mixed,DET,Mike Thomas,2014 R5 #150 (Aaron Lynch),1,0,0,1,0,1,0,0,0.0,32.01695598188324,-1,1,1,32.01695598188324,,150.0,,5
556,2012,2012-11-01,NE,2,player_for_draft_capital_or_mixed,TB,2013 R4 #126 (William Gholston),2013 R7 #226 (Michael Buchanan) | Aqib Talib,0,1,1,1,1,1,0,0,45.75149621806973,3.668016172818685,1,0,0,-42.08348004525105,126.0,226.0,4,7
556,2012,2012-11-01,TB,2,player_for_draft_capital_or_mixed,NE,2013 R7 #226 (Michael Buchanan) | Aqib Talib,2013 R4 #126 (William Gholston),1,0,1,1,1,1,0,0,3.668016172818685,45.75149621806973,-1,0,0,42.08348004525105,226.0,126.0,7,4
557,2013,2013-03-12,KC,2,player_for_draft_capital_or_mixed,SF,2013 R2 #34 (Justin Hunter) | 2014 R2 #56 (Cody Latimer),Alex Smith,0,1,2,0,2,0,0,0,890.141109249002,0.0,1,-2,-2,-890.141109249002,34.0,,2,
557,2013,2013-03-12,SF,2,player_for_draft_capital_or_mixed,KC,Alex Smith,2013 R2 #34 (Justin Hunter) | 2014 R2 #56 (Cody Latimer),1,0,0,2,0,2,0,0,0.0,890.141109249002,-1,2,2,890.141109249002,,34.0,,2
558,2013,2013-03-12,BAL,2,player_for_draft_capital_or_mixed,SF,Anquan Boldin,2013 R6 #199 (Theo Riddick),1,0,0,1,0,1,0,0,0.0,10.644203059030524,-1,1,1,10.644203059030524,,199.0,,6
558,2013,2013-03-12,SF,2,player_for_draft_capital_or_mixed,BAL,2013 R6 #199 (Theo Riddick),Anquan Boldin,0,1,1,0,1,0,0,0,10.644203059030524,0.0,1,-1,-1,-10.644203059030524,199.0,,6,
559,2013,2013-03-12,MIN,2,player_for_draft_capital_or_mixed,SEA,Percy Harvin,2013 R1 #25 (Xavier Rhodes) | 2013 R7 #214 (Travis Bond) | 2014 R3 #96 (Jerick McKinnon),1,0,0,3,0,3,0,0,0.0,841.916723239272,-1,3,3,841.916723239272,,25.0,,1 | 3 | 7
559,2013,2013-03-12,SEA,2,player_for_draft_capital_or_mixed,MIN,2013 R1 #25 (Xavier Rhodes) | 2013 R7 #214 (Travis Bond) | 2014 R3 #96 (Jerick McKinnon),Percy Harvin,0,1,3,0,3,0,0,0,841.916723239272,0.0,1,-3,-3,-841.916723239272,25.0,,1 | 3 | 7,
560,2013,2013-03-16,PHI,2,player_for_draft_capital_or_mixed,TB,2013 R6 #196 (Jeff Baca) | conditional 2014,2013 R7 #218 (Jordan Poyer) | Arrelious Benn,0,1,2,1,1,1,1,0,11.970699535071823,5.059094009250097,1,-1,0,-6.911605525821726,196.0,218.0,6,7
560,2013,2013-03-16,TB,2,player_for_draft_capital_or_mixed,PHI,2013 R7 #218 (Jordan Poyer) | Arrelious Benn,2013 R6 #196 (Jeff Baca) | conditional 2014,1,0,1,2,1,1,0,1,5.059094009250097,11.970699535071823,-1,1,0,6.911605525821726,218.0,196.0,7,6
561,2013,2013-03-28,IND,2,player_only,PHI,Clifton Geathers,Stanley Havili,1,1,0,0,0,0,0,0,0.0,0.0,0,0,0,0.0,,,,
561,2013,2013-03-28,PHI,2,player_only,IND,Stanley Havili,Clifton Geathers,1,1,0,0,0,0,0,0,0.0,0.0,0,0,0,0.0,,,,
562,2013,2013-04-01,OAK,2,player_for_draft_capital_or_mixed,SEA,2014 R5 #146 (Devin Street) | conditional 2015,Matt Flynn,0,1,2,0,1,0,1,0,33.78071533994218,0.0,1,-2,-1,-33.78071533994218,146.0,,5,
562,2013,2013-04-01,SEA,2,player_for_draft_capital_or_mixed,OAK,Matt Flynn,2014 R5 #146 (Devin Street) | conditional 2015,1,0,0,2,0,1,0,1,0.0,33.78071533994218,-1,2,1,33.78071533994218,,146.0,,5
563,2013,2013-04-02,CLE,2,player_for_draft_capital_or_mixed,SF,2013 R6 #173 (Vinston Painter) | Colt McCoy,2013 R5 #164 (Mike Gillislee) | 2013 R7 #227 (Garrett Gilkey),1,0,1,2,1,2,0,0,21.128301986307918,29.188617530477398,-1,1,1,8.06031554416948,173.0,164.0,6,5 | 7
563,2013,2013-04-02,SF,2,player_for_draft_capital_or_mixed,CLE,2013 R5 #164 (Mike Gillislee) | 2013 R7 #227 (Garrett Gilkey),2013 R6 #173 (Vinston Painter) | Colt McCoy,0,1,2,1,2,1,0,0,29.188617530477398,21.128301986307918,1,-1,-1,-8.06031554416948,164.0,173.0,5 | 7,6
564,2013,2013-04-02,ARI,2,player_for_draft_capital_or_mixed,OAK,2013 R6 #176 (David Quessenberry) | 2014 R7 #235 (Shelby Harris),2013 R7 #219 (D.C. Jefferson) | Carson Palmer,0,1,2,1,2,1,0,0,22.282705497370294,4.8648630974661335,1,-1,-1,-17.41784239990416,176.0,219.0,6 | 7,7
564,2013,2013-04-02,OAK,2,player_for_draft_capital_or_mixed,ARI,2013 R7 #219 (D.C. Jefferson) | Carson Palmer,2013 R6 #176 (David Quessenberry) | 2014 R7 #235 (Shelby Harris),1,0,1,2,1,2,0,0,4.8648630974661335,22.282705497370294,-1,1,1,17.41784239990416,219.0,176.0,7,6 | 7
565,2013,2013-04-11,CLE,2,player_only,PHI,Emmanuel Acho,Dion Lewis,1,1,0,0,0,0,0,0,0.0,0.0,0,0,0,0.0,,,,
565,2013,2013-04-11,PHI,2,player_only,CLE,Dion Lewis,Emmanuel Acho,1,1,0,0,0,0,0,0,0.0,0.0,0,0,0,0.0,,,,
566,2013,2013-04-22,NYJ,2,player_for_draft_capital_or_mixed,TB,Darrelle Revis,2013 R1 #13 (Sheldon Richardson) | 2014 R4 #104 (Jalen Saunders),1,0,0,2,0,2,0,0,0.0,1240.5129262730823,-1,2,2,1240.5129262730823,,13.0,,1 | 4
566,2013,2013-04-22,TB,2,player_for_draft_capital_or_mixed,NYJ,2013 R1 #13 (Sheldon Richardson) | 2014 R4 #104 (Jalen Saunders),Darrelle Revis,0,1,2,0,2,0,0,0,1240.5129262730823,0.0,1,-2,-2,-1240.5129262730823,13.0,,1 | 4,
567,2013,2013-04-25,MIA,2,pick_only,OAK,2013 R1 #12 (D.J. Hayden) | 2013 R2 #42 (Menelik Watson),2013 R1 #3 (Dion Jordan),0,0,2,1,2,1,0,0,1662.127629059148,2200.0,0,-1,-1,537.8723709408521,12.0,3.0,1 | 2,1
567,2013,2013-04-25,OAK,2,pick_only,MIA,2013 R1 #3 (Dion Jordan),2013 R1 #12 (D.J. Hayden) | 2013 R2 #42 (Menelik Watson),0,0,1,2,1,2,0,0,2200.0,1662.127629059148,0,1,1,-537.8723709408521,3.0,12.0,1,1 | 2
568,2013,2013-04-25,BUF,2,pick_only,STL,2013 R1 #8 (Tavon Austin) | 2013 R3 #71 (T.J. McDonald),2013 R1 #16 (EJ Manuel) | 2013 R2 #46 (Kiko Alonso) | 2013 R3 #78 (Marquise Goodwin) | 2013 R7 #222 (Chris Gragg),0,0,2,4,2,4,0,0,1624.4414810595847,1610.004022841609,0,2,2,-14.437458217975745,8.0,16.0,1 | 3,1 | 2 | 3 | 7
568,2013,2013-04-25,STL,2,pick_only,BUF,2013 R1 #16 (EJ Manuel) | 2013 R2 #46 (Kiko Alonso) | 2013 R3 #78 (Marquise Goodwin) | 2013 R7 #222 (Chris Gragg),2013 R1 #8 (Tavon Austin) | 2013 R3 #71 (T.J. McDonald),0,0,4,2,4,2,0,0,1610.004022841609,1624.4414810595847,0,-2,-2,14.437458217975745,16.0,8.0,1 | 2 | 3 | 7,1 | 3
569,2013,2013-04-25,DAL,2,pick_only,SF,2013 R1 #18 (Eric Reid),2013 R1 #31 (Travis Frederick) | 2013 R3 #74 (Terrance Williams),0,0,1,2,1,2,0,0,900.0,807.3507972290508,0,1,1,-92.64920277094916,18.0,31.0,1,1 | 3
569,2013,2013-04-25,SF,2,pick_only,DAL,2013 R1 #31 (Travis Frederick) | 2013 R3 #74 (Terrance Williams),2013 R1 #18 (Eric Reid),0,0,2,1,2,1,0,0,807.3507972290508,900.0,0,-1,-1,92.64920277094916,31.0,18.0,1 | 3,1
570,2013,2013-04-25,ATL,2,pick_only,STL,2013 R1 #30 (Alec Ogletree) | 2013 R3 #92 (Stedman Bailey) | 2013 R6 #198 (Chris Jones),2013 R1 #22 (Desmond Trufant) | 2015 R7 #249 (Akeem King),0,0,3,2,3,2,0,0,759.9894470025196,781.3542555469369,0,-1,-1,21.364808544417315,30.0,22.0,1 | 3 | 6,1 | 7
570,2013,2013-04-25,STL,2,pick_only,ATL,2013 R1 #22 (Desmond Trufant) | 2015 R7 #249 (Akeem King),2013 R1 #30 (Alec Ogletree) | 2013 R3 #92 (Stedman Bailey) | 2013 R6 #198 (Chris Jones),0,0,2,3,2,3,0,0,781.3542555469369,759.9894470025196,0,1,1,-21.364808544417315,22.0,30.0,1 | 7,1 | 3 | 6
571,2013,2013-04-25,MIN,2,pick_only,NE,2013 R2 #52 (Jamie Collins) | 2013 R3 #83 (Logan Ryan) | 2013 R4 #102 (Josh Boyce) | 2013 R7 #229 (Everett Dawkins),2013 R1 #29 (Cordarrelle Patterson),0,0,4,1,4,1,0,0,624.9934554185352,640.0,0,-3,-3,15.006544581464823,52.0,29.0,2 | 3 | 4 | 7,1
571,2013,2013-04-25,NE,2,pick_only,MIN,2013 R1 #29 (Cordarrelle Patterson),2013 R2 #52 (Jamie Collins) | 2013 R3 #83 (Logan Ryan) | 2013 R4 #102 (Josh Boyce) | 2013 R7 #229 (Everett Dawkins),0,0,1,4,1,4,0,0,640.0,624.9934554185352,0,3,3,-15.006544581464823,29.0,52.0,1,2 | 3 | 4 | 7
572,2013,2013-04-26,SF,2,pick_only,TEN,2013 R2 #34 (Justin Hunter),2013 R2 #40 (Tank Carradine) | 2013 R7 #216 (Charles Johnson) | 2014 R3 #77 (Chris Borland),0,0,1,3,1,3,0,0,561.8676088948529,682.2987540279205,0,2,2,120.43114513306762,34.0,40.0,2,2 | 3 | 7
572,2013,2013-04-26,TEN,2,pick_only,SF,2013 R2 #40 (Tank Carradine) | 2013 R7 #216 (Charles Johnson) | 2014 R3 #77 (Chris Borland),2013 R2 #34 (Justin Hunter),0,0,3,1,3,1,0,0,682.2987540279205,561.8676088948529,0,-2,-2,-120.43114513306762,40.0,34.0,2 | 3 | 7,2
573,2013,2013-04-26,ARI,2,pick_only,SD,2013 R2 #38 (Manti Te'o),2013 R2 #45 (Kevin Minter) | 2013 R4 #110 (Ryan Nassib),0,0,1,2,1,2,0,0,509.56309319230627,504.6170522412261,0,1,1,-4.946040951080192,38.0,45.0,2,2 | 4
573,2013,2013-04-26,SD,2,pick_only,ARI,2013 R2 #45 (Kevin Minter) | 2013 R4 #110 (Ryan Nassib),2013 R2 #38 (Manti Te'o),0,0,2,1,2,1,0,0,504.6170522412261,509.56309319230627,0,-1,-1,4.946040951080192,45.0,38.0,2 | 4,2
574,2013,2013-04-26,GB,2,pick_only,SF,2013 R2 #55 (Vance McDonald),2013 R2 #61 (Eddie Lacy) | 2013 R6 #173 (Vinston Painter),0,0,1,2,1,2,0,0,336.3913608322486,311.65817037418935,0,1,1,-24.733190458059255,55.0,61.0,2,2 | 6
574,2013,2013-04-26,SF,2,pick_only,GB,2013 R2 #61 (Eddie Lacy) | 2013 R6 #173 (Vinston Painter),2013 R2 #55 (Vance McDonald),0,0,2,1,2,1,0,0,311.65817037418935,336.3913608322486,0,-1,-1,24.733190458059255,61.0,55.0,2 | 6,2
575,2013,2013-04-26,BAL,2,pick_only,SEA,2013 R2 #62 (Christine Michael) | 2013 R5 #165 (Sam Martin) | 2013 R6 #199 (Theo Riddick),2013 R2 #56 (Arthur Brown),0,0,3,1,3,1,0,0,319.288876301491,328.2735003541492,0,-2,-2,8.984624052658205,62.0,56.0,2 | 5 | 6,2
575,2013,2013-04-26,SEA,2,pick_only,BAL,2013 R2 #56 (Arthur Brown),2013 R2 #62 (Christine Michael) | 2013 R5 #165 (Sam Martin) | 2013 R6 #199 (Theo Riddick),0,0,1,3,1,3,0,0,328.2735003541492,319.288876301491,0,2,2,-8.984624052658205,56.0,62.0,2,2 | 5 | 6
576,2013,2013-04-26,CLE,2,player_for_draft_capital_or_mixed,MIA,2013 R4 #104 (Jelani Jenkins) | 2013 R5 #164 (Mike Gillislee),2013 R4 #111 (Shamarko Thomas) | 2013 R7 #217 (Armonty Bryant) | Davone Bess,0,1,2,2,2,2,0,0,116.18903948281312,78.11143009437295,1,0,0,-38.077609388440166,104.0,111.0,4 | 5,4 | 7
576,2013,2013-04-26,MIA,2,player_for_draft_capital_or_mixed,CLE,2013 R4 #111 (Shamarko Thomas) | 2013 R7 #217 (Armonty Bryant) | Davone Bess,2013 R4 #104 (Jelani Jenkins) | 2013 R5 #164 (Mike Gillislee),1,0,2,2,2,2,0,0,78.11143009437295,116.18903948281312,-1,0,0,38.077609388440166,111.0,104.0,4 | 7,4 | 5
577,2013,2013-04-26,NO,2,player_for_draft_capital_or_mixed,NYJ,Chris Ivory,2013 R4 #106 (Dion Sims),1,0,0,1,0,1,0,0,0.0,85.06947644272576,-1,1,1,85.06947644272576,,106.0,,4
577,2013,2013-04-26,NYJ,2,player_for_draft_capital_or_mixed,NO,2013 R4 #106 (Dion Sims),Chris Ivory,0,1,1,0,1,0,0,0,85.06947644272576,0.0,1,-1,-1,-85.06947644272576,106.0,,4,
578,2013,2013-04-26,MIA,2,pick_only,NO,2013 R3 #82 (John Jenkins),2013 R4 #106 (Dion Sims) | 2013 R4 #109 (David Bakhtiari),0,0,1,2,1,2,0,0,167.8723869982371,162.58139582154516,0,1,1,-5.290991176691932,82.0,106.0,3,4
578,2013,2013-04-26,NO,2,pick_only,MIA,2013 R4 #106 (Dion Sims) | 2013 R4 #109 (David Bakhtiari),2013 R3 #82 (John Jenkins),0,0,2,1,2,1,0,0,162.58139582154516,167.8723869982371,0,-1,-1,5.290991176691932,106.0,82.0,4,3
579,2013,2013-04-26,GB,2,pick_only,SF,2013 R3 #88 (Corey Lemonier),2013 R3 #93 (Will Davis) | 2013 R7 #216 (Charles Johnson),0,0,1,2,1,2,0,0,143.2796239373333,131.03231456155055,0,1,1,-12.247309375782748,88.0,93.0,3,3 | 7
579,2013,2013-04-26,SF,2,pick_only,GB,2013 R3 #93 (Will Davis) | 2013 R7 #216 (Charles Johnson),2013 R3 #88 (Corey Lemonier),0,0,2,1,2,1,0,0,131.03231456155055,143.2796239373333,0,-1,-1,12.247309375782748,93.0,88.0,3 | 7,3
580,2013,2013-04-26,GB,2,pick_only,MIA,2013 R3 #93 (Will Davis),2013 R4 #109 (David Bakhtiari) | 2013 R5 #146 (Quanterus Smith) | 2013 R7 #224 (Kevin Dorsey),0,0,1,3,1,3,0,0,125.56118496208103,115.29263471876158,0,2,2,-10.268550243319453,93.0,109.0,3,4 | 5 | 7
580,2013,2013-04-26,MIA,2,pick_only,GB,2013 R4 #109 (David Bakhtiari) | 2013 R5 #146 (Quanterus Smith) | 2013 R7 #224 (Kevin Dorsey),2013 R3 #93 (Will Davis),0,0,3,1,3,1,0,0,115.29263471876158,125.56118496208103,0,-2,-2,10.268550243319453,109.0,93.0,4 | 5 | 7,3
581,2013,2013-04-27,JAX,2,pick_only,PHI,2013 R4 #98 (Matt Barkley),2013 R4 #101 (Ace Sanders) | 2013 R7 #210 (Demetrius McCray),0,0,1,2,1,2,0,0,109.02375686743048,106.25784556236187,0,1,1,-2.765911305068613,98.0,101.0,4,4 | 7
581,2013,2013-04-27,PHI,2,pick_only,JAX,2013 R4 #101 (Ace Sanders) | 2013 R7 #210 (Demetrius McCray),2013 R4 #98 (Matt Barkley),0,0,2,1,2,1,0,0,106.25784556236187,109.02375686743048,0,-1,-1,2.765911305068613,101.0,98.0,4 | 7,4
582,2013,2013-04-27,OAK,2,pick_only,TB,2013 R4 #100 (Akeem Spence),2013 R4 #112 (Tyler Wilson) | 2013 R6 #181 (Latavius Murray),0,0,1,2,1,2,0,0,102.46706518524651,88.39248773272257,0,1,1,-14.07457745252394,100.0,112.0,4,4 | 6
582,2013,2013-04-27,TB,2,pick_only,OAK,2013 R4 #112 (Tyler Wilson) | 2013 R6 #181 (Latavius Murray),2013 R4 #100 (Akeem Spence),0,0,2,1,2,1,0,0,88.39248773272257,102.46706518524651,0,-1,-1,14.07457745252394,112.0,100.0,4 | 6,4
583,2013,2013-04-27,ARI,2,pick_only,NYG,2013 R4 #110 (Ryan Nassib),2013 R4 #116 (Earl Watford) | 2013 R6 #187 (Andre Ellington),0,0,1,2,1,2,0,0,75.14499644768598,77.98775769151042,0,1,1,2.842761243824441,110.0,116.0,4,4 | 6
583,2013,2013-04-27,NYG,2,pick_only,ARI,2013 R4 #116 (Earl Watford) | 2013 R6 #187 (Andre Ellington),2013 R4 #110 (Ryan Nassib),0,0,2,1,2,1,0,0,77.98775769151042,75.14499644768598,0,-1,-1,-2.842761243824441,116.0,110.0,4 | 6,4
584,2013,2013-04-27,CLE,2,pick_only,PIT,2013 R4 #111 (Shamarko Thomas),2014 R3 #83 (Louis Nix),0,0,1,1,1,1,0,0,72.85035045417483,163.49838241669462,0,0,0,90.6480319625198,111.0,83.0,4,3
584,2013,2013-04-27,PIT,2,pick_only,CLE,2014 R3 #83 (Louis Nix),2013 R4 #111 (Shamarko Thomas),0,0,1,1,1,1,0,0,163.49838241669462,72.85035045417483,0,0,0,-90.6480319625198,83.0,111.0,3,4
585,2013,2013-04-27,DEN,2,pick_only,GB,2013 R4 #125 (Johnathan Franklin),2013 R5 #146 (Quanterus Smith) | 2013 R6 #173 (Vinston Painter),0,0,1,2,1,2,0,0,47.192580397341786,54.909017326250094,0,1,1,7.716436928908308,125.0,146.0,4,5 | 6
585,2013,2013-04-27,GB,2,pick_only,DEN,2013 R5 #146 (Quanterus Smith) | 2013 R6 #173 (Vinston Painter),2013 R4 #125 (Johnathan Franklin),0,0,2,1,2,1,0,0,54.909017326250094,47.192580397341786,0,-1,-1,-7.716436928908308,146.0,125.0,5 | 6,4
586,2013,2013-04-27,DET,2,pick_only,SEA,2013 R5 #137 (Jesse Williams),2013 R5 #165 (Sam Martin) | 2013 R6 #199 (Theo Riddick),0,0,1,2,1,2,0,0,38.1126063083793,35.770130109074024,0,1,1,-2.342476199305274,137.0,165.0,5,5 | 6
586,2013,2013-04-27,SEA,2,pick_only,DET,2013 R5 #165 (Sam Martin) | 2013 R6 #199 (Theo Riddick),2013 R5 #137 (Jesse Williams),0,0,2,1,2,1,0,0,35.770130109074024,38.1126063083793,0,-1,-1,2.342476199305274,165.0,137.0,5 | 6,5
587,2013,2013-04-27,CLE,2,pick_only,IND,2013 R5 #139 (Montori Hughes),2014 R4 #127 (Pierre Desir),0,0,1,1,1,1,0,0,37.10430038716509,44.35441733781426,0,0,0,7.250116950649172,139.0,127.0,5,4
587,2013,2013-04-27,IND,2,pick_only,CLE,2014 R4 #127 (Pierre Desir),2013 R5 #139 (Montori Hughes),0,0,1,1,1,1,0,0,44.35441733781426,37.10430038716509,0,0,0,-7.250116950649172,127.0,139.0,4,5
588,2013,2013-04-27,ATL,2,pick_only,CHI,2013 R5 #163 (Jordan Mills) | 2013 R7 #236 (Marquess Wilson),2013 R5 #153 (Stansly Maponga),0,0,2,1,2,1,0,0,28.616761107549635,30.754837497837325,0,-1,-1,2.13807639028769,163.0,153.0,5 | 7,5
588,2013,2013-04-27,CHI,2,pick_only,ATL,2013 R5 #153 (Stansly Maponga),2013 R5 #163 (Jordan Mills) | 2013 R7 #236 (Marquess Wilson),0,0,1,2,1,2,0,0,30.754837497837325,28.616761107549635,0,1,1,-2.13807639028769,153.0,163.0,5,5 | 7
589,2013,2013-04-27,HOU,2,pick_only,STL,2013 R5 #160 (Zac Stacy),2013 R6 #184 (Mychal Rivera) | 2013 R6 #198 (Chris Jones),0,0,1,2,1,2,0,0,28.0,27.718075216897553,0,1,1,-0.28192478310244695,160.0,184.0,5,6
589,2013,2013-04-27,STL,2,pick_only,HOU,2013 R6 #184 (Mychal Rivera) | 2013 R6 #198 (Chris Jones),2013 R5 #160 (Zac Stacy),0,0,2,1,2,1,0,0,27.718075216897553,28.0,0,-1,-1,0.28192478310244695,184.0,160.0,6,5
590,2013,2013-04-27,HOU,2,pick_only,OAK,2013 R6 #184 (Mychal Rivera) | 2013 R7 #233 (David Bass),2013 R6 #176 (David Quessenberry),0,0,2,1,2,1,0,0,19.357410703911878,19.798989873223327,0,-1,-1,0.44157916931144925,184.0,176.0,6 | 7,6
590,2013,2013-04-27,OAK,2,pick_only,HOU,2013 R6 #176 (David Quessenberry),2013 R6 #184 (Mychal Rivera) | 2013 R7 #233 (David Bass),0,0,1,2,1,2,0,0,19.798989873223327,19.357410703911878,0,1,1,-0.44157916931144925,176.0,184.0,6,6 | 7
591,2013,2013-04-27,NE,2,player_for_draft_capital_or_mixed,TB,2013 R7 #229 (Everett Dawkins) | Jeff Demps,LeGarrette Blount,1,1,1,0,1,0,0,0,3.2209806638985086,0.0,0,-1,-1,-3.2209806638985086,229.0,,7,
591,2013,2013-04-27,TB,2,player_for_draft_capital_or_mixed,NE,LeGarrette Blount,2013 R7 #229 (Everett Dawkins) | Jeff Demps,1,1,0,1,0,1,0,0,0.0,3.2209806638985086,0,1,1,3.2209806638985086,,229.0,,7
592,2013,2013-04-27,MIN,2,pick_only,TB,2013 R6 #189 (Mike James),2013 R6 #196 (Jeff Baca) | 2013 R7 #229 (Everett Dawkins),0,0,1,2,1,2,0,0,14.939965609475523,15.191680198970332,0,1,1,0.2517145894948083,189.0,196.0,6,6 | 7
592,2013,2013-04-27,TB,2,pick_only,MIN,2013 R6 #196 (Jeff Baca) | 2013 R7 #229 (Everett Dawkins),2013 R6 #189 (Mike James),0,0,2,1,2,1,0,0,15.191680198970332,14.939965609475523,0,-1,-1,-0.2517145894948083,196.0,189.0,6 | 7,6
593,2013,2013-05-01,ARI,2,player_only,KC,Anthony Sherman,Javier Arenas,1,1,0,0,0,0,0,0,0.0,0.0,0,0,0,0.0,,,,
593,2013,2013-05-01,KC,2,player_only,ARI,Javier Arenas,Anthony Sherman,1,1,0,0,0,0,0,0,0.0,0.0,0,0,0,0.0,,,,
594,2013,2013-05-09,BAL,2,player_for_draft_capital_or_mixed,IND,2014 R7 #232 (Ulrick John),A.Q. Shipley,0,1,1,0,1,0,0,0,2.82842712474619,0.0,1,-1,-1,-2.82842712474619,232.0,,7,
594,2013,2013-05-09,IND,2,player_for_draft_capital_or_mixed,BAL,A.Q. Shipley,2014 R7 #232 (Ulrick John),1,0,0,1,0,1,0,0,0.0,2.82842712474619,-1,1,1,2.82842712474619,,232.0,,7
595,2013,2013-06-09,CHI,2,player_for_draft_capital_or_mixed,TB,Gabe Carimi,2014 R6 #183 (David Fales),1,0,0,1,0,1,0,0,0.0,17.013463039726563,-1,1,1,17.013463039726563,,183.0,,6
595,2013,2013-06-09,TB,2,player_for_draft_capital_or_mixed,CHI,2014 R6 #183 (David Fales),Gabe Carimi,0,1,1,0,1,0,0,0,17.013463039726563,0.0,1,-1,-1,-17.013463039726563,183.0,,6,
596,2013,2013-08-12,HOU,2,player_only,PHI,Jeff Maehl,Nate Menkin,1,1,0,0,0,0,0,0,0.0,0.0,0,0,0,0.0,,,,
596,2013,2013-08-12,PHI,2,player_only,HOU,Nate Menkin,Jeff Maehl,1,1,0,0,0,0,0,0,0.0,0.0,0,0,0,0.0,,,,
597,2013,2013-08-19,KC,2,player_only,SF,Jonathan Baldwin,A.J. Jenkins,1,1,0,0,0,0,0,0,0.0,0.0,0,0,0,0.0,,,,
597,2013,2013-08-19,SF,2,player_only,KC,A.J. Jenkins,Jonathan Baldwin,1,1,0,0,0,0,0,0,0.0,0.0,0,0,0,0.0,,,,
598,2013,2013-08-19,DEN,2,player_only,SEA,Sealver Siliga,John Moffitt,1,1,0,0,0,0,0,0,0.0,0.0,0,0,0,0.0,,,,
598,2013,2013-08-19,SEA,2,player_only,DEN,John Moffitt,Sealver Siliga,1,1,0,0,0,0,0,0,0.0,0.0,0,0,0,0.0,,,,
599,2013,2013-08-21,BAL,2,player_only,IND,David Reed,Delone Carter,1,1,0,0,0,0,0,0,0.0,0.0,0,0,0,0.0,,,,
599,2013,2013-08-21,IND,2,player_only,BAL,Delone Carter,David Reed,1,1,0,0,0,0,0,0,0.0,0.0,0,0,0,0.0,,,,
600,2013,2013-08-23,PHI,2,player_only,PIT,Felix Jones,Adrian Robinson,1,1,0,0,0,0,0,0,0.0,0.0,0,0,0,0.0,,,,
600,2013,2013-08-23,PIT,2,player_only,PHI,Adrian Robinson,Felix Jones,1,1,0,0,0,0,0,0,0.0,0.0,0,0,0,0.0,,,,
601,2013,2013-08-26,NO,2,player_for_draft_capital_or_mixed,SF,2014 R7 #242 (Corey Nelson),Parys Haralson,0,1,1,0,1,0,0,0,1.8340080864093424,0.0,1,-1,-1,-1.8340080864093424,242.0,,7,
601,2013,2013-08-26,SF,2,player_for_draft_capital_or_mixed,NO,Parys Haralson,2014 R7 #242 (Corey Nelson),1,0,0,1,0,1,0,0,0.0,1.8340080864093424,-1,1,1,1.8340080864093424,,242.0,,7
609,2013,2013-08-31,DAL,2,player_for_draft_capital_or_mixed,KC,2014 R6 #193 (Zach Fulton),Edgar Jones,0,1,1,0,1,0,0,0,13.46250598229572,0.0,1,-1,-1,-13.46250598229572,193.0,,6,
609,2013,2013-08-31,KC,2,player_for_draft_capital_or_mixed,DAL,Edgar Jones,2014 R6 #193 (Zach Fulton),1,0,0,1,0,1,0,0,0.0,13.46250598229572,-1,1,1,13.46250598229572,,193.0,,6
602,2013,2013-09-03,DAL,2,player_for_draft_capital_or_mixed,IND,2015 R7 #244 (Trent Brown),Caesar Rayford,0,1,1,0,1,0,0,0,1.681792830507429,0.0,1,-1,-1,-1.681792830507429,244.0,,7,
602,2013,2013-09-03,IND,2,player_for_draft_capital_or_mixed,DAL,Caesar Rayford,2015 R7 #244 (Trent Brown),1,0,0,1,0,1,0,0,0.0,1.681792830507429,-1,1,1,1.681792830507429,,244.0,,7
603,2013,2013-09-18,CLE,2,player_for_draft_capital_or_mixed,IND,Trent Richardson,2014 R1 #26 (Marcus Smith),1,0,0,1,0,1,0,0,0.0,700.0,-1,1,1,700.0,,26.0,,1
603,2013,2013-09-18,IND,2,player_for_draft_capital_or_mixed,CLE,2014 R1 #26 (Marcus Smith),Trent Richardson,0,1,1,0,1,0,0,0,700.0,0.0,1,-1,-1,-700.0,26.0,,1,
604,2013,2013-10-01,BAL,2,player_for_draft_capital_or_mixed,JAX,2014 R4 #114 (Aaron Colvin) | 2014 R5 #159 (Chris Smith),Eugene Monroe,0,1,2,0,2,0,0,0,94.75623692693723,0.0,1,-2,-2,-94.75623692693723,114.0,,4 | 5,
604,2013,2013-10-01,JAX,2,player_for_draft_capital_or_mixed,BAL,Eugene Monroe,2014 R4 #114 (Aaron Colvin) | 2014 R5 #159 (Chris Smith),1,0,0,2,0,2,0,0,0.0,94.75623692693723,-1,2,2,94.75623692693723,,114.0,,4 | 5
605,2013,2013-10-02,ARI,2,player_for_draft_capital_or_mixed,PIT,Levi Brown,conditional 2014,1,0,0,1,0,0,0,1,0.0,0.0,-1,1,0,0.0,,,,
605,2013,2013-10-02,PIT,2,player_for_draft_capital_or_mixed,ARI,conditional 2014,Levi Brown,0,1,1,0,0,0,1,0,0.0,0.0,1,-1,0,0.0,,,,
606,2013,2013-10-04,CAR,2,player_for_draft_capital_or_mixed,NYG,Jon Beason,2014 R7 #225 (Jabari Price),1,0,0,1,0,1,0,0,0.0,3.830413122794295,-1,1,1,3.830413122794295,,225.0,,7
606,2013,2013-10-04,NYG,2,player_for_draft_capital_or_mixed,CAR,2014 R7 #225 (Jabari Price),Jon Beason,0,1,1,0,1,0,0,0,3.830413122794295,0.0,1,-1,-1,-3.830413122794295,225.0,,7,
607,2013,2013-10-21,BAL,2,player_for_draft_capital_or_mixed,MIA,Bryant McKinnie,2015 R7 #231 (Joey Iosefa),1,0,0,1,0,1,0,0,0.0,2.9536522918789987,-1,1,1,2.9536522918789987,,231.0,,7
607,2013,2013-10-21,MIA,2,player_for_draft_capital_or_mixed,BAL,2015 R7 #231 (Joey Iosefa),Bryant McKinnie,0,1,1,0,1,0,0,0,2.9536522918789987,0.0,1,-1,-1,-2.9536522918789987,231.0,,7,
608,2013,2013-10-29,NE,2,player_for_draft_capital_or_mixed,PHI,2014 R5 #169 (Ronald Powell),2014 R6 #198 (Zach Moore) | Isaac Sopoaga,0,1,1,1,1,1,0,0,23.040576694155504,11.069175606859458,1,0,0,-11.971401087296046,169.0,198.0,5,6
608,2013,2013-10-29,PHI,2,player_for_draft_capital_or_mixed,NE,2014 R6 #198 (Zach Moore) | Isaac Sopoaga,2014 R5 #169 (Ronald Powell),1,0,1,1,1,1,0,0,11.069175606859458,23.040576694155504,-1,0,0,11.971401087296046,198.0,169.0,6,5
612,2014,2014-03-11,JAX,2,player_for_draft_capital_or_mixed,SF,Blaine Gabbert,2014 R6 #205 (Luke Bowanko),1,0,0,1,0,1,0,0,0.0,8.41589663253425,-1,1,1,8.41589663253425,,205.0,,6
612,2014,2014-03-11,SF,2,player_for_draft_capital_or_mixed,JAX,2014 R6 #205 (Luke Bowanko),Blaine Gabbert,0,1,1,0,1,0,0,0,8.41589663253425,0.0,1,-1,-1,-8.41589663253425,205.0,,6,
613,2014,2014-03-11,MIA,2,player_for_draft_capital_or_mixed,SF,Jonathan Martin,2015 R7 #232 (Edmond Robinson),1,0,0,1,0,1,0,0,0.0,2.82842712474619,-1,1,1,2.82842712474619,,232.0,,7
613,2014,2014-03-11,SF,2,player_for_draft_capital_or_mixed,MIA,2015 R7 #232 (Edmond Robinson),Jonathan Martin,0,1,1,0,1,0,0,0,2.82842712474619,0.0,1,-1,-1,-2.82842712474619,232.0,,7,
614,2014,2014-03-13,NO,2,player_for_draft_capital_or_mixed,PHI,Darren Sproles,2014 R5 #169 (Ronald Powell),1,0,0,1,0,1,0,0,0.0,23.040576694155504,-1,1,1,23.040576694155504,,169.0,,5
614,2014,2014-03-13,PHI,2,player_for_draft_capital_or_mixed,NO,2014 R5 #169 (Ronald Powell),Darren Sproles,0,1,1,0,1,0,0,0,23.040576694155504,0.0,1,-1,-1,-23.040576694155504,169.0,,5,
615,2014,2014-03-21,HOU,2,player_for_draft_capital_or_mixed,OAK,Matt Schaub,2014 R6 #181 (Alfred Blue),1,0,0,1,0,1,0,0,0.0,17.766713400684264,-1,1,1,17.766713400684264,,181.0,,6
615,2014,2014-03-21,OAK,2,player_for_draft_capital_or_mixed,HOU,2014 R6 #181 (Alfred Blue),Matt Schaub,0,1,1,0,1,0,0,0,17.766713400684264,0.0,1,-1,-1,-17.766713400684264,181.0,,6,
616,2014,2014-03-23,BAL,2,player_for_draft_capital_or_mixed,TB,2015 R5 #162 (Kenny Bell),Jeremy Zuttah,0,1,1,0,1,0,0,0,26.812891859560057,0.0,1,-1,-1,-26.812891859560057,162.0,,5,
616,2014,2014-03-23,TB,2,player_for_draft_capital_or_mixed,BAL,Jeremy Zuttah,2015 R5 #162 (Kenny Bell),1,0,0,1,0,1,0,0,0.0,26.812891859560057,-1,1,1,26.812891859560057,,162.0,,5
617,2014,2014-04-04,BUF,2,player_for_draft_capital_or_mixed,TB,2014 R6 #185 (Robert Herron),Mike Williams,0,1,1,0,1,0,0,0,16.29214802288608,0.0,1,-1,-1,-16.29214802288608,185.0,,6,
617,2014,2014-04-04,TB,2,player_for_draft_capital_or_mixed,BUF,Mike Williams,2014 R6 #185 (Robert Herron),1,0,0,1,0,1,0,0,0.0,16.29214802288608,-1,1,1,16.29214802288608,,185.0,,6
618,2014,2014-04-21,OAK,2,player_for_draft_capital_or_mixed,SEA,Terrelle Pryor,2014 R7 #247 (Jonathan Dowling),1,0,0,1,0,1,0,0,0.0,1.4768261459394991,-1,1,1,1.4768261459394991,,247.0,,7
618,2014,2014-04-21,SEA,2,player_for_draft_capital_or_mixed,OAK,2014 R7 #247 (Jonathan Dowling),Terrelle Pryor,0,1,1,0,1,0,0,0,1.4768261459394991,0.0,1,-1,-1,-1.4768261459394991,247.0,,7,
619,2014,2014-05-09,BUF,2,pick_only,CLE,2014 R1 #9 (Anthony Barr) | 2015 R1 #19 (Cameron Erving) | 2015 R4 #115 (Ibraheim Campbell),2014 R1 #4 (Sammy Watkins),0,0,3,1,3,1,0,0,2289.3513931789307,1800.0,0,-2,-2,-489.3513931789307,9.0,4.0,1 | 4,1
619,2014,2014-05-09,CLE,2,pick_only,BUF,2014 R1 #4 (Sammy Watkins),2014 R1 #9 (Anthony Barr) | 2015 R1 #19 (Cameron Erving) | 2015 R4 #115 (Ibraheim Campbell),0,0,1,3,1,3,0,0,1800.0,2289.3513931789307,0,2,2,489.3513931789307,4.0,9.0,1,1 | 4
620,2014,2014-05-09,CLE,2,pick_only,MIN,2014 R1 #9 (Anthony Barr) | 2014 R5 #145 (David Yankey),2014 R1 #8 (Justin Gilbert),0,0,2,1,2,1,0,0,1384.2366326269575,1400.0,0,-1,-1,15.763367373042456,9.0,8.0,1 | 5,1
620,2014,2014-05-09,MIN,2,pick_only,CLE,2014 R1 #8 (Justin Gilbert),2014 R1 #9 (Anthony Barr) | 2014 R5 #145 (David Yankey),0,0,1,2,1,2,0,0,1400.0,1384.2366326269575,0,1,1,-15.763367373042456,8.0,9.0,1,1 | 5
621,2014,2014-05-09,ARI,2,pick_only,NO,2014 R1 #20 (Brandin Cooks),2014 R1 #27 (Deone Bucannon) | 2014 R3 #91 (John Brown),0,0,1,2,1,2,0,0,850.0,812.3692220788611,0,1,1,-37.63077792113893,20.0,27.0,1,1 | 3
621,2014,2014-05-09,NO,2,pick_only,ARI,2014 R1 #27 (Deone Bucannon) | 2014 R3 #91 (John Brown),2014 R1 #20 (Brandin Cooks),0,0,2,1,2,1,0,0,812.3692220788611,850.0,0,-1,-1,37.63077792113893,27.0,20.0,1 | 3,1
622,2014,2014-05-09,CLE,2,pick_only,PHI,2014 R1 #26 (Marcus Smith) | 2014 R3 #83 (Louis Nix),2014 R1 #22 (Johnny Manziel),0,0,2,1,2,1,0,0,863.4983824166947,780.0,0,-1,-1,-83.49838241669465,26.0,22.0,1 | 3,1
622,2014,2014-05-09,PHI,2,pick_only,CLE,2014 R1 #22 (Johnny Manziel),2014 R1 #26 (Marcus Smith) | 2014 R3 #83 (Louis Nix),0,0,1,2,1,2,0,0,780.0,863.4983824166947,0,1,1,83.49838241669465,22.0,26.0,1,1 | 3
623,2014,2014-05-09,MIN,2,pick_only,SEA,2014 R2 #40 (Kyle Van Noy) | 2014 R4 #108 (Cassius Marsh),2014 R1 #32 (Teddy Bridgewater),0,0,2,1,2,1,0,0,565.2194920237367,590.0,0,-1,-1,24.780507976263266,40.0,32.0,2 | 4,1
623,2014,2014-05-09,SEA,2,pick_only,MIN,2014 R1 #32 (Teddy Bridgewater),2014 R2 #40 (Kyle Van Noy) | 2014 R4 #108 (Cassius Marsh),0,0,1,2,1,2,0,0,590.0,565.2194920237367,0,1,1,-24.780507976263266,32.0,40.0,1,2 | 4
624,2014,2014-05-09,DAL,2,pick_only,WAS,2014 R2 #47 (Trent Murphy) | 2014 R3 #78 (Spencer Long),2014 R2 #34 (DeMarcus Lawrence),0,0,2,1,2,1,0,0,595.5642515908066,561.8676088948529,0,-1,-1,-33.696642695953756,47.0,34.0,2 | 3,2
624,2014,2014-05-09,WAS,2,pick_only,DAL,2014 R2 #34 (DeMarcus Lawrence),2014 R2 #47 (Trent Murphy) | 2014 R3 #78 (Spencer Long),0,0,1,2,1,2,0,0,561.8676088948529,595.5642515908066,0,1,1,33.696642695953756,34.0,47.0,2,2 | 3
625,2014,2014-05-09,DET,2,pick_only,SEA,2014 R2 #45 (Paul Richardson) | 2014 R4 #111 (Russell Bodine) | 2014 R7 #227 (Kiero Small),2014 R2 #40 (Kyle Van Noy) | 2014 R5 #146 (Devin Street),0,0,3,2,3,2,0,0,505.8349105684615,519.0468115315123,0,-1,-1,13.211900963050766,45.0,40.0,2 | 4 | 7,2 | 5
625,2014,2014-05-09,SEA,2,pick_only,DET,2014 R2 #40 (Kyle Van Noy) | 2014 R5 #146 (Devin Street),2014 R2 #45 (Paul Richardson) | 2014 R4 #111 (Russell Bodine) | 2014 R7 #227 (Kiero Small),0,0,2,3,2,3,0,0,519.0468115315123,505.8349105684615,0,1,1,-13.211900963050766,40.0,45.0,2 | 5,2 | 4 | 7
626,2014,2014-05-09,PHI,2,pick_only,TEN,2014 R2 #54 (Bishop Sankey) | 2014 R4 #122 (Marqueston Huff),2014 R2 #42 (Jordan Matthews),0,0,2,1,2,1,0,0,396.50391273566476,462.1276290591479,0,-1,-1,65.62371632348317,54.0,42.0,2 | 4,2
626,2014,2014-05-09,TEN,2,pick_only,PHI,2014 R2 #42 (Jordan Matthews),2014 R2 #54 (Bishop Sankey) | 2014 R4 #122 (Marqueston Huff),0,0,1,2,1,2,0,0,462.1276290591479,396.50391273566476,0,1,1,-65.62371632348317,42.0,54.0,2,2 | 4
627,2014,2014-05-09,MIA,2,pick_only,SD,2014 R2 #50 (Jeremiah Attaochu),2014 R2 #57 (Carlos Hyde) | 2014 R4 #125 (Walt Aikens),0,0,1,2,1,2,0,0,380.0930008403369,367.54412203073406,0,1,1,-12.548878809602854,50.0,57.0,2,2 | 4
627,2014,2014-05-09,SD,2,pick_only,MIA,2014 R2 #57 (Carlos Hyde) | 2014 R4 #125 (Walt Aikens),2014 R2 #50 (Jeremiah Attaochu),0,0,2,1,2,1,0,0,367.54412203073406,380.0930008403369,0,-1,-1,12.548878809602854,57.0,50.0,2 | 4,2
628,2014,2014-05-09,DEN,2,pick_only,SF,2014 R2 #63 (Jarvis Landry) | 2014 R5 #171 (Jordan Tripp) | 2015 R4 #126 (Mike Davis),2014 R2 #56 (Cody Latimer) | 2014 R7 #242 (Corey Nelson),0,0,3,2,3,2,0,0,344.49204578455505,330.10750844055855,0,-1,-1,-14.384537343996499,63.0,56.0,2 | 4 | 5,2 | 7
628,2014,2014-05-09,SF,2,pick_only,DEN,2014 R2 #56 (Cody Latimer) | 2014 R7 #242 (Corey Nelson),2014 R2 #63 (Jarvis Landry) | 2014 R5 #171 (Jordan Tripp) | 2015 R4 #126 (Mike Davis),0,0,2,3,2,3,0,0,330.10750844055855,344.49204578455505,0,1,1,14.384537343996499,56.0,63.0,2 | 7,2 | 4 | 5
629,2014,2014-05-09,MIA,2,pick_only,SF,2014 R2 #57 (Carlos Hyde),2014 R2 #63 (Jarvis Landry) | 2014 R5 #171 (Jordan Tripp),0,0,1,2,1,2,0,0,320.3515416333923,298.7405495664853,0,1,1,-21.610992066906988,57.0,63.0,2,2 | 5
629,2014,2014-05-09,SF,2,pick_only,MIA,2014 R2 #63 (Jarvis Landry) | 2014 R5 #171 (Jordan Tripp),2014 R2 #57 (Carlos Hyde),0,0,2,1,2,1,0,0,298.7405495664853,320.3515416333923,0,-1,-1,21.610992066906988,63.0,57.0,2 | 5,2
630,2014,2014-05-09,JAX,2,pick_only,SF,2014 R3 #70 (Marcus Martin) | 2014 R5 #150 (Aaron Lynch),2014 R2 #61 (Allen Robinson),0,0,2,1,2,1,0,0,262.4628271273638,290.52986838788144,0,-1,-1,28.067041260517612,70.0,61.0,3 | 5,2
630,2014,2014-05-09,SF,2,pick_only,JAX,2014 R2 #61 (Allen Robinson),2014 R3 #70 (Marcus Martin) | 2014 R5 #150 (Aaron Lynch),0,0,1,2,1,2,0,0,290.52986838788144,262.4628271273638,0,1,1,-28.067041260517612,61.0,70.0,2,3 | 5
631,2014,2014-05-09,MIA,2,pick_only,OAK,2014 R3 #81 (Gabe Jackson) | 2014 R4 #116 (Keith McGill),2014 R3 #67 (Billy Turner),0,0,2,1,2,1,0,0,234.74975080988574,249.44014354004796,0,-1,-1,14.690392730162216,81.0,67.0,3 | 4,3
631,2014,2014-05-09,OAK,2,pick_only,MIA,2014 R3 #67 (Billy Turner),2014 R3 #81 (Gabe Jackson) | 2014 R4 #116 (Keith McGill),0,0,1,2,1,2,0,0,249.44014354004796,234.74975080988574,0,1,1,-14.690392730162216,67.0,81.0,3,3 | 4
632,2014,2014-05-09,HOU,2,pick_only,PHI,2014 R4 #101 (Jaylen Watkins) | 2014 R5 #141 (Taylor Hart),2014 R3 #83 (Louis Nix),0,0,2,1,2,1,0,0,135.46077599312113,163.49838241669462,0,-1,-1,28.037606423573493,101.0,83.0,4 | 5,3
632,2014,2014-05-09,PHI,2,pick_only,HOU,2014 R3 #83 (Louis Nix),2014 R4 #101 (Jaylen Watkins) | 2014 R5 #141 (Taylor Hart),0,0,1,2,1,2,0,0,163.49838241669462,135.46077599312113,0,1,1,-28.037606423573493,83.0,101.0,3,4 | 5
633,2014,2014-05-09,JAX,2,pick_only,NE,2014 R4 #105 (Bryan Stork) | 2014 R6 #179 (Jon Halapio),2014 R3 #93 (Brandon Linder),0,0,2,1,2,1,0,0,106.30231441935305,125.56118496208103,0,-1,-1,19.258870542727976,105.0,93.0,4 | 6,3
633,2014,2014-05-09,NE,2,pick_only,JAX,2014 R3 #93 (Brandon Linder),2014 R4 #105 (Bryan Stork) | 2014 R6 #179 (Jon Halapio),0,0,1,2,1,2,0,0,125.56118496208103,106.30231441935305,0,1,1,-19.258870542727976,93.0,105.0,3,4 | 6
634,2014,2014-05-09,CLE,2,pick_only,SF,2014 R4 #106 (Bruce Ellington) | 2014 R6 #180 (Kenneth Acker),2014 R3 #94 (Terrance West),0,0,2,1,2,1,0,0,103.2252302078399,122.28962131716897,0,-1,-1,19.064391109329065,106.0,94.0,4 | 6,3
634,2014,2014-05-09,SF,2,pick_only,CLE,2014 R3 #94 (Terrance West),2014 R4 #106 (Bruce Ellington) | 2014 R6 #180 (Kenneth Acker),0,0,1,2,1,2,0,0,122.28962131716897,103.2252302078399,0,1,1,-19.064391109329065,94.0,106.0,3,4 | 6
635,2014,2014-05-09,BUF,2,player_for_draft_capital_or_mixed,SF,Steve Johnson,2015 R4 #113 (Gabe Wright),1,0,0,1,0,1,0,0,0.0,68.46912841054362,-1,1,1,68.46912841054362,,113.0,,4
635,2014,2014-05-09,SF,2,player_for_draft_capital_or_mixed,BUF,2015 R4 #113 (Gabe Wright),Steve Johnson,0,1,1,0,1,0,0,0,68.46912841054362,0.0,1,-1,-1,-68.46912841054362,113.0,,4,
636,2014,2014-05-10,BAL,2,pick_only,CLE,2015 R6 #202 (A.J. Derby),2014 R7 #218 (Michael Campanaro),0,0,1,1,1,1,0,0,9.464698235047209,5.059094009250097,0,0,0,-4.405604225797112,202.0,218.0,6,7
636,2014,2014-05-10,CLE,2,pick_only,BAL,2014 R7 #218 (Michael Campanaro),2015 R6 #202 (A.J. Derby),0,0,1,1,1,1,0,0,5.059094009250097,9.464698235047209,0,0,0,4.405604225797112,218.0,202.0,7,6
637,2014,2014-05-10,TEN,2,pick_only,WAS,2014 R6 #186 (Lache Seastrunk) | 2014 R7 #228 (Zach Hocker),2014 R6 #178 (Zach Mettenberger),0,0,2,1,2,1,0,0,19.306626547608538,18.959577657116494,0,-1,-1,-0.3470488904920437,186.0,178.0,6 | 7,6
637,2014,2014-05-10,WAS,2,pick_only,TEN,2014 R6 #178 (Zach Mettenberger),2014 R6 #186 (Lache Seastrunk) | 2014 R7 #228 (Zach Hocker),0,0,1,2,1,2,0,0,18.959577657116494,19.306626547608538,0,1,1,0.3470488904920437,178.0,186.0,6,6 | 7
638,2014,2014-05-10,ATL,2,pick_only,MIN,2014 R6 #182 (Antone Exum) | 2014 R7 #220 (Shamar Stephen),2014 R5 #168 (Marquis Spruill),0,0,2,1,2,1,0,0,22.0640985513636,23.545099627104005,0,-1,-1,1.481001075740405,182.0,168.0,6 | 7,5
638,2014,2014-05-10,MIN,2,pick_only,ATL,2014 R5 #168 (Marquis Spruill),2014 R6 #182 (Antone Exum) | 2014 R7 #220 (Shamar Stephen),0,0,1,2,1,2,0,0,23.545099627104005,22.0640985513636,0,1,1,-1.481001075740405,168.0,182.0,5,6 | 7
639,2014,2014-05-10,BUF,2,pick_only,TB,2014 R5 #149 (Kevin Pamphile),2014 R7 #221 (Randell Johnson) | 2015 R5 #137 (Grady Jarrett),0,0,1,2,1,2,0,0,32.44906890675348,42.61109228001469,0,1,1,10.162023373261206,149.0,137.0,5,5 | 7
639,2014,2014-05-10,TB,2,pick_only,BUF,2014 R7 #221 (Randell Johnson) | 2015 R5 #137 (Grady Jarrett),2014 R5 #149 (Kevin Pamphile),0,0,2,1,2,1,0,0,42.61109228001469,32.44906890675348,0,-1,-1,-10.162023373261206,137.0,149.0,5 | 7,5
640,2014,2014-05-10,CAR,2,pick_only,MIN,2014 R5 #168 (Marquis Spruill) | 2014 R7 #225 (Jabari Price),2014 R5 #148 (Bene Benwikere),0,0,2,1,2,1,0,0,27.3755127498983,32.88701379078764,0,-1,-1,5.511501040889343,168.0,148.0,5 | 7,5
640,2014,2014-05-10,MIN,2,pick_only,CAR,2014 R5 #148 (Bene Benwikere),2014 R5 #168 (Marquis Spruill) | 2014 R7 #225 (Jabari Price),0,0,1,2,1,2,0,0,32.88701379078764,27.3755127498983,0,1,1,-5.511501040889343,148.0,168.0,5,5 | 7
641,2014,2014-05-10,DAL,2,pick_only,DET,2014 R5 #158 (Caraun Reid) | 2014 R7 #229 (Nate Freese),2014 R5 #146 (Devin Street),0,0,2,1,2,1,0,0,31.98187806660938,33.78071533994218,0,-1,-1,1.798837273332797,158.0,146.0,5 | 7,5
641,2014,2014-05-10,DET,2,pick_only,DAL,2014 R5 #146 (Devin Street),2014 R5 #158 (Caraun Reid) | 2014 R7 #229 (Nate Freese),0,0,1,2,1,2,0,0,33.78071533994218,31.98187806660938,0,1,1,-1.798837273332797,146.0,158.0,5,5 | 7
642,2014,2014-05-10,CHI,2,pick_only,DEN,2014 R5 #156 (Lamin Barrow) | 2015 R5 #143 (MyCole Pruitt),2014 R4 #131 (Brock Vereen) | 2014 R7 #246 (Charles Leno),0,0,2,2,2,2,0,0,64.70948206455324,42.84713728860189,0,0,0,-21.86234477595135,143.0,131.0,5,4 | 7
642,2014,2014-05-10,DEN,2,pick_only,CHI,2014 R4 #131 (Brock Vereen) | 2014 R7 #246 (Charles Leno),2014 R5 #156 (Lamin Barrow) | 2015 R5 #143 (MyCole Pruitt),0,0,2,2,2,2,0,0,42.84713728860189,64.70948206455324,0,0,0,21.86234477595135,131.0,143.0,4 | 7,5
643,2014,2014-05-10,BUF,2,player_for_draft_capital_or_mixed,PHI,2014 R7 #224 (Beau Allen) | 2015 R4 #113 (Gabe Wright),2014 R7 #237 (Seantrel Henderson) | Bryce Brown,0,1,2,1,2,1,0,0,72.46912841054362,2.277577269513383,1,-1,-1,-70.19155114103023,113.0,237.0,4 | 7,7
643,2014,2014-05-10,PHI,2,player_for_draft_capital_or_mixed,BUF,2014 R7 #237 (Seantrel Henderson) | Bryce Brown,2014 R7 #224 (Beau Allen) | 2015 R4 #113 (Gabe Wright),1,0,1,2,1,2,0,0,2.277577269513383,72.46912841054362,-1,1,1,70.19155114103023,237.0,113.0,7,4 | 7
644,2014,2014-05-10,CIN,2,pick_only,SEA,2014 R4 #123 (Kevin Norwood) | 2014 R6 #199 (Garrett Scott),2014 R4 #111 (Russell Bodine),0,0,2,1,2,1,0,0,60.85655570019179,72.85035045417483,0,-1,-1,11.993794753983039,123.0,111.0,4 | 6,4
644,2014,2014-05-10,SEA,2,pick_only,CIN,2014 R4 #111 (Russell Bodine),2014 R4 #123 (Kevin Norwood) | 2014 R6 #199 (Garrett Scott),0,0,1,2,1,2,0,0,72.85035045417483,60.85655570019179,0,1,1,-11.993794753983039,111.0,123.0,4,4 | 6
790,2014,2014-06-19,ATL,2,player_only,HOU,Akeem Dent,T.J. Yates,1,1,0,0,0,0,0,0,0.0,0.0,0,0,0,0.0,,,,
790,2014,2014-06-19,HOU,2,player_only,ATL,T.J. Yates,Akeem Dent,1,1,0,0,0,0,0,0,0.0,0.0,0,0,0,0.0,,,,
791,2014,2014-07-01,BAL,2,player_for_draft_capital_or_mixed,DAL,2015 R7 #243 (Laurence Gibson) | Rolando McClain,2015 R6 #203 (Darius Kilgo),1,0,1,1,1,1,0,0,1.7562521603732995,9.101325472139058,-1,0,0,7.345073311765758,243.0,203.0,7,6
791,2014,2014-07-01,DAL,2,player_for_draft_capital_or_mixed,BAL,2015 R6 #203 (Darius Kilgo),2015 R7 #243 (Laurence Gibson) | Rolando McClain,0,1,1,1,1,1,0,0,9.101325472139058,1.7562521603732995,1,0,0,-7.345073311765758,203.0,243.0,6,7
792,2014,2014-07-01,GB,2,player_for_draft_capital_or_mixed,NE,Jerel Worthy,conditional 2015,1,0,0,1,0,0,0,1,0.0,0.0,-1,1,0,0.0,,,,
792,2014,2014-07-01,NE,2,player_for_draft_capital_or_mixed,GB,conditional 2015,Jerel Worthy,0,1,1,0,0,0,1,0,0.0,0.0,1,-1,0,0.0,,,,
793,2014,2014-08-26,NE,2,player_for_draft_capital_or_mixed,TB,Logan Mankins,2015 R4 #101 (Trey Flowers) | Tim Wright,1,1,0,1,0,1,0,0,0.0,99.33810581723509,0,1,1,99.33810581723509,,101.0,,4
793,2014,2014-08-26,TB,2,player_for_draft_capital_or_mixed,NE,2015 R4 #101 (Trey Flowers) | Tim Wright,Logan Mankins,1,1,1,0,1,0,0,0,99.33810581723509,0.0,0,-1,-1,-99.33810581723509,101.0,,4,
795,2014,2014-08-30,IND,2,player_for_draft_capital_or_mixed,SEA,Marcus Burley,2015 R6 #206 (Aaron Ripkowski),1,0,0,1,0,1,0,0,0.0,8.092789911562482,-1,1,1,8.092789911562482,,206.0,,6
795,2014,2014-08-30,SEA,2,player_for_draft_capital_or_mixed,IND,2015 R6 #206 (Aaron Ripkowski),Marcus Burley,0,1,1,0,1,0,0,0,8.092789911562482,0.0,1,-1,-1,-8.092789911562482,206.0,,6,
794,2014,2014-08-31,HOU,2,player_for_draft_capital_or_mixed,NE,2016 R7 #243 (Kenny Lawler),Ryan Mallett,0,1,1,0,1,0,0,0,1.7562521603732995,0.0,1,-1,-1,-1.7562521603732995,243.0,,7,
794,2014,2014-08-31,NE,2,player_for_draft_capital_or_mixed,HOU,Ryan Mallett,2016 R7 #243 (Kenny Lawler),1,0,0,1,0,1,0,0,0.0,1.7562521603732995,-1,1,1,1.7562521603732995,,243.0,,7
796,2014,2014-10-18,NYJ,2,player_for_draft_capital_or_mixed,SEA,2015 R6 #181 (Kyshoen Jarrett),Percy Havin,0,1,1,0,1,0,0,0,17.766713400684264,0.0,1,-1,-1,-17.766713400684264,181.0,,6,
796,2014,2014-10-18,SEA,2,player_for_draft_capital_or_mixed,NYJ,Percy Havin,2015 R6 #181 (Kyshoen Jarrett),1,0,0,1,0,1,0,0,0.0,17.766713400684264,-1,1,1,17.766713400684264,,181.0,,6
1086,2015,2015-03-10,NO,2,player_for_draft_capital_or_mixed,SEA,2015 R4 #112 (Arie Koujio) | Jimmy Graham,2015 R1 #31 (Stephone Anthony) | Max Unger,1,1,1,1,1,1,0,0,70.6257743320383,600.0,0,0,0,529.3742256679617,112.0,31.0,4,1
1086,2015,2015-03-10,SEA,2,player_for_draft_capital_or_mixed,NO,2015 R1 #31 (Stephone Anthony) | Max Unger,2015 R4 #112 (Arie Koujio) | Jimmy Graham,1,1,1,1,1,1,0,0,600.0,70.6257743320383,0,0,0,-529.3742256679617,31.0,112.0,1,4
1087,2015,2015-03-10,PHI,2,player_for_draft_capital_or_mixed,STL,2015 R4 #119 (Andrew Donnal) | 2016 R2 #43 (Austin Johnson) | Nick Foles,2015 R5 #145 (Bobby McCain) | conditional 2016 | Sam Bradford,1,1,2,2,2,1,0,1,507.819428695974,34.23663262695757,0,0,-1,-473.58279606901647,43.0,145.0,2 | 4,5
1087,2015,2015-03-10,STL,2,player_for_draft_capital_or_mixed,PHI,2015 R5 #145 (Bobby McCain) | conditional 2016 | Sam Bradford,2015 R4 #119 (Andrew Donnal) | 2016 R2 #43 (Austin Johnson) | Nick Foles,1,1,2,2,1,2,1,0,34.23663262695757,507.819428695974,0,0,1,473.58279606901647,145.0,43.0,5,2 | 4
1088,2015,2015-03-10,BAL,2,player_for_draft_capital_or_mixed,DET,2015 R7 #231 (Joey Iosefa) | Haloti Ngata,2015 R4 #122 (Za'Darius Smith) | 2015 R5 #158 (Shaquille Riddick),1,0,1,2,1,2,0,0,2.9536522918789987,80.55484262502638,-1,1,1,77.60119033314739,231.0,122.0,7,4 | 5
1088,2015,2015-03-10,DET,2,player_for_draft_capital_or_mixed,BAL,2015 R4 #122 (Za'Darius Smith) | 2015 R5 #158 (Shaquille Riddick),2015 R7 #231 (Joey Iosefa) | Haloti Ngata,0,1,2,1,2,1,0,0,80.55484262502638,2.9536522918789987,1,-1,-1,-77.60119033314739,122.0,231.0,4 | 5,7
1089,2015,2015-03-10,CHI,2,player_for_draft_capital_or_mixed,NYJ,2015 R7 #224 (Bryce Hager) | Brandon Marshall,2015 R5 #142 (Adrian Amos),1,0,1,1,1,1,0,0,4.0,35.6416371851189,-1,0,0,31.641637185118903,224.0,142.0,7,5
1089,2015,2015-03-10,NYJ,2,player_for_draft_capital_or_mixed,CHI,2015 R5 #142 (Adrian Amos),2015 R7 #224 (Bryce Hager) | Brandon Marshall,0,1,1,1,1,1,0,0,35.6416371851189,4.0,1,0,0,-31.641637185118903,142.0,224.0,5,7
1090,2015,2015-03-10,BUF,2,player_for_draft_capital_or_mixed,MIN,2015 R5 #137 (Grady Jarrett) | 2016 R7 #240 (Alex McCalister),2015 R6 #187 (Evan Spencer) | Matt Cassel,0,1,2,1,2,1,0,0,40.1126063083793,15.60141439634249,1,-1,-1,-24.511191912036807,137.0,187.0,5 | 7,6
1090,2015,2015-03-10,MIN,2,player_for_draft_capital_or_mixed,BUF,2015 R6 #187 (Evan Spencer) | Matt Cassel,2015 R5 #137 (Grady Jarrett) | 2016 R7 #240 (Alex McCalister),1,0,1,2,1,2,0,0,15.60141439634249,40.1126063083793,-1,1,1,24.511191912036807,187.0,137.0,6,5 | 7
1091,2015,2015-03-10,BUF,2,player_only,PHI,Kiko Alonso,LeSean McCoy,1,1,0,0,0,0,0,0,0.0,0.0,0,0,0,0.0,,,,
1091,2015,2015-03-10,PHI,2,player_only,BUF,LeSean McCoy,Kiko Alonso,1,1,0,0,0,0,0,0,0.0,0.0,0,0,0,0.0,,,,
1140,2015,2015-03-10,HOU,2,player_for_draft_capital_or_mixed,STL,Case Keenum,2016 R7 #235 (Lac Edwards),1,0,0,1,0,1,0,0,0.0,2.483715624146968,-1,1,1,2.483715624146968,,235.0,,7
1140,2015,2015-03-10,STL,2,player_for_draft_capital_or_mixed,HOU,2016 R7 #235 (Lac Edwards),Case Keenum,0,1,1,0,1,0,0,0,2.483715624146968,0.0,1,-1,-1,-2.483715624146968,235.0,,7,
1119,2015,2015-03-11,HOU,2,player_for_draft_capital_or_mixed,NYJ,Ryan Fitzpatrick,2016 R6 #195 (Wes Schweitzer),1,0,0,1,0,1,0,0,0.0,12.448632796256481,-1,1,1,12.448632796256481,,195.0,,6
1119,2015,2015-03-11,NYJ,2,player_for_draft_capital_or_mixed,HOU,2016 R6 #195 (Wes Schweitzer),Ryan Fitzpatrick,0,1,1,0,1,0,0,0,12.448632796256481,0.0,1,-1,-1,-12.448632796256481,195.0,,6,
1092,2015,2015-03-13,MIA,2,player_for_draft_capital_or_mixed,NO,2015 R3 #78 (P.J. Williams) | Dannell Ellerbe,Kenny Stills,1,1,1,0,1,0,0,0,186.57029044525893,0.0,0,-1,-1,-186.57029044525893,78.0,,3,
1092,2015,2015-03-13,NO,2,player_for_draft_capital_or_mixed,MIA,Kenny Stills,2015 R3 #78 (P.J. Williams) | Dannell Ellerbe,1,1,0,1,0,1,0,0,0.0,186.57029044525893,0,1,1,186.57029044525893,,78.0,,3
1125,2015,2015-04-01,BAL,2,player_for_draft_capital_or_mixed,DEN,2016 R5 #144 (Connor McGovern) | Gino Gradkowski,2016 R4 #130 (Alex Lewis),1,0,1,1,1,1,0,0,34.698703145794944,41.86239334404483,-1,0,0,7.163690198249888,144.0,130.0,5,4
1125,2015,2015-04-01,DEN,2,player_for_draft_capital_or_mixed,BAL,2016 R4 #130 (Alex Lewis),2016 R5 #144 (Connor McGovern) | Gino Gradkowski,0,1,1,1,1,1,0,0,41.86239334404483,34.698703145794944,1,0,0,-7.163690198249888,130.0,144.0,4,5
1133,2015,2015-04-03,TB,2,player_for_draft_capital_or_mixed,WAS,2016 R7 #232 (Steven Daniels) | Dashon Goldson,2016 R6 #197 (Danny Vitale),1,0,1,1,1,1,0,0,2.82842712474619,11.511115293083504,-1,0,0,8.682688168337314,232.0,197.0,7,6
1133,2015,2015-04-03,WAS,2,player_for_draft_capital_or_mixed,TB,2016 R6 #197 (Danny Vitale),2016 R7 #232 (Steven Daniels) | Dashon Goldson,0,1,1,1,1,1,0,0,11.511115293083504,2.82842712474619,1,0,0,-8.682688168337314,197.0,232.0,6,7
1093,2015,2015-04-30,SD,2,pick_only,SF,2015 R1 #17 (Arik Armstead) | 2015 R4 #117 (Blake Bell) | 2016 R5 #142 (Ronald Blair),2015 R1 #15 (Melvin Gordon),0,0,3,1,3,1,0,0,1046.1229358404653,1050.0,0,-2,-2,3.8770641595347115,17.0,15.0,1 | 4 | 5,1
1093,2015,2015-04-30,SF,2,pick_only,SD,2015 R1 #15 (Melvin Gordon),2015 R1 #17 (Arik Armstead) | 2015 R4 #117 (Blake Bell) | 2016 R5 #142 (Ronald Blair),0,0,1,3,1,3,0,0,1050.0,1046.1229358404653,0,2,2,-3.8770641595347115,15.0,17.0,1,1 | 4 | 5
1094,2015,2015-04-30,DEN,2,player_for_draft_capital_or_mixed,DET,2015 R1 #28 (Laken Tomlinson) | 2015 R5 #143 (MyCole Pruitt) | 2016 R5 #169 (Antwione Williams) | Manuel Ramirez,2015 R1 #23 (Shane Ray),1,0,3,1,3,1,0,0,718.2075866369494,760.0,-1,-2,-2,41.79241336305063,28.0,23.0,1 | 5,1
1094,2015,2015-04-30,DET,2,player_for_draft_capital_or_mixed,DEN,2015 R1 #23 (Shane Ray),2015 R1 #28 (Laken Tomlinson) | 2015 R5 #143 (MyCole Pruitt) | 2016 R5 #169 (Antwione Williams) | Manuel Ramirez,0,1,1,3,1,3,0,0,760.0,718.2075866369494,1,2,2,-41.79241336305063,23.0,28.0,1,1 | 5
1095,2015,2015-05-01,NYG,2,pick_only,TEN,2015 R2 #40 (Dorial Green-Beckham) | 2015 R4 #108 (Jalston Fowler) | 2015 R7 #245 (Tre McBride),2015 R2 #33 (Landon Collins),0,0,3,1,3,1,0,0,566.829982355686,575.7620074718054,0,-2,-2,8.932025116119462,40.0,33.0,2 | 4 | 7,2
1095,2015,2015-05-01,TEN,2,pick_only,NYG,2015 R2 #33 (Landon Collins),2015 R2 #40 (Dorial Green-Beckham) | 2015 R4 #108 (Jalston Fowler) | 2015 R7 #245 (Tre McBride),0,0,1,3,1,3,0,0,575.7620074718054,566.829982355686,0,2,2,-8.932025116119462,33.0,40.0,2,2 | 4 | 7
1096,2015,2015-05-01,CAR,2,pick_only,STL,2015 R2 #57 (Rob Havenstein) | 2015 R3 #89 (Sean Mannion) | 2015 R6 #201 (Bud Sasser),2015 R2 #41 (Devin Funchess),0,0,3,1,3,1,0,0,469.7405172968841,473.5555622055335,0,-2,-2,3.8150449086493836,57.0,41.0,2 | 3 | 6,2
1096,2015,2015-05-01,STL,2,pick_only,CAR,2015 R2 #41 (Devin Funchess),2015 R2 #57 (Rob Havenstein) | 2015 R3 #89 (Sean Mannion) | 2015 R6 #201 (Bud Sasser),0,0,1,3,1,3,0,0,473.5555622055335,469.7405172968841,0,2,2,-3.8150449086493836,41.0,57.0,2,2 | 3 | 6
1097,2015,2015-05-01,CLE,2,pick_only,HOU,2015 R2 #43 (Benardrick McKinney) | 2015 R7 #229 (Ben Koyack),2015 R2 #51 (Nate Orchard) | 2015 R4 #116 (Rodney Gunter) | 2015 R6 #195 (Malcolm Johnson),0,0,2,3,2,3,0,0,454.1964576389506,445.75550014195824,0,1,1,-8.440957496992382,43.0,51.0,2 | 7,2 | 4 | 6
1097,2015,2015-05-01,HOU,2,pick_only,CLE,2015 R2 #51 (Nate Orchard) | 2015 R4 #116 (Rodney Gunter) | 2015 R6 #195 (Malcolm Johnson),2015 R2 #43 (Benardrick McKinney) | 2015 R7 #229 (Ben Koyack),0,0,3,2,3,2,0,0,445.75550014195824,454.1964576389506,0,-1,-1,8.440957496992382,51.0,43.0,2 | 4 | 6,2 | 7
1098,2015,2015-05-01,MIA,2,pick_only,PHI,2015 R2 #47 (Eric Rowe) | 2015 R6 #191 (JaCorey Shepherd),2015 R2 #52 (Jordan Phillips) | 2015 R5 #145 (Bobby McCain) | 2015 R5 #156 (Tony Lippett),0,0,2,3,2,3,0,0,423.3005212267053,425.7485039687669,0,1,1,2.4479827420615834,47.0,52.0,2 | 6,2 | 5
1098,2015,2015-05-01,PHI,2,pick_only,MIA,2015 R2 #52 (Jordan Phillips) | 2015 R5 #145 (Bobby McCain) | 2015 R5 #156 (Tony Lippett),2015 R2 #47 (Eric Rowe) | 2015 R6 #191 (JaCorey Shepherd),0,0,3,2,3,2,0,0,425.7485039687669,423.3005212267053,0,-1,-1,-2.4479827420615834,52.0,47.0,2 | 5,2 | 6
1099,2015,2015-05-01,ARI,2,pick_only,BAL,2015 R2 #55 (Maxx Williams),2015 R2 #58 (Markus Golden) | 2015 R5 #158 (Shaquille Riddick),0,0,1,2,1,2,0,0,336.3913608322486,341.3816545341169,0,1,1,4.990293701868268,55.0,58.0,2,2 | 5
1099,2015,2015-05-01,BAL,2,pick_only,ARI,2015 R2 #58 (Markus Golden) | 2015 R5 #158 (Shaquille Riddick),2015 R2 #55 (Maxx Williams),0,0,2,1,2,1,0,0,341.3816545341169,336.3913608322486,0,-1,-1,-4.990293701868268,58.0,55.0,2 | 5,2
1100,2015,2015-05-01,IND,2,pick_only,TB,2015 R2 #61 (Ali Marpet) | 2015 R4 #128 (Jon Feliciano),2015 R3 #65 (D'Joun Smith) | 2015 R4 #109 (Clayton Geathers),0,0,2,2,2,2,0,0,333.52986838788144,340.4769253685844,0,0,0,6.947056980702939,61.0,65.0,2 | 4,3 | 4
1100,2015,2015-05-01,TB,2,pick_only,IND,2015 R3 #65 (D'Joun Smith) | 2015 R4 #109 (Clayton Geathers),2015 R2 #61 (Ali Marpet) | 2015 R4 #128 (Jon Feliciano),0,0,2,2,2,2,0,0,340.4769253685844,333.52986838788144,0,0,0,-6.947056980702939,65.0,61.0,3 | 4,2 | 4
1101,2015,2015-05-01,SEA,2,pick_only,WAS,2015 R3 #95 (Matt Jones) | 2015 R4 #112 (Arie Kouandjio) | 2015 R5 #167 (Damian Swann) | 2015 R6 #181 (Kyshoen Jarrett),2015 R3 #69 (Tyler Lockett),0,0,4,1,4,1,0,0,231.55645791442018,236.61089419518237,0,-3,-3,5.054436280762189,95.0,69.0,3 | 4 | 5 | 6,3
1101,2015,2015-05-01,WAS,2,pick_only,SEA,2015 R3 #69 (Tyler Lockett),2015 R3 #95 (Matt Jones) | 2015 R4 #112 (Arie Kouandjio) | 2015 R5 #167 (Damian Swann) | 2015 R6 #181 (Kyshoen Jarrett),0,0,1,4,1,4,0,0,236.61089419518237,231.55645791442018,0,3,3,-5.054436280762189,69.0,95.0,3,3 | 4 | 5 | 6
1102,2015,2015-05-01,HOU,2,player_for_draft_capital_or_mixed,NYJ,2015 R3 #82 (Lorenzo Mauldin) | 2015 R5 #152 (Jarvis Harrison) | 2015 R7 #229 (Ben Koyack) | DeVier Posey,2015 R3 #70 (Jaelen Strong),1,0,3,1,3,1,0,0,202.26328405731152,230.4458711454806,-1,-2,-2,28.182587088169072,82.0,70.0,3 | 5 | 7,3
1102,2015,2015-05-01,NYJ,2,player_for_draft_capital_or_mixed,HOU,2015 R3 #70 (Jaelen Strong),2015 R3 #82 (Lorenzo Mauldin) | 2015 R5 #152 (Jarvis Harrison) | 2015 R7 #229 (Ben Koyack) | DeVier Posey,0,1,1,3,1,3,0,0,230.4458711454806,202.26328405731152,1,2,2,-28.182587088169072,70.0,82.0,3,3 | 5 | 7
1103,2015,2015-05-01,KC,2,pick_only,MIN,2015 R3 #80 (Alex Carter) | 2015 R6 #193 (B.J. Dubose),2015 R3 #76 (Chris Conley),0,0,2,1,2,1,0,0,190.43708042732723,196.6862945481459,0,-1,-1,6.249214120818664,80.0,76.0,3 | 6,3
1103,2015,2015-05-01,MIN,2,pick_only,KC,2015 R3 #76 (Chris Conley),2015 R3 #80 (Alex Carter) | 2015 R6 #193 (B.J. Dubose),0,0,1,2,1,2,0,0,196.6862945481459,190.43708042732723,0,1,1,-6.249214120818664,76.0,80.0,3,3 | 6
1104,2015,2015-05-01,DET,2,pick_only,MIN,2015 R3 #88 (Danielle Hunter) | 2015 R5 #143 (MyCole Pruitt),2015 R3 #80 (Alex Carter),0,0,2,1,2,1,0,0,178.44663388012722,176.97457444503152,0,-1,-1,-1.4720594350957015,88.0,80.0,3 | 5,3
1104,2015,2015-05-01,MIN,2,pick_only,DET,2015 R3 #80 (Alex Carter),2015 R3 #88 (Danielle Hunter) | 2015 R5 #143 (MyCole Pruitt),0,0,1,2,1,2,0,0,176.97457444503152,178.44663388012722,0,1,1,1.4720594350957015,80.0,88.0,3,3 | 5
1105,2015,2015-05-01,CLE,2,pick_only,NE,2015 R4 #111 (Tre' Jackson) | 2015 R5 #147 (Brett Hundley) | 2015 R6 #202 (A.J. Derby),2015 R3 #96 (Xavier Cooper) | 2015 R7 #219 (Hayes Pullard),0,0,3,2,3,2,0,0,115.64591803353034,120.86486309746613,0,-1,-1,5.2189450639357915,111.0,96.0,4 | 5 | 6,3 | 7
1105,2015,2015-05-01,NE,2,pick_only,CLE,2015 R3 #96 (Xavier Cooper) | 2015 R7 #219 (Hayes Pullard),2015 R4 #111 (Tre' Jackson) | 2015 R5 #147 (Brett Hundley) | 2015 R6 #202 (A.J. Derby),0,0,2,3,2,3,0,0,120.86486309746613,115.64591803353034,0,1,1,-5.2189450639357915,96.0,111.0,3 | 7,4 | 5 | 6
1106,2015,2015-05-02,CAR,2,pick_only,OAK,2015 R4 #124 (Kwon Alexander) | 2015 R5 #161 (Neiron Ball) | 2015 R7 #242 (Dexter McDonald),2015 R4 #102 (Daryl Williams),0,0,3,1,3,1,0,0,77.91308178281959,96.30469311789194,0,-2,-2,18.391611335072355,124.0,102.0,4 | 5 | 7,4
1106,2015,2015-05-02,OAK,2,pick_only,CAR,2015 R4 #102 (Daryl Williams),2015 R4 #124 (Kwon Alexander) | 2015 R5 #161 (Neiron Ball) | 2015 R7 #242 (Dexter McDonald),0,0,1,3,1,3,0,0,96.30469311789194,77.91308178281959,0,2,2,-18.391611335072355,102.0,124.0,4,4 | 5 | 7
1107,2015,2015-05-02,JAX,2,pick_only,NYJ,2015 R4 #103 (Bryce Petty),2015 R4 #104 (James Sample) | 2015 R7 #229 (Ben Koyack),0,0,1,2,1,2,0,0,93.36390945076992,93.73390693698082,0,1,1,0.3699974862108917,103.0,104.0,4,4 | 7
1107,2015,2015-05-02,NYJ,2,pick_only,JAX,2015 R4 #104 (James Sample) | 2015 R7 #229 (Ben Koyack),2015 R4 #103 (Bryce Petty),0,0,2,1,2,1,0,0,93.73390693698082,93.36390945076992,0,-1,-1,-0.3699974862108917,104.0,103.0,4 | 7,4
1108,2015,2015-05-02,DET,2,pick_only,PHI,2016 R3 #77,2015 R4 #113 (Gabe Wright),0,0,1,1,1,1,0,0,191.56152823688092,68.46912841054362,0,0,0,-123.0923998263373,77.0,113.0,3,4
1108,2015,2015-05-02,PHI,2,pick_only,DET,2015 R4 #113 (Gabe Wright),2016 R3 #77,0,0,1,1,1,1,0,0,68.46912841054362,191.56152823688092,0,0,0,123.0923998263373,113.0,77.0,4,3
1109,2015,2015-05-02,ARI,2,pick_only,CLE,2015 R4 #123 (Vince Mayle) | 2015 R6 #198 (Randall Telfer) | 2015 R7 #241 (Ifo Ekpre-Olomu),2015 R4 #116 (Rodney Gunter),0,0,3,1,3,1,0,0,63.196734809417876,62.38634329516793,0,-2,-2,-0.8103915142499432,123.0,116.0,4 | 6 | 7,4
1109,2015,2015-05-02,CLE,2,pick_only,ARI,2015 R4 #116 (Rodney Gunter),2015 R4 #123 (Vince Mayle) | 2015 R6 #198 (Randall Telfer) | 2015 R7 #241 (Ifo Ekpre-Olomu),0,0,1,3,1,3,0,0,62.38634329516793,63.196734809417876,0,2,2,0.8103915142499432,116.0,123.0,4,4 | 6 | 7
1110,2015,2015-05-02,OAK,2,pick_only,TB,2015 R4 #124 (Kwon Alexander),2015 R4 #128 (Jon Feliciano) | 2015 R7 #218 (Anthony Morris),0,0,1,2,1,2,0,0,48.679055957954645,48.059094009250096,0,1,1,-0.6199619487045496,124.0,128.0,4,4 | 7
1110,2015,2015-05-02,TB,2,pick_only,OAK,2015 R4 #128 (Jon Feliciano) | 2015 R7 #218 (Anthony Morris),2015 R4 #124 (Kwon Alexander),0,0,2,1,2,1,0,0,48.059094009250096,48.679055957954645,0,-1,-1,0.6199619487045496,128.0,124.0,4 | 7,4
1111,2015,2015-05-02,ATL,2,pick_only,MIN,2015 R5 #146 (Stefon Diggs) | 2015 R6 #185 (Tyrus Thompson),2015 R5 #137 (Grady Jarrett),0,0,2,1,2,1,0,0,50.07286336282826,38.1126063083793,0,-1,-1,-11.96025705444896,146.0,137.0,5 | 6,5
1111,2015,2015-05-02,MIN,2,pick_only,ATL,2015 R5 #137 (Grady Jarrett),2015 R5 #146 (Stefon Diggs) | 2015 R6 #185 (Tyrus Thompson),0,0,1,2,1,2,0,0,38.1126063083793,50.07286336282826,0,1,1,11.96025705444896,137.0,146.0,5,5 | 6
1112,2015,2015-05-02,GB,2,pick_only,NE,2015 R5 #166 (Joe Cardona) | 2015 R7 #247 (Darryl Roberts),2015 R5 #147 (Brett Hundley),0,0,2,1,2,1,0,0,26.06435639116569,33.3308693443083,0,-1,-1,7.266512953142609,166.0,147.0,5 | 7,5
1112,2015,2015-05-02,NE,2,pick_only,GB,2015 R5 #147 (Brett Hundley),2015 R5 #166 (Joe Cardona) | 2015 R7 #247 (Darryl Roberts),0,0,1,2,1,2,0,0,33.3308693443083,26.06435639116569,0,1,1,-7.266512953142609,147.0,166.0,5,5 | 7
1113,2015,2015-05-02,IND,2,pick_only,SF,2015 R5 #165 (Bradley Pinion) | 2015 R7 #244 (Trent Brown),2015 R5 #151 (David Parry),0,0,2,1,2,1,0,0,26.80771988055093,31.590597354012306,0,-1,-1,4.782877473461376,165.0,151.0,5 | 7,5
1113,2015,2015-05-02,SF,2,pick_only,IND,2015 R5 #151 (David Parry),2015 R5 #165 (Bradley Pinion) | 2015 R7 #244 (Trent Brown),0,0,1,2,1,2,0,0,31.590597354012306,26.80771988055093,0,1,1,-4.782877473461376,151.0,165.0,5,5 | 7
1114,2015,2015-05-02,NO,2,pick_only,WAS,2015 R6 #187 (Evan Spencer) | 2016 R6 #187 (Nate Sudfeld),2015 R5 #167 (Damian Swann),0,0,2,1,2,1,0,0,31.20282879268498,24.060670173714687,0,-1,-1,-7.142158618970292,187.0,167.0,6,5
1114,2015,2015-05-02,WAS,2,pick_only,NO,2015 R5 #167 (Damian Swann),2015 R6 #187 (Evan Spencer) | 2016 R6 #187 (Nate Sudfeld),0,0,1,2,1,2,0,0,24.060670173714687,31.20282879268498,0,1,1,7.142158618970292,167.0,187.0,5,6
1115,2015,2015-05-02,NYJ,2,player_for_draft_capital_or_mixed,STL,2015 R7 #224 (Bryce Hager),Zac Stacy,0,1,1,0,1,0,0,0,4.0,0.0,1,-1,-1,-4.0,224.0,,7,
1115,2015,2015-05-02,STL,2,player_for_draft_capital_or_mixed,NYJ,Zac Stacy,2015 R7 #224 (Bryce Hager),1,0,0,1,0,1,0,0,0.0,4.0,-1,1,1,4.0,,224.0,,7
1116,2015,2015-05-02,DAL,2,pick_only,SF,2016 R6 #178 (D.J. White),2015 R7 #246 (Geoff Swaim),0,0,1,1,1,1,0,0,18.959577657116494,1.5422108254079407,0,0,0,-17.417366831708552,178.0,246.0,6,7
1116,2015,2015-05-02,SF,2,pick_only,DAL,2015 R7 #246 (Geoff Swaim),2016 R6 #178 (D.J. White),0,0,1,1,1,1,0,0,1.5422108254079407,18.959577657116494,0,0,0,17.417366831708552,246.0,178.0,7,6
1128,2015,2015-08-01,PHI,2,player_for_draft_capital_or_mixed,PIT,Brandon Boykin,2016 R5 #164 (Halapoulivaati Vaitai),1,0,0,1,0,1,0,0,0.0,25.676113209730797,-1,1,1,25.676113209730797,,164.0,,5
1128,2015,2015-08-01,PIT,2,player_for_draft_capital_or_mixed,PHI,2016 R5 #164 (Halapoulivaati Vaitai),Brandon Boykin,0,1,1,0,1,0,0,0,25.676113209730797,0.0,1,-1,-1,-25.676113209730797,164.0,,5,
1136,2015,2015-08-02,DET,2,player_for_draft_capital_or_mixed,SEA,Mohammed Seisay,2016 R6 #202 (Anthony Zettel),1,0,0,1,0,1,0,0,0.0,9.464698235047209,-1,1,1,9.464698235047209,,202.0,,6
1136,2015,2015-08-02,SEA,2,player_for_draft_capital_or_mixed,DET,2016 R6 #202 (Anthony Zettel),Mohammed Seisay,0,1,1,0,1,0,0,0,9.464698235047209,0.0,1,-1,-1,-9.464698235047209,202.0,,6,
1135,2015,2015-08-31,JAX,2,player_for_draft_capital_or_mixed,PIT,Josh Scobee,2016 R6 #201 (Bron Allen),1,0,0,1,0,1,0,0,0.0,9.842578749076635,-1,1,1,9.842578749076635,,201.0,,6
1135,2015,2015-08-31,PIT,2,player_for_draft_capital_or_mixed,JAX,2016 R6 #201 (Bron Allen),Josh Scobee,0,1,1,0,1,0,0,0,9.842578749076635,0.0,1,-1,-1,-9.842578749076635,201.0,,6,
1141,2015,2015-08-31,DEN,2,player_for_draft_capital_or_mixed,HOU,Chris Clark,2016 R7 #235 (Lac Edwards),1,0,0,1,0,1,0,0,0.0,2.483715624146968,-1,1,1,2.483715624146968,,235.0,,7
1141,2015,2015-08-31,HOU,2,player_for_draft_capital_or_mixed,DEN,2016 R7 #235 (Lac Edwards),Chris Clark,0,1,1,0,1,0,0,0,2.483715624146968,0.0,1,-1,-1,-2.483715624146968,235.0,,7,
1131,2015,2015-09-04,ATL,2,player_for_draft_capital_or_mixed,TEN,2016 R6 #193 (Sebastian Tretola),Andy Levitre,0,1,1,0,1,0,0,0,13.46250598229572,0.0,1,-1,-1,-13.46250598229572,193.0,,6,
1131,2015,2015-09-04,TEN,2,player_for_draft_capital_or_mixed,ATL,Andy Levitre,2016 R6 #193 (Sebastian Tretola),1,0,0,1,0,1,0,0,0.0,13.46250598229572,-1,1,1,13.46250598229572,,193.0,,6
1132,2015,2015-09-04,IND,2,player_for_draft_capital_or_mixed,OAK,2016 R6 #194 (Cory James),Sio Moore,0,1,1,0,1,0,0,0,12.94564766595343,0.0,1,-1,-1,-12.94564766595343,194.0,,6,
1132,2015,2015-09-04,OAK,2,player_for_draft_capital_or_mixed,IND,Sio Moore,2016 R6 #194 (Cory James),1,0,0,1,0,1,0,0,0.0,12.94564766595343,-1,1,1,12.94564766595343,,194.0,,6
1139,2015,2015-09-04,NYG,2,player_for_draft_capital_or_mixed,PIT,2016 R7 #229 (Demarcus Ayers),Brad Wing,0,1,1,0,1,0,0,0,3.2209806638985086,0.0,1,-1,-1,-3.2209806638985086,229.0,,7,
1139,2015,2015-09-04,PIT,2,player_for_draft_capital_or_mixed,NYG,Brad Wing,2016 R7 #229 (Demarcus Ayers),1,0,0,1,0,1,0,0,0.0,3.2209806638985086,-1,1,1,3.2209806638985086,,229.0,,7
1142,2015,2015-09-04,ARI,2,player_for_draft_capital_or_mixed,PHI,2016 R7 #251 (Joe Walker),Matt Barkley,0,1,1,0,1,0,0,0,1.241857812073484,0.0,1,-1,-1,-1.241857812073484,251.0,,7,
1142,2015,2015-09-04,PHI,2,player_for_draft_capital_or_mixed,ARI,Matt Barkley,2016 R7 #251 (Joe Walker),1,0,0,1,0,1,0,0,0.0,1.241857812073484,-1,1,1,1.241857812073484,,251.0,,7
1127,2015,2015-09-05,KC,2,player_for_draft_capital_or_mixed,SEA,Kelcie McCray,2016 R5 #162 (Kevin Hogan),1,0,0,1,0,1,0,0,0.0,26.812891859560057,-1,1,1,26.812891859560057,,162.0,,5
1127,2015,2015-09-05,SEA,2,player_for_draft_capital_or_mixed,KC,2016 R5 #162 (Kevin Hogan),Kelcie McCray,0,1,1,0,1,0,0,0,26.812891859560057,0.0,1,-1,-1,-26.812891859560057,162.0,,5,
1134,2015,2015-09-05,MIN,2,player_for_draft_capital_or_mixed,SD,2016 R6 #198 (Derek Watt),Jeremiah Sirles,0,1,1,0,1,0,0,0,11.069175606859458,0.0,1,-1,-1,-11.069175606859458,198.0,,6,
1134,2015,2015-09-05,SD,2,player_for_draft_capital_or_mixed,MIN,Jeremiah Sirles,2016 R6 #198 (Derek Watt),1,0,0,1,0,1,0,0,0.0,11.069175606859458,-1,1,1,11.069175606859458,,198.0,,6
1137,2015,2015-09-06,DAL,2,player_for_draft_capital_or_mixed,SEA,2016 R7 #225 (Devin Lucien),Christine Michael,0,1,1,0,1,0,0,0,3.830413122794295,0.0,1,-1,-1,-3.830413122794295,225.0,,7,
1137,2015,2015-09-06,SEA,2,player_for_draft_capital_or_mixed,DAL,Christine Michael,2016 R7 #225 (Devin Lucien),1,0,0,1,0,1,0,0,0.0,3.830413122794295,-1,1,1,3.830413122794295,,225.0,,7
1126,2015,2015-09-16,DAL,2,player_for_draft_capital_or_mixed,OAK,2016 R5 #143 (DeAndre Washington),2016 R6 #189 (Anthony Brown) | Brice Butler,0,1,1,1,1,1,0,0,35.167009942793925,14.939965609475523,1,0,0,-20.227044333318403,143.0,189.0,5,6
1126,2015,2015-09-16,OAK,2,player_for_draft_capital_or_mixed,DAL,2016 R6 #189 (Anthony Brown) | Brice Butler,2016 R5 #143 (DeAndre Washington),1,0,1,1,1,1,0,0,14.939965609475523,35.167009942793925,-1,0,0,20.227044333318403,189.0,143.0,6,5
1129,2015,2015-09-17,HOU,2,player_for_draft_capital_or_mixed,NE,2016 R6 #196 (Blake Countess) | Keshawn Martin,2016 R5 #166 (D.J. Reader),1,0,1,1,1,1,0,0,11.970699535071823,24.58753024522619,-1,0,0,12.616830710154368,196.0,166.0,6,5
1129,2015,2015-09-17,NE,2,player_for_draft_capital_or_mixed,HOU,2016 R5 #166 (D.J. Reader),2016 R6 #196 (Blake Countess) | Keshawn Martin,0,1,1,1,1,1,0,0,24.58753024522619,11.970699535071823,1,0,0,-12.616830710154368,166.0,196.0,5,6
1138,2015,2015-09-21,BAL,2,player_for_draft_capital_or_mixed,MIA,2016 R7 #227 (Stephen Weatherly),Will Davis,0,1,1,0,1,0,0,0,3.5125043207465994,0.0,1,-1,-1,-3.5125043207465994,227.0,,7,
1138,2015,2015-09-21,MIA,2,player_for_draft_capital_or_mixed,BAL,Will Davis,2016 R7 #227 (Stephen Weatherly),1,0,0,1,0,1,0,0,0.0,3.5125043207465994,-1,1,1,3.5125043207465994,,227.0,,7
1117,2015,2015-09-28,CAR,2,player_for_draft_capital_or_mixed,CHI,2016 R6 #206 (Mike Thomas),Jared Allen,0,1,1,0,1,0,0,0,8.092789911562482,0.0,1,-1,-1,-8.092789911562482,206.0,,6,
1117,2015,2015-09-28,CHI,2,player_for_draft_capital_or_mixed,CAR,Jared Allen,2016 R6 #206 (Mike Thomas),1,0,0,1,0,1,0,0,0.0,8.092789911562482,-1,1,1,8.092789911562482,,206.0,,6
1118,2015,2015-09-28,CHI,2,player_for_draft_capital_or_mixed,NE,Jon Bostic,2016 R6 #204 (Jordan Lucas),1,0,0,1,0,1,0,0,0.0,8.751903472535176,-1,1,1,8.751903472535176,,204.0,,6
1118,2015,2015-09-28,NE,2,player_for_draft_capital_or_mixed,CHI,2016 R6 #204 (Jordan Lucas),Jon Bostic,0,1,1,0,1,0,0,0,8.751903472535176,0.0,1,-1,-1,-8.751903472535176,204.0,,6,
1130,2015,2015-10-06,MIN,2,player_for_draft_capital_or_mixed,SF,Gerald Hodges,2016 R6 #180 (Moritz Boehringer) | Nick Easton,1,1,0,1,0,1,0,0,0.0,18.155753765114135,0,1,1,18.155753765114135,,180.0,,6
1130,2015,2015-10-06,SF,2,player_for_draft_capital_or_mixed,MIN,2016 R6 #180 (Moritz Boehringer) | Nick Easton,Gerald Hodges,1,1,1,0,1,0,0,0,18.155753765114135,0.0,0,-1,-1,-18.155753765114135,180.0,,6,
1123,2016,2016-03-09,PHI,2,player_for_draft_capital_or_mixed,TEN,2016 R4 #113 (Nick Kwiatkoski) | DeMarco Murray,2016 R4 #100 (Connor Cook),1,0,1,1,1,1,0,0,68.46912841054362,102.46706518524651,-1,0,0,33.99793677470289,113.0,100.0,4,4
1123,2016,2016-03-09,TEN,2,player_for_draft_capital_or_mixed,PHI,2016 R4 #100 (Connor Cook),2016 R4 #113 (Nick Kwiatkoski) | DeMarco Murray,0,1,1,1,1,1,0,0,102.46706518524651,68.46912841054362,1,0,0,-33.99793677470289,100.0,113.0,4,4
1124,2016,2016-03-09,MIA,2,player_for_draft_capital_or_mixed,PHI,2016 R1 #8 (Jack Conklin),2016 R1 #13 (Laremy Tunsil) | Byron Maxwell | Kiko Alonso,0,2,1,1,1,1,0,0,1400.0,1150.0,2,0,0,-250.0,8.0,13.0,1,1
1124,2016,2016-03-09,PHI,2,player_for_draft_capital_or_mixed,MIA,2016 R1 #13 (Laremy Tunsil) | Byron Maxwell | Kiko Alonso,2016 R1 #8 (Jack Conklin),2,0,1,1,1,1,0,0,1150.0,1400.0,-2,0,0,250.0,13.0,8.0,1,1
1122,2016,2016-03-11,DEN,2,player_for_draft_capital_or_mixed,PHI,conditional 2017 R7,Mark Sanchez,0,1,1,0,0,0,1,0,0.0,0.0,1,-1,0,0.0,,,7,
1122,2016,2016-03-11,PHI,2,player_for_draft_capital_or_mixed,DEN,Mark Sanchez,conditional 2017 R7,1,0,0,1,0,0,0,1,0.0,0.0,-1,1,0,0.0,,,,7
1121,2016,2016-03-15,ARI,2,player_for_draft_capital_or_mixed,NE,2016 R2 #61 (Vonn Bell) | Jonathan Cooper,Chler Jones,1,1,1,0,1,0,0,0,290.52986838788144,0.0,0,-1,-1,-290.52986838788144,61.0,,2,
1121,2016,2016-03-15,NE,2,player_for_draft_capital_or_mixed,ARI,Chler Jones,2016 R2 #61 (Vonn Bell) | Jonathan Cooper,1,1,0,1,0,1,0,0,0.0,290.52986838788144,0,1,1,290.52986838788144,,61.0,,2
1120,2016,2016-03-17,CHI,2,player_for_draft_capital_or_mixed,NE,2016 R6 #204 (Jordan Lucas) | Martellus Bennett,2016 R4 #127 (Deiondre' Hall),1,0,1,1,1,1,0,0,8.751903472535176,44.35441733781426,-1,0,0,35.602513865279086,204.0,127.0,6,4
1120,2016,2016-03-17,NE,2,player_for_draft_capital_or_mixed,CHI,2016 R4 #127 (Deiondre' Hall),2016 R6 #204 (Jordan Lucas) | Martellus Bennett,0,1,1,1,1,1,0,0,44.35441733781426,8.751903472535176,1,0,0,-35.602513865279086,127.0,204.0,4,6
1143,2016,2016-04-14,STL,2,pick_only,TEN,2016 R1 #15 (Corey Coleman) | 2016 R2 #43 (Austin Johnson) | 2016 R2 #45 (Derrick Henry) | 2016 R3 #76 (Shon Coleman) | 2017 R1 #5 (Corey Davis) | 2017 R3 #100 (Jonnu Smith),2016 R1 #1 (Jared Goff) | 2016 R4 #113 (Nick Kwiatkoski) | 2016 R6 #177 (Temarrick Hemingway),0,0,6,3,6,3,0,0,3929.6008925019846,3087.8438667580376,0,-3,-3,-841.757025743947,5.0,1.0,1 | 2 | 3,1 | 4 | 6
1143,2016,2016-04-14,TEN,2,pick_only,STL,2016 R1 #1 (Jared Goff) | 2016 R4 #113 (Nick Kwiatkoski) | 2016 R6 #177 (Temarrick Hemingway),2016 R1 #15 (Corey Coleman) | 2016 R2 #43 (Austin Johnson) | 2016 R2 #45 (Derrick Henry) | 2016 R3 #76 (Shon Coleman) | 2017 R1 #5 (Corey Davis) | 2017 R3 #100 (Jonnu Smith),0,0,3,6,3,6,0,0,3087.8438667580376,3929.6008925019846,0,3,3,841.757025743947,1.0,5.0,1 | 4 | 6,1 | 2 | 3
1144,2016,2016-04-20,CLE,2,pick_only,PHI,2016 R1 #2 (Carson Wentz) | 2017 R4 #139 (Jehu Chesson),2016 R1 #8 (Jack Conklin) | 2016 R3 #77 (Daryl Worley) | 2016 R4 #100 (Connor Cook) | 2017 R1 #12 (Deshaun Watson) | 2018 R2 #64 (Tyquan Lewis),0,0,2,5,2,5,0,0,2637.104300387165,3164.0285934221274,0,3,3,526.9242930349624,2.0,8.0,1 | 4,1 | 2 | 3 | 4
1144,2016,2016-04-20,PHI,2,pick_only,CLE,2016 R1 #8 (Jack Conklin) | 2016 R3 #77 (Daryl Worley) | 2016 R4 #100 (Connor Cook) | 2017 R1 #12 (Deshaun Watson) | 2018 R2 #64 (Tyquan Lewis),2016 R1 #2 (Carson Wentz) | 2017 R4 #139 (Jehu Chesson),0,0,5,2,5,2,0,0,3164.0285934221274,2637.104300387165,0,-3,-3,-526.9242930349624,8.0,2.0,1 | 2 | 3 | 4,1 | 4
1145,2016,2016-04-28,CLE,2,pick_only,TEN,2016 R1 #8 (Jack Conklin) | 2016 R6 #176 (Andy Janovich),2016 R1 #15 (Corey Coleman) | 2016 R3 #76 (Shon Coleman) | 2017 R2 #52 (DeShone Kizer),0,0,2,3,2,3,0,0,1419.7989898732233,1608.655693768196,0,1,1,188.85670389497272,8.0,15.0,1 | 6,1 | 2 | 3
1145,2016,2016-04-28,TEN,2,pick_only,CLE,2016 R1 #15 (Corey Coleman) | 2016 R3 #76 (Shon Coleman) | 2017 R2 #52 (DeShone Kizer),2016 R1 #8 (Jack Conklin) | 2016 R6 #176 (Andy Janovich),0,0,3,2,3,2,0,0,1608.655693768196,1419.7989898732233,0,-1,-1,-188.85670389497272,15.0,8.0,1 | 2 | 3,1 | 6
1146,2016,2016-04-28,CHI,2,pick_only,TB,2016 R1 #11 (Vernon Hargreaves) | 2016 R4 #106 (Eric Murray),2016 R1 #9 (Leonard Floyd),0,0,2,1,2,1,0,0,1335.0694764427258,1350.0,0,-1,-1,14.930523557274228,11.0,9.0,1 | 4,1
1146,2016,2016-04-28,TB,2,pick_only,CHI,2016 R1 #9 (Leonard Floyd),2016 R1 #11 (Vernon Hargreaves) | 2016 R4 #106 (Eric Murray),0,0,1,2,1,2,0,0,1350.0,1335.0694764427258,0,1,1,-14.930523557274228,9.0,11.0,1,1 | 4
1147,2016,2016-04-28,HOU,2,pick_only,WAS,2016 R1 #22 (Josh Doctson) | 2017 R6 #209 (Robert Davis),2016 R1 #21 (Will Fuller),0,0,2,1,2,1,0,0,787.1960121361636,800.0,0,-1,-1,12.803987863836369,22.0,21.0,1 | 6,1
1147,2016,2016-04-28,WAS,2,pick_only,HOU,2016 R1 #21 (Will Fuller),2016 R1 #22 (Josh Doctson) | 2017 R6 #209 (Robert Davis),0,0,1,2,1,2,0,0,800.0,787.1960121361636,0,1,1,-12.803987863836369,21.0,22.0,1,1 | 6
1148,2016,2016-04-28,DEN,2,pick_only,SEA,2016 R1 #31 (Germain Ifedi) | 2016 R3 #94 (Nick Vannett),2016 R1 #26 (Paxton Lynch),0,0,2,1,2,1,0,0,722.289621317169,700.0,0,-1,-1,-22.289621317169008,31.0,26.0,1 | 3,1
1148,2016,2016-04-28,SEA,2,pick_only,DEN,2016 R1 #26 (Paxton Lynch),2016 R1 #31 (Germain Ifedi) | 2016 R3 #94 (Nick Vannett),0,0,1,2,1,2,0,0,700.0,722.289621317169,0,1,1,22.289621317169008,26.0,31.0,1,1 | 3
1149,2016,2016-04-28,KC,2,pick_only,SF,2016 R1 #28 (Joshua Garnett),2016 R2 #37 (Chris Jones) | 2016 R4 #105 (Parker Ehinger) | 2016 R6 #178 (D.J. White),0,0,1,3,1,3,0,0,660.0,628.8726348486696,0,2,2,-31.127365151330423,28.0,37.0,1,2 | 4 | 6
1149,2016,2016-04-28,SF,2,pick_only,KC,2016 R2 #37 (Chris Jones) | 2016 R4 #105 (Parker Ehinger) | 2016 R6 #178 (D.J. White),2016 R1 #28 (Joshua Garnett),0,0,3,1,3,1,0,0,628.8726348486696,660.0,0,-2,-2,31.127365151330423,37.0,28.0,2 | 4 | 6,1
1150,2016,2016-04-29,MIA,2,pick_only,MIN,2016 R6 #186 (Jakeem Grant) | 2017 R3 #86 (Kareem Hunt) | 2017 R4 #128 (Josh Malone),2016 R3 #86 (Leonte Carroo),0,0,3,1,3,1,0,0,209.99141117765288,151.0483702910592,0,-2,-2,-58.94304088659368,86.0,86.0,3 | 4 | 6,3
1150,2016,2016-04-29,MIN,2,pick_only,MIA,2016 R3 #86 (Leonte Carroo),2016 R6 #186 (Jakeem Grant) | 2017 R3 #86 (Kareem Hunt) | 2017 R4 #128 (Josh Malone),0,0,1,3,1,3,0,0,151.0483702910592,209.99141117765288,0,2,2,58.94304088659368,86.0,86.0,3,3 | 4 | 6
1151,2016,2016-04-29,CAR,2,pick_only,CLE,2016 R3 #93 (Cody Kessler) | 2016 R4 #129 (Derrick Kindred) | 2016 R5 #168 (Spencer Drango),2016 R3 #77 (Daryl Worley) | 2016 R5 #141 (Zack Sanchez),0,0,3,2,3,2,0,0,191.53366859755783,227.68419841276696,0,-1,-1,36.150529815209126,93.0,77.0,3 | 4 | 5,3 | 5
1151,2016,2016-04-29,CLE,2,pick_only,CAR,2016 R3 #77 (Daryl Worley) | 2016 R5 #141 (Zack Sanchez),2016 R3 #93 (Cody Kessler) | 2016 R4 #129 (Derrick Kindred) | 2016 R5 #168 (Spencer Drango),0,0,2,3,2,3,0,0,227.68419841276696,191.53366859755783,0,1,1,-36.150529815209126,77.0,93.0,3 | 5,3 | 4 | 5
1152,2016,2016-04-29,NE,2,pick_only,NO,2016 R2 #61 (Vonn Bell),2016 R3 #78 (Joe Thuney) | 2016 R4 #112 (Malcolm Mitchell),0,0,1,2,1,2,0,0,290.52986838788144,257.19606477729724,0,1,1,-33.3338036105842,61.0,78.0,2,3 | 4
1152,2016,2016-04-29,NO,2,pick_only,NE,2016 R3 #78 (Joe Thuney) | 2016 R4 #112 (Malcolm Mitchell),2016 R2 #61 (Vonn Bell),0,0,2,1,2,1,0,0,257.19606477729724,290.52986838788144,0,-1,-1,33.3338036105842,78.0,61.0,3 | 4,2
1153,2016,2016-04-29,KC,2,pick_only,TB,2016 R2 #59 (Roberto Aguayo),2016 R3 #74 (KeiVarae Russell) | 2016 R4 #106 (Eric Murray),0,0,1,2,1,2,0,0,305.0765333954813,292.42027367177656,0,1,1,-12.65625972370475,59.0,74.0,2,3 | 4
1153,2016,2016-04-29,TB,2,pick_only,KC,2016 R3 #74 (KeiVarae Russell) | 2016 R4 #106 (Eric Murray),2016 R2 #59 (Roberto Aguayo),0,0,2,1,2,1,0,0,292.42027367177656,305.0765333954813,0,-1,-1,12.65625972370475,74.0,59.0,3 | 4,2
1154,2016,2016-04-29,ATL,2,pick_only,HOU,2016 R2 #50 (Nick Martin),2016 R2 #52 (Deion Jones) | 2016 R6 #195 (Wes Schweitzer),0,0,1,2,1,2,0,0,380.0930008403369,374.41803201630654,0,1,1,-5.674968824030373,50.0,52.0,2,2 | 6
1154,2016,2016-04-29,HOU,2,pick_only,ATL,2016 R2 #52 (Deion Jones) | 2016 R6 #195 (Wes Schweitzer),2016 R2 #50 (Nick Martin),0,0,2,1,2,1,0,0,374.41803201630654,380.0930008403369,0,-1,-1,5.674968824030373,52.0,50.0,2 | 6,2
1155,2016,2016-04-29,CHI,2,pick_only,SEA,2016 R2 #49 (Jarran Reed),2016 R2 #56 (Cody Whitehair) | 2016 R4 #124 (Deon Bush),0,0,1,2,1,2,0,0,389.492303392006,376.9525563121038,0,1,1,-12.539747079902213,49.0,56.0,2,2 | 4
1155,2016,2016-04-29,SEA,2,pick_only,CHI,2016 R2 #56 (Cody Whitehair) | 2016 R4 #124 (Deon Bush),2016 R2 #49 (Jarran Reed),0,0,2,1,2,1,0,0,376.9525563121038,389.492303392006,0,-1,-1,12.539747079902213,56.0,49.0,2 | 4,2
1156,2016,2016-04-29,GB,2,pick_only,IND,2016 R2 #57 (T.J. Green) | 2016 R4 #125 (Antonio Morrison) | 2016 R7 #248 (Austin Blythe),2016 R2 #48 (Jason Spriggs),0,0,3,1,3,1,0,0,368.95833559310717,399.1240408695021,0,-2,-2,30.16570527639493,57.0,48.0,2 | 4 | 7,2
1156,2016,2016-04-29,IND,2,pick_only,GB,2016 R2 #48 (Jason Spriggs),2016 R2 #57 (T.J. Green) | 2016 R4 #125 (Antonio Morrison) | 2016 R7 #248 (Austin Blythe),0,0,1,3,1,3,0,0,399.1240408695021,368.95833559310717,0,2,2,-30.16570527639493,48.0,57.0,2,2 | 4 | 7
1157,2016,2016-04-29,BUF,2,pick_only,CHI,2016 R2 #49 (Jarran Reed) | 2016 R4 #117 (Pharoh Cooper) | 2017 R4 #117 (Josh Reynolds),2016 R2 #41 (Reggie Ragland),0,0,3,1,3,1,0,0,510.4549007026988,473.5555622055335,0,-2,-2,-36.89933849716533,49.0,41.0,2 | 4,2
1157,2016,2016-04-29,CHI,2,pick_only,BUF,2016 R2 #41 (Reggie Ragland),2016 R2 #49 (Jarran Reed) | 2016 R4 #117 (Pharoh Cooper) | 2017 R4 #117 (Josh Reynolds),0,0,1,3,1,3,0,0,473.5555622055335,510.4549007026988,0,2,2,36.89933849716533,41.0,49.0,2,2 | 4
1158,2016,2016-04-29,BAL,2,pick_only,MIA,2016 R2 #38 (Xavien Howard),2016 R2 #42 (Kamalei Correa) | 2016 R4 #107 (Chris Moore),0,0,1,2,1,2,0,0,509.56309319230627,544.5994031595056,0,1,1,35.03630996719937,38.0,42.0,2,2 | 4
1158,2016,2016-04-29,MIA,2,pick_only,BAL,2016 R2 #42 (Kamalei Correa) | 2016 R4 #107 (Chris Moore),2016 R2 #38 (Xavien Howard),0,0,2,1,2,1,0,0,544.5994031595056,509.56309319230627,0,-1,-1,-35.03630996719937,42.0,38.0,2 | 4,2
1159,2016,2016-04-29,BAL,2,pick_only,JAX,2016 R2 #36 (Myles Jack),2016 R2 #38 (Xavien Howard) | 2016 R5 #146 (Matt Judon),0,0,1,2,1,2,0,0,535.0766269918975,543.3438085322484,0,1,1,8.267181540350975,36.0,38.0,2,2 | 5
1159,2016,2016-04-29,JAX,2,pick_only,BAL,2016 R2 #38 (Xavien Howard) | 2016 R5 #146 (Matt Judon),2016 R2 #36 (Myles Jack),0,0,2,1,2,1,0,0,543.3438085322484,535.0766269918975,0,-1,-1,-8.267181540350975,38.0,36.0,2 | 5,2
1160,2016,2016-04-30,CLE,2,player_for_draft_capital_or_mixed,MIA,2016 R7 #222 (Aaron Wallace),2016 R7 #249 (Prince Charles Iworah) | Jamar Taylor,0,1,1,1,1,1,0,0,4.325778164601057,1.3542555469368927,1,0,0,-2.9715226176641645,222.0,249.0,7,7
1160,2016,2016-04-30,MIA,2,player_for_draft_capital_or_mixed,CLE,2016 R7 #249 (Prince Charles Iworah) | Jamar Taylor,2016 R7 #222 (Aaron Wallace),1,0,1,1,1,1,0,0,1.3542555469368927,4.325778164601057,-1,0,0,2.9715226176641645,249.0,222.0,7,7
1161,2016,2016-04-30,MIN,2,pick_only,PHI,2016 R6 #196 (Blake Countess) | 2016 R7 #240 (Alex McCalister),2016 R6 #188 (David Morgan),0,0,2,1,2,1,0,0,13.970699535071823,15.2671082573136,0,-1,-1,1.296408722241777,196.0,188.0,6 | 7,6
1161,2016,2016-04-30,PHI,2,pick_only,MIN,2016 R6 #188 (David Morgan),2016 R6 #196 (Blake Countess) | 2016 R7 #240 (Alex McCalister),0,0,1,2,1,2,0,0,15.2671082573136,13.970699535071823,0,1,1,-1.296408722241777,188.0,196.0,6,6 | 7
1162,2016,2016-04-30,MIA,2,pick_only,MIN,2016 R6 #196 (Blake Countess) | 2016 R7 #227 (Stephen Weatherly),2016 R6 #186 (Jakeem Grant),0,0,2,1,2,1,0,0,15.483203855818422,15.943040886593678,0,-1,-1,0.4598370307752564,196.0,186.0,6 | 7,6
1162,2016,2016-04-30,MIN,2,pick_only,MIA,2016 R6 #186 (Jakeem Grant),2016 R6 #196 (Blake Countess) | 2016 R7 #227 (Stephen Weatherly),0,0,1,2,1,2,0,0,15.943040886593678,15.483203855818422,0,1,1,-0.4598370307752564,186.0,196.0,6,6 | 7
1163,2016,2016-04-30,NYJ,2,pick_only,WAS,2017 R4 #114 (Samaje Perine),2016 R5 #158 (Brandon Shell),0,0,1,1,1,1,0,0,66.37833835646687,28.76089740271087,0,0,0,-37.617440953756,114.0,158.0,4,5
1163,2016,2016-04-30,WAS,2,pick_only,NYJ,2016 R5 #158 (Brandon Shell),2017 R4 #114 (Samaje Perine),0,0,1,1,1,1,0,0,28.76089740271087,66.37833835646687,0,0,0,37.617440953756,158.0,114.0,5,4
1164,2016,2016-04-30,DEN,2,pick_only,TEN,2016 R5 #157 (LeShaun Sims) | 2016 R7 #253 (Kalan Reed),2016 R6 #176 (Andy Janovich) | 2017 R6 #203 (De'Angelo Henderson),0,0,2,2,2,2,0,0,30.287853966536467,28.900315345362387,0,0,0,-1.3875386211740803,157.0,176.0,5 | 7,6
1164,2016,2016-04-30,TEN,2,pick_only,DEN,2016 R6 #176 (Andy Janovich) | 2017 R6 #203 (De'Angelo Henderson),2016 R5 #157 (LeShaun Sims) | 2016 R7 #253 (Kalan Reed),0,0,2,2,2,2,0,0,28.900315345362387,30.287853966536467,0,0,0,1.3875386211740803,176.0,157.0,6,5 | 7
1165,2016,2016-04-30,NE,2,pick_only,SEA,2016 R5 #147 (Quinton Jefferson) | 2016 R7 #243 (Kenny Lawler),2016 R7 #225 (Devin Lucien) | 2017 R4 #131 (Deatrich Wise),0,0,2,2,2,2,0,0,35.0871215046816,45.13533958598825,0,0,0,10.04821808130665,147.0,131.0,5 | 7,4 | 7
1165,2016,2016-04-30,SEA,2,pick_only,NE,2016 R7 #225 (Devin Lucien) | 2017 R4 #131 (Deatrich Wise),2016 R5 #147 (Quinton Jefferson) | 2016 R7 #243 (Kenny Lawler),0,0,2,2,2,2,0,0,45.13533958598825,35.0871215046816,0,0,0,-10.04821808130665,131.0,147.0,4 | 7,5 | 7
1166,2016,2016-04-30,MIA,2,pick_only,NE,2016 R5 #147 (Quinton Jefferson),2016 R6 #196 (Blake Countess) | 2016 R6 #204 (Jordan Lucas) | 2016 R7 #250 (Scooby Wright),0,0,1,3,1,3,0,0,33.3308693443083,22.019442562258007,0,2,2,-11.31142678205029,147.0,196.0,5,6 | 7
1166,2016,2016-04-30,NE,2,pick_only,MIA,2016 R6 #196 (Blake Countess) | 2016 R6 #204 (Jordan Lucas) | 2016 R7 #250 (Scooby Wright),2016 R5 #147 (Quinton Jefferson),0,0,3,1,3,1,0,0,22.019442562258007,33.3308693443083,0,-2,-2,11.31142678205029,196.0,147.0,6 | 7,5
1167,2016,2016-04-30,NO,2,pick_only,WAS,2016 R5 #152 (Matthew Ioannidis) | 2017 R5 #154 (Jeremy Sprinkle),2016 R4 #120 (David Onyemata),0,0,2,1,2,1,0,0,61.515202456474725,55.10815090599254,0,-1,-1,-6.407051550482187,152.0,120.0,5,4
1167,2016,2016-04-30,WAS,2,pick_only,NO,2016 R4 #120 (David Onyemata),2016 R5 #152 (Matthew Ioannidis) | 2017 R5 #154 (Jeremy Sprinkle),0,0,1,2,1,2,0,0,55.10815090599254,61.515202456474725,0,1,1,6.407051550482187,120.0,152.0,4,5
1168,2016,2016-04-30,CHI,2,pick_only,STL,2016 R4 #117 (Pharoh Cooper) | 2016 R6 #206 (Mike Thomas),2016 R4 #113 (Nick Kwiatkoski),0,0,2,1,2,1,0,0,68.57408856690887,68.46912841054362,0,-1,-1,-0.10496015636525158,117.0,113.0,4 | 6,4
1168,2016,2016-04-30,STL,2,pick_only,CHI,2016 R4 #113 (Nick Kwiatkoski),2016 R4 #117 (Pharoh Cooper) | 2016 R6 #206 (Mike Thomas),0,0,1,2,1,2,0,0,68.46912841054362,68.57408856690887,0,1,1,0.10496015636525158,113.0,117.0,4,4 | 6
1169,2016,2016-04-30,CLE,2,pick_only,OAK,2016 R4 #100 (Connor Cook),2016 R4 #114 (Ricardo Louis) | 2016 R5 #154 (Jordan Payton),0,0,1,2,1,2,0,0,102.46706518524651,96.72362441776565,0,1,1,-5.7434407674808625,100.0,114.0,4,4 | 5
1169,2016,2016-04-30,OAK,2,pick_only,CLE,2016 R4 #114 (Ricardo Louis) | 2016 R5 #154 (Jordan Payton),2016 R4 #100 (Connor Cook),0,0,2,1,2,1,0,0,96.72362441776565,102.46706518524651,0,-1,-1,5.7434407674808625,114.0,100.0,4 | 5,4
1171,2016,2016-08-16,PHI,2,player_only,TEN,Dennis Kelly,Dorial Green-Beckham,1,1,0,0,0,0,0,0,0.0,0.0,0,0,0,0.0,,,,
1171,2016,2016-08-16,TEN,2,player_only,PHI,Dorial Green-Beckham,Dennis Kelly,1,1,0,0,0,0,0,0,0.0,0.0,0,0,0,0.0,,,,
1172,2016,2016-08-25,CLE,2,player_for_draft_capital_or_mixed,NE,Barkevious Mingo,2017 R5 #175 (DeAngelo Yancey),1,0,0,1,0,1,0,0,0.0,20.23253129767865,-1,1,1,20.23253129767865,,175.0,,5
1172,2016,2016-08-25,NE,2,player_for_draft_capital_or_mixed,CLE,2017 R5 #175 (DeAngelo Yancey),Barkevious Mingo,0,1,1,0,1,0,0,0,20.23253129767865,0.0,1,-1,-1,-20.23253129767865,175.0,,5,
1173,2016,2016-08-27,KC,2,player_for_draft_capital_or_mixed,SF,2018 R7 #240 (Richie James),Kenneth Acker,0,1,1,0,1,0,0,0,2.0,0.0,1,-1,-1,-2.0,240.0,,7,
1173,2016,2016-08-27,SF,2,player_for_draft_capital_or_mixed,KC,Kenneth Acker,2018 R7 #240 (Richie James),1,0,0,1,0,1,0,0,0.0,2.0,-1,1,1,2.0,,240.0,,7
1174,2016,2016-08-29,DET,2,player_only,SF,Brandon Thomas,Jeremy Kerley,1,1,0,0,0,0,0,0,0.0,0.0,0,0,0,0.0,,,,
1174,2016,2016-08-29,SF,2,player_only,DET,Jeremy Kerley,Brandon Thomas,1,1,0,0,0,0,0,0,0.0,0.0,0,0,0,0.0,,,,
1175,2016,2016-08-29,CAR,2,player_for_draft_capital_or_mixed,CLE,2018 R4 #123 (Durham Smythe) | Kasey Redfern,2017 R7 #233 (Harrison Butker) | Andy Lee,1,1,1,1,1,1,0,0,50.21235264116127,2.7085110938737853,0,0,0,-47.50384154728748,123.0,233.0,4,7
1175,2016,2016-08-29,CLE,2,player_for_draft_capital_or_mixed,CAR,2017 R7 #233 (Harrison Butker) | Andy Lee,2018 R4 #123 (Durham Smythe) | Kasey Redfern,1,1,1,1,1,1,0,0,2.7085110938737853,50.21235264116127,0,0,0,47.50384154728748,233.0,123.0,7,4
1176,2016,2016-08-30,MIA,2,player_for_draft_capital_or_mixed,NO,Chris McCain,conditional 2017 R7,1,0,0,1,0,0,0,1,0.0,0.0,-1,1,0,0.0,,,,7
1176,2016,2016-08-30,NO,2,player_for_draft_capital_or_mixed,MIA,conditional 2017 R7,Chris McCain,0,1,1,0,0,0,1,0,0.0,0.0,1,-1,0,0.0,,,7,
1177,2016,2016-08-30,BUF,2,player_for_draft_capital_or_mixed,GB,2018 R7 #239 (Hunter Bradley),Lerentee McCray,0,1,1,0,1,0,0,0,2.0885475648548275,0.0,1,-1,-1,-2.0885475648548275,239.0,,7,
1177,2016,2016-08-30,GB,2,player_for_draft_capital_or_mixed,BUF,Lerentee McCray,2018 R7 #239 (Hunter Bradley),1,0,0,1,0,1,0,0,0.0,2.0885475648548275,-1,1,1,2.0885475648548275,,239.0,,7
1178,2016,2016-09-02,ARI,2,player_for_draft_capital_or_mixed,KC,2018 R7 #233 (Jordan Mailata),Marcus Cooper,0,1,1,0,1,0,0,0,2.7085110938737853,0.0,1,-1,-1,-2.7085110938737853,233.0,,7,
1178,2016,2016-09-02,KC,2,player_for_draft_capital_or_mixed,ARI,Marcus Cooper,2018 R7 #233 (Jordan Mailata),1,0,0,1,0,1,0,0,0.0,2.7085110938737853,-1,1,1,2.7085110938737853,,233.0,,7
1179,2016,2016-09-02,CLE,2,player_for_draft_capital_or_mixed,PIT,Justin Gilbert,2018 R6 #202 (Jack Cichy),1,0,0,1,0,1,0,0,0.0,9.464698235047209,-1,1,1,9.464698235047209,,202.0,,6
1179,2016,2016-09-02,PIT,2,player_for_draft_capital_or_mixed,CLE,2018 R6 #202 (Jack Cichy),Justin Gilbert,0,1,1,0,1,0,0,0,9.464698235047209,0.0,1,-1,-1,-9.464698235047209,202.0,,6,
1170,2016,2016-09-03,MIN,2,player_for_draft_capital_or_mixed,PHI,2017 R1 #14 (Derek Barnett) | 2018 R4 #130 (Josh Sweat),Sam Bradford,0,1,2,0,2,0,0,0,1141.862393344045,0.0,1,-2,-2,-1141.862393344045,14.0,,1 | 4,
1170,2016,2016-09-03,PHI,2,player_for_draft_capital_or_mixed,MIN,Sam Bradford,2017 R1 #14 (Derek Barnett) | 2018 R4 #130 (Josh Sweat),1,0,0,2,0,2,0,0,0.0,1141.862393344045,-1,2,2,1141.862393344045,,14.0,,1 | 4
1180,2016,2016-09-03,OAK,2,player_for_draft_capital_or_mixed,SEA,Dewey McDonald,2017 R7 #244 (Treyvon Hester),1,0,0,1,0,1,0,0,0.0,1.681792830507429,-1,1,1,1.681792830507429,,244.0,,7
1180,2016,2016-09-03,SEA,2,player_for_draft_capital_or_mixed,OAK,2017 R7 #244 (Treyvon Hester),Dewey McDonald,0,1,1,0,1,0,0,0,1.681792830507429,0.0,1,-1,-1,-1.681792830507429,244.0,,7,
1181,2016,2016-09-03,KC,2,player_for_draft_capital_or_mixed,SF,Rod Streater,2019 R7 #216 (Nick Allegretti),1,0,0,1,0,1,0,0,0.0,5.4711295994695215,-1,1,1,5.4711295994695215,,216.0,,7
1181,2016,2016-09-03,SF,2,player_for_draft_capital_or_mixed,KC,2019 R7 #216 (Nick Allegretti),Rod Streater,0,1,1,0,1,0,0,0,5.4711295994695215,0.0,1,-1,-1,-5.4711295994695215,216.0,,7,
1182,2016,2016-09-06,NE,2,player_for_draft_capital_or_mixed,PHI,2018 R4 #131 (Kalen Ballage),Eric Rowe,0,1,1,0,1,0,0,0,41.30492646319395,0.0,1,-1,-1,-41.30492646319395,131.0,,4,
1182,2016,2016-09-06,PHI,2,player_for_draft_capital_or_mixed,NE,Eric Rowe,2018 R4 #131 (Kalen Ballage),1,0,0,1,0,1,0,0,0.0,41.30492646319395,-1,1,1,41.30492646319395,,131.0,,4
1183,2016,2016-10-18,GB,2,player_for_draft_capital_or_mixed,KC,conditional 2018,Knile Davis,0,1,1,0,0,0,1,0,0.0,0.0,1,-1,0,0.0,,,,
1183,2016,2016-10-18,KC,2,player_for_draft_capital_or_mixed,GB,Knile Davis,conditional 2018,1,0,0,1,0,0,0,1,0.0,0.0,-1,1,0,0.0,,,,
1184,2016,2016-10-25,DEN,2,player_for_draft_capital_or_mixed,NE,AJ Derby,2017 R5 #163 (Matt Milano),1,0,0,1,0,1,0,0,0.0,26.238346877544192,-1,1,1,26.238346877544192,,163.0,,5
1184,2016,2016-10-25,NE,2,player_for_draft_capital_or_mixed,DEN,2017 R5 #163 (Matt Milano),AJ Derby,0,1,1,0,1,0,0,0,26.238346877544192,0.0,1,-1,-1,-26.238346877544192,163.0,,5,
1185,2016,2016-10-25,DET,2,player_for_draft_capital_or_mixed,NE,2017 R7 #239 (Noah Brown) | Kyle Van Noy,2017 R6 #215 (Brad Kaaya),1,0,1,1,1,1,0,0,2.0885475648548275,5.6895658574490495,-1,0,0,3.601018292594222,239.0,215.0,7,6
1185,2016,2016-10-25,NE,2,player_for_draft_capital_or_mixed,DET,2017 R6 #215 (Brad Kaaya),2017 R7 #239 (Noah Brown) | Kyle Van Noy,0,1,1,1,1,1,0,0,5.6895658574490495,2.0885475648548275,1,0,0,-3.601018292594222,215.0,239.0,6,7
1186,2016,2016-10-31,CLE,2,player_for_draft_capital_or_mixed,NE,2017 R3 #96 (Kenny Golladay),Jamie Collins,0,1,1,0,1,0,0,0,116.0,0.0,1,-1,-1,-116.0,96.0,,3,
1186,2016,2016-10-31,NE,2,player_for_draft_capital_or_mixed,CLE,Jamie Collins,2017 R3 #96 (Kenny Golladay),1,0,0,1,0,1,0,0,0.0,116.0,-1,1,1,116.0,,96.0,,3
1187,2016,2016-11-01,DET,2,player_for_draft_capital_or_mixed,TB,conditional 2018,Johnathan Banks,0,1,1,0,0,0,1,0,0.0,0.0,1,-1,0,0.0,,,,
1187,2016,2016-11-01,TB,2,player_for_draft_capital_or_mixed,DET,Johnathan Banks,conditional 2018,1,0,0,1,0,0,0,1,0.0,0.0,-1,1,0,0.0,,,,
1188,2017,2017-03-09,LA,2,player_for_draft_capital_or_mixed,MIA,2017 R7 #223 (Stevie Tu'ikolovatu) | William Hayes,2017 R6 #206 (Sam Rogers),1,0,1,1,1,1,0,0,4.159701029930424,8.092789911562482,-1,0,0,3.9330888816320586,223.0,206.0,7,6
1188,2017,2017-03-09,MIA,2,player_for_draft_capital_or_mixed,LA,2017 R6 #206 (Sam Rogers),2017 R7 #223 (Stevie Tu'ikolovatu) | William Hayes,0,1,1,1,1,1,0,0,8.092789911562482,4.159701029930424,1,0,0,-3.9330888816320586,206.0,223.0,6,7
1189,2017,2017-03-09,IND,2,player_for_draft_capital_or_mixed,NE,2017 R6 #200 (Adam Bisnowaty) | Dwayne Allen,2017 R4 #137 (Zach Banner),1,0,1,1,1,1,0,0,10.235546239926343,38.1126063083793,-1,0,0,27.877060068452955,200.0,137.0,6,4
1189,2017,2017-03-09,NE,2,player_for_draft_capital_or_mixed,IND,2017 R4 #137 (Zach Banner),2017 R6 #200 (Adam Bisnowaty) | Dwayne Allen,0,1,1,1,1,1,0,0,38.1126063083793,10.235546239926343,1,0,0,-27.877060068452955,137.0,200.0,4,6
1190,2017,2017-03-09,JAX,2,player_for_draft_capital_or_mixed,MIA,conditional 2018,Branden Albert,0,1,1,0,0,0,1,0,0.0,0.0,1,-1,0,0.0,,,,
1190,2017,2017-03-09,MIA,2,player_for_draft_capital_or_mixed,JAX,Branden Albert,conditional 2018,1,0,0,1,0,0,0,1,0.0,0.0,-1,1,0,0.0,,,,
1191,2017,2017-03-09,JAX,2,player_for_draft_capital_or_mixed,MIA,Julius Thomas,2017 R7 #240 (Marquez Williams),1,0,0,1,0,1,0,0,0.0,2.0,-1,1,1,2.0,,240.0,,7
1191,2017,2017-03-09,MIA,2,player_for_draft_capital_or_mixed,JAX,2017 R7 #240 (Marquez Williams),Julius Thomas,0,1,1,0,1,0,0,0,2.0,0.0,1,-1,-1,-2.0,240.0,,7,
1192,2017,2017-03-09,CLE,2,player_for_draft_capital_or_mixed,HOU,2017 R4 #142 (Carlos Watkins),2017 R6 #188 (Elijah McGuire) | 2018 R2 #35 (Nick Chubb) | Brock Osweiler,0,1,1,2,1,2,0,0,35.6416371851189,563.5756208516926,1,1,1,527.9339836665737,142.0,35.0,4,2 | 6
1192,2017,2017-03-09,HOU,2,player_for_draft_capital_or_mixed,CLE,2017 R6 #188 (Elijah McGuire) | 2018 R2 #35 (Nick Chubb) | Brock Osweiler,2017 R4 #142 (Carlos Watkins),1,0,2,1,2,1,0,0,563.5756208516926,35.6416371851189,-1,-1,-1,-527.9339836665737,35.0,142.0,2 | 6,4
1193,2017,2017-03-10,NE,2,player_for_draft_capital_or_mixed,NO,2017 R1 #32 (Ryan Ramczyk) | 2017 R3 #103 (Trey Hendrickson),2017 R4 #118 (Mack Hollins) | Brandin Cooks,0,1,2,1,2,1,0,0,683.3639094507699,58.63442692465892,1,-1,-1,-624.729482526111,32.0,118.0,1 | 3,4
1193,2017,2017-03-10,NO,2,player_for_draft_capital_or_mixed,NE,2017 R4 #118 (Mack Hollins) | Brandin Cooks,2017 R1 #32 (Ryan Ramczyk) | 2017 R3 #103 (Trey Hendrickson),1,0,1,2,1,2,0,0,58.63442692465892,683.3639094507699,-1,1,1,624.729482526111,118.0,32.0,4,1 | 3
1194,2017,2017-03-10,CAR,2,player_for_draft_capital_or_mixed,NE,2017 R3 #72 (Taywan Taylor) | Kony Ealy,2017 R2 #64 (Taylor Moton),1,0,1,1,1,1,0,0,218.59353855994584,270.0,-1,0,0,51.40646144005416,72.0,64.0,3,2
1194,2017,2017-03-10,NE,2,player_for_draft_capital_or_mixed,CAR,2017 R2 #64 (Taylor Moton),2017 R3 #72 (Taywan Taylor) | Kony Ealy,0,1,1,1,1,1,0,0,270.0,218.59353855994584,1,0,0,-51.40646144005416,64.0,72.0,2,3
1195,2017,2017-04-27,CHI,2,pick_only,SF,2017 R1 #3 (Solomon Thomas) | 2017 R3 #67 (Alvin Kamara) | 2017 R4 #111 (Tedric Thompson) | 2018 R3 #70 (Fred Warner),2017 R1 #2 (Mitchell Trubisky),0,0,4,1,4,1,0,0,2752.736365139703,2600.0,0,-3,-3,-152.73636513970314,3.0,2.0,1 | 3 | 4,1
1195,2017,2017-04-27,SF,2,pick_only,CHI,2017 R1 #2 (Mitchell Trubisky),2017 R1 #3 (Solomon Thomas) | 2017 R3 #67 (Alvin Kamara) | 2017 R4 #111 (Tedric Thompson) | 2018 R3 #70 (Fred Warner),0,0,1,4,1,4,0,0,2600.0,2752.736365139703,0,3,3,152.73636513970314,2.0,3.0,1,1 | 3 | 4
1196,2017,2017-04-27,BUF,2,pick_only,KC,2017 R1 #10 (Patrick Mahomes),2017 R1 #27 (Tre'Davious White) | 2017 R3 #91 (John Johnson) | 2018 R1 #22 (Rashaan Evans),0,0,1,3,1,3,0,0,1300.0,1592.3692220788612,0,2,2,292.3692220788612,10.0,22.0,1,1 | 3
1196,2017,2017-04-27,KC,2,pick_only,BUF,2017 R1 #27 (Tre'Davious White) | 2017 R3 #91 (John Johnson) | 2018 R1 #22 (Rashaan Evans),2017 R1 #10 (Patrick Mahomes),0,0,3,1,3,1,0,0,1592.3692220788612,1300.0,0,-2,-2,-292.3692220788612,22.0,10.0,1 | 3,1
1197,2017,2017-04-27,CLE,2,pick_only,HOU,2017 R1 #12 (Deshaun Watson),2017 R1 #25 (Jabrill Peppers) | 2018 R1 #4 (Denzel Ward),0,0,1,2,1,2,0,0,1200.0,2520.0,0,1,1,1320.0,12.0,4.0,1,1
1197,2017,2017-04-27,HOU,2,pick_only,CLE,2017 R1 #25 (Jabrill Peppers) | 2018 R1 #4 (Denzel Ward),2017 R1 #12 (Deshaun Watson),0,0,2,1,2,1,0,0,2520.0,1200.0,0,-1,-1,-1320.0,4.0,12.0,1,1
1198,2017,2017-04-27,ATL,2,pick_only,SEA,2017 R1 #31 (Reuben Foster) | 2017 R3 #95 (Lano Hill) | 2017 R7 #249 (Chris Carson),2017 R1 #26 (Takkarist McKinley),0,0,3,1,3,1,0,0,720.4575555549198,700.0,0,-2,-2,-20.45755555491985,31.0,26.0,1 | 3 | 7,1
1198,2017,2017-04-27,SEA,2,pick_only,ATL,2017 R1 #26 (Takkarist McKinley),2017 R1 #31 (Reuben Foster) | 2017 R3 #95 (Lano Hill) | 2017 R7 #249 (Chris Carson),0,0,1,3,1,3,0,0,700.0,720.4575555549198,0,2,2,20.45755555491985,26.0,31.0,1,1 | 3 | 7
1199,2017,2017-04-27,CLE,2,pick_only,GB,2017 R2 #33 (Kevin King) | 2017 R4 #108 (Vince Biegel),2017 R1 #29 (David Njoku),0,0,2,1,2,1,0,0,655.7154033039722,640.0,0,-1,-1,-15.715403303972153,33.0,29.0,2 | 4,1
1199,2017,2017-04-27,GB,2,pick_only,CLE,2017 R1 #29 (David Njoku),2017 R2 #33 (Kevin King) | 2017 R4 #108 (Vince Biegel),0,0,1,2,1,2,0,0,640.0,655.7154033039722,0,1,1,15.715403303972153,29.0,33.0,1,2 | 4
1200,2017,2017-04-27,SEA,2,pick_only,SF,2017 R1 #31 (Reuben Foster),2017 R2 #34 (Cam Robinson) | 2017 R4 #111 (Tedric Thompson),0,0,1,2,1,2,0,0,600.0,634.7179593490278,0,1,1,34.71795934902775,31.0,34.0,1,2 | 4
1200,2017,2017-04-27,SF,2,pick_only,SEA,2017 R2 #34 (Cam Robinson) | 2017 R4 #111 (Tedric Thompson),2017 R1 #31 (Reuben Foster),0,0,2,1,2,1,0,0,634.7179593490278,600.0,0,-1,-1,-34.71795934902775,34.0,31.0,2 | 4,1
1201,2017,2017-04-28,JAX,2,pick_only,SEA,2017 R2 #35 (Malik McDowell) | 2017 R6 #187 (Michael Tyson),2017 R2 #34 (Cam Robinson),0,0,2,1,2,1,0,0,563.9099269907216,561.8676088948529,0,-1,-1,-2.0423180958687226,35.0,34.0,2 | 6,2
1201,2017,2017-04-28,SEA,2,pick_only,JAX,2017 R2 #34 (Cam Robinson),2017 R2 #35 (Malik McDowell) | 2017 R6 #187 (Michael Tyson),0,0,1,2,1,2,0,0,561.8676088948529,563.9099269907216,0,1,1,2.0423180958687226,34.0,35.0,2,2 | 6
1202,2017,2017-04-28,ARI,2,pick_only,CHI,2017 R2 #45 (Adam Shaheen) | 2017 R4 #119 (Tarik Cohen) | 2017 R6 #197 (Jeremy Clark) | 2018 R4 #115 (Joel Iyiegbuniwe),2017 R2 #36 (Budda Baker),0,0,4,1,4,1,0,0,562.1785159864763,535.0766269918975,0,-3,-3,-27.10188899457887,45.0,36.0,2 | 4 | 6,2
1202,2017,2017-04-28,CHI,2,pick_only,ARI,2017 R2 #36 (Budda Baker),2017 R2 #45 (Adam Shaheen) | 2017 R4 #119 (Tarik Cohen) | 2017 R6 #197 (Jeremy Clark) | 2018 R4 #115 (Joel Iyiegbuniwe),0,0,1,4,1,4,0,0,535.0766269918975,562.1785159864763,0,3,3,27.10188899457887,36.0,45.0,2,2 | 4 | 6
1203,2017,2017-04-28,BUF,2,pick_only,LA,2017 R2 #44 (Gerald Everett) | 2017 R3 #91 (John Johnson),2017 R2 #37 (Zay Jones) | 2017 R5 #149 (Damontae Kazee),0,0,2,2,2,2,0,0,572.4616728309138,554.6131246831899,0,0,0,-17.848548147723932,44.0,37.0,2 | 3,2 | 5
1203,2017,2017-04-28,LA,2,pick_only,BUF,2017 R2 #37 (Zay Jones) | 2017 R5 #149 (Damontae Kazee),2017 R2 #44 (Gerald Everett) | 2017 R3 #91 (John Johnson),0,0,2,2,2,2,0,0,554.6131246831899,572.4616728309138,0,0,0,17.848548147723932,37.0,44.0,2 | 5,2 | 3
1204,2017,2017-04-28,CIN,2,pick_only,MIN,2017 R2 #41 (Dalvin Cook),2017 R2 #48 (Joe Mixon) | 2017 R4 #128 (Josh Malone),0,0,1,2,1,2,0,0,473.5555622055335,442.1240408695021,0,1,1,-31.43152133603138,41.0,48.0,2,2 | 4
1204,2017,2017-04-28,MIN,2,pick_only,CIN,2017 R2 #48 (Joe Mixon) | 2017 R4 #128 (Josh Malone),2017 R2 #41 (Dalvin Cook),0,0,2,1,2,1,0,0,442.1240408695021,473.5555622055335,0,-1,-1,31.43152133603138,48.0,41.0,2 | 4,2
1205,2017,2017-04-28,ATL,2,pick_only,BUF,2017 R2 #63 (Dion Dawkins),2017 R3 #75 (Duke Riley) | 2017 R5 #149 (Damontae Kazee) | 2017 R5 #156 (Brian Hill),0,0,1,3,1,3,0,0,276.6768177349749,263.93970264080866,0,2,2,-12.737115094166256,63.0,75.0,2,3 | 5
1205,2017,2017-04-28,BUF,2,pick_only,ATL,2017 R3 #75 (Duke Riley) | 2017 R5 #149 (Damontae Kazee) | 2017 R5 #156 (Brian Hill),2017 R2 #63 (Dion Dawkins),0,0,3,1,3,1,0,0,263.93970264080866,276.6768177349749,0,-2,-2,12.737115094166256,75.0,63.0,3 | 5,2
1206,2017,2017-04-28,NO,2,pick_only,SF,2017 R7 #229 (Adrian Colbert) | 2018 R2 #59 (Derrius Guice),2017 R3 #67 (Alvin Kamara),0,0,2,1,2,1,0,0,308.2975140593798,249.44014354004796,0,-1,-1,-58.85737051933185,59.0,67.0,2 | 7,3
1206,2017,2017-04-28,SF,2,pick_only,NO,2017 R3 #67 (Alvin Kamara),2017 R7 #229 (Adrian Colbert) | 2018 R2 #59 (Derrius Guice),0,0,1,2,1,2,0,0,249.44014354004796,308.2975140593798,0,1,1,58.85737051933185,67.0,59.0,3,2 | 7
1207,2017,2017-04-28,MIN,2,pick_only,NYJ,2017 R3 #79 (ArDarius Stewart) | 2017 R5 #160 (Roderick Johnson),2017 R3 #70 (Pat Elflein),0,0,2,1,2,1,0,0,209.70910201648016,230.4458711454806,0,-1,-1,20.736769129000436,79.0,70.0,3 | 5,3
1207,2017,2017-04-28,NYJ,2,pick_only,MIN,2017 R3 #70 (Pat Elflein),2017 R3 #79 (ArDarius Stewart) | 2017 R5 #160 (Roderick Johnson),0,0,1,2,1,2,0,0,230.4458711454806,209.70910201648016,0,1,1,-20.736769129000436,70.0,79.0,3,3 | 5
1208,2017,2017-04-28,NE,2,pick_only,TEN,2017 R3 #72 (Taywan Taylor) | 2017 R6 #200 (Adam Bisnowaty),2017 R3 #83 (Derek Rivers) | 2017 R4 #124 (Jalen Reeves-Maybin),0,0,2,2,2,2,0,0,228.8290847998722,212.17743837464928,0,0,0,-16.651646425222907,72.0,83.0,3 | 6,3 | 4
1208,2017,2017-04-28,TEN,2,pick_only,NE,2017 R3 #83 (Derek Rivers) | 2017 R4 #124 (Jalen Reeves-Maybin),2017 R3 #72 (Taywan Taylor) | 2017 R6 #200 (Adam Bisnowaty),0,0,2,2,2,2,0,0,212.17743837464928,228.8290847998722,0,0,0,16.651646425222907,83.0,72.0,3 | 4,3 | 6
1209,2017,2017-04-28,ARI,2,pick_only,CAR,2017 R3 #77 (Daeshon Hall),2017 R3 #98 (Chad Williams) | 2017 R4 #115 (Dorian Johnson),0,0,1,2,1,2,0,0,191.56152823688092,173.3751500463614,0,1,1,-18.18637819051952,77.0,98.0,3,3 | 4
1209,2017,2017-04-28,CAR,2,pick_only,ARI,2017 R3 #98 (Chad Williams) | 2017 R4 #115 (Dorian Johnson),2017 R3 #77 (Daeshon Hall),0,0,2,1,2,1,0,0,173.3751500463614,191.56152823688092,0,-1,-1,18.18637819051952,98.0,77.0,3 | 4,3
1210,2017,2017-04-28,DET,2,pick_only,NE,2017 R3 #85 (Antonio Garcia),2017 R3 #96 (Kenny Golladay) | 2017 R4 #124 (Jalen Reeves-Maybin),0,0,1,2,1,2,0,0,155.0893048490769,164.67905595795463,0,1,1,9.58975110887772,85.0,96.0,3,3 | 4
1210,2017,2017-04-28,NE,2,pick_only,DET,2017 R3 #96 (Kenny Golladay) | 2017 R4 #124 (Jalen Reeves-Maybin),2017 R3 #85 (Antonio Garcia),0,0,2,1,2,1,0,0,164.67905595795463,155.0893048490769,0,-1,-1,-9.58975110887772,96.0,85.0,3 | 4,3
1211,2017,2017-04-28,KC,2,pick_only,MIN,2017 R3 #104 (C.J. Beathard) | 2017 R4 #132 (Donnel Pumphrey) | 2017 R7 #245 (Jack Tocho),2017 R3 #86 (Kareem Hunt),0,0,3,1,3,1,0,0,132.87829977925318,151.0483702910592,0,-2,-2,18.170070511806017,104.0,86.0,3 | 4 | 7,3
1211,2017,2017-04-28,MIN,2,pick_only,KC,2017 R3 #86 (Kareem Hunt),2017 R3 #104 (C.J. Beathard) | 2017 R4 #132 (Donnel Pumphrey) | 2017 R7 #245 (Jack Tocho),0,0,1,3,1,3,0,0,151.0483702910592,132.87829977925318,0,2,2,-18.170070511806017,86.0,104.0,3,3 | 4 | 7
1212,2017,2017-04-28,MIN,2,pick_only,SF,2017 R3 #104 (C.J. Beathard),2017 R4 #109 (Jaleel Johnson) | 2017 R7 #219 (Stacy Coley),0,0,1,2,1,2,0,0,90.51292627308231,82.37678247628553,0,1,1,-8.136143796796787,104.0,109.0,3,4 | 7
1212,2017,2017-04-28,SF,2,pick_only,MIN,2017 R4 #109 (Jaleel Johnson) | 2017 R7 #219 (Stacy Coley),2017 R3 #104 (C.J. Beathard),0,0,2,1,2,1,0,0,82.37678247628553,90.51292627308231,0,-1,-1,8.136143796796787,109.0,104.0,4 | 7,3
1213,2017,2017-04-28,NYJ,2,pick_only,TB,2017 R3 #107 (Kendell Beckwith),2017 R4 #125 (Samson Ebukam) | 2017 R6 #204 (Derrick Jones),0,0,1,2,1,2,0,0,82.47177410035772,55.94448386987696,0,1,1,-26.52729023048076,107.0,125.0,3,4 | 6
1213,2017,2017-04-28,TB,2,pick_only,NYJ,2017 R4 #125 (Samson Ebukam) | 2017 R6 #204 (Derrick Jones),2017 R3 #107 (Kendell Beckwith),0,0,2,1,2,1,0,0,55.94448386987696,82.47177410035772,0,-1,-1,26.52729023048076,125.0,107.0,4 | 6,3
1214,2017,2017-04-28,KC,2,player_for_draft_capital_or_mixed,NE,2017 R6 #216 (Marquez White) | James O'Shaughnessy,2017 R5 #183 (Ukeme Eligwe),1,0,1,1,1,1,0,0,5.4711295994695215,17.013463039726563,-1,0,0,11.542333440257043,216.0,183.0,6,5
1214,2017,2017-04-28,NE,2,player_for_draft_capital_or_mixed,KC,2017 R5 #183 (Ukeme Eligwe),2017 R6 #216 (Marquez White) | James O'Shaughnessy,0,1,1,1,1,1,0,0,17.013463039726563,5.4711295994695215,1,0,0,-11.542333440257043,183.0,216.0,5,6
1215,2017,2017-04-29,DEN,2,player_for_draft_capital_or_mixed,SF,2017 R5 #177 (Trent Taylor) | Kapri Bibbs,2018 R4 #109 (Troy Apke),1,0,1,1,1,1,0,0,19.374738347493643,77.5119193788194,-1,0,0,58.13718103132575,177.0,109.0,5,4
1215,2017,2017-04-29,SF,2,player_for_draft_capital_or_mixed,DEN,2018 R4 #109 (Troy Apke),2017 R5 #177 (Trent Taylor) | Kapri Bibbs,0,1,1,1,1,1,0,0,77.5119193788194,19.374738347493643,1,0,0,-58.13718103132575,109.0,177.0,4,5
1216,2017,2017-04-29,CHI,2,pick_only,LA,2017 R4 #117 (Josh Reynolds) | 2017 R6 #197 (Jeremy Clark),2017 R4 #112 (Eddie Jackson),0,0,2,1,2,1,0,0,71.9924139484299,70.6257743320383,0,-1,-1,-1.3666396163915948,117.0,112.0,4 | 6,4
1216,2017,2017-04-29,LA,2,pick_only,CHI,2017 R4 #112 (Eddie Jackson),2017 R4 #117 (Josh Reynolds) | 2017 R6 #197 (Jeremy Clark),0,0,1,2,1,2,0,0,70.6257743320383,71.9924139484299,0,1,1,1.3666396163915948,112.0,117.0,4,4 | 6
1217,2017,2017-04-29,IND,2,pick_only,SF,2017 R4 #121 (Joe Williams),2017 R4 #143 (Marlon Mack) | 2017 R5 #161 (Anthony Walker),0,0,1,2,1,2,0,0,53.42535492935984,62.56702768124953,0,1,1,9.141672751889686,121.0,143.0,4,4 | 5
1217,2017,2017-04-29,SF,2,pick_only,IND,2017 R4 #143 (Marlon Mack) | 2017 R5 #161 (Anthony Walker),2017 R4 #121 (Joe Williams),0,0,2,1,2,1,0,0,62.56702768124953,53.42535492935984,0,-1,-1,-9.141672751889686,143.0,121.0,4 | 5,4
1218,2017,2017-04-29,LA,2,pick_only,NYJ,2017 R4 #141 (Chad Hansen) | 2017 R6 #197 (Jeremy Clark),2017 R4 #125 (Samson Ebukam),0,0,2,1,2,1,0,0,47.63378546896955,47.192580397341786,0,-1,-1,-0.44120507162776335,141.0,125.0,4 | 6,4
1218,2017,2017-04-29,NYJ,2,pick_only,LA,2017 R4 #125 (Samson Ebukam),2017 R4 #141 (Chad Hansen) | 2017 R6 #197 (Jeremy Clark),0,0,1,2,1,2,0,0,47.192580397341786,47.63378546896955,0,1,1,0.44120507162776335,125.0,141.0,4,4 | 6
1219,2017,2017-04-29,CLE,2,pick_only,DEN,2017 R5 #145 (Jake Butt) | 2017 R5 #175 (DeAngelo Yancey),2017 R4 #126 (Howard Wilson) | 2017 R7 #252 (Matthew Dayes),0,0,2,2,2,2,0,0,54.46916392463622,46.940703333072456,0,0,0,-7.528460591563764,145.0,126.0,5,4 | 7
1219,2017,2017-04-29,DEN,2,pick_only,CLE,2017 R4 #126 (Howard Wilson) | 2017 R7 #252 (Matthew Dayes),2017 R5 #145 (Jake Butt) | 2017 R5 #175 (DeAngelo Yancey),0,0,2,2,2,2,0,0,46.940703333072456,54.46916392463622,0,0,0,7.528460591563764,126.0,145.0,4 | 7,5
1220,2017,2017-04-29,MIN,2,pick_only,PHI,2017 R4 #132 (Donnel Pumphrey),2017 R4 #139 (Jehu Chesson) | 2017 R7 #230 (Josh Harvey-Clemons),0,0,1,2,1,2,0,0,40.75488317422161,40.18872203798097,0,1,1,-0.5661611362406376,132.0,139.0,4,4 | 7
1220,2017,2017-04-29,PHI,2,pick_only,MIN,2017 R4 #139 (Jehu Chesson) | 2017 R7 #230 (Josh Harvey-Clemons),2017 R4 #132 (Donnel Pumphrey),0,0,2,1,2,1,0,0,40.18872203798097,40.75488317422161,0,-1,-1,0.5661611362406376,139.0,132.0,4 | 7,4
1221,2017,2017-04-29,KC,2,pick_only,MIN,2017 R5 #170 (Rodney Adams) | 2017 R5 #180 (Danny Isidora),2017 R4 #139 (Jehu Chesson),0,0,2,1,2,1,0,0,40.70261841240369,37.10430038716509,0,-1,-1,-3.598318025238598,170.0,139.0,5,4
1221,2017,2017-04-29,MIN,2,pick_only,KC,2017 R4 #139 (Jehu Chesson),2017 R5 #170 (Rodney Adams) | 2017 R5 #180 (Danny Isidora),0,0,1,2,1,2,0,0,37.10430038716509,40.70261841240369,0,1,1,3.598318025238598,139.0,170.0,4,5
1222,2017,2017-04-29,PHI,2,pick_only,TEN,2017 R5 #155 (Jayon Brown),2017 R5 #164 (Isaac Asiata) | 2017 R6 #214 (Elijah Qualls),0,0,1,2,1,2,0,0,29.941188478294087,31.592836449002743,0,1,1,1.6516479707086553,155.0,164.0,5,5 | 6
1222,2017,2017-04-29,TEN,2,pick_only,PHI,2017 R5 #164 (Isaac Asiata) | 2017 R6 #214 (Elijah Qualls),2017 R5 #155 (Jayon Brown),0,0,2,1,2,1,0,0,31.592836449002743,29.941188478294087,0,-1,-1,-1.6516479707086553,164.0,155.0,5 | 6,5
1223,2017,2017-04-29,CLE,2,pick_only,NYJ,2017 R5 #181 (Dylan Donahue) | 2017 R6 #188 (Elijah McGuire),2017 R5 #160 (Roderick Johnson) | 2017 R7 #224 (Zane Gonzalez),0,0,2,2,2,2,0,0,33.03382165799786,32.0,0,0,0,-1.033821657997862,181.0,160.0,5 | 6,5 | 7
1223,2017,2017-04-29,NYJ,2,pick_only,CLE,2017 R5 #160 (Roderick Johnson) | 2017 R7 #224 (Zane Gonzalez),2017 R5 #181 (Dylan Donahue) | 2017 R6 #188 (Elijah McGuire),0,0,2,2,2,2,0,0,32.0,33.03382165799786,0,0,0,1.033821657997862,160.0,181.0,5 | 7,5 | 6
1224,2017,2017-04-29,MIA,2,pick_only,PHI,2017 R5 #166 (Shelton Gibson) | 2017 R5 #184 (Nathan Gerry),2017 R5 #164 (Isaac Asiata) | 2017 R6 #194 (Vincent Taylor),0,0,2,2,2,2,0,0,41.236429855264284,38.62176087568423,0,0,0,-2.6146689795800526,166.0,164.0,5,5 | 6
1224,2017,2017-04-29,PHI,2,pick_only,MIA,2017 R5 #164 (Isaac Asiata) | 2017 R6 #194 (Vincent Taylor),2017 R5 #166 (Shelton Gibson) | 2017 R5 #184 (Nathan Gerry),0,0,2,2,2,2,0,0,38.62176087568423,41.236429855264284,0,0,0,2.6146689795800526,164.0,166.0,5 | 6,5
1225,2017,2017-04-29,DEN,2,pick_only,GB,2017 R5 #175 (DeAngelo Yancey) | 2017 R7 #238 (Devante Mays),2017 R5 #172 (Isaiah McKenzie),0,0,2,1,2,1,0,0,22.413546763009165,21.590951555711165,0,-1,-1,-0.8225952072980007,175.0,172.0,5 | 7,5
1225,2017,2017-04-29,GB,2,pick_only,DEN,2017 R5 #172 (Isaiah McKenzie),2017 R5 #175 (DeAngelo Yancey) | 2017 R7 #238 (Devante Mays),0,0,1,2,1,2,0,0,21.590951555711165,22.413546763009165,0,1,1,0.8225952072980007,172.0,175.0,5,5 | 7
1226,2017,2017-04-29,DAL,2,pick_only,NYJ,2018 R5 #157 (Tyler Conklin),2017 R6 #191 (Xavier Woods),0,0,1,1,1,1,0,0,29.149065331779774,14.306560081157631,0,0,0,-14.842505250622143,157.0,191.0,5,6
1226,2017,2017-04-29,NYJ,2,pick_only,DAL,2017 R6 #191 (Xavier Woods),2018 R5 #157 (Tyler Conklin),0,0,1,1,1,1,0,0,14.306560081157631,29.149065331779774,0,0,0,14.842505250622143,191.0,157.0,6,5
1227,2017,2017-04-29,MIN,2,pick_only,WAS,2017 R6 #199 (Chase Roullier) | 2017 R7 #230 (Josh Harvey-Clemons),2017 R6 #201 (Bucky Hodges) | 2017 R7 #220 (Ifeadi Odenigbo),0,0,2,2,2,2,0,0,13.728624709846406,14.520667931411456,0,0,0,0.7920432215650504,199.0,201.0,6 | 7,6 | 7
1227,2017,2017-04-29,WAS,2,pick_only,MIN,2017 R6 #201 (Bucky Hodges) | 2017 R7 #220 (Ifeadi Odenigbo),2017 R6 #199 (Chase Roullier) | 2017 R7 #230 (Josh Harvey-Clemons),0,0,2,2,2,2,0,0,14.520667931411456,13.728624709846406,0,0,0,-0.7920432215650504,201.0,199.0,6 | 7,6 | 7
1228,2017,2017-04-29,NYG,2,pick_only,TEN,2017 R6 #207 (Brandon Wilson) | 2017 R7 #241 (Khalfani Muhammad),2017 R6 #200 (Adam Bisnowaty),0,0,2,1,2,1,0,0,9.697294604102318,10.235546239926343,0,-1,-1,0.5382516358240252,207.0,200.0,6 | 7,6
1228,2017,2017-04-29,TEN,2,pick_only,NYG,2017 R6 #200 (Adam Bisnowaty),2017 R6 #207 (Brandon Wilson) | 2017 R7 #241 (Khalfani Muhammad),0,0,1,2,1,2,0,0,10.235546239926343,9.697294604102318,0,1,1,-0.5382516358240252,200.0,207.0,6,6 | 7
1229,2017,2017-04-29,CIN,2,pick_only,TEN,2017 R6 #217 (Corey Levin) | 2017 R7 #227 (Josh Carraway),2017 R6 #207 (Brandon Wilson),0,0,2,1,2,1,0,0,8.773583960944716,7.782088042705171,0,-1,-1,-0.9914959182395453,217.0,207.0,6 | 7,6
1229,2017,2017-04-29,TEN,2,pick_only,CIN,2017 R6 #207 (Brandon Wilson),2017 R6 #217 (Corey Levin) | 2017 R7 #227 (Josh Carraway),0,0,1,2,1,2,0,0,7.782088042705171,8.773583960944716,0,1,1,0.9914959182395453,207.0,217.0,6,6 | 7
1230,2017,2017-04-29,ARI,2,pick_only,OAK,2017 R7 #221 (Shalom Luani) | 2017 R7 #231 (Jylan Ware),2017 R6 #208 (Rudy Ford),0,0,2,1,2,1,0,0,7.452138263514387,7.483314773547881,0,-1,-1,0.031176510033493976,221.0,208.0,7,6
1230,2017,2017-04-29,OAK,2,pick_only,ARI,2017 R6 #208 (Rudy Ford),2017 R7 #221 (Shalom Luani) | 2017 R7 #231 (Jylan Ware),0,0,1,2,1,2,0,0,7.483314773547881,7.452138263514387,0,1,1,-0.031176510033493976,208.0,221.0,6,7
1231,2017,2017-04-29,DAL,2,pick_only,NE,2017 R6 #211 (Conor McDermott),2017 R6 #216 (Marquez White) | 2017 R7 #239 (Noah Brown),0,0,1,2,1,2,0,0,6.6540741224784865,7.5596771643243486,0,1,1,0.905603041845862,211.0,216.0,6,6 | 7
1231,2017,2017-04-29,NE,2,pick_only,DAL,2017 R6 #216 (Marquez White) | 2017 R7 #239 (Noah Brown),2017 R6 #211 (Conor McDermott),0,0,2,1,2,1,0,0,7.5596771643243486,6.6540741224784865,0,-1,-1,-0.905603041845862,216.0,211.0,6 | 7,6
1232,2017,2017-04-29,MIA,2,pick_only,TB,2017 R7 #223 (Stevie Tu'ikolovatu),2017 R7 #237 (Isaiah Ford) | 2018 R7 #223 (Jullian Taylor),0,0,1,2,1,2,0,0,4.159701029930424,6.437278299443807,0,1,1,2.277577269513383,223.0,223.0,7,7
1232,2017,2017-04-29,TB,2,pick_only,MIA,2017 R7 #237 (Isaiah Ford) | 2018 R7 #223 (Jullian Taylor),2017 R7 #223 (Stevie Tu'ikolovatu),0,0,2,1,2,1,0,0,6.437278299443807,4.159701029930424,0,-1,-1,-2.277577269513383,223.0,223.0,7,7
1233,2017,2017-06-01,CLE,2,player_only,NYJ,DeMario Davis,Calvin Pryor,1,1,0,0,0,0,0,0,0.0,0.0,0,0,0,0.0,,,,
1233,2017,2017-06-01,NYJ,2,player_only,CLE,Calvin Pryor,DeMario Davis,1,1,0,0,0,0,0,0,0.0,0.0,0,0,0,0.0,,,,
1234,2017,2017-06-15,DET,2,player_for_draft_capital_or_mixed,LA,2018 R6 #194 (Russell Gage),Greg Robinson,0,1,1,0,1,0,0,0,12.94564766595343,0.0,1,-1,-1,-12.94564766595343,194.0,,6,
1234,2017,2017-06-15,LA,2,player_for_draft_capital_or_mixed,DET,Greg Robinson,2018 R6 #194 (Russell Gage),1,0,0,1,0,1,0,0,0.0,12.94564766595343,-1,1,1,12.94564766595343,,194.0,,6
1235,2017,2017-07-26,DEN,2,player_for_draft_capital_or_mixed,PHI,2019 R7 #222 (Kerrith Whyte),Allen Barbre,0,1,1,0,1,0,0,0,4.325778164601057,0.0,1,-1,-1,-4.325778164601057,222.0,,7,
1235,2017,2017-07-26,PHI,2,player_for_draft_capital_or_mixed,DEN,Allen Barbre,2019 R7 #222 (Kerrith Whyte),1,0,0,1,0,1,0,0,0.0,4.325778164601057,-1,1,1,4.325778164601057,,222.0,,7
1236,2017,2017-07-26,BUF,2,player_for_draft_capital_or_mixed,LAC,Cardale Jones,conditional 2019 R7,1,0,0,1,0,0,0,1,0.0,0.0,-1,1,0,0.0,,,,7
1236,2017,2017-07-26,LAC,2,player_for_draft_capital_or_mixed,BUF,conditional 2019 R7,Cardale Jones,0,1,1,0,0,0,1,0,0.0,0.0,1,-1,0,0.0,,,7,
1237,2017,2017-07-28,KC,2,player_only,SEA,DJ Alexander,Kevin Pierre-Louis,1,1,0,0,0,0,0,0,0.0,0.0,0,0,0,0.0,,,,
1237,2017,2017-07-28,SEA,2,player_only,KC,Kevin Pierre-Louis,DJ Alexander,1,1,0,0,0,0,0,0,0.0,0.0,0,0,0,0.0,,,,
1238,2017,2017-08-11,BUF,2,player_for_draft_capital_or_mixed,LA,2018 R6 #195 (Sebastian Joseph) | Sammy Watkins,2018 R2 #56 (Duke Dawson) | EJ Gaines,1,1,1,1,1,1,0,0,12.448632796256481,328.2735003541492,0,0,0,315.8248675578927,195.0,56.0,6,2
1238,2017,2017-08-11,LA,2,player_for_draft_capital_or_mixed,BUF,2018 R2 #56 (Duke Dawson) | EJ Gaines,2018 R6 #195 (Sebastian Joseph) | Sammy Watkins,1,1,1,1,1,1,0,0,328.2735003541492,12.448632796256481,0,0,0,-315.8248675578927,56.0,195.0,2,6
1239,2017,2017-08-11,BUF,2,player_for_draft_capital_or_mixed,PHI,Ronald Darby,2018 R3 #96 (Harrison Phillips) | Jordan Matthews,1,1,0,1,0,1,0,0,0.0,116.0,0,1,1,116.0,,96.0,,3
1239,2017,2017-08-11,PHI,2,player_for_draft_capital_or_mixed,BUF,2018 R3 #96 (Harrison Phillips) | Jordan Matthews,Ronald Darby,1,1,1,0,1,0,0,0,116.0,0.0,0,-1,-1,-116.0,96.0,,3,
1240,2017,2017-08-22,PHI,2,player_for_draft_capital_or_mixed,SEA,2018 R7 #250 (Ryan Izzo) | Matt Tobin,2018 R5 #156 (Troy Fumagalli),1,0,1,1,1,1,0,0,1.2968395546510096,29.54247212175932,-1,0,0,28.245632567108313,250.0,156.0,7,5
1240,2017,2017-08-22,SEA,2,player_for_draft_capital_or_mixed,PHI,2018 R5 #156 (Troy Fumagalli),2018 R7 #250 (Ryan Izzo) | Matt Tobin,0,1,1,1,1,1,0,0,29.54247212175932,1.2968395546510096,1,0,0,-28.245632567108313,156.0,250.0,5,7
1269,2017,2017-08-24,PIT,2,player_only,WAS,Lucas Crowley,Dashaun Phillips,1,1,0,0,0,0,0,0,0.0,0.0,0,0,0,0.0,,,,
1269,2017,2017-08-24,WAS,2,player_only,PIT,Dashaun Phillips,Lucas Crowley,1,1,0,0,0,0,0,0,0.0,0.0,0,0,0,0.0,,,,
1268,2017,2017-08-27,NYJ,2,player_only,PHI,Dexter McDougle,Terrence Brooks,1,1,0,0,0,0,0,0,0.0,0.0,0,0,0,0.0,,,,
1268,2017,2017-08-27,PHI,2,player_only,NYJ,Terrence Brooks,Dexter McDougle,1,1,0,0,0,0,0,0,0.0,0.0,0,0,0,0.0,,,,
1265,2017,2017-08-28,BUF,2,player_for_draft_capital_or_mixed,KC,Reggie Ragland,2019 R4 #131 (Wes Martin),1,0,0,1,0,1,0,0,0.0,41.30492646319395,-1,1,1,41.30492646319395,,131.0,,4
1265,2017,2017-08-28,KC,2,player_for_draft_capital_or_mixed,BUF,2019 R4 #131 (Wes Martin),Reggie Ragland,0,1,1,0,1,0,0,0,41.30492646319395,0.0,1,-1,-1,-41.30492646319395,131.0,,4,
1266,2017,2017-08-28,IND,2,player_only,NYJ,Thomas Hennessy,Ronald Martin,1,1,0,0,0,0,0,0,0.0,0.0,0,0,0,0.0,,,,
1266,2017,2017-08-28,NYJ,2,player_only,IND,Ronald Martin,Thomas Hennessy,1,1,0,0,0,0,0,0,0.0,0.0,0,0,0,0.0,,,,
1264,2017,2017-08-29,CIN,2,player_for_draft_capital_or_mixed,NE,Marquis Flowers,2018 R7 #249 (Logan Woodside),1,0,0,1,0,1,0,0,0.0,1.3542555469368927,-1,1,1,1.3542555469368927,,249.0,,7
1264,2017,2017-08-29,NE,2,player_for_draft_capital_or_mixed,CIN,2018 R7 #249 (Logan Woodside),Marquis Flowers,0,1,1,0,1,0,0,0,1.3542555469368927,0.0,1,-1,-1,-1.3542555469368927,249.0,,7,
1263,2017,2017-08-30,CLE,2,player_for_draft_capital_or_mixed,KC,Cam Erving,2018 R5 #159 (Daurice Fountain),1,0,0,1,0,1,0,0,0.0,28.377898570470364,-1,1,1,28.377898570470364,,159.0,,5
1263,2017,2017-08-30,KC,2,player_for_draft_capital_or_mixed,CLE,2018 R5 #159 (Daurice Fountain),Cam Erving,0,1,1,0,1,0,0,0,28.377898570470364,0.0,1,-1,-1,-28.377898570470364,159.0,,5,
1262,2017,2017-08-31,DET,2,player_for_draft_capital_or_mixed,SF,Laken Tomlinson,2019 R5 #142 (Ben Burr-Kirven),1,0,0,1,0,1,0,0,0.0,35.6416371851189,-1,1,1,35.6416371851189,,142.0,,5
1262,2017,2017-08-31,SF,2,player_for_draft_capital_or_mixed,DET,2019 R5 #142 (Ben Burr-Kirven),Laken Tomlinson,0,1,1,0,1,0,0,0,35.6416371851189,0.0,1,-1,-1,-35.6416371851189,142.0,,5,
1251,2017,2017-09-01,ARI,2,player_for_draft_capital_or_mixed,BAL,Tony Bergstrom,2018 R7 #238 (Zach Sieler),1,0,0,1,0,1,0,0,0.0,2.1810154653305154,-1,1,1,2.1810154653305154,,238.0,,7
1251,2017,2017-09-01,BAL,2,player_for_draft_capital_or_mixed,ARI,2018 R7 #238 (Zach Sieler),Tony Bergstrom,0,1,1,0,1,0,0,0,2.1810154653305154,0.0,1,-1,-1,-2.1810154653305154,238.0,,7,
1260,2017,2017-09-01,ATL,2,player_for_draft_capital_or_mixed,DEN,2018 R5 #163 (Tim Settle),Ty Sambrailo,0,1,1,0,1,0,0,0,26.238346877544192,0.0,1,-1,-1,-26.238346877544192,163.0,,5,
1260,2017,2017-09-01,DEN,2,player_for_draft_capital_or_mixed,ATL,Ty Sambrailo,2018 R5 #163 (Tim Settle),1,0,0,1,0,1,0,0,0.0,26.238346877544192,-1,1,1,26.238346877544192,,163.0,,5
1270,2017,2017-09-01,NYJ,2,player_for_draft_capital_or_mixed,SEA,2018 R7 #226 (David Williams) | Sheldon Richardson,2018 R2 #49 (Dallas Goedert) | 2018 R7 #235 (Zaire Franklin) | Jermaine Kearse,1,1,1,2,1,2,0,0,3.668016172818685,391.976019016153,0,1,1,388.3080028433343,226.0,49.0,7,2 | 7
1270,2017,2017-09-01,SEA,2,player_for_draft_capital_or_mixed,NYJ,2018 R2 #49 (Dallas Goedert) | 2018 R7 #235 (Zaire Franklin) | Jermaine Kearse,2018 R7 #226 (David Williams) | Sheldon Richardson,1,1,2,1,2,1,0,0,391.976019016153,3.668016172818685,0,-1,-1,-388.3080028433343,49.0,226.0,2 | 7,7
1250,2017,2017-09-02,BAL,2,player_for_draft_capital_or_mixed,JAX,2019 R7 #236 (John Ursua),Luke Bowanko,0,1,1,0,1,0,0,0,2.378414230005442,0.0,1,-1,-1,-2.378414230005442,236.0,,7,
1250,2017,2017-09-02,JAX,2,player_for_draft_capital_or_mixed,BAL,Luke Bowanko,2019 R7 #236 (John Ursua),1,0,0,1,0,1,0,0,0.0,2.378414230005442,-1,1,1,2.378414230005442,,236.0,,7
1253,2017,2017-09-02,CIN,2,player_for_draft_capital_or_mixed,DAL,Bene Benwikere,2019 R6 #198 (Tim Harris),1,0,0,1,0,1,0,0,0.0,11.069175606859458,-1,1,1,11.069175606859458,,198.0,,6
1253,2017,2017-09-02,DAL,2,player_for_draft_capital_or_mixed,CIN,2019 R6 #198 (Tim Harris),Bene Benwikere,0,1,1,0,1,0,0,0,11.069175606859458,0.0,1,-1,-1,-11.069175606859458,198.0,,6,
1254,2017,2017-09-02,KC,2,player_for_draft_capital_or_mixed,SEA,Isaiah Battle,conditional 2018,1,0,0,1,0,0,0,1,0.0,0.0,-1,1,0,0.0,,,,
1254,2017,2017-09-02,SEA,2,player_for_draft_capital_or_mixed,KC,conditional 2018,Isaiah Battle,0,1,1,0,0,0,1,0,0.0,0.0,1,-1,0,0.0,,,,
1255,2017,2017-09-02,IND,2,player_only,NE,Phillip Dorsett,Jacoby Brissett,1,1,0,0,0,0,0,0,0.0,0.0,0,0,0,0.0,,,,
1255,2017,2017-09-02,NE,2,player_only,IND,Jacoby Brissett,Phillip Dorsett,1,1,0,0,0,0,0,0,0.0,0.0,0,0,0,0.0,,,,
1256,2017,2017-09-02,DET,2,player_for_draft_capital_or_mixed,NE,Johnson Bademosi,2019 R6 #204 (Travis Homer),1,0,0,1,0,1,0,0,0.0,8.751903472535176,-1,1,1,8.751903472535176,,204.0,,6
1256,2017,2017-09-02,NE,2,player_for_draft_capital_or_mixed,DET,2019 R6 #204 (Travis Homer),Johnson Bademosi,0,1,1,0,1,0,0,0,8.751903472535176,0.0,1,-1,-1,-8.751903472535176,204.0,,6,
1257,2017,2017-09-02,NE,2,player_for_draft_capital_or_mixed,SEA,2018 R5 #168 (Jamarco Jones),Cassius Marsh,0,1,1,0,1,0,0,0,23.545099627104005,0.0,1,-1,-1,-23.545099627104005,168.0,,5,
1257,2017,2017-09-02,SEA,2,player_for_draft_capital_or_mixed,NE,Cassius Marsh,2018 R5 #168 (Jamarco Jones),1,0,0,1,0,1,0,0,0.0,23.545099627104005,-1,1,1,23.545099627104005,,168.0,,5
1258,2017,2017-09-02,NYG,2,player_for_draft_capital_or_mixed,PIT,conditional 2018 R7 #220 (Alex McGough),Ross Cockrell,0,1,1,0,1,0,1,0,4.678089182334822,0.0,1,-1,-1,-4.678089182334822,220.0,,7,
1258,2017,2017-09-02,PIT,2,player_for_draft_capital_or_mixed,NYG,Ross Cockrell,conditional 2018 R7 #220 (Alex McGough),1,0,0,1,0,1,0,1,0.0,4.678089182334822,-1,1,1,4.678089182334822,,220.0,,7
1259,2017,2017-09-02,LA,2,player_for_draft_capital_or_mixed,WAS,2018 R7 #241 (Greg Stroman),Derek Carrier,0,1,1,0,1,0,0,0,1.9152065613971472,0.0,1,-1,-1,-1.9152065613971472,241.0,,7,
1259,2017,2017-09-02,WAS,2,player_for_draft_capital_or_mixed,LA,Derek Carrier,2018 R7 #241 (Greg Stroman),1,0,0,1,0,1,0,0,0.0,1.9152065613971472,-1,1,1,1.9152065613971472,,241.0,,7
1261,2017,2017-09-02,CLE,2,player_for_draft_capital_or_mixed,PIT,2018 R6 #202 (Jack Cichy),2019 R7 #234 (Myles Gaskin) | Sammie Coates,0,1,1,1,1,1,0,0,9.464698235047209,2.5936791093020193,1,0,0,-6.871019125745189,202.0,234.0,6,7
1261,2017,2017-09-02,PIT,2,player_for_draft_capital_or_mixed,CLE,2019 R7 #234 (Myles Gaskin) | Sammie Coates,2018 R6 #202 (Jack Cichy),1,0,1,1,1,1,0,0,2.5936791093020193,9.464698235047209,-1,0,0,6.871019125745189,234.0,202.0,7,6
1252,2017,2017-09-03,BUF,2,player_for_draft_capital_or_mixed,CAR,Kevon Seymour,2019 R7 #228 (Tommy Sweeney) | Kaelin Clay,1,1,0,1,0,1,0,0,0.0,3.363585661014858,0,1,1,3.363585661014858,,228.0,,7
1252,2017,2017-09-03,CAR,2,player_for_draft_capital_or_mixed,BUF,2019 R7 #228 (Tommy Sweeney) | Kaelin Clay,Kevon Seymour,1,1,1,0,1,0,0,0,3.363585661014858,0.0,0,-1,-1,-3.363585661014858,228.0,,7,
1241,2017,2017-10-10,ARI,2,player_for_draft_capital_or_mixed,NO,2017 R6,Adrian Peterson,0,1,1,0,0,0,0,0,0.0,0.0,1,-1,0,0.0,,,6,
1241,2017,2017-10-10,NO,2,player_for_draft_capital_or_mixed,ARI,Adrian Peterson,2017 R6,1,0,0,1,0,0,0,0,0.0,0.0,-1,1,0,0.0,,,,6
1242,2017,2017-10-26,CHI,2,player_for_draft_capital_or_mixed,LAC,conditional 2018,Dontrelle Inman,0,1,1,0,0,0,1,0,0.0,0.0,1,-1,0,0.0,,,,
1242,2017,2017-10-26,LAC,2,player_for_draft_capital_or_mixed,CHI,Dontrelle Inman,conditional 2018,1,0,0,1,0,0,0,1,0.0,0.0,-1,1,0,0.0,,,,
1243,2017,2017-10-28,BUF,2,player_for_draft_capital_or_mixed,JAX,Marcell Dareus,2018 R5 #166 (Wyatt Teller),1,0,0,1,0,1,0,0,0.0,24.58753024522619,-1,1,1,24.58753024522619,,166.0,,5
1243,2017,2017-10-28,JAX,2,player_for_draft_capital_or_mixed,BUF,2018 R5 #166 (Wyatt Teller),Marcell Dareus,0,1,1,0,1,0,0,0,24.58753024522619,0.0,1,-1,-1,-24.58753024522619,166.0,,5,
1244,2017,2017-10-31,HOU,2,player_for_draft_capital_or_mixed,SEA,2018 R5 #141 (Shaquem Griffin) | Duane Brown,2018 R3 #80 (Martinas Rankin) | 2019 R2 #54 (Lonnie Johnson),1,0,1,2,1,2,0,0,36.12267017588604,521.6845419583808,-1,1,1,485.5618717824948,141.0,54.0,5,2 | 3
1244,2017,2017-10-31,SEA,2,player_for_draft_capital_or_mixed,HOU,2018 R3 #80 (Martinas Rankin) | 2019 R2 #54 (Lonnie Johnson),2018 R5 #141 (Shaquem Griffin) | Duane Brown,0,1,2,1,2,1,0,0,521.6845419583808,36.12267017588604,1,-1,-1,-485.5618717824948,54.0,141.0,2 | 3,5
1245,2017,2017-10-31,NE,2,player_for_draft_capital_or_mixed,SF,Jimmy Garoppolo,2018 R2 #43 (Kerryon Johnson),1,0,0,1,0,1,0,0,0.0,450.9754769750521,-1,1,1,450.9754769750521,,43.0,,2
1245,2017,2017-10-31,SF,2,player_for_draft_capital_or_mixed,NE,2018 R2 #43 (Kerryon Johnson),Jimmy Garoppolo,0,1,1,0,1,0,0,0,450.9754769750521,0.0,1,-1,-1,-450.9754769750521,43.0,,2,
1246,2017,2017-10-31,MIA,2,player_for_draft_capital_or_mixed,PHI,Jay Ajayi,2018 R4 #131 (Kalen Ballage),1,0,0,1,0,1,0,0,0.0,41.30492646319395,-1,1,1,41.30492646319395,,131.0,,4
1246,2017,2017-10-31,PHI,2,player_for_draft_capital_or_mixed,MIA,2018 R4 #131 (Kalen Ballage),Jay Ajayi,0,1,1,0,1,0,0,0,41.30492646319395,0.0,1,-1,-1,-41.30492646319395,131.0,,4,
1248,2017,2017-10-31,BUF,2,player_for_draft_capital_or_mixed,CAR,2018 R3 #85 (Rashaan Gaulden) | 2018 R7 #234 (Andre Smith),Kelvin Benjamin,0,1,2,0,2,0,0,0,157.68298395837894,0.0,1,-2,-2,-157.68298395837894,85.0,,3 | 7,
1248,2017,2017-10-31,CAR,2,player_for_draft_capital_or_mixed,BUF,Kelvin Benjamin,2018 R3 #85 (Rashaan Gaulden) | 2018 R7 #234 (Andre Smith),1,0,0,2,0,2,0,0,0.0,157.68298395837894,-1,2,2,157.68298395837894,,85.0,,3 | 7
1249,2017,2017-10-31,NYJ,2,player_for_draft_capital_or_mixed,SF,2018 R5 #143 (Ja'Whaun Bentley),Rashard Robinson,0,1,1,0,1,0,0,0,35.167009942793925,0.0,1,-1,-1,-35.167009942793925,143.0,,5,
1249,2017,2017-10-31,SF,2,player_for_draft_capital_or_mixed,NYJ,Rashard Robinson,2018 R5 #143 (Ja'Whaun Bentley),1,0,0,1,0,1,0,0,0.0,35.167009942793925,-1,1,1,35.167009942793925,,143.0,,5
1247,2018,2018-03-14,KC,2,player_for_draft_capital_or_mixed,WAS,Alex Smith,2018 R3 #78 (Malik Jefferson) | Kendall Fuller,1,1,0,1,0,1,0,0,0.0,186.57029044525893,0,1,1,186.57029044525893,,78.0,,3
1247,2018,2018-03-14,WAS,2,player_for_draft_capital_or_mixed,KC,2018 R3 #78 (Malik Jefferson) | Kendall Fuller,Alex Smith,1,1,1,0,1,0,0,0,186.57029044525893,0.0,0,-1,-1,-186.57029044525893,78.0,,3,
1271,2018,2018-03-14,KC,2,player_for_draft_capital_or_mixed,LA,2018 R6 #209 (Cornell Armstrong) | Marcus Peters,2018 R4 #124 (Armani Watts) | 2019 R2 #63 (Juan Thornhill),1,0,1,2,1,2,0,0,7.196012136163594,325.35587369292955,-1,1,1,318.159861556766,209.0,63.0,6,2 | 4
1271,2018,2018-03-14,LA,2,player_for_draft_capital_or_mixed,KC,2018 R4 #124 (Armani Watts) | 2019 R2 #63 (Juan Thornhill),2018 R6 #209 (Cornell Armstrong) | Marcus Peters,0,1,2,1,2,1,0,0,325.35587369292955,7.196012136163594,1,-1,-1,-318.159861556766,63.0,209.0,2 | 4,6
1272,2018,2018-03-14,LA,2,player_for_draft_capital_or_mixed,MIA,2018 R6 #209 (Cornell Armstrong) | Robert Quinn,2018 R4 #111 (Brian Allen) | 2018 R6 #183 (Sam Jones),1,0,1,2,1,2,0,0,7.196012136163594,89.86381349390139,-1,1,1,82.6678013577378,209.0,111.0,6,4 | 6
1272,2018,2018-03-14,MIA,2,player_for_draft_capital_or_mixed,LA,2018 R4 #111 (Brian Allen) | 2018 R6 #183 (Sam Jones),2018 R6 #209 (Cornell Armstrong) | Robert Quinn,0,1,2,1,2,1,0,0,89.86381349390139,7.196012136163594,1,-1,-1,-82.6678013577378,111.0,209.0,4 | 6,6
1273,2018,2018-03-14,PHI,2,player_for_draft_capital_or_mixed,SEA,2018 R5 #156 (Troy Fumagalli) | Marcus Johnson,2018 R7 #250 (Ryan Izzo) | Michael Bennett,1,1,1,1,1,1,0,0,29.54247212175932,1.2968395546510096,0,0,0,-28.245632567108313,156.0,250.0,5,7
1273,2018,2018-03-14,SEA,2,player_for_draft_capital_or_mixed,PHI,2018 R7 #250 (Ryan Izzo) | Michael Bennett,2018 R5 #156 (Troy Fumagalli) | Marcus Johnson,1,1,1,1,1,1,0,0,1.2968395546510096,29.54247212175932,0,0,0,28.245632567108313,250.0,156.0,7,5
1274,2018,2018-03-14,LA,2,player_for_draft_capital_or_mixed,NYG,2019 R7 #245 (Chris Slayton) | Alec Ogletree,2018 R4 #135 (John Franklin-Myers) | 2018 R6 #176 (John Kelly),1,0,1,2,1,2,0,0,1.6104903319492543,58.94730272269505,-1,1,1,57.33681239074579,245.0,135.0,7,4 | 6
1274,2018,2018-03-14,NYG,2,player_for_draft_capital_or_mixed,LA,2018 R4 #135 (John Franklin-Myers) | 2018 R6 #176 (John Kelly),2019 R7 #245 (Chris Slayton) | Alec Ogletree,0,1,2,1,2,1,0,0,58.94730272269505,1.6104903319492543,1,-1,-1,-57.33681239074579,135.0,245.0,4 | 6,7
1275,2018,2018-03-14,DEN,2,player_for_draft_capital_or_mixed,LA,Aqib Talib,2018 R5 #160 (Ogbonnia Okoronkwo),1,0,0,1,0,1,0,0,0.0,28.0,-1,1,1,28.0,,160.0,,5
1275,2018,2018-03-14,LA,2,player_for_draft_capital_or_mixed,DEN,2018 R5 #160 (Ogbonnia Okoronkwo),Aqib Talib,0,1,1,0,1,0,0,0,28.0,0.0,1,-1,-1,-28.0,160.0,,5,
1276,2018,2018-03-14,CAR,2,player_only,PHI,Daryl Worley,Torrey Smith,1,1,0,0,0,0,0,0,0.0,0.0,0,0,0,0.0,,,,
1276,2018,2018-03-14,PHI,2,player_only,CAR,Torrey Smith,Daryl Worley,1,1,0,0,0,0,0,0,0.0,0.0,0,0,0,0.0,,,,
1277,2018,2018-03-14,CLE,2,player_for_draft_capital_or_mixed,MIA,2018 R4 #101 (Ian Thomas) | 2019 R7 #234 (Myles Gaskin),Jarvis Landry,0,1,2,0,2,0,0,0,101.9317849265371,0.0,1,-2,-2,-101.9317849265371,101.0,,4 | 7,
1277,2018,2018-03-14,MIA,2,player_for_draft_capital_or_mixed,CLE,Jarvis Landry,2018 R4 #101 (Ian Thomas) | 2019 R7 #234 (Myles Gaskin),1,0,0,2,0,2,0,0,0.0,101.9317849265371,-1,2,2,101.9317849265371,,101.0,,4 | 7
1278,2018,2018-03-14,CLE,2,player_for_draft_capital_or_mixed,GB,2018 R4 #101 (Ian Thomas) | 2018 R5 #138 (Cole Madison) | DeShone Kizer,2018 R4 #114 (Da'Shawn Hand) | 2018 R5 #150 (Genard Avery) | Damarious Randall,1,1,2,2,2,2,0,0,136.94317984992207,98.39529433835011,0,0,0,-38.54788551157196,101.0,114.0,4 | 5,4 | 5
1278,2018,2018-03-14,GB,2,player_for_draft_capital_or_mixed,CLE,2018 R4 #114 (Da'Shawn Hand) | 2018 R5 #150 (Genard Avery) | Damarious Randall,2018 R4 #101 (Ian Thomas) | 2018 R5 #138 (Cole Madison) | DeShone Kizer,1,1,2,2,2,2,0,0,98.39529433835011,136.94317984992207,0,0,0,38.54788551157196,114.0,101.0,4 | 5,4 | 5
1279,2018,2018-03-14,BUF,2,player_for_draft_capital_or_mixed,CLE,Tyrod Taylor,2018 R3 #65 (Bron Parker),1,0,0,1,0,1,0,0,0.0,262.96500598976496,-1,1,1,262.96500598976496,,65.0,,3
1279,2018,2018-03-14,CLE,2,player_for_draft_capital_or_mixed,BUF,2018 R3 #65 (Bron Parker),Tyrod Taylor,0,1,1,0,1,0,0,0,262.96500598976496,0.0,1,-1,-1,-262.96500598976496,65.0,,3,
1280,2018,2018-03-14,CLE,2,player_for_draft_capital_or_mixed,NE,2018 R5 #159 (Daurice Fountain) | Danny Shelton,2019 R3 #95 (Oshane Ximines),1,0,1,1,1,1,0,0,28.377898570470364,119.10330000798292,-1,0,0,90.72540143751256,159.0,95.0,5,3
1280,2018,2018-03-14,NE,2,player_for_draft_capital_or_mixed,CLE,2019 R3 #95 (Oshane Ximines),2018 R5 #159 (Daurice Fountain) | Danny Shelton,0,1,1,1,1,1,0,0,119.10330000798292,28.377898570470364,1,0,0,-90.72540143751256,95.0,159.0,3,5
1281,2018,2018-03-14,BUF,2,player_for_draft_capital_or_mixed,CIN,2018 R1 #21 (Billy Price) | 2018 R5 #158 (Andrew Brown) | Cordy Glenn,2018 R1 #12 (Vita Vea) | 2018 R6 #187 (Ray-Ray McCloud),1,0,2,2,2,2,0,0,828.7608974027108,1215.6014143963425,-1,0,0,386.8405169936317,21.0,12.0,1 | 5,1 | 6
1281,2018,2018-03-14,CIN,2,player_for_draft_capital_or_mixed,BUF,2018 R1 #12 (Vita Vea) | 2018 R6 #187 (Ray-Ray McCloud),2018 R1 #21 (Billy Price) | 2018 R5 #158 (Andrew Brown) | Cordy Glenn,0,1,2,2,2,2,0,0,1215.6014143963425,828.7608974027108,1,0,0,-386.8405169936317,12.0,21.0,1 | 6,1 | 5
1282,2018,2018-03-14,DEN,2,player_for_draft_capital_or_mixed,MIN,2018 R7 #225 (Devante Downs) | Trevor Siemian,2019 R5 #156 (Justin Hollins),1,0,1,1,1,1,0,0,3.830413122794295,29.54247212175932,-1,0,0,25.712058998965027,225.0,156.0,7,5
1282,2018,2018-03-14,MIN,2,player_for_draft_capital_or_mixed,DEN,2019 R5 #156 (Justin Hollins),2018 R7 #225 (Devante Downs) | Trevor Siemian,0,1,1,1,1,1,0,0,29.54247212175932,3.830413122794295,1,0,0,-25.712058998965027,156.0,225.0,5,7
1283,2018,2018-03-15,CLE,2,player_for_draft_capital_or_mixed,NE,2018 R7 #219 (Danny Etling) | Jason McCourty,2018 R6 #205 (Trevon Young),1,0,1,1,1,1,0,0,4.8648630974661335,8.41589663253425,-1,0,0,3.5510335350681173,219.0,205.0,7,6
1283,2018,2018-03-15,NE,2,player_for_draft_capital_or_mixed,CLE,2018 R6 #205 (Trevon Young),2018 R7 #219 (Danny Etling) | Jason McCourty,0,1,1,1,1,1,0,0,8.41589663253425,4.8648630974661335,1,0,0,-3.5510335350681173,205.0,219.0,6,7
1284,2018,2018-03-17,IND,2,pick_only,NYJ,2018 R1 #3 (Sam Darnold),2018 R1 #6 (Quenton Nelson) | 2018 R2 #37 (Braden Smith) | 2018 R2 #49 (Dallas Goedert) | 2019 R2 #34 (Rock Ya-Sin),0,0,1,4,1,4,0,0,2200.0,3073.523968063295,0,3,3,873.5239680632949,3.0,6.0,1,1 | 2
1284,2018,2018-03-17,NYJ,2,pick_only,IND,2018 R1 #6 (Quenton Nelson) | 2018 R2 #37 (Braden Smith) | 2018 R2 #49 (Dallas Goedert) | 2019 R2 #34 (Rock Ya-Sin),2018 R1 #3 (Sam Darnold),0,0,4,1,4,1,0,0,3073.523968063295,2200.0,0,-3,-3,-873.5239680632949,6.0,3.0,1 | 2,1
1285,2018,2018-03-18,NE,2,player_for_draft_capital_or_mixed,OAK,2018 R5 #159 (Daurice Fountain),2018 R6 #210 (Braxton Berrios) | Cordarrelle Patterson,0,1,1,1,1,1,0,0,28.377898570470364,6.919739745126783,1,0,0,-21.45815882534358,159.0,210.0,5,6
1285,2018,2018-03-18,OAK,2,player_for_draft_capital_or_mixed,NE,2018 R6 #210 (Braxton Berrios) | Cordarrelle Patterson,2018 R5 #159 (Daurice Fountain),1,0,1,1,1,1,0,0,6.919739745126783,28.377898570470364,-1,0,0,21.45815882534358,210.0,159.0,6,5
1511,2018,2018-03-20,DAL,2,player_for_draft_capital_or_mixed,OAK,2018 R5 #173 (Johnny Townsend),2018 R6 #192 (Jamil Demby) | Jamize Olawale,0,1,1,1,1,1,0,0,21.128301986307918,14.0,1,0,0,-7.128301986307918,173.0,192.0,5,6
1511,2018,2018-03-20,OAK,2,player_for_draft_capital_or_mixed,DAL,2018 R6 #192 (Jamil Demby) | Jamize Olawale,2018 R5 #173 (Johnny Townsend),1,0,1,1,1,1,0,0,14.0,21.128301986307918,-1,0,0,7.128301986307918,192.0,173.0,6,5
1286,2018,2018-03-22,NYG,2,player_for_draft_capital_or_mixed,TB,2018 R4 #102 (Jalyn Holmes) | Jason Pierre-Paul,2018 R3 #69 (B.J. Hill) | 2018 R4 #108 (Kyle Lauletta),1,0,1,2,1,2,0,0,96.30469311789194,316.5642900273491,-1,1,1,220.25959690945717,102.0,69.0,4,3 | 4
1286,2018,2018-03-22,TB,2,player_for_draft_capital_or_mixed,NYG,2018 R3 #69 (B.J. Hill) | 2018 R4 #108 (Kyle Lauletta),2018 R4 #102 (Jalyn Holmes) | Jason Pierre-Paul,0,1,2,1,2,1,0,0,316.5642900273491,96.30469311789194,1,-1,-1,-220.25959690945717,69.0,102.0,3 | 4,4
1287,2018,2018-03-29,DEN,2,player_for_draft_capital_or_mixed,WAS,2018 R4 #109 (Troy Apke) | 2018 R5 #142 (D.J. Reed) | 2018 R5 #163 (Tim Settle) | conditional 2020 R7,2018 R4 #113 (DaeSean Hamilton) | 2018 R5 #149 (Michael Dickson) | Su'a Cravens,0,1,4,2,3,2,1,0,139.3919034414825,100.9181973172971,1,-2,-1,-38.4737061241854,109.0,113.0,4 | 5 | 7,4 | 5
1287,2018,2018-03-29,WAS,2,player_for_draft_capital_or_mixed,DEN,2018 R4 #113 (DaeSean Hamilton) | 2018 R5 #149 (Michael Dickson) | Su'a Cravens,2018 R4 #109 (Troy Apke) | 2018 R5 #142 (D.J. Reed) | 2018 R5 #163 (Tim Settle) | conditional 2020 R7,1,0,2,4,2,3,0,1,100.9181973172971,139.3919034414825,-1,2,1,38.4737061241854,113.0,109.0,4 | 5,4 | 5 | 7
1350,2018,2018-04-04,LA,2,player_for_draft_capital_or_mixed,NE,2018 R1 #23 (Isaiah Wynn) | 2018 R6 #198 (Kahlil McKenzie),2018 R4 #136 (Marquis Haynes) | Brandin Cooks,0,1,2,1,2,1,0,0,771.0691756068594,38.626988431266334,1,-1,-1,-732.4421871755931,23.0,136.0,1 | 6,4
1350,2018,2018-04-04,NE,2,player_for_draft_capital_or_mixed,LA,2018 R4 #136 (Marquis Haynes) | Brandin Cooks,2018 R1 #23 (Isaiah Wynn) | 2018 R6 #198 (Kahlil McKenzie),1,0,1,2,1,2,0,0,38.626988431266334,771.0691756068594,-1,1,1,732.4421871755931,136.0,23.0,4,1 | 6
1327,2018,2018-04-23,DEN,2,player_for_draft_capital_or_mixed,NYG,Riley Dixon,2019 R7 #220 (Cullen Gillaspia),1,0,0,1,0,1,0,0,0.0,4.678089182334822,-1,1,1,4.678089182334822,,220.0,,7
1327,2018,2018-04-23,NYG,2,player_for_draft_capital_or_mixed,DEN,2019 R7 #220 (Cullen Gillaspia),Riley Dixon,0,1,1,0,1,0,0,0,4.678089182334822,0.0,1,-1,-1,-4.678089182334822,220.0,,7,
1288,2018,2018-04-26,BUF,2,pick_only,TB,2018 R1 #12 (Vita Vea) | 2018 R2 #53 (M.J. Stewart) | 2018 R2 #56 (Duke Dawson),2018 R1 #7 (Josh Allen),0,0,3,1,3,1,0,0,1881.5077849953345,1500.0,0,-2,-2,-381.50778499533453,12.0,7.0,1 | 2,1
1288,2018,2018-04-26,TB,2,pick_only,BUF,2018 R1 #7 (Josh Allen),2018 R1 #12 (Vita Vea) | 2018 R2 #53 (M.J. Stewart) | 2018 R2 #56 (Duke Dawson),0,0,1,3,1,3,0,0,1500.0,1881.5077849953345,0,2,2,381.50778499533453,7.0,12.0,1,1 | 2
1289,2018,2018-04-26,ARI,2,pick_only,OAK,2018 R1 #15 (Kolton Miller) | 2018 R3 #79 (Rasheem Green) | 2018 R5 #152 (Dane Cruikshank),2018 R1 #10 (Josh Rosen),0,0,3,1,3,1,0,0,1262.879018411656,1300.0,0,-2,-2,37.120981588343966,15.0,10.0,1 | 3 | 5,1
1289,2018,2018-04-26,OAK,2,pick_only,ARI,2018 R1 #10 (Josh Rosen),2018 R1 #15 (Kolton Miller) | 2018 R3 #79 (Rasheem Green) | 2018 R5 #152 (Dane Cruikshank),0,0,1,3,1,3,0,0,1300.0,1262.879018411656,0,2,2,-37.120981588343966,10.0,15.0,1,1 | 3 | 5
1290,2018,2018-04-26,GB,2,pick_only,NO,2018 R1 #14 (Marcus Davenport),2018 R1 #27 (Rashaad Penny) | 2018 R5 #147 (Micah Kiser) | 2019 R1 #30 (Deandre Baker),0,0,1,3,1,3,0,0,1100.0,1333.3308693443082,0,2,2,233.3308693443082,14.0,27.0,1,1 | 5
1290,2018,2018-04-26,NO,2,pick_only,GB,2018 R1 #27 (Rashaad Penny) | 2018 R5 #147 (Micah Kiser) | 2019 R1 #30 (Deandre Baker),2018 R1 #14 (Marcus Davenport),0,0,3,1,3,1,0,0,1333.3308693443082,1100.0,0,-2,-2,-233.3308693443082,27.0,14.0,1 | 5,1
1291,2018,2018-04-26,BAL,2,pick_only,BUF,2018 R1 #16 (Tremaine Edmunds),2018 R1 #22 (Rashaan Evans) | 2018 R3 #65 (Brandon Parker) | 2018 R5 #154 (Siran Neal),0,0,1,3,1,3,0,0,1000.0,1073.3102920510637,0,2,2,73.3102920510637,16.0,22.0,1,1 | 3 | 5
1291,2018,2018-04-26,BUF,2,pick_only,BAL,2018 R1 #22 (Rashaan Evans) | 2018 R3 #65 (Brandon Parker) | 2018 R5 #154 (Siran Neal),2018 R1 #16 (Tremaine Edmunds),0,0,3,1,3,1,0,0,1073.3102920510637,1000.0,0,-2,-2,-73.3102920510637,22.0,16.0,1 | 3 | 5,1
1292,2018,2018-04-26,GB,2,pick_only,SEA,2018 R1 #27 (Rashaad Penny) | 2018 R3 #76 (Mason Rudolph) | 2018 R6 #186 (Jacob Martin),2018 R1 #18 (Jaire Alexander) | 2018 R7 #248 (Kendall Donnerson),0,0,3,2,3,2,0,0,892.6293354347397,901.4142135623731,0,-1,-1,8.78487812763342,27.0,18.0,1 | 3 | 6,1 | 7
1292,2018,2018-04-26,SEA,2,pick_only,GB,2018 R1 #18 (Jaire Alexander) | 2018 R7 #248 (Kendall Donnerson),2018 R1 #27 (Rashaad Penny) | 2018 R3 #76 (Mason Rudolph) | 2018 R6 #186 (Jacob Martin),0,0,2,3,2,3,0,0,901.4142135623731,892.6293354347397,0,1,1,-8.78487812763342,18.0,27.0,1 | 7,1 | 3 | 6
1293,2018,2018-04-26,OAK,2,player_for_draft_capital_or_mixed,PIT,2018 R3 #79 (Rasheem Green),Martavis Bryant,0,1,1,0,1,0,0,0,181.70910201648016,0.0,1,-1,-1,-181.70910201648016,79.0,,3,
1293,2018,2018-04-26,PIT,2,player_for_draft_capital_or_mixed,OAK,Martavis Bryant,2018 R3 #79 (Rasheem Green),1,0,0,1,0,1,0,0,0.0,181.70910201648016,-1,1,1,181.70910201648016,,79.0,,3
1294,2018,2018-04-26,BAL,2,pick_only,TEN,2018 R1 #22 (Rashaan Evans) | 2018 R6 #215 (Bradley Bozeman),2018 R1 #25 (Hayden Hurst) | 2018 R4 #125 (Avonte Maddox),0,0,2,2,2,2,0,0,785.689565857449,767.1925803973418,0,0,0,-18.496985460107226,22.0,25.0,1 | 6,1 | 4
1294,2018,2018-04-26,TEN,2,pick_only,BAL,2018 R1 #25 (Hayden Hurst) | 2018 R4 #125 (Avonte Maddox),2018 R1 #22 (Rashaan Evans) | 2018 R6 #215 (Bradley Bozeman),0,0,2,2,2,2,0,0,767.1925803973418,785.689565857449,0,0,0,18.496985460107226,25.0,22.0,1 | 4,1 | 6
1295,2018,2018-04-26,BAL,2,pick_only,PHI,2018 R2 #52 (Kemoko Turay) | 2018 R4 #125 (Avonte Maddox) | 2019 R2 #53 (Miles Sanders),2018 R1 #32 (Lamar Jackson) | 2018 R4 #132 (Jaleel Scott),0,0,3,2,3,2,0,0,762.3962642585773,630.7548831742216,0,-1,-1,-131.64138108435566,52.0,32.0,2 | 4,1 | 4
1295,2018,2018-04-26,PHI,2,pick_only,BAL,2018 R1 #32 (Lamar Jackson) | 2018 R4 #132 (Jaleel Scott),2018 R2 #52 (Kemoko Turay) | 2018 R4 #125 (Avonte Maddox) | 2019 R2 #53 (Miles Sanders),0,0,2,3,2,3,0,0,630.7548831742216,762.3962642585773,0,1,1,131.64138108435566,32.0,52.0,1 | 4,2 | 4
1296,2018,2018-04-27,NE,2,player_for_draft_capital_or_mixed,SF,2018 R3 #95 (Tarvarius Moore),2018 R5 #143 (Ja'Whaun Bentley) | Trenton Brown,0,1,1,1,1,1,0,0,119.10330000798292,35.167009942793925,1,0,0,-83.936290065189,95.0,143.0,3,5
1296,2018,2018-04-27,SF,2,player_for_draft_capital_or_mixed,NE,2018 R5 #143 (Ja'Whaun Bentley) | Trenton Brown,2018 R3 #95 (Tarvarius Moore),1,0,1,1,1,1,0,0,35.167009942793925,119.10330000798292,-1,0,0,83.936290065189,143.0,95.0,5,3
1297,2018,2018-04-27,OAK,2,pick_only,TEN,2018 R2 #41 (Harold Landry),2018 R2 #57 (P.J. Hall) | 2018 R3 #89 (Joseph Noteboom),0,0,1,2,1,2,0,0,473.5555622055335,459.8979385478075,0,1,1,-13.657623657725992,41.0,57.0,2,2 | 3
1297,2018,2018-04-27,TEN,2,pick_only,OAK,2018 R2 #57 (P.J. Hall) | 2018 R3 #89 (Joseph Noteboom),2018 R2 #41 (Harold Landry),0,0,2,1,2,1,0,0,459.8979385478075,473.5555622055335,0,-1,-1,13.657623657725992,57.0,41.0,2 | 3,2
1298,2018,2018-04-27,DET,2,pick_only,NE,2018 R2 #51 (Anthony Miller) | 2018 R4 #117 (Jordan Whitehead),2018 R2 #43 (Kerryon Johnson),0,0,2,1,2,1,0,0,431.4018227058802,450.9754769750521,0,-1,-1,19.573654269171925,51.0,43.0,2 | 4,2
1298,2018,2018-04-27,NE,2,pick_only,DET,2018 R2 #43 (Kerryon Johnson),2018 R2 #51 (Anthony Miller) | 2018 R4 #117 (Jordan Whitehead),0,0,1,2,1,2,0,0,450.9754769750521,431.4018227058802,0,1,1,-19.573654269171925,43.0,51.0,2,2 | 4
1299,2018,2018-04-27,SF,2,pick_only,WAS,2018 R2 #59 (Derrius Guice) | 2018 R3 #74 (Geron Christian),2018 R2 #44 (Dante Pettis) | 2018 R5 #142 (D.J. Reed),0,0,2,2,2,2,0,0,512.4273306245321,475.73408793717164,0,0,0,-36.69324268736051,59.0,44.0,2 | 3,2 | 5
1299,2018,2018-04-27,WAS,2,pick_only,SF,2018 R2 #44 (Dante Pettis) | 2018 R5 #142 (D.J. Reed),2018 R2 #59 (Derrius Guice) | 2018 R3 #74 (Geron Christian),0,0,2,2,2,2,0,0,475.73408793717164,512.4273306245321,0,0,0,36.69324268736051,44.0,59.0,2 | 5,2 | 3
1300,2018,2018-04-27,CIN,2,pick_only,KC,2018 R2 #46 (Breeland Speaks) | 2018 R3 #100 (Dorian O'Daniel),2018 R2 #54 (Jessie Bates) | 2018 R3 #78 (Malik Jefferson),0,0,2,2,2,2,0,0,521.5750194169952,531.2802579586082,0,0,0,9.705238541612971,46.0,54.0,2 | 3,2 | 3
1300,2018,2018-04-27,KC,2,pick_only,CIN,2018 R2 #54 (Jessie Bates) | 2018 R3 #78 (Malik Jefferson),2018 R2 #46 (Breeland Speaks) | 2018 R3 #100 (Dorian O'Daniel),0,0,2,2,2,2,0,0,531.2802579586082,521.5750194169952,0,0,0,-9.705238541612971,54.0,46.0,2 | 3,2 | 3
1301,2018,2018-04-27,IND,2,pick_only,PHI,2018 R2 #49 (Dallas Goedert),2018 R2 #52 (Kemoko Turay) | 2018 R5 #169 (Jordan Wilkins),0,0,1,2,1,2,0,0,389.492303392006,385.00997591420554,0,1,1,-4.482327477800482,49.0,52.0,2,2 | 5
1301,2018,2018-04-27,PHI,2,pick_only,IND,2018 R2 #52 (Kemoko Turay) | 2018 R5 #169 (Jordan Wilkins),2018 R2 #49 (Dallas Goedert),0,0,2,1,2,1,0,0,385.00997591420554,389.492303392006,0,-1,-1,4.482327477800482,52.0,49.0,2 | 5,2
1302,2018,2018-04-27,CHI,2,pick_only,NE,2018 R4 #105 (Antonio Callaway) | 2019 R2 #56 (Mecole Hardman),2018 R2 #51 (Anthony Miller),0,0,2,1,2,1,0,0,416.0225017692659,370.9205240505338,0,-1,-1,-45.10197771873209,56.0,51.0,2 | 4,2
1302,2018,2018-04-27,NE,2,pick_only,CHI,2018 R2 #51 (Anthony Miller),2018 R4 #105 (Antonio Callaway) | 2019 R2 #56 (Mecole Hardman),0,0,1,2,1,2,0,0,370.9205240505338,416.0225017692659,0,1,1,45.10197771873209,51.0,56.0,2,2 | 4
1303,2018,2018-04-27,NE,2,pick_only,TB,2018 R2 #63 (Carlton Davis) | 2018 R4 #117 (Jordan Whitehead),2018 R2 #56 (Duke Dawson),0,0,2,1,2,1,0,0,337.1581163903213,328.2735003541492,0,-1,-1,-8.884616036172133,63.0,56.0,2 | 4,2
1303,2018,2018-04-27,TB,2,pick_only,NE,2018 R2 #56 (Duke Dawson),2018 R2 #63 (Carlton Davis) | 2018 R4 #117 (Jordan Whitehead),0,0,1,2,1,2,0,0,328.2735003541492,337.1581163903213,0,1,1,8.884616036172133,56.0,63.0,2,2 | 4
1304,2018,2018-04-27,BAL,2,pick_only,OAK,2018 R3 #65 (Brandon Parker),2018 R3 #75 (Derrick Nnadi) | 2018 R5 #152 (Dane Cruikshank) | 2018 R6 #212 (Greg Senat),0,0,1,3,1,3,0,0,262.96500598976496,239.51668605607932,0,2,2,-23.44831993368564,65.0,75.0,3,3 | 5 | 6
1304,2018,2018-04-27,OAK,2,pick_only,BAL,2018 R3 #75 (Derrick Nnadi) | 2018 R5 #152 (Dane Cruikshank) | 2018 R6 #212 (Greg Senat),2018 R3 #65 (Brandon Parker),0,0,3,1,3,1,0,0,239.51668605607932,262.96500598976496,0,-2,-2,23.44831993368564,75.0,65.0,3 | 5 | 6,3
1305,2018,2018-04-27,CLE,2,pick_only,IND,2018 R2 #64 (Tyquan Lewis),2018 R3 #67 (Chad Thomas) | 2018 R6 #178 (Christian Sam),0,0,1,2,1,2,0,0,270.0,268.39972119716447,0,1,1,-1.6002788028355326,64.0,67.0,2,3 | 6
1305,2018,2018-04-27,IND,2,pick_only,CLE,2018 R3 #67 (Chad Thomas) | 2018 R6 #178 (Christian Sam),2018 R2 #64 (Tyquan Lewis),0,0,2,1,2,1,0,0,268.39972119716447,270.0,0,-1,-1,1.6002788028355326,67.0,64.0,3 | 6,2
1306,2018,2018-04-27,BAL,2,pick_only,KC,2018 R3 #75 (Derrick Nnadi),2018 R3 #86 (Mark Andrews) | 2018 R4 #122 (Kenny Young),0,0,1,2,1,2,0,0,201.94816161229585,202.84231551337473,0,1,1,0.8941539010788802,75.0,86.0,3,3 | 4
1306,2018,2018-04-27,KC,2,pick_only,BAL,2018 R3 #86 (Mark Andrews) | 2018 R4 #122 (Kenny Young),2018 R3 #75 (Derrick Nnadi),0,0,2,1,2,1,0,0,202.84231551337473,201.94816161229585,0,-1,-1,-0.8941539010788802,86.0,75.0,3 | 4,3
1307,2018,2018-04-27,PIT,2,pick_only,SEA,2018 R3 #79 (Rasheem Green) | 2018 R7 #220 (Alex McGough),2018 R3 #76 (Mason Rudolph),0,0,2,1,2,1,0,0,186.38719119881497,196.6862945481459,0,-1,-1,10.29910334933092,79.0,76.0,3 | 7,3
1307,2018,2018-04-27,SEA,2,pick_only,PIT,2018 R3 #76 (Mason Rudolph),2018 R3 #79 (Rasheem Green) | 2018 R7 #220 (Alex McGough),0,0,1,2,1,2,0,0,196.6862945481459,186.38719119881497,0,1,1,-10.29910334933092,76.0,79.0,3,3 | 7
1308,2018,2018-04-27,LA,2,pick_only,OAK,2018 R3 #87 (Arden Key),2018 R3 #89 (Joseph Noteboom) | 2018 R6 #217 (Keishawn Bierria),0,0,1,2,1,2,0,0,147.1127244382688,144.80747655461334,0,1,1,-2.305247883655454,87.0,89.0,3,3 | 6
1308,2018,2018-04-27,OAK,2,pick_only,LA,2018 R3 #89 (Joseph Noteboom) | 2018 R6 #217 (Keishawn Bierria),2018 R3 #87 (Arden Key),0,0,2,1,2,1,0,0,144.80747655461334,147.1127244382688,0,-1,-1,2.305247883655454,89.0,87.0,3 | 6,3
1309,2018,2018-04-27,CAR,2,pick_only,GB,2018 R3 #88 (Oren Burks),2018 R4 #101 (Ian Thomas) | 2018 R5 #147 (Micah Kiser),0,0,1,2,1,2,0,0,143.2796239373333,132.6689751615434,0,1,1,-10.610648775789912,88.0,101.0,3,4 | 5
1309,2018,2018-04-27,GB,2,pick_only,CAR,2018 R4 #101 (Ian Thomas) | 2018 R5 #147 (Micah Kiser),2018 R3 #88 (Oren Burks),0,0,2,1,2,1,0,0,132.6689751615434,143.2796239373333,0,-1,-1,10.610648775789912,101.0,88.0,4 | 5,3
1310,2018,2018-04-27,MIN,2,pick_only,TB,2018 R3 #94 (Alex Cappa),2018 R4 #102 (Jalyn Holmes) | 2018 R6 #180 (Folorunso Fatukasi),0,0,1,2,1,2,0,0,122.28962131716897,114.46044688300609,0,1,1,-7.82917443416288,94.0,102.0,3,4 | 6
1310,2018,2018-04-27,TB,2,pick_only,MIN,2018 R4 #102 (Jalyn Holmes) | 2018 R6 #180 (Folorunso Fatukasi),2018 R3 #94 (Alex Cappa),0,0,2,1,2,1,0,0,114.46044688300609,122.28962131716897,0,-1,-1,7.82917443416288,102.0,94.0,4 | 6,3
1311,2018,2018-04-28,CLE,2,pick_only,NE,2018 R4 #114 (Da'Shawn Hand) | 2018 R6 #178 (Christian Sam),2018 R4 #105 (Antonio Callaway),0,0,2,1,2,1,0,0,85.33791601358337,87.74900141511668,0,-1,-1,2.411085401533313,114.0,105.0,4 | 6,4
1311,2018,2018-04-28,NE,2,pick_only,CLE,2018 R4 #105 (Antonio Callaway),2018 R4 #114 (Da'Shawn Hand) | 2018 R6 #178 (Christian Sam),0,0,1,2,1,2,0,0,87.74900141511668,85.33791601358337,0,1,1,-2.411085401533313,105.0,114.0,4,4 | 6
1312,2018,2018-04-28,DET,2,pick_only,NE,2019 R3 #73 (David Montgomery),2018 R4 #114 (Da'Shawn Hand),0,0,1,1,1,1,0,0,212.89796732125947,66.37833835646687,0,0,0,-146.51962896479262,73.0,114.0,3,4
1312,2018,2018-04-28,NE,2,pick_only,DET,2018 R4 #114 (Da'Shawn Hand),2019 R3 #73 (David Montgomery),0,0,1,1,1,1,0,0,66.37833835646687,212.89796732125947,0,0,0,146.51962896479262,114.0,73.0,4,3
1313,2018,2018-04-28,CAR,2,pick_only,LA,2018 R5 #147 (Micah Kiser) | 2018 R6 #197 (Shaun Dion Hamilton),2018 R4 #136 (Marquis Haynes),0,0,2,1,2,1,0,0,44.8419846373918,38.626988431266334,0,-1,-1,-6.21499620612547,147.0,136.0,5 | 6,4
1313,2018,2018-04-28,LA,2,pick_only,CAR,2018 R4 #136 (Marquis Haynes),2018 R5 #147 (Micah Kiser) | 2018 R6 #197 (Shaun Dion Hamilton),0,0,1,2,1,2,0,0,38.626988431266334,44.8419846373918,0,1,1,6.21499620612547,136.0,147.0,4,5 | 6
1314,2018,2018-04-28,IND,2,pick_only,OAK,2018 R5 #140 (Maurice Hurst),2018 R5 #159 (Daurice Fountain) | 2018 R6 #185 (Deon Cain),0,0,1,2,1,2,0,0,36.610195369494626,44.670046593356446,0,1,1,8.05985122386182,140.0,159.0,5,5 | 6
1314,2018,2018-04-28,OAK,2,pick_only,IND,2018 R5 #159 (Daurice Fountain) | 2018 R6 #185 (Deon Cain),2018 R5 #140 (Maurice Hurst),0,0,2,1,2,1,0,0,44.670046593356446,36.610195369494626,0,-1,-1,-8.05985122386182,159.0,140.0,5 | 6,5
1315,2018,2018-04-28,DEN,2,pick_only,SEA,2018 R5 #149 (Michael Dickson),2018 R5 #156 (Troy Fumagalli) | 2018 R7 #226 (David Williams),0,0,1,2,1,2,0,0,32.44906890675348,33.210488294578006,0,1,1,0.7614193878245246,149.0,156.0,5,5 | 7
1315,2018,2018-04-28,SEA,2,pick_only,DEN,2018 R5 #156 (Troy Fumagalli) | 2018 R7 #226 (David Williams),2018 R5 #149 (Michael Dickson),0,0,2,1,2,1,0,0,33.210488294578006,32.44906890675348,0,-1,-1,-0.7614193878245246,156.0,149.0,5 | 7,5
1316,2018,2018-04-28,BAL,2,pick_only,TEN,2018 R5 #152 (Dane Cruikshank),2018 R5 #162 (Jordan Lasley) | 2018 R6 #215 (Bradley Bozeman),0,0,1,2,1,2,0,0,31.16991639517594,32.50245771700911,0,1,1,1.332541321833169,152.0,162.0,5,5 | 6
1316,2018,2018-04-28,TEN,2,pick_only,BAL,2018 R5 #162 (Jordan Lasley) | 2018 R6 #215 (Bradley Bozeman),2018 R5 #152 (Dane Cruikshank),0,0,2,1,2,1,0,0,32.50245771700911,31.16991639517594,0,-1,-1,-1.332541321833169,162.0,152.0,5 | 6,5
1317,2018,2018-04-28,DAL,2,player_for_draft_capital_or_mixed,LA,2018 R6 #192 (Jamil Demby),Tavon Austin,0,1,1,0,1,0,0,0,14.0,0.0,1,-1,-1,-14.0,192.0,,6,
1317,2018,2018-04-28,LA,2,player_for_draft_capital_or_mixed,DAL,Tavon Austin,2018 R6 #192 (Jamil Demby),1,0,0,1,0,1,0,0,0.0,14.0,-1,1,1,14.0,,192.0,,6
1318,2018,2018-04-28,MIN,2,pick_only,NYJ,2018 R5 #167 (Daniel Carlson) | 2018 R7 #225 (Devante Downs),2018 R5 #157 (Tyler Conklin),0,0,2,1,2,1,0,0,27.89108329650898,29.149065331779774,0,-1,-1,1.2579820352707927,167.0,157.0,5 | 7,5
1318,2018,2018-04-28,NYJ,2,pick_only,MIN,2018 R5 #157 (Tyler Conklin),2018 R5 #167 (Daniel Carlson) | 2018 R7 #225 (Devante Downs),0,0,1,2,1,2,0,0,29.149065331779774,27.89108329650898,0,1,1,-1.2579820352707927,157.0,167.0,5,5 | 7
1319,2018,2018-04-28,DEN,2,pick_only,LA,2018 R5 #160 (Ogbonnia Okoronkwo),2018 R6 #183 (Sam Jones) | 2018 R6 #217 (Keishawn Bierria),0,0,1,2,1,2,0,0,28.0,22.27454267992468,0,1,1,-5.725457320075321,160.0,183.0,5,6
1319,2018,2018-04-28,LA,2,pick_only,DEN,2018 R6 #183 (Sam Jones) | 2018 R6 #217 (Keishawn Bierria),2018 R5 #160 (Ogbonnia Okoronkwo),0,0,2,1,2,1,0,0,22.27454267992468,28.0,0,-1,-1,5.725457320075321,183.0,160.0,6,5
1320,2018,2018-04-28,MIN,2,pick_only,NYJ,2018 R6 #180 (Folorunso Fatukasi) | 2018 R6 #204 (Trenton Cannon),2018 R5 #167 (Daniel Carlson) | 2018 R7 #225 (Devante Downs),0,0,2,2,2,2,0,0,26.90765723764931,27.89108329650898,0,0,0,0.9834260588596706,180.0,167.0,6,5 | 7
1320,2018,2018-04-28,NYJ,2,pick_only,MIN,2018 R5 #167 (Daniel Carlson) | 2018 R7 #225 (Devante Downs),2018 R6 #180 (Folorunso Fatukasi) | 2018 R6 #204 (Trenton Cannon),0,0,2,2,2,2,0,0,27.89108329650898,26.90765723764931,0,0,0,-0.9834260588596706,167.0,180.0,5 | 7,6
1321,2018,2018-04-28,IND,2,player_for_draft_capital_or_mixed,NYJ,Henry Anderson,2018 R7 #235 (Zaire Franklin),1,0,0,1,0,1,0,0,0.0,2.483715624146968,-1,1,1,2.483715624146968,,235.0,,7
1321,2018,2018-04-28,NYJ,2,player_for_draft_capital_or_mixed,IND,2018 R7 #235 (Zaire Franklin),Henry Anderson,0,1,1,0,1,0,0,0,2.483715624146968,0.0,1,-1,-1,-2.483715624146968,235.0,,7,
1322,2018,2018-04-28,ATL,2,pick_only,LA,2018 R7 #244 (Justin Lawler) | 2018 R7 #256 (Trey Quinn),2018 R6 #194 (Russell Gage),0,0,2,1,2,1,0,0,2.681792830507429,12.94564766595343,0,-1,-1,10.263854835446,244.0,194.0,7,6
1322,2018,2018-04-28,LA,2,pick_only,ATL,2018 R6 #194 (Russell Gage),2018 R7 #244 (Justin Lawler) | 2018 R7 #256 (Trey Quinn),0,0,1,2,1,2,0,0,12.94564766595343,2.681792830507429,0,1,1,-10.263854835446,194.0,244.0,6,7
1323,2018,2018-04-28,LA,2,pick_only,WAS,2018 R6 #197 (Shaun Dion Hamilton) | 2018 R7 #256 (Trey Quinn),2018 R6 #205 (Trevon Young) | 2018 R7 #231 (Travin Howard),0,0,2,2,2,2,0,0,12.511115293083504,11.36954892441325,0,0,0,-1.1415663686702544,197.0,205.0,6 | 7,6 | 7
1323,2018,2018-04-28,WAS,2,pick_only,LA,2018 R6 #205 (Trevon Young) | 2018 R7 #231 (Travin Howard),2018 R6 #197 (Shaun Dion Hamilton) | 2018 R7 #256 (Trey Quinn),0,0,2,2,2,2,0,0,11.36954892441325,12.511115293083504,0,0,0,1.1415663686702544,205.0,197.0,6 | 7,6 | 7
1324,2018,2018-04-28,KC,2,pick_only,NE,2018 R7 #233 (Jordan Mailata) | 2018 R7 #243 (Keion Crossen),2018 R6 #198 (Kahlil McKenzie),0,0,2,1,2,1,0,0,4.464763254247085,11.069175606859458,0,-1,-1,6.604412352612373,233.0,198.0,7,6
1324,2018,2018-04-28,NE,2,pick_only,KC,2018 R6 #198 (Kahlil McKenzie),2018 R7 #233 (Jordan Mailata) | 2018 R7 #243 (Keion Crossen),0,0,1,2,1,2,0,0,11.069175606859458,4.464763254247085,0,1,1,-6.604412352612373,198.0,233.0,6,7
1325,2018,2018-04-28,NE,2,pick_only,PHI,2018 R7 #233 (Jordan Mailata),2018 R7 #250 (Ryan Izzo) | 2019 R7 #239 (Dillon Mitchell),0,0,1,2,1,2,0,0,2.7085110938737853,3.385387119505837,0,1,1,0.6768760256320516,233.0,239.0,7,7
1325,2018,2018-04-28,PHI,2,pick_only,NE,2018 R7 #250 (Ryan Izzo) | 2019 R7 #239 (Dillon Mitchell),2018 R7 #233 (Jordan Mailata),0,0,2,1,2,1,0,0,3.385387119505837,2.7085110938737853,0,-1,-1,-0.6768760256320516,239.0,233.0,7,7
1326,2018,2018-04-28,DAL,2,player_only,OAK,Ryan Switzer,Jihad Ward,1,1,0,0,0,0,0,0,0.0,0.0,0,0,0,0.0,,,,
1326,2018,2018-04-28,OAK,2,player_only,DAL,Jihad Ward,Ryan Switzer,1,1,0,0,0,0,0,0,0.0,0.0,0,0,0,0.0,,,,
1335,2018,2018-05-03,DET,2,player_for_draft_capital_or_mixed,MIA,Akeem Spence,2019 R7 #229 (P.J. Johnson),1,0,0,1,0,1,0,0,0.0,3.2209806638985086,-1,1,1,3.2209806638985086,,229.0,,7
1335,2018,2018-05-03,MIA,2,player_for_draft_capital_or_mixed,DET,2019 R7 #229 (P.J. Johnson),Akeem Spence,0,1,1,0,1,0,0,0,3.2209806638985086,0.0,1,-1,-1,-3.2209806638985086,229.0,,7,
1333,2018,2018-05-18,ARI,2,player_for_draft_capital_or_mixed,CLE,2020 R6 #187 (Donovan Peoples-Jones),Jamar Taylor,0,1,1,0,1,0,0,0,15.60141439634249,0.0,1,-1,-1,-15.60141439634249,187.0,,6,
1333,2018,2018-05-18,CLE,2,player_for_draft_capital_or_mixed,ARI,Jamar Taylor,2020 R6 #187 (Donovan Peoples-Jones),1,0,0,1,0,1,0,0,0.0,15.60141439634249,-1,1,1,15.60141439634249,,187.0,,6
1332,2018,2018-05-22,NYJ,2,player_for_draft_capital_or_mixed,OAK,Christian Hackenberg,conditional 2019 R7,1,0,0,1,0,0,0,1,0.0,0.0,-1,1,0,0.0,,,,7
1332,2018,2018-05-22,OAK,2,player_for_draft_capital_or_mixed,NYJ,conditional 2019 R7,Christian Hackenberg,0,1,1,0,0,0,1,0,0.0,0.0,1,-1,0,0.0,,,7,
1331,2018,2018-08-05,BUF,2,player_for_draft_capital_or_mixed,CLE,2020 R7 #236 (Vernon Scott),Corey Coleman,0,1,1,0,1,0,0,0,2.378414230005442,0.0,1,-1,-1,-2.378414230005442,236.0,,7,
1331,2018,2018-08-05,CLE,2,player_for_draft_capital_or_mixed,BUF,Corey Coleman,2020 R7 #236 (Vernon Scott),1,0,0,1,0,1,0,0,0.0,2.378414230005442,-1,1,1,2.378414230005442,,236.0,,7
1334,2018,2018-08-23,DET,2,player_for_draft_capital_or_mixed,SF,2020 R7 #217 (Jauan Jennings),Eli Harold,0,1,1,0,1,0,0,0,5.261079640198116,0.0,1,-1,-1,-5.261079640198116,217.0,,7,
1334,2018,2018-08-23,SF,2,player_for_draft_capital_or_mixed,DET,Eli Harold,2020 R7 #217 (Jauan Jennings),1,0,0,1,0,1,0,0,0.0,5.261079640198116,-1,1,1,5.261079640198116,,217.0,,7
1330,2018,2018-08-26,GB,2,player_only,IND,Lenzy Pipkins,Antonio Morrison,1,1,0,0,0,0,0,0,0.0,0.0,0,0,0,0.0,,,,
1330,2018,2018-08-26,IND,2,player_only,GB,Antonio Morrison,Lenzy Pipkins,1,1,0,0,0,0,0,0,0.0,0.0,0,0,0,0.0,,,,
1329,2018,2018-08-27,OAK,2,player_for_draft_capital_or_mixed,PIT,2019 R6 #175 (Sutton Smith) | Ryan Switzer,2019 R5 #158 (Michael Jackson),1,0,1,1,1,1,0,0,20.23253129767865,28.76089740271087,-1,0,0,8.52836610503222,175.0,158.0,6,5
1329,2018,2018-08-27,PIT,2,player_for_draft_capital_or_mixed,OAK,2019 R5 #158 (Michael Jackson),2019 R6 #175 (Sutton Smith) | Ryan Switzer,0,1,1,1,1,1,0,0,28.76089740271087,20.23253129767865,1,0,0,-8.52836610503222,158.0,175.0,5,6
1336,2018,2018-08-27,MIN,2,player_for_draft_capital_or_mixed,NYG,2019 R7 #232 (George Asafo-Adjei),Brett Jones,0,1,1,0,1,0,0,0,2.82842712474619,0.0,1,-1,-1,-2.82842712474619,232.0,,7,
1336,2018,2018-08-27,NYG,2,player_for_draft_capital_or_mixed,MIN,Brett Jones,2019 R7 #232 (George Asafo-Adjei),1,0,0,1,0,1,0,0,0.0,2.82842712474619,-1,1,1,2.82842712474619,,232.0,,7
1328,2018,2018-08-28,BAL,2,player_for_draft_capital_or_mixed,TEN,Kamalei Correa,2019 R6 #191 (Marcus Epps),1,0,0,1,0,1,0,0,0.0,14.306560081157631,-1,1,1,14.306560081157631,,191.0,,6
1328,2018,2018-08-28,TEN,2,player_for_draft_capital_or_mixed,BAL,2019 R6 #191 (Marcus Epps),Kamalei Correa,0,1,1,0,1,0,0,0,14.306560081157631,0.0,1,-1,-1,-14.306560081157631,191.0,,6,
1337,2018,2018-08-29,GB,2,player_for_draft_capital_or_mixed,SEA,Brett Hundley,2019 R6 #194 (Dexter Williams),1,0,0,1,0,1,0,0,0.0,12.94564766595343,-1,1,1,12.94564766595343,,194.0,,6
1337,2018,2018-08-29,SEA,2,player_for_draft_capital_or_mixed,GB,2019 R6 #194 (Dexter Williams),Brett Hundley,0,1,1,0,1,0,0,0,12.94564766595343,0.0,1,-1,-1,-12.94564766595343,194.0,,6,
1338,2018,2018-08-29,NO,2,player_for_draft_capital_or_mixed,NYJ,2019 R3 #93 (Miles Boykin),2019 R6 #177 (Saquan Hampton) | Teddy Bridgewater,0,1,1,1,1,1,0,0,125.56118496208103,19.374738347493643,1,0,0,-106.18644661458738,93.0,177.0,3,6
1338,2018,2018-08-29,NYJ,2,player_for_draft_capital_or_mixed,NO,2019 R6 #177 (Saquan Hampton) | Teddy Bridgewater,2019 R3 #93 (Miles Boykin),1,0,1,1,1,1,0,0,19.374738347493643,125.56118496208103,-1,0,0,106.18644661458738,177.0,93.0,6,3
1339,2018,2018-08-30,DAL,2,player_only,KC,Charvarius Ward,Parker Ehinger,1,1,0,0,0,0,0,0,0.0,0.0,0,0,0,0.0,,,,
1339,2018,2018-08-30,KC,2,player_only,DAL,Parker Ehinger,Charvarius Ward,1,1,0,0,0,0,0,0,0.0,0.0,0,0,0,0.0,,,,
1340,2018,2018-08-31,ATL,2,player_for_draft_capital_or_mixed,NE,2020 R7 #230 (Dustin Woodard),Jordan Richards,0,1,1,0,1,0,0,0,3.0844216508158815,0.0,1,-1,-1,-3.0844216508158815,230.0,,7,
1340,2018,2018-08-31,NE,2,player_for_draft_capital_or_mixed,ATL,Jordan Richards,2020 R7 #230 (Dustin Woodard),1,0,0,1,0,1,0,0,0.0,3.0844216508158815,-1,1,1,3.0844216508158815,,230.0,,7
1341,2018,2018-08-31,KC,2,player_for_draft_capital_or_mixed,MIA,2020 R7 #246 (Malcolm Perry),Jordan Lucas,0,1,1,0,1,0,0,0,1.5422108254079407,0.0,1,-1,-1,-1.5422108254079407,246.0,,7,
1341,2018,2018-08-31,MIA,2,player_for_draft_capital_or_mixed,KC,Jordan Lucas,2020 R7 #246 (Malcolm Perry),1,0,0,1,0,1,0,0,0.0,1.5422108254079407,-1,1,1,1.5422108254079407,,246.0,,7
1342,2018,2018-08-31,CLE,2,player_for_draft_capital_or_mixed,SF,Shon Coleman,2019 R7 #243 (Nick Scott),1,0,0,1,0,1,0,0,0.0,1.7562521603732995,-1,1,1,1.7562521603732995,,243.0,,7
1342,2018,2018-08-31,SF,2,player_for_draft_capital_or_mixed,CLE,2019 R7 #243 (Nick Scott),Shon Coleman,0,1,1,0,1,0,0,0,1.7562521603732995,0.0,1,-1,-1,-1.7562521603732995,243.0,,7,
1343,2018,2018-09-01,OAK,2,player_for_draft_capital_or_mixed,SEA,Shalom Luani,2019 R7 #235 (Dontavius Russell),1,0,0,1,0,1,0,0,0.0,2.483715624146968,-1,1,1,2.483715624146968,,235.0,,7
1343,2018,2018-09-01,SEA,2,player_for_draft_capital_or_mixed,OAK,2019 R7 #235 (Dontavius Russell),Shalom Luani,0,1,1,0,1,0,0,0,2.483715624146968,0.0,1,-1,-1,-2.483715624146968,235.0,,7,
1344,2018,2018-09-01,CAR,2,player_for_draft_capital_or_mixed,DET,Corey Robinson,conditional 2020 R7,1,0,0,1,0,0,0,1,0.0,0.0,-1,1,0,0.0,,,,7
1344,2018,2018-09-01,DET,2,player_for_draft_capital_or_mixed,CAR,conditional 2020 R7,Corey Robinson,0,1,1,0,0,0,1,0,0.0,0.0,1,-1,0,0.0,,,7,
1345,2018,2018-09-01,IND,2,player_only,SEA,Marcus Johnson,Darrell Daniels,1,1,0,0,0,0,0,0,0.0,0.0,0,0,0,0.0,,,,
1345,2018,2018-09-01,SEA,2,player_only,IND,Darrell Daniels,Marcus Johnson,1,1,0,0,0,0,0,0,0.0,0.0,0,0,0,0.0,,,,
1346,2018,2018-09-01,CHI,2,player_for_draft_capital_or_mixed,OAK,2019 R1 #24 (Josh Jacobs) | 2019 R6 #196 (Blessuan Austin) | 2020 R1 #19 (Damon Arnette) | 2020 R3 #81 (Bryan Edwards),2020 R2 #43 (Cole Kmet) | 2020 R7 #226 (Arlington Hambright) | Khalil Mack,0,1,4,2,4,2,0,0,1799.3341070497897,454.6434931478708,1,-2,-2,-1344.6906139019188,19.0,43.0,1 | 3 | 6,2 | 7
1346,2018,2018-09-01,OAK,2,player_for_draft_capital_or_mixed,CHI,2020 R2 #43 (Cole Kmet) | 2020 R7 #226 (Arlington Hambright) | Khalil Mack,2019 R1 #24 (Josh Jacobs) | 2019 R6 #196 (Blessuan Austin) | 2020 R1 #19 (Damon Arnette) | 2020 R3 #81 (Bryan Edwards),1,0,2,4,2,4,0,0,454.6434931478708,1799.3341070497897,-1,2,2,1344.6906139019188,43.0,19.0,2 | 7,1 | 3 | 6
1347,2018,2018-09-01,CLE,2,player_for_draft_capital_or_mixed,NO,2019 R7 #231 (Alize Mack),Devaroe Lawrence,0,1,1,0,1,0,0,0,2.9536522918789987,0.0,1,-1,-1,-2.9536522918789987,231.0,,7,
1347,2018,2018-09-01,NO,2,player_for_draft_capital_or_mixed,CLE,Devaroe Lawrence,2019 R7 #231 (Alize Mack),1,0,0,1,0,1,0,0,0.0,2.9536522918789987,-1,1,1,2.9536522918789987,,231.0,,7
1348,2018,2018-09-01,CHI,2,player_for_draft_capital_or_mixed,PHI,Deiondre' Hall,2019 R7 #222 (Kerrith Whyte),1,0,0,1,0,1,0,0,0.0,4.325778164601057,-1,1,1,4.325778164601057,,222.0,,7
1348,2018,2018-09-01,PHI,2,player_for_draft_capital_or_mixed,CHI,2019 R7 #222 (Kerrith Whyte),Deiondre' Hall,0,1,1,0,1,0,0,0,4.325778164601057,0.0,1,-1,-1,-4.325778164601057,222.0,,7,
1349,2018,2018-09-02,BUF,2,player_for_draft_capital_or_mixed,OAK,A.J. McCarron,2019 R5 #158 (Michael Jackson),1,0,0,1,0,1,0,0,0.0,28.76089740271087,-1,1,1,28.76089740271087,,158.0,,5
1349,2018,2018-09-02,OAK,2,player_for_draft_capital_or_mixed,BUF,2019 R5 #158 (Michael Jackson),A.J. McCarron,0,1,1,0,1,0,0,0,28.76089740271087,0.0,1,-1,-1,-28.76089740271087,158.0,,5,
1464,2018,2018-09-17,CLE,2,player_for_draft_capital_or_mixed,NE,2019 R7 #243 (Nick Scott) | Josh Gordon,2019 R5 #170 (Austin Seibert),1,0,1,1,1,1,0,0,1.7562521603732995,22.546864647289553,-1,0,0,20.790612486916253,243.0,170.0,7,5
1464,2018,2018-09-17,NE,2,player_for_draft_capital_or_mixed,CLE,2019 R5 #170 (Austin Seibert),2019 R7 #243 (Nick Scott) | Josh Gordon,0,1,1,1,1,1,0,0,22.546864647289553,1.7562521603732995,1,0,0,-20.790612486916253,170.0,243.0,5,7
1463,2018,2018-09-25,BUF,2,player_for_draft_capital_or_mixed,CAR,Marshall Newhouse,conditional 2021 R7 #236 (Jack Anderson),1,0,0,1,0,1,0,1,0.0,2.378414230005442,-1,1,1,2.378414230005442,,236.0,,7
1463,2018,2018-09-25,CAR,2,player_for_draft_capital_or_mixed,BUF,conditional 2021 R7 #236 (Jack Anderson),Marshall Newhouse,0,1,1,0,1,0,1,0,2.378414230005442,0.0,1,-1,-1,-2.378414230005442,236.0,,7,
1462,2018,2018-10-19,CLE,2,player_for_draft_capital_or_mixed,JAX,Carlos Hyde,2019 R5 #144 (Marvell Tell),1,0,0,1,0,1,0,0,0.0,34.698703145794944,-1,1,1,34.698703145794944,,144.0,,5
1462,2018,2018-10-19,JAX,2,player_for_draft_capital_or_mixed,CLE,2019 R5 #144 (Marvell Tell),Carlos Hyde,0,1,1,0,1,0,0,0,34.698703145794944,0.0,1,-1,-1,-34.698703145794944,144.0,,5,
1461,2018,2018-10-22,DAL,2,player_for_draft_capital_or_mixed,OAK,2019 R1 #27 (Johnathan Abram),Amari Cooper,0,1,1,0,1,0,0,0,680.0,0.0,1,-1,-1,-680.0,27.0,,1,
1461,2018,2018-10-22,OAK,2,player_for_draft_capital_or_mixed,DAL,Amari Cooper,2019 R1 #27 (Johnathan Abram),1,0,0,1,0,1,0,0,0.0,680.0,-1,1,1,680.0,,27.0,,1
1460,2018,2018-10-23,NO,2,player_for_draft_capital_or_mixed,NYG,2019 R4 #132 (Ugo Amadi) | 2020 R7 #238 (T.J. Brunson),Eli Apple,0,1,2,0,2,0,0,0,42.93589863955213,0.0,1,-2,-2,-42.93589863955213,132.0,,4 | 7,
1460,2018,2018-10-23,NYG,2,player_for_draft_capital_or_mixed,NO,Eli Apple,2019 R4 #132 (Ugo Amadi) | 2020 R7 #238 (T.J. Brunson),1,0,0,2,0,2,0,0,0.0,42.93589863955213,-1,2,2,42.93589863955213,,132.0,,4 | 7
1361,2018,2018-10-25,DET,2,player_for_draft_capital_or_mixed,NYG,2019 R5 #142 (Ben Burr-Kirven),Damon Harrison,0,1,1,0,1,0,0,0,35.6416371851189,0.0,1,-1,-1,-35.6416371851189,142.0,,5,
1361,2018,2018-10-25,NYG,2,player_for_draft_capital_or_mixed,DET,Damon Harrison,2019 R5 #142 (Ben Burr-Kirven),1,0,0,1,0,1,0,0,0.0,35.6416371851189,-1,1,1,35.6416371851189,,142.0,,5
1455,2018,2018-10-30,DET,2,player_for_draft_capital_or_mixed,PHI,Golden Tate,2019 R3 #88 (Cody Barton),1,0,0,1,0,1,0,0,0.0,143.2796239373333,-1,1,1,143.2796239373333,,88.0,,3
1455,2018,2018-10-30,PHI,2,player_for_draft_capital_or_mixed,DET,2019 R3 #88 (Cody Barton),Golden Tate,0,1,1,0,1,0,0,0,143.2796239373333,0.0,1,-1,-1,-143.2796239373333,88.0,,3,
1456,2018,2018-10-30,GB,2,player_for_draft_capital_or_mixed,WAS,Ha Ha Clinton-Dix,2019 R4 #118 (Hjalte Froholdt),1,0,0,1,0,1,0,0,0.0,58.63442692465892,-1,1,1,58.63442692465892,,118.0,,4
1456,2018,2018-10-30,WAS,2,player_for_draft_capital_or_mixed,GB,2019 R4 #118 (Hjalte Froholdt),Ha Ha Clinton-Dix,0,1,1,0,1,0,0,0,58.63442692465892,0.0,1,-1,-1,-58.63442692465892,118.0,,4,
1457,2018,2018-10-30,JAX,2,player_for_draft_capital_or_mixed,LA,Dante Fowler,2019 R3 #98 (Quincy Williams) | 2020 R5 #165 (Collin Johnson),1,0,0,2,0,2,0,0,0.0,134.14968391747396,-1,2,2,134.14968391747396,,98.0,,3 | 5
1457,2018,2018-10-30,LA,2,player_for_draft_capital_or_mixed,JAX,2019 R3 #98 (Quincy Williams) | 2020 R5 #165 (Collin Johnson),Dante Fowler,0,1,2,0,2,0,0,0,134.14968391747396,0.0,1,-2,-2,-134.14968391747396,98.0,,3 | 5,
1458,2018,2018-10-30,BAL,2,player_for_draft_capital_or_mixed,GB,2020 R7 #242 (Jonathan Garvin),Ty Montgomery,0,1,1,0,1,0,0,0,1.8340080864093424,0.0,1,-1,-1,-1.8340080864093424,242.0,,7,
1458,2018,2018-10-30,GB,2,player_for_draft_capital_or_mixed,BAL,Ty Montgomery,2020 R7 #242 (Jonathan Garvin),1,0,0,1,0,1,0,0,0.0,1.8340080864093424,-1,1,1,1.8340080864093424,,242.0,,7
1459,2018,2018-10-30,DEN,2,player_for_draft_capital_or_mixed,HOU,2019 R7 #220 (Cullen Gillaspia) | Demaryius Thomas,2019 R4 #125 (Renell Wren) | 2019 R7 #237 (Terry Godwin),1,0,1,2,1,2,0,0,4.678089182334822,49.47015766685517,-1,1,1,44.79206848452035,220.0,125.0,7,4 | 7
1459,2018,2018-10-30,HOU,2,player_for_draft_capital_or_mixed,DEN,2019 R4 #125 (Renell Wren) | 2019 R7 #237 (Terry Godwin),2019 R7 #220 (Cullen Gillaspia) | Demaryius Thomas,0,1,2,1,2,1,0,0,49.47015766685517,4.678089182334822,1,-1,-1,-44.79206848452035,125.0,220.0,4 | 7,7
1351,2019,2019-03-13,CLE,2,player_for_draft_capital_or_mixed,NYG,2019 R1 #17 (Dexter Lawrence) | 2019 R3 #95 (Oshane Ximines) | Jabrill Peppers,Odell Beckham Jr.,1,1,2,0,2,0,0,0,1069.1033000079829,0.0,0,-2,-2,-1069.1033000079829,17.0,,1 | 3,
1351,2019,2019-03-13,NYG,2,player_for_draft_capital_or_mixed,CLE,Odell Beckham Jr.,2019 R1 #17 (Dexter Lawrence) | 2019 R3 #95 (Oshane Ximines) | Jabrill Peppers,1,1,0,2,0,2,0,0,0.0,1069.1033000079829,0,2,2,1069.1033000079829,,17.0,,1 | 3
1352,2019,2019-03-13,KC,2,player_for_draft_capital_or_mixed,SF,Dee Ford,2020 R2 #63 (Willie Gay),1,0,0,1,0,1,0,0,0.0,276.6768177349749,-1,1,1,276.6768177349749,,63.0,,2
1352,2019,2019-03-13,SF,2,player_for_draft_capital_or_mixed,KC,2020 R2 #63 (Willie Gay),Dee Ford,0,1,1,0,1,0,0,0,276.6768177349749,0.0,1,-1,-1,-276.6768177349749,63.0,,2,
1353,2019,2019-03-13,PHI,2,player_for_draft_capital_or_mixed,TB,2019 R6 #208 (Scott Miller),2020 R7 #228 (Sterling Hofrichter) | DeSean Jackson,0,1,1,1,1,1,0,0,7.483314773547881,3.363585661014858,1,0,0,-4.119729112533022,208.0,228.0,6,7
1353,2019,2019-03-13,TB,2,player_for_draft_capital_or_mixed,PHI,2020 R7 #228 (Sterling Hofrichter) | DeSean Jackson,2019 R6 #208 (Scott Miller),1,0,1,1,1,1,0,0,3.363585661014858,7.483314773547881,-1,0,0,4.119729112533022,228.0,208.0,7,6
1354,2019,2019-03-13,NYJ,2,player_for_draft_capital_or_mixed,OAK,2019 R5 #140 (Ryquell Armstead),2019 R6 #196 (Blessuan Austin) | Kelechi Osemele,0,1,1,1,1,1,0,0,36.610195369494626,11.970699535071823,1,0,0,-24.639495834422803,140.0,196.0,5,6
1354,2019,2019-03-13,OAK,2,player_for_draft_capital_or_mixed,NYJ,2019 R6 #196 (Blessuan Austin) | Kelechi Osemele,2019 R5 #140 (Ryquell Armstead),1,0,1,1,1,1,0,0,11.970699535071823,36.610195369494626,-1,0,0,24.639495834422803,196.0,140.0,6,5
1355,2019,2019-03-13,OAK,2,player_for_draft_capital_or_mixed,PIT,2019 R3 #66 (Diontae Johnson) | 2019 R5 #141 (Zach Gentry),Antonio Brown,0,1,2,0,2,0,0,0,292.2359826766159,0.0,1,-2,-2,-292.2359826766159,66.0,,3 | 5,
1355,2019,2019-03-13,PIT,2,player_for_draft_capital_or_mixed,OAK,Antonio Brown,2019 R3 #66 (Diontae Johnson) | 2019 R5 #141 (Zach Gentry),1,0,0,2,0,2,0,0,0.0,292.2359826766159,-1,2,2,292.2359826766159,,66.0,,3 | 5
1356,2019,2019-03-13,NE,2,player_for_draft_capital_or_mixed,PHI,2020 R5 #168 (John Hightower),2020 R7 #235 (Jashon Cornell) | Michael Bennett,0,1,1,1,1,1,0,0,23.545099627104005,2.483715624146968,1,0,0,-21.061384002957038,168.0,235.0,5,7
1356,2019,2019-03-13,PHI,2,player_for_draft_capital_or_mixed,NE,2020 R7 #235 (Jashon Cornell) | Michael Bennett,2020 R5 #168 (John Hightower),1,0,1,1,1,1,0,0,2.483715624146968,23.545099627104005,-1,0,0,21.061384002957038,235.0,168.0,7,5
1357,2019,2019-03-13,ARI,2,player_for_draft_capital_or_mixed,PIT,2019 R6 #207 (Ulysees Gilbert),Marcus Gilbert,0,1,1,0,1,0,0,0,7.782088042705171,0.0,1,-1,-1,-7.782088042705171,207.0,,6,
1357,2019,2019-03-13,PIT,2,player_for_draft_capital_or_mixed,ARI,Marcus Gilbert,2019 R6 #207 (Ulysees Gilbert),1,0,0,1,0,1,0,0,0.0,7.782088042705171,-1,1,1,7.782088042705171,,207.0,,6
1358,2019,2019-03-13,CLE,2,player_only,NYG,Kevin Zeitler,Olivier Vernon,1,1,0,0,0,0,0,0,0.0,0.0,0,0,0,0.0,,,,
1358,2019,2019-03-13,NYG,2,player_only,CLE,Olivier Vernon,Kevin Zeitler,1,1,0,0,0,0,0,0,0.0,0.0,0,0,0,0.0,,,,
1359,2019,2019-03-13,DEN,2,player_for_draft_capital_or_mixed,WAS,2020 R7 #229 (James Smith-Williams) | Case Keenum,2020 R6 #181 (Netane Muti),1,0,1,1,1,1,0,0,3.2209806638985086,17.766713400684264,-1,0,0,14.545732736785755,229.0,181.0,7,6
1359,2019,2019-03-13,WAS,2,player_for_draft_capital_or_mixed,DEN,2020 R6 #181 (Netane Muti),2020 R7 #229 (James Smith-Williams) | Case Keenum,0,1,1,1,1,1,0,0,17.766713400684264,3.2209806638985086,1,0,0,-14.545732736785755,181.0,229.0,6,7
1360,2019,2019-03-13,BAL,2,player_for_draft_capital_or_mixed,DEN,Joe Flacco,2019 R4 #113 (Justice Hill),1,0,0,1,0,1,0,0,0.0,68.46912841054362,-1,1,1,68.46912841054362,,113.0,,4
1360,2019,2019-03-13,DEN,2,player_for_draft_capital_or_mixed,BAL,2019 R4 #113 (Justice Hill),Joe Flacco,0,1,1,0,1,0,0,0,68.46912841054362,0.0,1,-1,-1,-68.46912841054362,113.0,,4,
1362,2019,2019-03-18,MIA,2,player_for_draft_capital_or_mixed,TEN,2019 R6 #188 (David Long) | Ryan Tannehill,2019 R7 #233 (Chler Cox) | 2020 R4 #135 (Kevin Dotson),1,0,1,2,1,2,0,0,15.2671082573136,41.85682394334551,-1,1,1,26.58971568603191,188.0,135.0,6,4 | 7
1362,2019,2019-03-18,TEN,2,player_for_draft_capital_or_mixed,MIA,2019 R7 #233 (Chler Cox) | 2020 R4 #135 (Kevin Dotson),2019 R6 #188 (David Long) | Ryan Tannehill,0,1,2,1,2,1,0,0,41.85682394334551,15.2671082573136,1,-1,-1,-26.58971568603191,135.0,188.0,4 | 7,6
1363,2019,2019-03-29,DAL,2,player_for_draft_capital_or_mixed,MIA,2020 R6 #197 (John Penisini),Robert Quinn,0,1,1,0,1,0,0,0,11.511115293083504,0.0,1,-1,-1,-11.511115293083504,197.0,,6,
1363,2019,2019-03-29,MIA,2,player_for_draft_capital_or_mixed,DAL,Robert Quinn,2020 R6 #197 (John Penisini),1,0,0,1,0,1,0,0,0.0,11.511115293083504,-1,1,1,11.511115293083504,,197.0,,6
1364,2019,2019-03-29,CHI,2,player_for_draft_capital_or_mixed,PHI,Jordan Howard,2020 R6 #200 (Quez Watkins),1,0,0,1,0,1,0,0,0.0,10.235546239926343,-1,1,1,10.235546239926343,,200.0,,6
1364,2019,2019-03-29,PHI,2,player_for_draft_capital_or_mixed,CHI,2020 R6 #200 (Quez Watkins),Jordan Howard,0,1,1,0,1,0,0,0,10.235546239926343,0.0,1,-1,-1,-10.235546239926343,200.0,,6,
1365,2019,2019-04-02,CLE,2,player_only,KC,Emmanuel Ogbah,Eric Murray,1,1,0,0,0,0,0,0,0.0,0.0,0,0,0,0.0,,,,
1365,2019,2019-04-02,KC,2,player_only,CLE,Eric Murray,Emmanuel Ogbah,1,1,0,0,0,0,0,0,0.0,0.0,0,0,0,0.0,,,,
1366,2019,2019-04-23,KC,2,player_for_draft_capital_or_mixed,SEA,2019 R1 #29 (L.J. Collier) | 2019 R3 #92 (Chuma Edoga) | 2020 R2 #64 (Jeremy Chinn),2019 R3 #84 (Khalen Saunders) | Frank Clark,0,1,3,1,3,1,0,0,1038.9202713956602,159.2383448574925,1,-2,-2,-879.6819265381677,29.0,84.0,1 | 2 | 3,3
1366,2019,2019-04-23,SEA,2,player_for_draft_capital_or_mixed,KC,2019 R3 #84 (Khalen Saunders) | Frank Clark,2019 R1 #29 (L.J. Collier) | 2019 R3 #92 (Chuma Edoga) | 2020 R2 #64 (Jeremy Chinn),1,0,1,3,1,3,0,0,159.2383448574925,1038.9202713956602,-1,2,2,879.6819265381677,84.0,29.0,3,1 | 2 | 3
1367,2019,2019-04-25,DEN,2,pick_only,PIT,2019 R1 #10 (Devin Bush),2019 R1 #20 (Noah Fant) | 2019 R2 #52 (Drew Sample) | 2020 R3 #83 (Lloyd Cushenberry),0,0,1,3,1,3,0,0,1300.0,1375.4677816367446,0,2,2,75.46778163674458,10.0,20.0,1,1 | 2 | 3
1367,2019,2019-04-25,PIT,2,pick_only,DEN,2019 R1 #20 (Noah Fant) | 2019 R2 #52 (Drew Sample) | 2020 R3 #83 (Lloyd Cushenberry),2019 R1 #10 (Devin Bush),0,0,3,1,3,1,0,0,1375.4677816367446,1300.0,0,-2,-2,-75.46778163674458,20.0,10.0,1 | 2 | 3,1
1368,2019,2019-04-25,GB,2,pick_only,SEA,2019 R1 #30 (Deandre Baker) | 2019 R4 #114 (Dru Samia) | 2019 R4 #118 (Hjalte Froholdt),2019 R1 #21 (Darnell Savage),0,0,3,1,3,1,0,0,745.0127652811258,800.0,0,-2,-2,54.98723471887422,30.0,21.0,1 | 4,1
1368,2019,2019-04-25,SEA,2,pick_only,GB,2019 R1 #21 (Darnell Savage),2019 R1 #30 (Deandre Baker) | 2019 R4 #114 (Dru Samia) | 2019 R4 #118 (Hjalte Froholdt),0,0,1,3,1,3,0,0,800.0,745.0127652811258,0,2,2,-54.98723471887422,21.0,30.0,1,1 | 4
1369,2019,2019-04-25,BAL,2,pick_only,PHI,2019 R1 #22 (Andre Dillard),2019 R1 #25 (Marquise Brown) | 2019 R4 #127 (Iman Marshall) | 2019 R6 #197 (Trace McSorley),0,0,1,3,1,3,0,0,780.0,775.8655326308979,0,2,2,-4.13446736910214,22.0,25.0,1,1 | 4 | 6
1369,2019,2019-04-25,PHI,2,pick_only,BAL,2019 R1 #25 (Marquise Brown) | 2019 R4 #127 (Iman Marshall) | 2019 R6 #197 (Trace McSorley),2019 R1 #22 (Andre Dillard),0,0,3,1,3,1,0,0,775.8655326308979,780.0,0,-2,-2,4.13446736910214,25.0,22.0,1 | 4 | 6,1
1370,2019,2019-04-25,IND,2,pick_only,WAS,2019 R1 #26 (Montez Sweat),2019 R2 #46 (Greedy Williams) | 2020 R2 #34 (Michael Pittman),0,0,1,2,1,2,0,0,700.0,980.9755631266016,0,1,1,280.9755631266016,26.0,34.0,1,2
1370,2019,2019-04-25,WAS,2,pick_only,IND,2019 R2 #46 (Greedy Williams) | 2020 R2 #34 (Michael Pittman),2019 R1 #26 (Montez Sweat),0,0,2,1,2,1,0,0,980.9755631266016,700.0,0,-1,-1,-280.9755631266016,34.0,26.0,2,1
1371,2019,2019-04-25,NYG,2,pick_only,SEA,2019 R2 #37 (Greg Little) | 2019 R4 #132 (Ugo Amadi) | 2019 R5 #142 (Ben Burr-Kirven),2019 R1 #30 (Deandre Baker),0,0,3,1,3,1,0,0,598.560576135777,620.0,0,-2,-2,21.439423864223045,37.0,30.0,2 | 4 | 5,1
1371,2019,2019-04-25,SEA,2,pick_only,NYG,2019 R1 #30 (Deandre Baker),2019 R2 #37 (Greg Little) | 2019 R4 #132 (Ugo Amadi) | 2019 R5 #142 (Ben Burr-Kirven),0,0,1,3,1,3,0,0,620.0,598.560576135777,0,2,2,-21.439423864223045,30.0,37.0,1,2 | 4 | 5
1372,2019,2019-04-25,ATL,2,pick_only,LA,2019 R2 #45 (Joejuan Williams) | 2019 R3 #79 (David Long),2019 R1 #31 (Kaleb McGary) | 2019 R6 #203 (Marcus Green),0,0,2,2,2,2,0,0,611.1811578100203,609.101325472139,0,0,0,-2.079832337881271,45.0,31.0,2 | 3,1 | 6
1372,2019,2019-04-25,LA,2,pick_only,ATL,2019 R1 #31 (Kaleb McGary) | 2019 R6 #203 (Marcus Green),2019 R2 #45 (Joejuan Williams) | 2019 R3 #79 (David Long),0,0,2,2,2,2,0,0,609.101325472139,611.1811578100203,0,0,0,2.079832337881271,31.0,45.0,1 | 6,2 | 3
1373,2019,2019-04-26,JAX,2,pick_only,OAK,2019 R2 #38 (Cody Ford) | 2019 R4 #109 (Khari Willis),2019 R2 #35 (Jawaan Taylor) | 2019 R5 #140 (Ryquell Armstead) | 2019 R7 #235 (Dontavius Russell),0,0,2,3,2,3,0,0,587.0750125711256,587.4024235880206,0,1,1,0.32741101689498464,38.0,35.0,2 | 4,2 | 5 | 7
1373,2019,2019-04-26,OAK,2,pick_only,JAX,2019 R2 #35 (Jawaan Taylor) | 2019 R5 #140 (Ryquell Armstead) | 2019 R7 #235 (Dontavius Russell),2019 R2 #38 (Cody Ford) | 2019 R4 #109 (Khari Willis),0,0,3,2,3,2,0,0,587.4024235880206,587.0750125711256,0,-1,-1,-0.32741101689498464,35.0,38.0,2 | 5 | 7,2 | 4
1374,2019,2019-04-26,CAR,2,pick_only,SEA,2019 R2 #47 (Marquise Blair) | 2019 R3 #77 (Chase Winovich),2019 R2 #37 (Greg Little),0,0,2,1,2,1,0,0,600.5554893824286,522.1640557764364,0,-1,-1,-78.39143360599223,47.0,37.0,2 | 3,2
1374,2019,2019-04-26,SEA,2,pick_only,CAR,2019 R2 #37 (Greg Little),2019 R2 #47 (Marquise Blair) | 2019 R3 #77 (Chase Winovich),0,0,1,2,1,2,0,0,522.1640557764364,600.5554893824286,0,1,1,78.39143360599223,37.0,47.0,2,2 | 3
1375,2019,2019-04-26,BUF,2,pick_only,OAK,2019 R2 #40 (Trayvon Mullen) | 2019 R5 #158 (Michael Jackson),2019 R2 #38 (Cody Ford),0,0,2,1,2,1,0,0,514.026993594281,509.56309319230627,0,-1,-1,-4.4639004019746835,40.0,38.0,2 | 5,2
1375,2019,2019-04-26,OAK,2,pick_only,BUF,2019 R2 #38 (Cody Ford),2019 R2 #40 (Trayvon Mullen) | 2019 R5 #158 (Michael Jackson),0,0,1,2,1,2,0,0,509.56309319230627,514.026993594281,0,1,1,4.4639004019746835,38.0,40.0,2,2 | 5
1376,2019,2019-04-26,CIN,2,pick_only,DEN,2019 R2 #42 (Drew Lock),2019 R2 #52 (Drew Sample) | 2019 R4 #125 (Renell Wren) | 2019 R6 #182 (Trayveon Williams),0,0,1,3,1,3,0,0,462.1276290591479,426.5479889864206,0,2,2,-35.57964007272733,42.0,52.0,2,2 | 4 | 6
1376,2019,2019-04-26,DEN,2,pick_only,CIN,2019 R2 #52 (Drew Sample) | 2019 R4 #125 (Renell Wren) | 2019 R6 #182 (Trayveon Williams),2019 R2 #42 (Drew Lock),0,0,3,1,3,1,0,0,426.5479889864206,462.1276290591479,0,-2,-2,35.57964007272733,52.0,42.0,2 | 4 | 6,2
1377,2019,2019-04-26,LA,2,pick_only,NE,2019 R2 #45 (Joejuan Williams),2019 R2 #56 (Mecole Hardman) | 2019 R3 #101 (Yodny Cajuste),0,0,1,2,1,2,0,0,429.4720557935401,427.61160617138427,0,1,1,-1.8604496221558406,45.0,56.0,2,2 | 3
1377,2019,2019-04-26,NE,2,pick_only,LA,2019 R2 #56 (Mecole Hardman) | 2019 R3 #101 (Yodny Cajuste),2019 R2 #45 (Joejuan Williams),0,0,2,1,2,1,0,0,427.61160617138427,429.4720557935401,0,-1,-1,1.8604496221558406,56.0,45.0,2 | 3,2
1378,2019,2019-04-26,CLE,2,pick_only,IND,2019 R2 #49 (Ben Banogu) | 2019 R5 #144 (Marvell Tell),2019 R2 #46 (Greedy Williams),0,0,2,1,2,1,0,0,424.19100653780094,419.10795423174875,0,-1,-1,-5.0830523060521955,49.0,46.0,2 | 5,2
1378,2019,2019-04-26,IND,2,pick_only,CLE,2019 R2 #46 (Greedy Williams),2019 R2 #49 (Ben Banogu) | 2019 R5 #144 (Marvell Tell),0,0,1,2,1,2,0,0,419.10795423174875,424.19100653780094,0,1,1,5.0830523060521955,46.0,49.0,2,2 | 5
1379,2019,2019-04-26,MIA,2,pick_only,NO,2019 R2 #48 (Erik McCoy) | 2019 R4 #116 (Amani Hooker),2019 R2 #62 (Andy Isabella) | 2019 R6 #202 (Isaiah Prince) | 2020 R2 #56 (Raekwon Davis),0,0,2,3,2,3,0,0,461.51038416467003,621.2569447816134,0,1,1,159.74656061694333,48.0,56.0,2 | 4,2 | 6
1379,2019,2019-04-26,NO,2,pick_only,MIA,2019 R2 #62 (Andy Isabella) | 2019 R6 #202 (Isaiah Prince) | 2020 R2 #56 (Raekwon Davis),2019 R2 #48 (Erik McCoy) | 2019 R4 #116 (Amani Hooker),0,0,3,2,3,2,0,0,621.2569447816134,461.51038416467003,0,-1,-1,-159.74656061694333,56.0,48.0,2 | 6,2 | 4
1380,2019,2019-04-26,KC,2,pick_only,LA,2019 R2 #61 (Taylor Rapp) | 2019 R5 #167 (Clayton Thorson),2019 R2 #56 (Mecole Hardman),0,0,2,1,2,1,0,0,314.59053856159613,328.2735003541492,0,-1,-1,13.682961792553044,61.0,56.0,2 | 5,2
1380,2019,2019-04-26,LA,2,pick_only,KC,2019 R2 #56 (Mecole Hardman),2019 R2 #61 (Taylor Rapp) | 2019 R5 #167 (Clayton Thorson),0,0,1,2,1,2,0,0,328.2735003541492,314.59053856159613,0,1,1,-13.682961792553044,56.0,61.0,2,2 | 5
1381,2019,2019-04-26,ARI,2,player_for_draft_capital_or_mixed,MIA,Josh Rosen,2019 R2 #62 (Andy Isabella) | 2020 R5 #153 (Colton McKivitz),1,0,0,2,0,2,0,0,0.0,314.27358369025427,-1,2,2,314.27358369025427,,62.0,,2 | 5
1381,2019,2019-04-26,MIA,2,player_for_draft_capital_or_mixed,ARI,2019 R2 #62 (Andy Isabella) | 2020 R5 #153 (Colton McKivitz),Josh Rosen,0,1,2,0,2,0,0,0,314.27358369025427,0.0,1,-2,-2,-314.27358369025427,62.0,,2 | 5,
1382,2019,2019-04-26,LA,2,pick_only,TB,2019 R3 #94 (Jamel Dean) | 2019 R3 #99 (Mike Edwards),2019 R3 #70 (Darrell Henderson),0,0,2,1,2,1,0,0,227.98420207548156,230.4458711454806,0,-1,-1,2.461669069999033,94.0,70.0,3,3
1382,2019,2019-04-26,TB,2,pick_only,LA,2019 R3 #70 (Darrell Henderson),2019 R3 #94 (Jamel Dean) | 2019 R3 #99 (Mike Edwards),0,0,1,2,1,2,0,0,230.4458711454806,227.98420207548156,0,1,1,-2.461669069999033,70.0,94.0,3,3
1383,2019,2019-04-26,CHI,2,pick_only,NE,2019 R3 #87 (Damien Harris) | 2019 R5 #162 (Cameron Smith) | 2020 R4 #125 (James Morgan),2019 R3 #73 (David Montgomery) | 2019 R6 #205 (Duke Shelley),0,0,3,2,3,2,0,0,221.11819669517064,221.3138639537937,0,-1,-1,0.1956672586230752,87.0,73.0,3 | 4 | 5,3 | 6
1383,2019,2019-04-26,NE,2,pick_only,CHI,2019 R3 #73 (David Montgomery) | 2019 R6 #205 (Duke Shelley),2019 R3 #87 (Damien Harris) | 2019 R5 #162 (Cameron Smith) | 2020 R4 #125 (James Morgan),0,0,2,3,2,3,0,0,221.3138639537937,221.11819669517064,0,1,1,-0.1956672586230752,73.0,87.0,3 | 6,3 | 4 | 5
1384,2019,2019-04-26,DET,2,pick_only,MIN,2019 R3 #88 (Cody Barton) | 2019 R6 #204 (Travis Homer),2019 R3 #81 (Will Harris),0,0,2,1,2,1,0,0,152.0315274098685,172.3634075147178,0,-1,-1,20.33188010484932,88.0,81.0,3 | 6,3
1384,2019,2019-04-26,MIN,2,pick_only,DET,2019 R3 #81 (Will Harris),2019 R3 #88 (Cody Barton) | 2019 R6 #204 (Travis Homer),0,0,1,2,1,2,0,0,172.3634075147178,152.0315274098685,0,1,1,-20.33188010484932,81.0,88.0,3,3 | 6
1385,2019,2019-04-26,MIN,2,pick_only,SEA,2019 R3 #88 (Cody Barton) | 2019 R6 #209 (Demarcus Christmas),2019 R3 #92 (Chuma Edoga) | 2019 R5 #159 (Byron Cowart),0,0,2,2,2,2,0,0,150.4756360734969,157.29816996613047,0,0,0,6.822533892633572,88.0,92.0,3 | 6,3 | 5
1385,2019,2019-04-26,SEA,2,pick_only,MIN,2019 R3 #92 (Chuma Edoga) | 2019 R5 #159 (Byron Cowart),2019 R3 #88 (Cody Barton) | 2019 R6 #209 (Demarcus Christmas),0,0,2,2,2,2,0,0,157.29816996613047,150.4756360734969,0,0,0,-6.822533892633572,92.0,88.0,3 | 5,3 | 6
1386,2019,2019-04-26,MIN,2,pick_only,NYJ,2019 R3 #92 (Chuma Edoga),2019 R3 #93 (Miles Boykin) | 2019 R7 #217 (Kris Boyd),0,0,1,2,1,2,0,0,128.9202713956601,130.82226460227915,0,1,1,1.9019932066190393,92.0,93.0,3,3 | 7
1386,2019,2019-04-26,NYJ,2,pick_only,MIN,2019 R3 #93 (Miles Boykin) | 2019 R7 #217 (Kris Boyd),2019 R3 #92 (Chuma Edoga),0,0,2,1,2,1,0,0,130.82226460227915,128.9202713956601,0,-1,-1,-1.9019932066190393,93.0,92.0,3 | 7,3
1387,2019,2019-04-26,BAL,2,pick_only,MIN,2019 R3 #102 (Alexander Mattison) | 2019 R6 #191 (Marcus Epps) | 2019 R6 #193 (Oli Udoh),2019 R3 #93 (Miles Boykin),0,0,3,1,3,1,0,0,124.0737591813453,125.56118496208103,0,-2,-2,1.4874257807357338,102.0,93.0,3 | 6,3
1387,2019,2019-04-26,MIN,2,pick_only,BAL,2019 R3 #93 (Miles Boykin),2019 R3 #102 (Alexander Mattison) | 2019 R6 #191 (Marcus Epps) | 2019 R6 #193 (Oli Udoh),0,0,1,3,1,3,0,0,125.56118496208103,124.0737591813453,0,2,2,-1.4874257807357338,93.0,102.0,3,3 | 6
1388,2019,2019-04-26,LA,2,pick_only,NE,2019 R3 #101 (Yodny Cajuste) | 2019 R4 #133 (Jarrett Stidham),2019 R3 #97 (Bobby Evans) | 2019 R5 #162 (Cameron Smith),0,0,2,2,2,2,0,0,139.55027043698095,139.270687483616,0,0,0,-0.279582953364951,101.0,97.0,3 | 4,3 | 5
1388,2019,2019-04-26,NE,2,pick_only,LA,2019 R3 #97 (Bobby Evans) | 2019 R5 #162 (Cameron Smith),2019 R3 #101 (Yodny Cajuste) | 2019 R4 #133 (Jarrett Stidham),0,0,2,2,2,2,0,0,139.270687483616,139.55027043698095,0,0,0,0.279582953364951,97.0,101.0,3 | 5,3 | 4
1406,2019,2019-04-26,BUF,2,pick_only,WAS,2019 R4 #112 (Bryce Love) | 2019 R4 #131 (Wes Martin),2019 R3 #96 (Dawson Knox),0,0,2,1,2,1,0,0,111.93070079523226,116.0,0,-1,-1,4.069299204767745,112.0,96.0,4,3
1406,2019,2019-04-26,WAS,2,pick_only,BUF,2019 R3 #96 (Dawson Knox),2019 R4 #112 (Bryce Love) | 2019 R4 #131 (Wes Martin),0,0,1,2,1,2,0,0,116.0,111.93070079523226,0,1,1,-4.069299204767745,96.0,112.0,3,4
1407,2019,2019-04-26,NE,2,pick_only,SEA,2019 R2 #64 (D.K. Metcalf),2019 R3 #77 (Chase Winovich) | 2019 R4 #118 (Hjalte Froholdt),0,0,1,2,1,2,0,0,270.0,250.19595516153984,0,1,1,-19.804044838460158,64.0,77.0,2,3 | 4
1407,2019,2019-04-26,SEA,2,pick_only,NE,2019 R3 #77 (Chase Winovich) | 2019 R4 #118 (Hjalte Froholdt),2019 R2 #64 (D.K. Metcalf),0,0,2,1,2,1,0,0,250.19595516153984,270.0,0,-1,-1,19.804044838460158,77.0,64.0,3 | 4,2
1389,2019,2019-04-27,CIN,2,pick_only,SF,2019 R4 #110 (Mitch Wishnowsky) | 2019 R6 #183 (Justin Skule),2019 R4 #104 (Ryan Finley),0,0,2,1,2,1,0,0,92.15845948741254,90.51292627308231,0,-1,-1,-1.6455332143302286,110.0,104.0,4 | 6,4
1389,2019,2019-04-27,SF,2,pick_only,CIN,2019 R4 #104 (Ryan Finley),2019 R4 #110 (Mitch Wishnowsky) | 2019 R6 #183 (Justin Skule),0,0,1,2,1,2,0,0,90.51292627308231,92.15845948741254,0,1,1,1.6455332143302286,104.0,110.0,4,4 | 6
1390,2019,2019-04-27,NO,2,pick_only,NYJ,2019 R4 #116 (Amani Hooker) | 2019 R5 #168 (D'Andre Walker),2019 R4 #105 (Chauncey Gardner-Johnson),0,0,2,1,2,1,0,0,85.93144292227194,87.74900141511668,0,-1,-1,1.8175584928447392,116.0,105.0,4 | 5,4
1390,2019,2019-04-27,NYJ,2,pick_only,NO,2019 R4 #105 (Chauncey Gardner-Johnson),2019 R4 #116 (Amani Hooker) | 2019 R5 #168 (D'Andre Walker),0,0,1,2,1,2,0,0,87.74900141511668,85.93144292227194,0,1,1,-1.8175584928447392,105.0,116.0,4,4 | 5
1391,2019,2019-04-27,IND,2,pick_only,OAK,2019 R4 #129 (Isaiah Johnson) | 2019 R4 #135 (John Cominsky),2019 R4 #109 (Khari Willis),0,0,2,1,2,1,0,0,81.57569685784452,77.5119193788194,0,-1,-1,-4.06377747902512,129.0,109.0,4,4
1391,2019,2019-04-27,OAK,2,pick_only,IND,2019 R4 #109 (Khari Willis),2019 R4 #129 (Isaiah Johnson) | 2019 R4 #135 (John Cominsky),0,0,1,2,1,2,0,0,77.5119193788194,81.57569685784452,0,1,1,4.06377747902512,109.0,129.0,4,4
1392,2019,2019-04-27,ATL,2,pick_only,DET,2019 R4 #117 (Austin Bryant) | 2019 R6 #186 (Ty Johnson),2019 R4 #111 (Kendall Sheffield),0,0,2,1,2,1,0,0,76.42433954194007,72.85035045417483,0,-1,-1,-3.5739890877652414,117.0,111.0,4 | 6,4
1392,2019,2019-04-27,DET,2,pick_only,ATL,2019 R4 #111 (Kendall Sheffield),2019 R4 #117 (Austin Bryant) | 2019 R6 #186 (Ty Johnson),0,0,1,2,1,2,0,0,72.85035045417483,76.42433954194007,0,1,1,3.5739890877652414,111.0,117.0,4,4 | 6
1393,2019,2019-04-27,MIN,2,pick_only,SEA,2019 R4 #120 (Gary Jennings) | 2019 R6 #204 (Travis Homer),2019 R4 #114 (Dru Samia),0,0,2,1,2,1,0,0,63.860054378527714,66.37833835646687,0,-1,-1,2.5182839779391557,120.0,114.0,4 | 6,4
1393,2019,2019-04-27,SEA,2,pick_only,MIN,2019 R4 #114 (Dru Samia),2019 R4 #120 (Gary Jennings) | 2019 R6 #204 (Travis Homer),0,0,1,2,1,2,0,0,66.37833835646687,63.860054378527714,0,1,1,-2.5182839779391557,114.0,120.0,4,4 | 6
1394,2019,2019-04-27,NYJ,2,pick_only,TEN,2019 R4 #116 (Amani Hooker) | 2019 R5 #168 (D'Andre Walker),2019 R4 #121 (Trevon Wesco) | 2019 R5 #157 (Blake Cashman),0,0,2,2,2,2,0,0,85.93144292227194,82.57442026113961,0,0,0,-3.3570226611323335,116.0,121.0,4 | 5,4 | 5
1394,2019,2019-04-27,TEN,2,pick_only,NYJ,2019 R4 #121 (Trevon Wesco) | 2019 R5 #157 (Blake Cashman),2019 R4 #116 (Amani Hooker) | 2019 R5 #168 (D'Andre Walker),0,0,2,2,2,2,0,0,82.57442026113961,85.93144292227194,0,0,0,3.3570226611323335,121.0,116.0,4 | 5,4 | 5
1395,2019,2019-04-27,DEN,2,player_for_draft_capital_or_mixed,SF,2019 R5 #148 (Dre Greenlaw),2019 R6 #212 (Dennis Daley) | Dekoda Watson,0,1,1,1,1,1,0,0,32.88701379078764,6.398608048607554,1,0,0,-26.48840574218009,148.0,212.0,5,6
1395,2019,2019-04-27,SF,2,player_for_draft_capital_or_mixed,DEN,2019 R6 #212 (Dennis Daley) | Dekoda Watson,2019 R5 #148 (Dre Greenlaw),1,0,1,1,1,1,0,0,6.398608048607554,32.88701379078764,-1,0,0,26.48840574218009,212.0,148.0,6,5
1396,2019,2019-04-27,LA,2,pick_only,NE,2019 R5 #162 (Cameron Smith) | 2019 R5 #167 (Clayton Thorson),2019 R4 #134 (Greg Gaines) | 2019 R7 #243 (Nick Scott),0,0,2,2,2,2,0,0,50.873562033274744,41.43292541920724,0,0,0,-9.440636614067508,162.0,134.0,5,4 | 7
1396,2019,2019-04-27,NE,2,pick_only,LA,2019 R4 #134 (Greg Gaines) | 2019 R7 #243 (Nick Scott),2019 R5 #162 (Cameron Smith) | 2019 R5 #167 (Clayton Thorson),0,0,2,2,2,2,0,0,41.43292541920724,50.873562033274744,0,0,0,9.440636614067508,134.0,162.0,4 | 7,5
1397,2019,2019-04-27,ATL,2,pick_only,OAK,2019 R4 #137 (Foster Moreau) | 2019 R7 #230 (Quinton Bell),2019 R4 #135 (John Cominsky),0,0,2,1,2,1,0,0,41.19702795919518,39.14831284947172,0,-1,-1,-2.04871510972346,137.0,135.0,4 | 7,4
1397,2019,2019-04-27,OAK,2,pick_only,ATL,2019 R4 #135 (John Cominsky),2019 R4 #137 (Foster Moreau) | 2019 R7 #230 (Quinton Bell),0,0,1,2,1,2,0,0,39.14831284947172,41.19702795919518,0,1,1,2.04871510972346,135.0,137.0,4,4 | 7
1398,2019,2019-04-27,CIN,2,pick_only,DAL,2019 R5 #149 (Hunter Renfrow) | 2019 R6 #213 (Donovan Wilson),2019 R4 #136 (Michael Jordan),0,0,2,1,2,1,0,0,38.60201884480668,38.626988431266334,0,-1,-1,0.024969586459654636,149.0,136.0,5 | 6,4
1398,2019,2019-04-27,DAL,2,pick_only,CIN,2019 R4 #136 (Michael Jordan),2019 R5 #149 (Hunter Renfrow) | 2019 R6 #213 (Donovan Wilson),0,0,1,2,1,2,0,0,38.626988431266334,38.60201884480668,0,1,1,-0.024969586459654636,136.0,149.0,4,5 | 6
1399,2019,2019-04-27,DAL,2,pick_only,OAK,2019 R5 #149 (Hunter Renfrow),2019 R5 #158 (Michael Jackson) | 2019 R7 #218 (Mike Weber),0,0,1,2,1,2,0,0,32.44906890675348,33.81999141196097,0,1,1,1.3709225052074885,149.0,158.0,5,5 | 7
1399,2019,2019-04-27,OAK,2,pick_only,DAL,2019 R5 #158 (Michael Jackson) | 2019 R7 #218 (Mike Weber),2019 R5 #149 (Hunter Renfrow),0,0,2,1,2,1,0,0,33.81999141196097,32.44906890675348,0,-1,-1,-1.3709225052074885,158.0,149.0,5 | 7,5
1400,2019,2019-04-27,MIN,2,pick_only,NE,2019 R5 #159 (Byron Cowart),2019 R5 #162 (Cameron Smith) | 2019 R7 #239 (Dillon Mitchell),0,0,1,2,1,2,0,0,28.377898570470364,28.901439424414885,0,1,1,0.523540853944521,159.0,162.0,5,5 | 7
1400,2019,2019-04-27,NE,2,pick_only,MIN,2019 R5 #162 (Cameron Smith) | 2019 R7 #239 (Dillon Mitchell),2019 R5 #159 (Byron Cowart),0,0,2,1,2,1,0,0,28.901439424414885,28.377898570470364,0,-1,-1,-0.523540853944521,162.0,159.0,5 | 7,5
1401,2019,2019-04-27,NE,2,pick_only,PHI,2019 R5 #167 (Clayton Thorson) | 2019 R7 #246 (Javon Patterson),2019 R5 #163 (Jake Bailey),0,0,2,1,2,1,0,0,25.60288099912263,26.238346877544192,0,-1,-1,0.635465878421563,167.0,163.0,5 | 7,5
1401,2019,2019-04-27,PHI,2,pick_only,NE,2019 R5 #163 (Jake Bailey),2019 R5 #167 (Clayton Thorson) | 2019 R7 #246 (Javon Patterson),0,0,1,2,1,2,0,0,26.238346877544192,25.60288099912263,0,1,1,-0.635465878421563,163.0,167.0,5,5 | 7
1402,2019,2019-04-27,CAR,2,pick_only,DEN,2019 R6 #187 (Juwann Winfree),2019 R6 #212 (Dennis Daley) | 2019 R7 #237 (Terry Godwin),0,0,1,2,1,2,0,0,15.60141439634249,8.676185318120936,0,1,1,-6.9252290782215535,187.0,212.0,6,6 | 7
1402,2019,2019-04-27,DEN,2,pick_only,CAR,2019 R6 #212 (Dennis Daley) | 2019 R7 #237 (Terry Godwin),2019 R6 #187 (Juwann Winfree),0,0,2,1,2,1,0,0,8.676185318120936,15.60141439634249,0,-1,-1,6.9252290782215535,212.0,187.0,6 | 7,6
1403,2019,2019-04-27,IND,2,player_for_draft_capital_or_mixed,PHI,Hassan Ridgeway,2019 R7 #246 (Javon Patterson),1,0,0,1,0,1,0,0,0.0,1.5422108254079407,-1,1,1,1.5422108254079407,,246.0,,7
1403,2019,2019-04-27,PHI,2,player_for_draft_capital_or_mixed,IND,2019 R7 #246 (Javon Patterson),Hassan Ridgeway,0,1,1,0,1,0,0,0,1.5422108254079407,0.0,1,-1,-1,-1.5422108254079407,246.0,,7,
1404,2019,2019-04-27,JAX,2,pick_only,SEA,2019 R7 #236 (John Ursua),2020 R6 #206 (Tyler Davis),0,0,1,1,1,1,0,0,2.378414230005442,8.092789911562482,0,0,0,5.714375681557041,236.0,206.0,7,6
1404,2019,2019-04-27,SEA,2,pick_only,JAX,2020 R6 #206 (Tyler Davis),2019 R7 #236 (John Ursua),0,0,1,1,1,1,0,0,8.092789911562482,2.378414230005442,0,0,0,-5.714375681557041,206.0,236.0,6,7
1408,2019,2019-04-29,NE,2,player_for_draft_capital_or_mixed,SEA,Jacob Hollister,2020 R7 #241 (Chapelle Russell),1,0,0,1,0,1,0,0,0.0,1.9152065613971472,-1,1,1,1.9152065613971472,,241.0,,7
1408,2019,2019-04-29,SEA,2,player_for_draft_capital_or_mixed,NE,2020 R7 #241 (Chapelle Russell),Jacob Hollister,0,1,1,0,1,0,0,0,1.9152065613971472,0.0,1,-1,-1,-1.9152065613971472,241.0,,7,
1409,2019,2019-05-06,CHI,2,player_for_draft_capital_or_mixed,OAK,conditional 2021 R7 #247 (Michal Menet),Eddy Pineiro,0,1,1,0,1,0,1,0,1.4768261459394991,0.0,1,-1,-1,-1.4768261459394991,247.0,,7,
1409,2019,2019-05-06,OAK,2,player_for_draft_capital_or_mixed,CHI,Eddy Pineiro,conditional 2021 R7 #247 (Michal Menet),1,0,0,1,0,1,0,1,0.0,1.4768261459394991,-1,1,1,1.4768261459394991,,247.0,,7
1410,2019,2019-05-16,KC,2,player_for_draft_capital_or_mixed,NYJ,2020 R6 #211 (Isaiah Rodgers),Darron Lee,0,1,1,0,1,0,0,0,6.6540741224784865,0.0,1,-1,-1,-6.6540741224784865,211.0,,6,
1410,2019,2019-05-16,NYJ,2,player_for_draft_capital_or_mixed,KC,Darron Lee,2020 R6 #211 (Isaiah Rodgers),1,0,0,1,0,1,0,0,0.0,6.6540741224784865,-1,1,1,6.6540741224784865,,211.0,,6
1411,2019,2019-08-05,BAL,2,player_for_draft_capital_or_mixed,NYJ,Alex Lewis,2020 R7 #225 (Kenny Willekes),1,0,0,1,0,1,0,0,0.0,3.830413122794295,-1,1,1,3.830413122794295,,225.0,,7
1411,2019,2019-08-05,NYJ,2,player_for_draft_capital_or_mixed,BAL,2020 R7 #225 (Kenny Willekes),Alex Lewis,0,1,1,0,1,0,0,0,3.830413122794295,0.0,1,-1,-1,-3.830413122794295,225.0,,7,
1412,2019,2019-08-08,CLE,2,player_for_draft_capital_or_mixed,HOU,Duke Johnson,2020 R3 #90 (Jonathan Greenard),1,0,0,1,0,1,0,0,0.0,135.91044111277512,-1,1,1,135.91044111277512,,90.0,,3
1412,2019,2019-08-08,HOU,2,player_for_draft_capital_or_mixed,CLE,2020 R3 #90 (Jonathan Greenard),Duke Johnson,0,1,1,0,1,0,0,0,135.91044111277512,0.0,1,-1,-1,-135.91044111277512,90.0,,3,
1413,2019,2019-08-09,BUF,2,player_only,PHI,Eli Harold,Ryan Bates,1,1,0,0,0,0,0,0,0.0,0.0,0,0,0,0.0,,,,
1413,2019,2019-08-09,PHI,2,player_only,BUF,Ryan Bates,Eli Harold,1,1,0,0,0,0,0,0,0.0,0.0,0,0,0,0.0,,,,
1414,2019,2019-08-11,BAL,2,player_for_draft_capital_or_mixed,MIN,Kaare Vedvik,2020 R5 #170 (Broderick Washington),1,0,0,1,0,1,0,0,0.0,22.546864647289553,-1,1,1,22.546864647289553,,170.0,,5
1414,2019,2019-08-11,MIN,2,player_for_draft_capital_or_mixed,BAL,2020 R5 #170 (Broderick Washington),Kaare Vedvik,0,1,1,0,1,0,0,0,22.546864647289553,0.0,1,-1,-1,-22.546864647289553,170.0,,5,
1415,2019,2019-08-22,ARI,2,player_only,PHI,Rudy Ford,Bruce Hector,1,1,0,0,0,0,0,0,0.0,0.0,0,0,0,0.0,,,,
1415,2019,2019-08-22,PHI,2,player_only,ARI,Bruce Hector,Rudy Ford,1,1,0,0,0,0,0,0,0.0,0.0,0,0,0,0.0,,,,
1416,2019,2019-08-29,BUF,2,player_for_draft_capital_or_mixed,CLE,conditional 2021 R7 #257 (Jermar Jefferson) | Wyatt Teller,2020 R5 #155 (Trevis Gipson) | 2020 R6 #188 (Tyler Bass),1,0,1,2,1,2,1,0,0.9231163463866358,45.20829673560769,-1,1,1,44.285180389221054,257.0,155.0,7,5 | 6
1416,2019,2019-08-29,CLE,2,player_for_draft_capital_or_mixed,BUF,2020 R5 #155 (Trevis Gipson) | 2020 R6 #188 (Tyler Bass),conditional 2021 R7 #257 (Jermar Jefferson) | Wyatt Teller,0,1,2,1,2,1,0,1,45.20829673560769,0.9231163463866358,1,-1,-1,-44.285180389221054,155.0,257.0,5 | 6,7
1417,2019,2019-08-29,GB,2,player_for_draft_capital_or_mixed,TEN,Reggie Gilbert,2020 R6 #208 (Jake Hanson),1,0,0,1,0,1,0,0,0.0,7.483314773547881,-1,1,1,7.483314773547881,,208.0,,6
1417,2019,2019-08-29,TEN,2,player_for_draft_capital_or_mixed,GB,2020 R6 #208 (Jake Hanson),Reggie Gilbert,0,1,1,0,1,0,0,0,7.483314773547881,0.0,1,-1,-1,-7.483314773547881,208.0,,6,
1418,2019,2019-08-29,BAL,2,player_for_draft_capital_or_mixed,NE,2020 R6 #207 (Isaiah Hodgins) | Jermaine Eluemunor,2020 R4 #129 (Cameron Clark),1,0,1,1,1,1,0,0,7.782088042705171,42.427384008372805,-1,0,0,34.645295965667636,207.0,129.0,6,4
1418,2019,2019-08-29,NE,2,player_for_draft_capital_or_mixed,BAL,2020 R4 #129 (Cameron Clark),2020 R6 #207 (Isaiah Hodgins) | Jermaine Eluemunor,0,1,1,1,1,1,0,0,42.427384008372805,7.782088042705171,1,0,0,-34.645295965667636,129.0,207.0,4,6
1419,2019,2019-08-29,ARI,2,player_for_draft_capital_or_mixed,NE,Korey Cunningham,2020 R6 #202 (Evan Weaver),1,0,0,1,0,1,0,0,0.0,9.464698235047209,-1,1,1,9.464698235047209,,202.0,,6
1419,2019,2019-08-29,NE,2,player_for_draft_capital_or_mixed,ARI,2020 R6 #202 (Evan Weaver),Korey Cunningham,0,1,1,0,1,0,0,0,9.464698235047209,0.0,1,-1,-1,-9.464698235047209,202.0,,6,
1420,2019,2019-08-29,IND,2,player_for_draft_capital_or_mixed,NYJ,Nate Hairston,conditional 2020 R6,1,0,0,1,0,0,0,1,0.0,0.0,-1,1,0,0.0,,,,6
1420,2019,2019-08-29,NYJ,2,player_for_draft_capital_or_mixed,IND,conditional 2020 R6,Nate Hairston,0,1,1,0,0,0,1,0,0.0,0.0,1,-1,0,0.0,,,6,
1421,2019,2019-08-30,CLE,2,player_for_draft_capital_or_mixed,DET,conditional 2022 R7 | David Blough,conditional 2022 R7,1,0,1,1,0,0,1,1,0.0,0.0,-1,0,0,0.0,,,7,7
1421,2019,2019-08-30,DET,2,player_for_draft_capital_or_mixed,CLE,conditional 2022 R7,conditional 2022 R7 | David Blough,0,1,1,1,0,0,1,1,0.0,0.0,1,0,0,0.0,,,7,7
1422,2019,2019-08-30,MIA,2,player_for_draft_capital_or_mixed,MIN,2020 R7 #219 (Geno Stone),Danny Isidora,0,1,1,0,1,0,0,0,4.8648630974661335,0.0,1,-1,-1,-4.8648630974661335,219.0,,7,
1422,2019,2019-08-30,MIN,2,player_for_draft_capital_or_mixed,MIA,Danny Isidora,2020 R7 #219 (Geno Stone),1,0,0,1,0,1,0,0,0.0,4.8648630974661335,-1,1,1,4.8648630974661335,,219.0,,7
1423,2019,2019-08-30,BUF,2,player_for_draft_capital_or_mixed,NE,Russell Bodine,2020 R6 #207 (Isaiah Hodgins),1,0,0,1,0,1,0,0,0.0,7.782088042705171,-1,1,1,7.782088042705171,,207.0,,6
1423,2019,2019-08-30,NE,2,player_for_draft_capital_or_mixed,BUF,2020 R6 #207 (Isaiah Hodgins),Russell Bodine,0,1,1,0,1,0,0,0,7.782088042705171,0.0,1,-1,-1,-7.782088042705171,207.0,,6,
1424,2019,2019-08-30,DEN,2,player_for_draft_capital_or_mixed,NE,2020 R6 #195 (Justin Herron),2020 R7 #237 (Thakarius Keyes) | Duke Dawson,0,1,1,1,1,1,0,0,12.448632796256481,2.277577269513383,1,0,0,-10.171055526743098,195.0,237.0,6,7
1424,2019,2019-08-30,NE,2,player_for_draft_capital_or_mixed,DEN,2020 R7 #237 (Thakarius Keyes) | Duke Dawson,2020 R6 #195 (Justin Herron),1,0,1,1,1,1,0,0,2.277577269513383,12.448632796256481,-1,0,0,10.171055526743098,237.0,195.0,7,6
1425,2019,2019-08-31,IND,2,player_for_draft_capital_or_mixed,MIA,2020 R7 #227 (Lachavious Simmons) | Evan Boehm,2020 R6 #197 (John Penisini),1,0,1,1,1,1,0,0,3.5125043207465994,11.511115293083504,-1,0,0,7.998610972336905,227.0,197.0,7,6
1425,2019,2019-08-31,MIA,2,player_for_draft_capital_or_mixed,IND,2020 R6 #197 (John Penisini),2020 R7 #227 (Lachavious Simmons) | Evan Boehm,0,1,1,1,1,1,0,0,11.511115293083504,3.5125043207465994,1,0,0,-7.998610972336905,197.0,227.0,6,7
1426,2019,2019-08-31,CLE,2,player_for_draft_capital_or_mixed,TEN,2020 R7 #224 (Cole McDonald),Taywan Taylor,0,1,1,0,1,0,0,0,4.0,0.0,1,-1,-1,-4.0,224.0,,7,
1426,2019,2019-08-31,TEN,2,player_for_draft_capital_or_mixed,CLE,Taywan Taylor,2020 R7 #224 (Cole McDonald),1,0,0,1,0,1,0,0,0.0,4.0,-1,1,1,4.0,,224.0,,7
1427,2019,2019-08-31,KC,2,player_for_draft_capital_or_mixed,MIN,Mark Fields,conditional 2021 R7,1,0,0,1,0,0,0,1,0.0,0.0,-1,1,0,0.0,,,,7
1427,2019,2019-08-31,MIN,2,player_for_draft_capital_or_mixed,KC,conditional 2021 R7,Mark Fields,0,1,1,0,0,0,1,0,0.0,0.0,1,-1,0,0.0,,,7,
1428,2019,2019-08-31,NYJ,2,player_for_draft_capital_or_mixed,SEA,Parry Nickerson,conditional 2021 R7,1,0,0,1,0,0,0,1,0.0,0.0,-1,1,0,0.0,,,,7
1428,2019,2019-08-31,SEA,2,player_for_draft_capital_or_mixed,NYJ,conditional 2021 R7,Parry Nickerson,0,1,1,0,0,0,1,0,0.0,0.0,1,-1,0,0.0,,,7,
1429,2019,2019-08-31,HOU,2,player_for_draft_capital_or_mixed,NE,2020 R6 #204 (Cassh Maluia),Keion Crossen,0,1,1,0,1,0,0,0,8.751903472535176,0.0,1,-1,-1,-8.751903472535176,204.0,,6,
1429,2019,2019-08-31,NE,2,player_for_draft_capital_or_mixed,HOU,Keion Crossen,2020 R6 #204 (Cassh Maluia),1,0,0,1,0,1,0,0,0.0,8.751903472535176,-1,1,1,8.751903472535176,,204.0,,6
1430,2019,2019-08-31,HOU,2,player_only,KC,Martinas Rankin,Carlos Hyde,1,1,0,0,0,0,0,0,0.0,0.0,0,0,0,0.0,,,,
1430,2019,2019-08-31,KC,2,player_only,HOU,Carlos Hyde,Martinas Rankin,1,1,0,0,0,0,0,0,0.0,0.0,0,0,0,0.0,,,,
1431,2019,2019-08-31,CLE,2,player_for_draft_capital_or_mixed,GB,2020 R7 #236 (Vernon Scott),2020 R7 #244 (Nate Stanley) | Jordan McCray,0,1,1,1,1,1,0,0,2.378414230005442,1.681792830507429,1,0,0,-0.696621399498013,236.0,244.0,7,7
1431,2019,2019-08-31,GB,2,player_for_draft_capital_or_mixed,CLE,2020 R7 #244 (Nate Stanley) | Jordan McCray,2020 R7 #236 (Vernon Scott),1,0,1,1,1,1,0,0,1.681792830507429,2.378414230005442,-1,0,0,0.696621399498013,244.0,236.0,7,7
1432,2019,2019-08-31,PIT,2,player_for_draft_capital_or_mixed,TB,conditional 2021 R7 #251 (Chris Wilcox) | Jerald Hawkins,conditional 2021 R6 #216 (Quincy Roche),1,0,1,1,1,1,1,1,1.241857812073484,5.4711295994695215,-1,0,0,4.229271787396037,251.0,216.0,7,6
1432,2019,2019-08-31,TB,2,player_for_draft_capital_or_mixed,PIT,conditional 2021 R6 #216 (Quincy Roche),conditional 2021 R7 #251 (Chris Wilcox) | Jerald Hawkins,0,1,1,1,1,1,1,1,5.4711295994695215,1.241857812073484,1,0,0,-4.229271787396037,216.0,251.0,6,7
1433,2019,2019-09-01,HOU,2,player_for_draft_capital_or_mixed,MIA,2020 R1 #26 (Jordan Love) | conditional 2021 R1 #3 (Trey Lance) | conditional 2021 R2 #36 (Jevon Holland) | Johnson Bademosi | Julie'n Davenport,2020 R4 #111 (Solomon Kindley) | conditional 2021 R6 #202 (Chris Evans) | Kenny Stills | Laremy Tunsil,2,2,3,2,3,2,2,1,3435.0766269918977,82.31504868922204,0,-1,-1,-3352.761578302676,3.0,111.0,1 | 2,4 | 6
1433,2019,2019-09-01,MIA,2,player_for_draft_capital_or_mixed,HOU,2020 R4 #111 (Solomon Kindley) | conditional 2021 R6 #202 (Chris Evans) | Kenny Stills | Laremy Tunsil,2020 R1 #26 (Jordan Love) | conditional 2021 R1 #3 (Trey Lance) | conditional 2021 R2 #36 (Jevon Holland) | Johnson Bademosi | Julie'n Davenport,2,2,2,3,2,3,1,2,82.31504868922204,3435.0766269918977,0,1,1,3352.761578302676,111.0,3.0,4 | 6,1 | 2
1434,2019,2019-09-01,HOU,2,player_for_draft_capital_or_mixed,SEA,Jadeveon Clowney,2020 R3 #91 (Devin Asiasi) | Barkevious Mingo | Jacob Martin,1,2,0,1,0,1,0,0,0.0,132.3692220788611,1,1,1,132.3692220788611,,91.0,,3
1434,2019,2019-09-01,SEA,2,player_for_draft_capital_or_mixed,HOU,2020 R3 #91 (Devin Asiasi) | Barkevious Mingo | Jacob Martin,Jadeveon Clowney,2,1,1,0,1,0,0,0,132.3692220788611,0.0,-1,-1,-1,-132.3692220788611,91.0,,3,
1435,2019,2019-09-02,GB,2,player_for_draft_capital_or_mixed,NYG,conditional 2020 R7,conditional 2020 R7 | B.J. Goodson,0,1,1,1,0,0,1,1,0.0,0.0,1,0,0,0.0,,,7,7
1435,2019,2019-09-02,NYG,2,player_for_draft_capital_or_mixed,GB,conditional 2020 R7 | B.J. Goodson,conditional 2020 R7,1,0,1,1,0,0,1,1,0.0,0.0,-1,0,0,0.0,,,7,7
1436,2019,2019-09-02,MIA,2,player_only,NO,Kiko Alonso,Vince Biegel,1,1,0,0,0,0,0,0,0.0,0.0,0,0,0,0.0,,,,
1436,2019,2019-09-02,NO,2,player_only,MIA,Vince Biegel,Kiko Alonso,1,1,0,0,0,0,0,0,0.0,0.0,0,0,0,0.0,,,,
1437,2019,2019-09-09,JAX,2,player_for_draft_capital_or_mixed,PIT,2020 R5 #154 (Jason Strowbridge),Joshua Dobbs,0,1,1,0,1,0,0,0,30.345286061298786,0.0,1,-1,-1,-30.345286061298786,154.0,,5,
1437,2019,2019-09-09,PIT,2,player_for_draft_capital_or_mixed,JAX,Joshua Dobbs,2020 R5 #154 (Jason Strowbridge),1,0,0,1,0,1,0,0,0.0,30.345286061298786,-1,1,1,30.345286061298786,,154.0,,5
1438,2019,2019-09-11,NE,2,player_for_draft_capital_or_mixed,NYJ,Demaryius Thomas,conditional 2021 R6 #186 (Hamsah Nasirildeen),1,0,0,1,0,1,0,1,0.0,15.943040886593678,-1,1,1,15.943040886593678,,186.0,,6
1438,2019,2019-09-11,NYJ,2,player_for_draft_capital_or_mixed,NE,conditional 2021 R6 #186 (Hamsah Nasirildeen),Demaryius Thomas,0,1,1,0,1,0,1,0,15.943040886593678,0.0,1,-1,-1,-15.943040886593678,186.0,,6,
1439,2019,2019-09-16,MIA,2,player_for_draft_capital_or_mixed,PIT,2020 R4 #135 (Kevin Dotson) | conditional 2021 R7 #245 (Tre Norwood) | Minkah Fitzpatrick,2020 R1 #18 (Austin Jackson) | 2020 R5 #154 (Jason Strowbridge) | conditional 2021 R6 #207 (Jonathan Marshall),1,0,2,3,2,3,1,1,40.75880318142097,938.1273741040039,-1,1,1,897.368570922583,135.0,18.0,4 | 7,1 | 5 | 6
1439,2019,2019-09-16,PIT,2,player_for_draft_capital_or_mixed,MIA,2020 R1 #18 (Austin Jackson) | 2020 R5 #154 (Jason Strowbridge) | conditional 2021 R6 #207 (Jonathan Marshall),2020 R4 #135 (Kevin Dotson) | conditional 2021 R7 #245 (Tre Norwood) | Minkah Fitzpatrick,0,1,3,2,3,2,1,1,938.1273741040039,40.75880318142097,1,-1,-1,-897.368570922583,18.0,135.0,1 | 5 | 6,4 | 7
1440,2019,2019-09-19,GB,2,player_for_draft_capital_or_mixed,OAK,Trevor Davis,2020 R6 #192 (Jon Runyan),1,0,0,1,0,1,0,0,0.0,14.0,-1,1,1,14.0,,192.0,,6
1440,2019,2019-09-19,OAK,2,player_for_draft_capital_or_mixed,GB,2020 R6 #192 (Jon Runyan),Trevor Davis,0,1,1,0,1,0,0,0,14.0,0.0,1,-1,-1,-14.0,192.0,,6,
1441,2019,2019-09-25,PIT,2,player_for_draft_capital_or_mixed,SEA,2020 R5 #162 (Khaleke Hudson),Nick Vannett,0,1,1,0,1,0,0,0,26.812891859560057,0.0,1,-1,-1,-26.812891859560057,162.0,,5,
1441,2019,2019-09-25,SEA,2,player_for_draft_capital_or_mixed,PIT,Nick Vannett,2020 R5 #162 (Khaleke Hudson),1,0,0,1,0,1,0,0,0.0,26.812891859560057,-1,1,1,26.812891859560057,,162.0,,5
1442,2019,2019-10-01,ATL,2,player_for_draft_capital_or_mixed,PHI,2020 R6 #190 (Charlie Woerner) | Duke Riley,2020 R7 #228 (Sterling Hofrichter) | Johnathan Cyprien,1,1,1,1,1,1,0,0,14.619832953983792,3.363585661014858,0,0,0,-11.256247292968935,190.0,228.0,6,7
1442,2019,2019-10-01,PHI,2,player_for_draft_capital_or_mixed,ATL,2020 R7 #228 (Sterling Hofrichter) | Johnathan Cyprien,2020 R6 #190 (Charlie Woerner) | Duke Riley,1,1,1,1,1,1,0,0,3.363585661014858,14.619832953983792,0,0,0,11.256247292968935,228.0,190.0,7,6
1443,2019,2019-10-08,BUF,2,player_for_draft_capital_or_mixed,OAK,Zay Jones,conditional 2021 R5 #161 (Tommy Doyle),1,0,0,1,0,1,0,1,0.0,27.4000177384556,-1,1,1,27.4000177384556,,161.0,,5
1443,2019,2019-10-08,OAK,2,player_for_draft_capital_or_mixed,BUF,conditional 2021 R5 #161 (Tommy Doyle),Zay Jones,0,1,1,0,1,0,1,0,27.4000177384556,0.0,1,-1,-1,-27.4000177384556,161.0,,5,
1444,2019,2019-10-15,CLE,2,player_for_draft_capital_or_mixed,LA,Austin Corbett,conditional 2021 R5 #169 (Richard LeCounte),1,0,0,1,0,1,0,1,0.0,23.040576694155504,-1,1,1,23.040576694155504,,169.0,,5
1444,2019,2019-10-15,LA,2,player_for_draft_capital_or_mixed,CLE,conditional 2021 R5 #169 (Richard LeCounte),Austin Corbett,0,1,1,0,1,0,1,0,23.040576694155504,0.0,1,-1,-1,-23.040576694155504,169.0,,5,
1445,2019,2019-10-16,JAX,2,player_for_draft_capital_or_mixed,LA,Jalen Ramsey,2020 R1 #20 (K'Lavon Chaisson) | conditional 2021 R1 #25 (Travis Etienne) | conditional 2021 R4 #130 (Robert Rochell),1,0,0,3,0,3,0,2,0.0,1611.862393344045,-1,3,3,1611.862393344045,,20.0,,1 | 4
1445,2019,2019-10-16,LA,2,player_for_draft_capital_or_mixed,JAX,2020 R1 #20 (K'Lavon Chaisson) | conditional 2021 R1 #25 (Travis Etienne) | conditional 2021 R4 #130 (Robert Rochell),Jalen Ramsey,0,1,3,0,3,0,2,0,1611.862393344045,0.0,1,-3,-3,-1611.862393344045,20.0,,1 | 4,
1446,2019,2019-10-16,BAL,2,player_for_draft_capital_or_mixed,LA,2020 R5 #173 (Darnell Mooney) | Kenny Young,Marcus Peters,1,1,1,0,1,0,0,0,21.128301986307918,0.0,0,-1,-1,-21.128301986307918,173.0,,5,
1446,2019,2019-10-16,LA,2,player_for_draft_capital_or_mixed,BAL,Marcus Peters,2020 R5 #173 (Darnell Mooney) | Kenny Young,1,1,0,1,0,1,0,0,0.0,21.128301986307918,0,1,1,21.128301986307918,,173.0,,5
1447,2019,2019-10-21,HOU,2,player_for_draft_capital_or_mixed,OAK,2020 R3 #91 (Devin Asiasi),Gareon Conley,0,1,1,0,1,0,0,0,132.3692220788611,0.0,1,-1,-1,-132.3692220788611,91.0,,3,
1447,2019,2019-10-21,OAK,2,player_for_draft_capital_or_mixed,HOU,Gareon Conley,2020 R3 #91 (Devin Asiasi),1,0,0,1,0,1,0,0,0.0,132.3692220788611,-1,1,1,132.3692220788611,,91.0,,3
1448,2019,2019-10-22,DEN,2,player_for_draft_capital_or_mixed,SF,2020 R5 #156 (Keith Ismael) | Emmanuel Sanders,2020 R3 #95 (McTelvin Agim) | 2020 R4 #137 (Josiah Scott),1,0,1,2,1,2,0,0,29.54247212175932,157.21590631636224,-1,1,1,127.67343419460292,156.0,95.0,5,3 | 4
1448,2019,2019-10-22,SF,2,player_for_draft_capital_or_mixed,DEN,2020 R3 #95 (McTelvin Agim) | 2020 R4 #137 (Josiah Scott),2020 R5 #156 (Keith Ismael) | Emmanuel Sanders,0,1,2,1,2,1,0,0,157.21590631636224,29.54247212175932,1,-1,-1,-127.67343419460292,95.0,156.0,3 | 4,5
1449,2019,2019-10-22,ATL,2,player_for_draft_capital_or_mixed,NE,Mohamed Sanu,2020 R2 #55 (J.K. Dobbins),1,0,0,1,0,1,0,0,0.0,336.3913608322486,-1,1,1,336.3913608322486,,55.0,,2
1449,2019,2019-10-22,NE,2,player_for_draft_capital_or_mixed,ATL,2020 R2 #55 (J.K. Dobbins),Mohamed Sanu,0,1,1,0,1,0,0,0,336.3913608322486,0.0,1,-1,-1,-336.3913608322486,55.0,,2,
1450,2019,2019-10-24,DAL,2,player_for_draft_capital_or_mixed,NE,conditional 2021 R6 #195 (Roy Lopez),Michael Bennett,0,1,1,0,1,0,1,0,12.448632796256481,0.0,1,-1,-1,-12.448632796256481,195.0,,6,
1450,2019,2019-10-24,NE,2,player_for_draft_capital_or_mixed,DAL,Michael Bennett,conditional 2021 R6 #195 (Roy Lopez),1,0,0,1,0,1,0,1,0.0,12.448632796256481,-1,1,1,12.448632796256481,,195.0,,6
1451,2019,2019-10-28,CLE,2,player_for_draft_capital_or_mixed,PHI,Genard Avery,conditional 2021 R4 #110 (James Hudson),1,0,0,1,0,1,0,1,0.0,75.14499644768598,-1,1,1,75.14499644768598,,110.0,,4
1451,2019,2019-10-28,PHI,2,player_for_draft_capital_or_mixed,CLE,conditional 2021 R4 #110 (James Hudson),Genard Avery,0,1,1,0,1,0,1,0,75.14499644768598,0.0,1,-1,-1,-75.14499644768598,110.0,,4,
1452,2019,2019-10-28,NYG,2,player_for_draft_capital_or_mixed,NYJ,2020 R3 #68 (Ashtyn Davis) | conditional 2021 R5 #154 (Michael Carter II),Leonard Williams,0,1,2,0,2,0,1,0,273.2861336172118,0.0,1,-2,-2,-273.2861336172118,68.0,,3 | 5,
1452,2019,2019-10-28,NYJ,2,player_for_draft_capital_or_mixed,NYG,Leonard Williams,2020 R3 #68 (Ashtyn Davis) | conditional 2021 R5 #154 (Michael Carter II),1,0,0,2,0,2,0,1,0.0,273.2861336172118,-1,2,2,273.2861336172118,,68.0,,3 | 5
1453,2019,2019-10-28,ARI,2,player_for_draft_capital_or_mixed,MIA,2020 R5 #153 (Colton McKivitz),Kenyan Drake,0,1,1,0,1,0,0,0,30.754837497837325,0.0,1,-1,-1,-30.754837497837325,153.0,,5,
1453,2019,2019-10-28,MIA,2,player_for_draft_capital_or_mixed,ARI,Kenyan Drake,2020 R5 #153 (Colton McKivitz),1,0,0,1,0,1,0,0,0.0,30.754837497837325,-1,1,1,30.754837497837325,,153.0,,5
1454,2019,2019-10-29,LA,2,player_for_draft_capital_or_mixed,MIA,2020 R5 #173 (Darnell Mooney) | Aqib Talib,2022 R7 #238,1,0,1,1,1,1,0,0,21.128301986307918,2.1810154653305154,-1,0,0,-18.947286520977404,173.0,238.0,5,7
1454,2019,2019-10-29,MIA,2,player_for_draft_capital_or_mixed,LA,2022 R7 #238,2020 R5 #173 (Darnell Mooney) | Aqib Talib,0,1,1,1,1,1,0,0,2.1810154653305154,21.128301986307918,1,0,0,18.947286520977404,238.0,173.0,7,5
1465,2020,2020-03-03,DEN,2,player_for_draft_capital_or_mixed,JAX,2020 R4 #137 (Josiah Scott),A.J. Bouye,0,1,1,0,1,0,0,0,38.1126063083793,0.0,1,-1,-1,-38.1126063083793,137.0,,4,
1465,2020,2020-03-03,JAX,2,player_for_draft_capital_or_mixed,DEN,A.J. Bouye,2020 R4 #137 (Josiah Scott),1,0,0,1,0,1,0,0,0.0,38.1126063083793,-1,1,1,38.1126063083793,,137.0,,4
1466,2020,2020-03-04,CAR,2,player_only,LAC,Trai Turner,Russell Okung,1,1,0,0,0,0,0,0,0.0,0.0,0,0,0,0.0,,,,
1466,2020,2020-03-04,LAC,2,player_only,CAR,Russell Okung,Trai Turner,1,1,0,0,0,0,0,0,0.0,0.0,0,0,0,0.0,,,,
1471,2020,2020-03-15,BAL,2,player_for_draft_capital_or_mixed,JAX,2020 R5 #157 (Daniel Thomas),Calais Campbell,0,1,1,0,1,0,0,0,29.149065331779774,0.0,1,-1,-1,-29.149065331779774,157.0,,5,
1471,2020,2020-03-15,JAX,2,player_for_draft_capital_or_mixed,BAL,Calais Campbell,2020 R5 #157 (Daniel Thomas),1,0,0,1,0,1,0,0,0.0,29.149065331779774,-1,1,1,29.149065331779774,,157.0,,5
1467,2020,2020-03-16,IND,2,player_for_draft_capital_or_mixed,SF,2020 R1 #13 (Tristan Wirfs),DeForest Buckner,0,1,1,0,1,0,0,0,1150.0,0.0,1,-1,-1,-1150.0,13.0,,1,
1467,2020,2020-03-16,SF,2,player_for_draft_capital_or_mixed,IND,DeForest Buckner,2020 R1 #13 (Tristan Wirfs),1,0,0,1,0,1,0,0,0.0,1150.0,-1,1,1,1150.0,,13.0,,1
1468,2020,2020-03-16,BUF,2,player_for_draft_capital_or_mixed,MIN,2020 R1 #22 (Justin Jefferson) | 2020 R5 #155 (Trevis Gipson) | 2020 R6 #201 (James Proche) | conditional 2021 R4 #134 (Janarius Robinson),2020 R7 #239 (Dane Jackson) | Stefon Diggs,0,1,4,1,4,1,1,0,859.4604404862047,2.0885475648548275,1,-3,-3,-857.3718929213499,22.0,239.0,1 | 4 | 5 | 6,7
1468,2020,2020-03-16,MIN,2,player_for_draft_capital_or_mixed,BUF,2020 R7 #239 (Dane Jackson) | Stefon Diggs,2020 R1 #22 (Justin Jefferson) | 2020 R5 #155 (Trevis Gipson) | 2020 R6 #201 (James Proche) | conditional 2021 R4 #134 (Janarius Robinson),1,0,1,4,1,4,0,1,2.0885475648548275,859.4604404862047,-1,3,3,857.3718929213499,239.0,22.0,7,1 | 4 | 5 | 6
1469,2020,2020-03-16,ARI,2,player_for_draft_capital_or_mixed,HOU,2020 R2 #40 (Ross Blacklock) | conditional 2021 R4 #122 (Tyler Shelvin) | David Johnson,2020 R4 #131 (Rashard Lawrence) | DeAndre Hopkins,1,1,2,1,2,1,1,0,537.0600414138855,41.30492646319395,0,-1,-1,-495.75511495069156,40.0,131.0,2 | 4,4
1469,2020,2020-03-16,HOU,2,player_for_draft_capital_or_mixed,ARI,2020 R4 #131 (Rashard Lawrence) | DeAndre Hopkins,2020 R2 #40 (Ross Blacklock) | conditional 2021 R4 #122 (Tyler Shelvin) | David Johnson,1,1,1,2,1,2,0,1,41.30492646319395,537.0600414138855,0,1,1,495.75511495069156,131.0,40.0,4,2 | 4
1470,2020,2020-03-16,ATL,2,player_for_draft_capital_or_mixed,BAL,2020 R2 #55 (J.K. Dobbins) | 2020 R5 #157 (Daniel Thomas),2020 R4 #143 (Ben Bredeson) | Hayden Hurst,0,1,2,1,2,1,0,0,365.54042616402836,35.167009942793925,1,-1,-1,-330.37341622123444,55.0,143.0,2 | 5,4
1470,2020,2020-03-16,BAL,2,player_for_draft_capital_or_mixed,ATL,2020 R4 #143 (Ben Bredeson) | Hayden Hurst,2020 R2 #55 (J.K. Dobbins) | 2020 R5 #157 (Daniel Thomas),1,0,1,2,1,2,0,0,35.167009942793925,365.54042616402836,-1,1,1,330.37341622123444,143.0,55.0,4,2 | 5
1472,2020,2020-03-17,CLE,2,player_for_draft_capital_or_mixed,DEN,conditional 2021 R7 #253 (Marquiss Spencer),Andy Janovich,0,1,1,0,1,0,1,0,1.1387886347566916,0.0,1,-1,-1,-1.1387886347566916,253.0,,7,
1472,2020,2020-03-17,DEN,2,player_for_draft_capital_or_mixed,CLE,Andy Janovich,conditional 2021 R7 #253 (Marquiss Spencer),1,0,0,1,0,1,0,1,0.0,1.1387886347566916,-1,1,1,1.1387886347566916,,253.0,,7
1473,2020,2020-03-18,CHI,2,player_for_draft_capital_or_mixed,JAX,2020 R4 #140 (Shaquille Quarterman),Nick Foles,0,1,1,0,1,0,0,0,36.610195369494626,0.0,1,-1,-1,-36.610195369494626,140.0,,4,
1473,2020,2020-03-18,JAX,2,player_for_draft_capital_or_mixed,CHI,Nick Foles,2020 R4 #140 (Shaquille Quarterman),1,0,0,1,0,1,0,0,0.0,36.610195369494626,-1,1,1,36.610195369494626,,140.0,,4
1474,2020,2020-03-18,DET,2,player_for_draft_capital_or_mixed,NE,2020 R5 #172 (Jason Huntley),2020 R7 #235 (Jashon Cornell) | Duron Harmon,0,1,1,1,1,1,0,0,21.590951555711165,2.483715624146968,1,0,0,-19.107235931564198,172.0,235.0,5,7
1474,2020,2020-03-18,NE,2,player_for_draft_capital_or_mixed,DET,2020 R7 #235 (Jashon Cornell) | Duron Harmon,2020 R5 #172 (Jason Huntley),1,0,1,1,1,1,0,0,2.483715624146968,21.590951555711165,-1,0,0,19.107235931564198,235.0,172.0,7,5
1475,2020,2020-03-18,DEN,2,player_for_draft_capital_or_mixed,TEN,2020 R7 #237 (Thakarius Keyes),Jurrell Casey,0,1,1,0,1,0,0,0,2.277577269513383,0.0,1,-1,-1,-2.277577269513383,237.0,,7,
1475,2020,2020-03-18,TEN,2,player_for_draft_capital_or_mixed,DEN,Jurrell Casey,2020 R7 #237 (Thakarius Keyes),1,0,0,1,0,1,0,0,0.0,2.277577269513383,-1,1,1,2.277577269513383,,237.0,,7
1476,2020,2020-03-19,DET,2,player_for_draft_capital_or_mixed,PHI,Darius Slay,2020 R3 #85 (Julian Blackmon) | 2020 R5 #166 (Quintez Cephus),1,0,0,2,0,2,0,0,0.0,179.6768350943031,-1,2,2,179.6768350943031,,85.0,,3 | 5
1476,2020,2020-03-19,PHI,2,player_for_draft_capital_or_mixed,DET,2020 R3 #85 (Julian Blackmon) | 2020 R5 #166 (Quintez Cephus),Darius Slay,0,1,2,0,2,0,0,0,179.6768350943031,0.0,1,-2,-2,-179.6768350943031,85.0,,3 | 5,
1477,2020,2020-03-20,BAL,2,player_for_draft_capital_or_mixed,PIT,conditional 2021 R7 #254 (Pressley Harvin III) | Chris Wormley,conditional 2021 R5 #168 (Zach Davidson),1,0,1,1,1,1,1,1,1.0905077326652577,23.545099627104005,-1,0,0,22.454591894438746,254.0,168.0,7,5
1477,2020,2020-03-20,PIT,2,player_for_draft_capital_or_mixed,BAL,conditional 2021 R5 #168 (Zach Davidson),conditional 2021 R7 #254 (Pressley Harvin III) | Chris Wormley,0,1,1,1,1,1,1,1,23.545099627104005,1.0905077326652577,1,0,0,-22.454591894438746,168.0,254.0,5,7
1478,2020,2020-03-23,CAR,2,player_for_draft_capital_or_mixed,WAS,Kyle Allen,2020 R5 #148 (Alton Robinson),1,0,0,1,0,1,0,0,0.0,32.88701379078764,-1,1,1,32.88701379078764,,148.0,,5
1478,2020,2020-03-23,WAS,2,player_for_draft_capital_or_mixed,CAR,2020 R5 #148 (Alton Robinson),Kyle Allen,0,1,1,0,1,0,0,0,32.88701379078764,0.0,1,-1,-1,-32.88701379078764,148.0,,5,
1479,2020,2020-03-23,SEA,2,player_for_draft_capital_or_mixed,WAS,2020 R5 #162 (Khaleke Hudson),Quinton Dunbar,0,1,1,0,1,0,0,0,26.812891859560057,0.0,1,-1,-1,-26.812891859560057,162.0,,5,
1479,2020,2020-03-23,WAS,2,player_for_draft_capital_or_mixed,SEA,Quinton Dunbar,2020 R5 #162 (Khaleke Hudson),1,0,0,1,0,1,0,0,0.0,26.812891859560057,-1,1,1,26.812891859560057,,162.0,,5
1480,2020,2020-04-09,HOU,2,player_for_draft_capital_or_mixed,LA,2020 R2 #57 (Van Jefferson),2022 R4 #137 | Brandin Cooks,0,1,1,1,1,1,0,0,320.3515416333923,38.1126063083793,1,0,0,-282.238935325013,57.0,137.0,2,4
1480,2020,2020-04-09,LA,2,player_for_draft_capital_or_mixed,HOU,2022 R4 #137 | Brandin Cooks,2020 R2 #57 (Van Jefferson),1,0,1,1,1,1,0,0,38.1126063083793,320.3515416333923,-1,0,0,282.238935325013,137.0,57.0,4,2
1481,2020,2020-04-21,NE,2,player_for_draft_capital_or_mixed,TB,2020 R7 #241 (Chapelle Russell) | Rob Gronkowski,2020 R4 #117 (D.J. Wonnum),1,0,1,1,1,1,0,0,1.9152065613971472,60.48129865534639,-1,0,0,58.566092093949244,241.0,117.0,7,4
1481,2020,2020-04-21,TB,2,player_for_draft_capital_or_mixed,NE,2020 R4 #117 (D.J. Wonnum),2020 R7 #241 (Chapelle Russell) | Rob Gronkowski,0,1,1,1,1,1,0,0,60.48129865534639,1.9152065613971472,1,0,0,-58.566092093949244,117.0,241.0,4,7
1482,2020,2020-04-23,GB,2,pick_only,MIA,2020 R1 #30 (Noah Igbinoghene) | 2020 R4 #136 (Brycen Hopkins),2020 R1 #26 (Jordan Love),0,0,2,1,2,1,0,0,658.6269884312663,700.0,0,-1,-1,41.37301156873366,30.0,26.0,1 | 4,1
1482,2020,2020-04-23,MIA,2,pick_only,GB,2020 R1 #26 (Jordan Love),2020 R1 #30 (Noah Igbinoghene) | 2020 R4 #136 (Brycen Hopkins),0,0,1,2,1,2,0,0,700.0,658.6269884312663,0,1,1,-41.37301156873366,26.0,30.0,1,1 | 4
1483,2020,2020-04-23,MIN,2,pick_only,SF,2020 R1 #25 (Brandon Aiyuk),2020 R1 #31 (Jeff Gladney) | 2020 R4 #117 (D.J. Wonnum) | 2020 R5 #176 (K.J. Osborn),0,0,1,3,1,3,0,0,720.0,680.2802885285697,0,2,2,-39.71971147143029,25.0,31.0,1,1 | 4 | 5
1483,2020,2020-04-23,SF,2,pick_only,MIN,2020 R1 #31 (Jeff Gladney) | 2020 R4 #117 (D.J. Wonnum) | 2020 R5 #176 (K.J. Osborn),2020 R1 #25 (Brandon Aiyuk),0,0,3,1,3,1,0,0,680.2802885285697,720.0,0,-2,-2,39.71971147143029,31.0,25.0,1 | 4 | 5,1
1484,2020,2020-04-23,LAC,2,pick_only,NE,2020 R2 #37 (Kyle Dugger) | 2020 R3 #71 (Justin Madubuike),2020 R1 #23 (Kenneth Murray),0,0,2,1,2,1,0,0,746.605536836021,760.0,0,-1,-1,13.394463163979026,37.0,23.0,2 | 3,1
1484,2020,2020-04-23,NE,2,pick_only,LAC,2020 R1 #23 (Kenneth Murray),2020 R2 #37 (Kyle Dugger) | 2020 R3 #71 (Justin Madubuike),0,0,1,2,1,2,0,0,760.0,746.605536836021,0,1,1,-13.394463163979026,23.0,37.0,1,2 | 3
1485,2020,2020-04-23,SF,2,pick_only,TB,2020 R1 #13 (Tristan Wirfs) | 2020 R7 #245 (Raymond Calais),2020 R1 #14 (Javon Kinlaw) | 2020 R4 #117 (D.J. Wonnum),0,0,2,2,2,2,0,0,1151.6104903319492,1160.4812986553463,0,0,0,8.870808323397114,13.0,14.0,1 | 7,1 | 4
1485,2020,2020-04-23,TB,2,pick_only,SF,2020 R1 #14 (Javon Kinlaw) | 2020 R4 #117 (D.J. Wonnum),2020 R1 #13 (Tristan Wirfs) | 2020 R7 #245 (Raymond Calais),0,0,2,2,2,2,0,0,1160.4812986553463,1151.6104903319492,0,0,0,-8.870808323397114,14.0,13.0,1 | 4,1 | 7
1486,2020,2020-04-24,CLE,2,pick_only,IND,2020 R2 #41 (Jonathan Taylor),2020 R2 #44 (Grant Delpit) | 2020 R5 #160 (Nick Harris),0,0,1,2,1,2,0,0,473.5555622055335,468.09245075205274,0,1,1,-5.463111453480735,41.0,44.0,2,2 | 5
1486,2020,2020-04-24,IND,2,pick_only,CLE,2020 R2 #44 (Grant Delpit) | 2020 R5 #160 (Nick Harris),2020 R2 #41 (Jonathan Taylor),0,0,2,1,2,1,0,0,468.09245075205274,473.5555622055335,0,-1,-1,5.463111453480735,44.0,41.0,2 | 5,2
1487,2020,2020-04-24,NYJ,2,pick_only,SEA,2020 R2 #48 (Darrell Taylor),2020 R2 #59 (Denzel Mims) | 2020 R3 #101 (Dalton Keene),0,0,1,2,1,2,0,0,399.1240408695021,404.4146392127164,0,1,1,5.290598343214299,48.0,59.0,2,2 | 3
1487,2020,2020-04-24,SEA,2,pick_only,NYJ,2020 R2 #59 (Denzel Mims) | 2020 R3 #101 (Dalton Keene),2020 R2 #48 (Darrell Taylor),0,0,2,1,2,1,0,0,404.4146392127164,399.1240408695021,0,-1,-1,-5.290598343214299,59.0,48.0,2 | 3,2
1488,2020,2020-04-24,BAL,2,pick_only,NE,2020 R2 #60 (Josh Uche) | 2020 R4 #129 (Cameron Clark),2020 R3 #71 (Justin Madubuike) | 2020 R3 #98 (Malik Harrison),0,0,2,2,2,2,0,0,340.1417523140028,333.4652379270151,0,0,0,-6.676514386987719,60.0,71.0,2 | 4,3
1488,2020,2020-04-24,NE,2,pick_only,BAL,2020 R3 #71 (Justin Madubuike) | 2020 R3 #98 (Malik Harrison),2020 R2 #60 (Josh Uche) | 2020 R4 #129 (Cameron Clark),0,0,2,2,2,2,0,0,333.4652379270151,340.1417523140028,0,0,0,6.676514386987719,71.0,60.0,3,2 | 4
1489,2020,2020-04-24,CAR,2,pick_only,SEA,2020 R3 #69 (Damien Lewis) | 2020 R5 #148 (Alton Robinson),2020 R2 #64 (Jeremy Chinn),0,0,2,1,2,1,0,0,269.49790798597,270.0,0,-1,-1,0.5020920140299836,69.0,64.0,3 | 5,2
1489,2020,2020-04-24,SEA,2,pick_only,CAR,2020 R2 #64 (Jeremy Chinn),2020 R3 #69 (Damien Lewis) | 2020 R5 #148 (Alton Robinson),0,0,1,2,1,2,0,0,270.0,269.49790798597,0,1,1,-0.5020920140299836,64.0,69.0,2,3 | 5
1490,2020,2020-04-24,CLE,2,pick_only,NO,2020 R3 #74 (Zack Baun) | 2020 R7 #244 (Nate Stanley),2020 R3 #88 (Jordan Elliott) | conditional 2021 R3 #91 (Anthony Schwartz),0,0,2,2,2,2,0,1,209.03259005955823,275.6488460161944,0,0,0,66.61625595663617,74.0,88.0,3 | 7,3
1490,2020,2020-04-24,NO,2,pick_only,CLE,2020 R3 #88 (Jordan Elliott) | conditional 2021 R3 #91 (Anthony Schwartz),2020 R3 #74 (Zack Baun) | 2020 R7 #244 (Nate Stanley),0,0,2,2,2,2,1,0,275.6488460161944,209.03259005955823,0,0,0,-66.61625595663617,88.0,74.0,3,3 | 7
1491,2020,2020-04-24,DET,2,pick_only,IND,2020 R3 #85 (Julian Blackmon) | 2020 R5 #149 (Danny Pinter) | 2020 R6 #182 (Michael Onwenu),2020 R3 #75 (Jonah Jackson) | 2020 R6 #197 (John Penisini),0,0,3,2,3,2,0,0,204.92438312485916,213.45927690537934,0,-1,-1,8.534893780520179,85.0,75.0,3 | 5 | 6,3 | 6
1491,2020,2020-04-24,IND,2,pick_only,DET,2020 R3 #75 (Jonah Jackson) | 2020 R6 #197 (John Penisini),2020 R3 #85 (Julian Blackmon) | 2020 R5 #149 (Danny Pinter) | 2020 R6 #182 (Michael Onwenu),0,0,2,3,2,3,0,0,213.45927690537934,204.92438312485916,0,1,1,-8.534893780520179,75.0,85.0,3 | 6,3 | 5 | 6
1492,2020,2020-04-24,LV,2,pick_only,NE,2020 R3 #91 (Devin Asiasi) | 2020 R5 #159 (Justin Rohrwasser),2020 R3 #100 (Tanner Muse) | 2020 R4 #139 (Amik Robertson) | 2020 R5 #172 (Jason Huntley),0,0,2,3,2,3,0,0,160.74712064933146,161.16231712812277,0,1,1,0.4151964787913016,91.0,100.0,3 | 5,3 | 4 | 5
1492,2020,2020-04-24,NE,2,pick_only,LV,2020 R3 #100 (Tanner Muse) | 2020 R4 #139 (Amik Robertson) | 2020 R5 #172 (Jason Huntley),2020 R3 #91 (Devin Asiasi) | 2020 R5 #159 (Justin Rohrwasser),0,0,3,2,3,2,0,0,161.16231712812277,160.74712064933146,0,-1,-1,-0.4151964787913016,100.0,91.0,3 | 4 | 5,3 | 5
1493,2020,2020-04-24,NE,2,pick_only,NYJ,2020 R4 #125 (James Morgan) | 2020 R4 #129 (Cameron Clark) | conditional 2021 R6 #186 (Hamsah Nasirildeen),2020 R3 #101 (Dalton Keene),0,0,3,1,3,1,1,0,105.56300529230828,99.33810581723509,0,-2,-2,-6.224899475073187,125.0,101.0,4 | 6,3
1493,2020,2020-04-24,NYJ,2,pick_only,NE,2020 R3 #101 (Dalton Keene),2020 R4 #125 (James Morgan) | 2020 R4 #129 (Cameron Clark) | conditional 2021 R6 #186 (Hamsah Nasirildeen),0,0,1,3,1,3,0,1,99.33810581723509,105.56300529230828,0,2,2,6.224899475073187,101.0,125.0,3,4 | 6
1494,2020,2020-04-24,MIN,2,pick_only,NO,2020 R3 #105 (Adam Trautman),2020 R4 #130 (James Lynch) | 2020 R5 #169 (Harrison Hand) | 2020 R6 #203 (Blake Brandel) | 2020 R7 #244 (Nate Stanley),0,0,1,4,1,4,0,0,87.74900141511668,75.68608834084682,0,3,3,-12.062913074269858,105.0,130.0,3,4 | 5 | 6 | 7
1494,2020,2020-04-24,NO,2,pick_only,MIN,2020 R4 #130 (James Lynch) | 2020 R5 #169 (Harrison Hand) | 2020 R6 #203 (Blake Brandel) | 2020 R7 #244 (Nate Stanley),2020 R3 #105 (Adam Trautman),0,0,4,1,4,1,0,0,75.68608834084682,87.74900141511668,0,-3,-3,12.062913074269858,130.0,105.0,4 | 5 | 6 | 7,3
1495,2020,2020-04-25,SF,2,player_for_draft_capital_or_mixed,WAS,2020 R5 #156 (Keith Ismael) | conditional 2021 R3 #74 (Benjamin St-Juste),Trent Williams,0,1,2,0,2,0,1,0,236.89326935081013,0.0,1,-2,-2,-236.89326935081013,74.0,,3 | 5,
1495,2020,2020-04-25,WAS,2,player_for_draft_capital_or_mixed,SF,Trent Williams,2020 R5 #156 (Keith Ismael) | conditional 2021 R3 #74 (Benjamin St-Juste),1,0,0,2,0,2,0,1,0.0,236.89326935081013,-1,2,2,236.89326935081013,,74.0,,3 | 5
1496,2020,2020-04-25,DET,2,pick_only,LV,2020 R4 #109 (John Simpson),2020 R4 #121 (Logan Stenberg) | 2020 R5 #172 (Jason Huntley),0,0,1,2,1,2,0,0,77.5119193788194,75.016306485071,0,1,1,-2.495612893748401,109.0,121.0,4,4 | 5
1496,2020,2020-04-25,LV,2,pick_only,DET,2020 R4 #121 (Logan Stenberg) | 2020 R5 #172 (Jason Huntley),2020 R4 #109 (John Simpson),0,0,2,1,2,1,0,0,75.016306485071,77.5119193788194,0,-1,-1,2.495612893748401,121.0,109.0,4 | 5,4
1497,2020,2020-04-25,HOU,2,pick_only,MIA,2020 R4 #111 (Solomon Kindley),2020 R4 #136 (Brycen Hopkins) | 2020 R4 #141 (John Reid),0,0,1,2,1,2,0,0,72.85035045417483,74.74965860715238,0,1,1,1.8993081529775537,111.0,136.0,4,4
1497,2020,2020-04-25,MIA,2,pick_only,HOU,2020 R4 #136 (Brycen Hopkins) | 2020 R4 #141 (John Reid),2020 R4 #111 (Solomon Kindley),0,0,2,1,2,1,0,0,74.74965860715238,72.85035045417483,0,-1,-1,-1.8993081529775537,136.0,111.0,4,4
1498,2020,2020-04-25,HOU,2,pick_only,LA,2020 R4 #136 (Brycen Hopkins) | 2020 R7 #248 (Sam Sloman) | 2020 R7 #250 (Tremayne Anchrum),2020 R4 #126 (Charlie Heck),0,0,3,1,3,1,0,0,41.338041548290434,45.75149621806973,0,-2,-2,4.4134546697792985,136.0,126.0,4 | 7,4
1498,2020,2020-04-25,LA,2,pick_only,HOU,2020 R4 #126 (Charlie Heck),2020 R4 #136 (Brycen Hopkins) | 2020 R7 #248 (Sam Sloman) | 2020 R7 #250 (Tremayne Anchrum),0,0,1,3,1,3,0,0,45.75149621806973,41.338041548290434,0,2,2,-4.4134546697792985,126.0,136.0,4,4 | 7
1499,2020,2020-04-25,DAL,2,pick_only,PHI,2020 R5 #164 (Curtis Weaver) | conditional 2021 R5 #156 (Isaiahh Loudermilk),2020 R4 #146 (Tyler Biadasz),0,0,2,1,2,1,1,0,55.21858533149012,33.78071533994218,0,-1,-1,-21.43786999154794,156.0,146.0,5,4
1499,2020,2020-04-25,PHI,2,pick_only,DAL,2020 R4 #146 (Tyler Biadasz),2020 R5 #164 (Curtis Weaver) | conditional 2021 R5 #156 (Isaiahh Loudermilk),0,0,1,2,1,2,0,1,33.78071533994218,55.21858533149012,0,1,1,21.43786999154794,146.0,156.0,4,5
1500,2020,2020-04-25,MIA,2,player_for_draft_capital_or_mixed,SF,2020 R5 #153 (Colton McKivitz),Matt Breida,0,1,1,0,1,0,0,0,30.754837497837325,0.0,1,-1,-1,-30.754837497837325,153.0,,5,
1500,2020,2020-04-25,SF,2,player_for_draft_capital_or_mixed,MIA,Matt Breida,2020 R5 #153 (Colton McKivitz),1,0,0,1,0,1,0,0,0.0,30.754837497837325,-1,1,1,30.754837497837325,,153.0,,5
1501,2020,2020-04-25,CHI,2,pick_only,MIN,conditional 2021 R4 #125 (Camryn Bynum),2020 R5 #155 (Trevis Gipson),0,0,1,1,1,1,1,0,47.192580397341786,29.941188478294087,0,0,0,-17.2513919190477,125.0,155.0,4,5
1501,2020,2020-04-25,MIN,2,pick_only,CHI,2020 R5 #155 (Trevis Gipson),conditional 2021 R4 #125 (Camryn Bynum),0,0,1,1,1,1,0,1,29.941188478294087,47.192580397341786,0,0,0,17.2513919190477,155.0,125.0,5,4
1502,2020,2020-04-25,MIA,2,pick_only,PHI,2020 R5 #173 (Darnell Mooney) | 2020 R7 #227 (Lachavious Simmons),2020 R5 #164 (Curtis Weaver),0,0,2,1,2,1,0,0,24.64080630705452,25.676113209730797,0,-1,-1,1.035306902676279,173.0,164.0,5 | 7,5
1502,2020,2020-04-25,PHI,2,pick_only,MIA,2020 R5 #164 (Curtis Weaver),2020 R5 #173 (Darnell Mooney) | 2020 R7 #227 (Lachavious Simmons),0,0,1,2,1,2,0,0,25.676113209730797,24.64080630705452,0,1,1,-1.035306902676279,164.0,173.0,5,5 | 7
1503,2020,2020-04-25,PHI,2,player_for_draft_capital_or_mixed,SF,2020 R6 #190 (Charlie Woerner),conditional 2021 R7 #240 (William Bradley-King) | Marquise Goodwin | Prince Tega Wanogho,0,2,1,1,1,1,0,1,14.619832953983792,2.0,2,0,0,-12.619832953983792,190.0,240.0,6,7
1503,2020,2020-04-25,SF,2,player_for_draft_capital_or_mixed,PHI,conditional 2021 R7 #240 (William Bradley-King) | Marquise Goodwin | Prince Tega Wanogho,2020 R6 #190 (Charlie Woerner),2,0,1,1,1,1,1,0,2.0,14.619832953983792,-2,0,0,12.619832953983792,240.0,190.0,7,6
1504,2020,2020-04-25,CHI,2,pick_only,PHI,2020 R6 #196 (Shaun Bradley) | 2020 R6 #200 (Quez Watkins) | 2020 R7 #233 (Casey Toohill),2020 R5 #173 (Darnell Mooney) | 2020 R7 #227 (Lachavious Simmons),0,0,3,2,3,2,0,0,24.91475686887195,24.64080630705452,0,-1,-1,-0.2739505618174327,196.0,173.0,6 | 7,5 | 7
1504,2020,2020-04-25,PHI,2,pick_only,CHI,2020 R5 #173 (Darnell Mooney) | 2020 R7 #227 (Lachavious Simmons),2020 R6 #196 (Shaun Bradley) | 2020 R6 #200 (Quez Watkins) | 2020 R7 #233 (Casey Toohill),0,0,2,3,2,3,0,0,24.64080630705452,24.91475686887195,0,1,1,0.2739505618174327,173.0,196.0,5 | 7,6 | 7
1505,2020,2020-04-25,IND,2,pick_only,NE,2020 R6 #182 (Michael Onwenu),2020 R6 #212 (Dezmon Patmon) | 2020 R6 #213 (Jordan Glasgow),0,0,1,2,1,2,0,0,17.386009369028777,12.55155798666075,0,1,1,-4.834451382368027,182.0,212.0,6,6
1505,2020,2020-04-25,NE,2,pick_only,IND,2020 R6 #212 (Dezmon Patmon) | 2020 R6 #213 (Jordan Glasgow),2020 R6 #182 (Michael Onwenu),0,0,2,1,2,1,0,0,12.55155798666075,17.386009369028777,0,-1,-1,4.834451382368027,212.0,182.0,6,6
1506,2020,2020-04-25,BAL,2,pick_only,MIN,2020 R7 #225 (Kenny Willekes) | conditional 2021 R5 #168 (Zach Davidson),2020 R6 #201 (James Proche) | 2020 R7 #219 (Geno Stone),0,0,2,2,2,2,1,0,27.3755127498983,14.707441846542768,0,0,0,-12.668070903355531,168.0,201.0,5 | 7,6 | 7
1506,2020,2020-04-25,MIN,2,pick_only,BAL,2020 R6 #201 (James Proche) | 2020 R7 #219 (Geno Stone),2020 R7 #225 (Kenny Willekes) | conditional 2021 R5 #168 (Zach Davidson),0,0,2,2,2,2,0,1,14.707441846542768,27.3755127498983,0,0,0,12.668070903355531,201.0,168.0,6 | 7,5 | 7
1507,2020,2020-04-25,IND,2,player_for_draft_capital_or_mixed,NYJ,Quincy Wilson,2020 R6 #211 (Isaiah Rodgers),1,0,0,1,0,1,0,0,0.0,6.6540741224784865,-1,1,1,6.6540741224784865,,211.0,,6
1507,2020,2020-04-25,NYJ,2,player_for_draft_capital_or_mixed,IND,2020 R6 #211 (Isaiah Rodgers),Quincy Wilson,0,1,1,0,1,0,0,0,6.6540741224784865,0.0,1,-1,-1,-6.6540741224784865,211.0,,6,
1508,2020,2020-04-25,KC,2,pick_only,TEN,conditional 2021 R6 #215 (Brady Breeze),2020 R7 #237 (Thakarius Keyes),0,0,1,1,1,1,1,0,5.6895658574490495,2.277577269513383,0,0,0,-3.4119885879356664,215.0,237.0,6,7
1508,2020,2020-04-25,TEN,2,pick_only,KC,2020 R7 #237 (Thakarius Keyes),conditional 2021 R6 #215 (Brady Breeze),0,0,1,1,1,1,0,1,2.277577269513383,5.6895658574490495,0,0,0,3.4119885879356664,237.0,215.0,7,6
1509,2020,2020-04-25,HOU,2,pick_only,NO,2020 R7 #240 (Tommy Stevens),conditional 2021 R6 #212 (Damar Hamlin),0,0,1,1,1,1,0,1,2.0,6.398608048607554,0,0,0,4.398608048607554,240.0,212.0,7,6
1509,2020,2020-04-25,NO,2,pick_only,HOU,conditional 2021 R6 #212 (Damar Hamlin),2020 R7 #240 (Tommy Stevens),0,0,1,1,1,1,1,0,6.398608048607554,2.0,0,0,0,-4.398608048607554,212.0,240.0,6,7
1510,2020,2020-04-25,MIA,2,pick_only,SEA,2020 R7 #251 (Stephen Sullivan),conditional 2021 R6 #208 (Stone Forsythe),0,0,1,1,1,1,0,1,1.241857812073484,7.483314773547881,0,0,0,6.241456961474396,251.0,208.0,7,6
1510,2020,2020-04-25,SEA,2,pick_only,MIA,conditional 2021 R6 #208 (Stone Forsythe),2020 R7 #251 (Stephen Sullivan),0,0,1,1,1,1,1,0,7.483314773547881,1.241857812073484,0,0,0,-6.241456961474396,208.0,251.0,6,7
1512,2020,2020-05-01,ATL,2,player_for_draft_capital_or_mixed,MIA,conditional 2021 R7 #232 (Phil Hoskins),Charles Harris,0,1,1,0,1,0,1,0,2.82842712474619,0.0,1,-1,-1,-2.82842712474619,232.0,,7,
1512,2020,2020-05-01,MIA,2,player_for_draft_capital_or_mixed,ATL,Charles Harris,conditional 2021 R7 #232 (Phil Hoskins),1,0,0,1,0,1,0,1,0.0,2.82842712474619,-1,1,1,2.82842712474619,,232.0,,7
1513,2020,2020-07-25,NYJ,2,player_for_draft_capital_or_mixed,SEA,2022 R4 #109 | Jamal Adams,conditional 2021 R1 #23 (Christian Darrisaw) | conditional 2021 R3 #86 (Wyatt Davis) | 2022 R1 #10 | Bradley McDougald,1,1,1,3,1,3,0,2,77.5119193788194,2211.048370291059,0,2,2,2133.5364509122396,109.0,10.0,4,1 | 3
1513,2020,2020-07-25,SEA,2,player_for_draft_capital_or_mixed,NYJ,conditional 2021 R1 #23 (Christian Darrisaw) | conditional 2021 R3 #86 (Wyatt Davis) | 2022 R1 #10 | Bradley McDougald,2022 R4 #109 | Jamal Adams,1,1,3,1,3,1,2,0,2211.048370291059,77.5119193788194,0,-2,-2,-2133.5364509122396,10.0,109.0,1 | 3,4
1514,2020,2020-07-25,CHI,2,player_for_draft_capital_or_mixed,MIA,Adam Shaheen,conditional 2021 R6 #208 (Stone Forsythe),1,0,0,1,0,1,0,1,0.0,7.483314773547881,-1,1,1,7.483314773547881,,208.0,,6
1514,2020,2020-07-25,MIA,2,player_for_draft_capital_or_mixed,CHI,conditional 2021 R6 #208 (Stone Forsythe),Adam Shaheen,0,1,1,0,1,0,1,0,7.483314773547881,0.0,1,-1,-1,-7.483314773547881,208.0,,6,
1515,2020,2020-08-09,DET,2,player_for_draft_capital_or_mixed,NE,Michael Jackson,conditional 2022 R7,1,0,0,1,0,0,0,1,0.0,0.0,-1,1,0,0.0,,,,7
1515,2020,2020-08-09,NE,2,player_for_draft_capital_or_mixed,DET,conditional 2022 R7,Michael Jackson,0,1,1,0,0,0,1,0,0.0,0.0,1,-1,0,0.0,,,7,
1516,2020,2020-08-29,LV,2,player_for_draft_capital_or_mixed,MIA,conditional 2021 R4 #121 (Jordan Smith),conditional 2021 R5 #162 (Noah Gray) | Raekwon McMillan,0,1,1,1,1,1,1,1,53.42535492935984,26.812891859560057,1,0,0,-26.612463069799784,121.0,162.0,4,5
1516,2020,2020-08-29,MIA,2,player_for_draft_capital_or_mixed,LV,conditional 2021 R5 #162 (Noah Gray) | Raekwon McMillan,conditional 2021 R4 #121 (Jordan Smith),1,0,1,1,1,1,1,1,26.812891859560057,53.42535492935984,-1,0,0,26.612463069799784,162.0,121.0,5,4
1517,2020,2020-08-30,JAX,2,player_for_draft_capital_or_mixed,MIN,Yannick Ngakoue,conditional 2021 R2 #45 (Walker Little) | 2022 R5 #157,1,0,0,2,0,2,0,1,0.0,458.62112112531986,-1,2,2,458.62112112531986,,45.0,,2 | 5
1517,2020,2020-08-30,MIN,2,player_for_draft_capital_or_mixed,JAX,conditional 2021 R2 #45 (Walker Little) | 2022 R5 #157,Yannick Ngakoue,0,1,2,0,2,0,1,0,458.62112112531986,0.0,1,-2,-2,-458.62112112531986,45.0,,2 | 5,
1519,2020,2020-08-31,BUF,2,player_for_draft_capital_or_mixed,CAR,2023 R7,Andre Smith,0,1,1,0,0,0,0,0,0.0,0.0,1,-1,0,0.0,,,7,
1519,2020,2020-08-31,CAR,2,player_for_draft_capital_or_mixed,BUF,Andre Smith,2023 R7,1,0,0,1,0,0,0,0,0.0,0.0,-1,1,0,0.0,,,,7
1518,2020,2020-09-01,LV,2,player_for_draft_capital_or_mixed,WAS,conditional 2021 R7 #244 (Gerrid Doaks) | David Sharpe,conditional 2021 R6 #203 (Marquez Stevenson),1,0,1,1,1,1,1,1,1.681792830507429,9.101325472139058,-1,0,0,7.419532641631629,244.0,203.0,7,6
1518,2020,2020-09-01,WAS,2,player_for_draft_capital_or_mixed,LV,conditional 2021 R6 #203 (Marquez Stevenson),conditional 2021 R7 #244 (Gerrid Doaks) | David Sharpe,0,1,1,1,1,1,1,1,9.101325472139058,1.681792830507429,1,0,0,-7.419532641631629,203.0,244.0,6,7
1520,2020,2020-09-02,DEN,2,player_for_draft_capital_or_mixed,NYG,Isaac Yiadom,conditional 2021 R7 #239 (Jonathon Cooper),1,0,0,1,0,1,0,1,0.0,2.0885475648548275,-1,1,1,2.0885475648548275,,239.0,,7
1520,2020,2020-09-02,NYG,2,player_for_draft_capital_or_mixed,DEN,conditional 2021 R7 #239 (Jonathon Cooper),Isaac Yiadom,0,1,1,0,1,0,1,0,2.0885475648548275,0.0,1,-1,-1,-2.0885475648548275,239.0,,7,
1521,2020,2020-09-03,CLE,2,player_for_draft_capital_or_mixed,JAX,conditional 2021 R5 #170 (Garret Wallow),Ronnie Harrison,0,1,1,0,1,0,1,0,22.546864647289553,0.0,1,-1,-1,-22.546864647289553,170.0,,5,
1521,2020,2020-09-03,JAX,2,player_for_draft_capital_or_mixed,CLE,Ronnie Harrison,conditional 2021 R5 #170 (Garret Wallow),1,0,0,1,0,1,0,1,0.0,22.546864647289553,-1,1,1,22.546864647289553,,170.0,,5
1522,2020,2020-09-04,CIN,2,player_only,DEN,Austin Calitro,Christian Covington,1,1,0,0,0,0,0,0,0.0,0.0,0,0,0,0.0,,,,
1522,2020,2020-09-04,DEN,2,player_only,CIN,Christian Covington,Austin Calitro,1,1,0,0,0,0,0,0,0.0,0.0,0,0,0,0.0,,,,
1523,2020,2020-09-05,LV,2,player_for_draft_capital_or_mixed,MIA,conditional 2021 R6 #203 (Marquez Stevenson) | Lynn Bowden,conditional 2021 R4 #121 (Jordan Smith),1,0,1,1,1,1,1,1,9.101325472139058,53.42535492935984,-1,0,0,44.32402945722078,203.0,121.0,6,4
1523,2020,2020-09-05,MIA,2,player_for_draft_capital_or_mixed,LV,conditional 2021 R4 #121 (Jordan Smith),conditional 2021 R6 #203 (Marquez Stevenson) | Lynn Bowden,0,1,1,1,1,1,1,1,53.42535492935984,9.101325472139058,1,0,0,-44.32402945722078,121.0,203.0,4,6
1524,2020,2020-10-14,JAX,2,player_for_draft_capital_or_mixed,TEN,conditional 2021 R6 #185 (Nick Niemann),conditional 2021 R7 #249 (Ben Skowronek) | Kamalei Correa,0,1,1,1,1,1,1,1,16.29214802288608,1.3542555469368927,1,0,0,-14.93789247594919,185.0,249.0,6,7
1524,2020,2020-10-14,TEN,2,player_for_draft_capital_or_mixed,JAX,conditional 2021 R7 #249 (Ben Skowronek) | Kamalei Correa,conditional 2021 R6 #185 (Nick Niemann),1,0,1,1,1,1,1,1,1.3542555469368927,16.29214802288608,-1,0,0,14.93789247594919,249.0,185.0,7,6
1525,2020,2020-10-19,NYJ,2,player_for_draft_capital_or_mixed,TB,2023 R7 #230 | Steve McLendon,2022 R6 #206,1,0,1,1,1,1,0,0,3.0844216508158815,8.092789911562482,-1,0,0,5.0083682607466,230.0,206.0,7,6
1525,2020,2020-10-19,TB,2,player_for_draft_capital_or_mixed,NYJ,2022 R6 #206,2023 R7 #230 | Steve McLendon,0,1,1,1,1,1,0,0,8.092789911562482,3.0844216508158815,1,0,0,-5.0083682607466,206.0,230.0,6,7
1526,2020,2020-10-21,NYJ,2,player_for_draft_capital_or_mixed,SF,conditional 2021 R7 #230 (Jimmy Morrissey) | Jordan Willis,2022 R6 #207,1,0,1,1,1,1,1,0,3.0844216508158815,7.782088042705171,-1,0,0,4.697666391889289,230.0,207.0,7,6
1526,2020,2020-10-21,SF,2,player_for_draft_capital_or_mixed,NYJ,2022 R6 #207,conditional 2021 R7 #230 (Jimmy Morrissey) | Jordan Willis,0,1,1,1,1,1,0,1,7.782088042705171,3.0844216508158815,1,0,0,-4.697666391889289,207.0,230.0,6,7
1527,2020,2020-10-22,BAL,2,player_for_draft_capital_or_mixed,MIN,conditional 2021 R3 #90 (Patrick Jones II) | conditional 2022 R5 #156,Yannick Ngakoue,0,1,2,0,2,0,2,0,165.45291323453444,0.0,1,-2,-2,-165.45291323453444,90.0,,3 | 5,
1527,2020,2020-10-22,MIN,2,player_for_draft_capital_or_mixed,BAL,Yannick Ngakoue,conditional 2021 R3 #90 (Patrick Jones II) | conditional 2022 R5 #156,1,0,0,2,0,2,0,2,0.0,165.45291323453444,-1,2,2,165.45291323453444,,90.0,,3 | 5
1528,2020,2020-10-23,ARI,2,player_for_draft_capital_or_mixed,NYG,conditional 2021 R6 #201 (Rodarius Williams),Markus Golden,0,1,1,0,1,0,1,0,9.842578749076635,0.0,1,-1,-1,-9.842578749076635,201.0,,6,
1528,2020,2020-10-23,NYG,2,player_for_draft_capital_or_mixed,ARI,Markus Golden,conditional 2021 R6 #201 (Rodarius Williams),1,0,0,1,0,1,0,1,0.0,9.842578749076635,-1,1,1,9.842578749076635,,201.0,,6
1529,2020,2020-10-27,DAL,2,player_for_draft_capital_or_mixed,DET,Everson Griffen,conditional 2021 R6 #192 (Quinton Bohanna),1,0,0,1,0,1,0,1,0.0,14.0,-1,1,1,14.0,,192.0,,6
1529,2020,2020-10-27,DET,2,player_for_draft_capital_or_mixed,DAL,conditional 2021 R6 #192 (Quinton Bohanna),Everson Griffen,0,1,1,0,1,0,1,0,14.0,0.0,1,-1,-1,-14.0,192.0,,6,
1530,2020,2020-10-28,CIN,2,player_for_draft_capital_or_mixed,SEA,Carlos Dunlap,conditional 2021 R7 #235 (Wyatt Hubert) | B.J. Finney,1,1,0,1,0,1,0,1,0.0,2.483715624146968,0,1,1,2.483715624146968,,235.0,,7
1530,2020,2020-10-28,SEA,2,player_for_draft_capital_or_mixed,CIN,conditional 2021 R7 #235 (Wyatt Hubert) | B.J. Finney,Carlos Dunlap,1,1,1,0,1,0,1,0,2.483715624146968,0.0,0,-1,-1,-2.483715624146968,235.0,,7,
1531,2020,2020-11-01,DAL,2,player_for_draft_capital_or_mixed,HOU,2022 R7 #245,Eli Ankou,0,1,1,0,1,0,0,0,1.6104903319492543,0.0,1,-1,-1,-1.6104903319492543,245.0,,7,
1531,2020,2020-11-01,HOU,2,player_for_draft_capital_or_mixed,DAL,Eli Ankou,2022 R7 #245,1,0,0,1,0,1,0,0,0.0,1.6104903319492543,-1,1,1,1.6104903319492543,,245.0,,7
1532,2020,2020-11-02,NYJ,2,player_for_draft_capital_or_mixed,PIT,2022 R7 #225 | Avery Williamson,2022 R5 #163,1,0,1,1,1,1,0,0,3.830413122794295,26.238346877544192,-1,0,0,22.407933754749898,225.0,163.0,7,5
1532,2020,2020-11-02,PIT,2,player_for_draft_capital_or_mixed,NYJ,2022 R5 #163,2022 R7 #225 | Avery Williamson,0,1,1,1,1,1,0,0,26.238346877544192,3.830413122794295,1,0,0,-22.407933754749898,163.0,225.0,5,7
1533,2020,2020-11-02,LAC,2,player_for_draft_capital_or_mixed,TEN,Desmond King,conditional 2021 R6 #185 (Nick Niemann),1,0,0,1,0,1,0,1,0.0,16.29214802288608,-1,1,1,16.29214802288608,,185.0,,6
1533,2020,2020-11-02,TEN,2,player_for_draft_capital_or_mixed,LAC,conditional 2021 R6 #185 (Nick Niemann),Desmond King,0,1,1,0,1,0,1,0,16.29214802288608,0.0,1,-1,-1,-16.29214802288608,185.0,,6,
1534,2020,2020-11-02,NO,2,player_for_draft_capital_or_mixed,SF,conditional 2021 R5 #172 (Deommodore Lenoir) | Kiko Alonso,Kwon Alexer,1,1,1,0,1,0,1,0,21.590951555711165,0.0,0,-1,-1,-21.590951555711165,172.0,,5,
1534,2020,2020-11-02,SF,2,player_for_draft_capital_or_mixed,NO,Kwon Alexer,conditional 2021 R5 #172 (Deommodore Lenoir) | Kiko Alonso,1,1,0,1,0,1,0,1,0.0,21.590951555711165,0,1,1,21.590951555711165,,172.0,,5
1535,2020,2020-11-03,KC,2,player_for_draft_capital_or_mixed,MIA,conditional 2021 R7 #258 (Dax Milne) | DeAndre Washington,conditional 2021 R6 #207 (Jonathan Marshall),1,0,1,1,1,1,1,1,0.8521437889662113,7.782088042705171,-1,0,0,6.9299442537389595,258.0,207.0,7,6
1535,2020,2020-11-03,MIA,2,player_for_draft_capital_or_mixed,KC,conditional 2021 R6 #207 (Jonathan Marshall),conditional 2021 R7 #258 (Dax Milne) | DeAndre Washington,0,1,1,1,1,1,1,1,7.782088042705171,0.8521437889662113,1,0,0,-6.9299442537389595,207.0,258.0,6,7
1536,2020,2020-11-03,MIA,2,player_for_draft_capital_or_mixed,NE,Isaiah Ford,2022 R6,1,0,0,1,0,0,0,0,0.0,0.0,-1,1,0,0.0,,,,6
1536,2020,2020-11-03,NE,2,player_for_draft_capital_or_mixed,MIA,2022 R6,Isaiah Ford,0,1,1,0,0,0,0,0,0.0,0.0,1,-1,0,0.0,,,6,
1538,2021,2021-03-17,IND,2,player_for_draft_capital_or_mixed,PHI,2021 R3 #84 (Chauncey Golston) | conditional 2022 R1 #16,Carson Wentz,0,1,2,0,2,0,1,0,1159.2383448574924,0.0,1,-2,-2,-1159.2383448574924,16.0,,1 | 3,
1538,2021,2021-03-17,PHI,2,player_for_draft_capital_or_mixed,IND,Carson Wentz,2021 R3 #84 (Chauncey Golston) | conditional 2022 R1 #16,1,0,0,2,0,2,0,1,0.0,1159.2383448574924,-1,2,2,1159.2383448574924,,16.0,,1 | 3
1539,2021,2021-03-17,MIA,2,player_for_draft_capital_or_mixed,TEN,2021 R7 #232 (Phil Hoskins),2022 R7 #247 | Isaiah Wilson,0,1,1,1,1,1,0,0,2.82842712474619,1.4768261459394991,1,0,0,-1.3516009788066907,232.0,247.0,7,7
1539,2021,2021-03-17,TEN,2,player_for_draft_capital_or_mixed,MIA,2022 R7 #247 | Isaiah Wilson,2021 R7 #232 (Phil Hoskins),1,0,1,1,1,1,0,0,1.4768261459394991,2.82842712474619,-1,0,0,1.3516009788066907,247.0,232.0,7,7
1540,2021,2021-03-17,LV,2,player_for_draft_capital_or_mixed,NE,2022 R7 #243 | Trent Brown,2022 R5 #164,1,0,1,1,1,1,0,0,1.7562521603732995,25.676113209730797,-1,0,0,23.919861049357497,243.0,164.0,7,5
1540,2021,2021-03-17,NE,2,player_for_draft_capital_or_mixed,LV,2022 R5 #164,2022 R7 #243 | Trent Brown,0,1,1,1,1,1,0,0,25.676113209730797,1.7562521603732995,1,0,0,-23.919861049357497,164.0,243.0,5,7
1541,2021,2021-03-17,HOU,2,player_for_draft_capital_or_mixed,MIA,2021 R7 #231 (Larnel Coleman) | Benardrick McKinney,2021 R6 #203 (Marquez Stevenson),1,0,1,1,1,1,0,0,2.9536522918789987,9.101325472139058,-1,0,0,6.147673180260059,231.0,203.0,7,6
1541,2021,2021-03-17,MIA,2,player_for_draft_capital_or_mixed,HOU,2021 R6 #203 (Marquez Stevenson),2021 R7 #231 (Larnel Coleman) | Benardrick McKinney,0,1,1,1,1,1,0,0,9.101325472139058,2.9536522918789987,1,0,0,-6.147673180260059,203.0,231.0,6,7
1542,2021,2021-03-17,HOU,2,player_for_draft_capital_or_mixed,NE,2021 R4 #122 (Tyler Shelvin) | 2021 R6 #188 (Joshuah Bledsoe),2021 R5 #158 (Daviyon Nixon) | 2021 R6 #195 (Roy Lopez) | Marcus Cannon,0,1,2,2,2,2,0,0,67.06105347962911,41.20953019896735,1,0,0,-25.85152328066176,122.0,158.0,4 | 6,5 | 6
1542,2021,2021-03-17,NE,2,player_for_draft_capital_or_mixed,HOU,2021 R5 #158 (Daviyon Nixon) | 2021 R6 #195 (Roy Lopez) | Marcus Cannon,2021 R4 #122 (Tyler Shelvin) | 2021 R6 #188 (Joshuah Bledsoe),1,0,2,2,2,2,0,0,41.20953019896735,67.06105347962911,-1,0,0,25.85152328066176,158.0,122.0,5 | 6,4 | 6
1543,2021,2021-03-17,DET,2,player_for_draft_capital_or_mixed,LA,2023 R7 #235,Michael Brockers,0,1,1,0,1,0,0,0,2.483715624146968,0.0,1,-1,-1,-2.483715624146968,235.0,,7,
1543,2021,2021-03-17,LA,2,player_for_draft_capital_or_mixed,DET,Michael Brockers,2023 R7 #235,1,0,0,1,0,1,0,0,0.0,2.483715624146968,-1,1,1,2.483715624146968,,235.0,,7
1544,2021,2021-03-17,JAX,2,player_for_draft_capital_or_mixed,NO,2021 R7 #229 (Mike Strachan),Malcom Brown,0,1,1,0,1,0,0,0,3.2209806638985086,0.0,1,-1,-1,-3.2209806638985086,229.0,,7,
1544,2021,2021-03-17,NO,2,player_for_draft_capital_or_mixed,JAX,Malcom Brown,2021 R7 #229 (Mike Strachan),1,0,0,1,0,1,0,0,0.0,3.2209806638985086,-1,1,1,3.2209806638985086,,229.0,,7
1545,2021,2021-03-17,ATL,2,player_for_draft_capital_or_mixed,BUF,conditional 2022 R7 #231,Lee Smith,0,1,1,0,1,0,1,0,2.9536522918789987,0.0,1,-1,-1,-2.9536522918789987,231.0,,7,
1545,2021,2021-03-17,BUF,2,player_for_draft_capital_or_mixed,ATL,Lee Smith,conditional 2022 R7 #231,1,0,0,1,0,1,0,1,0.0,2.9536522918789987,-1,1,1,2.9536522918789987,,231.0,,7
1546,2021,2021-03-17,ARI,2,player_for_draft_capital_or_mixed,LV,2021 R3 #79 (Malcolm Koonce),2021 R7 #247 (Michal Menet) | Rodney Hudson,0,1,1,1,1,1,0,0,181.70910201648016,1.4768261459394991,1,0,0,-180.23227587054066,79.0,247.0,3,7
1546,2021,2021-03-17,LV,2,player_for_draft_capital_or_mixed,ARI,2021 R7 #247 (Michal Menet) | Rodney Hudson,2021 R3 #79 (Malcolm Koonce),1,0,1,1,1,1,0,0,1.4768261459394991,181.70910201648016,-1,0,0,180.23227587054066,247.0,79.0,7,3
1537,2021,2021-03-18,DET,2,player_for_draft_capital_or_mixed,LA,Matthew Stafford,2021 R3 #101 (Ifeatu Melifonwu) | 2022 R1 #32 | 2023 R1 #6 | Jared Goff,1,1,0,3,0,3,0,0,0.0,2289.3381058172354,0,3,3,2289.3381058172354,,6.0,,1 | 3
1537,2021,2021-03-18,LA,2,player_for_draft_capital_or_mixed,DET,2021 R3 #101 (Ifeatu Melifonwu) | 2022 R1 #32 | 2023 R1 #6 | Jared Goff,Matthew Stafford,1,1,3,0,3,0,0,0,2289.3381058172354,0.0,0,-3,-3,-2289.3381058172354,6.0,,1 | 3,
1547,2021,2021-03-18,BAL,2,player_for_draft_capital_or_mixed,LV,conditional 2022 R7,Josh Oliver,0,1,1,0,0,0,1,0,0.0,0.0,1,-1,0,0.0,,,7,
1547,2021,2021-03-18,LV,2,player_for_draft_capital_or_mixed,BAL,Josh Oliver,conditional 2022 R7,1,0,0,1,0,0,0,1,0.0,0.0,-1,1,0,0.0,,,,7
1548,2021,2021-03-18,LV,2,player_for_draft_capital_or_mixed,SEA,Gabe Jackson,2021 R5 #167 (Nate Hobbs),1,0,0,1,0,1,0,0,0.0,24.060670173714687,-1,1,1,24.060670173714687,,167.0,,5
1548,2021,2021-03-18,SEA,2,player_for_draft_capital_or_mixed,LV,2021 R5 #167 (Nate Hobbs),Gabe Jackson,0,1,1,0,1,0,0,0,24.060670173714687,0.0,1,-1,-1,-24.060670173714687,167.0,,5,
1549,2021,2021-03-18,HOU,2,player_for_draft_capital_or_mixed,NE,2022 R7 #224,Ryan Izzo,0,1,1,0,1,0,0,0,4.0,0.0,1,-1,-1,-4.0,224.0,,7,
1549,2021,2021-03-18,NE,2,player_for_draft_capital_or_mixed,HOU,Ryan Izzo,2022 R7 #224,1,0,0,1,0,1,0,0,0.0,4.0,-1,1,1,4.0,,224.0,,7
1550,2021,2021-03-19,CIN,2,player_for_draft_capital_or_mixed,HOU,2021 R7 #233 (Jake Funk) | Ryan Finley,2021 R6 #202 (Chris Evans),1,0,1,1,1,1,0,0,2.7085110938737853,9.464698235047209,-1,0,0,6.756187141173424,233.0,202.0,7,6
1550,2021,2021-03-19,HOU,2,player_for_draft_capital_or_mixed,CIN,2021 R6 #202 (Chris Evans),2021 R7 #233 (Jake Funk) | Ryan Finley,0,1,1,1,1,1,0,0,9.464698235047209,2.7085110938737853,1,0,0,-6.756187141173424,202.0,233.0,6,7
1551,2021,2021-03-25,ARI,2,player_for_draft_capital_or_mixed,MIN,Mason Cole,2021 R6 #223 (Tay Gowan),1,0,0,1,0,1,0,0,0.0,4.159701029930424,-1,1,1,4.159701029930424,,223.0,,6
1551,2021,2021-03-25,MIN,2,player_for_draft_capital_or_mixed,ARI,2021 R6 #223 (Tay Gowan),Mason Cole,0,1,1,0,1,0,0,0,4.159701029930424,0.0,1,-1,-1,-4.159701029930424,223.0,,6,
1552,2021,2021-03-26,MIA,2,pick_only,SF,2021 R1 #3 (Trey Lance),2021 R1 #12 (Micah Parsons) | 2022 R1 #29 | 2022 R3 #102 | 2023 R1 #29,0,0,1,4,1,4,0,0,2200.0,2576.304693117892,0,3,3,376.30469311789193,3.0,12.0,1,1 | 3
1552,2021,2021-03-26,SF,2,pick_only,MIA,2021 R1 #12 (Micah Parsons) | 2022 R1 #29 | 2022 R3 #102 | 2023 R1 #29,2021 R1 #3 (Trey Lance),0,0,4,1,4,1,0,0,2576.304693117892,2200.0,0,-3,-3,-376.30469311789193,12.0,3.0,1 | 3,1
1553,2021,2021-03-26,MIA,2,pick_only,PHI,2021 R1 #12 (Micah Parsons) | 2021 R4 #123 (Zech McPhearson) | 2022 R1 #15,2021 R1 #6 (Jaylen Waddle) | 2021 R5 #156 (Isaiahh Loudermilk),0,0,3,2,3,2,0,0,2300.2123526411615,1629.5424721217594,0,-1,-1,-670.6698805194021,12.0,6.0,1 | 4,1 | 5
1553,2021,2021-03-26,PHI,2,pick_only,MIA,2021 R1 #6 (Jaylen Waddle) | 2021 R5 #156 (Isaiahh Loudermilk),2021 R1 #12 (Micah Parsons) | 2021 R4 #123 (Zech McPhearson) | 2022 R1 #15,0,0,2,3,2,3,0,0,1629.5424721217594,2300.2123526411615,0,1,1,670.6698805194021,6.0,12.0,1 | 5,1 | 4
1554,2021,2021-04-05,CAR,2,player_for_draft_capital_or_mixed,NYJ,2021 R6 #226 (Trey Smith) | 2022 R2 #38 | 2022 R4 #111,Sam Darnold,0,1,3,0,3,0,0,0,586.0814598192999,0.0,1,-3,-3,-586.0814598192999,38.0,,2 | 4 | 6,
1554,2021,2021-04-05,NYJ,2,player_for_draft_capital_or_mixed,CAR,Sam Darnold,2021 R6 #226 (Trey Smith) | 2022 R2 #38 | 2022 R4 #111,1,0,0,3,0,3,0,0,0.0,586.0814598192999,-1,3,3,586.0814598192999,,38.0,,2 | 4 | 6
1556,2021,2021-04-22,MIA,2,player_for_draft_capital_or_mixed,WAS,2021 R7 #258 (Dax Milne) | Ereck Flowers,2021 R7 #244 (Gerrid Doaks),1,0,1,1,1,1,0,0,0.8521437889662113,1.681792830507429,-1,0,0,0.8296490415412177,258.0,244.0,7,7
1556,2021,2021-04-22,WAS,2,player_for_draft_capital_or_mixed,MIA,2021 R7 #244 (Gerrid Doaks),2021 R7 #258 (Dax Milne) | Ereck Flowers,0,1,1,1,1,1,0,0,1.681792830507429,0.8521437889662113,1,0,0,-0.8296490415412177,244.0,258.0,7,7
1555,2021,2021-04-23,BAL,2,player_for_draft_capital_or_mixed,KC,2021 R2 #58 (Nick Bolton) | 2022 R6 #191 | Orlando Brown Jr.,2021 R1 #31 (Jayson Oweh) | 2021 R3 #94 (Ben Cleveland) | 2021 R4 #136 (Marco Wilson) | 2022 R5 #173,1,0,2,4,2,4,0,0,326.9273172125636,782.0449117347432,-1,2,2,455.1175945221796,58.0,31.0,2 | 6,1 | 3 | 4 | 5
1555,2021,2021-04-23,KC,2,player_for_draft_capital_or_mixed,BAL,2021 R1 #31 (Jayson Oweh) | 2021 R3 #94 (Ben Cleveland) | 2021 R4 #136 (Marco Wilson) | 2022 R5 #173,2021 R2 #58 (Nick Bolton) | 2022 R6 #191 | Orlando Brown Jr.,0,1,4,2,4,2,0,0,782.0449117347432,326.9273172125636,1,-2,-2,-455.1175945221796,31.0,58.0,1 | 3 | 4 | 5,2 | 6
1557,2021,2021-04-28,CAR,2,player_for_draft_capital_or_mixed,DEN,Teddy Bridgewater,2021 R6 #191 (Tarron Jackson),1,0,0,1,0,1,0,0,0.0,14.306560081157631,-1,1,1,14.306560081157631,,191.0,,6
1557,2021,2021-04-28,DEN,2,player_for_draft_capital_or_mixed,CAR,2021 R6 #191 (Tarron Jackson),Teddy Bridgewater,0,1,1,0,1,0,0,0,14.306560081157631,0.0,1,-1,-1,-14.306560081157631,191.0,,6,
1558,2021,2021-04-29,DAL,2,pick_only,PHI,2021 R1 #10 (DeVonta Smith),2021 R1 #12 (Micah Parsons) | 2021 R3 #84 (Chauncey Golston),0,0,1,2,1,2,0,0,1300.0,1359.2383448574924,0,1,1,59.23834485749239,10.0,12.0,1,1 | 3
1558,2021,2021-04-29,PHI,2,pick_only,DAL,2021 R1 #12 (Micah Parsons) | 2021 R3 #84 (Chauncey Golston),2021 R1 #10 (DeVonta Smith),0,0,2,1,2,1,0,0,1359.2383448574924,1300.0,0,-1,-1,-59.23834485749239,12.0,10.0,1 | 3,1
1559,2021,2021-04-29,CHI,2,pick_only,NYG,2021 R1 #20 (Kadarius Toney) | 2021 R5 #164 (Jamar Johnson) | 2022 R1 #7 | 2022 R4 #112,2021 R1 #11 (Justin Fields),0,0,4,1,4,1,0,0,2446.3018875417692,1250.0,0,-3,-3,-1196.3018875417692,7.0,11.0,1 | 4 | 5,1
1559,2021,2021-04-29,NYG,2,pick_only,CHI,2021 R1 #11 (Justin Fields),2021 R1 #20 (Kadarius Toney) | 2021 R5 #164 (Jamar Johnson) | 2022 R1 #7 | 2022 R4 #112,0,0,1,4,1,4,0,0,1250.0,2446.3018875417692,0,3,3,1196.3018875417692,11.0,7.0,1,1 | 4 | 5
1560,2021,2021-04-29,MIN,2,pick_only,NYJ,2021 R1 #14 (Alijah Vera-Tucker) | 2021 R4 #143 (Tyree Gillespie),2021 R1 #23 (Christian Darrisaw) | 2021 R3 #66 (Kellen Mond) | 2021 R3 #86 (Wyatt Davis),0,0,2,3,2,3,0,0,1135.1670099427938,1167.161682791789,0,1,1,31.99467284899515,14.0,23.0,1 | 4,1 | 3
1560,2021,2021-04-29,NYJ,2,pick_only,MIN,2021 R1 #23 (Christian Darrisaw) | 2021 R3 #66 (Kellen Mond) | 2021 R3 #86 (Wyatt Davis),2021 R1 #14 (Alijah Vera-Tucker) | 2021 R4 #143 (Tyree Gillespie),0,0,3,2,3,2,0,0,1167.161682791789,1135.1670099427938,0,-1,-1,-31.99467284899515,23.0,14.0,1 | 3,1 | 4
1562,2021,2021-04-30,ATL,2,pick_only,DEN,2021 R2 #35 (Javonte Williams) | 2021 R6 #219 (Seth Williams),2021 R2 #40 (Richie Grant) | 2021 R4 #114 (Drew Dalman),0,0,2,2,2,2,0,0,553.1733756918452,551.6444345480369,0,0,0,-1.5289411438083107,35.0,40.0,2 | 6,2 | 4
1562,2021,2021-04-30,DEN,2,pick_only,ATL,2021 R2 #40 (Richie Grant) | 2021 R4 #114 (Drew Dalman),2021 R2 #35 (Javonte Williams) | 2021 R6 #219 (Seth Williams),0,0,2,2,2,2,0,0,551.6444345480369,553.1733756918452,0,0,0,1.5289411438083107,40.0,35.0,2 | 4,2 | 6
1563,2021,2021-04-30,CIN,2,pick_only,NE,2021 R2 #38 (Christian Barmore),2021 R2 #46 (Jackson Carman) | 2021 R4 #122 (Tyler Shelvin) | 2021 R4 #139 (D'Ante Smith),0,0,1,3,1,3,0,0,509.56309319230627,508.0061998412294,0,2,2,-1.5568933510768943,38.0,46.0,2,2 | 4
1563,2021,2021-04-30,NE,2,pick_only,CIN,2021 R2 #46 (Jackson Carman) | 2021 R4 #122 (Tyler Shelvin) | 2021 R4 #139 (D'Ante Smith),2021 R2 #38 (Christian Barmore),0,0,3,1,3,1,0,0,508.0061998412294,509.56309319230627,0,-2,-2,1.5568933510768943,46.0,38.0,2 | 4,2
1564,2021,2021-04-30,CAR,2,pick_only,CHI,2021 R2 #39 (Teven Jenkins) | 2021 R5 #151 (Larry Borom),2021 R2 #52 (Jeremiah Owusu-Koramoah) | 2021 R3 #83 (Tommy Tremble) | 2021 R6 #204 (Shi Smith),0,0,2,3,2,3,0,0,528.8568167945967,534.2196851092799,0,1,1,5.362868314683169,39.0,52.0,2 | 5,2 | 3 | 6
1564,2021,2021-04-30,CHI,2,pick_only,CAR,2021 R2 #52 (Jeremiah Owusu-Koramoah) | 2021 R3 #83 (Tommy Tremble) | 2021 R6 #204 (Shi Smith),2021 R2 #39 (Teven Jenkins) | 2021 R5 #151 (Larry Borom),0,0,3,2,3,2,0,0,534.2196851092799,528.8568167945967,0,-1,-1,-5.362868314683169,52.0,39.0,2 | 3 | 6,2 | 5
1565,2021,2021-04-30,MIA,2,pick_only,NYG,2021 R2 #50 (Azeez Ojulari) | 2022 R3 #81,2021 R2 #42 (Liam Eichenberg),0,0,2,1,2,1,0,0,552.4564083550547,462.1276290591479,0,-1,-1,-90.32877929590677,50.0,42.0,2 | 3,2
1565,2021,2021-04-30,NYG,2,pick_only,MIA,2021 R2 #42 (Liam Eichenberg),2021 R2 #50 (Azeez Ojulari) | 2022 R3 #81,0,0,1,2,1,2,0,0,462.1276290591479,552.4564083550547,0,1,1,90.32877929590677,42.0,50.0,2,2 | 3
1566,2021,2021-04-30,LV,2,pick_only,SF,2021 R2 #48 (Aaron Banks) | 2021 R4 #121 (Jordan Smith),2021 R2 #43 (Trevon Moehrig) | 2021 R7 #230 (Jimmy Morrissey),0,0,2,2,2,2,0,0,452.54939579886195,454.059898625868,0,0,0,1.5105028270060643,48.0,43.0,2 | 4,2 | 7
1566,2021,2021-04-30,SF,2,pick_only,LV,2021 R2 #43 (Trevon Moehrig) | 2021 R7 #230 (Jimmy Morrissey),2021 R2 #48 (Aaron Banks) | 2021 R4 #121 (Jordan Smith),0,0,2,2,2,2,0,0,454.059898625868,452.54939579886195,0,0,0,-1.5105028270060643,43.0,48.0,2 | 7,2 | 4
1567,2021,2021-04-30,CAR,2,pick_only,CLE,2021 R2 #52 (Jeremiah Owusu-Koramoah) | 2021 R4 #113 (Derrick Barnes),2021 R2 #59 (Terrace Marshall Jr.) | 2021 R3 #89 (Nico Collins),0,0,2,2,2,2,0,0,430.4385276305936,444.62293030989656,0,0,0,14.184402679302934,52.0,59.0,2 | 4,2 | 3
1567,2021,2021-04-30,CLE,2,pick_only,CAR,2021 R2 #59 (Terrace Marshall Jr.) | 2021 R3 #89 (Nico Collins),2021 R2 #52 (Jeremiah Owusu-Koramoah) | 2021 R4 #113 (Derrick Barnes),0,0,2,2,2,2,0,0,444.62293030989656,430.4385276305936,0,0,0,-14.184402679302934,59.0,52.0,2 | 3,2 | 4
1568,2021,2021-04-30,CAR,2,pick_only,PHI,2021 R3 #73 (Milton Williams) | 2021 R6 #191 (Tarron Jackson),2021 R3 #70 (Brady Christensen),0,0,2,1,2,1,0,0,227.2045274024171,230.4458711454806,0,-1,-1,3.2413437430634815,73.0,70.0,3 | 6,3
1568,2021,2021-04-30,PHI,2,pick_only,CAR,2021 R3 #70 (Brady Christensen),2021 R3 #73 (Milton Williams) | 2021 R6 #191 (Tarron Jackson),0,0,1,2,1,2,0,0,230.4458711454806,227.2045274024171,0,1,1,-3.2413437430634815,70.0,73.0,3,3 | 6
1569,2021,2021-04-30,DEN,2,pick_only,NYG,2021 R3 #71 (Aaron Robinson),2021 R3 #76 (Paulson Adebo) | 2021 R5 #164 (Jamar Johnson),0,0,1,2,1,2,0,0,224.44148105958462,222.3624077578767,0,1,1,-2.079073301707922,71.0,76.0,3,3 | 5
1569,2021,2021-04-30,NYG,2,pick_only,DEN,2021 R3 #76 (Paulson Adebo) | 2021 R5 #164 (Jamar Johnson),2021 R3 #71 (Aaron Robinson),0,0,2,1,2,1,0,0,222.3624077578767,224.44148105958462,0,-1,-1,2.079073301707922,76.0,71.0,3 | 5,3
1570,2021,2021-04-30,DEN,2,pick_only,NO,2021 R3 #76 (Paulson Adebo),2021 R3 #98 (Quinn Meinerz) | 2021 R3 #105 (Baron Browning),0,0,1,2,1,2,0,0,196.6862945481459,196.77275828254716,0,1,1,0.08646373440126354,76.0,98.0,3,3
1570,2021,2021-04-30,NO,2,pick_only,DEN,2021 R3 #98 (Quinn Meinerz) | 2021 R3 #105 (Baron Browning),2021 R3 #76 (Paulson Adebo),0,0,2,1,2,1,0,0,196.77275828254716,196.6862945481459,0,-1,-1,-0.08646373440126354,98.0,76.0,3,3
1571,2021,2021-04-30,GB,2,pick_only,TEN,2021 R3 #92 (Monty Rice) | 2021 R4 #135 (Rashad Weaver),2021 R3 #85 (Amari Rodgers),0,0,2,1,2,1,0,0,168.06858424513183,155.0893048490769,0,-1,-1,-12.97927939605492,92.0,85.0,3 | 4,3
1571,2021,2021-04-30,TEN,2,pick_only,GB,2021 R3 #85 (Amari Rodgers),2021 R3 #92 (Monty Rice) | 2021 R4 #135 (Rashad Weaver),0,0,1,2,1,2,0,0,155.0893048490769,168.06858424513183,0,1,1,12.97927939605492,85.0,92.0,3,3 | 4
1572,2021,2021-04-30,LA,2,pick_only,SF,2021 R3 #88 (Trey Sermon),2021 R4 #117 (Bobby Brown III) | 2021 R4 #121 (Jordan Smith),0,0,1,2,1,2,0,0,143.2796239373333,113.90665358470623,0,1,1,-29.372970352627064,88.0,117.0,3,4
1572,2021,2021-04-30,SF,2,pick_only,LA,2021 R4 #117 (Bobby Brown III) | 2021 R4 #121 (Jordan Smith),2021 R3 #88 (Trey Sermon),0,0,2,1,2,1,0,0,113.90665358470623,143.2796239373333,0,-1,-1,29.372970352627064,117.0,88.0,4,3
1573,2021,2021-04-30,CAR,2,pick_only,HOU,2021 R3 #89 (Nico Collins),2021 R4 #109 (Dez Fitzpatrick) | 2021 R5 #158 (Daviyon Nixon) | 2022 R4 #137,0,0,1,3,1,3,0,0,139.54639691441523,144.38542308990958,0,2,2,4.839026175494354,89.0,109.0,3,4 | 5
1573,2021,2021-04-30,HOU,2,pick_only,CAR,2021 R4 #109 (Dez Fitzpatrick) | 2021 R5 #158 (Daviyon Nixon) | 2022 R4 #137,2021 R3 #89 (Nico Collins),0,0,3,1,3,1,0,0,144.38542308990958,139.54639691441523,0,-2,-2,-4.839026175494354,109.0,89.0,4 | 5,3
1574,2021,2021-05-01,CAR,2,pick_only,TEN,2021 R4 #109 (Dez Fitzpatrick),2021 R4 #126 (Chuba Hubbard) | 2021 R5 #166 (Keith Taylor) | 2021 R7 #232 (Phil Hoskins),0,0,1,3,1,3,0,0,77.5119193788194,73.16745358804211,0,2,2,-4.344465790777292,109.0,126.0,4,4 | 5 | 7
1574,2021,2021-05-01,TEN,2,pick_only,CAR,2021 R4 #126 (Chuba Hubbard) | 2021 R5 #166 (Keith Taylor) | 2021 R7 #232 (Phil Hoskins),2021 R4 #109 (Dez Fitzpatrick),0,0,3,1,3,1,0,0,73.16745358804211,77.5119193788194,0,-2,-2,4.344465790777292,126.0,109.0,4 | 5 | 7,4
1575,2021,2021-05-01,CLE,2,pick_only,DET,2021 R4 #113 (Derrick Barnes) | 2021 R7 #257 (Jermar Jefferson),2021 R5 #153 (Tony Fields II) | 2022 R4 #107,0,0,2,2,2,2,0,0,69.39224475693025,113.22661159819505,0,0,0,43.834366841264796,113.0,107.0,4 | 7,4 | 5
1575,2021,2021-05-01,DET,2,pick_only,CLE,2021 R5 #153 (Tony Fields II) | 2022 R4 #107,2021 R4 #113 (Derrick Barnes) | 2021 R7 #257 (Jermar Jefferson),0,0,2,2,2,2,0,0,113.22661159819505,69.39224475693025,0,0,0,-43.834366841264796,107.0,113.0,4 | 5,4 | 7
1576,2021,2021-05-01,JAX,2,pick_only,LA,2021 R4 #130 (Robert Rochell) | 2021 R5 #170 (Garret Wallow) | 2021 R7 #249 (Ben Skowronek),2021 R4 #121 (Jordan Smith) | 2021 R6 #209 (Jalen Camp),0,0,3,2,3,2,0,0,65.76351353827128,60.62136706552344,0,-1,-1,-5.1421464727478465,130.0,121.0,4 | 5 | 7,4 | 6
1576,2021,2021-05-01,LA,2,pick_only,JAX,2021 R4 #121 (Jordan Smith) | 2021 R6 #209 (Jalen Camp),2021 R4 #130 (Robert Rochell) | 2021 R5 #170 (Garret Wallow) | 2021 R7 #249 (Ben Skowronek),0,0,2,3,2,3,0,0,60.62136706552344,65.76351353827128,0,1,1,5.1421464727478465,121.0,130.0,4 | 6,4 | 5 | 7
1577,2021,2021-05-01,SEA,2,pick_only,TB,2021 R4 #129 (Jaelon Darden),2021 R4 #137 (Tre Brown) | 2021 R6 #217 (Khalil Herbert),0,0,1,2,1,2,0,0,42.427384008372805,43.37368594857742,0,1,1,0.9463019402046129,129.0,137.0,4,4 | 6
1577,2021,2021-05-01,TB,2,pick_only,SEA,2021 R4 #137 (Tre Brown) | 2021 R6 #217 (Khalil Herbert),2021 R4 #129 (Jaelon Darden),0,0,2,1,2,1,0,0,43.37368594857742,42.427384008372805,0,-1,-1,-0.9463019402046129,137.0,129.0,4 | 6,4
1578,2021,2021-05-01,ARI,2,pick_only,BAL,2021 R5 #160 (Shaun Wade) | 2022 R4 #128,2021 R4 #136 (Marco Wilson) | 2021 R6 #210 (Victor Dimukeje),0,0,2,2,2,2,0,0,71.0,45.54672817639312,0,0,0,-25.453271823606883,128.0,136.0,4 | 5,4 | 6
1578,2021,2021-05-01,BAL,2,pick_only,ARI,2021 R4 #136 (Marco Wilson) | 2021 R6 #210 (Victor Dimukeje),2021 R5 #160 (Shaun Wade) | 2022 R4 #128,0,0,2,2,2,2,0,0,45.54672817639312,71.0,0,0,0,25.453271823606883,136.0,128.0,4 | 6,4 | 5
1579,2021,2021-05-01,LV,2,pick_only,NYJ,2021 R5 #162 (Noah Gray) | 2021 R6 #200 (Brandin Echols),2021 R4 #143 (Tyree Gillespie),0,0,2,1,2,1,0,0,37.048438099486404,35.167009942793925,0,-1,-1,-1.881428156692479,162.0,143.0,5 | 6,4
1579,2021,2021-05-01,NYJ,2,pick_only,LV,2021 R4 #143 (Tyree Gillespie),2021 R5 #162 (Noah Gray) | 2021 R6 #200 (Brandin Echols),0,0,1,2,1,2,0,0,35.167009942793925,37.048438099486404,0,1,1,1.881428156692479,143.0,162.0,4,5 | 6
1580,2021,2021-05-01,MIA,2,pick_only,PIT,2021 R5 #156 (Isaiahh Loudermilk),2022 R4 #125,0,0,1,1,1,1,0,0,29.54247212175932,47.192580397341786,0,0,0,17.650108275582465,156.0,125.0,5,4
1580,2021,2021-05-01,PIT,2,pick_only,MIA,2022 R4 #125,2021 R5 #156 (Isaiahh Loudermilk),0,0,1,1,1,1,0,0,47.192580397341786,29.54247212175932,0,0,0,-17.650108275582465,125.0,156.0,4,5
1581,2021,2021-05-01,BUF,2,pick_only,HOU,2021 R5 #174 (Earnest Brown IV),2021 R6 #203 (Marquez Stevenson) | 2021 R6 #212 (Damar Hamlin),0,0,1,2,1,2,0,0,20.67556604315299,15.499933520746612,0,1,1,-5.175632522406378,174.0,203.0,5,6
1581,2021,2021-05-01,HOU,2,pick_only,BUF,2021 R6 #203 (Marquez Stevenson) | 2021 R6 #212 (Damar Hamlin),2021 R5 #174 (Earnest Brown IV),0,0,2,1,2,1,0,0,15.499933520746612,20.67556604315299,0,-1,-1,5.175632522406378,203.0,174.0,6,5
1582,2021,2021-05-01,KC,2,pick_only,NYJ,2021 R5 #175 (Jason Pinnock) | 2021 R6 #207 (Jonathan Marshall),2021 R5 #162 (Noah Gray) | 2021 R6 #226 (Trey Smith),0,0,2,2,2,2,0,0,28.014619340383824,30.480908032378743,0,0,0,2.4662886919949187,175.0,162.0,5 | 6,5 | 6
1582,2021,2021-05-01,NYJ,2,pick_only,KC,2021 R5 #162 (Noah Gray) | 2021 R6 #226 (Trey Smith),2021 R5 #175 (Jason Pinnock) | 2021 R6 #207 (Jonathan Marshall),0,0,2,2,2,2,0,0,30.480908032378743,28.014619340383824,0,0,0,-2.4662886919949187,162.0,175.0,5 | 6,5 | 6
1583,2021,2021-05-01,HOU,2,pick_only,LA,2021 R5 #174 (Earnest Brown IV) | 2021 R6 #233 (Jake Funk),2021 R5 #170 (Garret Wallow),0,0,2,1,2,1,0,0,23.384077137026775,22.546864647289553,0,-1,-1,-0.8372124897372224,174.0,170.0,5 | 6,5
1583,2021,2021-05-01,LA,2,pick_only,HOU,2021 R5 #170 (Garret Wallow),2021 R5 #174 (Earnest Brown IV) | 2021 R6 #233 (Jake Funk),0,0,1,2,1,2,0,0,22.546864647289553,23.384077137026775,0,1,1,0.8372124897372224,170.0,174.0,5,5 | 6
1584,2021,2021-05-01,IND,2,pick_only,NO,2021 R6 #206 (Landon Young),2021 R6 #218 (Sam Ehlinger) | 2021 R7 #229 (Mike Strachan),0,0,1,2,1,2,0,0,8.092789911562482,8.280074673148604,0,1,1,0.18728476158612217,206.0,218.0,6,6 | 7
1584,2021,2021-05-01,NO,2,pick_only,IND,2021 R6 #218 (Sam Ehlinger) | 2021 R7 #229 (Mike Strachan),2021 R6 #206 (Landon Young),0,0,2,1,2,1,0,0,8.280074673148604,8.092789911562482,0,-1,-1,-0.18728476158612217,218.0,206.0,6 | 7,6
1585,2021,2021-05-01,CHI,2,pick_only,SEA,2021 R6 #208 (Stone Forsythe),2021 R6 #217 (Khalil Herbert) | 2021 R7 #250 (Khyiris Tonga),0,0,1,2,1,2,0,0,7.483314773547881,6.557919194849126,0,1,1,-0.9253955786987547,208.0,217.0,6,6 | 7
1585,2021,2021-05-01,SEA,2,pick_only,CHI,2021 R6 #217 (Khalil Herbert) | 2021 R7 #250 (Khyiris Tonga),2021 R6 #208 (Stone Forsythe),0,0,2,1,2,1,0,0,6.557919194849126,7.483314773547881,0,-1,-1,0.9253955786987547,217.0,208.0,6 | 7,6
1586,2021,2021-05-01,PHI,2,pick_only,WAS,2021 R6 #225 (Camaron Cheeseman) | 2021 R7 #240 (William Bradley-King),2022 R5 #154,0,0,2,1,2,1,0,0,5.830413122794295,30.345286061298786,0,-1,-1,24.514872938504492,225.0,154.0,6 | 7,5
1586,2021,2021-05-01,WAS,2,pick_only,PHI,2022 R5 #154,2021 R6 #225 (Camaron Cheeseman) | 2021 R7 #240 (William Bradley-King),0,0,1,2,1,2,0,0,30.345286061298786,5.830413122794295,0,1,1,-24.514872938504492,154.0,225.0,5,6 | 7
1561,2021,2021-05-13,KC,2,player_for_draft_capital_or_mixed,MIN,2022 R6 #191,2022 R7 #233 | Mike Hughes,0,1,1,1,1,1,0,0,14.306560081157631,2.7085110938737853,1,0,0,-11.598048987283846,191.0,233.0,6,7
1561,2021,2021-05-13,MIN,2,player_for_draft_capital_or_mixed,KC,2022 R7 #233 | Mike Hughes,2022 R6 #191,1,0,1,1,1,1,0,0,2.7085110938737853,14.306560081157631,-1,0,0,11.598048987283846,233.0,191.0,7,6
1589,2021,2021-05-18,JAX,2,player_for_draft_capital_or_mixed,PHI,Josiah Scott,2023 R6 #208 | Jameson Houston,1,1,0,1,0,1,0,0,0.0,7.483314773547881,0,1,1,7.483314773547881,,208.0,,6
1589,2021,2021-05-18,PHI,2,player_for_draft_capital_or_mixed,JAX,2023 R6 #208 | Jameson Houston,Josiah Scott,1,1,1,0,1,0,0,0,7.483314773547881,0.0,0,-1,-1,-7.483314773547881,208.0,,6,
1590,2021,2021-06-09,ATL,2,player_for_draft_capital_or_mixed,TEN,2023 R6 #186 | Julio Jones,2022 R2 #58 | conditional 2023 R4 #110,1,0,1,2,1,2,0,1,15.943040886593678,387.76575357909195,-1,1,1,371.82271269249827,186.0,58.0,6,2 | 4
1590,2021,2021-06-09,TEN,2,player_for_draft_capital_or_mixed,ATL,2022 R2 #58 | conditional 2023 R4 #110,2023 R6 #186 | Julio Jones,0,1,2,1,2,1,1,0,387.76575357909195,15.943040886593678,1,-1,-1,-371.82271269249827,58.0,186.0,2 | 4,6
1591,2021,2021-07-26,CHI,2,player_for_draft_capital_or_mixed,HOU,2022 R7 #228 | Anthony Miller,2022 R5 #166,1,0,1,1,1,1,0,0,3.363585661014858,24.58753024522619,-1,0,0,21.22394458421133,228.0,166.0,7,5
1591,2021,2021-07-26,HOU,2,player_for_draft_capital_or_mixed,CHI,2022 R5 #166,2022 R7 #228 | Anthony Miller,0,1,1,1,1,1,0,0,24.58753024522619,3.363585661014858,1,0,0,-21.22394458421133,166.0,228.0,5,7
1592,2021,2021-07-29,GB,2,player_for_draft_capital_or_mixed,HOU,2022 R6 #205,Randall Cobb,0,1,1,0,1,0,0,0,8.41589663253425,0.0,1,-1,-1,-8.41589663253425,205.0,,6,
1592,2021,2021-07-29,HOU,2,player_for_draft_capital_or_mixed,GB,Randall Cobb,2022 R6 #205,1,0,0,1,0,1,0,0,0.0,8.41589663253425,-1,1,1,8.41589663253425,,205.0,,6
1593,2021,2021-08-14,JAX,2,player_for_draft_capital_or_mixed,PIT,Joe Schobert,2022 R6 #198,1,0,0,1,0,1,0,0,0.0,11.069175606859458,-1,1,1,11.069175606859458,,198.0,,6
1593,2021,2021-08-14,PIT,2,player_for_draft_capital_or_mixed,JAX,2022 R6 #198,Joe Schobert,0,1,1,0,1,0,0,0,11.069175606859458,0.0,1,-1,-1,-11.069175606859458,198.0,,6,
1594,2021,2021-08-16,HOU,2,player_for_draft_capital_or_mixed,NYG,Keion Crossen,2023 R6 #203,1,0,0,1,0,1,0,0,0.0,9.101325472139058,-1,1,1,9.101325472139058,,203.0,,6
1594,2021,2021-08-16,NYG,2,player_for_draft_capital_or_mixed,HOU,2023 R6 #203,Keion Crossen,0,1,1,0,1,0,0,0,9.101325472139058,0.0,1,-1,-1,-9.101325472139058,203.0,,6,
1595,2021,2021-08-17,GB,2,player_only,NYG,Josh Jackson,Isaac Yiadom,1,1,0,0,0,0,0,0,0.0,0.0,0,0,0,0.0,,,,
1595,2021,2021-08-17,NYG,2,player_only,GB,Isaac Yiadom,Josh Jackson,1,1,0,0,0,0,0,0,0.0,0.0,0,0,0,0.0,,,,
1596,2021,2021-08-17,CAR,2,player_for_draft_capital_or_mixed,MIA,Greg Little,2022 R7 #242,1,0,0,1,0,1,0,0,0.0,1.8340080864093424,-1,1,1,1.8340080864093424,,242.0,,7
1596,2021,2021-08-17,MIA,2,player_for_draft_capital_or_mixed,CAR,2022 R7 #242,Greg Little,0,1,1,0,1,0,0,0,1.8340080864093424,0.0,1,-1,-1,-1.8340080864093424,242.0,,7,
1597,2021,2021-08-23,GB,2,player_for_draft_capital_or_mixed,HOU,Ka'dar Hollman,2022 R7 #228,1,0,0,1,0,1,0,0,0.0,3.363585661014858,-1,1,1,3.363585661014858,,228.0,,7
1597,2021,2021-08-23,HOU,2,player_for_draft_capital_or_mixed,GB,2022 R7 #228,Ka'dar Hollman,0,1,1,0,1,0,0,0,3.363585661014858,0.0,1,-1,-1,-3.363585661014858,228.0,,7,
1598,2021,2021-08-24,HOU,2,player_for_draft_capital_or_mixed,SEA,John Reid,conditional 2023 R7,1,0,0,1,0,0,0,1,0.0,0.0,-1,1,0,0.0,,,,7
1598,2021,2021-08-24,SEA,2,player_for_draft_capital_or_mixed,HOU,conditional 2023 R7,John Reid,0,1,1,0,0,0,1,0,0.0,0.0,1,-1,0,0.0,,,7,
1599,2021,2021-08-25,LA,2,player_for_draft_capital_or_mixed,NE,2022 R6 #210 | 2023 R4 #107,Sony Michel,0,1,2,0,2,0,0,0,89.3915138454845,0.0,1,-2,-2,-89.3915138454845,107.0,,4 | 6,
1599,2021,2021-08-25,NE,2,player_for_draft_capital_or_mixed,LA,Sony Michel,2022 R6 #210 | 2023 R4 #107,1,0,0,2,0,2,0,0,0.0,89.3915138454845,-1,2,2,89.3915138454845,,107.0,,4 | 6
1600,2021,2021-08-26,CAR,2,player_for_draft_capital_or_mixed,LV,2022 R7 #227 | Denzel Perryman,2022 R6 #199,1,0,1,1,1,1,0,0,3.5125043207465994,10.644203059030524,-1,0,0,7.131698738283925,227.0,199.0,7,6
1600,2021,2021-08-26,LV,2,player_for_draft_capital_or_mixed,CAR,2022 R6 #199,2022 R7 #227 | Denzel Perryman,0,1,1,1,1,1,0,0,10.644203059030524,3.5125043207465994,1,0,0,-7.131698738283925,199.0,227.0,6,7
1601,2021,2021-08-26,BAL,2,player_for_draft_capital_or_mixed,NE,Shaun Wade,2022 R7 #224 | 2023 R5 #148,1,0,0,2,0,2,0,0,0.0,36.88701379078764,-1,2,2,36.88701379078764,,148.0,,5 | 7
1601,2021,2021-08-26,NE,2,player_for_draft_capital_or_mixed,BAL,2022 R7 #224 | 2023 R5 #148,Shaun Wade,0,1,2,0,2,0,0,0,36.88701379078764,0.0,1,-2,-2,-36.88701379078764,148.0,,5 | 7,
1602,2021,2021-08-27,CAR,2,player_for_draft_capital_or_mixed,NYG,conditional 2022 R7,Ryan Santoso,0,1,1,0,0,0,1,0,0.0,0.0,1,-1,0,0.0,,,7,
1602,2021,2021-08-27,NYG,2,player_for_draft_capital_or_mixed,CAR,Ryan Santoso,conditional 2022 R7,1,0,0,1,0,0,0,1,0.0,0.0,-1,1,0,0.0,,,,7
1603,2021,2021-08-28,JAX,2,player_for_draft_capital_or_mixed,PHI,Gardner Minshew,2022 R6 #197,1,0,0,1,0,1,0,0,0.0,11.511115293083504,-1,1,1,11.511115293083504,,197.0,,6
1603,2021,2021-08-28,PHI,2,player_for_draft_capital_or_mixed,JAX,2022 R6 #197,Gardner Minshew,0,1,1,0,1,0,0,0,11.511115293083504,0.0,1,-1,-1,-11.511115293083504,197.0,,6,
1604,2021,2021-08-28,BAL,2,player_for_draft_capital_or_mixed,MIA,2022 R7 #224 | Greg Mancz,2022 R6 #196,1,0,1,1,1,1,0,0,4.0,11.970699535071823,-1,0,0,7.970699535071823,224.0,196.0,7,6
1604,2021,2021-08-28,MIA,2,player_for_draft_capital_or_mixed,BAL,2022 R6 #196,2022 R7 #224 | Greg Mancz,0,1,1,1,1,1,0,0,11.970699535071823,4.0,1,0,0,-7.970699535071823,196.0,224.0,6,7
1605,2021,2021-08-29,HOU,2,player_for_draft_capital_or_mixed,NYJ,Shaq Lawson,2022 R6 #207,1,0,0,1,0,1,0,0,0.0,7.782088042705171,-1,1,1,7.782088042705171,,207.0,,6
1605,2021,2021-08-29,NYJ,2,player_for_draft_capital_or_mixed,HOU,2022 R6 #207,Shaq Lawson,0,1,1,0,1,0,0,0,7.782088042705171,0.0,1,-1,-1,-7.782088042705171,207.0,,6,
1606,2021,2021-08-30,BUF,2,player_for_draft_capital_or_mixed,CAR,Darryl Johnson,2022 R6 #185,1,0,0,1,0,1,0,0,0.0,16.29214802288608,-1,1,1,16.29214802288608,,185.0,,6
1606,2021,2021-08-30,CAR,2,player_for_draft_capital_or_mixed,BUF,2022 R6 #185,Darryl Johnson,0,1,1,0,1,0,0,0,16.29214802288608,0.0,1,-1,-1,-16.29214802288608,185.0,,6,
1607,2021,2021-08-30,CIN,2,player_for_draft_capital_or_mixed,NYG,Billy Price,2022 R7 #226 | B.J. Hill,1,1,0,1,0,1,0,0,0.0,3.668016172818685,0,1,1,3.668016172818685,,226.0,,7
1607,2021,2021-08-30,NYG,2,player_for_draft_capital_or_mixed,CIN,2022 R7 #226 | B.J. Hill,Billy Price,1,1,1,0,1,0,0,0,3.668016172818685,0.0,0,-1,-1,-3.668016172818685,226.0,,7,
1608,2021,2021-08-31,JAX,2,player_for_draft_capital_or_mixed,SEA,Sidney Jones,2022 R6 #188,1,0,0,1,0,1,0,0,0.0,15.2671082573136,-1,1,1,15.2671082573136,,188.0,,6
1608,2021,2021-08-31,SEA,2,player_for_draft_capital_or_mixed,JAX,2022 R6 #188,Sidney Jones,0,1,1,0,1,0,0,0,15.2671082573136,0.0,1,-1,-1,-15.2671082573136,188.0,,6,
1609,2021,2021-08-31,KC,2,player_for_draft_capital_or_mixed,NE,Yasir Durant,2022 R7 #243,1,0,0,1,0,1,0,0,0.0,1.7562521603732995,-1,1,1,1.7562521603732995,,243.0,,7
1609,2021,2021-08-31,NE,2,player_for_draft_capital_or_mixed,KC,2022 R7 #243,Yasir Durant,0,1,1,0,1,0,0,0,1.7562521603732995,0.0,1,-1,-1,-1.7562521603732995,243.0,,7,
1610,2021,2021-08-31,IND,2,player_for_draft_capital_or_mixed,PHI,2022 R6 #194,2022 R7 #240 | Matt Pryor,0,1,1,1,1,1,0,0,12.94564766595343,2.0,1,0,0,-10.94564766595343,194.0,240.0,6,7
1610,2021,2021-08-31,PHI,2,player_for_draft_capital_or_mixed,IND,2022 R7 #240 | Matt Pryor,2022 R6 #194,1,0,1,1,1,1,0,0,2.0,12.94564766595343,-1,0,0,10.94564766595343,240.0,194.0,7,6
1611,2021,2021-08-31,DEN,2,player_for_draft_capital_or_mixed,DET,2023 R7 | Trinity Benson,2022 R5 #145 | conditional 2022 R7 #234,1,0,1,2,0,2,0,1,0.0,36.83031173625959,-1,1,2,36.83031173625959,,145.0,7,5 | 7
1611,2021,2021-08-31,DET,2,player_for_draft_capital_or_mixed,DEN,2022 R5 #145 | conditional 2022 R7 #234,2023 R7 | Trinity Benson,0,1,2,1,2,0,1,0,36.83031173625959,0.0,1,-1,-2,-36.83031173625959,145.0,,5 | 7,7
1612,2021,2021-08-31,BAL,2,player_for_draft_capital_or_mixed,NYG,2022 R5 #173 | 2023 R7 #240 | Ben Bredeson,2022 R4 #110,1,0,2,1,2,1,0,0,23.128301986307918,75.14499644768598,-1,-1,-1,52.016694461378066,173.0,110.0,5 | 7,4
1612,2021,2021-08-31,NYG,2,player_for_draft_capital_or_mixed,BAL,2022 R4 #110,2022 R5 #173 | 2023 R7 #240 | Ben Bredeson,0,1,1,2,1,2,0,0,75.14499644768598,23.128301986307918,1,1,1,-52.016694461378066,110.0,173.0,4,5 | 7
1613,2021,2021-08-31,DEN,2,player_for_draft_capital_or_mixed,SF,2022 R6 #187 | 2023 R7 #222,2022 R7 #250 | Jonas Griffith,0,1,2,1,2,1,0,0,19.927192560943546,1.2968395546510096,1,-1,-1,-18.630353006292538,187.0,250.0,6 | 7,7
1613,2021,2021-08-31,SF,2,player_for_draft_capital_or_mixed,DEN,2022 R7 #250 | Jonas Griffith,2022 R6 #187 | 2023 R7 #222,1,0,1,2,1,2,0,0,1.2968395546510096,19.927192560943546,-1,1,1,18.630353006292538,250.0,187.0,7,6 | 7
1614,2021,2021-08-31,GB,2,player_for_draft_capital_or_mixed,LA,2023 R6 #191,2023 R7 #235 | Corey Bojorquez,0,1,1,1,1,1,0,0,14.306560081157631,2.483715624146968,1,0,0,-11.822844457010664,191.0,235.0,6,7
1614,2021,2021-08-31,LA,2,player_for_draft_capital_or_mixed,GB,2023 R7 #235 | Corey Bojorquez,2023 R6 #191,1,0,1,1,1,1,0,0,2.483715624146968,14.306560081157631,-1,0,0,11.822844457010664,235.0,191.0,7,6
1615,2021,2021-09-01,MIN,2,player_for_draft_capital_or_mixed,NYJ,2022 R4 #117,2022 R6 #184 | Chris Herndon,0,1,1,1,1,1,0,0,60.48129865534639,16.648899610038093,1,0,0,-43.8323990453083,117.0,184.0,4,6
1615,2021,2021-09-01,NYJ,2,player_for_draft_capital_or_mixed,MIN,2022 R6 #184 | Chris Herndon,2022 R4 #117,1,0,1,1,1,1,0,0,16.648899610038093,60.48129865534639,-1,0,0,43.8323990453083,184.0,117.0,6,4
1616,2021,2021-09-03,PIT,2,player_for_draft_capital_or_mixed,SEA,2023 R5 #151,Ahkello Witherspoon,0,1,1,0,1,0,0,0,31.590597354012306,0.0,1,-1,-1,-31.590597354012306,151.0,,5,
1616,2021,2021-09-03,SEA,2,player_for_draft_capital_or_mixed,PIT,Ahkello Witherspoon,2023 R5 #151,1,0,0,1,0,1,0,0,0.0,31.590597354012306,-1,1,1,31.590597354012306,,151.0,,5
1617,2021,2021-09-09,HOU,2,player_for_draft_capital_or_mixed,NO,Bradley Roby,2022 R3 #80 | conditional 2023 R6 #188,1,0,0,2,0,2,0,1,0.0,192.24168270234512,-1,2,2,192.24168270234512,,80.0,,3 | 6
1617,2021,2021-09-09,NO,2,player_for_draft_capital_or_mixed,HOU,2022 R3 #80 | conditional 2023 R6 #188,Bradley Roby,0,1,2,0,2,0,1,0,192.24168270234512,0.0,1,-2,-2,-192.24168270234512,80.0,,3 | 6,
1618,2021,2021-09-27,CAR,2,player_for_draft_capital_or_mixed,JAX,2022 R3 #70 | Dan Arnold,2022 R5 #144 | C.J. Henderson,1,1,1,1,1,1,0,0,230.4458711454806,34.698703145794944,0,0,0,-195.74716799968564,70.0,144.0,3,5
1618,2021,2021-09-27,JAX,2,player_for_draft_capital_or_mixed,CAR,2022 R5 #144 | C.J. Henderson,2022 R3 #70 | Dan Arnold,1,1,1,1,1,1,0,0,34.698703145794944,230.4458711454806,0,0,0,195.74716799968564,144.0,70.0,5,3
1619,2021,2021-10-05,CHI,2,player_for_draft_capital_or_mixed,MIA,2023 R6 #178,Jakeem Grant,0,1,1,0,1,0,0,0,18.959577657116494,0.0,1,-1,-1,-18.959577657116494,178.0,,6,
1619,2021,2021-10-05,MIA,2,player_for_draft_capital_or_mixed,CHI,Jakeem Grant,2023 R6 #178,1,0,0,1,0,1,0,0,0.0,18.959577657116494,-1,1,1,18.959577657116494,,178.0,,6
1620,2021,2021-10-06,CAR,2,player_for_draft_capital_or_mixed,NE,2023 R6 #187,Stephon Gilmore,0,1,1,0,1,0,0,0,15.60141439634249,0.0,1,-1,-1,-15.60141439634249,187.0,,6,
1620,2021,2021-10-06,NE,2,player_for_draft_capital_or_mixed,CAR,Stephon Gilmore,2023 R6 #187,1,0,0,1,0,1,0,0,0.0,15.60141439634249,-1,1,1,15.60141439634249,,187.0,,6
1621,2021,2021-10-15,ARI,2,player_for_draft_capital_or_mixed,PHI,2022 R5 #166 | Tay Gowan,Zach Ertz,1,1,1,0,1,0,0,0,24.58753024522619,0.0,0,-1,-1,-24.58753024522619,166.0,,5,
1621,2021,2021-10-15,PHI,2,player_for_draft_capital_or_mixed,ARI,Zach Ertz,2022 R5 #166 | Tay Gowan,1,1,0,1,0,1,0,0,0.0,24.58753024522619,0,1,1,24.58753024522619,,166.0,,5
1622,2021,2021-10-23,DEN,2,player_for_draft_capital_or_mixed,MIN,2022 R7 #250,2023 R7 #222 | Stephen Weatherly,0,1,1,1,1,1,0,0,1.2968395546510096,4.325778164601057,1,0,0,3.028938609950047,250.0,222.0,7,7
1622,2021,2021-10-23,MIN,2,player_for_draft_capital_or_mixed,DEN,2023 R7 #222 | Stephen Weatherly,2022 R7 #250,1,0,1,1,1,1,0,0,4.325778164601057,1.2968395546510096,-1,0,0,-3.028938609950047,222.0,250.0,7,7
1623,2021,2021-10-25,DEN,2,player_for_draft_capital_or_mixed,LA,2024 R6 #189,2024 R7 #239 | Kenny Young,0,1,1,1,1,1,0,0,14.939965609475523,2.0885475648548275,1,0,0,-12.851418044620695,189.0,239.0,6,7
1623,2021,2021-10-25,LA,2,player_for_draft_capital_or_mixed,DEN,2024 R7 #239 | Kenny Young,2024 R6 #189,1,0,1,1,1,1,0,0,2.0885475648548275,14.939965609475523,-1,0,0,12.851418044620695,239.0,189.0,7,6
1624,2021,2021-10-26,NYJ,2,player_for_draft_capital_or_mixed,PHI,2022 R6 #206,Joe Flacco,0,1,1,0,1,0,0,0,8.092789911562482,0.0,1,-1,-1,-8.092789911562482,206.0,,6,
1624,2021,2021-10-26,PHI,2,player_for_draft_capital_or_mixed,NYJ,Joe Flacco,2022 R6 #206,1,0,0,1,0,1,0,0,0.0,8.092789911562482,-1,1,1,8.092789911562482,,206.0,,6
1625,2021,2021-10-29,HOU,2,player_for_draft_capital_or_mixed,NO,Mark Ingram,2024 R7 #238,1,0,0,1,0,1,0,0,0.0,2.1810154653305154,-1,1,1,2.1810154653305154,,238.0,,7
1625,2021,2021-10-29,NO,2,player_for_draft_capital_or_mixed,HOU,2024 R7 #238,Mark Ingram,0,1,1,0,1,0,0,0,2.1810154653305154,0.0,1,-1,-1,-2.1810154653305154,238.0,,7,
1626,2021,2021-11-02,DEN,2,player_for_draft_capital_or_mixed,LA,Von Miller,2022 R2 #64 | 2022 R3 #96,1,0,0,2,0,2,0,0,0.0,386.0,-1,2,2,386.0,,64.0,,2 | 3
1626,2021,2021-11-02,LA,2,player_for_draft_capital_or_mixed,DEN,2022 R2 #64 | 2022 R3 #96,Von Miller,0,1,2,0,2,0,0,0,386.0,0.0,1,-2,-2,-386.0,64.0,,2 | 3,
1627,2021,2021-11-02,KC,2,player_for_draft_capital_or_mixed,PIT,2022 R6 #208,Melvin Ingram,0,1,1,0,1,0,0,0,7.483314773547881,0.0,1,-1,-1,-7.483314773547881,208.0,,6,
1627,2021,2021-11-02,PIT,2,player_for_draft_capital_or_mixed,KC,Melvin Ingram,2022 R6 #208,1,0,0,1,0,1,0,0,0.0,7.483314773547881,-1,1,1,7.483314773547881,,208.0,,6
1628,2021,2021-11-02,HOU,2,player_for_draft_capital_or_mixed,SF,Charles Omenihu,2023 R6 #207,1,0,0,1,0,1,0,0,0.0,7.782088042705171,-1,1,1,7.782088042705171,,207.0,,6
1628,2021,2021-11-02,SF,2,player_for_draft_capital_or_mixed,HOU,2023 R6 #207,Charles Omenihu,0,1,1,0,1,0,0,0,7.782088042705171,0.0,1,-1,-1,-7.782088042705171,207.0,,6,
1629,2021,2021-11-02,DEN,4,multi_team,KC | NYJ | PHI,Kary Vincent,2022 R6 #206,1,0,0,1,0,1,0,0,0.0,8.092789911562482,-1,1,1,8.092789911562482,,206.0,,6
1629,2021,2021-11-02,KC,4,multi_team,DEN | NYJ | PHI,Laurent Duvernay-Tardiff,Daniel Brown,1,1,0,0,0,0,0,0,0.0,0.0,0,0,0,0.0,,,,
1629,2021,2021-11-02,NYJ,4,multi_team,DEN | KC | PHI,Daniel Brown,Laurent Duvernay-Tardiff,1,1,0,0,0,0,0,0,0.0,0.0,0,0,0,0.0,,,,
1629,2021,2021-11-02,PHI,4,multi_team,DEN | KC | NYJ,2022 R6 #206,Kary Vincent,0,1,1,0,1,0,0,0,8.092789911562482,0.0,1,-1,-1,-8.092789911562482,206.0,,6,
1630,2022,2022-03-08,DEN,2,player_for_draft_capital_or_mixed,SEA,2022 R1 #9 (Charles Cross) | conditional 2022 R2 #40 | conditional 2022 R5 #145 | 2023 R1 #5 | 2023 R2 #37 | Drew Lock | Noah Fant | Shelby Harris,conditional 2022 R4 #116 | Russell Wilson,3,1,5,1,5,1,2,1,4091.6667845949637,62.38634329516793,-2,-4,-4,-4029.2804412997957,5.0,116.0,1 | 2 | 5,4
1630,2022,2022-03-08,SEA,2,player_for_draft_capital_or_mixed,DEN,conditional 2022 R4 #116 | Russell Wilson,2022 R1 #9 (Charles Cross) | conditional 2022 R2 #40 | conditional 2022 R5 #145 | 2023 R1 #5 | 2023 R2 #37 | Drew Lock | Noah Fant | Shelby Harris,1,3,1,5,1,5,1,2,62.38634329516793,4091.6667845949637,2,4,4,4029.2804412997957,116.0,5.0,4,1 | 2 | 5
1631,2022,2022-03-09,IND,2,player_for_draft_capital_or_mixed,WAS,conditional 2022 R2 #47 | conditional 2022 R7 #240 | Carson Wentz,conditional 2022 R2 #42 | conditional 2022 R3 #73 | conditional 2023 R2,1,0,2,3,2,2,2,3,410.9939611455477,675.0255963804074,-1,1,0,264.03163523485966,47.0,42.0,2 | 7,2 | 3
1631,2022,2022-03-09,WAS,2,player_for_draft_capital_or_mixed,IND,conditional 2022 R2 #42 | conditional 2022 R3 #73 | conditional 2023 R2,conditional 2022 R2 #47 | conditional 2022 R7 #240 | Carson Wentz,0,1,3,2,2,2,3,2,675.0255963804074,410.9939611455477,1,-1,0,-264.03163523485966,42.0,47.0,2 | 3,2 | 7
1632,2022,2022-03-10,CHI,2,player_for_draft_capital_or_mixed,LAC,Khalil Mack,conditional 2022 R2 #48 | 2023 R6 #200,1,0,0,2,0,2,0,1,0.0,409.35958710942845,-1,2,2,409.35958710942845,,48.0,,2 | 6
1632,2022,2022-03-10,LAC,2,player_for_draft_capital_or_mixed,CHI,conditional 2022 R2 #48 | 2023 R6 #200,Khalil Mack,0,1,2,0,2,0,1,0,409.35958710942845,0.0,1,-2,-2,-409.35958710942845,48.0,,2 | 6,
1633,2022,2022-03-11,CLE,2,player_for_draft_capital_or_mixed,DAL,conditional 2022 R5 #155 | conditional 2022 R6 #193,conditional 2022 R6 #202 | Amari Cooper,0,1,2,1,2,1,2,1,43.403694460589804,9.464698235047209,1,-1,-1,-33.938996225542596,155.0,202.0,5 | 6,6
1633,2022,2022-03-11,DAL,2,player_for_draft_capital_or_mixed,CLE,conditional 2022 R6 #202 | Amari Cooper,conditional 2022 R5 #155 | conditional 2022 R6 #193,1,0,1,2,1,2,1,2,9.464698235047209,43.403694460589804,-1,1,1,33.938996225542596,202.0,155.0,6,5 | 6
1634,2022,2022-03-15,CLE,2,player_only,NE,Mack Wilson,Chase Winovich,1,1,0,0,0,0,0,0,0.0,0.0,0,0,0,0.0,,,,
1634,2022,2022-03-15,NE,2,player_only,CLE,Chase Winovich,Mack Wilson,1,1,0,0,0,0,0,0,0.0,0.0,0,0,0,0.0,,,,
1635,2022,2022-03-15,NE,2,player_for_draft_capital_or_mixed,TB,Shaq Mason,conditional 2022 R5 #170,1,0,0,1,0,1,0,1,0.0,22.546864647289553,-1,1,1,22.546864647289553,,170.0,,5
1635,2022,2022-03-15,TB,2,player_for_draft_capital_or_mixed,NE,conditional 2022 R5 #170,Shaq Mason,0,1,1,0,1,0,1,0,22.546864647289553,0.0,1,-1,-1,-22.546864647289553,170.0,,5,
1636,2022,2022-03-16,IND,2,player_only,LV,Rock Ya-Sin,Yannick Ngakoue,1,1,0,0,0,0,0,0,0.0,0.0,0,0,0,0.0,,,,
1636,2022,2022-03-16,LV,2,player_only,IND,Yannick Ngakoue,Rock Ya-Sin,1,1,0,0,0,0,0,0,0.0,0.0,0,0,0,0.0,,,,
1637,2022,2022-03-16,HOU,2,player_for_draft_capital_or_mixed,NYJ,2023 R6 #207,Blake Cashman,0,1,1,0,1,0,0,0,7.782088042705171,0.0,1,-1,-1,-7.782088042705171,207.0,,6,
1637,2022,2022-03-16,NYJ,2,player_for_draft_capital_or_mixed,HOU,Blake Cashman,2023 R6 #207,1,0,0,1,0,1,0,0,0.0,7.782088042705171,-1,1,1,7.782088042705171,,207.0,,6
1638,2022,2022-03-17,GB,2,player_for_draft_capital_or_mixed,LV,Davante Adams,2022 R1 #22 (Quay Walker) | conditional 2022 R2 #53,1,0,0,2,0,2,0,1,0.0,1133.2342846411855,-1,2,2,1133.2342846411855,,22.0,,1 | 2
1638,2022,2022-03-17,LV,2,player_for_draft_capital_or_mixed,GB,2022 R1 #22 (Quay Walker) | conditional 2022 R2 #53,Davante Adams,0,1,2,0,2,0,1,0,1133.2342846411855,0.0,1,-2,-2,-1133.2342846411855,22.0,,1 | 2,
1639,2022,2022-03-18,CLE,2,player_for_draft_capital_or_mixed,HOU,2022 R1 #13 (Jordan Davis) | conditional 2022 R4 #107 | 2023 R1 #12 | 2023 R3 #73 | 2024 R1 #23 | 2024 R4 #123,2024 R6 #203 | Deshaun Watson,0,1,6,1,6,1,1,0,3455.5820940627787,9.101325472139058,1,-5,-5,-3446.4807685906394,12.0,203.0,1 | 3 | 4,6
1639,2022,2022-03-18,HOU,2,player_for_draft_capital_or_mixed,CLE,2024 R6 #203 | Deshaun Watson,2022 R1 #13 (Jordan Davis) | conditional 2022 R4 #107 | 2023 R1 #12 | 2023 R3 #73 | 2024 R1 #23 | 2024 R4 #123,1,0,1,6,1,6,0,1,9.101325472139058,3455.5820940627787,-1,5,5,3446.4807685906394,203.0,12.0,6,1 | 3 | 4
1640,2022,2022-03-19,BUF,2,player_for_draft_capital_or_mixed,CLE,conditional 2022 R7 #246,Case Keenum,0,1,1,0,1,0,1,0,1.5422108254079407,0.0,1,-1,-1,-1.5422108254079407,246.0,,7,
1640,2022,2022-03-19,CLE,2,player_for_draft_capital_or_mixed,BUF,Case Keenum,conditional 2022 R7 #246,1,0,0,1,0,1,0,1,0.0,1.5422108254079407,-1,1,1,1.5422108254079407,,246.0,,7
1641,2022,2022-03-19,LA,2,player_for_draft_capital_or_mixed,TEN,Robert Woods,2023 R6 #189,1,0,0,1,0,1,0,0,0.0,14.939965609475523,-1,1,1,14.939965609475523,,189.0,,6
1641,2022,2022-03-19,TEN,2,player_for_draft_capital_or_mixed,LA,2023 R6 #189,Robert Woods,0,1,1,0,1,0,0,0,14.939965609475523,0.0,1,-1,-1,-14.939965609475523,189.0,,6,
1642,2022,2022-03-21,ATL,2,player_for_draft_capital_or_mixed,IND,Matt Ryan,conditional 2022 R3 #82,1,0,0,1,0,1,0,1,0.0,167.8723869982371,-1,1,1,167.8723869982371,,82.0,,3
1642,2022,2022-03-21,IND,2,player_for_draft_capital_or_mixed,ATL,conditional 2022 R3 #82,Matt Ryan,0,1,1,0,1,0,1,0,167.8723869982371,0.0,1,-1,-1,-167.8723869982371,82.0,,3,
1643,2022,2022-03-23,KC,2,player_for_draft_capital_or_mixed,MIA,Tyreek Hill,2022 R1 #29 (Cole Strange) | conditional 2022 R2 #50 | 2022 R4 #121 | 2023 R4 #122 | 2023 R6 #178,1,0,0,5,0,5,0,1,0.0,1144.2718786491287,-1,5,5,1144.2718786491287,,29.0,,1 | 2 | 4 | 6
1643,2022,2022-03-23,MIA,2,player_for_draft_capital_or_mixed,KC,2022 R1 #29 (Cole Strange) | conditional 2022 R2 #50 | 2022 R4 #121 | 2023 R4 #122 | 2023 R6 #178,Tyreek Hill,0,1,5,0,5,0,1,0,1144.2718786491287,0.0,1,-5,-5,-1144.2718786491287,29.0,,1 | 2 | 4 | 6,
1644,2022,2022-04-02,MIA,2,player_for_draft_capital_or_mixed,NE,2022 R5 #158 | DeVante Parker,2023 R3 #77,1,0,1,1,1,1,0,0,28.76089740271087,191.56152823688092,-1,0,0,162.80063083417005,158.0,77.0,5,3
1644,2022,2022-04-02,NE,2,player_for_draft_capital_or_mixed,MIA,2023 R3 #77,2022 R5 #158 | DeVante Parker,0,1,1,1,1,1,0,0,191.56152823688092,28.76089740271087,1,0,0,-162.80063083417005,77.0,158.0,3,5
1645,2022,2022-04-04,NO,2,pick_only,PHI,2022 R1 #18 (Treylon Burks) | conditional 2022 R3 #101 | conditional 2022 R7 #237 | 2023 R1 #10 | 2024 R2 #50,2022 R1 #19 (Jahan Dotson) | 2022 R1 #19 (Trevor Penning) | conditional 2022 R6 #194,0,0,5,3,5,3,2,1,2681.7086839270855,1762.9456476659534,0,-2,-2,-918.7630362611321,10.0,19.0,1 | 2 | 3 | 7,1 | 6
1645,2022,2022-04-04,PHI,2,pick_only,NO,2022 R1 #19 (Jahan Dotson) | 2022 R1 #19 (Trevor Penning) | conditional 2022 R6 #194,2022 R1 #18 (Treylon Burks) | conditional 2022 R3 #101 | conditional 2022 R7 #237 | 2023 R1 #10 | 2024 R2 #50,0,0,3,5,3,5,1,2,1762.9456476659534,2681.7086839270855,0,2,2,918.7630362611321,19.0,10.0,1 | 6,1 | 2 | 3 | 7
1646,2022,2022-04-25,HOU,2,pick_only,NE,conditional 2022 R6 #183 | conditional 2022 R7 #245,conditional 2022 R5 #170,0,0,2,1,2,1,2,1,18.623953371675817,22.546864647289553,0,-1,-1,3.9229112756137354,183.0,170.0,6 | 7,5
1646,2022,2022-04-25,NE,2,pick_only,HOU,conditional 2022 R5 #170,conditional 2022 R6 #183 | conditional 2022 R7 #245,0,0,1,2,1,2,1,2,22.546864647289553,18.623953371675817,0,1,1,-3.9229112756137354,170.0,183.0,5,6 | 7
1647,2022,2022-04-28,NO,2,pick_only,WAS,2022 R1 #16 (Jahan Dotson) | conditional 2022 R3 #98 | conditional 2022 R4 #120,2022 R1 #11 (Chris Olave),0,0,3,1,3,1,2,0,1164.1319077734229,1250.0,0,-2,-2,85.86809222657712,16.0,11.0,1 | 3 | 4,1
1647,2022,2022-04-28,WAS,2,pick_only,NO,2022 R1 #11 (Chris Olave),2022 R1 #16 (Jahan Dotson) | conditional 2022 R3 #98 | conditional 2022 R4 #120,0,0,1,3,1,3,0,2,1250.0,1164.1319077734229,0,2,2,-85.86809222657712,11.0,16.0,1,1 | 3 | 4
1648,2022,2022-04-28,DET,2,pick_only,MIN,2022 R1 #32 (Lewis Cine) | conditional 2022 R2 #34 | conditional 2022 R3 #66,2022 R1 #12 (Jameson Williams) | conditional 2022 R2 #46,0,0,3,2,3,2,2,1,1407.9809213955825,1619.1079542317489,0,-1,-1,211.12703283616634,32.0,12.0,1 | 2 | 3,1 | 2
1648,2022,2022-04-28,MIN,2,pick_only,DET,2022 R1 #12 (Jameson Williams) | conditional 2022 R2 #46,2022 R1 #32 (Lewis Cine) | conditional 2022 R2 #34 | conditional 2022 R3 #66,0,0,2,3,2,3,1,2,1619.1079542317489,1407.9809213955825,0,1,1,-211.12703283616634,12.0,32.0,1 | 2,1 | 2 | 3
1649,2022,2022-04-28,HOU,2,pick_only,PHI,2022 R1 #13 (Jordan Davis),2022 R1 #15 (Kenyon Green) | conditional 2022 R4 #124 | conditional 2022 R5 #166 | conditional 2022 R5 #166,0,0,1,4,1,4,0,3,1150.0,1147.854116448407,0,3,3,-2.1458835515929877,13.0,15.0,1,1 | 4 | 5
1649,2022,2022-04-28,PHI,2,pick_only,HOU,2022 R1 #15 (Kenyon Green) | conditional 2022 R4 #124 | conditional 2022 R5 #166 | conditional 2022 R5 #166,2022 R1 #13 (Jordan Davis),0,0,4,1,4,1,3,0,1147.854116448407,1150.0,0,-3,-3,2.1458835515929877,15.0,13.0,1 | 4 | 5,1
1650,2022,2022-04-28,ARI,2,player_for_draft_capital_or_mixed,BAL,2022 R1 #23 (Kaiir Elam),2022 R3 #100 (Myjai Sanders) | Marquise Brown,0,1,1,1,1,1,0,0,760.0,102.46706518524651,1,0,0,-657.5329348147535,23.0,100.0,1,3
1650,2022,2022-04-28,BAL,2,player_for_draft_capital_or_mixed,ARI,2022 R3 #100 (Myjai Sanders) | Marquise Brown,2022 R1 #23 (Kaiir Elam),1,0,1,1,1,1,0,0,102.46706518524651,760.0,-1,0,0,657.5329348147535,100.0,23.0,3,1
1651,2022,2022-04-28,PHI,2,player_for_draft_capital_or_mixed,TEN,2022 R1 #18 (Treylon Burks) | conditional 2022 R3 #101,A.J. Brown,0,1,2,0,2,0,1,0,999.3381058172351,0.0,1,-2,-2,-999.3381058172351,18.0,,1 | 3,
1651,2022,2022-04-28,TEN,2,player_for_draft_capital_or_mixed,PHI,A.J. Brown,2022 R1 #18 (Treylon Burks) | conditional 2022 R3 #101,1,0,0,2,0,2,0,1,0.0,999.3381058172351,-1,2,2,999.3381058172351,,18.0,,1 | 3
1652,2022,2022-04-28,KC,2,pick_only,NE,2022 R1 #29 (Cole Strange) | conditional 2022 R3 #94 | conditional 2022 R4 #121,2022 R1 #21 (Trent McDuffie),0,0,3,1,3,1,2,0,815.7149762465289,800.0,0,-2,-2,-15.714976246528863,29.0,21.0,1 | 3 | 4,1
1652,2022,2022-04-28,NE,2,pick_only,KC,2022 R1 #21 (Trent McDuffie),2022 R1 #29 (Cole Strange) | conditional 2022 R3 #94 | conditional 2022 R4 #121,0,0,1,3,1,3,0,2,800.0,815.7149762465289,0,2,2,15.714976246528863,21.0,29.0,1,1 | 3 | 4
1653,2022,2022-04-28,BAL,2,pick_only,BUF,2022 R1 #23 (Kaiir Elam),2022 R1 #25 (Tyler Linderbaum) | conditional 2022 R4 #130,0,0,1,2,1,2,0,1,760.0,761.8623933440448,0,1,1,1.86239334404479,23.0,25.0,1,1 | 4
1653,2022,2022-04-28,BUF,2,pick_only,BAL,2022 R1 #25 (Tyler Linderbaum) | conditional 2022 R4 #130,2022 R1 #23 (Kaiir Elam),0,0,2,1,2,1,1,0,761.8623933440448,760.0,0,-1,-1,-1.86239334404479,25.0,23.0,1 | 4,1
1654,2022,2022-04-28,NYJ,2,pick_only,TEN,conditional 2022 R2 #35 | conditional 2022 R3 #69 | conditional 2022 R5 #163,2022 R1 #26 (Jermaine Johnson) | conditional 2022 R3 #101,0,0,3,2,3,2,3,1,811.1577536671057,799.3381058172351,0,-1,-1,-11.819647849870535,35.0,26.0,2 | 3 | 5,1 | 3
1654,2022,2022-04-28,TEN,2,pick_only,NYJ,2022 R1 #26 (Jermaine Johnson) | conditional 2022 R3 #101,conditional 2022 R2 #35 | conditional 2022 R3 #69 | conditional 2022 R5 #163,0,0,2,3,2,3,1,3,799.3381058172351,811.1577536671057,0,1,1,11.819647849870535,26.0,35.0,1 | 3,2 | 3 | 5
1655,2022,2022-04-28,JAX,2,pick_only,TB,conditional 2022 R2 #33 | conditional 2022 R4 #106 | conditional 2022 R6 #180,2022 R1 #27 (Devin Lloyd),0,0,3,1,3,1,3,0,678.9872376796453,680.0,0,-2,-2,1.0127623203546818,33.0,27.0,2 | 4 | 6,1
1655,2022,2022-04-28,TB,2,pick_only,JAX,2022 R1 #27 (Devin Lloyd),conditional 2022 R2 #33 | conditional 2022 R4 #106 | conditional 2022 R6 #180,0,0,1,3,1,3,0,3,680.0,678.9872376796453,0,2,2,-1.0127623203546818,27.0,33.0,1,2 | 4 | 6
1656,2022,2022-04-29,GB,2,pick_only,MIN,conditional 2022 R2 #59 | conditional 2022 R2 #59,conditional 2022 R2 #34,0,0,2,1,2,1,2,1,610.1530667909626,561.8676088948529,0,-1,-1,-48.28545789610973,59.0,34.0,2,2
1656,2022,2022-04-29,MIN,2,pick_only,GB,conditional 2022 R2 #34,conditional 2022 R2 #59 | conditional 2022 R2 #59,0,0,1,2,1,2,1,2,561.8676088948529,610.1530667909626,0,1,1,48.28545789610973,34.0,59.0,2,2
1657,2022,2022-04-29,NYG,2,pick_only,NYJ,conditional 2022 R2 #36,conditional 2022 R2 #38 | conditional 2022 R5 #146,0,0,1,2,1,2,1,2,535.0766269918975,543.3438085322484,0,1,1,8.267181540350975,36.0,38.0,2,2 | 5
1657,2022,2022-04-29,NYJ,2,pick_only,NYG,conditional 2022 R2 #38 | conditional 2022 R5 #146,conditional 2022 R2 #36,0,0,2,1,2,1,2,1,543.3438085322484,535.0766269918975,0,-1,-1,-8.267181540350975,38.0,36.0,2 | 5,2
1658,2022,2022-04-29,ATL,2,pick_only,NYG,conditional 2022 R2 #43 | conditional 2022 R4 #114,conditional 2022 R2 #38,0,0,2,1,2,1,2,1,517.353815331519,509.56309319230627,0,-1,-1,-7.790722139212676,43.0,38.0,2 | 4,2
1658,2022,2022-04-29,NYG,2,pick_only,ATL,conditional 2022 R2 #38,conditional 2022 R2 #43 | conditional 2022 R4 #114,0,0,1,2,1,2,1,2,509.56309319230627,517.353815331519,0,1,1,7.790722139212676,38.0,43.0,2,2 | 4
1659,2022,2022-04-29,IND,2,player_for_draft_capital_or_mixed,MIN,conditional 2022 R2 #42 | conditional 2022 R4 #122 | Darnell Sers | Larry Tripplett,conditional 2022 R2 #53 | conditional 2022 R3 #77 | conditional 2022 R6 #192,2,0,2,3,2,3,2,3,513.9215742814634,558.7958128780665,-2,1,1,44.87423859660305,42.0,53.0,2 | 4,2 | 3 | 6
1659,2022,2022-04-29,MIN,2,player_for_draft_capital_or_mixed,IND,conditional 2022 R2 #53 | conditional 2022 R3 #77 | conditional 2022 R6 #192,conditional 2022 R2 #42 | conditional 2022 R4 #122 | Darnell Sers | Larry Tripplett,0,2,3,2,3,2,3,2,558.7958128780665,513.9215742814634,2,-1,-1,-44.87423859660305,53.0,42.0,2 | 3 | 6,2 | 4
1660,2022,2022-04-29,CLE,2,pick_only,HOU,conditional 2022 R2 #44,conditional 2022 R3 #68 | conditional 2022 R4 #124 | conditional 2022 R4 #124,0,0,1,3,1,3,1,3,440.09245075205274,340.29895947182234,0,2,2,-99.7934912802304,44.0,68.0,2,3 | 4
1660,2022,2022-04-29,HOU,2,pick_only,CLE,conditional 2022 R3 #68 | conditional 2022 R4 #124 | conditional 2022 R4 #124,conditional 2022 R2 #44,0,0,3,1,3,1,3,1,340.29895947182234,440.09245075205274,0,-2,-2,99.7934912802304,68.0,44.0,3 | 4,2
1661,2022,2022-04-29,KC,2,pick_only,NE,conditional 2022 R2 #50,conditional 2022 R2 #54 | conditional 2022 R5 #158,0,0,1,2,1,2,1,2,380.0930008403369,373.4708649160601,0,1,1,-6.62213592427679,50.0,54.0,2,2 | 5
1661,2022,2022-04-29,NE,2,pick_only,KC,conditional 2022 R2 #54 | conditional 2022 R5 #158,conditional 2022 R2 #50,0,0,2,1,2,1,2,1,373.4708649160601,380.0930008403369,0,-1,-1,6.62213592427679,54.0,50.0,2 | 5,2
1662,2022,2022-04-29,BUF,2,pick_only,TB,2022 R2 #57 (Luke Goedeke),2022 R2 #60 (Cam Taylor-Britt) | 2022 R6 #180 (Matt Araiza),0,0,1,2,1,2,0,0,320.3515416333923,315.8701220707441,0,1,1,-4.4814195626481705,57.0,60.0,2,2 | 6
1662,2022,2022-04-29,TB,2,pick_only,BUF,2022 R2 #60 (Cam Taylor-Britt) | 2022 R6 #180 (Matt Araiza),2022 R2 #57 (Luke Goedeke),0,0,2,1,2,1,0,0,315.8701220707441,320.3515416333923,0,-1,-1,4.4814195626481705,60.0,57.0,2 | 6,2
1664,2022,2022-04-29,DEN,2,pick_only,HOU,2022 R3 #75 (Christian Harris),2022 R3 #80 (Greg Dulcich) | 2022 R5 #162 (Montrell Washington),0,0,1,2,1,2,0,0,201.94816161229585,203.7874663045916,0,1,1,1.839304692295741,75.0,80.0,3,3 | 5
1664,2022,2022-04-29,HOU,2,pick_only,DEN,2022 R3 #80 (Greg Dulcich) | 2022 R5 #162 (Montrell Washington),2022 R3 #75 (Christian Harris),0,0,2,1,2,1,0,0,203.7874663045916,201.94816161229585,0,-1,-1,-1.839304692295741,80.0,75.0,3 | 5,3
1665,2022,2022-04-29,LV,2,pick_only,TEN,2022 R3 #86 (Malik Willis),2022 R3 #90 (Dylan Parham) | 2022 R5 #169 (Ty Chandler),0,0,1,2,1,2,0,0,151.0483702910592,158.95101780693062,0,1,1,7.902647515871422,86.0,90.0,3,3 | 5
1665,2022,2022-04-29,TEN,2,pick_only,LV,2022 R3 #90 (Dylan Parham) | 2022 R5 #169 (Ty Chandler),2022 R3 #86 (Malik Willis),0,0,2,1,2,1,0,0,158.95101780693062,151.0483702910592,0,-1,-1,-7.902647515871422,90.0,86.0,3 | 5,3
1666,2022,2022-04-29,CAR,2,pick_only,NE,2022 R4 #137 (Bailey Zappe) | 2023 R3 #76,2022 R3 #94 (Matt Corral),0,0,2,1,2,1,0,0,234.7989008565252,122.28962131716897,0,-1,-1,-112.50927953935623,76.0,94.0,3 | 4,3
1666,2022,2022-04-29,NE,2,pick_only,CAR,2022 R3 #94 (Matt Corral),2022 R4 #137 (Bailey Zappe) | 2023 R3 #76,0,0,1,2,1,2,0,0,122.28962131716897,234.7989008565252,0,1,1,112.50927953935623,94.0,76.0,3,3 | 4
1667,2022,2022-04-29,DEN,2,pick_only,IND,2022 R3 #96 (Nick Cross),2022 R5 #179 (Kingsley Enagbare) | 2023 R3 #67,0,0,1,2,1,2,0,0,116.0,267.9934565442843,0,1,1,151.9934565442843,96.0,67.0,3,3 | 5
1667,2022,2022-04-29,IND,2,pick_only,DEN,2022 R5 #179 (Kingsley Enagbare) | 2023 R3 #67,2022 R3 #96 (Nick Cross),0,0,2,1,2,1,0,0,267.9934565442843,116.0,0,-1,-1,-151.9934565442843,67.0,96.0,3 | 5,3
1663,2022,2022-04-30,BUF,2,pick_only,CIN,2022 R2 #60 (Cam Taylor-Britt),2022 R2 #63 (James Cook) | 2022 R6 #209 (Luke Tenuta),0,0,1,2,1,2,0,0,297.71436830563,283.8728298711385,0,1,1,-13.841538434491497,60.0,63.0,2,2 | 6
1663,2022,2022-04-30,CIN,2,pick_only,BUF,2022 R2 #63 (James Cook) | 2022 R6 #209 (Luke Tenuta),2022 R2 #60 (Cam Taylor-Britt),0,0,2,1,2,1,0,0,283.8728298711385,297.71436830563,0,-1,-1,13.841538434491497,63.0,60.0,2 | 6,2
1668,2022,2022-04-30,CLE,2,pick_only,MIN,2022 R4 #118 (Akayleb Evans),2022 R5 #156 (Jerome Ford) | 2023 R4 #126,0,0,1,2,1,2,0,0,58.63442692465892,75.29396833982905,0,1,1,16.659541415170132,118.0,126.0,4,4 | 5
1668,2022,2022-04-30,MIN,2,pick_only,CLE,2022 R5 #156 (Jerome Ford) | 2023 R4 #126,2022 R4 #118 (Akayleb Evans),0,0,2,1,2,1,0,0,75.29396833982905,58.63442692465892,0,-1,-1,-16.659541415170132,126.0,118.0,4 | 5,4
1669,2022,2022-04-30,CAR,2,pick_only,WAS,2022 R5 #149 (Cole Turner) | 2022 R5 #149 (Sam Howell),2022 R4 #120 (Brandon Smith) | 2022 R6 #189 (Amare Barno),0,0,2,2,2,2,0,0,64.89813781350696,70.04811651546807,0,0,0,5.149978701961103,149.0,120.0,5,4 | 6
1669,2022,2022-04-30,WAS,2,pick_only,CAR,2022 R4 #120 (Brandon Smith) | 2022 R6 #189 (Amare Barno),2022 R5 #149 (Cole Turner) | 2022 R5 #149 (Sam Howell),0,0,2,2,2,2,0,0,70.04811651546807,64.89813781350696,0,0,0,-5.149978701961103,120.0,149.0,4 | 6,5
1670,2022,2022-04-30,LV,2,pick_only,MIN,2022 R4 #126 (Neil Farrell) | 2022 R7 #227 (Nick Muse),2022 R4 #122 (Zamir White) | 2022 R7 #250 (Brittain Brown),0,0,2,2,2,2,0,0,49.26400053881633,53.09078477696652,0,0,0,3.8267842381501893,126.0,122.0,4 | 7,4 | 7
1670,2022,2022-04-30,MIN,2,pick_only,LV,2022 R4 #122 (Zamir White) | 2022 R7 #250 (Brittain Brown),2022 R4 #126 (Neil Farrell) | 2022 R7 #227 (Nick Muse),0,0,2,2,2,2,0,0,53.09078477696652,49.26400053881633,0,0,0,-3.8267842381501893,122.0,126.0,4 | 7,4 | 7
1671,2022,2022-04-30,LV,2,pick_only,MIN,2022 R5 #169 (Esezi Otomewo) | 2022 R5 #169 (Ty Chandler),2022 R4 #126 (Neil Farrell),0,0,2,1,2,1,0,0,46.08115338831101,45.75149621806973,0,-1,-1,-0.3296571702412763,169.0,126.0,5,4
1671,2022,2022-04-30,MIN,2,pick_only,LV,2022 R4 #126 (Neil Farrell),2022 R5 #169 (Esezi Otomewo) | 2022 R5 #169 (Ty Chandler),0,0,1,2,1,2,0,0,45.75149621806973,46.08115338831101,0,1,1,0.3296571702412763,126.0,169.0,4,5
1672,2022,2022-04-30,BUF,2,pick_only,CHI,2022 R5 #168 (Braxton Jones) | 2022 R6 #203 (Trestan Ebner),2022 R5 #148 (Khalil Shakir),0,0,2,1,2,1,0,0,32.64642509924306,32.88701379078764,0,-1,-1,0.2405886915445805,168.0,148.0,5 | 6,5
1672,2022,2022-04-30,CHI,2,pick_only,BUF,2022 R5 #148 (Khalil Shakir),2022 R5 #168 (Braxton Jones) | 2022 R6 #203 (Trestan Ebner),0,0,1,2,1,2,0,0,32.88701379078764,32.64642509924306,0,1,1,-0.2405886915445805,148.0,168.0,5,5 | 6
1673,2022,2022-04-30,KC,2,pick_only,SEA,2022 R5 #158 (Tyreke Smith) | 2022 R7 #233 (Dareke Young),2022 R5 #145 (Darian Kinnard),0,0,2,1,2,1,0,0,31.469408496584656,34.23663262695757,0,-1,-1,2.7672241303729166,158.0,145.0,5 | 7,5
1673,2022,2022-04-30,SEA,2,pick_only,KC,2022 R5 #145 (Darian Kinnard),2022 R5 #158 (Tyreke Smith) | 2022 R7 #233 (Dareke Young),0,0,1,2,1,2,0,0,34.23663262695757,31.469408496584656,0,1,1,-2.7672241303729166,145.0,158.0,5,5 | 7
1674,2022,2022-04-30,JAX,2,pick_only,PHI,2022 R6 #198 (Grant Calcaterra) | 2022 R6 #198 (Malcolm Rodriguez),2022 R5 #154 (Snoop Conner),0,0,2,1,2,1,0,0,22.138351213718916,30.345286061298786,0,-1,-1,8.20693484757987,198.0,154.0,6,5
1674,2022,2022-04-30,PHI,2,pick_only,JAX,2022 R5 #154 (Snoop Conner),2022 R6 #198 (Grant Calcaterra) | 2022 R6 #198 (Malcolm Rodriguez),0,0,1,2,1,2,0,0,30.345286061298786,22.138351213718916,0,1,1,-8.20693484757987,154.0,198.0,5,6
1675,2022,2022-04-30,CHI,2,pick_only,HOU,2022 R5 #150 (Thomas Booker),2022 R5 #166 (Tycen Anderson) | 2022 R6 #207 (Doug Kramer),0,0,1,2,1,2,0,0,32.01695598188324,32.36961828793136,0,1,1,0.3526623060481171,150.0,166.0,5,5 | 6
1675,2022,2022-04-30,HOU,2,pick_only,CHI,2022 R5 #166 (Tycen Anderson) | 2022 R6 #207 (Doug Kramer),2022 R5 #150 (Thomas Booker),0,0,2,1,2,1,0,0,32.36961828793136,32.01695598188324,0,-1,-1,-0.3526623060481171,166.0,150.0,5 | 6,5
1676,2022,2022-04-30,JAX,2,pick_only,TB,2022 R5 #157 (Zyon McCollum) | 2022 R7 #235 (Daniel Hardy),2023 R4 #121,0,0,2,1,2,1,0,0,31.63278095592674,53.42535492935984,0,-1,-1,21.7925739734331,157.0,121.0,5 | 7,4
1676,2022,2022-04-30,TB,2,pick_only,JAX,2023 R4 #121,2022 R5 #157 (Zyon McCollum) | 2022 R7 #235 (Daniel Hardy),0,0,1,2,1,2,0,0,53.42535492935984,31.63278095592674,0,1,1,-21.7925739734331,121.0,157.0,4,5 | 7
1677,2022,2022-04-30,LA,2,pick_only,LV,2022 R5 #175 (Matthew Butler) | 2022 R7 #238 (Thayer Munford),2022 R5 #164 (Kyren Williams),0,0,2,1,2,1,0,0,22.413546763009165,25.676113209730797,0,-1,-1,3.2625664467216318,175.0,164.0,5 | 7,5
1677,2022,2022-04-30,LV,2,pick_only,LA,2022 R5 #164 (Kyren Williams),2022 R5 #175 (Matthew Butler) | 2022 R7 #238 (Thayer Munford),0,0,1,2,1,2,0,0,25.676113209730797,22.413546763009165,0,1,1,-3.2625664467216318,164.0,175.0,5,5 | 7
1678,2022,2022-04-30,CHI,2,pick_only,CIN,2022 R5 #166 (Tycen Anderson),2022 R5 #174 (Dominique Robinson) | 2022 R7 #226 (Ja'Tyre Carter),0,0,1,2,1,2,0,0,24.58753024522619,24.343582215971676,0,1,1,-0.24394802925451486,166.0,174.0,5,5 | 7
1678,2022,2022-04-30,CIN,2,pick_only,CHI,2022 R5 #174 (Dominique Robinson) | 2022 R7 #226 (Ja'Tyre Carter),2022 R5 #166 (Tycen Anderson),0,0,2,1,2,1,0,0,24.343582215971676,24.58753024522619,0,-1,-1,0.24394802925451486,174.0,166.0,5 | 7,5
1679,2022,2022-04-30,DEN,2,pick_only,GB,2022 R5 #179 (Kingsley Enagbare) | 2022 R7 #234 (Jonathan Ford),2022 R5 #171 (Luke Wattenberg),0,0,2,1,2,1,0,0,21.146992113538392,22.063731831510403,0,-1,-1,0.9167397179720105,179.0,171.0,5 | 7,5
1679,2022,2022-04-30,GB,2,pick_only,DEN,2022 R5 #171 (Luke Wattenberg),2022 R5 #179 (Kingsley Enagbare) | 2022 R7 #234 (Jonathan Ford),0,0,1,2,1,2,0,0,22.063731831510403,21.146992113538392,0,1,1,-0.9167397179720105,171.0,179.0,5,5 | 7
1680,2022,2022-04-30,DET,2,pick_only,PHI,2022 R6 #181 (Kyron Johnson),2022 R6 #188 (Malcolm Rodriguez) | 2022 R7 #237 (Chase Lucas),0,0,1,2,1,2,0,0,17.766713400684264,17.54468552682698,0,1,1,-0.2220278738572823,181.0,188.0,6,6 | 7
1680,2022,2022-04-30,PHI,2,pick_only,DET,2022 R6 #188 (Malcolm Rodriguez) | 2022 R7 #237 (Chase Lucas),2022 R6 #181 (Kyron Johnson),0,0,2,1,2,1,0,0,17.54468552682698,17.766713400684264,0,-1,-1,0.2220278738572823,188.0,181.0,6 | 7,6
1681,2022,2022-04-30,LA,2,pick_only,TB,2022 R6 #218 (Ko Kieft),2022 R7 #261 (AJ Arcuri) | 2022 R7 #261 (Daniel Hardy),0,0,1,2,1,2,0,0,5.059094009250097,1.3406400920712787,0,1,1,-3.718453917178818,218.0,261.0,6,7
1681,2022,2022-04-30,TB,2,pick_only,LA,2022 R7 #261 (AJ Arcuri) | 2022 R7 #261 (Daniel Hardy),2022 R6 #218 (Ko Kieft),0,0,2,1,2,1,0,0,1.3406400920712787,5.059094009250097,0,-1,-1,3.718453917178818,261.0,218.0,7,6
1682,2022,2022-04-30,CLE,2,player_for_draft_capital_or_mixed,LA,Troy Hill,2023 R5 #140,1,0,0,1,0,1,0,0,0.0,36.610195369494626,-1,1,1,36.610195369494626,,140.0,,5
1682,2022,2022-04-30,LA,2,player_for_draft_capital_or_mixed,CLE,2023 R5 #140,Troy Hill,0,1,1,0,1,0,0,0,36.610195369494626,0.0,1,-1,-1,-36.610195369494626,140.0,,5,
1683,2022,2022-04-30,CHI,2,pick_only,LAC,2023 R6 #200,2022 R7 #255 (Elijah Hicks) | 2022 R7 #255 (Trenton Gill),0,0,1,2,1,2,0,0,10.235546239926343,2.0885475648548275,0,1,1,-8.146998675071515,200.0,255.0,6,7
1683,2022,2022-04-30,LAC,2,pick_only,CHI,2022 R7 #255 (Elijah Hicks) | 2022 R7 #255 (Trenton Gill),2023 R6 #200,0,0,2,1,2,1,0,0,2.0885475648548275,10.235546239926343,0,-1,-1,8.146998675071515,255.0,200.0,7,6
1684,2022,2022-05-02,HOU,2,player_for_draft_capital_or_mixed,KC,Lonnie Johnson Jr.,conditional 2024 R7,1,0,0,1,0,0,0,1,0.0,0.0,-1,1,0,0.0,,,,7
1684,2022,2022-05-02,KC,2,player_for_draft_capital_or_mixed,HOU,conditional 2024 R7,Lonnie Johnson Jr.,0,1,1,0,0,0,1,0,0.0,0.0,1,-1,0,0.0,,,7,
1685,2022,2022-05-12,LV,2,player_for_draft_capital_or_mixed,NE,2023 R6 #184,2023 R7 #231 | Jarrett Stidham,0,1,1,1,1,1,0,0,16.648899610038093,2.9536522918789987,1,0,0,-13.695247318159094,184.0,231.0,6,7
1685,2022,2022-05-12,NE,2,player_for_draft_capital_or_mixed,LV,2023 R7 #231 | Jarrett Stidham,2023 R6 #184,1,0,1,1,1,1,0,0,2.9536522918789987,16.648899610038093,-1,0,0,13.695247318159094,231.0,184.0,7,6
1686,2022,2022-05-13,ATL,2,player_for_draft_capital_or_mixed,LV,2023 R5 #144,2023 R7 #224 | Bryan Edwards,0,1,1,1,1,1,0,0,34.698703145794944,4.0,1,0,0,-30.698703145794944,144.0,224.0,5,7
1686,2022,2022-05-13,LV,2,player_for_draft_capital_or_mixed,ATL,2023 R7 #224 | Bryan Edwards,2023 R5 #144,1,0,1,1,1,1,0,0,4.0,34.698703145794944,-1,0,0,30.698703145794944,224.0,144.0,7,5
1707,2022,2022-07-06,CAR,2,player_for_draft_capital_or_mixed,CLE,conditional 2024 R4,Baker Mayfield,0,1,1,0,0,0,1,0,0.0,0.0,1,-1,0,0.0,,,4,
1707,2022,2022-07-06,CLE,2,player_for_draft_capital_or_mixed,CAR,Baker Mayfield,conditional 2024 R4,1,0,0,1,0,0,0,1,0.0,0.0,-1,1,0,0.0,,,,4
1687,2022,2022-07-12,CHI,2,player_for_draft_capital_or_mixed,NE,2024 R7 #231,N'Keal Harry,0,1,1,0,1,0,0,0,2.9536522918789987,0.0,1,-1,-1,-2.9536522918789987,231.0,,7,
1687,2022,2022-07-12,NE,2,player_for_draft_capital_or_mixed,CHI,N'Keal Harry,2024 R7 #231,1,0,0,1,0,1,0,0,0.0,2.9536522918789987,-1,1,1,2.9536522918789987,,231.0,,7
1688,2022,2022-08-15,PHI,2,player_only,SEA,JJ Arcega-Whiteside,Ugo Amadi,1,1,0,0,0,0,0,0,0.0,0.0,0,0,0,0.0,,,,
1688,2022,2022-08-15,SEA,2,player_only,PHI,Ugo Amadi,JJ Arcega-Whiteside,1,1,0,0,0,0,0,0,0.0,0.0,0,0,0,0.0,,,,
1691,2022,2022-08-17,LV,2,player_for_draft_capital_or_mixed,TEN,Tyree Gillespie,conditional 2024 R7,1,0,0,1,0,0,0,1,0.0,0.0,-1,1,0,0.0,,,,7
1691,2022,2022-08-17,TEN,2,player_for_draft_capital_or_mixed,LV,conditional 2024 R7,Tyree Gillespie,0,1,1,0,0,0,1,0,0.0,0.0,1,-1,0,0.0,,,7,
1689,2022,2022-08-22,LV,2,player_for_draft_capital_or_mixed,MIN,Nick Mullens,conditional 2024,1,0,0,1,0,0,0,1,0.0,0.0,-1,1,0,0.0,,,,
1689,2022,2022-08-22,MIN,2,player_for_draft_capital_or_mixed,LV,conditional 2024,Nick Mullens,0,1,1,0,0,0,1,0,0.0,0.0,1,-1,0,0.0,,,,
1690,2022,2022-08-22,ARI,2,player_for_draft_capital_or_mixed,BUF,2023 R5 #137,Cody Ford,0,1,1,0,1,0,0,0,38.1126063083793,0.0,1,-1,-1,-38.1126063083793,137.0,,5,
1690,2022,2022-08-22,BUF,2,player_for_draft_capital_or_mixed,ARI,Cody Ford,2023 R5 #137,1,0,0,1,0,1,0,0,0.0,38.1126063083793,-1,1,1,38.1126063083793,,137.0,,5
1692,2022,2022-08-23,GB,2,player_for_draft_capital_or_mixed,JAX,Cole Van Lanen,2023 R7 #242,1,0,0,1,0,1,0,0,0.0,1.8340080864093424,-1,1,1,1.8340080864093424,,242.0,,7
1692,2022,2022-08-23,JAX,2,player_for_draft_capital_or_mixed,GB,2023 R7 #242,Cole Van Lanen,0,1,1,0,1,0,0,0,1.8340080864093424,0.0,1,-1,-1,-1.8340080864093424,242.0,,7,
1693,2022,2022-08-24,PHI,2,player_for_draft_capital_or_mixed,TEN,2024 R7 #242 | Ugo Amadi,2024 R6 #182,1,0,1,1,1,1,0,0,1.8340080864093424,17.386009369028777,-1,0,0,15.552001282619434,242.0,182.0,7,6
1693,2022,2022-08-24,TEN,2,player_for_draft_capital_or_mixed,PHI,2024 R6 #182,2024 R7 #242 | Ugo Amadi,0,1,1,1,1,1,0,0,17.386009369028777,1.8340080864093424,1,0,0,-15.552001282619434,182.0,242.0,6,7
1701,2022,2022-08-29,CAR,2,player_for_draft_capital_or_mixed,TEN,2024 R7 #221 | Dennis Daley,2024 R5 #142,1,0,1,1,1,1,0,0,4.498485971635389,35.6416371851189,-1,0,0,31.143151213483513,221.0,142.0,7,5
1701,2022,2022-08-29,TEN,2,player_for_draft_capital_or_mixed,CAR,2024 R5 #142,2024 R7 #221 | Dennis Daley,0,1,1,1,1,1,0,0,35.6416371851189,4.498485971635389,1,0,0,-31.143151213483513,142.0,221.0,5,7
1702,2022,2022-08-29,CAR,2,player_for_draft_capital_or_mixed,JAX,2023 R7 #226 | 2024 R6 #177,Laviska Shenault,0,1,2,0,2,0,0,0,23.04275452031233,0.0,1,-2,-2,-23.04275452031233,177.0,,6 | 7,
1702,2022,2022-08-29,JAX,2,player_for_draft_capital_or_mixed,CAR,Laviska Shenault,2023 R7 #226 | 2024 R6 #177,1,0,0,2,0,2,0,0,0.0,23.04275452031233,-1,2,2,23.04275452031233,,177.0,,6 | 7
1695,2022,2022-08-30,NO,2,player_for_draft_capital_or_mixed,PHI,2025 R7 | C.J. Gardner-Johnson,2023 R5 #165 | 2024 R6 #199,1,0,1,2,0,2,0,0,0.0,35.770130109074024,-1,1,2,35.770130109074024,,165.0,7,5 | 6
1695,2022,2022-08-30,PHI,2,player_for_draft_capital_or_mixed,NO,2023 R5 #165 | 2024 R6 #199,2025 R7 | C.J. Gardner-Johnson,0,1,2,1,2,0,0,0,35.770130109074024,0.0,1,-1,-2,-35.770130109074024,165.0,,5 | 6,7
1696,2022,2022-08-30,MIN,2,player_for_draft_capital_or_mixed,PIT,Jesse Davis,conditional 2025 R7,1,0,0,1,0,0,0,1,0.0,0.0,-1,1,0,0.0,,,,7
1696,2022,2022-08-30,PIT,2,player_for_draft_capital_or_mixed,MIN,conditional 2025 R7,Jesse Davis,0,1,1,0,0,0,1,0,0.0,0.0,1,-1,0,0.0,,,7,
1697,2022,2022-08-30,ARI,2,player_for_draft_capital_or_mixed,LV,2023 R7 #220,Trayvon Mullen,0,1,1,0,1,0,0,0,4.678089182334822,0.0,1,-1,-1,-4.678089182334822,220.0,,7,
1697,2022,2022-08-30,LV,2,player_for_draft_capital_or_mixed,ARI,Trayvon Mullen,2023 R7 #220,1,0,0,1,0,1,0,0,0.0,4.678089182334822,-1,1,1,4.678089182334822,,220.0,,7
1698,2022,2022-08-30,HOU,2,player_for_draft_capital_or_mixed,MIN,2023 R7 #219 | Ross Blacklock,2023 R6 #201,1,0,1,1,1,1,0,0,4.8648630974661335,9.842578749076635,-1,0,0,4.9777156516105014,219.0,201.0,7,6
1698,2022,2022-08-30,MIN,2,player_for_draft_capital_or_mixed,HOU,2023 R6 #201,2023 R7 #219 | Ross Blacklock,0,1,1,1,1,1,0,0,9.842578749076635,4.8648630974661335,1,0,0,-4.9777156516105014,201.0,219.0,6,7
1699,2022,2022-08-30,IND,2,player_for_draft_capital_or_mixed,TB,2023 R6 #181,2023 R7 #236 | Grant Stuard,0,1,1,1,1,1,0,0,17.766713400684264,2.378414230005442,1,0,0,-15.388299170678822,181.0,236.0,6,7
1699,2022,2022-08-30,TB,2,player_for_draft_capital_or_mixed,IND,2023 R7 #236 | Grant Stuard,2023 R6 #181,1,0,1,1,1,1,0,0,2.378414230005442,17.766713400684264,-1,0,0,15.388299170678822,236.0,181.0,7,6
1700,2022,2022-08-30,DEN,2,player_for_draft_capital_or_mixed,PIT,2023 R7 #241 | Malik Reed,2023 R6 #195,1,0,1,1,1,1,0,0,1.9152065613971472,12.448632796256481,-1,0,0,10.533426234859334,241.0,195.0,7,6
1700,2022,2022-08-30,PIT,2,player_for_draft_capital_or_mixed,DEN,2023 R6 #195,2023 R7 #241 | Malik Reed,0,1,1,1,1,1,0,0,12.448632796256481,1.9152065613971472,1,0,0,-10.533426234859334,195.0,241.0,6,7
1694,2022,2022-08-31,MIN,2,player_for_draft_capital_or_mixed,PHI,2023 R7 #219 | conditional 2024 R4,Jalen Reagor,0,1,2,0,1,0,1,0,4.8648630974661335,0.0,1,-2,-1,-4.8648630974661335,219.0,,4 | 7,
1694,2022,2022-08-31,PHI,2,player_for_draft_capital_or_mixed,MIN,Jalen Reagor,2023 R7 #219 | conditional 2024 R4,1,0,0,2,0,1,0,1,0.0,4.8648630974661335,-1,2,1,4.8648630974661335,,219.0,,4 | 7
1704,2022,2022-09-21,LV,2,player_for_draft_capital_or_mixed,NE,2024 R6 #188,2024 R7 #223 | Justin Herron,0,1,1,1,1,1,0,0,15.2671082573136,4.159701029930424,1,0,0,-11.107407227383177,188.0,223.0,6,7
1704,2022,2022-09-21,NE,2,player_for_draft_capital_or_mixed,LV,2024 R7 #223 | Justin Herron,2024 R6 #188,1,0,1,1,1,1,0,0,4.159701029930424,15.2671082573136,-1,0,0,11.107407227383177,223.0,188.0,7,6
1703,2022,2022-10-10,ATL,2,player_for_draft_capital_or_mixed,CLE,2024 R7 #230 | Deion Jones,2024 R6 #197,1,0,1,1,1,1,0,0,3.0844216508158815,11.511115293083504,-1,0,0,8.426693642267622,230.0,197.0,7,6
1703,2022,2022-10-10,CLE,2,player_for_draft_capital_or_mixed,ATL,2024 R6 #197,2024 R7 #230 | Deion Jones,0,1,1,1,1,1,0,0,11.511115293083504,3.0844216508158815,1,0,0,-8.426693642267622,197.0,230.0,6,7
1705,2022,2022-10-17,ARI,2,player_for_draft_capital_or_mixed,CAR,2024 R6 #178 | 2025 R7,Robbie Anderson,0,1,2,0,1,0,0,0,18.959577657116494,0.0,1,-2,-1,-18.959577657116494,178.0,,6 | 7,
1705,2022,2022-10-17,CAR,2,player_for_draft_capital_or_mixed,ARI,Robbie Anderson,2024 R6 #178 | 2025 R7,1,0,0,2,0,1,0,0,0.0,18.959577657116494,-1,2,1,18.959577657116494,,178.0,,6 | 7
1706,2022,2022-10-20,CAR,2,player_for_draft_capital_or_mixed,SF,Christian McCaffrey,2023 R2 #61 | 2023 R3 #93 | 2023 R4 #132 | 2024 R5 #166,1,0,0,4,0,4,0,0,0.0,481.4334667694103,-1,4,4,481.4334667694103,,61.0,,2 | 3 | 4 | 5
1706,2022,2022-10-20,SF,2,player_for_draft_capital_or_mixed,CAR,2023 R2 #61 | 2023 R3 #93 | 2023 R4 #132 | 2024 R5 #166,Christian McCaffrey,0,1,4,0,4,0,0,0,481.4334667694103,0.0,1,-4,-4,-481.4334667694103,61.0,,2 | 3 | 4 | 5,
1708,2022,2022-10-24,JAX,2,player_for_draft_capital_or_mixed,NYJ,James Robinson,2023 R6 #185,1,0,0,1,0,1,0,0,0.0,16.29214802288608,-1,1,1,16.29214802288608,,185.0,,6
1708,2022,2022-10-24,NYJ,2,player_for_draft_capital_or_mixed,JAX,2023 R6 #185,James Robinson,0,1,1,0,1,0,0,0,16.29214802288608,0.0,1,-1,-1,-16.29214802288608,185.0,,6,
1709,2022,2022-10-25,DAL,2,player_for_draft_capital_or_mixed,LV,2023 R6 #204,2024 R7 #233 | Johnathan Hankins,0,1,1,1,1,1,0,0,8.751903472535176,2.7085110938737853,1,0,0,-6.043392378661391,204.0,233.0,6,7
1709,2022,2022-10-25,LV,2,player_for_draft_capital_or_mixed,DAL,2024 R7 #233 | Johnathan Hankins,2023 R6 #204,1,0,1,1,1,1,0,0,2.7085110938737853,8.751903472535176,-1,0,0,6.043392378661391,233.0,204.0,7,6
1710,2022,2022-10-26,CHI,2,player_for_draft_capital_or_mixed,PHI,Robert Quinn,2023 R4 #133,1,0,0,1,0,1,0,0,0.0,40.212164619745856,-1,1,1,40.212164619745856,,133.0,,4
1710,2022,2022-10-26,PHI,2,player_for_draft_capital_or_mixed,CHI,2023 R4 #133,Robert Quinn,0,1,1,0,1,0,0,0,40.212164619745856,0.0,1,-1,-1,-40.212164619745856,133.0,,4,
1711,2022,2022-10-27,KC,2,player_for_draft_capital_or_mixed,NYG,2023 R3 #100 | 2023 R6 #209,Kadarius Toney,0,1,2,0,2,0,0,0,109.6630773214101,0.0,1,-2,-2,-109.6630773214101,100.0,,3 | 6,
1711,2022,2022-10-27,NYG,2,player_for_draft_capital_or_mixed,KC,Kadarius Toney,2023 R3 #100 | 2023 R6 #209,1,0,0,2,0,2,0,0,0.0,109.6630773214101,-1,2,2,109.6630773214101,,100.0,,3 | 6
1712,2022,2022-10-31,BAL,2,player_for_draft_capital_or_mixed,CHI,2023 R2 #53 | 2023 R5 #148 | A.J. Klein,Roquan Smith,1,1,2,0,2,0,0,0,386.1212984319732,0.0,0,-2,-2,-386.1212984319732,53.0,,2 | 5,
1712,2022,2022-10-31,CHI,2,player_for_draft_capital_or_mixed,BAL,Roquan Smith,2023 R2 #53 | 2023 R5 #148 | A.J. Klein,1,1,0,2,0,2,0,0,0.0,386.1212984319732,0,2,2,386.1212984319732,,53.0,,2 | 5
1713,2022,2022-11-01,DET,2,player_for_draft_capital_or_mixed,MIN,2023 R4 #119 | conditional 2024 R4 #129 | T.J. Hockenson,2023 R2 #55 | 2024 R3 #73,1,0,2,2,2,2,1,0,99.27133572929466,549.2893281535081,-1,0,0,450.01799242421345,119.0,55.0,4,2 | 3
1713,2022,2022-11-01,MIN,2,player_for_draft_capital_or_mixed,DET,2023 R2 #55 | 2024 R3 #73,2023 R4 #119 | conditional 2024 R4 #129 | T.J. Hockenson,0,1,2,2,2,2,0,1,549.2893281535081,99.27133572929466,1,0,0,-450.01799242421345,55.0,119.0,2 | 3,4
1714,2022,2022-11-01,CHI,2,player_for_draft_capital_or_mixed,PIT,2023 R2 #32,Chase Claypool,0,1,1,0,1,0,0,0,590.0,0.0,1,-1,-1,-590.0,32.0,,2,
1714,2022,2022-11-01,PIT,2,player_for_draft_capital_or_mixed,CHI,Chase Claypool,2023 R2 #32,1,0,0,1,0,1,0,0,0.0,590.0,-1,1,1,590.0,,32.0,,2
1715,2022,2022-11-01,DEN,2,player_for_draft_capital_or_mixed,MIA,2025 R5 | Bradley Chubb,2023 R1 #29 | 2024 R4 #121 | Chase Edmonds,1,1,1,2,0,2,0,0,0.0,693.4253549293599,0,1,2,693.4253549293599,,29.0,5,1 | 4
1715,2022,2022-11-01,MIA,2,player_for_draft_capital_or_mixed,DEN,2023 R1 #29 | 2024 R4 #121 | Chase Edmonds,2025 R5 | Bradley Chubb,1,1,2,1,2,0,0,0,693.4253549293599,0.0,0,-1,-2,-693.4253549293599,29.0,,1 | 4,5
1716,2022,2022-11-01,ATL,2,player_for_draft_capital_or_mixed,JAX,Calvin Ridley,2023 R5 #159 | conditional 2024,1,0,0,2,0,1,0,1,0.0,28.377898570470364,-1,2,1,28.377898570470364,,159.0,,5
1716,2022,2022-11-01,JAX,2,player_for_draft_capital_or_mixed,ATL,2023 R5 #159 | conditional 2024,Calvin Ridley,0,1,2,0,1,0,1,0,28.377898570470364,0.0,1,-2,-1,-28.377898570470364,159.0,,5,
1717,2022,2022-11-01,MIA,2,player_for_draft_capital_or_mixed,SF,2023 R5 #155,Jeff Wilson,0,1,1,0,1,0,0,0,29.941188478294087,0.0,1,-1,-1,-29.941188478294087,155.0,,5,
1717,2022,2022-11-01,SF,2,player_for_draft_capital_or_mixed,MIA,Jeff Wilson,2023 R5 #155,1,0,0,1,0,1,0,0,0.0,29.941188478294087,-1,1,1,29.941188478294087,,155.0,,5
1718,2022,2022-11-01,DEN,2,player_for_draft_capital_or_mixed,NYJ,2024 R4 #113,2024 R5 #145 | Jacob Martin,0,1,1,1,1,1,0,0,68.46912841054362,34.23663262695757,1,0,0,-34.232495783586046,113.0,145.0,4,5
1718,2022,2022-11-01,NYJ,2,player_for_draft_capital_or_mixed,DEN,2024 R5 #145 | Jacob Martin,2024 R4 #113,1,0,1,1,1,1,0,0,34.23663262695757,68.46912841054362,-1,0,0,34.232495783586046,145.0,113.0,5,4
1719,2022,2022-11-01,PIT,2,player_for_draft_capital_or_mixed,WAS,conditional 2025 R6,conditional 2025 R7 | William Jackson III,0,1,1,1,0,0,1,1,0.0,0.0,1,0,0,0.0,,,6,7
1719,2022,2022-11-01,WAS,2,player_for_draft_capital_or_mixed,PIT,conditional 2025 R7 | William Jackson III,conditional 2025 R6,1,0,1,1,0,0,1,1,0.0,0.0,-1,0,0,0.0,,,7,6
1720,2022,2022-11-01,BUF,2,player_for_draft_capital_or_mixed,IND,2023 R5 #162 | Zack Moss,Nyheim Hines,1,1,1,0,1,0,0,0,26.812891859560057,0.0,0,-1,-1,-26.812891859560057,162.0,,5,
1720,2022,2022-11-01,IND,2,player_for_draft_capital_or_mixed,BUF,Nyheim Hines,2023 R5 #162 | Zack Moss,1,1,0,1,0,1,0,0,0.0,26.812891859560057,0,1,1,26.812891859560057,,162.0,,5
1721,2022,2022-11-01,ATL,2,player_for_draft_capital_or_mixed,BUF,Dean Marlowe,2023 R7 #245,1,0,0,1,0,1,0,0,0.0,1.6104903319492543,-1,1,1,1.6104903319492543,,245.0,,7
1721,2022,2022-11-01,BUF,2,player_for_draft_capital_or_mixed,ATL,2023 R7 #245,Dean Marlowe,0,1,1,0,1,0,0,0,1.6104903319492543,0.0,1,-1,-1,-1.6104903319492543,245.0,,7,
1722,2022,2022-11-01,ATL,2,player_for_draft_capital_or_mixed,KC,conditional 2023 R7,Rashad Fenton,0,1,1,0,0,0,1,0,0.0,0.0,1,-1,0,0.0,,,7,
1722,2022,2022-11-01,KC,2,player_for_draft_capital_or_mixed,ATL,Rashad Fenton,conditional 2023 R7,1,0,0,1,0,0,0,1,0.0,0.0,-1,1,0,0.0,,,,7
1725,2023,2023-01-31,DEN,2,player_for_draft_capital_or_mixed,NO,2023 R1 #29 | 2024 R2 #45,2024 R3 #81 | Sean Payton,0,1,2,1,2,1,0,0,1069.4720557935402,172.3634075147178,1,-1,-1,-897.1086482788224,29.0,81.0,1 | 2,3
1725,2023,2023-01-31,NO,2,player_for_draft_capital_or_mixed,DEN,2024 R3 #81 | Sean Payton,2023 R1 #29 | 2024 R2 #45,1,0,1,2,1,2,0,0,172.3634075147178,1069.4720557935402,-1,1,1,897.1086482788224,81.0,29.0,3,1 | 2
1723,2023,2023-03-09,BAL,2,player_for_draft_capital_or_mixed,NYJ,Chuck Clark,2024 R7 #228,1,0,0,1,0,1,0,0,0.0,3.363585661014858,-1,1,1,3.363585661014858,,228.0,,7
1723,2023,2023-03-09,NYJ,2,player_for_draft_capital_or_mixed,BAL,2024 R7 #228,Chuck Clark,0,1,1,0,1,0,0,0,3.363585661014858,0.0,1,-1,-1,-3.363585661014858,228.0,,7,
1724,2023,2023-03-10,CAR,2,player_for_draft_capital_or_mixed,CHI,2023 R1 #9 | 2023 R2 #61 | 2024 R1 #1 | 2025 R2 | D.J. Moore,2023 R1 #1,1,0,4,1,3,1,0,0,4640.529868387881,3000.0,-1,-3,-2,-1640.529868387881,1.0,1.0,1 | 2,1
1724,2023,2023-03-10,CHI,2,player_for_draft_capital_or_mixed,CAR,2023 R1 #1,2023 R1 #9 | 2023 R2 #61 | 2024 R1 #1 | 2025 R2 | D.J. Moore,0,1,1,4,1,3,0,0,3000.0,4640.529868387881,1,3,2,1640.529868387881,1.0,1.0,1,1 | 2
1726,2023,2023-03-12,LA,2,player_for_draft_capital_or_mixed,MIA,Jalen Ramsey,2023 R3 #77 | Hunter Long,1,1,0,1,0,1,0,0,0.0,191.56152823688092,0,1,1,191.56152823688092,,77.0,,3
1726,2023,2023-03-12,MIA,2,player_for_draft_capital_or_mixed,LA,2023 R3 #77 | Hunter Long,Jalen Ramsey,1,1,1,0,1,0,0,0,191.56152823688092,0.0,0,-1,-1,-191.56152823688092,77.0,,3,
1727,2023,2023-03-13,ATL,2,player_for_draft_capital_or_mixed,NE,2023 R7 #245,Jonnu Smith,0,1,1,0,1,0,0,0,1.6104903319492543,0.0,1,-1,-1,-1.6104903319492543,245.0,,7,
1727,2023,2023-03-13,NE,2,player_for_draft_capital_or_mixed,ATL,Jonnu Smith,2023 R7 #245,1,0,0,1,0,1,0,0,0.0,1.6104903319492543,-1,1,1,1.6104903319492543,,245.0,,7
1728,2023,2023-03-14,HOU,2,player_for_draft_capital_or_mixed,TB,2023 R6 #179,2023 R7 #230 | Shaq Mason,0,1,1,1,1,1,0,0,18.553313004236372,3.0844216508158815,1,0,0,-15.46889135342049,179.0,230.0,6,7
1728,2023,2023-03-14,TB,2,player_for_draft_capital_or_mixed,HOU,2023 R7 #230 | Shaq Mason,2023 R6 #179,1,0,1,1,1,1,0,0,3.0844216508158815,18.553313004236372,-1,0,0,15.46889135342049,230.0,179.0,7,6
1729,2023,2023-03-14,LV,2,player_for_draft_capital_or_mixed,NYG,Darren Waller,2023 R3 #100,1,0,0,1,0,1,0,0,0.0,102.46706518524651,-1,1,1,102.46706518524651,,100.0,,3
1729,2023,2023-03-14,NYG,2,player_for_draft_capital_or_mixed,LV,2023 R3 #100,Darren Waller,0,1,1,0,1,0,0,0,102.46706518524651,0.0,1,-1,-1,-102.46706518524651,100.0,,3,
1730,2023,2023-03-14,DAL,2,player_for_draft_capital_or_mixed,IND,2023 R5 #176,Stephon Gilmore,0,1,1,0,1,0,0,0,19.798989873223327,0.0,1,-1,-1,-19.798989873223327,176.0,,5,
1730,2023,2023-03-14,IND,2,player_for_draft_capital_or_mixed,DAL,Stephon Gilmore,2023 R5 #176,1,0,0,1,0,1,0,0,0.0,19.798989873223327,-1,1,1,19.798989873223327,,176.0,,5
1731,2023,2023-03-19,DAL,2,player_for_draft_capital_or_mixed,HOU,2023 R5 #161 | 2024 R6 #200,Brandin Cooks,0,1,2,0,2,0,0,0,37.63556397838194,0.0,1,-2,-2,-37.63556397838194,161.0,,5 | 6,
1731,2023,2023-03-19,HOU,2,player_for_draft_capital_or_mixed,DAL,Brandin Cooks,2023 R5 #161 | 2024 R6 #200,1,0,0,2,0,2,0,0,0.0,37.63556397838194,-1,2,2,37.63556397838194,,161.0,,5 | 6
1732,2023,2023-03-22,CLE,2,player_for_draft_capital_or_mixed,NYJ,2023 R2 #42,2023 R3 #74 | Elijah Moore,0,1,1,1,1,1,0,0,462.1276290591479,207.3507972290508,1,0,0,-254.7768318300971,42.0,74.0,2,3
1732,2023,2023-03-22,NYJ,2,player_for_draft_capital_or_mixed,CLE,2023 R3 #74 | Elijah Moore,2023 R2 #42,1,0,1,1,1,1,0,0,207.3507972290508,462.1276290591479,-1,0,0,254.7768318300971,74.0,42.0,3,2
1733,2023,2023-03-24,CAR,2,player_for_draft_capital_or_mixed,SF,conditional 2025 R7 | Zane Gonzalez,conditional 2025 R7,1,0,1,1,0,0,1,1,0.0,0.0,-1,0,0,0.0,,,7,7
1733,2023,2023-03-24,SF,2,player_for_draft_capital_or_mixed,CAR,conditional 2025 R7,conditional 2025 R7 | Zane Gonzalez,0,1,1,1,0,0,1,1,0.0,0.0,1,0,0,0.0,,,7,7
1734,2023,2023-04-11,ATL,2,player_for_draft_capital_or_mixed,DET,2023 R5 #159,Jeff Okudah,0,1,1,0,1,0,0,0,28.377898570470364,0.0,1,-1,-1,-28.377898570470364,159.0,,5,
1734,2023,2023-04-11,DET,2,player_for_draft_capital_or_mixed,ATL,Jeff Okudah,2023 R5 #159,1,0,0,1,0,1,0,0,0.0,28.377898570470364,-1,1,1,28.377898570470364,,159.0,,5
1735,2023,2023-04-18,LA,2,player_for_draft_capital_or_mixed,PIT,2023 R7 #251 | Allen Robinson,2023 R7 #234,1,0,1,1,1,1,0,0,1.241857812073484,2.5936791093020193,-1,0,0,1.3518212972285353,251.0,234.0,7,7
1735,2023,2023-04-18,PIT,2,player_for_draft_capital_or_mixed,LA,2023 R7 #234,2023 R7 #251 | Allen Robinson,0,1,1,1,1,1,0,0,2.5936791093020193,1.241857812073484,1,0,0,-1.3518212972285353,234.0,251.0,7,7
1736,2023,2023-04-24,GB,2,player_for_draft_capital_or_mixed,NYJ,2023 R1 #15 | 2023 R5 #170 | Aaron Rodgers,2023 R1 #13 | 2023 R2 #42 | 2023 R6 #207 | conditional 2024 R1,1,0,2,4,2,3,0,1,1072.5468646472896,1619.9097171018532,-1,2,1,547.3628524545636,15.0,13.0,1 | 5,1 | 2 | 6
1736,2023,2023-04-24,NYJ,2,player_for_draft_capital_or_mixed,GB,2023 R1 #13 | 2023 R2 #42 | 2023 R6 #207 | conditional 2024 R1,2023 R1 #15 | 2023 R5 #170 | Aaron Rodgers,0,1,4,2,3,2,1,0,1619.9097171018532,1072.5468646472896,1,-2,-1,-547.3628524545636,13.0,15.0,1 | 2 | 6,1 | 5
1737,2023,2023-04-27,ARI,2,pick_only,PHI,2023 R3 #66,2023 R3 #94 | 2024 R5 #156,0,0,1,2,1,2,0,0,256.1133125007298,151.8320934389283,0,1,1,-104.28121906180152,66.0,94.0,3,3 | 5
1737,2023,2023-04-27,PHI,2,pick_only,ARI,2023 R3 #94 | 2024 R5 #156,2023 R3 #66,0,0,2,1,2,1,0,0,151.8320934389283,256.1133125007298,0,-1,-1,104.28121906180152,94.0,66.0,3 | 5,3
1738,2023,2023-04-27,ARI,2,pick_only,HOU,2023 R1 #3 | 2023 R4 #105,2023 R1 #12 | 2023 R2 #33 | 2024 R1 #27 | 2024 R3 #90,0,0,2,4,2,4,0,0,2287.7490014151167,2591.6724485845803,0,2,2,303.92344716946354,3.0,12.0,1 | 4,1 | 2 | 3
1738,2023,2023-04-27,HOU,2,pick_only,ARI,2023 R1 #12 | 2023 R2 #33 | 2024 R1 #27 | 2024 R3 #90,2023 R1 #3 | 2023 R4 #105,0,0,4,2,4,2,0,0,2591.6724485845803,2287.7490014151167,0,-2,-2,-303.92344716946354,12.0,3.0,1 | 2 | 3,1 | 4
1739,2023,2023-04-27,ARI,2,pick_only,DET,2023 R1 #12 | 2023 R2 #34 | 2023 R5 #168,2023 R1 #6 | 2023 R3 #81,0,0,3,2,3,2,0,0,1785.4127085219568,1772.363407514718,0,-1,-1,-13.04930100723891,12.0,6.0,1 | 2 | 5,1 | 3
1739,2023,2023-04-27,DET,2,pick_only,ARI,2023 R1 #6 | 2023 R3 #81,2023 R1 #12 | 2023 R2 #34 | 2023 R5 #168,0,0,2,3,2,3,0,0,1772.363407514718,1785.4127085219568,0,1,1,13.04930100723891,6.0,12.0,1 | 3,1 | 2 | 5
1740,2023,2023-04-27,CHI,2,pick_only,PHI,2023 R1 #9,2023 R1 #10 | 2024 R4 #122,0,0,1,2,1,2,0,0,1350.0,1351.7939452223154,0,1,1,1.7939452223154149,9.0,10.0,1,1 | 4
1740,2023,2023-04-27,PHI,2,pick_only,CHI,2023 R1 #10 | 2024 R4 #122,2023 R1 #9,0,0,2,1,2,1,0,0,1351.7939452223154,1350.0,0,-1,-1,-1.7939452223154149,10.0,9.0,1 | 4,1
1741,2023,2023-04-27,NE,2,pick_only,PIT,2023 R1 #14,2023 R1 #17 | 2023 R4 #120,0,0,1,2,1,2,0,0,1100.0,1005.1081509059925,0,1,1,-94.89184909400751,14.0,17.0,1,1 | 4
1741,2023,2023-04-27,PIT,2,pick_only,NE,2023 R1 #17 | 2023 R4 #120,2023 R1 #14,0,0,2,1,2,1,0,0,1005.1081509059925,1100.0,0,-1,-1,94.89184909400751,17.0,14.0,1 | 4,1
1742,2023,2023-04-27,JAX,2,pick_only,NYG,2023 R1 #24,2023 R1 #25 | 2023 R5 #160 | 2023 R7 #240,0,0,1,3,1,3,0,0,740.0,750.0,0,2,2,10.0,24.0,25.0,1,1 | 5 | 7
1742,2023,2023-04-27,NYG,2,pick_only,JAX,2023 R1 #25 | 2023 R5 #160 | 2023 R7 #240,2023 R1 #24,0,0,3,1,3,1,0,0,750.0,740.0,0,-2,-2,-10.0,25.0,24.0,1 | 5 | 7,1
1743,2023,2023-04-27,BUF,2,pick_only,JAX,2023 R1 #27 | 2023 R4 #130,2023 R1 #25,0,0,2,1,2,1,0,0,721.8623933440448,720.0,0,-1,-1,-1.86239334404479,27.0,25.0,1 | 4,1
1743,2023,2023-04-27,JAX,2,pick_only,BUF,2023 R1 #25,2023 R1 #27 | 2023 R4 #130,0,0,1,2,1,2,0,0,720.0,721.8623933440448,0,1,1,1.86239334404479,25.0,27.0,1,1 | 4
1744,2023,2023-04-28,ARI,2,pick_only,TEN,2023 R2 #33 | 2023 R3 #81,2023 R2 #41 | 2023 R3 #72 | 2024 R3 #71,0,0,2,3,2,3,0,0,748.1254149865232,916.5905818250639,0,1,1,168.46516683854065,33.0,41.0,2 | 3,2 | 3
1744,2023,2023-04-28,TEN,2,pick_only,ARI,2023 R2 #41 | 2023 R3 #72 | 2024 R3 #71,2023 R2 #33 | 2023 R3 #81,0,0,3,2,3,2,0,0,916.5905818250639,748.1254149865232,0,-1,-1,-168.46516683854065,41.0,33.0,2 | 3,2 | 3
1745,2023,2023-04-28,IND,2,pick_only,LV,2023 R2 #35,2023 R2 #38 | 2023 R5 #141,0,0,1,2,1,2,0,0,548.3085125943791,545.6857633681923,0,1,1,-2.6227492261867837,35.0,38.0,2,2 | 5
1745,2023,2023-04-28,LV,2,pick_only,IND,2023 R2 #38 | 2023 R5 #141,2023 R2 #35,0,0,2,1,2,1,0,0,545.6857633681923,548.3085125943791,0,-1,-1,2.6227492261867837,38.0,35.0,2 | 5,2
1746,2023,2023-04-28,ATL,2,pick_only,IND,2023 R2 #44 | 2023 R4 #110,2023 R2 #38,0,0,2,1,2,1,0,0,515.2374471997388,509.56309319230627,0,-1,-1,-5.674354007432498,44.0,38.0,2 | 4,2
1746,2023,2023-04-28,IND,2,pick_only,ATL,2023 R2 #38,2023 R2 #44 | 2023 R4 #110,0,0,1,2,1,2,0,0,509.56309319230627,515.2374471997388,0,1,1,5.674354007432498,38.0,44.0,2,2 | 4
1747,2023,2023-04-28,DET,2,pick_only,GB,2023 R2 #48 | 2023 R5 #159,2023 R2 #45,0,0,2,1,2,1,0,0,427.5019394399725,429.4720557935401,0,-1,-1,1.9701163535676187,48.0,45.0,2 | 5,2
1747,2023,2023-04-28,GB,2,pick_only,DET,2023 R2 #45,2023 R2 #48 | 2023 R5 #159,0,0,1,2,1,2,0,0,429.4720557935401,427.5019394399725,0,1,1,-1.9701163535676187,45.0,48.0,2,2 | 5
1748,2023,2023-04-28,GB,2,pick_only,TB,2023 R2 #48,2023 R2 #50 | 2023 R6 #179,0,0,1,2,1,2,0,0,399.1240408695021,398.6463138445733,0,1,1,-0.4777270249288108,48.0,50.0,2,2 | 6
1748,2023,2023-04-28,TB,2,pick_only,GB,2023 R2 #50 | 2023 R6 #179,2023 R2 #48,0,0,2,1,2,1,0,0,398.6463138445733,399.1240408695021,0,-1,-1,0.4777270249288108,50.0,48.0,2 | 6,2
1749,2023,2023-04-28,DET,2,pick_only,KC,2023 R2 #55 | 2023 R6 #194,2023 R2 #63 | 2023 R4 #122 | 2023 R7 #249,0,0,2,3,2,3,0,0,349.33700849820207,329.82501850422733,0,1,1,-19.511989993974737,55.0,63.0,2 | 6,2 | 4 | 7
1749,2023,2023-04-28,KC,2,pick_only,DET,2023 R2 #63 | 2023 R4 #122 | 2023 R7 #249,2023 R2 #55 | 2023 R6 #194,0,0,3,2,3,2,0,0,329.82501850422733,349.33700849820207,0,-1,-1,19.511989993974737,63.0,55.0,2 | 4 | 7,2 | 6
1750,2023,2023-04-28,CHI,2,pick_only,JAX,2023 R2 #61 | 2023 R5 #136,2023 R2 #56,0,0,2,1,2,1,0,0,329.1568568191478,328.2735003541492,0,-1,-1,-0.8833564649985988,61.0,56.0,2 | 5,2
1750,2023,2023-04-28,JAX,2,pick_only,CHI,2023 R2 #56,2023 R2 #61 | 2023 R5 #136,0,0,1,2,1,2,0,0,328.2735003541492,329.1568568191478,0,1,1,0.8833564649985988,56.0,61.0,2,2 | 5
1751,2023,2023-04-28,HOU,2,pick_only,PHI,2023 R3 #65 | 2023 R6 #188 | 2023 R7 #230,2023 R2 #62,0,0,3,1,3,1,0,0,281.3165358978945,283.5187461924169,0,-2,-2,2.2022102945224447,65.0,62.0,3 | 6 | 7,2
1751,2023,2023-04-28,PHI,2,pick_only,HOU,2023 R2 #62,2023 R3 #65 | 2023 R6 #188 | 2023 R7 #230,0,0,1,3,1,3,0,0,283.5187461924169,281.3165358978945,0,2,2,-2.2022102945224447,62.0,65.0,2,3 | 6 | 7
1752,2023,2023-04-28,DEN,2,pick_only,DET,2023 R3 #68 | 2023 R4 #139,2023 R2 #63 | 2023 R6 #183,0,0,2,2,2,2,0,0,280.0451479430781,293.6902807747015,0,0,0,13.645132831623357,68.0,63.0,3 | 4,2 | 6
1752,2023,2023-04-28,DET,2,pick_only,DEN,2023 R2 #63 | 2023 R6 #183,2023 R3 #68 | 2023 R4 #139,0,0,2,2,2,2,0,0,293.6902807747015,280.0451479430781,0,0,0,-13.645132831623357,63.0,68.0,2 | 6,3 | 4
1753,2023,2023-04-28,HOU,2,pick_only,LA,2023 R3 #73 | 2023 R5 #161,2023 R3 #69,0,0,2,1,2,1,0,0,240.29798505971507,236.61089419518237,0,-1,-1,-3.6870908645327063,73.0,69.0,3 | 5,3
1753,2023,2023-04-28,LA,2,pick_only,HOU,2023 R3 #69,2023 R3 #73 | 2023 R5 #161,0,0,1,2,1,2,0,0,236.61089419518237,240.29798505971507,0,1,1,3.6870908645327063,69.0,73.0,3,3 | 5
1754,2023,2023-04-28,LA,2,pick_only,NYG,2023 R3 #73,2023 R3 #89 | 2023 R4 #128,0,0,1,2,1,2,0,0,212.89796732125947,182.54639691441523,0,1,1,-30.351570406844246,73.0,89.0,3,3 | 4
1754,2023,2023-04-28,NYG,2,pick_only,LA,2023 R3 #89 | 2023 R4 #128,2023 R3 #73,0,0,2,1,2,1,0,0,182.54639691441523,212.89796732125947,0,-1,-1,30.351570406844246,89.0,73.0,3 | 4,3
1755,2023,2023-04-28,CAR,2,pick_only,PIT,2023 R3 #93 | 2023 R4 #132,2023 R3 #80,0,0,2,1,2,1,0,0,166.31606813630265,176.97457444503152,0,-1,-1,10.658506308728875,93.0,80.0,3 | 4,3
1755,2023,2023-04-28,PIT,2,pick_only,CAR,2023 R3 #80,2023 R3 #93 | 2023 R4 #132,0,0,1,2,1,2,0,0,176.97457444503152,166.31606813630265,0,1,1,-10.658506308728875,80.0,93.0,3,3 | 4
1756,2023,2023-04-28,DEN,2,pick_only,SEA,2023 R4 #108 | 2024 R3 #81,2023 R3 #83,0,0,2,1,2,1,0,0,252.3168033468845,163.49838241669462,0,-1,-1,-88.81842093018989,81.0,83.0,3 | 4,3
1756,2023,2023-04-28,SEA,2,pick_only,DEN,2023 R3 #83,2023 R4 #108 | 2024 R3 #81,0,0,1,2,1,2,0,0,163.49838241669462,252.3168033468845,0,1,1,88.81842093018989,83.0,81.0,3,3 | 4
1757,2023,2023-04-28,MIN,2,pick_only,SF,2023 R3 #87,2023 R3 #102 | 2023 R5 #164 | 2023 R7 #222,0,0,1,3,1,3,0,0,147.1127244382688,126.3065844922238,0,2,2,-20.806139946044993,87.0,102.0,3,3 | 5 | 7
1757,2023,2023-04-28,SF,2,pick_only,MIN,2023 R3 #102 | 2023 R5 #164 | 2023 R7 #222,2023 R3 #87,0,0,3,1,3,1,0,0,126.3065844922238,147.1127244382688,0,-2,-2,20.806139946044993,102.0,87.0,3 | 5 | 7,3
1758,2023,2023-04-28,CIN,2,pick_only,KC,2023 R3 #92,2023 R3 #95 | 2023 R6 #217,0,0,1,2,1,2,0,0,128.9202713956601,124.36437964818104,0,1,1,-4.555891747479066,92.0,95.0,3,3 | 6
1758,2023,2023-04-28,KC,2,pick_only,CIN,2023 R3 #95 | 2023 R6 #217,2023 R3 #92,0,0,2,1,2,1,0,0,124.36437964818104,128.9202713956601,0,-1,-1,4.555891747479066,95.0,92.0,3 | 6,3
1759,2023,2023-04-28,ARI,2,pick_only,DET,2023 R3 #96,2023 R4 #122 | 2023 R5 #168 | 2023 R5 #168,0,0,1,3,1,3,0,0,116.0,98.88414447652353,0,2,2,-17.11585552347647,96.0,122.0,3,4 | 5
1759,2023,2023-04-28,DET,2,pick_only,ARI,2023 R4 #122 | 2023 R5 #168 | 2023 R5 #168,2023 R3 #96,0,0,3,1,3,1,0,0,98.88414447652353,116.0,0,-2,-2,17.11585552347647,122.0,96.0,4 | 5,3
1760,2023,2023-04-29,CHI,2,pick_only,NO,2023 R4 #103,2023 R4 #115 | 2023 R5 #165,0,0,1,2,1,2,0,0,93.36390945076992,89.4773202289744,0,1,1,-3.886589221795518,103.0,115.0,4,4 | 5
1760,2023,2023-04-29,NO,2,pick_only,CHI,2023 R4 #115 | 2023 R5 #165,2023 R4 #103,0,0,2,1,2,1,0,0,89.4773202289744,93.36390945076992,0,-1,-1,3.886589221795518,115.0,103.0,4 | 5,4
1761,2023,2023-04-29,HOU,2,pick_only,LV,2023 R4 #104 | 2023 R6 #203,2023 R4 #109 | 2023 R5 #174,0,0,2,2,2,2,0,0,99.61425174522137,98.18748542197238,0,0,0,-1.4267663232489838,104.0,109.0,4 | 6,4 | 5
1761,2023,2023-04-29,LV,2,pick_only,HOU,2023 R4 #109 | 2023 R5 #174,2023 R4 #104 | 2023 R6 #203,0,0,2,2,2,2,0,0,98.18748542197238,99.61425174522137,0,0,0,1.4267663232489838,109.0,104.0,4 | 5,4 | 6
1762,2023,2023-04-29,HOU,2,pick_only,PHI,2023 R4 #105,2024 R3 #86,0,0,1,1,1,1,0,0,87.74900141511668,151.0483702910592,0,0,0,63.29936887594252,105.0,86.0,4,3
1762,2023,2023-04-29,PHI,2,pick_only,HOU,2024 R3 #86,2023 R4 #105,0,0,1,1,1,1,0,0,151.0483702910592,87.74900141511668,0,0,0,-63.29936887594252,86.0,105.0,3,4
1763,2023,2023-04-29,NE,2,pick_only,NYJ,2023 R4 #120 | 2023 R6 #184,2023 R4 #112,0,0,2,1,2,1,0,0,71.75705051603063,70.6257743320383,0,-1,-1,-1.1312761839923269,120.0,112.0,4 | 6,4
1763,2023,2023-04-29,NYJ,2,pick_only,NE,2023 R4 #112,2023 R4 #120 | 2023 R6 #184,0,0,1,2,1,2,0,0,70.6257743320383,71.75705051603063,0,1,1,1.1312761839923269,112.0,120.0,4,4 | 6
1764,2023,2023-04-29,KC,2,pick_only,MIN,2023 R4 #134 | 2024 R5 #167,2023 R4 #119,0,0,2,1,2,1,0,0,63.73734343254863,56.843951720921865,0,-1,-1,-6.893391711626762,134.0,119.0,4 | 5,4
1764,2023,2023-04-29,MIN,2,pick_only,KC,2023 R4 #119,2023 R4 #134 | 2024 R5 #167,0,0,1,2,1,2,0,0,56.843951720921865,63.73734343254863,0,1,1,6.893391711626762,119.0,134.0,4,4 | 5
1765,2023,2023-04-29,JAX,2,pick_only,NO,2023 R4 #127,2023 R7 #227 | 2024 R4 #116,0,0,1,2,1,2,0,0,44.35441733781426,65.89884761591453,0,1,1,21.544430278100272,127.0,116.0,4,4 | 7
1765,2023,2023-04-29,NO,2,pick_only,JAX,2023 R7 #227 | 2024 R4 #116,2023 R4 #127,0,0,2,1,2,1,0,0,65.89884761591453,44.35441733781426,0,-1,-1,-21.544430278100272,116.0,127.0,4 | 7,4
1766,2023,2023-04-29,DET,2,player_for_draft_capital_or_mixed,PHI,2023 R7 #249 | D'Andre Swift,2023 R7 #219 | 2025 R4,1,0,1,2,1,1,0,0,1.3542555469368927,4.8648630974661335,-1,1,0,3.510607550529241,249.0,219.0,7,4 | 7
1766,2023,2023-04-29,PHI,2,player_for_draft_capital_or_mixed,DET,2023 R7 #219 | 2025 R4,2023 R7 #249 | D'Andre Swift,0,1,2,1,1,1,0,0,4.8648630974661335,1.3542555469368927,1,-1,0,-3.510607550529241,219.0,249.0,4 | 7,7
1767,2023,2023-04-29,LV,2,pick_only,NE,2023 R5 #144 | 2023 R6 #214,2023 R4 #135,0,0,2,1,2,1,0,0,40.61542638506689,39.14831284947172,0,-1,-1,-1.4671135355951677,144.0,135.0,5 | 6,4
1767,2023,2023-04-29,NE,2,pick_only,LV,2023 R4 #135,2023 R5 #144 | 2023 R6 #214,0,0,1,2,1,2,0,0,39.14831284947172,40.61542638506689,0,1,1,1.4671135355951677,135.0,144.0,4,5 | 6
1768,2023,2023-04-29,BUF,2,pick_only,WAS,2023 R5 #137,2023 R5 #150 | 2023 R6 #215,0,0,1,2,1,2,0,0,38.1126063083793,37.70652183933229,0,1,1,-0.4060844690470091,137.0,150.0,5,5 | 6
1768,2023,2023-04-29,WAS,2,pick_only,BUF,2023 R5 #150 | 2023 R6 #215,2023 R5 #137,0,0,2,1,2,1,0,0,37.70652183933229,38.1126063083793,0,-1,-1,0.4060844690470091,150.0,137.0,5 | 6,5
1769,2023,2023-04-29,IND,2,pick_only,MIN,2023 R5 #141,2023 R5 #158 | 2023 R6 #211,0,0,1,2,1,2,0,0,36.12267017588604,35.41497152518936,0,1,1,-0.7076986506966847,141.0,158.0,5,5 | 6
1769,2023,2023-04-29,MIN,2,pick_only,IND,2023 R5 #158 | 2023 R6 #211,2023 R5 #141,0,0,2,1,2,1,0,0,35.41497152518936,36.12267017588604,0,-1,-1,0.7076986506966847,158.0,141.0,5 | 6,5
1770,2023,2023-04-29,HOU,2,pick_only,LA,2023 R5 #174 | 2023 R7 #259,2023 R5 #167,0,0,2,1,2,1,0,0,21.462193904219543,24.060670173714687,0,-1,-1,2.598476269495144,174.0,167.0,5 | 7,5
1770,2023,2023-04-29,LA,2,pick_only,HOU,2023 R5 #167,2023 R5 #174 | 2023 R7 #259,0,0,1,2,1,2,0,0,24.060670173714687,21.462193904219543,0,1,1,-2.598476269495144,167.0,174.0,5,5 | 7
1771,2023,2023-04-29,LV,2,pick_only,NYJ,2023 R6 #204 | 2023 R7 #220,2023 R5 #170,0,0,2,1,2,1,0,0,13.429992654869999,22.546864647289553,0,-1,-1,9.116871992419554,204.0,170.0,6 | 7,5
1771,2023,2023-04-29,NYJ,2,pick_only,LV,2023 R5 #170,2023 R6 #204 | 2023 R7 #220,0,0,1,2,1,2,0,0,22.546864647289553,13.429992654869999,0,1,1,-9.116871992419554,170.0,204.0,5,6 | 7
1772,2023,2023-04-29,LA,2,pick_only,TB,2023 R5 #171,2023 R5 #175 | 2023 R7 #252,0,0,1,2,1,2,0,0,22.063731831510403,21.42173841268137,0,1,1,-0.6419934188290313,171.0,175.0,5,5 | 7
1772,2023,2023-04-29,TB,2,pick_only,LA,2023 R5 #175 | 2023 R7 #252,2023 R5 #171,0,0,2,1,2,1,0,0,21.42173841268137,22.063731831510403,0,-1,-1,0.6419934188290313,175.0,171.0,5 | 7,5
1773,2023,2023-04-29,HOU,2,pick_only,PHI,2023 R6 #191,2023 R7 #248 | 2023 R7 #248,0,0,1,2,1,2,0,0,14.306560081157631,2.8284271247461903,0,1,1,-11.478132956411441,191.0,248.0,6,7
1773,2023,2023-04-29,PHI,2,pick_only,HOU,2023 R7 #248 | 2023 R7 #248,2023 R6 #191,0,0,2,1,2,1,0,0,2.8284271247461903,14.306560081157631,0,-1,-1,11.478132956411441,248.0,191.0,7,6
1774,2023,2023-04-29,DAL,2,pick_only,KC,2024 R5 #159,2023 R6 #178,0,0,1,1,1,1,0,0,28.377898570470364,18.959577657116494,0,0,0,-9.41832091335387,159.0,178.0,5,6
1774,2023,2023-04-29,KC,2,pick_only,DAL,2023 R6 #178,2024 R5 #159,0,0,1,1,1,1,0,0,18.959577657116494,28.377898570470364,0,0,0,9.41832091335387,178.0,159.0,6,5
1775,2023,2023-04-29,PHI,2,pick_only,TB,2023 R6 #191,2024 R5 #161,0,0,1,1,1,1,0,0,14.306560081157631,27.4000177384556,0,0,0,13.093457657297968,191.0,161.0,6,5
1775,2023,2023-04-29,TB,2,pick_only,PHI,2024 R5 #161,2023 R6 #191,0,0,1,1,1,1,0,0,27.4000177384556,14.306560081157631,0,0,0,-13.093457657297968,161.0,191.0,5,6
1776,2023,2023-04-29,DEN,2,player_for_draft_capital_or_mixed,NO,2023 R6 #195,2023 R7 #257 | Adam Trautman,0,1,1,1,1,1,0,0,12.448632796256481,0.9231163463866358,1,0,0,-11.525516449869846,195.0,257.0,6,7
1776,2023,2023-04-29,NO,2,player_for_draft_capital_or_mixed,DEN,2023 R7 #257 | Adam Trautman,2023 R6 #195,1,0,1,1,1,1,0,0,0.9231163463866358,12.448632796256481,-1,0,0,11.525516449869846,257.0,195.0,7,6
1777,2023,2023-04-29,BUF,2,pick_only,HOU,2023 R6 #205,2023 R7 #230 | 2024 R6 #200,0,0,1,2,1,2,0,0,8.41589663253425,13.319967890742225,0,1,1,4.904071258207974,205.0,200.0,6,6 | 7
1777,2023,2023-04-29,HOU,2,pick_only,BUF,2023 R7 #230 | 2024 R6 #200,2023 R6 #205,0,0,2,1,2,1,0,0,13.319967890742225,8.41589663253425,0,-1,-1,-4.904071258207974,200.0,205.0,6 | 7,6
1778,2023,2023-04-29,BUF,2,pick_only,LA,2023 R6 #215,2023 R7 #252 | 2024 R6 #189,0,0,1,2,1,2,0,0,5.6895658574490495,16.129172724478245,0,1,1,10.439606867029195,215.0,189.0,6,6 | 7
1778,2023,2023-04-29,LA,2,pick_only,BUF,2023 R7 #252 | 2024 R6 #189,2023 R6 #215,0,0,2,1,2,1,0,0,16.129172724478245,5.6895658574490495,0,-1,-1,-10.439606867029195,189.0,215.0,6 | 7,6
1779,2023,2023-04-29,BAL,2,pick_only,CLE,2024 R6 #206,2023 R7 #229,0,0,1,1,1,1,0,0,8.092789911562482,3.2209806638985086,0,0,0,-4.871809247663974,206.0,229.0,6,7
1779,2023,2023-04-29,CLE,2,pick_only,BAL,2023 R7 #229,2024 R6 #206,0,0,1,1,1,1,0,0,3.2209806638985086,8.092789911562482,0,0,0,4.871809247663974,229.0,206.0,7,6
1780,2023,2023-05-25,DET,2,player_for_draft_capital_or_mixed,JAX,conditional 2026 R7,Riley Patterson,0,1,1,0,0,0,1,0,0.0,0.0,1,-1,0,0.0,,,7,
1780,2023,2023-05-25,JAX,2,player_for_draft_capital_or_mixed,DET,Riley Patterson,conditional 2026 R7,1,0,0,1,0,0,0,1,0.0,0.0,-1,1,0,0.0,,,,7
1782,2023,2023-08-24,ARI,2,player_for_draft_capital_or_mixed,NYG,Isaiah Simmons,2024 R7 #226,1,0,0,1,0,1,0,0,0.0,3.668016172818685,-1,1,1,3.668016172818685,,226.0,,7
1782,2023,2023-08-24,NYG,2,player_for_draft_capital_or_mixed,ARI,2024 R7 #226,Isaiah Simmons,0,1,1,0,1,0,0,0,3.668016172818685,0.0,1,-1,-1,-3.668016172818685,226.0,,7,
1783,2023,2023-08-24,ARI,2,player_for_draft_capital_or_mixed,HOU,2024 R7 #224 | Josh Jones,2024 R5 #162,1,0,1,1,1,1,0,0,4.0,26.812891859560057,-1,0,0,22.812891859560057,224.0,162.0,7,5
1783,2023,2023-08-24,HOU,2,player_for_draft_capital_or_mixed,ARI,2024 R5 #162,2024 R7 #224 | Josh Jones,0,1,1,1,1,1,0,0,26.812891859560057,4.0,1,0,0,-22.812891859560057,162.0,224.0,5,7
1784,2023,2023-08-24,ARI,2,player_for_draft_capital_or_mixed,CLE,2024 R5 #156,2024 R7 #230 | Joshua Dobbs,0,1,1,1,1,1,0,0,29.54247212175932,3.0844216508158815,1,0,0,-26.45805047094344,156.0,230.0,5,7
1784,2023,2023-08-24,CLE,2,player_for_draft_capital_or_mixed,ARI,2024 R7 #230 | Joshua Dobbs,2024 R5 #156,1,0,1,1,1,1,0,0,3.0844216508158815,29.54247212175932,-1,0,0,26.45805047094344,230.0,156.0,7,5
1785,2023,2023-08-25,DAL,2,player_for_draft_capital_or_mixed,SF,2024 R4 #124,Trey Lance,0,1,1,0,1,0,0,0,48.679055957954645,0.0,1,-1,-1,-48.679055957954645,124.0,,4,
1785,2023,2023-08-25,SF,2,player_for_draft_capital_or_mixed,DAL,Trey Lance,2024 R4 #124,1,0,0,1,0,1,0,0,0.0,48.679055957954645,-1,1,1,48.679055957954645,,124.0,,4
1787,2023,2023-08-27,CLE,2,player_only,NE,Tyrone Wheatley Jr.,Pierre Strong,1,1,0,0,0,0,0,0,0.0,0.0,0,0,0,0.0,,,,
1787,2023,2023-08-27,NE,2,player_only,CLE,Pierre Strong,Tyrone Wheatley Jr.,1,1,0,0,0,0,0,0,0.0,0.0,0,0,0,0.0,,,,
1788,2023,2023-08-27,LA,2,player_for_draft_capital_or_mixed,PIT,2024 R4 #120 | 2025 R5,2024 R5 #155 | 2025 R6 | Kevin Dotson,0,1,2,2,1,1,0,0,55.10815090599254,29.941188478294087,1,0,0,-25.16696242769845,120.0,155.0,4 | 5,5 | 6
1788,2023,2023-08-27,PIT,2,player_for_draft_capital_or_mixed,LA,2024 R5 #155 | 2025 R6 | Kevin Dotson,2024 R4 #120 | 2025 R5,1,0,2,2,1,1,0,0,29.941188478294087,55.10815090599254,-1,0,0,25.16696242769845,155.0,120.0,5 | 6,4 | 5
1789,2023,2023-08-27,MIN,2,player_for_draft_capital_or_mixed,NE,Vederian Lowe,2024 R6 #188,1,0,0,1,0,1,0,0,0.0,15.2671082573136,-1,1,1,15.2671082573136,,188.0,,6
1789,2023,2023-08-27,NE,2,player_for_draft_capital_or_mixed,MIN,2024 R6 #188,Vederian Lowe,0,1,1,0,1,0,0,0,15.2671082573136,0.0,1,-1,-1,-15.2671082573136,188.0,,6,
1786,2023,2023-08-28,CLE,2,player_for_draft_capital_or_mixed,LAC,2025 R7,Dustin Hopkins,0,1,1,0,0,0,0,0,0.0,0.0,1,-1,0,0.0,,,7,
1786,2023,2023-08-28,LAC,2,player_for_draft_capital_or_mixed,CLE,Dustin Hopkins,2025 R7,1,0,0,1,0,0,0,0,0.0,0.0,-1,1,0,0.0,,,,7
1791,2023,2023-08-28,CHI,2,player_for_draft_capital_or_mixed,MIA,2024 R6 #184,Dan Feeney,0,1,1,0,1,0,0,0,16.648899610038093,0.0,1,-1,-1,-16.648899610038093,184.0,,6,
1791,2023,2023-08-28,MIA,2,player_for_draft_capital_or_mixed,CHI,Dan Feeney,2024 R6 #184,1,0,0,1,0,1,0,0,0.0,16.648899610038093,-1,1,1,16.648899610038093,,184.0,,6
1790,2023,2023-08-29,CAR,2,player_for_draft_capital_or_mixed,KC,conditional 2025 R7,conditional 2025 R7 | Ihmir Smith-Marsette,0,1,1,1,0,0,1,1,0.0,0.0,1,0,0,0.0,,,7,7
1790,2023,2023-08-29,KC,2,player_for_draft_capital_or_mixed,CAR,conditional 2025 R7 | Ihmir Smith-Marsette,conditional 2025 R7,1,0,1,1,0,0,1,1,0.0,0.0,-1,0,0,0.0,,,7,7
1792,2023,2023-08-29,DEN,2,player_for_draft_capital_or_mixed,NO,2024 R7 #239,Wil Lutz,0,1,1,0,1,0,0,0,2.0885475648548275,0.0,1,-1,-1,-2.0885475648548275,239.0,,7,
1792,2023,2023-08-29,NO,2,player_for_draft_capital_or_mixed,DEN,Wil Lutz,2024 R7 #239,1,0,0,1,0,1,0,0,0.0,2.0885475648548275,-1,1,1,2.0885475648548275,,239.0,,7
1793,2023,2023-08-29,BUF,2,player_for_draft_capital_or_mixed,NYG,conditional 2025 | Boogie Basham,conditional 2025,1,0,1,1,0,0,1,1,0.0,0.0,-1,0,0,0.0,,,,
1793,2023,2023-08-29,NYG,2,player_for_draft_capital_or_mixed,BUF,conditional 2025,conditional 2025 | Boogie Basham,0,1,1,1,0,0,1,1,0.0,0.0,1,0,0,0.0,,,,
1794,2023,2023-08-29,NE,2,player_for_draft_capital_or_mixed,TEN,Nick Folk,2025 R7,1,0,0,1,0,0,0,0,0.0,0.0,-1,1,0,0.0,,,,7
1794,2023,2023-08-29,TEN,2,player_for_draft_capital_or_mixed,NE,2025 R7,Nick Folk,0,1,1,0,0,0,0,0,0.0,0.0,1,-1,0,0.0,,,7,
1795,2023,2023-08-29,DEN,2,player_for_draft_capital_or_mixed,PHI,Albert Okwuegbunam,2025 R6,1,0,0,1,0,0,0,0,0.0,0.0,-1,1,0,0.0,,,,6
1795,2023,2023-08-29,PHI,2,player_for_draft_capital_or_mixed,DEN,2025 R6,Albert Okwuegbunam,0,1,1,0,0,0,0,0,0.0,0.0,1,-1,0,0.0,,,6,
1796,2023,2023-08-29,DAL,2,player_only,MIA,Kelvin Joseph,Noah Igbinoghene,1,1,0,0,0,0,0,0,0.0,0.0,0,0,0,0.0,,,,
1796,2023,2023-08-29,MIA,2,player_only,DAL,Noah Igbinoghene,Kelvin Joseph,1,1,0,0,0,0,0,0,0.0,0.0,0,0,0,0.0,,,,
1797,2023,2023-08-29,HOU,2,player_for_draft_capital_or_mixed,PIT,2025 R6,Kendrick Green,0,1,1,0,0,0,0,0,0.0,0.0,1,-1,0,0.0,,,6,
1797,2023,2023-08-29,PIT,2,player_for_draft_capital_or_mixed,HOU,Kendrick Green,2025 R6,1,0,0,1,0,0,0,0,0.0,0.0,-1,1,0,0.0,,,,6
1798,2023,2023-08-29,KC,2,player_for_draft_capital_or_mixed,LV,2024 R6 #208,Neil Farrell,0,1,1,0,1,0,0,0,7.483314773547881,0.0,1,-1,-1,-7.483314773547881,208.0,,6,
1798,2023,2023-08-29,LV,2,player_for_draft_capital_or_mixed,KC,Neil Farrell,2024 R6 #208,1,0,0,1,0,1,0,0,0.0,7.483314773547881,-1,1,1,7.483314773547881,,208.0,,6
1799,2023,2023-09-20,LA,2,player_for_draft_capital_or_mixed,MIN,conditional 2026 R7 | Cam Akers,conditional 2026 R6,1,0,1,1,0,0,1,1,0.0,0.0,-1,0,0,0.0,,,7,6
1799,2023,2023-09-20,MIN,2,player_for_draft_capital_or_mixed,LA,conditional 2026 R6,conditional 2026 R7 | Cam Akers,0,1,1,1,0,0,1,1,0.0,0.0,1,0,0,0.0,,,6,7
1800,2023,2023-10-04,LAC,2,player_for_draft_capital_or_mixed,NE,2025 R7 | J.C. Jackson,2025 R6,1,0,1,1,0,0,0,0,0.0,0.0,-1,0,0,0.0,,,7,6
1800,2023,2023-10-04,NE,2,player_for_draft_capital_or_mixed,LAC,2025 R6,2025 R7 | J.C. Jackson,0,1,1,1,0,0,0,0,0.0,0.0,1,0,0,0.0,,,6,7
1801,2023,2023-10-06,CHI,2,player_for_draft_capital_or_mixed,MIA,2025 R7 | Chase Claypool,2025 R6,1,0,1,1,0,0,0,0,0.0,0.0,-1,0,0,0.0,,,7,6
1801,2023,2023-10-06,MIA,2,player_for_draft_capital_or_mixed,CHI,2025 R6,2025 R7 | Chase Claypool,0,1,1,1,0,0,0,0,0.0,0.0,1,0,0,0.0,,,6,7
1802,2023,2023-10-06,DEN,2,player_for_draft_capital_or_mixed,SF,2024 R7 #232 | Randy Gregory,2024 R6 #207,1,0,1,1,1,1,0,0,2.82842712474619,7.782088042705171,-1,0,0,4.953660917958981,232.0,207.0,7,6
1802,2023,2023-10-06,SF,2,player_for_draft_capital_or_mixed,DEN,2024 R6 #207,2024 R7 #232 | Randy Gregory,0,1,1,1,1,1,0,0,7.782088042705171,2.82842712474619,1,0,0,-4.953660917958981,207.0,232.0,6,7
1803,2023,2023-10-10,ATL,2,player_for_draft_capital_or_mixed,LA,2025 R6,2025 R7 | Van Jefferson,0,1,1,1,0,0,0,0,0.0,0.0,1,0,0,0.0,,,6,7
1803,2023,2023-10-10,LA,2,player_for_draft_capital_or_mixed,ATL,2025 R7 | Van Jefferson,2025 R6,1,0,1,1,0,0,0,0,0.0,0.0,-1,0,0,0.0,,,7,6
1804,2023,2023-10-18,KC,2,player_for_draft_capital_or_mixed,NYJ,2025 R6,2025 R7 | Mecole Hardman,0,1,1,1,0,0,0,0,0.0,0.0,1,0,0,0.0,,,6,7
1804,2023,2023-10-18,NYJ,2,player_for_draft_capital_or_mixed,KC,2025 R7 | Mecole Hardman,2025 R6,1,0,1,1,0,0,0,0,0.0,0.0,-1,0,0,0.0,,,7,6
1805,2023,2023-10-23,PHI,2,player_for_draft_capital_or_mixed,TEN,2024 R5 #146 | 2024 R6 #182 | Terrell Edmunds,Kevin Byard,1,1,2,0,2,0,0,0,51.16672470897095,0.0,0,-2,-2,-51.16672470897095,146.0,,5 | 6,
1805,2023,2023-10-23,TEN,2,player_for_draft_capital_or_mixed,PHI,Kevin Byard,2024 R5 #146 | 2024 R6 #182 | Terrell Edmunds,1,1,0,2,0,2,0,0,0.0,51.16672470897095,0,2,2,51.16672470897095,,146.0,,5 | 6
1806,2023,2023-10-30,NYG,2,player_for_draft_capital_or_mixed,SEA,Leonard Williams,2024 R2 #47 | 2025 R5,1,0,0,2,0,1,0,0,0.0,408.9939611455477,-1,2,1,408.9939611455477,,47.0,,2 | 5
1806,2023,2023-10-30,SEA,2,player_for_draft_capital_or_mixed,NYG,2024 R2 #47 | 2025 R5,Leonard Williams,0,1,2,0,1,0,0,0,408.9939611455477,0.0,1,-2,-1,-408.9939611455477,47.0,,2 | 5,
1807,2023,2023-10-30,ATL,2,player_for_draft_capital_or_mixed,PHI,2024 R6,2025 R7 | Kentavius Street,0,1,1,1,0,0,0,0,0.0,0.0,1,0,0,0.0,,,6,7
1807,2023,2023-10-30,PHI,2,player_for_draft_capital_or_mixed,ATL,2025 R7 | Kentavius Street,2024 R6,1,0,1,1,0,0,0,0,0.0,0.0,-1,0,0,0.0,,,7,6
1808,2023,2023-10-31,CHI,2,player_for_draft_capital_or_mixed,WAS,2024 R2 #40,Montez Sweat,0,1,1,0,1,0,0,0,485.26609619157006,0.0,1,-1,-1,-485.26609619157006,40.0,,2,
1808,2023,2023-10-31,WAS,2,player_for_draft_capital_or_mixed,CHI,Montez Sweat,2024 R2 #40,1,0,0,1,0,1,0,0,0.0,485.26609619157006,-1,1,1,485.26609619157006,,40.0,,2
1809,2023,2023-10-31,ARI,2,player_for_draft_capital_or_mixed,MIN,conditional 2024 R6 | Joshua Dobbs,2024 R6 #186,1,0,1,1,0,1,1,0,0.0,15.943040886593678,-1,0,1,15.943040886593678,,186.0,6,6
1809,2023,2023-10-31,MIN,2,player_for_draft_capital_or_mixed,ARI,2024 R6 #186,conditional 2024 R6 | Joshua Dobbs,0,1,1,1,1,0,0,1,15.943040886593678,0.0,1,0,-1,-15.943040886593678,186.0,,6,6
1810,2023,2023-10-31,JAX,2,player_for_draft_capital_or_mixed,MIN,2024 R6 #177,Ezra Cleveland,0,1,1,0,1,0,0,0,19.374738347493643,0.0,1,-1,-1,-19.374738347493643,177.0,,6,
1810,2023,2023-10-31,MIN,2,player_for_draft_capital_or_mixed,JAX,Ezra Cleveland,2024 R6 #177,1,0,0,1,0,1,0,0,0.0,19.374738347493643,-1,1,1,19.374738347493643,,177.0,,6
1811,2023,2023-10-31,CLE,2,player_for_draft_capital_or_mixed,DET,Donovan Peoples-Jones,2025 R6,1,0,0,1,0,0,0,0,0.0,0.0,-1,1,0,0.0,,,,6
1811,2023,2023-10-31,DET,2,player_for_draft_capital_or_mixed,CLE,2025 R6,Donovan Peoples-Jones,0,1,1,0,0,0,0,0,0.0,0.0,1,-1,0,0.0,,,6,
1812,2023,2023-10-31,SF,2,player_for_draft_capital_or_mixed,WAS,2024 R3 #100,Chase Young,0,1,1,0,1,0,0,0,102.46706518524651,0.0,1,-1,-1,-102.46706518524651,100.0,,3,
1812,2023,2023-10-31,WAS,2,player_for_draft_capital_or_mixed,SF,Chase Young,2024 R3 #100,1,0,0,1,0,1,0,0,0.0,102.46706518524651,-1,1,1,102.46706518524651,,100.0,,3
1813,2023,2023-10-31,BUF,2,player_for_draft_capital_or_mixed,GB,2024 R3 #91,2024 R5 #160 | Rasul Douglas,0,1,1,1,1,1,0,0,132.3692220788611,28.0,1,0,0,-104.3692220788611,91.0,160.0,3,5
1813,2023,2023-10-31,GB,2,player_for_draft_capital_or_mixed,BUF,2024 R5 #160 | Rasul Douglas,2024 R3 #91,1,0,1,1,1,1,0,0,28.0,132.3692220788611,-1,0,0,104.3692220788611,160.0,91.0,5,3
1816,2024,2024-03-13,BUF,2,player_for_draft_capital_or_mixed,CHI,Ryan Bates,2024 R5 #144,1,0,0,1,0,1,0,0,0.0,34.698703145794944,-1,1,1,34.698703145794944,,144.0,,5
1816,2024,2024-03-13,CHI,2,player_for_draft_capital_or_mixed,BUF,2024 R5 #144,Ryan Bates,0,1,1,0,1,0,0,0,34.698703145794944,0.0,1,-1,-1,-34.698703145794944,144.0,,5,
1817,2024,2024-03-13,BAL,2,player_for_draft_capital_or_mixed,NYJ,2024 R4 #134 | Morgan Moses,2024 R4 #113 | 2024 R6 #218,1,0,1,2,1,2,0,0,39.67667325883394,73.52822241979372,-1,1,1,33.851549160959785,134.0,113.0,4,4 | 6
1817,2024,2024-03-13,NYJ,2,player_for_draft_capital_or_mixed,BAL,2024 R4 #113 | 2024 R6 #218,2024 R4 #134 | Morgan Moses,0,1,2,1,2,1,0,0,73.52822241979372,39.67667325883394,1,-1,-1,-33.851549160959785,113.0,134.0,4 | 6,4
1818,2024,2024-03-13,CLE,2,player_for_draft_capital_or_mixed,DEN,2024 R5 #136 | 2024 R6 #203,Jerry Jeudy,0,1,2,0,2,0,0,0,47.72831390340539,0.0,1,-2,-2,-47.72831390340539,136.0,,5 | 6,
1818,2024,2024-03-13,DEN,2,player_for_draft_capital_or_mixed,CLE,Jerry Jeudy,2024 R5 #136 | 2024 R6 #203,1,0,0,2,0,2,0,0,0.0,47.72831390340539,-1,2,2,47.72831390340539,,136.0,,5 | 6
1819,2024,2024-03-13,CAR,2,player_for_draft_capital_or_mixed,PIT,2024 R6 #178 | Donte Jackson,2024 R7 #240 | Diontae Johnson,1,1,1,1,1,1,0,0,18.959577657116494,2.0,0,0,0,-16.959577657116494,178.0,240.0,6,7
1819,2024,2024-03-13,PIT,2,player_for_draft_capital_or_mixed,CAR,2024 R7 #240 | Diontae Johnson,2024 R6 #178 | Donte Jackson,1,1,1,1,1,1,0,0,2.0,18.959577657116494,0,0,0,16.959577657116494,240.0,178.0,7,6
1820,2024,2024-03-13,CIN,2,player_for_draft_capital_or_mixed,HOU,Joe Mixon,2024 R7 #224,1,0,0,1,0,1,0,0,0.0,4.0,-1,1,1,4.0,,224.0,,7
1820,2024,2024-03-13,HOU,2,player_for_draft_capital_or_mixed,CIN,2024 R7 #224,Joe Mixon,0,1,1,0,1,0,0,0,4.0,0.0,1,-1,-1,-4.0,224.0,,7,
1821,2024,2024-03-13,JAX,2,player_for_draft_capital_or_mixed,NE,2024 R6 #193,Mac Jones,0,1,1,0,1,0,0,0,13.46250598229572,0.0,1,-1,-1,-13.46250598229572,193.0,,6,
1821,2024,2024-03-13,NE,2,player_for_draft_capital_or_mixed,JAX,Mac Jones,2024 R6 #193,1,0,0,1,0,1,0,0,0.0,13.46250598229572,-1,1,1,13.46250598229572,,193.0,,6
1822,2024,2024-03-13,CAR,2,player_for_draft_capital_or_mixed,NYG,2024 R5 #166 | Brian Burns,2024 R2 #39 | 2024 R5 #141 | conditional 2025 R5 #140,1,0,1,3,1,3,0,1,24.58753024522619,569.999084985965,-1,2,2,545.4115547407389,166.0,39.0,5,2 | 5
1822,2024,2024-03-13,NYG,2,player_for_draft_capital_or_mixed,CAR,2024 R2 #39 | 2024 R5 #141 | conditional 2025 R5 #140,2024 R5 #166 | Brian Burns,0,1,3,1,3,1,1,0,569.999084985965,24.58753024522619,1,-2,-2,-545.4115547407389,39.0,166.0,2 | 5,5
1823,2024,2024-03-13,DET,2,player_for_draft_capital_or_mixed,TB,2024 R3 #92,2024 R6 #201 | 2025 R6 #196 | Carlton Davis,0,1,1,2,1,2,0,0,128.9202713956601,21.81327828414846,1,1,1,-107.10699311151166,92.0,196.0,3,6
1823,2024,2024-03-13,TB,2,player_for_draft_capital_or_mixed,DET,2024 R6 #201 | 2025 R6 #196 | Carlton Davis,2024 R3 #92,1,0,2,1,2,1,0,0,21.81327828414846,128.9202713956601,-1,-1,-1,107.10699311151166,196.0,92.0,6,3
1824,2024,2024-03-13,HOU,2,player_for_draft_capital_or_mixed,SF,Maliek Collins,2024 R7 #232,1,0,0,1,0,1,0,0,0.0,2.82842712474619,-1,1,1,2.82842712474619,,232.0,,7
1824,2024,2024-03-13,SF,2,player_for_draft_capital_or_mixed,HOU,2024 R7 #232,Maliek Collins,0,1,1,0,1,0,0,0,2.82842712474619,0.0,1,-1,-1,-2.82842712474619,232.0,,7,
1825,2024,2024-03-14,ARI,2,player_only,ATL,Rondale Moore,Desmond Ridder,1,1,0,0,0,0,0,0,0.0,0.0,0,0,0,0.0,,,,
1825,2024,2024-03-14,ATL,2,player_only,ARI,Desmond Ridder,Rondale Moore,1,1,0,0,0,0,0,0,0.0,0.0,0,0,0,0.0,,,,
1826,2024,2024-03-14,SEA,2,player_for_draft_capital_or_mixed,WAS,2024 R3 #78 | 2024 R5 #152,2024 R4 #102 | 2024 R6 #179 | Sam Howell,0,1,2,2,2,2,0,0,217.74020684043487,114.85800612212832,1,0,0,-102.88220071830655,78.0,102.0,3 | 5,4 | 6
1826,2024,2024-03-14,WAS,2,player_for_draft_capital_or_mixed,SEA,2024 R4 #102 | 2024 R6 #179 | Sam Howell,2024 R3 #78 | 2024 R5 #152,1,0,2,2,2,2,0,0,114.85800612212832,217.74020684043487,-1,0,0,102.88220071830655,102.0,78.0,4 | 6,3 | 5
1827,2024,2024-03-14,CHI,2,player_for_draft_capital_or_mixed,LAC,2024 R4 #110,Keenan Allen,0,1,1,0,1,0,0,0,75.14499644768598,0.0,1,-1,-1,-75.14499644768598,110.0,,4,
1827,2024,2024-03-14,LAC,2,player_for_draft_capital_or_mixed,CHI,Keenan Allen,2024 R4 #110,1,0,0,1,0,1,0,0,0.0,75.14499644768598,-1,1,1,75.14499644768598,,110.0,,4
1828,2024,2024-03-15,HOU,2,pick_only,MIN,2024 R1 #23 | 2024 R7 #232,2024 R2 #42 | 2024 R6 #188 | 2025 R2 #56,0,0,2,3,2,3,0,0,762.8284271247462,805.6682376706108,0,1,1,42.839810545864566,23.0,42.0,1 | 7,2 | 6
1828,2024,2024-03-15,MIN,2,pick_only,HOU,2024 R2 #42 | 2024 R6 #188 | 2025 R2 #56,2024 R1 #23 | 2024 R7 #232,0,0,3,2,3,2,0,0,805.6682376706108,762.8284271247462,0,-1,-1,-42.839810545864566,42.0,23.0,2 | 6,1 | 7
1829,2024,2024-03-15,PHI,2,player_for_draft_capital_or_mixed,PIT,2024 R3 #98 | 2025 R7 #229 | 2025 R7 #229,2024 R4 #120 | Kenny Pickett,0,1,3,1,3,1,0,0,115.46571819522748,55.10815090599254,1,-2,-2,-60.35756728923494,98.0,120.0,3 | 7,4
1829,2024,2024-03-15,PIT,2,player_for_draft_capital_or_mixed,PHI,2024 R4 #120 | Kenny Pickett,2024 R3 #98 | 2025 R7 #229 | 2025 R7 #229,1,0,1,3,1,3,0,0,55.10815090599254,115.46571819522748,-1,2,2,60.35756728923494,120.0,98.0,4,3 | 7
1830,2024,2024-03-16,CHI,2,player_for_draft_capital_or_mixed,PIT,Justin Fields,conditional 2025 R6 #202,1,0,0,1,0,1,0,1,0.0,9.464698235047209,-1,1,1,9.464698235047209,,202.0,,6
1830,2024,2024-03-16,PIT,2,player_for_draft_capital_or_mixed,CHI,conditional 2025 R6 #202,Justin Fields,0,1,1,0,1,0,1,0,9.464698235047209,0.0,1,-1,-1,-9.464698235047209,202.0,,6,
1831,2024,2024-03-29,NYJ,2,player_for_draft_capital_or_mixed,PHI,conditional 2026 R3,Haason Reddick,0,1,1,0,0,0,1,0,0.0,0.0,1,-1,0,0.0,,,3,
1831,2024,2024-03-29,PHI,2,player_for_draft_capital_or_mixed,NYJ,Haason Reddick,conditional 2026 R3,1,0,0,1,0,0,0,1,0.0,0.0,-1,1,0,0.0,,,,3
1841,2024,2024-03-29,KC,2,player_for_draft_capital_or_mixed,TEN,2024 R7 #252 | L'Jarius Sneed,2024 R7 #221 | 2025 R3 #66,1,0,1,2,1,2,0,0,1.189207115002721,260.6117984723652,-1,1,1,259.4225913573625,252.0,66.0,7,3 | 7
1841,2024,2024-03-29,TEN,2,player_for_draft_capital_or_mixed,KC,2024 R7 #221 | 2025 R3 #66,2024 R7 #252 | L'Jarius Sneed,0,1,2,1,2,1,0,0,260.6117984723652,1.189207115002721,1,-1,-1,-259.4225913573625,66.0,252.0,3 | 7,7
1832,2024,2024-04-03,BUF,2,player_for_draft_capital_or_mixed,HOU,2024 R6 #189 | 2025 R5 #166 | Stefon Diggs,2025 R2 #56,1,0,2,1,2,1,0,0,39.52749585470171,328.2735003541492,-1,-1,-1,288.74600449944745,166.0,56.0,5 | 6,2
1832,2024,2024-04-03,HOU,2,player_for_draft_capital_or_mixed,BUF,2025 R2 #56,2024 R6 #189 | 2025 R5 #166 | Stefon Diggs,0,1,1,2,1,2,0,0,328.2735003541492,39.52749585470171,1,1,1,-288.74600449944745,56.0,166.0,2,5 | 6
1833,2024,2024-04-12,CLE,2,player_for_draft_capital_or_mixed,TEN,Leroy Watson,2024 R7 #227,1,0,0,1,0,1,0,0,0.0,3.5125043207465994,-1,1,1,3.5125043207465994,,227.0,,7
1833,2024,2024-04-12,TEN,2,player_for_draft_capital_or_mixed,CLE,2024 R7 #227,Leroy Watson,0,1,1,0,1,0,0,0,3.5125043207465994,0.0,1,-1,-1,-3.5125043207465994,227.0,,7,
1834,2024,2024-04-22,DEN,2,player_for_draft_capital_or_mixed,NYJ,2024 R6 #203,2024 R7 #256 | Zach Wilson,0,1,1,1,1,1,0,0,9.101325472139058,1.0,1,0,0,-8.101325472139058,203.0,256.0,6,7
1834,2024,2024-04-22,NYJ,2,player_for_draft_capital_or_mixed,DEN,2024 R7 #256 | Zach Wilson,2024 R6 #203,1,0,1,1,1,1,0,0,1.0,9.101325472139058,-1,0,0,8.101325472139058,256.0,203.0,7,6
1835,2024,2024-04-25,MIN,2,pick_only,NYJ,2024 R1 #11 | 2024 R4 #129 | 2024 R5 #157,2024 R1 #10 | 2024 R6 #203,0,0,3,2,3,2,0,0,1321.5764493401527,1309.101325472139,0,-1,-1,-12.475123868013725,11.0,10.0,1 | 4 | 5,1 | 6
1835,2024,2024-04-25,NYJ,2,pick_only,MIN,2024 R1 #10 | 2024 R6 #203,2024 R1 #11 | 2024 R4 #129 | 2024 R5 #157,0,0,2,3,2,3,0,0,1309.101325472139,1321.5764493401527,0,1,1,12.475123868013725,10.0,11.0,1 | 6,1 | 4 | 5
1836,2024,2024-04-25,JAX,2,pick_only,MIN,2024 R1 #17,2024 R1 #23 | 2024 R5 #167 | 2025 R3 #88 | 2025 R4 #126,0,0,1,4,1,4,0,0,950.0,973.0917903291178,0,3,3,23.09179032911777,17.0,23.0,1,1 | 3 | 4 | 5
1836,2024,2024-04-25,MIN,2,pick_only,JAX,2024 R1 #23 | 2024 R5 #167 | 2025 R3 #88 | 2025 R4 #126,2024 R1 #17,0,0,4,1,4,1,0,0,973.0917903291178,950.0,0,-3,-3,-23.09179032911777,23.0,17.0,1 | 3 | 4 | 5,1
1837,2024,2024-04-25,DAL,2,pick_only,DET,2024 R1 #24 | 2025 R7 #228,2024 R1 #29 | 2024 R3 #73,0,0,2,2,2,2,0,0,743.3635856610149,852.8979673212594,0,0,0,109.53438166024455,24.0,29.0,1 | 7,1 | 3
1837,2024,2024-04-25,DET,2,pick_only,DAL,2024 R1 #29 | 2024 R3 #73,2024 R1 #24 | 2025 R7 #228,0,0,2,2,2,2,0,0,852.8979673212594,743.3635856610149,0,0,0,-109.53438166024455,29.0,24.0,1 | 3,1 | 7
1838,2024,2024-04-25,BUF,2,pick_only,CAR,2024 R1 #32 | 2024 R6 #200,2024 R2 #33 | 2024 R5 #141,0,0,2,2,2,2,0,0,600.2355462399263,611.8846776476914,0,0,0,11.64913140776514,32.0,33.0,1 | 6,2 | 5
1838,2024,2024-04-25,CAR,2,pick_only,BUF,2024 R2 #33 | 2024 R5 #141,2024 R1 #32 | 2024 R6 #200,0,0,2,2,2,2,0,0,611.8846776476914,600.2355462399263,0,0,0,-11.64913140776514,33.0,32.0,2 | 5,1 | 6
1839,2024,2024-04-25,BUF,2,pick_only,KC,2024 R1 #28 | 2024 R4 #133 | 2024 R7 #248,2024 R1 #32 | 2024 R3 #95 | 2024 R7 #221,0,0,3,3,3,3,0,0,701.626378182119,713.6017859796184,0,0,0,11.975407797499429,28.0,32.0,1 | 4 | 7,1 | 3 | 7
1839,2024,2024-04-25,KC,2,pick_only,BUF,2024 R1 #32 | 2024 R3 #95 | 2024 R7 #221,2024 R1 #28 | 2024 R4 #133 | 2024 R7 #248,0,0,3,3,3,3,0,0,713.6017859796184,701.626378182119,0,0,0,-11.975407797499429,32.0,28.0,1 | 3 | 7,1 | 4 | 7
1842,2024,2024-04-26,LAC,2,pick_only,NE,2024 R2 #37 (Ja'Lynn Polk) | 2024 R4 #110 (Javon Baker),2024 R2 #34 (Ladd McConkey) | 2024 R5 #137 (Tarheeb Still),0,0,2,2,2,2,0,0,597.3090522241224,599.9802152032322,0,0,0,2.671162979109795,37.0,34.0,2 | 4,2 | 5
1842,2024,2024-04-26,NE,2,pick_only,LAC,2024 R2 #34 (Ladd McConkey) | 2024 R5 #137 (Tarheeb Still),2024 R2 #37 (Ja'Lynn Polk) | 2024 R4 #110 (Javon Baker),0,0,2,2,2,2,0,0,599.9802152032322,597.3090522241224,0,0,0,-2.671162979109795,34.0,37.0,2 | 5,2 | 4
1843,2024,2024-04-26,ARI,2,pick_only,ATL,2024 R2 #35 (Ruke Orhorhoro) | 2024 R6 #186 (Jase McClellan),2024 R2 #43 (Max Melton) | 2024 R3 #79 (Matt Goncalves),0,0,2,2,2,2,0,0,564.2515534809727,632.6845789915322,0,0,0,68.43302551055956,35.0,43.0,2 | 6,2 | 3
1843,2024,2024-04-26,ATL,2,pick_only,ARI,2024 R2 #43 (Max Melton) | 2024 R3 #79 (Matt Goncalves),2024 R2 #35 (Ruke Orhorhoro) | 2024 R6 #186 (Jase McClellan),0,0,2,2,2,2,0,0,632.6845789915322,564.2515534809727,0,0,0,-68.43302551055956,43.0,35.0,2 | 3,2 | 6
1844,2024,2024-04-26,CAR,2,pick_only,LA,2024 R2 #39 (Braden Fiske),2024 R2 #52 (Adonai Mitchell) | 2024 R5 #155 (Jeremiah Trotter) | 2025 R2 #57,0,0,1,3,1,3,0,0,497.2662194405844,712.2621293317363,0,2,2,214.99590989115194,39.0,52.0,2,2 | 5
1844,2024,2024-04-26,LA,2,pick_only,CAR,2024 R2 #52 (Adonai Mitchell) | 2024 R5 #155 (Jeremiah Trotter) | 2025 R2 #57,2024 R2 #39 (Braden Fiske),0,0,3,1,3,1,0,0,712.2621293317363,497.2662194405844,0,-2,-2,-214.99590989115194,52.0,39.0,2 | 5,2
1845,2024,2024-04-26,PHI,2,pick_only,WAS,2024 R2 #53 (Ben Sinnott) | 2024 R2 #53 (Mike Sainristil) | 2024 R5 #161 (Dominique Hampton),2024 R2 #40 (Cooper DeJean) | 2024 R3 #78 (Calen Bullock) | 2024 R5 #152 (Ainias Smith),0,0,3,3,3,3,0,0,733.8685870208267,703.006303032005,0,0,0,-30.862283988821673,53.0,40.0,2 | 5,2 | 3 | 5
1845,2024,2024-04-26,WAS,2,pick_only,PHI,2024 R2 #40 (Cooper DeJean) | 2024 R3 #78 (Calen Bullock) | 2024 R5 #152 (Ainias Smith),2024 R2 #53 (Ben Sinnott) | 2024 R2 #53 (Mike Sainristil) | 2024 R5 #161 (Dominique Hampton),0,0,3,3,3,3,0,0,703.006303032005,733.8685870208267,0,0,0,30.862283988821673,40.0,53.0,2 | 3 | 5,2 | 5
1846,2024,2024-04-26,GB,2,pick_only,NO,2024 R2 #41 (Kool-Aid McKinstry),2024 R2 #45 (Edgerrin Cooper) | 2024 R5 #168 (Javon Solomon) | 2024 R6 #190 (Dylan McMahon),0,0,1,3,1,3,0,0,473.5555622055335,467.6369883746279,0,2,2,-5.918573830905586,41.0,45.0,2,2 | 5 | 6
1846,2024,2024-04-26,NO,2,pick_only,GB,2024 R2 #45 (Edgerrin Cooper) | 2024 R5 #168 (Javon Solomon) | 2024 R6 #190 (Dylan McMahon),2024 R2 #41 (Kool-Aid McKinstry),0,0,3,1,3,1,0,0,467.6369883746279,473.5555622055335,0,-2,-2,5.918573830905586,45.0,41.0,2 | 5 | 6,2
1847,2024,2024-04-26,CAR,2,pick_only,IND,2024 R2 #52 (Adonai Mitchell) | 2024 R5 #155 (Anthony Gould) | 2024 R5 #155 (Jeremiah Trotter),2024 R2 #46 (Jonathon Brooks),0,0,3,1,3,1,0,0,421.85177617663817,419.10795423174875,0,-2,-2,-2.7438219448894188,52.0,46.0,2 | 5,2
1847,2024,2024-04-26,IND,2,pick_only,CAR,2024 R2 #46 (Jonathon Brooks),2024 R2 #52 (Adonai Mitchell) | 2024 R5 #155 (Anthony Gould) | 2024 R5 #155 (Jeremiah Trotter),0,0,1,3,1,3,0,0,419.10795423174875,421.85177617663817,0,2,2,2.7438219448894188,46.0,52.0,2,2 | 5
1848,2024,2024-04-26,KC,2,pick_only,SF,2024 R2 #64 (Renardo Green) | 2024 R5 #173 (Isaiah Davis),2024 R2 #63 (Kingsley Suamataia) | 2024 R6 #211 (Kamal Hadden),0,0,2,2,2,2,0,0,291.1283019863079,283.3308918574534,0,0,0,-7.797410128854494,64.0,63.0,2 | 5,2 | 6
1848,2024,2024-04-26,SF,2,pick_only,KC,2024 R2 #63 (Kingsley Suamataia) | 2024 R6 #211 (Kamal Hadden),2024 R2 #64 (Renardo Green) | 2024 R5 #173 (Isaiah Davis),0,0,2,2,2,2,0,0,283.3308918574534,291.1283019863079,0,0,0,7.797410128854494,63.0,64.0,2 | 6,2 | 5
1849,2024,2024-04-26,CAR,2,pick_only,NYJ,2024 R3 #65 (Malachi Corley),2024 R3 #72 (Trevin Wallace) | 2024 R5 #157 (Chau Smith-Wade),0,0,1,2,1,2,0,0,262.96500598976496,247.74260389172562,0,1,1,-15.222402098039339,65.0,72.0,3,3 | 5
1849,2024,2024-04-26,NYJ,2,pick_only,CAR,2024 R3 #72 (Trevin Wallace) | 2024 R5 #157 (Chau Smith-Wade),2024 R3 #65 (Malachi Corley),0,0,2,1,2,1,0,0,247.74260389172562,262.96500598976496,0,-1,-1,15.222402098039339,72.0,65.0,3 | 5,3
1850,2024,2024-04-26,HOU,2,pick_only,PHI,2024 R3 #86 (Dominick Puni) | 2024 R4 #123 (Cade Stover),2024 R3 #78 (Calen Bullock),0,0,2,1,2,1,0,0,201.26072293222046,186.57029044525893,0,-1,-1,-14.690432486961527,86.0,78.0,3 | 4,3
1850,2024,2024-04-26,PHI,2,pick_only,HOU,2024 R3 #78 (Calen Bullock),2024 R3 #86 (Dominick Puni) | 2024 R4 #123 (Cade Stover),0,0,1,2,1,2,0,0,186.57029044525893,201.26072293222046,0,1,1,14.690432486961527,78.0,86.0,3,3 | 4
1851,2024,2024-04-26,ARI,2,pick_only,IND,2024 R3 #79 (Matt Goncalves),2024 R3 #82 (Tip Reiman) | 2024 R6 #191 (Tejhaun Palmer),0,0,1,2,1,2,0,0,181.70910201648016,182.17894707939473,0,1,1,0.4698450629145725,79.0,82.0,3,3 | 6
1851,2024,2024-04-26,IND,2,pick_only,ARI,2024 R3 #82 (Tip Reiman) | 2024 R6 #191 (Tejhaun Palmer),2024 R3 #79 (Matt Goncalves),0,0,2,1,2,1,0,0,182.17894707939473,181.70910201648016,0,-1,-1,-0.4698450629145725,82.0,79.0,3 | 6,3
1852,2024,2024-04-26,PHI,2,pick_only,SF,2024 R3 #86 (Dominick Puni),2024 R3 #94 (Jalyx Hunt) | 2024 R4 #132 (Sione Vaki),0,0,1,2,1,2,0,0,151.0483702910592,163.04450449139057,0,1,1,11.996134200331369,86.0,94.0,3,3 | 4
1852,2024,2024-04-26,SF,2,pick_only,PHI,2024 R3 #94 (Jalyx Hunt) | 2024 R4 #132 (Sione Vaki),2024 R3 #86 (Dominick Puni),0,0,2,1,2,1,0,0,163.04450449139057,151.0483702910592,0,-1,-1,-11.996134200331369,94.0,86.0,3 | 4,3
1853,2024,2024-04-27,DEN,2,pick_only,SEA,2024 R4 #121 (AJ Barner) | 2024 R5 #136 (Nehemiah Pritchett) | 2024 R6 #207 (Michael Jerrell),2024 R4 #102 (Troy Franklin) | 2024 R7 #235 (Devaughn Vele),0,0,3,2,3,2,0,0,99.83443140333134,98.78840874203891,0,-1,-1,-1.046022661292426,121.0,102.0,4 | 5 | 6,4 | 7
1853,2024,2024-04-27,SEA,2,pick_only,DEN,2024 R4 #102 (Troy Franklin) | 2024 R7 #235 (Devaughn Vele),2024 R4 #121 (AJ Barner) | 2024 R5 #136 (Nehemiah Pritchett) | 2024 R6 #207 (Michael Jerrell),0,0,2,3,2,3,0,0,98.78840874203891,99.83443140333134,0,1,1,1.046022661292426,102.0,121.0,4 | 7,4 | 5 | 6
1854,2024,2024-04-27,GB,2,pick_only,NYJ,2024 R4 #126 (Giovanni Manu) | 2024 R6 #190 (Dylan McMahon),2024 R4 #111 (Evan Williams),0,0,2,1,2,1,0,0,60.37132917205352,72.85035045417483,0,-1,-1,12.479021282121309,126.0,111.0,4 | 6,4
1854,2024,2024-04-27,NYJ,2,pick_only,GB,2024 R4 #111 (Evan Williams),2024 R4 #126 (Giovanni Manu) | 2024 R6 #190 (Dylan McMahon),0,0,1,2,1,2,0,0,72.85035045417483,60.37132917205352,0,1,1,-12.479021282121309,111.0,126.0,4,4 | 6
1855,2024,2024-04-27,MIA,2,pick_only,PHI,2025 R3 #79,2024 R4 #120 (Jaylen Wright),0,0,1,1,1,1,0,0,181.70910201648016,55.10815090599254,0,0,0,-126.60095111048761,79.0,120.0,3,4
1855,2024,2024-04-27,PHI,2,pick_only,MIA,2024 R4 #120 (Jaylen Wright),2025 R3 #79,0,0,1,1,1,1,0,0,55.10815090599254,181.70910201648016,0,0,0,126.60095111048761,120.0,79.0,4,3
1856,2024,2024-04-27,HOU,2,pick_only,PHI,2024 R4 #127 (Will Shipley) | 2025 R5 #161,2024 R4 #123 (Cade Stover),0,0,2,1,2,1,0,0,71.75443507626986,50.21235264116127,0,-1,-1,-21.54208243510859,127.0,123.0,4 | 5,4
1856,2024,2024-04-27,PHI,2,pick_only,HOU,2024 R4 #123 (Cade Stover),2024 R4 #127 (Will Shipley) | 2025 R5 #161,0,0,1,2,1,2,0,0,50.21235264116127,71.75443507626986,0,1,1,21.54208243510859,123.0,127.0,4,4 | 5
1857,2024,2024-04-27,DET,2,pick_only,NYJ,2025 R3 #92,2024 R4 #126 (Giovanni Manu),0,0,1,1,1,1,0,0,128.9202713956601,45.75149621806973,0,0,0,-83.16877517759038,92.0,126.0,3,4
1857,2024,2024-04-27,NYJ,2,pick_only,DET,2024 R4 #126 (Giovanni Manu),2025 R3 #92,0,0,1,1,1,1,0,0,45.75149621806973,128.9202713956601,0,0,0,83.16877517759038,126.0,92.0,4,3
1858,2024,2024-04-27,NYJ,2,pick_only,SF,2024 R4 #129 (Isaac Guerendo),2024 R5 #176 (Isaiah Davis) | 2024 R5 #176 (Qwan'tez Stiggers),0,0,1,2,1,2,0,0,42.427384008372805,39.597979746446654,0,1,1,-2.8294042619261504,129.0,176.0,4,5
1858,2024,2024-04-27,SF,2,pick_only,NYJ,2024 R5 #176 (Isaiah Davis) | 2024 R5 #176 (Qwan'tez Stiggers),2024 R4 #129 (Isaac Guerendo),0,0,2,1,2,1,0,0,39.597979746446654,42.427384008372805,0,-1,-1,2.8294042619261504,176.0,129.0,5,4
1859,2024,2024-04-27,DET,2,pick_only,PHI,2024 R5 #164 (Jaylin Simpson) | 2024 R6 #201 (Micah Abraham) | 2025 R4 #134,2024 R4 #132 (Sione Vaki) | 2024 R6 #210 (Christian Mahogany),0,0,3,2,3,2,0,0,75.19536521764137,47.674622919348394,0,-1,-1,-27.520742298292973,134.0,132.0,4 | 5 | 6,4 | 6
1859,2024,2024-04-27,PHI,2,pick_only,DET,2024 R4 #132 (Sione Vaki) | 2024 R6 #210 (Christian Mahogany),2024 R5 #164 (Jaylin Simpson) | 2024 R6 #201 (Micah Abraham) | 2025 R4 #134,0,0,2,3,2,3,0,0,47.674622919348394,75.19536521764137,0,1,1,27.520742298292973,132.0,134.0,4 | 6,4 | 5 | 6
1860,2024,2024-04-27,BUF,2,pick_only,CHI,2024 R5 #144 (Austin Booker),2025 R4 #109,0,0,1,1,1,1,0,0,34.698703145794944,77.5119193788194,0,0,0,42.813216233024455,144.0,109.0,5,4
1860,2024,2024-04-27,CHI,2,pick_only,BUF,2025 R4 #109,2024 R5 #144 (Austin Booker),0,0,1,1,1,1,0,0,77.5119193788194,34.698703145794944,0,0,0,-42.813216233024455,109.0,144.0,4,5
1861,2024,2024-04-27,IND,2,pick_only,PHI,2024 R5 #155 (Jeremiah Trotter),2024 R5 #164 (Jaylin Simpson) | 2024 R6 #201 (Micah Abraham),0,0,1,2,1,2,0,0,29.941188478294087,35.51869195880743,0,1,1,5.577503480513343,155.0,164.0,5,5 | 6
1861,2024,2024-04-27,PHI,2,pick_only,IND,2024 R5 #164 (Jaylin Simpson) | 2024 R6 #201 (Micah Abraham),2024 R5 #155 (Jeremiah Trotter),0,0,2,1,2,1,0,0,35.51869195880743,29.941188478294087,0,-1,-1,-5.577503480513343,164.0,155.0,5 | 6,5
1862,2024,2024-04-27,BUF,2,pick_only,GB,2024 R5 #163 (Jacob Monk),2024 R5 #168 (Javon Solomon) | 2024 R6 #219 (Daequan Hardy),0,0,1,2,1,2,0,0,26.238346877544192,28.40996272457014,0,1,1,2.1716158470259472,163.0,168.0,5,5 | 6
1862,2024,2024-04-27,GB,2,pick_only,BUF,2024 R5 #168 (Javon Solomon) | 2024 R6 #219 (Daequan Hardy),2024 R5 #163 (Jacob Monk),0,0,2,1,2,1,0,0,28.40996272457014,26.238346877544192,0,-1,-1,-2.1716158470259472,168.0,163.0,5 | 6,5
1863,2024,2024-04-27,NYJ,2,pick_only,PHI,2024 R6 #190 (Dylan McMahon) | 2024 R6 #190 (Johnny Wilson),2024 R5 #171 (Jordan Travis),0,0,2,1,2,1,0,0,29.239665907967584,22.063731831510403,0,-1,-1,-7.175934076457182,190.0,171.0,6,5
1863,2024,2024-04-27,PHI,2,pick_only,NYJ,2024 R5 #171 (Jordan Travis),2024 R6 #190 (Dylan McMahon) | 2024 R6 #190 (Johnny Wilson),0,0,1,2,1,2,0,0,22.063731831510403,29.239665907967584,0,1,1,7.175934076457182,171.0,190.0,5,6
1864,2024,2024-04-27,DET,2,pick_only,HOU,2024 R6 #205 (Jawhar Jordan) | 2024 R7 #249 (LaDarius Henderson),2024 R6 #189 (Mekhi Wingo),0,0,2,1,2,1,0,0,9.770152179471143,14.939965609475523,0,-1,-1,5.16981343000438,205.0,189.0,6 | 7,6
1864,2024,2024-04-27,HOU,2,pick_only,DET,2024 R6 #189 (Mekhi Wingo),2024 R6 #205 (Jawhar Jordan) | 2024 R7 #249 (LaDarius Henderson),0,0,1,2,1,2,0,0,14.939965609475523,9.770152179471143,0,1,1,-5.16981343000438,189.0,205.0,6,6 | 7
1865,2024,2024-04-27,DEN,2,player_for_draft_capital_or_mixed,NYJ,2026 R6,John Franklin-Myers,0,1,1,0,0,0,0,0,0.0,0.0,1,-1,0,0.0,,,6,
1865,2024,2024-04-27,NYJ,2,player_for_draft_capital_or_mixed,DEN,John Franklin-Myers,2026 R6,1,0,0,1,0,0,0,0,0.0,0.0,-1,1,0,0.0,,,,6
1866,2024,2024-05-09,HOU,2,player_for_draft_capital_or_mixed,LA,2026 R6,2026 R7 | Ben Skowronek,0,1,1,1,0,0,0,0,0.0,0.0,1,0,0,0.0,,,6,7
1866,2024,2024-05-09,LA,2,player_for_draft_capital_or_mixed,HOU,2026 R7 | Ben Skowronek,2026 R6,1,0,1,1,0,0,0,0,0.0,0.0,-1,0,0,0.0,,,7,6
1867,2024,2024-08-09,DAL,2,player_only,MIN,Nahshon Wright,Andrew Booth,1,1,0,0,0,0,0,0,0.0,0.0,0,0,0,0.0,,,,
1867,2024,2024-08-09,MIN,2,player_only,DAL,Andrew Booth,Nahshon Wright,1,1,0,0,0,0,0,0,0.0,0.0,0,0,0,0.0,,,,
1868,2024,2024-08-11,CLE,2,player_for_draft_capital_or_mixed,SEA,2026 R6,2026 R7 | Nick Harris,0,1,1,1,0,0,0,0,0.0,0.0,1,0,0,0.0,,,6,7
1868,2024,2024-08-11,SEA,2,player_for_draft_capital_or_mixed,CLE,2026 R7 | Nick Harris,2026 R6,1,0,1,1,0,0,0,0,0.0,0.0,-1,0,0,0.0,,,7,6
1869,2024,2024-08-14,ATL,2,player_for_draft_capital_or_mixed,NE,2025 R3 #77,Matt Judon,0,1,1,0,1,0,0,0,191.56152823688092,0.0,1,-1,-1,-191.56152823688092,77.0,,3,
1869,2024,2024-08-14,NE,2,player_for_draft_capital_or_mixed,ATL,Matt Judon,2025 R3 #77,1,0,0,1,0,1,0,0,0.0,191.56152823688092,-1,1,1,191.56152823688092,,77.0,,3
1870,2024,2024-08-14,DAL,2,player_for_draft_capital_or_mixed,NYG,2026 R6,2026 R7 | Jordan Phillips,0,1,1,1,0,0,0,0,0.0,0.0,1,0,0,0.0,,,6,7
1870,2024,2024-08-14,NYG,2,player_for_draft_capital_or_mixed,DAL,2026 R7 | Jordan Phillips,2026 R6,1,0,1,1,0,0,0,0,0.0,0.0,-1,0,0,0.0,,,7,6
1871,2024,2024-08-22,CLE,2,player_for_draft_capital_or_mixed,WAS,Cade York,conditional 2025 R7,1,0,0,1,0,0,0,1,0.0,0.0,-1,1,0,0.0,,,,7
1871,2024,2024-08-22,WAS,2,player_for_draft_capital_or_mixed,CLE,conditional 2025 R7,Cade York,0,1,1,0,0,0,1,0,0.0,0.0,1,-1,0,0.0,,,7,
1872,2024,2024-08-22,PHI,2,player_for_draft_capital_or_mixed,WAS,2025 R3 #79 | 2025 R7 #248,2025 R5 #165 | Jahan Dotson,0,1,2,1,2,1,0,0,183.12331557885327,25.1259270500435,1,-1,-1,-157.99738852880978,79.0,165.0,3 | 7,5
1872,2024,2024-08-22,WAS,2,player_for_draft_capital_or_mixed,PHI,2025 R5 #165 | Jahan Dotson,2025 R3 #79 | 2025 R7 #248,1,0,1,2,1,2,0,0,25.1259270500435,183.12331557885327,-1,1,1,157.99738852880978,165.0,79.0,5,3 | 7
1873,2024,2024-08-22,CAR,2,player_only,SEA,Michael Barrett,Michael Jackson,1,1,0,0,0,0,0,0,0.0,0.0,0,0,0,0.0,,,,
1873,2024,2024-08-22,SEA,2,player_only,CAR,Michael Jackson,Michael Barrett,1,1,0,0,0,0,0,0,0.0,0.0,0,0,0,0.0,,,,
1874,2024,2024-08-23,CHI,2,player_for_draft_capital_or_mixed,SEA,2025 R6 #185,Darrell Taylor,0,1,1,0,1,0,0,0,16.29214802288608,0.0,1,-1,-1,-16.29214802288608,185.0,,6,
1874,2024,2024-08-23,SEA,2,player_for_draft_capital_or_mixed,CHI,Darrell Taylor,2025 R6 #185,1,0,0,1,0,1,0,0,0.0,16.29214802288608,-1,1,1,16.29214802288608,,185.0,,6
1875,2024,2024-08-24,CHI,2,player_for_draft_capital_or_mixed,CLE,2025 R6 #192,2025 R7 #240 | Chris Williams,0,1,1,1,1,1,0,0,14.0,2.0,1,0,0,-12.0,192.0,240.0,6,7
1875,2024,2024-08-24,CLE,2,player_for_draft_capital_or_mixed,CHI,2025 R7 #240 | Chris Williams,2025 R6 #192,1,0,1,1,1,1,0,0,2.0,14.0,-1,0,0,12.0,240.0,192.0,7,6
1876,2024,2024-08-26,JAX,2,player_for_draft_capital_or_mixed,SEA,Trevis Gipson,2025 R6 #194,1,0,0,1,0,1,0,0,0.0,12.94564766595343,-1,1,1,12.94564766595343,,194.0,,6
1876,2024,2024-08-26,SEA,2,player_for_draft_capital_or_mixed,JAX,2025 R6 #194,Trevis Gipson,0,1,1,0,1,0,0,0,12.94564766595343,0.0,1,-1,-1,-12.94564766595343,194.0,,6,
1877,2024,2024-08-26,GB,2,player_for_draft_capital_or_mixed,TEN,2025 R7 #239,Malik Willis,0,1,1,0,1,0,0,0,2.0885475648548275,0.0,1,-1,-1,-2.0885475648548275,239.0,,7,
1877,2024,2024-08-26,TEN,2,player_for_draft_capital_or_mixed,GB,Malik Willis,2025 R7 #239,1,0,0,1,0,1,0,0,0.0,2.0885475648548275,-1,1,1,2.0885475648548275,,239.0,,7
1880,2024,2024-08-26,ARI,2,player_for_draft_capital_or_mixed,KC,Cameron Thomas,2025 R7 #225,1,0,0,1,0,1,0,0,0.0,3.830413122794295,-1,1,1,3.830413122794295,,225.0,,7
1880,2024,2024-08-26,KC,2,player_for_draft_capital_or_mixed,ARI,2025 R7 #225,Cameron Thomas,0,1,1,0,1,0,0,0,3.830413122794295,0.0,1,-1,-1,-3.830413122794295,225.0,,7,
1878,2024,2024-08-27,LA,2,player_for_draft_capital_or_mixed,TEN,2026 R6 | Ernest Jones,2026 R5,1,0,1,1,0,0,0,0,0.0,0.0,-1,0,0,0.0,,,6,5
1878,2024,2024-08-27,TEN,2,player_for_draft_capital_or_mixed,LA,2026 R5,2026 R6 | Ernest Jones,0,1,1,1,0,0,0,0,0.0,0.0,1,0,0,0.0,,,5,6
1879,2024,2024-08-27,DAL,2,player_for_draft_capital_or_mixed,KC,Peyton Hendershot,conditional 2026 R7,1,0,0,1,0,0,0,1,0.0,0.0,-1,1,0,0.0,,,,7
1879,2024,2024-08-27,KC,2,player_for_draft_capital_or_mixed,DAL,conditional 2026 R7,Peyton Hendershot,0,1,1,0,0,0,1,0,0.0,0.0,1,-1,0,0.0,,,7,
1881,2024,2024-08-27,BUF,2,player_for_draft_capital_or_mixed,NYJ,2026 R6,2026 R7 | Brandon Codrington,0,1,1,1,0,0,0,0,0.0,0.0,1,0,0,0.0,,,6,7
1881,2024,2024-08-27,NYJ,2,player_for_draft_capital_or_mixed,BUF,2026 R7 | Brandon Codrington,2026 R6,1,0,1,1,0,0,0,0,0.0,0.0,-1,0,0,0.0,,,7,6
1882,2024,2024-08-28,NO,2,player_for_draft_capital_or_mixed,WAS,2025 R6 #184,2025 R7 #248 | John Ridgeway,0,1,1,1,1,1,0,0,16.648899610038093,1.4142135623730951,1,0,0,-15.234686047664997,184.0,248.0,6,7
1882,2024,2024-08-28,WAS,2,player_for_draft_capital_or_mixed,NO,2025 R7 #248 | John Ridgeway,2025 R6 #184,1,0,1,1,1,1,0,0,1.4142135623730951,16.648899610038093,-1,0,0,15.234686047664997,248.0,184.0,7,6
1883,2024,2024-08-28,LAC,2,player_for_draft_capital_or_mixed,TEN,2026 R7,Elijah Molden,0,1,1,0,0,0,0,0,0.0,0.0,1,-1,0,0.0,,,7,
1883,2024,2024-08-28,TEN,2,player_for_draft_capital_or_mixed,LAC,Elijah Molden,2026 R7,1,0,0,1,0,0,0,0,0.0,0.0,-1,1,0,0.0,,,,7
1884,2024,2024-08-28,ATL,2,player_for_draft_capital_or_mixed,LAC,Taylor Heinicke,conditional 2025 R6,1,0,0,1,0,0,0,1,0.0,0.0,-1,1,0,0.0,,,,6
1884,2024,2024-08-28,LAC,2,player_for_draft_capital_or_mixed,ATL,conditional 2025 R6,Taylor Heinicke,0,1,1,0,0,0,1,0,0.0,0.0,1,-1,0,0.0,,,6,
1885,2024,2024-10-14,JAX,2,player_for_draft_capital_or_mixed,SEA,Roy Robertson-Harris,2026 R6,1,0,0,1,0,0,0,0,0.0,0.0,-1,1,0,0.0,,,,6
1885,2024,2024-10-14,SEA,2,player_for_draft_capital_or_mixed,JAX,2026 R6,Roy Robertson-Harris,0,1,1,0,0,0,0,0,0.0,0.0,1,-1,0,0.0,,,6,
1886,2024,2024-10-15,LV,2,player_for_draft_capital_or_mixed,NYJ,Davante Adams,conditional 2025,1,0,0,1,0,0,0,1,0.0,0.0,-1,1,0,0.0,,,,
1886,2024,2024-10-15,NYJ,2,player_for_draft_capital_or_mixed,LV,conditional 2025,Davante Adams,0,1,1,0,0,0,1,0,0.0,0.0,1,-1,0,0.0,,,,
1887,2024,2024-10-15,BUF,2,player_for_draft_capital_or_mixed,CLE,2025 R3 #94 | 2026 R7,2025 R6 #204 | Amari Cooper,0,1,2,1,1,1,0,0,122.28962131716897,8.751903472535176,1,-1,0,-113.53771784463379,94.0,204.0,3 | 7,6
1887,2024,2024-10-15,CLE,2,player_for_draft_capital_or_mixed,BUF,2025 R6 #204 | Amari Cooper,2025 R3 #94 | 2026 R7,1,0,1,2,1,1,0,0,8.751903472535176,122.28962131716897,-1,1,0,113.53771784463379,204.0,94.0,6,3 | 7
1888,2024,2024-10-15,HOU,2,player_for_draft_capital_or_mixed,MIN,conditional 2026 R7 | Cam Akers,conditional 2026 R6,1,0,1,1,0,0,1,1,0.0,0.0,-1,0,0,0.0,,,7,6
1888,2024,2024-10-15,MIN,2,player_for_draft_capital_or_mixed,HOU,conditional 2026 R6,conditional 2026 R7 | Cam Akers,0,1,1,1,0,0,1,1,0.0,0.0,1,0,0,0.0,,,6,7
1889,2024,2024-10-23,KC,2,player_for_draft_capital_or_mixed,TEN,conditional 2025,DeAndre Hopkins,0,1,1,0,0,0,1,0,0.0,0.0,1,-1,0,0.0,,,,
1889,2024,2024-10-23,TEN,2,player_for_draft_capital_or_mixed,KC,DeAndre Hopkins,conditional 2025,1,0,0,1,0,0,0,1,0.0,0.0,-1,1,0,0.0,,,,
1890,2024,2024-10-23,SEA,2,player_for_draft_capital_or_mixed,TEN,2025 R4 #120 | Jerome Baker,Ernest Jones,1,1,1,0,1,0,0,0,55.10815090599254,0.0,0,-1,-1,-55.10815090599254,120.0,,4,
1890,2024,2024-10-23,TEN,2,player_for_draft_capital_or_mixed,SEA,Ernest Jones,2025 R4 #120 | Jerome Baker,1,1,0,1,0,1,0,0,0.0,55.10815090599254,0,1,1,55.10815090599254,,120.0,,4
1891,2024,2024-10-28,KC,2,player_for_draft_capital_or_mixed,NE,2026 R6,Josh Uche,0,1,1,0,0,0,0,0,0.0,0.0,1,-1,0,0.0,,,6,
1891,2024,2024-10-28,NE,2,player_for_draft_capital_or_mixed,KC,Josh Uche,2026 R6,1,0,0,1,0,0,0,0,0.0,0.0,-1,1,0,0.0,,,,6
1892,2024,2024-10-29,BAL,2,player_for_draft_capital_or_mixed,CAR,2025 R5 #163,2025 R6 #183 | Diontae Johnson,0,1,1,1,1,1,0,0,26.238346877544192,17.013463039726563,1,0,0,-9.224883837817629,163.0,183.0,5,6
1892,2024,2024-10-29,CAR,2,player_for_draft_capital_or_mixed,BAL,2025 R6 #183 | Diontae Johnson,2025 R5 #163,1,0,1,1,1,1,0,0,17.013463039726563,26.238346877544192,-1,0,0,9.224883837817629,183.0,163.0,6,5
1893,2024,2024-10-29,JAX,2,player_for_draft_capital_or_mixed,MIN,conditional 2026 R7 | Cam Robinson,conditional 2026 R4,1,0,1,1,0,0,1,1,0.0,0.0,-1,0,0,0.0,,,7,4
1893,2024,2024-10-29,MIN,2,player_for_draft_capital_or_mixed,JAX,conditional 2026 R4,conditional 2026 R7 | Cam Robinson,0,1,1,1,0,0,1,1,0.0,0.0,1,0,0,0.0,,,4,7
1894,2024,2024-11-04,ARI,2,player_for_draft_capital_or_mixed,DEN,2025 R6 #191,Baron Browning,0,1,1,0,1,0,0,0,14.306560081157631,0.0,1,-1,-1,-14.306560081157631,191.0,,6,
1894,2024,2024-11-04,DEN,2,player_for_draft_capital_or_mixed,ARI,Baron Browning,2025 R6 #191,1,0,0,1,0,1,0,0,0.0,14.306560081157631,-1,1,1,14.306560081157631,,191.0,,6
1895,2024,2024-11-05,CLE,2,player_for_draft_capital_or_mixed,DET,2026 R7 | Za'Darius Smith,2025 R5 #164 | 2026 R6,1,0,1,2,0,1,0,0,0.0,25.676113209730797,-1,1,1,25.676113209730797,,164.0,7,5 | 6
1895,2024,2024-11-05,DET,2,player_for_draft_capital_or_mixed,CLE,2025 R5 #164 | 2026 R6,2026 R7 | Za'Darius Smith,0,1,2,1,1,0,0,0,25.676113209730797,0.0,1,-1,-1,-25.676113209730797,164.0,,5 | 6,7
1896,2024,2024-11-05,CHI,2,player_for_draft_capital_or_mixed,CIN,Khalil Herbert,2025 R7 #233,1,0,0,1,0,1,0,0,0.0,2.7085110938737853,-1,1,1,2.7085110938737853,,233.0,,7
1896,2024,2024-11-05,CIN,2,player_for_draft_capital_or_mixed,CHI,2025 R7 #233,Khalil Herbert,0,1,1,0,1,0,0,0,2.7085110938737853,0.0,1,-1,-1,-2.7085110938737853,233.0,,7,
1897,2024,2024-11-05,CAR,2,player_for_draft_capital_or_mixed,DAL,2025 R7 #247 | Jonathan Mingo,2025 R4 #114,1,0,1,1,1,1,0,0,1.4768261459394991,66.37833835646687,-1,0,0,64.90151221052737,247.0,114.0,7,4
1897,2024,2024-11-05,DAL,2,player_for_draft_capital_or_mixed,CAR,2025 R4 #114,2025 R7 #247 | Jonathan Mingo,0,1,1,1,1,1,0,0,66.37833835646687,1.4768261459394991,1,0,0,-64.90151221052737,114.0,247.0,4,7
1898,2024,2024-11-05,NO,2,player_for_draft_capital_or_mixed,WAS,2025 R5 #147 | Marshon Lattimore,2025 R3 #93 | 2025 R4 #131 | 2025 R6 #184,1,0,1,3,1,3,0,0,33.3308693443083,183.51501103531308,-1,2,2,150.18414169100478,147.0,93.0,5,3 | 4 | 6
1898,2024,2024-11-05,WAS,2,player_for_draft_capital_or_mixed,NO,2025 R3 #93 | 2025 R4 #131 | 2025 R6 #184,2025 R5 #147 | Marshon Lattimore,0,1,3,1,3,1,0,0,183.51501103531308,33.3308693443083,1,-2,-2,-150.18414169100478,93.0,147.0,3 | 4 | 6,5
1899,2024,2024-11-05,NYJ,2,player_for_draft_capital_or_mixed,PIT,Mike Williams,2025 R5 #162,1,0,0,1,0,1,0,0,0.0,26.812891859560057,-1,1,1,26.812891859560057,,162.0,,5
1899,2024,2024-11-05,PIT,2,player_for_draft_capital_or_mixed,NYJ,2025 R5 #162,Mike Williams,0,1,1,0,1,0,0,0,26.812891859560057,0.0,1,-1,-1,-26.812891859560057,162.0,,5,
1900,2024,2024-11-05,GB,2,player_for_draft_capital_or_mixed,PIT,Preston Smith,2025 R7 #237,1,0,0,1,0,1,0,0,0.0,2.277577269513383,-1,1,1,2.277577269513383,,237.0,,7
1900,2024,2024-11-05,PIT,2,player_for_draft_capital_or_mixed,GB,2025 R7 #237,Preston Smith,0,1,1,0,1,0,0,0,2.277577269513383,0.0,1,-1,-1,-2.277577269513383,237.0,,7,
1901,2024,2024-11-05,BAL,2,player_for_draft_capital_or_mixed,LA,2026 R7,2027 R7 | Tre'Davious White,0,1,1,1,0,0,0,0,0.0,0.0,1,0,0,0.0,,,7,7
1901,2024,2024-11-05,LA,2,player_for_draft_capital_or_mixed,BAL,2027 R7 | Tre'Davious White,2026 R7,1,0,1,1,0,0,0,0,0.0,0.0,-1,0,0,0.0,,,7,7
1902,2024,2024-11-05,HOU,2,player_for_draft_capital_or_mixed,SF,Khalil Davis,2026 R7,1,0,0,1,0,0,0,0,0.0,0.0,-1,1,0,0.0,,,,7
1902,2024,2024-11-05,SF,2,player_for_draft_capital_or_mixed,HOU,2026 R7,Khalil Davis,0,1,1,0,0,0,0,0,0.0,0.0,1,-1,0,0.0,,,7,
1912,2025,2025-03-01,SF,2,player_for_draft_capital_or_mixed,WAS,Deebo Samuel,2025 R5 #147,1,0,0,1,0,1,0,0,0.0,33.3308693443083,-1,1,1,33.3308693443083,,147.0,,5
1912,2025,2025-03-01,WAS,2,player_for_draft_capital_or_mixed,SF,2025 R5 #147,Deebo Samuel,0,1,1,0,1,0,0,0,33.3308693443083,0.0,1,-1,-1,-33.3308693443083,147.0,,5,
1910,2025,2025-03-05,CHI,2,player_for_draft_capital_or_mixed,LA,2025 R6 #202,Jonah Jackson,0,1,1,0,1,0,0,0,9.464698235047209,0.0,1,-1,-1,-9.464698235047209,202.0,,6,
1910,2025,2025-03-05,LA,2,player_for_draft_capital_or_mixed,CHI,Jonah Jackson,2025 R6 #202,1,0,0,1,0,1,0,0,0.0,9.464698235047209,-1,1,1,9.464698235047209,,202.0,,6
1911,2025,2025-03-05,CHI,2,player_for_draft_capital_or_mixed,KC,2026 R4,Joe Thuney,0,1,1,0,0,0,0,0,0.0,0.0,1,-1,0,0.0,,,4,
1911,2025,2025-03-05,KC,2,player_for_draft_capital_or_mixed,CHI,Joe Thuney,2026 R4,1,0,0,1,0,0,0,0,0.0,0.0,-1,1,0,0.0,,,,4
1909,2025,2025-03-06,HOU,2,player_for_draft_capital_or_mixed,JAX,2026 R7,Christian Kirk,0,1,1,0,0,0,0,0,0.0,0.0,1,-1,0,0.0,,,7,
1909,2025,2025-03-06,JAX,2,player_for_draft_capital_or_mixed,HOU,Christian Kirk,2026 R7,1,0,0,1,0,0,0,0,0.0,0.0,-1,1,0,0.0,,,,7
1908,2025,2025-03-07,LV,2,player_for_draft_capital_or_mixed,SEA,2025 R3 #92,Geno Smith,0,1,1,0,1,0,0,0,128.9202713956601,0.0,1,-1,-1,-128.9202713956601,92.0,,3,
1908,2025,2025-03-07,SEA,2,player_for_draft_capital_or_mixed,LV,Geno Smith,2025 R3 #92,1,0,0,1,0,1,0,0,0.0,128.9202713956601,-1,1,1,128.9202713956601,,92.0,,3
1907,2025,2025-03-09,PIT,2,player_for_draft_capital_or_mixed,SEA,2025 R2 #52 | 2025 R7 #223 | 2025 R6,2025 R6 #185 | 2025 R7 | D.K. Metcalf,0,1,3,2,2,1,0,0,366.12910024998047,16.29214802288608,1,-1,-1,-349.8369522270944,52.0,185.0,2 | 6 | 7,6 | 7
1907,2025,2025-03-09,SEA,2,player_for_draft_capital_or_mixed,PIT,2025 R6 #185 | 2025 R7 | D.K. Metcalf,2025 R2 #52 | 2025 R7 #223 | 2025 R6,1,0,2,3,1,2,0,0,16.29214802288608,366.12910024998047,-1,1,1,349.8369522270944,185.0,52.0,6 | 7,2 | 6 | 7
1904,2025,2025-03-10,HOU,2,player_for_draft_capital_or_mixed,WAS,2025 R4 #128 | Laremy Tunsil,2025 R3 #79 | 2025 R7 #236 | 2026 R2 | 2026 R4,1,0,1,4,1,2,0,0,43.0,184.0875162464856,-1,3,1,141.0875162464856,128.0,79.0,4,2 | 3 | 4 | 7
1904,2025,2025-03-10,WAS,2,player_for_draft_capital_or_mixed,HOU,2025 R3 #79 | 2025 R7 #236 | 2026 R2 | 2026 R4,2025 R4 #128 | Laremy Tunsil,0,1,4,1,2,1,0,0,184.0875162464856,43.0,1,-3,-1,-141.0875162464856,79.0,128.0,2 | 3 | 4 | 7,4
1905,2025,2025-03-10,CLE,2,player_for_draft_capital_or_mixed,PHI,2025 R5 #164 | Dorian Thompson-Robinson,Kenny Pickett,1,1,1,0,1,0,0,0,25.676113209730797,0.0,0,-1,-1,-25.676113209730797,164.0,,5,
1905,2025,2025-03-10,PHI,2,player_for_draft_capital_or_mixed,CLE,Kenny Pickett,2025 R5 #164 | Dorian Thompson-Robinson,1,1,0,1,0,1,0,0,0.0,25.676113209730797,0,1,1,25.676113209730797,,164.0,,5
1906,2025,2025-03-10,NE,2,player_for_draft_capital_or_mixed,NO,Davon Godchaux,2026 R7,1,0,0,1,0,0,0,0,0.0,0.0,-1,1,0,0.0,,,,7
1906,2025,2025-03-10,NO,2,player_for_draft_capital_or_mixed,NE,2026 R7,Davon Godchaux,0,1,1,0,0,0,0,0,0.0,0.0,1,-1,0,0.0,,,7,
1903,2025,2025-03-11,HOU,2,player_for_draft_capital_or_mixed,PHI,2026 R5 | Kenyon Green,2026 R6 | C.J. Gardner-Johnson,1,1,1,1,0,0,0,0,0.0,0.0,0,0,0,0.0,,,5,6
1903,2025,2025-03-11,PHI,2,player_for_draft_capital_or_mixed,HOU,2026 R6 | C.J. Gardner-Johnson,2026 R5 | Kenyon Green,1,1,1,1,0,0,0,0,0.0,0.0,0,0,0,0.0,,,6,5
1913,2025,2025-03-12,BUF,2,player_for_draft_capital_or_mixed,DAL,2025 R6 #204 | Kaiir Elam,2025 R5 #170 | 2026 R7,1,0,1,2,1,1,0,0,8.751903472535176,22.546864647289553,-1,1,0,13.794961174754377,204.0,170.0,6,5 | 7
1913,2025,2025-03-12,DAL,2,player_for_draft_capital_or_mixed,BUF,2025 R5 #170 | 2026 R7,2025 R6 #204 | Kaiir Elam,0,1,2,1,1,1,0,0,22.546864647289553,8.751903472535176,1,-1,0,-13.794961174754377,170.0,204.0,5 | 7,6
1914,2025,2025-03-12,DAL,2,player_for_draft_capital_or_mixed,TEN,2025 R6 #188,2025 R7 #239 | Kenneth Murray,0,1,1,1,1,1,0,0,15.2671082573136,2.0885475648548275,1,0,0,-13.178560692458772,188.0,239.0,6,7
1914,2025,2025-03-12,TEN,2,player_for_draft_capital_or_mixed,DAL,2025 R7 #239 | Kenneth Murray,2025 R6 #188,1,0,1,1,1,1,0,0,2.0885475648548275,15.2671082573136,-1,0,0,13.178560692458772,239.0,188.0,7,6
1915,2025,2025-03-13,HOU,2,player_for_draft_capital_or_mixed,MIN,2026 R6,Ed Ingram,0,1,1,0,0,0,0,0,0.0,0.0,1,-1,0,0.0,,,6,
1915,2025,2025-03-13,MIN,2,player_for_draft_capital_or_mixed,HOU,Ed Ingram,2026 R6,1,0,0,1,0,0,0,0,0.0,0.0,-1,1,0,0.0,,,,6
1916,2025,2025-03-18,MIN,2,player_for_draft_capital_or_mixed,SF,2025 R5 #160 | 2026 R6,2025 R6 #187 | Jordan Mason,0,1,2,1,1,1,0,0,28.0,15.60141439634249,1,-1,0,-12.39858560365751,160.0,187.0,5 | 6,6
1916,2025,2025-03-18,SF,2,player_for_draft_capital_or_mixed,MIN,2025 R6 #187 | Jordan Mason,2025 R5 #160 | 2026 R6,1,0,1,2,1,1,0,0,15.60141439634249,28.0,-1,1,0,12.39858560365751,187.0,160.0,6,5 | 6
1917,2025,2025-04-03,DAL,2,player_for_draft_capital_or_mixed,NE,2025 R5 #171,2025 R7 #217 | Joe Milton,0,1,1,1,1,1,0,0,22.063731831510403,5.261079640198116,1,0,0,-16.802652191312287,171.0,217.0,5,7
1917,2025,2025-04-03,NE,2,player_for_draft_capital_or_mixed,DAL,2025 R7 #217 | Joe Milton,2025 R5 #171,1,0,1,1,1,1,0,0,5.261079640198116,22.063731831510403,-1,0,0,16.802652191312287,217.0,171.0,7,5
1918,2025,2025-04-24,CLE,2,pick_only,HOU,2025 R6 #179 (Ollie Gordon) | 2025 R6 #216 (Jeremy Crawshaw) | 2025 R7 #255 (Luke Lachey),2025 R5 #166 (Tory Horton) | 2027 R5,0,0,3,2,3,1,0,0,25.068716386133307,24.58753024522619,0,-1,-2,-0.4811861409071163,179.0,166.0,6 | 7,5
1918,2025,2025-04-24,HOU,2,pick_only,CLE,2025 R5 #166 (Tory Horton) | 2027 R5,2025 R6 #179 (Ollie Gordon) | 2025 R6 #216 (Jeremy Crawshaw) | 2025 R7 #255 (Luke Lachey),0,0,2,3,1,3,0,0,24.58753024522619,25.068716386133307,0,1,2,0.4811861409071163,166.0,179.0,5,6 | 7
1919,2025,2025-04-24,CLE,2,pick_only,JAX,2025 R1 #2 (Travis Hunter) | 2025 R4 #104 (Bhayshul Tuten) | 2025 R6 #200 (Rayuan Lane),2025 R1 #5 (Mason Graham) | 2025 R2 #36 (Quinshon Judkins) | 2025 R4 #126 (Dylan Sampson) | 2026 R1,0,0,3,4,3,3,0,0,2700.748472513009,2280.8281232099675,0,1,0,-419.92034930304135,2.0,5.0,1 | 4 | 6,1 | 2 | 4
1919,2025,2025-04-24,JAX,2,pick_only,CLE,2025 R1 #5 (Mason Graham) | 2025 R2 #36 (Quinshon Judkins) | 2025 R4 #126 (Dylan Sampson) | 2026 R1,2025 R1 #2 (Travis Hunter) | 2025 R4 #104 (Bhayshul Tuten) | 2025 R6 #200 (Rayuan Lane),0,0,4,3,3,3,0,0,2280.8281232099675,2700.748472513009,0,-1,0,419.92034930304135,5.0,2.0,1 | 2 | 4,1 | 4 | 6
1920,2025,2025-04-24,HOU,2,pick_only,NYG,2025 R1 #25 (Jaxson Dart),2025 R2 #34 (Jayden Higgins) | 2025 R3 #99 (Charles Grant) | 2026 R3,0,0,1,3,1,2,0,0,720.0,667.5621896531654,0,2,1,-52.43781034683457,25.0,34.0,1,2 | 3
1920,2025,2025-04-24,NYG,2,pick_only,HOU,2025 R2 #34 (Jayden Higgins) | 2025 R3 #99 (Charles Grant) | 2026 R3,2025 R1 #25 (Jaxson Dart),0,0,3,1,2,1,0,0,667.5621896531654,720.0,0,-2,-1,52.43781034683457,34.0,25.0,2 | 3,1
1921,2025,2025-04-24,ATL,2,pick_only,LA,2025 R2 #46 (Terrance Ferguson) | 2025 R7 #242 (Konata Mumpfield) | 2026 R1,2025 R1 #26 (James Pearce) | 2025 R3 #101 (Sai'vion Jones),0,0,3,2,2,2,0,0,420.9419623181581,799.3381058172351,0,-1,0,378.396143499077,46.0,26.0,1 | 2 | 7,1 | 3
1921,2025,2025-04-24,LA,2,pick_only,ATL,2025 R1 #26 (James Pearce) | 2025 R3 #101 (Sai'vion Jones),2025 R2 #46 (Terrance Ferguson) | 2025 R7 #242 (Konata Mumpfield) | 2026 R1,0,0,2,3,2,2,0,0,799.3381058172351,420.9419623181581,0,1,0,-378.396143499077,26.0,46.0,1 | 3,1 | 2 | 7
1922,2025,2025-04-24,KC,2,pick_only,PHI,2025 R1 #31 (Jihaad Campbell),,0,0,1,0,1,0,0,0,600.0,0.0,0,-1,-1,-600.0,31.0,,1,
1922,2025,2025-04-24,PHI,2,pick_only,KC,,2025 R1 #31 (Jihaad Campbell),0,0,0,1,0,1,0,0,0.0,600.0,0,1,1,600.0,,31.0,,1
1923,2025,2025-04-25,SEA,2,pick_only,TEN,2025 R2 #52 (Oluwafemi Oladejo) | 2025 R3 #82 (Kevin Winston),2025 R2 #35 (Nick Emmanwori),0,0,2,1,2,1,0,0,529.8417862182871,548.3085125943791,0,-1,-1,18.46672637609197,52.0,35.0,2 | 3,2
1923,2025,2025-04-25,TEN,2,pick_only,SEA,2025 R2 #35 (Nick Emmanwori),2025 R2 #52 (Oluwafemi Oladejo) | 2025 R3 #82 (Kevin Winston),0,0,1,2,1,2,0,0,548.3085125943791,529.8417862182871,0,1,1,-18.46672637609197,35.0,52.0,2,2 | 3
1924,2025,2025-04-25,LV,2,pick_only,MIA,2025 R2 #37 (Jonah Savaiinaea) | 2025 R5 #143 (Jordan Phillips),2025 R2 #48 (Aireontae Ersery) | 2025 R3 #98 (Caleb Rogers) | 2025 R4 #135 (Tonka Hemingway),0,0,2,3,2,3,0,0,557.3310657192303,547.2961105864043,0,1,1,-10.034955132825985,37.0,48.0,2 | 5,2 | 3 | 4
1924,2025,2025-04-25,MIA,2,pick_only,LV,2025 R2 #48 (Aireontae Ersery) | 2025 R3 #98 (Caleb Rogers) | 2025 R4 #135 (Tonka Hemingway),2025 R2 #37 (Jonah Savaiinaea) | 2025 R5 #143 (Jordan Phillips),0,0,3,2,3,2,0,0,547.2961105864043,557.3310657192303,0,-1,-1,10.034955132825985,48.0,37.0,2 | 3 | 4,2 | 5
1925,2025,2025-04-25,BUF,2,pick_only,CHI,2025 R2 #56 (Ozzy Trapilo) | 2025 R2 #62 (Shemar Turner) | 2025 R4 #109 (Deone Walker),2025 R2 #41 (T.J. Sanders) | 2025 R3 #72 (Landon Jackson) | 2025 R7 #240 (Kaden Prather),0,0,3,3,3,3,0,0,689.3041659253854,694.1491007654793,0,0,0,4.844934840093856,56.0,41.0,2 | 4,2 | 3 | 7
1925,2025,2025-04-25,CHI,2,pick_only,BUF,2025 R2 #41 (T.J. Sanders) | 2025 R3 #72 (Landon Jackson) | 2025 R7 #240 (Kaden Prather),2025 R2 #56 (Ozzy Trapilo) | 2025 R2 #62 (Shemar Turner) | 2025 R4 #109 (Deone Walker),0,0,3,3,3,3,0,0,694.1491007654793,689.3041659253854,0,0,0,-4.844934840093856,41.0,56.0,2 | 3 | 7,2 | 4
1926,2025,2025-04-25,HOU,2,pick_only,LV,2025 R2 #58 (Jack Bech) | 2025 R3 #99 (Charles Grant),2025 R2 #48 (Aireontae Ersery),0,0,2,1,2,1,0,0,418.3153378897186,399.1240408695021,0,-1,-1,-19.191297020216496,58.0,48.0,2 | 3,2
1926,2025,2025-04-25,LV,2,pick_only,HOU,2025 R2 #48 (Aireontae Ersery),2025 R2 #58 (Jack Bech) | 2025 R3 #99 (Charles Grant),0,0,1,2,1,2,0,0,399.1240408695021,418.3153378897186,0,1,1,19.191297020216496,48.0,58.0,2,2 | 3
1927,2025,2025-04-25,CAR,2,pick_only,DEN,2025 R2 #57 (Tate Ratledge) | 2025 R3 #74 (Pat Bryant) | 2025 R4 #111 (Ty Robinson) | 2025 R7 #230 (Dan Jackson),2025 R2 #51 (Nic Scourton) | 2025 R3 #85 (Nohl Williams) | 2025 R4 #122 (Lathan Ransom) | 2025 R6 #208 (Jimmy Horn),0,0,4,4,4,4,0,0,603.6371109674338,585.2870888954742,0,0,0,-18.350022071959643,57.0,51.0,2 | 3 | 4 | 7,2 | 3 | 4 | 6
1927,2025,2025-04-25,DEN,2,pick_only,CAR,2025 R2 #51 (Nic Scourton) | 2025 R3 #85 (Nohl Williams) | 2025 R4 #122 (Lathan Ransom) | 2025 R6 #208 (Jimmy Horn),2025 R2 #57 (Tate Ratledge) | 2025 R3 #74 (Pat Bryant) | 2025 R4 #111 (Ty Robinson) | 2025 R7 #230 (Dan Jackson),0,0,4,4,4,4,0,0,585.2870888954742,603.6371109674338,0,0,0,18.350022071959643,51.0,57.0,2 | 3 | 4 | 6,2 | 3 | 4 | 7
1928,2025,2025-04-25,DEN,2,pick_only,DET,2025 R2 #57 (Tate Ratledge) | 2025 R7 #230 (Dan Jackson),2025 R2 #60 (RJ Harvey) | 2025 R4 #130 (Malachi Moore),0,0,2,2,2,2,0,0,323.4359632842082,339.57676164967484,0,0,0,16.14079836546665,57.0,60.0,2 | 7,2 | 4
1928,2025,2025-04-25,DET,2,pick_only,DEN,2025 R2 #60 (RJ Harvey) | 2025 R4 #130 (Malachi Moore),2025 R2 #57 (Tate Ratledge) | 2025 R7 #230 (Dan Jackson),0,0,2,2,2,2,0,0,339.57676164967484,323.4359632842082,0,0,0,-16.14079836546665,60.0,57.0,2 | 4,2 | 7
1929,2025,2025-04-25,DET,2,pick_only,JAX,2025 R3 #102 (Tai Felton) | 2026 R3 | 2026 R3,2025 R3 #70 (Isaac TeSlaa) | 2025 R6 #182 (Andres Borregales) | 2026 R6,0,0,3,3,1,2,0,0,96.30469311789194,247.83188051450938,0,0,1,151.52718739661742,102.0,70.0,3,3 | 6
1929,2025,2025-04-25,JAX,2,pick_only,DET,2025 R3 #70 (Isaac TeSlaa) | 2025 R6 #182 (Andres Borregales) | 2026 R6,2025 R3 #102 (Tai Felton) | 2026 R3 | 2026 R3,0,0,3,3,2,1,0,0,247.83188051450938,96.30469311789194,0,0,-1,-151.52718739661742,70.0,102.0,3 | 6,3
1930,2025,2025-04-25,CAR,2,pick_only,NE,2025 R3 #85 (Nohl Williams) | 2025 R5 #146 (Bradyn Swinson),2025 R3 #77 (Princely Umanmielen),0,0,2,1,2,1,0,0,188.8700201890191,191.56152823688092,0,-1,-1,2.6915080478618165,85.0,77.0,3 | 5,3
1930,2025,2025-04-25,NE,2,pick_only,CAR,2025 R3 #77 (Princely Umanmielen),2025 R3 #85 (Nohl Williams) | 2025 R5 #146 (Bradyn Swinson),0,0,1,2,1,2,0,0,191.56152823688092,188.8700201890191,0,1,1,-2.6915080478618165,77.0,85.0,3,3 | 5
1931,2025,2025-04-25,KC,2,pick_only,NE,2025 R3 #95 (Jared Wilson) | 2026 R4,2025 R3 #85 (Nohl Williams),0,0,2,1,1,1,0,0,119.10330000798292,155.0893048490769,0,-1,0,35.98600484109399,95.0,85.0,3 | 4,3
1931,2025,2025-04-25,NE,2,pick_only,KC,2025 R3 #85 (Nohl Williams),2025 R3 #95 (Jared Wilson) | 2026 R4,0,0,1,2,1,1,0,0,155.0893048490769,119.10330000798292,0,1,0,-35.98600484109399,85.0,95.0,3,3 | 4
1932,2025,2025-04-25,HOU,2,pick_only,JAX,2025 R3 #89 (Wyatt Milum) | 2025 R7 #236 (LeQuint Allen),2025 R3 #102 (Tai Felton) | 2025 R5 #142 (Rylie Mills),0,0,2,2,2,2,0,0,141.92481114442066,131.94633030301085,0,0,0,-9.978480841409805,89.0,102.0,3 | 7,3 | 5
1932,2025,2025-04-25,JAX,2,pick_only,HOU,2025 R3 #102 (Tai Felton) | 2025 R5 #142 (Rylie Mills),2025 R3 #89 (Wyatt Milum) | 2025 R7 #236 (LeQuint Allen),0,0,2,2,2,2,0,0,131.94633030301085,141.92481114442066,0,0,0,9.978480841409805,102.0,89.0,3 | 5,3 | 7
1933,2025,2025-04-25,ATL,2,pick_only,PHI,2025 R3 #101 (Sai'vion Jones) | 2026 R5,2025 R3 #96 (Xavier Watts),0,0,2,1,1,1,0,0,99.33810581723509,116.0,0,-1,0,16.66189418276491,101.0,96.0,3 | 5,3
1933,2025,2025-04-25,PHI,2,pick_only,ATL,2025 R3 #96 (Xavier Watts),2025 R3 #101 (Sai'vion Jones) | 2026 R5,0,0,1,2,1,1,0,0,116.0,99.33810581723509,0,1,0,-16.66189418276491,96.0,101.0,3,3 | 5
1934,2025,2025-04-25,HOU,2,pick_only,MIN,2025 R3 #102 (Tai Felton) | 2025 R5 #142 (Rylie Mills),2025 R3 #97 (Jaylin Smith) | 2025 R6 #187 (Jaylen Reed),0,0,2,2,2,2,0,0,131.94633030301085,128.0592100203984,0,0,0,-3.887120282612443,102.0,97.0,3 | 5,3 | 6
1934,2025,2025-04-25,MIN,2,pick_only,HOU,2025 R3 #97 (Jaylin Smith) | 2025 R6 #187 (Jaylen Reed),2025 R3 #102 (Tai Felton) | 2025 R5 #142 (Rylie Mills),0,0,2,2,2,2,0,0,128.0592100203984,131.94633030301085,0,0,0,3.887120282612443,97.0,102.0,3 | 6,3 | 5
1935,2025,2025-04-25,DEN,2,pick_only,PHI,2025 R4 #111 (Ty Robinson) | 2025 R4 #130 (Malachi Moore) | 2025 R6 #191 (Myles Hinton),2025 R3 #101 (Sai'vion Jones) | 2025 R4 #134 (Quandarrius Robinson),0,0,3,2,3,2,0,0,129.0193038793773,139.01477907606903,0,-1,-1,9.995475196691729,111.0,101.0,4 | 6,3 | 4
1935,2025,2025-04-25,PHI,2,pick_only,DEN,2025 R3 #101 (Sai'vion Jones) | 2025 R4 #134 (Quandarrius Robinson),2025 R4 #111 (Ty Robinson) | 2025 R4 #130 (Malachi Moore) | 2025 R6 #191 (Myles Hinton),0,0,2,3,2,3,0,0,139.01477907606903,129.0193038793773,0,1,1,-9.995475196691729,101.0,111.0,3 | 4,4 | 6
1936,2025,2025-04-26,BUF,2,pick_only,CHI,2025 R4 #132 (Ruben Hyppolite) | 2025 R5 #169 (Zah Frazier),2025 R4 #109 (Deone Walker),0,0,2,1,2,1,0,0,63.795459868377115,77.5119193788194,0,-1,-1,13.716459510442284,132.0,109.0,4 | 5,4
1936,2025,2025-04-26,CHI,2,pick_only,BUF,2025 R4 #109 (Deone Walker),2025 R4 #132 (Ruben Hyppolite) | 2025 R5 #169 (Zah Frazier),0,0,1,2,1,2,0,0,77.5119193788194,63.795459868377115,0,1,1,-13.716459510442284,109.0,132.0,4,4 | 5
1937,2025,2025-04-26,HOU,2,pick_only,MIA,2025 R6 #179 (Ollie Gordon) | 2026 R3,2025 R4 #116 (Woody Marks) | 2025 R7 #224 (Kyonte Hamilton),0,0,2,2,1,2,0,0,18.553313004236372,66.38634329516793,0,0,1,47.83303029093156,179.0,116.0,3 | 6,4 | 7
1937,2025,2025-04-26,MIA,2,pick_only,HOU,2025 R4 #116 (Woody Marks) | 2025 R7 #224 (Kyonte Hamilton),2025 R6 #179 (Ollie Gordon) | 2026 R3,0,0,2,2,2,1,0,0,66.38634329516793,18.553313004236372,0,0,-1,-47.83303029093156,116.0,179.0,4 | 7,3 | 6
1938,2025,2025-04-26,IND,2,pick_only,LA,2025 R4 #117 (Jarquez Hunter) | 2025 R4 #127 (Jalen Travis) | 2025 R6 #190 (Tim Smith),,0,0,3,0,3,0,0,0,119.45554894714444,0.0,0,-3,-3,-119.45554894714444,117.0,,4 | 6,
1938,2025,2025-04-26,LA,2,pick_only,IND,,2025 R4 #117 (Jarquez Hunter) | 2025 R4 #127 (Jalen Travis) | 2025 R6 #190 (Tim Smith),0,0,0,3,0,3,0,0,0.0,119.45554894714444,0,3,3,119.45554894714444,,117.0,,4 | 6
1939,2025,2025-04-26,NYJ,2,pick_only,PHI,2025 R5 #145 (Mac McWilliams) | 2025 R6 #207 (Cameron Williams),2025 R4 #130 (Malachi Moore),0,0,2,1,2,1,0,0,42.01872066966274,41.86239334404483,0,-1,-1,-0.15632732561790874,145.0,130.0,5 | 6,4
1939,2025,2025-04-26,PHI,2,pick_only,NYJ,2025 R4 #130 (Malachi Moore),2025 R5 #145 (Mac McWilliams) | 2025 R6 #207 (Cameron Williams),0,0,1,2,1,2,0,0,41.86239334404483,42.01872066966274,0,1,1,0.15632732561790874,130.0,145.0,4,5 | 6
1940,2025,2025-04-26,BAL,2,pick_only,TEN,2025 R4 #136 (Elic Ayomanor) | 2025 R6 #183 (Marcus Harris),2025 R5 #141 (Carson Vinson) | 2025 R6 #178 (Bilhal Kone),0,0,2,2,2,2,0,0,55.6404514709929,55.08224783300254,0,0,0,-0.5582036379903599,136.0,141.0,4 | 6,5 | 6
1940,2025,2025-04-26,TEN,2,pick_only,BAL,2025 R5 #141 (Carson Vinson) | 2025 R6 #178 (Bilhal Kone),2025 R4 #136 (Elic Ayomanor) | 2025 R6 #183 (Marcus Harris),0,0,2,2,2,2,0,0,55.08224783300254,55.6404514709929,0,0,0,0.5582036379903599,141.0,136.0,5 | 6,4 | 6
1941,2025,2025-04-26,NE,2,pick_only,SEA,2025 R5 #144 (Shedeur Sanders) | 2025 R7 #238 (Ricky White),2025 R4 #137 (Joshua Farmer),0,0,2,1,2,1,0,0,36.87971861112546,38.1126063083793,0,-1,-1,1.2328876972538367,144.0,137.0,5 | 7,4
1941,2025,2025-04-26,SEA,2,pick_only,NE,2025 R4 #137 (Joshua Farmer),2025 R5 #144 (Shedeur Sanders) | 2025 R7 #238 (Ricky White),0,0,1,2,1,2,0,0,38.1126063083793,36.87971861112546,0,1,1,-1.2328876972538367,137.0,144.0,4,5 | 7
1942,2025,2025-04-26,MIN,2,player_for_draft_capital_or_mixed,SEA,2025 R5 #142 (Rylie Mills),2025 R5 #172 (Chris Paul) | Sam Howell,0,1,1,1,1,1,0,0,35.6416371851189,21.590951555711165,1,0,0,-14.050685629407738,142.0,172.0,5,5
1942,2025,2025-04-26,SEA,2,player_for_draft_capital_or_mixed,MIN,2025 R5 #172 (Chris Paul) | Sam Howell,2025 R5 #142 (Rylie Mills),1,0,1,1,1,1,0,0,21.590951555711165,35.6416371851189,-1,0,0,14.050685629407738,172.0,142.0,5,5
1943,2025,2025-04-26,CLE,2,pick_only,SEA,2025 R5 #166 (Tory Horton) | 2025 R6 #192 (Bryce Cabeldue),2025 R5 #144 (Shedeur Sanders),0,0,2,1,2,1,0,0,38.58753024522619,34.698703145794944,0,-1,-1,-3.8888270994312464,166.0,144.0,5 | 6,5
1943,2025,2025-04-26,SEA,2,pick_only,CLE,2025 R5 #144 (Shedeur Sanders),2025 R5 #166 (Tory Horton) | 2025 R6 #192 (Bryce Cabeldue),0,0,1,2,1,2,0,0,34.698703145794944,38.58753024522619,0,1,1,3.8888270994312464,144.0,166.0,5,5 | 6
1944,2025,2025-04-26,CHI,2,pick_only,LA,2025 R5 #148 (Ty Hamilton),2025 R6 #195 (Luke Newman) | 2026 R4,0,0,1,2,1,1,0,0,32.88701379078764,12.448632796256481,0,1,0,-20.43838099453116,148.0,195.0,5,4 | 6
1944,2025,2025-04-26,LA,2,pick_only,CHI,2025 R6 #195 (Luke Newman) | 2026 R4,2025 R5 #148 (Ty Hamilton),0,0,2,1,1,1,0,0,12.448632796256481,32.88701379078764,0,-1,0,20.43838099453116,195.0,148.0,4 | 6,5
1945,2025,2025-04-26,ARI,2,pick_only,DAL,2025 R5 #152 (Shemar James),2025 R5 #174 (Denzel Burke) | 2025 R6 #211 (Hayden Conner),0,0,1,2,1,2,0,0,31.16991639517594,27.329640165631478,0,1,1,-3.840276229544461,152.0,174.0,5,5 | 6
1945,2025,2025-04-26,DAL,2,pick_only,ARI,2025 R5 #174 (Denzel Burke) | 2025 R6 #211 (Hayden Conner),2025 R5 #152 (Shemar James),0,0,2,1,2,1,0,0,27.329640165631478,31.16991639517594,0,-1,-1,3.840276229544461,174.0,152.0,5 | 6,5
1946,2025,2025-04-26,KC,2,pick_only,PIT,2025 R5 #164 (Yahya Black) | 2025 R7 #226 (Carson Bruener),2025 R5 #156 (Jeffrey Bassa),0,0,2,1,2,1,0,0,29.344129382549482,29.54247212175932,0,-1,-1,0.19834273920983847,164.0,156.0,5 | 7,5
1946,2025,2025-04-26,PIT,2,pick_only,KC,2025 R5 #156 (Jeffrey Bassa),2025 R5 #164 (Yahya Black) | 2025 R7 #226 (Carson Bruener),0,0,1,2,1,2,0,0,29.54247212175932,29.344129382549482,0,1,1,-0.19834273920983847,156.0,164.0,5,5 | 7
1947,2025,2025-04-26,LAC,2,pick_only,PHI,2025 R6 #181 (Kyle McCord) | 2025 R6 #209 (Antwaun Powell-Ryland),2025 R5 #165 (Oronde Gadsden),0,0,2,1,2,1,0,0,24.962725536847856,25.1259270500435,0,-1,-1,0.16320151319564502,181.0,165.0,6,5
1947,2025,2025-04-26,PHI,2,pick_only,LAC,2025 R5 #165 (Oronde Gadsden),2025 R6 #181 (Kyle McCord) | 2025 R6 #209 (Antwaun Powell-Ryland),0,0,1,2,1,2,0,0,25.1259270500435,24.962725536847856,0,1,1,-0.16320151319564502,165.0,181.0,5,6
1948,2025,2025-04-26,DET,2,pick_only,NE,2025 R6 #182 (Andres Borregales) | 2025 R7 #228 (Brashard Smith),2025 R5 #171 (Miles Frazier),0,0,2,1,2,1,0,0,20.749595030043636,22.063731831510403,0,-1,-1,1.3141368014667663,182.0,171.0,6 | 7,5
1948,2025,2025-04-26,NE,2,pick_only,DET,2025 R5 #171 (Miles Frazier),2025 R6 #182 (Andres Borregales) | 2025 R7 #228 (Brashard Smith),0,0,1,2,1,2,0,0,22.063731831510403,20.749595030043636,0,1,1,-1.3141368014667663,171.0,182.0,5,6 | 7
1949,2025,2025-04-26,LA,2,pick_only,MIN,2025 R6 #201 (Kobe King) | 2025 R6 #202 (Gavin Bartholomew),2025 R5 #172 (Chris Paul),0,0,2,1,2,1,0,0,19.307276984123845,21.590951555711165,0,-1,-1,2.2836745715873192,201.0,172.0,6,5
1949,2025,2025-04-26,MIN,2,pick_only,LA,2025 R5 #172 (Chris Paul),2025 R6 #201 (Kobe King) | 2025 R6 #202 (Gavin Bartholomew),0,0,1,2,1,2,0,0,21.590951555711165,19.307276984123845,0,1,1,-2.2836745715873192,172.0,201.0,5,6
1950,2025,2025-04-26,BAL,2,pick_only,NYJ,2025 R5 #176 (Tyler Baron) | 2026 R6,2025 R6 #186 (Tyler Loop) | 2026 R5,0,0,2,2,1,1,0,0,19.798989873223327,15.943040886593678,0,0,0,-3.855948986629649,176.0,186.0,5 | 6,5 | 6
1950,2025,2025-04-26,NYJ,2,pick_only,BAL,2025 R6 #186 (Tyler Loop) | 2026 R5,2025 R5 #176 (Tyler Baron) | 2026 R6,0,0,2,2,1,1,0,0,15.943040886593678,19.798989873223327,0,0,0,3.855948986629649,186.0,176.0,5 | 6,5 | 6
1951,2025,2025-04-26,DEN,2,pick_only,HOU,2025 R6 #197 (Graham Mertz),2025 R6 #216 (Jeremy Crawshaw) | 2025 R7 #241 (Caleb Lohner),0,0,1,2,1,2,0,0,11.511115293083504,7.386336160866668,0,1,1,-4.124779132216836,197.0,216.0,6,6 | 7
1951,2025,2025-04-26,HOU,2,pick_only,DEN,2025 R6 #216 (Jeremy Crawshaw) | 2025 R7 #241 (Caleb Lohner),2025 R6 #197 (Graham Mertz),0,0,2,1,2,1,0,0,7.386336160866668,11.511115293083504,0,-1,-1,4.124779132216836,216.0,197.0,6 | 7,6
1952,2025,2025-04-26,KC,2,pick_only,NE,2025 R7 #251 (Julian Ashby) | 2025 R7 #257 (Kobee Minor),2025 R7 #228 (Brashard Smith),0,0,2,1,2,1,0,0,2.1649741584601196,3.363585661014858,0,-1,-1,1.1986115025547384,251.0,228.0,7,7
1952,2025,2025-04-26,NE,2,pick_only,KC,2025 R7 #228 (Brashard Smith),2025 R7 #251 (Julian Ashby) | 2025 R7 #257 (Kobee Minor),0,0,1,2,1,2,0,0,3.363585661014858,2.1649741584601196,0,1,1,-1.1986115025547384,228.0,251.0,7,7
1953,2025,2025-05-07,DAL,2,player_for_draft_capital_or_mixed,PIT,2026 R3 | 2027 R5,2027 R6 | George Pickens,0,1,2,1,0,0,0,0,0.0,0.0,1,-1,0,0.0,,,3 | 5,6
1953,2025,2025-05-07,PIT,2,player_for_draft_capital_or_mixed,DAL,2027 R6 | George Pickens,2026 R3 | 2027 R5,1,0,1,2,0,0,0,0,0.0,0.0,-1,1,0,0.0,,,6,3 | 5
1954,2025,2025-06-01,PHI,2,player_for_draft_capital_or_mixed,SF,Bryce Huff,conditional 2026 R4,1,0,0,1,0,0,0,1,0.0,0.0,-1,1,0,0.0,,,,4
1954,2025,2025-06-01,SF,2,player_for_draft_capital_or_mixed,PHI,conditional 2026 R4,Bryce Huff,0,1,1,0,0,0,1,0,0.0,0.0,1,-1,0,0.0,,,4,
1955,2025,2025-06-30,MIA,2,player_for_draft_capital_or_mixed,PIT,2027 R7 | Jalen Ramsey | Jonnu Smith,2027 R5 | Minkah Fitzpatrick,2,1,1,1,0,0,0,0,0.0,0.0,-1,0,0,0.0,,,7,5
1955,2025,2025-06-30,PIT,2,player_for_draft_capital_or_mixed,MIA,2027 R5 | Minkah Fitzpatrick,2027 R7 | Jalen Ramsey | Jonnu Smith,1,2,1,1,0,0,0,0,0.0,0.0,1,0,0,0.0,,,5,7
1956,2025,2025-07-01,MIA,2,player_for_draft_capital_or_mixed,NYG,2026 R6,conditional 2027 R7 | Darren Waller,0,1,1,1,0,0,0,1,0.0,0.0,1,0,0,0.0,,,6,7
1956,2025,2025-07-01,NYG,2,player_for_draft_capital_or_mixed,MIA,conditional 2027 R7 | Darren Waller,2026 R6,1,0,1,1,0,0,1,0,0.0,0.0,-1,0,0,0.0,,,7,6
1957,2025,2025-08-04,LV,2,player_only,PHI,Jakorian Bennett,Thomas Booker,1,1,0,0,0,0,0,0,0.0,0.0,0,0,0,0.0,,,,
1957,2025,2025-08-04,PHI,2,player_only,LV,Thomas Booker,Jakorian Bennett,1,1,0,0,0,0,0,0,0.0,0.0,0,0,0,0.0,,,,
1958,2025,2025-08-17,HOU,2,player_for_draft_capital_or_mixed,PHI,2026 R5 | John Metchie,2026 R6 | Harrison Bryant,1,1,1,1,0,0,0,0,0.0,0.0,0,0,0,0.0,,,5,6
1958,2025,2025-08-17,PHI,2,player_for_draft_capital_or_mixed,HOU,2026 R6 | Harrison Bryant,2026 R5 | John Metchie,1,1,1,1,0,0,0,0,0.0,0.0,0,0,0,0.0,,,6,5
1959,2025,2025-08-17,JAX,2,player_only,NO,Luke Fortner,Khalen Saunders,1,1,0,0,0,0,0,0,0.0,0.0,0,0,0,0.0,,,,
1959,2025,2025-08-17,NO,2,player_only,JAX,Khalen Saunders,Luke Fortner,1,1,0,0,0,0,0,0,0.0,0.0,0,0,0,0.0,,,,
1960,2025,2025-08-20,CLE,2,player_for_draft_capital_or_mixed,NYJ,2026 R7 | Jowon Briggs,2026 R6,1,0,1,1,0,0,0,0,0.0,0.0,-1,0,0,0.0,,,7,6
1960,2025,2025-08-20,NYJ,2,player_for_draft_capital_or_mixed,CLE,2026 R6,2026 R7 | Jowon Briggs,0,1,1,1,0,0,0,0,0.0,0.0,1,0,0,0.0,,,6,7
1961,2025,2025-08-20,KC,2,player_for_draft_capital_or_mixed,SF,2027 R7 | Skyy Moore,2027 R6,1,0,1,1,0,0,0,0,0.0,0.0,-1,0,0,0.0,,,7,6
1961,2025,2025-08-20,SF,2,player_for_draft_capital_or_mixed,KC,2027 R6,2027 R7 | Skyy Moore,0,1,1,1,0,0,0,0,0.0,0.0,1,0,0,0.0,,,6,7
1962,2025,2025-08-20,MIN,2,player_for_draft_capital_or_mixed,NYJ,2027 R7 | Harrison Phillips,2026 R6 | 2027 R6,1,0,1,2,0,0,0,0,0.0,0.0,-1,1,0,0.0,,,7,6
1962,2025,2025-08-20,NYJ,2,player_for_draft_capital_or_mixed,MIN,2026 R6 | 2027 R6,2027 R7 | Harrison Phillips,0,1,2,1,0,0,0,0,0.0,0.0,1,-1,0,0.0,,,6,7
1963,2025,2025-08-20,DEN,2,player_for_draft_capital_or_mixed,NO,Devaughn Vele,2026 R4 | 2027 R7,1,0,0,2,0,0,0,0,0.0,0.0,-1,2,0,0.0,,,,4 | 7
1963,2025,2025-08-20,NO,2,player_for_draft_capital_or_mixed,DEN,2026 R4 | 2027 R7,Devaughn Vele,0,1,2,0,0,0,0,0,0.0,0.0,1,-2,0,0.0,,,4 | 7,
1964,2025,2025-08-22,SF,2,player_for_draft_capital_or_mixed,WAS,2026 R6,Brian Robinson,0,1,1,0,0,0,0,0,0.0,0.0,1,-1,0,0.0,,,6,
1964,2025,2025-08-22,WAS,2,player_for_draft_capital_or_mixed,SF,Brian Robinson,2026 R6,1,0,0,1,0,0,0,0,0.0,0.0,-1,1,0,0.0,,,,6
1965,2025,2025-08-24,MIN,2,player_for_draft_capital_or_mixed,PHI,2026 R6 | Sam Howell,2026 R5 | 2027 R7,1,0,1,2,0,0,0,0,0.0,0.0,-1,1,0,0.0,,,6,5 | 7
1965,2025,2025-08-24,PHI,2,player_for_draft_capital_or_mixed,MIN,2026 R5 | 2027 R7,2026 R6 | Sam Howell,0,1,2,1,0,0,0,0,0.0,0.0,1,-1,0,0.0,,,5 | 7,6
1966,2025,2025-08-24,KC,2,player_for_draft_capital_or_mixed,NYJ,conditional 2027 R6,conditional 2027 R7 | Derrick Nnadi,0,1,1,1,0,0,1,1,0.0,0.0,1,0,0,0.0,,,6,7
1966,2025,2025-08-24,NYJ,2,player_for_draft_capital_or_mixed,KC,conditional 2027 R7 | Derrick Nnadi,conditional 2027 R6,1,0,1,1,0,0,1,1,0.0,0.0,-1,0,0,0.0,,,7,6
1967,2025,2025-08-24,JAX,2,player_for_draft_capital_or_mixed,PHI,Fred Johnson,2026 R7,1,0,0,1,0,0,0,0,0.0,0.0,-1,1,0,0.0,,,,7
1967,2025,2025-08-24,PHI,2,player_for_draft_capital_or_mixed,JAX,2026 R7,Fred Johnson,0,1,1,0,0,0,0,0,0.0,0.0,1,-1,0,0.0,,,7,
1968,2025,2025-08-24,GB,2,player_for_draft_capital_or_mixed,PHI,2027 R6,Darian Kinnard,0,1,1,0,0,0,0,0,0.0,0.0,1,-1,0,0.0,,,6,
1968,2025,2025-08-24,PHI,2,player_for_draft_capital_or_mixed,GB,Darian Kinnard,2027 R6,1,0,0,1,0,0,0,0,0.0,0.0,-1,1,0,0.0,,,,6
1969,2025,2025-08-25,CLE,2,player_for_draft_capital_or_mixed,LV,Kenny Pickett,2026 R5,1,0,0,1,0,0,0,0,0.0,0.0,-1,1,0,0.0,,,,5
1969,2025,2025-08-25,LV,2,player_for_draft_capital_or_mixed,CLE,2026 R5,Kenny Pickett,0,1,1,0,0,0,0,0,0.0,0.0,1,-1,0,0.0,,,5,
1970,2025,2025-08-25,IND,2,player_for_draft_capital_or_mixed,MIN,2026 R6,Mekhi Blackmon,0,1,1,0,0,0,0,0,0.0,0.0,1,-1,0,0.0,,,6,
1970,2025,2025-08-25,MIN,2,player_for_draft_capital_or_mixed,IND,Mekhi Blackmon,2026 R6,1,0,0,1,0,0,0,0,0.0,0.0,-1,1,0,0.0,,,,6
1971,2025,2025-08-26,CLE,2,player_for_draft_capital_or_mixed,LA,2028 R7,KT Leveston,0,1,1,0,0,0,0,0,0.0,0.0,1,-1,0,0.0,,,7,
1971,2025,2025-08-26,LA,2,player_for_draft_capital_or_mixed,CLE,KT Leveston,2028 R7,1,0,0,1,0,0,0,0,0.0,0.0,-1,1,0,0.0,,,,7
1972,2025,2025-08-26,ATL,2,player_for_draft_capital_or_mixed,SEA,conditional 2027 R7,Michael Jerrell,0,1,1,0,0,0,1,0,0.0,0.0,1,-1,0,0.0,,,7,
1972,2025,2025-08-26,SEA,2,player_for_draft_capital_or_mixed,ATL,Michael Jerrell,conditional 2027 R7,1,0,0,1,0,0,0,1,0.0,0.0,-1,1,0,0.0,,,,7
1973,2025,2025-08-26,DAL,2,player_for_draft_capital_or_mixed,NO,2028 R7 | Asim Richards,2028 R6,1,0,1,1,0,0,0,0,0.0,0.0,-1,0,0,0.0,,,7,6
1973,2025,2025-08-26,NO,2,player_for_draft_capital_or_mixed,DAL,2028 R6,2028 R7 | Asim Richards,0,1,1,1,0,0,0,0,0.0,0.0,1,0,0,0.0,,,6,7
1977,2025,2025-08-26,HOU,2,player_for_draft_capital_or_mixed,LAC,Austin Deculus,conditional 2027 R7,1,0,0,1,0,0,0,1,0.0,0.0,-1,1,0,0.0,,,,7
1977,2025,2025-08-26,LAC,2,player_for_draft_capital_or_mixed,HOU,conditional 2027 R7,Austin Deculus,0,1,1,0,0,0,1,0,0.0,0.0,1,-1,0,0.0,,,7,
1974,2025,2025-08-27,DET,2,player_for_draft_capital_or_mixed,JAX,Tim Patrick,2026 R6,1,0,0,1,0,0,0,0,0.0,0.0,-1,1,0,0.0,,,,6
1974,2025,2025-08-27,JAX,2,player_for_draft_capital_or_mixed,DET,2026 R6,Tim Patrick,0,1,1,0,0,0,0,0,0.0,0.0,1,-1,0,0.0,,,6,
1975,2025,2025-08-27,CAR,2,player_for_draft_capital_or_mixed,MIN,conditional 2026 R7 | 2027 R5 | Adam Thielen,2026 R5 | 2027 R4,1,0,2,2,0,0,1,0,0.0,0.0,-1,0,0,0.0,,,5 | 7,4 | 5
1975,2025,2025-08-27,MIN,2,player_for_draft_capital_or_mixed,CAR,2026 R5 | 2027 R4,conditional 2026 R7 | 2027 R5 | Adam Thielen,0,1,2,2,0,0,0,1,0.0,0.0,1,0,0,0.0,,,4 | 5,5 | 7
1976,2025,2025-08-28,DAL,2,player_for_draft_capital_or_mixed,GB,Micah Parsons,2026 R1 | 2027 R1 | Kenny Clark,1,1,0,2,0,0,0,0,0.0,0.0,0,2,0,0.0,,,,1
1976,2025,2025-08-28,GB,2,player_for_draft_capital_or_mixed,DAL,2026 R1 | 2027 R1 | Kenny Clark,Micah Parsons,1,1,2,0,0,0,0,0,0.0,0.0,0,-2,0,0.0,,,1,
