college_stats_id,cfb_player_id,player,college_team,conference,position,position_group,draft_season,draft_round,draft_pick_in_round,draft_overall,num_seasons,defensive_pd,defensive_qb_hur,defensive_sacks,defensive_solo,defensive_td,defensive_tfl,defensive_tot,fumbles_fum,fumbles_lost,fumbles_rec,interceptions_int,interceptions_td,interceptions_yds,kickreturns_no,kickreturns_td,kickreturns_yds,kicking_fga,kicking_fgm,kicking_pts,kicking_xpa,kicking_xpm,passing_att,passing_completions,passing_int,passing_td,passing_yds,puntreturns_no,puntreturns_td,puntreturns_yds,punting_in_20,punting_no,punting_tb,punting_yds,receiving_rec,receiving_td,receiving_yds,rushing_car,rushing_td,rushing_yds,kickreturns_long,kicking_long,puntreturns_long,punting_long,receiving_long,rushing_long,passing_pct,passing_ypa,receiving_ypr,rushing_ypc,kickreturns_avg,puntreturns_avg,punting_ypp,kicking_pct,interceptions_return_avg
2005_057_135811,135811,Justin Miller,Clemson,ACC,DEFENSIVEBACK,DB,2005,2,25,57,1,0.0,0.0,0.0,0.0,0.0,0.0,0.0,0.0,0.0,0.0,3.0,0.0,14.0,0.0,0.0,0.0,0.0,0.0,0.0,0.0,0.0,1.0,1.0,0.0,0.0,2.0,28.0,1.0,338.0,0.0,0.0,0.0,0.0,0.0,0.0,0.0,1.0,0.0,3.0,,,69.0,,,3.0,1.0,2.0,,3.0,,12.071428571428571,,,4.666666666666667
2008_183_136743,136743,Spencer Larsen,Arizona,Pac-10,INSIDELINEBACKER,LB,2008,6,17,183,2,0.0,0.0,0.0,0.0,0.0,0.0,0.0,0.0,0.0,0.0,2.0,0.0,3.0,0.0,0.0,0.0,0.0,0.0,0.0,0.0,0.0,0.0,0.0,0.0,0.0,0.0,0.0,0.0,0.0,0.0,0.0,0.0,0.0,0.0,0.0,0.0,0.0,0.0,0.0,,,,,,,,,,,,,,,1.5
2009_186_160327,160327,Robert Henson,TCU,Mountain West,INSIDELINEBACKER,LB,2009,6,13,186,3,0.0,0.0,0.0,0.0,0.0,0.0,0.0,0.0,0.0,0.0,4.0,1.0,102.0,0.0,0.0,0.0,0.0,0.0,0.0,0.0,0.0,0.0,0.0,0.0,0.0,0.0,1.0,0.0,3.0,0.0,0.0,0.0,0.0,0.0,0.0,0.0,0.0,0.0,0.0,,,3.0,,,,,,,,,3.0,,,25.5
2010_001_188934,188934,Sam Bradford,Oklahoma,Big 12,QUARTERBACK,QB,2010,1,1,1,3,0.0,0.0,0.0,0.0,0.0,0.0,0.0,0.0,0.0,0.0,0.0,0.0,0.0,0.0,0.0,0.0,0.0,0.0,0.0,0.0,0.0,894.0,605.0,16.0,88.0,8406.0,0.0,0.0,0.0,0.0,0.0,0.0,0.0,0.0,0.0,0.0,77.0,5.0,36.0,,,,,,15.0,0.6767337807606264,9.40268456375839,,0.4675324675324675,,,,,
2010_002_175300,175300,Ndamukong Suh,Nebraska,Big 12,DEFENSIVETACKLE,DL,2010,1,2,2,3,0.0,0.0,0.0,0.0,0.0,0.0,0.0,0.0,0.0,0.0,4.0,2.0,79.0,0.0,0.0,0.0,0.0,0.0,0.0,0.0,0.0,0.0,0.0,0.0,0.0,0.0,0.0,0.0,0.0,0.0,0.0,0.0,0.0,1.0,1.0,2.0,0.0,0.0,0.0,,,,,2.0,,,,2.0,,,,,,19.75
2010_003_188946,188946,Gerald McCoy,Oklahoma,Big 12,DEFENSIVETACKLE,DL,2010,1,3,3,1,0.0,0.0,0.0,0.0,0.0,0.0,0.0,0.0,0.0,0.0,1.0,0.0,12.0,0.0,0.0,0.0,0.0,0.0,0.0,0.0,0.0,0.0,0.0,0.0,0.0,0.0,0.0,0.0,0.0,0.0,0.0,0.0,0.0,0.0,0.0,0.0,0.0,0.0,0.0,,,,,,,,,,,,,,,12.0
2010_005_235998,235998,Eric Berry,Tennessee,SEC,SAFETY,DB,2010,1,5,5,3,0.0,0.0,0.0,0.0,0.0,0.0,0.0,0.0,0.0,0.0,14.0,3.0,494.0,4.0,0.0,100.0,0.0,0.0,0.0,0.0,0.0,2.0,1.0,1.0,0.0,9.0,0.0,0.0,0.0,0.0,0.0,0.0,0.0,1.0,0.0,3.0,7.0,0.0,37.0,31.0,,,,3.0,23.0,0.5,4.5,3.0,5.285714285714286,25.0,,,,35.285714285714285
2010_007_232013,232013,Joe Haden,Florida,SEC,CORNERBACK,DB,2010,1,7,7,3,0.0,0.0,0.0,0.0,0.0,0.0,0.0,0.0,0.0,0.0,8.0,0.0,166.0,0.0,0.0,0.0,0.0,0.0,0.0,0.0,0.0,0.0,0.0,0.0,0.0,0.0,1.0,0.0,0.0,0.0,0.0,0.0,0.0,0.0,0.0,0.0,0.0,0.0,0.0,,,0.0,,,,,,,,,0.0,,,20.75
2010_008_237212,237212,Rolando McClain,Alabama,SEC,INSIDELINEBACKER,LB,2010,1,8,8,3,0.0,0.0,0.0,0.0,0.0,0.0,0.0,0.0,0.0,0.0,5.0,0.0,73.0,0.0,0.0,0.0,0.0,0.0,0.0,0.0,0.0,0.0,0.0,0.0,0.0,0.0,0.0,0.0,0.0,0.0,0.0,0.0,0.0,0.0,0.0,0.0,0.0,0.0,0.0,,,,,,,,,,,,,,,14.6
2010_009_192151,192151,C.J. Spiller,Clemson,ACC,RUNNINGBACK,RB,2010,1,9,9,4,0.0,0.0,0.0,0.0,0.0,0.0,0.0,0.0,0.0,0.0,0.0,0.0,0.0,23.0,4.0,755.0,0.0,0.0,0.0,0.0,0.0,3.0,2.0,0.0,2.0,32.0,86.0,1.0,555.0,0.0,0.0,0.0,0.0,122.0,11.0,1416.0,594.0,30.0,3474.0,96.0,,77.0,,83.0,83.0,0.6666666666666666,10.666666666666666,11.60655737704918,5.848484848484849,32.82608695652174,6.453488372093023,,,
2010_010_174183,174183,Tyson Alualu,California,Pac-10,DEFENSIVETACKLE,DL,2010,1,10,10,1,0.0,0.0,0.0,0.0,0.0,0.0,0.0,0.0,0.0,0.0,1.0,0.0,8.0,0.0,0.0,0.0,0.0,0.0,0.0,0.0,0.0,0.0,0.0,0.0,0.0,0.0,0.0,0.0,0.0,0.0,0.0,0.0,0.0,0.0,0.0,0.0,0.0,0.0,0.0,,,,,,,,,,,,,,,8.0
2010_011_238855,238855,Anthony Davis,Rutgers,Big East,OFFENSIVETACKLE,OL,2010,1,11,11,1,0.0,0.0,0.0,0.0,0.0,0.0,0.0,0.0,0.0,0.0,0.0,0.0,0.0,0.0,0.0,0.0,0.0,0.0,0.0,0.0,0.0,1.0,0.0,0.0,0.0,0.0,0.0,0.0,0.0,0.0,0.0,0.0,0.0,0.0,0.0,0.0,0.0,0.0,0.0,,,,,,,0.0,0.0,,,,,,,
2010_012_241397,241397,Ryan Mathews,Fresno State,Western Athletic,RUNNINGBACK,RB,2010,1,12,12,3,0.0,0.0,0.0,0.0,0.0,0.0,0.0,0.0,0.0,0.0,0.0,0.0,0.0,0.0,0.0,0.0,0.0,0.0,0.0,0.0,0.0,1.0,0.0,0.0,0.0,0.0,0.0,0.0,0.0,0.0,0.0,0.0,0.0,19.0,2.0,268.0,534.0,39.0,3280.0,,,,,61.0,77.0,0.0,0.0,14.105263157894736,6.142322097378277,,,,,
2010_013_191442,191442,Brandon Graham,Michigan,Big Ten,OUTSIDELINEBACKER,LB,2010,1,13,13,1,0.0,0.0,0.0,0.0,0.0,0.0,0.0,0.0,0.0,0.0,0.0,0.0,0.0,0.0,0.0,0.0,0.0,0.0,0.0,0.0,0.0,0.0,0.0,0.0,0.0,0.0,3.0,1.0,36.0,0.0,0.0,0.0,0.0,0.0,0.0,0.0,0.0,0.0,0.0,,,26.0,,,,,,,,,12.0,,,
2010_014_236787,236787,Earl Thomas,Texas,Big 12,SAFETY,DB,2010,1,14,14,2,0.0,0.0,0.0,0.0,0.0,0.0,0.0,0.0,0.0,0.0,10.0,2.0,149.0,0.0,0.0,0.0,0.0,0.0,0.0,0.0,0.0,0.0,0.0,0.0,0.0,0.0,8.0,0.0,58.0,0.0,0.0,0.0,0.0,0.0,0.0,0.0,0.0,0.0,0.0,,,50.0,,,,,,,,,7.25,,,14.9
2010_015_482895,482895,Jason Pierre-Paul,South Florida,Big East,DEFENSIVEEND,DL,2010,1,15,15,1,0.0,0.0,0.0,0.0,0.0,0.0,0.0,0.0,0.0,0.0,1.0,1.0,18.0,0.0,0.0,0.0,0.0,0.0,0.0,0.0,0.0,0.0,0.0,0.0,0.0,0.0,0.0,0.0,0.0,0.0,0.0,0.0,0.0,0.0,0.0,0.0,0.0,0.0,0.0,,,,,,,,,,,,,,,18.0
2010_016_232238,232238,Derrick Morgan,Georgia Tech,ACC,DEFENSIVEEND,DL,2010,1,16,16,1,0.0,0.0,0.0,0.0,0.0,0.0,0.0,0.0,0.0,0.0,0.0,0.0,0.0,0.0,0.0,0.0,0.0,0.0,0.0,0.0,0.0,0.0,0.0,0.0,0.0,0.0,0.0,0.0,0.0,0.0,0.0,0.0,0.0,0.0,0.0,0.0,1.0,0.0,2.0,,,,,,2.0,,,,2.0,,,,,
2010_019_191607,191607,Sean Weatherspoon,Missouri,Big 12,OUTSIDELINEBACKER,LB,2010,1,19,19,3,0.0,0.0,0.0,0.0,0.0,0.0,0.0,0.0,0.0,0.0,4.0,2.0,106.0,0.0,0.0,0.0,0.0,0.0,0.0,0.0,0.0,0.0,0.0,0.0,0.0,0.0,1.0,0.0,9.0,0.0,0.0,0.0,0.0,0.0,0.0,0.0,0.0,0.0,0.0,,,9.0,,,,,,,,,9.0,,,26.5
2010_020_237207,237207,Kareem Jackson,Alabama,SEC,CORNERBACK,DB,2010,1,20,20,3,0.0,0.0,0.0,0.0,0.0,0.0,0.0,0.0,0.0,0.0,5.0,0.0,164.0,0.0,0.0,0.0,0.0,0.0,0.0,0.0,0.0,0.0,0.0,0.0,0.0,0.0,2.0,0.0,8.0,0.0,0.0,0.0,0.0,0.0,0.0,0.0,0.0,0.0,0.0,,,8.0,,,,,,,,,4.0,,,32.8
2010_021_188942,188942,Jermaine Gresham,Oklahoma,Big 12,TIGHTEND,TE,2010,1,21,21,3,0.0,0.0,0.0,0.0,0.0,0.0,0.0,0.0,0.0,0.0,0.0,0.0,0.0,0.0,0.0,0.0,0.0,0.0,0.0,0.0,0.0,0.0,0.0,0.0,0.0,0.0,0.0,0.0,0.0,0.0,0.0,0.0,0.0,111.0,26.0,1630.0,1.0,0.0,5.0,,,,,73.0,5.0,,,14.684684684684685,5.0,,,,,
2010_022_189361,189361,Demaryius Thomas,Georgia Tech,ACC,WIDERECEIVER,WR,2010,1,22,22,3,0.0,0.0,0.0,0.0,0.0,0.0,0.0,0.0,0.0,0.0,0.0,0.0,0.0,0.0,0.0,0.0,0.0,0.0,0.0,0.0,0.0,2.0,1.0,0.0,0.0,22.0,0.0,0.0,0.0,0.0,0.0,0.0,0.0,120.0,15.0,2339.0,4.0,0.0,32.0,,,,,88.0,15.0,0.5,11.0,19.491666666666667,8.0,,,,,
2010_024_235655,235655,Dez Bryant,Oklahoma State,Big 12,WIDERECEIVER,WR,2010,1,24,24,3,0.0,0.0,0.0,0.0,0.0,0.0,0.0,0.0,0.0,0.0,0.0,0.0,0.0,2.0,0.0,43.0,0.0,0.0,0.0,0.0,0.0,0.0,0.0,0.0,0.0,0.0,25.0,3.0,431.0,0.0,0.0,0.0,0.0,142.0,29.0,2356.0,1.0,0.0,7.0,25.0,,82.0,,80.0,7.0,,,16.591549295774648,7.0,21.5,17.24,,,
2010_025_183484,183484,Tim Tebow,Florida,SEC,QUARTERBACK,QB,2010,1,25,25,4,0.0,0.0,0.0,0.0,0.0,0.0,0.0,0.0,0.0,0.0,0.0,0.0,0.0,0.0,0.0,0.0,0.0,0.0,0.0,0.0,0.0,995.0,661.0,16.0,88.0,9285.0,0.0,0.0,0.0,0.0,0.0,0.0,0.0,0.0,0.0,0.0,692.0,57.0,2947.0,,,,,,55.0,0.664321608040201,9.331658291457286,,4.258670520231214,,,,,
2010_029_174771,174771,Kyle Wilson,Boise State,Western Athletic,CORNERBACK,DB,2010,1,29,29,4,0.0,0.0,0.0,0.0,0.0,0.0,0.0,0.0,0.0,0.0,11.0,2.0,139.0,2.0,0.0,32.0,0.0,0.0,0.0,0.0,0.0,0.0,0.0,0.0,0.0,0.0,90.0,3.0,793.0,0.0,0.0,0.0,0.0,0.0,0.0,0.0,1.0,0.0,-1.0,20.0,,90.0,,,0.0,,,,-1.0,16.0,8.811111111111112,,,12.636363636363637
2010_030_238184,238184,Jahvid Best,California,Pac-10,RUNNINGBACK,RB,2010,1,30,30,3,0.0,0.0,0.0,0.0,0.0,0.0,0.0,0.0,0.0,0.0,0.0,0.0,0.0,1.0,0.0,18.0,0.0,0.0,0.0,0.0,0.0,0.0,0.0,0.0,0.0,0.0,0.0,0.0,0.0,0.0,0.0,0.0,0.0,62.0,6.0,533.0,364.0,29.0,2668.0,18.0,,,,51.0,93.0,,,8.596774193548388,7.329670329670329,18.0,,,,
2010_031_183258,183258,Jerry Hughes,TCU,Mountain West,OUTSIDELINEBACKER,LB,2010,1,31,31,2,0.0,0.0,0.0,0.0,0.0,0.0,0.0,0.0,0.0,0.0,3.0,1.0,32.0,0.0,0.0,0.0,0.0,0.0,0.0,0.0,0.0,0.0,0.0,0.0,0.0,0.0,0.0,0.0,0.0,0.0,0.0,0.0,0.0,0.0,0.0,0.0,0.0,0.0,0.0,,,,,,,,,,,,,,,10.666666666666666
2010_032_183771,183771,Patrick Robinson,Florida State,ACC,CORNERBACK,DB,2010,1,32,32,4,0.0,0.0,0.0,0.0,0.0,0.0,0.0,0.0,0.0,0.0,7.0,0.0,87.0,11.0,0.0,218.0,0.0,0.0,0.0,0.0,0.0,0.0,0.0,0.0,0.0,0.0,6.0,0.0,16.0,0.0,0.0,0.0,0.0,0.0,0.0,0.0,0.0,0.0,0.0,32.0,,16.0,,,,,,,,19.818181818181817,2.6666666666666665,,,12.428571428571429
2010_034_177397,177397,Chris Cook,Virginia,ACC,CORNERBACK,DB,2010,2,2,34,4,0.0,0.0,0.0,0.0,0.0,0.0,0.0,0.0,0.0,0.0,7.0,2.0,121.0,6.0,0.0,101.0,0.0,0.0,0.0,0.0,0.0,0.0,0.0,0.0,0.0,0.0,0.0,0.0,0.0,0.0,0.0,0.0,0.0,0.0,0.0,0.0,0.0,0.0,0.0,28.0,,,,,,,,,,16.833333333333332,,,,17.285714285714285
2010_035_235909,235909,Brian Price,UCLA,Pac-10,DEFENSIVETACKLE,DL,2010,2,3,35,1,0.0,0.0,0.0,0.0,0.0,0.0,0.0,0.0,0.0,0.0,1.0,0.0,1.0,0.0,0.0,0.0,0.0,0.0,0.0,0.0,0.0,0.0,0.0,0.0,0.0,0.0,0.0,0.0,0.0,0.0,0.0,0.0,0.0,0.0,0.0,0.0,0.0,0.0,0.0,,,,,,,,,,,,,,,1.0
2010_036_191216,191216,Dexter McCluster,Ole Miss,SEC,RUNNINGBACK,RB,2010,2,4,36,4,0.0,0.0,0.0,0.0,0.0,0.0,0.0,0.0,0.0,0.0,0.0,0.0,0.0,0.0,0.0,0.0,0.0,0.0,0.0,0.0,0.0,6.0,1.0,2.0,1.0,27.0,11.0,0.0,57.0,0.0,0.0,0.0,0.0,130.0,7.0,1703.0,304.0,15.0,1955.0,,,19.0,,64.0,86.0,0.1666666666666666,4.5,13.1,6.430921052631579,,5.181818181818182,,,
2010_037_190613,190613,Nate Allen,South Florida,Big East,SAFETY,DB,2010,2,5,37,3,0.0,0.0,0.0,0.0,0.0,0.0,0.0,0.0,0.0,0.0,10.0,1.0,139.0,0.0,0.0,0.0,0.0,0.0,0.0,0.0,0.0,0.0,0.0,0.0,0.0,0.0,0.0,0.0,0.0,0.0,0.0,0.0,0.0,2.0,1.0,27.0,0.0,0.0,0.0,,,,,16.0,,,,13.5,,,,,,13.9
2010_038_184408,184408,T.J. Ward,Oregon,Pac-10,SAFETY,DB,2010,2,6,38,3,0.0,0.0,0.0,0.0,0.0,0.0,0.0,0.0,0.0,0.0,3.0,0.0,23.0,0.0,0.0,0.0,0.0,0.0,0.0,0.0,0.0,0.0,0.0,0.0,0.0,0.0,0.0,0.0,0.0,0.0,0.0,0.0,0.0,0.0,0.0,0.0,0.0,0.0,0.0,,,,,,,,,,,,,,,7.666666666666667
2010_039_232318,232318,Arrelious Benn,Illinois,Big Ten,WIDERECEIVER,WR,2010,2,7,39,3,0.0,0.0,0.0,0.0,0.0,0.0,0.0,0.0,0.0,0.0,0.0,0.0,0.0,12.0,0.0,318.0,0.0,0.0,0.0,0.0,0.0,0.0,0.0,0.0,0.0,0.0,23.0,0.0,114.0,0.0,0.0,0.0,0.0,159.0,7.0,2221.0,62.0,3.0,282.0,40.0,,31.0,,58.0,23.0,,,13.968553459119496,4.548387096774194,26.5,4.956521739130435,,,
2010_042_232120,232120,Rob Gronkowski,Arizona,Pac-10,TIGHTEND,TE,2010,2,10,42,2,0.0,0.0,0.0,0.0,0.0,0.0,0.0,0.0,0.0,0.0,0.0,0.0,0.0,0.0,0.0,0.0,0.0,0.0,0.0,0.0,0.0,0.0,0.0,0.0,0.0,0.0,0.0,0.0,0.0,0.0,0.0,0.0,0.0,75.0,16.0,1197.0,0.0,0.0,0.0,,,,,57.0,,,,15.96,,,,,,
2010_046_238495,238495,Linval Joseph,East Carolina,Conference USA,DEFENSIVETACKLE,DL,2010,2,14,46,1,0.0,0.0,0.0,0.0,0.0,0.0,0.0,0.0,0.0,0.0,0.0,0.0,0.0,0.0,0.0,0.0,0.0,0.0,0.0,0.0,0.0,0.0,0.0,0.0,0.0,0.0,0.0,0.0,0.0,0.0,0.0,0.0,0.0,0.0,0.0,0.0,1.0,1.0,1.0,,,,,,1.0,,,,1.0,,,,,
2010_047_189938,189938,Daryl Washington,TCU,Mountain West,OUTSIDELINEBACKER,LB,2010,2,15,47,4,0.0,0.0,0.0,0.0,0.0,0.0,0.0,0.0,0.0,0.0,4.0,1.0,45.0,0.0,0.0,0.0,0.0,0.0,0.0,0.0,0.0,0.0,0.0,0.0,0.0,0.0,3.0,0.0,25.0,0.0,0.0,0.0,0.0,0.0,0.0,0.0,0.0,0.0,0.0,,,14.0,,,,,,,,,8.333333333333334,,,11.25
2010_048_231813,231813,Jimmy Clausen,Notre Dame,FBS Independents,QUARTERBACK,QB,2010,2,16,48,3,0.0,0.0,0.0,0.0,0.0,0.0,0.0,0.0,0.0,0.0,0.0,0.0,0.0,0.0,0.0,0.0,0.0,0.0,0.0,0.0,0.0,1110.0,695.0,27.0,60.0,8148.0,0.0,0.0,0.0,0.0,0.0,0.0,0.0,0.0,0.0,0.0,175.0,5.0,-355.0,,,,,,11.0,0.6261261261261262,7.34054054054054,,-2.0285714285714285,,,,,
2010_049_183232,183232,Taylor Mays,USC,Pac-10,SAFETY,DB,2010,2,17,49,3,0.0,0.0,0.0,0.0,0.0,0.0,0.0,0.0,0.0,0.0,5.0,0.0,40.0,0.0,0.0,0.0,0.0,0.0,0.0,0.0,0.0,0.0,0.0,0.0,0.0,0.0,0.0,0.0,0.0,0.0,0.0,0.0,0.0,0.0,0.0,0.0,0.0,0.0,0.0,,,,,,,,,,,,,,,8.0
2010_050_191481,191481,Javier Arenas,Alabama,SEC,CORNERBACK,DB,2010,2,18,50,4,0.0,0.0,0.0,0.0,0.0,0.0,0.0,0.0,0.0,0.0,6.0,1.0,88.0,20.0,0.0,613.0,0.0,0.0,0.0,0.0,0.0,0.0,0.0,0.0,0.0,0.0,166.0,7.0,1752.0,0.0,0.0,0.0,0.0,0.0,0.0,0.0,0.0,0.0,0.0,62.0,,87.0,,,,,,,,30.65,10.55421686746988,,,14.666666666666666
2010_051_188524,188524,Toby Gerhart,Stanford,Pac-10,RUNNINGBACK,RB,2010,2,19,51,4,0.0,0.0,0.0,0.0,0.0,0.0,0.0,0.0,0.0,0.0,0.0,0.0,0.0,0.0,0.0,0.0,0.0,0.0,0.0,0.0,0.0,1.0,1.0,0.0,1.0,18.0,0.0,0.0,0.0,0.0,0.0,0.0,0.0,39.0,0.0,395.0,671.0,43.0,3522.0,,,,,33.0,61.0,1.0,18.0,10.128205128205128,5.248882265275708,,,,,
2010_053_186576,186576,Jermaine Cunningham,Florida,SEC,OUTSIDELINEBACKER,LB,2010,2,21,53,1,0.0,0.0,0.0,0.0,0.0,0.0,0.0,0.0,0.0,0.0,1.0,0.0,18.0,0.0,0.0,0.0,0.0,0.0,0.0,0.0,0.0,0.0,0.0,0.0,0.0,0.0,0.0,0.0,0.0,0.0,0.0,0.0,0.0,0.0,0.0,0.0,0.0,0.0,0.0,,,,,,,,,,,,,,,18.0
2010_054_235162,235162,Carlos Dunlap,Florida,SEC,DEFENSIVEEND,DL,2010,2,22,54,1,0.0,0.0,0.0,0.0,0.0,0.0,0.0,0.0,0.0,0.0,0.0,0.0,0.0,0.0,0.0,0.0,0.0,0.0,0.0,0.0,0.0,0.0,0.0,0.0,0.0,0.0,1.0,0.0,12.0,0.0,0.0,0.0,0.0,0.0,0.0,0.0,0.0,0.0,0.0,,,12.0,,,,,,,,,12.0,,,
2010_055_183133,183133,Sean Lee,Penn State,Big Ten,INSIDELINEBACKER,LB,2010,2,23,55,3,0.0,0.0,0.0,0.0,0.0,0.0,0.0,0.0,0.0,0.0,3.0,0.0,13.0,0.0,0.0,0.0,0.0,0.0,0.0,0.0,0.0,0.0,0.0,0.0,0.0,0.0,0.0,0.0,0.0,0.0,0.0,0.0,0.0,0.0,0.0,0.0,0.0,0.0,0.0,,,,,,,,,,,,,,,4.333333333333333
2010_058_183482,183482,Ben Tate,Auburn,SEC,RUNNINGBACK,RB,2010,2,26,58,4,0.0,0.0,0.0,0.0,0.0,0.0,0.0,0.0,0.0,0.0,0.0,0.0,0.0,5.0,0.0,139.0,0.0,0.0,0.0,0.0,0.0,0.0,0.0,0.0,0.0,0.0,0.0,0.0,0.0,0.0,0.0,0.0,0.0,53.0,0.0,336.0,678.0,24.0,3321.0,36.0,,,,27.0,60.0,,,6.339622641509434,4.898230088495575,27.8,,,,
2010_059_175660,175660,Montario Hardesty,Tennessee,SEC,RUNNINGBACK,RB,2010,2,27,59,5,0.0,0.0,0.0,0.0,0.0,0.0,0.0,0.0,0.0,0.0,0.0,0.0,0.0,0.0,0.0,0.0,0.0,0.0,0.0,0.0,0.0,1.0,0.0,0.0,0.0,0.0,0.0,0.0,0.0,0.0,0.0,0.0,0.0,38.0,1.0,405.0,560.0,26.0,2391.0,,,,,47.0,43.0,0.0,0.0,10.657894736842104,4.269642857142857,,,,,
2010_060_237421,237421,Golden Tate,Notre Dame,FBS Independents,WIDERECEIVER,WR,2010,2,28,60,3,0.0,0.0,0.0,0.0,0.0,0.0,0.0,0.0,0.0,0.0,0.0,0.0,0.0,3.0,0.0,62.0,0.0,0.0,0.0,0.0,0.0,0.0,0.0,0.0,0.0,0.0,56.0,1.0,287.0,0.0,0.0,0.0,0.0,157.0,26.0,2707.0,31.0,3.0,227.0,24.0,,87.0,,78.0,33.0,,,17.24203821656051,7.32258064516129,20.666666666666668,5.125,,,
2010_062_186591,186591,Brandon Spikes,Florida,SEC,INSIDELINEBACKER,LB,2010,2,30,62,2,0.0,0.0,0.0,0.0,0.0,0.0,0.0,0.0,0.0,0.0,6.0,4.0,139.0,0.0,0.0,0.0,0.0,0.0,0.0,0.0,0.0,0.0,0.0,0.0,0.0,0.0,0.0,0.0,0.0,0.0,0.0,0.0,0.0,0.0,0.0,0.0,0.0,0.0,0.0,,,,,,,,,,,,,,,23.166666666666668
2010_065_173148,173148,Jerome Murphy,South Florida,Big East,CORNERBACK,DB,2010,3,1,65,4,0.0,0.0,0.0,0.0,0.0,0.0,0.0,0.0,0.0,0.0,8.0,0.0,70.0,2.0,0.0,30.0,0.0,0.0,0.0,0.0,0.0,0.0,0.0,0.0,0.0,0.0,4.0,0.0,35.0,0.0,0.0,0.0,0.0,0.0,0.0,0.0,0.0,0.0,0.0,21.0,,18.0,,,,,,,,15.0,8.75,,,8.75
2010_066_188297,188297,Amari Spievey,Iowa,Big Ten,CORNERBACK,DB,2010,3,2,66,2,0.0,0.0,0.0,0.0,0.0,0.0,0.0,0.0,0.0,0.0,6.0,1.0,127.0,4.0,0.0,73.0,0.0,0.0,0.0,0.0,0.0,0.0,0.0,0.0,0.0,0.0,5.0,0.0,7.0,0.0,0.0,0.0,0.0,0.0,0.0,0.0,0.0,0.0,0.0,20.0,,5.0,,,,,,,,18.25,1.4,,,21.166666666666668
2010_067_188467,188467,Myron Lewis,Vanderbilt,SEC,CORNERBACK,DB,2010,3,3,67,3,0.0,0.0,0.0,0.0,0.0,0.0,0.0,0.0,0.0,0.0,10.0,0.0,71.0,0.0,0.0,0.0,0.0,0.0,0.0,0.0,0.0,0.0,0.0,0.0,0.0,0.0,0.0,0.0,0.0,0.0,0.0,0.0,0.0,0.0,0.0,0.0,0.0,0.0,0.0,,,,,,,,,,,,,,,7.1
2010_070_173396,173396,Ed Dickson,Oregon,Pac-10,TIGHTEND,TE,2010,3,6,70,4,0.0,0.0,0.0,0.0,0.0,0.0,0.0,0.0,0.0,0.0,0.0,0.0,0.0,0.0,0.0,0.0,0.0,0.0,0.0,0.0,0.0,1.0,0.0,0.0,0.0,0.0,0.0,0.0,0.0,0.0,0.0,0.0,0.0,124.0,12.0,1557.0,5.0,0.0,28.0,,,,,46.0,10.0,0.0,0.0,12.556451612903226,5.6,,,,,
2010_071_236244,236244,Morgan Burnett,Georgia Tech,ACC,SAFETY,DB,2010,3,7,71,3,0.0,0.0,0.0,0.0,0.0,0.0,0.0,0.0,0.0,0.0,14.0,1.0,135.0,0.0,0.0,0.0,0.0,0.0,0.0,0.0,0.0,0.0,0.0,0.0,0.0,0.0,0.0,0.0,0.0,0.0,0.0,0.0,0.0,0.0,0.0,0.0,1.0,0.0,1.0,,,,,,1.0,,,,1.0,,,,,9.642857142857142
2010_072_170969,170969,Alex Carrington,Arkansas State,Sun Belt,DEFENSIVEEND,DL,2010,3,8,72,1,0.0,0.0,0.0,0.0,0.0,0.0,0.0,0.0,0.0,0.0,1.0,0.0,18.0,0.0,0.0,0.0,0.0,0.0,0.0,0.0,0.0,0.0,0.0,0.0,0.0,0.0,0.0,0.0,0.0,0.0,0.0,0.0,0.0,0.0,0.0,0.0,0.0,0.0,0.0,,,,,,,,,,,,,,,18.0
2010_074_192243,192243,D'Anthony Smith,Louisiana Tech,Western Athletic,DEFENSIVETACKLE,DL,2010,3,10,74,1,0.0,0.0,0.0,0.0,0.0,0.0,0.0,0.0,0.0,0.0,1.0,0.0,7.0,0.0,0.0,0.0,0.0,0.0,0.0,0.0,0.0,0.0,0.0,0.0,0.0,0.0,0.0,0.0,0.0,0.0,0.0,0.0,0.0,0.0,0.0,0.0,0.0,0.0,0.0,,,,,,,,,,,,,,,7.0
2010_075_235228,235228,Major Wright,Florida,SEC,SAFETY,DB,2010,3,11,75,3,0.0,0.0,0.0,0.0,0.0,0.0,0.0,0.0,0.0,0.0,8.0,1.0,69.0,0.0,0.0,0.0,0.0,0.0,0.0,0.0,0.0,0.0,0.0,0.0,0.0,0.0,0.0,0.0,0.0,0.0,0.0,0.0,0.0,0.0,0.0,0.0,0.0,0.0,0.0,,,,,,,,,,,,,,,8.625
2010_076_232416,232416,Chad Jones,LSU,SEC,SAFETY,DB,2010,3,12,76,3,0.0,0.0,0.0,0.0,0.0,0.0,0.0,0.0,0.0,0.0,5.0,0.0,81.0,2.0,0.0,22.0,0.0,0.0,0.0,0.0,0.0,0.0,0.0,0.0,0.0,0.0,56.0,1.0,336.0,0.0,0.0,0.0,0.0,1.0,0.0,21.0,0.0,0.0,0.0,17.0,,93.0,,21.0,,,,21.0,,11.0,6.0,,,16.2
2010_077_189767,189767,Damian Williams,USC,Pac-10,WIDERECEIVER,WR,2010,3,13,77,3,0.0,0.0,0.0,0.0,0.0,0.0,0.0,0.0,0.0,0.0,0.0,0.0,0.0,0.0,0.0,0.0,0.0,0.0,0.0,0.0,0.0,0.0,0.0,0.0,0.0,0.0,45.0,2.0,339.0,0.0,0.0,0.0,0.0,147.0,17.0,2114.0,7.0,0.0,64.0,,,66.0,,75.0,16.0,,,14.38095238095238,9.142857142857142,,7.533333333333333,,,
2010_078_176392,176392,Brandon LaFell,LSU,SEC,WIDERECEIVER,WR,2010,3,14,78,4,0.0,0.0,0.0,0.0,0.0,0.0,0.0,0.0,0.0,0.0,0.0,0.0,0.0,0.0,0.0,0.0,0.0,0.0,0.0,0.0,0.0,0.0,0.0,0.0,0.0,0.0,0.0,0.0,0.0,0.0,0.0,0.0,0.0,175.0,25.0,2517.0,8.0,1.0,37.0,,,,,58.0,18.0,,,14.382857142857144,4.625,,,,,
2010_079_184362,184362,Donald Butler,Washington,Pac-10,INSIDELINEBACKER,LB,2010,3,15,79,1,0.0,0.0,0.0,0.0,0.0,0.0,0.0,0.0,0.0,0.0,2.0,0.0,15.0,0.0,0.0,0.0,0.0,0.0,0.0,0.0,0.0,0.0,0.0,0.0,0.0,0.0,0.0,0.0,0.0,0.0,0.0,0.0,0.0,0.0,0.0,0.0,0.0,0.0,0.0,,,,,,,,,,,,,,,7.5
2010_081_190047,190047,Earl Mitchell,Arizona,Pac-10,DEFENSIVETACKLE,DL,2010,3,17,81,2,0.0,0.0,0.0,0.0,0.0,0.0,0.0,0.0,0.0,0.0,0.0,0.0,0.0,0.0,0.0,0.0,0.0,0.0,0.0,0.0,0.0,0.0,0.0,0.0,0.0,0.0,0.0,0.0,0.0,0.0,0.0,0.0,0.0,14.0,2.0,174.0,4.0,0.0,7.0,,,,,37.0,4.0,,,12.428571428571429,1.75,,,,,
2010_082_177359,177359,Emmanuel Sanders,SMU,Conference USA,WIDERECEIVER,WR,2010,3,18,82,4,0.0,0.0,0.0,0.0,0.0,0.0,0.0,0.0,0.0,0.0,0.0,0.0,0.0,0.0,0.0,0.0,0.0,0.0,0.0,0.0,0.0,0.0,0.0,0.0,0.0,0.0,69.0,1.0,477.0,0.0,0.0,0.0,0.0,285.0,34.0,3791.0,9.0,0.0,40.0,,,79.0,,77.0,8.0,,,13.301754385964912,4.444444444444445,,6.913043478260869,,,
2010_083_188623,188623,Corey Peters,Kentucky,SEC,DEFENSIVETACKLE,DL,2010,3,19,83,1,0.0,0.0,0.0,0.0,0.0,0.0,0.0,0.0,0.0,0.0,1.0,0.0,10.0,0.0,0.0,0.0,0.0,0.0,0.0,0.0,0.0,0.0,0.0,0.0,0.0,0.0,0.0,0.0,0.0,0.0,0.0,0.0,0.0,0.0,0.0,0.0,0.0,0.0,0.0,,,,,,,,,,,,,,,10.0
2010_084_162413,162413,Jordan Shipley,Texas,Big 12,WIDERECEIVER,WR,2010,3,20,84,4,0.0,0.0,0.0,0.0,0.0,0.0,0.0,0.0,0.0,0.0,0.0,0.0,0.0,4.0,0.0,74.0,0.0,0.0,0.0,0.0,0.0,2.0,0.0,0.0,0.0,0.0,72.0,3.0,375.0,0.0,0.0,0.0,0.0,248.0,33.0,3191.0,16.0,0.0,162.0,23.0,,74.0,,88.0,40.0,0.0,0.0,12.866935483870968,10.125,18.5,5.208333333333333,,,
2010_085_175772,175772,Colt McCoy,Texas,Big 12,QUARTERBACK,QB,2010,3,21,85,4,0.0,0.0,0.0,0.0,0.0,0.0,0.0,0.0,0.0,0.0,0.0,0.0,0.0,0.0,0.0,0.0,0.0,0.0,0.0,0.0,0.0,1645.0,1157.0,45.0,112.0,13253.0,0.0,0.0,0.0,0.0,9.0,0.0,280.0,0.0,0.0,0.0,447.0,20.0,1571.0,,,,44.0,,65.0,0.7033434650455928,8.056534954407296,,3.5145413870246087,,,31.11111111111111,,
2010_087_176126,176126,Eric Decker,Minnesota,Big Ten,WIDERECEIVER,WR,2010,3,23,87,4,0.0,0.0,0.0,0.0,0.0,0.0,0.0,0.0,0.0,0.0,0.0,0.0,0.0,0.0,0.0,0.0,0.0,0.0,0.0,0.0,0.0,4.0,3.0,0.0,2.0,49.0,7.0,0.0,28.0,0.0,0.0,0.0,0.0,227.0,24.0,3119.0,15.0,1.0,114.0,,,16.0,,75.0,19.0,0.75,12.25,13.740088105726873,7.6,,4.0,,,
2010_090_188925,188925,Taylor Price,Ohio,Mid-American,WIDERECEIVER,WR,2010,3,26,90,4,0.0,0.0,0.0,0.0,0.0,0.0,0.0,0.0,0.0,0.0,0.0,0.0,0.0,0.0,0.0,0.0,0.0,0.0,0.0,0.0,0.0,5.0,3.0,0.0,2.0,79.0,5.0,0.0,26.0,0.0,0.0,0.0,0.0,149.0,14.0,2019.0,23.0,0.0,116.0,,,18.0,,54.0,25.0,0.6,15.8,13.550335570469798,5.043478260869565,,5.2,,,
2010_093_169337,169337,Tony Moeaki,Iowa,Big Ten,TIGHTEND,TE,2010,3,29,93,5,0.0,0.0,0.0,0.0,0.0,0.0,0.0,0.0,0.0,0.0,0.0,0.0,0.0,0.0,0.0,0.0,0.0,0.0,0.0,0.0,0.0,0.0,0.0,0.0,0.0,0.0,0.0,0.0,0.0,0.0,0.0,0.0,0.0,76.0,11.0,953.0,0.0,0.0,0.0,,,,,54.0,,,,12.539473684210526,,,,,,
2010_094_175344,175344,Kevin Thomas,USC,Pac-10,CORNERBACK,DB,2010,3,30,94,1,0.0,0.0,0.0,0.0,0.0,0.0,0.0,0.0,0.0,0.0,3.0,1.0,53.0,0.0,0.0,0.0,0.0,0.0,0.0,0.0,0.0,0.0,0.0,0.0,0.0,0.0,0.0,0.0,0.0,0.0,0.0,0.0,0.0,0.0,0.0,0.0,0.0,0.0,0.0,,,,,,,,,,,,,,,17.666666666666668
2010_095_480882,480882,Jimmy Graham,Miami,ACC,TIGHTEND,TE,2010,3,31,95,1,0.0,0.0,0.0,0.0,0.0,0.0,0.0,0.0,0.0,0.0,0.0,0.0,0.0,3.0,0.0,30.0,0.0,0.0,0.0,0.0,0.0,0.0,0.0,0.0,0.0,0.0,0.0,0.0,0.0,0.0,0.0,0.0,0.0,17.0,5.0,213.0,0.0,0.0,0.0,12.0,,,,22.0,,,,12.529411764705882,,10.0,,,,
2010_096_169063,169063,Brandon Ghee,Wake Forest,ACC,CORNERBACK,DB,2010,3,32,96,1,0.0,0.0,0.0,0.0,0.0,0.0,0.0,0.0,0.0,0.0,1.0,0.0,0.0,0.0,0.0,0.0,0.0,0.0,0.0,0.0,0.0,0.0,0.0,0.0,0.0,0.0,1.0,0.0,10.0,0.0,0.0,0.0,0.0,0.0,0.0,0.0,0.0,0.0,0.0,,,10.0,,,,,,,,,10.0,,,0.0
2010_099_169405,169405,Mardy Gilyard,Cincinnati,Big East,WIDERECEIVER,WR,2010,4,1,99,3,0.0,0.0,0.0,0.0,0.0,0.0,0.0,0.0,0.0,0.0,0.0,0.0,0.0,42.0,2.0,1281.0,0.0,0.0,0.0,0.0,0.0,0.0,0.0,0.0,0.0,0.0,44.0,1.0,252.0,0.0,0.0,0.0,0.0,204.0,25.0,3003.0,7.0,1.0,26.0,99.0,,53.0,,76.0,6.0,,,14.720588235294118,3.7142857142857144,30.5,5.7272727272727275,,,
2010_101_190199,190199,Mike Williams,Syracuse,Big East,WIDERECEIVER,WR,2010,4,3,101,3,0.0,0.0,0.0,0.0,0.0,0.0,0.0,0.0,0.0,0.0,0.0,0.0,0.0,0.0,0.0,0.0,0.0,0.0,0.0,0.0,0.0,0.0,0.0,0.0,0.0,0.0,0.0,0.0,0.0,0.0,0.0,0.0,0.0,133.0,20.0,2044.0,1.0,0.0,-7.0,,,,,66.0,0.0,,,15.36842105263158,-7.0,,,,,
2010_102_176958,176958,Darryl Sharpton,Miami,ACC,INSIDELINEBACKER,LB,2010,4,4,102,1,0.0,0.0,0.0,0.0,0.0,0.0,0.0,0.0,0.0,0.0,1.0,1.0,73.0,2.0,0.0,22.0,0.0,0.0,0.0,0.0,0.0,0.0,0.0,0.0,0.0,0.0,0.0,0.0,0.0,0.0,0.0,0.0,0.0,0.0,0.0,0.0,0.0,0.0,0.0,13.0,,,,,,,,,,11.0,,,,73.0
2010_104_187976,187976,Alterraun Verner,UCLA,Pac-10,CORNERBACK,DB,2010,4,6,104,4,0.0,0.0,0.0,0.0,0.0,0.0,0.0,0.0,0.0,0.0,13.0,4.0,357.0,0.0,0.0,0.0,0.0,0.0,0.0,0.0,0.0,0.0,0.0,0.0,0.0,0.0,5.0,0.0,9.0,0.0,0.0,0.0,0.0,0.0,0.0,0.0,0.0,0.0,0.0,,,12.0,,,,,,,,,1.8,,,27.46153846153846
2010_105_161305,161305,Trevard Lindley,Kentucky,SEC,CORNERBACK,DB,2010,4,7,105,4,0.0,0.0,0.0,0.0,0.0,0.0,0.0,0.0,0.0,0.0,10.0,2.0,113.0,0.0,0.0,0.0,0.0,0.0,0.0,0.0,0.0,0.0,0.0,0.0,0.0,0.0,0.0,0.0,0.0,0.0,0.0,0.0,0.0,0.0,0.0,0.0,0.0,0.0,0.0,,,,,,,,,,,,,,,11.3
2010_107_232355,232355,Marcus Easley,UConn,Big East,WIDERECEIVER,WR,2010,4,9,107,3,0.0,0.0,0.0,0.0,0.0,0.0,0.0,0.0,0.0,0.0,0.0,0.0,0.0,0.0,0.0,0.0,0.0,0.0,0.0,0.0,0.0,0.0,0.0,0.0,0.0,0.0,0.0,0.0,0.0,0.0,0.0,0.0,0.0,53.0,8.0,997.0,1.0,0.0,11.0,,,,,88.0,11.0,,,18.81132075471698,11.0,,,,,
2010_108_184298,184298,Jacoby Ford,Clemson,ACC,WIDERECEIVER,WR,2010,4,10,108,4,0.0,0.0,0.0,0.0,0.0,0.0,0.0,0.0,0.0,0.0,0.0,0.0,0.0,9.0,0.0,174.0,0.0,0.0,0.0,0.0,0.0,2.0,2.0,0.0,1.0,55.0,78.0,2.0,475.0,0.0,0.0,0.0,0.0,140.0,15.0,1919.0,58.0,2.0,494.0,39.0,,92.0,,77.0,53.0,1.0,27.5,13.707142857142856,8.517241379310345,19.333333333333332,6.089743589743589,,,
2010_109_169289,169289,Corey Wootton,Northwestern,Big Ten,DEFENSIVEEND,DL,2010,4,11,109,3,0.0,0.0,0.0,0.0,0.0,0.0,0.0,0.0,0.0,0.0,4.0,0.0,11.0,0.0,0.0,0.0,0.0,0.0,0.0,0.0,0.0,0.0,0.0,0.0,0.0,0.0,0.0,0.0,0.0,0.0,0.0,0.0,0.0,0.0,0.0,0.0,0.0,0.0,0.0,,,,,,,,,,,,,,,2.75
2010_110_177267,177267,Darrell Stuckey,Kansas,Big 12,SAFETY,DB,2010,4,12,110,3,0.0,0.0,0.0,0.0,0.0,0.0,0.0,0.0,0.0,0.0,8.0,0.0,71.0,14.0,0.0,358.0,0.0,0.0,0.0,0.0,0.0,0.0,0.0,0.0,0.0,0.0,0.0,0.0,0.0,0.0,0.0,0.0,0.0,0.0,0.0,0.0,0.0,0.0,0.0,67.0,,,,,,,,,,25.571428571428573,,,,8.875
2010_112_236598,236598,Joe McKnight,USC,Pac-10,RUNNINGBACK,RB,2010,4,14,112,3,0.0,0.0,0.0,0.0,0.0,0.0,0.0,0.0,0.0,0.0,0.0,0.0,0.0,2.0,0.0,50.0,0.0,0.0,0.0,0.0,0.0,0.0,0.0,0.0,0.0,0.0,38.0,0.0,254.0,0.0,0.0,0.0,0.0,66.0,2.0,542.0,347.0,13.0,2213.0,26.0,,45.0,,32.0,65.0,,,8.212121212121213,6.377521613832853,25.0,6.684210526315789,,,
2010_113_232015,232015,Aaron Hernandez,Florida,SEC,TIGHTEND,TE,2010,4,15,113,3,0.0,0.0,0.0,0.0,0.0,0.0,0.0,0.0,0.0,0.0,0.0,0.0,0.0,0.0,0.0,0.0,0.0,0.0,0.0,0.0,0.0,0.0,0.0,0.0,0.0,0.0,0.0,0.0,0.0,0.0,0.0,0.0,0.0,111.0,12.0,1382.0,1.0,0.0,16.0,,,,,64.0,16.0,,,12.45045045045045,16.0,,,,,
2010_114_156974,156974,Dennis Pitta,BYU,Mountain West,TIGHTEND,TE,2010,4,16,114,4,0.0,0.0,0.0,0.0,0.0,0.0,0.0,0.0,0.0,0.0,0.0,0.0,0.0,0.0,0.0,0.0,0.0,0.0,0.0,0.0,0.0,0.0,0.0,0.0,0.0,0.0,0.0,0.0,0.0,0.0,0.0,0.0,0.0,221.0,21.0,2901.0,0.0,0.0,0.0,,,,,46.0,,,,13.126696832579183,,,,,,
2010_115_175276,175276,Phillip Dillard,Nebraska,Big 12,INSIDELINEBACKER,LB,2010,4,17,115,1,0.0,0.0,0.0,0.0,0.0,0.0,0.0,0.0,0.0,0.0,1.0,0.0,9.0,0.0,0.0,0.0,0.0,0.0,0.0,0.0,0.0,0.0,0.0,0.0,0.0,0.0,0.0,0.0,0.0,0.0,0.0,0.0,0.0,0.0,0.0,0.0,0.0,0.0,0.0,,,,,,,,,,,,,,,9.0
2010_116_188306,188306,Thaddeus Gibson,Ohio State,Big Ten,OUTSIDELINEBACKER,LB,2010,4,18,116,1,0.0,0.0,0.0,0.0,0.0,0.0,0.0,0.0,0.0,0.0,1.0,0.0,5.0,0.0,0.0,0.0,0.0,0.0,0.0,0.0,0.0,0.0,0.0,0.0,0.0,0.0,0.0,0.0,0.0,0.0,0.0,0.0,0.0,0.0,0.0,0.0,0.0,0.0,0.0,,,,,,,,,,,,,,,5.0
2010_118_177740,177740,Garrett Graham,Wisconsin,Big Ten,TIGHTEND,TE,2010,4,20,118,3,0.0,0.0,0.0,0.0,0.0,0.0,0.0,0.0,0.0,0.0,0.0,0.0,0.0,0.0,0.0,0.0,0.0,0.0,0.0,0.0,0.0,0.0,0.0,0.0,0.0,0.0,0.0,0.0,0.0,0.0,0.0,0.0,0.0,121.0,16.0,1492.0,0.0,0.0,0.0,,,,,45.0,,,,12.330578512396697,,,,,,
2010_119_188288,188288,A.J. Edds,Iowa,Big Ten,OUTSIDELINEBACKER,LB,2010,4,21,119,3,0.0,0.0,0.0,0.0,0.0,0.0,0.0,0.0,0.0,0.0,7.0,0.0,67.0,0.0,0.0,0.0,0.0,0.0,0.0,0.0,0.0,0.0,0.0,0.0,0.0,0.0,0.0,0.0,0.0,0.0,0.0,0.0,0.0,0.0,0.0,0.0,0.0,0.0,0.0,,,,,,,,,,,,,,,9.571428571428571
2010_121_174556,174556,Keenan Clayton,Oklahoma,Big 12,OUTSIDELINEBACKER,LB,2010,4,23,121,2,0.0,0.0,0.0,0.0,0.0,0.0,0.0,0.0,0.0,0.0,3.0,0.0,6.0,0.0,0.0,0.0,0.0,0.0,0.0,0.0,0.0,0.0,0.0,0.0,0.0,0.0,0.0,0.0,0.0,0.0,0.0,0.0,0.0,0.0,0.0,0.0,0.0,0.0,0.0,,,,,,,,,,,,,,,2.0
2010_124_190688,190688,Eric Norwood,South Carolina,SEC,OUTSIDELINEBACKER,LB,2010,4,26,124,2,0.0,0.0,0.0,0.0,0.0,0.0,0.0,0.0,0.0,0.0,2.0,1.0,36.0,0.0,0.0,0.0,0.0,0.0,0.0,0.0,0.0,0.0,0.0,0.0,0.0,0.0,1.0,0.0,16.0,0.0,0.0,0.0,0.0,0.0,0.0,0.0,0.0,0.0,0.0,,,16.0,,,,,,,,,16.0,,,18.0
2010_128_183683,183683,Jason Fox,Miami,ACC,OFFENSIVETACKLE,OL,2010,4,30,128,1,0.0,0.0,0.0,0.0,0.0,0.0,0.0,0.0,0.0,0.0,0.0,0.0,0.0,0.0,0.0,0.0,0.0,0.0,0.0,0.0,0.0,0.0,0.0,0.0,0.0,0.0,0.0,0.0,0.0,0.0,0.0,0.0,0.0,0.0,0.0,0.0,1.0,1.0,5.0,,,,,,5.0,,,,5.0,,,,,
2010_131_182303,182303,Roddrick Muckelroy,Texas,Big 12,INSIDELINEBACKER,LB,2010,4,33,131,2,0.0,0.0,0.0,0.0,0.0,0.0,0.0,0.0,0.0,0.0,2.0,0.0,15.0,0.0,0.0,0.0,0.0,0.0,0.0,0.0,0.0,0.0,0.0,0.0,0.0,0.0,0.0,0.0,0.0,0.0,0.0,0.0,0.0,0.0,0.0,0.0,0.0,0.0,0.0,,,,,,,,,,,,,,,7.5
2010_133_189386,189386,Kam Chancellor,Virginia Tech,ACC,SAFETY,DB,2010,5,2,133,4,0.0,0.0,0.0,0.0,0.0,0.0,0.0,0.0,0.0,0.0,6.0,0.0,24.0,0.0,0.0,0.0,0.0,0.0,0.0,0.0,0.0,0.0,0.0,0.0,0.0,0.0,0.0,0.0,0.0,0.0,0.0,0.0,0.0,0.0,0.0,0.0,0.0,0.0,0.0,,,,,,,,,,,,,,,4.0
2010_135_188941,188941,Dominique Franks,Oklahoma,Big 12,CORNERBACK,DB,2010,5,4,135,3,0.0,0.0,0.0,0.0,0.0,0.0,0.0,0.0,0.0,0.0,6.0,2.0,149.0,7.0,0.0,135.0,0.0,0.0,0.0,0.0,0.0,0.0,0.0,0.0,0.0,0.0,52.0,0.0,346.0,0.0,0.0,0.0,0.0,0.0,0.0,0.0,0.0,0.0,0.0,28.0,,51.0,,,,,,,,19.285714285714285,6.653846153846154,,,24.833333333333332
2010_136_191214,191214,Kendrick Lewis,Ole Miss,SEC,SAFETY,DB,2010,5,5,136,4,0.0,0.0,0.0,0.0,0.0,0.0,0.0,0.0,0.0,0.0,6.0,0.0,50.0,0.0,0.0,0.0,0.0,0.0,0.0,0.0,0.0,0.0,0.0,0.0,0.0,0.0,2.0,1.0,6.0,0.0,0.0,0.0,0.0,6.0,0.0,64.0,0.0,0.0,0.0,,,6.0,,33.0,,,,10.666666666666666,,,3.0,,,8.333333333333334
2010_137_188961,188961,Perrish Cox,Oklahoma State,Big 12,CORNERBACK,DB,2010,5,6,137,4,0.0,0.0,0.0,0.0,0.0,0.0,0.0,0.0,0.0,0.0,10.0,0.0,33.0,34.0,0.0,696.0,0.0,0.0,0.0,0.0,0.0,0.0,0.0,0.0,0.0,0.0,78.0,2.0,694.0,0.0,0.0,0.0,0.0,0.0,0.0,0.0,0.0,0.0,0.0,74.0,,67.0,,,,,,,,20.470588235294116,8.897435897435898,,,3.3
2010_138_175398,175398,Walter McFadden,Auburn,SEC,CORNERBACK,DB,2010,5,7,138,3,0.0,0.0,0.0,0.0,0.0,0.0,0.0,0.0,0.0,0.0,9.0,3.0,265.0,0.0,0.0,0.0,0.0,0.0,0.0,0.0,0.0,0.0,0.0,0.0,0.0,0.0,0.0,0.0,0.0,0.0,0.0,0.0,0.0,0.0,0.0,0.0,0.0,0.0,0.0,,,,,,,,,,,,,,,29.444444444444443
2010_139_181058,181058,John Conner,Kentucky,SEC,FULLBACK,RB,2010,5,8,139,4,0.0,0.0,0.0,0.0,0.0,0.0,0.0,0.0,0.0,0.0,0.0,0.0,0.0,1.0,0.0,4.0,0.0,0.0,0.0,0.0,0.0,0.0,0.0,0.0,0.0,0.0,0.0,0.0,0.0,0.0,0.0,0.0,0.0,25.0,4.0,193.0,54.0,4.0,247.0,4.0,,,,25.0,39.0,,,7.72,4.574074074074074,4.0,,,,
2010_141_192042,192042,Joshua Moore,Kansas State,Big 12,CORNERBACK,DB,2010,5,10,141,3,0.0,0.0,0.0,0.0,0.0,0.0,0.0,0.0,0.0,0.0,6.0,0.0,27.0,0.0,0.0,0.0,0.0,0.0,0.0,0.0,0.0,0.0,0.0,0.0,0.0,0.0,0.0,0.0,0.0,0.0,0.0,0.0,0.0,0.0,0.0,0.0,0.0,0.0,0.0,,,,,,,,,,,,,,,4.5
2010_142_184676,184676,Cameron Sheffield,Troy,Sun Belt,OUTSIDELINEBACKER,LB,2010,5,11,142,1,0.0,0.0,0.0,0.0,0.0,0.0,0.0,0.0,0.0,0.0,1.0,0.0,1.0,0.0,0.0,0.0,0.0,0.0,0.0,0.0,0.0,0.0,0.0,0.0,0.0,0.0,0.0,0.0,0.0,0.0,0.0,0.0,0.0,0.0,0.0,0.0,0.0,0.0,0.0,,,,,,,,,,,,,,,1.0
2010_144_188189,188189,Sherrick McManis,Northwestern,Big Ten,CORNERBACK,DB,2010,5,13,144,4,0.0,0.0,0.0,0.0,0.0,0.0,0.0,0.0,0.0,0.0,9.0,0.0,0.0,2.0,0.0,81.0,0.0,0.0,0.0,0.0,0.0,0.0,0.0,0.0,0.0,0.0,0.0,0.0,0.0,0.0,0.0,0.0,0.0,0.0,0.0,0.0,0.0,0.0,0.0,68.0,,,,,,,,,,40.5,,,,0.0
2010_147_180823,180823,Mitch Petrus,Arkansas,SEC,OFFENSIVEGUARD,OL,2010,5,16,147,1,0.0,0.0,0.0,0.0,0.0,0.0,0.0,0.0,0.0,0.0,0.0,0.0,0.0,0.0,0.0,0.0,0.0,0.0,0.0,0.0,0.0,0.0,0.0,0.0,0.0,0.0,0.0,0.0,0.0,0.0,0.0,0.0,0.0,0.0,0.0,0.0,1.0,0.0,1.0,,,,,,1.0,,,,1.0,,,,,
2010_148_233023,233023,Robert Johnson,Utah,Mountain West,SAFETY,DB,2010,5,17,148,3,0.0,0.0,0.0,0.0,0.0,0.0,0.0,0.0,0.0,0.0,13.0,1.0,173.0,0.0,0.0,0.0,0.0,0.0,0.0,0.0,0.0,0.0,0.0,0.0,0.0,0.0,0.0,0.0,0.0,0.0,0.0,0.0,0.0,0.0,0.0,0.0,0.0,0.0,0.0,,,,,,,,,,,,,,,13.307692307692308
2010_149_170838,170838,Hall Davis,Louisiana,Sun Belt,DEFENSIVEEND,DL,2010,5,18,149,1,0.0,0.0,0.0,0.0,0.0,0.0,0.0,0.0,0.0,0.0,1.0,0.0,0.0,0.0,0.0,0.0,0.0,0.0,0.0,0.0,0.0,0.0,0.0,0.0,0.0,0.0,0.0,0.0,0.0,0.0,0.0,0.0,0.0,0.0,0.0,0.0,0.0,0.0,0.0,,,,,,,,,,,,,,,0.0
2010_150_180834,180834,Zoltan Mesko,Michigan,Big Ten,PUNTER,ST,2010,5,19,150,4,0.0,0.0,0.0,0.0,0.0,0.0,0.0,0.0,0.0,0.0,0.0,0.0,0.0,0.0,0.0,0.0,0.0,0.0,0.0,0.0,0.0,0.0,0.0,0.0,0.0,0.0,0.0,0.0,0.0,0.0,252.0,0.0,10703.0,0.0,0.0,0.0,3.0,0.0,17.0,,,,68.0,,13.0,,,,5.666666666666667,,,42.47222222222222,,
2010_154_188693,188693,Andrew Quarless,Penn State,Big Ten,TIGHTEND,TE,2010,5,23,154,4,0.0,0.0,0.0,0.0,0.0,0.0,0.0,0.0,0.0,0.0,0.0,0.0,0.0,0.0,0.0,0.0,0.0,0.0,0.0,0.0,0.0,0.0,0.0,0.0,0.0,0.0,0.0,0.0,0.0,0.0,0.0,0.0,0.0,87.0,8.0,1146.0,0.0,0.0,0.0,,,,,60.0,,,,13.172413793103448,,,,,,
2010_156_381398,381398,David Reed,Utah,Mountain West,WIDERECEIVER,WR,2010,5,25,156,2,0.0,0.0,0.0,0.0,0.0,0.0,0.0,0.0,0.0,0.0,0.0,0.0,0.0,8.0,0.0,161.0,0.0,0.0,0.0,0.0,0.0,0.0,0.0,0.0,0.0,0.0,1.0,0.0,3.0,0.0,0.0,0.0,0.0,106.0,11.0,1615.0,5.0,1.0,19.0,29.0,,3.0,,90.0,15.0,,,15.235849056603774,3.8,20.125,3.0,,,
2010_159_186575,186575,Riley Cooper,Florida,SEC,WIDERECEIVER,WR,2010,5,28,159,4,0.0,0.0,0.0,0.0,0.0,0.0,0.0,0.0,0.0,0.0,0.0,0.0,0.0,0.0,0.0,0.0,0.0,0.0,0.0,0.0,0.0,1.0,0.0,0.0,0.0,0.0,0.0,0.0,0.0,0.0,0.0,0.0,0.0,81.0,18.0,1496.0,1.0,0.0,14.0,,,,,80.0,14.0,0.0,0.0,18.469135802469136,14.0,,,,,
2010_160_232215,232215,Larry Asante,Nebraska,Big 12,SAFETY,DB,2010,5,29,160,2,0.0,0.0,0.0,0.0,0.0,0.0,0.0,0.0,0.0,0.0,3.0,1.0,74.0,0.0,0.0,0.0,0.0,0.0,0.0,0.0,0.0,0.0,0.0,0.0,0.0,0.0,0.0,0.0,0.0,0.0,0.0,0.0,0.0,0.0,0.0,0.0,0.0,0.0,0.0,,,,,,,,,,,,,,,24.666666666666668
2010_162_174559,174559,Brody Eldridge,Oklahoma,Big 12,TIGHTEND,TE,2010,5,31,162,4,0.0,0.0,0.0,0.0,0.0,0.0,0.0,0.0,0.0,0.0,0.0,0.0,0.0,0.0,0.0,0.0,0.0,0.0,0.0,0.0,0.0,0.0,0.0,0.0,0.0,0.0,0.0,0.0,0.0,0.0,0.0,0.0,0.0,13.0,1.0,98.0,0.0,0.0,0.0,,,,,12.0,,,,7.538461538461538,,,,,,
2010_163_189611,189611,Reshad Jones,Georgia,SEC,SAFETY,DB,2010,5,32,163,3,0.0,0.0,0.0,0.0,0.0,0.0,0.0,0.0,0.0,0.0,11.0,0.0,174.0,0.0,0.0,0.0,0.0,0.0,0.0,0.0,0.0,0.0,0.0,0.0,0.0,0.0,2.0,0.0,38.0,0.0,0.0,0.0,0.0,0.0,0.0,0.0,0.0,0.0,0.0,,,32.0,,,,,,,,,19.0,,,15.818181818181818
2010_164_192135,192135,Crezdon Butler,Clemson,ACC,CORNERBACK,DB,2010,5,33,164,4,0.0,0.0,0.0,0.0,0.0,0.0,0.0,0.0,0.0,0.0,11.0,0.0,243.0,0.0,0.0,0.0,0.0,0.0,0.0,0.0,0.0,0.0,0.0,0.0,0.0,0.0,5.0,0.0,34.0,0.0,0.0,0.0,0.0,0.0,0.0,0.0,0.0,0.0,0.0,,,15.0,,,,,,,,,6.8,,,22.09090909090909
2010_165_177261,177261,Kerry Meier,Kansas,Big 12,WIDERECEIVER,WR,2010,5,34,165,4,0.0,0.0,0.0,0.0,0.0,0.0,0.0,0.0,0.0,0.0,0.0,0.0,0.0,0.0,0.0,0.0,0.0,0.0,0.0,0.0,0.0,219.0,134.0,10.0,17.0,1612.0,0.0,0.0,0.0,0.0,4.0,0.0,129.0,225.0,18.0,2302.0,118.0,6.0,415.0,,,,41.0,71.0,40.0,0.6118721461187214,7.360730593607306,10.231111111111112,3.516949152542373,,,32.25,,
2010_166_183996,183996,Stevenson Sylvester,Utah,Mountain West,OUTSIDELINEBACKER,LB,2010,5,35,166,1,0.0,0.0,0.0,0.0,0.0,0.0,0.0,0.0,0.0,0.0,1.0,1.0,27.0,0.0,0.0,0.0,0.0,0.0,0.0,0.0,0.0,0.0,0.0,0.0,0.0,0.0,0.0,0.0,0.0,0.0,0.0,0.0,0.0,0.0,0.0,0.0,0.0,0.0,0.0,,,,,,,,,,,,,,,27.0
2010_168_175658,175658,Jonathan Crompton,Tennessee,SEC,QUARTERBACK,QB,2010,5,37,168,4,0.0,0.0,0.0,0.0,0.0,0.0,0.0,0.0,0.0,0.0,0.0,0.0,0.0,0.0,0.0,0.0,0.0,0.0,0.0,0.0,0.0,629.0,348.0,22.0,36.0,4187.0,0.0,0.0,0.0,0.0,0.0,0.0,0.0,0.0,0.0,0.0,101.0,3.0,-16.0,,,,,,15.0,0.5532591414944356,6.656597774244833,,-0.1584158415841584,,,,,
2010_169_183263,183263,Marshall Newhouse,TCU,Mountain West,OFFENSIVEGUARD,OL,2010,5,38,169,1,0.0,0.0,0.0,0.0,0.0,0.0,0.0,0.0,0.0,0.0,0.0,0.0,0.0,0.0,0.0,0.0,0.0,0.0,0.0,0.0,0.0,0.0,0.0,0.0,0.0,0.0,0.0,0.0,0.0,0.0,0.0,0.0,0.0,0.0,0.0,0.0,1.0,0.0,3.0,,,,,,3.0,,,,3.0,,,,,
2010_170_487787,487787,Fendi Onobun,Houston,Conference USA,TIGHTEND,TE,2010,6,1,170,1,0.0,0.0,0.0,0.0,0.0,0.0,0.0,0.0,0.0,0.0,0.0,0.0,0.0,0.0,0.0,0.0,0.0,0.0,0.0,0.0,0.0,0.0,0.0,0.0,0.0,0.0,0.0,0.0,0.0,0.0,0.0,0.0,0.0,2.0,1.0,33.0,0.0,0.0,0.0,,,,,18.0,,,,16.5,,,,,,
2010_172_175130,175130,Brent Bowden,Virginia Tech,ACC,PUNTER,ST,2010,6,3,172,3,0.0,0.0,0.0,0.0,0.0,0.0,0.0,0.0,0.0,0.0,0.0,0.0,0.0,0.0,0.0,0.0,0.0,0.0,0.0,0.0,0.0,0.0,0.0,0.0,0.0,0.0,0.0,0.0,0.0,0.0,214.0,0.0,9022.0,0.0,0.0,0.0,0.0,0.0,0.0,,,,60.0,,,,,,,,,42.1588785046729,,
2010_174_191077,191077,Dennis Morris,Louisiana Tech,Western Athletic,TIGHTEND,TE,2010,6,5,174,4,0.0,0.0,0.0,0.0,0.0,0.0,0.0,0.0,0.0,0.0,0.0,0.0,0.0,4.0,0.0,9.0,0.0,0.0,0.0,0.0,0.0,0.0,0.0,0.0,0.0,0.0,0.0,0.0,0.0,0.0,0.0,0.0,0.0,70.0,16.0,1144.0,7.0,1.0,15.0,4.0,,,,60.0,21.0,,,16.34285714285714,2.142857142857143,2.25,,,,
2010_175_191208,191208,Greg Hardy,Ole Miss,SEC,DEFENSIVEEND,DL,2010,6,6,175,3,0.0,0.0,0.0,0.0,0.0,0.0,0.0,0.0,0.0,0.0,1.0,0.0,22.0,0.0,0.0,0.0,0.0,0.0,0.0,0.0,0.0,0.0,0.0,0.0,0.0,0.0,0.0,0.0,0.0,0.0,0.0,0.0,0.0,3.0,3.0,42.0,0.0,0.0,0.0,,,,,23.0,,,,14.0,,,,,,22.0
2010_176_180299,180299,Rusty Smith,Florida Atlantic,Sun Belt,QUARTERBACK,QB,2010,6,7,176,4,0.0,0.0,0.0,0.0,0.0,0.0,0.0,0.0,0.0,0.0,0.0,0.0,0.0,0.0,0.0,0.0,0.0,0.0,0.0,0.0,0.0,1361.0,768.0,36.0,76.0,10112.0,0.0,0.0,0.0,0.0,0.0,0.0,0.0,1.0,0.0,7.0,115.0,5.0,-335.0,,,,,7.0,18.0,0.5642909625275533,7.429831006612785,7.0,-2.9130434782608696,,,,,
2010_177_190636,190636,Carlton Mitchell,South Florida,Big East,WIDERECEIVER,WR,2010,6,8,177,3,0.0,0.0,0.0,0.0,0.0,0.0,0.0,0.0,0.0,0.0,0.0,0.0,0.0,0.0,0.0,0.0,0.0,0.0,0.0,0.0,0.0,0.0,0.0,0.0,0.0,0.0,0.0,0.0,0.0,0.0,0.0,0.0,0.0,105.0,9.0,1648.0,5.0,0.0,24.0,,,,,85.0,15.0,,,15.695238095238096,4.8,,,,,
2010_181_170586,170586,Dan LeFevour,Central Michigan,Mid-American,QUARTERBACK,QB,2010,6,12,181,4,0.0,0.0,0.0,0.0,0.0,0.0,0.0,0.0,0.0,0.0,0.0,0.0,0.0,0.0,0.0,0.0,0.0,0.0,0.0,0.0,0.0,1763.0,1171.0,36.0,102.0,12905.0,0.0,0.0,0.0,0.0,7.0,0.0,227.0,3.0,1.0,58.0,671.0,47.0,2948.0,,,,42.0,32.0,53.0,0.664208735110607,7.319909245604084,19.333333333333332,4.39344262295082,,,32.42857142857143,,
2010_185_183233,183233,Anthony McCoy,USC,Pac-10,TIGHTEND,TE,2010,6,16,185,3,0.0,0.0,0.0,0.0,0.0,0.0,0.0,0.0,0.0,0.0,0.0,0.0,0.0,0.0,0.0,0.0,0.0,0.0,0.0,0.0,0.0,0.0,0.0,0.0,0.0,0.0,0.0,0.0,0.0,0.0,0.0,0.0,0.0,46.0,3.0,731.0,1.0,0.0,25.0,,,,,60.0,23.0,,,15.891304347826088,25.0,,,,,
2010_188_236248,236248,Jonathan Dwyer,Georgia Tech,ACC,RUNNINGBACK,RB,2010,6,19,188,3,0.0,0.0,0.0,0.0,0.0,0.0,0.0,0.0,0.0,0.0,0.0,0.0,0.0,0.0,0.0,0.0,0.0,0.0,0.0,0.0,0.0,0.0,0.0,0.0,0.0,0.0,0.0,0.0,0.0,0.0,0.0,0.0,0.0,15.0,1.0,263.0,517.0,35.0,3226.0,,,,,79.0,88.0,,,17.533333333333335,6.239845261121856,,,,,
2010_190_183313,183313,Travis Goethel,Arizona State,Pac-10,INSIDELINEBACKER,LB,2010,6,21,190,2,0.0,0.0,0.0,0.0,0.0,0.0,0.0,0.0,0.0,0.0,3.0,1.0,91.0,0.0,0.0,0.0,0.0,0.0,0.0,0.0,0.0,0.0,0.0,0.0,0.0,0.0,0.0,0.0,0.0,0.0,0.0,0.0,0.0,0.0,0.0,0.0,0.0,0.0,0.0,,,,,,,,,,,,,,,30.333333333333332
2010_191_232149,232149,Dezmon Briscoe,Kansas,Big 12,WIDERECEIVER,WR,2010,6,22,191,3,0.0,0.0,0.0,0.0,0.0,0.0,0.0,0.0,0.0,0.0,0.0,0.0,0.0,19.0,1.0,432.0,0.0,0.0,0.0,0.0,0.0,0.0,0.0,0.0,0.0,0.0,3.0,0.0,0.0,0.0,0.0,0.0,0.0,217.0,31.0,3232.0,4.0,1.0,37.0,98.0,,0.0,,74.0,20.0,,,14.89400921658986,9.25,22.73684210526316,0.0,,,
2010_193_170697,170697,James Starks,Buffalo,Mid-American,RUNNINGBACK,RB,2010,6,24,193,3,0.0,0.0,0.0,0.0,0.0,0.0,0.0,0.0,0.0,0.0,0.0,0.0,0.0,0.0,0.0,0.0,0.0,0.0,0.0,0.0,0.0,1.0,1.0,0.0,0.0,5.0,0.0,0.0,0.0,0.0,0.0,0.0,0.0,127.0,3.0,898.0,698.0,34.0,3140.0,,,,,74.0,92.0,1.0,5.0,7.070866141732283,4.498567335243553,,,,,
2010_195_243312,243312,Antonio Brown,Central Michigan,Mid-American,WIDERECEIVER,WR,2010,6,26,195,3,0.0,0.0,0.0,0.0,0.0,0.0,0.0,0.0,0.0,0.0,0.0,0.0,0.0,35.0,1.0,773.0,0.0,0.0,0.0,0.0,0.0,5.0,2.0,0.0,1.0,26.0,79.0,3.0,822.0,0.0,0.0,0.0,0.0,301.0,22.0,3176.0,71.0,4.0,518.0,95.0,,75.0,,93.0,29.0,0.4,5.2,10.551495016611296,7.295774647887324,22.085714285714285,10.40506329113924,,,
2010_196_185058,185058,Jamar Wall,Texas Tech,Big 12,CORNERBACK,DB,2010,6,27,196,3,0.0,0.0,0.0,0.0,0.0,0.0,0.0,0.0,0.0,0.0,9.0,0.0,45.0,0.0,0.0,0.0,0.0,0.0,0.0,0.0,0.0,0.0,0.0,0.0,0.0,0.0,9.0,0.0,57.0,0.0,0.0,0.0,0.0,0.0,0.0,0.0,0.0,0.0,0.0,,,24.0,,,,,,,,,6.333333333333333,,,5.0
2010_197_181680,181680,Trindon Holliday,LSU,SEC,KICKRETURNER,ST,2010,6,28,197,4,0.0,0.0,0.0,0.0,0.0,0.0,0.0,0.0,0.0,0.0,0.0,0.0,0.0,25.0,0.0,661.0,0.0,0.0,0.0,0.0,0.0,0.0,0.0,0.0,0.0,0.0,56.0,2.0,647.0,0.0,0.0,0.0,0.0,7.0,0.0,72.0,115.0,4.0,776.0,49.0,,92.0,,26.0,39.0,,,10.285714285714286,6.747826086956522,26.44,11.553571428571429,,,
2010_199_173642,173642,Joe Webb,UAB,Conference USA,QUARTERBACK,QB,2010,6,30,199,4,0.0,0.0,0.0,0.0,0.0,0.0,0.0,0.0,0.0,0.0,0.0,0.0,0.0,0.0,0.0,0.0,0.0,0.0,0.0,0.0,0.0,792.0,468.0,25.0,37.0,5771.0,0.0,0.0,0.0,0.0,2.0,0.0,89.0,32.0,4.0,471.0,516.0,24.0,2774.0,,,,52.0,33.0,71.0,0.5909090909090909,7.286616161616162,14.71875,5.375968992248062,,,44.5,,
2010_200_183547,183547,Charles Scott,LSU,SEC,RUNNINGBACK,RB,2010,6,31,200,4,0.0,0.0,0.0,0.0,0.0,0.0,0.0,0.0,0.0,0.0,0.0,0.0,0.0,0.0,0.0,0.0,0.0,0.0,0.0,0.0,0.0,0.0,0.0,0.0,0.0,0.0,0.0,0.0,0.0,0.0,0.0,0.0,0.0,31.0,3.0,260.0,424.0,32.0,2317.0,,,,,20.0,56.0,,,8.387096774193548,5.464622641509434,,,,,
2010_201_174924,174924,Jorrick Calvin,Troy,Sun Belt,CORNERBACK,DB,2010,6,32,201,1,0.0,0.0,0.0,0.0,0.0,0.0,0.0,0.0,0.0,0.0,2.0,0.0,29.0,0.0,0.0,0.0,0.0,0.0,0.0,0.0,0.0,0.0,0.0,0.0,0.0,0.0,22.0,0.0,149.0,0.0,0.0,0.0,0.0,0.0,0.0,0.0,0.0,0.0,0.0,,,27.0,,,,,,,,,6.7727272727272725,,,14.5
2010_204_169390,169390,Tony Pike,Cincinnati,Big East,QUARTERBACK,QB,2010,6,35,204,3,0.0,0.0,0.0,0.0,0.0,0.0,0.0,0.0,0.0,0.0,0.0,0.0,0.0,0.0,0.0,0.0,0.0,0.0,0.0,0.0,0.0,682.0,421.0,20.0,49.0,5018.0,0.0,0.0,0.0,0.0,1.0,0.0,21.0,0.0,0.0,0.0,94.0,3.0,128.0,,,,21.0,,35.0,0.6173020527859238,7.357771260997067,,1.3617021276595744,,,21.0,,
2010_206_183335,183335,Kyle Williams,Arizona State,Pac-10,WIDERECEIVER,WR,2010,6,37,206,4,0.0,0.0,0.0,0.0,0.0,0.0,0.0,0.0,0.0,0.0,0.0,0.0,0.0,0.0,0.0,0.0,0.0,0.0,0.0,0.0,0.0,1.0,1.0,0.0,1.0,32.0,130.0,0.0,764.0,0.0,0.0,0.0,0.0,109.0,18.0,1626.0,17.0,0.0,130.0,,,64.0,,80.0,53.0,1.0,32.0,14.917431192660551,7.647058823529412,,5.876923076923077,,,
2010_209_172944,172944,Levi Brown,Troy,Sun Belt,QUARTERBACK,QB,2010,7,2,209,2,0.0,0.0,0.0,0.0,0.0,0.0,0.0,0.0,0.0,0.0,0.0,0.0,0.0,0.0,0.0,0.0,0.0,0.0,0.0,0.0,0.0,830.0,522.0,12.0,38.0,6284.0,0.0,0.0,0.0,0.0,0.0,0.0,0.0,1.0,0.0,17.0,87.0,1.0,24.0,,,,,17.0,37.0,0.6289156626506024,7.571084337349397,17.0,0.2758620689655172,,,,,
2010_210_178767,178767,Cody Grimm,Virginia Tech,ACC,SAFETY,DB,2010,7,3,210,1,0.0,0.0,0.0,0.0,0.0,0.0,0.0,0.0,0.0,0.0,2.0,0.0,20.0,0.0,0.0,0.0,0.0,0.0,0.0,0.0,0.0,0.0,0.0,0.0,0.0,0.0,0.0,0.0,0.0,0.0,0.0,0.0,0.0,0.0,0.0,0.0,0.0,0.0,0.0,,,,,,,,,,,,,,,10.0
2010_211_191489,191489,Marquis Johnson,Alabama,SEC,CORNERBACK,DB,2010,7,4,211,2,0.0,0.0,0.0,0.0,0.0,0.0,0.0,0.0,0.0,0.0,3.0,0.0,7.0,0.0,0.0,0.0,0.0,0.0,0.0,0.0,0.0,0.0,0.0,0.0,0.0,0.0,1.0,0.0,0.0,0.0,0.0,0.0,0.0,0.0,0.0,0.0,0.0,0.0,0.0,,,0.0,,,,,,,,,0.0,,,2.3333333333333335
2010_213_159665,159665,Willie Young,NC State,ACC,DEFENSIVEEND,DL,2010,7,6,213,3,0.0,0.0,0.0,0.0,0.0,0.0,0.0,0.0,0.0,0.0,3.0,1.0,42.0,0.0,0.0,0.0,0.0,0.0,0.0,0.0,0.0,0.0,0.0,0.0,0.0,0.0,0.0,0.0,0.0,0.0,0.0,0.0,0.0,0.0,0.0,0.0,0.0,0.0,0.0,,,,,,,,,,,,,,,14.0
2010_215_173689,173689,Jeremy Ware,Michigan State,Big Ten,CORNERBACK,DB,2010,7,8,215,2,0.0,0.0,0.0,0.0,0.0,0.0,0.0,0.0,0.0,0.0,2.0,0.0,16.0,0.0,0.0,0.0,0.0,0.0,0.0,0.0,0.0,0.0,0.0,0.0,0.0,0.0,0.0,0.0,0.0,0.0,0.0,0.0,0.0,0.0,0.0,0.0,0.0,0.0,0.0,,,,,,,,,,,,,,,8.0
2010_216_169328,169328,Kyle Calloway,Iowa,Big Ten,OFFENSIVETACKLE,OL,2010,7,9,216,1,0.0,0.0,0.0,0.0,0.0,0.0,0.0,0.0,0.0,0.0,0.0,0.0,0.0,0.0,0.0,0.0,0.0,0.0,0.0,0.0,0.0,0.0,0.0,0.0,0.0,0.0,0.0,0.0,0.0,0.0,0.0,0.0,0.0,1.0,0.0,-1.0,0.0,0.0,0.0,,,,,-1.0,,,,-1.0,,,,,,
2010_217_183776,183776,Dekoda Watson,Florida State,ACC,OUTSIDELINEBACKER,LB,2010,7,10,217,3,0.0,0.0,0.0,0.0,0.0,0.0,0.0,0.0,0.0,0.0,2.0,1.0,44.0,0.0,0.0,0.0,0.0,0.0,0.0,0.0,0.0,0.0,0.0,0.0,0.0,0.0,2.0,0.0,19.0,0.0,0.0,0.0,0.0,0.0,0.0,0.0,0.0,0.0,0.0,,,16.0,,,,,,,,,9.5,,,22.0
2010_219_187950,187950,Terrence Austin,UCLA,Pac-10,WIDERECEIVER,WR,2010,7,12,219,4,0.0,0.0,0.0,0.0,0.0,0.0,0.0,0.0,0.0,0.0,0.0,0.0,0.0,43.0,0.0,1036.0,0.0,0.0,0.0,0.0,0.0,0.0,0.0,0.0,0.0,0.0,143.0,0.0,943.0,0.0,0.0,0.0,0.0,109.0,5.0,1192.0,23.0,0.0,146.0,65.0,,79.0,,57.0,20.0,,,10.935779816513762,6.3478260869565215,24.093023255813954,6.594405594405594,,,
2010_220_171812,171812,Jamar Chaney,Mississippi State,SEC,INSIDELINEBACKER,LB,2010,7,13,220,1,0.0,0.0,0.0,0.0,0.0,0.0,0.0,0.0,0.0,0.0,2.0,0.0,19.0,0.0,0.0,0.0,0.0,0.0,0.0,0.0,0.0,0.0,0.0,0.0,0.0,0.0,0.0,0.0,0.0,0.0,0.0,0.0,0.0,0.0,0.0,0.0,0.0,0.0,0.0,,,,,,,,,,,,,,,9.5
2010_221_180714,180714,Matt Dodge,East Carolina,Conference USA,PUNTER,ST,2010,7,14,221,3,0.0,0.0,0.0,0.0,0.0,0.0,0.0,0.0,0.0,0.0,0.0,0.0,0.0,0.0,0.0,0.0,1.0,0.0,1.0,1.0,1.0,0.0,0.0,0.0,0.0,0.0,0.0,0.0,0.0,0.0,220.0,0.0,9583.0,0.0,0.0,0.0,5.0,0.0,37.0,,0.0,,73.0,,19.0,,,,7.4,,,43.55909090909091,0.0,
2010_223_479896,479896,R.J. Stanford,Utah,Mountain West,CORNERBACK,DB,2010,7,16,223,1,0.0,0.0,0.0,0.0,0.0,0.0,0.0,0.0,0.0,0.0,1.0,0.0,9.0,0.0,0.0,0.0,0.0,0.0,0.0,0.0,0.0,0.0,0.0,0.0,0.0,0.0,0.0,0.0,0.0,0.0,0.0,0.0,0.0,0.0,0.0,0.0,0.0,0.0,0.0,,,,,,,,,,,,,,,9.0
2010_225_174208,174208,Syd'Quan Thompson,California,Pac-10,CORNERBACK,DB,2010,7,18,225,4,0.0,0.0,0.0,0.0,0.0,0.0,0.0,0.0,0.0,0.0,7.0,0.0,204.0,0.0,0.0,0.0,0.0,0.0,0.0,0.0,0.0,0.0,0.0,0.0,0.0,0.0,60.0,1.0,389.0,0.0,0.0,0.0,0.0,0.0,0.0,0.0,0.0,0.0,0.0,,,73.0,,,,,,,,,6.483333333333333,,,29.142857142857142
2010_227_183281,183281,Dorin Dickerson,Pittsburgh,Big East,TIGHTEND,TE,2010,7,20,227,3,0.0,0.0,0.0,0.0,0.0,0.0,0.0,0.0,0.0,0.0,0.0,0.0,0.0,2.0,0.0,26.0,0.0,0.0,0.0,0.0,0.0,0.0,0.0,0.0,0.0,0.0,0.0,0.0,0.0,0.0,0.0,0.0,0.0,63.0,12.0,708.0,5.0,1.0,50.0,20.0,,,,53.0,16.0,,,11.238095238095235,10.0,13.0,,,,
2010_230_178014,178014,C.J. Wilson,East Carolina,Conference USA,DEFENSIVEEND,DL,2010,7,23,230,1,0.0,0.0,0.0,0.0,0.0,0.0,0.0,0.0,0.0,0.0,0.0,0.0,0.0,1.0,0.0,0.0,0.0,0.0,0.0,0.0,0.0,0.0,0.0,0.0,0.0,0.0,0.0,0.0,0.0,0.0,0.0,0.0,0.0,0.0,0.0,0.0,0.0,0.0,0.0,0.0,,,,,,,,,,0.0,,,,
2010_231_174445,174445,Selvish Capers,West Virginia,Big East,OFFENSIVETACKLE,OL,2010,7,24,231,1,0.0,0.0,0.0,0.0,0.0,0.0,0.0,0.0,0.0,0.0,0.0,0.0,0.0,0.0,0.0,0.0,0.0,0.0,0.0,0.0,0.0,0.0,0.0,0.0,0.0,0.0,0.0,0.0,0.0,0.0,0.0,0.0,0.0,1.0,0.0,-2.0,0.0,0.0,0.0,,,,,-2.0,,,,-2.0,,,,,,
2010_233_176279,176279,Jim Dray,Stanford,Pac-10,TIGHTEND,TE,2010,7,26,233,4,0.0,0.0,0.0,0.0,0.0,0.0,0.0,0.0,0.0,0.0,0.0,0.0,0.0,0.0,0.0,0.0,0.0,0.0,0.0,0.0,0.0,0.0,0.0,0.0,0.0,0.0,0.0,0.0,0.0,0.0,0.0,0.0,0.0,41.0,7.0,455.0,0.0,0.0,0.0,,,,,46.0,,,,11.097560975609756,,,,,,
2010_235_183681,183681,Dedrick Epps,Miami,ACC,TIGHTEND,TE,2010,7,28,235,3,0.0,0.0,0.0,0.0,0.0,0.0,0.0,0.0,0.0,0.0,0.0,0.0,0.0,0.0,0.0,0.0,0.0,0.0,0.0,0.0,0.0,0.0,0.0,0.0,0.0,0.0,0.0,0.0,0.0,0.0,0.0,0.0,0.0,49.0,6.0,634.0,0.0,0.0,0.0,,,,,69.0,,,,12.93877551020408,,,,,,
2010_236_175825,175825,Dexter Davis,Arizona State,Pac-10,OUTSIDELINEBACKER,LB,2010,7,29,236,1,0.0,0.0,0.0,0.0,0.0,0.0,0.0,0.0,0.0,0.0,1.0,0.0,3.0,0.0,0.0,0.0,0.0,0.0,0.0,0.0,0.0,0.0,0.0,0.0,0.0,0.0,0.0,0.0,0.0,0.0,0.0,0.0,0.0,0.0,0.0,0.0,0.0,0.0,0.0,,,,,,,,,,,,,,,3.0
2010_237_194495,194495,Ryan D'Imperio,Rutgers,Big East,INSIDELINEBACKER,LB,2010,7,30,237,2,0.0,0.0,0.0,0.0,0.0,0.0,0.0,0.0,0.0,0.0,2.0,1.0,57.0,0.0,0.0,0.0,0.0,0.0,0.0,0.0,0.0,0.0,0.0,0.0,0.0,0.0,0.0,0.0,0.0,0.0,0.0,0.0,0.0,0.0,0.0,0.0,0.0,0.0,0.0,,,,,,,,,,,,,,,28.5
2010_239_168823,168823,Sean Canfield,Oregon State,Pac-10,QUARTERBACK,QB,2010,7,32,239,4,0.0,0.0,0.0,0.0,0.0,0.0,0.0,0.0,0.0,0.0,0.0,0.0,0.0,0.0,0.0,0.0,0.0,0.0,0.0,0.0,0.0,861.0,552.0,26.0,38.0,5970.0,0.0,0.0,0.0,0.0,0.0,0.0,0.0,0.0,0.0,0.0,93.0,3.0,-313.0,,,,,,18.0,0.6411149825783972,6.933797909407666,,-3.3655913978494625,,,,,
2010_240_176660,176660,Kavell Conner,Clemson,ACC,OUTSIDELINEBACKER,LB,2010,7,33,240,1,0.0,0.0,0.0,0.0,0.0,0.0,0.0,0.0,0.0,0.0,1.0,0.0,0.0,0.0,0.0,0.0,0.0,0.0,0.0,0.0,0.0,0.0,0.0,0.0,0.0,0.0,0.0,0.0,0.0,0.0,0.0,0.0,0.0,0.0,0.0,0.0,0.0,0.0,0.0,,,,,,,,,,,,,,,0.0
2010_242_174020,174020,Doug Worthington,Ohio State,Big Ten,DEFENSIVEEND,DL,2010,7,35,242,1,0.0,0.0,0.0,0.0,0.0,0.0,0.0,0.0,0.0,0.0,1.0,0.0,0.0,0.0,0.0,0.0,0.0,0.0,0.0,0.0,0.0,0.0,0.0,0.0,0.0,0.0,0.0,0.0,0.0,0.0,0.0,0.0,0.0,0.0,0.0,0.0,0.0,0.0,0.0,,,,,,,,,,,,,,,0.0
2010_244_183874,183874,Kurt Coleman,Ohio State,Big Ten,SAFETY,DB,2010,7,37,244,2,0.0,0.0,0.0,0.0,0.0,0.0,0.0,0.0,0.0,0.0,9.0,1.0,147.0,0.0,0.0,0.0,0.0,0.0,0.0,0.0,0.0,0.0,0.0,0.0,0.0,0.0,0.0,0.0,0.0,0.0,0.0,0.0,0.0,0.0,0.0,0.0,0.0,0.0,0.0,,,,,,,,,,,,,,,16.333333333333332
2010_245_170644,170644,Jameson Konz,Kent State,Mid-American,FULLBACK,RB,2010,7,38,245,2,0.0,0.0,0.0,0.0,0.0,0.0,0.0,0.0,0.0,0.0,0.0,0.0,0.0,1.0,0.0,0.0,0.0,0.0,0.0,0.0,0.0,0.0,0.0,0.0,0.0,0.0,0.0,0.0,0.0,0.0,0.0,0.0,0.0,23.0,2.0,310.0,0.0,0.0,0.0,0.0,,,,56.0,,,,13.478260869565217,,0.0,,,,
2010_246_188711,188711,Ray Fisher,Indiana,Big Ten,CORNERBACK,DB,2010,7,39,246,4,0.0,0.0,0.0,0.0,0.0,0.0,0.0,0.0,0.0,0.0,0.0,0.0,0.0,18.0,2.0,635.0,0.0,0.0,0.0,0.0,0.0,0.0,0.0,0.0,0.0,0.0,34.0,0.0,165.0,0.0,0.0,0.0,0.0,116.0,9.0,1046.0,18.0,0.0,98.0,93.0,,35.0,,64.0,22.0,,,9.017241379310343,5.444444444444445,35.27777777777778,4.852941176470588,,,
2010_249_192891,192891,Robert McClain,UConn,Big East,CORNERBACK,DB,2010,7,42,249,4,0.0,0.0,0.0,0.0,0.0,0.0,0.0,0.0,0.0,0.0,10.0,2.0,152.0,2.0,0.0,24.0,0.0,0.0,0.0,0.0,0.0,0.0,0.0,0.0,0.0,0.0,31.0,1.0,274.0,0.0,0.0,0.0,0.0,0.0,0.0,0.0,0.0,0.0,0.0,14.0,,87.0,,,,,,,,12.0,8.838709677419354,,,15.2
2010_250_174054,174054,Zac Robinson,Oklahoma State,Big 12,QUARTERBACK,QB,2010,7,43,250,4,0.0,0.0,0.0,0.0,0.0,0.0,0.0,0.0,0.0,0.0,0.0,0.0,0.0,0.0,0.0,0.0,0.0,0.0,0.0,0.0,0.0,999.0,610.0,31.0,66.0,8317.0,0.0,0.0,0.0,0.0,0.0,0.0,0.0,1.0,0.0,21.0,427.0,22.0,1854.0,,,,,21.0,57.0,0.6106106106106106,8.325325325325325,21.0,4.34192037470726,,,,,
2010_252_174011,174011,Austin Spitler,Ohio State,Big Ten,OUTSIDELINEBACKER,LB,2010,7,45,252,1,0.0,0.0,0.0,0.0,0.0,0.0,0.0,0.0,0.0,0.0,1.0,0.0,0.0,0.0,0.0,0.0,0.0,0.0,0.0,0.0,0.0,0.0,0.0,0.0,0.0,0.0,0.0,0.0,0.0,0.0,0.0,0.0,0.0,0.0,0.0,0.0,0.0,0.0,0.0,,,,,,,,,,,,,,,0.0
2010_253_176287,176287,Erik Lorig,Stanford,Pac-10,DEFENSIVEEND,DL,2010,7,46,253,1,0.0,0.0,0.0,0.0,0.0,0.0,0.0,0.0,0.0,0.0,0.0,0.0,0.0,0.0,0.0,0.0,0.0,0.0,0.0,0.0,0.0,0.0,0.0,0.0,0.0,0.0,0.0,0.0,0.0,0.0,0.0,0.0,0.0,3.0,0.0,21.0,0.0,0.0,0.0,,,,,9.0,,,,7.0,,,,,,
2010_254_183137,183137,Josh Hull,Penn State,Big Ten,INSIDELINEBACKER,LB,2010,7,47,254,2,0.0,0.0,0.0,0.0,0.0,0.0,0.0,0.0,0.0,0.0,3.0,0.0,14.0,0.0,0.0,0.0,0.0,0.0,0.0,0.0,0.0,0.0,0.0,0.0,0.0,0.0,0.0,0.0,0.0,0.0,0.0,0.0,0.0,0.0,0.0,0.0,0.0,0.0,0.0,,,,,,,,,,,,,,,4.666666666666667
2011_002_245254,245254,Von Miller,Texas A&M,Big 12,OUTSIDELINEBACKER,LB,2011,1,2,2,1,0.0,0.0,0.0,0.0,0.0,0.0,0.0,0.0,0.0,0.0,1.0,0.0,3.0,0.0,0.0,0.0,0.0,0.0,0.0,0.0,0.0,0.0,0.0,0.0,0.0,0.0,0.0,0.0,0.0,0.0,0.0,0.0,0.0,0.0,0.0,0.0,0.0,0.0,0.0,,,,,,,,,,,,,,,3.0
2011_003_482662,482662,Marcell Dareus,Alabama,SEC,DEFENSIVETACKLE,DL,2011,1,3,3,1,0.0,0.0,0.0,0.0,0.0,0.0,0.0,0.0,0.0,0.0,1.0,1.0,28.0,0.0,0.0,0.0,0.0,0.0,0.0,0.0,0.0,0.0,0.0,0.0,0.0,0.0,0.0,0.0,0.0,0.0,0.0,0.0,0.0,0.0,0.0,0.0,0.0,0.0,0.0,,,,,,,,,,,,,,,28.0
2011_004_379205,379205,A.J. Green,Georgia,SEC,WIDERECEIVER,WR,2011,1,4,4,3,0.0,0.0,0.0,0.0,0.0,0.0,0.0,0.0,0.0,0.0,0.0,0.0,0.0,0.0,0.0,0.0,0.0,0.0,0.0,0.0,0.0,0.0,0.0,0.0,0.0,0.0,3.0,0.0,25.0,0.0,0.0,0.0,0.0,166.0,23.0,2619.0,7.0,0.0,105.0,,,18.0,,65.0,40.0,,,15.77710843373494,15.0,,8.333333333333334,,,
2011_005_382702,382702,Patrick Peterson,LSU,SEC,CORNERBACK,DB,2011,1,5,5,3,0.0,0.0,0.0,0.0,0.0,0.0,0.0,0.0,0.0,0.0,7.0,1.0,171.0,32.0,0.0,932.0,0.0,0.0,0.0,0.0,0.0,0.0,0.0,0.0,0.0,0.0,39.0,2.0,424.0,0.0,0.0,0.0,0.0,0.0,0.0,0.0,0.0,0.0,0.0,55.0,,87.0,,,,,,,,29.125,10.871794871794872,,,24.428571428571427
2011_006_379062,379062,Julio Jones,Alabama,SEC,WIDERECEIVER,WR,2011,1,6,6,3,0.0,0.0,0.0,0.0,0.0,0.0,0.0,0.0,0.0,0.0,0.0,0.0,0.0,6.0,0.0,141.0,0.0,0.0,0.0,0.0,0.0,0.0,0.0,0.0,0.0,0.0,18.0,0.0,130.0,0.0,0.0,0.0,0.0,179.0,15.0,2653.0,10.0,2.0,139.0,36.0,,41.0,,73.0,56.0,,,14.82122905027933,13.9,23.5,7.222222222222222,,,
2011_007_381403,381403,Aldon Smith,Missouri,Big 12,DEFENSIVEEND,DL,2011,1,7,7,1,0.0,0.0,0.0,0.0,0.0,0.0,0.0,0.0,0.0,0.0,1.0,0.0,58.0,0.0,0.0,0.0,0.0,0.0,0.0,0.0,0.0,0.0,0.0,0.0,0.0,0.0,0.0,0.0,0.0,0.0,0.0,0.0,0.0,0.0,0.0,0.0,0.0,0.0,0.0,,,,,,,,,,,,,,,58.0
2011_008_184374,184374,Jake Locker,Washington,Pac-10,QUARTERBACK,QB,2011,1,8,8,4,0.0,0.0,0.0,0.0,0.0,0.0,0.0,0.0,0.0,0.0,0.0,0.0,0.0,0.0,0.0,0.0,0.0,0.0,0.0,0.0,0.0,1148.0,619.0,35.0,53.0,7639.0,0.0,0.0,0.0,0.0,0.0,0.0,0.0,2.0,0.0,31.0,454.0,29.0,1939.0,,,,,16.0,56.0,0.539198606271777,6.65418118466899,15.5,4.270925110132159,,,,,
2011_009_379393,379393,Tyron Smith,USC,Pac-10,OFFENSIVETACKLE,OL,2011,1,9,9,1,0.0,0.0,0.0,0.0,0.0,0.0,0.0,0.0,0.0,0.0,0.0,0.0,0.0,0.0,0.0,0.0,0.0,0.0,0.0,0.0,0.0,0.0,0.0,0.0,0.0,0.0,0.0,0.0,0.0,0.0,0.0,0.0,0.0,1.0,0.0,-1.0,0.0,0.0,0.0,,,,,0.0,,,,-1.0,,,,,,
2011_010_381364,381364,Blaine Gabbert,Missouri,Big 12,QUARTERBACK,QB,2011,1,10,10,3,0.0,0.0,0.0,0.0,0.0,0.0,0.0,0.0,0.0,0.0,0.0,0.0,0.0,0.0,0.0,0.0,0.0,0.0,0.0,0.0,0.0,933.0,568.0,18.0,40.0,6822.0,0.0,0.0,0.0,0.0,0.0,0.0,0.0,1.0,0.0,-10.0,221.0,8.0,458.0,,,,,0.0,40.0,0.6087888531618435,7.311897106109325,-10.0,2.072398190045249,,,,,
2011_011_238947,238947,J.J. Watt,Wisconsin,Big Ten,DEFENSIVEEND,DL,2011,1,11,11,1,0.0,0.0,0.0,0.0,0.0,0.0,0.0,0.0,0.0,0.0,1.0,0.0,15.0,0.0,0.0,0.0,0.0,0.0,0.0,0.0,0.0,0.0,0.0,0.0,0.0,0.0,0.0,0.0,0.0,0.0,0.0,0.0,0.0,0.0,0.0,0.0,0.0,0.0,0.0,,,,,,,,,,,,,,,15.0
2011_012_183733,183733,Christian Ponder,Florida State,ACC,QUARTERBACK,QB,2011,1,12,12,4,0.0,0.0,0.0,0.0,0.0,0.0,0.0,0.0,0.0,0.0,0.0,0.0,0.0,0.0,0.0,0.0,0.0,0.0,0.0,0.0,0.0,965.0,596.0,30.0,49.0,6872.0,0.0,0.0,0.0,0.0,0.0,0.0,0.0,0.0,0.0,0.0,296.0,10.0,833.0,,,,,,45.0,0.6176165803108808,7.121243523316062,,2.814189189189189,,,,,
2011_013_480377,480377,Nick Fairley,Auburn,SEC,DEFENSIVETACKLE,DL,2011,1,13,13,1,0.0,0.0,0.0,0.0,0.0,0.0,0.0,0.0,0.0,0.0,1.0,0.0,-1.0,0.0,0.0,0.0,0.0,0.0,0.0,0.0,0.0,0.0,0.0,0.0,0.0,0.0,0.0,0.0,0.0,0.0,0.0,0.0,0.0,0.0,0.0,0.0,0.0,0.0,0.0,,,,,,,,,,,,,,,-1.0
2011_015_235221,235221,Mike Pouncey,Florida,SEC,CENTER,OL,2011,1,15,15,1,0.0,0.0,0.0,0.0,0.0,0.0,0.0,0.0,0.0,0.0,1.0,0.0,9.0,0.0,0.0,0.0,0.0,0.0,0.0,0.0,0.0,0.0,0.0,0.0,0.0,0.0,0.0,0.0,0.0,0.0,0.0,0.0,0.0,0.0,0.0,0.0,0.0,0.0,0.0,,,,,,,,,,,,,,,9.0
2011_016_237333,237333,Ryan Kerrigan,Purdue,Big Ten,DEFENSIVEEND,DL,2011,1,16,16,1,0.0,0.0,0.0,0.0,0.0,0.0,0.0,0.0,0.0,0.0,1.0,0.0,8.0,0.0,0.0,0.0,0.0,0.0,0.0,0.0,0.0,0.0,0.0,0.0,0.0,0.0,0.0,0.0,0.0,0.0,0.0,0.0,0.0,0.0,0.0,0.0,0.0,0.0,0.0,,,,,,,,,,,,,,,8.0
2011_017_188491,188491,Nate Solder,Colorado,Big 12,OFFENSIVETACKLE,OL,2011,1,17,17,1,0.0,0.0,0.0,0.0,0.0,0.0,0.0,0.0,0.0,0.0,0.0,0.0,0.0,0.0,0.0,0.0,0.0,0.0,0.0,0.0,0.0,0.0,0.0,0.0,0.0,0.0,0.0,0.0,0.0,0.0,0.0,0.0,0.0,3.0,0.0,50.0,0.0,0.0,0.0,,,,,23.0,,,,16.666666666666668,,,,,,
2011_019_240229,240229,Prince Amukamara,Nebraska,Big 12,CORNERBACK,DB,2011,1,19,19,1,0.0,0.0,0.0,0.0,0.0,0.0,0.0,0.0,0.0,0.0,5.0,0.0,63.0,0.0,0.0,0.0,0.0,0.0,0.0,0.0,0.0,0.0,0.0,0.0,0.0,0.0,0.0,0.0,0.0,0.0,0.0,0.0,0.0,0.0,0.0,0.0,0.0,0.0,0.0,,,,,,,,,,,,,,,12.6
2011_020_188285,188285,Adrian Clayborn,Iowa,Big Ten,DEFENSIVEEND,DL,2011,1,20,20,1,0.0,0.0,0.0,0.0,0.0,0.0,0.0,0.0,0.0,0.0,0.0,0.0,0.0,0.0,0.0,0.0,0.0,0.0,0.0,0.0,0.0,0.0,0.0,0.0,0.0,0.0,1.0,1.0,53.0,0.0,0.0,0.0,0.0,0.0,0.0,0.0,0.0,0.0,0.0,,,53.0,,,,,,,,,53.0,,,
2011_024_238235,238235,Cameron Jordan,California,Pac-10,DEFENSIVEEND,DL,2011,1,24,24,1,0.0,0.0,0.0,0.0,0.0,0.0,0.0,0.0,0.0,0.0,1.0,0.0,3.0,0.0,0.0,0.0,0.0,0.0,0.0,0.0,0.0,0.0,0.0,0.0,0.0,0.0,0.0,0.0,0.0,0.0,0.0,0.0,0.0,0.0,0.0,0.0,0.0,0.0,0.0,,,,,,,,,,,,,,,3.0
2011_026_379066,379066,Jonathan Baldwin,Pittsburgh,Big East,WIDERECEIVER,WR,2011,1,26,26,3,0.0,0.0,0.0,0.0,0.0,0.0,0.0,0.0,0.0,0.0,0.0,0.0,0.0,0.0,0.0,0.0,0.0,0.0,0.0,0.0,0.0,0.0,0.0,0.0,0.0,0.0,0.0,0.0,0.0,0.0,0.0,0.0,0.0,128.0,16.0,2337.0,5.0,0.0,68.0,,,,,79.0,61.0,,,18.2578125,13.6,,,,,
2011_027_188489,188489,Jimmy Smith,Colorado,Big 12,CORNERBACK,DB,2011,1,27,27,2,0.0,0.0,0.0,0.0,0.0,0.0,0.0,0.0,0.0,0.0,3.0,1.0,41.0,0.0,0.0,0.0,0.0,0.0,0.0,0.0,0.0,0.0,0.0,0.0,0.0,0.0,0.0,0.0,0.0,0.0,0.0,0.0,0.0,0.0,0.0,0.0,0.0,0.0,0.0,,,,,,,,,,,,,,,13.666666666666666
2011_028_379061,379061,Mark Ingram,Alabama,SEC,RUNNINGBACK,RB,2011,1,28,28,3,0.0,0.0,0.0,0.0,0.0,0.0,0.0,0.0,0.0,0.0,0.0,0.0,0.0,1.0,0.0,19.0,0.0,0.0,0.0,0.0,0.0,1.0,0.0,0.0,0.0,0.0,0.0,0.0,0.0,0.0,0.0,0.0,0.0,60.0,4.0,670.0,572.0,42.0,3261.0,19.0,,,,78.0,70.0,0.0,0.0,11.166666666666666,5.701048951048951,19.0,,,,
2011_030_385317,385317,Muhammad Wilkerson,Temple,Mid-American,DEFENSIVEEND,DL,2011,1,30,30,1,0.0,0.0,0.0,0.0,0.0,0.0,0.0,0.0,0.0,0.0,0.0,0.0,0.0,0.0,0.0,0.0,0.0,0.0,0.0,0.0,0.0,0.0,0.0,0.0,0.0,0.0,0.0,0.0,0.0,0.0,0.0,0.0,0.0,1.0,0.0,3.0,0.0,0.0,0.0,,,,,3.0,,,,3.0,,,,,,
2011_031_235682,235682,Cameron Heyward,Ohio State,Big Ten,DEFENSIVEEND,DL,2011,1,31,31,1,0.0,0.0,0.0,0.0,0.0,0.0,0.0,0.0,0.0,0.0,1.0,0.0,80.0,0.0,0.0,0.0,0.0,0.0,0.0,0.0,0.0,0.0,0.0,0.0,0.0,0.0,0.0,0.0,0.0,0.0,0.0,0.0,0.0,0.0,0.0,0.0,0.0,0.0,0.0,,,,,,,,,,,,,,,80.0
2011_033_183648,183648,Ras-I Dowling,Virginia,ACC,CORNERBACK,DB,2011,2,1,33,3,0.0,0.0,0.0,0.0,0.0,0.0,0.0,0.0,0.0,0.0,8.0,0.0,87.0,0.0,0.0,0.0,0.0,0.0,0.0,0.0,0.0,0.0,0.0,0.0,0.0,0.0,0.0,0.0,0.0,0.0,0.0,0.0,0.0,0.0,0.0,0.0,0.0,0.0,0.0,,,,,,,,,,,,,,,10.875
2011_034_378933,378933,Aaron Williams,Texas,Big 12,CORNERBACK,DB,2011,2,2,34,1,0.0,0.0,0.0,0.0,0.0,0.0,0.0,0.0,0.0,0.0,0.0,0.0,0.0,1.0,0.0,27.0,0.0,0.0,0.0,0.0,0.0,0.0,0.0,0.0,0.0,0.0,0.0,0.0,0.0,0.0,0.0,0.0,0.0,0.0,0.0,0.0,0.0,0.0,0.0,27.0,,,,,,,,,,27.0,,,,
2011_035_183253,183253,Andy Dalton,TCU,Mountain West,QUARTERBACK,QB,2011,2,3,35,4,0.0,0.0,0.0,0.0,0.0,0.0,0.0,0.0,0.0,0.0,0.0,0.0,0.0,0.0,0.0,0.0,0.0,0.0,0.0,0.0,0.0,1317.0,812.0,30.0,71.0,10314.0,0.0,0.0,0.0,0.0,6.0,0.0,193.0,1.0,0.0,27.0,413.0,22.0,1611.0,,,,40.0,27.0,47.0,0.6165527714502658,7.831435079726652,27.0,3.900726392251816,,,32.166666666666664,,
2011_036_183575,183575,Colin Kaepernick,Nevada,Western Athletic,QUARTERBACK,QB,2011,2,4,36,4,0.0,0.0,0.0,0.0,0.0,0.0,0.0,0.0,0.0,0.0,0.0,0.0,0.0,0.0,0.0,0.0,0.0,0.0,0.0,0.0,0.0,1249.0,728.0,24.0,80.0,9846.0,0.0,0.0,0.0,0.0,0.0,0.0,0.0,1.0,1.0,6.0,591.0,59.0,4040.0,,,,,6.0,75.0,0.5828662930344275,7.883106485188151,6.0,6.835871404399323,,,,,
2011_038_381565,381565,Ryan Williams,Virginia Tech,ACC,RUNNINGBACK,RB,2011,2,6,38,2,0.0,0.0,0.0,0.0,0.0,0.0,0.0,0.0,0.0,0.0,0.0,0.0,0.0,0.0,0.0,0.0,0.0,0.0,0.0,0.0,0.0,0.0,0.0,0.0,0.0,0.0,1.0,0.0,0.0,0.0,0.0,0.0,0.0,26.0,2.0,289.0,403.0,30.0,2132.0,,,0.0,,43.0,84.0,,,11.115384615384617,5.290322580645161,,0.0,,,
2011_039_235902,235902,Akeem Ayers,UCLA,Pac-10,OUTSIDELINEBACKER,LB,2011,2,7,39,3,0.0,0.0,0.0,0.0,0.0,0.0,0.0,0.0,0.0,0.0,6.0,2.0,101.0,0.0,0.0,0.0,0.0,0.0,0.0,0.0,0.0,0.0,0.0,0.0,0.0,0.0,1.0,0.0,20.0,0.0,0.0,0.0,0.0,0.0,0.0,0.0,1.0,0.0,7.0,,,20.0,,,7.0,,,,7.0,,20.0,,,16.833333333333332
2011_040_183628,183628,Bruce Carter,North Carolina,ACC,OUTSIDELINEBACKER,LB,2011,2,8,40,4,0.0,0.0,0.0,0.0,0.0,0.0,0.0,0.0,0.0,0.0,3.0,2.0,162.0,0.0,0.0,0.0,0.0,0.0,0.0,0.0,0.0,0.0,0.0,0.0,0.0,0.0,4.0,0.0,31.0,0.0,0.0,0.0,0.0,0.0,0.0,0.0,0.0,0.0,0.0,,,17.0,,,,,,,,,7.75,,,54.0
2011_043_385438,385438,Kyle Rudolph,Notre Dame,FBS Independents,TIGHTEND,TE,2011,2,11,43,3,0.0,0.0,0.0,0.0,0.0,0.0,0.0,0.0,0.0,0.0,0.0,0.0,0.0,0.0,0.0,0.0,0.0,0.0,0.0,0.0,0.0,0.0,0.0,0.0,0.0,0.0,0.0,0.0,0.0,0.0,0.0,0.0,0.0,90.0,8.0,1032.0,0.0,0.0,0.0,,,,,95.0,,,,11.466666666666669,,,,,,
2011_044_232582,232582,Titus Young,Boise State,Western Athletic,WIDERECEIVER,WR,2011,2,12,44,4,0.0,0.0,0.0,0.0,0.0,0.0,0.0,0.0,0.0,0.0,0.0,0.0,0.0,55.0,2.0,1397.0,0.0,0.0,0.0,0.0,0.0,0.0,0.0,0.0,0.0,0.0,14.0,0.0,76.0,0.0,0.0,0.0,0.0,204.0,25.0,3063.0,47.0,8.0,350.0,100.0,,36.0,,83.0,38.0,,,15.014705882352942,7.446808510638298,25.4,5.428571428571429,,,
2011_045_380710,380710,Rahim Moore,UCLA,Pac-10,SAFETY,DB,2011,2,13,45,3,0.0,0.0,0.0,0.0,0.0,0.0,0.0,0.0,0.0,0.0,14.0,0.0,126.0,0.0,0.0,0.0,0.0,0.0,0.0,0.0,0.0,0.0,0.0,0.0,0.0,0.0,0.0,0.0,0.0,0.0,0.0,0.0,0.0,0.0,0.0,0.0,0.0,0.0,0.0,,,,,,,,,,,,,,,9.0
2011_047_188088,188088,Lance Kendricks,Wisconsin,Big Ten,TIGHTEND,TE,2011,2,15,47,3,0.0,0.0,0.0,0.0,0.0,0.0,0.0,0.0,0.0,0.0,0.0,0.0,0.0,0.0,0.0,0.0,0.0,0.0,0.0,0.0,0.0,0.0,0.0,0.0,0.0,0.0,0.0,0.0,0.0,0.0,0.0,0.0,0.0,78.0,8.0,1160.0,9.0,0.0,92.0,,,,,37.0,54.0,,,14.871794871794872,10.22222222222222,,,,,
2011_050_238203,238203,Marcus Gilchrist,Clemson,ACC,CORNERBACK,DB,2011,2,18,50,4,0.0,0.0,0.0,0.0,0.0,0.0,0.0,0.0,0.0,0.0,1.0,0.0,0.0,28.0,0.0,639.0,0.0,0.0,0.0,0.0,0.0,0.0,0.0,0.0,0.0,0.0,38.0,0.0,261.0,0.0,0.0,0.0,0.0,0.0,0.0,0.0,0.0,0.0,0.0,76.0,,37.0,,,,,,,,22.821428571428573,6.868421052631579,,,0.0
2011_051_377881,377881,Da'Quan Bowers,Clemson,ACC,DEFENSIVEEND,DL,2011,2,19,51,1,0.0,0.0,0.0,0.0,0.0,0.0,0.0,0.0,0.0,0.0,1.0,0.0,0.0,0.0,0.0,0.0,0.0,0.0,0.0,0.0,0.0,0.0,0.0,0.0,0.0,0.0,0.0,0.0,0.0,0.0,0.0,0.0,0.0,0.0,0.0,0.0,0.0,0.0,0.0,,,,,,,,,,,,,,,0.0
2011_054_236498,236498,Jaiquawn Jarrett,Temple,Mid-American,SAFETY,DB,2011,2,22,54,4,0.0,0.0,0.0,0.0,0.0,0.0,0.0,0.0,0.0,0.0,9.0,0.0,102.0,0.0,0.0,0.0,0.0,0.0,0.0,0.0,0.0,0.0,0.0,0.0,0.0,0.0,0.0,0.0,0.0,0.0,0.0,0.0,0.0,1.0,0.0,4.0,0.0,0.0,0.0,,,,,4.0,,,,4.0,,,,,,11.333333333333334
2011_055_238347,238347,Rodney Hudson,Florida State,ACC,CENTER,OL,2011,2,23,55,1,0.0,0.0,0.0,0.0,0.0,0.0,0.0,0.0,0.0,0.0,0.0,0.0,0.0,0.0,0.0,0.0,0.0,0.0,0.0,0.0,0.0,0.0,0.0,0.0,0.0,0.0,0.0,0.0,0.0,0.0,0.0,0.0,0.0,0.0,0.0,0.0,0.0,0.0,9.0,,,,,,9.0,,,,inf,,,,,
2011_056_238201,238201,Shane Vereen,California,Pac-10,RUNNINGBACK,RB,2011,2,24,56,3,0.0,0.0,0.0,0.0,0.0,0.0,0.0,0.0,0.0,0.0,0.0,0.0,0.0,24.0,0.0,551.0,0.0,0.0,0.0,0.0,0.0,3.0,0.0,0.0,0.0,0.0,3.0,0.0,10.0,0.0,0.0,0.0,0.0,74.0,6.0,674.0,556.0,29.0,2834.0,44.0,,7.0,,59.0,81.0,0.0,0.0,9.108108108108109,5.097122302158273,22.958333333333332,3.3333333333333335,,,
2011_057_377717,377717,Mikel Leshoure,Illinois,Big Ten,RUNNINGBACK,RB,2011,2,25,57,3,0.0,0.0,0.0,0.0,0.0,0.0,0.0,0.0,0.0,0.0,0.0,0.0,0.0,0.0,0.0,0.0,0.0,0.0,0.0,0.0,0.0,0.0,0.0,0.0,0.0,0.0,0.0,0.0,0.0,0.0,0.0,0.0,0.0,37.0,5.0,439.0,424.0,23.0,2557.0,,,,,41.0,70.0,,,11.864864864864863,6.03066037735849,,,,,
2011_058_236807,236807,Torrey Smith,Maryland,ACC,WIDERECEIVER,WR,2011,2,26,58,3,0.0,0.0,0.0,0.0,0.0,0.0,0.0,0.0,0.0,0.0,0.0,0.0,0.0,82.0,2.0,1894.0,0.0,0.0,0.0,0.0,0.0,0.0,0.0,0.0,0.0,0.0,1.0,0.0,0.0,0.0,0.0,0.0,0.0,152.0,19.0,2215.0,21.0,1.0,66.0,85.0,,0.0,,80.0,14.0,,,14.572368421052632,3.142857142857143,23.097560975609756,0.0,,,
2011_059_237135,237135,Greg Little,North Carolina,ACC,WIDERECEIVER,WR,2011,2,27,59,3,0.0,0.0,0.0,0.0,0.0,0.0,0.0,0.0,0.0,0.0,0.0,0.0,0.0,11.0,0.0,222.0,0.0,0.0,0.0,0.0,0.0,0.0,0.0,0.0,0.0,0.0,0.0,0.0,0.0,0.0,0.0,0.0,0.0,86.0,6.0,969.0,166.0,6.0,805.0,33.0,,,,62.0,50.0,,,11.267441860465116,4.849397590361446,20.181818181818183,,,,
2011_060_382061,382061,Brandon Harris,Miami,ACC,CORNERBACK,DB,2011,2,28,60,3,0.0,0.0,0.0,0.0,0.0,0.0,0.0,0.0,0.0,0.0,4.0,0.0,35.0,2.0,0.0,63.0,0.0,0.0,0.0,0.0,0.0,0.0,0.0,0.0,0.0,0.0,0.0,0.0,0.0,0.0,0.0,0.0,0.0,0.0,0.0,0.0,0.0,0.0,0.0,37.0,,,,,,,,,,31.5,,,,8.75
2011_061_191446,191446,Jonas Mouton,Michigan,Big Ten,OUTSIDELINEBACKER,LB,2011,2,29,61,2,0.0,0.0,0.0,0.0,0.0,0.0,0.0,0.0,0.0,0.0,4.0,0.0,24.0,0.0,0.0,0.0,0.0,0.0,0.0,0.0,0.0,0.0,0.0,0.0,0.0,0.0,0.0,0.0,0.0,0.0,0.0,0.0,0.0,0.0,0.0,0.0,0.0,0.0,0.0,,,,,,,,,,,,,,,6.0
2011_062_487957,487957,Daniel Thomas,Kansas State,Big 12,RUNNINGBACK,RB,2011,2,30,62,2,0.0,0.0,0.0,0.0,0.0,0.0,0.0,0.0,0.0,0.0,0.0,0.0,0.0,1.0,0.0,25.0,0.0,0.0,0.0,0.0,0.0,12.0,7.0,1.0,2.0,155.0,0.0,0.0,0.0,0.0,0.0,0.0,0.0,52.0,0.0,428.0,545.0,30.0,2850.0,25.0,,,,52.0,52.0,0.5833333333333334,12.916666666666666,8.23076923076923,5.229357798165138,25.0,,,,
2011_064_382886,382886,Randall Cobb,Kentucky,SEC,WIDERECEIVER,WR,2011,2,32,64,3,0.0,0.0,0.0,0.0,0.0,0.0,0.0,0.0,0.0,0.0,0.0,0.0,0.0,44.0,0.0,1081.0,0.0,0.0,0.0,0.0,0.0,122.0,62.0,5.0,5.0,689.0,92.0,2.0,619.0,0.0,0.0,0.0,0.0,144.0,13.0,1661.0,228.0,22.0,1313.0,46.0,,73.0,,55.0,73.0,0.5081967213114754,5.647540983606557,11.53472222222222,5.758771929824562,24.568181818181817,6.728260869565218,,,
2011_067_189568,189568,Nate Irving,NC State,ACC,INSIDELINEBACKER,LB,2011,3,3,67,1,0.0,0.0,0.0,0.0,0.0,0.0,0.0,0.0,0.0,0.0,4.0,1.0,83.0,0.0,0.0,0.0,0.0,0.0,0.0,0.0,0.0,0.0,0.0,0.0,0.0,0.0,0.0,0.0,0.0,0.0,0.0,0.0,0.0,0.0,0.0,0.0,0.0,0.0,0.0,,,,,,,,,,,,,,,20.75
2011_068_183548,183548,Kelvin Sheppard,LSU,SEC,INSIDELINEBACKER,LB,2011,3,4,68,3,0.0,0.0,0.0,0.0,0.0,0.0,0.0,0.0,0.0,0.0,2.0,0.0,1.0,6.0,0.0,82.0,0.0,0.0,0.0,0.0,0.0,0.0,0.0,0.0,0.0,0.0,0.0,0.0,0.0,0.0,0.0,0.0,0.0,0.0,0.0,0.0,0.0,0.0,0.0,20.0,,,,,,,,,,13.666666666666666,,,,0.5
2011_070_245290,245290,Justin Houston,Georgia,SEC,DEFENSIVEEND,DL,2011,3,6,70,1,0.0,0.0,0.0,0.0,0.0,0.0,0.0,0.0,0.0,0.0,1.0,0.0,4.0,0.0,0.0,0.0,0.0,0.0,0.0,0.0,0.0,0.0,0.0,0.0,0.0,0.0,0.0,0.0,0.0,0.0,0.0,0.0,0.0,0.0,0.0,0.0,0.0,0.0,0.0,,,,,,,,,,,,,,,4.0
2011_072_237318,237318,Martez Wilson,Illinois,Big Ten,OUTSIDELINEBACKER,LB,2011,3,8,72,1,0.0,0.0,0.0,0.0,0.0,0.0,0.0,0.0,0.0,0.0,1.0,0.0,1.0,0.0,0.0,0.0,0.0,0.0,0.0,0.0,0.0,0.0,0.0,0.0,0.0,0.0,1.0,0.0,6.0,0.0,0.0,0.0,0.0,0.0,0.0,0.0,0.0,0.0,0.0,,,6.0,,,,,,,,,6.0,,,1.0
2011_073_232428,232428,Stevan Ridley,LSU,SEC,RUNNINGBACK,RB,2011,3,9,73,3,0.0,0.0,0.0,0.0,0.0,0.0,0.0,0.0,0.0,0.0,0.0,0.0,0.0,0.0,0.0,0.0,0.0,0.0,0.0,0.0,0.0,0.0,0.0,0.0,0.0,0.0,0.0,0.0,0.0,0.0,0.0,0.0,0.0,17.0,0.0,94.0,306.0,19.0,1419.0,,,,,18.0,65.0,,,5.529411764705882,4.637254901960785,,,,,
2011_074_232007,232007,Ryan Mallett,Michigan,Big Ten,QUARTERBACK,QB,2011,3,10,74,3,0.0,0.0,0.0,0.0,0.0,0.0,0.0,0.0,0.0,0.0,0.0,0.0,0.0,0.0,0.0,0.0,0.0,0.0,0.0,0.0,0.0,955.0,552.0,24.0,69.0,8385.0,0.0,0.0,0.0,0.0,1.0,0.0,43.0,0.0,0.0,0.0,135.0,7.0,-141.0,,,,43.0,,20.0,0.5780104712041885,8.780104712041885,,-1.0444444444444445,,,43.0,,
2011_077_379398,379398,Jurrell Casey,USC,Pac-10,DEFENSIVETACKLE,DL,2011,3,13,77,1,0.0,0.0,0.0,0.0,0.0,0.0,0.0,0.0,0.0,0.0,1.0,0.0,0.0,0.0,0.0,0.0,0.0,0.0,0.0,0.0,0.0,0.0,0.0,0.0,0.0,0.0,0.0,0.0,0.0,0.0,0.0,0.0,0.0,0.0,0.0,0.0,0.0,0.0,0.0,,,,,,,,,,,,,,,0.0
2011_078_232571,232571,Austin Pettis,Boise State,Western Athletic,WIDERECEIVER,WR,2011,3,14,78,4,0.0,0.0,0.0,0.0,0.0,0.0,0.0,0.0,0.0,0.0,0.0,0.0,0.0,0.0,0.0,0.0,0.0,0.0,0.0,0.0,0.0,6.0,5.0,0.0,2.0,93.0,2.0,0.0,6.0,0.0,0.0,0.0,0.0,229.0,39.0,2838.0,1.0,0.0,-11.0,,,4.0,,65.0,0.0,0.8333333333333334,15.5,12.39301310043668,-11.0,,3.0,,,
2011_079_236056,236056,Leonard Hankerson,Miami,ACC,WIDERECEIVER,WR,2011,3,15,79,4,0.0,0.0,0.0,0.0,0.0,0.0,0.0,0.0,0.0,0.0,0.0,0.0,0.0,0.0,0.0,0.0,0.0,0.0,0.0,0.0,0.0,0.0,0.0,0.0,0.0,0.0,0.0,0.0,0.0,0.0,0.0,0.0,0.0,134.0,22.0,2160.0,0.0,0.0,0.0,,,,,79.0,,,,16.119402985074625,,,,,,
2011_080_243296,243296,Chris Culliver,South Carolina,SEC,CORNERBACK,DB,2011,3,16,80,4,0.0,0.0,0.0,0.0,0.0,0.0,0.0,0.0,0.0,0.0,3.0,0.0,43.0,38.0,0.0,846.0,0.0,0.0,0.0,0.0,0.0,0.0,0.0,0.0,0.0,0.0,3.0,0.0,18.0,0.0,0.0,0.0,0.0,0.0,0.0,0.0,5.0,0.0,31.0,61.0,,13.0,,,14.0,,,,6.2,22.26315789473684,6.0,,,14.333333333333334
2011_082_238332,238332,Vincent Brown,San Diego State,Mountain West,WIDERECEIVER,WR,2011,3,18,82,4,0.0,0.0,0.0,0.0,0.0,0.0,0.0,0.0,0.0,0.0,0.0,0.0,0.0,10.0,0.0,192.0,0.0,0.0,0.0,0.0,0.0,0.0,0.0,0.0,0.0,0.0,4.0,0.0,74.0,0.0,0.0,0.0,0.0,209.0,23.0,3110.0,7.0,0.0,34.0,28.0,,33.0,,90.0,25.0,,,14.880382775119616,4.857142857142857,19.2,18.5,,,
2011_083_237263,237263,Jerrel Jernigan,Troy,Sun Belt,WIDERECEIVER,WR,2011,3,19,83,4,0.0,0.0,0.0,0.0,0.0,0.0,0.0,0.0,0.0,0.0,0.0,0.0,0.0,64.0,1.0,1527.0,0.0,0.0,0.0,0.0,0.0,10.0,7.0,0.0,2.0,43.0,45.0,1.0,372.0,0.0,0.0,0.0,0.0,262.0,18.0,3128.0,132.0,5.0,892.0,100.0,,75.0,,86.0,55.0,0.7,4.3,11.938931297709924,6.757575757575758,23.859375,8.266666666666667,,,
2011_084_237019,237019,Mason Foster,Washington,Pac-10,INSIDELINEBACKER,LB,2011,3,20,84,2,0.0,0.0,0.0,0.0,0.0,0.0,0.0,0.0,0.0,0.0,4.0,1.0,109.0,0.0,0.0,0.0,0.0,0.0,0.0,0.0,0.0,0.0,0.0,0.0,0.0,0.0,0.0,0.0,0.0,0.0,0.0,0.0,0.0,0.0,0.0,0.0,0.0,0.0,0.0,,,,,,,,,,,,,,,27.25
2011_087_232443,232443,Drake Nevis,LSU,SEC,DEFENSIVETACKLE,DL,2011,3,23,87,1,0.0,0.0,0.0,0.0,0.0,0.0,0.0,0.0,0.0,0.0,1.0,0.0,3.0,0.0,0.0,0.0,0.0,0.0,0.0,0.0,0.0,0.0,0.0,0.0,0.0,0.0,0.0,0.0,0.0,0.0,0.0,0.0,0.0,0.0,0.0,0.0,0.0,0.0,0.0,,,,,,,,,,,,,,,3.0
2011_088_191023,191023,Johnny Patrick,Louisville,Big East,CORNERBACK,DB,2011,3,24,88,4,0.0,0.0,0.0,0.0,0.0,0.0,0.0,0.0,0.0,0.0,9.0,1.0,102.0,0.0,0.0,0.0,0.0,0.0,0.0,0.0,0.0,0.0,0.0,0.0,0.0,0.0,1.0,1.0,0.0,0.0,0.0,0.0,0.0,0.0,0.0,0.0,0.0,0.0,0.0,,,0.0,,,,,,,,,0.0,,,11.333333333333334
2011_089_183241,183241,Shareece Wright,USC,Pac-10,CORNERBACK,DB,2011,3,25,89,1,0.0,0.0,0.0,0.0,0.0,0.0,0.0,0.0,0.0,0.0,1.0,0.0,0.0,0.0,0.0,0.0,0.0,0.0,0.0,0.0,0.0,0.0,0.0,0.0,0.0,0.0,0.0,0.0,0.0,0.0,0.0,0.0,0.0,0.0,0.0,0.0,0.0,0.0,0.0,,,,,,,,,,,,,,,0.0
2011_090_232694,232694,Curtis Marsh,Utah State,Western Athletic,CORNERBACK,DB,2011,3,26,90,4,0.0,0.0,0.0,0.0,0.0,0.0,0.0,0.0,0.0,0.0,3.0,0.0,0.0,0.0,0.0,0.0,0.0,0.0,0.0,0.0,0.0,0.0,0.0,0.0,0.0,0.0,0.0,0.0,0.0,0.0,0.0,0.0,0.0,28.0,1.0,210.0,124.0,4.0,487.0,,,,,31.0,41.0,,,7.5,3.9274193548387095,,,,,0.0
2011_095_232194,232194,Curtis Brown,Texas,Big 12,CORNERBACK,DB,2011,3,31,95,3,0.0,0.0,0.0,0.0,0.0,0.0,0.0,0.0,0.0,0.0,2.0,1.0,151.0,0.0,0.0,0.0,0.0,0.0,0.0,0.0,0.0,0.0,0.0,0.0,0.0,0.0,19.0,0.0,199.0,0.0,0.0,0.0,0.0,0.0,0.0,0.0,0.0,0.0,0.0,,,40.0,,,,,,,,,10.473684210526317,,,75.5
2011_098_238906,238906,Brandon Hogan,West Virginia,Big East,CORNERBACK,DB,2011,4,1,98,4,0.0,0.0,0.0,0.0,0.0,0.0,0.0,0.0,0.0,0.0,7.0,0.0,156.0,7.0,0.0,133.0,0.0,0.0,0.0,0.0,0.0,0.0,0.0,0.0,0.0,0.0,39.0,0.0,196.0,0.0,0.0,0.0,0.0,12.0,0.0,67.0,1.0,0.0,-7.0,28.0,,49.0,,12.0,0.0,,,5.583333333333333,-7.0,19.0,5.0256410256410255,,,22.285714285714285
2011_100_237141,237141,Da'Norris Searcy,North Carolina,ACC,SAFETY,DB,2011,4,3,100,3,0.0,0.0,0.0,0.0,0.0,0.0,0.0,0.0,0.0,0.0,5.0,1.0,53.0,19.0,0.0,461.0,0.0,0.0,0.0,0.0,0.0,0.0,0.0,0.0,0.0,0.0,53.0,1.0,463.0,0.0,0.0,0.0,0.0,0.0,0.0,0.0,0.0,0.0,0.0,45.0,,77.0,,,,,,,,24.26315789473684,8.735849056603774,,,10.6
2011_102_236567,236567,Jordan Cameron,USC,Pac-10,TIGHTEND,TE,2011,4,5,102,1,0.0,0.0,0.0,0.0,0.0,0.0,0.0,0.0,0.0,0.0,0.0,0.0,0.0,0.0,0.0,0.0,0.0,0.0,0.0,0.0,0.0,0.0,0.0,0.0,0.0,0.0,0.0,0.0,0.0,0.0,0.0,0.0,0.0,16.0,1.0,126.0,1.0,0.0,6.0,,,,,22.0,6.0,,,7.875,6.0,,,,,
2011_104_189985,189985,Luke Stocker,Tennessee,SEC,TIGHTEND,TE,2011,4,7,104,4,0.0,0.0,0.0,0.0,0.0,0.0,0.0,0.0,0.0,0.0,0.0,0.0,0.0,0.0,0.0,0.0,0.0,0.0,0.0,0.0,0.0,0.0,0.0,0.0,0.0,0.0,0.0,0.0,0.0,0.0,0.0,0.0,0.0,85.0,8.0,956.0,0.0,0.0,0.0,,,,,40.0,,,,11.24705882352941,,,,,,
2011_107_183514,183514,Kris Durham,Georgia,SEC,WIDERECEIVER,WR,2011,4,10,107,4,0.0,0.0,0.0,0.0,0.0,0.0,0.0,0.0,0.0,0.0,0.0,0.0,0.0,0.0,0.0,0.0,0.0,0.0,0.0,0.0,0.0,0.0,0.0,0.0,0.0,0.0,0.0,0.0,0.0,0.0,0.0,0.0,0.0,64.0,4.0,1108.0,0.0,0.0,0.0,,,,,66.0,,,,17.3125,,,,,,
2011_108_183420,183420,Quinton Carter,Oklahoma,Big 12,SAFETY,DB,2011,4,11,108,2,0.0,0.0,0.0,0.0,0.0,0.0,0.0,0.0,0.0,0.0,8.0,0.0,62.0,0.0,0.0,0.0,0.0,0.0,0.0,0.0,0.0,0.0,0.0,0.0,0.0,0.0,0.0,0.0,0.0,0.0,0.0,0.0,0.0,0.0,0.0,0.0,0.0,0.0,0.0,,,,,,,,,,,,,,,7.75
2011_109_183691,183691,Colin McCarthy,Miami,ACC,INSIDELINEBACKER,LB,2011,4,12,109,3,0.0,0.0,0.0,0.0,0.0,0.0,0.0,0.0,0.0,0.0,3.0,0.0,52.0,0.0,0.0,0.0,0.0,0.0,0.0,0.0,0.0,0.0,0.0,0.0,0.0,0.0,0.0,0.0,0.0,0.0,0.0,0.0,0.0,0.0,0.0,0.0,0.0,0.0,0.0,,,,,,,,,,,,,,,17.333333333333332
2011_113_188303,188303,Chimdi Chekwa,Ohio State,Big Ten,CORNERBACK,DB,2011,4,16,113,4,0.0,0.0,0.0,0.0,0.0,0.0,0.0,0.0,0.0,0.0,6.0,0.0,50.0,0.0,0.0,0.0,0.0,0.0,0.0,0.0,0.0,0.0,0.0,0.0,0.0,0.0,0.0,0.0,0.0,0.0,0.0,0.0,0.0,0.0,0.0,0.0,0.0,0.0,0.0,,,,,,,,,,,,,,,8.333333333333334
2011_115_235661,235661,Kendall Hunter,Oklahoma State,Big 12,RUNNINGBACK,RB,2011,4,18,115,4,0.0,0.0,0.0,0.0,0.0,0.0,0.0,0.0,0.0,0.0,0.0,0.0,0.0,7.0,0.0,127.0,0.0,0.0,0.0,0.0,0.0,0.0,0.0,0.0,0.0,0.0,0.0,0.0,0.0,0.0,0.0,0.0,0.0,63.0,2.0,519.0,708.0,37.0,4181.0,23.0,,,,47.0,68.0,,,8.238095238095237,5.905367231638418,18.142857142857142,,,,
2011_116_238451,238451,Casey Matthews,Oregon,Pac-10,INSIDELINEBACKER,LB,2011,4,19,116,2,0.0,0.0,0.0,0.0,0.0,0.0,0.0,0.0,0.0,0.0,4.0,0.0,25.0,1.0,0.0,15.0,0.0,0.0,0.0,0.0,0.0,0.0,0.0,0.0,0.0,0.0,0.0,0.0,0.0,0.0,0.0,0.0,0.0,0.0,0.0,0.0,0.0,0.0,0.0,15.0,,,,,,,,,,15.0,,,,6.25
2011_118_188434,188434,Jalil Brown,Colorado,Big 12,CORNERBACK,DB,2011,4,21,118,3,0.0,0.0,0.0,0.0,0.0,0.0,0.0,0.0,0.0,0.0,6.0,0.0,90.0,0.0,0.0,0.0,0.0,0.0,0.0,0.0,0.0,0.0,0.0,0.0,0.0,0.0,0.0,0.0,0.0,0.0,0.0,0.0,0.0,0.0,0.0,0.0,0.0,0.0,0.0,,,,,,,,,,,,,,,15.0
2011_119_190183,190183,Delone Carter,Syracuse,Big East,RUNNINGBACK,RB,2011,4,22,119,4,0.0,0.0,0.0,0.0,0.0,0.0,0.0,0.0,0.0,0.0,0.0,0.0,0.0,0.0,0.0,0.0,0.0,0.0,0.0,0.0,0.0,0.0,0.0,0.0,0.0,0.0,0.0,0.0,0.0,0.0,0.0,0.0,0.0,28.0,1.0,208.0,646.0,24.0,3104.0,,,,,22.0,60.0,,,7.428571428571429,4.804953560371517,,,,,
2011_120_192229,192229,Alex Henery,Nebraska,Big 12,PLACEKICKER,ST,2011,4,23,120,4,0.0,0.0,0.0,0.0,0.0,0.0,0.0,0.0,0.0,0.0,0.0,0.0,0.0,0.0,0.0,0.0,76.0,68.0,397.0,194.0,193.0,0.0,0.0,0.0,0.0,0.0,0.0,0.0,0.0,0.0,147.0,0.0,6201.0,0.0,0.0,0.0,2.0,0.0,36.0,,57.0,,76.0,,27.0,,,,18.0,,,42.18367346938776,0.8947368421052632,
2011_123_381622,381622,Tandon Doss,Indiana,Big Ten,WIDERECEIVER,WR,2011,4,26,123,3,0.0,0.0,0.0,0.0,0.0,0.0,0.0,0.0,0.0,0.0,0.0,0.0,0.0,66.0,0.0,1549.0,0.0,0.0,0.0,0.0,0.0,1.0,0.0,0.0,0.0,0.0,20.0,0.0,93.0,0.0,0.0,0.0,0.0,154.0,13.0,1854.0,42.0,2.0,290.0,87.0,,21.0,,56.0,39.0,0.0,0.0,12.03896103896104,6.904761904761905,23.46969696969697,4.65,,,
2011_124_237161,237161,Owen Marecic,Stanford,Pac-10,FULLBACK,RB,2011,4,27,124,4,0.0,0.0,0.0,0.0,0.0,0.0,0.0,0.0,0.0,0.0,2.0,1.0,39.0,0.0,0.0,0.0,0.0,0.0,0.0,0.0,0.0,0.0,0.0,0.0,0.0,0.0,0.0,0.0,0.0,0.0,0.0,0.0,0.0,25.0,1.0,258.0,36.0,9.0,67.0,,,,,34.0,6.0,,,10.32,1.8611111111111112,,,,,19.5
2011_126_238691,238691,Bilal Powell,Louisville,Big East,RUNNINGBACK,RB,2011,4,29,126,4,0.0,0.0,0.0,0.0,0.0,0.0,0.0,0.0,0.0,0.0,0.0,0.0,0.0,0.0,0.0,0.0,0.0,0.0,0.0,0.0,0.0,0.0,0.0,0.0,0.0,0.0,0.0,0.0,0.0,0.0,0.0,0.0,0.0,45.0,3.0,344.0,436.0,19.0,2338.0,,,,,57.0,85.0,,,7.644444444444445,5.362385321100917,,,,,
2011_130_381451,381451,Jamie Harper,Clemson,ACC,RUNNINGBACK,RB,2011,4,33,130,3,0.0,0.0,0.0,0.0,0.0,0.0,0.0,0.0,0.0,0.0,0.0,0.0,0.0,6.0,0.0,61.0,0.0,0.0,0.0,0.0,0.0,1.0,0.0,0.0,0.0,0.0,1.0,0.0,3.0,0.0,0.0,0.0,0.0,52.0,3.0,390.0,311.0,12.0,1311.0,14.0,,3.0,,40.0,69.0,0.0,0.0,7.5,4.215434083601286,10.166666666666666,3.0,,,
2011_131_245682,245682,Davon House,New Mexico State,Western Athletic,CORNERBACK,DB,2011,4,34,131,4,0.0,0.0,0.0,0.0,0.0,0.0,0.0,0.0,0.0,0.0,10.0,3.0,319.0,0.0,0.0,0.0,0.0,0.0,0.0,0.0,0.0,0.0,0.0,0.0,0.0,0.0,0.0,0.0,0.0,0.0,0.0,0.0,0.0,0.0,0.0,0.0,1.0,0.0,18.0,,,,,,18.0,,,,18.0,,,,,31.9
2011_132_232406,232406,Kealoha Pilares,Hawai'i,Western Athletic,WIDERECEIVER,WR,2011,5,1,132,4,0.0,0.0,0.0,0.0,0.0,0.0,0.0,0.0,0.0,0.0,0.0,0.0,0.0,7.0,0.0,156.0,0.0,0.0,0.0,0.0,0.0,0.0,0.0,0.0,0.0,0.0,5.0,0.0,31.0,0.0,0.0,0.0,0.0,209.0,22.0,2491.0,125.0,8.0,701.0,32.0,,17.0,,80.0,34.0,,,11.91866028708134,5.608,22.285714285714285,6.2,,,
2011_133_183672,183672,Johnny White,North Carolina,ACC,RUNNINGBACK,RB,2011,5,2,133,4,0.0,0.0,0.0,0.0,0.0,0.0,0.0,0.0,0.0,0.0,0.0,0.0,0.0,18.0,0.0,369.0,0.0,0.0,0.0,0.0,0.0,0.0,0.0,0.0,0.0,0.0,0.0,0.0,0.0,0.0,0.0,0.0,0.0,47.0,1.0,510.0,246.0,8.0,1262.0,31.0,,,,51.0,76.0,,,10.851063829787234,5.130081300813008,20.5,,,,
2011_134_382313,382313,Robert Sands,West Virginia,Big East,SAFETY,DB,2011,5,3,134,2,0.0,0.0,0.0,0.0,0.0,0.0,0.0,0.0,0.0,0.0,6.0,0.0,37.0,0.0,0.0,0.0,0.0,0.0,0.0,0.0,0.0,0.0,0.0,0.0,0.0,0.0,0.0,0.0,0.0,0.0,0.0,0.0,0.0,0.0,0.0,0.0,0.0,0.0,0.0,,,,,,,,,,,,,,,6.166666666666667
2011_135_188298,188298,Ricky Stanzi,Iowa,Big Ten,QUARTERBACK,QB,2011,5,4,135,4,0.0,0.0,0.0,0.0,0.0,0.0,0.0,0.0,0.0,0.0,0.0,0.0,0.0,0.0,0.0,0.0,0.0,0.0,0.0,0.0,0.0,907.0,542.0,31.0,56.0,7377.0,0.0,0.0,0.0,0.0,0.0,0.0,0.0,1.0,0.0,-1.0,160.0,2.0,-4.0,,,,,0.0,26.0,0.597574421168688,8.13340683572216,-1.0,-0.025,,,,,
2011_136_237733,237733,Anthony Sherman,UConn,Big East,FULLBACK,RB,2011,5,5,136,4,0.0,0.0,0.0,0.0,0.0,0.0,0.0,0.0,0.0,0.0,0.0,0.0,0.0,4.0,0.0,54.0,0.0,0.0,0.0,0.0,0.0,0.0,0.0,0.0,0.0,0.0,0.0,0.0,0.0,0.0,0.0,0.0,0.0,48.0,1.0,477.0,17.0,0.0,61.0,26.0,,,,41.0,16.0,,,9.9375,3.588235294117647,13.5,,,,
2011_139_233020,233020,Brandon Burton,Utah,Mountain West,CORNERBACK,DB,2011,5,8,139,2,0.0,0.0,0.0,0.0,0.0,0.0,0.0,0.0,0.0,0.0,3.0,0.0,69.0,0.0,0.0,0.0,0.0,0.0,0.0,0.0,0.0,0.0,0.0,0.0,0.0,0.0,2.0,0.0,7.0,0.0,0.0,0.0,0.0,0.0,0.0,0.0,0.0,0.0,0.0,,,7.0,,,,,,,,,3.5,,,23.0
2011_140_183360,183360,Gabe Miller,Oregon State,Pac-10,OUTSIDELINEBACKER,LB,2011,5,9,140,1,0.0,0.0,0.0,0.0,0.0,0.0,0.0,0.0,0.0,0.0,0.0,0.0,0.0,0.0,0.0,0.0,0.0,0.0,0.0,0.0,0.0,0.0,0.0,0.0,0.0,0.0,0.0,0.0,0.0,0.0,0.0,0.0,0.0,8.0,1.0,124.0,0.0,0.0,0.0,,,,,36.0,,,,15.5,,,,,,
2011_141_242277,242277,D.J. Williams,Arkansas,SEC,TIGHTEND,TE,2011,5,10,141,4,0.0,0.0,0.0,0.0,0.0,0.0,0.0,0.0,0.0,0.0,0.0,0.0,0.0,0.0,0.0,0.0,0.0,0.0,0.0,0.0,0.0,0.0,0.0,0.0,0.0,0.0,0.0,0.0,0.0,0.0,0.0,0.0,0.0,149.0,10.0,1831.0,0.0,0.0,0.0,,,,,76.0,,,,12.288590604026846,,,,,,
2011_145_379208,379208,Jacquizz Rodgers,Oregon State,Pac-10,RUNNINGBACK,RB,2011,5,14,145,3,0.0,0.0,0.0,0.0,0.0,0.0,0.0,0.0,0.0,0.0,0.0,0.0,0.0,0.0,0.0,0.0,0.0,0.0,0.0,0.0,0.0,2.0,2.0,0.0,2.0,25.0,0.0,0.0,0.0,0.0,0.0,0.0,0.0,151.0,5.0,1056.0,788.0,46.0,3877.0,,,,,48.0,74.0,1.0,12.5,6.993377483443709,4.92005076142132,,,,,
2011_148_236013,236013,Denarius Moore,Tennessee,SEC,WIDERECEIVER,WR,2011,5,17,148,4,0.0,0.0,0.0,0.0,0.0,0.0,0.0,0.0,0.0,0.0,0.0,0.0,0.0,6.0,0.0,109.0,0.0,0.0,0.0,0.0,0.0,0.0,0.0,0.0,0.0,0.0,0.0,0.0,0.0,0.0,0.0,0.0,0.0,112.0,18.0,2004.0,10.0,1.0,105.0,25.0,,,,64.0,58.0,,,17.892857142857142,10.5,18.166666666666668,,,,
2011_149_482840,482840,Dion Lewis,Pittsburgh,Big East,RUNNINGBACK,RB,2011,5,18,149,2,0.0,0.0,0.0,0.0,0.0,0.0,0.0,0.0,0.0,0.0,0.0,0.0,0.0,0.0,0.0,0.0,0.0,0.0,0.0,0.0,0.0,0.0,0.0,0.0,0.0,0.0,0.0,0.0,0.0,0.0,0.0,0.0,0.0,52.0,1.0,405.0,544.0,30.0,2860.0,,,,,31.0,85.0,,,7.788461538461538,5.257352941176471,,,,,
2011_151_232012,232012,Ahmad Black,Florida,SEC,SAFETY,DB,2011,5,20,151,3,0.0,0.0,0.0,0.0,0.0,0.0,0.0,0.0,0.0,0.0,13.0,3.0,362.0,0.0,0.0,0.0,0.0,0.0,0.0,0.0,0.0,0.0,0.0,0.0,0.0,0.0,0.0,0.0,0.0,0.0,0.0,0.0,0.0,0.0,0.0,0.0,0.0,0.0,0.0,,,,,,,,,,,,,,,27.846153846153847
2011_152_183674,183674,T.J. Yates,North Carolina,ACC,QUARTERBACK,QB,2011,5,21,152,4,0.0,0.0,0.0,0.0,0.0,0.0,0.0,0.0,0.0,0.0,0.0,0.0,0.0,0.0,0.0,0.0,0.0,0.0,0.0,0.0,0.0,1277.0,795.0,46.0,58.0,9377.0,0.0,0.0,0.0,0.0,0.0,0.0,0.0,0.0,0.0,0.0,220.0,7.0,-333.0,,,,,,24.0,0.6225528582615505,7.34299138606108,,-1.5136363636363637,,,,,
2011_153_237345,237345,Jeremy Kerley,TCU,Mountain West,WIDERECEIVER,WR,2011,5,22,153,4,0.0,0.0,0.0,0.0,0.0,0.0,0.0,0.0,0.0,0.0,0.0,0.0,0.0,38.0,0.0,1006.0,0.0,0.0,0.0,0.0,0.0,7.0,5.0,1.0,1.0,135.0,160.0,2.0,1299.0,0.0,0.0,0.0,0.0,120.0,12.0,1299.0,63.0,8.0,306.0,83.0,,71.0,,50.0,24.0,0.7142857142857143,19.285714285714285,10.825,4.857142857142857,26.473684210526315,8.11875,,,
2011_154_190539,190539,Richard Sherman,Stanford,Pac-10,CORNERBACK,DB,2011,5,23,154,5,0.0,0.0,0.0,0.0,0.0,0.0,0.0,0.0,0.0,0.0,6.0,1.0,82.0,3.0,0.0,36.0,0.0,0.0,0.0,0.0,0.0,0.0,0.0,0.0,0.0,0.0,26.0,2.0,215.0,0.0,0.0,0.0,0.0,81.0,7.0,1340.0,3.0,0.0,-17.0,17.0,,59.0,,74.0,1.0,,,16.54320987654321,-5.666666666666667,12.0,8.26923076923077,,,13.666666666666666
2011_155_241677,241677,Niles Paul,Nebraska,Big 12,WIDERECEIVER,WR,2011,5,24,155,4,0.0,0.0,0.0,0.0,0.0,0.0,0.0,0.0,0.0,0.0,0.0,0.0,0.0,35.0,1.0,910.0,0.0,0.0,0.0,0.0,0.0,0.0,0.0,0.0,0.0,0.0,79.0,1.0,647.0,0.0,0.0,0.0,0.0,103.0,5.0,1532.0,9.0,1.0,56.0,100.0,,59.0,,74.0,30.0,,,14.87378640776699,6.222222222222222,26.0,8.189873417721518,,,
2011_158_235796,235796,Jermale Hines,Ohio State,Big Ten,SAFETY,DB,2011,5,27,158,2,0.0,0.0,0.0,0.0,0.0,0.0,0.0,0.0,0.0,0.0,3.0,1.0,71.0,0.0,0.0,0.0,0.0,0.0,0.0,0.0,0.0,0.0,0.0,0.0,0.0,0.0,1.0,0.0,0.0,0.0,0.0,0.0,0.0,0.0,0.0,0.0,0.0,0.0,0.0,,,0.0,,,,,,,,,0.0,,,23.666666666666668
2011_159_192640,192640,Lee Smith,Marshall,Conference USA,TIGHTEND,TE,2011,5,28,159,4,0.0,0.0,0.0,0.0,0.0,0.0,0.0,0.0,0.0,0.0,0.0,0.0,0.0,4.0,0.0,31.0,0.0,0.0,0.0,0.0,0.0,0.0,0.0,0.0,0.0,0.0,0.0,0.0,0.0,0.0,0.0,0.0,0.0,75.0,3.0,791.0,1.0,0.0,0.0,12.0,,,,40.0,0.0,,,10.546666666666669,0.0,7.75,,,,
2011_164_183426,183426,Chykie Brown,Texas,Big 12,CORNERBACK,DB,2011,5,33,164,1,0.0,0.0,0.0,0.0,0.0,0.0,0.0,0.0,0.0,0.0,2.0,0.0,15.0,0.0,0.0,0.0,0.0,0.0,0.0,0.0,0.0,0.0,0.0,0.0,0.0,0.0,0.0,0.0,0.0,0.0,0.0,0.0,0.0,0.0,0.0,0.0,0.0,0.0,0.0,,,,,,,,,,,,,,,7.5
2011_166_189286,189286,Lawrence Wilson,UConn,Big East,OUTSIDELINEBACKER,LB,2011,6,1,166,3,0.0,0.0,0.0,0.0,0.0,0.0,0.0,0.0,0.0,0.0,5.0,3.0,176.0,0.0,0.0,0.0,0.0,0.0,0.0,0.0,0.0,0.0,0.0,0.0,0.0,0.0,0.0,0.0,0.0,0.0,0.0,0.0,0.0,0.0,0.0,0.0,0.0,0.0,0.0,,,,,,,,,,,,,,,35.2
2011_167_237193,237193,Ryan Whalen,Stanford,Pac-10,WIDERECEIVER,WR,2011,6,2,167,4,0.0,0.0,0.0,0.0,0.0,0.0,0.0,0.0,0.0,0.0,0.0,0.0,0.0,0.0,0.0,0.0,0.0,0.0,0.0,0.0,0.0,0.0,0.0,0.0,0.0,0.0,0.0,0.0,0.0,0.0,0.0,0.0,0.0,140.0,7.0,1884.0,0.0,0.0,0.0,,,,,46.0,,,,13.457142857142856,,,,,,
2011_169_483163,483163,Chris White,Mississippi State,SEC,INSIDELINEBACKER,LB,2011,6,4,169,1,0.0,0.0,0.0,0.0,0.0,0.0,0.0,0.0,0.0,0.0,2.0,0.0,5.0,0.0,0.0,0.0,0.0,0.0,0.0,0.0,0.0,0.0,0.0,0.0,0.0,0.0,0.0,0.0,0.0,0.0,0.0,0.0,0.0,0.0,0.0,0.0,0.0,0.0,0.0,,,,,,,,,,,,,,,2.5
2011_170_382374,382374,Mistral Raymond,South Florida,Big East,SAFETY,DB,2011,6,5,170,1,0.0,0.0,0.0,0.0,0.0,0.0,0.0,0.0,0.0,0.0,1.0,0.0,13.0,0.0,0.0,0.0,0.0,0.0,0.0,0.0,0.0,0.0,0.0,0.0,0.0,0.0,0.0,0.0,0.0,0.0,0.0,0.0,0.0,0.0,0.0,0.0,0.0,0.0,0.0,,,,,,,,,,,,,,,13.0
2011_171_231975,231975,Quan Sturdivant,North Carolina,ACC,INSIDELINEBACKER,LB,2011,6,6,171,3,0.0,0.0,0.0,0.0,0.0,0.0,0.0,0.0,0.0,0.0,4.0,1.0,90.0,0.0,0.0,0.0,0.0,0.0,0.0,0.0,0.0,0.0,0.0,0.0,0.0,0.0,1.0,0.0,15.0,0.0,0.0,0.0,0.0,0.0,0.0,0.0,0.0,0.0,0.0,,,15.0,,,,,,,,,15.0,,,22.5
2011_173_192158,192158,Byron Maxwell,Clemson,ACC,CORNERBACK,DB,2011,6,8,173,2,0.0,0.0,0.0,0.0,0.0,0.0,0.0,0.0,0.0,0.0,4.0,0.0,4.0,0.0,0.0,0.0,0.0,0.0,0.0,0.0,0.0,0.0,0.0,0.0,0.0,0.0,0.0,0.0,0.0,0.0,0.0,0.0,0.0,0.0,0.0,0.0,0.0,0.0,0.0,,,,,,,,,,,,,,,1.0
2011_174_237445,237445,Charles Clay,Tulsa,Conference USA,FULLBACK,RB,2011,6,9,174,4,0.0,0.0,0.0,0.0,0.0,0.0,0.0,0.0,0.0,0.0,0.0,0.0,0.0,0.0,0.0,0.0,0.0,0.0,0.0,0.0,0.0,0.0,0.0,0.0,0.0,0.0,0.0,0.0,0.0,0.0,0.0,0.0,0.0,189.0,28.0,2544.0,179.0,10.0,911.0,,,,,73.0,45.0,,,13.46031746031746,5.089385474860335,,,,,
2011_176_184622,184622,Dwayne Harris,East Carolina,Conference USA,WIDERECEIVER,WR,2011,6,11,176,4,0.0,0.0,0.0,0.0,0.0,0.0,0.0,0.0,0.0,0.0,0.0,0.0,0.0,78.0,3.0,1839.0,0.0,0.0,0.0,0.0,0.0,9.0,4.0,0.0,2.0,153.0,63.0,0.0,479.0,0.0,0.0,0.0,0.0,268.0,20.0,3001.0,86.0,6.0,526.0,99.0,,56.0,,76.0,57.0,0.4444444444444444,17.0,11.197761194029852,6.116279069767442,23.576923076923077,7.603174603174603,,,
2011_177_188694,188694,Evan Royster,Penn State,Big Ten,RUNNINGBACK,RB,2011,6,12,177,4,0.0,0.0,0.0,0.0,0.0,0.0,0.0,0.0,0.0,0.0,0.0,0.0,0.0,0.0,0.0,0.0,0.0,0.0,0.0,0.0,0.0,0.0,0.0,0.0,0.0,0.0,11.0,0.0,8.0,0.0,0.0,0.0,0.0,61.0,3.0,562.0,686.0,29.0,3932.0,,,8.0,,49.0,69.0,,,9.21311475409836,5.7317784256559765,,0.7272727272727273,,,
2011_178_238159,238159,Aldrick Robinson,SMU,Conference USA,WIDERECEIVER,WR,2011,6,13,178,4,0.0,0.0,0.0,0.0,0.0,0.0,0.0,0.0,0.0,0.0,0.0,0.0,0.0,2.0,0.0,30.0,0.0,0.0,0.0,0.0,0.0,0.0,0.0,0.0,0.0,0.0,0.0,0.0,0.0,0.0,0.0,0.0,0.0,181.0,30.0,3314.0,0.0,0.0,0.0,18.0,,,,96.0,,,,18.30939226519337,,15.0,,,,
2011_180_236838,236838,Tyrod Taylor,Virginia Tech,ACC,QUARTERBACK,QB,2011,6,15,180,4,0.0,0.0,0.0,0.0,0.0,0.0,0.0,0.0,0.0,0.0,0.0,0.0,0.0,0.0,0.0,0.0,0.0,0.0,0.0,0.0,0.0,865.0,495.0,20.0,44.0,7017.0,0.0,0.0,0.0,0.0,0.0,0.0,0.0,0.0,0.0,0.0,501.0,23.0,2187.0,,,,,,73.0,0.5722543352601156,8.1121387283237,,4.365269461077844,,,,,
2011_181_176949,176949,Richard Gordon,Miami,ACC,TIGHTEND,TE,2011,6,16,181,3,0.0,0.0,0.0,0.0,0.0,0.0,0.0,0.0,0.0,0.0,0.0,0.0,0.0,0.0,0.0,0.0,0.0,0.0,0.0,0.0,0.0,0.0,0.0,0.0,0.0,0.0,1.0,0.0,13.0,0.0,0.0,0.0,0.0,10.0,0.0,62.0,0.0,0.0,0.0,,,13.0,,15.0,,,,6.2,,,13.0,,,
2011_182_236593,236593,Ronald Johnson,USC,Pac-10,WIDERECEIVER,WR,2011,6,17,182,4,0.0,0.0,0.0,0.0,0.0,0.0,0.0,0.0,0.0,0.0,0.0,0.0,0.0,17.0,0.0,351.0,0.0,0.0,0.0,0.0,0.0,1.0,0.0,0.0,0.0,0.0,31.0,1.0,312.0,0.0,0.0,0.0,0.0,138.0,20.0,1750.0,16.0,0.0,88.0,30.0,,89.0,,63.0,14.0,0.0,0.0,12.681159420289855,5.5,20.647058823529413,10.064516129032258,,,
2011_183_382319,382319,Jordan Todman,UConn,Big East,RUNNINGBACK,RB,2011,6,18,183,3,0.0,0.0,0.0,0.0,0.0,0.0,0.0,0.0,0.0,0.0,0.0,0.0,0.0,22.0,1.0,561.0,0.0,0.0,0.0,0.0,0.0,1.0,0.0,0.0,0.0,0.0,0.0,0.0,0.0,0.0,0.0,0.0,0.0,42.0,0.0,283.0,616.0,31.0,3179.0,96.0,,,,41.0,66.0,0.0,0.0,6.738095238095238,5.160714285714286,25.5,,,,
2011_185_238807,238807,Greg Jones,Michigan State,Big Ten,INSIDELINEBACKER,LB,2011,6,20,185,1,0.0,0.0,0.0,0.0,0.0,0.0,0.0,0.0,0.0,0.0,2.0,0.0,36.0,0.0,0.0,0.0,0.0,0.0,0.0,0.0,0.0,0.0,0.0,0.0,0.0,0.0,0.0,0.0,0.0,0.0,0.0,0.0,0.0,0.0,0.0,0.0,0.0,0.0,0.0,,,,,,,,,,,,,,,18.0
2011_187_183222,183222,Allen Bradford,USC,Pac-10,RUNNINGBACK,RB,2011,6,22,187,5,0.0,0.0,0.0,0.0,0.0,0.0,0.0,0.0,0.0,0.0,0.0,0.0,0.0,0.0,0.0,0.0,0.0,0.0,0.0,0.0,0.0,0.0,0.0,0.0,0.0,0.0,0.0,0.0,0.0,0.0,0.0,0.0,0.0,14.0,4.0,176.0,267.0,16.0,1585.0,,,,,47.0,73.0,,,12.571428571428571,5.936329588014981,,,,,
2011_188_238814,238814,Chris L. Rucker,Michigan State,Big Ten,CORNERBACK,DB,2011,6,23,188,4,0.0,0.0,0.0,0.0,0.0,0.0,0.0,0.0,0.0,0.0,6.0,0.0,34.0,0.0,0.0,0.0,0.0,0.0,0.0,0.0,0.0,0.0,0.0,0.0,0.0,0.0,0.0,0.0,0.0,0.0,0.0,0.0,0.0,0.0,0.0,0.0,0.0,0.0,0.0,,,,,,,,,,,,,,,5.666666666666667
2011_189_188424,188424,Mike Mohamed,California,Pac-10,INSIDELINEBACKER,LB,2011,6,24,189,3,0.0,0.0,0.0,0.0,0.0,0.0,0.0,0.0,0.0,0.0,7.0,2.0,77.0,0.0,0.0,0.0,0.0,0.0,0.0,0.0,0.0,0.0,0.0,0.0,0.0,0.0,0.0,0.0,0.0,0.0,0.0,0.0,0.0,0.0,0.0,0.0,0.0,0.0,0.0,,,,,,,,,,,,,,,11.0
2011_190_183260,183260,Colin Jones,TCU,Mountain West,SAFETY,DB,2011,6,25,190,2,0.0,0.0,0.0,0.0,0.0,0.0,0.0,0.0,0.0,0.0,2.0,1.0,38.0,0.0,0.0,0.0,0.0,0.0,0.0,0.0,0.0,0.0,0.0,0.0,0.0,0.0,0.0,0.0,0.0,0.0,0.0,0.0,0.0,0.0,0.0,0.0,0.0,0.0,0.0,,,,,,,,,,,,,,,19.0
2011_192_183679,183679,Matt Bosher,Miami,ACC,PUNTER,ST,2011,6,27,192,4,0.0,0.0,0.0,0.0,0.0,0.0,0.0,0.0,0.0,0.0,0.0,0.0,0.0,0.0,0.0,0.0,53.0,45.0,262.0,130.0,127.0,0.0,0.0,0.0,0.0,0.0,0.0,0.0,0.0,0.0,235.0,0.0,9778.0,0.0,0.0,0.0,2.0,0.0,35.0,,52.0,,76.0,,26.0,,,,17.5,,,41.60851063829787,0.8490566037735849,
2011_193_235803,235803,Brian Rolle,Ohio State,Big Ten,OUTSIDELINEBACKER,LB,2011,6,28,193,3,0.0,0.0,0.0,0.0,0.0,0.0,0.0,0.0,0.0,0.0,4.0,1.0,76.0,0.0,0.0,0.0,0.0,0.0,0.0,0.0,0.0,0.0,0.0,0.0,0.0,0.0,0.0,0.0,0.0,0.0,0.0,0.0,0.0,0.0,0.0,0.0,0.0,0.0,0.0,,,,,,,,,,,,,,,19.0
2011_195_188818,188818,J.T. Thomas,West Virginia,Big East,OUTSIDELINEBACKER,LB,2011,6,30,195,1,0.0,0.0,0.0,0.0,0.0,0.0,0.0,0.0,0.0,0.0,1.0,0.0,10.0,0.0,0.0,0.0,0.0,0.0,0.0,0.0,0.0,0.0,0.0,0.0,0.0,0.0,0.0,0.0,0.0,0.0,0.0,0.0,0.0,0.0,0.0,0.0,0.0,0.0,0.0,,,,,,,,,,,,,,,10.0
2011_198_236653,236653,Tyler Sash,Iowa,Big Ten,SAFETY,DB,2011,6,33,198,3,0.0,0.0,0.0,0.0,0.0,0.0,0.0,0.0,0.0,0.0,13.0,2.0,458.0,0.0,0.0,0.0,0.0,0.0,0.0,0.0,0.0,0.0,0.0,0.0,0.0,0.0,5.0,0.0,16.0,0.0,0.0,0.0,0.0,0.0,0.0,0.0,0.0,0.0,0.0,,,11.0,,,,,,,,,3.2,,,35.23076923076923
2011_199_173570,173570,Jerrell Powe,Ole Miss,SEC,DEFENSIVETACKLE,DL,2011,6,34,199,2,0.0,0.0,0.0,0.0,0.0,0.0,0.0,0.0,0.0,0.0,1.0,0.0,3.0,0.0,0.0,0.0,0.0,0.0,0.0,0.0,0.0,0.0,0.0,0.0,0.0,0.0,0.0,0.0,0.0,0.0,0.0,0.0,0.0,0.0,0.0,0.0,2.0,0.0,0.0,,,,,,0.0,,,,0.0,,,,,3.0
2011_200_183880,183880,Ross Homan,Ohio State,Big Ten,OUTSIDELINEBACKER,LB,2011,6,35,200,3,0.0,0.0,0.0,0.0,0.0,0.0,0.0,0.0,0.0,0.0,7.0,0.0,56.0,0.0,0.0,0.0,0.0,0.0,0.0,0.0,0.0,0.0,0.0,0.0,0.0,0.0,0.0,0.0,0.0,0.0,0.0,0.0,0.0,0.0,0.0,0.0,0.0,0.0,0.0,,,,,,,,,,,,,,,8.0
2011_202_482890,482890,Jacquian Williams,South Florida,Big East,LINEBACKER,LB,2011,6,37,202,2,0.0,0.0,0.0,0.0,0.0,0.0,0.0,0.0,0.0,0.0,1.0,0.0,12.0,1.0,0.0,0.0,0.0,0.0,0.0,0.0,0.0,0.0,0.0,0.0,0.0,0.0,0.0,0.0,0.0,0.0,0.0,0.0,0.0,0.0,0.0,0.0,0.0,0.0,0.0,0.0,,,,,,,,,,0.0,,,,12.0
2011_204_183565,183565,Virgil Green,Nevada,Western Athletic,TIGHTEND,TE,2011,7,1,204,3,0.0,0.0,0.0,0.0,0.0,0.0,0.0,0.0,0.0,0.0,0.0,0.0,0.0,0.0,0.0,0.0,0.0,0.0,0.0,0.0,0.0,0.0,0.0,0.0,0.0,0.0,0.0,0.0,0.0,0.0,0.0,0.0,0.0,71.0,11.0,911.0,7.0,0.0,53.0,,,,,48.0,16.0,,,12.830985915492958,7.571428571428571,,,,,
2011_208_191494,191494,Greg McElroy,Alabama,SEC,QUARTERBACK,QB,2011,7,5,208,4,0.0,0.0,0.0,0.0,0.0,0.0,0.0,0.0,0.0,0.0,0.0,0.0,0.0,0.0,0.0,0.0,0.0,0.0,0.0,0.0,0.0,658.0,436.0,10.0,39.0,5691.0,0.0,0.0,0.0,0.0,0.0,0.0,0.0,0.0,0.0,0.0,114.0,2.0,71.0,,,,,,17.0,0.662613981762918,8.648936170212766,,0.6228070175438597,,,,,
2011_211_184728,184728,Bruce Miller,UCF,Conference USA,DEFENSIVEEND,DL,2011,7,8,211,2,0.0,0.0,0.0,0.0,0.0,0.0,0.0,0.0,0.0,0.0,3.0,2.0,46.0,0.0,0.0,0.0,0.0,0.0,0.0,0.0,0.0,0.0,0.0,0.0,0.0,0.0,1.0,0.0,14.0,0.0,0.0,0.0,0.0,0.0,0.0,0.0,0.0,0.0,0.0,,,14.0,,,,,,,,,14.0,,,15.333333333333334
2011_213_232559,232559,Brandyn Thompson,Boise State,Western Athletic,CORNERBACK,DB,2011,7,10,213,3,0.0,0.0,0.0,0.0,0.0,0.0,0.0,0.0,0.0,0.0,12.0,1.0,128.0,0.0,0.0,0.0,0.0,0.0,0.0,0.0,0.0,0.0,0.0,0.0,0.0,0.0,0.0,0.0,0.0,0.0,0.0,0.0,0.0,0.0,0.0,0.0,0.0,0.0,0.0,,,,,,,,,,,,,,,10.666666666666666
2011_216_173601,173601,Mikail Baker,Baylor,Big 12,DEFENSIVEBACK,DB,2011,7,13,216,6,0.0,0.0,0.0,0.0,0.0,0.0,0.0,0.0,0.0,0.0,2.0,0.0,1.0,27.0,0.0,580.0,0.0,0.0,0.0,0.0,0.0,0.0,0.0,0.0,0.0,0.0,1.0,0.0,11.0,0.0,0.0,0.0,0.0,26.0,2.0,354.0,3.0,0.0,10.0,52.0,,11.0,,49.0,7.0,,,13.615384615384617,3.3333333333333335,21.48148148148148,11.0,,,0.5
2011_218_183671,183671,Ryan Taylor,North Carolina,ACC,TIGHTEND,TE,2011,7,15,218,1,0.0,0.0,0.0,0.0,0.0,0.0,0.0,0.0,0.0,0.0,0.0,0.0,0.0,0.0,0.0,0.0,0.0,0.0,0.0,0.0,0.0,0.0,0.0,0.0,0.0,0.0,0.0,0.0,0.0,0.0,0.0,0.0,0.0,36.0,2.0,330.0,0.0,0.0,0.0,,,,,40.0,,,,9.166666666666666,,,,,,
2011_220_189603,189603,Shaun Chapas,Georgia,SEC,FULLBACK,RB,2011,7,17,220,4,0.0,0.0,0.0,0.0,0.0,0.0,0.0,0.0,0.0,0.0,0.0,0.0,0.0,5.0,0.0,44.0,0.0,0.0,0.0,0.0,0.0,0.0,0.0,0.0,0.0,0.0,0.0,0.0,0.0,0.0,0.0,0.0,0.0,26.0,4.0,221.0,40.0,3.0,155.0,16.0,,,,37.0,22.0,,,8.5,3.875,8.8,,,,
2011_221_193394,193394,Da'Rel Scott,Maryland,ACC,RUNNINGBACK,RB,2011,7,18,221,4,0.0,0.0,0.0,0.0,0.0,0.0,0.0,0.0,0.0,0.0,0.0,0.0,0.0,2.0,0.0,33.0,0.0,0.0,0.0,0.0,0.0,3.0,2.0,0.0,2.0,13.0,0.0,0.0,0.0,0.0,0.0,0.0,0.0,48.0,4.0,509.0,430.0,17.0,2401.0,25.0,,,,71.0,91.0,0.6666666666666666,4.333333333333333,10.604166666666666,5.583720930232558,16.5,,,,
2011_222_237023,237023,Anthony Gaitor,Florida International,Sun Belt,CORNERBACK,DB,2011,7,19,222,4,0.0,0.0,0.0,0.0,0.0,0.0,0.0,0.0,0.0,0.0,11.0,3.0,263.0,0.0,0.0,0.0,0.0,0.0,0.0,0.0,0.0,0.0,0.0,0.0,0.0,0.0,6.0,0.0,7.0,0.0,0.0,0.0,0.0,0.0,0.0,0.0,0.0,0.0,0.0,,,5.0,,,,,,,,,1.1666666666666667,,,23.90909090909091
2011_224_191194,191194,Markus White,Florida State,ACC,DEFENSIVEEND,DL,2011,7,21,224,1,0.0,0.0,0.0,0.0,0.0,0.0,0.0,0.0,0.0,0.0,1.0,1.0,31.0,0.0,0.0,0.0,0.0,0.0,0.0,0.0,0.0,0.0,0.0,0.0,0.0,0.0,0.0,0.0,0.0,0.0,0.0,0.0,0.0,0.0,0.0,0.0,0.0,0.0,0.0,,,,,,,,,,,,,,,31.0
2011_225_191010,191010,Anthony Allen,Louisville,Big East,RUNNINGBACK,RB,2011,7,22,225,4,0.0,0.0,0.0,0.0,0.0,0.0,0.0,0.0,0.0,0.0,0.0,0.0,0.0,2.0,0.0,29.0,0.0,0.0,0.0,0.0,0.0,0.0,0.0,0.0,0.0,0.0,1.0,0.0,0.0,0.0,0.0,0.0,0.0,33.0,5.0,401.0,546.0,33.0,3036.0,16.0,,0.0,,50.0,82.0,,,12.151515151515152,5.56043956043956,14.5,0.0,,,
2011_226_183294,183294,Greg Romeus,Pittsburgh,Big East,DEFENSIVEEND,DL,2011,7,23,226,1,0.0,0.0,0.0,0.0,0.0,0.0,0.0,0.0,0.0,0.0,1.0,0.0,0.0,0.0,0.0,0.0,0.0,0.0,0.0,0.0,0.0,0.0,0.0,0.0,0.0,0.0,0.0,0.0,0.0,0.0,0.0,0.0,0.0,0.0,0.0,0.0,0.0,0.0,0.0,,,,,,,,,,,,,,,0.0
2011_227_192272,192272,Scotty McKnight,Colorado,Big 12,WIDERECEIVER,WR,2011,7,24,227,4,0.0,0.0,0.0,0.0,0.0,0.0,0.0,0.0,0.0,0.0,0.0,0.0,0.0,0.0,0.0,0.0,0.0,0.0,0.0,0.0,0.0,6.0,2.0,0.0,0.0,47.0,17.0,0.0,36.0,0.0,0.0,0.0,0.0,219.0,22.0,2588.0,2.0,1.0,4.0,,,13.0,,56.0,5.0,0.3333333333333333,7.833333333333333,11.817351598173516,2.0,,2.1176470588235294,,,
2011_229_188949,188949,Jonathan Nelson,Oklahoma,Big 12,CORNERBACK,DB,2011,7,26,229,2,0.0,0.0,0.0,0.0,0.0,0.0,0.0,0.0,0.0,0.0,5.0,0.0,40.0,0.0,0.0,0.0,0.0,0.0,0.0,0.0,0.0,0.0,0.0,0.0,0.0,0.0,0.0,0.0,0.0,0.0,0.0,0.0,0.0,0.0,0.0,0.0,0.0,0.0,0.0,,,,,,,,,,,,,,,8.0
2011_232_184839,184839,Baron Batch,Texas Tech,Big 12,RUNNINGBACK,RB,2011,7,29,232,4,0.0,0.0,0.0,0.0,0.0,0.0,0.0,0.0,0.0,0.0,0.0,0.0,0.0,0.0,0.0,0.0,0.0,0.0,0.0,0.0,0.0,0.0,0.0,0.0,0.0,0.0,0.0,0.0,0.0,0.0,0.0,0.0,0.0,140.0,5.0,1111.0,467.0,27.0,2501.0,,,,,49.0,49.0,,,7.935714285714286,5.355460385438972,,,,,
2011_234_240798,240798,Andrew Gachkar,Missouri,Big 12,OUTSIDELINEBACKER,LB,2011,7,31,234,1,0.0,0.0,0.0,0.0,0.0,0.0,0.0,0.0,0.0,0.0,2.0,0.0,8.0,0.0,0.0,0.0,0.0,0.0,0.0,0.0,0.0,0.0,0.0,0.0,0.0,0.0,0.0,0.0,0.0,0.0,0.0,0.0,0.0,0.0,0.0,0.0,0.0,0.0,0.0,,,,,,,,,,,,,,,4.0
2011_237_237619,237619,Greg Lloyd,UConn,Big East,INSIDELINEBACKER,LB,2011,7,34,237,1,0.0,0.0,0.0,0.0,0.0,0.0,0.0,0.0,0.0,0.0,1.0,0.0,2.0,0.0,0.0,0.0,0.0,0.0,0.0,0.0,0.0,0.0,0.0,0.0,0.0,0.0,0.0,0.0,0.0,0.0,0.0,0.0,0.0,0.0,0.0,0.0,0.0,0.0,0.0,,,,,,,,,,,,,,,2.0
2011_240_183225,183225,Stanley Havili,USC,Pac-10,FULLBACK,RB,2011,7,37,240,5,0.0,0.0,0.0,0.0,0.0,0.0,0.0,0.0,0.0,0.0,0.0,0.0,0.0,0.0,0.0,0.0,0.0,0.0,0.0,0.0,0.0,0.0,0.0,0.0,0.0,0.0,0.0,0.0,0.0,0.0,0.0,0.0,0.0,116.0,12.0,1290.0,81.0,3.0,509.0,,,,,58.0,59.0,,,11.120689655172416,6.283950617283951,,,,,
2011_241_183221,183221,David Ausberry,USC,Pac-10,WIDERECEIVER,WR,2011,7,38,241,4,0.0,0.0,0.0,0.0,0.0,0.0,0.0,0.0,0.0,0.0,0.0,0.0,0.0,0.0,0.0,0.0,0.0,0.0,0.0,0.0,0.0,0.0,0.0,0.0,0.0,0.0,0.0,0.0,0.0,0.0,0.0,0.0,0.0,64.0,7.0,700.0,2.0,0.0,14.0,,,,,59.0,13.0,,,10.9375,7.0,,,,,
2011_242_236612,236612,Malcolm Smith,USC,Pac-10,OUTSIDELINEBACKER,LB,2011,7,39,242,2,0.0,0.0,0.0,0.0,0.0,0.0,0.0,0.0,0.0,0.0,2.0,2.0,136.0,0.0,0.0,0.0,0.0,0.0,0.0,0.0,0.0,0.0,0.0,0.0,0.0,0.0,0.0,0.0,0.0,0.0,0.0,0.0,0.0,0.0,0.0,0.0,0.0,0.0,0.0,,,,,,,,,,,,,,,68.0
2011_244_238288,238288,Lee Ziemba,Auburn,SEC,OFFENSIVETACKLE,OL,2011,7,41,244,1,0.0,0.0,0.0,0.0,0.0,0.0,0.0,0.0,0.0,0.0,0.0,0.0,0.0,0.0,0.0,0.0,0.0,0.0,0.0,0.0,0.0,0.0,0.0,0.0,0.0,0.0,0.0,0.0,0.0,0.0,0.0,0.0,0.0,1.0,0.0,-3.0,0.0,0.0,0.0,,,,,-3.0,,,,-3.0,,,,,,
2011_246_189308,189308,Jay Finley,Baylor,Big 12,RUNNINGBACK,RB,2011,7,43,246,4,0.0,0.0,0.0,0.0,0.0,0.0,0.0,0.0,0.0,0.0,0.0,0.0,0.0,0.0,0.0,0.0,0.0,0.0,0.0,0.0,0.0,0.0,0.0,0.0,0.0,0.0,0.0,0.0,0.0,0.0,0.0,0.0,0.0,40.0,3.0,416.0,478.0,22.0,2660.0,,,,,47.0,82.0,,,10.4,5.564853556485356,,,,,
2011_247_188932,188932,Jeremy Beal,Oklahoma,Big 12,DEFENSIVEEND,DL,2011,7,44,247,1,0.0,0.0,0.0,0.0,0.0,0.0,0.0,0.0,0.0,0.0,1.0,0.0,4.0,0.0,0.0,0.0,0.0,0.0,0.0,0.0,0.0,0.0,0.0,0.0,0.0,0.0,0.0,0.0,0.0,0.0,0.0,0.0,0.0,0.0,0.0,0.0,0.0,0.0,0.0,,,,,,,,,,,,,,,4.0
2011_248_240913,240913,Eric Hagg,Nebraska,Big 12,SAFETY,DB,2011,7,45,248,2,0.0,0.0,0.0,0.0,0.0,0.0,0.0,0.0,0.0,0.0,6.0,0.0,37.0,0.0,0.0,0.0,0.0,0.0,0.0,0.0,0.0,0.0,0.0,0.0,0.0,0.0,1.0,1.0,95.0,0.0,0.0,0.0,0.0,0.0,0.0,0.0,0.0,0.0,0.0,,,95.0,,,,,,,,,95.0,,,6.166666666666667
2012_001_380470,380470,Andrew Luck,Stanford,Pac-12,QUARTERBACK,QB,2012,1,1,1,3,0.0,0.0,0.0,0.0,0.0,0.0,0.0,0.0,0.0,0.0,0.0,0.0,0.0,0.0,0.0,0.0,0.0,0.0,0.0,0.0,0.0,1064.0,713.0,22.0,82.0,9430.0,0.0,0.0,0.0,0.0,0.0,0.0,0.0,2.0,0.0,24.0,163.0,7.0,957.0,,,,,13.0,58.0,0.6701127819548872,8.862781954887218,12.0,5.871165644171779,,,,,
2012_002_378497,378497,Robert Griffin III,Baylor,Big 12,QUARTERBACK,QB,2012,1,2,2,4,0.0,0.0,0.0,0.0,0.0,0.0,0.0,0.0,0.0,0.0,0.0,0.0,0.0,0.0,0.0,0.0,0.0,0.0,0.0,0.0,0.0,1192.0,800.0,17.0,78.0,10366.0,0.0,0.0,0.0,0.0,4.0,0.0,158.0,3.0,0.0,24.0,528.0,33.0,2254.0,,,,59.0,15.0,71.0,0.6711409395973155,8.696308724832214,8.0,4.268939393939394,,,39.5,,
2012_003_480206,480206,Trent Richardson,Alabama,SEC,RUNNINGBACK,RB,2012,1,3,3,3,0.0,0.0,0.0,0.0,0.0,0.0,0.0,0.0,0.0,0.0,0.0,0.0,0.0,29.0,1.0,720.0,0.0,0.0,0.0,0.0,0.0,0.0,0.0,0.0,0.0,0.0,1.0,0.0,0.0,0.0,0.0,0.0,0.0,68.0,7.0,730.0,540.0,35.0,3130.0,91.0,,0.0,,85.0,76.0,,,10.735294117647058,5.796296296296297,24.82758620689655,0.0,,,
2012_005_380077,380077,Justin Blackmon,Oklahoma State,Big 12,WIDERECEIVER,WR,2012,1,5,5,3,0.0,0.0,0.0,0.0,0.0,0.0,0.0,0.0,0.0,0.0,0.0,0.0,0.0,0.0,0.0,0.0,0.0,0.0,0.0,0.0,0.0,0.0,0.0,0.0,0.0,0.0,9.0,1.0,9.0,0.0,0.0,0.0,0.0,252.0,40.0,3564.0,9.0,1.0,84.0,,,7.0,,81.0,69.0,,,14.142857142857142,9.333333333333334,,1.0,,,
2012_006_481953,481953,Morris Claiborne,LSU,SEC,CORNERBACK,DB,2012,1,6,6,2,0.0,0.0,0.0,0.0,0.0,0.0,0.0,0.0,0.0,0.0,11.0,1.0,274.0,24.0,1.0,609.0,0.0,0.0,0.0,0.0,0.0,0.0,0.0,0.0,0.0,0.0,0.0,0.0,0.0,0.0,0.0,0.0,0.0,0.0,0.0,0.0,0.0,0.0,0.0,99.0,,,,,,,,,,25.375,,,,24.90909090909091
2012_007_382590,382590,Mark Barron,Alabama,SEC,SAFETY,DB,2012,1,7,7,4,0.0,0.0,0.0,0.0,0.0,0.0,0.0,0.0,0.0,0.0,12.0,1.0,145.0,0.0,0.0,0.0,0.0,0.0,0.0,0.0,0.0,0.0,0.0,0.0,0.0,0.0,1.0,0.0,1.0,0.0,0.0,0.0,0.0,1.0,0.0,7.0,0.0,0.0,0.0,,,1.0,,7.0,,,,7.0,,,1.0,,,12.083333333333334
2012_008_232059,232059,Ryan Tannehill,Texas A&M,Big 12,QUARTERBACK,QB,2012,1,8,8,4,0.0,0.0,0.0,0.0,0.0,0.0,0.0,0.0,0.0,0.0,0.0,0.0,0.0,0.0,0.0,0.0,0.0,0.0,0.0,0.0,0.0,774.0,484.0,21.0,42.0,5450.0,0.0,0.0,0.0,0.0,3.0,0.0,75.0,112.0,10.0,1596.0,115.0,5.0,369.0,,,,33.0,58.0,65.0,0.6253229974160207,7.041343669250646,14.25,3.208695652173913,,,25.0,,
2012_009_480673,480673,Luke Kuechly,Boston College,ACC,INSIDELINEBACKER,LB,2012,1,9,9,3,0.0,0.0,0.0,0.0,0.0,0.0,0.0,0.0,0.0,0.0,7.0,2.0,130.0,2.0,0.0,0.0,0.0,0.0,0.0,0.0,0.0,0.0,0.0,0.0,0.0,0.0,0.0,0.0,0.0,0.0,0.0,0.0,0.0,0.0,0.0,0.0,0.0,0.0,0.0,0.0,,,,,,,,,,0.0,,,,18.571428571428573
2012_010_483176,483176,Stephon Gilmore,South Carolina,SEC,CORNERBACK,DB,2012,1,10,10,3,0.0,0.0,0.0,0.0,0.0,0.0,0.0,0.0,0.0,0.0,8.0,1.0,86.0,3.0,0.0,47.0,0.0,0.0,0.0,0.0,0.0,3.0,2.0,0.0,0.0,68.0,45.0,0.0,206.0,0.0,0.0,0.0,0.0,0.0,0.0,0.0,7.0,0.0,37.0,26.0,,35.0,,,14.0,0.6666666666666666,22.666666666666668,,5.285714285714286,15.666666666666666,4.5777777777777775,,,10.75
2012_013_379067,379067,Michael Floyd,Notre Dame,FBS Independents,WIDERECEIVER,WR,2012,1,13,13,4,0.0,0.0,0.0,0.0,0.0,0.0,0.0,0.0,0.0,0.0,0.0,0.0,0.0,0.0,0.0,0.0,0.0,0.0,0.0,0.0,0.0,0.0,0.0,0.0,0.0,0.0,7.0,0.0,44.0,0.0,0.0,0.0,0.0,271.0,37.0,3686.0,4.0,1.0,30.0,,,41.0,,88.0,10.0,,,13.601476014760149,7.5,,6.285714285714286,,,
2012_014_481978,481978,Michael Brockers,LSU,SEC,DEFENSIVETACKLE,DL,2012,1,14,14,1,0.0,0.0,0.0,0.0,0.0,0.0,0.0,0.0,0.0,0.0,1.0,0.0,0.0,0.0,0.0,0.0,0.0,0.0,0.0,0.0,0.0,0.0,0.0,0.0,0.0,0.0,0.0,0.0,0.0,0.0,0.0,0.0,0.0,0.0,0.0,0.0,0.0,0.0,0.0,,,,,,,,,,,,,,,0.0
2012_017_482654,482654,Dre Kirkpatrick,Alabama,SEC,CORNERBACK,DB,2012,1,17,17,1,0.0,0.0,0.0,0.0,0.0,0.0,0.0,0.0,0.0,0.0,3.0,0.0,30.0,0.0,0.0,0.0,0.0,0.0,0.0,0.0,0.0,0.0,0.0,0.0,0.0,0.0,0.0,0.0,0.0,0.0,0.0,0.0,0.0,0.0,0.0,0.0,0.0,0.0,0.0,,,,,,,,,,,,,,,10.0
2012_018_243365,243365,Melvin Ingram,South Carolina,SEC,DEFENSIVEEND,DL,2012,1,18,18,1,0.0,0.0,0.0,0.0,0.0,0.0,0.0,0.0,0.0,0.0,2.0,0.0,8.0,0.0,0.0,0.0,0.0,0.0,0.0,0.0,0.0,0.0,0.0,0.0,0.0,0.0,0.0,0.0,0.0,0.0,0.0,0.0,0.0,0.0,0.0,0.0,2.0,1.0,87.0,,,,,,68.0,,,,43.5,,,,,4.0
2012_019_232580,232580,Shea McClellin,Boise State,Western Athletic,OUTSIDELINEBACKER,LB,2012,1,19,19,3,0.0,0.0,0.0,0.0,0.0,0.0,0.0,0.0,0.0,0.0,4.0,1.0,42.0,0.0,0.0,0.0,0.0,0.0,0.0,0.0,0.0,0.0,0.0,0.0,0.0,0.0,0.0,0.0,0.0,0.0,0.0,0.0,0.0,0.0,0.0,0.0,0.0,0.0,0.0,,,,,,,,,,,,,,,10.5
2012_020_379430,379430,Kendall Wright,Baylor,Big 12,WIDERECEIVER,WR,2012,1,20,20,4,0.0,0.0,0.0,0.0,0.0,0.0,0.0,0.0,0.0,0.0,0.0,0.0,0.0,1.0,0.0,8.0,0.0,0.0,0.0,0.0,0.0,12.0,4.0,2.0,2.0,114.0,8.0,0.0,42.0,0.0,0.0,0.0,0.0,302.0,30.0,4004.0,75.0,2.0,425.0,8.0,,19.0,,87.0,37.0,0.3333333333333333,9.5,13.258278145695364,5.666666666666667,8.0,5.25,,,
2012_021_382576,382576,Chandler Jones,Syracuse,Big East,DEFENSIVEEND,DL,2012,1,21,21,1,0.0,0.0,0.0,0.0,0.0,0.0,0.0,0.0,0.0,0.0,1.0,0.0,32.0,0.0,0.0,0.0,0.0,0.0,0.0,0.0,0.0,0.0,0.0,0.0,0.0,0.0,0.0,0.0,0.0,0.0,0.0,0.0,0.0,0.0,0.0,0.0,0.0,0.0,0.0,,,,,,,,,,,,,,,32.0
2012_022_235677,235677,Brandon Weeden,Oklahoma State,Big 12,QUARTERBACK,QB,2012,1,22,22,4,0.0,0.0,0.0,0.0,0.0,0.0,0.0,0.0,0.0,0.0,0.0,0.0,0.0,0.0,0.0,0.0,0.0,0.0,0.0,0.0,0.0,1102.0,766.0,27.0,75.0,9260.0,0.0,0.0,0.0,0.0,0.0,0.0,0.0,0.0,0.0,0.0,39.0,1.0,-150.0,,,,,,19.0,0.6950998185117967,8.40290381125227,,-3.8461538461538463,,,,,
2012_025_382599,382599,Dont'a Hightower,Alabama,SEC,INSIDELINEBACKER,LB,2012,1,25,25,1,0.0,0.0,0.0,0.0,0.0,0.0,0.0,0.0,0.0,0.0,1.0,0.0,29.0,0.0,0.0,0.0,0.0,0.0,0.0,0.0,0.0,0.0,0.0,0.0,0.0,0.0,0.0,0.0,0.0,0.0,0.0,0.0,0.0,0.0,0.0,0.0,0.0,0.0,0.0,,,,,,,,,,,,,,,29.0
2012_029_500930,500930,Harrison Smith,Notre Dame,FBS Independents,SAFETY,DB,2012,1,29,29,1,0.0,0.0,0.0,0.0,0.0,0.0,0.0,0.0,0.0,0.0,7.0,0.0,54.0,0.0,0.0,0.0,0.0,0.0,0.0,0.0,0.0,0.0,0.0,0.0,0.0,0.0,0.0,0.0,0.0,0.0,0.0,0.0,0.0,0.0,0.0,0.0,0.0,0.0,0.0,,,,,,,,,,,,,,,7.714285714285714
2012_030_381685,381685,A.J. Jenkins,Illinois,Big Ten,WIDERECEIVER,WR,2012,1,30,30,4,0.0,0.0,0.0,0.0,0.0,0.0,0.0,0.0,0.0,0.0,0.0,0.0,0.0,16.0,0.0,283.0,0.0,0.0,0.0,0.0,0.0,0.0,0.0,0.0,0.0,0.0,1.0,0.0,0.0,0.0,0.0,0.0,0.0,167.0,19.0,2432.0,6.0,0.0,25.0,26.0,,0.0,,77.0,16.0,,,14.562874251497004,4.166666666666667,17.6875,0.0,,,
2012_031_232567,232567,Doug Martin,Boise State,Western Athletic,RUNNINGBACK,RB,2012,1,31,31,4,0.0,0.0,0.0,0.0,0.0,0.0,0.0,0.0,0.0,0.0,0.0,0.0,0.0,16.0,1.0,516.0,0.0,0.0,0.0,0.0,0.0,0.0,0.0,0.0,0.0,0.0,0.0,0.0,0.0,0.0,0.0,0.0,0.0,67.0,4.0,715.0,617.0,43.0,3431.0,100.0,,,,79.0,84.0,,,10.671641791044776,5.560777957860616,32.25,,,,
2012_032_480218,480218,David Wilson,Virginia Tech,ACC,RUNNINGBACK,RB,2012,1,32,32,3,0.0,0.0,0.0,0.0,0.0,0.0,0.0,0.0,0.0,0.0,0.0,0.0,0.0,61.0,2.0,1324.0,0.0,0.0,0.0,0.0,0.0,0.0,0.0,0.0,0.0,0.0,0.0,0.0,0.0,0.0,0.0,0.0,0.0,37.0,5.0,363.0,462.0,18.0,2662.0,92.0,,,,65.0,68.0,,,9.81081081081081,5.761904761904762,21.704918032786885,,,,
2012_034_236965,236965,Coby Fleener,Stanford,Pac-12,TIGHTEND,TE,2012,2,2,34,4,0.0,0.0,0.0,0.0,0.0,0.0,0.0,0.0,0.0,0.0,0.0,0.0,0.0,2.0,0.0,5.0,0.0,0.0,0.0,0.0,0.0,0.0,0.0,0.0,0.0,0.0,0.0,0.0,0.0,0.0,0.0,0.0,0.0,96.0,18.0,1543.0,0.0,0.0,0.0,4.0,,,,62.0,,,,16.072916666666668,,2.5,,,,
2012_035_382614,382614,Courtney Upshaw,Alabama,SEC,DEFENSIVEEND,DL,2012,2,3,35,1,0.0,0.0,0.0,0.0,0.0,0.0,0.0,0.0,0.0,0.0,1.0,1.0,45.0,0.0,0.0,0.0,0.0,0.0,0.0,0.0,0.0,0.0,0.0,0.0,0.0,0.0,0.0,0.0,0.0,0.0,0.0,0.0,0.0,0.0,0.0,0.0,0.0,0.0,0.0,,,,,,,,,,,,,,,45.0
2012_043_483021,483021,Stephen Hill,Georgia Tech,ACC,WIDERECEIVER,WR,2012,2,11,43,3,0.0,0.0,0.0,0.0,0.0,0.0,0.0,0.0,0.0,0.0,0.0,0.0,0.0,1.0,0.0,28.0,0.0,0.0,0.0,0.0,0.0,0.0,0.0,0.0,0.0,0.0,0.0,0.0,0.0,0.0,0.0,0.0,0.0,49.0,9.0,1248.0,12.0,1.0,147.0,28.0,,,,82.0,26.0,,,25.46938775510204,12.25,28.0,,,,
2012_044_377715,377715,Jeff Allen,Illinois,Big Ten,OFFENSIVEGUARD,OL,2012,2,12,44,1,0.0,0.0,0.0,0.0,0.0,0.0,0.0,0.0,0.0,0.0,0.0,0.0,0.0,0.0,0.0,0.0,0.0,0.0,0.0,0.0,0.0,0.0,0.0,0.0,0.0,0.0,0.0,0.0,0.0,0.0,0.0,0.0,0.0,1.0,0.0,2.0,0.0,0.0,0.0,,,,,2.0,,,,2.0,,,,,,
2012_045_483175,483175,Alshon Jeffery,South Carolina,SEC,WIDERECEIVER,WR,2012,2,13,45,3,0.0,0.0,0.0,0.0,0.0,0.0,0.0,0.0,0.0,0.0,0.0,0.0,0.0,1.0,0.0,35.0,0.0,0.0,0.0,0.0,0.0,0.0,0.0,0.0,0.0,0.0,0.0,0.0,0.0,0.0,0.0,0.0,0.0,183.0,23.0,3042.0,0.0,0.0,0.0,35.0,,,,80.0,,,,16.62295081967213,,35.0,,,,
2012_046_380698,380698,Mychal Kendricks,California,Pac-12,INSIDELINEBACKER,LB,2012,2,14,46,4,0.0,0.0,0.0,0.0,0.0,0.0,0.0,0.0,0.0,0.0,4.0,1.0,130.0,0.0,0.0,0.0,0.0,0.0,0.0,0.0,0.0,0.0,0.0,0.0,0.0,0.0,1.0,0.0,26.0,0.0,0.0,0.0,0.0,0.0,0.0,0.0,0.0,0.0,0.0,,,26.0,,,,,,,,,26.0,,,32.5
2012_047_382945,382945,Bobby Wagner,Utah State,Western Athletic,INSIDELINEBACKER,LB,2012,2,15,47,3,0.0,0.0,0.0,0.0,0.0,0.0,0.0,0.0,0.0,0.0,4.0,0.0,51.0,0.0,0.0,0.0,0.0,0.0,0.0,0.0,0.0,0.0,0.0,0.0,0.0,0.0,0.0,0.0,0.0,0.0,0.0,0.0,0.0,1.0,0.0,11.0,0.0,0.0,0.0,,,,,11.0,,,,11.0,,,,,,12.75
2012_048_381682,381682,Tavon Wilson,Illinois,Big Ten,SAFETY,DB,2012,2,16,48,3,0.0,0.0,0.0,0.0,0.0,0.0,0.0,0.0,0.0,0.0,3.0,0.0,5.0,0.0,0.0,0.0,0.0,0.0,0.0,0.0,0.0,0.0,0.0,0.0,0.0,0.0,0.0,0.0,0.0,0.0,0.0,0.0,0.0,0.0,0.0,0.0,0.0,0.0,0.0,,,,,,,,,,,,,,,1.6666666666666667
2012_049_237718,237718,Kendall Reyes,UConn,Big East,DEFENSIVETACKLE,DL,2012,2,17,49,1,0.0,0.0,0.0,0.0,0.0,0.0,0.0,0.0,0.0,0.0,2.0,0.0,81.0,0.0,0.0,0.0,0.0,0.0,0.0,0.0,0.0,0.0,0.0,0.0,0.0,0.0,0.0,0.0,0.0,0.0,0.0,0.0,0.0,0.0,0.0,0.0,0.0,0.0,0.0,,,,,,,,,,,,,,,40.5
2012_050_377970,377970,Isaiah Pead,Cincinnati,Big East,RUNNINGBACK,RB,2012,2,18,50,4,0.0,0.0,0.0,0.0,0.0,0.0,0.0,0.0,0.0,0.0,0.0,0.0,0.0,0.0,0.0,0.0,0.0,0.0,0.0,0.0,0.0,0.0,0.0,0.0,0.0,0.0,10.0,0.0,74.0,0.0,0.0,0.0,0.0,87.0,6.0,721.0,545.0,27.0,3288.0,,,34.0,,69.0,80.0,,,8.28735632183908,6.03302752293578,,7.4,,,
2012_052_381513,381513,Zach Brown,North Carolina,ACC,OUTSIDELINEBACKER,LB,2012,2,20,52,3,0.0,0.0,0.0,0.0,0.0,0.0,0.0,0.0,0.0,0.0,7.0,0.0,137.0,1.0,0.0,8.0,0.0,0.0,0.0,0.0,0.0,0.0,0.0,0.0,0.0,0.0,0.0,0.0,0.0,0.0,0.0,0.0,0.0,0.0,0.0,0.0,0.0,0.0,0.0,8.0,,,,,,,,,,8.0,,,,19.571428571428573
2012_054_232171,232171,Ryan Broyles,Oklahoma,Big 12,WIDERECEIVER,WR,2012,2,22,54,4,0.0,0.0,0.0,0.0,0.0,0.0,0.0,0.0,0.0,0.0,0.0,0.0,0.0,6.0,0.0,113.0,0.0,0.0,0.0,0.0,0.0,1.0,0.0,1.0,0.0,0.0,161.0,2.0,1194.0,0.0,0.0,0.0,0.0,349.0,45.0,4586.0,15.0,1.0,97.0,32.0,,87.0,,81.0,25.0,0.0,0.0,13.140401146131806,6.466666666666667,18.833333333333332,7.416149068322981,,,
2012_057_480396,480396,Brock Osweiler,Arizona State,Pac-12,QUARTERBACK,QB,2012,2,25,57,3,0.0,0.0,0.0,0.0,0.0,0.0,0.0,0.0,0.0,0.0,0.0,0.0,0.0,0.0,0.0,0.0,0.0,0.0,0.0,0.0,0.0,680.0,412.0,15.0,33.0,5082.0,0.0,0.0,0.0,0.0,0.0,0.0,0.0,0.0,0.0,0.0,137.0,4.0,221.0,,,,,,25.0,0.6058823529411764,7.473529411764706,,1.6131386861313868,,,,,
2012_058_501847,501847,Lavonte David,Nebraska,Big Ten,OUTSIDELINEBACKER,LB,2012,2,26,58,1,0.0,0.0,0.0,0.0,0.0,0.0,0.0,0.0,0.0,0.0,2.0,0.0,-2.0,0.0,0.0,0.0,0.0,0.0,0.0,0.0,0.0,0.0,0.0,0.0,0.0,0.0,0.0,0.0,0.0,0.0,0.0,0.0,0.0,0.0,0.0,0.0,1.0,0.0,6.0,,,,,,6.0,,,,6.0,,,,,-1.0
2012_062_382862,382862,Casey Hayward,Vanderbilt,SEC,CORNERBACK,DB,2012,2,30,62,3,0.0,0.0,0.0,0.0,0.0,0.0,0.0,0.0,0.0,0.0,15.0,1.0,126.0,1.0,0.0,11.0,0.0,0.0,0.0,0.0,0.0,0.0,0.0,0.0,0.0,0.0,1.0,0.0,12.0,0.0,0.0,0.0,0.0,0.0,0.0,0.0,5.0,0.0,60.0,11.0,,12.0,,,29.0,,,,12.0,11.0,12.0,,,8.4
2012_063_480208,480208,Rueben Randle,LSU,SEC,WIDERECEIVER,WR,2012,2,31,63,3,0.0,0.0,0.0,0.0,0.0,0.0,0.0,0.0,0.0,0.0,0.0,0.0,0.0,0.0,0.0,0.0,0.0,0.0,0.0,0.0,0.0,0.0,0.0,0.0,0.0,0.0,7.0,0.0,5.0,0.0,0.0,0.0,0.0,97.0,13.0,1634.0,0.0,0.0,0.0,,,6.0,,75.0,,,,16.84536082474227,,,0.7142857142857143,,,
2012_064_381462,381462,Dwayne Allen,Clemson,ACC,TIGHTEND,TE,2012,3,1,64,3,0.0,0.0,0.0,0.0,0.0,0.0,0.0,0.0,0.0,0.0,0.0,0.0,0.0,0.0,0.0,0.0,0.0,0.0,0.0,0.0,0.0,0.0,0.0,0.0,0.0,0.0,0.0,0.0,0.0,0.0,0.0,0.0,0.0,93.0,12.0,1079.0,0.0,0.0,0.0,,,,,54.0,,,,11.602150537634408,,,,,,
2012_066_483345,483345,Josh Robinson,UCF,Conference USA,CORNERBACK,DB,2012,3,3,66,3,0.0,0.0,0.0,0.0,0.0,0.0,0.0,0.0,0.0,0.0,10.0,2.0,147.0,4.0,0.0,94.0,0.0,0.0,0.0,0.0,0.0,0.0,0.0,0.0,0.0,0.0,35.0,0.0,355.0,0.0,0.0,0.0,0.0,0.0,0.0,0.0,0.0,0.0,0.0,34.0,,36.0,,,,,,,,23.5,10.142857142857142,,,14.7
2012_067_481156,481156,Ronnie Hillman,San Diego State,Mountain West,RUNNINGBACK,RB,2012,3,4,67,2,0.0,0.0,0.0,0.0,0.0,0.0,0.0,0.0,0.0,0.0,0.0,0.0,0.0,0.0,0.0,0.0,0.0,0.0,0.0,0.0,0.0,0.0,0.0,0.0,0.0,0.0,0.0,0.0,0.0,0.0,0.0,0.0,0.0,33.0,2.0,338.0,573.0,36.0,3243.0,,,,,71.0,99.0,,,10.242424242424242,5.659685863874346,,,,,
2012_068_381982,381982,DeVier Posey,Ohio State,Big Ten,WIDERECEIVER,WR,2012,3,5,68,4,0.0,0.0,0.0,0.0,0.0,0.0,0.0,0.0,0.0,0.0,0.0,0.0,0.0,1.0,0.0,24.0,0.0,0.0,0.0,0.0,0.0,1.0,1.0,0.0,1.0,39.0,6.0,0.0,9.0,0.0,0.0,0.0,0.0,136.0,18.0,1955.0,3.0,0.0,13.0,24.0,,5.0,,62.0,12.0,1.0,39.0,14.375,4.333333333333333,24.0,1.5,,,
2012_070_238199,238199,Bryan Anger,California,Pac-12,PUNTER,ST,2012,3,7,70,4,0.0,0.0,0.0,0.0,0.0,0.0,0.0,0.0,0.0,0.0,0.0,0.0,0.0,0.0,0.0,0.0,0.0,0.0,0.0,0.0,0.0,0.0,0.0,0.0,0.0,0.0,0.0,0.0,0.0,0.0,253.0,0.0,11067.0,0.0,0.0,0.0,1.0,0.0,5.0,,,,76.0,,5.0,,,,5.0,,,43.74308300395257,,
2012_073_378690,378690,Brandon Taylor,LSU,SEC,SAFETY,DB,2012,3,10,73,2,0.0,0.0,0.0,0.0,0.0,0.0,0.0,0.0,0.0,0.0,4.0,0.0,26.0,0.0,0.0,0.0,0.0,0.0,0.0,0.0,0.0,0.0,0.0,0.0,0.0,0.0,0.0,0.0,0.0,0.0,0.0,0.0,0.0,0.0,0.0,0.0,0.0,0.0,0.0,,,,,,,,,,,,,,,6.5
2012_075_238093,238093,Russell Wilson,Wisconsin,Big Ten,QUARTERBACK,QB,2012,3,12,75,4,0.0,0.0,0.0,0.0,0.0,0.0,0.0,0.0,0.0,0.0,0.0,0.0,0.0,0.0,0.0,0.0,0.0,0.0,0.0,0.0,0.0,1489.0,907.0,30.0,109.0,11720.0,0.0,0.0,0.0,0.0,0.0,0.0,0.0,4.0,1.0,60.0,441.0,23.0,1421.0,,,,,32.0,46.0,0.6091336467427804,7.871054398925453,15.0,3.2222222222222223,,,,,
2012_076_240381,240381,Brandon Brooks,Miami (OH),Mid-American,OFFENSIVEGUARD,OL,2012,3,13,76,1,0.0,0.0,0.0,0.0,0.0,0.0,0.0,0.0,0.0,0.0,0.0,0.0,0.0,0.0,0.0,0.0,0.0,0.0,0.0,0.0,0.0,0.0,0.0,0.0,0.0,0.0,0.0,0.0,0.0,0.0,0.0,0.0,0.0,0.0,0.0,1.0,0.0,0.0,0.0,,,,,1.0,,,,inf,,,,,,
2012_077_237801,237801,Demario Davis,Arkansas State,Sun Belt,OUTSIDELINEBACKER,LB,2012,3,14,77,3,0.0,0.0,0.0,0.0,0.0,0.0,0.0,0.0,0.0,0.0,4.0,1.0,112.0,0.0,0.0,0.0,0.0,0.0,0.0,0.0,0.0,0.0,0.0,0.0,0.0,0.0,0.0,0.0,0.0,0.0,0.0,0.0,0.0,2.0,0.0,16.0,0.0,0.0,0.0,,,,,9.0,,,,8.0,,,,,,28.0
2012_078_381402,381402,Michael Egnew,Missouri,Big 12,TIGHTEND,TE,2012,3,15,78,4,0.0,0.0,0.0,0.0,0.0,0.0,0.0,0.0,0.0,0.0,0.0,0.0,0.0,0.0,0.0,0.0,0.0,0.0,0.0,0.0,0.0,0.0,0.0,0.0,0.0,0.0,0.0,0.0,0.0,0.0,0.0,0.0,0.0,147.0,8.0,1332.0,3.0,0.0,8.0,,,,,39.0,7.0,,,9.06122448979592,2.6666666666666665,,,,,
2012_079_236679,236679,Brandon Hardin,Oregon State,Pac-10,SAFETY,DB,2012,3,16,79,1,0.0,0.0,0.0,0.0,0.0,0.0,0.0,0.0,0.0,0.0,1.0,0.0,0.0,0.0,0.0,0.0,0.0,0.0,0.0,0.0,0.0,0.0,0.0,0.0,0.0,0.0,0.0,0.0,0.0,0.0,0.0,0.0,0.0,0.0,0.0,0.0,0.0,0.0,0.0,,,,,,,,,,,,,,,0.0
2012_080_238029,238029,Jamell Fleming,Oklahoma,Big 12,CORNERBACK,DB,2012,3,17,80,2,0.0,0.0,0.0,0.0,0.0,0.0,0.0,0.0,0.0,0.0,7.0,1.0,82.0,0.0,0.0,0.0,0.0,0.0,0.0,0.0,0.0,0.0,0.0,0.0,0.0,0.0,0.0,0.0,0.0,0.0,0.0,0.0,0.0,0.0,0.0,0.0,0.0,0.0,0.0,,,,,,,,,,,,,,,11.714285714285714
2012_083_483132,483132,Mohamed Sanu,Rutgers,Big East,WIDERECEIVER,WR,2012,3,20,83,3,0.0,0.0,0.0,0.0,0.0,0.0,0.0,0.0,0.0,0.0,1.0,0.0,0.0,2.0,0.0,12.0,0.0,0.0,0.0,0.0,0.0,18.0,8.0,0.0,4.0,207.0,70.0,0.0,121.0,0.0,2.0,0.0,67.0,210.0,12.0,2263.0,125.0,9.0,653.0,14.0,,18.0,34.0,62.0,91.0,0.4444444444444444,11.5,10.776190476190475,5.224,6.0,1.7285714285714286,33.5,,0.0
2012_084_482169,482169,Bernard Pierce,Temple,Mid-American,RUNNINGBACK,RB,2012,3,21,84,3,0.0,0.0,0.0,0.0,0.0,0.0,0.0,0.0,0.0,0.0,0.0,0.0,0.0,1.0,0.0,23.0,0.0,0.0,0.0,0.0,0.0,0.0,0.0,0.0,0.0,0.0,0.0,0.0,0.0,0.0,0.0,0.0,0.0,19.0,1.0,178.0,639.0,50.0,3381.0,23.0,,,,37.0,68.0,,,9.36842105263158,5.291079812206573,23.0,,,,
2012_086_377711,377711,Sean Spence,Miami,ACC,OUTSIDELINEBACKER,LB,2012,3,23,86,1,0.0,0.0,0.0,0.0,0.0,0.0,0.0,0.0,0.0,0.0,1.0,1.0,7.0,0.0,0.0,0.0,0.0,0.0,0.0,0.0,0.0,0.0,0.0,0.0,0.0,0.0,0.0,0.0,0.0,0.0,0.0,0.0,0.0,0.0,0.0,0.0,0.0,0.0,0.0,,,,,,,,,,,,,,,7.0
2012_088_238803,238803,Nick Foles,Michigan State,Big Ten,QUARTERBACK,QB,2012,3,25,88,4,0.0,0.0,0.0,0.0,0.0,0.0,0.0,0.0,0.0,0.0,0.0,0.0,0.0,0.0,0.0,0.0,0.0,0.0,0.0,0.0,0.0,1403.0,938.0,33.0,67.0,10068.0,1.0,0.0,0.0,0.0,0.0,0.0,0.0,1.0,0.0,-9.0,105.0,4.0,-289.0,,,0.0,,0.0,24.0,0.6685673556664291,7.176051318602994,-9.0,-2.7523809523809524,,0.0,,,
2012_092_384853,384853,T.Y. Hilton,Florida International,Sun Belt,WIDERECEIVER,WR,2012,3,29,92,4,0.0,0.0,0.0,0.0,0.0,0.0,0.0,0.0,0.0,0.0,0.0,0.0,0.0,67.0,3.0,1908.0,0.0,0.0,0.0,0.0,0.0,2.0,2.0,0.0,1.0,38.0,76.0,1.0,521.0,0.0,0.0,0.0,0.0,226.0,23.0,3515.0,66.0,7.0,488.0,96.0,,97.0,,84.0,80.0,1.0,19.0,15.553097345132745,7.393939393939394,28.47761194029851,6.855263157894737,,,
2012_094_481682,481682,Jayron Hosley,Virginia Tech,ACC,CORNERBACK,DB,2012,3,31,94,3,0.0,0.0,0.0,0.0,0.0,0.0,0.0,0.0,0.0,0.0,12.0,0.0,166.0,10.0,0.0,219.0,0.0,0.0,0.0,0.0,0.0,0.0,0.0,0.0,0.0,0.0,113.0,2.0,815.0,0.0,0.0,0.0,0.0,0.0,0.0,0.0,0.0,0.0,0.0,50.0,,80.0,,,,,,,,21.9,7.212389380530974,,,13.833333333333334
2012_096_381585,381585,Chris Givens,Wake Forest,ACC,WIDERECEIVER,WR,2012,4,1,96,3,0.0,0.0,0.0,0.0,0.0,0.0,0.0,0.0,0.0,0.0,0.0,0.0,0.0,40.0,0.0,773.0,0.0,0.0,0.0,0.0,0.0,2.0,0.0,0.0,0.0,0.0,2.0,0.0,25.0,0.0,0.0,0.0,0.0,163.0,21.0,2473.0,45.0,2.0,238.0,38.0,,15.0,,81.0,22.0,0.0,0.0,15.171779141104295,5.288888888888889,19.325,12.5,,,
2012_097_480248,480248,Lamar Miller,Miami,ACC,RUNNINGBACK,RB,2012,4,2,97,2,0.0,0.0,0.0,0.0,0.0,0.0,0.0,0.0,0.0,0.0,0.0,0.0,0.0,15.0,1.0,376.0,0.0,0.0,0.0,0.0,0.0,0.0,0.0,0.0,0.0,0.0,3.0,0.0,16.0,0.0,0.0,0.0,0.0,28.0,1.0,181.0,335.0,15.0,1918.0,88.0,,15.0,,28.0,79.0,,,6.464285714285714,5.7253731343283585,25.066666666666663,5.333333333333333,,,
2012_100_382156,382156,Travis Benjamin,Miami,ACC,WIDERECEIVER,WR,2012,4,5,100,4,0.0,0.0,0.0,0.0,0.0,0.0,0.0,0.0,0.0,0.0,0.0,0.0,0.0,27.0,0.0,641.0,0.0,0.0,0.0,0.0,0.0,1.0,1.0,0.0,0.0,17.0,84.0,1.0,465.0,0.0,0.0,0.0,0.0,131.0,13.0,2146.0,25.0,1.0,126.0,54.0,,79.0,,77.0,36.0,1.0,17.0,16.38167938931298,5.04,23.74074074074074,5.535714285714286,,,
2012_101_231839,231839,Omar Bolden,Arizona State,Pac-10,CORNERBACK,DB,2012,4,6,101,4,0.0,0.0,0.0,0.0,0.0,0.0,0.0,0.0,0.0,0.0,7.0,2.0,114.0,13.0,2.0,444.0,0.0,0.0,0.0,0.0,0.0,0.0,0.0,0.0,0.0,0.0,1.0,0.0,0.0,0.0,0.0,0.0,0.0,0.0,0.0,0.0,0.0,0.0,0.0,97.0,,0.0,,,,,,,,34.15384615384615,0.0,,,16.285714285714285
2012_102_238910,238910,Kirk Cousins,Michigan State,Big Ten,QUARTERBACK,QB,2012,4,7,102,4,0.0,0.0,0.0,0.0,0.0,0.0,0.0,0.0,0.0,0.0,0.0,0.0,0.0,0.0,0.0,0.0,0.0,0.0,0.0,0.0,0.0,1128.0,723.0,30.0,66.0,9131.0,0.0,0.0,0.0,0.0,0.0,0.0,0.0,1.0,0.0,2.0,111.0,1.0,-127.0,,,,,2.0,41.0,0.6409574468085106,8.09485815602837,2.0,-1.1441441441441442,,,,,
2012_103_232169,232169,Frank Alexander,Oklahoma,Big 12,DEFENSIVEEND,DL,2012,4,8,103,1,0.0,0.0,0.0,0.0,0.0,0.0,0.0,0.0,0.0,0.0,1.0,0.0,27.0,0.0,0.0,0.0,0.0,0.0,0.0,0.0,0.0,0.0,0.0,0.0,0.0,0.0,0.0,0.0,0.0,0.0,0.0,0.0,0.0,0.0,0.0,0.0,0.0,0.0,0.0,,,,,,,,,,,,,,,27.0
2012_104_382617,382617,Joe Adams,Arkansas,SEC,WIDERECEIVER,WR,2012,4,9,104,4,0.0,0.0,0.0,0.0,0.0,0.0,0.0,0.0,0.0,0.0,0.0,0.0,0.0,6.0,0.0,104.0,0.0,0.0,0.0,0.0,0.0,1.0,1.0,0.0,1.0,6.0,63.0,5.0,570.0,0.0,0.0,0.0,0.0,164.0,17.0,2410.0,27.0,2.0,248.0,28.0,,97.0,,85.0,92.0,1.0,6.0,14.695121951219512,9.185185185185183,17.333333333333332,9.047619047619047,,,
2012_105_377665,377665,Nigel Bradham,Florida State,ACC,OUTSIDELINEBACKER,LB,2012,4,10,105,4,0.0,0.0,0.0,0.0,0.0,0.0,0.0,0.0,0.0,0.0,3.0,0.0,30.0,3.0,0.0,24.0,0.0,0.0,0.0,0.0,0.0,0.0,0.0,0.0,0.0,0.0,0.0,0.0,0.0,0.0,0.0,0.0,0.0,0.0,0.0,0.0,1.0,0.0,2.0,18.0,,,,,2.0,,,,2.0,8.0,,,,10.0
2012_106_238371,238371,Robert Turbin,Utah State,Western Athletic,RUNNINGBACK,RB,2012,4,11,106,4,0.0,0.0,0.0,0.0,0.0,0.0,0.0,0.0,0.0,0.0,0.0,0.0,0.0,0.0,0.0,0.0,0.0,0.0,0.0,0.0,0.0,0.0,0.0,0.0,0.0,0.0,0.0,0.0,0.0,0.0,0.0,0.0,0.0,67.0,11.0,845.0,565.0,40.0,3315.0,,,,,77.0,96.0,,,12.611940298507465,5.867256637168142,,,,,
2012_107_242338,242338,Devon Wylie,Fresno State,Western Athletic,WIDERECEIVER,WR,2012,4,12,107,5,0.0,0.0,0.0,0.0,0.0,0.0,0.0,0.0,0.0,0.0,0.0,0.0,0.0,0.0,0.0,0.0,0.0,0.0,0.0,0.0,0.0,0.0,0.0,0.0,0.0,0.0,54.0,2.0,553.0,0.0,0.0,0.0,0.0,98.0,8.0,1327.0,18.0,0.0,118.0,,,79.0,,71.0,25.0,,,13.540816326530612,6.555555555555555,,10.24074074074074,,,
2012_110_384896,384896,Ladarius Green,Louisiana,Sun Belt,TIGHTEND,TE,2012,4,15,110,4,0.0,0.0,0.0,0.0,0.0,0.0,0.0,0.0,0.0,0.0,0.0,0.0,0.0,0.0,0.0,0.0,0.0,0.0,0.0,0.0,0.0,0.0,0.0,0.0,0.0,0.0,0.0,0.0,0.0,0.0,0.0,0.0,0.0,149.0,22.0,2201.0,1.0,0.0,20.0,,,,,91.0,20.0,,,14.771812080536913,20.0,,,,,
2012_111_241818,241818,Evan Rodriguez,Temple,Mid-American,TIGHTEND,TE,2012,4,16,111,3,0.0,0.0,0.0,0.0,0.0,0.0,0.0,0.0,0.0,0.0,0.0,0.0,0.0,0.0,0.0,0.0,0.0,0.0,0.0,0.0,0.0,0.0,0.0,0.0,0.0,0.0,0.0,0.0,0.0,0.0,0.0,0.0,0.0,68.0,7.0,868.0,1.0,0.0,1.0,,,,,55.0,1.0,,,12.764705882352942,1.0,,,,,
2012_115_238205,238205,Coty Sensabaugh,Clemson,ACC,CORNERBACK,DB,2012,4,20,115,4,0.0,0.0,0.0,0.0,0.0,0.0,0.0,0.0,0.0,0.0,4.0,0.0,11.0,0.0,0.0,0.0,0.0,0.0,0.0,0.0,0.0,0.0,0.0,0.0,0.0,0.0,0.0,0.0,0.0,0.0,0.0,0.0,0.0,0.0,0.0,0.0,0.0,0.0,0.0,,,,,,,,,,,,,,,2.75
2012_116_482765,482765,Orson Charles,Georgia,SEC,TIGHTEND,TE,2012,4,21,116,3,0.0,0.0,0.0,0.0,0.0,0.0,0.0,0.0,0.0,0.0,0.0,0.0,0.0,0.0,0.0,0.0,0.0,0.0,0.0,0.0,0.0,0.0,0.0,0.0,0.0,0.0,1.0,0.0,4.0,0.0,0.0,0.0,0.0,94.0,10.0,1370.0,0.0,0.0,0.0,,,4.0,,44.0,,,,14.574468085106384,,,4.0,,,
2012_118_382643,382643,Jarius Wright,Arkansas,SEC,WIDERECEIVER,WR,2012,4,23,118,4,0.0,0.0,0.0,0.0,0.0,0.0,0.0,0.0,0.0,0.0,0.0,0.0,0.0,0.0,0.0,0.0,0.0,0.0,0.0,0.0,0.0,0.0,0.0,0.0,0.0,0.0,16.0,0.0,47.0,0.0,0.0,0.0,0.0,168.0,24.0,2934.0,2.0,0.0,10.0,,,24.0,,89.0,9.0,,,17.464285714285715,5.0,,2.9375,,,
2012_119_236775,236775,Keenan Robinson,Texas,Big 12,OUTSIDELINEBACKER,LB,2012,4,24,119,1,0.0,0.0,0.0,0.0,0.0,0.0,0.0,0.0,0.0,0.0,2.0,0.0,0.0,0.0,0.0,0.0,0.0,0.0,0.0,0.0,0.0,0.0,0.0,0.0,0.0,0.0,0.0,0.0,0.0,0.0,0.0,0.0,0.0,0.0,0.0,0.0,0.0,0.0,0.0,,,,,,,,,,,,,,,0.0
2012_120_241126,241126,James-Michael Johnson,Nevada,Western Athletic,INSIDELINEBACKER,LB,2012,4,25,120,2,0.0,0.0,0.0,0.0,0.0,0.0,0.0,0.0,0.0,0.0,2.0,0.0,7.0,0.0,0.0,0.0,0.0,0.0,0.0,0.0,0.0,0.0,0.0,0.0,0.0,0.0,0.0,0.0,0.0,0.0,0.0,0.0,0.0,0.0,0.0,0.0,0.0,0.0,0.0,,,,,,,,,,,,,,,3.5
2012_121_381922,381922,Keshawn Martin,Michigan State,Big Ten,WIDERECEIVER,WR,2012,4,26,121,4,0.0,0.0,0.0,0.0,0.0,0.0,0.0,0.0,0.0,0.0,0.0,0.0,0.0,45.0,1.0,1050.0,0.0,0.0,0.0,0.0,0.0,9.0,8.0,0.0,2.0,158.0,121.0,2.0,659.0,0.0,0.0,0.0,0.0,127.0,10.0,1714.0,64.0,3.0,540.0,93.0,,74.0,,91.0,84.0,0.8888888888888888,17.555555555555557,13.496062992125983,8.4375,23.333333333333332,5.446280991735537,,,
2012_122_236687,236687,Nick Toon,Wisconsin,Big Ten,WIDERECEIVER,WR,2012,4,27,122,4,0.0,0.0,0.0,0.0,0.0,0.0,0.0,0.0,0.0,0.0,0.0,0.0,0.0,1.0,0.0,0.0,0.0,0.0,0.0,0.0,0.0,0.0,0.0,0.0,0.0,0.0,0.0,0.0,0.0,0.0,0.0,0.0,0.0,171.0,18.0,2447.0,6.0,0.0,34.0,0.0,,,,59.0,12.0,,,14.309941520467836,5.666666666666667,0.0,,,,
2012_123_382675,382675,Brandon Boykin,Georgia,SEC,CORNERBACK,DB,2012,4,28,123,3,0.0,0.0,0.0,0.0,0.0,0.0,0.0,0.0,0.0,0.0,9.0,0.0,36.0,110.0,4.0,2660.0,0.0,0.0,0.0,0.0,0.0,0.0,0.0,0.0,0.0,0.0,32.0,1.0,180.0,0.0,0.0,0.0,0.0,5.0,2.0,71.0,7.0,1.0,103.0,100.0,,92.0,,42.0,80.0,,,14.2,14.714285714285714,24.181818181818183,5.625,,,4.0
2012_124_232419,232419,Ron Brooks,LSU,SEC,CORNERBACK,DB,2012,4,29,124,3,0.0,0.0,0.0,0.0,0.0,0.0,0.0,0.0,0.0,0.0,3.0,3.0,106.0,25.0,0.0,495.0,0.0,0.0,0.0,0.0,0.0,0.0,0.0,0.0,0.0,0.0,0.0,0.0,0.0,0.0,0.0,0.0,0.0,0.0,0.0,0.0,0.0,0.0,0.0,50.0,,,,,,,,,,19.8,,,,35.333333333333336
2012_125_481629,481629,Ronnell Lewis,Oklahoma,Big 12,OUTSIDELINEBACKER,LB,2012,4,30,125,2,0.0,0.0,0.0,0.0,0.0,0.0,0.0,0.0,0.0,0.0,2.0,1.0,23.0,0.0,0.0,0.0,0.0,0.0,0.0,0.0,0.0,0.0,0.0,0.0,0.0,0.0,0.0,0.0,0.0,0.0,0.0,0.0,0.0,0.0,0.0,0.0,0.0,0.0,0.0,,,,,,,,,,,,,,,11.5
2012_127_232822,232822,Adrien Robinson,Cincinnati,Big East,TIGHTEND,TE,2012,4,32,127,4,0.0,0.0,0.0,0.0,0.0,0.0,0.0,0.0,0.0,0.0,0.0,0.0,0.0,0.0,0.0,0.0,0.0,0.0,0.0,0.0,0.0,0.0,0.0,0.0,0.0,0.0,0.0,0.0,0.0,0.0,0.0,0.0,0.0,29.0,5.0,434.0,0.0,0.0,0.0,,,,,72.0,,,,14.96551724137931,,,,,,
2012_128_236576,236576,Rhett Ellison,USC,Pac-12,FULLBACK,RB,2012,4,33,128,4,0.0,0.0,0.0,0.0,0.0,0.0,0.0,0.0,0.0,0.0,0.0,0.0,0.0,0.0,0.0,0.0,0.0,0.0,0.0,0.0,0.0,0.0,0.0,0.0,0.0,0.0,0.0,0.0,0.0,0.0,0.0,0.0,0.0,53.0,6.0,471.0,1.0,0.0,-5.0,,,,,29.0,0.0,,,8.88679245283019,-5.0,,,,,
2012_132_236531,236531,Mike Daniels,Iowa,Big Ten,DEFENSIVETACKLE,DL,2012,4,37,132,1,0.0,0.0,0.0,0.0,0.0,0.0,0.0,0.0,0.0,0.0,0.0,0.0,0.0,1.0,0.0,10.0,0.0,0.0,0.0,0.0,0.0,0.0,0.0,0.0,0.0,0.0,0.0,0.0,0.0,0.0,0.0,0.0,0.0,0.0,0.0,0.0,0.0,0.0,0.0,10.0,,,,,,,,,,10.0,,,,
2012_134_382621,382621,Greg Childs,Arkansas,SEC,WIDERECEIVER,WR,2012,4,39,134,4,0.0,0.0,0.0,0.0,0.0,0.0,0.0,0.0,0.0,0.0,0.0,0.0,0.0,0.0,0.0,0.0,0.0,0.0,0.0,0.0,0.0,0.0,0.0,0.0,0.0,0.0,0.0,0.0,0.0,0.0,0.0,0.0,0.0,133.0,15.0,2066.0,0.0,0.0,0.0,,,,,75.0,,,,15.533834586466163,,,,,,
2012_137_379401,379401,Malik Jackson,Tennessee,SEC,DEFENSIVEEND,DL,2012,5,2,137,1,0.0,0.0,0.0,0.0,0.0,0.0,0.0,0.0,0.0,0.0,1.0,0.0,44.0,0.0,0.0,0.0,0.0,0.0,0.0,0.0,0.0,0.0,0.0,0.0,0.0,0.0,0.0,0.0,0.0,0.0,0.0,0.0,0.0,0.0,0.0,0.0,0.0,0.0,0.0,,,,,,,,,,,,,,,44.0
2012_138_385316,385316,Tahir Whitehead,Temple,Mid-American,OUTSIDELINEBACKER,LB,2012,5,3,138,1,0.0,0.0,0.0,0.0,0.0,0.0,0.0,0.0,0.0,0.0,1.0,0.0,6.0,0.0,0.0,0.0,0.0,0.0,0.0,0.0,0.0,0.0,0.0,0.0,0.0,0.0,0.0,0.0,0.0,0.0,0.0,0.0,0.0,0.0,0.0,0.0,0.0,0.0,0.0,,,,,,,,,,,,,,,6.0
2012_139_385320,385320,Robert Blanton,Notre Dame,FBS Independents,SAFETY,DB,2012,5,4,139,4,0.0,0.0,0.0,0.0,0.0,0.0,0.0,0.0,0.0,0.0,8.0,1.0,128.0,0.0,0.0,0.0,0.0,0.0,0.0,0.0,0.0,0.0,0.0,0.0,0.0,0.0,2.0,1.0,27.0,0.0,0.0,0.0,0.0,0.0,0.0,0.0,0.0,0.0,0.0,,,25.0,,,,,,,,,13.5,,,16.0
2012_140_238903,238903,Najee Goode,West Virginia,Big East,INSIDELINEBACKER,LB,2012,5,5,140,2,0.0,0.0,0.0,0.0,0.0,0.0,0.0,0.0,0.0,0.0,2.0,0.0,43.0,0.0,0.0,0.0,0.0,0.0,0.0,0.0,0.0,0.0,0.0,0.0,0.0,0.0,0.0,0.0,0.0,0.0,0.0,0.0,0.0,0.0,0.0,0.0,0.0,0.0,0.0,,,,,,,,,,,,,,,21.5
2012_142_241377,241377,Brandon Marshall,Nevada,Western Athletic,OUTSIDELINEBACKER,LB,2012,5,7,142,2,0.0,0.0,0.0,0.0,0.0,0.0,0.0,0.0,0.0,0.0,3.0,0.0,22.0,0.0,0.0,0.0,0.0,0.0,0.0,0.0,0.0,0.0,0.0,0.0,0.0,0.0,0.0,0.0,0.0,0.0,0.0,0.0,0.0,0.0,0.0,0.0,0.0,0.0,0.0,,,,,,,,,,,,,,,7.333333333333333
2012_147_237224,237224,Tank Carder,TCU,Mountain West,OUTSIDELINEBACKER,LB,2012,5,12,147,3,0.0,0.0,0.0,0.0,0.0,0.0,0.0,0.0,0.0,0.0,4.0,3.0,110.0,0.0,0.0,0.0,0.0,0.0,0.0,0.0,0.0,0.0,0.0,0.0,0.0,0.0,0.0,0.0,0.0,0.0,0.0,0.0,0.0,0.0,0.0,0.0,0.0,0.0,0.0,,,,,,,,,,,,,,,27.5
2012_152_236822,236822,Danny Coale,Virginia Tech,ACC,WIDERECEIVER,WR,2012,5,17,152,4,0.0,0.0,0.0,0.0,0.0,0.0,0.0,0.0,0.0,0.0,0.0,0.0,0.0,0.0,0.0,0.0,0.0,0.0,0.0,0.0,0.0,0.0,0.0,0.0,0.0,0.0,21.0,0.0,74.0,0.0,13.0,0.0,565.0,165.0,8.0,2658.0,13.0,0.0,45.0,,,19.0,61.0,81.0,26.0,,,16.10909090909091,3.4615384615384617,,3.5238095238095237,43.46153846153846,,
2012_156_381741,381741,Shaun Prater,Iowa,Big Ten,CORNERBACK,DB,2012,5,21,156,3,0.0,0.0,0.0,0.0,0.0,0.0,0.0,0.0,0.0,0.0,7.0,2.0,173.0,0.0,0.0,0.0,0.0,0.0,0.0,0.0,0.0,0.0,0.0,0.0,0.0,0.0,0.0,0.0,0.0,0.0,0.0,0.0,0.0,0.0,0.0,0.0,0.0,0.0,0.0,,,,,,,,,,,,,,,24.714285714285715
2012_157_380971,380971,Bradie Ewing,Wisconsin,Big Ten,FULLBACK,RB,2012,5,22,157,4,0.0,0.0,0.0,0.0,0.0,0.0,0.0,0.0,0.0,0.0,0.0,0.0,0.0,7.0,0.0,135.0,0.0,0.0,0.0,0.0,0.0,0.0,0.0,0.0,0.0,0.0,1.0,0.0,4.0,0.0,0.0,0.0,0.0,28.0,2.0,328.0,7.0,2.0,33.0,30.0,,4.0,,41.0,8.0,,,11.714285714285714,4.714285714285714,19.285714285714285,4.0,,,
2012_159_235222,235222,Chris Rainey,Florida,SEC,RUNNINGBACK,RB,2012,5,24,159,5,0.0,0.0,0.0,0.0,0.0,0.0,0.0,0.0,0.0,0.0,0.0,0.0,0.0,16.0,0.0,409.0,0.0,0.0,0.0,0.0,0.0,0.0,0.0,0.0,0.0,0.0,32.0,2.0,235.0,0.0,0.0,0.0,0.0,69.0,6.0,795.0,396.0,13.0,2464.0,51.0,,31.0,,83.0,76.0,,,11.521739130434783,6.222222222222222,25.5625,7.34375,,,
2012_161_385266,385266,Randy Bullock,Texas A&M,Big 12,PLACEKICKER,ST,2012,5,26,161,4,0.0,0.0,0.0,0.0,0.0,0.0,0.0,0.0,0.0,0.0,0.0,0.0,0.0,0.0,0.0,0.0,80.0,63.0,365.0,177.0,176.0,0.0,0.0,0.0,0.0,0.0,0.0,0.0,0.0,0.0,2.0,0.0,45.0,0.0,0.0,0.0,0.0,0.0,0.0,,52.0,,24.0,,,,,,,,,22.5,0.7875,
2012_163_511310,511310,Terrell Manning,NC State,ACC,OUTSIDELINEBACKER,LB,2012,5,28,163,1,0.0,0.0,0.0,0.0,0.0,0.0,0.0,0.0,0.0,0.0,3.0,0.0,9.0,0.0,0.0,0.0,0.0,0.0,0.0,0.0,0.0,0.0,0.0,0.0,0.0,0.0,0.0,0.0,0.0,0.0,0.0,0.0,0.0,0.0,0.0,0.0,0.0,0.0,0.0,,,,,,,,,,,,,,,3.0
2012_165_385329,385329,Darius Fleming,Notre Dame,FBS Independents,OUTSIDELINEBACKER,LB,2012,5,30,165,2,0.0,0.0,0.0,0.0,0.0,0.0,0.0,0.0,0.0,0.0,2.0,0.0,34.0,0.0,0.0,0.0,0.0,0.0,0.0,0.0,0.0,0.0,0.0,0.0,0.0,0.0,0.0,0.0,0.0,0.0,0.0,0.0,0.0,0.0,0.0,0.0,0.0,0.0,0.0,,,,,,,,,,,,,,,17.0
2012_167_378312,378312,George Iloka,Boise State,Western Athletic,SAFETY,DB,2012,5,32,167,3,0.0,0.0,0.0,0.0,0.0,0.0,0.0,0.0,0.0,0.0,7.0,0.0,33.0,0.0,0.0,0.0,0.0,0.0,0.0,0.0,0.0,0.0,0.0,0.0,0.0,0.0,0.0,0.0,0.0,0.0,0.0,0.0,0.0,0.0,0.0,0.0,0.0,0.0,0.0,,,,,,,,,,,,,,,4.714285714285714
2012_168_378104,378104,Juron Criner,Arizona,Pac-12,WIDERECEIVER,WR,2012,5,33,168,4,0.0,0.0,0.0,0.0,0.0,0.0,0.0,0.0,0.0,0.0,0.0,0.0,0.0,1.0,0.0,24.0,0.0,0.0,0.0,0.0,0.0,0.0,0.0,0.0,0.0,0.0,0.0,0.0,0.0,0.0,0.0,0.0,0.0,209.0,32.0,2859.0,17.0,0.0,129.0,24.0,,,,85.0,21.0,,,13.679425837320574,7.588235294117647,24.0,,,,
2012_170_501566,501566,Vick Ballard,Mississippi State,SEC,RUNNINGBACK,RB,2012,5,35,170,2,0.0,0.0,0.0,0.0,0.0,0.0,0.0,0.0,0.0,0.0,0.0,0.0,0.0,0.0,0.0,0.0,0.0,0.0,0.0,0.0,0.0,0.0,0.0,0.0,0.0,0.0,0.0,0.0,0.0,0.0,0.0,0.0,0.0,30.0,2.0,293.0,379.0,29.0,2157.0,,,,,22.0,75.0,,,9.766666666666667,5.691292875989446,,,,,
2012_173_232857,232857,Alfred Morris,Florida Atlantic,Sun Belt,RUNNINGBACK,RB,2012,6,3,173,4,0.0,0.0,0.0,0.0,0.0,0.0,0.0,0.0,0.0,0.0,0.0,0.0,0.0,2.0,0.0,14.0,0.0,0.0,0.0,0.0,0.0,0.0,0.0,0.0,0.0,0.0,0.0,0.0,0.0,0.0,0.0,0.0,0.0,29.0,4.0,294.0,711.0,27.0,3457.0,9.0,,,,38.0,48.0,,,10.137931034482758,4.862165963431786,7.0,,,,
2012_174_242063,242063,Keith Tandy,West Virginia,Big East,CORNERBACK,DB,2012,6,4,174,3,0.0,0.0,0.0,0.0,0.0,0.0,0.0,0.0,0.0,0.0,13.0,0.0,121.0,0.0,0.0,0.0,0.0,0.0,0.0,0.0,0.0,0.0,0.0,0.0,0.0,0.0,0.0,0.0,0.0,0.0,0.0,0.0,0.0,0.0,0.0,0.0,0.0,0.0,0.0,,,,,,,,,,,,,,,9.307692307692308
2012_175_379207,379207,Blair Walsh,Georgia,SEC,PLACEKICKER,ST,2012,6,5,175,4,0.0,0.0,0.0,0.0,0.0,0.0,0.0,0.0,0.0,0.0,0.0,0.0,0.0,0.0,0.0,0.0,103.0,76.0,412.0,185.0,184.0,0.0,0.0,0.0,0.0,0.0,0.0,0.0,0.0,0.0,0.0,0.0,0.0,0.0,0.0,0.0,0.0,0.0,0.0,,56.0,,,,,,,,,,,,0.7378640776699029,
2012_176_507160,507160,Mike Harris,Florida State,ACC,CORNERBACK,DB,2012,6,6,176,2,0.0,0.0,0.0,0.0,0.0,0.0,0.0,0.0,0.0,0.0,5.0,0.0,101.0,0.0,0.0,0.0,0.0,0.0,0.0,0.0,0.0,0.0,0.0,0.0,0.0,0.0,0.0,0.0,0.0,0.0,0.0,0.0,0.0,1.0,0.0,33.0,0.0,0.0,0.0,,,,,33.0,,,,33.0,,,,,,20.2
2012_182_378051,378051,Cyrus Gray,Texas A&M,Big 12,RUNNINGBACK,RB,2012,6,12,182,4,0.0,0.0,0.0,0.0,0.0,0.0,0.0,0.0,0.0,0.0,0.0,0.0,0.0,50.0,1.0,1180.0,0.0,0.0,0.0,0.0,0.0,2.0,1.0,0.0,1.0,14.0,0.0,0.0,0.0,0.0,0.0,0.0,0.0,103.0,6.0,776.0,632.0,30.0,3298.0,99.0,,,,28.0,84.0,0.5,7.0,7.533980582524272,5.218354430379747,23.6,,,,
2012_183_238800,238800,B.J. Cunningham,Michigan State,Big Ten,WIDERECEIVER,WR,2012,6,13,183,4,0.0,0.0,0.0,0.0,0.0,0.0,0.0,0.0,0.0,0.0,0.0,0.0,0.0,0.0,0.0,0.0,0.0,0.0,0.0,0.0,0.0,0.0,0.0,0.0,0.0,0.0,0.0,0.0,0.0,0.0,0.0,0.0,0.0,218.0,25.0,3086.0,8.0,0.0,82.0,,,,,73.0,29.0,,,14.155963302752294,10.25,,,,,
2012_184_383164,383164,Isaiah Frey,Nevada,Western Athletic,CORNERBACK,DB,2012,6,14,184,3,0.0,0.0,0.0,0.0,0.0,0.0,0.0,0.0,0.0,0.0,7.0,0.0,34.0,0.0,0.0,0.0,0.0,0.0,0.0,0.0,0.0,0.0,0.0,0.0,0.0,0.0,1.0,0.0,0.0,0.0,0.0,0.0,0.0,0.0,0.0,0.0,0.0,0.0,0.0,,,0.0,,,,,,,,,0.0,,,4.857142857142857
2012_185_238239,238239,Ryan Lindley,San Diego State,Mountain West,QUARTERBACK,QB,2012,6,15,185,4,0.0,0.0,0.0,0.0,0.0,0.0,0.0,0.0,0.0,0.0,0.0,0.0,0.0,0.0,0.0,0.0,0.0,0.0,0.0,0.0,0.0,1732.0,961.0,47.0,90.0,12690.0,0.0,0.0,0.0,0.0,0.0,0.0,0.0,0.0,0.0,0.0,90.0,2.0,-275.0,,,,,,15.0,0.5548498845265589,7.326789838337183,,-3.0555555555555554,,,,,
2012_186_377838,377838,James Hanna,Oklahoma,Big 12,TIGHTEND,TE,2012,6,16,186,4,0.0,0.0,0.0,0.0,0.0,0.0,0.0,0.0,0.0,0.0,0.0,0.0,0.0,2.0,0.0,9.0,0.0,0.0,0.0,0.0,0.0,0.0,0.0,0.0,0.0,0.0,0.0,0.0,0.0,0.0,0.0,0.0,0.0,52.0,9.0,720.0,0.0,0.0,0.0,5.0,,,,76.0,,,,13.846153846153848,,4.5,,,,
2012_187_235610,235610,Josh Bush,Wake Forest,ACC,SAFETY,DB,2012,6,17,187,2,0.0,0.0,0.0,0.0,0.0,0.0,0.0,0.0,0.0,0.0,7.0,0.0,176.0,1.0,0.0,7.0,0.0,0.0,0.0,0.0,0.0,0.0,0.0,0.0,0.0,0.0,0.0,0.0,0.0,0.0,0.0,0.0,0.0,1.0,0.0,1.0,0.0,0.0,0.0,7.0,,,,1.0,,,,1.0,,7.0,,,,25.142857142857142
2012_188_382902,382902,Danny Trevathan,Kentucky,SEC,OUTSIDELINEBACKER,LB,2012,6,18,188,2,0.0,0.0,0.0,0.0,0.0,0.0,0.0,0.0,0.0,0.0,4.0,0.0,73.0,0.0,0.0,0.0,0.0,0.0,0.0,0.0,0.0,0.0,0.0,0.0,0.0,0.0,1.0,0.0,10.0,0.0,0.0,0.0,0.0,0.0,0.0,0.0,0.0,0.0,0.0,,,10.0,,,,,,,,,10.0,,,18.25
2012_190_377911,377911,Markelle Martin,Oklahoma State,Big 12,SAFETY,DB,2012,6,20,190,1,0.0,0.0,0.0,0.0,0.0,0.0,0.0,0.0,0.0,0.0,3.0,1.0,62.0,0.0,0.0,0.0,0.0,0.0,0.0,0.0,0.0,0.0,0.0,0.0,0.0,0.0,0.0,0.0,0.0,0.0,0.0,0.0,0.0,0.0,0.0,0.0,0.0,0.0,0.0,,,,,,,,,,,,,,,20.666666666666668
2012_192_382749,382749,Charles Mitchell,Mississippi State,SEC,SAFETY,DB,2012,6,22,192,1,0.0,0.0,0.0,0.0,0.0,0.0,0.0,0.0,0.0,0.0,4.0,1.0,131.0,0.0,0.0,0.0,0.0,0.0,0.0,0.0,0.0,0.0,0.0,0.0,0.0,0.0,0.0,0.0,0.0,0.0,0.0,0.0,0.0,0.0,0.0,0.0,0.0,0.0,0.0,,,,,,,,,,,,,,,32.75
2012_194_236639,236639,Marvin McNutt,Iowa,Big Ten,WIDERECEIVER,WR,2012,6,24,194,4,0.0,0.0,0.0,0.0,0.0,0.0,0.0,0.0,0.0,0.0,0.0,0.0,0.0,1.0,0.0,14.0,0.0,0.0,0.0,0.0,0.0,6.0,1.0,1.0,0.0,10.0,0.0,0.0,0.0,0.0,0.0,0.0,0.0,170.0,28.0,2861.0,8.0,0.0,63.0,14.0,,,,92.0,19.0,0.1666666666666666,1.6666666666666667,16.82941176470588,7.875,14.0,,,,
2012_196_482202,482202,Jonte Green,New Mexico State,Western Athletic,CORNERBACK,DB,2012,6,26,196,1,0.0,0.0,0.0,0.0,0.0,0.0,0.0,0.0,0.0,0.0,2.0,0.0,33.0,0.0,0.0,0.0,0.0,0.0,0.0,0.0,0.0,0.0,0.0,0.0,0.0,0.0,0.0,0.0,0.0,0.0,0.0,0.0,0.0,0.0,0.0,0.0,0.0,0.0,0.0,,,,,,,,,,,,,,,16.5
2012_198_382158,382158,Tommy Streeter,Miami,ACC,WIDERECEIVER,WR,2012,6,28,198,3,0.0,0.0,0.0,0.0,0.0,0.0,0.0,0.0,0.0,0.0,0.0,0.0,0.0,0.0,0.0,0.0,0.0,0.0,0.0,0.0,0.0,0.0,0.0,0.0,0.0,0.0,0.0,0.0,0.0,0.0,0.0,0.0,0.0,52.0,9.0,967.0,0.0,0.0,0.0,,,,,57.0,,,,18.596153846153847,,,,,,
2012_202_480729,480729,Terrance Ganaway,Baylor,Big 12,RUNNINGBACK,RB,2012,6,32,202,3,0.0,0.0,0.0,0.0,0.0,0.0,0.0,0.0,0.0,0.0,0.0,0.0,0.0,1.0,1.0,38.0,0.0,0.0,0.0,0.0,0.0,0.0,0.0,0.0,0.0,0.0,0.0,0.0,0.0,0.0,0.0,0.0,0.0,12.0,1.0,133.0,364.0,28.0,2042.0,38.0,,,,24.0,89.0,,,11.083333333333334,5.6098901098901095,38.0,,,,
2012_204_380109,380109,Emmanuel Acho,Texas,Big 12,INSIDELINEBACKER,LB,2012,6,34,204,2,0.0,0.0,0.0,0.0,0.0,0.0,0.0,0.0,0.0,0.0,2.0,1.0,70.0,0.0,0.0,0.0,0.0,0.0,0.0,0.0,0.0,0.0,0.0,0.0,0.0,0.0,0.0,0.0,0.0,0.0,0.0,0.0,0.0,0.0,0.0,0.0,0.0,0.0,0.0,,,,,,,,,,,,,,,35.0
2012_206_237382,237382,LaVon Brazill,Ohio,Mid-American,WIDERECEIVER,WR,2012,6,36,206,5,0.0,0.0,0.0,0.0,0.0,0.0,0.0,0.0,0.0,0.0,0.0,0.0,0.0,2.0,0.0,40.0,0.0,0.0,0.0,0.0,0.0,3.0,2.0,0.0,1.0,54.0,82.0,4.0,667.0,0.0,0.0,0.0,0.0,187.0,18.0,2515.0,31.0,1.0,239.0,26.0,,91.0,,78.0,67.0,0.6666666666666666,18.0,13.449197860962569,7.709677419354839,20.0,8.134146341463415,,,
2012_207_381296,381296,Brad Nortman,Wisconsin,Big Ten,PUNTER,ST,2012,6,37,207,4,0.0,0.0,0.0,0.0,0.0,0.0,0.0,0.0,0.0,0.0,0.0,0.0,0.0,0.0,0.0,0.0,0.0,0.0,0.0,0.0,0.0,0.0,0.0,0.0,0.0,0.0,0.0,0.0,0.0,0.0,199.0,0.0,8383.0,0.0,0.0,0.0,2.0,0.0,28.0,,,,76.0,,17.0,,,,14.0,,,42.12562814070352,,
2012_209_480921,480921,Aaron Brown,Hawai'i,Western Athletic,OUTSIDELINEBACKER,LB,2012,7,2,209,2,0.0,0.0,0.0,0.0,0.0,0.0,0.0,0.0,0.0,0.0,6.0,2.0,84.0,0.0,0.0,0.0,0.0,0.0,0.0,0.0,0.0,0.0,0.0,0.0,0.0,0.0,0.0,0.0,0.0,0.0,0.0,0.0,0.0,0.0,0.0,0.0,0.0,0.0,0.0,,,,,,,,,,,,,,,14.0
2012_210_238071,238071,Audie Cole,NC State,ACC,INSIDELINEBACKER,LB,2012,7,3,210,1,0.0,0.0,0.0,0.0,0.0,0.0,0.0,0.0,0.0,0.0,1.0,0.0,0.0,0.0,0.0,0.0,0.0,0.0,0.0,0.0,0.0,0.0,0.0,0.0,0.0,0.0,0.0,0.0,0.0,0.0,0.0,0.0,0.0,0.0,0.0,0.0,0.0,0.0,0.0,,,,,,,,,,,,,,,0.0
2012_212_480950,480950,Michael Smith,Utah State,Western Athletic,RUNNINGBACK,RB,2012,7,5,212,3,0.0,0.0,0.0,0.0,0.0,0.0,0.0,0.0,0.0,0.0,0.0,0.0,0.0,5.0,0.0,109.0,0.0,0.0,0.0,0.0,0.0,0.0,0.0,0.0,0.0,0.0,0.0,0.0,0.0,0.0,0.0,0.0,0.0,38.0,4.0,424.0,184.0,15.0,1313.0,29.0,,,,54.0,77.0,,,11.157894736842104,7.135869565217392,21.8,,,,
2012_213_503454,503454,Richard Crawford,SMU,Conference USA,CORNERBACK,DB,2012,7,6,213,2,0.0,0.0,0.0,0.0,0.0,0.0,0.0,0.0,0.0,0.0,6.0,0.0,25.0,0.0,0.0,0.0,0.0,0.0,0.0,0.0,0.0,0.0,0.0,0.0,0.0,0.0,41.0,1.0,272.0,0.0,0.0,0.0,0.0,0.0,0.0,0.0,0.0,0.0,0.0,,,92.0,,,,,,,,,6.634146341463414,,,4.166666666666667
2012_216_238190,238190,D.J. Campbell,California,Pac-12,SAFETY,DB,2012,7,9,216,1,0.0,0.0,0.0,0.0,0.0,0.0,0.0,0.0,0.0,0.0,2.0,0.0,29.0,0.0,0.0,0.0,0.0,0.0,0.0,0.0,0.0,0.0,0.0,0.0,0.0,0.0,0.0,0.0,0.0,0.0,0.0,0.0,0.0,0.0,0.0,0.0,0.0,0.0,0.0,,,,,,,,,,,,,,,14.5
2012_217_236517,236517,Jordan Bernstine,Iowa,Big Ten,CORNERBACK,DB,2012,7,10,217,2,0.0,0.0,0.0,0.0,0.0,0.0,0.0,0.0,0.0,0.0,1.0,0.0,9.0,30.0,0.0,713.0,0.0,0.0,0.0,0.0,0.0,0.0,0.0,0.0,0.0,0.0,0.0,0.0,0.0,0.0,0.0,0.0,0.0,0.0,0.0,0.0,0.0,0.0,0.0,62.0,,,,,,,,,,23.766666666666666,,,,9.0
2012_220_237346,237346,Greg McCoy,TCU,Mountain West,CORNERBACK,DB,2012,7,13,220,4,0.0,0.0,0.0,0.0,0.0,0.0,0.0,0.0,0.0,0.0,7.0,0.0,46.0,47.0,3.0,1505.0,0.0,0.0,0.0,0.0,0.0,0.0,0.0,0.0,0.0,0.0,0.0,0.0,0.0,0.0,0.0,0.0,0.0,0.0,0.0,0.0,0.0,0.0,0.0,99.0,,,,,,,,,,32.02127659574468,,,,6.571428571428571
2012_223_232175,232175,Travis Lewis,Oklahoma,Big 12,OUTSIDELINEBACKER,LB,2012,7,16,223,4,0.0,0.0,0.0,0.0,0.0,0.0,0.0,0.0,0.0,0.0,9.0,0.0,178.0,0.0,0.0,0.0,0.0,0.0,0.0,0.0,0.0,0.0,0.0,0.0,0.0,0.0,0.0,0.0,0.0,0.0,0.0,0.0,0.0,0.0,0.0,0.0,0.0,0.0,0.0,,,,,,,,,,,,,,,19.77777777777778
2012_224_381028,381028,Alfonzo Dennard,Nebraska,Big 12,CORNERBACK,DB,2012,7,17,224,2,0.0,0.0,0.0,0.0,0.0,0.0,0.0,0.0,0.0,0.0,4.0,1.0,31.0,1.0,0.0,25.0,0.0,0.0,0.0,0.0,0.0,0.0,0.0,0.0,0.0,0.0,0.0,0.0,0.0,0.0,0.0,0.0,0.0,0.0,0.0,0.0,0.0,0.0,0.0,25.0,,,,,,,,,,25.0,,,,7.75
2012_227_501257,501257,Rishard Matthews,Nevada,Western Athletic,WIDERECEIVER,WR,2012,7,20,227,2,0.0,0.0,0.0,0.0,0.0,0.0,0.0,0.0,0.0,0.0,0.0,0.0,0.0,5.0,0.0,91.0,0.0,0.0,0.0,0.0,0.0,0.0,0.0,0.0,0.0,0.0,75.0,2.0,551.0,0.0,0.0,0.0,0.0,147.0,13.0,2243.0,10.0,2.0,75.0,21.0,,86.0,,90.0,44.0,,,15.258503401360544,7.5,18.2,7.346666666666667,,,
2012_229_480207,480207,Bryce Brown,Tennessee,SEC,RUNNINGBACK,RB,2012,7,22,229,2,0.0,0.0,0.0,0.0,0.0,0.0,0.0,0.0,0.0,0.0,0.0,0.0,0.0,2.0,0.0,19.0,0.0,0.0,0.0,0.0,0.0,0.0,0.0,0.0,0.0,0.0,0.0,0.0,0.0,0.0,0.0,0.0,0.0,11.0,1.0,140.0,104.0,3.0,476.0,19.0,,,,34.0,37.0,,,12.727272727272728,4.576923076923077,9.5,,,,
2012_230_243288,243288,Nathan Stupar,Penn State,Big Ten,OUTSIDELINEBACKER,LB,2012,7,23,230,3,0.0,0.0,0.0,0.0,0.0,0.0,0.0,0.0,0.0,0.0,4.0,0.0,72.0,0.0,0.0,0.0,0.0,0.0,0.0,0.0,0.0,0.0,0.0,0.0,0.0,0.0,0.0,0.0,0.0,0.0,0.0,0.0,0.0,0.0,0.0,0.0,0.0,0.0,0.0,,,,,,,,,,,,,,,18.0
2012_231_240512,240512,Toney Clemons,Michigan,Big Ten,WIDERECEIVER,WR,2012,7,24,231,4,0.0,0.0,0.0,0.0,0.0,0.0,0.0,0.0,0.0,0.0,0.0,0.0,0.0,14.0,0.0,350.0,0.0,0.0,0.0,0.0,0.0,0.0,0.0,0.0,0.0,0.0,9.0,0.0,6.0,0.0,0.0,0.0,0.0,98.0,11.0,1268.0,5.0,0.0,23.0,53.0,,11.0,,73.0,19.0,,,12.93877551020408,4.6,25.0,0.6666666666666666,,,
2012_232_382071,382071,Greg Scruggs,Louisville,Big East,DEFENSIVETACKLE,DL,2012,7,25,232,1,0.0,0.0,0.0,0.0,0.0,0.0,0.0,0.0,0.0,0.0,1.0,0.0,3.0,0.0,0.0,0.0,0.0,0.0,0.0,0.0,0.0,0.0,0.0,0.0,0.0,0.0,0.0,0.0,0.0,0.0,0.0,0.0,0.0,0.0,0.0,0.0,0.0,0.0,0.0,,,,,,,,,,,,,,,3.0
2012_233_236991,236991,Drake Dunsmore,Northwestern,Big Ten,FULLBACK,RB,2012,7,26,233,4,0.0,0.0,0.0,0.0,0.0,0.0,0.0,0.0,0.0,0.0,0.0,0.0,0.0,0.0,0.0,0.0,0.0,0.0,0.0,0.0,0.0,0.0,0.0,0.0,0.0,0.0,0.0,0.0,0.0,0.0,0.0,0.0,0.0,143.0,14.0,1567.0,0.0,0.0,0.0,,,,,69.0,,,,10.958041958041958,,,,,,
2012_235_381604,381604,Jeremy Ebert,Northwestern,Big Ten,WIDERECEIVER,WR,2012,7,28,235,4,0.0,0.0,0.0,0.0,0.0,0.0,0.0,0.0,0.0,0.0,0.0,0.0,0.0,1.0,0.0,7.0,0.0,0.0,0.0,0.0,0.0,3.0,2.0,0.0,0.0,60.0,0.0,0.0,0.0,0.0,0.0,0.0,0.0,173.0,21.0,2400.0,9.0,0.0,47.0,7.0,,,,90.0,13.0,0.6666666666666666,20.0,13.872832369942197,5.222222222222222,7.0,,,,
2012_238_240981,240981,Junior Hemingway,Michigan,Big Ten,WIDERECEIVER,WR,2012,7,31,238,5,0.0,0.0,0.0,0.0,0.0,0.0,0.0,0.0,0.0,0.0,0.0,0.0,0.0,0.0,0.0,0.0,0.0,0.0,0.0,0.0,0.0,0.0,0.0,0.0,0.0,0.0,15.0,0.0,120.0,0.0,0.0,0.0,0.0,87.0,11.0,1601.0,5.0,0.0,9.0,,,34.0,,77.0,7.0,,,18.402298850574713,1.8,,8.0,,,
2012_240_246315,246315,David Paulson,Oregon,Pac-12,TIGHTEND,TE,2012,7,33,240,3,0.0,0.0,0.0,0.0,0.0,0.0,0.0,0.0,0.0,0.0,0.0,0.0,0.0,0.0,0.0,0.0,0.0,0.0,0.0,0.0,0.0,0.0,0.0,0.0,0.0,0.0,0.0,0.0,0.0,0.0,0.0,0.0,0.0,67.0,10.0,1041.0,0.0,0.0,0.0,,,,,61.0,,,,15.537313432835822,,,,,,
2012_242_244297,244297,Antonio Allen,South Carolina,SEC,SAFETY,DB,2012,7,35,242,3,0.0,0.0,0.0,0.0,0.0,0.0,0.0,0.0,0.0,0.0,4.0,2.0,81.0,0.0,0.0,0.0,0.0,0.0,0.0,0.0,0.0,0.0,0.0,0.0,0.0,0.0,1.0,0.0,0.0,0.0,0.0,0.0,0.0,0.0,0.0,0.0,0.0,0.0,0.0,,,0.0,,,,,,,,,0.0,,,20.25
2012_244_184715,184715,Jordan White,Western Michigan,Mid-American,WIDERECEIVER,WR,2012,7,37,244,4,0.0,0.0,0.0,0.0,0.0,0.0,0.0,0.0,0.0,0.0,0.0,0.0,0.0,1.0,0.0,19.0,0.0,0.0,0.0,0.0,0.0,1.0,0.0,0.0,0.0,0.0,80.0,0.0,427.0,0.0,0.0,0.0,0.0,294.0,32.0,4068.0,4.0,0.0,56.0,19.0,,64.0,,74.0,27.0,0.0,0.0,13.83673469387755,14.0,19.0,5.3375,,,
2012_245_232115,232115,Trevin Wade,Arizona,Pac-12,CORNERBACK,DB,2012,7,38,245,4,0.0,0.0,0.0,0.0,0.0,0.0,0.0,0.0,0.0,0.0,12.0,2.0,203.0,1.0,0.0,22.0,0.0,0.0,0.0,0.0,0.0,0.0,0.0,0.0,0.0,0.0,0.0,0.0,0.0,0.0,0.0,0.0,0.0,0.0,0.0,0.0,0.0,0.0,0.0,22.0,,,,,,,,,,22.0,,,,16.916666666666668
2012_246_378049,378049,Terrence Frederick,Texas A&M,Big 12,CORNERBACK,DB,2012,7,39,246,3,0.0,0.0,0.0,0.0,0.0,0.0,0.0,0.0,0.0,0.0,4.0,0.0,92.0,0.0,0.0,0.0,0.0,0.0,0.0,0.0,0.0,0.0,0.0,0.0,0.0,0.0,6.0,0.0,-2.0,0.0,0.0,0.0,0.0,0.0,0.0,0.0,0.0,0.0,0.0,,,3.0,,,,,,,,,-0.3333333333333333,,,23.0
2012_247_382611,382611,Brad Smelley,Alabama,SEC,TIGHTEND,TE,2012,7,40,247,4,0.0,0.0,0.0,0.0,0.0,0.0,0.0,0.0,0.0,0.0,0.0,0.0,0.0,0.0,0.0,0.0,0.0,0.0,0.0,0.0,0.0,0.0,0.0,0.0,0.0,0.0,0.0,0.0,0.0,0.0,0.0,0.0,0.0,54.0,4.0,559.0,1.0,0.0,1.0,,,,,37.0,1.0,,,10.351851851851851,1.0,,,,,
2012_250_480242,480242,Edwin Baker,Michigan State,Big Ten,RUNNINGBACK,RB,2012,7,43,250,3,0.0,0.0,0.0,0.0,0.0,0.0,0.0,0.0,0.0,0.0,0.0,0.0,0.0,2.0,0.0,38.0,0.0,0.0,0.0,0.0,0.0,0.0,0.0,0.0,0.0,0.0,0.0,0.0,0.0,0.0,0.0,0.0,0.0,15.0,1.0,125.0,462.0,19.0,2293.0,19.0,,,,23.0,80.0,,,8.333333333333334,4.963203463203463,19.0,,,,
2012_251_383548,383548,John Potter,Western Michigan,Mid-American,PLACEKICKER,ST,2012,7,44,251,4,0.0,0.0,0.0,0.0,0.0,0.0,0.0,0.0,0.0,0.0,0.0,0.0,0.0,0.0,0.0,0.0,63.0,46.0,321.0,187.0,183.0,0.0,0.0,0.0,0.0,0.0,0.0,0.0,0.0,0.0,0.0,0.0,0.0,1.0,0.0,2.0,1.0,1.0,8.0,,45.0,,,2.0,8.0,,,2.0,8.0,,,,0.7301587301587301,
2012_253_237674,237674,Chandler Harnish,Northern Illinois,Mid-American,QUARTERBACK,QB,2012,7,46,253,4,0.0,0.0,0.0,0.0,0.0,0.0,0.0,0.0,0.0,0.0,0.0,0.0,0.0,0.0,0.0,0.0,0.0,0.0,0.0,0.0,0.0,1091.0,678.0,26.0,67.0,8846.0,0.0,0.0,0.0,0.0,0.0,0.0,0.0,0.0,0.0,0.0,521.0,23.0,2835.0,,,,,,69.0,0.6214482126489459,8.108157653528872,,5.4414587332053745,,,,,
2013_005_502427,502427,Ezekiel Ansah,BYU,FBS Independents,DEFENSIVEEND,DL,2013,1,5,5,1,0.0,0.0,0.0,0.0,0.0,0.0,0.0,0.0,0.0,0.0,1.0,0.0,-2.0,0.0,0.0,0.0,0.0,0.0,0.0,0.0,0.0,0.0,0.0,0.0,0.0,0.0,0.0,0.0,0.0,0.0,0.0,0.0,0.0,0.0,0.0,0.0,0.0,0.0,0.0,,,,,,,,,,,,,,,-2.0
2013_007_381518,381518,Jonathan Cooper,North Carolina,ACC,OFFENSIVEGUARD,OL,2013,1,7,7,1,0.0,0.0,0.0,0.0,0.0,0.0,0.0,0.0,0.0,0.0,0.0,0.0,0.0,0.0,0.0,0.0,0.0,0.0,0.0,0.0,0.0,0.0,0.0,0.0,0.0,0.0,0.0,0.0,0.0,0.0,0.0,0.0,0.0,1.0,0.0,4.0,0.0,0.0,0.0,,,,,4.0,,,,4.0,,,,,,
2013_008_487982,487982,Tavon Austin,West Virginia,Big East,WIDERECEIVER,WR,2013,1,8,8,4,0.0,0.0,0.0,0.0,0.0,0.0,0.0,0.0,0.0,0.0,0.0,0.0,0.0,98.0,4.0,2407.0,0.0,0.0,0.0,0.0,0.0,0.0,0.0,0.0,0.0,0.0,48.0,1.0,433.0,0.0,0.0,0.0,0.0,288.0,29.0,3413.0,109.0,6.0,1031.0,100.0,,76.0,,75.0,80.0,,,11.850694444444445,9.458715596330276,24.56122448979592,9.020833333333334,,,
2013_009_515911,515911,Dee Milliner,Alabama,SEC,CORNERBACK,DB,2013,1,9,9,2,0.0,0.0,0.0,0.0,0.0,0.0,0.0,0.0,0.0,0.0,5.0,1.0,107.0,1.0,0.0,21.0,0.0,0.0,0.0,0.0,0.0,0.0,0.0,0.0,0.0,0.0,0.0,0.0,0.0,0.0,0.0,0.0,0.0,0.0,0.0,0.0,0.0,0.0,0.0,21.0,,,,,,,,,,21.0,,,,21.4
2013_012_512467,512467,D.J. Hayden,Houston,Conference USA,CORNERBACK,DB,2013,1,12,12,2,0.0,0.0,0.0,0.0,0.0,0.0,0.0,0.0,0.0,0.0,6.0,3.0,229.0,0.0,0.0,0.0,0.0,0.0,0.0,0.0,0.0,0.0,0.0,0.0,0.0,0.0,1.0,0.0,11.0,0.0,0.0,0.0,0.0,0.0,0.0,0.0,0.0,0.0,0.0,,,11.0,,,,,,,,,11.0,,,38.166666666666664
2013_014_503048,503048,Star Lotulelei,Utah,Pac-12,DEFENSIVETACKLE,DL,2013,1,14,14,1,0.0,0.0,0.0,0.0,0.0,0.0,0.0,0.0,0.0,0.0,0.0,0.0,0.0,0.0,0.0,0.0,0.0,0.0,0.0,0.0,0.0,0.0,0.0,0.0,0.0,0.0,0.0,0.0,0.0,0.0,0.0,0.0,0.0,1.0,0.0,17.0,0.0,0.0,0.0,,,,,17.0,,,,17.0,,,,,,
2013_015_481808,481808,Kenny Vaccaro,Texas,Big 12,SAFETY,DB,2013,1,15,15,3,0.0,0.0,0.0,0.0,0.0,0.0,0.0,0.0,0.0,0.0,5.0,0.0,19.0,0.0,0.0,0.0,0.0,0.0,0.0,0.0,0.0,0.0,0.0,0.0,0.0,0.0,0.0,0.0,0.0,0.0,0.0,0.0,0.0,0.0,0.0,0.0,0.0,0.0,0.0,,,,,,,,,,,,,,,3.8
2013_016_380849,380849,EJ Manuel,Florida State,ACC,QUARTERBACK,QB,2013,1,16,16,4,0.0,0.0,0.0,0.0,0.0,0.0,0.0,0.0,0.0,0.0,0.0,0.0,0.0,0.0,0.0,0.0,0.0,0.0,0.0,0.0,0.0,897.0,600.0,28.0,47.0,7736.0,0.0,0.0,0.0,0.0,0.0,0.0,0.0,0.0,0.0,11.0,298.0,11.0,826.0,,,,,11.0,32.0,0.6688963210702341,8.624303232998885,inf,2.771812080536913,,,,,
2013_017_480493,480493,Jarvis Jones,Georgia,SEC,OUTSIDELINEBACKER,LB,2013,1,17,17,1,0.0,0.0,0.0,0.0,0.0,0.0,0.0,0.0,0.0,0.0,1.0,0.0,21.0,0.0,0.0,0.0,0.0,0.0,0.0,0.0,0.0,0.0,0.0,0.0,0.0,0.0,0.0,0.0,0.0,0.0,0.0,0.0,0.0,0.0,0.0,0.0,0.0,0.0,0.0,,,,,,,,,,,,,,,21.0
2013_018_504161,504161,Eric Reid,LSU,SEC,SAFETY,DB,2013,1,18,18,3,0.0,0.0,0.0,0.0,0.0,0.0,0.0,0.0,0.0,0.0,6.0,0.0,104.0,0.0,0.0,0.0,0.0,0.0,0.0,0.0,0.0,0.0,0.0,0.0,0.0,0.0,0.0,0.0,0.0,0.0,0.0,0.0,0.0,0.0,0.0,0.0,0.0,0.0,0.0,,,,,,,,,,,,,,,17.333333333333332
2013_021_483387,483387,Tyler Eifert,Notre Dame,FBS Independents,TIGHTEND,TE,2013,1,21,21,3,0.0,0.0,0.0,0.0,0.0,0.0,0.0,0.0,0.0,0.0,0.0,0.0,0.0,0.0,0.0,0.0,0.0,0.0,0.0,0.0,0.0,0.0,0.0,0.0,0.0,0.0,0.0,0.0,0.0,0.0,0.0,0.0,0.0,140.0,11.0,1840.0,0.0,0.0,0.0,,,,,39.0,,,,13.142857142857142,,,,,,
2013_022_482597,482597,Desmond Trufant,Washington,Pac-12,CORNERBACK,DB,2013,1,22,22,4,0.0,0.0,0.0,0.0,0.0,0.0,0.0,0.0,0.0,0.0,6.0,0.0,57.0,0.0,0.0,0.0,0.0,0.0,0.0,0.0,0.0,0.0,0.0,0.0,0.0,0.0,0.0,0.0,0.0,0.0,0.0,0.0,0.0,0.0,0.0,0.0,0.0,0.0,0.0,,,,,,,,,,,,,,,9.5
2013_024_501100,501100,Bjoern Werner,Florida State,ACC,DEFENSIVEEND,DL,2013,1,24,24,1,0.0,0.0,0.0,0.0,0.0,0.0,0.0,0.0,0.0,0.0,1.0,0.0,0.0,0.0,0.0,0.0,0.0,0.0,0.0,0.0,0.0,0.0,0.0,0.0,0.0,0.0,0.0,0.0,0.0,0.0,0.0,0.0,0.0,0.0,0.0,0.0,0.0,0.0,0.0,,,,,,,,,,,,,,,0.0
2013_025_480766,480766,Xavier Rhodes,Florida State,ACC,CORNERBACK,DB,2013,1,25,25,3,0.0,0.0,0.0,0.0,0.0,0.0,0.0,0.0,0.0,0.0,8.0,0.0,54.0,0.0,0.0,0.0,0.0,0.0,0.0,0.0,0.0,0.0,0.0,0.0,0.0,0.0,0.0,0.0,0.0,0.0,0.0,0.0,0.0,0.0,0.0,0.0,0.0,0.0,0.0,,,,,,,,,,,,,,,6.75
2013_026_380732,380732,Datone Jones,UCLA,Pac-12,DEFENSIVEEND,DL,2013,1,26,26,1,0.0,0.0,0.0,0.0,0.0,0.0,0.0,0.0,0.0,0.0,0.0,0.0,0.0,0.0,0.0,0.0,0.0,0.0,0.0,0.0,0.0,0.0,0.0,0.0,0.0,0.0,0.0,0.0,0.0,0.0,0.0,0.0,0.0,1.0,1.0,7.0,0.0,0.0,0.0,,,,,7.0,,,,7.0,,,,,,
2013_027_501689,501689,DeAndre Hopkins,Clemson,ACC,WIDERECEIVER,WR,2013,1,27,27,3,0.0,0.0,0.0,0.0,0.0,0.0,0.0,0.0,0.0,0.0,0.0,0.0,0.0,2.0,0.0,32.0,0.0,0.0,0.0,0.0,0.0,3.0,0.0,0.0,0.0,0.0,37.0,0.0,82.0,0.0,0.0,0.0,0.0,205.0,27.0,3009.0,0.0,0.0,0.0,16.0,,31.0,,62.0,,0.0,0.0,14.678048780487805,,16.0,2.216216216216216,,,
2013_028_516348,516348,Sylvester Williams,North Carolina,ACC,DEFENSIVETACKLE,DL,2013,1,28,28,1,0.0,0.0,0.0,0.0,0.0,0.0,0.0,0.0,0.0,0.0,1.0,0.0,0.0,0.0,0.0,0.0,0.0,0.0,0.0,0.0,0.0,0.0,0.0,0.0,0.0,0.0,0.0,0.0,0.0,0.0,0.0,0.0,0.0,0.0,0.0,0.0,0.0,0.0,0.0,,,,,,,,,,,,,,,0.0
2013_029_532092,532092,Cordarrelle Patterson,Tennessee,SEC,WIDERECEIVER,WR,2013,1,29,29,1,0.0,0.0,0.0,0.0,0.0,0.0,0.0,0.0,0.0,0.0,0.0,0.0,0.0,25.0,1.0,671.0,0.0,0.0,0.0,0.0,0.0,1.0,1.0,0.0,0.0,28.0,4.0,1.0,101.0,0.0,0.0,0.0,0.0,46.0,5.0,778.0,25.0,3.0,308.0,98.0,,81.0,,58.0,67.0,1.0,28.0,16.91304347826087,12.32,26.84,25.25,,,
2013_030_504007,504007,Alec Ogletree,Georgia,SEC,INSIDELINEBACKER,LB,2013,1,30,30,1,0.0,0.0,0.0,0.0,0.0,0.0,0.0,0.0,0.0,0.0,1.0,0.0,0.0,0.0,0.0,0.0,0.0,0.0,0.0,0.0,0.0,0.0,0.0,0.0,0.0,0.0,0.0,0.0,0.0,0.0,0.0,0.0,0.0,0.0,0.0,0.0,0.0,0.0,0.0,,,,,,,,,,,,,,,0.0
2013_032_501556,501556,Matt Elam,Florida,SEC,SAFETY,DB,2013,1,32,32,3,0.0,0.0,0.0,0.0,0.0,0.0,0.0,0.0,0.0,0.0,6.0,0.0,91.0,0.0,0.0,0.0,0.0,0.0,0.0,0.0,0.0,0.0,0.0,0.0,0.0,0.0,1.0,0.0,0.0,0.0,0.0,0.0,0.0,0.0,0.0,0.0,1.0,0.0,5.0,,,0.0,,,5.0,,,,5.0,,0.0,,,15.166666666666666
2013_033_481367,481367,Johnathan Cyprien,Florida International,Sun Belt,SAFETY,DB,2013,2,1,33,4,0.0,0.0,0.0,0.0,0.0,0.0,0.0,0.0,0.0,0.0,7.0,1.0,41.0,0.0,0.0,0.0,0.0,0.0,0.0,0.0,0.0,0.0,0.0,0.0,0.0,0.0,0.0,0.0,0.0,0.0,0.0,0.0,0.0,0.0,0.0,0.0,0.0,0.0,0.0,,,,,,,,,,,,,,,5.857142857142857
2013_034_501520,501520,Justin Hunter,Tennessee,SEC,WIDERECEIVER,WR,2013,2,2,34,3,0.0,0.0,0.0,0.0,0.0,0.0,0.0,0.0,0.0,0.0,0.0,0.0,0.0,0.0,0.0,0.0,0.0,0.0,0.0,0.0,0.0,0.0,0.0,0.0,0.0,0.0,4.0,0.0,21.0,0.0,0.0,0.0,0.0,106.0,18.0,1812.0,0.0,0.0,0.0,,,12.0,,81.0,,,,17.09433962264151,,,5.25,,,
2013_035_482590,482590,Zach Ertz,Stanford,Pac-12,TIGHTEND,TE,2013,2,3,35,3,0.0,0.0,0.0,0.0,0.0,0.0,0.0,0.0,0.0,0.0,0.0,0.0,0.0,0.0,0.0,0.0,0.0,0.0,0.0,0.0,0.0,0.0,0.0,0.0,0.0,0.0,0.0,0.0,0.0,0.0,0.0,0.0,0.0,112.0,15.0,1434.0,0.0,0.0,0.0,,,,,68.0,,,,12.803571428571429,,,,,,
2013_036_512039,512039,Darius Slay,Mississippi State,SEC,CORNERBACK,DB,2013,2,4,36,2,0.0,0.0,0.0,0.0,0.0,0.0,0.0,0.0,0.0,0.0,6.0,2.0,173.0,0.0,0.0,0.0,0.0,0.0,0.0,0.0,0.0,0.0,0.0,0.0,0.0,0.0,0.0,0.0,0.0,0.0,0.0,0.0,0.0,0.0,0.0,0.0,0.0,0.0,0.0,,,,,,,,,,,,,,,28.833333333333332
2013_037_500890,500890,Giovani Bernard,North Carolina,ACC,RUNNINGBACK,RB,2013,2,5,37,2,0.0,0.0,0.0,0.0,0.0,0.0,0.0,0.0,0.0,0.0,0.0,0.0,0.0,0.0,0.0,0.0,0.0,0.0,0.0,0.0,0.0,0.0,0.0,0.0,0.0,0.0,16.0,2.0,263.0,0.0,0.0,0.0,0.0,92.0,6.0,852.0,423.0,25.0,2481.0,,,74.0,,78.0,68.0,,,9.26086956521739,5.865248226950355,,16.4375,,,
2013_038_517633,517633,Manti Te'o,Notre Dame,FBS Independents,INSIDELINEBACKER,LB,2013,2,6,38,1,0.0,0.0,0.0,0.0,0.0,0.0,0.0,0.0,0.0,0.0,7.0,0.0,35.0,0.0,0.0,0.0,0.0,0.0,0.0,0.0,0.0,0.0,0.0,0.0,0.0,0.0,0.0,0.0,0.0,0.0,0.0,0.0,0.0,0.0,0.0,0.0,0.0,0.0,0.0,,,,,,,,,,,,,,,5.0
2013_039_488025,488025,Geno Smith,West Virginia,Big East,QUARTERBACK,QB,2013,2,7,39,4,0.0,0.0,0.0,0.0,0.0,0.0,0.0,0.0,0.0,0.0,0.0,0.0,0.0,0.0,0.0,0.0,0.0,0.0,0.0,0.0,0.0,1465.0,988.0,21.0,98.0,11662.0,0.0,0.0,0.0,0.0,0.0,0.0,0.0,0.0,0.0,0.0,245.0,4.0,342.0,,,,,,29.0,0.6744027303754266,7.960409556313993,,1.3959183673469389,,,,,
2013_041_500234,500234,Robert Woods,USC,Pac-12,WIDERECEIVER,WR,2013,2,9,41,3,0.0,0.0,0.0,0.0,0.0,0.0,0.0,0.0,0.0,0.0,0.0,0.0,0.0,55.0,1.0,1364.0,0.0,0.0,0.0,0.0,0.0,0.0,0.0,0.0,0.0,0.0,37.0,0.0,183.0,0.0,0.0,0.0,0.0,252.0,32.0,2930.0,14.0,0.0,142.0,97.0,,31.0,,82.0,76.0,,,11.626984126984128,10.142857142857142,24.8,4.945945945945946,,,
2013_043_483145,483145,Johnthan Banks,Mississippi State,SEC,CORNERBACK,DB,2013,2,11,43,4,0.0,0.0,0.0,0.0,0.0,0.0,0.0,0.0,0.0,0.0,16.0,3.0,305.0,0.0,0.0,0.0,0.0,0.0,0.0,0.0,0.0,0.0,0.0,0.0,0.0,0.0,39.0,1.0,289.0,0.0,0.0,0.0,0.0,0.0,0.0,0.0,0.0,0.0,0.0,,,65.0,,,,,,,,,7.410256410256411,,,19.0625
2013_044_382047,382047,Kawann Short,Purdue,Big Ten,DEFENSIVETACKLE,DL,2013,2,12,44,1,0.0,0.0,0.0,0.0,0.0,0.0,0.0,0.0,0.0,0.0,2.0,0.0,15.0,0.0,0.0,0.0,0.0,0.0,0.0,0.0,0.0,0.0,0.0,0.0,0.0,0.0,0.0,0.0,0.0,0.0,0.0,0.0,0.0,0.0,0.0,0.0,0.0,0.0,0.0,,,,,,,,,,,,,,,7.5
2013_045_481964,481964,Kevin Minter,LSU,SEC,INSIDELINEBACKER,LB,2013,2,13,45,1,0.0,0.0,0.0,0.0,0.0,0.0,0.0,0.0,0.0,0.0,1.0,0.0,4.0,0.0,0.0,0.0,0.0,0.0,0.0,0.0,0.0,0.0,0.0,0.0,0.0,0.0,0.0,0.0,0.0,0.0,0.0,0.0,0.0,0.0,0.0,0.0,0.0,0.0,0.0,,,,,,,,,,,,,,,4.0
2013_046_379307,379307,Kiko Alonso,Oregon,Pac-12,INSIDELINEBACKER,LB,2013,2,14,46,2,0.0,0.0,0.0,0.0,0.0,0.0,0.0,0.0,0.0,0.0,6.0,0.0,68.0,1.0,0.0,0.0,0.0,0.0,0.0,0.0,0.0,0.0,0.0,0.0,0.0,0.0,0.0,0.0,0.0,0.0,0.0,0.0,0.0,0.0,0.0,0.0,0.0,0.0,0.0,0.0,,,,,,,,,,0.0,,,,11.333333333333334
2013_047_481181,481181,Gavin Escobar,San Diego State,Mountain West,TIGHTEND,TE,2013,2,15,47,3,0.0,0.0,0.0,0.0,0.0,0.0,0.0,0.0,0.0,0.0,0.0,0.0,0.0,1.0,0.0,11.0,0.0,0.0,0.0,0.0,0.0,0.0,0.0,0.0,0.0,0.0,0.0,0.0,0.0,0.0,0.0,0.0,0.0,122.0,17.0,1646.0,2.0,0.0,7.0,11.0,,,,55.0,9.0,,,13.491803278688524,3.5,11.0,,,,
2013_050_482711,482711,Jonathan Bostic,Florida,SEC,INSIDELINEBACKER,LB,2013,2,18,50,2,0.0,0.0,0.0,0.0,0.0,0.0,0.0,0.0,0.0,0.0,5.0,1.0,40.0,0.0,0.0,0.0,0.0,0.0,0.0,0.0,0.0,0.0,0.0,0.0,0.0,0.0,0.0,0.0,0.0,0.0,0.0,0.0,0.0,0.0,0.0,0.0,0.0,0.0,0.0,,,,,,,,,,,,,,,8.0
2013_051_501149,501149,David Amerson,NC State,ACC,CORNERBACK,DB,2013,2,19,51,3,0.0,0.0,0.0,0.0,0.0,0.0,0.0,0.0,0.0,0.0,18.0,3.0,287.0,2.0,0.0,42.0,0.0,0.0,0.0,0.0,0.0,0.0,0.0,0.0,0.0,0.0,0.0,0.0,0.0,0.0,0.0,0.0,0.0,0.0,0.0,0.0,0.0,0.0,0.0,25.0,,,,,,,,,,21.0,,,,15.944444444444445
2013_053_483240,483240,Margus Hunt,SMU,Conference USA,DEFENSIVEEND,DL,2013,2,21,53,1,0.0,0.0,0.0,0.0,0.0,0.0,0.0,0.0,0.0,0.0,1.0,0.0,9.0,0.0,0.0,0.0,0.0,0.0,0.0,0.0,0.0,0.0,0.0,0.0,0.0,0.0,0.0,0.0,0.0,0.0,0.0,0.0,0.0,0.0,0.0,0.0,0.0,0.0,0.0,,,,,,,,,,,,,,,9.0
2013_054_378361,378361,Jamar Taylor,Boise State,Western Athletic,CORNERBACK,DB,2013,2,22,54,4,0.0,0.0,0.0,0.0,0.0,0.0,0.0,0.0,0.0,0.0,7.0,1.0,154.0,0.0,0.0,0.0,0.0,0.0,0.0,0.0,0.0,0.0,0.0,0.0,0.0,0.0,0.0,0.0,0.0,0.0,0.0,0.0,0.0,0.0,0.0,0.0,2.0,0.0,3.0,,,,,,3.0,,,,1.5,,,,,22.0
2013_055_482477,482477,Vance McDonald,Rice,Conference USA,TIGHTEND,TE,2013,2,23,55,4,0.0,0.0,0.0,0.0,0.0,0.0,0.0,0.0,0.0,0.0,0.0,0.0,0.0,0.0,0.0,0.0,0.0,0.0,0.0,0.0,0.0,0.0,0.0,0.0,0.0,0.0,0.0,0.0,0.0,0.0,0.0,0.0,0.0,119.0,15.0,1504.0,7.0,0.0,52.0,,,,,49.0,13.0,,,12.638655462184872,7.428571428571429,,,,,
2013_056_377699,377699,Arthur Brown,NC State,ACC,OUTSIDELINEBACKER,LB,2013,2,24,56,3,0.0,0.0,0.0,0.0,0.0,0.0,0.0,0.0,0.0,0.0,3.0,1.0,47.0,0.0,0.0,0.0,0.0,0.0,0.0,0.0,0.0,1.0,0.0,1.0,0.0,0.0,0.0,0.0,0.0,0.0,0.0,0.0,0.0,0.0,0.0,0.0,0.0,0.0,0.0,,,,,,,0.0,0.0,,,,,,,15.666666666666666
2013_057_483193,483193,D.J. Swearinger,South Carolina,SEC,SAFETY,DB,2013,2,25,57,3,0.0,0.0,0.0,0.0,0.0,0.0,0.0,0.0,0.0,0.0,6.0,2.0,94.0,6.0,0.0,126.0,0.0,0.0,0.0,0.0,0.0,0.0,0.0,0.0,0.0,0.0,0.0,0.0,0.0,0.0,0.0,0.0,0.0,0.0,0.0,0.0,0.0,0.0,0.0,25.0,,,,,,,,,,21.0,,,,15.666666666666666
2013_058_482389,482389,Montee Ball,Wisconsin,Big Ten,RUNNINGBACK,RB,2013,2,26,58,4,0.0,0.0,0.0,0.0,0.0,0.0,0.0,0.0,0.0,0.0,0.0,0.0,0.0,1.0,0.0,15.0,0.0,0.0,0.0,0.0,0.0,2.0,2.0,0.0,1.0,57.0,0.0,0.0,0.0,0.0,0.0,0.0,0.0,59.0,6.0,598.0,924.0,77.0,5140.0,15.0,,,,63.0,67.0,1.0,28.5,10.135593220338984,5.562770562770563,15.0,,,,
2013_059_483949,483949,Aaron Dobson,Marshall,Conference USA,WIDERECEIVER,WR,2013,2,27,59,4,0.0,0.0,0.0,0.0,0.0,0.0,0.0,0.0,0.0,0.0,0.0,0.0,0.0,0.0,0.0,0.0,0.0,0.0,0.0,0.0,0.0,0.0,0.0,0.0,0.0,0.0,0.0,0.0,0.0,0.0,0.0,0.0,0.0,165.0,24.0,2398.0,3.0,0.0,19.0,,,,,96.0,17.0,,,14.533333333333331,6.333333333333333,,,,,
2013_061_480263,480263,Eddie Lacy,Alabama,SEC,RUNNINGBACK,RB,2013,2,29,61,3,0.0,0.0,0.0,0.0,0.0,0.0,0.0,0.0,0.0,0.0,0.0,0.0,0.0,0.0,0.0,0.0,0.0,0.0,0.0,0.0,0.0,0.0,0.0,0.0,0.0,0.0,0.0,0.0,0.0,0.0,0.0,0.0,0.0,35.0,2.0,338.0,355.0,30.0,2402.0,,,,,48.0,73.0,,,9.657142857142857,6.766197183098591,,,,,
2013_062_480214,480214,Christine Michael,Texas A&M,SEC,RUNNINGBACK,RB,2013,2,30,62,4,0.0,0.0,0.0,0.0,0.0,0.0,0.0,0.0,0.0,0.0,0.0,0.0,0.0,10.0,0.0,217.0,0.0,0.0,0.0,0.0,0.0,0.0,0.0,0.0,0.0,0.0,0.0,0.0,0.0,0.0,0.0,0.0,0.0,44.0,1.0,323.0,529.0,34.0,2791.0,44.0,,,,60.0,97.0,,,7.340909090909091,5.2759924385633274,21.7,,,,
2013_063_377964,377964,Travis Kelce,Cincinnati,Big East,TIGHTEND,TE,2013,3,1,63,3,0.0,0.0,0.0,0.0,0.0,0.0,0.0,0.0,0.0,0.0,0.0,0.0,0.0,1.0,0.0,13.0,0.0,0.0,0.0,0.0,0.0,1.0,1.0,0.0,1.0,39.0,0.0,0.0,0.0,0.0,0.0,0.0,0.0,59.0,10.0,875.0,8.0,2.0,47.0,13.0,,,,83.0,19.0,1.0,39.0,14.830508474576272,5.875,13.0,,,,
2013_064_382320,382320,Dwayne Gratz,UConn,Big East,CORNERBACK,DB,2013,3,2,64,3,0.0,0.0,0.0,0.0,0.0,0.0,0.0,0.0,0.0,0.0,8.0,2.0,152.0,0.0,0.0,0.0,0.0,0.0,0.0,0.0,0.0,0.0,0.0,0.0,0.0,0.0,0.0,0.0,0.0,0.0,0.0,0.0,0.0,0.0,0.0,0.0,0.0,0.0,0.0,,,,,,,,,,,,,,,19.0
2013_066_382327,382327,Sio Moore,UConn,Big East,OUTSIDELINEBACKER,LB,2013,3,4,66,2,0.0,0.0,0.0,0.0,0.0,0.0,0.0,0.0,0.0,0.0,4.0,0.0,11.0,0.0,0.0,0.0,0.0,0.0,0.0,0.0,0.0,0.0,0.0,0.0,0.0,0.0,0.0,0.0,0.0,0.0,0.0,0.0,0.0,0.0,0.0,0.0,0.0,0.0,0.0,,,,,,,,,,,,,,,2.75
2013_068_481177,481177,Leon McFadden,San Diego State,Mountain West,CORNERBACK,DB,2013,3,6,68,4,0.0,0.0,0.0,0.0,0.0,0.0,0.0,0.0,0.0,0.0,8.0,2.0,186.0,1.0,0.0,0.0,0.0,0.0,0.0,0.0,0.0,0.0,0.0,0.0,0.0,0.0,22.0,0.0,116.0,0.0,0.0,0.0,0.0,0.0,0.0,0.0,2.0,0.0,5.0,0.0,,26.0,,,10.0,,,,2.5,0.0,5.2727272727272725,,,23.25
2013_069_504168,504168,Tyrann Mathieu,LSU,SEC,CORNERBACK,DB,2013,3,7,69,2,0.0,0.0,0.0,0.0,0.0,0.0,0.0,0.0,0.0,0.0,4.0,0.0,16.0,0.0,0.0,0.0,0.0,0.0,0.0,0.0,0.0,0.0,0.0,0.0,0.0,0.0,34.0,2.0,421.0,0.0,0.0,0.0,0.0,0.0,0.0,0.0,0.0,0.0,0.0,,,92.0,,,,,,,,,12.382352941176473,,,4.0
2013_070_382312,382312,Blidi Wreh-Wilson,UConn,Big East,CORNERBACK,DB,2013,3,8,70,4,0.0,0.0,0.0,0.0,0.0,0.0,0.0,0.0,0.0,0.0,8.0,2.0,171.0,0.0,0.0,0.0,0.0,0.0,0.0,0.0,0.0,0.0,0.0,0.0,0.0,0.0,0.0,0.0,0.0,0.0,0.0,0.0,0.0,0.0,0.0,0.0,0.0,0.0,0.0,,,,,,,,,,,,,,,21.375
2013_071_480492,480492,T.J. McDonald,USC,Pac-12,SAFETY,DB,2013,3,9,71,3,0.0,0.0,0.0,0.0,0.0,0.0,0.0,0.0,0.0,0.0,8.0,0.0,57.0,1.0,0.0,2.0,0.0,0.0,0.0,0.0,0.0,0.0,0.0,0.0,0.0,0.0,1.0,0.0,24.0,0.0,0.0,0.0,0.0,0.0,0.0,0.0,0.0,0.0,0.0,2.0,,24.0,,,,,,,,2.0,24.0,,,7.125
2013_073_381967,381967,Mike Glennon,NC State,ACC,QUARTERBACK,QB,2013,3,11,73,4,0.0,0.0,0.0,0.0,0.0,0.0,0.0,0.0,0.0,0.0,0.0,0.0,0.0,0.0,0.0,0.0,0.0,0.0,0.0,0.0,0.0,1069.0,646.0,31.0,63.0,7411.0,0.0,0.0,0.0,0.0,0.0,0.0,0.0,0.0,0.0,0.0,112.0,3.0,-292.0,,,,,,15.0,0.6043030869971936,6.932647333956969,,-2.607142857142857,,,,,
2013_074_379892,379892,Terrance Williams,Baylor,Big 12,WIDERECEIVER,WR,2013,3,12,74,4,0.0,0.0,0.0,0.0,0.0,0.0,0.0,0.0,0.0,0.0,0.0,0.0,0.0,53.0,0.0,1180.0,0.0,0.0,0.0,0.0,0.0,0.0,0.0,0.0,0.0,0.0,20.0,0.0,162.0,0.0,0.0,0.0,0.0,202.0,27.0,3334.0,3.0,0.0,17.0,51.0,,36.0,,80.0,8.0,,,16.504950495049506,5.666666666666667,22.264150943396228,8.1,,,
2013_076_501550,501550,Keenan Allen,California,Pac-12,WIDERECEIVER,WR,2013,3,14,76,3,0.0,0.0,0.0,0.0,0.0,0.0,0.0,0.0,0.0,0.0,0.0,0.0,0.0,18.0,0.0,406.0,0.0,0.0,0.0,0.0,0.0,3.0,3.0,0.0,1.0,52.0,24.0,1.0,252.0,0.0,0.0,0.0,0.0,205.0,17.0,2570.0,30.0,2.0,230.0,61.0,,69.0,,90.0,45.0,1.0,17.333333333333332,12.53658536585366,7.666666666666667,22.555555555555557,10.5,,,
2013_078_481791,481791,Marquise Goodwin,Texas,Big 12,WIDERECEIVER,WR,2013,3,16,78,4,0.0,0.0,0.0,0.0,0.0,0.0,0.0,0.0,0.0,0.0,0.0,0.0,0.0,44.0,1.0,985.0,0.0,0.0,0.0,0.0,0.0,0.0,0.0,0.0,0.0,0.0,0.0,0.0,0.0,0.0,0.0,0.0,0.0,120.0,7.0,1364.0,46.0,3.0,405.0,95.0,,,,80.0,69.0,,,11.366666666666667,8.804347826086957,22.386363636363637,,,,
2013_079_482558,482558,Markus Wheaton,Oregon State,Pac-12,WIDERECEIVER,WR,2013,3,17,79,4,0.0,0.0,0.0,0.0,0.0,0.0,0.0,0.0,0.0,0.0,0.0,0.0,0.0,4.0,0.0,81.0,0.0,0.0,0.0,0.0,0.0,0.0,0.0,0.0,0.0,0.0,3.0,0.0,68.0,0.0,0.0,0.0,0.0,227.0,16.0,2994.0,83.0,5.0,631.0,30.0,,52.0,,69.0,56.0,,,13.189427312775331,7.602409638554217,20.25,22.666666666666668,,,
2013_081_500563,500563,Damontre Moore,Texas A&M,Big 12,DEFENSIVEEND,DL,2013,3,19,81,1,0.0,0.0,0.0,0.0,0.0,0.0,0.0,0.0,0.0,0.0,1.0,0.0,8.0,0.0,0.0,0.0,0.0,0.0,0.0,0.0,0.0,0.0,0.0,0.0,0.0,0.0,0.0,0.0,0.0,0.0,0.0,0.0,0.0,0.0,0.0,0.0,0.0,0.0,0.0,,,,,,,,,,,,,,,8.0
2013_083_483131,483131,Logan Ryan,Rutgers,Big East,CORNERBACK,DB,2013,3,21,83,2,0.0,0.0,0.0,0.0,0.0,0.0,0.0,0.0,0.0,0.0,7.0,1.0,73.0,0.0,0.0,0.0,0.0,0.0,0.0,0.0,0.0,0.0,0.0,0.0,0.0,0.0,0.0,0.0,0.0,0.0,0.0,0.0,0.0,0.0,0.0,0.0,0.0,0.0,0.0,,,,,,,,,,,,,,,10.428571428571429
2013_084_482774,482774,Shawn Williams,Georgia,SEC,SAFETY,DB,2013,3,22,84,2,0.0,0.0,0.0,0.0,0.0,0.0,0.0,0.0,0.0,0.0,4.0,0.0,58.0,0.0,0.0,0.0,0.0,0.0,0.0,0.0,0.0,0.0,0.0,0.0,0.0,0.0,1.0,0.0,25.0,0.0,0.0,0.0,0.0,0.0,0.0,0.0,0.0,0.0,0.0,,,25.0,,,,,,,,,25.0,,,14.5
2013_085_480262,480262,Jordan Reed,Florida,SEC,TIGHTEND,TE,2013,3,23,85,3,0.0,0.0,0.0,0.0,0.0,0.0,0.0,0.0,0.0,0.0,0.0,0.0,0.0,1.0,0.0,35.0,0.0,0.0,0.0,0.0,0.0,47.0,26.0,1.0,3.0,252.0,0.0,0.0,0.0,0.0,0.0,0.0,0.0,79.0,6.0,945.0,77.0,5.0,328.0,35.0,,,,39.0,22.0,0.5531914893617021,5.361702127659575,11.962025316455696,4.259740259740259,35.0,,,,
2013_087_488962,488962,Jordan Hill,Penn State,Big Ten,DEFENSIVETACKLE,DL,2013,3,25,87,1,0.0,0.0,0.0,0.0,0.0,0.0,0.0,0.0,0.0,0.0,1.0,0.0,9.0,0.0,0.0,0.0,0.0,0.0,0.0,0.0,0.0,0.0,0.0,0.0,0.0,0.0,0.0,0.0,0.0,0.0,0.0,0.0,0.0,0.0,0.0,0.0,0.0,0.0,0.0,,,,,,,,,,,,,,,9.0
2013_090_482875,482875,Kayvon Webster,South Florida,Big East,CORNERBACK,DB,2013,3,28,90,4,0.0,0.0,0.0,0.0,0.0,0.0,0.0,0.0,0.0,0.0,3.0,0.0,34.0,7.0,0.0,102.0,0.0,0.0,0.0,0.0,0.0,0.0,0.0,0.0,0.0,0.0,0.0,0.0,0.0,0.0,0.0,0.0,0.0,0.0,0.0,0.0,0.0,0.0,0.0,25.0,,,,,,,,,,14.571428571428571,,,,11.333333333333334
2013_091_483118,483118,Duron Harmon,Rutgers,Big East,SAFETY,DB,2013,3,29,91,2,0.0,0.0,0.0,0.0,0.0,0.0,0.0,0.0,0.0,0.0,6.0,1.0,97.0,0.0,0.0,0.0,0.0,0.0,0.0,0.0,0.0,0.0,0.0,0.0,0.0,0.0,0.0,0.0,0.0,0.0,0.0,0.0,0.0,0.0,0.0,0.0,0.0,0.0,0.0,,,,,,,,,,,,,,,16.166666666666668
2013_092_487983,487983,Stedman Bailey,West Virginia,Big East,WIDERECEIVER,WR,2013,3,30,92,3,0.0,0.0,0.0,0.0,0.0,0.0,0.0,0.0,0.0,0.0,0.0,0.0,0.0,14.0,0.0,213.0,0.0,0.0,0.0,0.0,0.0,0.0,0.0,0.0,0.0,0.0,0.0,0.0,0.0,0.0,0.0,0.0,0.0,210.0,41.0,3218.0,2.0,0.0,13.0,26.0,,,,87.0,13.0,,,15.323809523809524,6.5,15.214285714285714,,,,
2013_093_512807,512807,Will Davis,Utah State,Western Athletic,CORNERBACK,DB,2013,3,31,93,1,0.0,0.0,0.0,0.0,0.0,0.0,0.0,0.0,0.0,0.0,5.0,1.0,100.0,0.0,0.0,0.0,0.0,0.0,0.0,0.0,0.0,0.0,0.0,0.0,0.0,0.0,0.0,0.0,0.0,0.0,0.0,0.0,0.0,0.0,0.0,0.0,0.0,0.0,0.0,,,,,,,,,,,,,,,20.0
2013_096_482676,482676,Knile Davis,Arkansas,SEC,RUNNINGBACK,RB,2013,3,34,96,3,0.0,0.0,0.0,0.0,0.0,0.0,0.0,0.0,0.0,0.0,0.0,0.0,0.0,0.0,0.0,0.0,0.0,0.0,0.0,0.0,0.0,0.0,0.0,0.0,0.0,0.0,0.0,0.0,0.0,0.0,0.0,0.0,0.0,32.0,2.0,297.0,349.0,19.0,1862.0,,,,,64.0,71.0,,,9.28125,5.335243553008596,,,,,
2013_097_381377,381377,Zaviar Gooden,Missouri,SEC,OUTSIDELINEBACKER,LB,2013,3,35,97,3,0.0,0.0,0.0,0.0,0.0,0.0,0.0,0.0,0.0,0.0,5.0,1.0,30.0,0.0,0.0,0.0,0.0,0.0,0.0,0.0,0.0,0.0,0.0,0.0,0.0,0.0,0.0,0.0,0.0,0.0,0.0,0.0,0.0,0.0,0.0,0.0,0.0,0.0,0.0,,,,,,,,,,,,,,,6.0
2013_098_480322,480322,Matt Barkley,USC,Pac-12,QUARTERBACK,QB,2013,4,1,98,4,0.0,0.0,0.0,0.0,0.0,0.0,0.0,0.0,0.0,0.0,0.0,0.0,0.0,0.0,0.0,0.0,0.0,0.0,0.0,0.0,0.0,1562.0,1001.0,48.0,116.0,12327.0,0.0,0.0,0.0,0.0,0.0,0.0,0.0,0.0,0.0,0.0,132.0,6.0,-113.0,,,,,,27.0,0.6408450704225352,7.89180537772087,,-0.8560606060606061,,,,,
2013_099_482656,482656,Nico Johnson,Alabama,SEC,INSIDELINEBACKER,LB,2013,4,2,99,2,0.0,0.0,0.0,0.0,0.0,0.0,0.0,0.0,0.0,0.0,2.0,0.0,2.0,0.0,0.0,0.0,0.0,0.0,0.0,0.0,0.0,0.0,0.0,0.0,0.0,0.0,0.0,0.0,0.0,0.0,0.0,0.0,0.0,0.0,0.0,0.0,0.0,0.0,0.0,,,,,,,,,,,,,,,1.0
2013_101_504290,504290,Ace Sanders,South Carolina,SEC,WIDERECEIVER,WR,2013,4,4,101,3,0.0,0.0,0.0,0.0,0.0,0.0,0.0,0.0,0.0,0.0,0.0,0.0,0.0,2.0,0.0,24.0,0.0,0.0,0.0,0.0,0.0,4.0,2.0,0.0,2.0,19.0,92.0,3.0,594.0,0.0,0.0,0.0,0.0,99.0,13.0,1230.0,12.0,0.0,72.0,16.0,,70.0,,51.0,53.0,0.5,4.75,12.424242424242424,6.0,12.0,6.456521739130435,,,
2013_102_481315,481315,Josh Boyce,TCU,Mountain West,WIDERECEIVER,WR,2013,4,5,102,3,0.0,0.0,0.0,0.0,0.0,0.0,0.0,0.0,0.0,0.0,0.0,0.0,0.0,3.0,0.0,93.0,0.0,0.0,0.0,0.0,0.0,0.0,0.0,0.0,0.0,0.0,0.0,0.0,0.0,0.0,0.0,0.0,0.0,161.0,22.0,2535.0,4.0,1.0,7.0,57.0,,,,94.0,3.0,,,15.745341614906833,1.75,31.0,,,,
2013_104_482722,482722,Jelani Jenkins,Florida,SEC,OUTSIDELINEBACKER,LB,2013,4,7,104,3,0.0,0.0,0.0,0.0,0.0,0.0,0.0,0.0,0.0,0.0,3.0,1.0,136.0,0.0,0.0,0.0,0.0,0.0,0.0,0.0,0.0,0.0,0.0,0.0,0.0,0.0,1.0,1.0,36.0,0.0,0.0,0.0,0.0,0.0,0.0,0.0,0.0,0.0,0.0,,,36.0,,,,,,,,,36.0,,,45.333333333333336
2013_105_480554,480554,Duke Williams,Nevada,Western Athletic,SAFETY,DB,2013,4,8,105,2,0.0,0.0,0.0,0.0,0.0,0.0,0.0,0.0,0.0,0.0,3.0,0.0,42.0,9.0,0.0,186.0,0.0,0.0,0.0,0.0,0.0,0.0,0.0,0.0,0.0,0.0,0.0,0.0,0.0,0.0,0.0,0.0,0.0,0.0,0.0,0.0,0.0,0.0,0.0,28.0,,,,,,,,,,20.666666666666668,,,,14.0
2013_106_481715,481715,Dion Sims,Michigan State,Big Ten,TIGHTEND,TE,2013,4,9,106,3,0.0,0.0,0.0,0.0,0.0,0.0,0.0,0.0,0.0,0.0,0.0,0.0,0.0,2.0,0.0,-7.0,0.0,0.0,0.0,0.0,0.0,0.0,0.0,0.0,0.0,0.0,0.0,0.0,0.0,0.0,0.0,0.0,0.0,59.0,8.0,707.0,1.0,0.0,-2.0,0.0,,,,44.0,0.0,,,11.983050847457626,-2.0,-3.5,,,,
2013_107_482505,482505,Brian Schwenke,California,Pac-12,CENTER,OL,2013,4,10,107,1,0.0,0.0,0.0,0.0,0.0,0.0,0.0,0.0,0.0,0.0,0.0,0.0,0.0,0.0,0.0,0.0,0.0,0.0,0.0,0.0,0.0,0.0,0.0,0.0,0.0,0.0,0.0,0.0,0.0,0.0,0.0,0.0,0.0,1.0,0.0,3.0,0.0,0.0,0.0,,,,,3.0,,,,3.0,,,,,,
2013_110_382584,382584,Ryan Nassib,Syracuse,Big East,QUARTERBACK,QB,2013,4,13,110,4,0.0,0.0,0.0,0.0,0.0,0.0,0.0,0.0,0.0,0.0,0.0,0.0,0.0,0.0,0.0,0.0,0.0,0.0,0.0,0.0,0.0,1312.0,791.0,28.0,70.0,9190.0,0.0,0.0,0.0,0.0,0.0,0.0,0.0,1.0,0.0,-4.0,242.0,5.0,164.0,,,,,0.0,45.0,0.6028963414634146,7.004573170731708,-4.0,0.6776859504132231,,,,,
2013_111_483226,483226,Shamarko Thomas,Syracuse,Big East,SAFETY,DB,2013,4,14,111,1,0.0,0.0,0.0,0.0,0.0,0.0,0.0,0.0,0.0,0.0,2.0,0.0,27.0,0.0,0.0,0.0,0.0,0.0,0.0,0.0,0.0,0.0,0.0,0.0,0.0,0.0,0.0,0.0,0.0,0.0,0.0,0.0,0.0,0.0,0.0,0.0,0.0,0.0,0.0,,,,,,,,,,,,,,,13.5
2013_112_382642,382642,Tyler Wilson,Arkansas,SEC,QUARTERBACK,QB,2013,4,15,112,5,0.0,0.0,0.0,0.0,0.0,0.0,0.0,0.0,0.0,0.0,0.0,0.0,0.0,0.0,0.0,0.0,0.0,0.0,0.0,0.0,0.0,948.0,593.0,26.0,52.0,7765.0,0.0,0.0,0.0,0.0,0.0,0.0,0.0,0.0,0.0,0.0,110.0,4.0,-44.0,,,,,,30.0,0.6255274261603375,8.190928270042194,,-0.4,,,,,
2013_115_377845,377845,Landry Jones,Oklahoma,Big 12,QUARTERBACK,QB,2013,4,18,115,4,0.0,0.0,0.0,0.0,0.0,0.0,0.0,0.0,0.0,0.0,0.0,0.0,0.0,0.0,0.0,0.0,0.0,0.0,0.0,0.0,0.0,2183.0,1388.0,52.0,123.0,16646.0,0.0,0.0,0.0,0.0,0.0,0.0,0.0,0.0,0.0,0.0,132.0,3.0,-375.0,,,,,,18.0,0.635822262940907,7.6252863032524045,,-2.840909090909091,,,,,
2013_117_382170,382170,Khaseem Greene,Rutgers,Big East,OUTSIDELINEBACKER,LB,2013,4,20,117,3,0.0,0.0,0.0,0.0,0.0,0.0,0.0,0.0,0.0,0.0,6.0,0.0,104.0,0.0,0.0,0.0,0.0,0.0,0.0,0.0,0.0,0.0,0.0,0.0,0.0,0.0,1.0,0.0,3.0,0.0,0.0,0.0,0.0,0.0,0.0,0.0,0.0,0.0,0.0,,,3.0,,,,,,,,,3.0,,,17.333333333333332
2013_118_483062,483062,Sean Porter,Texas A&M,SEC,OUTSIDELINEBACKER,LB,2013,4,21,118,1,0.0,0.0,0.0,0.0,0.0,0.0,0.0,0.0,0.0,0.0,1.0,0.0,16.0,0.0,0.0,0.0,0.0,0.0,0.0,0.0,0.0,0.0,0.0,0.0,0.0,0.0,0.0,0.0,0.0,0.0,0.0,0.0,0.0,0.0,0.0,0.0,0.0,0.0,0.0,,,,,,,,,,,,,,,16.0
2013_119_382993,382993,Phillip Thomas,Fresno State,Western Athletic,SAFETY,DB,2013,4,22,119,3,0.0,0.0,0.0,0.0,0.0,0.0,0.0,0.0,0.0,0.0,13.0,4.0,214.0,0.0,0.0,0.0,0.0,0.0,0.0,0.0,0.0,0.0,0.0,0.0,0.0,0.0,0.0,0.0,0.0,0.0,0.0,0.0,0.0,0.0,0.0,0.0,0.0,0.0,0.0,,,,,,,,,,,,,,,16.46153846153846
2013_120_481918,481918,Gerald Hodges,Penn State,Big Ten,OUTSIDELINEBACKER,LB,2013,4,23,120,2,0.0,0.0,0.0,0.0,0.0,0.0,0.0,0.0,0.0,0.0,3.0,0.0,63.0,1.0,0.0,12.0,0.0,0.0,0.0,0.0,0.0,0.0,0.0,0.0,0.0,0.0,2.0,0.0,-1.0,0.0,0.0,0.0,0.0,0.0,0.0,0.0,0.0,0.0,0.0,12.0,,0.0,,,,,,,,12.0,-0.5,,,21.0
2013_123_487950,487950,Chris Harper,Kansas State,Big 12,WIDERECEIVER,WR,2013,4,26,123,3,0.0,0.0,0.0,0.0,0.0,0.0,0.0,0.0,0.0,0.0,0.0,0.0,0.0,2.0,0.0,27.0,0.0,0.0,0.0,0.0,0.0,0.0,0.0,0.0,0.0,0.0,0.0,0.0,0.0,0.0,0.0,0.0,0.0,123.0,12.0,1734.0,8.0,0.0,45.0,21.0,,,,62.0,29.0,,,14.097560975609756,5.625,13.5,,,,
2013_125_380712,380712,Johnathan Franklin,UCLA,Pac-12,RUNNINGBACK,RB,2013,4,28,125,4,0.0,0.0,0.0,0.0,0.0,0.0,0.0,0.0,0.0,0.0,0.0,0.0,0.0,1.0,0.0,5.0,0.0,0.0,0.0,0.0,0.0,0.0,0.0,0.0,0.0,0.0,0.0,0.0,0.0,0.0,0.0,0.0,0.0,58.0,3.0,517.0,788.0,31.0,4403.0,5.0,,,,40.0,78.0,,,8.913793103448276,5.58756345177665,5.0,,,,
2013_128_512774,512774,Quinton Patton,Louisiana Tech,Western Athletic,WIDERECEIVER,WR,2013,4,31,128,2,0.0,0.0,0.0,0.0,0.0,0.0,0.0,0.0,0.0,0.0,0.0,0.0,0.0,7.0,0.0,108.0,0.0,0.0,0.0,0.0,0.0,0.0,0.0,0.0,0.0,0.0,13.0,0.0,27.0,0.0,0.0,0.0,0.0,183.0,24.0,2594.0,11.0,0.0,37.0,33.0,,17.0,,90.0,9.0,,,14.174863387978142,3.363636363636364,15.428571428571429,2.076923076923077,,,
2013_131_501517,501517,Marcus Lattimore,South Carolina,SEC,RUNNINGBACK,RB,2013,4,34,131,3,0.0,0.0,0.0,0.0,0.0,0.0,0.0,0.0,0.0,0.0,0.0,0.0,0.0,0.0,0.0,0.0,0.0,0.0,0.0,0.0,0.0,0.0,0.0,0.0,0.0,0.0,0.0,0.0,0.0,0.0,0.0,0.0,0.0,74.0,3.0,767.0,555.0,38.0,2677.0,,,,,53.0,58.0,,,10.364864864864863,4.8234234234234235,,,,,
2013_132_382777,382777,Devin Taylor,South Carolina,SEC,DEFENSIVEEND,DL,2013,4,35,132,3,0.0,0.0,0.0,0.0,0.0,0.0,0.0,0.0,0.0,0.0,2.0,2.0,72.0,1.0,0.0,3.0,0.0,0.0,0.0,0.0,0.0,0.0,0.0,0.0,0.0,0.0,1.0,0.0,12.0,0.0,0.0,0.0,0.0,0.0,0.0,0.0,0.0,0.0,0.0,3.0,,12.0,,,,,,,,3.0,12.0,,,36.0
2013_133_482565,482565,Levine Toilolo,Stanford,Pac-12,TIGHTEND,TE,2013,4,36,133,3,0.0,0.0,0.0,0.0,0.0,0.0,0.0,0.0,0.0,0.0,0.0,0.0,0.0,0.0,0.0,0.0,0.0,0.0,0.0,0.0,0.0,0.0,0.0,0.0,0.0,0.0,0.0,0.0,0.0,0.0,0.0,0.0,0.0,50.0,10.0,763.0,0.0,0.0,0.0,,,,,46.0,,,,15.26,,,,,,
2013_134_382676,382676,Sanders Commings,Georgia,SEC,CORNERBACK,DB,2013,5,1,134,4,0.0,0.0,0.0,0.0,0.0,0.0,0.0,0.0,0.0,0.0,8.0,0.0,56.0,1.0,0.0,13.0,0.0,0.0,0.0,0.0,0.0,0.0,0.0,0.0,0.0,0.0,0.0,0.0,0.0,0.0,0.0,0.0,0.0,1.0,0.0,16.0,0.0,0.0,0.0,13.0,,,,16.0,,,,16.0,,13.0,,,,7.0
2013_135_480237,480237,Denard Robinson,Michigan,Big Ten,WIDERECEIVER,WR,2013,5,2,135,4,0.0,0.0,0.0,0.0,0.0,0.0,0.0,0.0,0.0,0.0,0.0,0.0,0.0,0.0,0.0,0.0,0.0,0.0,0.0,0.0,0.0,734.0,418.0,39.0,49.0,6152.0,0.0,0.0,0.0,0.0,2.0,0.0,41.0,3.0,0.0,31.0,715.0,42.0,4449.0,,,,30.0,20.0,87.0,0.5694822888283378,8.381471389645776,10.333333333333334,6.222377622377622,,,20.5,,
2013_136_381571,381571,Earl Wolff,NC State,ACC,SAFETY,DB,2013,5,3,136,3,0.0,0.0,0.0,0.0,0.0,0.0,0.0,0.0,0.0,0.0,6.0,0.0,119.0,0.0,0.0,0.0,0.0,0.0,0.0,0.0,0.0,0.0,0.0,0.0,0.0,0.0,0.0,0.0,0.0,0.0,0.0,0.0,0.0,0.0,0.0,0.0,0.0,0.0,0.0,,,,,,,,,,,,,,,19.833333333333332
2013_138_504169,504169,Tharold Simon,LSU,SEC,CORNERBACK,DB,2013,5,5,138,3,0.0,0.0,0.0,0.0,0.0,0.0,0.0,0.0,0.0,0.0,7.0,0.0,41.0,0.0,0.0,0.0,0.0,0.0,0.0,0.0,0.0,0.0,0.0,0.0,0.0,0.0,0.0,0.0,0.0,0.0,0.0,0.0,0.0,0.0,0.0,0.0,0.0,0.0,0.0,,,,,,,,,,,,,,,5.857142857142857
2013_140_482574,482574,Stepfan Taylor,Stanford,Pac-12,RUNNINGBACK,RB,2013,5,7,140,4,0.0,0.0,0.0,0.0,0.0,0.0,0.0,0.0,0.0,0.0,0.0,0.0,0.0,1.0,0.0,17.0,0.0,0.0,0.0,0.0,0.0,0.0,0.0,0.0,0.0,0.0,0.0,0.0,0.0,0.0,0.0,0.0,0.0,97.0,5.0,778.0,843.0,40.0,4300.0,17.0,,,,59.0,70.0,,,8.02061855670103,5.100830367734282,17.0,,,,
2013_142_378559,378559,Lavar Edwards,LSU,SEC,DEFENSIVEEND,DL,2013,5,9,142,2,0.0,0.0,0.0,0.0,0.0,0.0,0.0,0.0,0.0,0.0,2.0,1.0,40.0,0.0,0.0,0.0,0.0,0.0,0.0,0.0,0.0,0.0,0.0,0.0,0.0,0.0,0.0,0.0,0.0,0.0,0.0,0.0,0.0,0.0,0.0,0.0,0.0,0.0,0.0,,,,,,,,,,,,,,,20.0
2013_143_482953,482953,Jonathan Meeks,Clemson,ACC,SAFETY,DB,2013,5,10,143,4,0.0,0.0,0.0,0.0,0.0,0.0,0.0,0.0,0.0,0.0,7.0,1.0,192.0,0.0,0.0,0.0,0.0,0.0,0.0,0.0,0.0,0.0,0.0,0.0,0.0,0.0,0.0,0.0,0.0,0.0,0.0,0.0,0.0,0.0,0.0,0.0,0.0,0.0,0.0,,,,,,,,,,,,,,,27.428571428571427
2013_144_501915,501915,Kenny Stills,Oklahoma,Big 12,WIDERECEIVER,WR,2013,5,11,144,3,0.0,0.0,0.0,0.0,0.0,0.0,0.0,0.0,0.0,0.0,0.0,0.0,0.0,0.0,0.0,0.0,0.0,0.0,0.0,0.0,0.0,0.0,0.0,0.0,0.0,0.0,23.0,0.0,54.0,0.0,0.0,0.0,0.0,204.0,24.0,2594.0,3.0,0.0,23.0,,,16.0,,68.0,13.0,,,12.715686274509803,7.666666666666667,,2.347826086956522,,,
2013_145_482487,482487,Steve Williams,California,Pac-12,CORNERBACK,DB,2013,5,12,145,3,0.0,0.0,0.0,0.0,0.0,0.0,0.0,0.0,0.0,0.0,6.0,0.0,45.0,0.0,0.0,0.0,0.0,0.0,0.0,0.0,0.0,0.0,0.0,0.0,0.0,0.0,1.0,0.0,0.0,0.0,0.0,0.0,0.0,0.0,0.0,0.0,0.0,0.0,0.0,,,0.0,,,,,,,,,0.0,,,7.5
2013_147_383095,383095,Steven Means,Buffalo,Mid-American,OUTSIDELINEBACKER,LB,2013,5,14,147,2,0.0,0.0,0.0,0.0,0.0,0.0,0.0,0.0,0.0,0.0,2.0,1.0,42.0,0.0,0.0,0.0,0.0,0.0,0.0,0.0,0.0,0.0,0.0,0.0,0.0,0.0,0.0,0.0,0.0,0.0,0.0,0.0,0.0,0.0,0.0,0.0,0.0,0.0,0.0,,,,,,,,,,,,,,,21.0
2013_148_480706,480706,A.J. Klein,Iowa State,Big 12,INSIDELINEBACKER,LB,2013,5,15,148,3,0.0,0.0,0.0,0.0,0.0,0.0,0.0,0.0,0.0,0.0,5.0,4.0,265.0,0.0,0.0,0.0,0.0,0.0,0.0,0.0,0.0,0.0,0.0,0.0,0.0,0.0,0.0,0.0,0.0,0.0,0.0,0.0,0.0,0.0,0.0,0.0,0.0,0.0,0.0,,,,,,,,,,,,,,,53.0
2013_149_480222,480222,Brandon McGee,Miami,ACC,CORNERBACK,DB,2013,5,16,149,2,0.0,0.0,0.0,0.0,0.0,0.0,0.0,0.0,0.0,0.0,3.0,0.0,41.0,1.0,0.0,27.0,0.0,0.0,0.0,0.0,0.0,0.0,0.0,0.0,0.0,0.0,0.0,0.0,0.0,0.0,0.0,0.0,0.0,0.0,0.0,0.0,0.0,0.0,0.0,27.0,,,,,,,,,,27.0,,,,13.666666666666666
2013_150_480232,480232,Terry Hawthorne,Illinois,Big Ten,CORNERBACK,DB,2013,5,17,150,4,0.0,0.0,0.0,0.0,0.0,0.0,0.0,0.0,0.0,0.0,6.0,2.0,83.0,18.0,0.0,347.0,0.0,0.0,0.0,0.0,0.0,0.0,0.0,0.0,0.0,0.0,14.0,0.0,46.0,0.0,0.0,0.0,0.0,0.0,0.0,0.0,0.0,0.0,0.0,45.0,,11.0,,,,,,,,19.27777777777778,3.2857142857142856,,,13.833333333333334
2013_151_501595,501595,Joseph Randle,Oklahoma State,Big 12,RUNNINGBACK,RB,2013,5,18,151,3,0.0,0.0,0.0,0.0,0.0,0.0,0.0,0.0,0.0,0.0,0.0,0.0,0.0,12.0,0.0,282.0,0.0,0.0,0.0,0.0,0.0,2.0,2.0,0.0,0.0,37.0,1.0,0.0,-1.0,0.0,0.0,0.0,0.0,108.0,3.0,917.0,564.0,40.0,3085.0,40.0,,0.0,,63.0,69.0,1.0,18.5,8.49074074074074,5.469858156028369,23.5,-1.0,,,
2013_154_480764,480764,Chris Thompson,Florida State,ACC,RUNNINGBACK,RB,2013,5,21,154,4,0.0,0.0,0.0,0.0,0.0,0.0,0.0,0.0,0.0,0.0,0.0,0.0,0.0,8.0,0.0,183.0,0.0,0.0,0.0,0.0,0.0,0.0,0.0,0.0,0.0,0.0,1.0,0.0,4.0,0.0,0.0,0.0,0.0,45.0,1.0,430.0,276.0,14.0,1736.0,33.0,,4.0,,32.0,90.0,,,9.555555555555555,6.2898550724637685,22.875,4.0,,,
2013_155_380723,380723,Jeff Locke,UCLA,Pac-12,PUNTER,ST,2013,5,22,155,4,0.0,0.0,0.0,0.0,0.0,0.0,0.0,0.0,0.0,0.0,0.0,0.0,0.0,0.0,0.0,0.0,3.0,2.0,12.0,6.0,6.0,0.0,0.0,0.0,0.0,0.0,0.0,0.0,0.0,0.0,275.0,0.0,12163.0,0.0,0.0,0.0,1.0,0.0,8.0,,51.0,,81.0,,8.0,,,,8.0,,,44.22909090909091,0.6666666666666666,
2013_158_383454,383454,Luke Willson,Rice,Conference USA,TIGHTEND,TE,2013,5,25,158,4,0.0,0.0,0.0,0.0,0.0,0.0,0.0,0.0,0.0,0.0,0.0,0.0,0.0,0.0,0.0,0.0,0.0,0.0,0.0,0.0,0.0,0.0,0.0,0.0,0.0,0.0,0.0,0.0,0.0,0.0,0.0,0.0,0.0,78.0,9.0,986.0,0.0,0.0,0.0,,,,,55.0,,,,12.64102564102564,,,,,,
2013_159_480441,480441,Micah Hyde,Iowa,Big Ten,CORNERBACK,DB,2013,5,26,159,3,0.0,0.0,0.0,0.0,0.0,0.0,0.0,0.0,0.0,0.0,8.0,1.0,76.0,0.0,0.0,0.0,0.0,0.0,0.0,0.0,0.0,0.0,0.0,0.0,0.0,0.0,47.0,0.0,225.0,0.0,0.0,0.0,0.0,0.0,0.0,0.0,0.0,0.0,0.0,,,30.0,,,,,,,,,4.787234042553192,,,9.5
2013_161_378226,378226,Tavarres King,Georgia,SEC,WIDERECEIVER,WR,2013,5,28,161,5,0.0,0.0,0.0,0.0,0.0,0.0,0.0,0.0,0.0,0.0,0.0,0.0,0.0,0.0,0.0,0.0,0.0,0.0,0.0,0.0,0.0,0.0,0.0,0.0,0.0,0.0,0.0,0.0,0.0,0.0,0.0,0.0,0.0,136.0,21.0,2602.0,3.0,0.0,5.0,,,,,80.0,3.0,,,19.13235294117647,1.6666666666666667,,,,,
2013_164_480255,480255,Mike Gillislee,Florida,SEC,RUNNINGBACK,RB,2013,5,31,164,4,0.0,0.0,0.0,0.0,0.0,0.0,0.0,0.0,0.0,0.0,0.0,0.0,0.0,9.0,0.0,178.0,0.0,0.0,0.0,0.0,0.0,0.0,0.0,0.0,0.0,0.0,0.0,0.0,0.0,0.0,0.0,0.0,0.0,23.0,2.0,182.0,389.0,20.0,2072.0,50.0,,,,45.0,60.0,,,7.913043478260869,5.326478149100257,19.77777777777778,,,,
2013_166_378619,378619,Caleb Sturgis,Florida,SEC,PLACEKICKER,ST,2013,5,33,166,5,0.0,0.0,0.0,0.0,0.0,0.0,0.0,0.0,0.0,0.0,0.0,0.0,0.0,0.0,0.0,0.0,87.0,70.0,340.0,136.0,130.0,0.0,0.0,0.0,0.0,0.0,0.0,0.0,0.0,0.0,0.0,0.0,0.0,0.0,0.0,0.0,0.0,0.0,0.0,,56.0,,,,,,,,,,,,0.8045977011494253,
2013_171_501213,501213,Corey Fuller,Virginia Tech,ACC,WIDERECEIVER,WR,2013,6,3,171,2,0.0,0.0,0.0,0.0,0.0,0.0,0.0,0.0,0.0,0.0,0.0,0.0,0.0,0.0,0.0,0.0,0.0,0.0,0.0,0.0,0.0,0.0,0.0,0.0,0.0,0.0,0.0,0.0,0.0,0.0,0.0,0.0,0.0,45.0,6.0,834.0,1.0,0.0,10.0,,,,,69.0,10.0,,,18.533333333333335,10.0,,,,,
2013_172_480650,480650,Nick Kasa,Colorado,Pac-12,TIGHTEND,TE,2013,6,4,172,2,0.0,0.0,0.0,0.0,0.0,0.0,0.0,0.0,0.0,0.0,0.0,0.0,0.0,0.0,0.0,0.0,0.0,0.0,0.0,0.0,0.0,0.0,0.0,0.0,0.0,0.0,0.0,0.0,0.0,0.0,0.0,0.0,0.0,26.0,3.0,399.0,0.0,0.0,0.0,,,,,70.0,,,,15.346153846153848,,,,,,
2013_174_483069,483069,Ryan Swope,Texas A&M,SEC,WIDERECEIVER,WR,2013,6,6,174,4,0.0,0.0,0.0,0.0,0.0,0.0,0.0,0.0,0.0,0.0,0.0,0.0,0.0,14.0,0.0,285.0,0.0,0.0,0.0,0.0,0.0,0.0,0.0,0.0,0.0,0.0,1.0,0.0,0.0,0.0,0.0,0.0,0.0,252.0,24.0,3117.0,19.0,0.0,59.0,39.0,,0.0,,80.0,14.0,,,12.36904761904762,3.1052631578947367,20.357142857142858,0.0,,,
2013_175_385440,385440,Jamoris Slaughter,Notre Dame,FBS Independents,SAFETY,DB,2013,6,7,175,2,0.0,0.0,0.0,0.0,0.0,0.0,0.0,0.0,0.0,0.0,2.0,0.0,26.0,0.0,0.0,0.0,0.0,0.0,0.0,0.0,0.0,0.0,0.0,0.0,0.0,0.0,0.0,0.0,0.0,0.0,0.0,0.0,0.0,0.0,0.0,0.0,0.0,0.0,0.0,,,,,,,,,,,,,,,13.0
2013_177_480761,480761,Dustin Hopkins,Florida State,ACC,PLACEKICKER,ST,2013,6,9,177,4,0.0,0.0,0.0,0.0,0.0,0.0,0.0,0.0,0.0,0.0,0.0,0.0,0.0,0.0,0.0,0.0,112.0,88.0,466.0,207.0,202.0,0.0,0.0,0.0,0.0,0.0,1.0,0.0,0.0,0.0,0.0,0.0,0.0,0.0,0.0,0.0,0.0,0.0,0.0,,56.0,0.0,,,,,,,,,0.0,,0.7857142857142857,
2013_180_380906,380906,Nick Moody,Florida State,ACC,OUTSIDELINEBACKER,LB,2013,6,12,180,1,0.0,0.0,0.0,0.0,0.0,0.0,0.0,0.0,0.0,0.0,1.0,1.0,96.0,0.0,0.0,0.0,0.0,0.0,0.0,0.0,0.0,0.0,0.0,0.0,0.0,0.0,0.0,0.0,0.0,0.0,0.0,0.0,0.0,0.0,0.0,0.0,0.0,0.0,0.0,,,,,,,,,,,,,,,96.0
2013_181_383847,383847,Latavius Murray,UCF,Conference USA,RUNNINGBACK,RB,2013,6,13,181,4,0.0,0.0,0.0,0.0,0.0,0.0,0.0,0.0,0.0,0.0,0.0,0.0,0.0,3.0,1.0,84.0,0.0,0.0,0.0,0.0,0.0,0.0,0.0,0.0,0.0,0.0,0.0,0.0,0.0,0.0,0.0,0.0,0.0,50.0,6.0,524.0,453.0,37.0,2424.0,69.0,,,,53.0,83.0,,,10.48,5.3509933774834435,28.0,,,,
2013_182_379309,379309,Kenjon Barner,Oregon,Pac-12,RUNNINGBACK,RB,2013,6,14,182,4,0.0,0.0,0.0,0.0,0.0,0.0,0.0,0.0,0.0,0.0,0.0,0.0,0.0,61.0,1.0,1371.0,0.0,0.0,0.0,0.0,0.0,0.0,0.0,0.0,0.0,0.0,40.0,1.0,263.0,0.0,0.0,0.0,0.0,54.0,7.0,591.0,582.0,41.0,3623.0,100.0,,80.0,,60.0,84.0,,,10.944444444444445,6.225085910652921,22.475409836065573,6.575,,,
2013_184_379316,379316,Mychal Rivera,Tennessee,SEC,TIGHTEND,TE,2013,6,16,184,3,0.0,0.0,0.0,0.0,0.0,0.0,0.0,0.0,0.0,0.0,0.0,0.0,0.0,3.0,0.0,14.0,0.0,0.0,0.0,0.0,0.0,0.0,0.0,0.0,0.0,0.0,0.0,0.0,0.0,0.0,0.0,0.0,0.0,76.0,6.0,1018.0,0.0,0.0,0.0,7.0,,,,62.0,,,,13.394736842105264,,4.666666666666667,,,,
2013_185_483185,483185,DeVonte Holloman,South Carolina,SEC,OUTSIDELINEBACKER,LB,2013,6,17,185,4,0.0,0.0,0.0,0.0,0.0,0.0,0.0,0.0,0.0,0.0,7.0,0.0,118.0,0.0,0.0,0.0,0.0,0.0,0.0,0.0,0.0,0.0,0.0,0.0,0.0,0.0,0.0,0.0,0.0,0.0,0.0,0.0,0.0,0.0,0.0,0.0,0.0,0.0,0.0,,,,,,,,,,,,,,,16.857142857142858
2013_186_488945,488945,Justin Brown,Penn State,Big Ten,WIDERECEIVER,WR,2013,6,18,186,3,0.0,0.0,0.0,0.0,0.0,0.0,0.0,0.0,0.0,0.0,0.0,0.0,0.0,0.0,0.0,0.0,0.0,0.0,0.0,0.0,0.0,1.0,0.0,1.0,0.0,0.0,71.0,0.0,338.0,0.0,0.0,0.0,0.0,73.0,3.0,1047.0,3.0,0.0,-12.0,,,33.0,,69.0,0.0,0.0,0.0,14.342465753424657,-4.0,,4.76056338028169,,,
2013_187_381445,381445,Andre Ellington,Clemson,ACC,RUNNINGBACK,RB,2013,6,19,187,4,0.0,0.0,0.0,0.0,0.0,0.0,0.0,0.0,0.0,0.0,0.0,0.0,0.0,26.0,1.0,642.0,0.0,0.0,0.0,0.0,0.0,1.0,0.0,0.0,0.0,0.0,1.0,0.0,3.0,0.0,0.0,0.0,0.0,59.0,2.0,505.0,621.0,33.0,3436.0,87.0,,3.0,,52.0,74.0,0.0,0.0,8.559322033898304,5.533011272141707,24.692307692307693,3.0,,,
2013_189_480873,480873,Mike James,Miami,ACC,RUNNINGBACK,RB,2013,6,21,189,4,0.0,0.0,0.0,0.0,0.0,0.0,0.0,0.0,0.0,0.0,0.0,0.0,0.0,20.0,0.0,415.0,0.0,0.0,0.0,0.0,0.0,0.0,0.0,0.0,0.0,0.0,0.0,0.0,0.0,0.0,0.0,0.0,0.0,67.0,5.0,585.0,304.0,17.0,1340.0,41.0,,,,72.0,32.0,,,8.73134328358209,4.407894736842105,20.75,,,,
2013_190_481556,481556,Rex Burkhead,Nebraska,Big Ten,RUNNINGBACK,RB,2013,6,22,190,4,0.0,0.0,0.0,0.0,0.0,0.0,0.0,0.0,0.0,0.0,0.0,0.0,0.0,1.0,0.0,15.0,0.0,0.0,0.0,0.0,0.0,7.0,4.0,0.0,3.0,46.0,28.0,0.0,117.0,0.0,0.0,0.0,0.0,60.0,5.0,507.0,635.0,30.0,3332.0,15.0,,33.0,,31.0,73.0,0.5714285714285714,6.571428571428571,8.45,5.247244094488189,15.0,4.178571428571429,,,
2013_191_382686,382686,Bacarri Rambo,Georgia,SEC,SAFETY,DB,2013,6,23,191,4,0.0,0.0,0.0,0.0,0.0,0.0,0.0,0.0,0.0,0.0,16.0,3.0,293.0,0.0,0.0,0.0,0.0,0.0,0.0,0.0,0.0,0.0,0.0,0.0,0.0,0.0,2.0,0.0,21.0,0.0,0.0,0.0,0.0,0.0,0.0,0.0,0.0,0.0,0.0,,,21.0,,,,,,,,,10.5,,,18.3125
2013_192_378484,378484,John Boyett,Oregon,Pac-12,SAFETY,DB,2013,6,24,192,4,0.0,0.0,0.0,0.0,0.0,0.0,0.0,0.0,0.0,0.0,10.0,1.0,126.0,0.0,0.0,0.0,0.0,0.0,0.0,0.0,0.0,0.0,0.0,0.0,0.0,0.0,0.0,0.0,0.0,0.0,0.0,0.0,0.0,0.0,0.0,0.0,0.0,0.0,0.0,,,,,,,,,,,,,,,12.6
2013_194_504167,504167,Spencer Ware,LSU,SEC,RUNNINGBACK,RB,2013,6,26,194,3,0.0,0.0,0.0,0.0,0.0,0.0,0.0,0.0,0.0,0.0,0.0,0.0,0.0,0.0,0.0,0.0,0.0,0.0,0.0,0.0,0.0,2.0,1.0,0.0,1.0,39.0,0.0,0.0,0.0,0.0,0.0,0.0,0.0,39.0,2.0,404.0,295.0,10.0,1249.0,,,,,38.0,35.0,0.5,19.5,10.35897435897436,4.233898305084746,,,,,
2013_197_482678,482678,Cobi Hamilton,Arkansas,SEC,WIDERECEIVER,WR,2013,6,29,197,4,0.0,0.0,0.0,0.0,0.0,0.0,0.0,0.0,0.0,0.0,0.0,0.0,0.0,9.0,0.0,192.0,0.0,0.0,0.0,0.0,0.0,0.0,0.0,0.0,0.0,0.0,0.0,0.0,0.0,0.0,0.0,0.0,0.0,175.0,18.0,2854.0,1.0,0.0,-8.0,50.0,,,,85.0,0.0,,,16.30857142857143,-8.0,21.333333333333332,,,,
2013_199_483393,483393,Theo Riddick,Notre Dame,FBS Independents,RUNNINGBACK,RB,2013,6,31,199,4,0.0,0.0,0.0,0.0,0.0,0.0,0.0,0.0,0.0,0.0,0.0,0.0,0.0,47.0,0.0,1051.0,0.0,0.0,0.0,0.0,0.0,0.0,0.0,0.0,0.0,0.0,6.0,0.0,-1.0,0.0,0.0,0.0,0.0,120.0,8.0,1263.0,244.0,5.0,1169.0,38.0,,1.0,,45.0,55.0,,,10.525,4.790983606557377,22.361702127659573,-0.1666666666666666,,,
2013_201_382341,382341,Ryan Griffin,UConn,Big East,TIGHTEND,TE,2013,6,33,201,4,0.0,0.0,0.0,0.0,0.0,0.0,0.0,0.0,0.0,0.0,0.0,0.0,0.0,0.0,0.0,0.0,0.0,0.0,0.0,0.0,0.0,0.0,0.0,0.0,0.0,0.0,0.0,0.0,0.0,0.0,0.0,0.0,0.0,116.0,10.0,1500.0,0.0,0.0,0.0,,,,,74.0,,,,12.93103448275862,,,,,,
2013_202_383193,383193,Khalid Wooten,Nevada,Western Athletic,CORNERBACK,DB,2013,6,34,202,4,0.0,0.0,0.0,0.0,0.0,0.0,0.0,0.0,0.0,0.0,10.0,2.0,206.0,23.0,0.0,493.0,0.0,0.0,0.0,0.0,0.0,0.0,0.0,0.0,0.0,0.0,20.0,0.0,242.0,0.0,0.0,0.0,0.0,0.0,0.0,0.0,0.0,0.0,0.0,41.0,,55.0,,,,,,,,21.434782608695652,12.1,,,20.6
2013_204_481498,481498,Braden Wilson,Kansas State,Big 12,FULLBACK,RB,2013,6,36,204,4,0.0,0.0,0.0,0.0,0.0,0.0,0.0,0.0,0.0,0.0,0.0,0.0,0.0,0.0,0.0,0.0,0.0,0.0,0.0,0.0,0.0,0.0,0.0,0.0,0.0,0.0,0.0,0.0,0.0,0.0,0.0,0.0,0.0,18.0,0.0,144.0,21.0,2.0,44.0,,,,,23.0,6.0,,,8.0,2.0952380952380953,,,,,
2013_206_377669,377669,Vince Williams,Florida State,ACC,INSIDELINEBACKER,LB,2013,6,38,206,2,0.0,0.0,0.0,0.0,0.0,0.0,0.0,0.0,0.0,0.0,1.0,0.0,7.0,1.0,0.0,10.0,0.0,0.0,0.0,0.0,0.0,0.0,0.0,0.0,0.0,0.0,0.0,0.0,0.0,0.0,0.0,0.0,0.0,0.0,0.0,0.0,0.0,0.0,0.0,10.0,,,,,,,,,,10.0,,,,7.0
2013_208_512783,512783,Jeremy Harris,New Mexico State,Western Athletic,CORNERBACK,DB,2013,7,2,208,1,0.0,0.0,0.0,0.0,0.0,0.0,0.0,0.0,0.0,0.0,1.0,0.0,0.0,0.0,0.0,0.0,0.0,0.0,0.0,0.0,0.0,0.0,0.0,0.0,0.0,0.0,0.0,0.0,0.0,0.0,0.0,0.0,0.0,0.0,0.0,0.0,0.0,0.0,0.0,,,,,,,,,,,,,,,0.0
2013_209_379396,379396,Brice Butler,USC,Pac-12,WIDERECEIVER,WR,2013,7,3,209,4,0.0,0.0,0.0,0.0,0.0,0.0,0.0,0.0,0.0,0.0,0.0,0.0,0.0,0.0,0.0,0.0,0.0,0.0,0.0,0.0,0.0,0.0,0.0,0.0,0.0,0.0,0.0,0.0,0.0,0.0,0.0,0.0,0.0,65.0,7.0,901.0,0.0,0.0,0.0,,,,,44.0,,,,13.861538461538462,,,,,,
2013_211_382616,382616,Michael Williams,Alabama,SEC,TIGHTEND,TE,2013,7,5,211,4,0.0,0.0,0.0,0.0,0.0,0.0,0.0,0.0,0.0,0.0,0.0,0.0,0.0,6.0,0.0,54.0,0.0,0.0,0.0,0.0,0.0,0.0,0.0,0.0,0.0,0.0,0.0,0.0,0.0,0.0,0.0,0.0,0.0,51.0,7.0,503.0,0.0,0.0,0.0,19.0,,,,37.0,,,,9.862745098039216,,9.0,,,,
2013_212_503046,503046,Joe Kruger,Utah,Pac-12,DEFENSIVEEND,DL,2013,7,6,212,1,0.0,0.0,0.0,0.0,0.0,0.0,0.0,0.0,0.0,0.0,1.0,1.0,24.0,0.0,0.0,0.0,0.0,0.0,0.0,0.0,0.0,0.0,0.0,0.0,0.0,0.0,0.0,0.0,0.0,0.0,0.0,0.0,0.0,0.0,0.0,0.0,0.0,0.0,0.0,,,,,,,,,,,,,,,24.0
2013_213_377894,377894,Michael Mauti,Penn State,Big Ten,INSIDELINEBACKER,LB,2013,7,7,213,2,0.0,0.0,0.0,0.0,0.0,0.0,0.0,0.0,0.0,0.0,4.0,0.0,125.0,0.0,0.0,0.0,0.0,0.0,0.0,0.0,0.0,0.0,0.0,0.0,0.0,0.0,0.0,0.0,0.0,0.0,0.0,0.0,0.0,0.0,0.0,0.0,0.0,0.0,0.0,,,,,,,,,,,,,,,31.25
2013_214_480628,480628,Travis Bond,North Carolina,ACC,OFFENSIVEGUARD,OL,2013,7,8,214,1,0.0,0.0,0.0,0.0,0.0,0.0,0.0,0.0,0.0,0.0,0.0,0.0,0.0,0.0,0.0,0.0,0.0,0.0,0.0,0.0,0.0,0.0,0.0,0.0,0.0,0.0,0.0,0.0,0.0,0.0,0.0,0.0,0.0,1.0,0.0,-7.0,0.0,0.0,0.0,,,,,-7.0,,,,-7.0,,,,,,
2013_215_481654,481654,Tommy Bohanon,Wake Forest,ACC,FULLBACK,RB,2013,7,9,215,4,0.0,0.0,0.0,0.0,0.0,0.0,0.0,0.0,0.0,0.0,0.0,0.0,0.0,0.0,0.0,0.0,0.0,0.0,0.0,0.0,0.0,0.0,0.0,0.0,0.0,0.0,0.0,0.0,0.0,0.0,0.0,0.0,0.0,51.0,7.0,405.0,50.0,3.0,160.0,,,,,34.0,22.0,,,7.9411764705882355,3.2,,,,,
2013_218_482550,482550,Jordan Poyer,Oregon State,Pac-12,CORNERBACK,DB,2013,7,12,218,4,0.0,0.0,0.0,0.0,0.0,0.0,0.0,0.0,0.0,0.0,13.0,3.0,243.0,66.0,0.0,1711.0,0.0,0.0,0.0,0.0,0.0,0.0,0.0,0.0,0.0,0.0,63.0,1.0,316.0,0.0,0.0,0.0,0.0,1.0,0.0,23.0,0.0,0.0,0.0,70.0,,85.0,,23.0,,,,23.0,,25.924242424242426,5.015873015873016,,,18.692307692307693
2013_219_382162,382162,D.C. Jefferson,Rutgers,Big East,TIGHTEND,TE,2013,7,13,219,4,0.0,0.0,0.0,0.0,0.0,0.0,0.0,0.0,0.0,0.0,0.0,0.0,0.0,0.0,0.0,0.0,0.0,0.0,0.0,0.0,0.0,2.0,0.0,0.0,0.0,0.0,0.0,0.0,0.0,0.0,0.0,0.0,0.0,47.0,2.0,560.0,0.0,0.0,0.0,,,,,53.0,,0.0,0.0,11.914893617021276,,,,,,
2013_222_382629,382629,Chris Gragg,Arkansas,SEC,TIGHTEND,TE,2013,7,16,222,4,0.0,0.0,0.0,0.0,0.0,0.0,0.0,0.0,0.0,0.0,0.0,0.0,0.0,0.0,0.0,0.0,0.0,0.0,0.0,0.0,0.0,0.0,0.0,0.0,0.0,0.0,0.0,0.0,0.0,0.0,0.0,0.0,0.0,72.0,7.0,1003.0,0.0,0.0,0.0,,,,,57.0,,,,13.930555555555555,,,,,,
2013_224_377686,377686,Kevin Dorsey,Maryland,ACC,WIDERECEIVER,WR,2013,7,18,224,4,0.0,0.0,0.0,0.0,0.0,0.0,0.0,0.0,0.0,0.0,0.0,0.0,0.0,0.0,0.0,0.0,0.0,0.0,0.0,0.0,0.0,0.0,0.0,0.0,0.0,0.0,0.0,0.0,0.0,0.0,0.0,0.0,0.0,81.0,9.0,1088.0,1.0,0.0,4.0,,,,,59.0,4.0,,,13.432098765432098,4.0,,,,,
2013_226_480434,480434,Michael Buchanan,Illinois,Big Ten,DEFENSIVEEND,DL,2013,7,20,226,1,0.0,0.0,0.0,0.0,0.0,0.0,0.0,0.0,0.0,0.0,1.0,0.0,0.0,0.0,0.0,0.0,0.0,0.0,0.0,0.0,0.0,0.0,0.0,0.0,0.0,0.0,0.0,0.0,0.0,0.0,0.0,0.0,0.0,0.0,0.0,0.0,0.0,0.0,0.0,,,,,,,,,,,,,,,0.0
2013_228_503841,503841,Jawan Jamison,Rutgers,Big East,RUNNINGBACK,RB,2013,7,22,228,2,0.0,0.0,0.0,0.0,0.0,0.0,0.0,0.0,0.0,0.0,0.0,0.0,0.0,0.0,0.0,0.0,0.0,0.0,0.0,0.0,0.0,1.0,1.0,0.0,1.0,16.0,0.0,0.0,0.0,0.0,0.0,0.0,0.0,36.0,2.0,385.0,486.0,13.0,1972.0,,,,,34.0,64.0,1.0,16.0,10.694444444444445,4.05761316872428,,,,,
2013_229_380916,380916,Everett Dawkins,Florida State,ACC,DEFENSIVETACKLE,DL,2013,7,23,229,1,0.0,0.0,0.0,0.0,0.0,0.0,0.0,0.0,0.0,0.0,1.0,0.0,0.0,0.0,0.0,0.0,0.0,0.0,0.0,0.0,0.0,0.0,0.0,0.0,0.0,0.0,0.0,0.0,0.0,0.0,0.0,0.0,0.0,0.0,0.0,0.0,0.0,0.0,0.0,,,,,,,,,,,,,,,0.0
2013_230_505058,505058,Kerwynn Williams,Utah State,Western Athletic,RUNNINGBACK,RB,2013,7,24,230,3,0.0,0.0,0.0,0.0,0.0,0.0,0.0,0.0,0.0,0.0,0.0,0.0,0.0,91.0,1.0,2272.0,0.0,0.0,0.0,0.0,0.0,1.0,0.0,0.0,0.0,0.0,15.0,0.0,135.0,0.0,0.0,0.0,0.0,64.0,5.0,870.0,380.0,22.0,2505.0,92.0,,42.0,,86.0,86.0,0.0,0.0,13.59375,6.592105263157895,24.967032967032967,9.0,,,
2013_234_385212,385212,Zac Dysert,Miami (OH),Mid-American,QUARTERBACK,QB,2013,7,28,234,4,0.0,0.0,0.0,0.0,0.0,0.0,0.0,0.0,0.0,0.0,0.0,0.0,0.0,0.0,0.0,0.0,0.0,0.0,0.0,0.0,0.0,1672.0,1066.0,51.0,73.0,12013.0,0.0,0.0,0.0,0.0,9.0,0.0,278.0,0.0,0.0,0.0,461.0,12.0,665.0,,,,41.0,,40.0,0.6375598086124402,7.184808612440191,,1.4425162689804771,,,30.88888888888889,,
2013_235_483111,483111,Steve Beauharnais,Rutgers,Big East,INSIDELINEBACKER,LB,2013,7,29,235,3,0.0,0.0,0.0,0.0,0.0,0.0,0.0,0.0,0.0,0.0,4.0,0.0,71.0,0.0,0.0,0.0,0.0,0.0,0.0,0.0,0.0,0.0,0.0,0.0,0.0,0.0,2.0,1.0,29.0,0.0,0.0,0.0,0.0,0.0,0.0,0.0,0.0,0.0,0.0,,,18.0,,,,,,,,,14.5,,,17.75
2013_236_504845,504845,Marquess Wilson,Washington State,Pac-12,WIDERECEIVER,WR,2013,7,30,236,3,0.0,0.0,0.0,0.0,0.0,0.0,0.0,0.0,0.0,0.0,0.0,0.0,0.0,0.0,0.0,0.0,0.0,0.0,0.0,0.0,0.0,0.0,0.0,0.0,0.0,0.0,0.0,0.0,0.0,0.0,0.0,0.0,0.0,189.0,23.0,3207.0,3.0,0.0,10.0,,,,,85.0,11.0,,,16.96825396825397,3.3333333333333335,,,,,
2013_237_382201,382201,B.J. Daniels,South Florida,Big East,QUARTERBACK,QB,2013,7,31,237,5,0.0,0.0,0.0,0.0,0.0,0.0,0.0,0.0,0.0,0.0,0.0,0.0,0.0,1.0,0.0,0.0,0.0,0.0,0.0,0.0,0.0,1131.0,648.0,39.0,52.0,8436.0,0.0,0.0,0.0,0.0,0.0,0.0,0.0,0.0,0.0,0.0,526.0,25.0,2060.0,0.0,,,,,71.0,0.5729442970822282,7.458885941644563,,3.916349809885931,0.0,,,,
2013_240_487795,487795,Reid Fragel,Ohio State,Big Ten,OFFENSIVETACKLE,OL,2013,7,34,240,2,0.0,0.0,0.0,0.0,0.0,0.0,0.0,0.0,0.0,0.0,0.0,0.0,0.0,0.0,0.0,0.0,0.0,0.0,0.0,0.0,0.0,0.0,0.0,0.0,0.0,0.0,0.0,0.0,0.0,0.0,0.0,0.0,0.0,14.0,1.0,185.0,0.0,0.0,0.0,,,,,42.0,,,,13.214285714285714,,,,,,
2013_243_488084,488084,Kemal Ishmael,UCF,Conference USA,SAFETY,DB,2013,7,37,243,3,0.0,0.0,0.0,0.0,0.0,0.0,0.0,0.0,0.0,0.0,6.0,0.0,58.0,0.0,0.0,0.0,0.0,0.0,0.0,0.0,0.0,0.0,0.0,0.0,0.0,0.0,0.0,0.0,0.0,0.0,0.0,0.0,0.0,0.0,0.0,0.0,0.0,0.0,0.0,,,,,,,,,,,,,,,9.666666666666666
2013_244_483392,483392,Zeke Motta,Notre Dame,FBS Independents,SAFETY,DB,2013,7,38,244,2,0.0,0.0,0.0,0.0,0.0,0.0,0.0,0.0,0.0,0.0,2.0,0.0,0.0,0.0,0.0,0.0,0.0,0.0,0.0,0.0,0.0,0.0,0.0,0.0,0.0,0.0,0.0,0.0,0.0,0.0,0.0,0.0,0.0,0.0,0.0,0.0,0.0,0.0,0.0,,,,,,,,,,,,,,,0.0
2013_246_380931,380931,Carter Bykowski,Iowa State,Big 12,OFFENSIVETACKLE,OL,2013,7,40,246,2,0.0,0.0,0.0,0.0,0.0,0.0,0.0,0.0,0.0,0.0,0.0,0.0,0.0,0.0,0.0,0.0,0.0,0.0,0.0,0.0,0.0,0.0,0.0,0.0,0.0,0.0,0.0,0.0,0.0,0.0,0.0,0.0,0.0,4.0,0.0,20.0,0.0,0.0,0.0,,,,,10.0,,,,5.0,,,,,,
2013_247_380696,380696,Marc Anthony,California,Pac-12,CORNERBACK,DB,2013,7,41,247,3,0.0,0.0,0.0,0.0,0.0,0.0,0.0,0.0,0.0,0.0,5.0,1.0,96.0,0.0,0.0,0.0,0.0,0.0,0.0,0.0,0.0,0.0,0.0,0.0,0.0,0.0,0.0,0.0,0.0,0.0,0.0,0.0,0.0,0.0,0.0,0.0,0.0,0.0,0.0,,,,,,,,,,,,,,,19.2
2013_248_514535,514535,Daimion Stafford,Nebraska,Big Ten,SAFETY,DB,2013,7,42,248,1,0.0,0.0,0.0,0.0,0.0,0.0,0.0,0.0,0.0,0.0,4.0,0.0,28.0,0.0,0.0,0.0,0.0,0.0,0.0,0.0,0.0,0.0,0.0,0.0,0.0,0.0,0.0,0.0,0.0,0.0,0.0,0.0,0.0,0.0,0.0,0.0,0.0,0.0,0.0,,,,,,,,,,,,,,,7.0
2013_249_381689,381689,Sean Renfree,Duke,ACC,QUARTERBACK,QB,2013,7,43,249,4,0.0,0.0,0.0,0.0,0.0,0.0,0.0,0.0,0.0,0.0,0.0,0.0,0.0,0.0,0.0,0.0,0.0,0.0,0.0,0.0,0.0,1389.0,898.0,40.0,51.0,9465.0,0.0,0.0,0.0,0.0,0.0,0.0,0.0,0.0,0.0,0.0,153.0,9.0,-167.0,,,,,,37.0,0.646508279337653,6.814254859611231,,-1.091503267973856,,,,,
2013_250_384789,384789,Don Jones,Arkansas State,Sun Belt,SAFETY,DB,2013,7,44,250,3,0.0,0.0,0.0,0.0,0.0,0.0,0.0,0.0,0.0,0.0,1.0,0.0,23.0,1.0,0.0,17.0,0.0,0.0,0.0,0.0,0.0,0.0,0.0,0.0,0.0,0.0,2.0,1.0,44.0,0.0,0.0,0.0,0.0,13.0,1.0,153.0,25.0,2.0,156.0,17.0,,25.0,,47.0,44.0,,,11.76923076923077,6.24,17.0,22.0,,,23.0
2013_253_381788,381788,Michael Cox,Michigan,Big Ten,RUNNINGBACK,RB,2013,7,47,253,4,0.0,0.0,0.0,0.0,0.0,0.0,0.0,0.0,0.0,0.0,0.0,0.0,0.0,2.0,0.0,2.0,0.0,0.0,0.0,0.0,0.0,0.0,0.0,0.0,0.0,0.0,0.0,0.0,0.0,0.0,0.0,0.0,0.0,14.0,0.0,74.0,217.0,7.0,879.0,2.0,,,,41.0,57.0,,,5.285714285714286,4.050691244239632,1.0,,,,
2013_254_483208,483208,Justice Cunningham,South Carolina,SEC,TIGHTEND,TE,2013,7,48,254,4,0.0,0.0,0.0,0.0,0.0,0.0,0.0,0.0,0.0,0.0,0.0,0.0,0.0,3.0,0.0,21.0,0.0,0.0,0.0,0.0,0.0,0.0,0.0,0.0,0.0,0.0,0.0,0.0,0.0,0.0,0.0,0.0,0.0,50.0,1.0,581.0,0.0,0.0,0.0,10.0,,,,45.0,,,,11.62,,7.0,,,,
2014_003_505719,505719,Blake Bortles,UCF,Conference USA,QUARTERBACK,QB,2014,1,3,3,3,0.0,0.0,0.0,0.0,0.0,0.0,0.0,0.0,0.0,0.0,0.0,0.0,0.0,0.0,0.0,0.0,0.0,0.0,0.0,0.0,0.0,891.0,585.0,19.0,56.0,7598.0,0.0,0.0,0.0,0.0,0.0,0.0,0.0,1.0,0.0,-3.0,195.0,15.0,561.0,,,,,0.0,33.0,0.6565656565656566,8.52749719416386,-3.0,2.876923076923077,,,,,
2014_004_512839,512839,Sammy Watkins,Clemson,ACC,WIDERECEIVER,WR,2014,1,4,4,3,0.0,0.0,0.0,0.0,0.0,0.0,0.0,0.0,0.0,0.0,0.0,0.0,0.0,60.0,1.0,1376.0,0.0,0.0,0.0,0.0,0.0,5.0,2.0,1.0,1.0,61.0,9.0,0.0,23.0,0.0,0.0,0.0,0.0,240.0,27.0,3391.0,52.0,1.0,339.0,89.0,,12.0,,96.0,58.0,0.4,12.2,14.129166666666666,6.519230769230769,22.933333333333337,2.5555555555555554,,,
2014_005_482263,482263,Khalil Mack,Buffalo,Mid-American,OUTSIDELINEBACKER,LB,2014,1,5,5,2,0.0,0.0,0.0,0.0,0.0,0.0,0.0,0.0,0.0,0.0,4.0,2.0,148.0,0.0,0.0,0.0,0.0,0.0,0.0,0.0,0.0,0.0,0.0,0.0,0.0,0.0,0.0,0.0,0.0,0.0,0.0,0.0,0.0,0.0,0.0,0.0,0.0,0.0,0.0,,,,,,,,,,,,,,,37.0
2014_007_517502,517502,Mike Evans,Texas A&M,SEC,WIDERECEIVER,WR,2014,1,7,7,2,0.0,0.0,0.0,0.0,0.0,0.0,0.0,0.0,0.0,0.0,0.0,0.0,0.0,0.0,0.0,0.0,0.0,0.0,0.0,0.0,0.0,0.0,0.0,0.0,0.0,0.0,0.0,0.0,0.0,0.0,0.0,0.0,0.0,151.0,17.0,2499.0,0.0,0.0,0.0,,,,,95.0,,,,16.549668874172184,,,,,,
2014_008_501598,501598,Justin Gilbert,Oklahoma State,Big 12,CORNERBACK,DB,2014,1,8,8,4,0.0,0.0,0.0,0.0,0.0,0.0,0.0,0.0,0.0,0.0,12.0,2.0,180.0,102.0,6.0,2681.0,0.0,0.0,0.0,0.0,0.0,0.0,0.0,0.0,0.0,0.0,12.0,0.0,55.0,0.0,0.0,0.0,0.0,0.0,0.0,0.0,0.0,0.0,0.0,100.0,,50.0,,,,,,,,26.284313725490197,4.583333333333333,,,15.0
2014_009_500338,500338,Anthony Barr,UCLA,Pac-12,OUTSIDELINEBACKER,LB,2014,1,9,9,3,0.0,0.0,0.0,0.0,0.0,0.0,0.0,0.0,0.0,0.0,0.0,0.0,0.0,0.0,0.0,0.0,0.0,0.0,0.0,0.0,0.0,0.0,0.0,0.0,0.0,0.0,1.0,0.0,10.0,0.0,0.0,0.0,0.0,12.0,1.0,82.0,15.0,1.0,54.0,,,10.0,,17.0,12.0,,,6.833333333333333,3.6,,10.0,,,
2014_010_516329,516329,Eric Ebron,North Carolina,ACC,TIGHTEND,TE,2014,1,10,10,3,0.0,0.0,0.0,0.0,0.0,0.0,0.0,0.0,0.0,0.0,0.0,0.0,0.0,0.0,0.0,0.0,0.0,0.0,0.0,0.0,0.0,0.0,0.0,0.0,0.0,0.0,0.0,0.0,0.0,0.0,0.0,0.0,0.0,112.0,8.0,1805.0,2.0,0.0,7.0,,,,,79.0,6.0,,,16.116071428571427,3.5,,,,,
2014_011_481433,481433,Taylor Lewan,Michigan,Big Ten,OFFENSIVETACKLE,OL,2014,1,11,11,2,0.0,0.0,0.0,0.0,0.0,0.0,0.0,0.0,0.0,0.0,0.0,0.0,0.0,0.0,0.0,0.0,0.0,0.0,0.0,0.0,0.0,0.0,0.0,0.0,0.0,0.0,0.0,0.0,0.0,0.0,0.0,0.0,0.0,0.0,0.0,0.0,0.0,1.0,11.0,,,,,,11.0,,,,inf,,,,,
2014_012_517215,517215,Odell Beckham Jr.,LSU,SEC,WIDERECEIVER,WR,2014,1,12,12,3,0.0,0.0,0.0,0.0,0.0,0.0,0.0,0.0,0.0,0.0,0.0,0.0,0.0,42.0,0.0,1044.0,0.0,0.0,0.0,0.0,0.0,1.0,0.0,0.0,0.0,0.0,68.0,2.0,557.0,0.0,0.0,0.0,0.0,143.0,12.0,2340.0,7.0,0.0,77.0,82.0,,89.0,,63.0,20.0,0.0,0.0,16.363636363636363,11.0,24.857142857142858,8.191176470588236,,,
2014_014_501214,501214,Kyle Fuller,Virginia Tech,ACC,CORNERBACK,DB,2014,1,14,14,3,0.0,0.0,0.0,0.0,0.0,0.0,0.0,0.0,0.0,0.0,6.0,0.0,10.0,0.0,0.0,0.0,0.0,0.0,0.0,0.0,0.0,0.0,0.0,0.0,0.0,0.0,5.0,1.0,41.0,0.0,0.0,0.0,0.0,0.0,0.0,0.0,0.0,0.0,0.0,,,23.0,,,,,,,,,8.2,,,1.6666666666666667
2014_015_514180,514180,Ryan Shazier,Ohio State,Big Ten,OUTSIDELINEBACKER,LB,2014,1,15,15,2,0.0,0.0,0.0,0.0,0.0,0.0,0.0,0.0,0.0,0.0,1.0,1.0,17.0,0.0,0.0,0.0,0.0,0.0,0.0,0.0,0.0,0.0,0.0,0.0,0.0,0.0,2.0,0.0,25.0,0.0,0.0,0.0,0.0,0.0,0.0,0.0,0.0,0.0,0.0,,,25.0,,,,,,,,,12.5,,,17.0
2014_017_504048,504048,C.J. Mosley,Alabama,SEC,INSIDELINEBACKER,LB,2014,1,17,17,3,0.0,0.0,0.0,0.0,0.0,0.0,0.0,0.0,0.0,0.0,5.0,3.0,93.0,0.0,0.0,0.0,0.0,0.0,0.0,0.0,0.0,0.0,0.0,0.0,0.0,0.0,0.0,0.0,0.0,0.0,0.0,0.0,0.0,0.0,0.0,0.0,0.0,0.0,0.0,,,,,,,,,,,,,,,18.6
2014_020_511476,511476,Brandin Cooks,Oregon State,Pac-12,WIDERECEIVER,WR,2014,1,20,20,3,0.0,0.0,0.0,0.0,0.0,0.0,0.0,0.0,0.0,0.0,0.0,0.0,0.0,8.0,0.0,179.0,0.0,0.0,0.0,0.0,0.0,1.0,0.0,0.0,0.0,0.0,18.0,0.0,72.0,0.0,0.0,0.0,0.0,226.0,24.0,3272.0,61.0,2.0,340.0,44.0,,41.0,,75.0,29.0,0.0,0.0,14.47787610619469,5.573770491803279,22.375,4.0,,,
2014_021_513125,513125,Ha Ha Clinton-Dix,Alabama,SEC,SAFETY,DB,2014,1,21,21,2,0.0,0.0,0.0,0.0,0.0,0.0,0.0,0.0,0.0,0.0,7.0,0.0,115.0,0.0,0.0,0.0,0.0,0.0,0.0,0.0,0.0,0.0,0.0,0.0,0.0,0.0,0.0,0.0,0.0,0.0,0.0,0.0,0.0,0.0,0.0,0.0,0.0,0.0,0.0,,,,,,,,,,,,,,,16.428571428571427
2014_022_517475,517475,Johnny Manziel,Texas A&M,SEC,QUARTERBACK,QB,2014,1,22,22,2,0.0,0.0,0.0,0.0,0.0,0.0,0.0,0.0,0.0,0.0,0.0,0.0,0.0,0.0,0.0,0.0,0.0,0.0,0.0,1.0,0.0,863.0,595.0,22.0,63.0,7820.0,0.0,0.0,0.0,0.0,0.0,0.0,0.0,0.0,0.0,0.0,345.0,30.0,2169.0,,0.0,,,,72.0,0.6894553881807648,9.061413673232908,,6.28695652173913,,,,,
2014_023_480378,480378,Dee Ford,Auburn,SEC,DEFENSIVEEND,DL,2014,1,23,23,1,0.0,0.0,0.0,0.0,0.0,0.0,0.0,0.0,0.0,0.0,1.0,0.0,3.0,0.0,0.0,0.0,0.0,0.0,0.0,0.0,0.0,0.0,0.0,0.0,0.0,0.0,0.0,0.0,0.0,0.0,0.0,0.0,0.0,0.0,0.0,0.0,0.0,0.0,0.0,,,,,,,,,,,,,,,3.0
2014_024_503189,503189,Darqueze Dennard,Michigan State,Big Ten,CORNERBACK,DB,2014,1,24,24,3,0.0,0.0,0.0,0.0,0.0,0.0,0.0,0.0,0.0,0.0,10.0,1.0,125.0,0.0,0.0,0.0,0.0,0.0,0.0,0.0,0.0,0.0,0.0,0.0,0.0,0.0,0.0,0.0,0.0,0.0,0.0,0.0,0.0,0.0,0.0,0.0,0.0,0.0,0.0,,,,,,,,,,,,,,,12.5
2014_025_517126,517126,Jason Verrett,TCU,Mountain West,CORNERBACK,DB,2014,1,25,25,3,0.0,0.0,0.0,0.0,0.0,0.0,0.0,0.0,0.0,0.0,9.0,0.0,35.0,0.0,0.0,0.0,0.0,0.0,0.0,0.0,0.0,0.0,0.0,0.0,0.0,0.0,0.0,0.0,0.0,0.0,0.0,0.0,0.0,0.0,0.0,0.0,0.0,0.0,0.0,,,,,,,,,,,,,,,3.888888888888889
2014_027_504811,504811,Deone Bucannon,Washington State,Pac-12,SAFETY,DB,2014,1,27,27,4,0.0,0.0,0.0,0.0,0.0,0.0,0.0,0.0,0.0,0.0,15.0,0.0,170.0,0.0,0.0,0.0,0.0,0.0,0.0,0.0,0.0,0.0,0.0,0.0,0.0,0.0,0.0,0.0,0.0,0.0,0.0,0.0,0.0,0.0,0.0,0.0,0.0,0.0,0.0,,,,,,,,,,,,,,,11.333333333333334
2014_028_514119,514119,Kelvin Benjamin,Florida State,ACC,WIDERECEIVER,WR,2014,1,28,28,2,0.0,0.0,0.0,0.0,0.0,0.0,0.0,0.0,0.0,0.0,0.0,0.0,0.0,0.0,0.0,0.0,0.0,0.0,0.0,0.0,0.0,0.0,0.0,0.0,0.0,0.0,0.0,0.0,0.0,0.0,0.0,0.0,0.0,84.0,19.0,1506.0,2.0,0.0,33.0,,,,,64.0,17.0,,,17.928571428571427,16.5,,,,,
2014_029_503961,503961,Dominique Easley,Florida,SEC,DEFENSIVETACKLE,DL,2014,1,29,29,1,0.0,0.0,0.0,0.0,0.0,0.0,0.0,0.0,0.0,0.0,0.0,0.0,0.0,0.0,0.0,0.0,0.0,0.0,0.0,0.0,0.0,0.0,0.0,0.0,0.0,0.0,1.0,0.0,0.0,0.0,0.0,0.0,0.0,0.0,0.0,0.0,0.0,0.0,0.0,,,0.0,,,,,,,,,0.0,,,
2014_030_502568,502568,Jimmie Ward,Northern Illinois,Mid-American,SAFETY,DB,2014,1,30,30,4,0.0,0.0,0.0,0.0,0.0,0.0,0.0,0.0,0.0,0.0,11.0,1.0,142.0,0.0,0.0,0.0,0.0,0.0,0.0,0.0,0.0,0.0,0.0,0.0,0.0,0.0,4.0,1.0,46.0,0.0,0.0,0.0,0.0,0.0,0.0,0.0,0.0,0.0,0.0,,,18.0,,,,,,,,,11.5,,,12.909090909090908
2014_031_503313,503313,Bradley Roby,Ohio State,Big Ten,CORNERBACK,DB,2014,1,31,31,3,0.0,0.0,0.0,0.0,0.0,0.0,0.0,0.0,0.0,0.0,8.0,2.0,226.0,4.0,0.0,61.0,0.0,0.0,0.0,0.0,0.0,0.0,0.0,0.0,0.0,0.0,4.0,2.0,37.0,0.0,0.0,0.0,0.0,0.0,0.0,0.0,0.0,0.0,0.0,26.0,,17.0,,,,,,,,15.25,9.25,,,28.25
2014_032_511614,511614,Teddy Bridgewater,Louisville,Big East,QUARTERBACK,QB,2014,1,32,32,3,0.0,0.0,0.0,0.0,0.0,0.0,0.0,0.0,0.0,0.0,0.0,0.0,0.0,0.0,0.0,0.0,0.0,0.0,0.0,0.0,0.0,1142.0,781.0,24.0,72.0,9817.0,0.0,0.0,0.0,0.0,0.0,0.0,0.0,0.0,0.0,0.0,226.0,6.0,164.0,,,,,,26.0,0.6838879159369528,8.59632224168126,,0.7256637168141593,,,,,
2014_036_484080,484080,Derek Carr,Fresno State,Western Athletic,QUARTERBACK,QB,2014,2,4,36,4,0.0,0.0,0.0,0.0,0.0,0.0,0.0,0.0,0.0,0.0,0.0,0.0,0.0,0.0,0.0,0.0,0.0,0.0,0.0,0.0,0.0,1630.0,1086.0,24.0,113.0,12842.0,0.0,0.0,0.0,0.0,10.0,0.0,319.0,1.0,0.0,-1.0,164.0,5.0,190.0,,,,45.0,0.0,20.0,0.6662576687116565,7.8785276073619634,-1.0,1.1585365853658536,,,31.9,,
2014_037_481781,481781,Ra'Shede Hageman,Minnesota,Big Ten,DEFENSIVETACKLE,DL,2014,2,5,37,1,0.0,0.0,0.0,0.0,0.0,0.0,0.0,0.0,0.0,0.0,1.0,0.0,7.0,0.0,0.0,0.0,0.0,0.0,0.0,0.0,0.0,0.0,0.0,0.0,0.0,0.0,0.0,0.0,0.0,0.0,0.0,0.0,0.0,0.0,0.0,0.0,0.0,0.0,0.0,,,,,,,,,,,,,,,7.0
2014_038_513064,513064,Austin Seferian-Jenkins,Washington,Pac-12,TIGHTEND,TE,2014,2,6,38,3,0.0,0.0,0.0,0.0,0.0,0.0,0.0,0.0,0.0,0.0,0.0,0.0,0.0,0.0,0.0,0.0,0.0,0.0,0.0,0.0,0.0,0.0,0.0,0.0,0.0,0.0,0.0,0.0,0.0,0.0,0.0,0.0,0.0,146.0,21.0,1840.0,0.0,0.0,0.0,,,,,47.0,,,,12.602739726027398,,,,,,
2014_039_513334,513334,Marqise Lee,USC,Pac-12,WIDERECEIVER,WR,2014,2,7,39,3,0.0,0.0,0.0,0.0,0.0,0.0,0.0,0.0,0.0,0.0,0.0,0.0,0.0,50.0,2.0,1305.0,0.0,0.0,0.0,0.0,0.0,0.0,0.0,0.0,0.0,0.0,8.0,0.0,46.0,0.0,0.0,0.0,0.0,248.0,29.0,3655.0,24.0,0.0,146.0,100.0,,18.0,,83.0,38.0,,,14.737903225806452,6.083333333333333,26.1,5.75,,,
2014_040_502463,502463,Kyle Van Noy,BYU,FBS Independents,OUTSIDELINEBACKER,LB,2014,2,8,40,3,0.0,0.0,0.0,0.0,0.0,0.0,0.0,0.0,0.0,0.0,7.0,2.0,122.0,0.0,0.0,0.0,0.0,0.0,0.0,0.0,0.0,0.0,0.0,0.0,0.0,0.0,3.0,0.0,39.0,0.0,0.0,0.0,0.0,0.0,0.0,0.0,0.0,0.0,0.0,,,25.0,,,,,,,,,13.0,,,17.428571428571427
2014_041_501084,501084,Lamarcus Joyner,Florida State,ACC,CORNERBACK,DB,2014,2,9,41,4,0.0,0.0,0.0,0.0,0.0,0.0,0.0,0.0,0.0,0.0,8.0,0.0,80.0,53.0,0.0,1260.0,0.0,0.0,0.0,0.0,0.0,0.0,0.0,0.0,0.0,0.0,0.0,0.0,0.0,0.0,0.0,0.0,0.0,0.0,0.0,0.0,0.0,0.0,0.0,90.0,,,,,,,,,,23.77358490566038,,,,10.0
2014_042_500884,500884,Jordan Matthews,Vanderbilt,SEC,WIDERECEIVER,WR,2014,2,10,42,4,0.0,0.0,0.0,0.0,0.0,0.0,0.0,0.0,0.0,0.0,0.0,0.0,0.0,1.0,0.0,32.0,0.0,0.0,0.0,0.0,0.0,0.0,0.0,0.0,0.0,0.0,6.0,0.0,53.0,0.0,0.0,0.0,0.0,262.0,24.0,3759.0,9.0,1.0,115.0,32.0,,16.0,,78.0,47.0,,,14.34732824427481,12.77777777777778,32.0,8.833333333333334,,,
2014_045_505345,505345,Paul Richardson,Colorado,Pac-12,WIDERECEIVER,WR,2014,2,13,45,3,0.0,0.0,0.0,0.0,0.0,0.0,0.0,0.0,0.0,0.0,0.0,0.0,0.0,0.0,0.0,0.0,0.0,0.0,0.0,0.0,0.0,2.0,1.0,0.0,1.0,75.0,4.0,0.0,4.0,0.0,0.0,0.0,0.0,156.0,21.0,2412.0,9.0,0.0,38.0,,,4.0,,82.0,15.0,0.5,37.5,15.461538461538462,4.222222222222222,,1.0,,,
2014_046_517634,517634,Stephon Tuitt,Notre Dame,FBS Independents,DEFENSIVEEND,DL,2014,2,14,46,1,0.0,0.0,0.0,0.0,0.0,0.0,0.0,0.0,0.0,0.0,1.0,1.0,0.0,0.0,0.0,0.0,0.0,0.0,0.0,0.0,0.0,0.0,0.0,0.0,0.0,0.0,0.0,0.0,0.0,0.0,0.0,0.0,0.0,0.0,0.0,0.0,0.0,0.0,0.0,,,,,,,,,,,,,,,0.0
2014_047_482592,482592,Trent Murphy,Stanford,Pac-12,OUTSIDELINEBACKER,LB,2014,2,15,47,2,0.0,0.0,0.0,0.0,0.0,0.0,0.0,0.0,0.0,0.0,2.0,2.0,70.0,0.0,0.0,0.0,0.0,0.0,0.0,0.0,0.0,0.0,0.0,0.0,0.0,0.0,0.0,0.0,0.0,0.0,0.0,0.0,0.0,0.0,0.0,0.0,0.0,0.0,0.0,,,,,,,,,,,,,,,35.0
2014_049_514480,514480,Jace Amaro,Texas Tech,Big 12,TIGHTEND,TE,2014,2,17,49,3,0.0,0.0,0.0,0.0,0.0,0.0,0.0,0.0,0.0,0.0,0.0,0.0,0.0,0.0,0.0,0.0,0.0,0.0,0.0,0.0,0.0,0.0,0.0,0.0,0.0,0.0,0.0,0.0,0.0,0.0,0.0,0.0,0.0,138.0,13.0,1818.0,0.0,0.0,0.0,,,,,61.0,,,,13.173913043478262,,,,,,
2014_052_517624,517624,Troy Niklas,Notre Dame,FBS Independents,TIGHTEND,TE,2014,2,20,52,2,0.0,0.0,0.0,0.0,0.0,0.0,0.0,0.0,0.0,0.0,0.0,0.0,0.0,0.0,0.0,0.0,0.0,0.0,0.0,0.0,0.0,0.0,0.0,0.0,0.0,0.0,0.0,0.0,0.0,0.0,0.0,0.0,0.0,37.0,6.0,573.0,0.0,0.0,0.0,,,,,66.0,,,,15.486486486486486,,,,,,
2014_053_520581,520581,Davante Adams,Fresno State,Mountain West,WIDERECEIVER,WR,2014,2,21,53,2,0.0,0.0,0.0,0.0,0.0,0.0,0.0,0.0,0.0,0.0,0.0,0.0,0.0,0.0,0.0,0.0,0.0,0.0,0.0,0.0,0.0,0.0,0.0,0.0,0.0,0.0,2.0,0.0,16.0,0.0,0.0,0.0,0.0,233.0,38.0,3030.0,0.0,0.0,0.0,,,14.0,,89.0,,,,13.004291845493562,,,8.0,,,
2014_054_513063,513063,Bishop Sankey,Washington,Pac-12,RUNNINGBACK,RB,2014,2,22,54,3,0.0,0.0,0.0,0.0,0.0,0.0,0.0,0.0,0.0,0.0,0.0,0.0,0.0,7.0,0.0,134.0,0.0,0.0,0.0,0.0,0.0,0.0,0.0,0.0,0.0,0.0,0.0,0.0,0.0,0.0,0.0,0.0,0.0,67.0,1.0,567.0,644.0,37.0,3496.0,30.0,,,,42.0,61.0,,,8.462686567164178,5.428571428571429,19.142857142857142,,,,
2014_055_534423,534423,Jeremy Hill,LSU,SEC,RUNNINGBACK,RB,2014,2,23,55,2,0.0,0.0,0.0,0.0,0.0,0.0,0.0,0.0,0.0,0.0,0.0,0.0,0.0,0.0,0.0,0.0,0.0,0.0,0.0,0.0,0.0,0.0,0.0,0.0,0.0,0.0,0.0,0.0,0.0,0.0,0.0,0.0,0.0,26.0,0.0,254.0,345.0,28.0,2156.0,,,,,30.0,69.0,,,9.76923076923077,6.249275362318841,,,,,
2014_056_513025,513025,Cody Latimer,Indiana,Big Ten,WIDERECEIVER,WR,2014,2,24,56,3,0.0,0.0,0.0,0.0,0.0,0.0,0.0,0.0,0.0,0.0,0.0,0.0,0.0,0.0,0.0,0.0,0.0,0.0,0.0,0.0,0.0,0.0,0.0,0.0,0.0,0.0,0.0,0.0,0.0,0.0,0.0,0.0,0.0,135.0,17.0,2042.0,2.0,0.0,3.0,,,,,77.0,5.0,,,15.125925925925928,1.5,,,,,
2014_057_503303,503303,Carlos Hyde,Ohio State,Big Ten,RUNNINGBACK,RB,2014,2,25,57,4,0.0,0.0,0.0,0.0,0.0,0.0,0.0,0.0,0.0,0.0,0.0,0.0,0.0,2.0,0.0,47.0,0.0,0.0,0.0,0.0,0.0,0.0,0.0,0.0,0.0,0.0,0.0,0.0,0.0,0.0,0.0,0.0,0.0,34.0,4.0,271.0,523.0,37.0,3198.0,24.0,,,,25.0,63.0,,,7.970588235294118,6.11472275334608,23.5,,,,
2014_060_501812,501812,Kony Ealy,Missouri,SEC,DEFENSIVEEND,DL,2014,2,28,60,1,0.0,0.0,0.0,0.0,0.0,0.0,0.0,0.0,0.0,0.0,1.0,1.0,49.0,0.0,0.0,0.0,0.0,0.0,0.0,0.0,0.0,0.0,0.0,0.0,0.0,0.0,0.0,0.0,0.0,0.0,0.0,0.0,0.0,0.0,0.0,0.0,0.0,0.0,0.0,,,,,,,,,,,,,,,49.0
2014_061_518204,518204,Allen Robinson,Penn State,Big Ten,WIDERECEIVER,WR,2014,2,29,61,3,0.0,0.0,0.0,0.0,0.0,0.0,0.0,0.0,0.0,0.0,0.0,0.0,0.0,0.0,0.0,0.0,0.0,0.0,0.0,0.0,0.0,0.0,0.0,0.0,0.0,0.0,0.0,0.0,0.0,0.0,0.0,0.0,0.0,177.0,17.0,2479.0,6.0,0.0,36.0,,,,,65.0,14.0,,,14.005649717514125,6.0,,,,,
2014_062_499514,499514,Jimmy Garoppolo,Eastern Illinois,OVC,QUARTERBACK,QB,2014,2,30,62,3,0.0,0.0,0.0,0.0,0.0,0.0,0.0,0.0,0.0,0.0,0.0,0.0,0.0,0.0,0.0,0.0,0.0,0.0,0.0,2.0,0.0,152.0,94.0,5.0,11.0,1245.0,0.0,0.0,0.0,0.0,1.0,0.0,25.0,0.0,0.0,0.0,26.0,0.0,-28.0,,0.0,,25.0,,11.0,0.618421052631579,8.19078947368421,,-1.0769230769230769,,,25.0,,
2014_063_517229,517229,Jarvis Landry,LSU,SEC,WIDERECEIVER,WR,2014,2,31,63,3,0.0,0.0,0.0,0.0,0.0,0.0,0.0,0.0,0.0,0.0,0.0,0.0,0.0,5.0,0.0,87.0,0.0,0.0,0.0,0.0,0.0,0.0,0.0,0.0,0.0,0.0,3.0,0.0,38.0,0.0,0.0,0.0,0.0,137.0,15.0,1809.0,0.0,0.0,0.0,22.0,,31.0,,45.0,,,,13.204379562043796,,17.4,12.666666666666666,,,
2014_064_481515,481515,Justin Britt,Missouri,Big 12,OFFENSIVETACKLE,OL,2014,2,32,64,1,0.0,0.0,0.0,0.0,0.0,0.0,0.0,0.0,0.0,0.0,0.0,0.0,0.0,0.0,0.0,0.0,0.0,0.0,0.0,0.0,0.0,0.0,0.0,0.0,0.0,0.0,0.0,0.0,0.0,0.0,0.0,0.0,0.0,0.0,0.0,0.0,1.0,0.0,7.0,,,,,,7.0,,,,7.0,,,,,
2014_065_500825,500825,C.J. Fiedorowicz,Iowa,Big Ten,TIGHTEND,TE,2014,3,1,65,4,0.0,0.0,0.0,0.0,0.0,0.0,0.0,0.0,0.0,0.0,0.0,0.0,0.0,1.0,0.0,4.0,0.0,0.0,0.0,0.0,0.0,0.0,0.0,0.0,0.0,0.0,0.0,0.0,0.0,0.0,0.0,0.0,0.0,91.0,10.0,899.0,0.0,0.0,0.0,4.0,,,,45.0,,,,9.87912087912088,,4.0,,,,
2014_069_482428,482428,Charles Sims,West Virginia,Big 12,RUNNINGBACK,RB,2014,3,5,69,4,0.0,0.0,0.0,0.0,0.0,0.0,0.0,0.0,0.0,0.0,0.0,0.0,0.0,4.0,0.0,53.0,0.0,0.0,0.0,0.0,0.0,1.0,0.0,0.0,0.0,0.0,0.0,0.0,0.0,0.0,0.0,0.0,0.0,203.0,11.0,2108.0,592.0,40.0,3465.0,16.0,,,,84.0,76.0,0.0,0.0,10.38423645320197,5.85304054054054,13.25,,,,
2014_073_500363,500363,Preston Brown,Louisville,Big East,INSIDELINEBACKER,LB,2014,3,9,73,2,0.0,0.0,0.0,0.0,0.0,0.0,0.0,0.0,0.0,0.0,1.0,0.0,3.0,0.0,0.0,0.0,0.0,0.0,0.0,0.0,0.0,0.0,0.0,0.0,0.0,0.0,0.0,0.0,0.0,0.0,0.0,0.0,0.0,0.0,0.0,0.0,2.0,0.0,42.0,,,,,,37.0,,,,21.0,,,,,3.0
2014_075_511828,511828,Tre Mason,Auburn,SEC,RUNNINGBACK,RB,2014,3,11,75,3,0.0,0.0,0.0,0.0,0.0,0.0,0.0,0.0,0.0,0.0,0.0,0.0,0.0,42.0,2.0,1107.0,0.0,0.0,0.0,0.0,0.0,0.0,0.0,0.0,0.0,0.0,0.0,0.0,0.0,0.0,0.0,0.0,0.0,19.0,1.0,249.0,516.0,32.0,2979.0,100.0,,,,34.0,86.0,,,13.105263157894736,5.773255813953488,26.357142857142858,,,,
2014_077_482392,482392,Chris Borland,Wisconsin,Big Ten,INSIDELINEBACKER,LB,2014,3,13,77,4,0.0,0.0,0.0,0.0,0.0,0.0,0.0,0.0,0.0,0.0,3.0,0.0,41.0,8.0,0.0,115.0,0.0,0.0,3.0,3.0,3.0,1.0,1.0,0.0,0.0,23.0,1.0,0.0,25.0,0.0,0.0,0.0,0.0,0.0,0.0,0.0,0.0,0.0,0.0,32.0,0.0,25.0,,,,1.0,23.0,,,14.375,25.0,,,13.666666666666666
2014_079_501076,501076,Terrence Brooks,Florida State,ACC,SAFETY,DB,2014,3,15,79,3,0.0,0.0,0.0,0.0,0.0,0.0,0.0,0.0,0.0,0.0,5.0,0.0,28.0,0.0,0.0,0.0,0.0,0.0,0.0,0.0,0.0,0.0,0.0,0.0,0.0,0.0,0.0,0.0,0.0,0.0,0.0,0.0,0.0,0.0,0.0,0.0,0.0,0.0,0.0,,,,,,,,,,,,,,,5.6
2014_081_483168,483168,Gabe Jackson,Mississippi State,SEC,OFFENSIVEGUARD,OL,2014,3,17,81,1,0.0,0.0,0.0,0.0,0.0,0.0,0.0,0.0,0.0,0.0,0.0,0.0,0.0,0.0,0.0,0.0,0.0,0.0,0.0,0.0,0.0,0.0,0.0,0.0,0.0,0.0,0.0,0.0,0.0,0.0,0.0,0.0,0.0,0.0,0.0,0.0,0.0,1.0,0.0,,,,,,0.0,,,,,,,,,
2014_082_480399,480399,Will Sutton,Arizona State,Pac-12,DEFENSIVETACKLE,DL,2014,3,18,82,1,0.0,0.0,0.0,0.0,0.0,0.0,0.0,0.0,0.0,0.0,1.0,0.0,2.0,0.0,0.0,0.0,0.0,0.0,0.0,0.0,0.0,0.0,0.0,0.0,0.0,0.0,0.0,0.0,0.0,0.0,0.0,0.0,0.0,0.0,0.0,0.0,0.0,0.0,0.0,,,,,,,,,,,,,,,2.0
2014_085_482308,482308,Khyri Thornton,Southern Miss,Conference USA,DEFENSIVETACKLE,DL,2014,3,21,85,1,0.0,0.0,0.0,0.0,0.0,0.0,0.0,0.0,0.0,0.0,1.0,0.0,12.0,0.0,0.0,0.0,0.0,0.0,0.0,0.0,0.0,0.0,0.0,0.0,0.0,0.0,0.0,0.0,0.0,0.0,0.0,0.0,0.0,0.0,0.0,0.0,0.0,0.0,0.0,,,,,,,,,,,,,,,12.0
2014_086_504757,504757,Josh Huff,Oregon,Pac-12,WIDERECEIVER,WR,2014,3,22,86,4,0.0,0.0,0.0,0.0,0.0,0.0,0.0,0.0,0.0,0.0,0.0,0.0,0.0,43.0,0.0,988.0,0.0,0.0,0.0,0.0,0.0,0.0,0.0,0.0,0.0,0.0,2.0,0.0,2.0,0.0,0.0,0.0,0.0,144.0,24.0,2366.0,18.0,2.0,242.0,80.0,,2.0,,65.0,85.0,,,16.430555555555557,13.444444444444445,22.976744186046513,1.0,,,
2014_087_482466,482466,Phillip Gaines,Rice,Conference USA,CORNERBACK,DB,2014,3,23,87,1,0.0,0.0,0.0,0.0,0.0,0.0,0.0,0.0,0.0,0.0,4.0,0.0,2.0,0.0,0.0,0.0,0.0,0.0,0.0,0.0,0.0,0.0,0.0,0.0,0.0,0.0,0.0,0.0,0.0,0.0,0.0,0.0,0.0,0.0,0.0,0.0,0.0,0.0,0.0,,,,,,,,,,,,,,,0.5
2014_090_512013,512013,Donte Moncrief,Ole Miss,SEC,WIDERECEIVER,WR,2014,3,26,90,3,0.0,0.0,0.0,0.0,0.0,0.0,0.0,0.0,0.0,0.0,0.0,0.0,0.0,0.0,0.0,0.0,0.0,0.0,0.0,0.0,0.0,0.0,0.0,0.0,0.0,0.0,0.0,0.0,0.0,0.0,0.0,0.0,0.0,156.0,20.0,2371.0,0.0,0.0,0.0,,,,,77.0,,,,15.198717948717947,,,,,,
2014_094_516385,516385,Terrance West,Towson,CAA,RUNNINGBACK,RB,2014,3,30,94,3,0.0,0.0,0.0,0.0,0.0,0.0,0.0,0.0,0.0,0.0,0.0,0.0,0.0,0.0,0.0,0.0,0.0,0.0,0.0,1.0,0.0,0.0,0.0,0.0,0.0,0.0,0.0,0.0,0.0,0.0,0.0,0.0,0.0,3.0,0.0,12.0,81.0,6.0,315.0,,0.0,,,9.0,23.0,,,4.0,3.888888888888889,,,,,
2014_096_505844,505844,Jerick McKinnon,Georgia Southern,Southern,RUNNINGBACK,RB,2014,3,32,96,3,0.0,0.0,0.0,0.0,0.0,0.0,0.0,0.0,0.0,0.0,0.0,0.0,0.0,0.0,0.0,0.0,0.0,0.0,0.0,1.0,0.0,4.0,1.0,0.0,0.0,16.0,0.0,0.0,0.0,0.0,0.0,0.0,0.0,0.0,0.0,0.0,33.0,3.0,282.0,,0.0,,,,66.0,0.25,4.0,,8.545454545454545,,,,,
2014_097_482107,482107,Dri Archer,Kent State,Mid-American,RUNNINGBACK,RB,2014,3,33,97,4,0.0,0.0,0.0,0.0,0.0,0.0,0.0,0.0,0.0,0.0,0.0,0.0,0.0,52.0,4.0,1436.0,0.0,0.0,0.0,0.0,0.0,1.0,1.0,0.0,1.0,24.0,9.0,0.0,8.0,0.0,0.0,0.0,0.0,99.0,12.0,1194.0,325.0,24.0,2342.0,100.0,,16.0,,73.0,87.0,1.0,24.0,12.06060606060606,7.206153846153846,27.615384615384617,0.8888888888888888,,,
2014_098_517027,517027,Richard Rodgers,California,Pac-12,TIGHTEND,TE,2014,3,34,98,3,0.0,0.0,0.0,0.0,0.0,0.0,0.0,0.0,0.0,0.0,0.0,0.0,0.0,1.0,0.0,5.0,0.0,0.0,0.0,0.0,0.0,0.0,0.0,0.0,0.0,0.0,0.0,0.0,0.0,0.0,0.0,0.0,0.0,59.0,2.0,896.0,7.0,0.0,9.0,5.0,,,,75.0,5.0,,,15.186440677966102,1.2857142857142858,5.0,,,,
2014_099_502878,502878,Crockett Gillmore,Colorado State,Mountain West,TIGHTEND,TE,2014,3,35,99,3,0.0,0.0,0.0,0.0,0.0,0.0,0.0,0.0,0.0,0.0,0.0,0.0,0.0,0.0,0.0,0.0,0.0,0.0,0.0,0.0,0.0,1.0,1.0,0.0,1.0,27.0,0.0,0.0,0.0,0.0,0.0,0.0,0.0,111.0,8.0,1308.0,0.0,0.0,0.0,,,,,69.0,,1.0,27.0,11.783783783783784,,,,,,
2014_100_482960,482960,Brandon Thomas,Clemson,ACC,OFFENSIVEGUARD,OL,2014,3,36,100,1,0.0,0.0,0.0,0.0,0.0,0.0,0.0,0.0,0.0,0.0,0.0,0.0,0.0,0.0,0.0,0.0,0.0,0.0,0.0,0.0,0.0,0.0,0.0,0.0,0.0,0.0,0.0,0.0,0.0,0.0,0.0,0.0,0.0,1.0,0.0,-1.0,0.0,1.0,0.0,,,,,-1.0,0.0,,,-1.0,,,,,,
2014_101_503982,503982,Jaylen Watkins,Florida,SEC,CORNERBACK,DB,2014,4,1,101,2,0.0,0.0,0.0,0.0,0.0,0.0,0.0,0.0,0.0,0.0,3.0,1.0,44.0,0.0,0.0,0.0,0.0,0.0,0.0,0.0,0.0,0.0,0.0,0.0,0.0,0.0,2.0,0.0,-2.0,0.0,0.0,0.0,0.0,0.0,0.0,0.0,0.0,0.0,0.0,,,0.0,,,,,,,,,-1.0,,,14.666666666666666
2014_102_501680,501680,Bashaud Breeland,Clemson,ACC,CORNERBACK,DB,2014,4,2,102,2,0.0,0.0,0.0,0.0,0.0,0.0,0.0,0.0,0.0,0.0,6.0,0.0,142.0,0.0,0.0,0.0,0.0,0.0,0.0,0.0,0.0,0.0,0.0,0.0,0.0,0.0,1.0,0.0,0.0,0.0,0.0,0.0,0.0,0.0,0.0,0.0,0.0,0.0,0.0,,,0.0,,,,,,,,,0.0,,,23.666666666666668
2014_103_514134,514134,Devonta Freeman,Florida State,ACC,RUNNINGBACK,RB,2014,4,3,103,3,0.0,0.0,0.0,0.0,0.0,0.0,0.0,0.0,0.0,0.0,0.0,0.0,0.0,0.0,0.0,0.0,0.0,0.0,0.0,0.0,0.0,0.0,0.0,0.0,0.0,0.0,0.0,0.0,0.0,0.0,0.0,0.0,0.0,47.0,1.0,475.0,404.0,30.0,2255.0,,,,,48.0,60.0,,,10.106382978723405,5.5816831683168315,,,,,
2014_104_504939,504939,Jalen Saunders,Oklahoma,Big 12,WIDERECEIVER,WR,2014,4,4,104,4,0.0,0.0,0.0,0.0,0.0,0.0,0.0,0.0,0.0,0.0,0.0,0.0,0.0,33.0,0.0,793.0,0.0,0.0,0.0,0.0,0.0,0.0,0.0,0.0,0.0,0.0,31.0,3.0,465.0,0.0,0.0,0.0,0.0,203.0,26.0,3085.0,32.0,2.0,301.0,55.0,,91.0,,88.0,37.0,,,15.19704433497537,9.40625,24.03030303030303,15.0,,,
2014_106_515826,515826,Bruce Ellington,South Carolina,SEC,WIDERECEIVER,WR,2014,4,6,106,3,0.0,0.0,0.0,0.0,0.0,0.0,0.0,0.0,0.0,0.0,0.0,0.0,0.0,43.0,0.0,977.0,0.0,0.0,0.0,0.0,0.0,5.0,4.0,0.0,1.0,36.0,3.0,0.0,16.0,0.0,0.0,0.0,0.0,106.0,16.0,1586.0,25.0,1.0,148.0,50.0,,12.0,,53.0,61.0,0.8,7.2,14.962264150943396,5.92,22.72093023255814,5.333333333333333,,,
2014_108_500350,500350,Cassius Marsh,UCLA,Pac-12,DEFENSIVEEND,DL,2014,4,8,108,2,0.0,0.0,0.0,0.0,0.0,0.0,0.0,0.0,0.0,0.0,0.0,0.0,0.0,0.0,0.0,0.0,0.0,0.0,0.0,0.0,0.0,0.0,0.0,0.0,0.0,0.0,0.0,0.0,0.0,0.0,0.0,0.0,0.0,2.0,2.0,6.0,0.0,0.0,0.0,,,,,4.0,,,,3.0,,,,,,
2014_109_482733,482733,Ross Cockrell,Duke,ACC,CORNERBACK,DB,2014,4,9,109,4,0.0,0.0,0.0,0.0,0.0,0.0,0.0,0.0,0.0,0.0,12.0,1.0,80.0,0.0,0.0,0.0,0.0,0.0,0.0,0.0,0.0,0.0,0.0,0.0,0.0,0.0,0.0,0.0,0.0,0.0,0.0,0.0,0.0,0.0,0.0,0.0,0.0,0.0,0.0,,,,,,,,,,,,,,,6.666666666666667
2014_110_514579,514579,Maurice Alexander,Utah State,Mountain West,SAFETY,DB,2014,4,10,110,1,0.0,0.0,0.0,0.0,0.0,0.0,0.0,0.0,0.0,0.0,1.0,0.0,3.0,0.0,0.0,0.0,0.0,0.0,0.0,0.0,0.0,0.0,0.0,0.0,0.0,0.0,0.0,0.0,0.0,0.0,0.0,0.0,0.0,0.0,0.0,0.0,0.0,0.0,0.0,,,,,,,,,,,,,,,3.0
2014_113_501673,501673,Andre Williams,Boston College,ACC,RUNNINGBACK,RB,2014,4,13,113,4,0.0,0.0,0.0,0.0,0.0,0.0,0.0,0.0,0.0,0.0,0.0,0.0,0.0,9.0,0.0,119.0,0.0,0.0,0.0,0.0,0.0,0.0,0.0,0.0,0.0,0.0,0.0,0.0,0.0,0.0,0.0,0.0,0.0,10.0,0.0,60.0,704.0,28.0,3739.0,26.0,,,,16.0,99.0,,,6.0,5.311079545454546,13.22222222222222,,,,
2014_114_501885,501885,Aaron Colvin,Oklahoma,Big 12,CORNERBACK,DB,2014,4,14,114,2,0.0,0.0,0.0,0.0,0.0,0.0,0.0,0.0,0.0,0.0,5.0,0.0,28.0,0.0,0.0,0.0,0.0,0.0,0.0,0.0,0.0,0.0,0.0,0.0,0.0,0.0,0.0,0.0,0.0,0.0,0.0,0.0,0.0,0.0,0.0,0.0,0.0,0.0,0.0,,,,,,,,,,,,,,,5.6
2014_117_514099,514099,Ka'Deem Carey,Arizona,Pac-12,RUNNINGBACK,RB,2014,4,17,117,3,0.0,0.0,0.0,0.0,0.0,0.0,0.0,0.0,0.0,0.0,0.0,0.0,0.0,27.0,0.0,565.0,0.0,0.0,0.0,0.0,0.0,0.0,0.0,0.0,0.0,0.0,0.0,0.0,0.0,0.0,0.0,0.0,0.0,77.0,4.0,679.0,743.0,48.0,4239.0,39.0,,,,47.0,73.0,,,8.818181818181818,5.705248990578735,20.925925925925927,,,,
2014_118_512321,512321,Martavis Bryant,Clemson,ACC,WIDERECEIVER,WR,2014,4,18,118,3,0.0,0.0,0.0,0.0,0.0,0.0,0.0,0.0,0.0,0.0,0.0,0.0,0.0,14.0,0.0,291.0,0.0,0.0,0.0,0.0,0.0,0.0,0.0,0.0,0.0,0.0,0.0,0.0,0.0,0.0,0.0,0.0,0.0,61.0,13.0,1354.0,1.0,0.0,17.0,36.0,,,,76.0,17.0,,,22.19672131147541,17.0,20.785714285714285,,,,
2014_119_500828,500828,Anthony Hitchens,Iowa,Big Ten,OUTSIDELINEBACKER,LB,2014,4,19,119,1,0.0,0.0,0.0,0.0,0.0,0.0,0.0,0.0,0.0,0.0,1.0,0.0,18.0,0.0,0.0,0.0,0.0,0.0,0.0,0.0,0.0,0.0,0.0,0.0,0.0,0.0,1.0,0.0,-8.0,0.0,0.0,0.0,0.0,0.0,0.0,0.0,0.0,0.0,0.0,,,-8.0,,,,,,,,,-8.0,,,18.0
2014_120_480239,480239,Logan Thomas,Virginia Tech,ACC,QUARTERBACK,QB,2014,4,20,120,4,0.0,0.0,0.0,0.0,0.0,0.0,0.0,0.0,0.0,0.0,0.0,0.0,0.0,0.0,0.0,0.0,0.0,0.0,0.0,0.0,0.0,1248.0,693.0,39.0,53.0,9003.0,0.0,0.0,0.0,0.0,0.0,0.0,0.0,2.0,1.0,11.0,495.0,24.0,1359.0,,,,,9.0,73.0,0.5552884615384616,7.2139423076923075,5.5,2.7454545454545456,,,,,
2014_121_504691,504691,Carl Bradford,Arizona State,Pac-12,OUTSIDELINEBACKER,LB,2014,4,21,121,2,0.0,0.0,0.0,0.0,0.0,0.0,0.0,0.0,0.0,0.0,2.0,1.0,18.0,0.0,0.0,0.0,0.0,0.0,0.0,0.0,0.0,0.0,0.0,0.0,0.0,0.0,0.0,0.0,0.0,0.0,0.0,0.0,0.0,0.0,0.0,0.0,1.0,0.0,20.0,,,,,,20.0,,,,20.0,,,,,9.0
2014_122_503074,503074,Marqueston Huff,Wyoming,Mountain West,CORNERBACK,DB,2014,4,22,122,3,0.0,0.0,0.0,0.0,0.0,0.0,0.0,0.0,0.0,0.0,6.0,0.0,5.0,0.0,0.0,0.0,0.0,0.0,0.0,0.0,0.0,0.0,0.0,0.0,0.0,0.0,0.0,0.0,0.0,0.0,0.0,0.0,0.0,1.0,0.0,-1.0,0.0,0.0,0.0,,,,,-1.0,,,,-1.0,,,,,,0.8333333333333334
2014_123_482670,482670,Kevin Norwood,Alabama,SEC,WIDERECEIVER,WR,2014,4,23,123,4,0.0,0.0,0.0,0.0,0.0,0.0,0.0,0.0,0.0,0.0,0.0,0.0,0.0,1.0,0.0,22.0,0.0,0.0,0.0,0.0,0.0,0.0,0.0,0.0,0.0,0.0,0.0,0.0,0.0,0.0,0.0,0.0,0.0,81.0,12.0,1275.0,0.0,0.0,0.0,22.0,,,,50.0,,,,15.74074074074074,,22.0,,,,
2014_124_511464,511464,De'Anthony Thomas,Oregon,Pac-12,RUNNINGBACK,RB,2014,4,24,124,3,0.0,0.0,0.0,0.0,0.0,0.0,0.0,0.0,0.0,0.0,0.0,0.0,0.0,73.0,4.0,1885.0,0.0,0.0,0.0,0.0,0.0,0.0,0.0,0.0,0.0,0.0,16.0,1.0,274.0,0.0,0.0,0.0,0.0,113.0,15.0,1296.0,243.0,26.0,1890.0,96.0,,73.0,,69.0,91.0,,,11.469026548672566,7.777777777777778,25.82191780821918,17.125,,,
2014_128_500892,500892,Tre Boston,North Carolina,ACC,SAFETY,DB,2014,4,28,128,4,0.0,0.0,0.0,0.0,0.0,0.0,0.0,0.0,0.0,0.0,13.0,1.0,79.0,0.0,0.0,0.0,0.0,0.0,0.0,0.0,0.0,0.0,0.0,0.0,0.0,0.0,1.0,0.0,0.0,0.0,0.0,0.0,0.0,0.0,0.0,0.0,0.0,0.0,0.0,,,0.0,,,,,,,,,0.0,,,6.076923076923077
2014_129_501163,501163,Dontae Johnson,NC State,ACC,CORNERBACK,DB,2014,4,29,129,2,0.0,0.0,0.0,0.0,0.0,0.0,0.0,0.0,0.0,0.0,3.0,0.0,21.0,4.0,0.0,40.0,0.0,0.0,0.0,0.0,0.0,0.0,0.0,0.0,0.0,0.0,0.0,0.0,0.0,0.0,0.0,0.0,0.0,0.0,0.0,0.0,0.0,0.0,0.0,17.0,,,,,,,,,,10.0,,,,7.0
2014_130_503422,503422,James White,Wisconsin,Big Ten,RUNNINGBACK,RB,2014,4,30,130,4,0.0,0.0,0.0,0.0,0.0,0.0,0.0,0.0,0.0,0.0,0.0,0.0,0.0,38.0,0.0,750.0,0.0,0.0,0.0,0.0,0.0,2.0,1.0,0.0,1.0,3.0,0.0,0.0,0.0,0.0,0.0,0.0,0.0,73.0,3.0,670.0,643.0,45.0,4015.0,40.0,,,,62.0,93.0,0.5,1.5,9.178082191780822,6.244167962674961,19.73684210526316,,,,
2014_131_503249,503249,Brock Vereen,Minnesota,Big Ten,SAFETY,DB,2014,4,31,131,3,0.0,0.0,0.0,0.0,0.0,0.0,0.0,0.0,0.0,0.0,4.0,0.0,28.0,0.0,0.0,0.0,0.0,0.0,0.0,0.0,0.0,0.0,0.0,0.0,0.0,0.0,0.0,0.0,0.0,0.0,0.0,0.0,0.0,0.0,0.0,0.0,0.0,0.0,0.0,,,,,,,,,,,,,,,7.0
2014_132_501664,501664,Kevin Pierre-Louis,Boston College,ACC,OUTSIDELINEBACKER,LB,2014,4,32,132,1,0.0,0.0,0.0,0.0,0.0,0.0,0.0,0.0,0.0,0.0,1.0,1.0,33.0,0.0,0.0,0.0,0.0,0.0,0.0,0.0,0.0,0.0,0.0,0.0,0.0,0.0,0.0,0.0,0.0,0.0,0.0,0.0,0.0,0.0,0.0,0.0,0.0,0.0,0.0,,,,,,,,,,,,,,,33.0
2014_133_505047,505047,Nevin Lawson,Utah State,Western Athletic,CORNERBACK,DB,2014,4,33,133,3,0.0,0.0,0.0,0.0,0.0,0.0,0.0,0.0,0.0,0.0,6.0,1.0,65.0,0.0,0.0,0.0,0.0,0.0,0.0,0.0,0.0,0.0,0.0,0.0,0.0,0.0,0.0,0.0,0.0,0.0,0.0,0.0,0.0,0.0,0.0,0.0,0.0,0.0,0.0,,,,,,,,,,,,,,,10.833333333333334
2014_135_514116,514116,Tom Savage,Rutgers,Big East,QUARTERBACK,QB,2014,4,35,135,3,0.0,0.0,0.0,0.0,0.0,0.0,0.0,0.0,0.0,0.0,0.0,0.0,0.0,0.0,0.0,0.0,0.0,0.0,0.0,0.0,0.0,757.0,430.0,19.0,37.0,5690.0,0.0,0.0,0.0,0.0,0.0,0.0,0.0,1.0,0.0,-2.0,167.0,4.0,-319.0,,,,,0.0,28.0,0.5680317040951123,7.516512549537649,-2.0,-1.910179640718563,,,,,
2014_138_529583,529583,Lorenzo Taliaferro,Coastal Carolina,Big South,RUNNINGBACK,RB,2014,4,38,138,2,0.0,0.0,0.0,0.0,0.0,0.0,0.0,0.0,0.0,0.0,0.0,0.0,0.0,0.0,0.0,0.0,0.0,0.0,0.0,0.0,0.0,0.0,0.0,0.0,0.0,0.0,0.0,0.0,0.0,0.0,0.0,0.0,0.0,5.0,1.0,20.0,20.0,0.0,51.0,,,,,9.0,10.0,,,4.0,2.55,,,,,
2014_142_483321,483321,Ryan Grant,Tulane,Conference USA,WIDERECEIVER,WR,2014,5,2,142,5,0.0,0.0,0.0,0.0,0.0,0.0,0.0,0.0,0.0,0.0,0.0,0.0,0.0,0.0,0.0,0.0,0.0,0.0,0.0,0.0,0.0,2.0,0.0,1.0,0.0,0.0,0.0,0.0,0.0,0.0,0.0,0.0,0.0,196.0,21.0,2769.0,5.0,0.0,3.0,,,,,73.0,20.0,0.0,0.0,14.127551020408164,0.6,,,,,
2014_144_501095,501095,Telvin Smith,Florida State,ACC,OUTSIDELINEBACKER,LB,2014,5,4,144,2,0.0,0.0,0.0,0.0,0.0,0.0,0.0,0.0,0.0,0.0,4.0,2.0,160.0,0.0,0.0,0.0,0.0,0.0,0.0,0.0,0.0,0.0,0.0,0.0,0.0,0.0,0.0,0.0,0.0,0.0,0.0,0.0,0.0,0.0,0.0,0.0,0.0,0.0,0.0,,,,,,,,,,,,,,,40.0
2014_146_482855,482855,Devin Street,Pittsburgh,Big East,WIDERECEIVER,WR,2014,5,6,146,4,0.0,0.0,0.0,0.0,0.0,0.0,0.0,0.0,0.0,0.0,0.0,0.0,0.0,0.0,0.0,0.0,0.0,0.0,0.0,0.0,0.0,0.0,0.0,0.0,0.0,0.0,0.0,0.0,0.0,0.0,0.0,0.0,0.0,202.0,16.0,2901.0,11.0,0.0,77.0,,,,,79.0,19.0,,,14.36138613861386,7.0,,,,,
2014_147_500800,500800,Ricardo Allen,Purdue,Big Ten,CORNERBACK,DB,2014,5,7,147,4,0.0,0.0,0.0,0.0,0.0,0.0,0.0,0.0,0.0,0.0,13.0,4.0,247.0,0.0,0.0,0.0,0.0,0.0,0.0,0.0,0.0,0.0,0.0,0.0,0.0,0.0,3.0,0.0,32.0,0.0,0.0,0.0,0.0,0.0,0.0,0.0,0.0,0.0,0.0,,,25.0,,,,,,,,,10.666666666666666,,,19.0
2014_151_504160,504160,Avery Williamson,Kentucky,SEC,INSIDELINEBACKER,LB,2014,5,11,151,2,0.0,0.0,0.0,0.0,0.0,0.0,0.0,0.0,0.0,0.0,2.0,0.0,18.0,0.0,0.0,0.0,0.0,0.0,0.0,0.0,0.0,0.0,0.0,0.0,0.0,0.0,0.0,0.0,0.0,0.0,0.0,0.0,0.0,0.0,0.0,0.0,0.0,0.0,0.0,,,,,,,,,,,,,,,9.0
2014_152_481171,481171,Nat Berhe,San Diego State,Mountain West,SAFETY,DB,2014,5,12,152,3,0.0,0.0,0.0,0.0,0.0,0.0,0.0,0.0,0.0,0.0,5.0,0.0,11.0,0.0,0.0,0.0,0.0,0.0,0.0,0.0,0.0,0.0,0.0,0.0,0.0,0.0,0.0,0.0,0.0,0.0,0.0,0.0,0.0,0.0,0.0,0.0,0.0,0.0,0.0,,,,,,,,,,,,,,,2.2
2014_154_502067,502067,Jeremiah George,Iowa State,Big 12,INSIDELINEBACKER,LB,2014,5,14,154,1,0.0,0.0,0.0,0.0,0.0,0.0,0.0,0.0,0.0,0.0,2.0,0.0,11.0,0.0,0.0,0.0,0.0,0.0,0.0,0.0,0.0,0.0,0.0,0.0,0.0,0.0,0.0,0.0,0.0,0.0,0.0,0.0,0.0,0.0,0.0,0.0,0.0,0.0,0.0,,,,,,,,,,,,,,,5.5
2014_155_482783,482783,Arthur Lynch,Georgia,SEC,TIGHTEND,TE,2014,5,15,155,3,0.0,0.0,0.0,0.0,0.0,0.0,0.0,0.0,0.0,0.0,0.0,0.0,0.0,0.0,0.0,0.0,0.0,0.0,0.0,0.0,0.0,1.0,1.0,0.0,0.0,16.0,0.0,0.0,0.0,0.0,0.0,0.0,0.0,56.0,8.0,907.0,0.0,0.0,0.0,,,,,49.0,,1.0,16.0,16.196428571428573,,,,,,
2014_157_504679,504679,Shaquille Richardson,Arizona,Pac-12,CORNERBACK,DB,2014,5,17,157,4,0.0,0.0,0.0,0.0,0.0,0.0,0.0,0.0,0.0,0.0,10.0,1.0,131.0,0.0,0.0,0.0,0.0,0.0,0.0,0.0,0.0,0.0,0.0,0.0,0.0,0.0,0.0,0.0,0.0,0.0,0.0,0.0,0.0,0.0,0.0,0.0,0.0,0.0,0.0,,,,,,,,,,,,,,,13.1
2014_163_480210,480210,Aaron Murray,Georgia,SEC,QUARTERBACK,QB,2014,5,23,163,4,0.0,0.0,0.0,0.0,0.0,0.0,0.0,0.0,0.0,0.0,0.0,0.0,0.0,0.0,0.0,0.0,0.0,0.0,0.0,0.0,0.0,1478.0,921.0,41.0,121.0,13166.0,0.0,0.0,0.0,0.0,0.0,0.0,0.0,1.0,0.0,-3.0,286.0,16.0,388.0,,,,,0.0,57.0,0.6231393775372125,8.907983761840324,-3.0,1.356643356643357,,,,,
2014_164_480215,480215,AJ McCarron,Alabama,SEC,QUARTERBACK,QB,2014,5,24,164,4,0.0,0.0,0.0,0.0,0.0,0.0,0.0,0.0,0.0,0.0,0.0,0.0,0.0,0.0,0.0,0.0,0.0,0.0,0.0,0.0,0.0,1026.0,686.0,15.0,77.0,9019.0,0.0,0.0,0.0,0.0,0.0,0.0,0.0,0.0,0.0,0.0,119.0,3.0,-64.0,,,,,,24.0,0.6686159844054581,8.790448343079921,,-0.5378151260504201,,,,,
2014_165_481409,481409,Ryan Carrethers,Arkansas State,Sun Belt,DEFENSIVETACKLE,DL,2014,5,25,165,1,0.0,0.0,0.0,0.0,0.0,0.0,0.0,0.0,0.0,0.0,0.0,0.0,0.0,0.0,0.0,0.0,0.0,0.0,0.0,0.0,0.0,0.0,0.0,0.0,0.0,0.0,0.0,0.0,0.0,0.0,0.0,0.0,0.0,0.0,0.0,0.0,1.0,1.0,1.0,,,,,,1.0,,,,1.0,,,,,
2014_166_488940,488940,Jonathan Newsome,Ohio State,Big Ten,DEFENSIVEEND,DL,2014,5,26,166,2,0.0,0.0,0.0,0.0,0.0,0.0,0.0,0.0,0.0,0.0,1.0,0.0,0.0,0.0,0.0,0.0,0.0,0.0,0.0,0.0,0.0,0.0,0.0,0.0,0.0,0.0,1.0,0.0,19.0,0.0,0.0,0.0,0.0,0.0,0.0,0.0,0.0,0.0,0.0,,,19.0,,,,,,,,,19.0,,,0.0
2014_167_515912,515912,Vinnie Sunseri,Alabama,SEC,SAFETY,DB,2014,5,27,167,2,0.0,0.0,0.0,0.0,0.0,0.0,0.0,0.0,0.0,0.0,4.0,2.0,124.0,0.0,0.0,0.0,0.0,0.0,0.0,0.0,0.0,0.0,0.0,0.0,0.0,0.0,0.0,0.0,0.0,0.0,0.0,0.0,0.0,0.0,0.0,0.0,0.0,0.0,0.0,,,,,,,,,,,,,,,31.0
2014_169_501558,501558,Ronald Powell,Florida,SEC,OUTSIDELINEBACKER,LB,2014,5,29,169,1,0.0,0.0,0.0,0.0,0.0,0.0,0.0,0.0,0.0,0.0,0.0,0.0,0.0,1.0,0.0,20.0,0.0,0.0,0.0,0.0,0.0,0.0,0.0,0.0,0.0,0.0,0.0,0.0,0.0,0.0,0.0,0.0,0.0,0.0,0.0,0.0,0.0,0.0,0.0,20.0,,,,,,,,,,20.0,,,,
2014_170_505152,505152,Keith Reaser,Florida Atlantic,Sun Belt,CORNERBACK,DB,2014,5,30,170,4,0.0,0.0,0.0,0.0,0.0,0.0,0.0,0.0,0.0,0.0,5.0,0.0,66.0,5.0,0.0,100.0,0.0,0.0,0.0,0.0,0.0,0.0,0.0,0.0,0.0,0.0,3.0,0.0,-8.0,0.0,0.0,0.0,0.0,0.0,0.0,0.0,0.0,0.0,0.0,40.0,,2.0,,,,,,,,20.0,-2.6666666666666665,,,13.2
2014_174_480499,480499,Devon Kennard,USC,Pac-10,OUTSIDELINEBACKER,LB,2014,5,34,174,1,0.0,0.0,0.0,0.0,0.0,0.0,0.0,0.0,0.0,0.0,1.0,0.0,8.0,0.0,0.0,0.0,0.0,0.0,0.0,0.0,0.0,0.0,0.0,0.0,0.0,0.0,0.0,0.0,0.0,0.0,0.0,0.0,0.0,0.0,0.0,0.0,0.0,0.0,0.0,,,,,,,,,,,,,,,8.0
2014_176_482381,482381,Jared Abbrederis,Wisconsin,Big Ten,WIDERECEIVER,WR,2014,5,36,176,4,0.0,0.0,0.0,0.0,0.0,0.0,0.0,0.0,0.0,0.0,0.0,0.0,0.0,31.0,0.0,800.0,0.0,0.0,0.0,0.0,0.0,1.0,1.0,0.0,0.0,27.0,78.0,1.0,587.0,0.0,0.0,0.0,0.0,202.0,23.0,3140.0,28.0,2.0,291.0,60.0,,60.0,,74.0,49.0,1.0,27.0,15.544554455445544,10.392857142857142,25.806451612903224,7.5256410256410255,,,
2014_178_480251,480251,Zach Mettenberger,LSU,SEC,QUARTERBACK,QB,2014,6,2,178,3,0.0,0.0,0.0,0.0,0.0,0.0,0.0,0.0,0.0,0.0,0.0,0.0,0.0,0.0,0.0,0.0,0.0,0.0,0.0,0.0,0.0,659.0,407.0,15.0,35.0,5783.0,0.0,0.0,0.0,0.0,0.0,0.0,0.0,0.0,0.0,0.0,83.0,0.0,-313.0,,,,,,25.0,0.6176024279210925,8.775417298937784,,-3.7710843373493974,,,,,
2014_180_503451,503451,Kenneth Acker,SMU,Conference USA,CORNERBACK,DB,2014,6,4,180,4,0.0,0.0,0.0,0.0,0.0,0.0,0.0,0.0,0.0,0.0,7.0,1.0,102.0,15.0,0.0,340.0,0.0,0.0,0.0,0.0,0.0,0.0,0.0,0.0,0.0,0.0,15.0,0.0,113.0,0.0,0.0,0.0,0.0,0.0,0.0,0.0,0.0,0.0,0.0,62.0,,59.0,,,,,,,,22.666666666666668,7.533333333333333,,,14.571428571428571
2014_181_504163,504163,Alfred Blue,LSU,SEC,RUNNINGBACK,RB,2014,6,5,181,4,0.0,0.0,0.0,0.0,0.0,0.0,0.0,0.0,0.0,0.0,0.0,0.0,0.0,0.0,0.0,0.0,0.0,0.0,0.0,0.0,0.0,0.0,0.0,0.0,0.0,0.0,1.0,0.0,4.0,0.0,0.0,0.0,0.0,16.0,0.0,105.0,209.0,11.0,1253.0,,,4.0,,22.0,57.0,,,6.5625,5.9952153110047846,,4.0,,,
2014_183_480550,480550,David Fales,San José State,Western Athletic,QUARTERBACK,QB,2014,6,7,183,2,0.0,0.0,0.0,0.0,0.0,0.0,0.0,0.0,0.0,0.0,0.0,0.0,0.0,0.0,0.0,0.0,0.0,0.0,0.0,0.0,0.0,938.0,639.0,22.0,66.0,8382.0,0.0,0.0,0.0,0.0,0.0,0.0,0.0,0.0,0.0,0.0,90.0,2.0,-132.0,,,,,,16.0,0.6812366737739872,8.936034115138593,,-1.4666666666666666,,,,,
2014_185_503072,503072,Robert Herron,Wyoming,Mountain West,WIDERECEIVER,WR,2014,6,9,185,4,0.0,0.0,0.0,0.0,0.0,0.0,0.0,0.0,0.0,0.0,0.0,0.0,0.0,3.0,0.0,31.0,0.0,0.0,0.0,0.0,0.0,0.0,0.0,0.0,0.0,0.0,0.0,0.0,0.0,0.0,0.0,0.0,0.0,152.0,20.0,2030.0,54.0,0.0,310.0,14.0,,,,93.0,68.0,,,13.355263157894736,5.7407407407407405,10.333333333333334,,,,
2014_186_501526,501526,Lache Seastrunk,Baylor,Big 12,RUNNINGBACK,RB,2014,6,10,186,2,0.0,0.0,0.0,0.0,0.0,0.0,0.0,0.0,0.0,0.0,0.0,0.0,0.0,1.0,0.0,13.0,0.0,0.0,0.0,0.0,0.0,0.0,0.0,0.0,0.0,0.0,0.0,0.0,0.0,0.0,0.0,0.0,0.0,9.0,1.0,107.0,289.0,18.0,2189.0,13.0,,,,68.0,80.0,,,11.88888888888889,7.57439446366782,13.0,,,,
2014_187_500914,500914,Bennett Jackson,Notre Dame,FBS Independents,CORNERBACK,DB,2014,6,11,187,4,0.0,0.0,0.0,0.0,0.0,0.0,0.0,0.0,0.0,0.0,6.0,1.0,91.0,32.0,0.0,677.0,0.0,0.0,0.0,0.0,0.0,0.0,0.0,0.0,0.0,0.0,2.0,0.0,0.0,0.0,0.0,0.0,0.0,0.0,0.0,0.0,1.0,0.0,20.0,43.0,,0.0,,,20.0,,,,20.0,21.15625,0.0,,,15.166666666666666
2014_188_501818,501818,E.J. Gaines,Missouri,SEC,CORNERBACK,DB,2014,6,12,188,3,0.0,0.0,0.0,0.0,0.0,0.0,0.0,0.0,0.0,0.0,8.0,0.0,71.0,0.0,0.0,0.0,0.0,0.0,0.0,0.0,0.0,0.0,0.0,0.0,0.0,0.0,19.0,1.0,154.0,0.0,0.0,0.0,0.0,0.0,0.0,0.0,0.0,0.0,0.0,,,44.0,,,,,,,,,8.105263157894736,,,8.875
2014_189_500915,500915,TJ Jones,Notre Dame,FBS Independents,WIDERECEIVER,WR,2014,6,13,189,4,0.0,0.0,0.0,0.0,0.0,0.0,0.0,0.0,0.0,0.0,0.0,0.0,0.0,0.0,0.0,0.0,0.0,0.0,0.0,0.0,0.0,0.0,0.0,0.0,0.0,0.0,14.0,0.0,106.0,0.0,0.0,0.0,0.0,181.0,19.0,2429.0,10.0,2.0,75.0,,,27.0,,80.0,35.0,,,13.41988950276243,7.5,,7.571428571428571,,,
2014_190_498387,498387,Matt Hazel,Coastal Carolina,Big South,WIDERECEIVER,WR,2014,6,14,190,3,0.0,0.0,0.0,0.0,0.0,0.0,0.0,0.0,0.0,0.0,0.0,0.0,0.0,0.0,0.0,0.0,0.0,0.0,0.0,0.0,0.0,0.0,0.0,0.0,0.0,0.0,0.0,0.0,0.0,0.0,0.0,0.0,0.0,13.0,0.0,156.0,0.0,0.0,0.0,,,,,25.0,,,,12.0,,,,,,
2014_191_487725,487725,Pat O'Donnell,Miami,ACC,PUNTER,ST,2014,6,15,191,5,0.0,0.0,0.0,0.0,0.0,0.0,0.0,0.0,0.0,0.0,0.0,0.0,0.0,0.0,0.0,0.0,0.0,0.0,0.0,0.0,0.0,0.0,0.0,0.0,0.0,0.0,0.0,0.0,0.0,0.0,234.0,0.0,10168.0,0.0,0.0,0.0,0.0,0.0,0.0,,,,76.0,,,,,,,,,43.452991452991455,,
2014_192_500360,500360,Jordan Zumwalt,UCLA,Pac-12,OUTSIDELINEBACKER,LB,2014,6,16,192,3,0.0,0.0,0.0,0.0,0.0,0.0,0.0,0.0,0.0,0.0,3.0,0.0,56.0,3.0,0.0,23.0,0.0,0.0,0.0,0.0,0.0,0.0,0.0,0.0,0.0,0.0,1.0,0.0,9.0,0.0,0.0,0.0,0.0,1.0,0.0,12.0,0.0,0.0,0.0,13.0,,9.0,,12.0,,,,12.0,,7.666666666666667,9.0,,,18.666666666666668
2014_194_503695,503695,Keith Wenning,Ball State,Mid-American,QUARTERBACK,QB,2014,6,18,194,4,0.0,0.0,0.0,0.0,0.0,0.0,0.0,0.0,0.0,0.0,0.0,0.0,0.0,0.0,0.0,0.0,0.0,0.0,0.0,0.0,0.0,1590.0,999.0,40.0,90.0,11094.0,0.0,0.0,0.0,0.0,3.0,0.0,93.0,2.0,1.0,29.0,186.0,13.0,322.0,,,,33.0,17.0,32.0,0.6283018867924528,6.977358490566037,14.5,1.7311827956989247,,,31.0,,
2014_197_519049,519049,Demetri Goodson,Baylor,Big 12,CORNERBACK,DB,2014,6,21,197,3,0.0,0.0,0.0,0.0,0.0,0.0,0.0,0.0,0.0,0.0,4.0,0.0,77.0,5.0,0.0,149.0,0.0,0.0,0.0,0.0,0.0,0.0,0.0,0.0,0.0,0.0,0.0,0.0,0.0,0.0,0.0,0.0,0.0,0.0,0.0,0.0,0.0,0.0,0.0,42.0,,,,,,,,,,29.8,,,,19.25
2014_201_534757,534757,Marion Grice,Arizona State,Pac-12,RUNNINGBACK,RB,2014,6,25,201,2,0.0,0.0,0.0,0.0,0.0,0.0,0.0,0.0,0.0,0.0,0.0,0.0,0.0,21.0,0.0,507.0,0.0,0.0,0.0,0.0,0.0,0.0,0.0,0.0,0.0,0.0,0.0,0.0,0.0,0.0,0.0,0.0,0.0,91.0,14.0,863.0,294.0,25.0,1675.0,44.0,,,,37.0,52.0,,,9.483516483516484,5.697278911564626,24.142857142857142,,,,
2014_203_504882,504882,Andrew Jackson,Western Kentucky,Sun Belt,INSIDELINEBACKER,LB,2014,6,27,203,1,0.0,0.0,0.0,0.0,0.0,0.0,0.0,0.0,0.0,0.0,1.0,0.0,18.0,0.0,0.0,0.0,0.0,0.0,0.0,0.0,0.0,0.0,0.0,0.0,0.0,0.0,0.0,0.0,0.0,0.0,0.0,0.0,0.0,0.0,0.0,0.0,0.0,0.0,0.0,,,,,,,,,,,,,,,18.0
2014_204_482572,482572,Tyler Gaffney,Stanford,Pac-12,RUNNINGBACK,RB,2014,6,28,204,4,0.0,0.0,0.0,0.0,0.0,0.0,0.0,0.0,0.0,0.0,0.0,0.0,0.0,1.0,0.0,22.0,0.0,0.0,0.0,0.0,0.0,0.0,0.0,0.0,0.0,0.0,2.0,0.0,0.0,0.0,0.0,0.0,0.0,32.0,4.0,264.0,486.0,33.0,2500.0,22.0,,4.0,,52.0,69.0,,,8.25,5.1440329218107,22.0,0.0,,,
2014_206_483031,483031,Jemea Thomas,Georgia Tech,ACC,SAFETY,DB,2014,6,30,206,3,0.0,0.0,0.0,0.0,0.0,0.0,0.0,0.0,0.0,0.0,9.0,0.0,15.0,9.0,0.0,204.0,0.0,0.0,0.0,0.0,0.0,0.0,0.0,0.0,0.0,0.0,12.0,0.0,34.0,0.0,0.0,0.0,0.0,0.0,0.0,0.0,2.0,0.0,29.0,29.0,,14.0,,,27.0,,,,14.5,22.666666666666668,2.8333333333333335,,,1.6666666666666667
2014_208_481160,481160,Eric Pinkins,San Diego State,Mountain West,SAFETY,DB,2014,6,32,208,1,0.0,0.0,0.0,0.0,0.0,0.0,0.0,0.0,0.0,0.0,3.0,1.0,70.0,0.0,0.0,0.0,0.0,0.0,0.0,0.0,0.0,0.0,0.0,0.0,0.0,0.0,0.0,0.0,0.0,0.0,0.0,0.0,0.0,0.0,0.0,0.0,0.0,0.0,0.0,,,,,,,,,,,,,,,23.333333333333332
2014_209_501848,501848,Quincy Enunwa,Nebraska,Big Ten,WIDERECEIVER,WR,2014,6,33,209,4,0.0,0.0,0.0,0.0,0.0,0.0,0.0,0.0,0.0,0.0,0.0,0.0,0.0,1.0,0.0,17.0,0.0,0.0,0.0,0.0,0.0,0.0,0.0,0.0,0.0,0.0,0.0,0.0,0.0,0.0,0.0,0.0,0.0,115.0,15.0,1526.0,3.0,0.0,-1.0,17.0,,,,99.0,4.0,,,13.269565217391303,-0.3333333333333333,17.0,,,,
2014_210_485825,485825,IK Enemkpali,Louisiana Tech,Conference USA,DEFENSIVEEND,DL,2014,6,34,210,1,0.0,0.0,0.0,0.0,0.0,0.0,0.0,0.0,0.0,0.0,2.0,0.0,22.0,0.0,0.0,0.0,0.0,0.0,0.0,0.0,0.0,0.0,0.0,0.0,0.0,0.0,0.0,0.0,0.0,0.0,0.0,0.0,0.0,0.0,0.0,0.0,0.0,0.0,0.0,,,,,,,,,,,,,,,11.0
2014_211_500498,500498,Jay Prosch,Illinois,Big Ten,FULLBACK,RB,2014,6,35,211,4,0.0,0.0,0.0,0.0,0.0,0.0,0.0,0.0,0.0,0.0,0.0,0.0,0.0,3.0,0.0,9.0,0.0,0.0,0.0,0.0,0.0,0.0,0.0,0.0,0.0,0.0,0.0,0.0,0.0,0.0,0.0,0.0,0.0,11.0,1.0,115.0,14.0,2.0,47.0,9.0,,,,56.0,9.0,,,10.454545454545457,3.357142857142857,3.0,,,,
2014_212_504668,504668,Marquis Flowers,Arizona,Pac-12,OUTSIDELINEBACKER,LB,2014,6,36,212,3,0.0,0.0,0.0,0.0,0.0,0.0,0.0,0.0,0.0,0.0,5.0,1.0,32.0,0.0,0.0,0.0,0.0,0.0,0.0,0.0,0.0,0.0,0.0,0.0,0.0,0.0,0.0,0.0,0.0,0.0,0.0,0.0,0.0,0.0,0.0,0.0,0.0,0.0,0.0,,,,,,,,,,,,,,,6.4
2014_213_480221,480221,Tajh Boyd,Clemson,ACC,QUARTERBACK,QB,2014,6,37,213,4,0.0,0.0,0.0,0.0,0.0,0.0,0.0,0.0,0.0,0.0,0.0,0.0,0.0,0.0,0.0,0.0,0.0,0.0,0.0,0.0,0.0,1402.0,901.0,39.0,107.0,11904.0,0.0,0.0,0.0,0.0,0.0,0.0,0.0,0.0,0.0,0.0,505.0,26.0,1165.0,,,,,,48.0,0.6426533523537803,8.490727532097004,,2.3069306930693068,,,,,
2014_214_480209,480209,Garrett Gilbert,Texas,Big 12,QUARTERBACK,QB,2014,6,38,214,5,0.0,0.0,0.0,0.0,0.0,0.0,0.0,0.0,0.0,0.0,0.0,0.0,0.0,0.0,0.0,0.0,0.0,0.0,0.0,0.0,0.0,1548.0,908.0,45.0,49.0,9761.0,0.0,0.0,0.0,0.0,7.0,0.0,274.0,0.0,0.0,0.0,295.0,20.0,1013.0,,,,51.0,,74.0,0.58656330749354,6.305555555555555,,3.4338983050847456,,,39.142857142857146,,
2014_217_480817,480817,Ted Bolser,Indiana,Big Ten,TIGHTEND,TE,2014,7,2,217,4,0.0,0.0,0.0,0.0,0.0,0.0,0.0,0.0,0.0,0.0,0.0,0.0,0.0,0.0,0.0,0.0,0.0,0.0,0.0,0.0,0.0,0.0,0.0,0.0,0.0,0.0,0.0,0.0,0.0,0.0,0.0,0.0,0.0,117.0,15.0,1337.0,0.0,0.0,0.0,,,,,38.0,,,,11.427350427350428,,,,,,
2014_218_481645,481645,Michael Campanaro,Wake Forest,ACC,WIDERECEIVER,WR,2014,7,3,218,4,0.0,0.0,0.0,0.0,0.0,0.0,0.0,0.0,0.0,0.0,0.0,0.0,0.0,36.0,0.0,828.0,0.0,0.0,0.0,0.0,0.0,7.0,6.0,1.0,4.0,174.0,35.0,1.0,156.0,0.0,0.0,0.0,0.0,229.0,14.0,2506.0,51.0,2.0,238.0,53.0,,50.0,,66.0,22.0,0.8571428571428571,24.857142857142858,10.943231441048034,4.666666666666667,23.0,4.457142857142857,,,
2014_221_483005,483005,Randell Johnson,Florida Atlantic,Conference USA,OUTSIDELINEBACKER,LB,2014,7,6,221,1,0.0,0.0,0.0,0.0,0.0,0.0,0.0,0.0,0.0,0.0,0.0,0.0,0.0,0.0,0.0,0.0,0.0,0.0,0.0,0.0,0.0,0.0,0.0,0.0,0.0,0.0,1.0,0.0,17.0,0.0,0.0,0.0,0.0,0.0,0.0,0.0,0.0,0.0,0.0,,,17.0,,,,,,,,,17.0,,,
2014_222_501519,501519,Storm Johnson,UCF,Conference USA,RUNNINGBACK,RB,2014,7,7,222,3,0.0,0.0,0.0,0.0,0.0,0.0,0.0,0.0,0.0,0.0,0.0,0.0,0.0,10.0,0.0,194.0,0.0,0.0,0.0,0.0,0.0,0.0,0.0,0.0,0.0,0.0,0.0,0.0,0.0,0.0,0.0,0.0,0.0,41.0,3.0,289.0,335.0,19.0,1765.0,31.0,,,,33.0,73.0,,,7.048780487804878,5.268656716417911,19.4,,,,
2014_223_483035,483035,Brandon Watts,Georgia Tech,ACC,OUTSIDELINEBACKER,LB,2014,7,8,223,1,0.0,0.0,0.0,0.0,0.0,0.0,0.0,0.0,0.0,0.0,1.0,0.0,12.0,0.0,0.0,0.0,0.0,0.0,0.0,0.0,0.0,0.0,0.0,0.0,0.0,0.0,0.0,0.0,0.0,0.0,0.0,0.0,0.0,0.0,0.0,0.0,0.0,0.0,0.0,,,,,,,,,,,,,,,12.0
2014_224_503388,503388,Beau Allen,Wisconsin,Big Ten,DEFENSIVETACKLE,DL,2014,7,9,224,1,0.0,0.0,0.0,0.0,0.0,0.0,0.0,0.0,0.0,0.0,0.0,0.0,0.0,0.0,0.0,0.0,0.0,0.0,0.0,0.0,0.0,0.0,0.0,0.0,0.0,0.0,1.0,0.0,2.0,0.0,0.0,0.0,0.0,0.0,0.0,0.0,0.0,0.0,0.0,,,2.0,,,,,,,,,2.0,,,
2014_225_500904,500904,Jabari Price,North Carolina,ACC,CORNERBACK,DB,2014,7,10,225,2,0.0,0.0,0.0,0.0,0.0,0.0,0.0,0.0,0.0,0.0,2.0,0.0,29.0,0.0,0.0,0.0,0.0,0.0,0.0,0.0,0.0,0.0,0.0,0.0,0.0,0.0,0.0,0.0,0.0,0.0,0.0,0.0,0.0,0.0,0.0,0.0,0.0,0.0,0.0,,,,,,,,,,,,,,,14.5
2014_227_515938,515938,Kiero Small,Arkansas,SEC,FULLBACK,RB,2014,7,12,227,2,0.0,0.0,0.0,0.0,0.0,0.0,0.0,0.0,0.0,0.0,0.0,0.0,0.0,3.0,0.0,28.0,0.0,0.0,0.0,0.0,0.0,0.0,0.0,0.0,0.0,0.0,0.0,0.0,0.0,0.0,0.0,0.0,0.0,20.0,1.0,135.0,41.0,4.0,152.0,11.0,,,,16.0,19.0,,,6.75,3.707317073170732,9.333333333333334,,,,
2014_228_504071,504071,Zach Hocker,Arkansas,SEC,PLACEKICKER,ST,2014,7,13,228,4,0.0,0.0,0.0,0.0,0.0,0.0,0.0,0.0,0.0,0.0,0.0,0.0,0.0,0.0,0.0,0.0,78.0,61.0,354.0,171.0,171.0,0.0,0.0,0.0,0.0,0.0,0.0,0.0,0.0,0.0,7.0,0.0,320.0,0.0,0.0,0.0,0.0,0.0,0.0,,54.0,,77.0,,,,,,,,,45.714285714285715,0.782051282051282,
2014_229_480675,480675,Nate Freese,Boston College,ACC,PLACEKICKER,ST,2014,7,14,229,4,0.0,0.0,0.0,0.0,0.0,0.0,0.0,0.0,0.0,0.0,0.0,0.0,0.0,0.0,0.0,0.0,81.0,70.0,324.0,116.0,114.0,0.0,0.0,0.0,0.0,0.0,0.0,0.0,0.0,0.0,81.0,0.0,3327.0,0.0,0.0,0.0,0.0,0.0,0.0,,52.0,,67.0,,,,,,,,,41.07407407407408,0.8641975308641975,
2014_230_483900,483900,Rob Blanchflower,Massachusetts,Mid-American,TIGHTEND,TE,2014,7,15,230,3,0.0,0.0,0.0,0.0,0.0,0.0,0.0,0.0,0.0,0.0,0.0,0.0,0.0,0.0,0.0,0.0,0.0,0.0,0.0,0.0,0.0,0.0,0.0,0.0,0.0,0.0,0.0,0.0,0.0,0.0,0.0,0.0,0.0,71.0,5.0,789.0,1.0,0.0,3.0,,,,,55.0,3.0,,,11.112676056338028,3.0,,,,,
2014_231_482580,482580,Ben Gardner,Stanford,Pac-12,DEFENSIVEEND,DL,2014,7,16,231,1,0.0,0.0,0.0,0.0,0.0,0.0,0.0,0.0,0.0,0.0,0.0,0.0,0.0,0.0,0.0,0.0,0.0,0.0,0.0,0.0,0.0,0.0,0.0,0.0,0.0,0.0,1.0,0.0,24.0,0.0,0.0,0.0,0.0,0.0,0.0,0.0,0.0,0.0,0.0,,,24.0,,,,,,,,,24.0,,,
2014_233_482335,482335,Trevor Reilly,Utah,Pac-12,OUTSIDELINEBACKER,LB,2014,7,18,233,3,0.0,0.0,0.0,0.0,0.0,0.0,0.0,0.0,0.0,0.0,2.0,0.0,16.0,1.0,0.0,11.0,0.0,0.0,0.0,0.0,0.0,0.0,0.0,0.0,0.0,0.0,0.0,0.0,0.0,0.0,0.0,0.0,0.0,0.0,0.0,0.0,0.0,0.0,0.0,11.0,,,,,,,,,,11.0,,,,8.0
2014_239_504188,504188,James Wright,LSU,SEC,WIDERECEIVER,WR,2014,7,24,239,3,0.0,0.0,0.0,0.0,0.0,0.0,0.0,0.0,0.0,0.0,0.0,0.0,0.0,0.0,0.0,0.0,0.0,0.0,0.0,0.0,0.0,0.0,0.0,0.0,0.0,0.0,0.0,0.0,0.0,0.0,0.0,0.0,0.0,25.0,0.0,304.0,0.0,0.0,0.0,,,,,48.0,,,,12.16,,,,,,
2014_240_480747,480747,Tevin Reese,Baylor,Big 12,WIDERECEIVER,WR,2014,7,25,240,4,0.0,0.0,0.0,0.0,0.0,0.0,0.0,0.0,0.0,0.0,0.0,0.0,0.0,1.0,0.0,23.0,0.0,0.0,0.0,0.0,0.0,1.0,0.0,0.0,0.0,0.0,0.0,0.0,0.0,0.0,0.0,0.0,0.0,187.0,24.0,3102.0,11.0,0.0,136.0,23.0,,,,93.0,78.0,0.0,0.0,16.58823529411765,12.363636363636363,23.0,,,,
2014_242_501905,501905,Corey Nelson,Oklahoma,Big 12,OUTSIDELINEBACKER,LB,2014,7,27,242,2,0.0,0.0,0.0,0.0,0.0,0.0,0.0,0.0,0.0,0.0,1.0,1.0,24.0,0.0,0.0,0.0,0.0,0.0,0.0,0.0,0.0,0.0,0.0,0.0,0.0,0.0,1.0,0.0,3.0,0.0,0.0,0.0,0.0,0.0,0.0,0.0,0.0,0.0,0.0,,,3.0,,,,,,,,,3.0,,,24.0
2014_244_480899,480899,Jeremy Gallon,Michigan,Big Ten,WIDERECEIVER,WR,2014,7,29,244,4,0.0,0.0,0.0,0.0,0.0,0.0,0.0,0.0,0.0,0.0,0.0,0.0,0.0,32.0,0.0,658.0,0.0,0.0,0.0,0.0,0.0,1.0,0.0,0.0,0.0,0.0,67.0,0.0,328.0,0.0,0.0,0.0,0.0,171.0,17.0,2690.0,17.0,0.0,97.0,47.0,,32.0,,84.0,14.0,0.0,0.0,15.730994152046785,5.705882352941177,20.5625,4.895522388059701,,,
2014_245_501902,501902,Trey Millard,Oklahoma,Big 12,FULLBACK,RB,2014,7,30,245,4,0.0,0.0,0.0,0.0,0.0,0.0,0.0,0.0,0.0,0.0,0.0,0.0,0.0,4.0,0.0,43.0,0.0,0.0,0.0,0.0,0.0,0.0,0.0,0.0,0.0,0.0,0.0,0.0,0.0,0.0,0.0,0.0,0.0,70.0,7.0,677.0,98.0,6.0,538.0,16.0,,,,73.0,61.0,,,9.67142857142857,5.489795918367347,10.75,,,,
2014_247_503959,503959,Jonathan Dowling,Western Kentucky,Sun Belt,CORNERBACK,DB,2014,7,32,247,2,0.0,0.0,0.0,0.0,0.0,0.0,0.0,0.0,0.0,0.0,9.0,1.0,132.0,1.0,0.0,20.0,0.0,0.0,0.0,0.0,0.0,0.0,0.0,0.0,0.0,0.0,0.0,0.0,0.0,0.0,0.0,0.0,0.0,1.0,0.0,39.0,0.0,0.0,0.0,20.0,,,,39.0,,,,39.0,,20.0,,,,14.666666666666666
2014_248_502259,502259,Ahmad Dixon,Baylor,Big 12,SAFETY,DB,2014,7,33,248,4,0.0,0.0,0.0,0.0,0.0,0.0,0.0,0.0,0.0,0.0,4.0,1.0,72.0,2.0,0.0,17.0,0.0,0.0,0.0,0.0,0.0,0.0,0.0,0.0,0.0,0.0,0.0,0.0,0.0,0.0,0.0,0.0,0.0,0.0,0.0,0.0,0.0,0.0,0.0,17.0,,,,,,,,,,8.5,,,,18.0
2014_249_481535,481535,Michael Sam,Missouri,Big 12,DEFENSIVEEND,DL,2014,7,34,249,2,0.0,0.0,0.0,0.0,0.0,0.0,0.0,0.0,0.0,0.0,2.0,0.0,62.0,0.0,0.0,0.0,0.0,0.0,0.0,0.0,0.0,0.0,0.0,0.0,0.0,0.0,1.0,0.0,8.0,0.0,0.0,0.0,0.0,0.0,0.0,0.0,0.0,0.0,0.0,,,8.0,,,,,,,,,8.0,,,31.0
2014_251_532470,532470,Ken Bishop,Northern Illinois,Mid-American,DEFENSIVETACKLE,DL,2014,7,36,251,1,0.0,0.0,0.0,0.0,0.0,0.0,0.0,0.0,0.0,0.0,2.0,0.0,15.0,0.0,0.0,0.0,0.0,0.0,0.0,0.0,0.0,0.0,0.0,0.0,0.0,0.0,0.0,0.0,0.0,0.0,0.0,0.0,0.0,0.0,0.0,0.0,0.0,0.0,0.0,,,,,,,,,,,,,,,7.5
2014_253_502317,502317,Yawin Smallwood,UConn,Big East,INSIDELINEBACKER,LB,2014,7,38,253,2,0.0,0.0,0.0,0.0,0.0,0.0,0.0,0.0,0.0,0.0,2.0,1.0,87.0,0.0,0.0,0.0,0.0,0.0,0.0,0.0,0.0,0.0,0.0,0.0,0.0,0.0,0.0,0.0,0.0,0.0,0.0,0.0,0.0,0.0,0.0,0.0,0.0,0.0,0.0,,,,,,,,,,,,,,,43.5
2014_254_504762,504762,Terrance Mitchell,Oregon,Pac-12,CORNERBACK,DB,2014,7,39,254,2,0.0,0.0,0.0,0.0,0.0,0.0,0.0,0.0,0.0,0.0,7.0,1.0,108.0,1.0,0.0,24.0,0.0,0.0,0.0,0.0,0.0,0.0,0.0,0.0,0.0,0.0,0.0,0.0,0.0,0.0,0.0,0.0,0.0,0.0,0.0,0.0,0.0,0.0,0.0,24.0,,,,,,,,,,24.0,,,,15.428571428571429
2014_256_503346,503346,Lonnie Ballentine,Memphis,Conference USA,SAFETY,DB,2014,7,41,256,1,0.0,0.0,0.0,0.0,0.0,0.0,0.0,0.0,0.0,0.0,3.0,0.0,14.0,0.0,0.0,0.0,0.0,0.0,0.0,0.0,0.0,0.0,0.0,0.0,0.0,0.0,0.0,0.0,0.0,0.0,0.0,0.0,0.0,0.0,0.0,0.0,0.0,0.0,0.0,,,,,,,,,,,,,,,4.666666666666667
2015_001_530308,530308,Jameis Winston,Florida State,ACC,QUARTERBACK,QB,2015,1,1,1,2,0.0,0.0,0.0,0.0,0.0,0.0,0.0,0.0,0.0,0.0,0.0,0.0,0.0,0.0,0.0,0.0,0.0,0.0,0.0,0.0,0.0,851.0,562.0,28.0,65.0,7964.0,0.0,0.0,0.0,0.0,0.0,0.0,0.0,0.0,0.0,0.0,145.0,7.0,284.0,,,,,,28.0,0.6603995299647474,9.358401880141011,,1.9586206896551723,,,,,
2015_002_511459,511459,Marcus Mariota,Oregon,Pac-12,QUARTERBACK,QB,2015,1,2,2,3,0.0,0.0,0.0,0.0,0.0,0.0,0.0,0.0,0.0,0.0,0.0,0.0,0.0,0.0,0.0,0.0,0.0,0.0,0.0,0.0,0.0,1167.0,779.0,14.0,105.0,10796.0,0.0,0.0,0.0,0.0,0.0,0.0,0.0,2.0,2.0,28.0,337.0,29.0,2237.0,,,,,26.0,86.0,0.6675235646958012,9.251071122536418,14.0,6.637982195845697,,,,,
2015_004_534458,534458,Amari Cooper,Alabama,SEC,WIDERECEIVER,WR,2015,1,4,4,3,0.0,0.0,0.0,0.0,0.0,0.0,0.0,0.0,0.0,0.0,0.0,0.0,0.0,0.0,0.0,0.0,0.0,0.0,0.0,0.0,0.0,0.0,0.0,0.0,0.0,0.0,0.0,0.0,0.0,0.0,0.0,0.0,0.0,228.0,31.0,3463.0,6.0,0.0,51.0,,,,,99.0,28.0,,,15.18859649122807,8.5,,,,,
2015_005_500839,500839,Brandon Scherff,Iowa,Big Ten,OFFENSIVETACKLE,OL,2015,1,5,5,1,0.0,0.0,0.0,0.0,0.0,0.0,0.0,0.0,0.0,0.0,0.0,0.0,0.0,0.0,0.0,0.0,0.0,0.0,0.0,0.0,0.0,0.0,0.0,0.0,0.0,0.0,0.0,0.0,0.0,0.0,0.0,0.0,0.0,0.0,0.0,15.0,0.0,0.0,0.0,,,,,15.0,,,,inf,,,,,,
2015_006_531014,531014,Leonard Williams,USC,Pac-12,DEFENSIVEEND,DL,2015,1,6,6,2,0.0,0.0,0.0,0.0,0.0,0.0,0.0,0.0,0.0,0.0,2.0,0.0,34.0,0.0,0.0,0.0,0.0,0.0,0.0,0.0,0.0,0.0,0.0,0.0,0.0,0.0,0.0,0.0,0.0,0.0,0.0,0.0,0.0,0.0,0.0,0.0,0.0,0.0,0.0,,,,,,,,,,,,,,,17.0
2015_007_546052,546052,Kevin White,West Virginia,Big 12,WIDERECEIVER,WR,2015,1,7,7,2,0.0,0.0,0.0,0.0,0.0,0.0,0.0,0.0,0.0,0.0,0.0,0.0,0.0,0.0,0.0,0.0,0.0,0.0,0.0,0.0,0.0,0.0,0.0,0.0,0.0,0.0,0.0,0.0,0.0,0.0,0.0,0.0,0.0,144.0,15.0,1954.0,0.0,0.0,0.0,,,,,68.0,,,,13.569444444444445,,,,,,
2015_011_512727,512727,Trae Waynes,Michigan State,Big Ten,CORNERBACK,DB,2015,1,11,11,2,0.0,0.0,0.0,0.0,0.0,0.0,0.0,0.0,0.0,0.0,6.0,0.0,11.0,0.0,0.0,0.0,0.0,0.0,0.0,0.0,0.0,0.0,0.0,0.0,0.0,0.0,0.0,0.0,0.0,0.0,0.0,0.0,0.0,0.0,0.0,0.0,0.0,0.0,0.0,,,,,,,,,,,,,,,1.8333333333333333
2015_012_513065,513065,Danny Shelton,Washington,Pac-12,DEFENSIVETACKLE,DL,2015,1,12,12,1,0.0,0.0,0.0,0.0,0.0,0.0,0.0,0.0,0.0,0.0,0.0,0.0,0.0,2.0,0.0,17.0,0.0,0.0,0.0,0.0,0.0,0.0,0.0,0.0,0.0,0.0,0.0,0.0,0.0,0.0,0.0,0.0,0.0,0.0,0.0,0.0,0.0,0.0,0.0,16.0,,,,,,,,,,8.5,,,,
2015_014_511615,511615,DeVante Parker,Louisville,Big East,WIDERECEIVER,WR,2015,1,14,14,4,0.0,0.0,0.0,0.0,0.0,0.0,0.0,0.0,0.0,0.0,0.0,0.0,0.0,0.0,0.0,0.0,0.0,0.0,0.0,0.0,0.0,0.0,0.0,0.0,0.0,0.0,0.0,0.0,0.0,0.0,0.0,0.0,0.0,156.0,33.0,2775.0,0.0,0.0,0.0,,,,,75.0,,,,17.78846153846154,,,,,,
2015_015_514218,514218,Melvin Gordon,Wisconsin,Big Ten,RUNNINGBACK,RB,2015,1,15,15,4,0.0,0.0,0.0,0.0,0.0,0.0,0.0,0.0,0.0,0.0,0.0,0.0,0.0,8.0,0.0,174.0,0.0,0.0,0.0,0.0,0.0,0.0,0.0,0.0,0.0,0.0,0.0,0.0,0.0,0.0,0.0,0.0,0.0,22.0,4.0,228.0,631.0,45.0,4915.0,32.0,,,,57.0,88.0,,,10.363636363636363,7.789223454833597,21.75,,,,
2015_016_500547,500547,Kevin Johnson,Wake Forest,ACC,CORNERBACK,DB,2015,1,16,16,3,0.0,0.0,0.0,0.0,0.0,0.0,0.0,0.0,0.0,0.0,7.0,0.0,49.0,0.0,0.0,0.0,0.0,0.0,0.0,0.0,0.0,0.0,0.0,0.0,0.0,0.0,5.0,1.0,15.0,0.0,0.0,0.0,0.0,0.0,0.0,0.0,0.0,0.0,0.0,,,11.0,,,,,,,,,3.0,,,7.0
2015_018_513059,513059,Marcus Peters,Washington,Pac-12,CORNERBACK,DB,2015,1,18,18,3,0.0,0.0,0.0,0.0,0.0,0.0,0.0,0.0,0.0,0.0,11.0,1.0,72.0,0.0,0.0,0.0,0.0,0.0,0.0,0.0,0.0,0.0,0.0,0.0,0.0,0.0,0.0,0.0,0.0,0.0,0.0,0.0,0.0,0.0,0.0,0.0,0.0,0.0,0.0,,,,,,,,,,,,,,,6.545454545454546
2015_020_531010,531010,Nelson Agholor,USC,Pac-12,WIDERECEIVER,WR,2015,1,20,20,3,0.0,0.0,0.0,0.0,0.0,0.0,0.0,0.0,0.0,0.0,0.0,0.0,0.0,24.0,0.0,443.0,0.0,0.0,0.0,0.0,0.0,0.0,0.0,0.0,0.0,0.0,39.0,4.0,540.0,0.0,0.0,0.0,0.0,179.0,20.0,2571.0,7.0,0.0,18.0,37.0,,93.0,,87.0,13.0,,,14.363128491620111,2.5714285714285716,18.458333333333332,13.846153846153848,,,
2015_022_517448,517448,Bud Dupree,Kentucky,SEC,OUTSIDELINEBACKER,LB,2015,1,22,22,1,0.0,0.0,0.0,0.0,0.0,0.0,0.0,0.0,0.0,0.0,1.0,1.0,6.0,0.0,0.0,0.0,0.0,0.0,0.0,0.0,0.0,0.0,0.0,0.0,0.0,0.0,0.0,0.0,0.0,0.0,0.0,0.0,0.0,0.0,0.0,0.0,0.0,0.0,0.0,,,,,,,,,,,,,,,6.0
2015_025_535329,535329,Shaq Thompson,Washington,Pac-12,OUTSIDELINEBACKER,LB,2015,1,25,25,3,0.0,0.0,0.0,0.0,0.0,0.0,0.0,0.0,0.0,0.0,5.0,2.0,152.0,2.0,0.0,46.0,0.0,0.0,0.0,0.0,0.0,0.0,0.0,0.0,0.0,0.0,2.0,0.0,8.0,0.0,0.0,0.0,0.0,4.0,0.0,56.0,61.0,2.0,456.0,30.0,,6.0,,41.0,57.0,,,14.0,7.475409836065574,23.0,4.0,,,30.4
2015_026_531670,531670,Breshad Perriman,UCF,Conference USA,WIDERECEIVER,WR,2015,1,26,26,3,0.0,0.0,0.0,0.0,0.0,0.0,0.0,0.0,0.0,0.0,0.0,0.0,0.0,0.0,0.0,0.0,0.0,0.0,0.0,0.0,0.0,0.0,0.0,0.0,0.0,0.0,0.0,0.0,0.0,0.0,0.0,0.0,0.0,115.0,16.0,2243.0,1.0,0.0,0.0,,,,,91.0,0.0,,,19.504347826086956,0.0,,,,,
2015_027_502300,502300,Byron Jones,UConn,Big East,CORNERBACK,DB,2015,1,27,27,4,0.0,0.0,0.0,0.0,0.0,0.0,0.0,0.0,0.0,0.0,8.0,1.0,77.0,0.0,0.0,0.0,0.0,0.0,0.0,0.0,0.0,0.0,0.0,0.0,0.0,0.0,2.0,1.0,9.0,0.0,0.0,0.0,0.0,0.0,0.0,0.0,0.0,0.0,0.0,,,9.0,,,,,,,,,4.5,,,9.625
2015_029_517570,517570,Phillip Dorsett,Miami,ACC,WIDERECEIVER,WR,2015,1,29,29,4,0.0,0.0,0.0,0.0,0.0,0.0,0.0,0.0,0.0,0.0,0.0,0.0,0.0,26.0,0.0,477.0,0.0,0.0,0.0,0.0,0.0,3.0,3.0,0.0,1.0,42.0,33.0,0.0,136.0,0.0,0.0,0.0,0.0,121.0,17.0,2132.0,7.0,0.0,2.0,37.0,,20.0,,79.0,12.0,1.0,14.0,17.619834710743802,0.2857142857142857,18.346153846153847,4.121212121212121,,,
2015_030_546460,546460,Damarious Randall,Arizona State,Pac-12,SAFETY,DB,2015,1,30,30,2,0.0,0.0,0.0,0.0,0.0,0.0,0.0,0.0,0.0,0.0,6.0,2.0,179.0,0.0,0.0,0.0,0.0,0.0,0.0,0.0,0.0,0.0,0.0,0.0,0.0,0.0,7.0,0.0,3.0,0.0,0.0,0.0,0.0,0.0,0.0,0.0,0.0,0.0,0.0,,,8.0,,,,,,,,,0.4285714285714285,,,29.833333333333332
2015_031_511197,511197,Stephone Anthony,Clemson,ACC,INSIDELINEBACKER,LB,2015,1,31,31,3,0.0,0.0,0.0,0.0,0.0,0.0,0.0,0.0,0.0,0.0,3.0,0.0,8.0,0.0,0.0,0.0,0.0,0.0,0.0,0.0,0.0,0.0,0.0,0.0,0.0,0.0,0.0,0.0,0.0,0.0,0.0,0.0,0.0,0.0,0.0,0.0,0.0,0.0,0.0,,,,,,,,,,,,,,,2.6666666666666665
2015_033_535742,535742,Landon Collins,Alabama,SEC,SAFETY,DB,2015,2,1,33,3,0.0,0.0,0.0,0.0,0.0,0.0,0.0,0.0,0.0,0.0,5.0,1.0,103.0,3.0,0.0,55.0,0.0,0.0,0.0,0.0,0.0,0.0,0.0,0.0,0.0,0.0,1.0,0.0,13.0,0.0,0.0,0.0,0.0,0.0,0.0,0.0,0.0,0.0,0.0,30.0,,13.0,,,,,,,,18.333333333333332,13.0,,,20.6
2015_035_530290,530290,Mario Edwards Jr.,Florida State,ACC,DEFENSIVEEND,DL,2015,2,3,35,2,0.0,0.0,0.0,0.0,0.0,0.0,0.0,0.0,0.0,0.0,1.0,0.0,4.0,0.0,0.0,0.0,0.0,0.0,0.0,0.0,0.0,0.0,0.0,0.0,0.0,0.0,0.0,0.0,0.0,0.0,0.0,0.0,0.0,0.0,0.0,0.0,1.0,0.0,4.0,,,,,,4.0,,,,4.0,,,,,4.0
2015_036_534409,534409,T.J. Yeldon,Alabama,SEC,RUNNINGBACK,RB,2015,2,4,36,3,0.0,0.0,0.0,0.0,0.0,0.0,0.0,0.0,0.0,0.0,0.0,0.0,0.0,0.0,0.0,0.0,0.0,0.0,0.0,0.0,0.0,0.0,0.0,0.0,0.0,0.0,0.0,0.0,0.0,0.0,0.0,0.0,0.0,46.0,2.0,494.0,576.0,37.0,3322.0,,,,,37.0,68.0,,,10.73913043478261,5.767361111111111,,,,,
2015_037_514181,514181,Devin Smith,Ohio State,Big Ten,WIDERECEIVER,WR,2015,2,5,37,4,0.0,0.0,0.0,0.0,0.0,0.0,0.0,0.0,0.0,0.0,0.0,0.0,0.0,13.0,0.0,240.0,0.0,0.0,0.0,0.0,0.0,0.0,0.0,0.0,0.0,0.0,5.0,0.0,18.0,0.0,0.0,0.0,0.0,121.0,30.0,2503.0,1.0,0.0,2.0,29.0,,16.0,,90.0,2.0,,,20.68595041322314,2.0,18.46153846153846,3.6,,,
2015_038_514711,514711,Preston Smith,Mississippi State,SEC,DEFENSIVEEND,DL,2015,2,6,38,1,0.0,0.0,0.0,0.0,0.0,0.0,0.0,0.0,0.0,0.0,2.0,1.0,35.0,0.0,0.0,0.0,0.0,0.0,0.0,0.0,0.0,0.0,0.0,0.0,0.0,0.0,0.0,0.0,0.0,0.0,0.0,0.0,0.0,0.0,0.0,0.0,0.0,0.0,0.0,,,,,,,,,,,,,,,17.5
2015_040_531380,531380,Dorial Green-Beckham,Missouri,SEC,WIDERECEIVER,WR,2015,2,8,40,2,0.0,0.0,0.0,0.0,0.0,0.0,0.0,0.0,0.0,0.0,0.0,0.0,0.0,0.0,0.0,0.0,0.0,0.0,0.0,0.0,0.0,0.0,0.0,0.0,0.0,0.0,0.0,0.0,0.0,0.0,0.0,0.0,0.0,87.0,17.0,1278.0,6.0,0.0,19.0,,,,,80.0,10.0,,,14.689655172413794,3.1666666666666665,,,,,
2015_041_535145,535145,Devin Funchess,Michigan,Big Ten,WIDERECEIVER,WR,2015,2,9,41,3,0.0,0.0,0.0,0.0,0.0,0.0,0.0,0.0,0.0,0.0,0.0,0.0,0.0,0.0,0.0,0.0,0.0,0.0,0.0,0.0,0.0,0.0,0.0,0.0,0.0,0.0,0.0,0.0,0.0,0.0,0.0,0.0,0.0,126.0,15.0,1715.0,8.0,0.0,23.0,,,,,59.0,14.0,,,13.61111111111111,2.875,,,,,
2015_042_517218,517218,Jalen Collins,LSU,SEC,CORNERBACK,DB,2015,2,10,42,2,0.0,0.0,0.0,0.0,0.0,0.0,0.0,0.0,0.0,0.0,3.0,0.0,13.0,0.0,0.0,0.0,0.0,0.0,0.0,0.0,0.0,0.0,0.0,0.0,0.0,0.0,0.0,0.0,0.0,0.0,0.0,0.0,0.0,0.0,0.0,0.0,0.0,0.0,0.0,,,,,,,,,,,,,,,4.333333333333333
2015_045_500349,500349,Eric Kendricks,UCLA,Pac-12,INSIDELINEBACKER,LB,2015,2,13,45,3,0.0,0.0,0.0,0.0,0.0,0.0,0.0,0.0,0.0,0.0,5.0,1.0,71.0,2.0,0.0,22.0,0.0,0.0,0.0,0.0,0.0,0.0,0.0,0.0,0.0,0.0,0.0,0.0,0.0,0.0,0.0,0.0,0.0,0.0,0.0,0.0,1.0,0.0,-1.0,12.0,,,,,0.0,,,,-1.0,11.0,,,,14.2
2015_047_516284,516284,Eric Rowe,Utah,Pac-12,CORNERBACK,DB,2015,2,15,47,3,0.0,0.0,0.0,0.0,0.0,0.0,0.0,0.0,0.0,0.0,3.0,1.0,18.0,0.0,0.0,0.0,0.0,0.0,0.0,0.0,0.0,0.0,0.0,0.0,0.0,0.0,0.0,0.0,0.0,0.0,0.0,0.0,0.0,0.0,0.0,0.0,0.0,0.0,0.0,,,,,,,,,,,,,,,6.0
2015_048_517587,517587,Denzel Perryman,Miami,ACC,INSIDELINEBACKER,LB,2015,2,16,48,3,0.0,0.0,0.0,0.0,0.0,0.0,0.0,0.0,0.0,0.0,2.0,1.0,61.0,1.0,0.0,0.0,0.0,0.0,0.0,0.0,0.0,0.0,0.0,0.0,0.0,0.0,0.0,0.0,0.0,0.0,0.0,0.0,0.0,0.0,0.0,0.0,0.0,0.0,0.0,0.0,,,,,,,,,,0.0,,,,30.5
2015_050_530289,530289,Ronald Darby,Florida State,ACC,CORNERBACK,DB,2015,2,18,50,1,0.0,0.0,0.0,0.0,0.0,0.0,0.0,0.0,0.0,0.0,2.0,0.0,16.0,0.0,0.0,0.0,0.0,0.0,0.0,0.0,0.0,0.0,0.0,0.0,0.0,0.0,0.0,0.0,0.0,0.0,0.0,0.0,0.0,0.0,0.0,0.0,0.0,0.0,0.0,,,,,,,,,,,,,,,8.0
2015_053_511450,511450,Jake Fisher,Oregon,Pac-12,OFFENSIVETACKLE,OL,2015,2,21,53,1,0.0,0.0,0.0,0.0,0.0,0.0,0.0,0.0,0.0,0.0,0.0,0.0,0.0,0.0,0.0,0.0,0.0,0.0,0.0,0.0,0.0,0.0,0.0,0.0,0.0,0.0,0.0,0.0,0.0,0.0,0.0,0.0,0.0,0.0,1.0,1.0,0.0,0.0,0.0,,,,,1.0,,,,inf,,,,,,
2015_054_514508,514508,Ameer Abdullah,Nebraska,Big Ten,RUNNINGBACK,RB,2015,2,22,54,4,0.0,0.0,0.0,0.0,0.0,0.0,0.0,0.0,0.0,0.0,0.0,0.0,0.0,61.0,1.0,1592.0,0.0,0.0,0.0,0.0,0.0,1.0,0.0,0.0,0.0,0.0,46.0,1.0,316.0,0.0,0.0,0.0,0.0,73.0,7.0,690.0,813.0,39.0,4588.0,100.0,,81.0,,58.0,62.0,0.0,0.0,9.452054794520548,5.64329643296433,26.098360655737704,6.869565217391305,,,
2015_055_530747,530747,Maxx Williams,Minnesota,Big Ten,TIGHTEND,TE,2015,2,23,55,2,0.0,0.0,0.0,0.0,0.0,0.0,0.0,0.0,0.0,0.0,0.0,0.0,0.0,2.0,0.0,29.0,0.0,0.0,0.0,0.0,0.0,0.0,0.0,0.0,0.0,0.0,0.0,0.0,0.0,0.0,0.0,0.0,0.0,61.0,13.0,986.0,1.0,0.0,7.0,15.0,,,,54.0,7.0,,,16.16393442622951,7.0,14.5,,,,
2015_056_512007,512007,Senquez Golson,Ole Miss,SEC,CORNERBACK,DB,2015,2,24,56,4,0.0,0.0,0.0,0.0,0.0,0.0,0.0,0.0,0.0,0.0,16.0,1.0,232.0,1.0,0.0,11.0,0.0,0.0,0.0,0.0,0.0,0.0,0.0,0.0,0.0,0.0,0.0,0.0,0.0,0.0,0.0,0.0,0.0,0.0,0.0,0.0,0.0,0.0,0.0,11.0,,,,,,,,,,11.0,,,,14.5
2015_058_531379,531379,Markus Golden,Missouri,SEC,DEFENSIVEEND,DL,2015,2,26,58,1,0.0,0.0,0.0,0.0,0.0,0.0,0.0,0.0,0.0,0.0,1.0,1.0,70.0,0.0,0.0,0.0,0.0,0.0,0.0,0.0,0.0,0.0,0.0,0.0,0.0,0.0,0.0,0.0,0.0,0.0,0.0,0.0,0.0,0.0,0.0,0.0,0.0,0.0,0.0,,,,,,,,,,,,,,,70.0
2015_059_502892,502892,Ty Sambrailo,Colorado State,Mountain West,OFFENSIVETACKLE,OL,2015,2,27,59,1,0.0,0.0,0.0,0.0,0.0,0.0,0.0,0.0,0.0,0.0,0.0,0.0,0.0,0.0,0.0,0.0,0.0,0.0,0.0,0.0,0.0,0.0,0.0,0.0,0.0,0.0,0.0,0.0,0.0,0.0,0.0,0.0,0.0,0.0,0.0,0.0,1.0,0.0,11.0,,,,,,11.0,,,,11.0,,,,,
2015_060_545598,545598,Randy Gregory,Nebraska,Big Ten,OUTSIDELINEBACKER,LB,2015,2,28,60,2,0.0,0.0,0.0,0.0,0.0,0.0,0.0,0.0,0.0,0.0,2.0,1.0,33.0,0.0,0.0,0.0,0.0,0.0,0.0,0.0,0.0,0.0,0.0,0.0,0.0,0.0,0.0,0.0,0.0,0.0,0.0,0.0,0.0,0.0,0.0,0.0,0.0,0.0,0.0,,,,,,,,,,,,,,,16.5
2015_062_3125961,3125961,Quinten Rollins,Miami (OH),Mid-American,CORNERBACK,DB,2015,2,30,62,1,0.0,0.0,0.0,0.0,0.0,0.0,0.0,0.0,0.0,0.0,7.0,1.0,35.0,0.0,0.0,0.0,0.0,0.0,0.0,0.0,0.0,0.0,0.0,0.0,0.0,0.0,0.0,0.0,0.0,0.0,0.0,0.0,0.0,0.0,0.0,0.0,0.0,0.0,0.0,,,,,,,,,,,,,,,5.0
2015_063_511704,511704,Frank Clark,Michigan,Big Ten,DEFENSIVEEND,DL,2015,2,31,63,1,0.0,0.0,0.0,0.0,0.0,0.0,0.0,0.0,0.0,0.0,1.0,0.0,7.0,0.0,0.0,0.0,0.0,0.0,0.0,0.0,0.0,0.0,0.0,0.0,0.0,0.0,0.0,0.0,0.0,0.0,0.0,0.0,0.0,0.0,0.0,0.0,0.0,0.0,0.0,,,,,,,,,,,,,,,7.0
2015_064_516368,516368,Jordan Richards,Stanford,Pac-12,SAFETY,DB,2015,2,32,64,3,0.0,0.0,0.0,0.0,0.0,0.0,0.0,0.0,0.0,0.0,9.0,1.0,67.0,0.0,0.0,0.0,0.0,0.0,0.0,0.0,0.0,0.0,0.0,0.0,0.0,0.0,0.0,0.0,0.0,0.0,0.0,0.0,0.0,0.0,0.0,0.0,0.0,0.0,0.0,,,,,,,,,,,,,,,7.444444444444445
2015_065_537096,537096,D'Joun Smith,Florida Atlantic,Sun Belt,CORNERBACK,DB,2015,3,1,65,3,0.0,0.0,0.0,0.0,0.0,0.0,0.0,0.0,0.0,0.0,9.0,2.0,135.0,28.0,0.0,685.0,0.0,0.0,0.0,0.0,0.0,0.0,0.0,0.0,0.0,0.0,0.0,0.0,0.0,0.0,0.0,0.0,0.0,0.0,0.0,0.0,0.0,0.0,0.0,49.0,,,,,,,,,,24.464285714285715,,,,15.0
2015_068_501147,501147,Clive Walford,Miami,ACC,TIGHTEND,TE,2015,3,4,68,4,0.0,0.0,0.0,0.0,0.0,0.0,0.0,0.0,0.0,0.0,0.0,0.0,0.0,0.0,0.0,0.0,0.0,0.0,0.0,0.0,0.0,0.0,0.0,0.0,0.0,0.0,0.0,0.0,0.0,0.0,0.0,0.0,0.0,121.0,14.0,1753.0,0.0,0.0,0.0,,,,,65.0,,,,14.487603305785123,,,,,,
2015_069_515181,515181,Tyler Lockett,Kansas State,Big 12,WIDERECEIVER,WR,2015,3,5,69,4,0.0,0.0,0.0,0.0,0.0,0.0,0.0,0.0,0.0,0.0,0.0,0.0,0.0,77.0,4.0,2196.0,0.0,0.0,0.0,0.0,0.0,1.0,0.0,0.0,0.0,0.0,35.0,2.0,488.0,0.0,0.0,0.0,0.0,249.0,29.0,3710.0,22.0,0.0,192.0,100.0,,58.0,,90.0,57.0,0.0,0.0,14.899598393574298,8.727272727272727,28.51948051948052,13.942857142857145,,,
2015_070_546465,546465,Jaelen Strong,Arizona State,Pac-12,WIDERECEIVER,WR,2015,3,6,70,2,0.0,0.0,0.0,0.0,0.0,0.0,0.0,0.0,0.0,0.0,0.0,0.0,0.0,3.0,0.0,48.0,0.0,0.0,0.0,0.0,0.0,0.0,0.0,0.0,0.0,0.0,0.0,0.0,0.0,0.0,0.0,0.0,0.0,157.0,17.0,2287.0,0.0,0.0,0.0,19.0,,,,77.0,,,,14.56687898089172,,16.0,,,,
2015_071_504753,504753,Hroniss Grasu,Oregon,Pac-12,CENTER,OL,2015,3,7,71,1,0.0,0.0,0.0,0.0,0.0,0.0,0.0,0.0,0.0,0.0,0.0,0.0,0.0,0.0,0.0,0.0,0.0,0.0,0.0,0.0,0.0,0.0,0.0,0.0,0.0,0.0,0.0,0.0,0.0,0.0,0.0,0.0,0.0,1.0,0.0,1.0,0.0,0.0,0.0,,,,,1.0,,,,1.0,,,,,,
2015_073_535801,535801,Tevin Coleman,Indiana,Big Ten,RUNNINGBACK,RB,2015,3,9,73,3,0.0,0.0,0.0,0.0,0.0,0.0,0.0,0.0,0.0,0.0,0.0,0.0,0.0,30.0,1.0,690.0,0.0,0.0,0.0,0.0,0.0,0.0,0.0,0.0,0.0,0.0,0.0,0.0,0.0,0.0,0.0,0.0,0.0,54.0,0.0,383.0,452.0,28.0,3219.0,96.0,,,,44.0,90.0,,,7.092592592592593,7.121681415929204,23.0,,,,
2015_075_515528,515528,Garrett Grayson,Colorado State,Mountain West,QUARTERBACK,QB,2015,3,11,75,4,0.0,0.0,0.0,0.0,0.0,0.0,0.0,0.0,0.0,0.0,0.0,0.0,0.0,0.0,0.0,0.0,0.0,0.0,0.0,0.0,0.0,1113.0,688.0,27.0,64.0,9190.0,0.0,0.0,0.0,0.0,0.0,0.0,0.0,3.0,1.0,31.0,212.0,4.0,279.0,,,,,39.0,22.0,0.6181491464510332,8.25696316262354,10.333333333333334,1.3160377358490567,,,,,
2015_076_513146,513146,Chris Conley,Georgia,SEC,WIDERECEIVER,WR,2015,3,12,76,4,0.0,0.0,0.0,0.0,0.0,0.0,0.0,0.0,0.0,0.0,0.0,0.0,0.0,0.0,0.0,0.0,0.0,0.0,0.0,0.0,0.0,0.0,0.0,0.0,0.0,0.0,1.0,0.0,9.0,0.0,0.0,0.0,0.0,117.0,20.0,1938.0,0.0,0.0,0.0,,,9.0,,87.0,,,,16.564102564102566,,,9.0,,,
2015_078_534576,534576,P.J. Williams,Florida State,ACC,CORNERBACK,DB,2015,3,14,78,2,0.0,0.0,0.0,0.0,0.0,0.0,0.0,0.0,0.0,0.0,4.0,1.0,38.0,0.0,0.0,0.0,0.0,0.0,0.0,0.0,0.0,0.0,0.0,0.0,0.0,0.0,0.0,0.0,0.0,0.0,0.0,0.0,0.0,0.0,0.0,0.0,0.0,0.0,0.0,,,,,,,,,,,,,,,9.5
2015_079_535547,535547,Eli Harold,Virginia,ACC,OUTSIDELINEBACKER,LB,2015,3,15,79,2,0.0,0.0,0.0,0.0,0.0,0.0,0.0,0.0,0.0,0.0,2.0,0.0,1.0,0.0,0.0,0.0,0.0,0.0,0.0,0.0,0.0,0.0,0.0,0.0,0.0,0.0,0.0,0.0,0.0,0.0,0.0,0.0,0.0,0.0,0.0,0.0,0.0,0.0,0.0,,,,,,,,,,,,,,,0.5
2015_080_535214,535214,Alex Carter,Stanford,Pac-12,CORNERBACK,DB,2015,3,16,80,3,0.0,0.0,0.0,0.0,0.0,0.0,0.0,0.0,0.0,0.0,2.0,0.0,0.0,5.0,0.0,110.0,0.0,0.0,0.0,0.0,0.0,0.0,0.0,0.0,0.0,0.0,0.0,0.0,0.0,0.0,0.0,0.0,0.0,0.0,0.0,0.0,0.0,0.0,0.0,30.0,,,,,,,,,,22.0,,,,0.0
2015_083_500313,500313,Craig Mager,Texas State,Western Athletic,CORNERBACK,DB,2015,3,19,83,3,0.0,0.0,0.0,0.0,0.0,0.0,0.0,0.0,0.0,0.0,7.0,0.0,21.0,5.0,0.0,65.0,0.0,0.0,0.0,0.0,0.0,0.0,0.0,0.0,0.0,0.0,11.0,1.0,202.0,0.0,0.0,0.0,0.0,0.0,0.0,0.0,0.0,0.0,0.0,19.0,,79.0,,,,,,,,13.0,18.363636363636363,,,3.0
2015_084_501935,501935,Jordan Hicks,Texas,Big 12,INSIDELINEBACKER,LB,2015,3,20,84,1,0.0,0.0,0.0,0.0,0.0,0.0,0.0,0.0,0.0,0.0,2.0,0.0,19.0,0.0,0.0,0.0,0.0,0.0,0.0,0.0,0.0,0.0,0.0,0.0,0.0,0.0,0.0,0.0,0.0,0.0,0.0,0.0,0.0,0.0,0.0,0.0,0.0,0.0,0.0,,,,,,,,,,,,,,,9.5
2015_085_518366,518366,Tyler Kroft,Rutgers,Big Ten,TIGHTEND,TE,2015,3,21,85,3,0.0,0.0,0.0,0.0,0.0,0.0,0.0,0.0,0.0,0.0,0.0,0.0,0.0,0.0,0.0,0.0,0.0,0.0,0.0,0.0,0.0,0.0,0.0,0.0,0.0,0.0,0.0,0.0,0.0,0.0,0.0,0.0,0.0,70.0,5.0,901.0,0.0,0.0,0.0,,,,,42.0,,,,12.871428571428572,,,,,,
2015_086_499005,499005,David Johnson,Northern Iowa,MVFC,RUNNINGBACK,RB,2015,3,22,86,4,0.0,0.0,0.0,0.0,0.0,0.0,0.0,0.0,0.0,0.0,0.0,0.0,0.0,0.0,0.0,0.0,0.0,0.0,0.0,0.0,0.0,0.0,0.0,0.0,0.0,0.0,0.0,0.0,0.0,0.0,0.0,0.0,0.0,26.0,6.0,584.0,88.0,4.0,410.0,,,,,80.0,37.0,,,22.46153846153846,4.659090909090909,,,,,
2015_087_515949,515949,Sammie Coates,Auburn,SEC,WIDERECEIVER,WR,2015,3,23,87,3,0.0,0.0,0.0,0.0,0.0,0.0,0.0,0.0,0.0,0.0,0.0,0.0,0.0,0.0,0.0,0.0,0.0,0.0,0.0,0.0,0.0,0.0,0.0,0.0,0.0,0.0,0.0,0.0,0.0,0.0,0.0,0.0,0.0,82.0,13.0,1757.0,0.0,0.0,0.0,,,,,88.0,,,,21.42682926829268,,,,,,
2015_089_504786,504786,Sean Mannion,Oregon State,Pac-12,QUARTERBACK,QB,2015,3,25,89,4,0.0,0.0,0.0,0.0,0.0,0.0,0.0,0.0,0.0,0.0,0.0,0.0,0.0,0.0,0.0,0.0,0.0,0.0,0.0,0.0,0.0,1838.0,1187.0,54.0,83.0,13600.0,0.0,0.0,0.0,0.0,0.0,0.0,0.0,1.0,0.0,6.0,132.0,2.0,-804.0,,,,,6.0,13.0,0.6458106637649619,7.399347116430903,6.0,-6.090909090909091,,,,,
2015_092_514175,514175,Jeff Heuerman,Ohio State,Big Ten,TIGHTEND,TE,2015,3,28,92,4,0.0,0.0,0.0,0.0,0.0,0.0,0.0,0.0,0.0,0.0,0.0,0.0,0.0,2.0,0.0,13.0,0.0,0.0,0.0,0.0,0.0,0.0,0.0,0.0,0.0,0.0,0.0,0.0,0.0,0.0,0.0,0.0,0.0,52.0,7.0,792.0,1.0,0.0,6.0,13.0,,,,57.0,6.0,,,15.23076923076923,6.0,6.5,,,,
2015_094_516363,516363,Ty Montgomery,Stanford,Pac-12,WIDERECEIVER,WR,2015,3,30,94,4,0.0,0.0,0.0,0.0,0.0,0.0,0.0,0.0,0.0,0.0,0.0,0.0,0.0,91.0,3.0,2493.0,0.0,0.0,0.0,0.0,0.0,0.0,0.0,0.0,0.0,0.0,13.0,2.0,238.0,0.0,0.0,0.0,0.0,172.0,15.0,2125.0,39.0,4.0,334.0,100.0,,60.0,,72.0,34.0,,,12.354651162790695,8.564102564102564,27.39560439560439,18.307692307692307,,,
2015_095_535917,535917,Matt Jones,Florida,SEC,RUNNINGBACK,RB,2015,3,31,95,3,0.0,0.0,0.0,0.0,0.0,0.0,0.0,0.0,0.0,0.0,0.0,0.0,0.0,0.0,0.0,0.0,0.0,0.0,0.0,0.0,0.0,0.0,0.0,0.0,0.0,0.0,0.0,0.0,0.0,0.0,0.0,0.0,0.0,19.0,1.0,100.0,297.0,11.0,1431.0,,,,,14.0,67.0,,,5.2631578947368425,4.818181818181818,,,,,
2015_097_501893,501893,Geneo Grissom,Oklahoma,Big 12,DEFENSIVEEND,DL,2015,3,33,97,2,0.0,0.0,0.0,0.0,0.0,0.0,0.0,0.0,0.0,0.0,2.0,2.0,92.0,0.0,0.0,0.0,0.0,0.0,0.0,0.0,0.0,0.0,0.0,0.0,0.0,0.0,0.0,0.0,0.0,0.0,0.0,0.0,0.0,0.0,0.0,0.0,0.0,0.0,0.0,,,,,,,,,,,,,,,46.0
2015_098_546871,546871,Steven Nelson,Oregon State,Pac-12,CORNERBACK,DB,2015,3,34,98,2,0.0,0.0,0.0,0.0,0.0,0.0,0.0,0.0,0.0,0.0,8.0,1.0,26.0,0.0,0.0,0.0,0.0,0.0,0.0,0.0,0.0,0.0,0.0,0.0,0.0,0.0,3.0,0.0,1.0,0.0,0.0,0.0,0.0,0.0,0.0,0.0,0.0,0.0,0.0,,,5.0,,,,,,,,,0.3333333333333333,,,3.25
2015_100_511849,511849,Angelo Blackson,Auburn,SEC,DEFENSIVETACKLE,DL,2015,4,1,100,1,0.0,0.0,0.0,0.0,0.0,0.0,0.0,0.0,0.0,0.0,0.0,0.0,0.0,0.0,0.0,0.0,0.0,0.0,0.0,0.0,0.0,0.0,0.0,0.0,0.0,0.0,1.0,0.0,1.0,0.0,0.0,0.0,0.0,0.0,0.0,0.0,0.0,0.0,0.0,,,1.0,,,,,,,,,1.0,,,
2015_101_515923,515923,Trey Flowers,Arkansas,SEC,DEFENSIVEEND,DL,2015,4,2,101,1,0.0,0.0,0.0,0.0,0.0,0.0,0.0,0.0,0.0,0.0,1.0,0.0,0.0,0.0,0.0,0.0,0.0,0.0,0.0,0.0,0.0,0.0,0.0,0.0,0.0,0.0,0.0,0.0,0.0,0.0,0.0,0.0,0.0,0.0,0.0,0.0,0.0,0.0,0.0,,,,,,,,,,,,,,,0.0
2015_103_480746,480746,Bryce Petty,Baylor,Big 12,QUARTERBACK,QB,2015,4,4,103,4,0.0,0.0,0.0,0.0,0.0,0.0,0.0,0.0,0.0,0.0,0.0,0.0,0.0,0.0,0.0,0.0,0.0,0.0,0.0,0.0,0.0,845.0,530.0,10.0,62.0,8195.0,0.0,0.0,0.0,0.0,0.0,0.0,0.0,0.0,0.0,0.0,192.0,21.0,338.0,,,,,,27.0,0.6272189349112426,9.698224852071004,,1.7604166666666667,,,,,
2015_104_513062,513062,James Sample,Louisville,ACC,SAFETY,DB,2015,4,5,104,1,0.0,0.0,0.0,0.0,0.0,0.0,0.0,0.0,0.0,0.0,4.0,0.0,36.0,0.0,0.0,0.0,0.0,0.0,0.0,0.0,0.0,0.0,0.0,0.0,0.0,0.0,0.0,0.0,0.0,0.0,0.0,0.0,0.0,0.0,0.0,0.0,0.0,0.0,0.0,,,,,,,,,,,,,,,9.0
2015_105_517452,517452,Jamison Crowder,Duke,ACC,WIDERECEIVER,WR,2015,4,6,105,4,0.0,0.0,0.0,0.0,0.0,0.0,0.0,0.0,0.0,0.0,0.0,0.0,0.0,44.0,0.0,930.0,0.0,0.0,0.0,0.0,0.0,4.0,2.0,0.0,1.0,33.0,74.0,4.0,869.0,0.0,0.0,0.0,0.0,283.0,23.0,3641.0,21.0,1.0,135.0,35.0,,82.0,,99.0,22.0,0.5,8.25,12.865724381625444,6.428571428571429,21.136363636363637,11.743243243243244,,,
2015_106_503202,503202,Jeremy Langford,Michigan State,Big Ten,RUNNINGBACK,RB,2015,4,7,106,3,0.0,0.0,0.0,0.0,0.0,0.0,0.0,0.0,0.0,0.0,0.0,0.0,0.0,0.0,0.0,0.0,0.0,0.0,0.0,0.0,0.0,0.0,0.0,0.0,0.0,0.0,0.0,0.0,0.0,0.0,0.0,0.0,0.0,39.0,1.0,219.0,577.0,40.0,2967.0,,,,,24.0,65.0,,,5.615384615384615,5.1421143847487,,,,,
2015_107_505407,505407,Justin Hardy,East Carolina,Conference USA,WIDERECEIVER,WR,2015,4,8,107,4,0.0,0.0,0.0,0.0,0.0,0.0,0.0,0.0,0.0,0.0,0.0,0.0,0.0,0.0,0.0,0.0,0.0,0.0,3.0,3.0,3.0,10.0,4.0,0.0,2.0,147.0,64.0,0.0,495.0,0.0,0.0,0.0,0.0,387.0,35.0,4541.0,1.0,1.0,7.0,,0.0,66.0,,76.0,7.0,0.4,14.7,11.733850129198968,7.0,,7.734375,,,
2015_108_504027,504027,Jalston Fowler,Alabama,SEC,FULLBACK,RB,2015,4,9,108,5,0.0,0.0,0.0,0.0,0.0,0.0,0.0,0.0,0.0,0.0,0.0,0.0,0.0,0.0,0.0,0.0,0.0,0.0,0.0,0.0,0.0,0.0,0.0,0.0,0.0,0.0,0.0,0.0,0.0,0.0,0.0,0.0,0.0,19.0,7.0,150.0,112.0,5.0,738.0,,,,,35.0,69.0,,,7.894736842105263,6.589285714285714,,,,,
2015_109_505705,505705,Clayton Geathers,UCF,American Athletic,SAFETY,DB,2015,4,10,109,2,0.0,0.0,0.0,0.0,0.0,0.0,0.0,0.0,0.0,0.0,3.0,0.0,7.0,0.0,0.0,0.0,0.0,0.0,0.0,0.0,0.0,0.0,0.0,0.0,0.0,0.0,0.0,0.0,0.0,0.0,0.0,0.0,0.0,0.0,0.0,0.0,0.0,0.0,0.0,,,,,,,,,,,,,,,2.3333333333333335
2015_115_500400,500400,Ibraheim Campbell,Northwestern,Big Ten,SAFETY,DB,2015,4,16,115,4,0.0,0.0,0.0,0.0,0.0,0.0,0.0,0.0,0.0,0.0,11.0,0.0,184.0,1.0,0.0,7.0,0.0,0.0,0.0,0.0,0.0,0.0,0.0,0.0,0.0,0.0,2.0,0.0,10.0,0.0,0.0,0.0,0.0,0.0,0.0,0.0,0.0,0.0,0.0,7.0,,7.0,,,,,,,,7.0,5.0,,,16.727272727272727
2015_117_501882,501882,Blake Bell,Oklahoma,Big 12,TIGHTEND,TE,2015,4,18,117,4,0.0,0.0,0.0,0.0,0.0,0.0,0.0,0.0,0.0,0.0,0.0,0.0,0.0,0.0,0.0,0.0,0.0,0.0,0.0,0.0,0.0,253.0,150.0,6.0,12.0,1763.0,0.0,0.0,0.0,0.0,0.0,0.0,0.0,16.0,4.0,214.0,181.0,24.0,631.0,,,,,47.0,55.0,0.5928853754940712,6.968379446640316,13.375,3.4861878453038675,,,,,
2015_120_530993,530993,Josh Shaw,USC,Pac-12,SAFETY,DB,2015,4,21,120,2,0.0,0.0,0.0,0.0,0.0,0.0,0.0,0.0,0.0,0.0,6.0,1.0,65.0,0.0,0.0,0.0,0.0,0.0,0.0,0.0,0.0,0.0,0.0,0.0,0.0,0.0,1.0,1.0,14.0,0.0,0.0,0.0,0.0,0.0,0.0,0.0,0.0,0.0,0.0,,,14.0,,,,,,,,,14.0,,,10.833333333333334
2015_121_516251,516251,Doran Grant,Ohio State,Big Ten,CORNERBACK,DB,2015,4,22,121,3,0.0,0.0,0.0,0.0,0.0,0.0,0.0,0.0,0.0,0.0,9.0,1.0,146.0,0.0,0.0,0.0,0.0,0.0,0.0,0.0,0.0,0.0,0.0,0.0,0.0,0.0,1.0,0.0,4.0,0.0,0.0,0.0,0.0,0.0,0.0,0.0,0.0,0.0,0.0,,,4.0,,,,,,,,,4.0,,,16.22222222222222
2015_123_550634,550634,Vince Mayle,Washington State,Pac-12,WIDERECEIVER,WR,2015,4,24,123,2,0.0,0.0,0.0,0.0,0.0,0.0,0.0,0.0,0.0,0.0,0.0,0.0,0.0,9.0,0.0,177.0,0.0,0.0,0.0,0.0,0.0,0.0,0.0,0.0,0.0,0.0,0.0,0.0,0.0,0.0,0.0,0.0,0.0,148.0,16.0,2022.0,0.0,0.0,0.0,39.0,,,,90.0,,,,13.66216216216216,,19.666666666666668,,,,
2015_126_545218,545218,Mike Davis,South Carolina,SEC,RUNNINGBACK,RB,2015,4,27,126,3,0.0,0.0,0.0,0.0,0.0,0.0,0.0,0.0,0.0,0.0,0.0,0.0,0.0,0.0,0.0,0.0,0.0,0.0,0.0,0.0,0.0,0.0,0.0,0.0,0.0,0.0,0.0,0.0,0.0,0.0,0.0,0.0,0.0,70.0,2.0,755.0,454.0,22.0,2440.0,,,,,38.0,75.0,,,10.785714285714286,5.3744493392070485,,,,,
2015_127_545478,545478,Damien Wilson,Minnesota,Big Ten,INSIDELINEBACKER,LB,2015,4,28,127,1,0.0,0.0,0.0,0.0,0.0,0.0,0.0,0.0,0.0,0.0,1.0,0.0,1.0,0.0,0.0,0.0,0.0,0.0,0.0,0.0,0.0,0.0,0.0,0.0,0.0,0.0,0.0,0.0,0.0,0.0,0.0,0.0,0.0,0.0,0.0,0.0,0.0,0.0,0.0,,,,,,,,,,,,,,,1.0
2015_129_503898,503898,Jake Ryan,Michigan,Big Ten,OUTSIDELINEBACKER,LB,2015,4,30,129,1,0.0,0.0,0.0,0.0,0.0,0.0,0.0,0.0,0.0,0.0,1.0,0.0,2.0,0.0,0.0,0.0,0.0,0.0,0.0,0.0,0.0,0.0,0.0,0.0,0.0,0.0,0.0,0.0,0.0,0.0,0.0,0.0,0.0,0.0,0.0,0.0,0.0,0.0,0.0,,,,,,,,,,,,,,,2.0
2015_132_551571,551571,DeAndre Smelter,Georgia Tech,ACC,WIDERECEIVER,WR,2015,4,33,132,2,0.0,0.0,0.0,0.0,0.0,0.0,0.0,0.0,0.0,0.0,0.0,0.0,0.0,5.0,0.0,65.0,0.0,0.0,0.0,0.0,0.0,1.0,0.0,1.0,0.0,0.0,11.0,0.0,124.0,0.0,0.0,0.0,0.0,56.0,11.0,1060.0,4.0,1.0,115.0,19.0,,25.0,,71.0,75.0,0.0,0.0,18.928571428571427,28.75,13.0,11.272727272727272,,,
2015_135_546440,546440,Marcus Hardison,Arizona State,Pac-12,DEFENSIVETACKLE,DL,2015,4,36,135,1,0.0,0.0,0.0,0.0,0.0,0.0,0.0,0.0,0.0,0.0,2.0,0.0,12.0,0.0,0.0,0.0,0.0,0.0,0.0,0.0,0.0,0.0,0.0,0.0,0.0,0.0,0.0,0.0,0.0,0.0,0.0,0.0,0.0,0.0,0.0,0.0,0.0,0.0,0.0,,,,,,,,,,,,,,,6.0
2015_138_512737,512737,David Cobb,Minnesota,Big Ten,RUNNINGBACK,RB,2015,5,2,138,4,0.0,0.0,0.0,0.0,0.0,0.0,0.0,0.0,0.0,0.0,0.0,0.0,0.0,0.0,0.0,0.0,0.0,0.0,0.0,0.0,0.0,1.0,1.0,0.0,0.0,9.0,0.0,0.0,0.0,0.0,0.0,0.0,0.0,34.0,0.0,339.0,563.0,20.0,2896.0,,,,,33.0,67.0,1.0,9.0,9.970588235294118,5.143872113676732,,,,,
2015_140_513305,513305,Ben Heeney,Kansas,Big 12,INSIDELINEBACKER,LB,2015,5,4,140,2,0.0,0.0,0.0,0.0,0.0,0.0,0.0,0.0,0.0,0.0,4.0,0.0,71.0,0.0,0.0,0.0,0.0,0.0,0.0,0.0,0.0,0.0,0.0,0.0,0.0,0.0,0.0,0.0,0.0,0.0,0.0,0.0,0.0,0.0,0.0,0.0,1.0,0.0,0.0,,,,,,0.0,,,,0.0,,,,,17.75
2015_141_547222,547222,Martrell Spaight,Arkansas,SEC,OUTSIDELINEBACKER,LB,2015,5,5,141,1,0.0,0.0,0.0,0.0,0.0,0.0,0.0,0.0,0.0,0.0,1.0,0.0,30.0,0.0,0.0,0.0,0.0,0.0,0.0,0.0,0.0,0.0,0.0,0.0,0.0,0.0,0.0,0.0,0.0,0.0,0.0,0.0,0.0,0.0,0.0,0.0,0.0,0.0,0.0,,,,,,,,,,,,,,,30.0
2015_142_518190,518190,Adrian Amos,Penn State,Big Ten,SAFETY,DB,2015,5,6,142,4,0.0,0.0,0.0,0.0,0.0,0.0,0.0,0.0,0.0,0.0,7.0,0.0,135.0,12.0,0.0,236.0,0.0,0.0,0.0,0.0,0.0,0.0,0.0,0.0,0.0,0.0,0.0,0.0,0.0,0.0,0.0,0.0,0.0,0.0,0.0,0.0,0.0,0.0,0.0,29.0,,,,,,,,,,19.666666666666668,,,,19.285714285714285
2015_143_499085,499085,MyCole Pruitt,Southern Illinois,MVFC,TIGHTEND,TE,2015,5,7,143,4,0.0,0.0,0.0,0.0,0.0,0.0,0.0,0.0,0.0,0.0,0.0,0.0,0.0,1.0,0.0,17.0,0.0,0.0,0.0,0.0,0.0,0.0,0.0,0.0,0.0,0.0,0.0,0.0,0.0,0.0,0.0,0.0,0.0,23.0,1.0,299.0,0.0,0.0,0.0,17.0,,,,66.0,,,,13.0,,17.0,,,,
2015_144_514433,514433,Mykkele Thompson,Texas,Big 12,SAFETY,DB,2015,5,8,144,3,0.0,0.0,0.0,0.0,0.0,0.0,0.0,0.0,0.0,0.0,2.0,0.0,0.0,0.0,0.0,0.0,0.0,0.0,0.0,0.0,0.0,0.0,0.0,0.0,0.0,0.0,1.0,0.0,17.0,0.0,0.0,0.0,0.0,0.0,0.0,0.0,0.0,0.0,0.0,,,17.0,,,,,,,,,17.0,,,0.0
2015_145_512522,512522,Bobby McCain,Memphis,Conference USA,CORNERBACK,DB,2015,5,9,145,4,0.0,0.0,0.0,0.0,0.0,0.0,0.0,0.0,0.0,0.0,12.0,4.0,246.0,42.0,0.0,1061.0,0.0,0.0,0.0,0.0,0.0,0.0,0.0,0.0,0.0,0.0,0.0,0.0,0.0,0.0,0.0,0.0,0.0,1.0,0.0,61.0,0.0,0.0,0.0,95.0,,,,61.0,,,,61.0,,25.261904761904763,,,,20.5
2015_146_534249,534249,Stefon Diggs,Maryland,Big Ten,WIDERECEIVER,WR,2015,5,10,146,3,0.0,0.0,0.0,0.0,0.0,0.0,0.0,0.0,0.0,0.0,0.0,0.0,0.0,58.0,2.0,1472.0,0.0,0.0,0.0,0.0,0.0,3.0,1.0,0.0,1.0,8.0,25.0,0.0,220.0,0.0,0.0,0.0,0.0,150.0,14.0,2227.0,32.0,0.0,187.0,100.0,,31.0,,77.0,26.0,0.3333333333333333,2.6666666666666665,14.846666666666666,5.84375,25.379310344827587,8.8,,,
2015_147_511982,511982,Brett Hundley,UCLA,Pac-12,QUARTERBACK,QB,2015,5,11,147,3,0.0,0.0,0.0,0.0,0.0,0.0,0.0,0.0,0.0,0.0,0.0,0.0,0.0,0.0,0.0,0.0,0.0,0.0,0.0,0.0,0.0,1240.0,838.0,25.0,75.0,9971.0,0.0,0.0,0.0,0.0,2.0,0.0,64.0,2.0,1.0,16.0,479.0,30.0,1747.0,,,,37.0,9.0,86.0,0.6758064516129032,8.041129032258064,8.0,3.647181628392485,,,32.0,,
2015_149_517330,517330,Jay Ajayi,Boise State,Mountain West,RUNNINGBACK,RB,2015,5,13,149,3,0.0,0.0,0.0,0.0,0.0,0.0,0.0,0.0,0.0,0.0,0.0,0.0,0.0,1.0,0.0,16.0,0.0,0.0,0.0,0.0,0.0,0.0,0.0,0.0,0.0,0.0,0.0,0.0,0.0,0.0,0.0,0.0,0.0,73.0,5.0,771.0,678.0,50.0,3796.0,16.0,,,,75.0,74.0,,,10.561643835616438,5.59882005899705,16.0,,,,
2015_155_517390,517390,Karlos Williams,Florida State,ACC,RUNNINGBACK,RB,2015,5,19,155,4,0.0,0.0,0.0,0.0,0.0,0.0,0.0,0.0,0.0,0.0,1.0,0.0,41.0,29.0,0.0,655.0,0.0,0.0,0.0,0.0,0.0,0.0,0.0,0.0,0.0,0.0,0.0,0.0,0.0,0.0,0.0,0.0,0.0,37.0,1.0,328.0,241.0,22.0,1419.0,60.0,,,,27.0,65.0,,,8.864864864864865,5.8879668049792535,22.58620689655172,,,,41.0
2015_156_503204,503204,Tony Lippett,Michigan State,Big Ten,WIDERECEIVER,WR,2015,5,20,156,4,0.0,0.0,0.0,0.0,0.0,0.0,0.0,0.0,0.0,0.0,0.0,0.0,0.0,0.0,0.0,0.0,0.0,0.0,0.0,0.0,0.0,2.0,1.0,0.0,1.0,5.0,0.0,0.0,0.0,0.0,0.0,0.0,0.0,149.0,15.0,2247.0,6.0,1.0,51.0,,,,,71.0,32.0,0.5,2.5,15.080536912751676,8.5,,,,,
2015_157_511843,511843,C.J. Uzomah,Auburn,SEC,TIGHTEND,TE,2015,5,21,157,4,0.0,0.0,0.0,0.0,0.0,0.0,0.0,0.0,0.0,0.0,0.0,0.0,0.0,2.0,0.0,46.0,0.0,0.0,0.0,0.0,0.0,4.0,2.0,1.0,1.0,3.0,0.0,0.0,0.0,0.0,0.0,0.0,0.0,29.0,7.0,435.0,1.0,0.0,1.0,38.0,,,,38.0,1.0,0.5,0.75,15.0,1.0,23.0,,,,
2015_159_503642,503642,J.J. Nelson,UAB,Conference USA,WIDERECEIVER,WR,2015,5,23,159,4,0.0,0.0,0.0,0.0,0.0,0.0,0.0,0.0,0.0,0.0,0.0,0.0,0.0,76.0,5.0,1932.0,0.0,0.0,0.0,0.0,0.0,0.0,0.0,0.0,0.0,0.0,35.0,1.0,375.0,0.0,0.0,0.0,0.0,116.0,20.0,2273.0,18.0,1.0,90.0,100.0,,63.0,,88.0,18.0,,,19.594827586206897,5.0,25.42105263157895,10.714285714285714,,,
2015_160_535598,535598,Jesse James,Penn State,Big Ten,TIGHTEND,TE,2015,5,24,160,3,0.0,0.0,0.0,0.0,0.0,0.0,0.0,0.0,0.0,0.0,0.0,0.0,0.0,0.0,0.0,0.0,0.0,0.0,0.0,0.0,0.0,0.0,0.0,0.0,0.0,0.0,0.0,0.0,0.0,0.0,0.0,0.0,0.0,78.0,11.0,1005.0,0.0,0.0,0.0,,,,,58.0,,,,12.884615384615383,,,,,,
2015_161_503950,503950,Neiron Ball,Florida,SEC,OUTSIDELINEBACKER,LB,2015,5,25,161,2,0.0,0.0,0.0,0.0,0.0,0.0,0.0,0.0,0.0,0.0,1.0,0.0,5.0,0.0,0.0,0.0,0.0,0.0,0.0,0.0,0.0,0.0,0.0,0.0,0.0,0.0,0.0,0.0,0.0,0.0,0.0,0.0,0.0,1.0,0.0,14.0,0.0,0.0,0.0,,,,,14.0,,,,14.0,,,,,,5.0
2015_162_501842,501842,Kenny Bell,Nebraska,Big Ten,WIDERECEIVER,WR,2015,5,26,162,4,0.0,0.0,0.0,0.0,0.0,0.0,0.0,0.0,0.0,0.0,0.0,0.0,0.0,51.0,1.0,1277.0,0.0,0.0,0.0,0.0,0.0,0.0,0.0,0.0,0.0,0.0,3.0,0.0,5.0,0.0,0.0,0.0,0.0,181.0,21.0,2689.0,6.0,1.0,109.0,99.0,,3.0,,74.0,82.0,,,14.856353591160222,18.166666666666668,25.03921568627451,1.6666666666666667,,,
2015_164_532175,532175,Lorenzo Doss,Tulane,Conference USA,CORNERBACK,DB,2015,5,28,164,3,0.0,0.0,0.0,0.0,0.0,0.0,0.0,0.0,0.0,0.0,15.0,2.0,271.0,0.0,0.0,0.0,0.0,0.0,0.0,0.0,0.0,0.0,0.0,0.0,0.0,0.0,0.0,0.0,0.0,0.0,0.0,0.0,0.0,0.0,0.0,0.0,0.0,0.0,0.0,,,,,,,,,,,,,,,18.066666666666663
2015_165_534595,534595,Bradley Pinion,Clemson,ACC,PUNTER,ST,2015,5,29,165,3,0.0,0.0,0.0,0.0,0.0,0.0,0.0,0.0,0.0,0.0,0.0,0.0,0.0,0.0,0.0,0.0,0.0,0.0,3.0,3.0,3.0,0.0,0.0,0.0,0.0,0.0,0.0,0.0,0.0,28.0,140.0,2.0,5754.0,0.0,0.0,0.0,0.0,0.0,0.0,,0.0,,60.0,,,,,,,,,41.1,,
2015_167_512186,512186,Damian Swann,Georgia,SEC,CORNERBACK,DB,2015,5,31,167,3,0.0,0.0,0.0,0.0,0.0,0.0,0.0,0.0,0.0,0.0,8.0,0.0,79.0,0.0,0.0,0.0,0.0,0.0,0.0,0.0,0.0,0.0,0.0,0.0,0.0,0.0,14.0,0.0,65.0,0.0,0.0,0.0,0.0,0.0,0.0,0.0,0.0,0.0,0.0,,,30.0,,,,,,,,,4.642857142857143,,,9.875
2015_168_503831,503831,Michael Burton,Rutgers,Big Ten,FULLBACK,RB,2015,5,32,168,4,0.0,0.0,0.0,0.0,0.0,0.0,0.0,0.0,0.0,0.0,0.0,0.0,0.0,3.0,0.0,39.0,0.0,0.0,0.0,0.0,0.0,1.0,1.0,0.0,0.0,-2.0,0.0,0.0,0.0,0.0,0.0,0.0,0.0,47.0,3.0,401.0,22.0,0.0,116.0,14.0,,,,34.0,38.0,1.0,-2.0,8.53191489361702,5.2727272727272725,13.0,,,,
2015_169_532253,532253,David Mayo,Texas State,Sun Belt,INSIDELINEBACKER,LB,2015,5,33,169,1,0.0,0.0,0.0,0.0,0.0,0.0,0.0,0.0,0.0,0.0,4.0,0.0,35.0,0.0,0.0,0.0,0.0,0.0,0.0,0.0,0.0,0.0,0.0,0.0,0.0,0.0,0.0,0.0,0.0,0.0,0.0,0.0,0.0,0.0,0.0,0.0,0.0,0.0,0.0,,,,,,,,,,,,,,,8.75
2015_171_511854,511854,Nick Boyle,Delaware,CAA,TIGHTEND,TE,2015,5,35,171,1,0.0,0.0,0.0,0.0,0.0,0.0,0.0,0.0,0.0,0.0,0.0,0.0,0.0,0.0,0.0,0.0,0.0,0.0,0.0,0.0,0.0,0.0,0.0,0.0,0.0,0.0,0.0,0.0,0.0,0.0,0.0,0.0,0.0,4.0,0.0,47.0,0.0,0.0,0.0,,,,,22.0,,,,11.75,,,,,,
2015_172_541635,541635,D.J. Alexander,Oregon State,Pac-12,OUTSIDELINEBACKER,LB,2015,5,36,172,1,0.0,0.0,0.0,0.0,0.0,0.0,0.0,0.0,0.0,0.0,1.0,0.0,25.0,0.0,0.0,0.0,0.0,0.0,0.0,0.0,0.0,0.0,0.0,0.0,0.0,0.0,0.0,0.0,0.0,0.0,0.0,0.0,0.0,0.0,0.0,0.0,0.0,0.0,0.0,,,,,,,,,,,,,,,25.0
2015_173_498928,498928,James O'Shaughnessy,Illinois State,MVFC,TIGHTEND,TE,2015,5,37,173,2,0.0,0.0,0.0,0.0,0.0,0.0,0.0,0.0,0.0,0.0,0.0,0.0,0.0,0.0,0.0,0.0,0.0,0.0,0.0,0.0,0.0,0.0,0.0,0.0,0.0,0.0,0.0,0.0,0.0,0.0,0.0,0.0,0.0,6.0,0.0,64.0,0.0,0.0,0.0,,,,,24.0,,,,10.666666666666666,,,,,,
2015_174_546383,546383,Cameron Artis-Payne,Auburn,SEC,RUNNINGBACK,RB,2015,5,38,174,2,0.0,0.0,0.0,0.0,0.0,0.0,0.0,0.0,0.0,0.0,0.0,0.0,0.0,0.0,0.0,0.0,0.0,0.0,0.0,0.0,0.0,0.0,0.0,0.0,0.0,0.0,0.0,0.0,0.0,0.0,0.0,0.0,0.0,14.0,0.0,151.0,394.0,19.0,2218.0,,,,,19.0,59.0,,,10.785714285714286,5.629441624365482,,,,,
2015_175_503206,503206,Keith Mumphery,Michigan State,Big Ten,WIDERECEIVER,WR,2015,5,39,175,4,0.0,0.0,0.0,0.0,0.0,0.0,0.0,0.0,0.0,0.0,0.0,0.0,0.0,0.0,0.0,0.0,0.0,0.0,0.0,0.0,0.0,0.0,0.0,0.0,0.0,0.0,0.0,0.0,0.0,0.0,0.0,0.0,0.0,88.0,7.0,1348.0,14.0,1.0,125.0,,,,,72.0,33.0,,,15.318181818181818,8.928571428571429,,,,,
2015_179_548067,548067,Max Valles,Virginia,ACC,INSIDELINEBACKER,LB,2015,6,3,179,1,0.0,0.0,0.0,0.0,0.0,0.0,0.0,0.0,0.0,0.0,1.0,1.0,35.0,0.0,0.0,0.0,0.0,0.0,0.0,0.0,0.0,0.0,0.0,0.0,0.0,0.0,0.0,0.0,0.0,0.0,0.0,0.0,0.0,0.0,0.0,0.0,0.0,0.0,0.0,,,,,,,,,,,,,,,35.0
2015_181_515564,515564,Kyshoen Jarrett,Virginia Tech,ACC,SAFETY,DB,2015,6,5,181,4,0.0,0.0,0.0,0.0,0.0,0.0,0.0,0.0,0.0,0.0,5.0,0.0,48.0,0.0,0.0,0.0,0.0,0.0,0.0,0.0,0.0,0.0,0.0,0.0,0.0,0.0,54.0,1.0,463.0,0.0,0.0,0.0,0.0,0.0,0.0,0.0,0.0,0.0,0.0,,,94.0,,,,,,,,,8.574074074074074,,,9.6
2015_182_515934,515934,Tevin Mitchel,Arkansas,SEC,OUTSIDELINEBACKER,LB,2015,6,6,182,3,0.0,0.0,0.0,0.0,0.0,0.0,0.0,0.0,0.0,0.0,4.0,1.0,19.0,0.0,0.0,0.0,0.0,0.0,0.0,0.0,0.0,0.0,0.0,0.0,0.0,0.0,0.0,0.0,0.0,0.0,0.0,0.0,0.0,0.0,0.0,0.0,0.0,0.0,0.0,,,,,,,,,,,,,,,4.75
2015_184_504726,504726,Kaelin Clay,Utah,Pac-12,WIDERECEIVER,WR,2015,6,8,184,1,0.0,0.0,0.0,0.0,0.0,0.0,0.0,0.0,0.0,0.0,0.0,0.0,0.0,22.0,1.0,548.0,0.0,0.0,0.0,0.0,0.0,0.0,0.0,0.0,0.0,0.0,23.0,3.0,346.0,0.0,0.0,0.0,0.0,43.0,4.0,523.0,4.0,0.0,4.0,100.0,,66.0,,78.0,3.0,,,12.16279069767442,1.0,24.90909090909091,15.043478260869565,,,
2015_186_502295,502295,Geremy Davis,UConn,Big East,WIDERECEIVER,WR,2015,6,10,186,4,0.0,0.0,0.0,0.0,0.0,0.0,0.0,0.0,0.0,0.0,0.0,0.0,0.0,0.0,0.0,0.0,0.0,0.0,0.0,0.0,0.0,0.0,0.0,0.0,0.0,0.0,0.0,0.0,0.0,0.0,0.0,0.0,0.0,165.0,7.0,2287.0,0.0,0.0,0.0,,,,,45.0,,,,13.86060606060606,,,,,,
2015_187_514182,514182,Evan Spencer,Ohio State,Big Ten,WIDERECEIVER,WR,2015,6,11,187,4,0.0,0.0,0.0,0.0,0.0,0.0,0.0,0.0,0.0,0.0,0.0,0.0,0.0,0.0,0.0,0.0,0.0,0.0,0.0,0.0,0.0,1.0,1.0,0.0,1.0,13.0,0.0,0.0,0.0,0.0,0.0,0.0,0.0,52.0,7.0,579.0,1.0,0.0,9.0,,,,,44.0,9.0,1.0,13.0,11.134615384615383,9.0,,,,,
2015_189_511613,511613,Charles Gaines,Louisville,Big East,CORNERBACK,DB,2015,6,13,189,3,0.0,0.0,0.0,0.0,0.0,0.0,0.0,0.0,0.0,0.0,7.0,1.0,118.0,12.0,1.0,339.0,0.0,0.0,0.0,0.0,0.0,0.0,0.0,0.0,0.0,0.0,2.0,1.0,35.0,0.0,0.0,0.0,0.0,11.0,1.0,172.0,0.0,0.0,0.0,93.0,,28.0,,55.0,,,,15.636363636363637,,28.25,17.5,,,16.857142857142858
2015_191_513323,513323,JaCorey Shepherd,Kansas,Big 12,CORNERBACK,DB,2015,6,15,191,4,0.0,0.0,0.0,0.0,0.0,0.0,0.0,0.0,0.0,0.0,5.0,1.0,32.0,63.0,0.0,1350.0,0.0,0.0,0.0,0.0,0.0,0.0,0.0,0.0,0.0,0.0,0.0,0.0,0.0,0.0,0.0,0.0,0.0,15.0,3.0,252.0,0.0,0.0,0.0,69.0,,,,68.0,,,,16.8,,21.428571428571427,,,,6.4
2015_194_517377,517377,Nick O'Leary,Florida State,ACC,TIGHTEND,TE,2015,6,18,194,4,0.0,0.0,0.0,0.0,0.0,0.0,0.0,0.0,0.0,0.0,0.0,0.0,0.0,0.0,0.0,0.0,0.0,0.0,0.0,0.0,0.0,0.0,0.0,0.0,0.0,0.0,0.0,0.0,0.0,0.0,0.0,0.0,0.0,114.0,17.0,1591.0,0.0,1.0,0.0,,,,,94.0,0.0,,,13.956140350877194,,,,,,
2015_195_504267,504267,Malcolm Johnson,Mississippi State,SEC,TIGHTEND,TE,2015,6,19,195,4,0.0,0.0,0.0,0.0,0.0,0.0,0.0,0.0,0.0,0.0,0.0,0.0,0.0,1.0,0.0,7.0,0.0,0.0,0.0,0.0,0.0,0.0,0.0,0.0,0.0,0.0,0.0,0.0,0.0,0.0,0.0,0.0,0.0,79.0,10.0,1148.0,0.0,0.0,0.0,7.0,,,,60.0,,,,14.531645569620252,,7.0,,,,
2015_196_501272,501272,Randall Evans,Kansas State,Big 12,CORNERBACK,DB,2015,6,20,196,3,0.0,0.0,0.0,0.0,0.0,0.0,0.0,0.0,0.0,0.0,7.0,0.0,42.0,0.0,0.0,0.0,0.0,0.0,0.0,0.0,0.0,0.0,0.0,0.0,0.0,0.0,0.0,0.0,0.0,0.0,0.0,0.0,0.0,0.0,0.0,0.0,0.0,0.0,0.0,,,,,,,,,,,,,,,6.0
2015_197_504941,504941,Derron Smith,Fresno State,Western Athletic,SAFETY,DB,2015,6,21,197,4,0.0,0.0,0.0,0.0,0.0,0.0,0.0,0.0,0.0,0.0,15.0,2.0,296.0,2.0,0.0,12.0,0.0,0.0,0.0,0.0,0.0,1.0,0.0,0.0,0.0,0.0,9.0,0.0,99.0,0.0,0.0,0.0,0.0,0.0,0.0,0.0,0.0,0.0,0.0,12.0,,52.0,,,,0.0,0.0,,,6.0,11.0,,,19.733333333333334
2015_198_500253,500253,Randall Telfer,USC,Pac-12,TIGHTEND,TE,2015,6,22,198,4,0.0,0.0,0.0,0.0,0.0,0.0,0.0,0.0,0.0,0.0,0.0,0.0,0.0,1.0,0.0,2.0,0.0,0.0,0.0,0.0,0.0,0.0,0.0,0.0,0.0,0.0,0.0,0.0,0.0,0.0,0.0,0.0,0.0,65.0,12.0,648.0,0.0,0.0,0.0,2.0,,,,44.0,,,,9.96923076923077,,2.0,,,,
2015_200_511265,511265,Quandre Diggs,Texas,Big 12,CORNERBACK,DB,2015,6,24,200,4,0.0,0.0,0.0,0.0,0.0,0.0,0.0,0.0,0.0,0.0,11.0,0.0,28.0,21.0,0.0,392.0,0.0,0.0,0.0,0.0,0.0,0.0,0.0,0.0,0.0,0.0,43.0,0.0,326.0,0.0,0.0,0.0,0.0,0.0,0.0,0.0,0.0,0.0,0.0,29.0,,81.0,,,,,,,,18.666666666666668,7.5813953488372094,,,2.5454545454545454
2015_201_501832,501832,Bud Sasser,Missouri,SEC,WIDERECEIVER,WR,2015,6,25,201,4,0.0,0.0,0.0,0.0,0.0,0.0,0.0,0.0,0.0,0.0,0.0,0.0,0.0,0.0,0.0,0.0,0.0,0.0,0.0,0.0,0.0,1.0,1.0,0.0,1.0,40.0,0.0,0.0,0.0,0.0,0.0,0.0,0.0,116.0,14.0,1611.0,0.0,0.0,0.0,,,,,85.0,,1.0,40.0,13.887931034482758,,,,,,
2015_204_513727,513727,Darren Waller,Georgia Tech,ACC,WIDERECEIVER,WR,2015,6,28,204,3,0.0,0.0,0.0,0.0,0.0,0.0,0.0,0.0,0.0,0.0,0.0,0.0,0.0,0.0,0.0,0.0,0.0,0.0,0.0,0.0,0.0,0.0,0.0,0.0,0.0,0.0,0.0,0.0,0.0,0.0,0.0,0.0,0.0,51.0,9.0,971.0,0.0,0.0,0.0,,,,,72.0,,,,19.03921568627451,,,,,,
2015_205_512032,512032,Josh Robinson,Mississippi State,SEC,RUNNINGBACK,RB,2015,6,29,205,3,0.0,0.0,0.0,0.0,0.0,0.0,0.0,0.0,0.0,0.0,0.0,0.0,0.0,0.0,0.0,0.0,0.0,0.0,0.0,0.0,0.0,0.0,0.0,0.0,0.0,0.0,0.0,0.0,0.0,0.0,0.0,0.0,0.0,43.0,1.0,493.0,323.0,15.0,1997.0,,,,,47.0,73.0,,,11.465116279069768,6.182662538699691,,,,,
2015_206_514732,514732,Aaron Ripkowski,Oklahoma,Big 12,FULLBACK,RB,2015,6,30,206,2,0.0,0.0,0.0,0.0,0.0,0.0,0.0,0.0,0.0,0.0,0.0,0.0,0.0,0.0,0.0,0.0,0.0,0.0,0.0,0.0,0.0,0.0,0.0,0.0,0.0,0.0,0.0,0.0,0.0,0.0,0.0,0.0,0.0,8.0,2.0,41.0,6.0,3.0,13.0,,,,,9.0,5.0,,,5.125,2.1666666666666665,,,,,
2015_207_512167,512167,Amarlo Herrera,Georgia,SEC,INSIDELINEBACKER,LB,2015,6,31,207,3,0.0,0.0,0.0,0.0,0.0,0.0,0.0,0.0,0.0,0.0,3.0,1.0,51.0,0.0,0.0,0.0,0.0,0.0,0.0,0.0,0.0,0.0,0.0,0.0,0.0,0.0,0.0,0.0,0.0,0.0,0.0,0.0,0.0,0.0,0.0,0.0,0.0,0.0,0.0,,,,,,,,,,,,,,,17.0
2015_209_482536,482536,Obum Gwacham,Oregon State,Pac-12,DEFENSIVEEND,DL,2015,6,33,209,3,0.0,0.0,0.0,0.0,0.0,0.0,0.0,0.0,0.0,0.0,0.0,0.0,0.0,0.0,0.0,0.0,0.0,0.0,0.0,0.0,0.0,0.0,0.0,0.0,0.0,0.0,0.0,0.0,0.0,0.0,0.0,0.0,0.0,11.0,1.0,165.0,0.0,0.0,0.0,,,,,58.0,,,,15.0,,,,,,
2015_213_518235,518235,Kennard Backman,UAB,Conference USA,TIGHTEND,TE,2015,6,37,213,4,0.0,0.0,0.0,0.0,0.0,0.0,0.0,0.0,0.0,0.0,0.0,0.0,0.0,2.0,0.0,14.0,0.0,0.0,0.0,0.0,0.0,0.0,0.0,0.0,0.0,0.0,0.0,0.0,0.0,0.0,0.0,0.0,0.0,96.0,9.0,979.0,0.0,0.0,0.0,14.0,,,,43.0,,,,10.197916666666666,,7.0,,,,
2015_221_480211,480211,Andre Debose,Florida,SEC,WIDERECEIVER,WR,2015,7,4,221,4,0.0,0.0,0.0,0.0,0.0,0.0,0.0,0.0,0.0,0.0,0.0,0.0,0.0,80.0,4.0,2111.0,0.0,0.0,0.0,0.0,0.0,0.0,0.0,0.0,0.0,0.0,37.0,1.0,420.0,0.0,0.0,0.0,0.0,30.0,4.0,540.0,7.0,0.0,52.0,100.0,,62.0,,80.0,35.0,,,18.0,7.428571428571429,26.3875,11.35135135135135,,,
2015_224_502264,502264,Bryce Hager,Baylor,Big 12,INSIDELINEBACKER,LB,2015,7,7,224,1,0.0,0.0,0.0,0.0,0.0,0.0,0.0,0.0,0.0,0.0,1.0,0.0,36.0,1.0,0.0,12.0,0.0,0.0,0.0,0.0,0.0,0.0,0.0,0.0,0.0,0.0,0.0,0.0,0.0,0.0,0.0,0.0,0.0,0.0,0.0,0.0,0.0,0.0,0.0,12.0,,,,,,,,,,12.0,,,,36.0
2015_229_517617,517617,Ben Koyack,Notre Dame,FBS Independents,TIGHTEND,TE,2015,7,12,229,4,0.0,0.0,0.0,0.0,0.0,0.0,0.0,0.0,0.0,0.0,0.0,0.0,0.0,1.0,0.0,-3.0,0.0,0.0,0.0,0.0,0.0,0.0,0.0,0.0,0.0,0.0,0.0,0.0,0.0,0.0,0.0,0.0,0.0,44.0,5.0,532.0,0.0,0.0,0.0,-3.0,,,,38.0,,,,12.090909090909092,,-3.0,,,,
2015_230_501826,501826,Marcus Murphy,Missouri,SEC,RUNNINGBACK,RB,2015,7,13,230,4,0.0,0.0,0.0,0.0,0.0,0.0,0.0,0.0,0.0,0.0,0.0,0.0,0.0,87.0,3.0,2036.0,0.0,0.0,0.0,0.0,0.0,0.0,0.0,0.0,0.0,0.0,75.0,4.0,801.0,0.0,0.0,0.0,0.0,50.0,2.0,318.0,337.0,16.0,1957.0,100.0,,82.0,,26.0,69.0,,,6.36,5.807121661721069,23.402298850574713,10.68,,,
2015_231_504955,504955,Joey Iosefa,Hawai'i,Western Athletic,RUNNINGBACK,RB,2015,7,14,231,4,0.0,0.0,0.0,0.0,0.0,0.0,0.0,0.0,0.0,0.0,0.0,0.0,0.0,0.0,0.0,0.0,0.0,0.0,0.0,0.0,0.0,7.0,4.0,0.0,2.0,71.0,0.0,0.0,0.0,0.0,0.0,0.0,0.0,60.0,3.0,438.0,512.0,21.0,2218.0,,,,,32.0,45.0,0.5714285714285714,10.142857142857142,7.3,4.33203125,,,,,
2015_233_502538,502538,Da'Ron Brown,Northern Illinois,Mid-American,WIDERECEIVER,WR,2015,7,16,233,4,0.0,0.0,0.0,0.0,0.0,0.0,0.0,0.0,0.0,0.0,0.0,0.0,0.0,0.0,0.0,0.0,0.0,0.0,0.0,0.0,0.0,0.0,0.0,0.0,0.0,0.0,1.0,0.0,0.0,0.0,0.0,0.0,0.0,154.0,19.0,2290.0,22.0,2.0,160.0,,,0.0,,64.0,61.0,,,14.87012987012987,7.272727272727272,,0.0,,,
2015_235_517214,517214,Kenny Hilliard,LSU,SEC,RUNNINGBACK,RB,2015,7,18,235,4,0.0,0.0,0.0,0.0,0.0,0.0,0.0,0.0,0.0,0.0,0.0,0.0,0.0,0.0,0.0,0.0,0.0,0.0,0.0,0.0,0.0,0.0,0.0,0.0,0.0,0.0,0.0,0.0,0.0,0.0,0.0,0.0,0.0,11.0,1.0,69.0,302.0,27.0,1557.0,,,,,12.0,71.0,,,6.2727272727272725,5.155629139072848,,,,,
2015_236_516312,516312,Mark Nzeocha,Wyoming,Mountain West,OUTSIDELINEBACKER,LB,2015,7,19,236,1,0.0,0.0,0.0,0.0,0.0,0.0,0.0,0.0,0.0,0.0,1.0,0.0,0.0,0.0,0.0,0.0,0.0,0.0,0.0,0.0,0.0,0.0,0.0,0.0,0.0,0.0,0.0,0.0,0.0,0.0,0.0,0.0,0.0,0.0,0.0,0.0,0.0,0.0,0.0,,,,,,,,,,,,,,,0.0
2015_238_550507,550507,Mario Alford,West Virginia,Big 12,WIDERECEIVER,WR,2015,7,21,238,2,0.0,0.0,0.0,0.0,0.0,0.0,0.0,0.0,0.0,0.0,0.0,0.0,0.0,37.0,2.0,972.0,0.0,0.0,0.0,0.0,0.0,0.0,0.0,0.0,0.0,0.0,3.0,0.0,-13.0,0.0,0.0,0.0,0.0,92.0,13.0,1497.0,7.0,0.0,61.0,100.0,,0.0,,79.0,24.0,,,16.27173913043478,8.714285714285714,26.27027027027027,-4.333333333333333,,,
2015_239_530356,530356,Gerod Holliman,Louisville,ACC,SAFETY,DB,2015,7,22,239,1,0.0,0.0,0.0,0.0,0.0,0.0,0.0,0.0,0.0,0.0,14.0,1.0,245.0,0.0,0.0,0.0,0.0,0.0,0.0,0.0,0.0,0.0,0.0,0.0,0.0,0.0,0.0,0.0,0.0,0.0,0.0,0.0,0.0,0.0,0.0,0.0,0.0,0.0,0.0,,,,,,,,,,,,,,,17.5
2015_241_511448,511448,Ifo Ekpre-Olomu,Oregon,Pac-12,CORNERBACK,DB,2015,7,24,241,4,0.0,0.0,0.0,0.0,0.0,0.0,0.0,0.0,0.0,0.0,9.0,1.0,85.0,0.0,0.0,0.0,0.0,0.0,0.0,0.0,0.0,0.0,0.0,0.0,0.0,0.0,7.0,0.0,51.0,0.0,0.0,0.0,0.0,0.0,0.0,0.0,0.0,0.0,0.0,,,26.0,,,,,,,,,7.285714285714286,,,9.444444444444445
2015_242_502752,502752,Dexter McDonald,Kansas,Big 12,CORNERBACK,DB,2015,7,25,242,2,0.0,0.0,0.0,0.0,0.0,0.0,0.0,0.0,0.0,0.0,4.0,0.0,68.0,0.0,0.0,0.0,0.0,0.0,0.0,0.0,0.0,0.0,0.0,0.0,0.0,0.0,0.0,0.0,0.0,0.0,0.0,0.0,0.0,0.0,0.0,0.0,0.0,0.0,0.0,,,,,,,,,,,,,,,17.0
2015_246_547337,547337,Geoff Swaim,Texas,Big 12,TIGHTEND,TE,2015,7,29,246,2,0.0,0.0,0.0,0.0,0.0,0.0,0.0,0.0,0.0,0.0,0.0,0.0,0.0,0.0,0.0,0.0,0.0,0.0,0.0,0.0,0.0,0.0,0.0,0.0,0.0,0.0,0.0,0.0,0.0,0.0,0.0,0.0,0.0,13.0,1.0,84.0,0.0,0.0,0.0,,,,,18.0,,,,6.461538461538462,,,,,,
2015_247_503276,503276,Darryl Roberts,Marshall,Conference USA,CORNERBACK,DB,2015,7,30,247,4,0.0,0.0,0.0,0.0,0.0,0.0,0.0,0.0,0.0,0.0,5.0,0.0,41.0,0.0,0.0,0.0,0.0,0.0,0.0,0.0,0.0,0.0,0.0,0.0,0.0,0.0,0.0,0.0,0.0,0.0,0.0,0.0,0.0,0.0,0.0,0.0,0.0,0.0,0.0,,,,,,,,,,,,,,,8.2
2015_250_500419,500419,Trevor Siemian,Northwestern,Big Ten,QUARTERBACK,QB,2015,7,33,250,4,0.0,0.0,0.0,0.0,0.0,0.0,0.0,0.0,0.0,0.0,0.0,0.0,0.0,0.0,0.0,0.0,0.0,0.0,0.0,0.0,0.0,934.0,550.0,24.0,27.0,5931.0,0.0,0.0,0.0,0.0,0.0,0.0,0.0,1.0,1.0,17.0,142.0,6.0,-23.0,,,,,17.0,16.0,0.588865096359743,6.350107066381156,17.0,-0.1619718309859155,,,,,
2015_251_503373,503373,Taurean Nixon,Tulane,American Athletic,CORNERBACK,DB,2015,7,34,251,3,0.0,0.0,0.0,0.0,0.0,0.0,0.0,0.0,0.0,0.0,2.0,0.0,17.0,4.0,0.0,53.0,0.0,0.0,0.0,0.0,0.0,0.0,0.0,0.0,0.0,0.0,0.0,0.0,0.0,0.0,0.0,0.0,0.0,0.0,0.0,0.0,0.0,0.0,0.0,16.0,,,,,,,,,,13.25,,,,8.5
2015_252_503886,503886,Josh Furman,Oklahoma State,Big 12,LINEBACKER,LB,2015,7,35,252,2,0.0,0.0,0.0,0.0,0.0,0.0,0.0,0.0,0.0,0.0,1.0,0.0,35.0,0.0,0.0,0.0,0.0,0.0,0.0,0.0,0.0,0.0,0.0,0.0,0.0,0.0,1.0,0.0,6.0,0.0,0.0,0.0,0.0,0.0,0.0,0.0,0.0,0.0,0.0,,,6.0,,,,,,,,,6.0,,,35.0
2015_253_513127,513127,Xzavier Dickson,Alabama,SEC,DEFENSIVEEND,DL,2015,7,36,253,3,0.0,0.0,0.0,0.0,0.0,0.0,0.0,0.0,0.0,0.0,0.0,0.0,0.0,4.0,0.0,30.0,0.0,0.0,0.0,0.0,0.0,0.0,0.0,0.0,0.0,0.0,0.0,0.0,0.0,0.0,0.0,0.0,0.0,0.0,0.0,0.0,0.0,0.0,0.0,14.0,,,,,,,,,,7.5,,,,
2015_254_515812,515812,Rory Anderson,South Carolina,SEC,TIGHTEND,TE,2015,7,37,254,4,0.0,0.0,0.0,0.0,0.0,0.0,0.0,0.0,0.0,0.0,0.0,0.0,0.0,0.0,0.0,0.0,0.0,0.0,0.0,0.0,0.0,0.0,0.0,0.0,0.0,0.0,0.0,0.0,0.0,0.0,0.0,0.0,0.0,61.0,9.0,954.0,0.0,0.0,0.0,,,,,55.0,,,,15.63934426229508,,,,,,
2015_256_501524,501524,Gerald Christian,Louisville,American Athletic,TIGHTEND,TE,2015,7,39,256,3,0.0,0.0,0.0,0.0,0.0,0.0,0.0,0.0,0.0,0.0,0.0,0.0,0.0,0.0,0.0,0.0,0.0,0.0,0.0,0.0,0.0,0.0,0.0,0.0,0.0,0.0,0.0,0.0,0.0,0.0,0.0,0.0,0.0,64.0,10.0,882.0,0.0,0.0,0.0,,,,,69.0,,,,13.78125,,,,,,
2016_001_547401,547401,Jared Goff,California,Pac-12,QUARTERBACK,QB,2016,1,1,1,3,0.0,0.0,0.0,0.0,0.0,0.0,0.0,0.0,0.0,0.0,0.0,0.0,0.0,0.0,0.0,0.0,0.0,0.0,0.0,0.0,0.0,1569.0,977.0,30.0,96.0,12200.0,0.0,0.0,0.0,2.0,12.0,1.0,452.0,2.0,0.0,10.0,170.0,1.0,-114.0,,,,50.0,11.0,20.0,0.6226896112173359,7.775653282345443,5.0,-0.6705882352941176,,,37.666666666666664,,
2016_002_515607,515607,Carson Wentz,North Dakota State,MVFC,QUARTERBACK,QB,2016,1,2,2,1,0.0,0.0,0.0,0.0,0.0,0.0,0.0,0.0,0.0,0.0,0.0,0.0,0.0,0.0,0.0,0.0,0.0,0.0,0.0,0.0,0.0,28.0,18.0,0.0,0.0,204.0,0.0,0.0,0.0,0.0,0.0,0.0,0.0,0.0,0.0,0.0,8.0,0.0,38.0,,,,,,20.0,0.6428571428571429,7.285714285714286,,4.75,,,,,
2016_003_549808,549808,Joey Bosa,Ohio State,Big Ten,DEFENSIVEEND,DL,2016,1,3,3,1,0.0,0.0,0.0,0.0,0.0,0.0,0.0,0.0,0.0,0.0,1.0,0.0,28.0,0.0,0.0,0.0,0.0,0.0,0.0,0.0,0.0,0.0,0.0,0.0,0.0,0.0,0.0,0.0,0.0,0.0,0.0,0.0,0.0,0.0,0.0,0.0,0.0,0.0,0.0,,,,,,,,,,,,,,,28.0
2016_004_549811,549811,Ezekiel Elliott,Ohio State,Big Ten,RUNNINGBACK,RB,2016,1,4,4,3,0.0,0.0,0.0,0.0,0.0,0.0,0.0,0.0,0.0,0.0,0.0,0.0,0.0,1.0,0.0,16.0,0.0,0.0,0.0,0.0,0.0,0.0,0.0,0.0,0.0,0.0,2.0,0.0,13.0,0.0,0.0,0.0,0.0,58.0,1.0,449.0,592.0,43.0,3961.0,16.0,,10.0,,30.0,85.0,,,7.741379310344827,6.690878378378378,16.0,6.5,,,
2016_005_546810,546810,Jalen Ramsey,Florida State,ACC,CORNERBACK,DB,2016,1,5,5,3,0.0,0.0,0.0,0.0,0.0,0.0,0.0,0.0,0.0,0.0,3.0,0.0,58.0,2.0,0.0,54.0,0.0,0.0,0.0,0.0,0.0,0.0,0.0,0.0,0.0,0.0,1.0,0.0,6.0,0.0,0.0,0.0,0.0,0.0,0.0,0.0,0.0,0.0,0.0,37.0,,6.0,,,,,,,,27.0,6.0,,,19.333333333333332
2016_007_530870,530870,DeForest Buckner,Oregon,Pac-12,DEFENSIVEEND,DL,2016,1,7,7,3,0.0,0.0,0.0,0.0,0.0,0.0,0.0,0.0,0.0,0.0,0.0,0.0,0.0,2.0,0.0,13.0,0.0,0.0,0.0,0.0,0.0,0.0,0.0,0.0,0.0,0.0,0.0,0.0,0.0,0.0,0.0,0.0,0.0,0.0,0.0,0.0,1.0,0.0,10.0,10.0,,,,,10.0,,,,10.0,6.5,,,,
2016_010_545623,545623,Eli Apple,Ohio State,Big Ten,CORNERBACK,DB,2016,1,10,10,2,0.0,0.0,0.0,0.0,0.0,0.0,0.0,0.0,0.0,0.0,4.0,0.0,16.0,0.0,0.0,0.0,0.0,0.0,0.0,0.0,0.0,0.0,0.0,0.0,0.0,0.0,0.0,0.0,0.0,0.0,0.0,0.0,0.0,0.0,0.0,0.0,0.0,0.0,0.0,,,,,,,,,,,,,,,4.0
2016_011_551319,551319,Vernon Hargreaves III,Florida,SEC,CORNERBACK,DB,2016,1,11,11,3,0.0,0.0,0.0,0.0,0.0,0.0,0.0,0.0,0.0,0.0,10.0,0.0,191.0,5.0,0.0,99.0,0.0,0.0,0.0,0.0,0.0,0.0,0.0,0.0,0.0,0.0,6.0,0.0,41.0,0.0,0.0,0.0,0.0,1.0,0.0,6.0,0.0,0.0,0.0,25.0,,25.0,,6.0,,,,6.0,,19.8,6.833333333333333,,,19.1
2016_012_530381,530381,Sheldon Rankins,Louisville,ACC,DEFENSIVETACKLE,DL,2016,1,12,12,1,0.0,0.0,0.0,0.0,0.0,0.0,0.0,0.0,0.0,0.0,2.0,0.0,9.0,0.0,0.0,0.0,0.0,0.0,0.0,0.0,0.0,0.0,0.0,0.0,0.0,0.0,0.0,0.0,0.0,0.0,0.0,0.0,0.0,0.0,0.0,0.0,0.0,0.0,0.0,,,,,,,,,,,,,,,4.5
2016_013_550015,550015,Laremy Tunsil,Ole Miss,SEC,OFFENSIVETACKLE,OL,2016,1,13,13,1,0.0,0.0,0.0,0.0,0.0,0.0,0.0,0.0,0.0,0.0,0.0,0.0,0.0,0.0,0.0,0.0,0.0,0.0,0.0,0.0,0.0,0.0,0.0,0.0,0.0,0.0,0.0,0.0,0.0,0.0,0.0,0.0,0.0,0.0,0.0,0.0,1.0,1.0,2.0,,,,,,2.0,,,,2.0,,,,,
2016_014_534504,534504,Karl Joseph,West Virginia,Big 12,SAFETY,DB,2016,1,14,14,4,0.0,0.0,0.0,0.0,0.0,0.0,0.0,0.0,0.0,0.0,9.0,0.0,40.0,0.0,0.0,0.0,0.0,0.0,0.0,0.0,0.0,0.0,0.0,0.0,0.0,0.0,0.0,0.0,0.0,0.0,0.0,0.0,0.0,0.0,0.0,0.0,0.0,0.0,0.0,,,,,,,,,,,,,,,4.444444444444445
2016_015_535497,535497,Corey Coleman,Baylor,Big 12,WIDERECEIVER,WR,2016,1,15,15,3,0.0,0.0,0.0,0.0,0.0,0.0,0.0,0.0,0.0,0.0,0.0,0.0,0.0,25.0,1.0,651.0,0.0,0.0,0.0,0.0,0.0,0.0,0.0,0.0,0.0,0.0,3.0,0.0,9.0,0.0,0.0,0.0,0.0,173.0,33.0,3009.0,33.0,1.0,164.0,97.0,,9.0,,81.0,24.0,,,17.393063583815028,4.96969696969697,26.04,3.0,,,
2016_017_551326,551326,Keanu Neal,Florida,SEC,SAFETY,DB,2016,1,17,17,2,0.0,0.0,0.0,0.0,0.0,0.0,0.0,0.0,0.0,0.0,4.0,0.0,-5.0,0.0,0.0,0.0,0.0,0.0,0.0,0.0,0.0,0.0,0.0,0.0,0.0,0.0,0.0,0.0,0.0,0.0,0.0,0.0,0.0,0.0,0.0,0.0,0.0,0.0,0.0,,,,,,,,,,,,,,,-1.25
2016_020_549817,549817,Darron Lee,Ohio State,Big Ten,OUTSIDELINEBACKER,LB,2016,1,20,20,2,0.0,0.0,0.0,0.0,0.0,0.0,0.0,0.0,0.0,0.0,3.0,1.0,77.0,0.0,0.0,0.0,0.0,0.0,0.0,0.0,0.0,0.0,0.0,0.0,0.0,0.0,0.0,0.0,0.0,0.0,0.0,0.0,0.0,0.0,0.0,0.0,0.0,0.0,0.0,,,,,,,,,,,,,,,25.666666666666668
2016_022_516301,516301,Josh Doctson,Wyoming,Mountain West,WIDERECEIVER,WR,2016,1,22,22,4,0.0,0.0,0.0,0.0,0.0,0.0,0.0,0.0,0.0,0.0,0.0,0.0,0.0,0.0,0.0,0.0,0.0,0.0,0.0,0.0,0.0,0.0,0.0,0.0,0.0,0.0,0.0,0.0,0.0,0.0,0.0,0.0,0.0,215.0,34.0,3178.0,1.0,0.0,6.0,,,,,84.0,6.0,,,14.78139534883721,6.0,,,,,
2016_023_550014,550014,Laquon Treadwell,Ole Miss,SEC,WIDERECEIVER,WR,2016,1,23,23,3,0.0,0.0,0.0,0.0,0.0,0.0,0.0,0.0,0.0,0.0,0.0,0.0,0.0,1.0,0.0,3.0,0.0,0.0,0.0,0.0,0.0,7.0,4.0,1.0,1.0,153.0,0.0,0.0,0.0,0.0,0.0,0.0,0.0,202.0,21.0,2393.0,6.0,0.0,-10.0,3.0,,,,63.0,7.0,0.5714285714285714,21.857142857142858,11.846534653465346,-1.6666666666666667,3.0,,,,
2016_024_553531,553531,William Jackson III,Houston,American Athletic,CORNERBACK,DB,2016,1,24,24,3,0.0,0.0,0.0,0.0,0.0,0.0,0.0,0.0,0.0,0.0,8.0,3.0,211.0,0.0,0.0,0.0,0.0,0.0,0.0,0.0,0.0,0.0,0.0,0.0,0.0,0.0,0.0,0.0,0.0,0.0,0.0,0.0,0.0,0.0,0.0,0.0,0.0,0.0,0.0,,,,,,,,,,,,,,,26.375
2016_025_550044,550044,Artie Burns,Miami,ACC,CORNERBACK,DB,2016,1,25,25,3,0.0,0.0,0.0,0.0,0.0,0.0,0.0,0.0,0.0,0.0,7.0,0.0,37.0,12.0,0.0,288.0,0.0,0.0,0.0,0.0,0.0,0.0,0.0,0.0,0.0,0.0,0.0,0.0,0.0,0.0,0.0,0.0,0.0,0.0,0.0,0.0,0.0,0.0,0.0,43.0,,,,,,,,,,24.0,,,,5.285714285714286
2016_026_534849,534849,Paxton Lynch,Memphis,American Athletic,QUARTERBACK,QB,2016,1,26,26,3,0.0,0.0,0.0,0.0,0.0,0.0,0.0,0.0,0.0,0.0,0.0,0.0,0.0,0.0,0.0,0.0,0.0,0.0,0.0,0.0,0.0,1205.0,758.0,23.0,59.0,8863.0,0.0,0.0,0.0,0.0,0.0,0.0,0.0,0.0,0.0,0.0,288.0,17.0,687.0,,,,,,29.0,0.629045643153527,7.355186721991701,,2.3854166666666665,,,,,
2016_027_3122752,3122752,Kenny Clark,UCLA,Pac-12,DEFENSIVETACKLE,DL,2016,1,27,27,1,0.0,0.0,0.0,0.0,0.0,0.0,0.0,0.0,0.0,0.0,0.0,0.0,0.0,0.0,0.0,0.0,0.0,0.0,0.0,0.0,0.0,0.0,0.0,0.0,0.0,0.0,0.0,0.0,0.0,0.0,0.0,0.0,0.0,1.0,1.0,3.0,0.0,0.0,0.0,,,,,3.0,,,,3.0,,,,,,
2016_029_550011,550011,Robert Nkemdiche,Ole Miss,SEC,DEFENSIVETACKLE,DL,2016,1,29,29,2,0.0,0.0,0.0,0.0,0.0,0.0,0.0,0.0,0.0,0.0,0.0,0.0,0.0,0.0,0.0,0.0,0.0,0.0,0.0,0.0,0.0,0.0,0.0,0.0,0.0,0.0,0.0,0.0,0.0,0.0,0.0,0.0,0.0,1.0,1.0,31.0,9.0,2.0,34.0,,,,,31.0,18.0,,,31.0,3.7777777777777777,,,,,
2016_034_550965,550965,Jaylon Smith,Notre Dame,FBS Independents,OUTSIDELINEBACKER,LB,2016,2,3,34,1,0.0,0.0,0.0,0.0,0.0,0.0,0.0,0.0,0.0,0.0,1.0,0.0,-1.0,0.0,0.0,0.0,0.0,0.0,0.0,0.0,0.0,0.0,0.0,0.0,0.0,0.0,0.0,0.0,0.0,0.0,0.0,0.0,0.0,0.0,0.0,0.0,0.0,0.0,0.0,,,,,,,,,,,,,,,-1.0
2016_035_547233,547233,Hunter Henry,Arkansas,SEC,TIGHTEND,TE,2016,2,4,35,3,0.0,0.0,0.0,0.0,0.0,0.0,0.0,0.0,0.0,0.0,0.0,0.0,0.0,0.0,0.0,0.0,0.0,0.0,0.0,0.0,0.0,0.0,0.0,0.0,0.0,0.0,0.0,0.0,0.0,0.0,0.0,0.0,0.0,116.0,9.0,1661.0,0.0,0.0,0.0,,,,,52.0,,,,14.31896551724138,,,,,,
2016_036_547604,547604,Myles Jack,UCLA,Pac-12,OUTSIDELINEBACKER,LB,2016,2,5,36,3,0.0,0.0,0.0,0.0,0.0,0.0,0.0,0.0,0.0,0.0,4.0,1.0,111.0,2.0,0.0,35.0,0.0,0.0,0.0,0.0,0.0,0.0,0.0,0.0,0.0,0.0,0.0,0.0,0.0,0.0,0.0,0.0,0.0,1.0,0.0,8.0,68.0,11.0,387.0,29.0,,,,8.0,66.0,,,8.0,5.6911764705882355,17.5,,,,27.75
2016_038_535503,535503,Xavien Howard,Baylor,Big 12,CORNERBACK,DB,2016,2,7,38,3,0.0,0.0,0.0,0.0,0.0,0.0,0.0,0.0,0.0,0.0,10.0,0.0,121.0,0.0,0.0,0.0,0.0,0.0,0.0,0.0,0.0,0.0,0.0,0.0,0.0,0.0,0.0,0.0,0.0,0.0,0.0,0.0,0.0,0.0,0.0,0.0,0.0,0.0,0.0,,,,,,,,,,,,,,,12.1
2016_040_534448,534448,Sterling Shepard,Oklahoma,Big 12,WIDERECEIVER,WR,2016,2,9,40,4,0.0,0.0,0.0,0.0,0.0,0.0,0.0,0.0,0.0,0.0,0.0,0.0,0.0,1.0,0.0,4.0,0.0,0.0,0.0,0.0,0.0,0.0,0.0,0.0,0.0,0.0,31.0,0.0,221.0,0.0,0.0,0.0,0.0,233.0,26.0,3482.0,17.0,1.0,109.0,4.0,,27.0,,75.0,31.0,,,14.944206008583691,6.411764705882353,4.0,7.129032258064516,,,
2016_041_535756,535756,Reggie Ragland,Alabama,SEC,INSIDELINEBACKER,LB,2016,2,10,41,1,0.0,0.0,0.0,0.0,0.0,0.0,0.0,0.0,0.0,0.0,1.0,0.0,1.0,0.0,0.0,0.0,0.0,0.0,0.0,0.0,0.0,0.0,0.0,0.0,0.0,0.0,0.0,0.0,0.0,0.0,0.0,0.0,0.0,0.0,0.0,0.0,0.0,0.0,0.0,,,,,,,,,,,,,,,1.0
2016_042_546286,546286,Kamalei Correa,Boise State,Mountain West,OUTSIDELINEBACKER,LB,2016,2,11,42,1,0.0,0.0,0.0,0.0,0.0,0.0,0.0,0.0,0.0,0.0,0.0,0.0,0.0,0.0,0.0,0.0,0.0,0.0,0.0,0.0,0.0,0.0,0.0,0.0,0.0,0.0,1.0,0.0,37.0,0.0,0.0,0.0,0.0,0.0,0.0,0.0,0.0,0.0,0.0,,,37.0,,,,,,,,,37.0,,,
2016_045_546368,546368,Derrick Henry,Alabama,SEC,RUNNINGBACK,RB,2016,2,14,45,3,0.0,0.0,0.0,0.0,0.0,0.0,0.0,0.0,0.0,0.0,0.0,0.0,0.0,0.0,0.0,0.0,0.0,0.0,0.0,0.0,0.0,0.0,0.0,0.0,0.0,0.0,0.0,0.0,0.0,0.0,0.0,0.0,0.0,17.0,3.0,285.0,603.0,42.0,3591.0,,,,,61.0,80.0,,,16.764705882352942,5.955223880597015,,,,,
2016_047_534311,534311,Michael Thomas,Ohio State,Big Ten,WIDERECEIVER,WR,2016,2,16,47,3,0.0,0.0,0.0,0.0,0.0,0.0,0.0,0.0,0.0,0.0,0.0,0.0,0.0,0.0,0.0,0.0,0.0,0.0,0.0,0.0,0.0,0.0,0.0,0.0,0.0,0.0,0.0,0.0,0.0,0.0,0.0,0.0,0.0,113.0,18.0,1602.0,0.0,0.0,0.0,,,,,79.0,,,,14.176991150442475,,,,,,
2016_051_552329,552329,Christian Hackenberg,Penn State,Big Ten,QUARTERBACK,QB,2016,2,20,51,3,0.0,0.0,0.0,0.0,0.0,0.0,0.0,0.0,0.0,0.0,0.0,0.0,0.0,0.0,0.0,0.0,0.0,0.0,0.0,0.0,0.0,1235.0,693.0,31.0,48.0,8457.0,0.0,0.0,0.0,0.0,3.0,0.0,90.0,1.0,1.0,14.0,208.0,6.0,-242.0,,,,43.0,14.0,22.0,0.5611336032388664,6.847773279352227,14.0,-1.1634615384615383,,,30.0,,
2016_052_534432,534432,Deion Jones,LSU,SEC,OUTSIDELINEBACKER,LB,2016,2,21,52,1,0.0,0.0,0.0,0.0,0.0,0.0,0.0,0.0,0.0,0.0,2.0,1.0,26.0,0.0,0.0,0.0,0.0,0.0,0.0,0.0,0.0,0.0,0.0,0.0,0.0,0.0,0.0,0.0,0.0,0.0,0.0,0.0,0.0,0.0,0.0,0.0,0.0,0.0,0.0,,,,,,,,,,,,,,,13.0
2016_053_546417,546417,Su'a Cravens,USC,Pac-12,SAFETY,DB,2016,2,22,53,3,0.0,0.0,0.0,0.0,0.0,0.0,0.0,0.0,0.0,0.0,9.0,1.0,133.0,1.0,0.0,33.0,0.0,0.0,0.0,0.0,0.0,0.0,0.0,0.0,0.0,0.0,1.0,0.0,1.0,0.0,0.0,0.0,0.0,0.0,0.0,0.0,0.0,0.0,0.0,33.0,,1.0,,,,,,,,33.0,1.0,,,14.77777777777778
2016_055_546650,546650,Tyler Boyd,Pittsburgh,ACC,WIDERECEIVER,WR,2016,2,24,55,3,0.0,0.0,0.0,0.0,0.0,0.0,0.0,0.0,0.0,0.0,0.0,0.0,0.0,46.0,0.0,1124.0,0.0,0.0,0.0,0.0,0.0,4.0,3.0,0.0,0.0,96.0,27.0,1.0,238.0,0.0,0.0,0.0,0.0,254.0,21.0,3361.0,63.0,1.0,520.0,64.0,,54.0,,69.0,37.0,0.75,24.0,13.23228346456693,8.253968253968255,24.434782608695652,8.814814814814815,,,
2016_057_546634,546634,T.J. Green,Clemson,ACC,SAFETY,DB,2016,2,26,57,2,0.0,0.0,0.0,0.0,0.0,0.0,0.0,0.0,0.0,0.0,1.0,0.0,-3.0,24.0,0.0,505.0,0.0,0.0,0.0,0.0,0.0,0.0,0.0,0.0,0.0,0.0,0.0,0.0,0.0,0.0,0.0,0.0,0.0,2.0,0.0,0.0,0.0,0.0,0.0,30.0,,,,4.0,,,,0.0,,21.041666666666668,,,,-3.0
2016_058_534247,534247,Sean Davis,Maryland,Big Ten,SAFETY,DB,2016,2,27,58,2,0.0,0.0,0.0,0.0,0.0,0.0,0.0,0.0,0.0,0.0,5.0,0.0,60.0,0.0,0.0,0.0,0.0,0.0,0.0,0.0,0.0,0.0,0.0,0.0,0.0,0.0,0.0,0.0,0.0,0.0,0.0,0.0,0.0,0.0,0.0,0.0,0.0,0.0,0.0,,,,,,,,,,,,,,,12.0
2016_059_535422,535422,Roberto Aguayo,Florida State,ACC,PLACEKICKER,ST,2016,2,28,59,3,0.0,0.0,0.0,0.0,0.0,0.0,0.0,0.0,0.0,0.0,0.0,0.0,0.0,0.0,0.0,0.0,77.0,69.0,405.0,198.0,198.0,0.0,0.0,0.0,0.0,0.0,0.0,0.0,0.0,0.0,0.0,0.0,0.0,0.0,0.0,0.0,0.0,0.0,0.0,,53.0,,,,,,,,,,,,0.8961038961038961,
2016_060_535750,535750,Cyrus Jones,Alabama,SEC,CORNERBACK,DB,2016,2,29,60,4,0.0,0.0,0.0,0.0,0.0,0.0,0.0,0.0,0.0,0.0,7.0,0.0,49.0,15.0,0.0,351.0,0.0,0.0,0.0,0.0,0.0,0.0,0.0,0.0,0.0,0.0,54.0,4.0,673.0,0.0,0.0,0.0,0.0,4.0,0.0,51.0,1.0,0.0,2.0,41.0,,72.0,,35.0,2.0,,,12.75,2.0,23.4,12.462962962962964,,,7.0
2016_061_549807,549807,Vonn Bell,Ohio State,Big Ten,SAFETY,DB,2016,2,30,61,3,0.0,0.0,0.0,0.0,0.0,0.0,0.0,0.0,0.0,0.0,9.0,1.0,49.0,0.0,0.0,0.0,0.0,0.0,0.0,0.0,0.0,0.0,0.0,0.0,0.0,0.0,0.0,0.0,0.0,0.0,0.0,0.0,0.0,0.0,0.0,0.0,0.0,0.0,0.0,,,,,,,,,,,,,,,5.444444444444445
2016_063_531131,531131,Adam Gotsis,Georgia Tech,ACC,DEFENSIVEEND,DL,2016,2,32,63,2,0.0,0.0,0.0,0.0,0.0,0.0,0.0,0.0,0.0,0.0,2.0,0.0,2.0,0.0,0.0,0.0,0.0,0.0,0.0,0.0,0.0,0.0,0.0,0.0,0.0,0.0,0.0,0.0,0.0,0.0,0.0,0.0,0.0,0.0,0.0,0.0,0.0,0.0,0.0,,,,,,,,,,,,,,,1.0
2016_064_512368,512368,Kevin Byard,Middle Tennessee,Sun Belt,SAFETY,DB,2016,3,1,64,4,0.0,0.0,0.0,0.0,0.0,0.0,0.0,0.0,0.0,0.0,19.0,4.0,377.0,3.0,0.0,17.0,0.0,0.0,0.0,0.0,0.0,0.0,0.0,0.0,0.0,0.0,1.0,1.0,76.0,0.0,0.0,0.0,0.0,0.0,0.0,0.0,0.0,0.0,0.0,9.0,,76.0,,,,,,,,5.666666666666667,76.0,,,19.842105263157897
2016_065_524841,524841,Carl Nassib,Penn State,Big Ten,DEFENSIVEEND,DL,2016,3,2,65,1,0.0,0.0,0.0,0.0,0.0,0.0,0.0,0.0,0.0,0.0,1.0,0.0,10.0,0.0,0.0,0.0,0.0,0.0,0.0,0.0,0.0,0.0,0.0,0.0,0.0,0.0,0.0,0.0,0.0,0.0,0.0,0.0,0.0,0.0,0.0,0.0,0.0,0.0,0.0,,,,,,,,,,,,,,,10.0
2016_066_531005,531005,Max Tuerk,USC,Pac-12,CENTER,OL,2016,3,3,66,1,0.0,0.0,0.0,0.0,0.0,0.0,0.0,0.0,0.0,0.0,0.0,0.0,0.0,1.0,0.0,1.0,0.0,0.0,0.0,0.0,0.0,0.0,0.0,0.0,0.0,0.0,0.0,0.0,0.0,0.0,0.0,0.0,0.0,0.0,0.0,0.0,0.0,0.0,0.0,1.0,,,,,,,,,,1.0,,,,
2016_068_531409,531409,Will Redmond,Mississippi State,SEC,CORNERBACK,DB,2016,3,5,68,2,0.0,0.0,0.0,0.0,0.0,0.0,0.0,0.0,0.0,0.0,5.0,0.0,43.0,1.0,0.0,13.0,0.0,0.0,0.0,0.0,0.0,0.0,0.0,0.0,0.0,0.0,0.0,0.0,0.0,0.0,0.0,0.0,0.0,0.0,0.0,0.0,0.0,0.0,0.0,13.0,,,,,,,,,,13.0,,,,8.6
2016_069_550835,550835,Yannick Ngakoue,Maryland,ACC,DEFENSIVEEND,DL,2016,3,6,69,1,0.0,0.0,0.0,0.0,0.0,0.0,0.0,0.0,0.0,0.0,1.0,0.0,3.0,0.0,0.0,0.0,0.0,0.0,0.0,0.0,0.0,0.0,0.0,0.0,0.0,0.0,0.0,0.0,0.0,0.0,0.0,0.0,0.0,0.0,0.0,0.0,0.0,0.0,0.0,,,,,,,,,,,,,,,3.0
2016_070_536127,536127,Bronson Kaufusi,BYU,FBS Independents,DEFENSIVEEND,DL,2016,3,7,70,2,0.0,0.0,0.0,0.0,0.0,0.0,0.0,0.0,0.0,0.0,2.0,1.0,22.0,0.0,0.0,0.0,0.0,0.0,0.0,0.0,0.0,0.0,0.0,0.0,0.0,0.0,1.0,0.0,15.0,0.0,0.0,0.0,0.0,0.0,0.0,0.0,0.0,0.0,0.0,,,15.0,,,,,,,,,15.0,,,11.0
2016_071_517347,517347,Darian Thompson,Boise State,Mountain West,SAFETY,DB,2016,3,8,71,4,0.0,0.0,0.0,0.0,0.0,0.0,0.0,0.0,0.0,0.0,19.0,1.0,118.0,0.0,0.0,0.0,0.0,0.0,0.0,0.0,0.0,0.0,0.0,0.0,0.0,0.0,0.0,0.0,0.0,0.0,0.0,0.0,0.0,0.0,0.0,-14.0,0.0,0.0,0.0,,,,,0.0,,,,-inf,,,,,,6.2105263157894735
2016_073_535744,535744,Kenyan Drake,Alabama,SEC,RUNNINGBACK,RB,2016,3,10,73,4,0.0,0.0,0.0,0.0,0.0,0.0,0.0,0.0,0.0,0.0,0.0,0.0,0.0,20.0,1.0,505.0,0.0,0.0,0.0,0.0,0.0,0.0,0.0,0.0,0.0,0.0,1.0,0.0,19.0,0.0,0.0,0.0,0.0,46.0,4.0,570.0,233.0,18.0,1495.0,95.0,,19.0,,87.0,58.0,,,12.391304347826088,6.416309012875536,25.25,19.0,,,
2016_075_512701,512701,Shilique Calhoun,Michigan State,Big Ten,DEFENSIVEEND,DL,2016,3,12,75,1,0.0,0.0,0.0,0.0,0.0,0.0,0.0,0.0,0.0,0.0,1.0,1.0,56.0,0.0,0.0,0.0,0.0,0.0,0.0,0.0,0.0,0.0,0.0,0.0,0.0,0.0,0.0,0.0,0.0,0.0,0.0,0.0,0.0,0.0,0.0,0.0,0.0,0.0,0.0,,,,,,,,,,,,,,,56.0
2016_077_546053,546053,Daryl Worley,West Virginia,Big 12,CORNERBACK,DB,2016,3,14,77,3,0.0,0.0,0.0,0.0,0.0,0.0,0.0,0.0,0.0,0.0,10.0,0.0,50.0,0.0,0.0,0.0,0.0,0.0,0.0,0.0,0.0,0.0,0.0,0.0,0.0,0.0,1.0,0.0,-1.0,0.0,0.0,0.0,0.0,0.0,0.0,0.0,0.0,0.0,0.0,,,-1.0,,,,,,,,,-1.0,,,5.0
2016_080_534312,534312,Adolphus Washington,Ohio State,Big Ten,DEFENSIVETACKLE,DL,2016,3,17,80,1,0.0,0.0,0.0,0.0,0.0,0.0,0.0,0.0,0.0,0.0,1.0,1.0,20.0,0.0,0.0,0.0,0.0,0.0,0.0,0.0,0.0,0.0,0.0,0.0,0.0,0.0,0.0,0.0,0.0,0.0,0.0,0.0,0.0,0.0,0.0,0.0,0.0,0.0,0.0,,,,,,,,,,,,,,,20.0
2016_081_546471,546471,Austin Hooper,Stanford,Pac-12,TIGHTEND,TE,2016,3,18,81,2,0.0,0.0,0.0,0.0,0.0,0.0,0.0,0.0,0.0,0.0,0.0,0.0,0.0,0.0,0.0,0.0,0.0,0.0,0.0,0.0,0.0,0.0,0.0,0.0,0.0,0.0,0.0,0.0,0.0,0.0,0.0,0.0,0.0,74.0,8.0,937.0,0.0,0.0,0.0,,,,,42.0,,,,12.66216216216216,,,,,,
2016_082_514483,514483,Le'Raven Clark,Texas Tech,Big 12,OFFENSIVETACKLE,OL,2016,3,19,82,1,0.0,0.0,0.0,0.0,0.0,0.0,0.0,0.0,0.0,0.0,0.0,0.0,0.0,0.0,0.0,0.0,0.0,0.0,0.0,0.0,0.0,0.0,0.0,0.0,0.0,0.0,0.0,0.0,0.0,0.0,0.0,0.0,0.0,1.0,0.0,13.0,0.0,0.0,0.0,,,,,8.0,,,,13.0,,,,,,
2016_083_534672,534672,Jordan Jenkins,Georgia,SEC,OUTSIDELINEBACKER,LB,2016,3,20,83,1,0.0,0.0,0.0,0.0,0.0,0.0,0.0,0.0,0.0,0.0,0.0,0.0,0.0,1.0,0.0,0.0,0.0,0.0,0.0,0.0,0.0,0.0,0.0,0.0,0.0,0.0,0.0,0.0,0.0,0.0,0.0,0.0,0.0,0.0,0.0,0.0,0.0,0.0,0.0,0.0,,,,,,,,,,0.0,,,,
2016_084_547021,547021,Kendall Fuller,Virginia Tech,ACC,CORNERBACK,DB,2016,3,21,84,2,0.0,0.0,0.0,0.0,0.0,0.0,0.0,0.0,0.0,0.0,8.0,1.0,48.0,0.0,0.0,0.0,0.0,0.0,0.0,0.0,0.0,0.0,0.0,0.0,0.0,0.0,9.0,0.0,-2.0,0.0,0.0,0.0,0.0,0.0,0.0,0.0,0.0,0.0,0.0,,,5.0,,,,,,,,,-0.2222222222222222,,,6.0
2016_085_512838,512838,Braxton Miller,Ohio State,Big Ten,WIDERECEIVER,WR,2016,3,22,85,4,0.0,0.0,0.0,0.0,0.0,0.0,0.0,0.0,0.0,0.0,0.0,0.0,0.0,0.0,0.0,0.0,0.0,0.0,0.0,0.0,0.0,667.0,396.0,17.0,52.0,5295.0,0.0,0.0,0.0,0.0,0.0,0.0,0.0,26.0,3.0,341.0,599.0,33.0,3314.0,,,,,54.0,81.0,0.5937031484257871,7.938530734632684,13.115384615384617,5.532554257095159,,,,,
2016_086_537313,537313,Leonte Carroo,Rutgers,Big Ten,WIDERECEIVER,WR,2016,3,23,86,3,0.0,0.0,0.0,0.0,0.0,0.0,0.0,0.0,0.0,0.0,0.0,0.0,0.0,1.0,0.0,-4.0,0.0,0.0,0.0,0.0,0.0,0.0,0.0,0.0,0.0,0.0,0.0,0.0,0.0,0.0,0.0,0.0,0.0,122.0,29.0,2373.0,0.0,0.0,0.0,-4.0,,,,78.0,,,,19.450819672131143,,-4.0,,,,
2016_087_531204,531204,Nick Vigil,Utah State,Mountain West,INSIDELINEBACKER,LB,2016,3,24,87,3,0.0,0.0,0.0,0.0,0.0,0.0,0.0,0.0,0.0,0.0,2.0,0.0,19.0,0.0,0.0,0.0,0.0,0.0,0.0,0.0,0.0,2.0,2.0,0.0,0.0,13.0,0.0,0.0,0.0,0.0,0.0,0.0,0.0,0.0,0.0,0.0,47.0,4.0,169.0,,,,,,31.0,1.0,6.5,,3.595744680851064,,,,,9.5
2016_088_514580,514580,Kyler Fackrell,Utah State,Western Athletic,OUTSIDELINEBACKER,LB,2016,3,25,88,2,0.0,0.0,0.0,0.0,0.0,0.0,0.0,0.0,0.0,0.0,4.0,1.0,125.0,0.0,0.0,0.0,0.0,0.0,0.0,0.0,0.0,0.0,0.0,0.0,0.0,0.0,0.0,0.0,0.0,0.0,0.0,0.0,0.0,1.0,1.0,4.0,0.0,0.0,0.0,,,,,4.0,,,,4.0,,,,,,31.25
2016_090_535958,535958,C.J. Prosise,Notre Dame,FBS Independents,RUNNINGBACK,RB,2016,3,27,90,3,0.0,0.0,0.0,0.0,0.0,0.0,0.0,0.0,0.0,0.0,0.0,0.0,0.0,0.0,0.0,0.0,0.0,0.0,0.0,0.0,0.0,0.0,0.0,0.0,0.0,0.0,0.0,0.0,0.0,0.0,0.0,0.0,0.0,62.0,3.0,896.0,166.0,12.0,1158.0,,,,,78.0,91.0,,,14.451612903225806,6.975903614457831,,,,,
2016_091_512191,512191,Jacoby Brissett,NC State,ACC,QUARTERBACK,QB,2016,3,28,91,4,0.0,0.0,0.0,0.0,0.0,0.0,0.0,0.0,0.0,0.0,0.0,0.0,0.0,0.0,0.0,0.0,0.0,0.0,0.0,0.0,0.0,839.0,499.0,15.0,46.0,5723.0,0.0,0.0,0.0,0.0,0.0,0.0,0.0,1.0,0.0,20.0,283.0,12.0,902.0,,,,,20.0,60.0,0.5947556615017878,6.821215733015495,20.0,3.187279151943463,,,,,
2016_092_532125,532125,Brandon Williams,Texas A&M,SEC,CORNERBACK,DB,2016,3,29,92,3,0.0,0.0,0.0,0.0,0.0,0.0,0.0,0.0,0.0,0.0,0.0,0.0,0.0,2.0,0.0,16.0,0.0,0.0,0.0,0.0,0.0,0.0,0.0,0.0,0.0,0.0,0.0,0.0,0.0,0.0,0.0,0.0,0.0,15.0,1.0,85.0,132.0,4.0,651.0,16.0,,,,14.0,43.0,,,5.666666666666667,4.931818181818182,8.0,,,,
2016_093_513329,513329,Cody Kessler,USC,Pac-12,QUARTERBACK,QB,2016,3,30,93,4,0.0,0.0,0.0,0.0,0.0,0.0,0.0,0.0,0.0,0.0,0.0,0.0,0.0,0.0,0.0,0.0,0.0,0.0,0.0,0.0,0.0,1261.0,851.0,19.0,88.0,10339.0,0.0,0.0,0.0,3.0,7.0,3.0,231.0,0.0,0.0,0.0,158.0,7.0,-425.0,,,,47.0,,34.0,0.6748612212529739,8.199048374306106,,-2.689873417721519,,,33.0,,
2016_094_514185,514185,Nick Vannett,Ohio State,Big Ten,TIGHTEND,TE,2016,3,31,94,4,0.0,0.0,0.0,0.0,0.0,0.0,0.0,0.0,0.0,0.0,0.0,0.0,0.0,0.0,0.0,0.0,0.0,0.0,0.0,0.0,0.0,0.0,0.0,0.0,0.0,0.0,0.0,0.0,0.0,0.0,0.0,0.0,0.0,55.0,6.0,585.0,1.0,0.0,-1.0,,,,,32.0,0.0,,,10.636363636363637,-1.0,,,,,
2016_098_530458,530458,Justin Simmons,Boston College,ACC,SAFETY,DB,2016,3,35,98,3,0.0,0.0,0.0,0.0,0.0,0.0,0.0,0.0,0.0,0.0,8.0,0.0,50.0,0.0,0.0,0.0,0.0,0.0,0.0,0.0,0.0,0.0,0.0,0.0,0.0,0.0,0.0,0.0,0.0,0.0,0.0,0.0,0.0,1.0,0.0,3.0,0.0,0.0,0.0,,,,,3.0,,,,3.0,,,,,,6.25
2016_099_534828,534828,Joe Schobert,Wisconsin,Big Ten,OUTSIDELINEBACKER,LB,2016,4,1,99,1,0.0,0.0,0.0,0.0,0.0,0.0,0.0,0.0,0.0,0.0,1.0,0.0,14.0,0.0,0.0,0.0,0.0,0.0,0.0,0.0,0.0,0.0,0.0,0.0,0.0,0.0,0.0,0.0,0.0,0.0,0.0,0.0,0.0,0.0,0.0,0.0,1.0,0.0,57.0,,,,,,57.0,,,,57.0,,,,,14.0
2016_100_512705,512705,Connor Cook,Michigan State,Big Ten,QUARTERBACK,QB,2016,4,2,100,4,0.0,0.0,0.0,0.0,0.0,0.0,0.0,0.0,0.0,0.0,0.0,0.0,0.0,0.0,0.0,0.0,0.0,0.0,0.0,0.0,0.0,1170.0,673.0,22.0,71.0,9194.0,0.0,0.0,0.0,0.0,0.0,0.0,0.0,0.0,0.0,0.0,176.0,3.0,209.0,,,,,,22.0,0.5752136752136752,7.858119658119658,,1.1875,,,,,
2016_102_534301,534301,Joshua Perry,Ohio State,Big Ten,INSIDELINEBACKER,LB,2016,4,4,102,1,0.0,0.0,0.0,0.0,0.0,0.0,0.0,0.0,0.0,0.0,1.0,0.0,0.0,0.0,0.0,0.0,0.0,0.0,0.0,0.0,0.0,0.0,0.0,0.0,0.0,0.0,0.0,0.0,0.0,0.0,0.0,0.0,0.0,0.0,0.0,0.0,0.0,0.0,0.0,,,,,,,,,,,,,,,0.0
2016_104_534336,534336,Tavon Young,Temple,Big East,CORNERBACK,DB,2016,4,6,104,3,0.0,0.0,0.0,0.0,0.0,0.0,0.0,0.0,0.0,0.0,7.0,1.0,157.0,0.0,0.0,0.0,0.0,0.0,0.0,0.0,0.0,0.0,0.0,0.0,0.0,0.0,0.0,0.0,0.0,0.0,0.0,0.0,0.0,0.0,0.0,0.0,0.0,0.0,0.0,,,,,,,,,,,,,,,22.428571428571427
2016_106_530737,530737,Eric Murray,Minnesota,Big Ten,CORNERBACK,DB,2016,4,8,106,2,0.0,0.0,0.0,0.0,0.0,0.0,0.0,0.0,0.0,0.0,2.0,0.0,5.0,0.0,0.0,0.0,0.0,0.0,0.0,0.0,0.0,0.0,0.0,0.0,0.0,0.0,1.0,0.0,18.0,0.0,0.0,0.0,0.0,0.0,0.0,0.0,0.0,0.0,0.0,,,18.0,,,,,,,,,18.0,,,2.5
2016_107_512073,512073,Chris Moore,Cincinnati,Big East,WIDERECEIVER,WR,2016,4,9,107,4,0.0,0.0,0.0,0.0,0.0,0.0,0.0,0.0,0.0,0.0,0.0,0.0,0.0,11.0,0.0,226.0,0.0,0.0,0.0,0.0,0.0,0.0,0.0,0.0,0.0,0.0,0.0,0.0,0.0,0.0,0.0,0.0,0.0,119.0,26.0,2301.0,4.0,0.0,26.0,36.0,,,,83.0,20.0,,,19.33613445378151,6.5,20.545454545454547,,,,
2016_109_511204,511204,B.J. Goodson,Clemson,ACC,INSIDELINEBACKER,LB,2016,4,11,109,1,0.0,0.0,0.0,0.0,0.0,0.0,0.0,0.0,0.0,0.0,2.0,0.0,1.0,0.0,0.0,0.0,0.0,0.0,0.0,0.0,0.0,0.0,0.0,0.0,0.0,0.0,0.0,0.0,0.0,0.0,0.0,0.0,0.0,0.0,0.0,0.0,0.0,0.0,0.0,,,,,,,,,,,,,,,0.5
2016_110_515708,515708,Tyler Higbee,Western Kentucky,Sun Belt,TIGHTEND,TE,2016,4,12,110,4,0.0,0.0,0.0,0.0,0.0,0.0,0.0,0.0,0.0,0.0,0.0,0.0,0.0,0.0,0.0,0.0,0.0,0.0,0.0,0.0,0.0,0.0,0.0,0.0,0.0,0.0,1.0,0.0,16.0,0.0,0.0,0.0,0.0,68.0,14.0,1054.0,0.0,0.0,0.0,,,16.0,,65.0,,,,15.5,,,16.0,,,
2016_112_512178,512178,Malcolm Mitchell,Georgia,SEC,WIDERECEIVER,WR,2016,4,14,112,4,0.0,0.0,0.0,0.0,0.0,0.0,0.0,0.0,0.0,0.0,0.0,0.0,0.0,17.0,0.0,364.0,0.0,0.0,0.0,0.0,0.0,0.0,0.0,0.0,0.0,0.0,12.0,0.0,56.0,0.0,0.0,0.0,0.0,174.0,16.0,2350.0,9.0,0.0,55.0,48.0,,22.0,,71.0,20.0,,,13.505747126436782,6.111111111111111,21.41176470588235,4.666666666666667,,,
2016_113_518146,518146,Nick Kwiatkoski,West Virginia,Big 12,INSIDELINEBACKER,LB,2016,4,15,113,2,0.0,0.0,0.0,0.0,0.0,0.0,0.0,0.0,0.0,0.0,6.0,0.0,13.0,0.0,0.0,0.0,0.0,0.0,0.0,0.0,0.0,0.0,0.0,0.0,0.0,0.0,0.0,0.0,0.0,0.0,0.0,0.0,0.0,0.0,0.0,0.0,0.0,0.0,0.0,,,,,,,,,,,,,,,2.1666666666666665
2016_114_530907,530907,Ricardo Louis,Auburn,SEC,WIDERECEIVER,WR,2016,4,16,114,4,0.0,0.0,0.0,0.0,0.0,0.0,0.0,0.0,0.0,0.0,0.0,0.0,0.0,11.0,0.0,230.0,0.0,0.0,0.0,0.0,0.0,0.0,0.0,0.0,0.0,0.0,0.0,0.0,0.0,0.0,0.0,0.0,0.0,98.0,8.0,1338.0,68.0,2.0,578.0,40.0,,,,73.0,75.0,,,13.653061224489797,8.5,20.90909090909091,,,,
2016_115_545451,545451,De'Vondre Campbell,Minnesota,Big Ten,OUTSIDELINEBACKER,LB,2016,4,17,115,2,0.0,0.0,0.0,0.0,0.0,0.0,0.0,0.0,0.0,0.0,2.0,1.0,27.0,0.0,0.0,0.0,0.0,0.0,0.0,0.0,0.0,0.0,0.0,0.0,0.0,0.0,0.0,0.0,0.0,0.0,0.0,0.0,0.0,0.0,0.0,0.0,0.0,0.0,0.0,,,,,,,,,,,,,,,13.5
2016_117_548173,548173,Pharoh Cooper,South Carolina,SEC,WIDERECEIVER,WR,2016,4,19,117,3,0.0,0.0,0.0,0.0,0.0,0.0,0.0,0.0,0.0,0.0,0.0,0.0,0.0,16.0,0.0,359.0,0.0,0.0,0.0,0.0,0.0,16.0,9.0,0.0,4.0,118.0,36.0,0.0,170.0,0.0,0.0,0.0,0.0,138.0,18.0,2163.0,71.0,4.0,513.0,55.0,,36.0,,85.0,71.0,0.5625,7.375,15.673913043478262,7.225352112676056,22.4375,4.722222222222222,,,
2016_118_511294,511294,Juston Burris,NC State,ACC,CORNERBACK,DB,2016,4,20,118,4,0.0,0.0,0.0,0.0,0.0,0.0,0.0,0.0,0.0,0.0,6.0,0.0,67.0,0.0,0.0,0.0,0.0,0.0,0.0,0.0,0.0,0.0,0.0,0.0,0.0,0.0,0.0,0.0,0.0,0.0,0.0,0.0,0.0,0.0,0.0,0.0,0.0,0.0,0.0,,,,,,,,,,,,,,,11.166666666666666
2016_119_512671,512671,Tyler Ervin,San José State,Western Athletic,RUNNINGBACK,RB,2016,4,21,119,5,0.0,0.0,0.0,0.0,0.0,0.0,0.0,0.0,0.0,0.0,0.0,0.0,0.0,101.0,3.0,2374.0,0.0,0.0,0.0,0.0,0.0,0.0,0.0,0.0,0.0,0.0,15.0,2.0,186.0,0.0,0.0,0.0,0.0,87.0,4.0,783.0,528.0,19.0,2803.0,97.0,,85.0,,75.0,89.0,,,9.0,5.308712121212121,23.504950495049503,12.4,,,
2016_121_519643,519643,Willie Beavers,Western Michigan,Mid-American,OFFENSIVEGUARD,OL,2016,4,23,121,1,0.0,0.0,0.0,0.0,0.0,0.0,0.0,0.0,0.0,0.0,0.0,0.0,0.0,0.0,0.0,0.0,0.0,0.0,0.0,0.0,0.0,0.0,0.0,0.0,0.0,0.0,0.0,0.0,0.0,0.0,0.0,0.0,0.0,1.0,0.0,-11.0,0.0,0.0,0.0,,,,,-11.0,,,,-11.0,,,,,,
2016_123_534441,534441,Jerald Hawkins,LSU,SEC,OFFENSIVETACKLE,OL,2016,4,25,123,1,0.0,0.0,0.0,0.0,0.0,0.0,0.0,0.0,0.0,0.0,0.0,0.0,0.0,0.0,0.0,0.0,0.0,0.0,0.0,0.0,0.0,0.0,0.0,0.0,0.0,0.0,0.0,0.0,0.0,0.0,0.0,0.0,0.0,1.0,0.0,2.0,0.0,0.0,0.0,,,,,2.0,,,,2.0,,,,,,
2016_124_530311,530311,Deon Bush,Miami,ACC,SAFETY,DB,2016,4,26,124,3,0.0,0.0,0.0,0.0,0.0,0.0,0.0,0.0,0.0,0.0,4.0,0.0,0.0,0.0,0.0,0.0,0.0,0.0,0.0,0.0,0.0,0.0,0.0,0.0,0.0,0.0,0.0,0.0,0.0,0.0,0.0,0.0,0.0,0.0,0.0,0.0,0.0,0.0,0.0,,,,,,,,,,,,,,,0.0
2016_125_530928,530928,Antonio Morrison,Florida,SEC,OUTSIDELINEBACKER,LB,2016,4,27,125,1,0.0,0.0,0.0,0.0,0.0,0.0,0.0,0.0,0.0,0.0,1.0,0.0,20.0,0.0,0.0,0.0,0.0,0.0,0.0,0.0,0.0,0.0,0.0,0.0,0.0,0.0,0.0,0.0,0.0,0.0,0.0,0.0,0.0,0.0,0.0,0.0,0.0,0.0,0.0,,,,,,,,,,,,,,,20.0
2016_126_546314,546314,Demarcus Robinson,Florida,SEC,WIDERECEIVER,WR,2016,4,28,126,3,0.0,0.0,0.0,0.0,0.0,0.0,0.0,0.0,0.0,0.0,0.0,0.0,0.0,0.0,0.0,0.0,0.0,0.0,0.0,0.0,0.0,1.0,0.0,0.0,0.0,0.0,3.0,0.0,2.0,0.0,0.0,0.0,0.0,106.0,9.0,1355.0,2.0,0.0,4.0,,,3.0,,73.0,3.0,0.0,0.0,12.783018867924527,2.0,,0.6666666666666666,,,
2016_129_531237,531237,Derrick Kindred,TCU,Big 12,SAFETY,DB,2016,4,31,129,3,0.0,0.0,0.0,0.0,0.0,0.0,0.0,0.0,0.0,0.0,8.0,2.0,140.0,0.0,0.0,0.0,0.0,0.0,0.0,0.0,0.0,0.0,0.0,0.0,0.0,0.0,0.0,0.0,0.0,0.0,0.0,0.0,0.0,0.0,0.0,0.0,0.0,0.0,0.0,,,,,,,,,,,,,,,17.5
2016_130_3116110,3116110,Alex Lewis,Nebraska,Big Ten,OFFENSIVETACKLE,OL,2016,4,32,130,1,0.0,0.0,0.0,0.0,0.0,0.0,0.0,0.0,0.0,0.0,0.0,0.0,0.0,0.0,0.0,0.0,0.0,0.0,0.0,0.0,0.0,0.0,0.0,0.0,0.0,0.0,0.0,0.0,0.0,0.0,0.0,0.0,0.0,0.0,0.0,0.0,0.0,0.0,4.0,,,,,,4.0,,,,inf,,,,,
2016_131_535291,535291,Blake Martinez,Stanford,Pac-12,INSIDELINEBACKER,LB,2016,4,33,131,3,0.0,0.0,0.0,0.0,0.0,0.0,0.0,0.0,0.0,0.0,5.0,0.0,12.0,0.0,0.0,0.0,0.0,0.0,0.0,0.0,0.0,0.0,0.0,0.0,0.0,0.0,0.0,0.0,0.0,0.0,0.0,0.0,0.0,0.0,0.0,0.0,0.0,0.0,0.0,,,,,,,,,,,,,,,2.4
2016_132_535161,535161,Willie Henry,Michigan,Big Ten,DEFENSIVETACKLE,DL,2016,4,34,132,1,0.0,0.0,0.0,0.0,0.0,0.0,0.0,0.0,0.0,0.0,1.0,1.0,7.0,0.0,0.0,0.0,0.0,0.0,0.0,0.0,0.0,0.0,0.0,0.0,0.0,0.0,0.0,0.0,0.0,0.0,0.0,0.0,0.0,0.0,0.0,0.0,0.0,0.0,0.0,,,,,,,,,,,,,,,7.0
2016_133_545879,545879,Rashard Robinson,LSU,SEC,CORNERBACK,DB,2016,4,35,133,1,0.0,0.0,0.0,0.0,0.0,0.0,0.0,0.0,0.0,0.0,1.0,0.0,0.0,0.0,0.0,0.0,0.0,0.0,0.0,0.0,0.0,0.0,0.0,0.0,0.0,0.0,0.0,0.0,0.0,0.0,0.0,0.0,0.0,0.0,0.0,0.0,0.0,0.0,0.0,,,,,,,,,,,,,,,0.0
2016_134_531310,531310,Kenneth Dixon,Louisiana Tech,Western Athletic,RUNNINGBACK,RB,2016,4,36,134,4,0.0,0.0,0.0,0.0,0.0,0.0,0.0,0.0,0.0,0.0,0.0,0.0,0.0,0.0,0.0,0.0,0.0,0.0,0.0,0.0,0.0,0.0,0.0,0.0,0.0,0.0,0.0,0.0,0.0,1.0,1.0,0.0,47.0,88.0,15.0,972.0,801.0,72.0,4480.0,,,,47.0,84.0,99.0,,,11.045454545454543,5.593008739076155,,,47.0,,
2016_135_512030,512030,Dak Prescott,Mississippi State,SEC,QUARTERBACK,QB,2016,4,37,135,4,0.0,0.0,0.0,0.0,0.0,0.0,0.0,0.0,0.0,0.0,0.0,0.0,0.0,0.0,0.0,0.0,0.0,0.0,0.0,0.0,0.0,1169.0,734.0,23.0,70.0,9376.0,0.0,0.0,0.0,0.0,0.0,0.0,0.0,4.0,3.0,88.0,536.0,41.0,2521.0,,,,,36.0,75.0,0.6278870829769033,8.020530367835757,22.0,4.7033582089552235,,,,,
2016_136_3122866,3122866,Devontae Booker,Utah,Pac-12,RUNNINGBACK,RB,2016,4,38,136,2,0.0,0.0,0.0,0.0,0.0,0.0,0.0,0.0,0.0,0.0,0.0,0.0,0.0,3.0,0.0,57.0,0.0,0.0,0.0,0.0,0.0,1.0,1.0,0.0,1.0,25.0,0.0,0.0,0.0,0.0,0.0,0.0,0.0,80.0,2.0,624.0,560.0,21.0,2773.0,23.0,,,,61.0,76.0,1.0,25.0,7.8,4.951785714285714,19.0,,,,
2016_137_533317,533317,Dean Lowry,Northwestern,Big Ten,DEFENSIVEEND,DL,2016,4,39,137,2,0.0,0.0,0.0,0.0,0.0,0.0,0.0,0.0,0.0,0.0,3.0,1.0,53.0,0.0,0.0,0.0,0.0,0.0,0.0,0.0,0.0,0.0,0.0,0.0,0.0,0.0,0.0,0.0,0.0,0.0,0.0,0.0,0.0,0.0,0.0,0.0,0.0,0.0,0.0,,,,,,,,,,,,,,,17.666666666666668
2016_139_534294,534294,Cardale Jones,Ohio State,Big Ten,QUARTERBACK,QB,2016,4,41,139,3,0.0,0.0,0.0,0.0,0.0,0.0,0.0,0.0,0.0,0.0,0.0,0.0,0.0,0.0,0.0,0.0,0.0,0.0,0.0,0.0,0.0,270.0,167.0,7.0,15.0,2323.0,0.0,0.0,0.0,0.0,0.0,0.0,0.0,0.0,0.0,0.0,153.0,4.0,617.0,,,,,,38.0,0.6185185185185185,8.603703703703705,,4.032679738562091,,,,,
2016_140_537063,537063,Tajae Sharpe,Massachusetts,Mid-American,WIDERECEIVER,WR,2016,5,1,140,4,0.0,0.0,0.0,0.0,0.0,0.0,0.0,0.0,0.0,0.0,0.0,0.0,0.0,0.0,0.0,0.0,0.0,0.0,0.0,0.0,0.0,0.0,0.0,0.0,0.0,0.0,0.0,0.0,0.0,0.0,0.0,0.0,0.0,277.0,16.0,3486.0,4.0,0.0,11.0,,,,,77.0,12.0,,,12.584837545126351,2.75,,,,,
2016_141_534452,534452,Zack Sanchez,Oklahoma,Big 12,CORNERBACK,DB,2016,5,2,141,3,0.0,0.0,0.0,0.0,0.0,0.0,0.0,0.0,0.0,0.0,15.0,3.0,220.0,0.0,0.0,0.0,0.0,0.0,0.0,0.0,0.0,0.0,0.0,0.0,0.0,0.0,5.0,0.0,22.0,0.0,0.0,0.0,0.0,0.0,0.0,0.0,0.0,0.0,0.0,,,14.0,,,,,,,,,4.4,,,14.666666666666666
2016_147_517315,517315,Quinton Jefferson,Maryland,Big Ten,DEFENSIVETACKLE,DL,2016,5,8,147,1,0.0,0.0,0.0,0.0,0.0,0.0,0.0,0.0,0.0,0.0,1.0,0.0,0.0,0.0,0.0,0.0,0.0,0.0,0.0,0.0,0.0,0.0,0.0,0.0,0.0,0.0,0.0,0.0,0.0,0.0,0.0,0.0,0.0,0.0,0.0,0.0,0.0,0.0,0.0,,,,,,,,,,,,,,,0.0
2016_148_547613,547613,Caleb Benenoch,UCLA,Pac-12,OFFENSIVETACKLE,OL,2016,5,9,148,1,0.0,0.0,0.0,0.0,0.0,0.0,0.0,0.0,0.0,0.0,0.0,0.0,0.0,0.0,0.0,0.0,0.0,0.0,0.0,0.0,0.0,0.0,0.0,0.0,0.0,0.0,0.0,0.0,0.0,0.0,0.0,0.0,0.0,0.0,0.0,0.0,0.0,0.0,2.0,,,,,,2.0,,,,inf,,,,,
2016_149_530982,530982,Paul Perkins,UCLA,Pac-12,RUNNINGBACK,RB,2016,5,10,149,3,0.0,0.0,0.0,0.0,0.0,0.0,0.0,0.0,0.0,0.0,0.0,0.0,0.0,0.0,0.0,0.0,0.0,0.0,0.0,0.0,0.0,0.0,0.0,0.0,0.0,0.0,0.0,0.0,0.0,0.0,0.0,0.0,0.0,80.0,3.0,739.0,621.0,29.0,3488.0,,,,,49.0,92.0,,,9.2375,5.616747181964573,,,,,
2016_150_552904,552904,Jordan Howard,UAB,Conference USA,RUNNINGBACK,RB,2016,5,11,150,3,0.0,0.0,0.0,0.0,0.0,0.0,0.0,0.0,0.0,0.0,0.0,0.0,0.0,0.0,0.0,0.0,0.0,0.0,0.0,0.0,0.0,1.0,1.0,0.0,0.0,0.0,0.0,0.0,0.0,0.0,0.0,0.0,0.0,24.0,3.0,261.0,647.0,24.0,3681.0,,,,,40.0,55.0,1.0,0.0,10.875,5.689335394126739,,,,,
2016_153_546046,546046,Wendell Smallwood,West Virginia,Big 12,RUNNINGBACK,RB,2016,5,14,153,3,0.0,0.0,0.0,0.0,0.0,0.0,0.0,0.0,0.0,0.0,0.0,0.0,0.0,31.0,0.0,550.0,0.0,0.0,0.0,0.0,0.0,0.0,0.0,0.0,0.0,0.0,0.0,0.0,0.0,0.0,0.0,0.0,0.0,68.0,0.0,618.0,425.0,12.0,2462.0,38.0,,,,50.0,52.0,,,9.088235294117649,5.792941176470588,17.741935483870968,,,,
2016_154_530981,530981,Jordan Payton,UCLA,Pac-12,WIDERECEIVER,WR,2016,5,15,154,4,0.0,0.0,0.0,0.0,0.0,0.0,0.0,0.0,0.0,0.0,0.0,0.0,0.0,0.0,0.0,0.0,0.0,0.0,0.0,0.0,0.0,0.0,0.0,0.0,0.0,0.0,0.0,0.0,0.0,0.0,0.0,0.0,0.0,201.0,14.0,2702.0,0.0,0.0,0.0,,,,,80.0,,,,13.442786069651742,,,,,,
2016_156_535893,535893,Jonathan Williams,Arkansas,SEC,RUNNINGBACK,RB,2016,5,17,156,3,0.0,0.0,0.0,0.0,0.0,0.0,0.0,0.0,0.0,0.0,0.0,0.0,0.0,0.0,0.0,0.0,0.0,0.0,0.0,0.0,0.0,4.0,1.0,0.0,1.0,21.0,0.0,0.0,0.0,0.0,0.0,0.0,0.0,26.0,6.0,345.0,406.0,16.0,2321.0,,,,,77.0,90.0,0.25,5.25,13.26923076923077,5.716748768472907,,,,,
2016_160_515208,515208,Kentrell Brothers,Missouri,SEC,INSIDELINEBACKER,LB,2016,5,21,160,2,0.0,0.0,0.0,0.0,0.0,0.0,0.0,0.0,0.0,0.0,5.0,0.0,39.0,0.0,0.0,0.0,0.0,0.0,0.0,0.0,0.0,0.0,0.0,0.0,0.0,0.0,3.0,0.0,14.0,0.0,0.0,0.0,0.0,0.0,0.0,0.0,0.0,0.0,0.0,,,8.0,,,,,,,,,4.666666666666667,,,7.8
2016_162_516357,516357,Kevin Hogan,Stanford,Pac-12,QUARTERBACK,QB,2016,5,23,162,4,0.0,0.0,0.0,0.0,0.0,0.0,0.0,0.0,0.0,0.0,0.0,0.0,0.0,0.0,0.0,0.0,0.0,0.0,0.0,0.0,0.0,1103.0,727.0,29.0,75.0,9385.0,0.0,0.0,0.0,0.0,0.0,0.0,0.0,1.0,1.0,11.0,315.0,15.0,1249.0,,,,,11.0,59.0,0.6591115140525838,8.508612873980054,11.0,3.965079365079365,,,,,
2016_163_516956,516956,Trevor Davis,Hawai'i,Western Athletic,WIDERECEIVER,WR,2016,5,24,163,4,0.0,0.0,0.0,0.0,0.0,0.0,0.0,0.0,0.0,0.0,0.0,0.0,0.0,45.0,2.0,1110.0,0.0,0.0,0.0,0.0,0.0,0.0,0.0,0.0,0.0,0.0,14.0,0.0,115.0,0.0,0.0,0.0,0.0,109.0,12.0,1672.0,4.0,0.0,3.0,100.0,,24.0,,79.0,16.0,,,15.339449541284404,0.75,24.666666666666668,8.214285714285714,,,
2016_165_3116406,3116406,Tyreek Hill,Oklahoma State,Big 12,WIDERECEIVER,WR,2016,5,26,165,1,0.0,0.0,0.0,0.0,0.0,0.0,0.0,0.0,0.0,0.0,0.0,0.0,0.0,30.0,2.0,740.0,0.0,0.0,0.0,0.0,0.0,0.0,0.0,0.0,0.0,0.0,27.0,1.0,256.0,0.0,0.0,0.0,0.0,31.0,1.0,281.0,102.0,1.0,534.0,99.0,,92.0,,50.0,44.0,,,9.064516129032258,5.235294117647059,24.666666666666668,9.48148148148148,,,
2016_171_547203,547203,Alex Collins,Arkansas,SEC,RUNNINGBACK,RB,2016,5,32,171,3,0.0,0.0,0.0,0.0,0.0,0.0,0.0,0.0,0.0,0.0,0.0,0.0,0.0,6.0,0.0,187.0,0.0,0.0,0.0,0.0,0.0,0.0,0.0,0.0,0.0,0.0,0.0,0.0,0.0,0.0,0.0,0.0,0.0,27.0,0.0,167.0,665.0,36.0,3703.0,68.0,,,,31.0,84.0,,,6.185185185185185,5.568421052631579,31.166666666666668,,,,
2016_172_546244,546244,Rashard Higgins,Colorado State,Mountain West,WIDERECEIVER,WR,2016,5,33,172,3,0.0,0.0,0.0,0.0,0.0,0.0,0.0,0.0,0.0,0.0,0.0,0.0,0.0,0.0,0.0,0.0,0.0,0.0,0.0,0.0,0.0,0.0,0.0,0.0,0.0,0.0,0.0,0.0,0.0,0.0,0.0,0.0,0.0,239.0,31.0,3649.0,1.0,0.0,20.0,,,,,73.0,20.0,,,15.267782426778243,20.0,,,,,
2016_173_531490,531490,Trey Caldwell,UL Monroe,Sun Belt,CORNERBACK,DB,2016,5,34,173,3,0.0,0.0,0.0,0.0,0.0,0.0,0.0,0.0,0.0,0.0,2.0,1.0,49.0,14.0,0.0,323.0,0.0,0.0,0.0,0.0,0.0,0.0,0.0,0.0,0.0,0.0,5.0,0.0,3.0,0.0,0.0,0.0,0.0,0.0,0.0,0.0,0.0,0.0,0.0,55.0,,5.0,,,,,,,,23.071428571428573,0.6,,,24.5
2016_175_531846,531846,Jatavis Brown,Akron,Mid-American,OUTSIDELINEBACKER,LB,2016,5,36,175,2,0.0,0.0,0.0,0.0,0.0,0.0,0.0,0.0,0.0,0.0,1.0,0.0,0.0,0.0,0.0,0.0,0.0,0.0,0.0,0.0,0.0,0.0,0.0,0.0,0.0,0.0,0.0,0.0,0.0,0.0,0.0,0.0,0.0,3.0,0.0,34.0,0.0,0.0,0.0,,,,,28.0,,,,11.333333333333334,,,,,,0.0
2016_176_533286,533286,Andy Janovich,Nebraska,Big Ten,FULLBACK,RB,2016,6,1,176,4,0.0,0.0,0.0,0.0,0.0,0.0,0.0,0.0,0.0,0.0,0.0,0.0,0.0,6.0,0.0,77.0,0.0,0.0,0.0,0.0,0.0,0.0,0.0,0.0,0.0,0.0,1.0,0.0,1.0,0.0,0.0,0.0,0.0,5.0,0.0,87.0,45.0,3.0,271.0,22.0,,1.0,,53.0,55.0,,,17.4,6.022222222222222,12.833333333333334,1.0,,,
2016_177_517901,517901,Temarrick Hemingway,South Carolina State,MEAC,TIGHTEND,TE,2016,6,2,177,2,0.0,0.0,0.0,0.0,0.0,0.0,0.0,0.0,0.0,0.0,0.0,0.0,0.0,0.0,0.0,0.0,0.0,0.0,0.0,0.0,0.0,0.0,0.0,0.0,0.0,0.0,0.0,0.0,0.0,0.0,0.0,0.0,0.0,4.0,0.0,49.0,0.0,0.0,0.0,,,,,17.0,,,,12.25,,,,,,
2016_178_531111,531111,D.J. White,Georgia Tech,ACC,CORNERBACK,DB,2016,6,3,178,3,0.0,0.0,0.0,0.0,0.0,0.0,0.0,0.0,0.0,0.0,7.0,1.0,38.0,0.0,0.0,0.0,0.0,0.0,0.0,0.0,0.0,0.0,0.0,0.0,0.0,0.0,0.0,0.0,0.0,0.0,0.0,0.0,0.0,0.0,0.0,0.0,0.0,0.0,0.0,,,,,,,,,,,,,,,5.428571428571429
2016_179_517486,517486,Drew Kaser,Texas A&M,SEC,PUNTER,ST,2016,6,4,179,4,0.0,0.0,0.0,0.0,0.0,0.0,0.0,0.0,0.0,0.0,0.0,0.0,0.0,0.0,0.0,0.0,0.0,0.0,0.0,0.0,0.0,1.0,1.0,0.0,0.0,3.0,0.0,0.0,0.0,22.0,168.0,6.0,7761.0,0.0,0.0,0.0,0.0,0.0,0.0,,,,76.0,,,1.0,3.0,,,,,46.19642857142857,,
2016_182_530568,530568,Keenan Reynolds,Navy,FBS Independents,WIDERECEIVER,WR,2016,6,7,182,4,0.0,0.0,0.0,0.0,0.0,0.0,0.0,0.0,0.0,0.0,0.0,0.0,0.0,0.0,0.0,0.0,0.0,0.0,0.0,0.0,0.0,462.0,242.0,8.0,31.0,4001.0,0.0,0.0,0.0,0.0,0.0,0.0,0.0,1.0,0.0,47.0,977.0,88.0,4559.0,,,,,47.0,72.0,0.5238095238095238,8.66017316017316,47.0,4.66632548618219,,,,,
2016_184_535353,535353,Jerell Adams,South Carolina,SEC,TIGHTEND,TE,2016,6,9,184,4,0.0,0.0,0.0,0.0,0.0,0.0,0.0,0.0,0.0,0.0,0.0,0.0,0.0,0.0,0.0,0.0,0.0,0.0,0.0,0.0,0.0,0.0,0.0,0.0,0.0,0.0,0.0,0.0,0.0,0.0,0.0,0.0,0.0,66.0,7.0,977.0,0.0,0.0,0.0,,,,,45.0,,,,14.803030303030305,,,,,,
2016_186_514493,514493,Jakeem Grant,Texas Tech,Big 12,WIDERECEIVER,WR,2016,6,11,186,4,0.0,0.0,0.0,0.0,0.0,0.0,0.0,0.0,0.0,0.0,0.0,0.0,0.0,88.0,4.0,2169.0,0.0,0.0,0.0,0.0,0.0,1.0,1.0,0.0,1.0,72.0,1.0,0.0,1.0,0.0,0.0,0.0,0.0,254.0,27.0,3286.0,33.0,2.0,199.0,100.0,,1.0,,90.0,40.0,1.0,72.0,12.937007874015748,6.03030303030303,24.647727272727273,1.0,,,
2016_187_535825,535825,Nate Sudfeld,Indiana,Big Ten,QUARTERBACK,QB,2016,6,12,187,4,0.0,0.0,0.0,0.0,0.0,0.0,0.0,0.0,0.0,0.0,0.0,0.0,0.0,0.0,0.0,0.0,0.0,0.0,0.0,0.0,0.0,983.0,593.0,20.0,61.0,7879.0,0.0,0.0,0.0,0.0,0.0,0.0,0.0,0.0,0.0,0.0,135.0,8.0,132.0,,,,,,21.0,0.6032553407934893,8.015259409969481,,0.9777777777777776,,,,,
2016_189_534774,534774,Anthony Brown,Purdue,Big Ten,CORNERBACK,DB,2016,6,14,189,1,0.0,0.0,0.0,0.0,0.0,0.0,0.0,0.0,0.0,0.0,4.0,0.0,4.0,0.0,0.0,0.0,0.0,0.0,0.0,0.0,0.0,0.0,0.0,0.0,0.0,0.0,0.0,0.0,0.0,0.0,0.0,0.0,0.0,0.0,0.0,0.0,1.0,0.0,39.0,,,,,,39.0,,,,39.0,,,,,1.0
2016_190_517425,517425,Josh Forrest,Kentucky,SEC,INSIDELINEBACKER,LB,2016,6,15,190,3,0.0,0.0,0.0,0.0,0.0,0.0,0.0,0.0,0.0,0.0,5.0,2.0,152.0,0.0,0.0,0.0,0.0,0.0,0.0,0.0,0.0,0.0,0.0,0.0,0.0,0.0,2.0,0.0,-9.0,0.0,0.0,0.0,0.0,0.0,0.0,0.0,0.0,0.0,0.0,,,0.0,,,,,,,,,-4.5,,,30.4
2016_191_518380,518380,Jake Rudock,Michigan,Big Ten,QUARTERBACK,QB,2016,6,16,191,3,0.0,0.0,0.0,0.0,0.0,0.0,0.0,0.0,0.0,0.0,0.0,0.0,0.0,0.0,0.0,0.0,0.0,0.0,0.0,0.0,0.0,1080.0,666.0,27.0,54.0,7836.0,0.0,0.0,0.0,0.0,0.0,0.0,0.0,1.0,0.0,10.0,192.0,12.0,560.0,,,,,13.0,31.0,0.6166666666666667,7.2555555555555555,10.0,2.9166666666666665,,,,,
2016_192_531231,531231,Kolby Listenbee,TCU,Big 12,WIDERECEIVER,WR,2016,6,17,192,4,0.0,0.0,0.0,0.0,0.0,0.0,0.0,0.0,0.0,0.0,0.0,0.0,0.0,8.0,0.0,177.0,0.0,0.0,0.0,0.0,0.0,1.0,1.0,0.0,1.0,31.0,0.0,0.0,0.0,0.0,0.0,0.0,0.0,74.0,9.0,1432.0,3.0,0.0,30.0,40.0,,,,60.0,14.0,1.0,31.0,19.35135135135135,10.0,22.125,,,,
2016_193_501264,501264,Sebastian Tretola,Arkansas,SEC,OFFENSIVEGUARD,OL,2016,6,18,193,1,0.0,0.0,0.0,0.0,0.0,0.0,0.0,0.0,0.0,0.0,0.0,0.0,0.0,0.0,0.0,0.0,0.0,0.0,0.0,0.0,0.0,1.0,1.0,0.0,1.0,6.0,0.0,0.0,0.0,0.0,0.0,0.0,0.0,0.0,0.0,0.0,0.0,0.0,0.0,,,,,,,1.0,6.0,,,,,,,
2016_196_511691,511691,Blake Countess,Michigan,Big Ten,CORNERBACK,DB,2016,6,21,196,2,0.0,0.0,0.0,0.0,0.0,0.0,0.0,0.0,0.0,0.0,8.0,1.0,174.0,3.0,0.0,105.0,0.0,0.0,0.0,0.0,0.0,0.0,0.0,0.0,0.0,0.0,0.0,0.0,0.0,0.0,0.0,0.0,0.0,0.0,0.0,0.0,0.0,0.0,0.0,61.0,,,,,,,,,,35.0,,,,21.75
2016_198_514234,514234,Derek Watt,Wisconsin,Big Ten,FULLBACK,RB,2016,6,23,198,4,0.0,0.0,0.0,0.0,0.0,0.0,0.0,0.0,0.0,0.0,0.0,0.0,0.0,0.0,0.0,0.0,0.0,0.0,0.0,0.0,0.0,0.0,0.0,0.0,0.0,0.0,0.0,0.0,0.0,0.0,0.0,0.0,0.0,30.0,1.0,309.0,13.0,0.0,60.0,,,,,33.0,19.0,,,10.3,4.615384615384615,,,,,
2016_199_536197,536197,Cody Core,Ole Miss,SEC,WIDERECEIVER,WR,2016,6,24,199,4,0.0,0.0,0.0,0.0,0.0,0.0,0.0,0.0,0.0,0.0,0.0,0.0,0.0,0.0,0.0,0.0,0.0,0.0,0.0,0.0,0.0,0.0,0.0,0.0,0.0,0.0,0.0,0.0,0.0,0.0,0.0,0.0,0.0,83.0,10.0,1297.0,5.0,0.0,87.0,,,,,76.0,30.0,,,15.626506024096386,17.4,,,,,
2016_201_515915,515915,Brandon Allen,Arkansas,SEC,QUARTERBACK,QB,2016,6,26,201,4,0.0,0.0,0.0,0.0,0.0,0.0,0.0,0.0,0.0,0.0,0.0,0.0,0.0,0.0,0.0,0.0,0.0,0.0,0.0,0.0,0.0,1016.0,583.0,26.0,64.0,7463.0,0.0,0.0,0.0,0.0,0.0,0.0,0.0,1.0,0.0,11.0,135.0,4.0,133.0,,,,,11.0,27.0,0.5738188976377953,7.3454724409448815,11.0,0.9851851851851852,,,,,
2016_202_518208,518208,Anthony Zettel,Penn State,Big Ten,DEFENSIVEEND,DL,2016,6,27,202,2,0.0,0.0,0.0,0.0,0.0,0.0,0.0,0.0,0.0,0.0,4.0,1.0,70.0,0.0,0.0,0.0,0.0,0.0,0.0,0.0,0.0,0.0,0.0,0.0,0.0,0.0,0.0,0.0,0.0,0.0,0.0,0.0,0.0,0.0,0.0,0.0,0.0,0.0,0.0,,,,,,,,,,,,,,,17.5
2016_203_515570,515570,Dadi Lhomme Nicolas,Virginia Tech,ACC,OUTSIDELINEBACKER,LB,2016,6,28,203,1,0.0,0.0,0.0,0.0,0.0,0.0,0.0,0.0,0.0,0.0,1.0,0.0,0.0,0.0,0.0,0.0,0.0,0.0,0.0,0.0,0.0,0.0,0.0,0.0,0.0,0.0,0.0,0.0,0.0,0.0,0.0,0.0,0.0,0.0,0.0,0.0,0.0,0.0,0.0,,,,,,,,,,,,,,,0.0
2016_204_535603,535603,Jordan Lucas,Penn State,Big Ten,SAFETY,DB,2016,6,29,204,2,0.0,0.0,0.0,0.0,0.0,0.0,0.0,0.0,0.0,0.0,3.0,0.0,37.0,0.0,0.0,0.0,0.0,0.0,0.0,0.0,0.0,0.0,0.0,0.0,0.0,0.0,1.0,0.0,1.0,0.0,0.0,0.0,0.0,0.0,0.0,0.0,0.0,0.0,0.0,,,1.0,,,,,,,,,1.0,,,12.333333333333334
2016_206_3123986,3123986,Michael Thomas,Southern Miss,Conference USA,WIDERECEIVER,WR,2016,6,31,206,2,0.0,0.0,0.0,0.0,0.0,0.0,0.0,0.0,0.0,0.0,0.0,0.0,0.0,41.0,1.0,936.0,0.0,0.0,0.0,0.0,0.0,0.0,0.0,0.0,0.0,0.0,0.0,0.0,0.0,0.0,0.0,0.0,0.0,112.0,19.0,1983.0,0.0,0.0,0.0,100.0,,,,69.0,,,,17.705357142857142,,22.82926829268293,,,,
2016_207_511889,511889,Jeff Driskel,Louisiana Tech,Conference USA,QUARTERBACK,QB,2016,6,32,207,5,0.0,0.0,0.0,0.0,0.0,0.0,0.0,0.0,0.0,0.0,0.0,0.0,0.0,0.0,0.0,0.0,0.0,0.0,0.0,0.0,0.0,1002.0,609.0,28.0,50.0,7444.0,0.0,0.0,0.0,0.0,1.0,0.0,15.0,0.0,0.0,0.0,312.0,14.0,967.0,,,,15.0,,70.0,0.6077844311377245,7.429141716566866,,3.0993589743589745,,,15.0,,
2016_209_535550,535550,Maurice Canady,Virginia,ACC,CORNERBACK,DB,2016,6,34,209,3,0.0,0.0,0.0,0.0,0.0,0.0,0.0,0.0,0.0,0.0,5.0,1.0,108.0,0.0,0.0,0.0,0.0,0.0,0.0,0.0,0.0,0.0,0.0,0.0,0.0,0.0,5.0,1.0,126.0,0.0,0.0,0.0,0.0,0.0,0.0,0.0,0.0,0.0,0.0,,,74.0,,,,,,,,,25.2,,,21.6
2016_211_546318,546318,Kelvin Taylor,Florida,SEC,RUNNINGBACK,RB,2016,6,36,211,3,0.0,0.0,0.0,0.0,0.0,0.0,0.0,0.0,0.0,0.0,0.0,0.0,0.0,0.0,0.0,0.0,0.0,0.0,0.0,0.0,0.0,0.0,0.0,0.0,0.0,0.0,0.0,0.0,0.0,0.0,0.0,0.0,0.0,24.0,0.0,179.0,486.0,23.0,2108.0,,,,,43.0,65.0,,,7.458333333333333,4.337448559670782,,,,,
2016_212_531445,531445,Kavon Frazier,Central Michigan,Mid-American,SAFETY,DB,2016,6,37,212,3,0.0,0.0,0.0,0.0,0.0,0.0,0.0,0.0,0.0,0.0,5.0,1.0,79.0,0.0,0.0,0.0,0.0,0.0,0.0,0.0,0.0,0.0,0.0,0.0,0.0,0.0,1.0,0.0,3.0,0.0,0.0,0.0,0.0,0.0,0.0,0.0,0.0,0.0,0.0,,,3.0,,,,,,,,,3.0,,,15.8
2016_213_535857,535857,Aaron Burbridge,Michigan State,Big Ten,WIDERECEIVER,WR,2016,6,38,213,4,0.0,0.0,0.0,0.0,0.0,0.0,0.0,0.0,0.0,0.0,0.0,0.0,0.0,1.0,0.0,-11.0,0.0,0.0,0.0,0.0,0.0,0.0,0.0,0.0,0.0,0.0,0.0,0.0,0.0,0.0,0.0,0.0,0.0,165.0,10.0,2174.0,22.0,0.0,149.0,-11.0,,,,56.0,35.0,,,13.175757575757576,6.7727272727272725,-11.0,,,,
2016_214_538490,538490,Elandon Roberts,Morgan State,MEAC,INSIDELINEBACKER,LB,2016,6,39,214,2,0.0,0.0,0.0,0.0,0.0,0.0,0.0,0.0,0.0,0.0,2.0,0.0,10.0,1.0,0.0,0.0,0.0,0.0,0.0,0.0,0.0,0.0,0.0,0.0,0.0,0.0,0.0,0.0,0.0,0.0,0.0,0.0,0.0,0.0,0.0,0.0,0.0,0.0,0.0,0.0,,,,,,,,,,0.0,,,,5.0
2016_216_536053,536053,Darius Jackson,Eastern Michigan,Mid-American,RUNNINGBACK,RB,2016,6,41,216,4,0.0,0.0,0.0,0.0,0.0,0.0,0.0,0.0,0.0,0.0,0.0,0.0,0.0,7.0,0.0,122.0,0.0,0.0,0.0,0.0,0.0,0.0,0.0,0.0,0.0,0.0,0.0,0.0,0.0,0.0,0.0,0.0,0.0,39.0,4.0,353.0,304.0,16.0,1513.0,23.0,,,,38.0,63.0,,,9.051282051282053,4.9769736842105265,17.428571428571427,,,,
2016_218_530991,530991,Kevon Seymour,USC,Pac-12,CORNERBACK,DB,2016,6,43,218,3,0.0,0.0,0.0,0.0,0.0,0.0,0.0,0.0,0.0,0.0,3.0,0.0,67.0,7.0,0.0,92.0,0.0,0.0,0.0,0.0,0.0,0.0,0.0,0.0,0.0,0.0,0.0,0.0,0.0,0.0,0.0,0.0,0.0,0.0,0.0,0.0,0.0,0.0,0.0,33.0,,,,,,,,,,13.142857142857142,,,,22.333333333333332
2016_219_530842,530842,Will Parks,Arizona,Pac-12,SAFETY,DB,2016,6,44,219,2,0.0,0.0,0.0,0.0,0.0,0.0,0.0,0.0,0.0,0.0,4.0,1.0,102.0,0.0,0.0,0.0,0.0,0.0,0.0,0.0,0.0,0.0,0.0,0.0,0.0,0.0,0.0,0.0,0.0,0.0,0.0,0.0,0.0,0.0,0.0,0.0,0.0,0.0,0.0,,,,,,,,,,,,,,,25.5
2016_220_513048,513048,Travis Feeney,Washington,Pac-12,OUTSIDELINEBACKER,LB,2016,6,45,220,2,0.0,0.0,0.0,0.0,0.0,0.0,0.0,0.0,0.0,0.0,4.0,1.0,148.0,0.0,0.0,0.0,0.0,0.0,0.0,0.0,0.0,0.0,0.0,0.0,0.0,0.0,0.0,0.0,0.0,0.0,0.0,0.0,0.0,0.0,0.0,0.0,0.0,0.0,0.0,,,,,,,,,,,,,,,37.0
2016_223_504866,504866,Brandon Doughty,Western Kentucky,Sun Belt,QUARTERBACK,QB,2016,7,2,223,5,0.0,0.0,0.0,0.0,0.0,0.0,0.0,0.0,0.0,0.0,0.0,0.0,0.0,0.0,0.0,0.0,0.0,0.0,0.0,0.0,0.0,1491.0,1023.0,34.0,111.0,12855.0,0.0,0.0,0.0,0.0,0.0,0.0,0.0,1.0,1.0,7.0,102.0,3.0,-285.0,,,,,7.0,15.0,0.6861167002012073,8.621730382293762,7.0,-2.7941176470588234,,,,,
2016_225_511983,511983,Devin Lucien,UCLA,Pac-12,WIDERECEIVER,WR,2016,7,4,225,4,0.0,0.0,0.0,0.0,0.0,0.0,0.0,0.0,0.0,0.0,0.0,0.0,0.0,1.0,0.0,39.0,0.0,0.0,0.0,0.0,0.0,1.0,0.0,0.0,0.0,0.0,0.0,0.0,0.0,0.0,0.0,0.0,0.0,124.0,12.0,1826.0,2.0,0.0,37.0,39.0,,,,59.0,34.0,0.0,0.0,14.725806451612904,18.5,39.0,,,,
2016_227_532004,532004,Stephen Weatherly,Vanderbilt,SEC,OUTSIDELINEBACKER,LB,2016,7,6,227,1,0.0,0.0,0.0,0.0,0.0,0.0,0.0,0.0,0.0,0.0,0.0,0.0,0.0,0.0,0.0,0.0,0.0,0.0,0.0,0.0,0.0,0.0,0.0,0.0,0.0,0.0,1.0,1.0,26.0,0.0,0.0,0.0,0.0,0.0,0.0,0.0,0.0,0.0,0.0,,,26.0,,,,,,,,,26.0,,,
2016_228_514471,514471,Riley Dixon,Syracuse,Big East,PUNTER,ST,2016,7,7,228,4,0.0,0.0,0.0,0.0,0.0,0.0,0.0,0.0,0.0,0.0,0.0,0.0,0.0,0.0,0.0,0.0,0.0,0.0,0.0,0.0,0.0,2.0,2.0,0.0,1.0,0.0,0.0,0.0,0.0,23.0,218.0,4.0,9291.0,0.0,0.0,0.0,5.0,0.0,54.0,,,,75.0,,42.0,1.0,0.0,,10.8,,,42.61926605504587,,
2016_229_545543,545543,Demarcus Ayers,Houston,American Athletic,WIDERECEIVER,WR,2016,7,8,229,3,0.0,0.0,0.0,0.0,0.0,0.0,0.0,0.0,0.0,0.0,0.0,0.0,0.0,71.0,1.0,1613.0,0.0,0.0,0.0,0.0,0.0,3.0,2.0,0.0,2.0,49.0,34.0,1.0,312.0,0.0,0.0,0.0,0.0,142.0,9.0,1687.0,27.0,1.0,151.0,95.0,,73.0,,67.0,53.0,0.6666666666666666,16.333333333333332,11.880281690140846,5.592592592592593,22.718309859154928,9.176470588235292,,,
2016_230_532661,532661,Daniel Braverman,Western Michigan,Mid-American,WIDERECEIVER,WR,2016,7,9,230,3,0.0,0.0,0.0,0.0,0.0,0.0,0.0,0.0,0.0,0.0,0.0,0.0,0.0,15.0,0.0,312.0,0.0,0.0,0.0,0.0,0.0,1.0,1.0,0.0,0.0,11.0,26.0,0.0,109.0,0.0,0.0,0.0,0.0,212.0,19.0,2499.0,12.0,2.0,76.0,43.0,,33.0,,68.0,65.0,1.0,11.0,11.787735849056604,6.333333333333333,20.8,4.1923076923076925,,,
2016_231_547596,547596,Thomas Duarte,UCLA,Pac-12,WIDERECEIVER,WR,2016,7,10,231,3,0.0,0.0,0.0,0.0,0.0,0.0,0.0,0.0,0.0,0.0,0.0,0.0,0.0,0.0,0.0,0.0,0.0,0.0,0.0,0.0,0.0,0.0,0.0,0.0,0.0,0.0,0.0,0.0,0.0,0.0,0.0,0.0,0.0,97.0,17.0,1626.0,0.0,0.0,0.0,,,,,57.0,,,,16.762886597938145,,,,,,
2016_232_530468,530468,Steven Daniels,Boston College,ACC,INSIDELINEBACKER,LB,2016,7,11,232,3,0.0,0.0,0.0,0.0,0.0,0.0,0.0,0.0,0.0,0.0,3.0,0.0,49.0,0.0,0.0,0.0,0.0,0.0,0.0,0.0,0.0,0.0,0.0,0.0,0.0,0.0,0.0,0.0,0.0,0.0,0.0,0.0,0.0,0.0,0.0,0.0,0.0,0.0,0.0,,,,,,,,,,,,,,,16.333333333333332
2016_233_534427,534427,Jalen Mills,LSU,SEC,SAFETY,DB,2016,7,12,233,3,0.0,0.0,0.0,0.0,0.0,0.0,0.0,0.0,0.0,0.0,6.0,0.0,12.0,0.0,0.0,0.0,0.0,0.0,0.0,0.0,0.0,0.0,0.0,0.0,0.0,0.0,0.0,0.0,0.0,0.0,0.0,0.0,0.0,0.0,0.0,0.0,0.0,0.0,0.0,,,,,,,,,,,,,,,2.0
2016_236_542080,542080,Dwayne Washington,Washington,Pac-12,RUNNINGBACK,RB,2016,7,15,236,3,0.0,0.0,0.0,0.0,0.0,0.0,0.0,0.0,0.0,0.0,0.0,0.0,0.0,2.0,0.0,22.0,0.0,0.0,0.0,0.0,0.0,0.0,0.0,0.0,0.0,0.0,0.0,0.0,0.0,0.0,0.0,0.0,0.0,41.0,4.0,411.0,226.0,17.0,1311.0,18.0,,,,81.0,71.0,,,10.024390243902438,5.800884955752212,11.0,,,,
2016_237_517016,517016,Daniel Lasco,California,Pac-12,RUNNINGBACK,RB,2016,7,16,237,4,0.0,0.0,0.0,0.0,0.0,0.0,0.0,0.0,0.0,0.0,0.0,0.0,0.0,5.0,0.0,65.0,0.0,0.0,0.0,0.0,0.0,0.0,0.0,0.0,0.0,0.0,0.0,0.0,0.0,0.0,0.0,0.0,0.0,48.0,2.0,458.0,348.0,18.0,1872.0,21.0,,,,92.0,77.0,,,9.541666666666666,5.379310344827586,13.0,,,,
2016_241_511213,511213,Charone Peake,Clemson,ACC,WIDERECEIVER,WR,2016,7,20,241,5,0.0,0.0,0.0,0.0,0.0,0.0,0.0,0.0,0.0,0.0,0.0,0.0,0.0,2.0,0.0,22.0,0.0,0.0,0.0,0.0,0.0,0.0,0.0,0.0,0.0,0.0,0.0,0.0,0.0,0.0,0.0,0.0,0.0,99.0,10.0,1172.0,2.0,0.0,-9.0,13.0,,,,64.0,4.0,,,11.83838383838384,-4.5,11.0,,,,
2016_242_530937,530937,Keith Marshall,Georgia,SEC,RUNNINGBACK,RB,2016,7,21,242,4,0.0,0.0,0.0,0.0,0.0,0.0,0.0,0.0,0.0,0.0,0.0,0.0,0.0,1.0,0.0,18.0,0.0,0.0,0.0,0.0,0.0,0.0,0.0,0.0,0.0,0.0,0.0,0.0,0.0,0.0,0.0,0.0,0.0,24.0,3.0,225.0,253.0,12.0,1379.0,18.0,,,,48.0,75.0,,,9.375,5.450592885375494,18.0,,,,
2016_243_535270,535270,Kenny Lawler,California,Pac-12,WIDERECEIVER,WR,2016,7,22,243,3,0.0,0.0,0.0,0.0,0.0,0.0,0.0,0.0,0.0,0.0,0.0,0.0,0.0,0.0,0.0,0.0,0.0,0.0,0.0,0.0,0.0,0.0,0.0,0.0,0.0,0.0,0.0,0.0,0.0,0.0,0.0,0.0,0.0,143.0,27.0,1706.0,1.0,0.0,5.0,,,,,52.0,5.0,,,11.93006993006993,5.0,,,,,
2016_244_546636,546636,Jayron Kearse,Clemson,ACC,SAFETY,DB,2016,7,23,244,3,0.0,0.0,0.0,0.0,0.0,0.0,0.0,0.0,0.0,0.0,7.0,0.0,83.0,0.0,0.0,0.0,0.0,0.0,0.0,0.0,0.0,0.0,0.0,0.0,0.0,0.0,0.0,0.0,0.0,0.0,0.0,0.0,0.0,0.0,0.0,0.0,0.0,0.0,0.0,,,,,,,,,,,,,,,11.857142857142858
2016_245_546066,546066,Clayton Fejedelem,Illinois,Big Ten,SAFETY,DB,2016,7,24,245,1,0.0,0.0,0.0,0.0,0.0,0.0,0.0,0.0,0.0,0.0,2.0,0.0,18.0,0.0,0.0,0.0,0.0,0.0,0.0,0.0,0.0,0.0,0.0,0.0,0.0,0.0,1.0,1.0,0.0,0.0,0.0,0.0,0.0,0.0,0.0,0.0,0.0,0.0,0.0,,,0.0,,,,,,,,,0.0,,,9.0
2016_246_534341,534341,Tyler Matakevich,Temple,American Athletic,INSIDELINEBACKER,LB,2016,7,25,246,3,0.0,0.0,0.0,0.0,0.0,0.0,0.0,0.0,0.0,0.0,7.0,0.0,94.0,0.0,0.0,0.0,0.0,0.0,0.0,0.0,0.0,0.0,0.0,0.0,0.0,0.0,0.0,0.0,0.0,0.0,0.0,0.0,0.0,0.0,0.0,0.0,0.0,0.0,0.0,,,,,,,,,,,,,,,13.428571428571429
2016_247_534582,534582,Zac Brooks,Clemson,ACC,RUNNINGBACK,RB,2016,7,26,247,3,0.0,0.0,0.0,0.0,0.0,0.0,0.0,0.0,0.0,0.0,0.0,0.0,0.0,0.0,0.0,0.0,0.0,0.0,0.0,0.0,0.0,0.0,0.0,0.0,0.0,0.0,0.0,0.0,0.0,0.0,0.0,0.0,0.0,18.0,3.0,205.0,115.0,5.0,599.0,,,,,35.0,35.0,,,11.38888888888889,5.208695652173913,,,,,
2016_249_540670,540670,Prince Charles Iworah,Western Kentucky,Conference USA,CORNERBACK,DB,2016,7,28,249,2,0.0,0.0,0.0,0.0,0.0,0.0,0.0,0.0,0.0,0.0,5.0,0.0,20.0,0.0,0.0,0.0,0.0,0.0,0.0,0.0,0.0,0.0,0.0,0.0,0.0,0.0,0.0,0.0,0.0,0.0,0.0,0.0,0.0,0.0,0.0,0.0,0.0,0.0,0.0,,,,,,,,,,,,,,,4.0
2016_251_546390,546390,Joe Walker,Oregon,Pac-12,INSIDELINEBACKER,LB,2016,7,30,251,1,0.0,0.0,0.0,0.0,0.0,0.0,0.0,0.0,0.0,0.0,1.0,0.0,0.0,0.0,0.0,0.0,0.0,0.0,0.0,0.0,0.0,0.0,0.0,0.0,0.0,0.0,0.0,0.0,0.0,0.0,0.0,0.0,0.0,0.0,0.0,0.0,0.0,0.0,0.0,,,,,,,,,,,,,,,0.0
2016_253_531790,531790,Kalan Reed,Southern Miss,Conference USA,CORNERBACK,DB,2016,7,32,253,4,0.0,0.0,0.0,0.0,0.0,0.0,0.0,0.0,0.0,0.0,8.0,3.0,135.0,0.0,0.0,0.0,0.0,0.0,0.0,0.0,0.0,0.0,0.0,0.0,0.0,0.0,0.0,0.0,0.0,0.0,0.0,0.0,0.0,0.0,0.0,0.0,0.0,0.0,0.0,,,,,,,,,,,,,,,16.875
2017_001_3122132,3122132,Myles Garrett,Texas A&M,SEC,DEFENSIVEEND,DL,2017,1,1,1,2,2.0,9.0,8.5,18.0,0.0,15.0,33.0,0.0,0.0,1.0,1.0,0.0,4.0,0.0,0.0,0.0,0.0,0.0,0.0,0.0,0.0,0.0,0.0,0.0,0.0,0.0,1.0,0.0,3.0,0.0,0.0,0.0,0.0,0.0,0.0,0.0,0.0,0.0,0.0,,,3.0,,,,,,,,,3.0,,,4.0
2017_003_3117258,3117258,Solomon Thomas,Stanford,Pac-12,DEFENSIVETACKLE,DL,2017,1,3,3,1,0.0,7.0,8.0,40.0,0.0,14.0,61.0,0.0,0.0,2.0,0.0,0.0,0.0,0.0,0.0,0.0,0.0,0.0,0.0,0.0,0.0,0.0,0.0,0.0,0.0,0.0,0.0,0.0,0.0,0.0,0.0,0.0,0.0,0.0,0.0,0.0,0.0,0.0,0.0,,,,,,,,,,,,,,,
2017_004_559752,559752,Leonard Fournette,LSU,SEC,RUNNINGBACK,RB,2017,1,4,4,3,0.0,0.0,0.0,1.0,0.0,0.0,1.0,3.0,2.0,0.0,0.0,0.0,0.0,25.0,1.0,625.0,0.0,0.0,0.0,0.0,0.0,1.0,0.0,0.0,0.0,0.0,0.0,0.0,0.0,0.0,0.0,0.0,0.0,41.0,1.0,526.0,616.0,40.0,3830.0,100.0,,,,46.0,89.0,0.0,0.0,12.829268292682928,6.217532467532467,25.0,,,,
2017_005_545923,545923,Corey Davis,Western Michigan,Mid-American,WIDERECEIVER,WR,2017,1,5,5,4,0.0,0.0,0.0,1.0,0.0,0.0,1.0,0.0,0.0,0.0,0.0,0.0,0.0,1.0,0.0,0.0,0.0,0.0,0.0,0.0,0.0,2.0,2.0,0.0,0.0,40.0,0.0,0.0,0.0,0.0,0.0,0.0,0.0,332.0,52.0,5285.0,3.0,0.0,13.0,0.0,,,,80.0,11.0,1.0,20.0,15.91867469879518,4.333333333333333,0.0,,,,
2017_006_559592,559592,Jamal Adams,LSU,SEC,SAFETY,DB,2017,1,6,6,2,4.0,1.0,1.0,42.0,0.0,7.5,76.0,0.0,0.0,1.0,5.0,0.0,30.0,0.0,0.0,0.0,0.0,0.0,0.0,0.0,0.0,0.0,0.0,0.0,0.0,0.0,0.0,0.0,0.0,0.0,0.0,0.0,0.0,0.0,0.0,0.0,0.0,0.0,0.0,,,,,,,,,,,,,,,6.0
2017_007_546644,546644,Mike Williams,Clemson,ACC,WIDERECEIVER,WR,2017,1,7,7,4,0.0,0.0,0.0,2.0,0.0,0.0,2.0,2.0,2.0,0.0,0.0,0.0,0.0,0.0,0.0,0.0,0.0,0.0,0.0,0.0,0.0,0.0,0.0,0.0,0.0,0.0,0.0,0.0,0.0,0.0,0.0,0.0,0.0,177.0,21.0,2727.0,0.0,0.0,0.0,,,,,56.0,,,,15.40677966101695,,,,,,
2017_008_3117251,3117251,Christian McCaffrey,Stanford,Pac-12,RUNNINGBACK,RB,2017,1,8,8,3,0.0,0.0,0.0,0.0,0.0,0.0,0.0,1.0,0.0,0.0,0.0,0.0,0.0,57.0,1.0,1479.0,0.0,0.0,0.0,0.0,0.0,3.0,2.0,0.0,2.0,39.0,34.0,1.0,380.0,0.0,0.0,0.0,0.0,99.0,10.0,1206.0,632.0,21.0,3922.0,98.0,,63.0,,75.0,90.0,0.6666666666666666,13.0,12.181818181818182,6.205696202531645,25.94736842105263,11.176470588235292,,,
2017_009_550330,550330,John Ross,Washington,Pac-12,WIDERECEIVER,WR,2017,1,9,9,3,0.0,0.0,0.0,0.0,1.0,0.0,0.0,3.0,2.0,1.0,1.0,0.0,0.0,86.0,4.0,2069.0,0.0,0.0,0.0,0.0,0.0,0.0,0.0,0.0,0.0,0.0,4.0,0.0,21.0,0.0,0.0,0.0,0.0,114.0,22.0,1729.0,20.0,2.0,195.0,100.0,,10.0,,91.0,32.0,,,15.166666666666666,9.75,24.05813953488372,5.25,,,0.0
2017_010_3139477,3139477,Patrick Mahomes,Texas Tech,Big 12,QUARTERBACK,QB,2017,1,10,10,3,0.0,0.0,0.0,0.0,0.0,0.0,0.0,6.0,1.0,0.0,0.0,0.0,0.0,0.0,0.0,0.0,0.0,0.0,0.0,0.0,0.0,1349.0,857.0,29.0,93.0,11252.0,0.0,0.0,0.0,0.0,0.0,0.0,0.0,1.0,0.0,3.0,308.0,22.0,845.0,,,,,3.0,32.0,0.6352853965900667,8.3409933283914,3.0,2.7435064935064934,,,,,
2017_011_3121421,3121421,Marshon Lattimore,Ohio State,Big Ten,CORNERBACK,DB,2017,1,11,11,1,9.0,0.0,0.0,30.0,1.0,1.0,41.0,0.0,0.0,0.0,4.0,1.0,61.0,0.0,0.0,0.0,0.0,0.0,0.0,0.0,0.0,0.0,0.0,0.0,0.0,0.0,0.0,0.0,0.0,0.0,0.0,0.0,0.0,0.0,0.0,0.0,0.0,0.0,0.0,,,,,,,,,,,,,,,15.25
2017_012_3122840,3122840,Deshaun Watson,Clemson,ACC,QUARTERBACK,QB,2017,1,12,12,3,0.0,0.0,0.0,0.0,0.0,0.0,0.0,3.0,2.0,0.0,0.0,0.0,0.0,0.0,0.0,0.0,0.0,0.0,0.0,0.0,0.0,1206.0,813.0,32.0,90.0,10163.0,0.0,0.0,0.0,0.0,2.0,0.0,61.0,0.0,0.0,0.0,435.0,26.0,1934.0,,,,38.0,,63.0,0.6741293532338308,8.427031509121061,,4.445977011494253,,,30.5,,
2017_013_536179,536179,Haason Reddick,Temple,American Athletic,INSIDELINEBACKER,LB,2017,1,13,13,1,3.0,3.0,9.5,43.0,0.0,22.5,65.0,0.0,0.0,1.0,1.0,0.0,5.0,0.0,0.0,0.0,0.0,0.0,0.0,0.0,0.0,0.0,0.0,0.0,0.0,0.0,0.0,0.0,0.0,0.0,0.0,0.0,0.0,0.0,0.0,0.0,0.0,0.0,0.0,,,,,,,,,,,,,,,5.0
2017_014_559724,559724,Derek Barnett,Tennessee,SEC,DEFENSIVEEND,DL,2017,1,14,14,1,5.0,16.0,13.0,40.0,0.0,19.0,56.0,0.0,0.0,0.0,1.0,0.0,7.0,0.0,0.0,0.0,0.0,0.0,0.0,0.0,0.0,0.0,0.0,0.0,0.0,0.0,0.0,0.0,0.0,0.0,0.0,0.0,0.0,0.0,0.0,0.0,0.0,0.0,0.0,,,,,,,,,,,,,,,7.0
2017_015_3121415,3121415,Malik Hooker,Ohio State,Big Ten,SAFETY,DB,2017,1,15,15,1,4.0,0.0,0.5,43.0,3.0,5.5,74.0,0.0,0.0,0.0,7.0,3.0,181.0,0.0,0.0,0.0,0.0,0.0,0.0,0.0,0.0,0.0,0.0,0.0,0.0,0.0,0.0,0.0,0.0,0.0,0.0,0.0,0.0,0.0,0.0,0.0,0.0,0.0,0.0,,,,,,,,,,,,,,,25.857142857142858
2017_016_3126356,3126356,Marlon Humphrey,Alabama,SEC,CORNERBACK,DB,2017,1,16,16,2,5.0,0.0,0.0,26.0,1.0,3.0,36.0,0.0,0.0,0.0,5.0,1.0,46.0,0.0,0.0,0.0,0.0,0.0,0.0,0.0,0.0,0.0,0.0,0.0,0.0,0.0,0.0,0.0,0.0,0.0,0.0,0.0,0.0,0.0,0.0,0.0,0.0,0.0,0.0,,,,,,,,,,,,,,,9.2
2017_017_551288,551288,Jonathan Allen,Alabama,SEC,DEFENSIVETACKLE,DL,2017,1,17,17,1,2.0,15.0,10.5,33.0,0.0,16.0,69.0,0.0,0.0,2.0,0.0,0.0,0.0,0.0,0.0,0.0,0.0,0.0,0.0,0.0,0.0,0.0,0.0,0.0,0.0,0.0,0.0,0.0,0.0,0.0,0.0,0.0,0.0,0.0,0.0,0.0,0.0,0.0,0.0,,,,,,,,,,,,,,,
2017_018_3120347,3120347,Adoree' Jackson,USC,Pac-12,CORNERBACK,DB,2017,1,18,18,3,11.0,0.0,0.0,46.0,3.0,2.0,55.0,3.0,1.0,2.0,6.0,1.0,67.0,82.0,4.0,2141.0,0.0,0.0,0.0,0.0,0.0,0.0,0.0,0.0,0.0,0.0,47.0,4.0,578.0,0.0,0.0,0.0,0.0,39.0,6.0,628.0,15.0,0.0,92.0,100.0,,77.0,,83.0,27.0,,,16.102564102564102,6.133333333333334,26.109756097560975,12.297872340425531,,,11.166666666666666
2017_019_546370,546370,O.J. Howard,Alabama,SEC,TIGHTEND,TE,2017,1,19,19,4,0.0,0.0,0.0,1.0,0.0,0.0,1.0,0.0,0.0,0.0,0.0,0.0,0.0,2.0,0.0,10.0,0.0,0.0,0.0,0.0,0.0,0.0,0.0,0.0,0.0,0.0,0.0,0.0,0.0,0.0,0.0,0.0,0.0,114.0,7.0,1726.0,0.0,0.0,0.0,5.0,,,,68.0,,,,15.140350877192985,,5.0,,,,
2017_021_551315,551315,Jarrad Davis,Florida,SEC,INSIDELINEBACKER,LB,2017,1,21,21,3,4.0,5.0,2.0,29.0,0.0,6.0,60.0,0.0,0.0,0.0,1.0,0.0,0.0,1.0,0.0,4.0,0.0,0.0,0.0,0.0,0.0,0.0,0.0,0.0,0.0,0.0,0.0,0.0,0.0,0.0,0.0,0.0,0.0,0.0,0.0,0.0,0.0,0.0,0.0,4.0,,,,,,,,,,4.0,,,,0.0
2017_022_549904,549904,Charles Harris,Missouri,SEC,OUTSIDELINEBACKER,LB,2017,1,22,22,1,2.0,10.0,9.0,35.0,0.0,12.0,61.0,0.0,0.0,0.0,0.0,0.0,0.0,0.0,0.0,0.0,0.0,0.0,0.0,0.0,0.0,0.0,0.0,0.0,0.0,0.0,0.0,0.0,0.0,0.0,0.0,0.0,0.0,0.0,0.0,0.0,0.0,0.0,0.0,,,,,,,,,,,,,,,
2017_023_550117,550117,Evan Engram,Ole Miss,SEC,TIGHTEND,TE,2017,1,23,23,4,0.0,0.0,0.0,0.0,0.0,0.0,0.0,0.0,0.0,0.0,0.0,0.0,0.0,0.0,0.0,0.0,0.0,0.0,0.0,0.0,0.0,0.0,0.0,0.0,0.0,0.0,0.0,0.0,0.0,0.0,0.0,0.0,0.0,162.0,15.0,2320.0,0.0,0.0,0.0,,,,,83.0,,,,14.320987654320987,,,,,,
2017_024_549810,549810,Gareon Conley,Ohio State,Big Ten,CORNERBACK,DB,2017,1,24,24,2,8.0,0.0,0.0,21.0,0.0,0.0,26.0,0.0,0.0,0.0,6.0,0.0,0.0,0.0,0.0,0.0,0.0,0.0,0.0,0.0,0.0,0.0,0.0,0.0,0.0,0.0,0.0,0.0,0.0,0.0,0.0,0.0,0.0,0.0,0.0,0.0,0.0,0.0,0.0,,,,,,,,,,,,,,,0.0
2017_025_3115962,3115962,Jabrill Peppers,Michigan,Big Ten,SAFETY,DB,2017,1,25,25,3,1.0,7.0,4.0,47.0,1.0,13.5,72.0,1.0,0.0,0.0,1.0,0.0,11.0,19.0,0.0,483.0,0.0,0.0,0.0,0.0,0.0,1.0,0.0,0.0,0.0,0.0,39.0,1.0,510.0,0.0,0.0,0.0,0.0,10.0,0.0,82.0,45.0,5.0,239.0,55.0,,54.0,,28.0,63.0,0.0,0.0,8.2,5.311111111111111,25.42105263157895,13.076923076923077,,,11.0
2017_026_3152371,3152371,Takkarist McKinley,UCLA,Pac-12,DEFENSIVEEND,DL,2017,1,26,26,2,6.0,3.0,10.0,50.0,0.0,18.0,61.0,0.0,0.0,1.0,0.0,0.0,0.0,0.0,0.0,0.0,0.0,0.0,0.0,0.0,0.0,0.0,0.0,0.0,0.0,0.0,1.0,0.0,32.0,0.0,0.0,0.0,0.0,0.0,0.0,0.0,0.0,0.0,0.0,,,32.0,,,,,,,,,32.0,,,
2017_027_545878,545878,Tre'Davious White,LSU,SEC,CORNERBACK,DB,2017,1,27,27,4,14.0,0.0,0.5,19.0,2.0,4.0,35.0,1.0,1.0,0.0,6.0,1.0,61.0,0.0,0.0,0.0,0.0,0.0,0.0,0.0,0.0,0.0,0.0,0.0,0.0,0.0,70.0,3.0,688.0,0.0,0.0,0.0,0.0,0.0,0.0,0.0,0.0,0.0,0.0,,,69.0,,,,,,,,,9.82857142857143,,,10.166666666666666
2017_028_546716,546716,Taco Charlton,Michigan,Big Ten,DEFENSIVEEND,DL,2017,1,28,28,1,2.0,8.0,9.5,20.0,0.0,13.0,39.0,0.0,0.0,0.0,0.0,0.0,0.0,0.0,0.0,0.0,0.0,0.0,0.0,0.0,0.0,0.0,0.0,0.0,0.0,0.0,0.0,0.0,0.0,0.0,0.0,0.0,0.0,0.0,0.0,0.0,0.0,0.0,0.0,,,,,,,,,,,,,,,
2017_029_3123076,3123076,David Njoku,Miami,ACC,TIGHTEND,TE,2017,1,29,29,2,0.0,0.0,0.0,0.0,0.0,0.0,1.0,0.0,0.0,0.0,0.0,0.0,0.0,0.0,0.0,0.0,0.0,0.0,0.0,0.0,0.0,0.0,0.0,0.0,0.0,0.0,0.0,0.0,0.0,0.0,0.0,0.0,0.0,64.0,9.0,1060.0,0.0,0.0,0.0,,,,,76.0,,,,16.5625,,,,,,
2017_030_546866,546866,T.J. Watt,Wisconsin,Big Ten,OUTSIDELINEBACKER,LB,2017,1,30,30,1,4.0,13.0,11.5,38.0,1.0,15.5,63.0,0.0,0.0,1.0,1.0,1.0,17.0,0.0,0.0,0.0,0.0,0.0,0.0,0.0,0.0,0.0,0.0,0.0,0.0,0.0,0.0,0.0,0.0,0.0,0.0,0.0,0.0,0.0,0.0,0.0,0.0,0.0,0.0,,,,,,,,,,,,,,,17.0
2017_031_551292,551292,Reuben Foster,Alabama,SEC,INSIDELINEBACKER,LB,2017,1,31,31,1,2.0,7.0,5.0,60.0,0.0,13.0,115.0,0.0,0.0,0.0,0.0,0.0,0.0,0.0,0.0,0.0,0.0,0.0,0.0,0.0,0.0,0.0,0.0,0.0,0.0,0.0,0.0,0.0,0.0,0.0,0.0,0.0,0.0,0.0,0.0,0.0,0.0,0.0,0.0,,,,,,,,,,,,,,,
2017_033_550323,550323,Kevin King,Washington,Pac-12,CORNERBACK,DB,2017,2,1,33,3,13.0,0.0,0.0,26.0,0.0,3.5,44.0,0.0,0.0,0.0,6.0,0.0,6.0,0.0,0.0,0.0,0.0,0.0,0.0,0.0,0.0,0.0,0.0,0.0,0.0,0.0,0.0,0.0,0.0,0.0,0.0,0.0,0.0,0.0,0.0,0.0,0.0,0.0,0.0,,,,,,,,,,,,,,,1.0
2017_035_3134681,3134681,Malik McDowell,Michigan State,Big Ten,DEFENSIVETACKLE,DL,2017,2,3,35,2,0.0,5.0,1.5,20.0,0.0,7.0,34.0,0.0,0.0,0.0,1.0,1.0,13.0,0.0,0.0,0.0,0.0,0.0,0.0,0.0,0.0,0.0,0.0,0.0,0.0,0.0,0.0,0.0,0.0,0.0,0.0,0.0,0.0,0.0,0.0,0.0,0.0,0.0,0.0,,,,,,,,,,,,,,,13.0
2017_036_3127287,3127287,Budda Baker,Washington,Pac-12,SAFETY,DB,2017,2,4,36,3,5.0,1.0,3.0,48.0,0.0,10.0,70.0,0.0,0.0,0.0,5.0,0.0,62.0,1.0,0.0,40.0,0.0,0.0,0.0,0.0,0.0,0.0,0.0,0.0,0.0,0.0,0.0,0.0,0.0,0.0,0.0,0.0,0.0,0.0,0.0,0.0,1.0,0.0,-1.0,40.0,,,,,0.0,,,,-1.0,40.0,,,,12.4
2017_037_552940,552940,Zay Jones,East Carolina,Conference USA,WIDERECEIVER,WR,2017,2,5,37,4,0.0,0.0,0.0,2.0,0.0,0.0,2.0,0.0,0.0,0.0,0.0,0.0,0.0,30.0,0.0,596.0,0.0,0.0,0.0,0.0,0.0,4.0,3.0,0.0,1.0,36.0,1.0,0.0,8.0,0.0,0.0,0.0,0.0,397.0,23.0,4264.0,5.0,0.0,18.0,44.0,,8.0,,77.0,13.0,0.75,9.0,10.740554156171283,3.6,19.866666666666667,8.0,,,
2017_038_536455,536455,Forrest Lamp,Western Kentucky,Conference USA,OFFENSIVEGUARD,OL,2017,2,6,38,1,0.0,0.0,0.0,0.0,0.0,0.0,0.0,0.0,0.0,0.0,0.0,0.0,0.0,0.0,0.0,0.0,0.0,0.0,0.0,0.0,0.0,0.0,0.0,0.0,0.0,0.0,0.0,0.0,0.0,0.0,0.0,0.0,0.0,0.0,0.0,0.0,1.0,1.0,9.0,,,,,,9.0,,,,9.0,,,,,
2017_039_535922,535922,Marcus Maye,Florida,SEC,SAFETY,DB,2017,2,7,39,4,6.0,0.0,1.0,29.0,0.0,1.5,50.0,0.0,0.0,0.0,5.0,0.0,37.0,0.0,0.0,0.0,0.0,0.0,0.0,0.0,0.0,0.0,0.0,0.0,0.0,0.0,0.0,0.0,0.0,0.0,0.0,0.0,0.0,0.0,0.0,0.0,0.0,0.0,0.0,,,,,,,,,,,,,,,7.4
2017_040_3121427,3121427,Curtis Samuel,Ohio State,Big Ten,WIDERECEIVER,WR,2017,2,8,40,3,0.0,0.0,0.0,1.0,0.0,0.0,1.0,2.0,0.0,0.0,0.0,0.0,0.0,21.0,0.0,453.0,0.0,0.0,0.0,0.0,0.0,0.0,0.0,0.0,0.0,0.0,6.0,0.0,19.0,0.0,0.0,0.0,0.0,107.0,9.0,1249.0,172.0,15.0,1286.0,38.0,,12.0,,79.0,74.0,,,11.67289719626168,7.476744186046512,21.571428571428573,3.1666666666666665,,,
2017_041_3116593,3116593,Dalvin Cook,Florida State,ACC,RUNNINGBACK,RB,2017,2,9,41,3,0.0,0.0,0.0,1.0,0.0,0.0,2.0,6.0,4.0,0.0,0.0,0.0,0.0,0.0,0.0,0.0,0.0,0.0,0.0,0.0,0.0,0.0,0.0,0.0,0.0,0.0,0.0,0.0,0.0,0.0,0.0,0.0,0.0,79.0,2.0,935.0,687.0,46.0,4464.0,,,,,59.0,94.0,,,11.835443037974684,6.497816593886463,,,,,
2017_042_3122882,3122882,Marcus Williams,Utah,Pac-12,SAFETY,DB,2017,2,10,42,3,3.0,1.0,0.0,46.0,0.0,1.0,64.0,0.0,0.0,2.0,11.0,0.0,114.0,0.0,0.0,0.0,0.0,0.0,0.0,0.0,0.0,0.0,0.0,0.0,0.0,0.0,0.0,0.0,0.0,0.0,0.0,0.0,0.0,0.0,0.0,0.0,0.0,0.0,0.0,,,,,,,,,,,,,,,10.363636363636363
2017_043_3127299,3127299,Sidney Jones,Washington,Pac-12,CORNERBACK,DB,2017,2,11,43,3,6.0,0.0,0.0,27.0,0.0,2.5,39.0,0.0,0.0,0.0,9.0,1.0,147.0,0.0,0.0,0.0,0.0,0.0,0.0,0.0,0.0,0.0,0.0,0.0,0.0,0.0,0.0,0.0,0.0,0.0,0.0,0.0,0.0,0.0,0.0,0.0,0.0,0.0,0.0,,,,,,,,,,,,,,,16.333333333333332
2017_044_3918639,3918639,Gerald Everett,South Alabama,Sun Belt,TIGHTEND,TE,2017,2,12,44,2,1.0,0.0,0.0,0.0,0.0,0.0,1.0,1.0,0.0,0.0,0.0,0.0,0.0,0.0,0.0,0.0,0.0,0.0,0.0,0.0,0.0,1.0,1.0,0.0,1.0,7.0,0.0,0.0,0.0,0.0,0.0,0.0,0.0,90.0,12.0,1292.0,8.0,4.0,7.0,,,,,79.0,3.0,1.0,7.0,14.355555555555556,0.875,,,,,
2017_046_3121660,3121660,Quincy Wilson,Florida,SEC,CORNERBACK,DB,2017,2,14,46,3,6.0,1.0,1.0,18.0,1.0,3.5,33.0,0.0,0.0,0.0,6.0,1.0,93.0,0.0,0.0,0.0,0.0,0.0,0.0,0.0,0.0,0.0,0.0,0.0,0.0,0.0,0.0,0.0,0.0,0.0,0.0,0.0,0.0,0.0,0.0,0.0,0.0,0.0,0.0,,,,,,,,,,,,,,,15.5
2017_047_545554,545554,Tyus Bowser,Houston,American Athletic,OUTSIDELINEBACKER,LB,2017,2,15,47,3,4.0,9.0,8.5,27.0,0.0,12.0,47.0,0.0,0.0,0.0,2.0,0.0,14.0,0.0,0.0,0.0,0.0,0.0,0.0,0.0,0.0,0.0,0.0,0.0,0.0,0.0,0.0,0.0,0.0,0.0,0.0,0.0,0.0,0.0,0.0,0.0,0.0,0.0,0.0,,,,,,,,,,,,,,,7.0
2017_048_3116385,3116385,Joe Mixon,Oklahoma,Big 12,RUNNINGBACK,RB,2017,2,16,48,2,0.0,0.0,0.0,1.0,1.0,0.0,1.0,5.0,2.0,0.0,0.0,0.0,0.0,22.0,1.0,504.0,0.0,0.0,0.0,0.0,0.0,1.0,1.0,0.0,1.0,26.0,5.0,0.0,25.0,0.0,0.0,0.0,0.0,65.0,9.0,894.0,300.0,17.0,2027.0,97.0,,15.0,,76.0,79.0,1.0,26.0,13.753846153846156,6.756666666666667,22.90909090909091,5.0,,,
2017_049_534454,534454,Ryan Anderson,Alabama,SEC,OUTSIDELINEBACKER,LB,2017,2,17,49,2,3.0,8.0,8.5,31.0,1.0,18.5,61.0,0.0,0.0,2.0,1.0,1.0,26.0,1.0,0.0,5.0,0.0,0.0,0.0,0.0,0.0,0.0,0.0,0.0,0.0,0.0,0.0,0.0,0.0,0.0,0.0,0.0,0.0,0.0,0.0,0.0,0.0,0.0,0.0,5.0,,,,,,,,,,5.0,,,,26.0
2017_050_3895859,3895859,Justin Evans,Texas A&M,SEC,SAFETY,DB,2017,2,18,50,2,8.0,0.0,0.0,52.0,0.0,5.0,87.0,0.0,0.0,0.0,5.0,0.0,0.0,17.0,0.0,474.0,0.0,0.0,0.0,0.0,0.0,0.0,0.0,0.0,0.0,0.0,0.0,0.0,0.0,0.0,0.0,0.0,0.0,0.0,0.0,0.0,0.0,0.0,0.0,90.0,,,,,,,,,,27.88235294117647,,,,0.0
2017_051_546814,546814,DeMarcus Walker,Florida State,ACC,DEFENSIVEEND,DL,2017,2,19,51,2,2.0,4.0,16.0,45.0,0.0,20.5,67.0,0.0,0.0,2.0,1.0,0.0,0.0,0.0,0.0,0.0,0.0,0.0,0.0,0.0,0.0,0.0,0.0,0.0,0.0,0.0,0.0,0.0,0.0,0.0,0.0,0.0,0.0,0.0,0.0,0.0,0.0,0.0,0.0,,,,,,,,,,,,,,,0.0
2017_052_3129302,3129302,DeShone Kizer,Notre Dame,FBS Independents,QUARTERBACK,QB,2017,2,20,52,2,0.0,0.0,0.0,0.0,0.0,0.0,0.0,5.0,3.0,0.0,0.0,0.0,0.0,0.0,0.0,0.0,0.0,0.0,0.0,0.0,0.0,696.0,423.0,19.0,47.0,5809.0,0.0,0.0,0.0,0.0,3.0,0.0,118.0,1.0,0.0,4.0,263.0,18.0,992.0,,,,43.0,4.0,79.0,0.6077586206896551,8.346264367816092,4.0,3.7718631178707223,,,39.333333333333336,,
2017_053_559561,559561,Teez Tabor,Florida,SEC,CORNERBACK,DB,2017,2,21,53,3,6.0,0.0,1.0,23.0,1.0,2.0,33.0,0.0,0.0,1.0,9.0,3.0,129.0,1.0,0.0,33.0,0.0,0.0,0.0,0.0,0.0,0.0,0.0,0.0,0.0,0.0,0.0,0.0,0.0,0.0,0.0,0.0,0.0,0.0,0.0,0.0,0.0,0.0,0.0,33.0,,,,,,,,,,33.0,,,,14.333333333333334
2017_054_3121423,3121423,Raekwon McMillan,Ohio State,Big Ten,INSIDELINEBACKER,LB,2017,2,22,54,2,4.0,2.0,2.0,49.0,0.0,7.0,102.0,0.0,0.0,0.0,1.0,1.0,19.0,0.0,0.0,0.0,0.0,0.0,0.0,0.0,0.0,0.0,0.0,0.0,0.0,0.0,0.0,0.0,0.0,0.0,0.0,0.0,0.0,0.0,0.0,0.0,0.0,0.0,0.0,,,,,,,,,,,,,,,19.0
2017_055_535761,535761,Dalvin Tomlinson,Alabama,SEC,DEFENSIVETACKLE,DL,2017,2,23,55,1,4.0,7.0,3.0,17.0,0.0,5.5,62.0,0.0,0.0,0.0,0.0,0.0,0.0,0.0,0.0,0.0,0.0,0.0,0.0,0.0,0.0,0.0,0.0,0.0,0.0,0.0,0.0,0.0,0.0,0.0,0.0,0.0,0.0,0.0,0.0,0.0,0.0,0.0,0.0,,,,,,,,,,,,,,,
2017_056_533251,533251,Obi Melifonwu,UConn,American Athletic,SAFETY,DB,2017,2,24,56,3,3.0,0.0,0.0,73.0,0.0,2.5,118.0,0.0,0.0,1.0,8.0,0.0,37.0,0.0,0.0,0.0,0.0,0.0,0.0,0.0,0.0,0.0,0.0,0.0,0.0,0.0,0.0,0.0,0.0,0.0,0.0,0.0,0.0,0.0,0.0,0.0,0.0,0.0,0.0,,,,,,,,,,,,,,,4.625
2017_057_549972,549972,Zach Cunningham,Vanderbilt,SEC,INSIDELINEBACKER,LB,2017,2,25,57,1,3.0,1.0,0.0,71.0,0.0,16.5,125.0,0.0,0.0,4.0,0.0,0.0,0.0,0.0,0.0,0.0,0.0,0.0,0.0,0.0,0.0,0.0,0.0,0.0,0.0,0.0,0.0,0.0,0.0,0.0,0.0,0.0,0.0,0.0,0.0,0.0,0.0,0.0,0.0,,,,,,,,,,,,,,,
2017_060_550668,550668,Chidobe Awuzie,Colorado,Pac-12,CORNERBACK,DB,2017,2,28,60,2,12.0,3.0,4.0,53.0,0.0,6.0,65.0,0.0,0.0,1.0,3.0,0.0,40.0,0.0,0.0,0.0,0.0,0.0,0.0,0.0,0.0,0.0,0.0,0.0,0.0,0.0,0.0,0.0,0.0,0.0,0.0,0.0,0.0,0.0,0.0,0.0,0.0,0.0,0.0,,,,,,,,,,,,,,,13.333333333333334
2017_061_549940,549940,Josh Jones,NC State,ACC,SAFETY,DB,2017,2,29,61,3,8.0,0.0,1.0,62.0,0.0,3.5,108.0,0.0,0.0,1.0,8.0,0.0,71.0,0.0,0.0,0.0,0.0,0.0,0.0,0.0,0.0,0.0,0.0,0.0,0.0,0.0,0.0,0.0,0.0,0.0,0.0,0.0,0.0,0.0,0.0,0.0,0.0,0.0,0.0,,,,,,,,,,,,,,,8.875
2017_062_3120348,3120348,JuJu Smith-Schuster,USC,Pac-12,WIDERECEIVER,WR,2017,2,30,62,3,0.0,0.0,0.0,2.0,0.0,0.0,2.0,0.0,0.0,0.0,0.0,0.0,0.0,16.0,0.0,185.0,0.0,0.0,0.0,0.0,0.0,0.0,0.0,0.0,0.0,0.0,0.0,0.0,0.0,0.0,0.0,0.0,0.0,213.0,25.0,3092.0,8.0,0.0,34.0,27.0,,,,75.0,20.0,,,14.51643192488263,4.25,11.5625,,,,
2017_063_549775,549775,Dion Dawkins,Temple,American Athletic,OFFENSIVEGUARD,OL,2017,2,31,63,2,0.0,0.0,0.0,0.0,0.0,0.0,0.0,0.0,0.0,0.0,0.0,0.0,0.0,0.0,0.0,0.0,0.0,0.0,0.0,0.0,0.0,0.0,0.0,0.0,0.0,0.0,0.0,0.0,0.0,0.0,0.0,0.0,0.0,1.0,0.0,7.0,0.0,0.0,4.0,,,,,7.0,4.0,,,7.0,inf,,,,,
2017_064_532660,532660,Taylor Moton,Western Michigan,Mid-American,OFFENSIVETACKLE,OL,2017,2,32,64,1,0.0,0.0,0.0,0.0,0.0,0.0,0.0,0.0,0.0,0.0,0.0,0.0,0.0,0.0,0.0,0.0,0.0,0.0,0.0,0.0,0.0,0.0,0.0,0.0,0.0,0.0,0.0,0.0,0.0,0.0,0.0,0.0,0.0,1.0,0.0,-4.0,0.0,0.0,0.0,,,,,0.0,,,,-4.0,,,,,,
2017_065_551905,551905,Larry Ogunjobi,Charlotte,Conference USA,DEFENSIVETACKLE,DL,2017,3,1,65,1,2.0,10.0,3.0,31.0,0.0,13.5,65.0,0.0,0.0,0.0,0.0,0.0,0.0,0.0,0.0,0.0,0.0,0.0,0.0,0.0,0.0,0.0,0.0,0.0,0.0,0.0,0.0,0.0,0.0,0.0,0.0,0.0,0.0,0.0,0.0,0.0,0.0,0.0,0.0,,,,,,,,,,,,,,,
2017_066_3122630,3122630,Ahkello Witherspoon,Colorado,Pac-12,CORNERBACK,DB,2017,3,2,66,2,19.0,0.0,0.0,19.0,0.0,0.0,23.0,0.0,0.0,1.0,3.0,0.0,0.0,0.0,0.0,0.0,0.0,0.0,0.0,0.0,0.0,0.0,0.0,0.0,0.0,0.0,0.0,0.0,0.0,0.0,0.0,0.0,0.0,0.0,0.0,0.0,0.0,0.0,0.0,,,,,,,,,,,,,,,0.0
2017_067_551298,551298,Alvin Kamara,Tennessee,SEC,RUNNINGBACK,RB,2017,3,3,67,2,0.0,0.0,0.0,0.0,0.0,0.0,0.0,5.0,2.0,0.0,0.0,0.0,0.0,1.0,0.0,16.0,0.0,0.0,0.0,0.0,0.0,1.0,1.0,0.0,0.0,24.0,28.0,1.0,284.0,0.0,0.0,0.0,0.0,74.0,7.0,683.0,210.0,16.0,1294.0,16.0,,50.0,,53.0,63.0,1.0,24.0,9.22972972972973,6.161904761904762,16.0,10.142857142857142,,,
2017_069_534695,534695,Cooper Kupp,Eastern Washington,Big Sky,WIDERECEIVER,WR,2017,3,5,69,4,0.0,0.0,0.0,0.0,0.0,0.0,0.0,0.0,0.0,0.0,0.0,0.0,0.0,0.0,0.0,0.0,0.0,0.0,0.0,0.0,0.0,1.0,1.0,0.0,0.0,22.0,1.0,0.0,0.0,0.0,0.0,0.0,0.0,45.0,12.0,786.0,2.0,0.0,29.0,,,0.0,,75.0,15.0,1.0,22.0,17.466666666666665,14.5,,0.0,,,
2017_072_552775,552775,Taywan Taylor,Western Kentucky,Sun Belt,WIDERECEIVER,WR,2017,3,8,72,4,0.0,0.0,0.0,1.0,0.0,0.0,1.0,2.0,1.0,1.0,0.0,0.0,0.0,6.0,0.0,81.0,0.0,0.0,0.0,0.0,0.0,0.0,0.0,0.0,0.0,0.0,0.0,0.0,0.0,0.0,0.0,0.0,0.0,253.0,41.0,4234.0,14.0,0.0,38.0,25.0,,,,80.0,16.0,,,16.73517786561265,2.7142857142857144,13.5,,,,
2017_073_550162,550162,Jordan Willis,Kansas State,Big 12,DEFENSIVEEND,DL,2017,3,9,73,1,3.0,4.0,11.5,34.0,0.0,17.5,52.0,0.0,0.0,1.0,0.0,0.0,0.0,0.0,0.0,0.0,0.0,0.0,0.0,0.0,0.0,0.0,0.0,0.0,0.0,0.0,0.0,0.0,0.0,0.0,0.0,0.0,0.0,0.0,0.0,0.0,0.0,0.0,0.0,,,,,,,,,,,,,,,
2017_074_535151,535151,Chris Wormley,Michigan,Big Ten,DEFENSIVETACKLE,DL,2017,3,10,74,1,0.0,6.0,6.0,18.0,0.0,8.0,37.0,0.0,0.0,0.0,0.0,0.0,0.0,0.0,0.0,0.0,0.0,0.0,0.0,0.0,0.0,0.0,0.0,0.0,0.0,0.0,0.0,0.0,0.0,0.0,0.0,0.0,0.0,0.0,0.0,0.0,0.0,0.0,0.0,,,,,,,,,,,,,,,
2017_075_545886,545886,Duke Riley,LSU,SEC,INSIDELINEBACKER,LB,2017,3,11,75,1,1.0,3.0,1.5,39.0,0.0,9.0,92.0,0.0,0.0,1.0,1.0,0.0,3.0,0.0,0.0,0.0,0.0,0.0,0.0,0.0,0.0,0.0,0.0,0.0,0.0,0.0,0.0,0.0,0.0,0.0,0.0,0.0,0.0,0.0,0.0,0.0,0.0,0.0,0.0,,,,,,,,,,,,,,,3.0
2017_076_546305,546305,Alex Anzalone,Florida,SEC,INSIDELINEBACKER,LB,2017,3,12,76,1,2.0,6.0,3.0,22.0,0.0,4.0,53.0,0.0,0.0,1.0,0.0,0.0,0.0,0.0,0.0,0.0,0.0,0.0,0.0,0.0,0.0,0.0,0.0,0.0,0.0,0.0,0.0,0.0,0.0,0.0,0.0,0.0,0.0,0.0,0.0,0.0,0.0,0.0,0.0,,,,,,,,,,,,,,,
2017_077_549867,549867,Daeshon Hall,Texas A&M,SEC,DEFENSIVEEND,DL,2017,3,13,77,2,1.0,12.0,3.5,28.0,0.0,13.0,50.0,0.0,0.0,1.0,1.0,0.0,15.0,0.0,0.0,0.0,0.0,0.0,0.0,0.0,0.0,0.0,0.0,0.0,0.0,0.0,0.0,0.0,0.0,0.0,0.0,0.0,0.0,0.0,0.0,0.0,0.0,0.0,0.0,,,,,,,,,,,,,,,15.0
2017_078_551309,551309,Tim Williams,Alabama,SEC,OUTSIDELINEBACKER,LB,2017,3,14,78,1,2.0,12.0,9.0,22.0,0.0,16.0,31.0,0.0,0.0,1.0,0.0,0.0,0.0,0.0,0.0,0.0,0.0,0.0,0.0,0.0,0.0,0.0,0.0,0.0,0.0,0.0,0.0,0.0,0.0,0.0,0.0,0.0,0.0,0.0,0.0,0.0,0.0,0.0,0.0,,,,,,,,,,,,,,,
2017_079_551307,551307,ArDarius Stewart,Alabama,SEC,WIDERECEIVER,WR,2017,3,15,79,3,0.0,0.0,0.0,0.0,0.0,0.0,0.0,1.0,1.0,0.0,0.0,0.0,0.0,11.0,0.0,191.0,0.0,0.0,0.0,0.0,0.0,2.0,2.0,0.0,0.0,36.0,0.0,0.0,0.0,0.0,0.0,0.0,0.0,129.0,12.0,1713.0,13.0,0.0,82.0,30.0,,,,71.0,25.0,1.0,18.0,13.27906976744186,6.3076923076923075,17.363636363636363,,,,
2017_080_550679,550679,Tarell Basham,Ohio,Mid-American,DEFENSIVEEND,DL,2017,3,16,80,1,2.0,10.0,11.5,30.0,0.0,15.0,50.0,0.0,0.0,1.0,0.0,0.0,0.0,0.0,0.0,0.0,0.0,0.0,0.0,0.0,0.0,0.0,0.0,0.0,0.0,0.0,0.0,0.0,0.0,0.0,0.0,0.0,0.0,0.0,0.0,0.0,0.0,0.0,0.0,,,,,,,,,,,,,,,
2017_081_530979,530979,Fabian Moreau,UCLA,Pac-12,CORNERBACK,DB,2017,3,17,81,2,9.0,0.0,0.0,24.0,0.0,1.0,31.0,0.0,0.0,0.0,3.0,0.0,32.0,0.0,0.0,0.0,0.0,0.0,0.0,0.0,0.0,0.0,0.0,0.0,0.0,0.0,0.0,0.0,0.0,0.0,0.0,0.0,0.0,0.0,0.0,0.0,0.0,0.0,0.0,,,,,,,,,,,,,,,10.666666666666666
2017_082_545669,545669,Carlos Henderson,Louisiana Tech,Conference USA,WIDERECEIVER,WR,2017,3,18,82,3,0.0,0.0,0.0,1.0,2.0,0.0,1.0,0.0,0.0,0.0,0.0,0.0,0.0,79.0,3.0,2094.0,0.0,0.0,0.0,0.0,0.0,0.0,0.0,0.0,0.0,0.0,0.0,0.0,0.0,0.0,0.0,0.0,0.0,147.0,28.0,2878.0,32.0,3.0,257.0,96.0,,,,83.0,35.0,,,19.578231292517007,8.03125,26.50632911392405,,,,
2017_084_3116165,3116165,Chris Godwin,Penn State,Big Ten,WIDERECEIVER,WR,2017,3,20,84,3,0.0,0.0,0.0,1.0,0.0,0.0,2.0,0.0,0.0,0.0,0.0,0.0,0.0,0.0,0.0,0.0,0.0,0.0,0.0,0.0,0.0,0.0,0.0,0.0,0.0,0.0,0.0,0.0,0.0,0.0,0.0,0.0,0.0,154.0,18.0,2421.0,3.0,0.0,14.0,,,,,72.0,13.0,,,15.72077922077922,4.666666666666667,,,,,
2017_085_531730,531730,Antonio Garcia,Troy,Sun Belt,OFFENSIVETACKLE,OL,2017,3,21,85,1,0.0,0.0,0.0,1.0,0.0,0.0,1.0,0.0,0.0,0.0,0.0,0.0,0.0,0.0,0.0,0.0,0.0,0.0,0.0,0.0,0.0,0.0,0.0,0.0,0.0,0.0,0.0,0.0,0.0,0.0,0.0,0.0,0.0,0.0,0.0,0.0,0.0,0.0,0.0,,,,,,,,,,,,,,,
2017_086_552745,552745,Kareem Hunt,Toledo,Mid-American,RUNNINGBACK,RB,2017,3,22,86,4,0.0,0.0,0.0,0.0,0.0,0.0,0.0,0.0,0.0,0.0,0.0,0.0,0.0,0.0,0.0,0.0,0.0,0.0,0.0,0.0,0.0,1.0,0.0,1.0,0.0,0.0,0.0,0.0,0.0,0.0,0.0,0.0,0.0,73.0,1.0,555.0,782.0,44.0,4945.0,,,,,71.0,91.0,0.0,0.0,7.602739726027397,6.323529411764706,,,,,
2017_087_550386,550386,Davis Webb,Texas Tech,Big 12,QUARTERBACK,QB,2017,3,23,87,4,0.0,0.0,0.0,1.0,0.0,0.0,1.0,5.0,1.0,0.0,0.0,0.0,0.0,0.0,0.0,0.0,0.0,0.0,0.0,0.0,0.0,1367.0,841.0,34.0,83.0,9852.0,0.0,0.0,0.0,0.0,7.0,0.0,275.0,1.0,0.0,-10.0,77.0,9.0,-100.0,,,,52.0,0.0,18.0,0.6152158010241404,7.207022677395757,-10.0,-1.2987012987012987,,,39.285714285714285,,
2017_088_547608,547608,Eddie Vanderdoes,UCLA,Pac-12,DEFENSIVETACKLE,DL,2017,3,24,88,3,0.0,0.0,1.5,15.0,0.0,1.5,27.0,0.0,0.0,0.0,0.0,0.0,0.0,0.0,0.0,0.0,0.0,0.0,0.0,0.0,0.0,0.0,0.0,0.0,0.0,0.0,0.0,0.0,0.0,0.0,0.0,0.0,0.0,1.0,0.0,18.0,5.0,2.0,6.0,,,,,18.0,2.0,,,18.0,1.2,,,,,
2017_089_3125116,3125116,D'Onta Foreman,Texas,Big 12,RUNNINGBACK,RB,2017,3,25,89,3,0.0,0.0,0.0,1.0,0.0,0.0,1.0,6.0,6.0,0.0,0.0,0.0,0.0,2.0,0.0,30.0,0.0,0.0,0.0,0.0,0.0,0.0,0.0,0.0,0.0,0.0,0.0,0.0,0.0,0.0,0.0,0.0,0.0,13.0,0.0,146.0,434.0,20.0,2783.0,25.0,,,,22.0,93.0,,,11.23076923076923,6.412442396313364,15.0,,,,
2017_090_551183,551183,Shaquill Griffin,UCF,American Athletic,CORNERBACK,DB,2017,3,26,90,3,14.0,0.0,0.0,30.0,1.0,2.5,48.0,0.0,0.0,1.0,7.0,2.0,168.0,0.0,0.0,0.0,0.0,0.0,0.0,0.0,0.0,0.0,0.0,0.0,0.0,0.0,0.0,0.0,0.0,0.0,0.0,0.0,0.0,0.0,0.0,0.0,0.0,0.0,0.0,,,,,,,,,,,,,,,24.0
2017_092_546713,546713,Jourdan Lewis,Michigan,Big Ten,CORNERBACK,DB,2017,3,28,92,4,9.0,0.0,0.0,18.0,0.0,3.5,27.0,0.0,0.0,0.0,6.0,1.0,50.0,24.0,0.0,529.0,0.0,0.0,0.0,0.0,0.0,0.0,0.0,0.0,0.0,0.0,2.0,0.0,-1.0,0.0,0.0,0.0,0.0,0.0,0.0,0.0,0.0,0.0,0.0,55.0,,0.0,,,,,,,,22.041666666666668,-0.5,,,8.333333333333334
2017_093_550017,550017,Montravius Adams,Auburn,SEC,DEFENSIVETACKLE,DL,2017,3,29,93,2,2.0,15.0,4.5,26.0,0.0,8.5,44.0,0.0,0.0,2.0,2.0,0.0,43.0,0.0,0.0,0.0,0.0,0.0,0.0,0.0,0.0,0.0,0.0,0.0,0.0,0.0,0.0,0.0,0.0,0.0,0.0,0.0,0.0,0.0,0.0,0.0,0.0,0.0,0.0,,,,,,,,,,,,,,,21.5
2017_095_546720,546720,Delano Hill,Michigan,Big Ten,SAFETY,DB,2017,3,31,95,1,3.0,1.0,0.0,37.0,1.0,4.5,50.0,0.0,0.0,0.0,3.0,1.0,36.0,0.0,0.0,0.0,0.0,0.0,0.0,0.0,0.0,0.0,0.0,0.0,0.0,0.0,0.0,0.0,0.0,0.0,0.0,0.0,0.0,0.0,0.0,0.0,0.0,0.0,0.0,,,,,,,,,,,,,,,12.0
2017_096_533961,533961,Kenny Golladay,Northern Illinois,Mid-American,WIDERECEIVER,WR,2017,3,32,96,3,0.0,0.0,0.0,0.0,0.0,0.0,0.0,1.0,1.0,0.0,0.0,0.0,0.0,0.0,0.0,0.0,0.0,0.0,0.0,0.0,0.0,0.0,0.0,0.0,0.0,0.0,2.0,0.0,4.0,0.0,0.0,0.0,0.0,164.0,18.0,2340.0,29.0,3.0,206.0,,,3.0,,68.0,39.0,,,14.268292682926829,7.103448275862069,,2.0,,,
2017_097_546642,546642,Cordrea Tankersley,Clemson,ACC,CORNERBACK,DB,2017,3,33,97,2,11.0,0.0,0.0,39.0,0.0,6.0,52.0,0.0,0.0,0.0,9.0,1.0,72.0,0.0,0.0,0.0,0.0,0.0,0.0,0.0,0.0,0.0,0.0,0.0,0.0,0.0,0.0,0.0,0.0,0.0,0.0,0.0,0.0,0.0,0.0,0.0,0.0,0.0,0.0,,,,,,,,,,,,,,,8.0
2017_098_554568,554568,Chad Williams,Grambling,SWAC,WIDERECEIVER,WR,2017,3,34,98,4,0.0,0.0,0.0,1.0,0.0,0.0,1.0,1.0,1.0,0.0,0.0,0.0,0.0,0.0,0.0,0.0,0.0,0.0,0.0,0.0,0.0,0.0,0.0,0.0,0.0,0.0,0.0,0.0,0.0,0.0,0.0,0.0,0.0,21.0,0.0,237.0,0.0,0.0,0.0,,,,,43.0,,,,11.285714285714286,,,,,,
2017_099_3943270,3943270,Rasul Douglas,West Virginia,Big 12,CORNERBACK,DB,2017,3,35,99,2,8.0,0.0,1.0,49.0,1.0,3.5,70.0,0.0,0.0,0.0,9.0,1.0,101.0,0.0,0.0,0.0,0.0,0.0,0.0,0.0,0.0,0.0,0.0,0.0,0.0,0.0,0.0,0.0,0.0,0.0,0.0,0.0,0.0,0.0,0.0,0.0,0.0,0.0,0.0,,,,,,,,,,,,,,,11.22222222222222
2017_100_551279,551279,Jonnu Smith,Florida International,Conference USA,TIGHTEND,TE,2017,3,36,100,4,0.0,0.0,0.0,2.0,0.0,0.0,2.0,0.0,0.0,0.0,0.0,0.0,0.0,1.0,0.0,0.0,0.0,0.0,0.0,0.0,0.0,0.0,0.0,0.0,0.0,0.0,0.0,0.0,0.0,0.0,0.0,0.0,0.0,178.0,18.0,2001.0,1.0,0.0,5.0,0.0,,,,75.0,5.0,,,11.241573033707866,5.0,0.0,,,,
2017_101_546338,546338,Brendan Langley,Lamar,Southland,CORNERBACK,DB,2017,3,37,101,2,1.0,0.0,0.0,5.0,0.0,1.0,6.0,1.0,0.0,0.0,0.0,0.0,0.0,0.0,0.0,0.0,0.0,0.0,0.0,0.0,0.0,0.0,0.0,0.0,0.0,0.0,1.0,0.0,-8.0,0.0,0.0,0.0,0.0,1.0,1.0,20.0,0.0,0.0,0.0,,,0.0,,20.0,,,,20.0,,,-8.0,,,
2017_102_545252,545252,Nazair Jones,North Carolina,ACC,DEFENSIVETACKLE,DL,2017,3,38,102,3,3.0,1.0,2.5,32.0,0.0,9.5,70.0,0.0,0.0,1.0,2.0,0.0,20.0,0.0,0.0,0.0,0.0,0.0,0.0,0.0,0.0,0.0,0.0,0.0,0.0,0.0,0.0,0.0,0.0,0.0,0.0,0.0,0.0,0.0,0.0,0.0,0.0,0.0,0.0,,,,,,,,,,,,,,,10.0
2017_103_550879,550879,Trey Hendrickson,Florida Atlantic,Conference USA,DEFENSIVEEND,DL,2017,3,39,103,1,2.0,7.0,9.5,25.0,0.0,14.0,50.0,0.0,0.0,1.0,0.0,0.0,0.0,0.0,0.0,0.0,0.0,0.0,0.0,0.0,0.0,0.0,0.0,0.0,0.0,0.0,0.0,0.0,0.0,0.0,0.0,0.0,0.0,0.0,0.0,0.0,0.0,0.0,0.0,,,,,,,,,,,,,,,
2017_104_535844,535844,C.J. Beathard,Iowa,Big Ten,QUARTERBACK,QB,2017,3,40,104,4,0.0,0.0,0.0,0.0,0.0,0.0,0.0,3.0,0.0,0.0,0.0,0.0,0.0,0.0,0.0,0.0,0.0,0.0,0.0,0.0,0.0,782.0,454.0,19.0,40.0,5562.0,0.0,0.0,0.0,0.0,2.0,0.0,70.0,0.0,0.0,0.0,224.0,10.0,429.0,,,,36.0,,57.0,0.5805626598465473,7.112531969309463,,1.9151785714285712,,,35.0,,
2017_105_546653,546653,James Conner,Pittsburgh,ACC,RUNNINGBACK,RB,2017,3,41,105,4,0.0,0.0,0.0,0.0,0.0,0.0,1.0,1.0,1.0,0.0,0.0,0.0,0.0,0.0,0.0,0.0,0.0,0.0,0.0,0.0,0.0,0.0,0.0,0.0,0.0,0.0,0.0,0.0,0.0,0.0,0.0,0.0,0.0,30.0,4.0,412.0,668.0,52.0,3733.0,,,,,55.0,75.0,,,13.733333333333333,5.588323353293413,,,,,
2017_106_535165,535165,Amara Darboh,Michigan,Big Ten,WIDERECEIVER,WR,2017,3,42,106,3,0.0,0.0,0.0,0.0,0.0,0.0,0.0,0.0,0.0,0.0,0.0,0.0,0.0,0.0,0.0,0.0,0.0,0.0,0.0,0.0,0.0,0.0,0.0,0.0,0.0,0.0,4.0,0.0,23.0,0.0,0.0,0.0,0.0,151.0,14.0,2062.0,2.0,0.0,2.0,,,11.0,,46.0,4.0,,,13.655629139072849,1.0,,5.75,,,
2017_107_545894,545894,Kendell Beckwith,LSU,SEC,INSIDELINEBACKER,LB,2017,3,43,107,2,4.0,1.0,1.0,33.0,0.0,6.0,91.0,0.0,0.0,1.0,1.0,1.0,29.0,0.0,0.0,0.0,0.0,0.0,0.0,0.0,0.0,0.0,0.0,0.0,0.0,0.0,0.0,0.0,0.0,0.0,0.0,0.0,0.0,0.0,0.0,0.0,1.0,0.0,5.0,,,,,,5.0,,,,5.0,,,,,29.0
2017_108_534807,534807,Vince Biegel,Wisconsin,Big Ten,OUTSIDELINEBACKER,LB,2017,4,1,108,1,1.0,7.0,4.0,29.0,0.0,6.0,44.0,0.0,0.0,0.0,0.0,0.0,0.0,0.0,0.0,0.0,0.0,0.0,0.0,0.0,0.0,0.0,0.0,0.0,0.0,0.0,0.0,0.0,0.0,0.0,0.0,0.0,0.0,0.0,0.0,0.0,0.0,0.0,0.0,,,,,,,,,,,,,,,
2017_109_535847,535847,Jaleel Johnson,Iowa,Big Ten,DEFENSIVETACKLE,DL,2017,4,2,109,1,2.0,5.0,7.5,30.0,0.0,11.0,55.0,0.0,0.0,0.0,0.0,0.0,0.0,0.0,0.0,0.0,0.0,0.0,0.0,0.0,0.0,0.0,0.0,0.0,0.0,0.0,0.0,0.0,0.0,0.0,0.0,0.0,0.0,0.0,0.0,0.0,0.0,0.0,0.0,,,,,,,,,,,,,,,
2017_110_3892889,3892889,Dede Westbrook,Oklahoma,Big 12,WIDERECEIVER,WR,2017,4,3,110,2,0.0,0.0,0.0,1.0,1.0,0.0,1.0,1.0,1.0,0.0,0.0,0.0,0.0,9.0,0.0,244.0,0.0,0.0,0.0,0.0,0.0,2.0,0.0,0.0,0.0,0.0,5.0,1.0,81.0,0.0,0.0,0.0,0.0,126.0,21.0,2267.0,15.0,0.0,118.0,63.0,,71.0,,88.0,35.0,0.0,0.0,17.99206349206349,7.866666666666666,27.11111111111111,16.2,,,
2017_111_550285,550285,Tedric Thompson,Colorado,Pac-12,SAFETY,DB,2017,4,4,111,3,16.0,1.0,0.0,42.0,0.0,3.0,63.0,0.0,0.0,0.0,13.0,0.0,243.0,0.0,0.0,0.0,0.0,0.0,0.0,0.0,0.0,0.0,0.0,0.0,0.0,0.0,0.0,0.0,0.0,0.0,0.0,0.0,0.0,0.0,0.0,0.0,0.0,0.0,0.0,,,,,,,,,,,,,,,18.692307692307693
2017_112_551295,551295,Eddie Jackson,Alabama,SEC,SAFETY,DB,2017,4,5,112,4,2.0,0.0,0.0,15.0,3.0,2.5,24.0,0.0,0.0,0.0,9.0,3.0,303.0,0.0,0.0,0.0,0.0,0.0,0.0,0.0,0.0,0.0,0.0,0.0,0.0,0.0,11.0,2.0,253.0,0.0,0.0,0.0,0.0,0.0,0.0,0.0,0.0,0.0,0.0,,,85.0,,,,,,,,,23.0,,,33.666666666666664
2017_113_530397,530397,Rayshawn Jenkins,Miami,ACC,SAFETY,DB,2017,4,6,113,4,7.0,1.0,1.5,56.0,0.0,4.5,76.0,0.0,0.0,0.0,9.0,0.0,62.0,0.0,0.0,0.0,0.0,0.0,0.0,0.0,0.0,0.0,0.0,0.0,0.0,0.0,0.0,0.0,0.0,0.0,0.0,0.0,0.0,0.0,0.0,0.0,0.0,0.0,0.0,,,,,,,,,,,,,,,6.888888888888889
2017_114_3116389,3116389,Samaje Perine,Oklahoma,Big 12,RUNNINGBACK,RB,2017,4,7,114,3,0.0,0.0,0.0,0.0,0.0,0.0,0.0,2.0,1.0,0.0,0.0,0.0,0.0,0.0,0.0,0.0,0.0,0.0,0.0,0.0,0.0,0.0,0.0,0.0,0.0,0.0,0.0,0.0,0.0,0.0,0.0,0.0,0.0,40.0,2.0,321.0,685.0,49.0,4122.0,,,,,29.0,72.0,,,8.025,6.0175182481751825,,,,,
2017_116_550034,550034,Carl Lawson,Auburn,SEC,DEFENSIVEEND,DL,2017,4,9,116,1,0.0,24.0,9.0,15.0,0.0,13.5,30.0,0.0,0.0,0.0,0.0,0.0,0.0,0.0,0.0,0.0,0.0,0.0,0.0,0.0,0.0,0.0,0.0,0.0,0.0,0.0,0.0,0.0,0.0,0.0,0.0,0.0,0.0,0.0,0.0,0.0,0.0,0.0,0.0,,,,,,,,,,,,,,,
2017_117_559694,559694,Josh Reynolds,Texas A&M,SEC,WIDERECEIVER,WR,2017,4,10,117,3,0.0,0.0,0.0,2.0,0.0,0.0,2.0,0.0,0.0,0.0,0.0,0.0,0.0,0.0,0.0,0.0,0.0,0.0,0.0,0.0,0.0,0.0,0.0,0.0,0.0,0.0,0.0,0.0,0.0,0.0,0.0,0.0,0.0,164.0,30.0,2788.0,0.0,0.0,0.0,,,,,95.0,,,,17.0,,,,,,
2017_118_540210,540210,Mack Hollins,North Carolina,ACC,WIDERECEIVER,WR,2017,4,12,118,3,0.0,0.0,0.0,1.0,0.0,0.0,1.0,0.0,0.0,0.0,0.0,0.0,0.0,0.0,0.0,0.0,0.0,0.0,0.0,0.0,0.0,0.0,0.0,0.0,0.0,0.0,0.0,0.0,0.0,0.0,0.0,0.0,0.0,81.0,20.0,1667.0,0.0,0.0,0.0,,,,,91.0,,,,20.580246913580247,,,,,,
2017_119_554513,554513,Tarik Cohen,North Carolina A&T,MEAC,RUNNINGBACK,RB,2017,4,13,119,2,0.0,0.0,0.0,0.0,0.0,0.0,0.0,1.0,1.0,0.0,0.0,0.0,0.0,0.0,0.0,0.0,0.0,0.0,0.0,0.0,0.0,0.0,0.0,0.0,0.0,0.0,0.0,0.0,0.0,0.0,0.0,0.0,0.0,10.0,0.0,145.0,43.0,1.0,218.0,,,,,39.0,25.0,,,14.5,5.069767441860465,,,,,
2017_120_546718,546718,Ben Gedeon,Michigan,Big Ten,INSIDELINEBACKER,LB,2017,4,14,120,2,2.0,2.0,4.5,39.0,0.0,15.0,94.0,1.0,0.0,0.0,0.0,0.0,0.0,0.0,0.0,0.0,0.0,0.0,0.0,0.0,0.0,0.0,0.0,0.0,0.0,0.0,1.0,1.0,32.0,0.0,0.0,0.0,0.0,0.0,0.0,0.0,1.0,0.0,-2.0,,,32.0,,,0.0,,,,-2.0,,32.0,,,
2017_121_3912576,3912576,Joe Williams,Utah,Pac-12,RUNNINGBACK,RB,2017,4,15,121,3,0.0,0.0,0.0,0.0,0.0,0.0,0.0,5.0,5.0,0.0,0.0,0.0,0.0,0.0,0.0,0.0,0.0,0.0,0.0,0.0,0.0,0.0,0.0,0.0,0.0,0.0,0.0,0.0,0.0,0.0,0.0,0.0,0.0,20.0,0.0,191.0,348.0,14.0,2063.0,,,,,56.0,82.0,,,9.55,5.92816091954023,,,,,
2017_123_3134683,3134683,Montae Nicholson,Michigan State,Big Ten,SAFETY,DB,2017,4,17,123,2,2.0,0.0,0.0,39.0,0.0,2.0,86.0,0.0,0.0,1.0,4.0,0.0,70.0,1.0,0.0,17.0,0.0,0.0,0.0,0.0,0.0,0.0,0.0,0.0,0.0,0.0,0.0,0.0,0.0,0.0,0.0,0.0,0.0,0.0,0.0,0.0,0.0,0.0,0.0,17.0,,,,,,,,,,17.0,,,,17.5
2017_124_546549,546549,Jalen Reeves-Maybin,Tennessee,SEC,OUTSIDELINEBACKER,LB,2017,4,18,124,2,0.0,0.0,0.0,12.0,0.0,2.0,20.0,0.0,0.0,0.0,1.0,0.0,1.0,0.0,0.0,0.0,0.0,0.0,0.0,0.0,0.0,0.0,0.0,0.0,0.0,0.0,0.0,0.0,0.0,0.0,0.0,0.0,0.0,0.0,0.0,0.0,0.0,0.0,0.0,,,,,,,,,,,,,,,1.0
2017_126_3126176,3126176,Howard Wilson,Houston,American Athletic,CORNERBACK,DB,2017,4,20,126,3,10.0,0.0,0.0,45.0,1.0,2.5,54.0,0.0,0.0,2.0,9.0,1.0,63.0,0.0,0.0,0.0,0.0,0.0,0.0,0.0,0.0,0.0,0.0,0.0,0.0,0.0,0.0,0.0,0.0,0.0,0.0,0.0,0.0,0.0,0.0,0.0,0.0,0.0,0.0,,,,,,,,,,,,,,,7.0
2017_127_552851,552851,Michael Roberts,Toledo,Mid-American,TIGHTEND,TE,2017,4,21,127,3,0.0,0.0,0.0,0.0,0.0,0.0,0.0,0.0,0.0,0.0,0.0,0.0,0.0,0.0,0.0,0.0,0.0,0.0,0.0,0.0,0.0,0.0,0.0,0.0,0.0,0.0,0.0,0.0,0.0,0.0,0.0,0.0,0.0,70.0,22.0,832.0,0.0,0.0,0.0,,,,,41.0,,,,11.885714285714286,,,,,,
2017_128_559718,559718,Josh Malone,Tennessee,SEC,WIDERECEIVER,WR,2017,4,22,128,3,0.0,0.0,0.0,0.0,0.0,0.0,0.0,0.0,0.0,0.0,0.0,0.0,0.0,0.0,0.0,0.0,0.0,0.0,0.0,0.0,0.0,0.0,0.0,0.0,0.0,0.0,0.0,0.0,0.0,0.0,0.0,0.0,0.0,104.0,14.0,1608.0,2.0,0.0,11.0,,,,,75.0,20.0,,,15.461538461538462,5.5,,,,,
2017_132_547571,547571,Donnel Pumphrey,San Diego State,Mountain West,RUNNINGBACK,RB,2017,4,26,132,4,0.0,0.0,0.0,1.0,0.0,0.0,1.0,2.0,1.0,0.0,0.0,0.0,0.0,5.0,0.0,69.0,0.0,0.0,0.0,0.0,0.0,5.0,1.0,0.0,1.0,16.0,0.0,0.0,0.0,0.0,0.0,0.0,0.0,100.0,5.0,1041.0,1059.0,62.0,6405.0,28.0,,,,40.0,93.0,0.2,3.2,10.41,6.048158640226629,13.8,,,,
2017_133_545256,545256,Ryan Switzer,North Carolina,ACC,WIDERECEIVER,WR,2017,4,27,133,4,0.0,0.0,0.0,0.0,0.0,0.0,0.0,2.0,2.0,0.0,0.0,0.0,0.0,2.0,0.0,25.0,0.0,0.0,0.0,0.0,0.0,5.0,3.0,0.0,2.0,105.0,102.0,7.0,1082.0,0.0,0.0,0.0,0.0,244.0,19.0,2907.0,24.0,0.0,78.0,17.0,,86.0,,89.0,13.0,0.6,21.0,11.913934426229508,3.25,12.5,10.607843137254902,,,
2017_134_536136,536136,Jamaal Williams,BYU,FBS Independents,RUNNINGBACK,RB,2017,4,28,134,4,0.0,0.0,0.0,0.0,0.0,0.0,1.0,2.0,2.0,0.0,0.0,0.0,0.0,1.0,0.0,11.0,0.0,0.0,0.0,0.0,0.0,0.0,0.0,0.0,0.0,0.0,0.0,0.0,0.0,0.0,0.0,0.0,0.0,60.0,1.0,567.0,726.0,35.0,3901.0,11.0,,,,39.0,70.0,,,9.45,5.373278236914601,11.0,,,,
2017_135_546540,546540,Joshua Dobbs,Tennessee,SEC,QUARTERBACK,QB,2017,4,29,135,4,0.0,0.0,0.0,0.0,0.0,0.0,0.0,10.0,4.0,0.0,0.0,0.0,0.0,0.0,0.0,0.0,0.0,0.0,0.0,0.0,0.0,999.0,614.0,29.0,53.0,7138.0,0.0,0.0,0.0,0.0,0.0,0.0,0.0,2.0,2.0,62.0,438.0,32.0,2160.0,,,,,58.0,70.0,0.6146146146146146,7.145145145145145,31.0,4.931506849315069,,,,,
2017_137_531008,531008,Zach Banner,USC,Pac-12,OFFENSIVETACKLE,OL,2017,4,31,137,1,0.0,0.0,0.0,0.0,0.0,0.0,0.0,0.0,0.0,0.0,0.0,0.0,0.0,0.0,0.0,0.0,0.0,0.0,0.0,0.0,0.0,0.0,0.0,0.0,0.0,0.0,0.0,0.0,0.0,0.0,0.0,0.0,0.0,0.0,0.0,3.0,0.0,0.0,0.0,,,,,3.0,,,,inf,,,,,,
2017_138_535171,535171,Ryan Glasgow,Michigan,Big Ten,DEFENSIVETACKLE,DL,2017,4,32,138,1,1.0,3.0,4.0,20.0,0.0,10.0,41.0,0.0,0.0,0.0,0.0,0.0,0.0,0.0,0.0,0.0,0.0,0.0,0.0,0.0,0.0,0.0,0.0,0.0,0.0,0.0,0.0,0.0,0.0,0.0,0.0,0.0,0.0,0.0,0.0,0.0,0.0,0.0,0.0,,,,,,,,,,,,,,,
2017_139_535167,535167,Jehu Chesson,Michigan,Big Ten,WIDERECEIVER,WR,2017,4,33,139,4,0.0,0.0,0.0,0.0,0.0,0.0,1.0,1.0,1.0,0.0,0.0,0.0,0.0,6.0,1.0,202.0,0.0,0.0,0.0,0.0,0.0,0.0,0.0,0.0,0.0,0.0,0.0,0.0,0.0,0.0,0.0,0.0,0.0,114.0,12.0,1639.0,22.0,3.0,219.0,96.0,,,,64.0,66.0,,,14.37719298245614,9.954545454545457,33.666666666666664,,,,
2017_140_546633,546633,Wayne Gallman,Clemson,ACC,RUNNINGBACK,RB,2017,4,34,140,3,0.0,0.0,0.0,0.0,0.0,0.0,0.0,2.0,2.0,0.0,0.0,0.0,0.0,0.0,0.0,0.0,0.0,0.0,0.0,0.0,0.0,0.0,0.0,0.0,0.0,0.0,0.0,0.0,0.0,0.0,0.0,0.0,0.0,65.0,2.0,473.0,676.0,34.0,3429.0,,,,,39.0,66.0,,,7.276923076923077,5.072485207100592,,,,,
2017_141_554399,554399,Chad Hansen,Idaho State,Big Sky,WIDERECEIVER,WR,2017,4,35,141,3,0.0,0.0,0.0,0.0,0.0,0.0,0.0,0.0,0.0,0.0,0.0,0.0,0.0,0.0,0.0,0.0,0.0,0.0,0.0,0.0,0.0,0.0,0.0,0.0,0.0,0.0,0.0,0.0,0.0,0.0,0.0,0.0,0.0,115.0,12.0,1526.0,0.0,0.0,0.0,,,,,70.0,,,,13.269565217391303,,,,,,
2017_142_534596,534596,Carlos Watkins,Clemson,ACC,DEFENSIVETACKLE,DL,2017,4,36,142,2,4.0,4.0,10.5,30.0,0.0,13.5,50.0,0.0,0.0,1.0,1.0,1.0,15.0,0.0,0.0,0.0,0.0,0.0,0.0,0.0,0.0,0.0,0.0,0.0,0.0,0.0,0.0,0.0,0.0,0.0,0.0,0.0,0.0,0.0,0.0,0.0,0.0,0.0,0.0,,,,,,,,,,,,,,,15.0
2017_143_3139605,3139605,Marlon Mack,South Florida,American Athletic,RUNNINGBACK,RB,2017,4,37,143,3,0.0,0.0,0.0,0.0,0.0,0.0,0.0,4.0,3.0,0.0,0.0,0.0,0.0,0.0,0.0,0.0,0.0,0.0,0.0,0.0,0.0,0.0,0.0,0.0,0.0,0.0,0.0,0.0,0.0,0.0,0.0,0.0,0.0,65.0,1.0,498.0,586.0,32.0,3609.0,,,,,37.0,85.0,,,7.661538461538462,6.158703071672355,,,,,
2017_145_546731,546731,Jake Butt,Michigan,Big Ten,TIGHTEND,TE,2017,5,1,145,4,0.0,0.0,0.0,0.0,0.0,0.0,0.0,1.0,0.0,0.0,0.0,0.0,0.0,0.0,0.0,0.0,0.0,0.0,0.0,0.0,0.0,0.0,0.0,0.0,0.0,0.0,0.0,0.0,0.0,0.0,0.0,0.0,0.0,138.0,11.0,1646.0,0.0,0.0,2.0,,,,,56.0,2.0,,,11.92753623188406,inf,,,,,
2017_146_545428,545428,George Kittle,Iowa,Big Ten,TIGHTEND,TE,2017,5,2,146,4,0.0,0.0,0.0,0.0,0.0,0.0,0.0,1.0,0.0,0.0,0.0,0.0,0.0,2.0,0.0,-7.0,0.0,0.0,0.0,0.0,0.0,0.0,0.0,0.0,0.0,0.0,0.0,0.0,0.0,0.0,0.0,0.0,0.0,48.0,10.0,737.0,0.0,0.0,0.0,2.0,,,,51.0,,,,15.354166666666666,,-3.5,,,,
2017_148_536286,536286,Blair Brown,Ohio,Mid-American,INSIDELINEBACKER,LB,2017,5,4,148,1,0.0,0.0,4.5,71.0,0.0,14.5,128.0,0.0,0.0,0.0,0.0,0.0,0.0,0.0,0.0,0.0,0.0,0.0,0.0,0.0,0.0,0.0,0.0,0.0,0.0,0.0,0.0,0.0,0.0,0.0,0.0,0.0,0.0,0.0,0.0,0.0,0.0,0.0,0.0,,,,,,,,,,,,,,,
2017_149_534370,534370,Damontae Kazee,San Diego State,Mountain West,CORNERBACK,DB,2017,5,5,149,4,8.0,0.0,0.0,46.0,1.0,3.0,67.0,1.0,1.0,0.0,17.0,2.0,214.0,0.0,0.0,0.0,0.0,0.0,0.0,0.0,0.0,0.0,0.0,0.0,0.0,0.0,5.0,1.0,70.0,0.0,0.0,0.0,0.0,0.0,0.0,0.0,0.0,0.0,0.0,,,66.0,,,,,,,,,14.0,,,12.588235294117649
2017_150_546740,546740,Jordan Leggett,Clemson,ACC,TIGHTEND,TE,2017,5,6,150,4,0.0,0.0,0.0,1.0,0.0,0.0,1.0,1.0,1.0,0.0,0.0,0.0,0.0,2.0,0.0,12.0,0.0,0.0,0.0,0.0,0.0,0.0,0.0,0.0,0.0,0.0,0.0,0.0,0.0,0.0,0.0,0.0,0.0,112.0,18.0,1598.0,0.0,0.0,0.0,8.0,,,,56.0,,,,14.267857142857142,,6.0,,,,
2017_151_545375,545375,Desmond King,Iowa,Big Ten,CORNERBACK,DB,2017,5,7,151,3,7.0,0.0,0.0,42.0,1.0,3.5,58.0,1.0,0.0,1.0,14.0,3.0,231.0,56.0,0.0,1458.0,0.0,0.0,0.0,0.0,0.0,0.0,0.0,0.0,0.0,0.0,45.0,0.0,504.0,0.0,0.0,0.0,0.0,0.0,0.0,0.0,0.0,0.0,0.0,77.0,,44.0,,,,,,,,26.035714285714285,11.2,,,16.5
2017_152_550052,550052,Corn Elder,Miami,ACC,CORNERBACK,DB,2017,5,8,152,3,12.0,1.0,3.0,55.0,0.0,4.5,76.0,0.0,0.0,1.0,3.0,0.0,49.0,15.0,1.0,333.0,0.0,0.0,0.0,0.0,0.0,0.0,0.0,0.0,0.0,0.0,12.0,1.0,152.0,0.0,0.0,0.0,0.0,0.0,0.0,0.0,0.0,0.0,0.0,91.0,,72.0,,,,,,,,22.2,12.666666666666666,,,16.333333333333332
2017_153_549513,549513,Jake Elliott,Memphis,American Athletic,PLACEKICKER,ST,2017,5,9,153,4,0.0,0.0,0.0,0.0,0.0,0.0,0.0,0.0,0.0,0.0,0.0,0.0,0.0,0.0,0.0,0.0,104.0,81.0,445.0,202.0,202.0,0.0,0.0,0.0,0.0,0.0,0.0,0.0,0.0,0.0,0.0,0.0,0.0,0.0,0.0,0.0,0.0,0.0,0.0,,56.0,,,,,,,,,,,,0.7788461538461539,
2017_154_535889,535889,Jeremy Sprinkle,Arkansas,SEC,TIGHTEND,TE,2017,5,10,154,4,0.0,0.0,0.0,0.0,0.0,0.0,0.0,0.0,0.0,0.0,0.0,0.0,0.0,0.0,0.0,0.0,0.0,0.0,0.0,0.0,0.0,0.0,0.0,0.0,0.0,0.0,0.0,0.0,0.0,0.0,0.0,0.0,0.0,71.0,11.0,921.0,2.0,0.0,5.0,,,,,44.0,4.0,,,12.971830985915492,2.5,,,,,
2017_155_547597,547597,Jayon Brown,UCLA,Pac-12,OUTSIDELINEBACKER,LB,2017,5,11,155,2,6.0,1.0,2.5,69.0,0.0,7.0,119.0,0.0,0.0,2.0,3.0,0.0,32.0,5.0,0.0,42.0,0.0,0.0,0.0,0.0,0.0,0.0,0.0,0.0,0.0,0.0,0.0,0.0,0.0,0.0,0.0,0.0,0.0,0.0,0.0,0.0,0.0,0.0,0.0,16.0,,,,,,,,,,8.4,,,,10.666666666666666
2017_156_3125403,3125403,Brian Hill,Wyoming,Mountain West,RUNNINGBACK,RB,2017,5,12,156,3,0.0,0.0,0.0,0.0,0.0,0.0,0.0,1.0,0.0,0.0,0.0,0.0,0.0,1.0,0.0,27.0,0.0,0.0,0.0,0.0,0.0,0.0,0.0,0.0,0.0,0.0,0.0,0.0,0.0,0.0,0.0,0.0,0.0,41.0,0.0,403.0,775.0,35.0,4287.0,27.0,,,,40.0,89.0,,,9.829268292682928,5.531612903225806,27.0,,,,
2017_158_534270,534270,Nate Hairston,Temple,American Athletic,CORNERBACK,DB,2017,5,14,158,3,3.0,0.0,0.0,23.0,0.0,3.0,27.0,0.0,0.0,0.0,2.0,0.0,29.0,1.0,0.0,12.0,0.0,0.0,0.0,0.0,0.0,0.0,0.0,0.0,0.0,0.0,0.0,0.0,0.0,0.0,0.0,0.0,0.0,20.0,0.0,150.0,0.0,0.0,0.0,12.0,,,,16.0,,,,7.5,,12.0,,,,14.5
2017_162_3127586,3127586,Jeremy McNichols,Boise State,Mountain West,RUNNINGBACK,RB,2017,5,18,162,3,0.0,0.0,0.0,2.0,0.0,0.0,2.0,5.0,2.0,0.0,0.0,0.0,0.0,29.0,0.0,554.0,0.0,0.0,0.0,0.0,0.0,0.0,0.0,0.0,0.0,0.0,0.0,0.0,0.0,0.0,0.0,0.0,0.0,103.0,11.0,1089.0,571.0,44.0,3205.0,30.0,,,,76.0,88.0,,,10.572815533980584,5.612959719789842,19.103448275862068,,,,
2017_163_547239,547239,Matt Milano,Boston College,ACC,OUTSIDELINEBACKER,LB,2017,5,19,163,3,2.0,1.0,6.5,42.0,1.0,12.0,59.0,0.0,0.0,2.0,1.0,1.0,19.0,0.0,0.0,0.0,0.0,0.0,0.0,0.0,0.0,0.0,0.0,0.0,0.0,0.0,2.0,0.0,11.0,0.0,0.0,0.0,0.0,0.0,0.0,0.0,0.0,0.0,0.0,,,8.0,,,,,,,,,5.5,,,19.0
2017_164_516260,516260,Isaac Asiata,Utah,Pac-12,OFFENSIVEGUARD,OL,2017,5,20,164,1,0.0,0.0,0.0,1.0,0.0,0.0,1.0,0.0,0.0,0.0,0.0,0.0,0.0,0.0,0.0,0.0,0.0,0.0,0.0,0.0,0.0,0.0,0.0,0.0,0.0,0.0,0.0,0.0,0.0,0.0,0.0,0.0,0.0,0.0,0.0,0.0,0.0,1.0,0.0,,,,,,0.0,,,,,,,,,
2017_166_546034,546034,Shelton Gibson,West Virginia,Big 12,WIDERECEIVER,WR,2017,5,22,166,3,0.0,0.0,0.0,1.0,0.0,0.0,1.0,0.0,0.0,0.0,0.0,0.0,0.0,53.0,1.0,1244.0,0.0,0.0,0.0,0.0,0.0,0.0,0.0,0.0,0.0,0.0,0.0,0.0,0.0,0.0,0.0,0.0,0.0,84.0,17.0,1898.0,2.0,0.0,29.0,100.0,,,,71.0,25.0,,,22.595238095238095,14.5,23.471698113207548,,,,
2017_167_533293,533293,Avery Moss,Youngstown State,MVFC,DEFENSIVEEND,DL,2017,5,23,167,2,0.0,0.0,0.0,6.0,0.0,0.0,6.0,0.0,0.0,0.0,1.0,1.0,25.0,0.0,0.0,0.0,0.0,0.0,0.0,0.0,0.0,0.0,0.0,0.0,0.0,0.0,0.0,0.0,0.0,0.0,0.0,0.0,0.0,0.0,0.0,0.0,0.0,0.0,0.0,,,,,,,,,,,,,,,25.0
2017_168_545302,545302,Marquel Lee,Wake Forest,ACC,OUTSIDELINEBACKER,LB,2017,5,24,168,1,0.0,4.0,7.5,63.0,0.0,20.0,105.0,0.0,0.0,0.0,0.0,0.0,0.0,0.0,0.0,0.0,0.0,0.0,0.0,0.0,0.0,0.0,0.0,0.0,0.0,0.0,0.0,0.0,0.0,0.0,0.0,0.0,0.0,0.0,0.0,0.0,0.0,0.0,0.0,,,,,,,,,,,,,,,
2017_169_2985844,2985844,Treston Decoud,Oregon State,Pac-12,CORNERBACK,DB,2017,5,25,169,1,10.0,0.0,0.0,46.0,0.0,2.0,58.0,0.0,0.0,0.0,2.0,0.0,88.0,0.0,0.0,0.0,0.0,0.0,0.0,0.0,0.0,0.0,0.0,0.0,0.0,0.0,0.0,0.0,0.0,0.0,0.0,0.0,0.0,0.0,0.0,0.0,0.0,0.0,0.0,,,,,,,,,,,,,,,44.0
2017_170_552748,552748,Rodney Adams,Toledo,Mid-American,WIDERECEIVER,WR,2017,5,27,170,4,0.0,0.0,0.0,1.0,0.0,0.0,1.0,6.0,3.0,0.0,0.0,0.0,0.0,48.0,1.0,1138.0,0.0,0.0,0.0,0.0,0.0,1.0,0.0,0.0,0.0,0.0,0.0,0.0,0.0,0.0,0.0,0.0,0.0,137.0,16.0,1982.0,39.0,7.0,369.0,97.0,,,,84.0,92.0,0.0,0.0,14.467153284671532,9.461538461538462,23.708333333333332,,,,
2017_171_532065,532065,Nathan Peterman,Tennessee,SEC,QUARTERBACK,QB,2017,5,28,171,4,0.0,0.0,0.0,1.0,0.0,0.0,1.0,7.0,4.0,0.0,0.0,0.0,0.0,0.0,0.0,0.0,0.0,0.0,0.0,0.0,0.0,663.0,398.0,17.0,47.0,5236.0,0.0,0.0,0.0,0.0,0.0,0.0,0.0,1.0,0.0,9.0,173.0,5.0,526.0,,,,,11.0,42.0,0.6003016591251885,7.897435897435898,9.0,3.040462427745665,,,,,
2017_172_3128724,3128724,Isaiah McKenzie,Georgia,SEC,WIDERECEIVER,WR,2017,5,29,172,3,0.0,0.0,0.0,0.0,1.0,0.0,0.0,4.0,2.0,0.0,0.0,0.0,0.0,17.0,1.0,375.0,0.0,0.0,0.0,0.0,0.0,0.0,0.0,0.0,0.0,0.0,62.0,5.0,692.0,0.0,0.0,0.0,0.0,60.0,7.0,823.0,37.0,4.0,329.0,90.0,,82.0,,77.0,55.0,,,13.716666666666669,8.891891891891891,22.058823529411764,11.161290322580646,,,
2017_173_531015,531015,Brian Allen,Utah,Pac-12,CORNERBACK,DB,2017,5,30,173,2,6.0,0.0,1.0,27.0,0.0,4.5,35.0,0.0,0.0,0.0,5.0,0.0,0.0,0.0,0.0,0.0,0.0,0.0,0.0,0.0,0.0,0.0,0.0,0.0,0.0,0.0,0.0,0.0,0.0,0.0,0.0,0.0,0.0,0.0,0.0,0.0,0.0,0.0,0.0,,,,,,,,,,,,,,,0.0
2017_177_545677,545677,Trent Taylor,Louisiana Tech,Conference USA,WIDERECEIVER,WR,2017,5,34,177,4,0.0,0.0,0.0,3.0,0.0,0.0,3.0,3.0,2.0,0.0,0.0,0.0,0.0,2.0,0.0,16.0,0.0,0.0,1.0,1.0,1.0,1.0,0.0,0.0,0.0,0.0,61.0,0.0,482.0,0.0,0.0,0.0,0.0,327.0,32.0,4179.0,0.0,0.0,0.0,16.0,0.0,32.0,,76.0,,0.0,0.0,12.779816513761467,,8.0,7.901639344262295,,,
2017_178_559602,559602,Davon Godchaux,LSU,SEC,DEFENSIVETACKLE,DL,2017,5,35,178,1,1.0,3.0,6.5,24.0,0.0,8.5,62.0,0.0,0.0,2.0,0.0,0.0,0.0,0.0,0.0,0.0,0.0,0.0,0.0,0.0,0.0,0.0,0.0,0.0,0.0,0.0,0.0,0.0,0.0,0.0,0.0,0.0,0.0,0.0,0.0,0.0,0.0,0.0,0.0,,,,,,,,,,,,,,,
2017_179_545254,545254,T.J. Logan,North Carolina,ACC,RUNNINGBACK,RB,2017,5,36,179,4,0.0,0.0,0.0,1.0,2.0,0.0,1.0,2.0,1.0,0.0,0.0,0.0,0.0,77.0,4.0,2098.0,0.0,0.0,0.0,0.0,0.0,0.0,0.0,0.0,0.0,0.0,0.0,0.0,0.0,0.0,0.0,0.0,0.0,76.0,4.0,663.0,398.0,19.0,2165.0,100.0,,,,49.0,63.0,,,8.723684210526315,5.439698492462312,27.246753246753247,,,,
2017_180_530395,530395,Danny Isidora,Miami,ACC,OFFENSIVEGUARD,OL,2017,5,37,180,1,0.0,0.0,0.0,1.0,0.0,0.0,1.0,0.0,0.0,0.0,0.0,0.0,0.0,0.0,0.0,0.0,0.0,0.0,0.0,0.0,0.0,0.0,0.0,0.0,0.0,0.0,0.0,0.0,0.0,0.0,0.0,0.0,0.0,0.0,0.0,0.0,0.0,0.0,0.0,,,,,,,,,,,,,,,
2017_182_545833,545833,Aaron Jones,UTEP,Conference USA,RUNNINGBACK,RB,2017,5,39,182,4,0.0,0.0,0.0,0.0,0.0,0.0,1.0,3.0,0.0,0.0,0.0,0.0,0.0,0.0,0.0,0.0,0.0,0.0,0.0,0.0,0.0,2.0,1.0,0.0,1.0,3.0,0.0,0.0,0.0,0.0,0.0,0.0,0.0,71.0,7.0,646.0,658.0,33.0,4114.0,,,,,72.0,91.0,0.5,1.5,9.098591549295774,6.2522796352583585,,,,,
2017_183_530291,530291,Ukeme Eligwe,Georgia Southern,Sun Belt,INSIDELINEBACKER,LB,2017,5,40,183,1,3.0,3.0,2.5,65.0,0.0,8.5,104.0,0.0,0.0,1.0,1.0,0.0,6.0,0.0,0.0,0.0,0.0,0.0,0.0,0.0,0.0,0.0,0.0,0.0,0.0,0.0,0.0,0.0,0.0,0.0,0.0,0.0,0.0,0.0,0.0,0.0,0.0,0.0,0.0,,,,,,,,,,,,,,,6.0
2017_184_545594,545594,Nathan Gerry,Nebraska,Big Ten,SAFETY,DB,2017,5,41,184,3,8.0,1.0,0.5,47.0,0.0,6.5,74.0,0.0,0.0,0.0,13.0,0.0,200.0,0.0,0.0,0.0,0.0,0.0,0.0,0.0,0.0,0.0,0.0,0.0,0.0,0.0,0.0,0.0,0.0,0.0,0.0,0.0,0.0,0.0,0.0,0.0,0.0,0.0,0.0,,,,,,,,,,,,,,,15.384615384615383
2017_185_551314,551314,Caleb Brantley,Florida,SEC,DEFENSIVETACKLE,DL,2017,6,1,185,1,0.0,3.0,2.5,16.0,0.0,9.5,31.0,0.0,0.0,0.0,0.0,0.0,0.0,0.0,0.0,0.0,0.0,0.0,0.0,0.0,0.0,0.0,0.0,0.0,0.0,0.0,0.0,0.0,0.0,0.0,0.0,0.0,0.0,0.0,0.0,0.0,0.0,0.0,0.0,,,,,,,,,,,,,,,
2017_186_547019,547019,Chuck Clark,Virginia Tech,ACC,SAFETY,DB,2017,6,2,186,3,2.0,0.0,0.0,50.0,0.0,2.5,93.0,0.0,0.0,0.0,2.0,0.0,13.0,0.0,0.0,0.0,0.0,0.0,0.0,0.0,0.0,0.0,0.0,0.0,0.0,0.0,0.0,0.0,0.0,0.0,0.0,0.0,0.0,0.0,0.0,0.0,0.0,0.0,0.0,,,,,,,,,,,,,,,6.5
2017_187_552230,552230,Mike Tyson,Cincinnati,American Athletic,SAFETY,DB,2017,6,3,187,2,5.0,0.0,0.0,29.0,0.0,4.5,46.0,0.0,0.0,0.0,7.0,0.0,134.0,0.0,0.0,0.0,0.0,0.0,0.0,0.0,0.0,0.0,0.0,0.0,0.0,0.0,0.0,0.0,0.0,0.0,0.0,0.0,0.0,0.0,0.0,0.0,0.0,0.0,0.0,,,,,,,,,,,,,,,19.142857142857142
2017_188_545809,545809,Elijah McGuire,Louisiana,Sun Belt,RUNNINGBACK,RB,2017,6,4,188,4,0.0,0.0,0.0,0.0,0.0,0.0,0.0,1.0,1.0,0.0,0.0,0.0,0.0,3.0,0.0,46.0,0.0,0.0,0.0,0.0,0.0,3.0,0.0,0.0,0.0,0.0,29.0,0.0,227.0,0.0,0.0,0.0,0.0,129.0,10.0,1383.0,711.0,42.0,4312.0,22.0,,37.0,,80.0,88.0,0.0,0.0,10.72093023255814,6.064697609001406,15.333333333333334,7.827586206896552,,,
2017_189_545772,545772,Tanzel Smart,Tulane,American Athletic,DEFENSIVETACKLE,DL,2017,6,5,189,1,0.0,2.0,5.5,34.0,0.0,19.0,68.0,0.0,0.0,1.0,0.0,0.0,0.0,0.0,0.0,0.0,0.0,0.0,0.0,0.0,0.0,0.0,0.0,0.0,0.0,0.0,0.0,0.0,0.0,0.0,0.0,0.0,0.0,0.0,0.0,0.0,0.0,0.0,0.0,,,,,,,,,,,,,,,
2017_191_545680,545680,Xavier Woods,Louisiana Tech,Conference USA,SAFETY,DB,2017,6,7,191,3,6.0,1.0,3.0,60.0,0.0,6.5,89.0,0.0,0.0,0.0,14.0,2.0,248.0,0.0,0.0,0.0,0.0,0.0,0.0,0.0,0.0,0.0,0.0,0.0,0.0,0.0,0.0,0.0,0.0,0.0,0.0,0.0,0.0,0.0,0.0,0.0,0.0,0.0,0.0,,,,,,,,,,,,,,,17.714285714285715
2017_193_550490,550490,Jordan Evans,Oklahoma,Big 12,INSIDELINEBACKER,LB,2017,6,9,193,2,8.0,3.0,2.5,55.0,2.0,10.0,98.0,0.0,0.0,1.0,5.0,2.0,145.0,0.0,0.0,0.0,0.0,0.0,0.0,0.0,0.0,0.0,0.0,0.0,0.0,0.0,0.0,0.0,0.0,0.0,0.0,0.0,0.0,0.0,0.0,0.0,0.0,0.0,0.0,,,,,,,,,,,,,,,29.0
2017_194_547166,547166,Vincent Taylor,Oklahoma State,Big 12,DEFENSIVETACKLE,DL,2017,6,10,194,1,1.0,2.0,7.0,29.0,0.0,12.5,51.0,0.0,0.0,2.0,0.0,0.0,0.0,0.0,0.0,0.0,0.0,0.0,0.0,0.0,0.0,0.0,0.0,0.0,0.0,0.0,0.0,0.0,0.0,0.0,0.0,0.0,0.0,0.0,0.0,0.0,0.0,0.0,0.0,,,,,,,,,,,,,,,
2017_195_546229,546229,Tanner Vallejo,Boise State,Mountain West,OUTSIDELINEBACKER,LB,2017,6,11,195,3,0.0,1.0,1.0,39.0,0.0,6.0,69.0,0.0,0.0,0.0,1.0,1.0,63.0,0.0,0.0,0.0,0.0,0.0,0.0,0.0,0.0,0.0,0.0,0.0,0.0,0.0,1.0,0.0,2.0,0.0,0.0,0.0,0.0,1.0,0.0,4.0,0.0,0.0,0.0,,,2.0,,4.0,,,,4.0,,,2.0,,,63.0
2017_197_535149,535149,Jeremy Clark,Michigan,Big Ten,CORNERBACK,DB,2017,6,13,197,2,2.0,0.0,0.0,7.0,0.0,0.0,11.0,0.0,0.0,0.0,3.0,0.0,20.0,0.0,0.0,0.0,0.0,0.0,0.0,0.0,0.0,0.0,0.0,0.0,0.0,0.0,0.0,0.0,0.0,0.0,0.0,0.0,0.0,0.0,0.0,0.0,0.0,0.0,0.0,,,,,,,,,,,,,,,6.666666666666667
2017_198_3894915,3894915,D.J. Jones,Ole Miss,SEC,DEFENSIVETACKLE,DL,2017,6,14,198,1,0.0,3.0,2.0,11.0,0.0,3.0,30.0,0.0,0.0,1.0,1.0,0.0,0.0,0.0,0.0,0.0,0.0,0.0,0.0,0.0,0.0,0.0,0.0,0.0,0.0,0.0,0.0,0.0,0.0,0.0,0.0,0.0,0.0,0.0,0.0,0.0,0.0,0.0,0.0,,,,,,,,,,,,,,,0.0
2017_201_547022,547022,Bucky Hodges,Virginia Tech,ACC,TIGHTEND,TE,2017,6,17,201,3,0.0,0.0,0.0,1.0,0.0,0.0,1.0,1.0,1.0,0.0,0.0,0.0,0.0,0.0,0.0,0.0,0.0,0.0,0.0,0.0,0.0,0.0,0.0,0.0,0.0,0.0,1.0,1.0,0.0,0.0,0.0,0.0,0.0,133.0,20.0,1747.0,21.0,1.0,89.0,,,0.0,,50.0,16.0,,,13.135338345864662,4.238095238095238,,0.0,,,
2017_202_551348,551348,Pita Taumoepenu,Utah,Pac-12,DEFENSIVEEND,DL,2017,6,18,202,1,0.0,4.0,9.0,27.0,0.0,12.0,41.0,0.0,0.0,1.0,0.0,0.0,0.0,0.0,0.0,0.0,0.0,0.0,0.0,0.0,0.0,0.0,0.0,0.0,0.0,0.0,0.0,0.0,0.0,0.0,0.0,0.0,0.0,0.0,0.0,0.0,0.0,0.0,0.0,,,,,,,,,,,,,,,
2017_204_550121,550121,Derrick Jones,Ole Miss,SEC,CORNERBACK,DB,2017,6,20,204,3,3.0,0.0,0.0,15.0,1.0,1.5,21.0,0.0,0.0,0.0,2.0,1.0,54.0,0.0,0.0,0.0,0.0,0.0,0.0,0.0,0.0,0.0,0.0,0.0,0.0,0.0,0.0,0.0,0.0,0.0,0.0,0.0,0.0,11.0,2.0,175.0,0.0,0.0,0.0,,,,,45.0,,,,15.909090909090908,,,,,,27.0
2017_205_3892689,3892689,Jeremiah Ledbetter,Arkansas,SEC,DEFENSIVEEND,DL,2017,6,21,205,1,2.0,1.0,5.5,17.0,0.0,7.5,49.0,0.0,0.0,0.0,0.0,0.0,0.0,0.0,0.0,0.0,0.0,0.0,0.0,0.0,0.0,0.0,0.0,0.0,0.0,0.0,0.0,0.0,0.0,0.0,0.0,0.0,0.0,0.0,0.0,0.0,0.0,0.0,0.0,,,,,,,,,,,,,,,
2017_206_547028,547028,Sam Rogers,Virginia Tech,ACC,FULLBACK,RB,2017,6,22,206,4,0.0,0.0,0.0,0.0,0.0,0.0,0.0,0.0,0.0,0.0,0.0,0.0,0.0,2.0,0.0,31.0,0.0,0.0,0.0,0.0,0.0,4.0,3.0,0.0,1.0,35.0,0.0,0.0,0.0,0.0,0.0,0.0,0.0,72.0,7.0,802.0,165.0,4.0,692.0,16.0,,,,52.0,32.0,0.75,8.75,11.13888888888889,4.193939393939394,15.5,,,,
2017_207_536828,536828,Brandon Wilson,Houston,American Athletic,CORNERBACK,DB,2017,6,23,207,2,5.0,0.0,2.0,29.0,0.0,4.0,43.0,0.0,0.0,0.0,2.0,1.0,51.0,44.0,2.0,1121.0,0.0,0.0,0.0,0.0,0.0,0.0,0.0,0.0,0.0,0.0,0.0,0.0,0.0,0.0,0.0,0.0,0.0,11.0,0.0,101.0,41.0,2.0,194.0,100.0,,,,20.0,18.0,,,9.181818181818182,4.7317073170731705,25.477272727272727,,,,25.5
2017_209_545837,545837,Robert Davis,Georgia State,Sun Belt,WIDERECEIVER,WR,2017,6,25,209,4,0.0,0.0,0.0,1.0,0.0,0.0,1.0,1.0,1.0,0.0,0.0,0.0,0.0,0.0,0.0,0.0,0.0,0.0,0.0,0.0,0.0,0.0,0.0,0.0,0.0,0.0,0.0,0.0,0.0,0.0,0.0,0.0,0.0,222.0,17.0,3391.0,1.0,0.0,3.0,,,,,80.0,3.0,,,15.274774774774777,3.0,,,,,
2017_213_545581,545581,Colin Holba,Louisville,ACC,LONGSNAPPER,ST,2017,6,30,213,1,0.0,0.0,0.0,0.0,0.0,0.0,2.0,0.0,0.0,0.0,0.0,0.0,0.0,0.0,0.0,0.0,0.0,0.0,0.0,0.0,0.0,0.0,0.0,0.0,0.0,0.0,0.0,0.0,0.0,0.0,0.0,0.0,0.0,0.0,0.0,0.0,0.0,0.0,0.0,,,,,,,,,,,,,,,
2017_214_550328,550328,Elijah Qualls,Washington,Pac-12,DEFENSIVETACKLE,DL,2017,6,31,214,1,0.0,3.0,3.0,18.0,0.0,5.0,38.0,0.0,0.0,0.0,0.0,0.0,0.0,0.0,0.0,0.0,0.0,0.0,0.0,0.0,0.0,0.0,0.0,0.0,0.0,0.0,0.0,0.0,0.0,0.0,0.0,0.0,0.0,0.0,0.0,0.0,0.0,0.0,0.0,,,,,,,,,,,,,,,
2017_215_3123048,3123048,Brad Kaaya,Miami,ACC,QUARTERBACK,QB,2017,6,32,215,3,0.0,0.0,0.0,0.0,0.0,0.0,0.0,3.0,1.0,0.0,0.0,0.0,0.0,0.0,0.0,0.0,0.0,0.0,0.0,0.0,0.0,1189.0,721.0,24.0,69.0,9972.0,0.0,0.0,0.0,0.0,0.0,0.0,0.0,0.0,0.0,0.0,94.0,4.0,-386.0,,,,,,12.0,0.6063919259882254,8.386879730866275,,-4.1063829787234045,,,,,
2017_216_546815,546815,Marquez White,Florida State,ACC,CORNERBACK,DB,2017,6,33,216,3,4.0,0.0,0.0,19.0,0.0,2.0,25.0,0.0,0.0,0.0,4.0,0.0,14.0,0.0,0.0,0.0,0.0,0.0,0.0,0.0,0.0,0.0,0.0,0.0,0.0,0.0,2.0,0.0,0.0,0.0,0.0,0.0,0.0,0.0,0.0,0.0,0.0,0.0,0.0,,,2.0,,,,,,,,,0.0,,,3.5
2017_218_546419,546419,Leon McQuay III,USC,Pac-12,SAFETY,DB,2017,6,35,218,3,6.0,0.0,1.0,32.0,0.0,4.0,50.0,0.0,0.0,0.0,5.0,0.0,56.0,1.0,0.0,3.0,0.0,0.0,0.0,0.0,0.0,0.0,0.0,0.0,0.0,0.0,0.0,0.0,0.0,0.0,0.0,0.0,0.0,0.0,0.0,0.0,0.0,0.0,0.0,3.0,,,,,,,,,,3.0,,,,11.2
2017_219_550046,550046,Stacy Coley,Miami,ACC,WIDERECEIVER,WR,2017,7,1,219,4,0.0,0.0,0.0,3.0,0.0,0.0,4.0,0.0,0.0,0.0,0.0,0.0,0.0,47.0,1.0,1142.0,0.0,0.0,0.0,0.0,0.0,0.0,0.0,0.0,0.0,0.0,26.0,1.0,325.0,0.0,0.0,0.0,0.0,167.0,20.0,2222.0,8.0,1.0,125.0,88.0,,79.0,,81.0,73.0,,,13.305389221556888,15.625,24.29787234042553,12.5,,,
2017_220_533322,533322,Ifeadi Odenigbo,Northwestern,Big Ten,DEFENSIVEEND,DL,2017,7,2,220,1,0.0,6.0,10.0,16.0,0.0,12.0,22.0,0.0,0.0,0.0,0.0,0.0,0.0,0.0,0.0,0.0,0.0,0.0,0.0,0.0,0.0,0.0,0.0,0.0,0.0,0.0,0.0,0.0,0.0,0.0,0.0,0.0,0.0,0.0,0.0,0.0,0.0,0.0,0.0,,,,,,,,,,,,,,,
2017_221_3894908,3894908,Shalom Luani,Washington State,Pac-12,SAFETY,DB,2017,7,3,221,2,6.0,2.0,2.0,47.0,0.0,8.5,67.0,1.0,0.0,0.0,8.0,1.0,199.0,1.0,0.0,8.0,0.0,0.0,0.0,0.0,0.0,0.0,0.0,0.0,0.0,0.0,0.0,0.0,0.0,0.0,0.0,0.0,0.0,0.0,0.0,0.0,0.0,0.0,0.0,8.0,,,,,,,,,,8.0,,,,24.875
2017_222_545469,545469,Jalen Myrick,Minnesota,Big Ten,CORNERBACK,DB,2017,7,4,222,4,11.0,0.0,0.0,29.0,0.0,3.5,41.0,1.0,1.0,0.0,5.0,2.0,61.0,44.0,1.0,1052.0,0.0,0.0,0.0,0.0,0.0,0.0,0.0,0.0,0.0,0.0,9.0,0.0,44.0,0.0,0.0,0.0,0.0,0.0,0.0,0.0,1.0,0.0,3.0,100.0,,17.0,,,3.0,,,,3.0,23.90909090909091,4.888888888888889,,,12.2
2017_224_546436,546436,Zane Gonzalez,Arizona State,Pac-12,PLACEKICKER,ST,2017,7,6,224,4,0.0,0.0,0.0,0.0,0.0,0.0,0.0,0.0,0.0,0.0,0.0,0.0,0.0,0.0,0.0,0.0,116.0,96.0,491.0,208.0,203.0,0.0,0.0,0.0,0.0,0.0,0.0,0.0,0.0,0.0,0.0,0.0,0.0,0.0,0.0,0.0,0.0,0.0,0.0,,59.0,,,,,,,,,,,,0.8275862068965517,
2017_225_550963,550963,Isaac Rochell,Notre Dame,FBS Independents,DEFENSIVEEND,DL,2017,7,7,225,1,1.0,6.0,1.0,29.0,0.0,7.5,56.0,0.0,0.0,0.0,0.0,0.0,0.0,0.0,0.0,0.0,0.0,0.0,0.0,0.0,0.0,0.0,0.0,0.0,0.0,0.0,0.0,0.0,0.0,0.0,0.0,0.0,0.0,0.0,0.0,0.0,0.0,0.0,0.0,,,,,,,,,,,,,,,
2017_227_531252,531252,Josh Carraway,TCU,Big 12,OUTSIDELINEBACKER,LB,2017,7,9,227,2,0.0,5.0,8.0,25.0,0.0,11.0,49.0,0.0,0.0,0.0,1.0,1.0,33.0,0.0,0.0,0.0,0.0,0.0,0.0,0.0,0.0,0.0,0.0,0.0,0.0,0.0,0.0,0.0,0.0,0.0,0.0,0.0,0.0,0.0,0.0,0.0,0.0,0.0,0.0,,,,,,,,,,,,,,,33.0
2017_228_546310,546310,Joey Ivie,Florida,SEC,DEFENSIVETACKLE,DL,2017,7,10,228,1,0.0,7.0,2.5,9.0,0.0,3.5,26.0,0.0,0.0,0.0,0.0,0.0,0.0,0.0,0.0,0.0,0.0,0.0,0.0,0.0,0.0,0.0,0.0,0.0,0.0,0.0,0.0,0.0,0.0,0.0,0.0,0.0,0.0,0.0,0.0,0.0,0.0,0.0,0.0,,,,,,,,,,,,,,,
2017_229_531058,531058,Adrian Colbert,Texas,Big 12,SAFETY,DB,2017,7,11,229,3,3.0,0.0,0.0,13.0,0.0,2.5,22.0,0.0,0.0,0.0,2.0,0.0,46.0,2.0,0.0,23.0,0.0,0.0,0.0,0.0,0.0,0.0,0.0,0.0,0.0,0.0,0.0,0.0,0.0,0.0,0.0,0.0,0.0,0.0,0.0,0.0,0.0,0.0,0.0,23.0,,,,,,,,,,11.5,,,,23.0
2017_230_534670,534670,Josh Harvey-Clemons,Louisville,ACC,SAFETY,DB,2017,7,12,230,3,2.0,0.0,1.0,37.0,0.0,3.0,60.0,0.0,0.0,0.0,4.0,0.0,25.0,0.0,0.0,0.0,0.0,0.0,0.0,0.0,0.0,0.0,0.0,0.0,0.0,0.0,0.0,0.0,0.0,0.0,0.0,0.0,0.0,0.0,0.0,0.0,0.0,0.0,0.0,,,,,,,,,,,,,,,6.25
2017_232_3125073,3125073,Elijah Lee,Kansas State,Big 12,OUTSIDELINEBACKER,LB,2017,7,14,232,2,3.0,2.0,1.5,72.0,0.0,6.5,110.0,0.0,0.0,1.0,5.0,0.0,5.0,0.0,0.0,0.0,0.0,0.0,0.0,0.0,0.0,0.0,0.0,0.0,0.0,0.0,0.0,0.0,0.0,0.0,0.0,0.0,0.0,0.0,0.0,0.0,0.0,0.0,0.0,,,,,,,,,,,,,,,1.0
2017_233_551558,551558,Harrison Butker,Georgia Tech,ACC,PLACEKICKER,ST,2017,7,15,233,4,0.0,0.0,0.0,0.0,0.0,0.0,0.0,0.0,0.0,0.0,0.0,0.0,0.0,0.0,0.0,0.0,60.0,43.0,337.0,210.0,208.0,0.0,0.0,0.0,0.0,0.0,0.0,0.0,0.0,0.0,0.0,0.0,0.0,0.0,0.0,0.0,0.0,0.0,0.0,,53.0,,,,,,,,,,,,0.7166666666666667,
2017_234_511655,511655,Ejuan Price,Pittsburgh,ACC,OUTSIDELINEBACKER,LB,2017,7,16,234,1,1.0,14.0,13.0,34.0,0.0,23.0,45.0,0.0,0.0,0.0,0.0,0.0,0.0,0.0,0.0,0.0,0.0,0.0,0.0,0.0,0.0,0.0,0.0,0.0,0.0,0.0,0.0,0.0,0.0,0.0,0.0,0.0,0.0,0.0,0.0,0.0,0.0,0.0,0.0,,,,,,,,,,,,,,,
2017_237_3124069,3124069,Isaiah Ford,Virginia Tech,ACC,WIDERECEIVER,WR,2017,7,19,237,3,0.0,0.0,0.0,0.0,0.0,0.0,0.0,0.0,0.0,0.0,0.0,0.0,0.0,0.0,0.0,0.0,0.0,0.0,0.0,0.0,0.0,4.0,2.0,0.0,0.0,44.0,0.0,0.0,0.0,0.0,0.0,0.0,0.0,210.0,24.0,2967.0,17.0,0.0,84.0,,,,,75.0,26.0,0.5,11.0,14.128571428571428,4.9411764705882355,,,,,
2017_238_3918026,3918026,Devante Mays,Utah State,Mountain West,RUNNINGBACK,RB,2017,7,20,238,2,0.0,0.0,0.0,0.0,0.0,0.0,0.0,0.0,0.0,0.0,0.0,0.0,0.0,0.0,0.0,0.0,0.0,0.0,0.0,0.0,0.0,0.0,0.0,0.0,0.0,0.0,0.0,0.0,0.0,0.0,0.0,0.0,0.0,2.0,0.0,17.0,202.0,12.0,1225.0,,,,,9.0,66.0,,,8.5,6.064356435643564,,,,,
2017_239_3121409,3121409,Noah Brown,Ohio State,Big Ten,WIDERECEIVER,WR,2017,7,21,239,2,0.0,0.0,0.0,0.0,0.0,0.0,1.0,0.0,0.0,0.0,0.0,0.0,0.0,1.0,0.0,23.0,0.0,0.0,0.0,0.0,0.0,0.0,0.0,0.0,0.0,0.0,0.0,0.0,0.0,0.0,0.0,0.0,0.0,33.0,7.0,411.0,1.0,0.0,-4.0,23.0,,,,37.0,0.0,,,12.454545454545457,-4.0,23.0,,,,
2017_240_555605,555605,Marquez Williams,Miami,ACC,FULLBACK,RB,2017,7,22,240,1,0.0,0.0,0.0,0.0,0.0,0.5,1.0,0.0,0.0,0.0,0.0,0.0,0.0,0.0,0.0,0.0,0.0,0.0,0.0,0.0,0.0,0.0,0.0,0.0,0.0,0.0,0.0,0.0,0.0,0.0,0.0,0.0,0.0,2.0,1.0,19.0,1.0,0.0,1.0,,,,,15.0,1.0,,,9.5,1.0,,,,,
2017_242_3116690,3116690,Elijah Hood,North Carolina,ACC,RUNNINGBACK,RB,2017,7,24,242,3,0.0,0.0,0.0,0.0,0.0,0.0,1.0,2.0,2.0,0.0,0.0,0.0,0.0,0.0,0.0,0.0,0.0,0.0,0.0,0.0,0.0,0.0,0.0,0.0,0.0,0.0,0.0,0.0,0.0,0.0,0.0,0.0,0.0,40.0,0.0,211.0,431.0,29.0,2580.0,,,,,31.0,67.0,,,5.275,5.986078886310905,,,,,
2017_244_532636,532636,Treyvon Hester,Toledo,Mid-American,DEFENSIVETACKLE,DL,2017,7,26,244,1,1.0,7.0,5.0,22.0,0.0,8.5,39.0,0.0,0.0,1.0,0.0,0.0,0.0,0.0,0.0,0.0,0.0,0.0,0.0,0.0,0.0,0.0,0.0,0.0,0.0,0.0,0.0,0.0,0.0,0.0,0.0,0.0,0.0,0.0,0.0,0.0,0.0,0.0,0.0,,,,,,,,,,,,,,,
2017_245_549961,549961,Jack Tocho,NC State,ACC,CORNERBACK,DB,2017,7,27,245,4,9.0,0.0,1.0,33.0,0.0,2.0,37.0,0.0,0.0,0.0,6.0,0.0,58.0,0.0,0.0,0.0,0.0,0.0,0.0,0.0,0.0,0.0,0.0,0.0,0.0,0.0,0.0,0.0,0.0,0.0,0.0,0.0,0.0,0.0,0.0,0.0,0.0,0.0,0.0,,,,,,,,,,,,,,,9.666666666666666
2017_246_3895487,3895487,Jordan Carrell,Colorado,Pac-12,DEFENSIVETACKLE,DL,2017,7,28,246,1,0.0,1.0,5.0,25.0,0.0,6.0,47.0,0.0,0.0,1.0,0.0,0.0,0.0,0.0,0.0,0.0,0.0,0.0,0.0,0.0,0.0,0.0,0.0,0.0,0.0,0.0,0.0,0.0,0.0,0.0,0.0,0.0,0.0,0.0,0.0,0.0,0.0,0.0,0.0,,,,,,,,,,,,,,,
2017_247_559754,559754,Malachi Dupre,LSU,SEC,WIDERECEIVER,WR,2017,7,29,247,3,0.0,0.0,0.0,0.0,0.0,0.0,0.0,0.0,0.0,0.0,0.0,0.0,0.0,0.0,0.0,0.0,0.0,0.0,0.0,0.0,0.0,1.0,0.0,0.0,0.0,0.0,0.0,0.0,0.0,0.0,0.0,0.0,0.0,98.0,14.0,1609.0,0.0,0.0,0.0,,,,,63.0,,0.0,0.0,16.418367346938776,,,,,,
2017_248_545918,545918,Keion Adams,Western Michigan,Mid-American,DEFENSIVEEND,DL,2017,7,30,248,1,0.0,12.0,7.5,34.0,0.0,18.0,49.0,0.0,0.0,1.0,0.0,0.0,0.0,0.0,0.0,0.0,0.0,0.0,0.0,0.0,0.0,0.0,0.0,0.0,0.0,0.0,0.0,0.0,0.0,0.0,0.0,0.0,0.0,0.0,0.0,0.0,0.0,0.0,0.0,,,,,,,,,,,,,,,
2017_249_3919596,3919596,Chris Carson,Oklahoma State,Big 12,RUNNINGBACK,RB,2017,7,31,249,2,0.0,0.0,0.0,0.0,0.0,0.0,0.0,1.0,0.0,0.0,0.0,0.0,0.0,0.0,0.0,0.0,0.0,0.0,0.0,0.0,0.0,3.0,2.0,0.0,0.0,31.0,0.0,0.0,0.0,0.0,0.0,0.0,0.0,30.0,1.0,298.0,213.0,13.0,1076.0,,,,,28.0,26.0,0.6666666666666666,10.333333333333334,9.933333333333334,5.051643192488263,,,,,
2017_250_536062,536062,Pat O'Connor,Eastern Michigan,Mid-American,DEFENSIVEEND,DL,2017,7,32,250,1,3.0,14.0,7.5,15.0,0.0,13.0,39.0,0.0,0.0,0.0,0.0,0.0,0.0,0.0,0.0,0.0,0.0,0.0,0.0,0.0,0.0,0.0,0.0,0.0,0.0,0.0,0.0,0.0,0.0,0.0,0.0,0.0,0.0,0.0,0.0,0.0,0.0,0.0,0.0,,,,,,,,,,,,,,,
2017_251_531973,531973,Mason Schreck,Buffalo,Mid-American,TIGHTEND,TE,2017,7,33,251,4,0.0,0.0,0.0,1.0,0.0,0.0,1.0,0.0,0.0,0.0,0.0,0.0,0.0,0.0,0.0,0.0,0.0,0.0,0.0,0.0,0.0,2.0,1.0,0.0,0.0,23.0,0.0,0.0,0.0,0.0,0.0,0.0,0.0,107.0,6.0,1113.0,0.0,0.0,0.0,,,,,75.0,,0.5,11.5,10.401869158878505,,,,,,
2017_252_549935,549935,Matthew Dayes,NC State,ACC,RUNNINGBACK,RB,2017,7,34,252,4,0.0,0.0,0.0,3.0,0.0,0.0,3.0,3.0,3.0,0.0,0.0,0.0,0.0,29.0,0.0,501.0,0.0,0.0,0.0,0.0,0.0,0.0,0.0,0.0,0.0,0.0,0.0,0.0,0.0,0.0,0.0,0.0,0.0,98.0,6.0,933.0,550.0,34.0,2856.0,50.0,,,,61.0,85.0,,,9.520408163265309,5.192727272727272,17.275862068965516,,,,
2017_253_534580,534580,Chad Kelly,Ole Miss,SEC,QUARTERBACK,QB,2017,7,35,253,3,0.0,0.0,0.0,1.0,0.0,0.0,1.0,5.0,3.0,0.0,0.0,0.0,0.0,0.0,0.0,0.0,0.0,0.0,0.0,0.0,0.0,803.0,513.0,21.0,50.0,6858.0,0.0,0.0,0.0,0.0,3.0,0.0,131.0,0.0,0.0,0.0,204.0,16.0,949.0,,,,49.0,,43.0,0.638854296388543,8.540473225404732,,4.651960784313726,,,43.666666666666664,,
2018_001_550373,550373,Baker Mayfield,Texas Tech,Big 12,QUARTERBACK,QB,2018,1,1,1,4,0.0,0.0,0.0,1.0,0.0,0.0,1.0,7.0,3.0,0.0,0.0,0.0,0.0,0.0,0.0,0.0,0.0,0.0,0.0,0.0,0.0,1497.0,1026.0,30.0,131.0,14607.0,0.0,0.0,0.0,0.0,0.0,0.0,0.0,1.0,1.0,2.0,404.0,21.0,1083.0,,,,,2.0,54.0,0.685370741482966,9.75751503006012,2.0,2.68069306930693,,,,,
2018_002_3929630,3929630,Saquon Barkley,Penn State,Big Ten,RUNNINGBACK,RB,2018,1,2,2,3,0.0,0.0,0.0,1.0,2.0,0.0,1.0,2.0,2.0,0.0,0.0,0.0,0.0,18.0,2.0,500.0,0.0,0.0,0.0,0.0,0.0,2.0,2.0,0.0,1.0,36.0,0.0,0.0,0.0,0.0,0.0,0.0,0.0,102.0,8.0,1195.0,671.0,43.0,3843.0,98.0,,,,85.0,92.0,1.0,18.0,11.715686274509803,5.7272727272727275,27.77777777777778,,,,
2018_003_3912547,3912547,Sam Darnold,USC,Pac-12,QUARTERBACK,QB,2018,1,3,3,2,0.0,0.0,0.0,5.0,0.0,0.0,5.0,21.0,14.0,0.0,0.0,0.0,0.0,0.0,0.0,0.0,0.0,0.0,0.0,0.0,0.0,846.0,549.0,22.0,57.0,7229.0,0.0,0.0,0.0,0.0,0.0,0.0,0.0,0.0,0.0,0.0,137.0,7.0,332.0,,,,,,39.0,0.648936170212766,8.544917257683215,,2.423357664233577,,,,,
2018_004_3915535,3915535,Denzel Ward,Ohio State,Big Ten,CORNERBACK,DB,2018,1,4,4,2,24.0,0.0,0.0,42.0,0.0,2.0,60.0,0.0,0.0,0.0,1.0,0.0,0.0,0.0,0.0,0.0,0.0,0.0,0.0,0.0,0.0,0.0,0.0,0.0,0.0,0.0,1.0,0.0,10.0,0.0,0.0,0.0,0.0,0.0,0.0,0.0,0.0,0.0,0.0,,,10.0,,,,,,,,,10.0,,,0.0
2018_005_3116733,3116733,Bradley Chubb,NC State,ACC,DEFENSIVEEND,DL,2018,1,5,5,3,3.0,16.0,20.5,72.0,0.0,46.5,127.0,0.0,0.0,1.0,1.0,0.0,0.0,0.0,0.0,0.0,0.0,0.0,0.0,0.0,0.0,0.0,0.0,0.0,0.0,0.0,0.0,0.0,0.0,0.0,0.0,0.0,0.0,0.0,0.0,0.0,0.0,0.0,0.0,,,,,,,,,,,,,,,0.0
2018_006_3129308,3129308,Quenton Nelson,Notre Dame,FBS Independents,OFFENSIVEGUARD,OL,2018,1,6,6,2,0.0,0.0,0.0,3.0,0.0,0.0,3.0,0.0,0.0,0.0,0.0,0.0,0.0,0.0,0.0,0.0,0.0,0.0,0.0,0.0,0.0,0.0,0.0,0.0,0.0,0.0,0.0,0.0,0.0,0.0,0.0,0.0,0.0,0.0,0.0,0.0,0.0,0.0,0.0,,,,,,,,,,,,,,,
2018_007_3918298,3918298,Josh Allen,Wyoming,Mountain West,QUARTERBACK,QB,2018,1,7,7,3,0.0,0.0,0.0,3.0,0.0,0.0,4.0,13.0,7.0,0.0,0.0,0.0,0.0,0.0,0.0,0.0,0.0,0.0,0.0,0.0,0.0,649.0,365.0,21.0,44.0,5066.0,0.0,0.0,0.0,0.0,0.0,0.0,0.0,2.0,1.0,6.0,238.0,12.0,756.0,,,,,4.0,38.0,0.5624036979969184,7.805855161787365,3.0,3.176470588235294,,,,,
2018_008_3915189,3915189,Roquan Smith,Georgia,SEC,OUTSIDELINEBACKER,LB,2018,1,8,8,2,3.0,4.0,6.5,129.0,0.0,17.5,220.0,0.0,0.0,3.0,0.0,0.0,0.0,0.0,0.0,0.0,0.0,0.0,0.0,0.0,0.0,0.0,0.0,0.0,0.0,0.0,0.0,0.0,0.0,0.0,0.0,0.0,0.0,0.0,0.0,0.0,0.0,0.0,0.0,,,,,,,,,,,,,,,
2018_009_550954,550954,Mike McGlinchey,Notre Dame,FBS Independents,OFFENSIVETACKLE,OL,2018,1,9,9,2,0.0,0.0,0.0,1.0,0.0,0.0,1.0,0.0,0.0,0.0,0.0,0.0,0.0,0.0,0.0,0.0,0.0,0.0,0.0,0.0,0.0,0.0,0.0,0.0,0.0,0.0,0.0,0.0,0.0,0.0,0.0,0.0,0.0,1.0,0.0,-4.0,0.0,0.0,0.0,,,,,-4.0,,,,-4.0,,,,,,
2018_010_3886377,3886377,Josh Rosen,UCLA,Pac-12,QUARTERBACK,QB,2018,1,10,10,3,0.0,0.0,0.0,1.0,0.0,0.0,1.0,14.0,5.0,0.0,0.0,0.0,0.0,0.0,0.0,0.0,0.0,0.0,0.0,0.0,0.0,1169.0,711.0,26.0,59.0,9302.0,0.0,0.0,0.0,0.0,1.0,0.0,25.0,0.0,0.0,0.0,109.0,6.0,-154.0,,,,25.0,,37.0,0.6082121471343028,7.9572284003421725,,-1.4128440366972477,,,25.0,,
2018_011_3925345,3925345,Minkah Fitzpatrick,Alabama,SEC,SAFETY,DB,2018,1,11,11,3,15.0,3.0,3.0,80.0,2.0,13.5,126.0,0.0,0.0,0.0,9.0,4.0,274.0,1.0,0.0,39.0,0.0,0.0,0.0,0.0,0.0,0.0,0.0,0.0,0.0,0.0,1.0,1.0,16.0,0.0,0.0,0.0,0.0,0.0,0.0,0.0,0.0,0.0,0.0,39.0,,16.0,,,,,,,,39.0,16.0,,,30.444444444444443
2018_012_3134362,3134362,Vita Vea,Washington,Pac-12,DEFENSIVETACKLE,DL,2018,1,12,12,2,5.0,2.0,8.5,53.0,0.0,12.0,83.0,0.0,0.0,0.0,0.0,0.0,0.0,0.0,0.0,0.0,0.0,0.0,0.0,0.0,0.0,0.0,0.0,0.0,0.0,0.0,1.0,0.0,17.0,0.0,0.0,0.0,0.0,0.0,0.0,0.0,0.0,0.0,0.0,,,17.0,,,,,,,,,17.0,,,
2018_013_3925354,3925354,Da'Ron Payne,Alabama,SEC,DEFENSIVETACKLE,DL,2018,1,13,13,2,4.0,11.0,2.5,33.0,0.0,4.5,89.0,0.0,0.0,1.0,1.0,0.0,21.0,0.0,0.0,0.0,0.0,0.0,0.0,0.0,0.0,0.0,0.0,0.0,0.0,0.0,0.0,0.0,0.0,0.0,0.0,0.0,0.0,1.0,1.0,1.0,0.0,0.0,0.0,,,,,1.0,,,,1.0,,,,,,21.0
2018_014_3124058,3124058,Marcus Davenport,UTSA,Conference USA,DEFENSIVEEND,DL,2018,1,14,14,2,5.0,16.0,15.0,63.0,0.0,27.0,122.0,0.0,0.0,2.0,0.0,0.0,0.0,0.0,0.0,0.0,0.0,0.0,0.0,0.0,0.0,0.0,0.0,0.0,0.0,0.0,0.0,0.0,0.0,0.0,0.0,0.0,0.0,0.0,0.0,0.0,0.0,0.0,0.0,,,,,,,,,,,,,,,
2018_015_3134312,3134312,Kolton Miller,UCLA,Pac-12,OFFENSIVETACKLE,OL,2018,1,15,15,1,0.0,0.0,0.0,1.0,0.0,0.0,1.0,0.0,0.0,0.0,0.0,0.0,0.0,0.0,0.0,0.0,0.0,0.0,0.0,0.0,0.0,0.0,0.0,0.0,0.0,0.0,0.0,0.0,0.0,0.0,0.0,0.0,0.0,0.0,0.0,0.0,1.0,0.0,-3.0,,,,,,0.0,,,,-3.0,,,,,
2018_016_3929950,3929950,Tremaine Edmunds,Virginia Tech,ACC,OUTSIDELINEBACKER,LB,2018,1,16,16,2,5.0,13.0,10.0,116.0,0.0,32.5,215.0,0.0,0.0,1.0,1.0,0.0,9.0,0.0,0.0,0.0,0.0,0.0,0.0,0.0,0.0,0.0,0.0,0.0,0.0,0.0,0.0,0.0,0.0,0.0,0.0,0.0,0.0,0.0,0.0,0.0,0.0,0.0,0.0,,,,,,,,,,,,,,,9.0
2018_017_3691739,3691739,Derwin James,Florida State,ACC,SAFETY,DB,2018,1,17,17,3,11.0,4.0,1.0,58.0,1.0,5.5,95.0,0.0,0.0,0.0,3.0,1.0,41.0,6.0,0.0,170.0,0.0,0.0,0.0,0.0,0.0,0.0,0.0,0.0,0.0,0.0,1.0,0.0,-2.0,0.0,0.0,0.0,0.0,0.0,0.0,0.0,0.0,0.0,0.0,49.0,,-2.0,,,,,,,,28.333333333333332,-2.0,,,13.666666666666666
2018_018_3895429,3895429,Jaire Alexander,Louisville,ACC,CORNERBACK,DB,2018,1,18,18,3,13.0,3.0,0.0,44.0,1.0,2.0,58.0,4.0,2.0,1.0,7.0,0.0,42.0,1.0,0.0,14.0,0.0,0.0,0.0,0.0,0.0,0.0,0.0,0.0,0.0,0.0,47.0,1.0,439.0,0.0,0.0,0.0,0.0,0.0,0.0,0.0,0.0,0.0,0.0,14.0,,69.0,,,,,,,,14.0,9.340425531914894,,,6.0
2018_019_3138677,3138677,Leighton Vander Esch,Boise State,Mountain West,INSIDELINEBACKER,LB,2018,1,19,19,3,4.0,1.0,5.0,114.0,0.0,12.0,168.0,0.0,0.0,0.0,4.0,0.0,47.0,0.0,0.0,0.0,0.0,0.0,0.0,0.0,0.0,0.0,0.0,0.0,0.0,0.0,0.0,0.0,0.0,0.0,0.0,0.0,0.0,0.0,0.0,0.0,1.0,0.0,10.0,,,,,,10.0,,,,10.0,,,,,11.75
2018_020_3128689,3128689,Frank Ragnow,Arkansas,SEC,CENTER,OL,2018,1,20,20,1,0.0,0.0,0.0,0.0,0.0,0.0,1.0,0.0,0.0,0.0,0.0,0.0,0.0,0.0,0.0,0.0,0.0,0.0,0.0,0.0,0.0,0.0,0.0,0.0,0.0,0.0,0.0,0.0,0.0,0.0,0.0,0.0,0.0,0.0,0.0,0.0,0.0,0.0,0.0,,,,,,,,,,,,,,,
2018_021_549826,549826,Billy Price,Ohio State,Big Ten,CENTER,OL,2018,1,21,21,1,0.0,0.0,0.0,1.0,0.0,0.0,1.0,0.0,0.0,0.0,0.0,0.0,0.0,0.0,0.0,0.0,0.0,0.0,0.0,0.0,0.0,0.0,0.0,0.0,0.0,0.0,0.0,0.0,0.0,0.0,0.0,0.0,0.0,0.0,0.0,0.0,0.0,0.0,0.0,,,,,,,,,,,,,,,
2018_022_3126349,3126349,Rashaan Evans,Alabama,SEC,INSIDELINEBACKER,LB,2018,1,22,22,2,5.0,13.0,10.0,66.0,0.0,17.5,126.0,0.0,0.0,2.0,0.0,0.0,0.0,0.0,0.0,0.0,0.0,0.0,0.0,0.0,0.0,0.0,0.0,0.0,0.0,0.0,0.0,0.0,0.0,0.0,0.0,0.0,0.0,0.0,0.0,0.0,0.0,0.0,0.0,,,,,,,,,,,,,,,
2018_023_3128713,3128713,Isaiah Wynn,Georgia,SEC,OFFENSIVEGUARD,OL,2018,1,23,23,1,0.0,0.0,0.0,2.0,0.0,0.0,2.0,0.0,0.0,0.0,0.0,0.0,0.0,0.0,0.0,0.0,0.0,0.0,0.0,0.0,0.0,0.0,0.0,0.0,0.0,0.0,0.0,0.0,0.0,0.0,0.0,0.0,0.0,0.0,0.0,0.0,0.0,0.0,0.0,,,,,,,,,,,,,,,
2018_024_3915416,3915416,D.J. Moore,Maryland,Big Ten,WIDERECEIVER,WR,2018,1,24,24,3,0.0,0.0,0.0,1.0,0.0,0.0,1.0,2.0,0.0,0.0,0.0,0.0,0.0,15.0,0.0,334.0,0.0,0.0,0.0,0.0,0.0,5.0,3.0,0.0,0.0,36.0,15.0,0.0,153.0,0.0,1.0,0.0,34.0,146.0,17.0,2027.0,17.0,1.0,125.0,35.0,,33.0,34.0,92.0,24.0,0.6,7.2,13.883561643835616,7.352941176470588,22.266666666666666,10.2,34.0,,
2018_025_3924365,3924365,Hayden Hurst,South Carolina,SEC,TIGHTEND,TE,2018,1,25,25,3,0.0,0.0,0.0,4.0,0.0,0.0,6.0,0.0,0.0,0.0,0.0,0.0,0.0,0.0,0.0,0.0,0.0,0.0,0.0,0.0,0.0,3.0,2.0,0.0,0.0,21.0,0.0,0.0,0.0,0.0,0.0,0.0,0.0,100.0,3.0,1281.0,11.0,1.0,39.0,,,,,62.0,13.0,0.6666666666666666,7.0,12.81,3.5454545454545454,,,,,
2018_026_3925357,3925357,Calvin Ridley,Alabama,SEC,WIDERECEIVER,WR,2018,1,26,26,3,0.0,0.0,0.0,1.0,0.0,0.0,1.0,1.0,0.0,0.0,0.0,0.0,0.0,0.0,0.0,0.0,0.0,0.0,0.0,0.0,0.0,0.0,0.0,0.0,0.0,0.0,3.0,0.0,4.0,0.0,0.0,0.0,0.0,224.0,19.0,2781.0,8.0,1.0,40.0,,,6.0,,81.0,13.0,,,12.415178571428571,5.0,,1.3333333333333333,,,
2018_027_3139925,3139925,Rashaad Penny,San Diego State,Mountain West,RUNNINGBACK,RB,2018,1,27,27,4,0.0,0.0,0.0,0.0,5.0,0.0,1.0,5.0,4.0,0.0,0.0,0.0,0.0,81.0,7.0,2449.0,0.0,0.0,0.0,0.0,0.0,0.0,0.0,0.0,0.0,0.0,2.0,1.0,70.0,0.0,0.0,0.0,0.0,42.0,6.0,479.0,487.0,38.0,3643.0,100.0,,70.0,,41.0,95.0,,,11.404761904761903,7.480492813141684,30.234567901234566,35.0,,,
2018_028_3124067,3124067,Terrell Edmunds,Virginia Tech,ACC,SAFETY,DB,2018,1,28,28,4,7.0,2.0,1.5,75.0,0.0,5.0,149.0,1.0,0.0,1.0,6.0,0.0,98.0,0.0,0.0,0.0,0.0,0.0,0.0,0.0,0.0,0.0,0.0,0.0,0.0,0.0,1.0,0.0,19.0,0.0,0.0,0.0,0.0,2.0,0.0,18.0,0.0,0.0,0.0,,,19.0,,20.0,,,,9.0,,,19.0,,,16.333333333333332
2018_029_559553,559553,Taven Bryan,Florida,SEC,DEFENSIVETACKLE,DL,2018,1,29,29,3,1.0,5.0,5.0,27.0,0.0,9.0,56.0,0.0,0.0,2.0,0.0,0.0,0.0,0.0,0.0,0.0,0.0,0.0,0.0,0.0,0.0,0.0,0.0,0.0,0.0,0.0,0.0,0.0,0.0,0.0,0.0,0.0,0.0,0.0,0.0,0.0,1.0,0.0,-1.0,,,,,,0.0,,,,-1.0,,,,,
2018_030_3895841,3895841,Mike Hughes,UCF,American Athletic,CORNERBACK,DB,2018,1,30,30,2,11.0,0.0,0.0,37.0,4.0,0.5,49.0,1.0,0.0,0.0,4.0,1.0,92.0,23.0,2.0,741.0,0.0,0.0,0.0,0.0,0.0,0.0,0.0,0.0,0.0,0.0,14.0,1.0,233.0,0.0,0.0,0.0,0.0,0.0,0.0,0.0,0.0,0.0,0.0,95.0,,66.0,,,,,,,,32.21739130434783,16.642857142857142,,,23.0
2018_031_3128721,3128721,Sony Michel,Georgia,SEC,RUNNINGBACK,RB,2018,1,31,31,4,0.0,0.0,0.0,1.0,0.0,0.0,1.0,5.0,2.0,0.0,0.0,0.0,0.0,5.0,0.0,71.0,0.0,0.0,0.0,0.0,0.0,0.0,0.0,0.0,0.0,0.0,0.0,0.0,0.0,0.0,0.0,0.0,0.0,64.0,6.0,621.0,591.0,33.0,3638.0,20.0,,,,48.0,75.0,,,9.703125,6.155668358714044,14.2,,,,
2018_032_3916387,3916387,Lamar Jackson,Louisville,ACC,QUARTERBACK,QB,2018,1,32,32,3,0.0,0.0,0.0,3.0,0.0,0.0,3.0,17.0,8.0,0.0,0.0,0.0,0.0,0.0,0.0,0.0,0.0,0.0,0.0,0.0,0.0,1086.0,619.0,27.0,69.0,9043.0,0.0,0.0,0.0,0.0,0.0,0.0,0.0,0.0,0.0,0.0,655.0,50.0,4132.0,,,,,,75.0,0.5699815837937385,8.326887661141805,,6.308396946564885,,,,,
2018_033_552068,552068,Austin Corbett,Nevada,Mountain West,OFFENSIVEGUARD,OL,2018,2,1,33,1,0.0,0.0,0.0,0.0,0.0,0.0,0.0,0.0,0.0,0.0,0.0,0.0,0.0,0.0,0.0,0.0,0.0,0.0,0.0,0.0,0.0,0.0,0.0,0.0,0.0,0.0,0.0,0.0,0.0,0.0,0.0,0.0,0.0,0.0,0.0,0.0,1.0,0.0,-1.0,,,,,,0.0,,,,-1.0,,,,,
2018_035_3128720,3128720,Nick Chubb,Georgia,SEC,RUNNINGBACK,RB,2018,2,3,35,4,0.0,0.0,0.0,0.0,0.0,0.0,0.0,3.0,3.0,0.0,0.0,0.0,0.0,0.0,0.0,0.0,0.0,0.0,0.0,0.0,0.0,0.0,0.0,0.0,0.0,0.0,0.0,0.0,0.0,0.0,0.0,0.0,0.0,31.0,4.0,361.0,758.0,44.0,4769.0,,,,,49.0,83.0,,,11.64516129032258,6.29155672823219,,,,,
2018_036_551978,551978,Darius Leonard,South Carolina State,MEAC,OUTSIDELINEBACKER,LB,2018,2,4,36,1,1.0,0.0,0.0,20.0,0.0,1.0,43.0,0.0,0.0,0.0,0.0,0.0,0.0,0.0,0.0,0.0,0.0,0.0,0.0,0.0,0.0,0.0,0.0,0.0,0.0,0.0,0.0,0.0,0.0,0.0,0.0,0.0,0.0,0.0,0.0,0.0,0.0,0.0,0.0,,,,,,,,,,,,,,,
2018_038_3912550,3912550,Ronald Jones II,USC,Pac-12,RUNNINGBACK,RB,2018,2,6,38,3,0.0,0.0,0.0,2.0,0.0,0.0,2.0,1.0,1.0,0.0,0.0,0.0,0.0,0.0,0.0,0.0,0.0,0.0,0.0,0.0,0.0,0.0,0.0,0.0,0.0,0.0,0.0,0.0,0.0,0.0,0.0,0.0,0.0,32.0,3.0,302.0,591.0,39.0,3619.0,,,,,56.0,86.0,,,9.4375,6.123519458544839,,,,,
2018_039_3894849,3894849,James Daniels,Iowa,Big Ten,CENTER,OL,2018,2,7,39,1,0.0,0.0,0.0,1.0,0.0,0.0,1.0,0.0,0.0,0.0,0.0,0.0,0.0,0.0,0.0,0.0,0.0,0.0,0.0,0.0,0.0,0.0,0.0,0.0,0.0,0.0,0.0,0.0,0.0,0.0,0.0,0.0,0.0,0.0,0.0,0.0,0.0,0.0,0.0,,,,,,,,,,,,,,,
2018_040_3128429,3128429,Courtland Sutton,SMU,American Athletic,WIDERECEIVER,WR,2018,2,8,40,4,0.0,0.0,0.0,4.0,0.0,0.0,4.0,0.0,0.0,0.0,0.0,0.0,0.0,0.0,0.0,0.0,0.0,0.0,0.0,0.0,0.0,2.0,2.0,0.0,0.0,75.0,1.0,0.0,-8.0,0.0,0.0,0.0,0.0,195.0,31.0,3220.0,1.0,1.0,2.0,,,-8.0,,88.0,2.0,1.0,37.5,16.512820512820515,2.0,,-8.0,,,
2018_041_3122793,3122793,Harold Landry,Boston College,ACC,OUTSIDELINEBACKER,LB,2018,2,9,41,2,6.0,8.0,21.5,56.0,0.0,30.5,88.0,0.0,0.0,0.0,1.0,0.0,20.0,0.0,0.0,0.0,0.0,0.0,0.0,0.0,0.0,0.0,0.0,0.0,0.0,0.0,0.0,0.0,0.0,0.0,0.0,0.0,0.0,0.0,0.0,0.0,0.0,0.0,0.0,,,,,,,,,,,,,,,20.0
2018_042_3116164,3116164,Mike Gesicki,Penn State,Big Ten,TIGHTEND,TE,2018,2,10,42,4,0.0,0.0,0.0,1.0,0.0,0.0,1.0,0.0,0.0,0.0,0.0,0.0,0.0,0.0,0.0,0.0,0.0,0.0,0.0,0.0,0.0,0.0,0.0,0.0,0.0,0.0,0.0,0.0,0.0,0.0,0.0,0.0,0.0,129.0,15.0,1481.0,0.0,0.0,0.0,,,,,53.0,,,,11.48062015503876,,,,,,
2018_043_3916925,3916925,Kerryon Johnson,Auburn,SEC,RUNNINGBACK,RB,2018,2,11,43,3,0.0,0.0,0.0,1.0,0.0,0.0,1.0,3.0,2.0,0.0,0.0,0.0,0.0,26.0,0.0,653.0,0.0,0.0,0.0,0.0,0.0,4.0,4.0,0.0,2.0,14.0,0.0,0.0,0.0,0.0,0.0,0.0,0.0,55.0,2.0,478.0,519.0,32.0,2494.0,45.0,,,,55.0,60.0,1.0,3.5,8.690909090909091,4.805394990366088,25.115384615384617,,,,
2018_044_3127306,3127306,Dante Pettis,Washington,Pac-12,WIDERECEIVER,WR,2018,2,12,44,4,0.0,0.0,0.0,0.0,5.0,0.0,0.0,5.0,3.0,0.0,0.0,0.0,0.0,0.0,0.0,0.0,0.0,0.0,0.0,0.0,0.0,5.0,3.0,0.0,1.0,125.0,93.0,9.0,1274.0,0.0,0.0,0.0,0.0,163.0,24.0,2256.0,4.0,0.0,42.0,,,89.0,,73.0,32.0,0.6,25.0,13.840490797546012,10.5,,13.698924731182796,,,
2018_045_3144984,3144984,Joshua Jackson,Iowa,Big Ten,CORNERBACK,DB,2018,2,13,45,2,22.0,0.0,0.0,44.0,2.0,1.5,58.0,0.0,0.0,0.0,8.0,2.0,168.0,0.0,0.0,0.0,0.0,0.0,0.0,0.0,0.0,0.0,0.0,0.0,0.0,0.0,5.0,0.0,36.0,0.0,0.0,0.0,0.0,0.0,0.0,0.0,0.0,0.0,0.0,,,17.0,,,,,,,,,7.2,,,21.0
2018_046_3128740,3128740,Breeland Speaks,Ole Miss,SEC,DEFENSIVEEND,DL,2018,2,14,46,2,2.0,16.0,8.0,38.0,0.0,9.5,95.0,0.0,0.0,1.0,0.0,0.0,0.0,0.0,0.0,0.0,0.0,0.0,0.0,0.0,0.0,0.0,0.0,0.0,0.0,0.0,0.0,0.0,0.0,0.0,0.0,0.0,0.0,0.0,0.0,0.0,0.0,0.0,0.0,,,,,,,,,,,,,,,
2018_047_3895856,3895856,Christian Kirk,Texas A&M,SEC,WIDERECEIVER,WR,2018,2,15,47,3,0.0,0.0,0.0,0.0,5.0,0.0,0.0,5.0,4.0,0.0,0.0,0.0,0.0,50.0,1.0,1048.0,0.0,0.0,0.0,0.0,0.0,2.0,0.0,0.0,0.0,0.0,38.0,6.0,814.0,0.0,0.0,0.0,0.0,234.0,26.0,2856.0,23.0,0.0,120.0,100.0,,93.0,,81.0,28.0,0.0,0.0,12.205128205128204,5.217391304347826,20.96,21.42105263157895,,,
2018_048_3120358,3120358,Uchenna Nwosu,USC,Pac-12,OUTSIDELINEBACKER,LB,2018,2,16,48,2,18.0,11.0,12.5,75.0,0.0,19.0,128.0,0.0,0.0,1.0,1.0,0.0,0.0,0.0,0.0,0.0,0.0,0.0,0.0,0.0,0.0,0.0,0.0,0.0,0.0,0.0,0.0,0.0,0.0,0.0,0.0,0.0,0.0,0.0,0.0,0.0,0.0,0.0,0.0,,,,,,,,,,,,,,,0.0
2018_049_3121023,3121023,Dallas Goedert,South Dakota State,MVFC,TIGHTEND,TE,2018,2,17,49,3,0.0,0.0,0.0,0.0,0.0,0.0,0.0,0.0,0.0,0.0,0.0,0.0,0.0,0.0,0.0,0.0,0.0,0.0,0.0,0.0,0.0,0.0,0.0,0.0,0.0,0.0,0.0,0.0,0.0,0.0,0.0,0.0,0.0,8.0,1.0,154.0,0.0,0.0,0.0,,,,,35.0,,,,19.25,,,,,,
2018_050_3821577,3821577,Connor Williams,Texas,Big 12,OFFENSIVEGUARD,OL,2018,2,18,50,1,0.0,0.0,0.0,1.0,0.0,0.0,1.0,0.0,0.0,0.0,0.0,0.0,0.0,0.0,0.0,0.0,0.0,0.0,0.0,0.0,0.0,0.0,0.0,0.0,0.0,0.0,0.0,0.0,0.0,0.0,0.0,0.0,0.0,0.0,0.0,0.0,0.0,0.0,0.0,,,,,,,,,,,,,,,
2018_051_549623,549623,Anthony Miller,Memphis,American Athletic,WIDERECEIVER,WR,2018,2,19,51,3,0.0,0.0,0.0,3.0,0.0,0.0,5.0,5.0,1.0,0.0,0.0,0.0,0.0,6.0,0.0,136.0,0.0,0.0,0.0,0.0,0.0,3.0,1.0,0.0,0.0,35.0,20.0,0.0,136.0,0.0,0.0,0.0,0.0,238.0,37.0,3590.0,31.0,3.0,148.0,47.0,,18.0,,89.0,41.0,0.3333333333333333,11.666666666666666,15.084033613445378,4.774193548387097,22.666666666666668,6.8,,,
2018_052_547564,547564,Kemoko Turay,Rutgers,Big Ten,DEFENSIVEEND,DL,2018,2,20,52,2,1.0,8.0,6.0,35.0,0.0,8.0,63.0,0.0,0.0,2.0,0.0,0.0,0.0,0.0,0.0,0.0,0.0,0.0,0.0,0.0,0.0,0.0,0.0,0.0,0.0,0.0,0.0,0.0,0.0,0.0,0.0,0.0,0.0,0.0,0.0,0.0,0.0,0.0,0.0,,,,,,,,,,,,,,,
2018_053_3116679,3116679,M.J. Stewart,North Carolina,ACC,CORNERBACK,DB,2018,2,21,53,4,23.0,2.0,2.0,81.0,0.0,8.5,111.0,0.0,0.0,1.0,6.0,0.0,21.0,2.0,0.0,36.0,0.0,0.0,0.0,0.0,0.0,0.0,0.0,0.0,0.0,0.0,15.0,0.0,170.0,0.0,0.0,0.0,0.0,0.0,0.0,0.0,0.0,0.0,0.0,23.0,,41.0,,,,,,,,18.0,11.333333333333334,,,3.5
2018_054_3919512,3919512,Jessie Bates III,Wake Forest,ACC,SAFETY,DB,2018,2,22,54,2,10.0,1.0,0.0,120.0,3.0,9.5,179.0,4.0,1.0,0.0,6.0,2.0,195.0,1.0,0.0,0.0,0.0,0.0,0.0,0.0,0.0,0.0,0.0,0.0,0.0,0.0,30.0,1.0,234.0,0.0,0.0,0.0,0.0,0.0,0.0,0.0,0.0,0.0,0.0,0.0,,75.0,,,,,,,,0.0,7.8,,,32.5
2018_055_3843769,3843769,Donte Jackson,LSU,SEC,CORNERBACK,DB,2018,2,23,55,3,17.0,1.0,1.0,64.0,0.0,3.5,87.0,1.0,1.0,0.0,4.0,0.0,40.0,15.0,0.0,328.0,0.0,0.0,0.0,0.0,0.0,0.0,0.0,0.0,0.0,0.0,4.0,0.0,6.0,0.0,0.0,0.0,0.0,0.0,0.0,0.0,1.0,0.0,14.0,40.0,,6.0,,,14.0,,,,14.0,21.866666666666667,1.5,,,10.0
2018_056_559554,559554,Duke Dawson,Florida,SEC,CORNERBACK,DB,2018,2,24,56,3,16.0,0.0,0.0,41.0,2.0,5.5,58.0,0.0,0.0,0.0,6.0,3.0,127.0,0.0,0.0,0.0,0.0,0.0,0.0,0.0,0.0,0.0,0.0,0.0,0.0,0.0,0.0,0.0,0.0,0.0,0.0,0.0,0.0,0.0,0.0,0.0,0.0,0.0,0.0,,,,,,,,,,,,,,,21.166666666666668
2018_058_3915437,3915437,Isaiah Oliver,Colorado,Pac-12,CORNERBACK,DB,2018,2,26,58,2,19.0,0.0,0.0,43.0,1.0,0.0,60.0,2.0,0.0,0.0,3.0,0.0,41.0,0.0,0.0,0.0,0.0,0.0,0.0,0.0,0.0,0.0,0.0,0.0,0.0,0.0,20.0,1.0,174.0,0.0,0.0,0.0,0.0,0.0,0.0,0.0,0.0,0.0,0.0,,,68.0,,,,,,,,,8.7,,,13.666666666666666
2018_059_3843750,3843750,Derrius Guice,LSU,SEC,RUNNINGBACK,RB,2018,2,27,59,3,0.0,0.0,0.0,1.0,0.0,0.0,5.0,4.0,2.0,0.0,0.0,0.0,0.0,32.0,0.0,695.0,0.0,0.0,0.0,0.0,0.0,0.0,0.0,0.0,0.0,0.0,0.0,0.0,0.0,0.0,0.0,0.0,0.0,32.0,3.0,250.0,471.0,29.0,3074.0,75.0,,,,29.0,96.0,,,7.8125,6.526539278131635,21.71875,,,,
2018_060_3122449,3122449,James Washington,Oklahoma State,Big 12,WIDERECEIVER,WR,2018,2,28,60,4,0.0,0.0,0.0,0.0,0.0,0.5,1.0,1.0,1.0,0.0,0.0,0.0,0.0,5.0,0.0,83.0,0.0,0.0,0.0,0.0,0.0,0.0,0.0,0.0,0.0,0.0,0.0,0.0,0.0,0.0,0.0,0.0,0.0,226.0,39.0,4472.0,9.0,1.0,70.0,27.0,,,,91.0,20.0,,,19.787610619469028,7.777777777777778,16.6,,,,
2018_061_559613,559613,D.J. Chark,LSU,SEC,WIDERECEIVER,WR,2018,2,29,61,3,0.0,0.0,0.0,1.0,2.0,0.0,1.0,3.0,2.0,0.0,0.0,0.0,0.0,1.0,0.0,12.0,0.0,0.0,0.0,0.0,0.0,0.0,0.0,0.0,0.0,0.0,18.0,2.0,190.0,0.0,0.0,0.0,0.0,66.0,6.0,1351.0,25.0,4.0,264.0,12.0,,75.0,,80.0,79.0,,,20.46969696969697,10.56,12.0,10.555555555555555,,,
2018_062_3123954,3123954,Brian O'Neill,Pittsburgh,ACC,OFFENSIVETACKLE,OL,2018,2,30,62,2,0.0,0.0,0.0,0.0,0.0,0.0,1.0,0.0,0.0,0.0,0.0,0.0,0.0,0.0,0.0,0.0,0.0,0.0,0.0,0.0,0.0,2.0,0.0,0.0,0.0,0.0,0.0,0.0,0.0,0.0,0.0,0.0,0.0,0.0,0.0,0.0,3.0,2.0,39.0,,,,,,24.0,0.0,0.0,,13.0,,,,,
2018_063_3916923,3916923,Carlton Davis,Auburn,SEC,CORNERBACK,DB,2018,2,31,63,3,21.0,0.0,0.0,60.0,0.0,2.5,76.0,0.0,0.0,1.0,4.0,0.0,0.0,0.0,0.0,0.0,0.0,0.0,0.0,0.0,0.0,0.0,0.0,0.0,0.0,0.0,0.0,0.0,0.0,0.0,0.0,0.0,0.0,0.0,0.0,0.0,0.0,0.0,0.0,,,,,,,,,,,,,,,0.0
2018_064_545630,545630,Tyquan Lewis,Ohio State,Big Ten,DEFENSIVEEND,DL,2018,2,32,64,2,4.0,8.0,15.0,29.0,0.0,20.0,49.0,0.0,0.0,0.0,0.0,0.0,0.0,0.0,0.0,0.0,0.0,0.0,0.0,0.0,0.0,0.0,0.0,0.0,0.0,0.0,0.0,0.0,0.0,0.0,0.0,0.0,0.0,0.0,0.0,0.0,0.0,0.0,0.0,,,,,,,,,,,,,,,
2018_066_3128715,3128715,Lorenzo Carter,Georgia,SEC,OUTSIDELINEBACKER,LB,2018,3,2,66,2,0.0,5.0,9.5,51.0,0.0,13.5,102.0,0.0,0.0,5.0,0.0,0.0,0.0,0.0,0.0,0.0,0.0,0.0,0.0,0.0,0.0,0.0,0.0,0.0,0.0,0.0,0.0,0.0,0.0,0.0,0.0,0.0,0.0,0.0,0.0,0.0,0.0,0.0,0.0,,,,,,,,,,,,,,,
2018_067_3123045,3123045,Chad Thomas,Miami,ACC,DEFENSIVEEND,DL,2018,3,3,67,2,4.0,4.0,8.5,39.0,0.0,23.0,74.0,0.0,0.0,1.0,0.0,0.0,0.0,0.0,0.0,0.0,0.0,0.0,0.0,0.0,0.0,0.0,0.0,0.0,0.0,0.0,0.0,0.0,0.0,0.0,0.0,0.0,0.0,0.0,0.0,0.0,0.0,0.0,0.0,,,,,,,,,,,,,,,
2018_068_3931399,3931399,Justin Reid,Stanford,Pac-12,SAFETY,DB,2018,3,4,68,3,13.0,2.0,1.0,90.0,0.0,11.5,149.0,0.0,0.0,1.0,6.0,0.0,2.0,0.0,0.0,0.0,0.0,0.0,0.0,0.0,0.0,0.0,0.0,0.0,0.0,0.0,0.0,0.0,0.0,0.0,0.0,0.0,0.0,0.0,0.0,0.0,0.0,0.0,0.0,,,,,,,,,,,,,,,0.3333333333333333
2018_069_3116748,3116748,B.J. Hill,NC State,ACC,DEFENSIVETACKLE,DL,2018,3,5,69,2,5.0,6.0,3.0,34.0,0.0,5.5,93.0,0.0,0.0,2.0,0.0,0.0,0.0,0.0,0.0,0.0,0.0,0.0,0.0,0.0,0.0,0.0,0.0,0.0,0.0,0.0,0.0,0.0,0.0,0.0,0.0,0.0,0.0,0.0,0.0,0.0,0.0,0.0,0.0,,,,,,,,,,,,,,,
2018_070_3138826,3138826,Fred Warner,BYU,FBS Independents,INSIDELINEBACKER,LB,2018,3,6,70,4,11.0,0.0,2.5,95.0,1.0,19.5,173.0,0.0,0.0,1.0,7.0,2.0,134.0,0.0,0.0,0.0,0.0,0.0,0.0,0.0,0.0,0.0,0.0,0.0,0.0,0.0,0.0,0.0,0.0,0.0,0.0,0.0,0.0,0.0,0.0,0.0,0.0,0.0,0.0,,,,,,,,,,,,,,,19.142857142857142
2018_071_3122672,3122672,Royce Freeman,Oregon,Pac-12,RUNNINGBACK,RB,2018,3,7,71,4,0.0,0.0,0.0,0.0,0.0,0.0,1.0,6.0,3.0,0.0,0.0,0.0,0.0,0.0,0.0,0.0,0.0,0.0,0.0,0.0,0.0,1.0,1.0,0.0,1.0,26.0,0.0,0.0,0.0,0.0,0.0,0.0,0.0,79.0,4.0,814.0,947.0,60.0,5621.0,,,,,50.0,85.0,1.0,26.0,10.30379746835443,5.93558606124604,,,,,
2018_073_3915507,3915507,Jerome Baker,Ohio State,Big Ten,OUTSIDELINEBACKER,LB,2018,3,9,73,2,3.0,2.0,7.0,87.0,1.0,17.5,155.0,0.0,0.0,3.0,2.0,1.0,90.0,0.0,0.0,0.0,0.0,0.0,0.0,0.0,0.0,0.0,0.0,0.0,0.0,0.0,0.0,0.0,0.0,0.0,0.0,0.0,0.0,0.0,0.0,0.0,0.0,0.0,0.0,,,,,,,,,,,,,,,45.0
2018_074_3916414,3916414,Geron Christian,Louisville,ACC,OFFENSIVETACKLE,OL,2018,3,10,74,2,0.0,0.0,0.0,2.0,0.0,0.0,3.0,0.0,0.0,0.0,0.0,0.0,0.0,0.0,0.0,0.0,0.0,0.0,0.0,0.0,0.0,0.0,0.0,0.0,0.0,0.0,0.0,0.0,0.0,0.0,0.0,0.0,0.0,0.0,0.0,0.0,0.0,0.0,0.0,,,,,,,,,,,,,,,
2018_075_3122930,3122930,Derrick Nnadi,Florida State,ACC,DEFENSIVETACKLE,DL,2018,3,11,75,2,2.0,4.0,9.5,48.0,0.0,20.5,102.0,0.0,0.0,1.0,0.0,0.0,0.0,0.0,0.0,0.0,0.0,0.0,0.0,0.0,0.0,0.0,0.0,0.0,0.0,0.0,0.0,0.0,0.0,0.0,0.0,0.0,0.0,0.0,0.0,0.0,0.0,0.0,0.0,,,,,,,,,,,,,,,
2018_076_3116407,3116407,Mason Rudolph,Oklahoma State,Big 12,QUARTERBACK,QB,2018,3,12,76,4,0.0,0.0,0.0,2.0,0.0,0.0,2.0,10.0,7.0,0.0,0.0,0.0,0.0,0.0,0.0,0.0,0.0,0.0,0.0,0.0,0.0,1447.0,915.0,26.0,92.0,13618.0,0.0,0.0,0.0,0.0,0.0,0.0,0.0,3.0,0.0,53.0,225.0,17.0,28.0,,,,,24.0,40.0,0.6323427781617139,9.411195577055976,17.666666666666668,0.1244444444444444,,,,,
2018_077_3121416,3121416,Sam Hubbard,Ohio State,Big Ten,DEFENSIVEEND,DL,2018,3,13,77,3,2.0,7.0,10.5,48.0,0.0,22.0,88.0,0.0,0.0,0.0,1.0,0.0,0.0,0.0,0.0,0.0,0.0,0.0,0.0,0.0,0.0,0.0,0.0,0.0,0.0,0.0,0.0,0.0,0.0,0.0,0.0,0.0,0.0,0.0,0.0,0.0,0.0,0.0,0.0,,,,,,,,,,,,,,,0.0
2018_078_3821576,3821576,Malik Jefferson,Texas,Big 12,OUTSIDELINEBACKER,LB,2018,3,14,78,2,2.0,8.0,9.5,122.0,0.0,18.5,169.0,0.0,0.0,0.0,0.0,0.0,0.0,0.0,0.0,0.0,0.0,0.0,0.0,0.0,0.0,0.0,0.0,0.0,0.0,0.0,0.0,0.0,0.0,0.0,0.0,0.0,0.0,0.0,0.0,0.0,0.0,0.0,0.0,,,,,,,,,,,,,,,
2018_079_3912562,3912562,Rasheem Green,USC,Pac-12,DEFENSIVEEND,DL,2018,3,15,79,2,8.0,6.0,16.0,43.0,0.0,19.0,98.0,0.0,0.0,0.0,0.0,0.0,0.0,0.0,0.0,0.0,0.0,0.0,0.0,0.0,0.0,0.0,0.0,0.0,0.0,0.0,0.0,0.0,0.0,0.0,0.0,0.0,0.0,0.0,0.0,0.0,0.0,0.0,0.0,,,,,,,,,,,,,,,
2018_080_3894924,3894924,Martinas Rankin,Mississippi State,SEC,CENTER,OL,2018,3,16,80,1,0.0,0.0,0.0,0.0,0.0,0.0,2.0,0.0,0.0,0.0,0.0,0.0,0.0,0.0,0.0,0.0,0.0,0.0,0.0,0.0,0.0,0.0,0.0,0.0,0.0,0.0,0.0,0.0,0.0,0.0,0.0,0.0,0.0,0.0,0.0,0.0,0.0,0.0,0.0,,,,,,,,,,,,,,,
2018_081_4036348,4036348,Michael Gallup,Colorado State,Mountain West,WIDERECEIVER,WR,2018,3,17,81,2,0.0,0.0,0.0,3.0,0.0,0.0,3.0,2.0,2.0,0.0,0.0,0.0,0.0,0.0,0.0,0.0,0.0,0.0,0.0,0.0,0.0,0.0,0.0,0.0,0.0,0.0,0.0,0.0,0.0,0.0,0.0,0.0,0.0,176.0,21.0,2685.0,4.0,0.0,15.0,,,,,76.0,12.0,,,15.255681818181818,3.75,,,,,
2018_082_545814,545814,Tracy Walker,Louisiana,Sun Belt,SAFETY,DB,2018,3,18,82,4,9.0,0.0,0.5,92.0,0.0,6.0,158.0,0.0,0.0,0.0,8.0,0.0,75.0,0.0,0.0,0.0,0.0,0.0,0.0,0.0,0.0,0.0,0.0,0.0,0.0,0.0,0.0,0.0,0.0,0.0,0.0,0.0,0.0,1.0,0.0,3.0,1.0,0.0,3.0,,,,,3.0,3.0,,,3.0,3.0,,,,,9.375
2018_084_3116746,3116746,Justin Jones,NC State,ACC,DEFENSIVETACKLE,DL,2018,3,20,84,2,1.0,5.0,6.5,36.0,0.0,16.0,78.0,0.0,0.0,2.0,0.0,0.0,0.0,1.0,0.0,22.0,0.0,0.0,0.0,0.0,0.0,0.0,0.0,0.0,0.0,0.0,0.0,0.0,0.0,0.0,0.0,0.0,0.0,0.0,0.0,0.0,0.0,0.0,0.0,22.0,,,,,,,,,,22.0,,,,
2018_085_559721,559721,Rashaan Gaulden,Tennessee,SEC,CORNERBACK,DB,2018,3,21,85,2,9.0,2.0,0.0,87.0,0.0,9.5,131.0,0.0,0.0,2.0,1.0,0.0,0.0,0.0,0.0,0.0,0.0,0.0,0.0,0.0,0.0,0.0,0.0,0.0,0.0,0.0,0.0,0.0,0.0,0.0,0.0,0.0,0.0,0.0,0.0,0.0,0.0,0.0,0.0,,,,,,,,,,,,,,,0.0
2018_086_3116365,3116365,Mark Andrews,Oklahoma,Big 12,TIGHTEND,TE,2018,3,22,86,3,0.0,0.0,0.0,0.0,0.0,0.0,0.0,3.0,1.0,0.0,0.0,0.0,0.0,0.0,0.0,0.0,0.0,0.0,0.0,0.0,0.0,0.0,0.0,0.0,0.0,0.0,0.0,0.0,0.0,0.0,0.0,0.0,0.0,112.0,22.0,1765.0,0.0,0.0,0.0,,,,,64.0,,,,15.758928571428571,,,,,,
2018_087_3843843,3843843,Arden Key,LSU,SEC,DEFENSIVEEND,DL,2018,3,23,87,2,3.0,18.0,16.0,38.0,0.0,20.0,88.0,0.0,0.0,1.0,0.0,0.0,0.0,0.0,0.0,0.0,0.0,0.0,0.0,0.0,0.0,0.0,0.0,0.0,0.0,0.0,0.0,0.0,0.0,0.0,0.0,0.0,0.0,0.0,0.0,0.0,0.0,0.0,0.0,,,,,,,,,,,,,,,
2018_088_549968,549968,Oren Burks,Vanderbilt,SEC,OUTSIDELINEBACKER,LB,2018,3,24,88,3,9.0,6.0,4.5,85.0,0.0,13.5,141.0,0.0,0.0,1.0,5.0,1.0,99.0,0.0,0.0,0.0,0.0,0.0,0.0,0.0,0.0,0.0,0.0,0.0,0.0,0.0,0.0,0.0,0.0,0.0,0.0,0.0,0.0,0.0,0.0,0.0,0.0,0.0,0.0,,,,,,,,,,,,,,,19.8
2018_090_549799,549799,Deadrin Senat,South Florida,American Athletic,DEFENSIVETACKLE,DL,2018,3,26,90,2,1.0,1.0,7.0,69.0,0.0,17.5,115.0,0.0,0.0,0.0,0.0,0.0,0.0,0.0,0.0,0.0,0.0,0.0,0.0,0.0,0.0,0.0,0.0,0.0,0.0,0.0,0.0,0.0,0.0,0.0,0.0,0.0,0.0,0.0,0.0,0.0,0.0,0.0,0.0,,,,,,,,,,,,,,,
2018_091_3128451,3128451,Tre'Quan Smith,UCF,American Athletic,WIDERECEIVER,WR,2018,3,27,91,3,1.0,0.0,0.0,3.0,0.0,0.0,3.0,0.0,0.0,0.0,0.0,0.0,0.0,0.0,0.0,0.0,0.0,0.0,0.0,0.0,0.0,0.0,0.0,0.0,0.0,0.0,0.0,0.0,0.0,0.0,0.0,0.0,0.0,168.0,22.0,2748.0,5.0,1.0,23.0,,,,,79.0,15.0,,,16.357142857142858,4.6,,,,,
2018_093_3859006,3859006,Ronnie Harrison,Alabama,SEC,SAFETY,DB,2018,3,29,93,3,11.0,2.0,2.5,99.0,1.0,6.0,157.0,0.0,0.0,2.0,7.0,1.0,112.0,0.0,0.0,0.0,0.0,0.0,0.0,0.0,0.0,0.0,0.0,0.0,0.0,0.0,1.0,0.0,8.0,0.0,0.0,0.0,0.0,0.0,0.0,0.0,0.0,0.0,0.0,,,8.0,,,,,,,,,8.0,,,16.0
2018_095_4039278,4039278,Tarvarius Moore,Southern Miss,Conference USA,SAFETY,DB,2018,3,31,95,2,12.0,0.0,0.0,70.0,0.0,3.0,104.0,0.0,0.0,0.0,5.0,0.0,54.0,0.0,0.0,0.0,0.0,0.0,0.0,0.0,0.0,0.0,0.0,0.0,0.0,0.0,0.0,0.0,0.0,0.0,0.0,0.0,0.0,0.0,0.0,0.0,0.0,0.0,0.0,,,,,,,,,,,,,,,10.8
2018_096_3117255,3117255,Harrison Phillips,Stanford,Pac-12,DEFENSIVETACKLE,DL,2018,3,32,96,2,1.0,8.0,13.5,59.0,0.0,24.5,139.0,0.0,0.0,2.0,0.0,0.0,0.0,0.0,0.0,0.0,0.0,0.0,0.0,0.0,0.0,0.0,0.0,0.0,0.0,0.0,0.0,0.0,0.0,0.0,0.0,0.0,0.0,0.0,0.0,0.0,0.0,0.0,0.0,,,,,,,,,,,,,,,
2018_098_3128452,3128452,Jordan Akins,UCF,American Athletic,TIGHTEND,TE,2018,3,34,98,4,0.0,0.0,0.0,0.0,0.0,0.0,0.0,1.0,1.0,0.0,0.0,0.0,0.0,22.0,0.0,512.0,0.0,0.0,0.0,0.0,0.0,0.0,0.0,0.0,0.0,0.0,2.0,0.0,15.0,0.0,0.0,0.0,0.0,81.0,8.0,1149.0,0.0,0.0,0.0,68.0,,9.0,,71.0,,,,14.185185185185183,,23.272727272727273,7.5,,,
2018_099_3122797,3122797,Isaac Yiadom,Boston College,ACC,CORNERBACK,DB,2018,3,35,99,3,17.0,0.0,0.0,53.0,0.0,3.0,79.0,0.0,0.0,0.0,3.0,0.0,30.0,0.0,0.0,0.0,0.0,0.0,0.0,0.0,0.0,0.0,0.0,0.0,0.0,0.0,0.0,0.0,0.0,0.0,0.0,0.0,0.0,0.0,0.0,0.0,0.0,0.0,0.0,,,,,,,,,,,,,,,10.0
2018_100_546638,546638,Dorian O'Daniel,Clemson,ACC,OUTSIDELINEBACKER,LB,2018,3,36,100,2,6.0,6.0,7.5,88.0,2.0,21.5,142.0,0.0,0.0,2.0,3.0,2.0,67.0,0.0,0.0,0.0,0.0,0.0,0.0,0.0,0.0,0.0,0.0,0.0,0.0,0.0,0.0,0.0,0.0,0.0,0.0,0.0,0.0,0.0,0.0,0.0,0.0,0.0,0.0,,,,,,,,,,,,,,,22.333333333333332
2018_101_4045305,4045305,Ian Thomas,Indiana,Big Ten,TIGHTEND,TE,2018,4,1,101,2,0.0,0.0,0.0,0.0,0.0,0.0,0.0,0.0,0.0,0.0,0.0,0.0,0.0,0.0,0.0,0.0,0.0,0.0,0.0,0.0,0.0,0.0,0.0,0.0,0.0,0.0,0.0,0.0,0.0,0.0,0.0,0.0,0.0,28.0,5.0,404.0,0.0,0.0,0.0,,,,,71.0,,,,14.428571428571429,,,,,,
2018_102_3121414,3121414,Jalyn Holmes,Ohio State,Big Ten,DEFENSIVEEND,DL,2018,4,2,102,2,4.0,5.0,4.0,30.0,0.0,12.0,63.0,0.0,0.0,2.0,0.0,0.0,0.0,0.0,0.0,0.0,0.0,0.0,0.0,0.0,0.0,0.0,0.0,0.0,0.0,0.0,0.0,0.0,0.0,0.0,0.0,0.0,0.0,0.0,0.0,0.0,0.0,0.0,0.0,,,,,,,,,,,,,,,
2018_103_3915823,3915823,Keke Coutee,Texas Tech,Big 12,WIDERECEIVER,WR,2018,4,3,103,3,1.0,0.0,0.0,0.0,1.0,0.0,0.0,1.0,0.0,0.0,0.0,0.0,0.0,16.0,1.0,412.0,0.0,0.0,0.0,0.0,0.0,0.0,0.0,0.0,0.0,0.0,1.0,0.0,14.0,0.0,0.0,0.0,0.0,159.0,17.0,2424.0,8.0,1.0,17.0,92.0,,14.0,,80.0,11.0,,,15.245283018867925,2.125,25.75,14.0,,,
2018_104_3916430,3916430,Nyheim Hines,NC State,ACC,RUNNINGBACK,RB,2018,4,4,104,3,0.0,0.0,0.0,1.0,2.0,0.0,1.0,7.0,3.0,0.0,0.0,0.0,0.0,88.0,2.0,2171.0,0.0,0.0,0.0,0.0,0.0,1.0,0.0,0.0,0.0,0.0,12.0,1.0,135.0,0.0,0.0,0.0,0.0,89.0,1.0,933.0,258.0,13.0,1399.0,100.0,,92.0,,58.0,83.0,0.0,0.0,10.48314606741573,5.422480620155039,24.670454545454547,11.25,,,
2018_105_3915097,3915097,Antonio Callaway,Florida,SEC,WIDERECEIVER,WR,2018,4,5,105,2,0.0,0.0,0.0,1.0,1.0,0.0,1.0,5.0,1.0,0.0,0.0,0.0,0.0,6.0,1.0,176.0,0.0,0.0,0.0,0.0,0.0,1.0,1.0,0.0,1.0,2.0,56.0,2.0,653.0,0.0,0.0,0.0,0.0,89.0,7.0,1399.0,8.0,1.0,51.0,44.0,,85.0,,78.0,24.0,1.0,2.0,15.719101123595506,6.375,29.333333333333332,11.660714285714286,,,
2018_106_545427,545427,Josey Jewell,Iowa,Big Ten,INSIDELINEBACKER,LB,2018,4,6,106,3,20.0,7.0,6.0,127.0,0.0,19.5,256.0,0.0,0.0,1.0,6.0,1.0,100.0,0.0,0.0,0.0,0.0,0.0,0.0,0.0,0.0,0.0,0.0,0.0,0.0,0.0,0.0,0.0,0.0,0.0,0.0,0.0,0.0,0.0,0.0,0.0,0.0,0.0,0.0,,,,,,,,,,,,,,,16.666666666666668
2018_107_3123050,3123050,Christopher Herndon IV,Miami,ACC,TIGHTEND,TE,2018,4,7,107,3,0.0,0.0,0.0,2.0,0.0,0.0,4.0,1.0,0.0,0.0,0.0,0.0,0.0,0.0,0.0,0.0,0.0,0.0,0.0,0.0,0.0,0.0,0.0,0.0,0.0,0.0,0.0,0.0,0.0,0.0,0.0,0.0,0.0,86.0,7.0,1048.0,0.0,0.0,0.0,,,,,51.0,,,,12.186046511627907,,,,,,
2018_108_548643,548643,Kyle Lauletta,Richmond,CAA,QUARTERBACK,QB,2018,4,8,108,2,0.0,0.0,0.0,0.0,0.0,0.0,0.0,2.0,0.0,0.0,0.0,0.0,0.0,0.0,0.0,0.0,0.0,0.0,0.0,0.0,0.0,65.0,42.0,0.0,3.0,557.0,0.0,0.0,0.0,0.0,0.0,0.0,0.0,0.0,0.0,0.0,16.0,1.0,-14.0,,,,,,9.0,0.6461538461538462,8.569230769230769,,-0.875,,,,,
2018_109_3116152,3116152,Troy Apke,Penn State,Big Ten,SAFETY,DB,2018,4,9,109,2,5.0,3.0,0.0,48.0,0.0,3.0,82.0,0.0,0.0,1.0,2.0,0.0,11.0,0.0,0.0,0.0,0.0,0.0,0.0,0.0,0.0,0.0,0.0,0.0,0.0,0.0,1.0,0.0,3.0,0.0,0.0,0.0,0.0,0.0,0.0,0.0,0.0,0.0,0.0,,,3.0,,,,,,,,,3.0,,,5.5
2018_110_3124574,3124574,Nick Nelson,Wisconsin,Big Ten,CORNERBACK,DB,2018,4,10,110,2,17.0,2.0,0.0,21.0,1.0,0.0,30.0,1.0,0.0,0.0,0.0,0.0,0.0,1.0,0.0,24.0,0.0,0.0,0.0,0.0,0.0,0.0,0.0,0.0,0.0,0.0,43.0,1.0,347.0,0.0,0.0,0.0,0.0,0.0,0.0,0.0,0.0,0.0,0.0,24.0,,50.0,,,,,,,,24.0,8.069767441860465,,,
2018_112_3917846,3917846,Mark Walton,Miami,ACC,RUNNINGBACK,RB,2018,4,12,112,3,0.0,0.0,0.0,4.0,0.0,0.0,8.0,0.0,0.0,0.0,0.0,0.0,0.0,20.0,0.0,304.0,0.0,0.0,0.0,0.0,0.0,0.0,0.0,0.0,0.0,0.0,0.0,0.0,0.0,0.0,0.0,0.0,0.0,56.0,2.0,624.0,394.0,26.0,1995.0,32.0,,,,41.0,82.0,,,11.142857142857142,5.063451776649746,15.2,,,,
2018_113_552330,552330,DaeSean Hamilton,Penn State,Big Ten,WIDERECEIVER,WR,2018,4,13,113,4,0.0,0.0,0.0,1.0,0.0,0.0,1.0,0.0,0.0,0.0,0.0,0.0,0.0,1.0,0.0,0.0,0.0,0.0,0.0,0.0,0.0,0.0,0.0,0.0,0.0,0.0,0.0,0.0,0.0,0.0,0.0,0.0,0.0,214.0,18.0,2842.0,10.0,0.0,22.0,0.0,,,,54.0,11.0,,,13.280373831775702,2.2,0.0,,,,
2018_114_3126352,3126352,Da'Shawn Hand,Alabama,SEC,DEFENSIVEEND,DL,2018,4,14,114,2,1.0,5.0,5.0,19.0,0.0,7.0,48.0,0.0,0.0,0.0,0.0,0.0,0.0,0.0,0.0,0.0,0.0,0.0,0.0,0.0,0.0,0.0,0.0,0.0,0.0,0.0,0.0,0.0,0.0,0.0,0.0,0.0,0.0,0.0,0.0,0.0,0.0,0.0,0.0,,,,,,,,,,,,,,,
2018_115_3124779,3124779,Joel Iyiegbuniwe,Western Kentucky,Conference USA,OUTSIDELINEBACKER,LB,2018,4,15,115,2,4.0,7.0,5.5,93.0,0.0,21.5,181.0,0.0,0.0,1.0,0.0,0.0,0.0,0.0,0.0,0.0,0.0,0.0,0.0,0.0,0.0,0.0,0.0,0.0,0.0,0.0,0.0,0.0,0.0,0.0,0.0,0.0,0.0,0.0,0.0,0.0,0.0,0.0,0.0,,,,,,,,,,,,,,,
2018_116_3928979,3928979,Dorance Armstrong Jr.,Kansas,Big 12,DEFENSIVEEND,DL,2018,4,16,116,2,4.0,12.0,12.0,73.0,0.0,29.5,119.0,0.0,0.0,3.0,0.0,0.0,0.0,0.0,0.0,0.0,0.0,0.0,0.0,0.0,0.0,0.0,0.0,0.0,0.0,0.0,0.0,0.0,0.0,0.0,0.0,0.0,0.0,0.0,0.0,0.0,0.0,0.0,0.0,,,,,,,,,,,,,,,
2018_117_3895798,3895798,Jordan Whitehead,Pittsburgh,ACC,SAFETY,DB,2018,4,17,117,3,6.0,0.0,0.0,87.0,1.0,1.5,125.0,0.0,0.0,2.0,3.0,1.0,59.0,0.0,0.0,0.0,0.0,0.0,0.0,0.0,0.0,0.0,0.0,0.0,0.0,0.0,1.0,0.0,-1.0,0.0,0.0,0.0,0.0,4.0,0.0,17.0,43.0,3.0,362.0,,,-1.0,,10.0,35.0,,,4.25,8.418604651162791,,-1.0,,,19.666666666666668
2018_118_551289,551289,Anthony Averett,Alabama,SEC,CORNERBACK,DB,2018,4,18,118,2,16.0,0.0,2.0,70.0,0.0,7.0,96.0,0.0,0.0,0.0,1.0,0.0,30.0,0.0,0.0,0.0,0.0,0.0,0.0,0.0,0.0,0.0,0.0,0.0,0.0,0.0,0.0,0.0,0.0,0.0,0.0,0.0,0.0,0.0,0.0,0.0,0.0,0.0,0.0,,,,,,,,,,,,,,,30.0
2018_119_4039254,4039254,Kyzir White,West Virginia,Big 12,SAFETY,DB,2018,4,19,119,2,9.0,5.0,4.0,114.0,0.0,14.5,152.0,0.0,0.0,2.0,3.0,0.0,2.0,0.0,0.0,0.0,0.0,0.0,0.0,0.0,0.0,0.0,0.0,0.0,0.0,0.0,0.0,0.0,0.0,0.0,0.0,0.0,0.0,0.0,0.0,0.0,0.0,0.0,0.0,,,,,,,,,,,,,,,0.6666666666666666
2018_120_3127292,3127292,Will Dissly,Washington,Pac-12,TIGHTEND,TE,2018,4,20,120,2,0.0,0.0,0.0,2.0,0.0,0.0,3.0,0.0,0.0,0.0,0.0,0.0,0.0,0.0,0.0,0.0,0.0,0.0,0.0,0.0,0.0,0.0,0.0,0.0,0.0,0.0,0.0,0.0,0.0,0.0,0.0,0.0,0.0,24.0,3.0,328.0,0.0,0.0,0.0,,,,,52.0,,,,13.666666666666666,,,,,,
2018_121_3121003,3121003,Taron Johnson,Weber State,Big Sky,CORNERBACK,DB,2018,4,21,121,2,1.0,0.0,0.0,2.0,0.0,0.0,5.0,0.0,0.0,0.0,0.0,0.0,0.0,1.0,0.0,19.0,0.0,0.0,0.0,0.0,0.0,0.0,0.0,0.0,0.0,0.0,0.0,0.0,0.0,0.0,0.0,0.0,0.0,0.0,0.0,0.0,0.0,0.0,0.0,19.0,,,,,,,,,,19.0,,,,
2018_122_3134310,3134310,Kenny Young,UCLA,Pac-12,INSIDELINEBACKER,LB,2018,4,22,122,3,5.0,0.0,6.0,134.0,0.0,17.0,199.0,0.0,0.0,4.0,2.0,1.0,63.0,0.0,0.0,0.0,0.0,0.0,0.0,0.0,0.0,0.0,0.0,0.0,0.0,0.0,0.0,0.0,0.0,0.0,0.0,0.0,0.0,0.0,0.0,0.0,0.0,0.0,0.0,,,,,,,,,,,,,,,31.5
2018_123_550966,550966,Durham Smythe,Notre Dame,FBS Independents,TIGHTEND,TE,2018,4,23,123,4,0.0,0.0,0.0,4.0,0.0,0.0,4.0,1.0,0.0,0.0,0.0,0.0,0.0,1.0,0.0,0.0,0.0,0.0,0.0,0.0,0.0,0.0,0.0,0.0,0.0,0.0,0.0,0.0,0.0,0.0,0.0,0.0,0.0,28.0,6.0,381.0,0.0,0.0,0.0,0.0,,,,33.0,,,,13.607142857142858,,0.0,,,,
2018_124_3122136,3122136,Armani Watts,Texas A&M,SEC,SAFETY,DB,2018,4,24,124,4,8.0,1.0,1.5,94.0,0.0,16.0,143.0,0.0,0.0,3.0,10.0,0.0,61.0,0.0,0.0,0.0,0.0,0.0,0.0,0.0,0.0,0.0,0.0,0.0,0.0,0.0,0.0,0.0,0.0,0.0,0.0,0.0,0.0,0.0,0.0,0.0,0.0,0.0,0.0,,,,,,,,,,,,,,,6.1
2018_125_3123938,3123938,Avonte Maddox,Pittsburgh,ACC,CORNERBACK,DB,2018,4,25,125,4,19.0,1.0,6.5,59.0,1.0,12.5,76.0,1.0,0.0,1.0,8.0,2.0,63.0,19.0,1.0,437.0,0.0,0.0,0.0,0.0,0.0,0.0,0.0,0.0,0.0,0.0,10.0,0.0,49.0,0.0,0.0,0.0,0.0,0.0,0.0,0.0,2.0,0.0,8.0,89.0,,25.0,,,7.0,,,,4.0,23.0,4.9,,,7.875
2018_126_3123969,3123969,Ito Smith,Southern Miss,Conference USA,RUNNINGBACK,RB,2018,4,26,126,4,0.0,0.0,0.0,2.0,0.0,0.0,2.0,6.0,5.0,0.0,0.0,0.0,0.0,27.0,0.0,565.0,0.0,0.0,0.0,0.0,0.0,0.0,0.0,0.0,0.0,0.0,0.0,0.0,0.0,0.0,0.0,0.0,0.0,140.0,7.0,1446.0,820.0,42.0,4536.0,45.0,,,,84.0,89.0,,,10.32857142857143,5.53170731707317,20.925925925925927,,,,
2018_127_3122927,3122927,Rick Leonard,Florida State,ACC,OFFENSIVETACKLE,OL,2018,4,27,127,1,0.0,0.0,0.0,2.0,0.0,0.0,2.0,0.0,0.0,0.0,0.0,0.0,0.0,0.0,0.0,0.0,0.0,0.0,0.0,0.0,0.0,0.0,0.0,0.0,0.0,0.0,0.0,0.0,0.0,0.0,0.0,0.0,0.0,0.0,0.0,0.0,0.0,0.0,0.0,,,,,,,,,,,,,,,
2018_128_3116726,3116726,Kentavius Street,NC State,ACC,DEFENSIVEEND,DL,2018,4,28,128,2,3.0,8.0,9.0,30.0,0.0,15.5,67.0,0.0,0.0,3.0,0.0,0.0,0.0,1.0,0.0,0.0,0.0,0.0,0.0,0.0,0.0,0.0,0.0,0.0,0.0,0.0,0.0,0.0,0.0,0.0,0.0,0.0,0.0,0.0,0.0,0.0,0.0,0.0,0.0,0.0,,,,,,,,,,0.0,,,,
2018_129_3116739,3116739,Will Richardson,NC State,ACC,OFFENSIVETACKLE,OL,2018,4,29,129,1,0.0,0.0,0.0,1.0,0.0,0.0,1.0,0.0,0.0,0.0,0.0,0.0,0.0,0.0,0.0,0.0,0.0,0.0,0.0,0.0,0.0,0.0,0.0,0.0,0.0,0.0,0.0,0.0,0.0,0.0,0.0,0.0,0.0,0.0,0.0,0.0,0.0,0.0,0.0,,,,,,,,,,,,,,,
2018_130_3693166,3693166,Josh Sweat,Florida State,ACC,DEFENSIVEEND,DL,2018,4,30,130,3,4.0,12.0,12.5,56.0,0.0,24.0,97.0,0.0,0.0,0.0,1.0,0.0,6.0,0.0,0.0,0.0,0.0,0.0,0.0,0.0,0.0,0.0,0.0,0.0,0.0,0.0,0.0,0.0,0.0,0.0,0.0,0.0,0.0,0.0,0.0,0.0,0.0,0.0,0.0,,,,,,,,,,,,,,,6.0
2018_131_3128774,3128774,Kalen Ballage,Arizona State,Pac-12,RUNNINGBACK,RB,2018,4,31,131,4,0.0,0.0,0.0,0.0,0.0,0.0,1.0,4.0,2.0,0.0,0.0,0.0,0.0,48.0,0.0,1059.0,0.0,0.0,0.0,0.0,0.0,4.0,3.0,0.0,1.0,30.0,1.0,0.0,-6.0,0.0,0.0,0.0,0.0,82.0,2.0,684.0,450.0,27.0,1984.0,96.0,,0.0,,71.0,75.0,0.75,7.5,8.341463414634147,4.408888888888889,22.0625,-6.0,,,
2018_132_4040792,4040792,Jaleel Scott,New Mexico State,Sun Belt,WIDERECEIVER,WR,2018,4,32,132,2,0.0,0.0,0.0,1.0,0.0,0.0,1.0,1.0,1.0,0.0,0.0,0.0,0.0,0.0,0.0,0.0,0.0,0.0,0.0,0.0,0.0,0.0,0.0,0.0,0.0,0.0,0.0,0.0,0.0,0.0,4.0,0.0,150.0,99.0,14.0,1362.0,0.0,0.0,0.0,,,,52.0,45.0,,,,13.757575757575758,,,,37.5,,
2018_133_550100,550100,J'Mon Moore,Missouri,SEC,WIDERECEIVER,WR,2018,4,33,133,4,0.0,0.0,0.0,3.0,0.0,0.0,3.0,3.0,3.0,0.0,0.0,0.0,0.0,0.0,0.0,0.0,0.0,0.0,0.0,0.0,0.0,0.0,0.0,0.0,0.0,0.0,0.0,0.0,0.0,0.0,0.0,0.0,0.0,158.0,21.0,2477.0,0.0,1.0,0.0,,,,,82.0,0.0,,,15.677215189873415,,,,,,
2018_134_3119195,3119195,Chase Edmonds,Fordham,Patriot,RUNNINGBACK,RB,2018,4,34,134,4,0.0,0.0,0.0,0.0,0.0,0.0,0.0,0.0,0.0,0.0,0.0,0.0,0.0,2.0,0.0,23.0,0.0,0.0,0.0,0.0,0.0,0.0,0.0,0.0,0.0,0.0,0.0,0.0,0.0,0.0,0.0,0.0,0.0,13.0,0.0,197.0,66.0,4.0,291.0,15.0,,,,87.0,46.0,,,15.153846153846152,4.409090909090909,11.5,,,,
2018_136_559639,559639,Marquis Haynes,Ole Miss,SEC,OUTSIDELINEBACKER,LB,2018,4,36,136,2,3.0,13.0,14.5,56.0,0.0,22.0,98.0,0.0,0.0,1.0,1.0,0.0,17.0,0.0,0.0,0.0,0.0,0.0,0.0,0.0,0.0,0.0,0.0,0.0,0.0,0.0,0.0,0.0,0.0,0.0,0.0,0.0,0.0,0.0,0.0,0.0,0.0,0.0,0.0,,,,,,,,,,,,,,,17.0
2018_137_3117256,3117256,Dalton Schultz,Stanford,Pac-12,TIGHTEND,TE,2018,4,37,137,3,0.0,0.0,0.0,0.0,0.0,0.0,0.0,3.0,1.0,0.0,0.0,0.0,0.0,6.0,0.0,60.0,0.0,0.0,0.0,0.0,0.0,0.0,0.0,0.0,0.0,0.0,0.0,0.0,0.0,0.0,0.0,0.0,0.0,55.0,5.0,555.0,0.0,0.0,0.0,23.0,,,,36.0,,,,10.090909090909092,,10.0,,,,
2018_138_550633,550633,Cole Madison,Washington State,Pac-12,OFFENSIVETACKLE,OL,2018,5,1,138,1,0.0,0.0,0.0,0.0,0.0,0.0,1.0,0.0,0.0,0.0,0.0,0.0,0.0,0.0,0.0,0.0,0.0,0.0,0.0,0.0,0.0,0.0,0.0,0.0,0.0,0.0,0.0,0.0,0.0,0.0,0.0,0.0,0.0,0.0,0.0,0.0,0.0,0.0,0.0,,,,,,,,,,,,,,,
2018_139_3917872,3917872,RJ McIntosh,Miami,ACC,DEFENSIVETACKLE,DL,2018,5,2,139,2,9.0,3.0,5.0,47.0,0.0,21.5,93.0,0.0,0.0,1.0,0.0,0.0,0.0,0.0,0.0,0.0,0.0,0.0,0.0,0.0,0.0,0.0,0.0,0.0,0.0,0.0,1.0,0.0,6.0,0.0,0.0,0.0,0.0,0.0,0.0,0.0,0.0,0.0,0.0,,,6.0,,,,,,,,,6.0,,,
2018_141_551186,551186,Shaquem Griffin,UCF,American Athletic,OUTSIDELINEBACKER,LB,2018,5,4,141,2,9.0,11.0,17.5,97.0,0.0,31.5,160.0,0.0,0.0,4.0,2.0,0.0,22.0,0.0,0.0,0.0,0.0,0.0,0.0,0.0,0.0,0.0,0.0,0.0,0.0,0.0,0.0,0.0,0.0,0.0,0.0,0.0,0.0,0.0,0.0,0.0,0.0,0.0,0.0,,,,,,,,,,,,,,,11.0
2018_142_3139387,3139387,D.J. Reed,Kansas State,Big 12,CORNERBACK,DB,2018,5,5,142,2,23.0,1.0,0.0,96.0,3.0,5.0,115.0,5.0,1.0,1.0,7.0,1.0,67.0,27.0,1.0,836.0,0.0,0.0,0.0,0.0,0.0,0.0,0.0,0.0,0.0,0.0,17.0,1.0,253.0,0.0,0.0,0.0,0.0,0.0,0.0,0.0,0.0,0.0,0.0,99.0,,62.0,,,,,,,,30.96296296296296,14.882352941176473,,,9.571428571428571
2018_143_3917993,3917993,Ja'Whaun Bentley,Purdue,Big Ten,INSIDELINEBACKER,LB,2018,5,6,143,2,3.0,0.0,0.0,60.0,1.0,11.5,96.0,0.0,0.0,0.0,1.0,1.0,76.0,0.0,0.0,0.0,0.0,0.0,0.0,0.0,0.0,0.0,0.0,0.0,0.0,0.0,0.0,0.0,0.0,0.0,0.0,0.0,0.0,0.0,0.0,0.0,0.0,0.0,0.0,,,,,,,,,,,,,,,76.0
2018_145_3117922,3117922,Bilal Nichols,Delaware,CAA,DEFENSIVETACKLE,DL,2018,5,8,145,2,0.0,1.0,1.0,4.0,0.0,1.0,8.0,0.0,0.0,0.0,0.0,0.0,0.0,0.0,0.0,0.0,0.0,0.0,0.0,0.0,0.0,0.0,0.0,0.0,0.0,0.0,0.0,0.0,0.0,0.0,0.0,0.0,0.0,0.0,0.0,0.0,0.0,0.0,0.0,,,,,,,,,,,,,,,
2018_146_547259,547259,Tre Flowers,Oklahoma State,Big 12,SAFETY,DB,2018,5,9,146,3,15.0,0.0,0.0,100.0,0.0,3.0,141.0,0.0,0.0,1.0,4.0,0.0,17.0,0.0,0.0,0.0,0.0,0.0,0.0,0.0,0.0,0.0,0.0,0.0,0.0,0.0,0.0,0.0,0.0,0.0,0.0,0.0,0.0,0.0,0.0,0.0,0.0,0.0,0.0,,,,,,,,,,,,,,,4.25
2018_147_548057,548057,Micah Kiser,Virginia,ACC,INSIDELINEBACKER,LB,2018,5,10,147,2,10.0,4.0,11.5,115.0,0.0,19.5,276.0,0.0,0.0,3.0,1.0,0.0,7.0,0.0,0.0,0.0,0.0,0.0,0.0,0.0,0.0,0.0,0.0,0.0,0.0,0.0,0.0,0.0,0.0,0.0,0.0,0.0,0.0,0.0,0.0,0.0,0.0,0.0,0.0,,,,,,,,,,,,,,,7.0
2018_148_3116149,3116149,Marcus Allen,Penn State,Big Ten,SAFETY,DB,2018,5,11,148,2,5.0,1.0,1.0,102.0,0.0,10.0,181.0,0.0,0.0,1.0,1.0,0.0,50.0,0.0,0.0,0.0,0.0,0.0,0.0,0.0,0.0,0.0,0.0,0.0,0.0,0.0,0.0,0.0,0.0,0.0,0.0,0.0,0.0,0.0,0.0,0.0,0.0,0.0,0.0,,,,,,,,,,,,,,,50.0
2018_149_3929851,3929851,Michael Dickson,Texas,Big 12,PUNTER,ST,2018,5,12,149,3,0.0,0.0,0.0,2.0,0.0,0.0,2.0,0.0,0.0,0.0,0.0,0.0,0.0,0.0,0.0,0.0,0.0,0.0,0.0,0.0,0.0,0.0,0.0,0.0,0.0,0.0,0.0,0.0,0.0,0.0,226.0,0.0,10242.0,0.0,0.0,0.0,1.0,0.0,6.0,,,,76.0,,6.0,,,,6.0,,,45.31858407079646,,
2018_150_3126204,3126204,Genard Avery,Memphis,American Athletic,INSIDELINEBACKER,LB,2018,5,13,150,2,4.0,13.0,13.5,113.0,2.0,32.0,159.0,0.0,0.0,1.0,2.0,2.0,51.0,0.0,0.0,0.0,0.0,0.0,0.0,0.0,0.0,0.0,0.0,0.0,0.0,0.0,0.0,0.0,0.0,0.0,0.0,0.0,0.0,0.0,0.0,0.0,0.0,0.0,0.0,,,,,,,,,,,,,,,25.5
2018_151_547483,547483,Davontae Harris,Illinois State,MVFC,CORNERBACK,DB,2018,5,14,151,1,2.0,0.0,0.0,2.0,0.0,0.0,3.0,0.0,0.0,0.0,0.0,0.0,0.0,0.0,0.0,0.0,0.0,0.0,0.0,0.0,0.0,0.0,0.0,0.0,0.0,0.0,0.0,0.0,0.0,0.0,0.0,0.0,0.0,0.0,0.0,0.0,0.0,0.0,0.0,,,,,,,,,,,,,,,
2018_152_3931422,3931422,Dane Cruikshank,Arizona,Pac-12,CORNERBACK,DB,2018,5,15,152,2,12.0,0.0,1.0,102.0,0.0,6.5,124.0,1.0,1.0,0.0,5.0,0.0,68.0,0.0,0.0,0.0,0.0,0.0,0.0,0.0,0.0,0.0,0.0,0.0,0.0,0.0,0.0,0.0,0.0,0.0,0.0,0.0,0.0,0.0,0.0,0.0,0.0,0.0,0.0,,,,,,,,,,,,,,,13.6
2018_154_552287,552287,Siran Neal,Jacksonville State,OVC,CORNERBACK,DB,2018,5,17,154,2,0.0,0.0,0.0,7.0,0.0,1.5,10.0,0.0,0.0,0.0,0.0,0.0,0.0,0.0,0.0,0.0,0.0,0.0,0.0,0.0,0.0,0.0,0.0,0.0,0.0,0.0,0.0,0.0,0.0,0.0,0.0,0.0,0.0,0.0,0.0,0.0,0.0,0.0,0.0,,,,,,,,,,,,,,,
2018_155_547610,547610,Scott Quessenberry,UCLA,Pac-12,CENTER,OL,2018,5,18,155,1,0.0,0.0,0.0,1.0,0.0,0.0,1.0,1.0,0.0,0.0,0.0,0.0,0.0,0.0,0.0,0.0,0.0,0.0,0.0,0.0,0.0,0.0,0.0,0.0,0.0,0.0,0.0,0.0,0.0,0.0,0.0,0.0,0.0,0.0,0.0,0.0,0.0,0.0,0.0,,,,,,,,,,,,,,,
2018_156_546849,546849,Troy Fumagalli,Wisconsin,Big Ten,TIGHTEND,TE,2018,5,19,156,4,0.0,0.0,0.0,1.0,0.0,0.0,1.0,0.0,0.0,0.0,0.0,0.0,0.0,1.0,0.0,8.0,0.0,0.0,0.0,0.0,0.0,0.0,0.0,0.0,0.0,0.0,0.0,0.0,0.0,0.0,0.0,0.0,0.0,135.0,7.0,1627.0,0.0,0.0,0.0,8.0,,,,44.0,,,,12.051851851851852,,8.0,,,,
2018_157_3915486,3915486,Tyler Conklin,Central Michigan,Mid-American,TIGHTEND,TE,2018,5,20,157,3,0.0,0.0,0.0,4.0,0.0,0.0,4.0,1.0,1.0,0.0,0.0,0.0,0.0,0.0,0.0,0.0,0.0,0.0,0.0,0.0,0.0,0.0,0.0,0.0,0.0,0.0,0.0,0.0,0.0,0.0,0.0,0.0,0.0,83.0,11.0,1159.0,0.0,0.0,0.0,,,,,42.0,,,,13.963855421686748,,,,,,
2018_158_3116761,3116761,Andrew Brown,Virginia,ACC,DEFENSIVEEND,DL,2018,5,21,158,2,2.0,3.0,9.5,37.0,0.0,23.5,84.0,0.0,0.0,1.0,0.0,0.0,0.0,0.0,0.0,0.0,0.0,0.0,0.0,0.0,0.0,0.0,0.0,0.0,0.0,0.0,0.0,0.0,0.0,0.0,0.0,0.0,0.0,0.0,0.0,0.0,0.0,0.0,0.0,,,,,,,,,,,,,,,
2018_159_3120659,3120659,Daurice Fountain,Northern Iowa,MVFC,WIDERECEIVER,WR,2018,5,22,159,3,0.0,0.0,0.0,0.0,0.0,0.0,0.0,0.0,0.0,0.0,0.0,0.0,0.0,0.0,0.0,0.0,0.0,0.0,0.0,0.0,0.0,0.0,0.0,0.0,0.0,0.0,0.0,0.0,0.0,0.0,0.0,0.0,0.0,6.0,0.0,44.0,0.0,0.0,0.0,,,,,20.0,,,,7.333333333333333,,,,,,
2018_162_3134302,3134302,Jordan Lasley,UCLA,Pac-12,WIDERECEIVER,WR,2018,5,25,162,3,0.0,0.0,0.0,3.0,1.0,0.0,3.0,2.0,2.0,0.0,0.0,0.0,0.0,3.0,0.0,58.0,0.0,0.0,0.0,0.0,0.0,1.0,1.0,0.0,0.0,30.0,1.0,1.0,23.0,0.0,0.0,0.0,0.0,113.0,14.0,1901.0,4.0,0.0,-6.0,25.0,,23.0,,75.0,5.0,1.0,30.0,16.82300884955752,-1.5,19.333333333333332,23.0,,,
2018_163_3929956,3929956,Tim Settle,Virginia Tech,ACC,DEFENSIVETACKLE,DL,2018,5,26,163,2,1.0,4.0,4.0,28.0,0.0,19.5,53.0,1.0,0.0,0.0,0.0,0.0,0.0,2.0,0.0,15.0,0.0,0.0,0.0,0.0,0.0,0.0,0.0,0.0,0.0,0.0,0.0,0.0,0.0,0.0,0.0,0.0,0.0,0.0,0.0,0.0,0.0,0.0,0.0,9.0,,,,,,,,,,7.5,,,,
2018_164_3121552,3121552,Natrell Jamerson,Wisconsin,Big Ten,SAFETY,DB,2018,5,27,164,4,14.0,2.0,1.5,48.0,1.0,4.5,70.0,1.0,0.0,0.0,2.0,1.0,40.0,38.0,1.0,784.0,0.0,0.0,0.0,0.0,0.0,0.0,0.0,0.0,0.0,0.0,0.0,0.0,0.0,0.0,0.0,0.0,0.0,0.0,0.0,0.0,1.0,0.0,23.0,98.0,,,,,23.0,,,,23.0,20.63157894736842,,,,20.0
2018_165_3116721,3116721,Jaylen Samuels,NC State,ACC,FULLBACK,RB,2018,5,28,165,4,0.0,0.0,0.0,0.0,0.0,0.0,3.0,2.0,2.0,0.0,0.0,0.0,0.0,12.0,0.0,230.0,0.0,0.0,0.0,0.0,0.0,3.0,2.0,0.0,1.0,84.0,0.0,0.0,0.0,0.0,0.0,0.0,0.0,201.0,19.0,1851.0,182.0,28.0,1107.0,58.0,,,,79.0,66.0,0.6666666666666666,28.0,9.208955223880595,6.082417582417582,19.166666666666668,,,,
2018_166_547030,547030,Wyatt Teller,Virginia Tech,ACC,OFFENSIVEGUARD,OL,2018,5,29,166,1,0.0,0.0,0.0,1.0,0.0,0.0,1.0,0.0,0.0,0.0,0.0,0.0,0.0,0.0,0.0,0.0,0.0,0.0,0.0,0.0,0.0,0.0,0.0,0.0,0.0,0.0,0.0,0.0,0.0,0.0,0.0,0.0,0.0,0.0,0.0,0.0,0.0,0.0,0.0,,,,,,,,,,,,,,,
2018_167_550032,550032,Daniel Carlson,Auburn,SEC,PLACEKICKER,ST,2018,5,30,167,4,0.0,0.0,0.0,2.0,0.0,0.0,2.0,0.0,0.0,0.0,0.0,0.0,0.0,0.0,0.0,0.0,113.0,92.0,474.0,198.0,198.0,0.0,0.0,0.0,0.0,0.0,0.0,0.0,0.0,13.0,41.0,1.0,1724.0,0.0,0.0,0.0,1.0,1.0,20.0,,56.0,,62.0,,20.0,,,,20.0,,,42.04878048780488,0.8141592920353983,
2018_168_3121417,3121417,Jamarco Jones,Ohio State,Big Ten,OFFENSIVETACKLE,OL,2018,5,31,168,1,0.0,0.0,0.0,1.0,0.0,0.0,1.0,0.0,0.0,0.0,0.0,0.0,0.0,0.0,0.0,0.0,0.0,0.0,0.0,0.0,0.0,0.0,0.0,0.0,0.0,0.0,0.0,0.0,0.0,0.0,0.0,0.0,0.0,0.0,0.0,0.0,0.0,0.0,0.0,,,,,,,,,,,,,,,
2018_169_550016,550016,Jordan Wilkins,Ole Miss,SEC,RUNNINGBACK,RB,2018,5,32,169,3,0.0,0.0,0.0,1.0,0.0,0.0,1.0,1.0,1.0,0.0,0.0,0.0,0.0,2.0,0.0,10.0,0.0,0.0,0.0,0.0,0.0,2.0,1.0,0.0,1.0,31.0,0.0,0.0,0.0,0.0,0.0,0.0,0.0,32.0,1.0,322.0,279.0,14.0,1751.0,11.0,,,,45.0,73.0,0.5,15.5,10.0625,6.275985663082437,5.0,,,,
2018_170_545930,545930,Darius Phillips,Western Michigan,Mid-American,CORNERBACK,DB,2018,5,33,170,4,19.0,0.0,2.0,54.0,8.0,9.0,80.0,7.0,1.0,2.0,12.0,5.0,376.0,130.0,5.0,3162.0,0.0,0.0,0.0,0.0,0.0,0.0,0.0,0.0,0.0,0.0,35.0,1.0,327.0,0.0,0.0,0.0,0.0,34.0,2.0,495.0,4.0,0.0,45.0,100.0,,66.0,,63.0,52.0,,,14.558823529411764,11.25,24.32307692307692,9.342857142857143,,,31.333333333333332
2018_171_549804,549804,Mike White,Western Kentucky,Conference USA,QUARTERBACK,QB,2018,5,34,171,4,0.0,0.0,0.0,0.0,0.0,0.0,1.0,17.0,7.0,0.0,0.0,0.0,0.0,0.0,0.0,0.0,0.0,0.0,0.0,0.0,0.0,1393.0,863.0,31.0,74.0,11262.0,0.0,0.0,0.0,0.0,0.0,0.0,0.0,0.0,0.0,0.0,135.0,6.0,-463.0,,,,,,17.0,0.6195262024407753,8.084709260588658,,-3.4296296296296296,,,,,
2018_172_3126368,3126368,JK Scott,Alabama,SEC,PUNTER,ST,2018,5,35,172,4,0.0,0.0,0.0,1.0,0.0,0.0,4.0,0.0,0.0,0.0,0.0,0.0,0.0,0.0,0.0,0.0,4.0,1.0,13.0,10.0,10.0,1.0,1.0,0.0,0.0,-9.0,0.0,0.0,0.0,31.0,243.0,5.0,11074.0,0.0,0.0,0.0,0.0,0.0,0.0,,48.0,,73.0,,,1.0,-9.0,,,,,45.57201646090535,0.25,
2018_173_551335,551335,Johnny Townsend,Florida,SEC,PUNTER,ST,2018,5,36,173,4,0.0,0.0,0.0,3.0,0.0,0.0,6.0,0.0,0.0,0.0,0.0,0.0,0.0,0.0,0.0,0.0,0.0,0.0,0.0,0.0,0.0,2.0,1.0,1.0,0.0,7.0,0.0,0.0,0.0,0.0,240.0,0.0,11090.0,0.0,0.0,0.0,2.0,0.0,-14.0,,,,70.0,,0.0,0.5,3.5,,-7.0,,,46.208333333333336,,
2018_174_549962,549962,Marquez Valdes-Scantling,South Florida,American Athletic,WIDERECEIVER,WR,2018,5,37,174,4,0.0,0.0,0.0,0.0,0.0,0.0,0.0,0.0,0.0,0.0,0.0,0.0,0.0,2.0,0.0,39.0,0.0,0.0,0.0,0.0,0.0,0.0,0.0,0.0,0.0,0.0,0.0,0.0,0.0,0.0,0.0,0.0,0.0,119.0,12.0,1832.0,10.0,1.0,112.0,27.0,,,,95.0,75.0,,,15.394957983193278,11.2,19.5,,,,
2018_175_3895857,3895857,Damion Ratley,Texas A&M,SEC,WIDERECEIVER,WR,2018,6,1,175,3,0.0,0.0,0.0,2.0,0.0,0.0,4.0,0.0,0.0,0.0,0.0,0.0,0.0,0.0,0.0,0.0,0.0,0.0,0.0,0.0,0.0,0.0,0.0,0.0,0.0,0.0,0.0,0.0,0.0,0.0,0.0,0.0,0.0,47.0,8.0,920.0,0.0,0.0,0.0,,,,,76.0,,,,19.574468085106385,,,,,,
2018_176_3915381,3915381,John Kelly,Tennessee,SEC,RUNNINGBACK,RB,2018,6,2,176,3,0.0,0.0,0.0,0.0,0.0,0.0,0.0,3.0,3.0,0.0,0.0,0.0,0.0,0.0,0.0,0.0,0.0,0.0,0.0,0.0,0.0,1.0,1.0,0.0,0.0,10.0,0.0,0.0,0.0,0.0,0.0,0.0,0.0,43.0,0.0,350.0,327.0,15.0,1573.0,,,,,52.0,73.0,1.0,10.0,8.13953488372093,4.81039755351682,,,,,
2018_177_545309,545309,Duke Ejiofor,Wake Forest,ACC,DEFENSIVEEND,DL,2018,6,3,177,2,5.0,13.0,17.0,56.0,0.0,33.5,93.0,0.0,0.0,2.0,1.0,0.0,1.0,0.0,0.0,0.0,0.0,0.0,0.0,0.0,0.0,0.0,0.0,0.0,0.0,0.0,0.0,0.0,0.0,0.0,0.0,0.0,0.0,0.0,0.0,0.0,0.0,0.0,0.0,,,,,,,,,,,,,,,1.0
2018_178_3128801,3128801,Christian Sam,Arizona State,Pac-12,OUTSIDELINEBACKER,LB,2018,6,4,178,4,1.0,1.0,3.0,88.0,0.0,9.5,128.0,0.0,0.0,0.0,3.0,0.0,11.0,0.0,0.0,0.0,0.0,0.0,0.0,0.0,0.0,0.0,0.0,0.0,0.0,0.0,0.0,0.0,0.0,0.0,0.0,0.0,0.0,0.0,0.0,0.0,0.0,0.0,0.0,,,,,,,,,,,,,,,3.6666666666666665
2018_179_545758,545758,Parry Nickerson,Tulane,American Athletic,CORNERBACK,DB,2018,6,5,179,3,17.0,0.0,0.0,68.0,1.0,2.0,84.0,1.0,1.0,2.0,16.0,1.0,203.0,0.0,0.0,0.0,0.0,0.0,0.0,0.0,0.0,0.0,0.0,0.0,0.0,0.0,2.0,0.0,-11.0,0.0,0.0,0.0,0.0,0.0,0.0,0.0,0.0,0.0,0.0,,,0.0,,,,,,,,,-5.5,,,12.6875
2018_180_546678,546678,Folorunso Fatukasi,UConn,American Athletic,DEFENSIVETACKLE,DL,2018,6,6,180,2,0.0,4.0,6.5,52.0,0.0,10.0,88.0,0.0,0.0,0.0,0.0,0.0,0.0,0.0,0.0,0.0,0.0,0.0,0.0,0.0,0.0,0.0,0.0,0.0,0.0,0.0,0.0,0.0,0.0,0.0,0.0,0.0,0.0,0.0,0.0,0.0,0.0,0.0,0.0,,,,,,,,,,,,,,,
2018_181_547620,547620,Kylie Fitts,Utah,Pac-12,DEFENSIVEEND,DL,2018,6,7,181,2,1.0,0.0,4.5,16.0,0.0,6.0,27.0,0.0,0.0,0.0,0.0,0.0,0.0,0.0,0.0,0.0,0.0,0.0,0.0,0.0,0.0,0.0,0.0,0.0,0.0,0.0,0.0,0.0,0.0,0.0,0.0,0.0,0.0,0.0,0.0,0.0,0.0,0.0,0.0,,,,,,,,,,,,,,,
2018_182_3116159,3116159,Christian Campbell,Penn State,Big Ten,CORNERBACK,DB,2018,6,8,182,3,15.0,0.0,1.0,46.0,0.0,3.5,77.0,0.0,0.0,1.0,3.0,0.0,16.0,0.0,0.0,0.0,0.0,0.0,0.0,0.0,0.0,0.0,0.0,0.0,0.0,0.0,0.0,0.0,0.0,0.0,0.0,0.0,0.0,0.0,0.0,0.0,0.0,0.0,0.0,,,,,,,,,,,,,,,5.333333333333333
2018_184_546308,546308,Marcell Harris,Florida,SEC,SAFETY,DB,2018,6,10,184,1,1.0,1.0,1.0,43.0,0.0,4.0,73.0,0.0,0.0,1.0,2.0,0.0,25.0,0.0,0.0,0.0,0.0,0.0,0.0,0.0,0.0,0.0,0.0,0.0,0.0,0.0,0.0,0.0,0.0,0.0,0.0,0.0,0.0,0.0,0.0,0.0,0.0,0.0,0.0,,,,,,,,,,,,,,,12.5
2018_185_3728254,3728254,Deon Cain,Clemson,ACC,WIDERECEIVER,WR,2018,6,11,185,3,0.0,1.0,0.0,1.0,0.0,0.0,1.0,0.0,0.0,0.0,0.0,0.0,0.0,0.0,0.0,0.0,0.0,0.0,0.0,0.0,0.0,1.0,1.0,0.0,0.0,35.0,0.0,0.0,0.0,0.0,0.0,0.0,0.0,130.0,20.0,2040.0,1.0,0.0,-5.0,,,,,67.0,0.0,1.0,35.0,15.692307692307692,-5.0,,,,,
2018_186_3138764,3138764,Jacob Martin,Temple,American Athletic,OUTSIDELINEBACKER,LB,2018,6,12,186,2,2.0,3.0,10.5,36.0,0.0,14.0,62.0,0.0,0.0,2.0,0.0,0.0,0.0,0.0,0.0,0.0,0.0,0.0,0.0,0.0,0.0,0.0,0.0,0.0,0.0,0.0,0.0,0.0,0.0,0.0,0.0,0.0,0.0,0.0,0.0,0.0,0.0,0.0,0.0,,,,,,,,,,,,,,,
2018_187_3728262,3728262,Ray-Ray McCloud,Clemson,ACC,WIDERECEIVER,WR,2018,6,13,187,3,0.0,0.0,0.0,4.0,1.0,0.0,4.0,11.0,5.0,0.0,0.0,0.0,0.0,9.0,0.0,232.0,0.0,0.0,0.0,0.0,0.0,0.0,0.0,0.0,0.0,0.0,55.0,1.0,485.0,0.0,0.0,0.0,0.0,127.0,4.0,1226.0,18.0,0.0,106.0,73.0,,77.0,,79.0,17.0,,,9.653543307086617,5.888888888888889,25.77777777777778,8.818181818181818,,,
2018_188_545811,545811,Simeon Thomas,Louisiana,Sun Belt,CORNERBACK,DB,2018,6,14,188,2,17.0,1.0,0.0,57.0,0.0,3.0,82.0,0.0,0.0,1.0,2.0,0.0,0.0,0.0,0.0,0.0,0.0,0.0,0.0,0.0,0.0,0.0,0.0,0.0,0.0,0.0,0.0,0.0,0.0,0.0,0.0,0.0,0.0,0.0,0.0,0.0,0.0,0.0,0.0,,,,,,,,,,,,,,,0.0
2018_189_3122800,3122800,Kamrin Moore,Boston College,ACC,CORNERBACK,DB,2018,6,15,189,2,14.0,0.0,0.0,62.0,0.0,3.5,93.0,1.0,0.0,2.0,2.0,0.0,-1.0,0.0,0.0,0.0,0.0,0.0,0.0,0.0,0.0,0.0,0.0,0.0,0.0,0.0,0.0,0.0,0.0,0.0,0.0,0.0,0.0,0.0,0.0,0.0,0.0,0.0,0.0,,,,,,,,,,,,,,,-0.5
2018_190_3929846,3929846,DeShon Elliott,Texas,Big 12,SAFETY,DB,2018,6,16,190,3,13.0,0.0,2.5,74.0,2.0,11.5,93.0,0.0,0.0,3.0,9.0,2.0,156.0,0.0,0.0,0.0,0.0,0.0,0.0,0.0,0.0,0.0,0.0,0.0,0.0,0.0,0.0,0.0,0.0,0.0,0.0,0.0,0.0,0.0,0.0,0.0,0.0,0.0,0.0,,,,,,,,,,,,,,,17.333333333333332
2018_191_550364,550364,Dylan Cantrell,Texas Tech,Big 12,WIDERECEIVER,WR,2018,6,17,191,4,0.0,0.0,0.0,0.0,0.0,0.0,0.0,0.0,0.0,0.0,0.0,0.0,0.0,0.0,0.0,0.0,0.0,0.0,0.0,0.0,0.0,0.0,0.0,0.0,0.0,0.0,0.0,0.0,0.0,0.0,0.0,0.0,0.0,158.0,18.0,1873.0,1.0,1.0,3.0,,,,,54.0,3.0,,,11.854430379746836,3.0,,,,,
2018_193_3128252,3128252,Chris Covington,Indiana,Big Ten,OUTSIDELINEBACKER,LB,2018,6,19,193,3,5.0,6.0,5.0,69.0,0.0,15.0,114.0,0.0,0.0,1.0,0.0,0.0,0.0,0.0,0.0,0.0,0.0,0.0,0.0,0.0,0.0,12.0,3.0,2.0,0.0,31.0,0.0,0.0,0.0,0.0,0.0,0.0,0.0,0.0,0.0,0.0,17.0,0.0,91.0,,,,,,29.0,0.25,2.5833333333333335,,5.352941176470588,,,,,
2018_194_559597,559597,Russell Gage,LSU,SEC,WIDERECEIVER,WR,2018,6,20,194,2,0.0,0.0,0.0,8.0,0.0,0.0,17.0,1.0,0.0,1.0,0.0,0.0,0.0,0.0,0.0,0.0,0.0,0.0,0.0,0.0,0.0,1.0,0.0,0.0,0.0,0.0,0.0,0.0,0.0,0.0,0.0,0.0,0.0,26.0,4.0,347.0,28.0,1.0,232.0,,,,,34.0,70.0,0.0,0.0,13.346153846153848,8.285714285714286,,,,,
2018_195_547547,547547,Sebastian Joseph,Rutgers,Big Ten,DEFENSIVETACKLE,DL,2018,6,21,195,2,2.0,6.0,2.5,30.0,0.0,8.0,65.0,0.0,0.0,0.0,0.0,0.0,0.0,0.0,0.0,0.0,0.0,0.0,0.0,0.0,0.0,0.0,0.0,0.0,0.0,0.0,0.0,0.0,0.0,0.0,0.0,0.0,0.0,0.0,0.0,0.0,0.0,0.0,0.0,,,,,,,,,,,,,,,
2018_196_3134448,3134448,Tremon Smith,Central Arkansas,Southland,CORNERBACK,DB,2018,6,22,196,3,0.0,0.0,0.0,7.0,1.0,0.0,9.0,0.0,0.0,0.0,2.0,0.0,69.0,1.0,0.0,12.0,0.0,0.0,0.0,0.0,0.0,0.0,0.0,0.0,0.0,0.0,2.0,0.0,77.0,0.0,0.0,0.0,0.0,0.0,0.0,0.0,0.0,0.0,0.0,12.0,,47.0,,,,,,,,12.0,38.5,,,34.5
2018_197_559698,559698,Shaun Dion Hamilton,Alabama,SEC,INSIDELINEBACKER,LB,2018,6,23,197,2,3.0,3.0,4.5,51.0,0.0,14.5,104.0,0.0,0.0,0.0,2.0,0.0,40.0,0.0,0.0,0.0,0.0,0.0,0.0,0.0,0.0,0.0,0.0,0.0,0.0,0.0,0.0,0.0,0.0,0.0,0.0,0.0,0.0,0.0,0.0,0.0,0.0,0.0,0.0,,,,,,,,,,,,,,,20.0
2018_199_550629,550629,Luke Falk,Washington State,Pac-12,QUARTERBACK,QB,2018,6,25,199,4,0.0,0.0,0.0,1.0,0.0,0.0,1.0,7.0,5.0,0.0,0.0,0.0,0.0,0.0,0.0,0.0,0.0,0.0,0.0,0.0,0.0,2055.0,1404.0,39.0,119.0,14486.0,0.0,0.0,0.0,0.0,0.0,0.0,0.0,0.0,0.0,0.0,251.0,4.0,-400.0,,,,,,16.0,0.6832116788321168,7.049148418491484,,-1.593625498007968,,,,,
2018_201_549838,549838,Boston Scott,Louisiana Tech,Conference USA,RUNNINGBACK,RB,2018,6,27,201,4,0.0,0.0,0.0,0.0,0.0,0.0,0.0,1.0,0.0,0.0,0.0,0.0,0.0,29.0,0.0,633.0,0.0,0.0,0.0,0.0,0.0,0.0,0.0,0.0,0.0,0.0,0.0,0.0,0.0,0.0,0.0,0.0,0.0,32.0,1.0,307.0,287.0,14.0,1833.0,89.0,,,,32.0,77.0,,,9.59375,6.386759581881533,21.82758620689655,,,,
2018_202_546844,546844,Jack Cichy,Wisconsin,Big Ten,INSIDELINEBACKER,LB,2018,6,28,202,1,2.0,3.0,1.5,45.0,0.0,7.0,60.0,0.0,0.0,0.0,0.0,0.0,0.0,0.0,0.0,0.0,0.0,0.0,0.0,0.0,0.0,0.0,0.0,0.0,0.0,0.0,0.0,0.0,0.0,0.0,0.0,0.0,0.0,0.0,0.0,0.0,0.0,0.0,0.0,,,,,,,,,,,,,,,
2018_203_545757,545757,Tanner Lee,Tulane,American Athletic,QUARTERBACK,QB,2018,6,29,203,3,0.0,0.0,0.0,2.0,0.0,0.0,2.0,3.0,0.0,0.0,0.0,0.0,0.0,0.0,0.0,0.0,0.0,0.0,0.0,0.0,0.0,1040.0,574.0,37.0,46.0,6744.0,0.0,0.0,0.0,0.0,0.0,0.0,0.0,0.0,0.0,0.0,89.0,2.0,-384.0,,,,,,16.0,0.551923076923077,6.484615384615385,,-4.314606741573034,,,,,
2018_205_3116667,3116667,Trevon Young,Louisville,ACC,DEFENSIVEEND,DL,2018,6,31,205,2,5.0,9.0,4.5,37.0,0.0,12.0,62.0,0.0,0.0,1.0,1.0,0.0,27.0,0.0,0.0,0.0,0.0,0.0,0.0,0.0,0.0,0.0,0.0,0.0,0.0,0.0,0.0,0.0,0.0,0.0,0.0,0.0,0.0,0.0,0.0,0.0,0.0,0.0,0.0,,,,,,,,,,,,,,,27.0
2018_206_551549,551549,Matt Pryor,TCU,Big 12,OFFENSIVETACKLE,OL,2018,6,32,206,1,0.0,0.0,0.0,2.0,0.0,0.0,2.0,0.0,0.0,0.0,0.0,0.0,0.0,0.0,0.0,0.0,0.0,0.0,0.0,0.0,0.0,0.0,0.0,0.0,0.0,0.0,0.0,0.0,0.0,0.0,0.0,0.0,0.0,0.0,0.0,0.0,0.0,0.0,0.0,,,,,,,,,,,,,,,
2018_207_3932442,3932442,Equanimeous St. Brown,Notre Dame,FBS Independents,WIDERECEIVER,WR,2018,6,33,207,3,0.0,0.0,0.0,0.0,0.0,0.0,0.0,1.0,1.0,0.0,0.0,0.0,0.0,0.0,0.0,0.0,0.0,0.0,0.0,0.0,0.0,0.0,0.0,0.0,0.0,0.0,1.0,0.0,18.0,0.0,0.0,0.0,0.0,92.0,13.0,1484.0,0.0,0.0,0.0,,,18.0,,79.0,,,,16.130434782608695,,,18.0,,,
2018_208_4036335,4036335,Cedrick Wilson,Boise State,Mountain West,WIDERECEIVER,WR,2018,6,34,208,2,0.0,0.0,0.0,2.0,0.0,0.0,3.0,4.0,0.0,0.0,0.0,0.0,0.0,31.0,0.0,742.0,0.0,0.0,0.0,0.0,0.0,5.0,4.0,0.0,1.0,130.0,10.0,0.0,132.0,0.0,0.0,0.0,0.0,139.0,18.0,2640.0,12.0,0.0,20.0,55.0,,73.0,,75.0,9.0,0.8,26.0,18.992805755395683,1.6666666666666667,23.93548387096774,13.2,,,
2018_209_3123963,3123963,Cornell Armstrong,UTSA,Conference USA,CORNERBACK,DB,2018,6,35,209,4,15.0,1.0,0.0,49.0,1.0,5.5,69.0,0.0,0.0,0.0,5.0,1.0,45.0,0.0,0.0,0.0,0.0,0.0,0.0,0.0,0.0,0.0,0.0,0.0,0.0,0.0,0.0,0.0,0.0,0.0,0.0,0.0,0.0,0.0,0.0,0.0,9.0,0.0,41.0,,,,,,21.0,,,,4.555555555555555,,,,,9.0
2018_210_3123075,3123075,Braxton Berrios,Miami,ACC,WIDERECEIVER,WR,2018,6,36,210,4,0.0,0.0,0.0,0.0,1.0,0.0,0.0,0.0,0.0,0.0,0.0,0.0,0.0,3.0,0.0,60.0,0.0,0.0,0.0,0.0,0.0,1.0,1.0,0.0,0.0,17.0,47.0,1.0,488.0,0.0,0.0,0.0,0.0,99.0,14.0,1166.0,5.0,0.0,81.0,32.0,,44.0,,55.0,60.0,1.0,17.0,11.77777777777778,16.2,20.0,10.382978723404255,,,
2018_211_4035379,4035379,Jordan Thomas,Mississippi State,SEC,TIGHTEND,TE,2018,6,37,211,2,0.0,0.0,0.0,0.0,0.0,0.0,0.0,1.0,1.0,0.0,0.0,0.0,0.0,0.0,0.0,0.0,0.0,0.0,0.0,0.0,0.0,0.0,0.0,0.0,0.0,0.0,0.0,0.0,0.0,0.0,0.0,0.0,0.0,31.0,4.0,311.0,0.0,0.0,0.0,,,,,29.0,,,,10.03225806451613,,,,,,
2018_214_546472,546472,Peter Kalambayi,Stanford,Pac-12,OUTSIDELINEBACKER,LB,2018,6,40,214,3,3.0,10.0,14.5,64.0,0.0,12.5,107.0,0.0,0.0,0.0,1.0,0.0,0.0,0.0,0.0,0.0,0.0,0.0,0.0,0.0,0.0,0.0,0.0,0.0,0.0,0.0,0.0,0.0,0.0,0.0,0.0,0.0,0.0,0.0,0.0,0.0,0.0,0.0,0.0,,,,,,,,,,,,,,,0.0
2018_216_550551,550551,Azeem Victor,Washington,Pac-12,INSIDELINEBACKER,LB,2018,6,42,216,3,4.0,0.0,2.0,67.0,0.0,5.0,98.0,0.0,0.0,1.0,1.0,1.0,27.0,0.0,0.0,0.0,0.0,0.0,0.0,0.0,0.0,0.0,0.0,0.0,0.0,0.0,0.0,0.0,0.0,0.0,0.0,0.0,0.0,0.0,0.0,0.0,0.0,0.0,0.0,,,,,,,,,,,,,,,27.0
2018_217_550314,550314,Keishawn Bierria,Washington,Pac-12,OUTSIDELINEBACKER,LB,2018,6,43,217,2,4.0,1.0,3.0,82.0,1.0,9.0,128.0,0.0,0.0,7.0,0.0,0.0,0.0,1.0,1.0,45.0,0.0,0.0,0.0,0.0,0.0,0.0,0.0,0.0,0.0,0.0,0.0,0.0,0.0,0.0,0.0,0.0,0.0,0.0,0.0,0.0,0.0,0.0,0.0,45.0,,,,,,,,,,45.0,,,,
2018_218_545774,545774,Ade Aruna,Tulane,American Athletic,DEFENSIVEEND,DL,2018,6,44,218,2,2.0,3.0,8.0,41.0,0.0,13.0,68.0,0.0,0.0,3.0,0.0,0.0,0.0,0.0,0.0,0.0,0.0,0.0,0.0,0.0,0.0,0.0,0.0,0.0,0.0,0.0,0.0,0.0,0.0,0.0,0.0,0.0,0.0,0.0,0.0,0.0,0.0,0.0,0.0,,,,,,,,,,,,,,,
2018_219_550170,550170,Danny Etling,Purdue,Big Ten,QUARTERBACK,QB,2018,7,1,219,4,0.0,0.0,0.0,0.0,0.0,0.0,1.0,5.0,3.0,0.0,0.0,0.0,0.0,0.0,0.0,0.0,0.0,0.0,0.0,0.0,0.0,973.0,563.0,19.0,43.0,7076.0,0.0,0.0,0.0,0.0,0.0,0.0,0.0,0.0,0.0,0.0,201.0,7.0,70.0,,,,,,27.0,0.578622816032888,7.27235354573484,,0.3482587064676617,,,,,
2018_220_3128843,3128843,Alex McGough,Florida International,Conference USA,QUARTERBACK,QB,2018,7,2,220,4,0.0,0.0,0.0,0.0,0.0,0.0,0.0,10.0,4.0,0.0,0.0,0.0,0.0,0.0,0.0,0.0,0.0,0.0,0.0,0.0,0.0,1335.0,806.0,37.0,65.0,9091.0,0.0,0.0,0.0,0.0,0.0,0.0,0.0,0.0,0.0,0.0,308.0,16.0,535.0,,,,,,60.0,0.6037453183520599,6.809737827715356,,1.7370129870129871,,,,,
2018_221_3126179,3126179,Matthew Adams,Houston,American Athletic,INSIDELINEBACKER,LB,2018,7,3,221,2,2.0,2.0,3.5,111.0,0.0,14.0,170.0,0.0,0.0,2.0,0.0,0.0,0.0,0.0,0.0,0.0,0.0,0.0,0.0,0.0,0.0,0.0,0.0,0.0,0.0,0.0,0.0,0.0,0.0,0.0,0.0,0.0,0.0,0.0,0.0,0.0,0.0,0.0,0.0,,,,,,,,,,,,,,,
2018_222_550322,550322,Jermaine Kelly,San José State,Mountain West,CORNERBACK,DB,2018,7,4,222,2,17.0,0.0,0.0,68.0,1.0,2.0,79.0,0.0,0.0,1.0,1.0,1.0,68.0,0.0,0.0,0.0,0.0,0.0,0.0,0.0,0.0,0.0,0.0,0.0,0.0,0.0,0.0,0.0,0.0,0.0,0.0,0.0,0.0,0.0,0.0,0.0,0.0,0.0,0.0,,,,,,,,,,,,,,,68.0
2018_223_549771,549771,Jullian Taylor,Temple,American Athletic,DEFENSIVETACKLE,DL,2018,7,5,223,2,0.0,0.0,0.0,27.0,0.0,11.0,49.0,0.0,0.0,0.0,0.0,0.0,0.0,0.0,0.0,0.0,0.0,0.0,0.0,0.0,0.0,0.0,0.0,0.0,0.0,0.0,0.0,0.0,0.0,0.0,0.0,0.0,0.0,0.0,0.0,0.0,0.0,0.0,0.0,,,,,,,,,,,,,,,
2018_224_4035019,4035019,Javon Wims,Georgia,SEC,WIDERECEIVER,WR,2018,7,6,224,2,0.0,0.0,0.0,1.0,0.0,0.0,1.0,0.0,0.0,0.0,0.0,0.0,0.0,0.0,0.0,0.0,0.0,0.0,0.0,0.0,0.0,0.0,0.0,0.0,0.0,0.0,0.0,0.0,0.0,0.0,0.0,0.0,0.0,63.0,8.0,914.0,0.0,0.0,0.0,,,,,51.0,,,,14.507936507936508,,,,,,
2018_225_3122593,3122593,Devante Downs,California,Pac-12,CORNERBACK,DB,2018,7,7,225,4,2.0,5.0,5.0,78.0,0.0,9.0,148.0,0.0,0.0,2.0,5.0,1.0,59.0,2.0,0.0,8.0,0.0,0.0,0.0,0.0,0.0,0.0,0.0,0.0,0.0,0.0,0.0,0.0,0.0,0.0,0.0,0.0,0.0,0.0,0.0,0.0,0.0,0.0,0.0,6.0,,,,,,,,,,4.0,,,,11.8
2018_226_548155,548155,David Williams,South Carolina,SEC,RUNNINGBACK,RB,2018,7,8,226,4,0.0,0.0,0.0,0.0,0.0,0.0,0.0,2.0,0.0,0.0,0.0,0.0,0.0,0.0,0.0,0.0,0.0,0.0,0.0,0.0,0.0,0.0,0.0,0.0,0.0,0.0,0.0,0.0,0.0,0.0,0.0,0.0,0.0,37.0,2.0,435.0,304.0,13.0,1450.0,,,,,59.0,37.0,,,11.756756756756756,4.769736842105263,,,,,
2018_227_550698,550698,Quentin Poling,Ohio,Mid-American,INSIDELINEBACKER,LB,2018,7,9,227,4,9.0,9.0,9.5,115.0,0.0,26.0,216.0,0.0,0.0,2.0,7.0,2.0,163.0,0.0,0.0,0.0,0.0,0.0,0.0,0.0,0.0,0.0,0.0,0.0,0.0,0.0,1.0,0.0,0.0,0.0,0.0,0.0,0.0,0.0,0.0,0.0,0.0,0.0,0.0,,,0.0,,,,,,,,,0.0,,,23.285714285714285
2018_228_547253,547253,Marcell Ateman,Oklahoma State,Big 12,WIDERECEIVER,WR,2018,7,10,228,4,0.0,0.0,0.0,0.0,0.0,0.0,0.0,1.0,0.0,0.0,0.0,0.0,0.0,0.0,0.0,0.0,0.0,0.0,0.0,0.0,0.0,0.0,0.0,0.0,0.0,0.0,0.0,0.0,0.0,0.0,0.0,0.0,0.0,146.0,13.0,2466.0,1.0,0.0,1.0,,,,,82.0,1.0,,,16.89041095890411,1.0,,,,,
2018_229_3124679,3124679,Jason Sanders,New Mexico,Mountain West,PLACEKICKER,ST,2018,7,11,229,3,0.0,0.0,0.0,1.0,0.0,0.0,3.0,0.0,0.0,0.0,0.0,0.0,0.0,0.0,0.0,0.0,35.0,25.0,186.0,112.0,111.0,0.0,0.0,0.0,0.0,0.0,0.0,0.0,0.0,0.0,0.0,0.0,0.0,0.0,0.0,0.0,0.0,0.0,0.0,,53.0,,,,,,,,,,,,0.7142857142857143,
2018_230_546852,546852,Leon Jacobs,Wisconsin,Big Ten,OUTSIDELINEBACKER,LB,2018,7,12,230,2,3.0,8.0,4.5,59.0,0.0,11.0,97.0,0.0,0.0,2.0,3.0,0.0,30.0,0.0,0.0,0.0,0.0,0.0,0.0,0.0,0.0,0.0,0.0,0.0,0.0,0.0,0.0,0.0,0.0,0.0,0.0,0.0,0.0,0.0,0.0,0.0,0.0,0.0,0.0,,,,,,,,,,,,,,,10.0
2018_231_3116424,3116424,Travin Howard,TCU,Big 12,OUTSIDELINEBACKER,LB,2018,7,13,231,3,9.0,3.0,2.5,124.0,1.0,9.5,225.0,0.0,0.0,1.0,3.0,1.0,28.0,0.0,0.0,0.0,0.0,0.0,0.0,0.0,0.0,0.0,0.0,0.0,0.0,0.0,0.0,0.0,0.0,0.0,0.0,0.0,0.0,0.0,0.0,0.0,0.0,0.0,0.0,,,,,,,,,,,,,,,9.333333333333334
2018_232_545320,545320,James Looney,California,Pac-12,DEFENSIVETACKLE,DL,2018,7,14,232,2,1.0,5.0,7.0,40.0,0.0,17.0,96.0,0.0,0.0,3.0,0.0,0.0,0.0,0.0,0.0,0.0,0.0,0.0,0.0,0.0,0.0,0.0,0.0,0.0,0.0,0.0,0.0,0.0,0.0,0.0,0.0,0.0,0.0,0.0,0.0,0.0,0.0,0.0,0.0,,,,,,,,,,,,,,,
2018_234_3895831,3895831,Andre Smith,North Carolina,ACC,INSIDELINEBACKER,LB,2018,7,16,234,3,4.0,0.0,1.0,66.0,0.0,6.5,134.0,0.0,0.0,0.0,2.0,0.0,101.0,0.0,0.0,0.0,0.0,0.0,0.0,0.0,0.0,0.0,0.0,0.0,0.0,0.0,0.0,0.0,0.0,0.0,0.0,0.0,0.0,0.0,0.0,0.0,0.0,0.0,0.0,,,,,,,,,,,,,,,50.5
2018_235_3124005,3124005,Zaire Franklin,Syracuse,ACC,INSIDELINEBACKER,LB,2018,7,17,235,3,5.0,6.0,3.5,97.0,0.0,15.5,185.0,0.0,0.0,0.0,2.0,0.0,34.0,0.0,0.0,0.0,0.0,0.0,0.0,0.0,0.0,0.0,0.0,0.0,0.0,0.0,0.0,0.0,0.0,0.0,0.0,0.0,0.0,0.0,0.0,0.0,0.0,0.0,0.0,,,,,,,,,,,,,,,17.0
2018_236_3126367,3126367,Bo Scarbrough,Alabama,SEC,RUNNINGBACK,RB,2018,7,18,236,3,0.0,0.0,0.0,0.0,0.0,0.0,1.0,3.0,0.0,1.0,0.0,0.0,0.0,0.0,0.0,0.0,0.0,0.0,0.0,0.0,0.0,0.0,0.0,0.0,0.0,0.0,0.0,0.0,0.0,0.0,0.0,0.0,0.0,21.0,0.0,131.0,267.0,20.0,1512.0,,,,,15.0,85.0,,,6.238095238095238,5.662921348314606,,,,,
2018_237_3125232,3125232,Nick Bawden,San Diego State,Mountain West,FULLBACK,RB,2018,7,19,237,3,0.0,0.0,0.0,1.0,0.0,0.0,1.0,1.0,1.0,0.0,0.0,0.0,0.0,0.0,0.0,0.0,0.0,0.0,0.0,0.0,0.0,38.0,13.0,2.0,1.0,147.0,0.0,0.0,0.0,0.0,0.0,0.0,0.0,30.0,1.0,240.0,12.0,0.0,47.0,,,,,24.0,15.0,0.3421052631578947,3.868421052631579,8.0,3.9166666666666665,,,,,
2018_240_3122899,3122899,Richie James,Middle Tennessee,Conference USA,WIDERECEIVER,WR,2018,7,22,240,3,0.0,0.0,0.0,1.0,0.0,0.0,1.0,4.0,1.0,0.0,0.0,0.0,0.0,3.0,0.0,61.0,0.0,0.0,0.0,0.0,0.0,8.0,6.0,0.0,0.0,80.0,24.0,0.0,165.0,0.0,0.0,0.0,0.0,244.0,23.0,3261.0,60.0,5.0,542.0,29.0,,27.0,,69.0,46.0,0.75,10.0,13.364754098360656,9.033333333333331,20.333333333333332,6.875,,,
2018_241_3124086,3124086,Greg Stroman,Virginia Tech,ACC,CORNERBACK,DB,2018,7,23,241,4,21.0,0.0,0.0,21.0,4.0,0.0,34.0,4.0,0.0,0.0,9.0,1.0,45.0,24.0,0.0,478.0,0.0,0.0,0.0,0.0,0.0,0.0,0.0,0.0,0.0,0.0,128.0,4.0,1108.0,0.0,2.0,0.0,80.0,1.0,0.0,6.0,9.0,0.0,16.0,37.0,,91.0,45.0,6.0,17.0,,,6.0,1.7777777777777777,19.916666666666668,8.65625,40.0,,5.0
2018_242_3917847,3917847,Kendrick Norton,Miami,ACC,DEFENSIVETACKLE,DL,2018,7,24,242,2,1.0,2.0,4.0,35.0,0.0,16.5,65.0,0.0,0.0,1.0,0.0,0.0,0.0,0.0,0.0,0.0,0.0,0.0,0.0,0.0,0.0,0.0,0.0,0.0,0.0,0.0,0.0,0.0,0.0,0.0,0.0,0.0,0.0,0.0,0.0,0.0,0.0,0.0,0.0,,,,,,,,,,,,,,,
2018_243_3117135,3117135,Keion Crossen,Western Carolina,Southern,CORNERBACK,DB,2018,7,25,243,2,3.0,0.0,1.0,23.0,0.0,1.0,27.0,0.0,0.0,0.0,0.0,0.0,0.0,1.0,0.0,35.0,0.0,0.0,0.0,0.0,0.0,0.0,0.0,0.0,0.0,0.0,0.0,0.0,0.0,0.0,0.0,0.0,0.0,0.0,0.0,0.0,0.0,0.0,0.0,35.0,,,,,,,,,,35.0,,,,
2018_244_545347,545347,Justin Lawler,SMU,American Athletic,DEFENSIVEEND,DL,2018,7,26,244,3,2.0,17.0,15.5,87.0,0.0,29.0,139.0,0.0,0.0,1.0,0.0,0.0,0.0,0.0,0.0,0.0,0.0,0.0,0.0,0.0,0.0,0.0,0.0,0.0,0.0,0.0,0.0,0.0,0.0,0.0,0.0,0.0,0.0,1.0,1.0,3.0,0.0,0.0,0.0,,,,,3.0,,,,3.0,,,,,,
2018_245_559606,559606,Will Clapp,LSU,SEC,OFFENSIVEGUARD,OL,2018,7,27,245,1,0.0,0.0,0.0,0.0,0.0,0.0,0.0,0.0,0.0,0.0,0.0,0.0,0.0,0.0,0.0,0.0,0.0,0.0,0.0,0.0,0.0,0.0,0.0,0.0,0.0,0.0,0.0,0.0,0.0,0.0,0.0,0.0,0.0,0.0,0.0,0.0,0.0,1.0,0.0,,,,,,0.0,,,,,,,,,
2018_246_3126350,3126350,Joshua Frazier,Alabama,SEC,DEFENSIVETACKLE,DL,2018,7,28,246,2,3.0,1.0,1.0,9.0,0.0,3.5,23.0,0.0,0.0,0.0,0.0,0.0,0.0,0.0,0.0,0.0,0.0,0.0,0.0,0.0,0.0,0.0,0.0,0.0,0.0,0.0,0.0,0.0,0.0,0.0,0.0,0.0,0.0,0.0,0.0,0.0,0.0,0.0,0.0,,,,,,,,,,,,,,,
2018_247_559659,559659,Logan Cooke,Mississippi State,SEC,PUNTER,ST,2018,7,29,247,4,0.0,0.0,0.0,1.0,0.0,0.0,1.0,0.0,0.0,0.0,0.0,0.0,0.0,0.0,0.0,0.0,1.0,0.0,0.0,0.0,0.0,1.0,0.0,1.0,0.0,0.0,0.0,0.0,0.0,2.0,150.0,0.0,6250.0,0.0,0.0,0.0,3.0,0.0,12.0,,0.0,,68.0,,11.0,0.0,0.0,,4.0,,,41.666666666666664,0.0,
2018_248_559517,559517,Kendall Donnerson,Southeast Missouri State,OVC,OUTSIDELINEBACKER,LB,2018,7,30,248,1,0.0,1.0,0.0,3.0,0.0,1.0,4.0,0.0,0.0,0.0,0.0,0.0,0.0,0.0,0.0,0.0,0.0,0.0,0.0,0.0,0.0,0.0,0.0,0.0,0.0,0.0,0.0,0.0,0.0,0.0,0.0,0.0,0.0,0.0,0.0,0.0,0.0,0.0,0.0,,,,,,,,,,,,,,,
2018_249_545910,545910,Logan Woodside,Toledo,Mid-American,QUARTERBACK,QB,2018,7,31,249,4,0.0,0.0,0.0,4.0,0.0,0.0,5.0,6.0,3.0,0.0,0.0,0.0,0.0,0.0,0.0,0.0,0.0,0.0,0.0,0.0,0.0,1167.0,760.0,25.0,93.0,10523.0,0.0,0.0,0.0,0.0,0.0,0.0,0.0,0.0,0.0,0.0,146.0,4.0,88.0,,,,,,18.0,0.6512425021422451,9.01713796058269,,0.6027397260273972,,,,,
2018_250_3122920,3122920,Ryan Izzo,Florida State,ACC,TIGHTEND,TE,2018,7,32,250,4,0.0,0.0,0.0,1.0,0.0,0.0,1.0,0.0,0.0,0.0,0.0,0.0,0.0,0.0,0.0,0.0,0.0,0.0,0.0,0.0,0.0,0.0,0.0,0.0,0.0,0.0,0.0,0.0,0.0,0.0,0.0,0.0,0.0,54.0,6.0,761.0,0.0,0.0,0.0,,,,,60.0,,,,14.092592592592592,,,,,,
2018_251_3116136,3116136,Justin Jackson,Northwestern,Big Ten,RUNNINGBACK,RB,2018,7,33,251,4,0.0,0.0,0.0,2.0,0.0,0.0,5.0,2.0,1.0,0.0,0.0,0.0,0.0,0.0,0.0,0.0,0.0,0.0,0.0,0.0,0.0,1.0,1.0,0.0,1.0,12.0,0.0,0.0,0.0,0.0,0.0,0.0,0.0,122.0,1.0,858.0,1142.0,41.0,5440.0,,,,,37.0,79.0,1.0,12.0,7.032786885245901,4.7635726795096325,,,,,
2018_253_3921564,3921564,Auden Tate,Florida State,ACC,WIDERECEIVER,WR,2018,7,35,253,2,0.0,0.0,0.0,2.0,0.0,0.0,2.0,1.0,1.0,0.0,0.0,0.0,0.0,0.0,0.0,0.0,0.0,0.0,0.0,0.0,0.0,0.0,0.0,0.0,0.0,0.0,0.0,0.0,0.0,0.0,0.0,0.0,0.0,65.0,16.0,957.0,0.0,0.0,0.0,,,,,51.0,,,,14.723076923076922,,,,,,
2018_255_3116680,3116680,Austin Proehl,North Carolina,ACC,WIDERECEIVER,WR,2018,7,37,255,4,0.0,0.0,0.0,0.0,0.0,0.0,0.0,1.0,1.0,0.0,0.0,0.0,0.0,0.0,0.0,0.0,0.0,0.0,0.0,0.0,0.0,2.0,1.0,0.0,0.0,8.0,6.0,0.0,77.0,0.0,0.0,0.0,0.0,91.0,5.0,1265.0,2.0,0.0,4.0,,,28.0,,61.0,4.0,0.5,4.0,13.9010989010989,2.0,,12.833333333333334,,,
2018_256_559753,559753,Trey Quinn,SMU,American Athletic,WIDERECEIVER,WR,2018,7,38,256,3,0.0,0.0,0.0,2.0,0.0,0.0,2.0,0.0,0.0,0.0,0.0,0.0,0.0,5.0,0.0,113.0,0.0,0.0,0.0,0.0,0.0,2.0,1.0,1.0,0.0,34.0,6.0,0.0,20.0,0.0,0.0,0.0,0.0,136.0,13.0,1512.0,3.0,0.0,11.0,32.0,,8.0,,77.0,9.0,0.5,17.0,11.117647058823527,3.6666666666666665,22.6,3.3333333333333335,,,
2019_001_3917315,3917315,Kyler Murray,Texas A&M,SEC,QUARTERBACK,QB,2019,1,1,1,3,0.0,0.0,0.0,0.0,0.0,0.0,0.0,3.0,2.0,0.0,0.0,0.0,0.0,0.0,0.0,0.0,0.0,0.0,0.0,0.0,0.0,518.0,349.0,14.0,50.0,5409.0,0.0,0.0,0.0,0.0,0.0,0.0,0.0,0.0,0.0,0.0,207.0,13.0,1478.0,,,,,,75.0,0.6737451737451737,10.442084942084945,,7.140096618357488,,,,,
2019_002_4040605,4040605,Nick Bosa,Ohio State,Big Ten,DEFENSIVEEND,DL,2019,1,2,2,3,2.0,13.0,17.5,47.0,0.0,29.0,77.0,0.0,0.0,2.0,0.0,0.0,0.0,0.0,0.0,0.0,0.0,0.0,0.0,0.0,0.0,0.0,0.0,0.0,0.0,0.0,0.0,0.0,0.0,0.0,0.0,0.0,0.0,0.0,0.0,0.0,0.0,0.0,0.0,,,,,,,,,,,,,,,
2019_003_4040982,4040982,Quinnen Williams,Alabama,SEC,DEFENSIVETACKLE,DL,2019,1,3,3,2,1.0,15.0,10.0,56.0,0.0,26.0,91.0,0.0,0.0,0.0,0.0,0.0,0.0,0.0,0.0,0.0,0.0,0.0,0.0,0.0,0.0,0.0,0.0,0.0,0.0,0.0,0.0,0.0,0.0,0.0,0.0,0.0,0.0,0.0,0.0,0.0,0.0,0.0,0.0,,,,,,,,,,,,,,,
2019_004_3728258,3728258,Clelin Ferrell,Clemson,ACC,DEFENSIVEEND,DL,2019,1,4,4,3,5.0,25.0,27.0,81.0,0.0,49.0,161.0,0.0,0.0,1.0,0.0,0.0,0.0,0.0,0.0,0.0,0.0,0.0,0.0,0.0,0.0,0.0,0.0,0.0,0.0,0.0,0.0,0.0,0.0,0.0,0.0,0.0,0.0,0.0,0.0,0.0,0.0,0.0,0.0,,,,,,,,,,,,,,,
2019_005_4035434,4035434,Devin White,LSU,SEC,INSIDELINEBACKER,LB,2019,1,5,5,3,9.0,13.0,8.5,114.0,0.0,29.0,286.0,0.0,0.0,4.0,1.0,0.0,3.0,0.0,0.0,0.0,0.0,0.0,0.0,0.0,0.0,0.0,0.0,0.0,0.0,0.0,0.0,0.0,0.0,0.0,0.0,0.0,0.0,0.0,0.0,0.0,0.0,0.0,0.0,,,,,,,,,,,,,,,3.0
2019_006_3917792,3917792,Daniel Jones,Duke,ACC,QUARTERBACK,QB,2019,1,6,6,3,0.0,0.0,0.0,1.0,0.0,0.0,1.0,17.0,12.0,0.0,0.0,0.0,0.0,0.0,0.0,0.0,0.0,0.0,0.0,0.0,0.0,1260.0,757.0,29.0,51.0,8160.0,0.0,0.0,0.0,2.0,5.0,0.0,170.0,2.0,0.0,6.0,385.0,17.0,1268.0,,,,45.0,6.0,68.0,0.6007936507936508,6.476190476190476,3.0,3.2935064935064937,,,34.0,,
2019_007_3915239,3915239,Josh Allen,Kentucky,SEC,OUTSIDELINEBACKER,LB,2019,1,7,7,3,7.0,13.0,31.0,120.0,0.0,39.5,216.0,0.0,0.0,2.0,1.0,0.0,14.0,0.0,0.0,0.0,0.0,0.0,0.0,0.0,0.0,0.0,0.0,0.0,0.0,0.0,0.0,0.0,0.0,0.0,0.0,0.0,0.0,0.0,0.0,0.0,0.0,0.0,0.0,,,,,,,,,,,,,,,14.0
2019_008_4036133,4036133,T.J. Hockenson,Iowa,Big Ten,TIGHTEND,TE,2019,1,8,8,2,0.0,0.0,0.0,1.0,0.0,0.0,1.0,2.0,0.0,0.0,0.0,0.0,0.0,0.0,0.0,0.0,0.0,0.0,0.0,0.0,0.0,0.0,0.0,0.0,0.0,0.0,0.0,0.0,0.0,0.0,0.0,0.0,0.0,73.0,9.0,1070.0,1.0,1.0,4.0,,,,,54.0,4.0,,,14.657534246575343,4.0,,,,,
2019_009_4039303,4039303,Ed Oliver,Houston,American Athletic,DEFENSIVETACKLE,DL,2019,1,9,9,3,11.0,23.0,13.5,122.0,0.0,52.5,192.0,0.0,0.0,1.0,0.0,0.0,0.0,0.0,0.0,0.0,0.0,0.0,0.0,0.0,0.0,0.0,0.0,0.0,0.0,0.0,0.0,0.0,0.0,0.0,0.0,0.0,0.0,1.0,0.0,13.0,1.0,1.0,1.0,,,,,13.0,1.0,,,13.0,1.0,,,,,
2019_010_4036261,4036261,Devin Bush,Michigan,Big Ten,INSIDELINEBACKER,LB,2019,1,10,10,3,12.0,4.0,10.0,90.0,0.0,18.5,171.0,0.0,0.0,0.0,1.0,0.0,0.0,0.0,0.0,0.0,0.0,0.0,0.0,0.0,0.0,0.0,0.0,0.0,0.0,0.0,0.0,0.0,0.0,0.0,0.0,0.0,0.0,0.0,0.0,0.0,0.0,0.0,0.0,,,,,,,,,,,,,,,0.0
2019_012_4046523,4046523,Rashan Gary,Michigan,Big Ten,DEFENSIVEEND,DL,2019,1,12,12,3,0.0,18.0,10.5,58.0,0.0,24.0,120.0,0.0,0.0,0.0,0.0,0.0,0.0,0.0,0.0,0.0,0.0,0.0,0.0,0.0,0.0,0.0,0.0,0.0,0.0,0.0,0.0,0.0,0.0,0.0,0.0,0.0,0.0,0.0,0.0,0.0,0.0,0.0,0.0,,,,,,,,,,,,,,,
2019_013_3728266,3728266,Christian Wilkins,Clemson,ACC,DEFENSIVETACKLE,DL,2019,1,13,13,4,15.0,15.0,13.0,74.0,0.0,34.5,155.0,1.0,0.0,4.0,0.0,0.0,0.0,0.0,0.0,0.0,0.0,0.0,0.0,0.0,0.0,0.0,0.0,0.0,0.0,0.0,0.0,0.0,0.0,0.0,0.0,0.0,0.0,2.0,1.0,32.0,4.0,2.0,13.0,,,,,31.0,10.0,,,16.0,3.25,,,,,
2019_014_3672833,3672833,Chris Lindstrom,Boston College,ACC,OFFENSIVEGUARD,OL,2019,1,14,14,2,0.0,0.0,0.0,2.0,0.0,0.0,2.0,0.0,0.0,0.0,0.0,0.0,0.0,0.0,0.0,0.0,0.0,0.0,0.0,0.0,0.0,0.0,0.0,0.0,0.0,0.0,0.0,0.0,0.0,0.0,0.0,0.0,0.0,0.0,0.0,0.0,0.0,0.0,0.0,,,,,,,,,,,,,,,
2019_015_4040616,4040616,Dwayne Haskins,Ohio State,Big Ten,QUARTERBACK,QB,2019,1,15,15,2,0.0,0.0,0.0,2.0,0.0,0.0,2.0,6.0,4.0,0.0,0.0,0.0,0.0,0.0,0.0,0.0,0.0,0.0,0.0,0.0,0.0,588.0,411.0,9.0,53.0,5316.0,0.0,0.0,0.0,0.0,0.0,0.0,0.0,0.0,0.0,0.0,103.0,4.0,194.0,,,,,,22.0,0.6989795918367347,9.040816326530612,,1.883495145631068,,,,,
2019_016_4035631,4035631,Brian Burns,Florida State,ACC,OUTSIDELINEBACKER,LB,2019,1,16,16,3,7.0,14.0,23.0,70.0,0.0,38.5,123.0,0.0,0.0,2.0,0.0,0.0,0.0,0.0,0.0,0.0,0.0,0.0,0.0,0.0,0.0,0.0,0.0,0.0,0.0,0.0,1.0,0.0,13.0,0.0,0.0,0.0,0.0,0.0,0.0,0.0,0.0,0.0,0.0,,,13.0,,,,,,,,,13.0,,,
2019_017_4035483,4035483,Dexter Lawrence,Clemson,ACC,DEFENSIVETACKLE,DL,2019,1,17,17,3,4.0,13.0,10.5,49.0,0.0,18.5,129.0,0.0,0.0,3.0,0.0,0.0,0.0,0.0,0.0,0.0,0.0,0.0,0.0,0.0,0.0,0.0,0.0,0.0,0.0,0.0,0.0,0.0,0.0,0.0,0.0,0.0,0.0,0.0,0.0,0.0,1.0,1.0,2.0,,,,,,2.0,,,,2.0,,,,,
2019_018_3116729,3116729,Garrett Bradbury,NC State,ACC,CENTER,OL,2019,1,18,18,2,0.0,0.0,0.0,0.0,0.0,0.0,1.0,0.0,0.0,0.0,0.0,0.0,0.0,0.0,0.0,0.0,0.0,0.0,0.0,0.0,0.0,0.0,0.0,0.0,0.0,0.0,0.0,0.0,0.0,0.0,0.0,0.0,0.0,0.0,0.0,0.0,1.0,1.0,9.0,,,,,,1.0,,,,9.0,,,,,
2019_019_4035369,4035369,Jeffery Simmons,Mississippi State,SEC,DEFENSIVETACKLE,DL,2019,1,19,19,3,7.0,15.0,7.0,56.0,1.0,30.0,161.0,0.0,0.0,2.0,0.0,0.0,0.0,0.0,0.0,0.0,0.0,0.0,0.0,0.0,0.0,0.0,0.0,0.0,0.0,0.0,3.0,1.0,37.0,0.0,0.0,0.0,0.0,0.0,0.0,0.0,0.0,0.0,0.0,,,24.0,,,,,,,,,12.333333333333334,,,
2019_020_4036131,4036131,Noah Fant,Iowa,Big Ten,TIGHTEND,TE,2019,1,20,20,3,0.0,0.0,0.0,0.0,0.0,0.0,0.0,0.0,0.0,0.0,0.0,0.0,0.0,0.0,0.0,0.0,0.0,0.0,0.0,0.0,0.0,0.0,0.0,0.0,0.0,0.0,0.0,0.0,0.0,0.0,0.0,0.0,0.0,78.0,19.0,1082.0,4.0,0.0,0.0,,,,,68.0,3.0,,,13.871794871794872,0.0,,,,,
2019_021_3915419,3915419,Darnell Savage Jr.,Maryland,Big Ten,SAFETY,DB,2019,1,21,21,3,14.0,0.0,1.0,128.0,3.0,9.0,170.0,0.0,0.0,1.0,7.0,1.0,78.0,0.0,0.0,0.0,0.0,0.0,0.0,0.0,0.0,0.0,0.0,0.0,0.0,0.0,2.0,1.0,36.0,0.0,0.0,0.0,0.0,0.0,0.0,0.0,0.0,0.0,0.0,,,20.0,,,,,,,,,18.0,,,11.142857142857142
2019_022_3127264,3127264,Andre Dillard,Washington State,Pac-12,OFFENSIVETACKLE,OL,2019,1,22,22,2,0.0,0.0,0.0,1.0,0.0,0.0,2.0,0.0,0.0,0.0,0.0,0.0,0.0,0.0,0.0,0.0,0.0,0.0,0.0,0.0,0.0,0.0,0.0,0.0,0.0,0.0,0.0,0.0,0.0,0.0,0.0,0.0,0.0,0.0,0.0,0.0,0.0,0.0,0.0,,,,,,,,,,,,,,,
2019_024_4047365,4047365,Josh Jacobs,Alabama,SEC,RUNNINGBACK,RB,2019,1,24,24,3,0.0,0.0,0.0,2.0,2.0,0.0,3.0,3.0,2.0,0.0,0.0,0.0,0.0,18.0,1.0,514.0,0.0,0.0,0.0,0.0,0.0,0.0,0.0,0.0,0.0,0.0,1.0,1.0,27.0,0.0,0.0,0.0,0.0,48.0,5.0,581.0,252.0,16.0,1488.0,77.0,,27.0,,38.0,59.0,,,12.104166666666666,5.904761904761905,28.555555555555557,27.0,,,
2019_025_4241372,4241372,Marquise Brown,Oklahoma,Big 12,WIDERECEIVER,WR,2019,1,25,25,2,0.0,0.0,0.0,0.0,0.0,0.0,0.0,1.0,1.0,0.0,0.0,0.0,0.0,0.0,0.0,0.0,0.0,0.0,0.0,0.0,0.0,0.0,0.0,0.0,0.0,0.0,0.0,0.0,0.0,0.0,0.0,0.0,0.0,132.0,17.0,2413.0,3.0,0.0,0.0,,,,,87.0,0.0,,,18.28030303030303,0.0,,,,,
2019_026_3134690,3134690,Montez Sweat,Mississippi State,SEC,DEFENSIVEEND,DL,2019,1,26,26,2,0.0,9.0,19.0,45.0,0.0,26.5,98.0,0.0,0.0,1.0,0.0,0.0,0.0,0.0,0.0,0.0,0.0,0.0,0.0,0.0,0.0,0.0,0.0,0.0,0.0,0.0,0.0,0.0,0.0,0.0,0.0,0.0,0.0,0.0,0.0,0.0,0.0,0.0,0.0,,,,,,,,,,,,,,,
2019_027_3728305,3728305,Johnathan Abram,Mississippi State,SEC,SAFETY,DB,2019,1,27,27,2,8.0,6.0,5.0,94.0,0.0,13.0,166.0,1.0,1.0,1.0,2.0,0.0,9.0,0.0,0.0,0.0,0.0,0.0,0.0,0.0,0.0,0.0,0.0,0.0,0.0,0.0,0.0,0.0,0.0,0.0,0.0,0.0,0.0,0.0,0.0,0.0,0.0,0.0,0.0,,,,,,,,,,,,,,,4.5
2019_028_3863182,3863182,Jerry Tillery,Notre Dame,FBS Independents,DEFENSIVETACKLE,DL,2019,1,28,28,3,0.0,19.0,12.5,60.0,0.0,22.0,119.0,0.0,0.0,0.0,0.0,0.0,0.0,0.0,0.0,0.0,0.0,0.0,0.0,0.0,0.0,0.0,0.0,0.0,0.0,0.0,0.0,0.0,0.0,0.0,0.0,0.0,0.0,0.0,0.0,0.0,0.0,0.0,0.0,,,,,,,,,,,,,,,
2019_029_3116449,3116449,L.J. Collier,TCU,Big 12,DEFENSIVEEND,DL,2019,1,29,29,3,4.0,7.0,11.5,36.0,0.0,15.5,70.0,0.0,0.0,0.0,1.0,0.0,-2.0,0.0,0.0,0.0,0.0,0.0,0.0,0.0,0.0,0.0,0.0,0.0,0.0,0.0,0.0,0.0,0.0,0.0,0.0,0.0,0.0,0.0,0.0,0.0,0.0,0.0,0.0,,,,,,,,,,,,,,,-2.0
2019_030_3915163,3915163,Deandre Baker,Georgia,SEC,CORNERBACK,DB,2019,1,30,30,3,23.0,1.0,1.0,82.0,0.0,4.0,114.0,1.0,0.0,1.0,7.0,0.0,145.0,0.0,0.0,0.0,0.0,0.0,0.0,0.0,0.0,0.0,0.0,0.0,0.0,0.0,0.0,0.0,0.0,0.0,0.0,0.0,0.0,0.0,0.0,0.0,0.0,0.0,0.0,,,,,,,,,,,,,,,20.714285714285715
2019_031_3127304,3127304,Kaleb McGary,Washington,Pac-12,OFFENSIVETACKLE,OL,2019,1,31,31,1,0.0,0.0,0.0,1.0,0.0,0.0,1.0,0.0,0.0,0.0,0.0,0.0,0.0,0.0,0.0,0.0,0.0,0.0,0.0,0.0,0.0,0.0,0.0,0.0,0.0,0.0,0.0,0.0,0.0,0.0,0.0,0.0,0.0,0.0,0.0,0.0,0.0,0.0,0.0,,,,,,,,,,,,,,,
2019_032_4047839,4047839,N'Keal Harry,Arizona State,Pac-12,WIDERECEIVER,WR,2019,1,32,32,3,0.0,0.0,0.0,2.0,1.0,0.0,2.0,1.0,0.0,0.0,0.0,0.0,0.0,0.0,0.0,0.0,0.0,0.0,0.0,0.0,0.0,4.0,2.0,1.0,1.0,60.0,14.0,1.0,165.0,0.0,0.0,0.0,0.0,213.0,22.0,2889.0,23.0,3.0,144.0,,,92.0,,70.0,34.0,0.5,15.0,13.56338028169014,6.260869565217392,,11.785714285714286,,,
2019_033_4038999,4038999,Byron Murphy,Washington,Pac-12,CORNERBACK,DB,2019,2,1,33,2,19.0,0.0,1.0,46.0,0.0,7.0,67.0,0.0,0.0,0.0,7.0,1.0,95.0,0.0,0.0,0.0,0.0,0.0,0.0,0.0,0.0,0.0,0.0,0.0,0.0,0.0,0.0,0.0,0.0,0.0,0.0,0.0,0.0,0.0,0.0,0.0,0.0,0.0,0.0,,,,,,,,,,,,,,,13.571428571428571
2019_034_3910229,3910229,Rock Ya-Sin,Temple,American Athletic,CORNERBACK,DB,2019,2,2,34,3,15.0,0.0,0.0,44.0,0.0,3.0,55.0,0.0,0.0,1.0,3.0,0.0,-1.0,0.0,0.0,0.0,0.0,0.0,0.0,0.0,0.0,0.0,0.0,0.0,0.0,0.0,0.0,0.0,0.0,0.0,0.0,0.0,0.0,0.0,0.0,0.0,0.0,0.0,0.0,,,,,,,,,,,,,,,-0.3333333333333333
2019_035_4034961,4034961,Jawaan Taylor,Florida,SEC,OFFENSIVETACKLE,OL,2019,2,3,35,1,0.0,0.0,0.0,0.0,0.0,0.0,2.0,0.0,0.0,0.0,0.0,0.0,0.0,0.0,0.0,0.0,0.0,0.0,0.0,0.0,0.0,0.0,0.0,0.0,0.0,0.0,0.0,0.0,0.0,0.0,0.0,0.0,0.0,0.0,0.0,0.0,0.0,0.0,0.0,,,,,,,,,,,,,,,
2019_036_3126486,3126486,Deebo Samuel,South Carolina,SEC,WIDERECEIVER,WR,2019,2,4,36,4,0.0,0.0,0.0,1.0,3.0,0.0,1.0,3.0,2.0,2.0,0.0,0.0,0.0,43.0,4.0,1236.0,0.0,0.0,0.0,0.0,0.0,2.0,2.0,0.0,2.0,46.0,3.0,0.0,8.0,0.0,0.0,0.0,0.0,148.0,16.0,2076.0,25.0,7.0,154.0,100.0,,7.0,,89.0,25.0,1.0,23.0,14.027027027027026,6.16,28.74418604651163,2.6666666666666665,,,
2019_039_3932886,3932886,Sean Bunting,Central Michigan,Mid-American,CORNERBACK,DB,2019,2,7,39,3,15.0,0.0,0.0,72.0,0.0,3.5,104.0,0.0,0.0,1.0,9.0,0.0,35.0,1.0,0.0,24.0,0.0,0.0,0.0,0.0,0.0,0.0,0.0,0.0,0.0,0.0,0.0,0.0,0.0,0.0,0.0,0.0,0.0,0.0,0.0,0.0,4.0,0.0,21.0,24.0,,,,,11.0,,,,5.25,24.0,,,,3.888888888888889
2019_040_4035458,4035458,Trayvon Mullen,Clemson,ACC,CORNERBACK,DB,2019,2,8,40,3,7.0,1.0,1.0,61.0,0.0,3.5,86.0,0.0,0.0,0.0,4.0,0.0,46.0,0.0,0.0,0.0,0.0,0.0,0.0,0.0,0.0,0.0,0.0,0.0,0.0,0.0,0.0,0.0,0.0,0.0,0.0,0.0,0.0,1.0,0.0,17.0,0.0,0.0,0.0,,,,,17.0,,,,17.0,,,,,,11.5
2019_041_3125082,3125082,Dalton Risner,Kansas State,Big 12,OFFENSIVETACKLE,OL,2019,2,9,41,2,0.0,0.0,0.0,1.0,0.0,0.0,1.0,0.0,0.0,0.0,0.0,0.0,0.0,0.0,0.0,0.0,0.0,0.0,0.0,0.0,0.0,0.0,0.0,0.0,0.0,0.0,0.0,0.0,0.0,0.0,0.0,0.0,0.0,1.0,1.0,5.0,0.0,0.0,0.0,,,,,5.0,,,,5.0,,,,,,
2019_042_3924327,3924327,Drew Lock,Missouri,SEC,QUARTERBACK,QB,2019,2,10,42,4,1.0,0.0,0.0,1.0,0.0,0.0,1.0,14.0,8.0,0.0,0.0,0.0,0.0,0.0,0.0,0.0,0.0,0.0,0.0,0.0,0.0,1553.0,883.0,39.0,99.0,12193.0,0.0,0.0,0.0,0.0,0.0,0.0,0.0,1.0,1.0,21.0,203.0,9.0,437.0,,,,,21.0,34.0,0.5685769478428847,7.851255634256278,21.0,2.1527093596059115,,,,,
2019_043_3124587,3124587,Jahlani Tavai,Hawai'i,Mountain West,INSIDELINEBACKER,LB,2019,2,11,43,4,5.0,10.0,14.5,193.0,0.0,36.0,334.0,0.0,0.0,2.0,2.0,0.0,8.0,0.0,0.0,0.0,0.0,0.0,0.0,0.0,0.0,0.0,0.0,0.0,0.0,0.0,0.0,0.0,0.0,0.0,2.0,0.0,108.0,0.0,0.0,0.0,0.0,0.0,0.0,,,,61.0,,,,,,,,,54.0,,4.0
2019_045_4035286,4035286,Joejuan Williams,Vanderbilt,SEC,CORNERBACK,DB,2019,2,13,45,3,25.0,0.0,0.0,95.0,0.0,6.0,119.0,0.0,0.0,0.0,4.0,0.0,8.0,0.0,0.0,0.0,0.0,0.0,0.0,0.0,0.0,0.0,0.0,0.0,0.0,0.0,0.0,0.0,0.0,0.0,0.0,0.0,0.0,0.0,0.0,0.0,0.0,0.0,0.0,,,,,,,,,,,,,,,2.0
2019_046_4035437,4035437,Andraez Williams,LSU,SEC,CORNERBACK,DB,2019,2,14,46,2,20.0,2.0,0.0,49.0,0.0,1.5,71.0,0.0,0.0,0.0,8.0,0.0,52.0,0.0,0.0,0.0,0.0,0.0,0.0,0.0,0.0,0.0,0.0,0.0,0.0,0.0,0.0,0.0,0.0,0.0,0.0,0.0,0.0,0.0,0.0,0.0,0.0,0.0,0.0,,,,,,,,,,,,,,,6.5
2019_047_4243244,4243244,Marquise Blair,Utah,Pac-12,SAFETY,DB,2019,2,15,47,2,4.0,1.0,0.0,73.0,0.0,4.5,97.0,0.0,0.0,1.0,2.0,0.0,5.0,0.0,0.0,0.0,0.0,0.0,0.0,0.0,0.0,0.0,0.0,0.0,0.0,0.0,0.0,0.0,0.0,0.0,0.0,0.0,0.0,0.0,0.0,0.0,0.0,0.0,0.0,,,,,,,,,,,,,,,2.5
2019_048_3917331,3917331,Erik McCoy,Texas A&M,SEC,CENTER,OL,2019,2,16,48,3,0.0,0.0,0.0,0.0,0.0,0.0,0.0,3.0,0.0,0.0,0.0,0.0,0.0,0.0,0.0,0.0,0.0,0.0,0.0,0.0,0.0,0.0,0.0,0.0,0.0,0.0,0.0,0.0,0.0,0.0,0.0,0.0,0.0,0.0,0.0,0.0,0.0,0.0,0.0,,,,,,,,,,,,,,,
2019_049_3124970,3124970,Ben Banogu,TCU,Big 12,OUTSIDELINEBACKER,LB,2019,2,17,49,2,1.0,15.0,17.0,70.0,1.0,33.5,99.0,0.0,0.0,1.0,0.0,0.0,0.0,0.0,0.0,0.0,0.0,0.0,0.0,0.0,0.0,0.0,0.0,0.0,0.0,0.0,0.0,0.0,0.0,0.0,0.0,0.0,0.0,0.0,0.0,0.0,0.0,0.0,0.0,,,,,,,,,,,,,,,
2019_050_4040980,4040980,Irv Smith Jr.,Alabama,SEC,TIGHTEND,TE,2019,2,18,50,2,0.0,0.0,0.0,0.0,0.0,0.0,1.0,1.0,0.0,0.0,0.0,0.0,0.0,1.0,0.0,6.0,0.0,0.0,0.0,0.0,0.0,0.0,0.0,0.0,0.0,0.0,0.0,0.0,0.0,0.0,0.0,0.0,0.0,58.0,10.0,838.0,0.0,0.0,0.0,6.0,,,,76.0,,,,14.448275862068966,,6.0,,,,
2019_051_4047646,4047646,A.J. Brown,Ole Miss,SEC,WIDERECEIVER,WR,2019,2,19,51,3,0.0,0.0,0.0,2.0,0.0,0.0,2.0,1.0,0.0,0.0,0.0,0.0,0.0,1.0,0.0,3.0,0.0,0.0,0.0,0.0,0.0,0.0,0.0,0.0,0.0,0.0,8.0,0.0,47.0,0.0,0.0,0.0,0.0,189.0,19.0,3019.0,0.0,0.0,0.0,3.0,,19.0,,84.0,,,,15.973544973544971,,3.0,5.875,,,
2019_052_3127310,3127310,Drew Sample,Washington,Pac-12,TIGHTEND,TE,2019,2,20,52,4,0.0,0.0,0.0,1.0,0.0,0.0,2.0,0.0,0.0,0.0,0.0,0.0,0.0,1.0,0.0,11.0,0.0,0.0,0.0,0.0,0.0,0.0,0.0,0.0,0.0,0.0,0.0,0.0,0.0,0.0,0.0,0.0,0.0,45.0,5.0,480.0,0.0,0.0,0.0,11.0,,,,33.0,,,,10.666666666666666,,11.0,,,,
2019_053_4045163,4045163,Miles Sanders,Penn State,Big Ten,RUNNINGBACK,RB,2019,2,21,53,3,0.0,0.0,0.0,0.0,0.0,0.0,0.0,10.0,7.0,0.0,0.0,0.0,0.0,39.0,0.0,764.0,0.0,0.0,0.0,0.0,0.0,0.0,0.0,0.0,0.0,0.0,0.0,0.0,0.0,0.0,0.0,0.0,0.0,32.0,1.0,193.0,275.0,12.0,1646.0,48.0,,,,29.0,78.0,,,6.03125,5.985454545454545,19.58974358974359,,,,
2019_054_4240780,4240780,Lonnie Johnson,Kentucky,SEC,CORNERBACK,DB,2019,2,22,54,2,8.0,0.0,1.0,49.0,0.0,3.0,60.0,0.0,0.0,0.0,1.0,0.0,24.0,0.0,0.0,0.0,0.0,0.0,0.0,0.0,0.0,0.0,0.0,0.0,0.0,0.0,0.0,0.0,0.0,0.0,0.0,0.0,0.0,0.0,0.0,0.0,0.0,0.0,0.0,,,,,,,,,,,,,,,24.0
2019_055_3126035,3126035,Max Scharping,Northern Illinois,Mid-American,OFFENSIVETACKLE,OL,2019,2,23,55,1,0.0,0.0,0.0,0.0,0.0,0.0,1.0,0.0,0.0,0.0,0.0,0.0,0.0,0.0,0.0,0.0,0.0,0.0,0.0,0.0,0.0,0.0,0.0,0.0,0.0,0.0,0.0,0.0,0.0,0.0,0.0,0.0,0.0,0.0,0.0,0.0,0.0,0.0,0.0,,,,,,,,,,,,,,,
2019_056_4035004,4035004,Mecole Hardman,Georgia,SEC,WIDERECEIVER,WR,2019,2,24,56,3,0.0,0.0,0.0,5.0,1.0,0.0,11.0,4.0,1.0,0.0,0.0,0.0,0.0,35.0,0.0,875.0,0.0,0.0,0.0,0.0,0.0,0.0,0.0,0.0,0.0,0.0,39.0,1.0,592.0,0.0,0.0,0.0,0.0,59.0,11.0,950.0,13.0,2.0,97.0,47.0,,70.0,,80.0,35.0,,,16.10169491525424,7.461538461538462,25.0,15.17948717948718,,,
2019_057_3931397,3931397,JJ Arcega-Whiteside,Stanford,Pac-12,WIDERECEIVER,WR,2019,2,25,57,3,0.0,0.0,0.0,1.0,0.0,0.0,1.0,1.0,0.0,0.0,0.0,0.0,0.0,0.0,0.0,0.0,0.0,0.0,0.0,0.0,0.0,0.0,0.0,0.0,0.0,0.0,0.0,0.0,0.0,0.0,0.0,0.0,0.0,134.0,28.0,2200.0,0.0,0.0,0.0,,,,,80.0,,,,16.417910447761194,,,,,,
2019_058_4042141,4042141,Trysten Hill,UCF,American Athletic,DEFENSIVETACKLE,DL,2019,2,26,58,3,0.0,10.0,6.0,41.0,0.0,21.0,72.0,0.0,0.0,0.0,0.0,0.0,0.0,0.0,0.0,0.0,0.0,0.0,0.0,0.0,0.0,0.0,0.0,0.0,0.0,0.0,0.0,0.0,0.0,0.0,0.0,0.0,0.0,1.0,0.0,3.0,3.0,1.0,6.0,,,,,3.0,5.0,,,3.0,2.0,,,,,
2019_059_3121410,3121410,Parris Campbell,Ohio State,Big Ten,WIDERECEIVER,WR,2019,2,27,59,3,0.0,0.0,0.0,7.0,0.0,0.0,9.0,2.0,2.0,0.0,0.0,0.0,0.0,30.0,0.0,913.0,0.0,0.0,0.0,0.0,0.0,0.0,0.0,0.0,0.0,0.0,0.0,0.0,0.0,0.0,0.0,0.0,0.0,141.0,14.0,1688.0,24.0,3.0,288.0,91.0,,,,74.0,78.0,,,11.97163120567376,12.0,30.433333333333337,,,,
2019_060_3912028,3912028,Nasir Adderley,Delaware,CAA,SAFETY,DB,2019,2,28,60,2,0.0,0.0,0.0,3.0,0.0,0.0,9.0,0.0,0.0,0.0,0.0,0.0,0.0,3.0,0.0,72.0,0.0,0.0,0.0,0.0,0.0,0.0,0.0,0.0,0.0,0.0,0.0,0.0,0.0,0.0,0.0,0.0,0.0,0.0,0.0,0.0,0.0,0.0,0.0,27.0,,,,,,,,,,24.0,,,,
2019_061_4039007,4039007,Taylor Rapp,Washington,Pac-12,SAFETY,DB,2019,2,29,61,3,6.0,0.0,7.0,100.0,1.0,9.5,165.0,0.0,0.0,3.0,7.0,1.0,59.0,0.0,0.0,0.0,0.0,0.0,0.0,0.0,0.0,0.0,0.0,0.0,0.0,0.0,0.0,0.0,0.0,0.0,0.0,0.0,0.0,0.0,0.0,0.0,0.0,0.0,0.0,,,,,,,,,,,,,,,8.428571428571429
2019_062_3914328,3914328,Andy Isabella,Massachusetts,Mid-American,WIDERECEIVER,WR,2019,2,30,62,4,0.0,0.0,0.0,3.0,0.0,0.0,4.0,7.0,4.0,0.0,0.0,0.0,0.0,24.0,0.0,443.0,0.0,0.0,0.0,0.0,0.0,0.0,0.0,0.0,0.0,0.0,9.0,0.0,77.0,0.0,0.0,0.0,0.0,230.0,30.0,3525.0,40.0,2.0,342.0,44.0,,25.0,,89.0,42.0,,,15.326086956521738,8.55,18.458333333333332,8.555555555555555,,,
2019_063_3917909,3917909,Juan Thornhill,Virginia,ACC,SAFETY,DB,2019,2,31,63,3,26.0,1.0,1.5,139.0,0.0,12.0,206.0,0.0,0.0,0.0,13.0,0.0,177.0,0.0,0.0,0.0,0.0,0.0,0.0,0.0,0.0,0.0,0.0,0.0,0.0,0.0,0.0,0.0,0.0,0.0,0.0,0.0,0.0,0.0,0.0,0.0,0.0,0.0,0.0,,,,,,,,,,,,,,,13.615384615384617
2019_064_4047650,4047650,D.K. Metcalf,Ole Miss,SEC,WIDERECEIVER,WR,2019,2,32,64,3,0.0,0.0,0.0,0.0,0.0,0.0,0.0,0.0,0.0,0.0,0.0,0.0,0.0,0.0,0.0,0.0,0.0,0.0,0.0,0.0,0.0,0.0,0.0,0.0,0.0,0.0,0.0,0.0,0.0,0.0,0.0,0.0,0.0,67.0,14.0,1228.0,0.0,0.0,0.0,,,,,75.0,,,,18.328358208955223,,,,,,
2019_065_3915282,3915282,Zach Allen,Boston College,ACC,DEFENSIVEEND,DL,2019,3,1,65,3,13.0,19.0,18.5,92.0,0.0,40.5,197.0,0.0,0.0,4.0,2.0,0.0,6.0,0.0,0.0,0.0,0.0,0.0,0.0,0.0,0.0,0.0,0.0,0.0,0.0,0.0,0.0,0.0,0.0,0.0,0.0,0.0,0.0,0.0,0.0,0.0,2.0,0.0,12.0,,,,,,9.0,,,,6.0,,,,,3.0
2019_066_3932905,3932905,Diontae Johnson,Toledo,Mid-American,WIDERECEIVER,WR,2019,3,2,66,3,0.0,0.0,0.0,0.0,4.0,0.0,0.0,4.0,2.0,0.0,0.0,0.0,0.0,78.0,2.0,1826.0,0.0,0.0,0.0,0.0,0.0,0.0,0.0,0.0,0.0,0.0,17.0,2.0,343.0,0.0,0.0,0.0,0.0,137.0,24.0,2276.0,4.0,0.0,26.0,99.0,,87.0,,89.0,11.0,,,16.613138686131386,6.5,23.41025641025641,20.176470588235293,,,
2019_067_559716,559716,Jalen Hurd,Tennessee,SEC,WIDERECEIVER,WR,2019,3,3,67,4,0.0,0.0,0.0,1.0,0.0,0.0,2.0,2.0,1.0,0.0,0.0,0.0,0.0,0.0,0.0,0.0,0.0,0.0,0.0,0.0,0.0,0.0,0.0,0.0,0.0,0.0,2.0,0.0,13.0,0.0,0.0,0.0,0.0,136.0,10.0,1438.0,637.0,23.0,2847.0,,,13.0,,38.0,48.0,,,10.573529411764708,4.469387755102041,,6.5,,,
2019_068_4034967,4034967,Jachai Polite,Florida,SEC,DEFENSIVEEND,DL,2019,3,4,68,3,4.0,10.0,14.0,43.0,0.0,27.0,77.0,0.0,0.0,0.0,0.0,0.0,0.0,0.0,0.0,0.0,0.0,0.0,0.0,0.0,0.0,0.0,0.0,0.0,0.0,0.0,0.0,0.0,0.0,0.0,0.0,0.0,0.0,0.0,0.0,0.0,0.0,0.0,0.0,,,,,,,,,,,,,,,
2019_069_3921690,3921690,Josh Oliver,San José State,Mountain West,TIGHTEND,TE,2019,3,5,69,4,0.0,0.0,0.0,2.0,0.0,0.0,2.0,0.0,0.0,0.0,0.0,0.0,0.0,2.0,0.0,3.0,0.0,0.0,0.0,0.0,0.0,0.0,0.0,0.0,0.0,0.0,0.0,0.0,0.0,0.0,0.0,0.0,0.0,98.0,7.0,1067.0,1.0,0.0,7.0,3.0,,,,70.0,7.0,,,10.887755102040815,7.0,1.5,,,,
2019_070_4039359,4039359,Darrell Henderson,Memphis,American Athletic,RUNNINGBACK,RB,2019,3,6,70,3,1.0,0.0,0.0,4.0,1.0,0.0,5.0,4.0,3.0,0.0,0.0,0.0,0.0,25.0,1.0,487.0,0.0,0.0,0.0,0.0,0.0,2.0,1.0,0.0,1.0,4.0,0.0,0.0,0.0,0.0,0.0,0.0,0.0,63.0,8.0,758.0,431.0,36.0,3545.0,99.0,,,,71.0,82.0,0.5,2.0,12.031746031746032,8.22505800464037,19.48,,,,
2019_071_3915525,3915525,Dre'Mont Jones,Ohio State,Big Ten,DEFENSIVETACKLE,DL,2019,3,7,71,3,3.0,6.0,9.5,58.0,1.0,22.0,112.0,0.0,0.0,2.0,1.0,1.0,28.0,0.0,0.0,0.0,0.0,0.0,0.0,0.0,0.0,0.0,0.0,0.0,0.0,0.0,0.0,0.0,0.0,0.0,0.0,0.0,0.0,0.0,0.0,0.0,0.0,0.0,0.0,,,,,,,,,,,,,,,28.0
2019_072_3116724,3116724,Germaine Pratt,NC State,ACC,OUTSIDELINEBACKER,LB,2019,3,8,72,3,5.0,8.0,6.0,87.0,2.0,15.5,173.0,0.0,0.0,2.0,3.0,1.0,102.0,0.0,0.0,0.0,0.0,0.0,0.0,0.0,0.0,0.0,0.0,0.0,0.0,0.0,1.0,1.0,0.0,0.0,0.0,0.0,0.0,0.0,0.0,0.0,0.0,0.0,0.0,,,0.0,,,,,,,,,0.0,,,34.0
2019_073_4035538,4035538,David Montgomery,Iowa State,Big 12,RUNNINGBACK,RB,2019,3,9,73,3,0.0,0.0,0.0,0.0,0.0,0.0,0.0,3.0,3.0,0.0,0.0,0.0,0.0,0.0,0.0,0.0,0.0,0.0,0.0,0.0,0.0,2.0,0.0,0.0,0.0,0.0,0.0,0.0,0.0,0.0,0.0,0.0,0.0,71.0,0.0,582.0,622.0,26.0,2894.0,,,,,53.0,58.0,0.0,0.0,8.19718309859155,4.652733118971061,,,,,
2019_074_4040761,4040761,Devin Singletary,Florida Atlantic,Conference USA,RUNNINGBACK,RB,2019,3,10,74,3,0.0,0.0,0.0,3.0,0.0,0.0,4.0,4.0,3.0,0.0,0.0,0.0,0.0,13.0,0.0,284.0,0.0,0.0,0.0,0.0,0.0,2.0,2.0,0.0,0.0,15.0,0.0,0.0,0.0,0.0,0.0,0.0,0.0,51.0,1.0,397.0,714.0,66.0,4289.0,36.0,,,,60.0,70.0,1.0,7.5,7.784313725490196,6.007002801120448,21.846153846153847,,,,
2019_075_3917962,3917962,Jace Sternberger,Texas A&M,SEC,TIGHTEND,TE,2019,3,11,75,2,0.0,0.0,0.0,2.0,0.0,0.0,2.0,0.0,0.0,0.0,0.0,0.0,0.0,0.0,0.0,0.0,0.0,0.0,0.0,0.0,0.0,0.0,0.0,0.0,0.0,0.0,0.0,0.0,0.0,0.0,0.0,0.0,0.0,49.0,10.0,837.0,1.0,0.0,4.0,,,,,53.0,4.0,,,17.081632653061224,4.0,,,,,
2019_076_3121422,3121422,Terry McLaurin,Ohio State,Big Ten,WIDERECEIVER,WR,2019,3,12,76,3,0.0,0.0,0.0,8.0,0.0,0.0,8.0,1.0,0.0,1.0,0.0,0.0,0.0,0.0,0.0,0.0,0.0,0.0,0.0,0.0,0.0,0.0,0.0,0.0,0.0,0.0,1.0,0.0,0.0,0.0,0.0,0.0,0.0,75.0,19.0,1251.0,0.0,0.0,0.0,,,0.0,,84.0,,,,16.68,,,0.0,,,
2019_077_3115974,3115974,Chase Winovich,Michigan,Big Ten,DEFENSIVEEND,DL,2019,3,13,77,3,1.0,17.0,18.0,84.0,0.0,44.0,162.0,0.0,0.0,3.0,0.0,0.0,0.0,0.0,0.0,0.0,0.0,0.0,0.0,0.0,0.0,0.0,0.0,0.0,0.0,0.0,0.0,0.0,0.0,0.0,0.0,0.0,0.0,0.0,0.0,0.0,0.0,0.0,0.0,,,,,,,,,,,,,,,
2019_078_3121541,3121541,Michael Deiter,Wisconsin,Big Ten,OFFENSIVEGUARD,OL,2019,3,14,78,2,0.0,0.0,0.0,1.0,0.0,0.0,1.0,0.0,0.0,0.0,0.0,0.0,0.0,0.0,0.0,0.0,0.0,0.0,0.0,0.0,0.0,0.0,0.0,0.0,0.0,0.0,0.0,0.0,0.0,0.0,0.0,0.0,0.0,0.0,0.0,0.0,1.0,1.0,4.0,,,,,,4.0,,,,4.0,,,,,
2019_079_4046536,4046536,David Long,Michigan,Big Ten,CORNERBACK,DB,2019,3,15,79,2,11.0,0.0,0.5,21.0,0.0,2.0,37.0,0.0,0.0,0.0,3.0,0.0,120.0,0.0,0.0,0.0,0.0,0.0,0.0,0.0,0.0,0.0,0.0,0.0,0.0,0.0,0.0,0.0,0.0,0.0,0.0,0.0,0.0,0.0,0.0,0.0,0.0,0.0,0.0,,,,,,,,,,,,,,,40.0
2019_080_3138834,3138834,Sione Takitaki,BYU,FBS Independents,OUTSIDELINEBACKER,LB,2019,3,16,80,2,5.0,7.0,7.0,104.0,0.0,19.5,180.0,0.0,0.0,0.0,0.0,0.0,0.0,0.0,0.0,0.0,0.0,0.0,0.0,0.0,0.0,0.0,0.0,0.0,0.0,0.0,0.0,0.0,0.0,0.0,0.0,0.0,0.0,0.0,0.0,0.0,0.0,0.0,0.0,,,,,,,,,,,,,,,
2019_081_3915297,3915297,Will Harris,Boston College,ACC,SAFETY,DB,2019,3,17,81,4,6.0,2.0,1.0,121.0,0.0,7.5,203.0,0.0,0.0,6.0,5.0,0.0,65.0,0.0,0.0,0.0,0.0,0.0,0.0,0.0,0.0,0.0,0.0,0.0,0.0,0.0,0.0,0.0,0.0,0.0,0.0,0.0,0.0,0.0,0.0,0.0,0.0,0.0,0.0,,,,,,,,,,,,,,,13.0
2019_082_3120070,3120070,Nate Davis,Charlotte,Conference USA,OFFENSIVEGUARD,OL,2019,3,18,82,1,0.0,0.0,0.0,1.0,0.0,0.0,1.0,0.0,0.0,0.0,0.0,0.0,0.0,0.0,0.0,0.0,0.0,0.0,0.0,0.0,0.0,0.0,0.0,0.0,0.0,0.0,0.0,0.0,0.0,0.0,0.0,0.0,0.0,0.0,0.0,0.0,0.0,0.0,0.0,,,,,,,,,,,,,,,
2019_083_4046719,4046719,Justin Layne,Michigan State,Big Ten,CORNERBACK,DB,2019,3,19,83,3,20.0,2.0,0.0,73.0,1.0,3.0,120.0,0.0,0.0,0.0,3.0,1.0,49.0,0.0,0.0,0.0,0.0,0.0,0.0,0.0,0.0,0.0,0.0,0.0,0.0,0.0,0.0,0.0,0.0,0.0,0.0,0.0,0.0,1.0,0.0,11.0,0.0,0.0,0.0,,,,,11.0,,,,11.0,,,,,,16.333333333333332
2019_084_3121634,3121634,Khalen Saunders,Western Illinois,MVFC,DEFENSIVETACKLE,DL,2019,3,20,84,3,0.0,0.0,1.5,8.0,0.0,2.5,13.0,0.0,0.0,0.0,0.0,0.0,0.0,0.0,0.0,0.0,0.0,0.0,0.0,0.0,0.0,0.0,0.0,0.0,0.0,0.0,0.0,0.0,0.0,0.0,0.0,0.0,0.0,0.0,0.0,0.0,0.0,0.0,0.0,,,,,,,,,,,,,,,
2019_085_3122766,3122766,Jaylon Ferguson,Louisiana Tech,Conference USA,DEFENSIVEEND,DL,2019,3,21,85,3,4.0,15.0,34.5,83.0,0.0,46.0,143.0,0.0,0.0,4.0,0.0,0.0,0.0,0.0,0.0,0.0,0.0,0.0,0.0,0.0,0.0,0.0,0.0,0.0,0.0,0.0,0.0,0.0,0.0,0.0,0.0,0.0,0.0,0.0,0.0,0.0,0.0,0.0,0.0,,,,,,,,,,,,,,,
2019_086_3933327,3933327,Kahale Warring,San Diego State,Mountain West,TIGHTEND,TE,2019,3,22,86,3,0.0,0.0,0.0,3.0,0.0,0.0,3.0,0.0,0.0,0.0,0.0,0.0,0.0,0.0,0.0,0.0,0.0,0.0,0.0,0.0,0.0,0.0,0.0,0.0,0.0,0.0,0.0,0.0,0.0,0.0,0.0,0.0,0.0,51.0,8.0,637.0,0.0,0.0,0.0,,,,,42.0,,,,12.490196078431373,,,,,,
2019_087_3925347,3925347,Damien Harris,Alabama,SEC,RUNNINGBACK,RB,2019,3,23,87,4,0.0,0.0,0.0,2.0,0.0,0.0,3.0,2.0,0.0,0.0,0.0,0.0,0.0,9.0,0.0,174.0,0.0,0.0,0.0,0.0,0.0,0.0,0.0,0.0,0.0,0.0,1.0,0.0,19.0,0.0,0.0,0.0,0.0,52.0,2.0,407.0,476.0,23.0,3073.0,30.0,,19.0,,56.0,75.0,,,7.826923076923077,6.455882352941177,19.333333333333332,19.0,,,
2019_088_3926229,3926229,Cody Barton,Utah,Pac-12,OUTSIDELINEBACKER,LB,2019,3,24,88,3,10.0,3.0,9.0,128.0,0.0,24.0,224.0,0.0,0.0,3.0,1.0,0.0,7.0,0.0,0.0,0.0,0.0,0.0,0.0,0.0,0.0,0.0,0.0,0.0,0.0,0.0,1.0,0.0,1.0,0.0,0.0,0.0,0.0,0.0,0.0,0.0,0.0,0.0,0.0,,,1.0,,,,,,,,,1.0,,,7.0
2019_089_3117253,3117253,Bobby Okereke,Stanford,Pac-12,OUTSIDELINEBACKER,LB,2019,3,25,89,3,7.0,8.0,10.5,120.0,1.0,20.0,221.0,0.0,0.0,1.0,1.0,1.0,52.0,0.0,0.0,0.0,0.0,0.0,0.0,0.0,0.0,0.0,0.0,0.0,0.0,0.0,0.0,0.0,0.0,0.0,0.0,0.0,0.0,0.0,0.0,0.0,0.0,0.0,0.0,,,,,,,,,,,,,,,52.0
2019_090_4033748,4033748,Connor McGovern,Penn State,Big Ten,OFFENSIVEGUARD,OL,2019,3,26,90,1,0.0,0.0,0.0,1.0,0.0,0.0,1.0,0.0,0.0,0.0,0.0,0.0,0.0,0.0,0.0,0.0,0.0,0.0,0.0,0.0,0.0,0.0,0.0,0.0,0.0,0.0,0.0,0.0,0.0,0.0,0.0,0.0,0.0,0.0,0.0,0.0,0.0,0.0,0.0,,,,,,,,,,,,,,,
2019_093_3932423,3932423,Miles Boykin,Notre Dame,FBS Independents,WIDERECEIVER,WR,2019,3,29,93,3,0.0,0.0,0.0,2.0,0.0,0.0,2.0,2.0,2.0,0.0,0.0,0.0,0.0,0.0,0.0,0.0,0.0,0.0,0.0,0.0,0.0,0.0,0.0,0.0,0.0,0.0,1.0,0.0,-2.0,0.0,0.0,0.0,0.0,77.0,11.0,1206.0,0.0,0.0,0.0,,,-2.0,,55.0,,,,15.662337662337665,,,-2.0,,,
2019_094_3873935,3873935,Jamel Dean,Auburn,SEC,CORNERBACK,DB,2019,3,30,94,2,17.0,0.0,1.0,45.0,0.0,4.5,72.0,0.0,0.0,1.0,2.0,0.0,0.0,0.0,0.0,0.0,0.0,0.0,0.0,0.0,0.0,0.0,0.0,0.0,0.0,0.0,0.0,0.0,0.0,0.0,0.0,0.0,0.0,0.0,0.0,0.0,0.0,0.0,0.0,,,,,,,,,,,,,,,0.0
2019_095_3123233,3123233,Oshane Ximines,Old Dominion,Conference USA,DEFENSIVEEND,DL,2019,3,31,95,3,8.0,25.0,28.0,81.0,0.0,44.0,144.0,0.0,0.0,2.0,1.0,0.0,14.0,0.0,0.0,0.0,0.0,0.0,0.0,0.0,0.0,0.0,0.0,0.0,0.0,0.0,0.0,0.0,0.0,0.0,0.0,0.0,0.0,2.0,0.0,29.0,0.0,0.0,0.0,,,,,23.0,,,,14.5,,,,,,14.0
2019_096_3930086,3930086,Dawson Knox,Ole Miss,SEC,TIGHTEND,TE,2019,3,32,96,3,0.0,0.0,0.0,1.0,0.0,0.0,2.0,1.0,1.0,0.0,0.0,0.0,0.0,0.0,0.0,0.0,0.0,0.0,0.0,0.0,0.0,0.0,0.0,0.0,0.0,0.0,0.0,0.0,0.0,0.0,0.0,0.0,0.0,38.0,0.0,599.0,0.0,0.0,0.0,,,,,48.0,,,,15.763157894736842,,,,,,
2019_097_3706968,3706968,Bobby Evans,Oklahoma,Big 12,OFFENSIVETACKLE,OL,2019,3,33,97,1,0.0,0.0,0.0,1.0,0.0,0.0,1.0,0.0,0.0,0.0,0.0,0.0,0.0,0.0,0.0,0.0,0.0,0.0,0.0,0.0,0.0,0.0,0.0,0.0,0.0,0.0,0.0,0.0,0.0,0.0,0.0,0.0,0.0,0.0,0.0,0.0,0.0,0.0,0.0,,,,,,,,,,,,,,,
2019_098_559475,559475,Quincy Williams,Murray State,OVC,SAFETY,DB,2019,3,34,98,3,0.0,2.0,0.0,10.0,0.0,0.0,20.0,0.0,0.0,0.0,0.0,0.0,0.0,0.0,0.0,0.0,0.0,0.0,0.0,0.0,0.0,0.0,0.0,0.0,0.0,0.0,0.0,0.0,0.0,0.0,0.0,0.0,0.0,0.0,0.0,0.0,0.0,0.0,0.0,,,,,,,,,,,,,,,
2019_099_3155647,3155647,Mike Edwards,Kentucky,SEC,SAFETY,DB,2019,3,35,99,4,21.0,2.0,1.5,165.0,1.0,18.5,278.0,0.0,0.0,1.0,10.0,2.0,146.0,0.0,0.0,0.0,0.0,0.0,0.0,0.0,0.0,0.0,0.0,0.0,0.0,0.0,0.0,0.0,0.0,0.0,0.0,0.0,0.0,0.0,0.0,0.0,0.0,0.0,0.0,,,,,,,,,,,,,,,14.6
2019_100_559556,559556,Will Grier,West Virginia,Big 12,QUARTERBACK,QB,2019,3,36,100,3,0.0,0.0,0.0,1.0,0.0,0.0,1.0,11.0,6.0,0.0,0.0,0.0,0.0,0.0,0.0,0.0,0.0,0.0,0.0,0.0,0.0,946.0,622.0,23.0,81.0,8558.0,0.0,0.0,0.0,0.0,1.0,0.0,23.0,0.0,0.0,0.0,148.0,7.0,143.0,,,,23.0,,38.0,0.6575052854122622,9.046511627906977,,0.9662162162162162,,,23.0,,
2019_101_3116455,3116455,Yodny Cajuste,West Virginia,Big 12,OFFENSIVETACKLE,OL,2019,3,37,101,1,0.0,0.0,0.0,3.0,0.0,1.0,4.0,0.0,0.0,0.0,0.0,0.0,0.0,0.0,0.0,0.0,0.0,0.0,0.0,0.0,0.0,0.0,0.0,0.0,0.0,0.0,0.0,0.0,0.0,0.0,0.0,0.0,0.0,0.0,0.0,0.0,0.0,0.0,0.0,,,,,,,,,,,,,,,
2019_102_4048244,4048244,Alexander Mattison,Boise State,Mountain West,RUNNINGBACK,RB,2019,3,38,102,3,0.0,0.0,0.0,2.0,0.0,0.0,2.0,2.0,1.0,0.0,0.0,0.0,0.0,4.0,0.0,87.0,0.0,0.0,0.0,0.0,0.0,0.0,0.0,0.0,0.0,0.0,0.0,0.0,0.0,0.0,0.0,0.0,0.0,60.0,1.0,511.0,581.0,33.0,2826.0,25.0,,,,36.0,70.0,,,8.516666666666667,4.864027538726334,21.75,,,,
2019_103_3917940,3917940,Hakeem Butler,Iowa State,Big 12,WIDERECEIVER,WR,2019,4,1,103,3,0.0,0.0,0.0,2.0,0.0,0.0,2.0,0.0,0.0,0.0,0.0,0.0,0.0,1.0,0.0,0.0,0.0,0.0,0.0,0.0,0.0,0.0,0.0,0.0,0.0,0.0,0.0,0.0,0.0,0.0,0.0,0.0,0.0,110.0,18.0,2149.0,0.0,0.0,0.0,0.0,,,,83.0,,,,19.536363636363635,,0.0,,,,
2019_104_546288,546288,Ryan Finley,NC State,ACC,QUARTERBACK,QB,2019,4,2,104,5,0.0,0.0,0.0,0.0,0.0,0.0,0.0,16.0,3.0,0.0,0.0,0.0,0.0,0.0,0.0,0.0,0.0,0.0,0.0,0.0,0.0,1424.0,912.0,29.0,59.0,10827.0,0.0,0.0,0.0,0.0,0.0,0.0,0.0,2.0,0.0,18.0,212.0,5.0,381.0,,,,,20.0,46.0,0.6404494382022472,7.603230337078652,9.0,1.7971698113207548,,,,,
2019_105_4034953,4034953,Chauncey Gardner Jr.,Florida,SEC,SAFETY,DB,2019,4,3,105,3,12.0,2.0,4.0,92.0,3.0,15.5,161.0,0.0,0.0,0.0,9.0,3.0,301.0,0.0,0.0,0.0,0.0,0.0,0.0,0.0,0.0,0.0,0.0,0.0,0.0,0.0,1.0,0.0,1.0,0.0,0.0,0.0,0.0,0.0,0.0,0.0,0.0,0.0,0.0,,,1.0,,,,,,,,,1.0,,,33.44444444444444
2019_106_3916655,3916655,Maxx Crosby,Eastern Michigan,Mid-American,DEFENSIVEEND,DL,2019,4,4,106,3,5.0,28.0,20.0,68.0,1.0,40.5,156.0,0.0,0.0,3.0,1.0,1.0,2.0,0.0,0.0,0.0,0.0,0.0,0.0,0.0,0.0,0.0,0.0,0.0,0.0,0.0,0.0,0.0,0.0,0.0,0.0,0.0,0.0,0.0,0.0,0.0,0.0,0.0,0.0,,,,,,,,,,,,,,,2.0
2019_107_3894856,3894856,Anthony Nelson,Iowa,Big Ten,DEFENSIVEEND,DL,2019,4,5,107,3,6.0,16.0,23.0,59.0,0.0,31.0,119.0,0.0,0.0,1.0,0.0,0.0,0.0,0.0,0.0,0.0,0.0,0.0,0.0,0.0,0.0,0.0,0.0,0.0,0.0,0.0,0.0,0.0,0.0,0.0,0.0,0.0,0.0,0.0,0.0,0.0,0.0,0.0,0.0,,,,,,,,,,,,,,,
2019_108_4046675,4046675,Julian Love,Notre Dame,FBS Independents,CORNERBACK,DB,2019,4,6,108,3,36.0,1.0,0.0,113.0,3.0,3.0,160.0,0.0,0.0,4.0,5.0,2.0,159.0,0.0,0.0,0.0,0.0,0.0,0.0,0.0,0.0,0.0,0.0,0.0,0.0,0.0,0.0,0.0,0.0,0.0,0.0,0.0,0.0,0.0,0.0,0.0,0.0,0.0,0.0,,,,,,,,,,,,,,,31.8
2019_109_3929835,3929835,Khari Willis,Michigan State,Big Ten,SAFETY,DB,2019,4,7,109,3,15.0,1.0,4.0,96.0,0.0,7.0,185.0,0.0,0.0,0.0,4.0,0.0,50.0,0.0,0.0,0.0,0.0,0.0,0.0,0.0,0.0,0.0,0.0,0.0,0.0,0.0,0.0,0.0,0.0,0.0,0.0,0.0,0.0,0.0,0.0,0.0,0.0,0.0,0.0,,,,,,,,,,,,,,,12.5
2019_110_4035685,4035685,Mitch Wishnowsky,Utah,Pac-12,PUNTER,ST,2019,4,8,110,3,0.0,0.0,0.0,5.0,0.0,0.0,5.0,1.0,1.0,0.0,0.0,0.0,0.0,0.0,0.0,0.0,0.0,0.0,0.0,0.0,0.0,0.0,0.0,0.0,0.0,0.0,0.0,0.0,0.0,26.0,175.0,4.0,8004.0,0.0,0.0,0.0,4.0,0.0,44.0,,,,68.0,,28.0,,,,11.0,,,45.73714285714286,,
2019_111_3925358,3925358,Kendall Sheffield,Ohio State,Big Ten,CORNERBACK,DB,2019,4,9,111,2,17.0,0.0,0.0,58.0,0.0,4.0,75.0,0.0,0.0,1.0,2.0,0.0,0.0,0.0,0.0,0.0,0.0,0.0,0.0,0.0,0.0,0.0,0.0,0.0,0.0,0.0,0.0,0.0,0.0,0.0,0.0,0.0,0.0,0.0,0.0,0.0,0.0,0.0,0.0,,,,,,,,,,,,,,,0.0
2019_112_3931398,3931398,Bryce Love,Stanford,Pac-12,RUNNINGBACK,RB,2019,4,10,112,4,0.0,0.0,0.0,0.0,0.0,0.0,0.0,4.0,1.0,0.0,0.0,0.0,0.0,9.0,0.0,125.0,0.0,0.0,0.0,0.0,0.0,0.0,0.0,0.0,0.0,0.0,0.0,0.0,0.0,0.0,0.0,0.0,0.0,49.0,2.0,465.0,569.0,30.0,3859.0,24.0,,,,93.0,75.0,,,9.489795918367347,6.78207381370826,13.88888888888889,,,,
2019_113_4038441,4038441,Justice Hill,Oklahoma State,Big 12,RUNNINGBACK,RB,2019,4,11,113,3,1.0,0.0,0.0,0.0,0.0,0.0,0.0,5.0,4.0,0.0,0.0,0.0,0.0,0.0,0.0,0.0,0.0,0.0,0.0,0.0,0.0,0.0,0.0,0.0,0.0,0.0,0.0,0.0,0.0,0.0,0.0,0.0,0.0,49.0,1.0,304.0,632.0,30.0,3539.0,,,,,24.0,92.0,,,6.204081632653061,5.599683544303797,,,,,
2019_115_3126362,3126362,Christian Miller,Alabama,SEC,OUTSIDELINEBACKER,LB,2019,4,13,115,3,1.0,16.0,11.0,25.0,0.0,15.5,56.0,0.0,0.0,1.0,0.0,0.0,0.0,0.0,0.0,0.0,0.0,0.0,0.0,0.0,0.0,0.0,0.0,0.0,0.0,0.0,0.0,0.0,0.0,0.0,0.0,0.0,0.0,0.0,0.0,0.0,0.0,0.0,0.0,,,,,,,,,,,,,,,
2019_116_4036134,4036134,Amani Hooker,Iowa,Big Ten,SAFETY,DB,2019,4,14,116,3,9.0,0.0,1.0,80.0,1.0,3.5,125.0,0.0,0.0,0.0,6.0,1.0,90.0,0.0,0.0,0.0,0.0,0.0,0.0,0.0,0.0,0.0,0.0,0.0,0.0,0.0,1.0,0.0,9.0,0.0,0.0,0.0,0.0,0.0,0.0,0.0,1.0,0.0,18.0,,,9.0,,,18.0,,,,18.0,,9.0,,,15.0
2019_117_3728253,3728253,Austin Bryant,Clemson,ACC,DEFENSIVEEND,DL,2019,4,15,117,3,2.0,13.0,19.0,54.0,0.0,33.0,104.0,0.0,0.0,0.0,1.0,0.0,0.0,0.0,0.0,0.0,0.0,0.0,0.0,0.0,0.0,0.0,0.0,0.0,0.0,0.0,0.0,0.0,0.0,0.0,0.0,0.0,0.0,0.0,0.0,0.0,0.0,0.0,0.0,,,,,,,,,,,,,,,0.0
2019_118_3886633,3886633,Hjalte Froholdt,Arkansas,SEC,OFFENSIVEGUARD,OL,2019,4,16,118,1,0.0,0.0,0.0,1.0,0.0,0.0,1.0,0.0,0.0,0.0,0.0,0.0,0.0,0.0,0.0,0.0,0.0,0.0,0.0,0.0,0.0,0.0,0.0,0.0,0.0,0.0,0.0,0.0,0.0,0.0,0.0,0.0,0.0,0.0,0.0,0.0,0.0,0.0,0.0,,,,,,,,,,,,,,,
2019_119_3917852,3917852,Sheldrick Redwine,Miami,ACC,SAFETY,DB,2019,4,17,119,3,9.0,0.0,3.5,89.0,0.0,6.0,149.0,0.0,0.0,1.0,5.0,0.0,76.0,0.0,0.0,0.0,0.0,0.0,0.0,0.0,0.0,0.0,0.0,0.0,0.0,0.0,0.0,0.0,0.0,0.0,0.0,0.0,0.0,0.0,0.0,0.0,0.0,0.0,0.0,,,,,,,,,,,,,,,15.2
2019_120_3916071,3916071,Gary Jennings,West Virginia,Big 12,WIDERECEIVER,WR,2019,4,18,120,4,0.0,0.0,0.0,1.0,0.0,0.0,2.0,4.0,3.0,0.0,0.0,0.0,0.0,7.0,0.0,145.0,0.0,0.0,0.0,0.0,0.0,1.0,0.0,0.0,0.0,0.0,34.0,0.0,108.0,0.0,0.0,0.0,0.0,168.0,17.0,2294.0,0.0,0.0,0.0,35.0,,21.0,,75.0,,0.0,0.0,13.654761904761903,,20.714285714285715,3.176470588235294,,,
2019_121_4039253,4039253,Trevon Wesco,West Virginia,Big 12,TIGHTEND,TE,2019,4,19,121,3,0.0,0.0,0.0,0.0,0.0,0.0,0.0,0.0,0.0,0.0,0.0,0.0,0.0,0.0,0.0,0.0,0.0,0.0,0.0,0.0,0.0,1.0,0.0,0.0,0.0,0.0,0.0,0.0,0.0,0.0,0.0,0.0,0.0,28.0,2.0,373.0,1.0,0.0,3.0,,,,,43.0,3.0,0.0,0.0,13.321428571428571,3.0,,,,,
2019_122_4035072,4035072,Benny Snell Jr.,Kentucky,SEC,RUNNINGBACK,RB,2019,4,20,122,3,0.0,0.0,0.0,0.0,0.0,0.0,1.0,6.0,4.0,0.0,0.0,0.0,0.0,8.0,0.0,125.0,0.0,0.0,0.0,0.0,0.0,7.0,3.0,0.0,1.0,59.0,0.0,0.0,0.0,0.0,0.0,0.0,0.0,29.0,0.0,216.0,736.0,48.0,3858.0,32.0,,,,28.0,71.0,0.4285714285714285,8.428571428571429,7.448275862068965,5.241847826086956,15.625,,,,
2019_123_4037650,4037650,Ben Powers,Oklahoma,Big 12,OFFENSIVEGUARD,OL,2019,4,21,123,3,0.0,0.0,0.0,4.0,0.0,0.0,4.0,0.0,0.0,0.0,0.0,0.0,0.0,0.0,0.0,0.0,0.0,0.0,0.0,0.0,0.0,0.0,0.0,0.0,0.0,0.0,0.0,0.0,0.0,0.0,0.0,0.0,0.0,0.0,0.0,0.0,0.0,0.0,0.0,,,,,,,,,,,,,,,
2019_124_3136374,3136374,Phil Haynes,Wake Forest,ACC,OFFENSIVEGUARD,OL,2019,4,22,124,2,0.0,0.0,0.0,2.0,0.0,0.0,2.0,0.0,0.0,0.0,0.0,0.0,0.0,0.0,0.0,0.0,0.0,0.0,0.0,0.0,0.0,0.0,0.0,0.0,0.0,0.0,0.0,0.0,0.0,0.0,0.0,0.0,0.0,0.0,0.0,0.0,0.0,0.0,0.0,,,,,,,,,,,,,,,
2019_125_3128815,3128815,Renell Wren,Arizona State,Pac-12,DEFENSIVETACKLE,DL,2019,4,23,125,3,5.0,0.0,3.0,43.0,0.0,13.5,73.0,1.0,1.0,0.0,1.0,0.0,-4.0,0.0,0.0,0.0,0.0,0.0,0.0,0.0,0.0,0.0,0.0,0.0,0.0,0.0,0.0,0.0,0.0,0.0,0.0,0.0,0.0,0.0,0.0,0.0,0.0,0.0,0.0,,,,,,,,,,,,,,,-4.0
2019_126_4035015,4035015,Riley Ridley,Georgia,SEC,WIDERECEIVER,WR,2019,4,24,126,3,0.0,0.0,0.0,0.0,0.0,0.0,1.0,0.0,0.0,0.0,0.0,0.0,0.0,0.0,0.0,0.0,0.0,0.0,0.0,0.0,0.0,0.0,0.0,0.0,0.0,0.0,0.0,0.0,0.0,0.0,0.0,0.0,0.0,70.0,13.0,1026.0,4.0,0.0,46.0,,,,,57.0,22.0,,,14.657142857142857,11.5,,,,,
2019_127_3912545,3912545,Iman Marshall,USC,Pac-12,CORNERBACK,DB,2019,4,25,127,4,26.0,0.0,0.0,103.0,0.0,9.5,144.0,0.0,0.0,0.0,6.0,0.0,27.0,0.0,0.0,0.0,0.0,0.0,0.0,0.0,0.0,0.0,0.0,0.0,0.0,0.0,0.0,0.0,0.0,0.0,0.0,0.0,0.0,0.0,0.0,0.0,0.0,0.0,0.0,,,,,,,,,,,,,,,4.5
2019_128_3916148,3916148,Tony Pollard,Memphis,American Athletic,RUNNINGBACK,RB,2019,4,26,128,3,0.0,0.0,0.0,11.0,6.0,0.0,12.0,3.0,1.0,0.0,0.0,0.0,0.0,89.0,7.0,2616.0,0.0,0.0,0.0,0.0,0.0,0.0,0.0,0.0,0.0,0.0,2.0,0.0,11.0,0.0,0.0,0.0,0.0,103.0,9.0,1278.0,140.0,9.0,942.0,100.0,,9.0,,59.0,66.0,,,12.407766990291265,6.728571428571429,29.39325842696629,5.5,,,
2019_129_3126182,3126182,Isaiah Johnson,Houston,American Athletic,CORNERBACK,DB,2019,4,27,129,4,14.0,1.0,0.0,88.0,0.0,2.0,115.0,1.0,1.0,0.0,4.0,0.0,94.0,0.0,0.0,0.0,0.0,0.0,0.0,0.0,0.0,0.0,0.0,0.0,0.0,0.0,0.0,0.0,0.0,0.0,0.0,0.0,0.0,21.0,0.0,208.0,0.0,0.0,0.0,,,,,44.0,,,,9.904761904761903,,,,,,23.5
2019_130_3129310,3129310,Drue Tranquill,Notre Dame,FBS Independents,INSIDELINEBACKER,LB,2019,4,28,130,4,8.0,7.0,3.0,152.0,0.0,19.0,235.0,0.0,0.0,4.0,3.0,0.0,-2.0,0.0,0.0,0.0,0.0,0.0,0.0,0.0,0.0,0.0,0.0,0.0,0.0,0.0,2.0,0.0,24.0,0.0,0.0,0.0,0.0,0.0,0.0,0.0,0.0,0.0,0.0,,,19.0,,,,,,,,,12.0,,,-0.6666666666666666
2019_131_3128263,3128263,Wes Martin,Indiana,Big Ten,OFFENSIVEGUARD,OL,2019,4,29,131,1,0.0,0.0,0.0,1.0,0.0,0.0,1.0,0.0,0.0,0.0,0.0,0.0,0.0,0.0,0.0,0.0,0.0,0.0,0.0,0.0,0.0,0.0,0.0,0.0,0.0,0.0,0.0,0.0,0.0,0.0,0.0,0.0,0.0,0.0,0.0,0.0,0.0,0.0,0.0,,,,,,,,,,,,,,,
2019_132_3886834,3886834,Ugochukwu Amadi,Oregon,Pac-12,SAFETY,DB,2019,4,30,132,4,20.0,2.0,3.0,97.0,3.0,6.5,128.0,1.0,1.0,2.0,8.0,2.0,122.0,0.0,0.0,0.0,0.0,0.0,0.0,0.0,0.0,0.0,0.0,0.0,0.0,0.0,14.0,1.0,223.0,0.0,0.0,0.0,0.0,0.0,0.0,0.0,0.0,0.0,0.0,,,57.0,,,,,,,,,15.928571428571429,,,15.25
2019_133_3892775,3892775,Jarrett Stidham,Baylor,Big 12,QUARTERBACK,QB,2019,4,31,133,3,0.0,0.0,0.0,0.0,0.0,0.0,0.0,12.0,8.0,0.0,0.0,0.0,0.0,0.0,0.0,0.0,0.0,0.0,0.0,0.0,0.0,848.0,545.0,13.0,48.0,7218.0,0.0,0.0,0.0,0.0,2.0,0.0,57.0,0.0,0.0,0.0,210.0,9.0,218.0,,,,41.0,,24.0,0.6426886792452831,8.51179245283019,,1.0380952380952382,,,28.5,,
2019_134_3127294,3127294,Greg Gaines,Washington,Pac-12,DEFENSIVETACKLE,DL,2019,4,32,134,3,3.0,2.0,8.5,61.0,0.0,19.5,117.0,0.0,0.0,1.0,1.0,0.0,0.0,0.0,0.0,0.0,0.0,0.0,0.0,0.0,0.0,0.0,0.0,0.0,0.0,0.0,0.0,0.0,0.0,0.0,0.0,0.0,0.0,0.0,0.0,0.0,0.0,0.0,0.0,,,,,,,,,,,,,,,0.0
2019_137_3843945,3843945,Foster Moreau,LSU,SEC,TIGHTEND,TE,2019,4,35,137,4,0.0,0.0,0.0,2.0,0.0,0.0,2.0,0.0,0.0,0.0,0.0,0.0,0.0,5.0,0.0,62.0,0.0,0.0,0.0,0.0,0.0,0.0,0.0,0.0,0.0,0.0,0.0,0.0,0.0,0.0,0.0,0.0,0.0,52.0,6.0,629.0,0.0,0.0,0.0,24.0,,,,60.0,,,,12.096153846153848,,12.4,,,,
2019_138_3929648,3929648,Shareef Miller,Penn State,Big Ten,DEFENSIVEEND,DL,2019,4,36,138,3,0.0,13.0,15.0,58.0,0.0,32.5,101.0,1.0,1.0,2.0,0.0,0.0,0.0,0.0,0.0,0.0,0.0,0.0,0.0,0.0,0.0,0.0,0.0,0.0,0.0,0.0,0.0,0.0,0.0,0.0,0.0,0.0,0.0,0.0,0.0,0.0,0.0,0.0,0.0,,,,,,,,,,,,,,,
2019_139_3859100,3859100,Deionte Thompson,Alabama,SEC,SAFETY,DB,2019,5,1,139,3,4.0,0.0,0.0,66.0,0.0,3.0,107.0,0.0,0.0,1.0,3.0,0.0,86.0,0.0,0.0,0.0,0.0,0.0,0.0,0.0,0.0,0.0,0.0,0.0,0.0,0.0,0.0,0.0,0.0,0.0,0.0,0.0,0.0,0.0,0.0,0.0,0.0,0.0,0.0,,,,,,,,,,,,,,,28.666666666666668
2019_140_3923397,3923397,Ryquell Armstead,Temple,American Athletic,RUNNINGBACK,RB,2019,5,2,140,4,0.0,0.0,1.0,2.0,0.0,1.0,2.0,4.0,2.0,0.0,0.0,0.0,0.0,2.0,0.0,38.0,0.0,0.0,0.0,0.0,0.0,0.0,0.0,0.0,0.0,0.0,0.0,0.0,0.0,0.0,0.0,0.0,0.0,29.0,0.0,175.0,573.0,34.0,2812.0,23.0,,,,19.0,76.0,,,6.0344827586206895,4.907504363001745,19.0,,,,
2019_141_3929924,3929924,Zach Gentry,Michigan,Big Ten,TIGHTEND,TE,2019,5,3,141,2,0.0,0.0,0.0,1.0,0.0,0.0,1.0,0.0,0.0,0.0,0.0,0.0,0.0,0.0,0.0,0.0,0.0,0.0,0.0,0.0,0.0,0.0,0.0,0.0,0.0,0.0,0.0,0.0,0.0,0.0,0.0,0.0,0.0,49.0,4.0,817.0,0.0,0.0,0.0,,,,,42.0,,,,16.6734693877551,,,,,,
2019_142_3886816,3886816,Ben Burr-Kirven,Washington,Pac-12,INSIDELINEBACKER,LB,2019,5,4,142,3,12.0,1.0,3.0,166.0,0.0,9.5,293.0,0.0,0.0,3.0,4.0,0.0,60.0,0.0,0.0,0.0,0.0,0.0,0.0,0.0,0.0,0.0,0.0,0.0,0.0,0.0,0.0,0.0,0.0,0.0,0.0,0.0,0.0,0.0,0.0,0.0,1.0,0.0,-1.0,,,,,,0.0,,,,-1.0,,,,,15.0
2019_143_3121538,3121538,Ryan Connelly,Wisconsin,Big Ten,INSIDELINEBACKER,LB,2019,5,5,143,3,5.0,9.0,6.0,151.0,0.0,28.0,236.0,0.0,0.0,2.0,2.0,0.0,17.0,0.0,0.0,0.0,0.0,0.0,0.0,0.0,0.0,0.0,0.0,0.0,0.0,0.0,0.0,0.0,0.0,0.0,0.0,0.0,0.0,0.0,0.0,0.0,0.0,0.0,0.0,,,,,,,,,,,,,,,8.5
2019_144_3912544,3912544,Marvell Tell III,USC,Pac-12,SAFETY,DB,2019,5,6,144,3,8.0,2.0,0.5,98.0,1.0,5.5,169.0,0.0,0.0,1.0,5.0,1.0,60.0,0.0,0.0,0.0,0.0,0.0,0.0,0.0,0.0,0.0,0.0,0.0,0.0,0.0,0.0,0.0,0.0,0.0,0.0,0.0,0.0,0.0,0.0,0.0,0.0,0.0,0.0,,,,,,,,,,,,,,,12.0
2019_145_4249087,4249087,Matt Gay,Utah,Pac-12,PLACEKICKER,ST,2019,5,7,145,2,0.0,0.0,0.0,1.0,0.0,0.0,1.0,0.0,0.0,0.0,0.0,0.0,0.0,0.0,0.0,0.0,64.0,55.0,253.0,85.0,85.0,0.0,0.0,0.0,0.0,0.0,0.0,0.0,0.0,0.0,0.0,0.0,0.0,0.0,0.0,0.0,0.0,0.0,0.0,,56.0,,,,,,,,,,,,0.859375,
2019_146_3116175,3116175,Amani Oruwariye,Penn State,Big Ten,CORNERBACK,DB,2019,5,8,146,3,14.0,0.0,0.0,70.0,1.0,1.0,99.0,1.0,1.0,0.0,8.0,1.0,45.0,0.0,0.0,0.0,0.0,0.0,0.0,0.0,0.0,0.0,0.0,0.0,0.0,0.0,2.0,0.0,-26.0,0.0,0.0,0.0,0.0,0.0,0.0,0.0,0.0,0.0,0.0,,,0.0,,,,,,,,,-13.0,,,5.625
2019_147_4034945,4034945,Vosean Joseph,Florida,SEC,OUTSIDELINEBACKER,LB,2019,5,9,147,3,7.0,2.0,4.0,69.0,0.0,14.0,161.0,0.0,0.0,2.0,1.0,0.0,0.0,0.0,0.0,0.0,0.0,0.0,0.0,0.0,0.0,0.0,0.0,0.0,0.0,0.0,0.0,0.0,0.0,0.0,0.0,0.0,0.0,0.0,0.0,0.0,0.0,0.0,0.0,,,,,,,,,,,,,,,0.0
2019_148_3916903,3916903,Dre Greenlaw,Arkansas,SEC,OUTSIDELINEBACKER,LB,2019,5,10,148,3,2.0,4.0,3.0,113.0,0.0,9.5,226.0,0.0,0.0,3.0,3.0,0.0,8.0,0.0,0.0,0.0,0.0,0.0,0.0,0.0,0.0,0.0,0.0,0.0,0.0,0.0,0.0,0.0,0.0,0.0,0.0,0.0,0.0,0.0,0.0,0.0,1.0,0.0,14.0,,,,,,14.0,,,,14.0,,,,,2.6666666666666665
2019_149_3135321,3135321,Hunter Renfrow,Clemson,ACC,WIDERECEIVER,WR,2019,5,11,149,4,0.0,0.0,0.0,3.0,0.0,0.0,4.0,0.0,0.0,1.0,0.0,0.0,0.0,1.0,0.0,6.0,0.0,0.0,0.0,0.0,0.0,2.0,1.0,0.0,0.0,2.0,6.0,0.0,0.0,0.0,1.0,0.0,42.0,186.0,15.0,2133.0,0.0,0.0,0.0,6.0,,3.0,42.0,61.0,,0.5,1.0,11.46774193548387,,6.0,0.0,42.0,,
2019_150_3917340,3917340,Kingsley Keke,Texas A&M,SEC,DEFENSIVETACKLE,DL,2019,5,12,150,3,7.0,6.0,12.5,55.0,0.0,20.5,142.0,0.0,0.0,3.0,0.0,0.0,0.0,0.0,0.0,0.0,0.0,0.0,0.0,0.0,0.0,0.0,0.0,0.0,0.0,0.0,0.0,0.0,0.0,0.0,0.0,0.0,0.0,0.0,0.0,0.0,0.0,0.0,0.0,,,,,,,,,,,,,,,
2019_151_3133487,3133487,Andrew Van Ginkel,Wisconsin,Big Ten,OUTSIDELINEBACKER,LB,2019,5,13,151,3,5.0,10.0,11.0,61.0,1.0,17.5,91.0,0.0,0.0,1.0,2.0,1.0,11.0,0.0,0.0,0.0,0.0,0.0,0.0,0.0,0.0,0.0,0.0,0.0,0.0,0.0,0.0,0.0,0.0,0.0,0.0,0.0,0.0,0.0,0.0,0.0,0.0,0.0,0.0,,,,,,,,,,,,,,,5.5
2019_152_3123944,3123944,Qadree Ollison,Pittsburgh,ACC,RUNNINGBACK,RB,2019,5,14,152,4,0.0,0.0,0.0,5.0,0.0,0.0,8.0,0.0,0.0,0.0,0.0,0.0,0.0,0.0,0.0,0.0,0.0,0.0,0.0,0.0,0.0,1.0,0.0,0.0,0.0,0.0,0.0,0.0,0.0,0.0,0.0,0.0,0.0,50.0,3.0,375.0,529.0,29.0,2859.0,,,,,30.0,97.0,0.0,0.0,7.5,5.404536862003781,,,,,
2019_153_3126364,3126364,Ross Pierschbacher,Alabama,SEC,OFFENSIVEGUARD,OL,2019,5,15,153,1,0.0,0.0,0.0,1.0,0.0,0.0,1.0,0.0,0.0,0.0,0.0,0.0,0.0,0.0,0.0,0.0,0.0,0.0,0.0,0.0,0.0,0.0,0.0,0.0,0.0,0.0,0.0,0.0,0.0,0.0,0.0,0.0,0.0,0.0,0.0,0.0,0.0,0.0,0.0,,,,,,,,,,,,,,,
2019_154_3915115,3915115,Jordan Scarlett,Florida,SEC,RUNNINGBACK,RB,2019,5,16,154,3,0.0,0.0,0.0,1.0,0.0,0.0,1.0,2.0,2.0,0.0,0.0,0.0,0.0,0.0,0.0,0.0,0.0,0.0,0.0,0.0,0.0,0.0,0.0,0.0,0.0,0.0,0.0,0.0,0.0,0.0,0.0,0.0,0.0,15.0,0.0,108.0,344.0,12.0,1846.0,,,,,30.0,60.0,,,7.2,5.366279069767442,,,,,
2019_155_4040983,4040983,Mack Wilson,Alabama,SEC,INSIDELINEBACKER,LB,2019,5,17,155,3,7.0,12.0,1.0,62.0,1.0,7.5,119.0,0.0,0.0,1.0,6.0,1.0,39.0,0.0,0.0,0.0,0.0,0.0,0.0,0.0,0.0,0.0,0.0,0.0,0.0,0.0,0.0,0.0,0.0,0.0,0.0,0.0,0.0,1.0,1.0,1.0,0.0,0.0,0.0,,,,,1.0,,,,1.0,,,,,,6.5
2019_156_3122678,3122678,Justin Hollins,Oregon,Pac-12,OUTSIDELINEBACKER,LB,2019,5,18,156,3,8.0,11.0,13.0,87.0,1.0,32.0,164.0,0.0,0.0,2.0,2.0,1.0,18.0,0.0,0.0,0.0,0.0,0.0,0.0,0.0,0.0,0.0,0.0,0.0,0.0,0.0,0.0,0.0,0.0,0.0,0.0,0.0,0.0,0.0,0.0,0.0,0.0,0.0,0.0,,,,,,,,,,,,,,,9.0
2019_157_3728281,3728281,Blake Cashman,Minnesota,Big Ten,INSIDELINEBACKER,LB,2019,5,19,157,3,7.0,0.0,12.0,113.0,1.0,30.5,179.0,0.0,0.0,1.0,0.0,0.0,0.0,0.0,0.0,0.0,0.0,0.0,0.0,0.0,0.0,0.0,0.0,0.0,0.0,0.0,0.0,0.0,0.0,0.0,0.0,0.0,0.0,0.0,0.0,0.0,0.0,0.0,0.0,,,,,,,,,,,,,,,
2019_158_3917853,3917853,Michael Jackson,Miami,ACC,CORNERBACK,DB,2019,5,20,158,3,12.0,3.0,3.5,59.0,0.0,6.5,90.0,0.0,0.0,2.0,4.0,0.0,0.0,0.0,0.0,0.0,0.0,0.0,0.0,0.0,0.0,0.0,0.0,0.0,0.0,0.0,0.0,0.0,0.0,0.0,0.0,0.0,0.0,0.0,0.0,0.0,0.0,0.0,0.0,,,,,,,,,,,,,,,0.0
2019_159_3916922,3916922,Byron Cowart,Maryland,Big Ten,DEFENSIVETACKLE,DL,2019,5,21,159,3,0.0,1.0,3.0,24.0,0.0,6.5,47.0,1.0,1.0,0.0,2.0,0.0,12.0,0.0,0.0,0.0,0.0,0.0,0.0,0.0,0.0,0.0,0.0,0.0,0.0,0.0,0.0,0.0,0.0,0.0,0.0,0.0,0.0,0.0,0.0,0.0,0.0,0.0,0.0,,,,,,,,,,,,,,,6.0
2019_160_3917316,3917316,Daylon Mack,Texas A&M,SEC,DEFENSIVETACKLE,DL,2019,5,22,160,3,2.0,4.0,8.0,37.0,0.0,17.5,76.0,0.0,0.0,0.0,0.0,0.0,0.0,0.0,0.0,0.0,0.0,0.0,0.0,0.0,0.0,0.0,0.0,0.0,0.0,0.0,0.0,0.0,0.0,0.0,0.0,0.0,0.0,0.0,0.0,0.0,0.0,0.0,0.0,,,,,,,,,,,,,,,
2019_161_3929865,3929865,Charles Omenihu,Texas,Big 12,DEFENSIVEEND,DL,2019,5,23,161,3,1.0,10.0,17.0,70.0,0.0,29.0,100.0,0.0,0.0,1.0,0.0,0.0,0.0,0.0,0.0,0.0,0.0,0.0,0.0,0.0,0.0,0.0,0.0,0.0,0.0,0.0,0.0,0.0,0.0,0.0,0.0,0.0,0.0,0.0,0.0,0.0,0.0,0.0,0.0,,,,,,,,,,,,,,,
2019_162_3701669,3701669,Cameron Smith,USC,Pac-12,INSIDELINEBACKER,LB,2019,5,24,162,4,10.0,1.0,2.5,154.0,0.0,25.5,259.0,0.0,0.0,2.0,4.0,1.0,126.0,2.0,0.0,9.0,0.0,0.0,0.0,0.0,0.0,0.0,0.0,0.0,0.0,0.0,0.0,0.0,0.0,0.0,0.0,0.0,0.0,0.0,0.0,0.0,0.0,0.0,0.0,7.0,,,,,,,,,,4.5,,,,31.5
2019_163_3931395,3931395,Jake Bailey,Stanford,Pac-12,PUNTER,ST,2019,5,25,163,4,0.0,0.0,0.0,0.0,0.0,0.0,1.0,0.0,0.0,0.0,0.0,0.0,0.0,0.0,0.0,0.0,0.0,0.0,0.0,0.0,0.0,0.0,0.0,0.0,0.0,0.0,0.0,0.0,0.0,29.0,185.0,10.0,8104.0,0.0,0.0,0.0,1.0,0.0,17.0,,,,84.0,,17.0,,,,17.0,,,43.8054054054054,,
2019_165_4037459,4037459,Joe Jackson,Miami,ACC,DEFENSIVEEND,DL,2019,5,27,165,3,5.0,15.0,22.0,68.0,1.0,35.0,133.0,0.0,0.0,2.0,1.0,1.0,42.0,0.0,0.0,0.0,0.0,0.0,0.0,0.0,0.0,0.0,0.0,0.0,0.0,0.0,0.0,0.0,0.0,0.0,0.0,0.0,0.0,0.0,0.0,0.0,0.0,0.0,0.0,,,,,,,,,,,,,,,42.0
2019_166_3120590,3120590,Easton Stick,North Dakota State,MVFC,QUARTERBACK,QB,2019,5,28,166,1,0.0,0.0,0.0,0.0,0.0,0.0,0.0,0.0,0.0,0.0,0.0,0.0,0.0,0.0,0.0,0.0,0.0,0.0,0.0,0.0,0.0,19.0,11.0,1.0,1.0,124.0,0.0,0.0,0.0,0.0,0.0,0.0,0.0,0.0,0.0,0.0,11.0,0.0,35.0,,,,,,29.0,0.5789473684210527,6.526315789473684,,3.1818181818181817,,,,,
2019_167_3116144,3116144,Clayton Thorson,Northwestern,Big Ten,QUARTERBACK,QB,2019,5,29,167,4,0.0,0.0,0.0,1.0,0.0,0.0,2.0,12.0,10.0,0.0,0.0,0.0,0.0,0.0,0.0,0.0,0.0,0.0,0.0,0.0,0.0,1697.0,990.0,45.0,61.0,10729.0,0.0,0.0,0.0,0.0,0.0,0.0,0.0,2.0,0.0,24.0,362.0,27.0,408.0,,,,,24.0,68.0,0.5833824395992929,6.322333529758398,12.0,1.12707182320442,,,,,
2019_168_3915196,3915196,D'Andre Walker,Georgia,SEC,OUTSIDELINEBACKER,LB,2019,5,30,168,4,3.0,7.0,12.0,57.0,0.0,26.0,102.0,0.0,0.0,1.0,0.0,0.0,0.0,0.0,0.0,0.0,0.0,0.0,0.0,0.0,0.0,0.0,0.0,0.0,0.0,0.0,2.0,0.0,13.0,0.0,0.0,0.0,0.0,0.0,0.0,0.0,0.0,0.0,0.0,,,9.0,,,,,,,,,6.5,,,
2019_169_3917660,3917660,David Edwards,Wisconsin,Big Ten,OFFENSIVETACKLE,OL,2019,5,31,169,1,0.0,0.0,0.0,1.0,0.0,0.0,1.0,0.0,0.0,0.0,0.0,0.0,0.0,0.0,0.0,0.0,0.0,0.0,0.0,0.0,0.0,0.0,0.0,0.0,0.0,0.0,0.0,0.0,0.0,0.0,0.0,0.0,0.0,0.0,0.0,0.0,0.0,0.0,0.0,,,,,,,,,,,,,,,
2019_170_3821683,3821683,Austin Seibert,Oklahoma,Big 12,PLACEKICKER,ST,2019,5,32,170,4,0.0,0.0,0.0,6.0,0.0,0.0,7.0,1.0,1.0,0.0,0.0,0.0,0.0,0.0,0.0,0.0,75.0,60.0,499.0,315.0,310.0,0.0,0.0,0.0,0.0,0.0,0.0,0.0,0.0,12.0,179.0,2.0,7457.0,0.0,0.0,0.0,1.0,0.0,-32.0,,51.0,,58.0,,0.0,,,,-32.0,,,41.659217877094974,0.8,
2019_171_3916945,3916945,Darius Slayton,Auburn,SEC,WIDERECEIVER,WR,2019,5,33,171,3,0.0,0.0,0.0,0.0,0.0,0.0,0.0,2.0,1.0,0.0,0.0,0.0,0.0,1.0,0.0,-11.0,0.0,0.0,0.0,0.0,0.0,0.0,0.0,0.0,0.0,0.0,0.0,0.0,0.0,0.0,0.0,0.0,0.0,79.0,11.0,1605.0,0.0,0.0,0.0,0.0,,,,74.0,,,,20.31645569620253,,-11.0,,,,
2019_172_3886824,3886824,Jordan Miller,Washington,Pac-12,CORNERBACK,DB,2019,5,34,172,4,11.0,1.0,0.0,41.0,0.0,1.0,53.0,0.0,0.0,1.0,6.0,0.0,57.0,0.0,0.0,0.0,0.0,0.0,0.0,0.0,0.0,0.0,0.0,0.0,0.0,0.0,0.0,0.0,0.0,0.0,0.0,0.0,0.0,0.0,0.0,0.0,0.0,0.0,0.0,,,,,,,,,,,,,,,9.5
2019_173_3116689,3116689,Cole Holcomb,North Carolina,ACC,OUTSIDELINEBACKER,LB,2019,5,35,173,3,12.0,7.0,2.5,162.0,0.0,15.5,312.0,0.0,0.0,1.0,0.0,0.0,0.0,0.0,0.0,0.0,0.0,0.0,0.0,0.0,0.0,0.0,0.0,0.0,0.0,0.0,0.0,0.0,0.0,0.0,0.0,0.0,0.0,0.0,0.0,0.0,0.0,0.0,0.0,,,,,,,,,,,,,,,
2019_174_3124537,3124537,KeeSean Johnson,Fresno State,Mountain West,WIDERECEIVER,WR,2019,6,1,174,4,0.0,0.0,0.0,2.0,0.0,0.0,2.0,5.0,3.0,0.0,0.0,0.0,0.0,11.0,0.0,227.0,0.0,0.0,0.0,0.0,0.0,0.0,0.0,0.0,0.0,0.0,16.0,0.0,64.0,0.0,0.0,0.0,0.0,275.0,24.0,3463.0,8.0,0.0,27.0,29.0,,14.0,,81.0,10.0,,,12.592727272727272,3.375,20.636363636363637,4.0,,,
2019_175_3921970,3921970,Sutton Smith,Northern Illinois,Mid-American,OUTSIDELINEBACKER,LB,2019,6,2,175,3,3.0,17.0,27.0,82.0,0.0,52.0,123.0,0.0,0.0,5.0,0.0,0.0,0.0,0.0,0.0,0.0,0.0,0.0,0.0,0.0,0.0,1.0,1.0,0.0,0.0,29.0,2.0,1.0,51.0,0.0,0.0,0.0,0.0,0.0,0.0,0.0,1.0,0.0,-1.0,,,38.0,,,0.0,1.0,29.0,,-1.0,,25.5,,,
2019_176_4044452,4044452,Kaden Smith,Stanford,Pac-12,TIGHTEND,TE,2019,6,3,176,2,0.0,0.0,0.0,3.0,0.0,0.0,4.0,1.0,0.0,0.0,0.0,0.0,0.0,1.0,0.0,-5.0,0.0,0.0,0.0,0.0,0.0,0.0,0.0,0.0,0.0,0.0,0.0,0.0,0.0,0.0,0.0,0.0,0.0,70.0,7.0,1049.0,0.0,0.0,0.0,-5.0,,,,54.0,,,,14.985714285714286,,-5.0,,,,
2019_177_3127367,3127367,Saquan Hampton,Rutgers,Big Ten,SAFETY,DB,2019,6,4,177,4,15.0,0.0,0.0,93.0,0.0,6.0,142.0,0.0,0.0,0.0,5.0,0.0,33.0,0.0,0.0,0.0,0.0,0.0,0.0,0.0,0.0,0.0,0.0,0.0,0.0,0.0,2.0,0.0,-1.0,0.0,0.0,0.0,0.0,0.0,0.0,0.0,0.0,0.0,0.0,,,4.0,,,,,,,,,-0.5,,,6.6
2019_178_4038524,4038524,Gardner Minshew,Washington State,Pac-12,QUARTERBACK,QB,2019,6,5,178,3,0.0,0.0,0.0,1.0,0.0,0.0,1.0,7.0,2.0,0.0,0.0,0.0,0.0,0.0,0.0,0.0,0.0,0.0,0.0,0.0,0.0,1168.0,761.0,20.0,62.0,8263.0,0.0,0.0,0.0,0.0,0.0,0.0,0.0,0.0,0.0,0.0,96.0,4.0,43.0,,,,,,12.0,0.651541095890411,7.074486301369863,,0.4479166666666667,,,,,
2019_179_3128707,3128707,Lamont Gaillard,Georgia,SEC,CENTER,OL,2019,6,6,179,1,0.0,0.0,0.0,1.0,0.0,0.0,1.0,0.0,0.0,0.0,0.0,0.0,0.0,0.0,0.0,0.0,0.0,0.0,0.0,0.0,0.0,0.0,0.0,0.0,0.0,0.0,0.0,0.0,0.0,0.0,0.0,0.0,0.0,0.0,0.0,0.0,0.0,0.0,0.0,,,,,,,,,,,,,,,
2019_181_3672862,3672862,Jaquan Johnson,Miami,ACC,SAFETY,DB,2019,6,8,181,4,6.0,2.0,2.5,113.0,1.0,5.5,211.0,0.0,0.0,3.0,8.0,1.0,77.0,2.0,0.0,-11.0,0.0,0.0,0.0,0.0,0.0,0.0,0.0,0.0,0.0,0.0,0.0,0.0,0.0,0.0,0.0,0.0,0.0,0.0,0.0,0.0,0.0,0.0,0.0,-3.0,,,,,,,,,,-5.5,,,,9.625
2019_182_4035222,4035222,Trayveon Williams,Texas A&M,SEC,RUNNINGBACK,RB,2019,6,9,182,3,0.0,0.0,0.0,0.0,0.0,0.0,0.0,7.0,4.0,0.0,0.0,0.0,0.0,11.0,0.0,265.0,0.0,0.0,0.0,0.0,0.0,0.0,0.0,0.0,0.0,0.0,0.0,0.0,0.0,0.0,0.0,0.0,0.0,66.0,1.0,560.0,600.0,34.0,3615.0,72.0,,,,41.0,93.0,,,8.484848484848484,6.025,24.09090909090909,,,,
2019_184_3139522,3139522,Travis Fulgham,Old Dominion,Conference USA,WIDERECEIVER,WR,2019,6,11,184,4,0.0,0.0,0.0,1.0,0.0,0.0,1.0,0.0,0.0,0.0,0.0,0.0,0.0,0.0,0.0,0.0,0.0,0.0,0.0,0.0,0.0,0.0,0.0,0.0,0.0,0.0,0.0,0.0,0.0,0.0,0.0,0.0,0.0,128.0,18.0,2044.0,0.0,0.0,0.0,,,,,71.0,,,,15.96875,,,,,,
2019_185_3916676,3916676,Ka'dar Hollman,Toledo,Mid-American,CORNERBACK,DB,2019,6,12,185,3,27.0,0.0,0.0,83.0,0.0,0.0,110.0,1.0,1.0,1.0,2.0,0.0,2.0,0.0,0.0,0.0,0.0,0.0,0.0,0.0,0.0,0.0,0.0,0.0,0.0,0.0,1.0,0.0,0.0,0.0,0.0,0.0,0.0,0.0,0.0,0.0,0.0,0.0,0.0,,,0.0,,,,,,,,,0.0,,,1.0
2019_186_3915411,3915411,Ty Johnson,Maryland,Big Ten,RUNNINGBACK,RB,2019,6,13,186,4,0.0,0.0,0.0,3.0,2.0,1.0,6.0,0.0,0.0,0.0,0.0,0.0,0.0,48.0,2.0,1194.0,0.0,0.0,0.0,0.0,0.0,0.0,0.0,0.0,0.0,0.0,5.0,0.0,49.0,0.0,0.0,0.0,0.0,29.0,2.0,318.0,348.0,17.0,2635.0,100.0,,33.0,,66.0,81.0,,,10.96551724137931,7.57183908045977,24.875,9.8,,,
2019_187_3128317,3128317,Juwann Winfree,Maryland,Big Ten,WIDERECEIVER,WR,2019,6,14,187,3,0.0,0.0,0.0,0.0,0.0,0.0,2.0,1.0,1.0,0.0,0.0,0.0,0.0,0.0,0.0,0.0,0.0,0.0,0.0,0.0,0.0,0.0,0.0,0.0,0.0,0.0,0.0,0.0,0.0,0.0,0.0,0.0,0.0,60.0,6.0,807.0,0.0,0.0,0.0,,,,,79.0,,,,13.45,,,,,,
2019_188_3916074,3916074,David Long Jr.,West Virginia,Big 12,OUTSIDELINEBACKER,LB,2019,6,15,188,3,10.0,6.0,11.5,160.0,0.0,36.5,237.0,0.0,0.0,1.0,0.0,0.0,0.0,0.0,0.0,0.0,0.0,0.0,0.0,0.0,0.0,0.0,0.0,0.0,0.0,0.0,0.0,0.0,0.0,0.0,0.0,0.0,0.0,0.0,0.0,0.0,0.0,0.0,0.0,,,,,,,,,,,,,,,
2019_190_3128685,3128685,Armon Watts,Arkansas,SEC,DEFENSIVETACKLE,DL,2019,6,17,190,3,2.0,3.0,7.0,27.0,0.0,8.5,54.0,0.0,0.0,0.0,0.0,0.0,0.0,0.0,0.0,0.0,0.0,0.0,0.0,0.0,0.0,0.0,0.0,0.0,0.0,0.0,0.0,0.0,0.0,0.0,0.0,0.0,0.0,0.0,0.0,0.0,0.0,0.0,0.0,,,,,,,,,,,,,,,
2019_191_3139368,3139368,Marcus Epps,Wyoming,Mountain West,SAFETY,DB,2019,6,18,191,4,18.0,0.0,2.0,153.0,1.0,16.5,237.0,0.0,0.0,3.0,9.0,1.0,211.0,0.0,0.0,0.0,0.0,0.0,0.0,0.0,0.0,0.0,0.0,0.0,0.0,0.0,0.0,0.0,0.0,0.0,0.0,0.0,0.0,0.0,0.0,0.0,0.0,0.0,0.0,,,,,,,,,,,,,,,23.444444444444443
2019_192_4241451,4241451,Isaiah Buggs,Alabama,SEC,DEFENSIVETACKLE,DL,2019,6,19,192,2,3.0,13.0,11.5,44.0,0.0,18.0,103.0,0.0,0.0,1.0,0.0,0.0,0.0,0.0,0.0,0.0,0.0,0.0,0.0,0.0,0.0,0.0,0.0,0.0,0.0,0.0,0.0,0.0,0.0,0.0,0.0,0.0,0.0,0.0,0.0,0.0,0.0,0.0,0.0,,,,,,,,,,,,,,,
2019_194_3932449,3932449,Dexter Williams,Notre Dame,FBS Independents,RUNNINGBACK,RB,2019,6,21,194,4,0.0,0.0,0.0,4.0,0.0,0.0,8.0,2.0,0.0,0.0,0.0,0.0,0.0,5.0,0.0,87.0,0.0,0.0,0.0,0.0,0.0,0.0,0.0,0.0,0.0,0.0,0.0,0.0,0.0,0.0,0.0,0.0,0.0,22.0,2.0,162.0,257.0,20.0,1636.0,24.0,,,,22.0,97.0,,,7.363636363636363,6.365758754863813,17.4,,,,
2019_195_3860287,3860287,Xavier Crawford,Oregon State,Pac-12,CORNERBACK,DB,2019,6,22,195,3,24.0,1.0,1.0,81.0,0.0,5.0,111.0,0.0,0.0,0.0,2.0,0.0,0.0,0.0,0.0,0.0,0.0,0.0,0.0,0.0,0.0,0.0,0.0,0.0,0.0,0.0,1.0,0.0,0.0,0.0,0.0,0.0,0.0,0.0,0.0,0.0,0.0,0.0,0.0,,,0.0,,,,,,,,,0.0,,,0.0
2019_196_3930021,3930021,Blessuan Austin,Rutgers,Big Ten,CORNERBACK,DB,2019,6,23,196,4,15.0,1.0,2.0,40.0,0.0,3.0,57.0,0.0,0.0,1.0,4.0,1.0,42.0,0.0,0.0,0.0,0.0,0.0,0.0,0.0,0.0,0.0,0.0,0.0,0.0,0.0,0.0,0.0,0.0,0.0,0.0,0.0,0.0,0.0,0.0,0.0,0.0,0.0,0.0,,,,,,,,,,,,,,,10.5
2019_197_3116172,3116172,Trace McSorley,Penn State,Big Ten,QUARTERBACK,QB,2019,6,24,197,4,0.0,0.0,0.0,3.0,0.0,0.0,5.0,15.0,7.0,0.0,0.0,0.0,0.0,0.0,0.0,0.0,0.0,0.0,0.0,0.0,0.0,1215.0,720.0,25.0,77.0,9882.0,0.0,0.0,0.0,0.0,0.0,0.0,0.0,0.0,0.0,0.0,472.0,30.0,1698.0,,,,,,51.0,0.5925925925925926,8.133333333333333,,3.597457627118644,,,,,
2019_200_3914613,3914613,Emeke Egbule,Houston,American Athletic,OUTSIDELINEBACKER,LB,2019,6,27,200,3,6.0,15.0,4.0,90.0,1.0,12.0,153.0,0.0,0.0,6.0,2.0,0.0,0.0,1.0,0.0,3.0,0.0,0.0,0.0,0.0,0.0,0.0,0.0,0.0,0.0,0.0,1.0,0.0,32.0,0.0,0.0,0.0,0.0,0.0,0.0,0.0,0.0,0.0,0.0,3.0,,32.0,,,,,,,,3.0,32.0,,,0.0
2019_201_3924364,3924364,Rashad Fenton,South Carolina,SEC,CORNERBACK,DB,2019,6,28,201,4,18.0,1.0,0.5,92.0,0.0,5.0,115.0,1.0,0.0,1.0,5.0,0.0,24.0,26.0,1.0,646.0,0.0,0.0,0.0,0.0,0.0,0.0,0.0,0.0,0.0,0.0,2.0,0.0,8.0,0.0,0.0,0.0,0.0,0.0,0.0,0.0,0.0,0.0,0.0,96.0,,5.0,,,,,,,,24.846153846153847,4.0,,,4.8
2019_202_3915532,3915532,Isaiah Prince,Ohio State,Big Ten,OFFENSIVETACKLE,OL,2019,6,29,202,2,0.0,0.0,0.0,2.0,0.0,0.0,2.0,0.0,0.0,0.0,0.0,0.0,0.0,0.0,0.0,0.0,0.0,0.0,0.0,0.0,0.0,0.0,0.0,0.0,0.0,0.0,0.0,0.0,0.0,0.0,0.0,0.0,0.0,0.0,0.0,0.0,0.0,0.0,0.0,,,,,,,,,,,,,,,
2019_203_3124964,3124964,Marcus Green,UL Monroe,Sun Belt,WIDERECEIVER,WR,2019,6,30,203,4,0.0,0.0,0.0,1.0,5.0,0.0,1.0,8.0,4.0,0.0,0.0,0.0,0.0,71.0,4.0,1761.0,0.0,0.0,0.0,0.0,0.0,0.0,0.0,0.0,0.0,0.0,29.0,1.0,280.0,0.0,0.0,0.0,0.0,204.0,24.0,2744.0,52.0,1.0,501.0,95.0,,71.0,,80.0,74.0,,,13.450980392156865,9.634615384615383,24.802816901408452,9.655172413793103,,,
2019_204_4037457,4037457,Travis Homer,Miami,ACC,RUNNINGBACK,RB,2019,6,31,204,3,0.0,0.0,0.0,13.0,0.0,0.0,19.0,5.0,4.0,2.0,0.0,0.0,0.0,1.0,0.0,18.0,0.0,0.0,0.0,0.0,0.0,0.0,0.0,0.0,0.0,0.0,0.0,0.0,0.0,0.0,0.0,0.0,0.0,37.0,1.0,405.0,334.0,12.0,2000.0,18.0,,,,35.0,70.0,,,10.945945945945946,5.9880239520958085,18.0,,,,
2019_205_3916126,3916126,Duke Shelley,Kansas State,Big 12,CORNERBACK,DB,2019,6,32,205,3,22.0,0.0,1.0,122.0,1.0,6.0,133.0,2.0,0.0,0.0,8.0,2.0,84.0,16.0,0.0,306.0,0.0,0.0,0.0,0.0,0.0,0.0,0.0,0.0,0.0,0.0,5.0,0.0,14.0,0.0,0.0,0.0,0.0,0.0,0.0,0.0,0.0,0.0,0.0,37.0,,6.0,,,,,,,,19.125,2.8,,,10.5
2019_206_4036163,4036163,Kelvin Harmon,NC State,ACC,WIDERECEIVER,WR,2019,6,33,206,3,0.0,0.0,0.0,1.0,0.0,0.0,2.0,0.0,0.0,0.0,0.0,0.0,0.0,0.0,0.0,0.0,0.0,0.0,0.0,0.0,0.0,0.0,0.0,0.0,0.0,0.0,0.0,0.0,0.0,0.0,0.0,0.0,0.0,170.0,15.0,2565.0,0.0,0.0,0.0,,,,,74.0,,,,15.088235294117649,,,,,,
2019_207_3920867,3920867,Ulysees Gilbert III,Akron,Mid-American,INSIDELINEBACKER,LB,2019,6,34,207,3,8.0,11.0,9.5,177.0,3.0,28.5,346.0,0.0,0.0,3.0,3.0,1.0,69.0,0.0,0.0,0.0,0.0,0.0,0.0,0.0,0.0,0.0,0.0,0.0,0.0,0.0,1.0,1.0,30.0,0.0,0.0,0.0,0.0,0.0,0.0,0.0,0.0,0.0,0.0,,,30.0,,,,,,,,,30.0,,,23.0
2019_208_3914397,3914397,Scott Miller,Bowling Green,Mid-American,WIDERECEIVER,WR,2019,6,35,208,4,0.0,0.0,0.0,2.0,0.0,0.0,3.0,3.0,2.0,0.0,0.0,0.0,0.0,43.0,0.0,793.0,0.0,0.0,0.0,0.0,0.0,1.0,1.0,0.0,0.0,24.0,7.0,0.0,38.0,0.0,0.0,0.0,0.0,214.0,23.0,2825.0,6.0,0.0,38.0,77.0,,19.0,,76.0,17.0,1.0,24.0,13.200934579439252,6.333333333333333,18.44186046511628,5.428571428571429,,,
2019_209_3122915,3122915,Demarcus Christmas,Florida State,ACC,DEFENSIVETACKLE,DL,2019,6,36,209,3,11.0,3.0,3.0,44.0,0.0,10.0,85.0,0.0,0.0,2.0,0.0,0.0,0.0,0.0,0.0,0.0,0.0,0.0,0.0,0.0,0.0,0.0,0.0,0.0,0.0,0.0,0.0,0.0,0.0,0.0,0.0,0.0,0.0,0.0,0.0,0.0,0.0,0.0,0.0,,,,,,,,,,,,,,,
2019_210_3121578,3121578,Deshaun Davis,Auburn,SEC,INSIDELINEBACKER,LB,2019,6,37,210,3,6.0,10.0,6.0,125.0,0.0,27.0,252.0,0.0,0.0,2.0,0.0,0.0,0.0,0.0,0.0,0.0,0.0,0.0,0.0,0.0,0.0,0.0,0.0,0.0,0.0,0.0,0.0,0.0,0.0,0.0,0.0,0.0,0.0,0.0,0.0,0.0,0.0,0.0,0.0,,,,,,,,,,,,,,,
2019_211_3705353,3705353,Rodney Anderson,Oklahoma,Big 12,RUNNINGBACK,RB,2019,6,38,211,3,0.0,0.0,0.0,0.0,0.0,0.0,0.0,0.0,0.0,0.0,0.0,0.0,0.0,4.0,0.0,38.0,0.0,0.0,0.0,0.0,0.0,0.0,0.0,0.0,0.0,0.0,1.0,0.0,7.0,0.0,0.0,0.0,0.0,17.0,5.0,281.0,200.0,16.0,1285.0,21.0,,7.0,,46.0,65.0,,,16.529411764705884,6.425,9.5,7.0,,,
2019_213_3122135,3122135,Donovan Wilson,Texas A&M,SEC,SAFETY,DB,2019,6,40,213,3,5.0,2.0,3.0,74.0,0.0,10.0,125.0,0.0,0.0,0.0,8.0,1.0,76.0,0.0,0.0,0.0,0.0,0.0,0.0,0.0,0.0,0.0,0.0,0.0,0.0,0.0,0.0,0.0,0.0,0.0,0.0,0.0,0.0,0.0,0.0,0.0,0.0,0.0,0.0,,,,,,,,,,,,,,,9.5
2019_214_4361606,4361606,Darwin Thompson,Utah State,Mountain West,RUNNINGBACK,RB,2019,6,41,214,1,0.0,0.0,0.0,1.0,0.0,0.0,1.0,1.0,0.0,0.0,0.0,0.0,0.0,0.0,0.0,0.0,0.0,0.0,0.0,0.0,0.0,0.0,0.0,0.0,0.0,0.0,0.0,0.0,0.0,0.0,0.0,0.0,0.0,23.0,2.0,351.0,153.0,14.0,1044.0,,,,,88.0,68.0,,,15.26086956521739,6.823529411764706,,,,,
2019_215_3924310,3924310,Terry Beckner Jr.,Missouri,SEC,DEFENSIVETACKLE,DL,2019,7,1,215,3,3.0,13.0,10.5,60.0,0.0,24.5,96.0,0.0,0.0,1.0,1.0,0.0,49.0,0.0,0.0,0.0,0.0,0.0,0.0,0.0,0.0,0.0,0.0,0.0,0.0,0.0,0.0,0.0,0.0,0.0,0.0,0.0,0.0,0.0,0.0,0.0,0.0,0.0,0.0,,,,,,,,,,,,,,,49.0
2019_216_3115922,3115922,Nick Allegretti,Illinois,Big Ten,CENTER,OL,2019,7,2,216,1,0.0,0.0,0.0,1.0,0.0,0.0,1.0,0.0,0.0,0.0,0.0,0.0,0.0,0.0,0.0,0.0,0.0,0.0,0.0,0.0,0.0,0.0,0.0,0.0,0.0,0.0,0.0,0.0,0.0,0.0,0.0,0.0,0.0,0.0,0.0,0.0,0.0,0.0,0.0,,,,,,,,,,,,,,,
2019_217_3929845,3929845,Kris Boyd,Texas,Big 12,CORNERBACK,DB,2019,7,3,217,4,36.0,1.0,1.0,130.0,0.0,6.5,172.0,1.0,1.0,3.0,4.0,0.0,70.0,18.0,0.0,399.0,0.0,0.0,0.0,0.0,0.0,0.0,0.0,0.0,0.0,0.0,0.0,0.0,0.0,0.0,0.0,0.0,0.0,0.0,0.0,0.0,0.0,0.0,0.0,38.0,,,,,,,,,,22.166666666666668,,,,17.5
2019_218_3915536,3915536,Mike Weber,Ohio State,Big Ten,RUNNINGBACK,RB,2019,7,4,218,3,0.0,0.0,0.0,1.0,0.0,0.0,2.0,10.0,5.0,0.0,0.0,0.0,0.0,9.0,0.0,143.0,0.0,0.0,0.0,0.0,0.0,0.0,0.0,0.0,0.0,0.0,0.0,0.0,0.0,0.0,0.0,0.0,0.0,54.0,1.0,297.0,454.0,24.0,2676.0,21.0,,,,53.0,82.0,,,5.5,5.894273127753304,15.88888888888889,,,,
2019_219_3115949,3115949,Derwin Gray,Maryland,Big Ten,OFFENSIVEGUARD,OL,2019,7,5,219,1,0.0,0.0,0.0,1.0,0.0,0.0,1.0,0.0,0.0,0.0,0.0,0.0,0.0,0.0,0.0,0.0,0.0,0.0,0.0,0.0,0.0,0.0,0.0,0.0,0.0,0.0,0.0,0.0,0.0,0.0,0.0,0.0,0.0,0.0,0.0,0.0,0.0,0.0,0.0,,,,,,,,,,,,,,,
2019_220_3122143,3122143,Cullen Gillaspia,Texas A&M,SEC,RUNNINGBACK,RB,2019,7,6,220,3,0.0,0.0,0.0,17.0,0.0,0.0,24.0,0.0,0.0,1.0,0.0,0.0,0.0,3.0,0.0,27.0,0.0,0.0,0.0,0.0,0.0,0.0,0.0,0.0,0.0,0.0,1.0,0.0,3.0,0.0,0.0,0.0,0.0,5.0,0.0,52.0,5.0,1.0,33.0,14.0,,3.0,,21.0,13.0,,,10.4,6.6,9.0,3.0,,,
2019_221_3126245,3126245,Donnie Lewis Jr.,Tulane,American Athletic,CORNERBACK,DB,2019,7,7,221,3,35.0,2.0,0.5,104.0,1.0,7.5,131.0,1.0,0.0,1.0,8.0,1.0,79.0,0.0,0.0,0.0,0.0,0.0,0.0,0.0,0.0,0.0,0.0,0.0,0.0,0.0,3.0,0.0,0.0,0.0,0.0,0.0,0.0,0.0,0.0,0.0,0.0,0.0,0.0,,,1.0,,,,,,,,,0.0,,,9.875
2019_222_3919104,3919104,Kerrith Whyte Jr.,Florida Atlantic,Conference USA,RUNNINGBACK,RB,2019,7,8,222,3,0.0,0.0,0.0,3.0,2.0,0.0,4.0,3.0,2.0,0.0,0.0,0.0,0.0,82.0,2.0,2108.0,0.0,0.0,0.0,0.0,0.0,0.0,0.0,0.0,0.0,0.0,0.0,0.0,0.0,0.0,0.0,0.0,0.0,22.0,2.0,227.0,232.0,11.0,1358.0,100.0,,,,75.0,82.0,,,10.318181818181818,5.853448275862069,25.70731707317073,,,,
2019_223_3121034,3121034,Jordan Brown,South Dakota State,MVFC,CORNERBACK,DB,2019,7,9,223,1,0.0,0.0,0.0,0.0,0.0,0.0,0.0,0.0,0.0,0.0,1.0,0.0,11.0,2.0,0.0,25.0,0.0,0.0,0.0,0.0,0.0,0.0,0.0,0.0,0.0,0.0,0.0,0.0,0.0,0.0,0.0,0.0,0.0,0.0,0.0,0.0,0.0,0.0,0.0,19.0,,,,,,,,,,12.5,,,,11.0
2019_224_4035014,4035014,Isaac Nauta,Georgia,SEC,TIGHTEND,TE,2019,7,10,224,3,1.0,0.0,0.0,3.0,0.0,0.0,3.0,0.0,0.0,1.0,0.0,0.0,0.0,0.0,0.0,0.0,0.0,0.0,0.0,0.0,0.0,0.0,0.0,0.0,0.0,0.0,0.0,0.0,0.0,0.0,0.0,0.0,0.0,68.0,8.0,905.0,0.0,1.0,31.0,,,,,55.0,31.0,,,13.308823529411764,inf,,,,,
2019_225_3957672,3957672,Darryl Johnson,North Carolina A&T,MEAC,OUTSIDELINEBACKER,LB,2019,7,11,225,3,0.0,1.0,2.5,9.0,0.0,3.5,16.0,0.0,0.0,0.0,0.0,0.0,0.0,0.0,0.0,0.0,0.0,0.0,0.0,0.0,0.0,0.0,0.0,0.0,0.0,0.0,0.0,0.0,0.0,0.0,0.0,0.0,0.0,0.0,0.0,0.0,0.0,0.0,0.0,,,,,,,,,,,,,,,
2019_226_3116431,3116431,Ty Summers,TCU,Big 12,INSIDELINEBACKER,LB,2019,7,12,226,4,8.0,7.0,9.5,122.0,0.0,18.5,226.0,0.0,0.0,1.0,2.0,0.0,12.0,0.0,0.0,0.0,0.0,0.0,0.0,0.0,0.0,0.0,0.0,0.0,0.0,0.0,0.0,0.0,0.0,0.0,0.0,0.0,0.0,0.0,0.0,0.0,0.0,0.0,0.0,,,,,,,,,,,,,,,6.0
2019_227_3120508,3120508,Jimmy Moreland,James Madison,CAA,CORNERBACK,DB,2019,7,13,227,4,0.0,1.0,0.0,20.0,0.0,0.5,24.0,0.0,0.0,0.0,1.0,0.0,12.0,0.0,0.0,0.0,0.0,0.0,0.0,0.0,0.0,0.0,0.0,0.0,0.0,0.0,0.0,0.0,0.0,0.0,0.0,0.0,0.0,0.0,0.0,0.0,0.0,0.0,0.0,,,,,,,,,,,,,,,12.0
2019_228_3122818,3122818,Tommy Sweeney,Boston College,ACC,TIGHTEND,TE,2019,7,14,228,4,0.0,0.0,0.0,2.0,0.0,0.0,2.0,2.0,1.0,0.0,0.0,0.0,0.0,0.0,0.0,0.0,0.0,0.0,0.0,0.0,0.0,0.0,0.0,0.0,0.0,0.0,0.0,0.0,0.0,0.0,0.0,0.0,0.0,99.0,10.0,1281.0,0.0,0.0,0.0,,,,,48.0,,,,12.93939393939394,,,,,,
2019_229_3910660,3910660,PJ Johnson,Arizona,Pac-12,DEFENSIVETACKLE,DL,2019,7,15,229,1,1.0,0.0,3.0,19.0,0.0,6.5,27.0,0.0,0.0,2.0,0.0,0.0,0.0,0.0,0.0,0.0,0.0,0.0,0.0,0.0,0.0,0.0,0.0,0.0,0.0,0.0,0.0,0.0,0.0,0.0,0.0,0.0,0.0,0.0,0.0,0.0,0.0,0.0,0.0,,,,,,,,,,,,,,,
2019_230_3933407,3933407,Quinton Bell,Prairie View A&M,SWAC,DEFENSIVEEND,DL,2019,7,16,230,3,0.0,0.0,0.0,1.0,0.0,0.0,10.0,0.0,0.0,0.0,0.0,0.0,0.0,0.0,0.0,0.0,0.0,0.0,0.0,0.0,0.0,0.0,0.0,0.0,0.0,0.0,0.0,0.0,0.0,0.0,0.0,0.0,0.0,2.0,1.0,55.0,0.0,0.0,0.0,,,,,47.0,,,,27.5,,,,,,
2019_231_3932433,3932433,Alize Mack,Notre Dame,FBS Independents,TIGHTEND,TE,2019,7,17,231,3,0.0,0.0,0.0,0.0,0.0,0.0,0.0,0.0,0.0,0.0,0.0,0.0,0.0,0.0,0.0,0.0,0.0,0.0,0.0,0.0,0.0,0.0,0.0,0.0,0.0,0.0,0.0,0.0,0.0,0.0,0.0,0.0,0.0,68.0,4.0,716.0,0.0,0.0,0.0,,,,,47.0,,,,10.529411764705882,,,,,,
2019_232_3915238,3915238,George Asafo-Adjei,Kentucky,SEC,OFFENSIVEGUARD,OL,2019,7,18,232,1,0.0,0.0,0.0,1.0,0.0,0.0,1.0,0.0,0.0,0.0,0.0,0.0,0.0,0.0,0.0,0.0,0.0,0.0,0.0,0.0,0.0,0.0,0.0,0.0,0.0,0.0,0.0,0.0,0.0,0.0,0.0,0.0,0.0,0.0,0.0,0.0,0.0,0.0,0.0,,,,,,,,,,,,,,,
2019_233_3843217,3843217,Chandler Cox,Auburn,SEC,FULLBACK,RB,2019,7,19,233,4,0.0,0.0,0.0,1.0,0.0,0.0,1.0,0.0,0.0,0.0,0.0,0.0,0.0,1.0,0.0,18.0,0.0,0.0,0.0,0.0,0.0,2.0,1.0,1.0,0.0,-3.0,0.0,0.0,0.0,0.0,0.0,0.0,0.0,25.0,1.0,225.0,11.0,3.0,18.0,18.0,,,,21.0,6.0,0.5,-1.5,9.0,1.6363636363636365,18.0,,,,
2019_234_3886818,3886818,Myles Gaskin,Washington,Pac-12,RUNNINGBACK,RB,2019,7,20,234,4,0.0,0.0,0.0,1.0,0.0,0.0,1.0,2.0,1.0,0.0,0.0,0.0,0.0,6.0,0.0,90.0,0.0,0.0,0.0,0.0,0.0,1.0,1.0,0.0,1.0,2.0,0.0,0.0,0.0,0.0,0.0,0.0,0.0,65.0,5.0,465.0,943.0,57.0,5324.0,25.0,,,,76.0,86.0,1.0,2.0,7.153846153846154,5.645811240721103,15.0,,,,
2019_235_3121587,3121587,Dontavius Russell,Auburn,SEC,DEFENSIVETACKLE,DL,2019,7,21,235,3,3.0,13.0,3.5,39.0,0.0,11.5,107.0,0.0,0.0,0.0,0.0,0.0,0.0,0.0,0.0,0.0,0.0,0.0,0.0,0.0,0.0,0.0,0.0,0.0,0.0,0.0,0.0,0.0,0.0,0.0,0.0,0.0,0.0,0.0,0.0,0.0,0.0,0.0,0.0,,,,,,,,,,,,,,,
2019_236_3933064,3933064,John Ursua,Hawai'i,Mountain West,WIDERECEIVER,WR,2019,7,22,236,3,0.0,0.0,0.0,0.0,0.0,0.0,0.0,2.0,0.0,0.0,0.0,0.0,0.0,0.0,0.0,0.0,0.0,0.0,0.0,0.0,0.0,0.0,0.0,0.0,0.0,0.0,10.0,0.0,74.0,0.0,0.0,0.0,0.0,189.0,24.0,2662.0,6.0,2.0,12.0,,,30.0,,85.0,5.0,,,14.084656084656086,2.0,,7.4,,,
2019_237_3915174,3915174,Terry Godwin,Georgia,SEC,WIDERECEIVER,WR,2019,7,23,237,4,0.0,0.0,0.0,0.0,1.0,0.0,1.0,4.0,2.0,0.0,0.0,0.0,0.0,2.0,1.0,70.0,0.0,0.0,0.0,0.0,0.0,3.0,1.0,1.0,1.0,44.0,7.0,0.0,60.0,0.0,0.0,0.0,0.0,133.0,11.0,1788.0,11.0,1.0,51.0,43.0,,19.0,,75.0,28.0,0.3333333333333333,14.666666666666666,13.443609022556393,4.636363636363637,35.0,8.571428571428571,,,
2019_239_4038938,4038938,Dillon Mitchell,Oregon,Pac-12,WIDERECEIVER,WR,2019,7,25,239,3,0.0,0.0,0.0,1.0,0.0,0.0,1.0,4.0,1.0,0.0,0.0,0.0,0.0,3.0,0.0,49.0,0.0,0.0,0.0,0.0,0.0,0.0,0.0,0.0,0.0,0.0,23.0,0.0,125.0,0.0,0.0,0.0,0.0,119.0,14.0,1710.0,5.0,0.0,11.0,21.0,,45.0,,67.0,17.0,,,14.369747899159664,2.2,16.333333333333332,5.434782608695652,,,
2019_240_3122865,3122865,Jackson Barton,Utah,Pac-12,OFFENSIVETACKLE,OL,2019,7,26,240,1,0.0,0.0,0.0,2.0,0.0,0.0,2.0,0.0,0.0,0.0,0.0,0.0,0.0,0.0,0.0,0.0,0.0,0.0,0.0,0.0,0.0,0.0,0.0,0.0,0.0,0.0,0.0,0.0,0.0,0.0,0.0,0.0,0.0,0.0,0.0,0.0,0.0,0.0,0.0,,,,,,,,,,,,,,,
2019_241_3122692,3122692,Jalen Jelks,Oregon,Pac-12,DEFENSIVEEND,DL,2019,7,27,241,3,10.0,9.0,12.5,82.0,0.0,26.0,141.0,0.0,0.0,1.0,1.0,0.0,1.0,0.0,0.0,0.0,0.0,0.0,0.0,0.0,0.0,0.0,0.0,0.0,0.0,0.0,0.0,0.0,0.0,0.0,0.0,0.0,0.0,0.0,0.0,0.0,0.0,0.0,0.0,,,,,,,,,,,,,,,1.0
2019_242_3139036,3139036,Cortez Broughton,Cincinnati,American Athletic,DEFENSIVETACKLE,DL,2019,7,28,242,3,8.0,11.0,9.0,63.0,0.0,25.0,126.0,0.0,0.0,1.0,1.0,0.0,-2.0,0.0,0.0,0.0,0.0,0.0,0.0,0.0,0.0,0.0,0.0,0.0,0.0,0.0,0.0,0.0,0.0,0.0,0.0,0.0,0.0,0.0,0.0,0.0,0.0,0.0,0.0,,,,,,,,,,,,,,,-2.0
2019_243_3116179,3116179,Nick Scott,Penn State,Big Ten,SAFETY,DB,2019,7,29,243,4,2.0,0.0,1.0,55.0,0.0,2.5,105.0,0.0,0.0,1.0,3.0,0.0,16.0,19.0,0.0,448.0,0.0,0.0,0.0,0.0,0.0,2.0,2.0,0.0,1.0,46.0,0.0,0.0,0.0,0.0,0.0,0.0,0.0,4.0,0.0,43.0,30.0,1.0,133.0,58.0,,,,22.0,35.0,1.0,23.0,10.75,4.433333333333334,23.57894736842105,,,,5.333333333333333
2019_244_3124890,3124890,Kaden Elliss,Idaho,Sun Belt,OUTSIDELINEBACKER,LB,2019,7,30,244,3,6.0,6.0,10.0,106.0,1.0,24.5,153.0,0.0,0.0,3.0,5.0,1.0,56.0,0.0,0.0,0.0,0.0,0.0,0.0,0.0,0.0,0.0,0.0,0.0,0.0,0.0,0.0,0.0,0.0,0.0,0.0,0.0,0.0,7.0,2.0,156.0,0.0,0.0,0.0,,,,,45.0,,,,22.285714285714285,,,,,,11.2
2019_245_3124015,3124015,Chris Slayton,Syracuse,ACC,DEFENSIVETACKLE,DL,2019,7,31,245,3,2.0,9.0,8.5,52.0,0.0,26.5,85.0,0.0,0.0,1.0,0.0,0.0,0.0,0.0,0.0,0.0,0.0,0.0,0.0,0.0,0.0,0.0,0.0,0.0,0.0,0.0,0.0,0.0,0.0,0.0,0.0,0.0,0.0,0.0,0.0,0.0,0.0,0.0,0.0,,,,,,,,,,,,,,,
2019_246_3691031,3691031,Javon Patterson,Ole Miss,SEC,CENTER,OL,2019,7,32,246,1,0.0,0.0,0.0,0.0,0.0,0.0,0.0,1.0,0.0,0.0,0.0,0.0,0.0,0.0,0.0,0.0,0.0,0.0,0.0,0.0,0.0,0.0,0.0,0.0,0.0,0.0,0.0,0.0,0.0,0.0,0.0,0.0,0.0,0.0,0.0,0.0,0.0,0.0,0.0,,,,,,,,,,,,,,,
2019_247_3917067,3917067,Olabisi Johnson,Colorado State,Mountain West,WIDERECEIVER,WR,2019,7,33,247,4,0.0,0.0,0.0,4.0,0.0,0.0,6.0,3.0,2.0,0.0,0.0,0.0,0.0,1.0,0.0,23.0,0.0,0.0,0.0,0.0,0.0,0.0,0.0,0.0,0.0,0.0,26.0,0.0,170.0,0.0,0.0,0.0,0.0,125.0,11.0,2019.0,1.0,0.0,13.0,23.0,,38.0,,73.0,13.0,,,16.152,13.0,23.0,6.538461538461538,,,
2019_249_3138765,3138765,Michael Dogbe,Temple,American Athletic,DEFENSIVEEND,DL,2019,7,35,249,3,0.0,3.0,8.5,68.0,0.0,19.5,141.0,0.0,0.0,0.0,0.0,0.0,0.0,0.0,0.0,0.0,0.0,0.0,0.0,0.0,0.0,0.0,0.0,0.0,0.0,0.0,0.0,0.0,0.0,0.0,0.0,0.0,0.0,0.0,0.0,0.0,0.0,0.0,0.0,,,,,,,,,,,,,,,
2019_250_4038201,4038201,Austin Cutting,Air Force,Mountain West,LONGSNAPPER,ST,2019,7,36,250,3,0.0,0.0,0.0,2.0,0.0,0.0,4.0,0.0,0.0,0.0,0.0,0.0,0.0,0.0,0.0,0.0,0.0,0.0,0.0,0.0,0.0,0.0,0.0,0.0,0.0,0.0,0.0,0.0,0.0,0.0,0.0,0.0,0.0,0.0,0.0,0.0,0.0,0.0,0.0,,,,,,,,,,,,,,,
2019_251_3139453,3139453,Dakota Allen,Texas Tech,Big 12,INSIDELINEBACKER,LB,2019,7,37,251,3,6.0,8.0,2.5,95.0,0.0,12.5,174.0,0.0,0.0,3.0,4.0,0.0,40.0,1.0,0.0,3.0,0.0,0.0,0.0,0.0,0.0,0.0,0.0,0.0,0.0,0.0,0.0,0.0,0.0,0.0,0.0,0.0,0.0,1.0,0.0,1.0,0.0,0.0,0.0,3.0,,,,1.0,,,,1.0,,3.0,,,,10.0
2019_252_3128743,3128743,Ken Webster,Ole Miss,SEC,CORNERBACK,DB,2019,7,38,252,4,8.0,0.0,0.0,47.0,0.0,2.5,62.0,0.0,0.0,0.0,3.0,0.0,28.0,0.0,0.0,0.0,0.0,0.0,0.0,0.0,0.0,0.0,0.0,0.0,0.0,0.0,1.0,0.0,14.0,0.0,0.0,0.0,0.0,0.0,0.0,0.0,0.0,0.0,0.0,,,14.0,,,,,,,,,14.0,,,9.333333333333334
2019_253_3122420,3122420,Jordan Brailford,Oklahoma State,Big 12,DEFENSIVEEND,DL,2019,7,39,253,2,1.0,9.0,14.0,71.0,0.0,28.0,111.0,0.0,0.0,0.0,1.0,0.0,0.0,0.0,0.0,0.0,0.0,0.0,0.0,0.0,0.0,0.0,0.0,0.0,0.0,0.0,0.0,0.0,0.0,0.0,0.0,0.0,0.0,0.0,0.0,0.0,0.0,0.0,0.0,,,,,,,,,,,,,,,0.0
2019_254_3932936,3932936,Caleb Wilson,UCLA,Pac-12,TIGHTEND,TE,2019,7,40,254,3,0.0,0.0,0.0,2.0,0.0,0.0,2.0,0.0,0.0,0.0,0.0,0.0,0.0,3.0,0.0,29.0,0.0,0.0,0.0,0.0,0.0,1.0,1.0,0.0,0.0,39.0,0.0,0.0,0.0,0.0,0.0,0.0,0.0,114.0,5.0,1675.0,1.0,0.0,4.0,11.0,,,,66.0,4.0,1.0,39.0,14.692982456140353,4.0,9.666666666666666,,,,
2020_001_3915511,3915511,Joe Burrow,Ohio State,Big Ten,QUARTERBACK,QB,2020,1,1,1,4,0.0,0.0,0.0,2.0,0.0,0.0,2.0,11.0,5.0,0.0,0.0,0.0,0.0,0.0,0.0,0.0,0.0,0.0,0.0,0.0,0.0,945.0,650.0,11.0,78.0,8851.0,0.0,0.0,0.0,0.0,0.0,0.0,0.0,1.0,0.0,16.0,258.0,13.0,821.0,,,,,16.0,59.0,0.6878306878306878,9.366137566137564,16.0,3.182170542635659,,,,,
2020_002_4241986,4241986,Chase Young,Ohio State,Big Ten,DEFENSIVEEND,DL,2020,1,2,2,3,8.0,16.0,29.5,67.0,0.0,40.5,97.0,0.0,0.0,0.0,0.0,0.0,0.0,0.0,0.0,0.0,0.0,0.0,0.0,0.0,0.0,0.0,0.0,0.0,0.0,0.0,0.0,0.0,0.0,0.0,0.0,0.0,0.0,0.0,0.0,0.0,0.0,0.0,0.0,,,,,,,,,,,,,,,
2020_003_4241984,4241984,Jeffrey Okudah,Ohio State,Big Ten,CORNERBACK,DB,2020,1,3,3,3,18.0,0.0,0.0,64.0,0.0,1.0,83.0,0.0,0.0,2.0,3.0,0.0,0.0,0.0,0.0,0.0,0.0,0.0,0.0,0.0,0.0,0.0,0.0,0.0,0.0,0.0,0.0,0.0,0.0,0.0,0.0,0.0,0.0,0.0,0.0,0.0,0.0,0.0,0.0,,,,,,,,,,,,,,,0.0
2020_005_4241479,4241479,Tua Tagovailoa,Alabama,SEC,QUARTERBACK,QB,2020,1,5,5,3,0.0,0.0,0.0,1.0,0.0,0.0,1.0,5.0,3.0,0.0,0.0,0.0,0.0,0.0,0.0,0.0,0.0,0.0,0.0,0.0,0.0,684.0,474.0,11.0,87.0,7442.0,0.0,0.0,0.0,0.0,0.0,0.0,0.0,0.0,0.0,0.0,107.0,9.0,340.0,,,,,,44.0,0.6929824561403509,10.880116959064328,,3.177570093457944,,,,,
2020_006_4038941,4038941,Justin Herbert,Oregon,Pac-12,QUARTERBACK,QB,2020,1,6,6,4,1.0,0.0,0.0,2.0,0.0,0.0,2.0,11.0,3.0,0.0,0.0,0.0,0.0,0.0,0.0,0.0,0.0,0.0,0.0,0.0,0.0,1293.0,827.0,23.0,95.0,10541.0,0.0,0.0,0.0,0.0,0.0,0.0,0.0,0.0,0.0,0.0,231.0,13.0,560.0,,,,,,40.0,0.6395978344934261,8.152358855375097,,2.4242424242424243,,,,,
2020_007_4035495,4035495,Derrick Brown,Auburn,SEC,DEFENSIVETACKLE,DL,2020,1,7,7,4,8.0,11.0,11.5,87.0,0.0,32.5,166.0,0.0,0.0,4.0,0.0,0.0,0.0,0.0,0.0,0.0,0.0,0.0,0.0,0.0,0.0,0.0,0.0,0.0,0.0,0.0,0.0,0.0,0.0,0.0,0.0,0.0,0.0,0.0,0.0,0.0,1.0,0.0,2.0,,,,,,2.0,,,,2.0,,,,,
2020_008_4035462,4035462,Isaiah Simmons,Clemson,ACC,OUTSIDELINEBACKER,LB,2020,1,8,8,4,20.0,7.0,10.0,141.0,1.0,27.5,229.0,0.0,0.0,1.0,4.0,1.0,69.0,0.0,0.0,0.0,0.0,0.0,0.0,0.0,0.0,0.0,0.0,0.0,0.0,0.0,0.0,0.0,0.0,0.0,0.0,0.0,0.0,0.0,0.0,0.0,0.0,0.0,0.0,,,,,,,,,,,,,,,17.25
2020_009_4240596,4240596,CJ Henderson,Florida,SEC,CORNERBACK,DB,2020,1,9,9,3,20.0,3.0,4.0,66.0,2.0,8.5,93.0,1.0,1.0,0.0,6.0,2.0,82.0,0.0,0.0,0.0,0.0,0.0,0.0,0.0,0.0,0.0,0.0,0.0,0.0,0.0,0.0,0.0,0.0,0.0,0.0,0.0,0.0,0.0,0.0,0.0,0.0,0.0,0.0,,,,,,,,,,,,,,,13.666666666666666
2020_011_4240090,4240090,Mekhi Becton,Louisville,ACC,OFFENSIVETACKLE,OL,2020,1,11,11,2,0.0,0.0,0.0,1.0,0.0,0.0,1.0,0.0,0.0,0.0,0.0,0.0,0.0,0.0,0.0,0.0,0.0,0.0,0.0,0.0,0.0,0.0,0.0,0.0,0.0,0.0,0.0,0.0,0.0,0.0,0.0,0.0,0.0,0.0,0.0,0.0,1.0,1.0,1.0,,,,,,1.0,,,,1.0,,,,,
2020_012_4241475,4241475,Henry Ruggs III,Alabama,SEC,WIDERECEIVER,WR,2020,1,12,12,3,0.0,0.0,0.0,8.0,0.0,0.0,13.0,4.0,3.0,0.0,0.0,0.0,0.0,25.0,0.0,525.0,0.0,0.0,0.0,0.0,0.0,0.0,0.0,0.0,0.0,0.0,8.0,0.0,46.0,0.0,0.0,0.0,0.0,98.0,24.0,1716.0,2.0,1.0,75.0,40.0,,16.0,,81.0,75.0,,,17.510204081632654,37.5,21.0,5.75,,,
2020_013_4240589,4240589,Tristan Wirfs,Iowa,Big Ten,OFFENSIVETACKLE,OL,2020,1,13,13,1,0.0,0.0,0.0,1.0,0.0,0.0,1.0,0.0,0.0,0.0,0.0,0.0,0.0,0.0,0.0,0.0,0.0,0.0,0.0,0.0,0.0,0.0,0.0,0.0,0.0,0.0,0.0,0.0,0.0,0.0,0.0,0.0,0.0,0.0,0.0,0.0,0.0,0.0,0.0,,,,,,,,,,,,,,,
2020_014_4259491,4259491,Javon Kinlaw,South Carolina,SEC,DEFENSIVETACKLE,DL,2020,1,14,14,3,10.0,7.0,9.5,46.0,0.0,16.5,88.0,0.0,0.0,1.0,0.0,0.0,0.0,0.0,0.0,0.0,0.0,0.0,0.0,0.0,0.0,0.0,0.0,0.0,0.0,0.0,0.0,0.0,0.0,0.0,0.0,0.0,0.0,0.0,0.0,0.0,0.0,0.0,0.0,,,,,,,,,,,,,,,
2020_015_4241463,4241463,Jerry Jeudy,Alabama,SEC,WIDERECEIVER,WR,2020,1,15,15,3,0.0,0.0,0.0,0.0,0.0,0.0,1.0,2.0,1.0,0.0,0.0,0.0,0.0,0.0,0.0,0.0,0.0,0.0,0.0,0.0,0.0,0.0,0.0,0.0,0.0,0.0,0.0,0.0,0.0,0.0,0.0,0.0,0.0,159.0,26.0,2742.0,1.0,0.0,1.0,,,,,85.0,1.0,,,17.245283018867923,1.0,,,,,
2020_016_4239995,4239995,A.J. Terrell,Clemson,ACC,CORNERBACK,DB,2020,1,16,16,3,13.0,2.0,0.5,67.0,0.0,3.5,94.0,0.0,0.0,0.0,6.0,1.0,160.0,0.0,0.0,0.0,0.0,0.0,0.0,0.0,0.0,0.0,0.0,0.0,0.0,0.0,0.0,0.0,0.0,0.0,0.0,0.0,0.0,0.0,0.0,0.0,0.0,0.0,0.0,,,,,,,,,,,,,,,26.666666666666668
2020_017_4241389,4241389,CeeDee Lamb,Oklahoma,Big 12,WIDERECEIVER,WR,2020,1,17,17,3,0.0,0.0,0.0,2.0,0.0,0.0,2.0,3.0,2.0,0.0,0.0,0.0,0.0,0.0,0.0,0.0,0.0,0.0,0.0,0.0,0.0,2.0,1.0,0.0,1.0,2.0,56.0,0.0,475.0,0.0,0.0,0.0,0.0,172.0,32.0,3289.0,9.0,1.0,20.0,,,66.0,,86.0,21.0,0.5,1.0,19.122093023255815,2.2222222222222223,,8.482142857142858,,,
2020_018_4271632,4271632,Austin Jackson,USC,Pac-12,OFFENSIVETACKLE,OL,2020,1,18,18,1,0.0,0.0,0.0,1.0,0.0,0.0,3.0,0.0,0.0,0.0,0.0,0.0,0.0,0.0,0.0,0.0,0.0,0.0,0.0,0.0,0.0,0.0,0.0,0.0,0.0,0.0,0.0,0.0,0.0,0.0,0.0,0.0,0.0,0.0,0.0,0.0,0.0,0.0,0.0,,,,,,,,,,,,,,,
2020_019_3915506,3915506,Damon Arnette,Ohio State,Big Ten,CORNERBACK,DB,2020,1,19,19,4,22.0,0.0,0.0,104.0,1.0,4.0,140.0,1.0,0.0,1.0,5.0,1.0,132.0,0.0,0.0,0.0,0.0,0.0,0.0,0.0,0.0,0.0,0.0,0.0,0.0,0.0,0.0,0.0,0.0,0.0,0.0,0.0,0.0,0.0,0.0,0.0,0.0,0.0,0.0,,,,,,,,,,,,,,,26.4
2020_020_4242205,4242205,K'Lavon Chaisson,LSU,SEC,OUTSIDELINEBACKER,LB,2020,1,20,20,3,4.0,9.0,9.5,46.0,0.0,19.0,92.0,0.0,0.0,0.0,0.0,0.0,0.0,0.0,0.0,0.0,0.0,0.0,0.0,0.0,0.0,0.0,0.0,0.0,0.0,0.0,0.0,0.0,0.0,0.0,0.0,0.0,0.0,0.0,0.0,0.0,0.0,0.0,0.0,,,,,,,,,,,,,,,
2020_021_4241802,4241802,Jalen Reagor,TCU,Big 12,WIDERECEIVER,WR,2020,1,21,21,3,0.0,0.0,0.0,1.0,2.0,0.0,1.0,9.0,4.0,0.0,0.0,0.0,0.0,14.0,0.0,315.0,0.0,0.0,0.0,0.0,0.0,0.0,0.0,0.0,0.0,0.0,24.0,2.0,409.0,0.0,0.0,0.0,0.0,147.0,22.0,2239.0,36.0,2.0,332.0,37.0,,73.0,,93.0,83.0,,,15.231292517006803,9.22222222222222,22.5,17.041666666666668,,,
2020_022_4262921,4262921,Justin Jefferson,LSU,SEC,WIDERECEIVER,WR,2020,1,22,22,3,0.0,0.0,0.0,1.0,0.0,0.0,1.0,0.0,0.0,0.0,0.0,0.0,0.0,0.0,0.0,0.0,0.0,0.0,0.0,0.0,0.0,0.0,0.0,0.0,0.0,0.0,2.0,0.0,1.0,0.0,0.0,0.0,0.0,165.0,24.0,2414.0,6.0,0.0,30.0,,,2.0,,71.0,19.0,,,14.63030303030303,5.0,,0.5,,,
2020_023_4241394,4241394,Kenneth Murray,Oklahoma,Big 12,INSIDELINEBACKER,LB,2020,1,23,23,3,6.0,12.0,9.5,179.0,0.0,37.0,329.0,0.0,0.0,2.0,0.0,0.0,0.0,0.0,0.0,0.0,0.0,0.0,0.0,0.0,0.0,0.0,0.0,0.0,0.0,0.0,0.0,0.0,0.0,0.0,0.0,0.0,0.0,0.0,0.0,0.0,0.0,0.0,0.0,,,,,,,,,,,,,,,
2020_024_4258199,4258199,Cesar Ruiz,Michigan,Big Ten,CENTER,OL,2020,1,24,24,1,0.0,0.0,0.0,1.0,0.0,0.0,1.0,0.0,0.0,0.0,0.0,0.0,0.0,0.0,0.0,0.0,0.0,0.0,0.0,0.0,0.0,0.0,0.0,0.0,0.0,0.0,0.0,0.0,0.0,0.0,0.0,0.0,0.0,0.0,0.0,0.0,0.0,0.0,0.0,,,,,,,,,,,,,,,
2020_025_4360438,4360438,Brandon Aiyuk,Arizona State,Pac-12,WIDERECEIVER,WR,2020,1,25,25,2,0.0,0.0,0.0,2.0,1.0,0.0,2.0,5.0,0.0,0.0,0.0,0.0,0.0,28.0,0.0,760.0,0.0,0.0,0.0,0.0,0.0,0.0,0.0,0.0,0.0,0.0,25.0,1.0,293.0,0.0,0.0,0.0,0.0,98.0,11.0,1666.0,1.0,0.0,6.0,97.0,,63.0,,86.0,6.0,,,17.0,6.0,27.142857142857142,11.72,,,
2020_026_4036378,4036378,Jordan Love,Utah State,Mountain West,QUARTERBACK,QB,2020,1,26,26,3,0.0,0.0,0.0,1.0,0.0,0.0,1.0,12.0,6.0,0.0,0.0,0.0,0.0,0.0,0.0,0.0,0.0,0.0,0.0,0.0,0.0,1124.0,688.0,29.0,60.0,8585.0,0.0,0.0,0.0,0.0,0.0,0.0,0.0,0.0,0.0,0.0,170.0,9.0,403.0,,,,,,22.0,0.6120996441281139,7.637900355871886,,2.3705882352941177,,,,,
2020_027_4043130,4043130,Jordyn Brooks,Texas Tech,Big 12,OUTSIDELINEBACKER,LB,2020,1,27,27,4,6.0,26.0,7.0,226.0,0.0,32.5,366.0,0.0,0.0,3.0,2.0,0.0,5.0,0.0,0.0,0.0,0.0,0.0,0.0,0.0,0.0,0.0,0.0,0.0,0.0,0.0,0.0,0.0,0.0,0.0,0.0,0.0,0.0,0.0,0.0,0.0,0.0,0.0,0.0,,,,,,,,,,,,,,,2.5
2020_028_4242207,4242207,Patrick Queen,LSU,SEC,INSIDELINEBACKER,LB,2020,1,28,28,3,2.0,2.0,4.0,59.0,0.0,17.5,131.0,0.0,0.0,0.0,1.0,0.0,16.0,0.0,0.0,0.0,0.0,0.0,0.0,0.0,0.0,0.0,0.0,0.0,0.0,0.0,0.0,0.0,0.0,0.0,0.0,0.0,0.0,0.0,0.0,0.0,0.0,0.0,0.0,,,,,,,,,,,,,,,16.0
2020_030_4242516,4242516,Noah Igbinoghene,Auburn,SEC,CORNERBACK,DB,2020,1,30,30,3,18.0,0.0,0.0,57.0,2.0,2.0,80.0,2.0,0.0,0.0,1.0,0.0,0.0,44.0,2.0,1199.0,0.0,0.0,0.0,0.0,0.0,0.0,0.0,0.0,0.0,0.0,0.0,0.0,0.0,0.0,0.0,0.0,0.0,6.0,0.0,24.0,1.0,0.0,11.0,96.0,,,,14.0,11.0,,,4.0,11.0,27.25,,,,0.0
2020_031_3676819,3676819,Jeff Gladney,TCU,Big 12,CORNERBACK,DB,2020,1,31,31,4,38.0,0.0,0.5,95.0,0.0,3.0,129.0,1.0,0.0,0.0,5.0,0.0,128.0,0.0,0.0,0.0,0.0,0.0,0.0,0.0,0.0,0.0,0.0,0.0,0.0,0.0,0.0,0.0,0.0,0.0,0.0,0.0,0.0,0.0,0.0,0.0,0.0,0.0,0.0,,,,,,,,,,,,,,,25.6
2020_032_4242214,4242214,Clyde Edwards-Helaire,LSU,SEC,RUNNINGBACK,RB,2020,1,32,32,3,0.0,0.0,0.0,1.0,0.0,0.0,1.0,2.0,1.0,0.0,0.0,0.0,0.0,45.0,0.0,867.0,0.0,0.0,0.0,0.0,0.0,1.0,1.0,0.0,1.0,11.0,0.0,0.0,0.0,0.0,0.0,0.0,0.0,68.0,1.0,596.0,357.0,23.0,2048.0,77.0,,,,30.0,89.0,1.0,11.0,8.764705882352942,5.7366946778711485,19.266666666666666,,,,
2020_033_4239993,4239993,Tee Higgins,Clemson,ACC,WIDERECEIVER,WR,2020,2,1,33,3,0.0,0.0,0.0,1.0,0.0,0.0,1.0,0.0,0.0,0.0,0.0,0.0,0.0,1.0,0.0,3.0,0.0,0.0,0.0,0.0,0.0,0.0,0.0,0.0,0.0,0.0,0.0,0.0,0.0,0.0,0.0,0.0,0.0,135.0,27.0,2448.0,1.0,1.0,36.0,3.0,,,,78.0,36.0,,,18.133333333333333,36.0,3.0,,,,
2020_034_4035687,4035687,Michael Pittman Jr.,USC,Pac-12,WIDERECEIVER,WR,2020,2,2,34,4,0.0,0.0,0.0,13.0,1.0,0.0,16.0,2.0,2.0,0.0,0.0,0.0,0.0,4.0,0.0,31.0,0.0,0.0,0.0,0.0,0.0,0.0,0.0,0.0,0.0,0.0,6.0,1.0,156.0,0.0,0.0,0.0,0.0,170.0,19.0,2504.0,2.0,0.0,20.0,13.0,,72.0,,77.0,11.0,,,14.729411764705882,10.0,7.75,26.0,,,
2020_035_4259545,4259545,D'Andre Swift,Georgia,SEC,RUNNINGBACK,RB,2020,2,3,35,3,0.0,1.0,0.0,2.0,0.0,0.0,2.0,5.0,3.0,0.0,0.0,0.0,0.0,2.0,0.0,16.0,0.0,0.0,0.0,0.0,0.0,1.0,0.0,0.0,0.0,0.0,0.0,0.0,0.0,0.0,0.0,0.0,0.0,73.0,5.0,666.0,440.0,20.0,2885.0,12.0,,,,48.0,83.0,0.0,0.0,9.123287671232877,6.556818181818182,8.0,,,,
2020_036_4241470,4241470,Xavier McKinney,Alabama,SEC,SAFETY,DB,2020,2,4,36,3,15.0,7.0,6.0,109.0,2.0,13.0,177.0,0.0,0.0,1.0,5.0,2.0,101.0,0.0,0.0,0.0,0.0,0.0,0.0,0.0,0.0,0.0,0.0,0.0,0.0,0.0,0.0,0.0,0.0,0.0,0.0,0.0,0.0,0.0,0.0,0.0,0.0,0.0,0.0,,,,,,,,,,,,,,,20.2
2020_038_4259594,4259594,Yetur Gross-Matos,Penn State,Big Ten,DEFENSIVEEND,DL,2020,2,6,38,3,0.0,16.0,19.0,65.0,0.0,37.0,111.0,0.0,0.0,2.0,0.0,0.0,0.0,0.0,0.0,0.0,0.0,0.0,0.0,0.0,0.0,0.0,0.0,0.0,0.0,0.0,0.0,0.0,0.0,0.0,0.0,0.0,0.0,0.0,0.0,0.0,0.0,0.0,0.0,,,,,,,,,,,,,,,
2020_039_3917592,3917592,Robert Hunt,Louisiana,Sun Belt,OFFENSIVEGUARD,OL,2020,2,7,39,1,0.0,0.0,0.0,1.0,0.0,0.0,1.0,0.0,0.0,0.0,0.0,0.0,0.0,0.0,0.0,0.0,0.0,0.0,0.0,0.0,0.0,0.0,0.0,0.0,0.0,0.0,0.0,0.0,0.0,0.0,0.0,0.0,0.0,0.0,0.0,0.0,0.0,0.0,0.0,,,,,,,,,,,,,,,
2020_040_4038557,4038557,Ross Blacklock,TCU,Big 12,DEFENSIVETACKLE,DL,2020,2,8,40,2,0.0,3.0,5.5,38.0,0.0,15.5,65.0,0.0,0.0,0.0,0.0,0.0,0.0,0.0,0.0,0.0,0.0,0.0,0.0,0.0,0.0,0.0,0.0,0.0,0.0,0.0,0.0,0.0,0.0,0.0,0.0,0.0,0.0,0.0,0.0,0.0,0.0,0.0,0.0,,,,,,,,,,,,,,,
2020_041_4242335,4242335,Jonathan Taylor,Wisconsin,Big Ten,RUNNINGBACK,RB,2020,2,9,41,3,0.0,0.0,0.0,0.0,0.0,0.0,0.0,17.0,15.0,0.0,0.0,0.0,0.0,0.0,0.0,0.0,0.0,0.0,0.0,0.0,0.0,0.0,0.0,0.0,0.0,0.0,0.0,0.0,0.0,0.0,0.0,0.0,0.0,42.0,5.0,407.0,897.0,49.0,5991.0,,,,,36.0,88.0,,,9.69047619047619,6.678929765886288,,,,,
2020_042_4243160,4243160,Laviska Shenault Jr.,Colorado,Pac-12,WIDERECEIVER,WR,2020,2,10,42,3,0.0,0.0,0.0,4.0,1.0,0.0,4.0,2.0,2.0,0.0,0.0,0.0,0.0,1.0,0.0,54.0,0.0,0.0,0.0,0.0,0.0,0.0,0.0,0.0,0.0,0.0,1.0,1.0,55.0,0.0,0.0,0.0,0.0,149.0,10.0,1943.0,42.0,7.0,280.0,54.0,,55.0,,89.0,49.0,,,13.04026845637584,6.666666666666667,54.0,55.0,,,
2020_043_4258595,4258595,Cole Kmet,Notre Dame,FBS Independents,TIGHTEND,TE,2020,2,11,43,3,0.0,0.0,0.0,4.0,0.0,0.0,5.0,1.0,0.0,0.0,0.0,0.0,0.0,1.0,0.0,11.0,0.0,0.0,0.0,0.0,0.0,1.0,0.0,0.0,0.0,0.0,0.0,0.0,0.0,0.0,0.0,0.0,0.0,60.0,6.0,691.0,0.0,0.0,0.0,11.0,,,,37.0,,0.0,0.0,11.516666666666667,,11.0,,,,
2020_044_4242208,4242208,Grant Delpit,LSU,SEC,SAFETY,DB,2020,2,12,44,3,24.0,6.0,7.0,120.0,0.0,17.5,199.0,0.0,0.0,1.0,8.0,0.0,0.0,0.0,0.0,0.0,0.0,0.0,0.0,0.0,0.0,0.0,0.0,0.0,0.0,0.0,0.0,0.0,0.0,0.0,0.0,0.0,0.0,0.0,0.0,0.0,0.0,0.0,0.0,,,,,,,,,,,,,,,0.0
2020_045_4034790,4034790,Antoine Winfield Jr.,Minnesota,Big Ten,SAFETY,DB,2020,2,13,45,4,6.0,0.0,3.0,109.0,3.0,6.0,154.0,1.0,0.0,3.0,9.0,2.0,193.0,0.0,0.0,0.0,0.0,0.0,0.0,0.0,0.0,0.0,0.0,0.0,0.0,0.0,3.0,1.0,110.0,0.0,0.0,0.0,0.0,0.0,0.0,0.0,0.0,0.0,0.0,,,76.0,,,,,,,,,36.666666666666664,,,21.444444444444443
2020_046_4240380,4240380,KJ Hamler,Penn State,Big Ten,WIDERECEIVER,WR,2020,2,14,46,2,0.0,0.0,0.0,0.0,0.0,0.0,0.0,5.0,0.0,0.0,0.0,0.0,0.0,44.0,0.0,1019.0,0.0,0.0,0.0,0.0,0.0,0.0,0.0,0.0,0.0,0.0,39.0,0.0,222.0,0.0,0.0,0.0,0.0,99.0,13.0,1659.0,17.0,1.0,87.0,67.0,,33.0,,93.0,32.0,,,16.757575757575758,5.117647058823529,23.15909090909091,5.6923076923076925,,,
2020_047_4035494,4035494,Marlon Davidson,Auburn,SEC,DEFENSIVETACKLE,DL,2020,2,15,47,4,9.0,26.0,16.5,91.0,0.0,28.5,173.0,0.0,0.0,3.0,0.0,0.0,0.0,0.0,0.0,0.0,0.0,0.0,0.0,0.0,0.0,0.0,0.0,0.0,0.0,0.0,0.0,0.0,0.0,0.0,0.0,0.0,0.0,0.0,0.0,0.0,0.0,0.0,0.0,,,,,,,,,,,,,,,
2020_048_3915396,3915396,Darrell Taylor,Tennessee,SEC,DEFENSIVEEND,DL,2020,2,16,48,4,7.0,17.0,19.5,75.0,0.0,26.5,118.0,0.0,0.0,4.0,0.0,0.0,0.0,0.0,0.0,0.0,0.0,0.0,0.0,0.0,0.0,0.0,0.0,0.0,0.0,0.0,0.0,0.0,0.0,0.0,0.0,0.0,0.0,0.0,0.0,0.0,0.0,0.0,0.0,,,,,,,,,,,,,,,
2020_049_4046692,4046692,Chase Claypool,Notre Dame,FBS Independents,WIDERECEIVER,WR,2020,2,17,49,4,0.0,0.0,0.0,17.0,0.0,0.0,24.0,0.0,0.0,2.0,0.0,0.0,0.0,0.0,0.0,0.0,0.0,0.0,0.0,0.0,0.0,0.0,0.0,0.0,0.0,0.0,0.0,0.0,0.0,0.0,0.0,0.0,0.0,150.0,19.0,2159.0,3.0,0.0,6.0,,,,,47.0,9.0,,,14.393333333333333,2.0,,,,,
2020_050_4243253,4243253,Jaylon Johnson,Utah,Pac-12,CORNERBACK,DB,2020,2,18,50,3,21.0,0.0,1.0,82.0,2.0,3.0,96.0,0.0,0.0,0.0,7.0,2.0,165.0,0.0,0.0,0.0,0.0,0.0,0.0,0.0,0.0,0.0,0.0,0.0,0.0,0.0,0.0,0.0,0.0,0.0,0.0,0.0,0.0,0.0,0.0,0.0,0.0,0.0,0.0,,,,,,,,,,,,,,,23.571428571428573
2020_051_4040966,4040966,Trevon Diggs,Alabama,SEC,CORNERBACK,DB,2020,2,19,51,4,17.0,0.0,0.0,43.0,2.0,0.5,68.0,4.0,0.0,2.0,4.0,1.0,79.0,15.0,0.0,357.0,0.0,0.0,0.0,0.0,0.0,0.0,0.0,0.0,0.0,0.0,32.0,0.0,284.0,0.0,0.0,0.0,0.0,11.0,1.0,88.0,0.0,0.0,0.0,55.0,,47.0,,17.0,,,,8.0,,23.8,8.875,,,19.75
2020_052_4240021,4240021,Cam Akers,Florida State,ACC,RUNNINGBACK,RB,2020,2,20,52,3,0.0,0.0,0.0,1.0,0.0,0.0,1.0,10.0,7.0,0.0,0.0,0.0,0.0,1.0,0.0,15.0,0.0,0.0,0.0,0.0,0.0,8.0,5.0,0.0,0.0,97.0,0.0,0.0,0.0,0.0,0.0,0.0,0.0,69.0,7.0,486.0,586.0,27.0,2874.0,15.0,,,,44.0,85.0,0.625,12.125,7.043478260869565,4.90443686006826,15.0,,,,
2020_053_4040715,4040715,Jalen Hurts,Oklahoma,Big 12,QUARTERBACK,QB,2020,2,21,53,4,0.0,0.0,0.0,4.0,0.0,0.0,4.0,25.0,14.0,0.0,0.0,0.0,0.0,0.0,0.0,0.0,0.0,0.0,0.0,0.0,0.0,1047.0,682.0,20.0,80.0,9477.0,0.0,0.0,0.0,0.0,0.0,0.0,0.0,5.0,1.0,40.0,614.0,43.0,3274.0,,,,,21.0,60.0,0.6513849092645654,9.051575931232092,8.0,5.3322475570032575,,,,,
2020_054_4240585,4240585,A.J. Epenesa,Iowa,Big Ten,DEFENSIVEEND,DL,2020,2,22,54,3,8.0,25.0,26.5,61.0,1.0,37.0,101.0,0.0,0.0,1.0,0.0,0.0,0.0,0.0,0.0,0.0,0.0,0.0,0.0,0.0,0.0,0.0,0.0,0.0,0.0,0.0,1.0,0.0,16.0,0.0,0.0,0.0,0.0,1.0,0.0,15.0,0.0,0.0,0.0,,,0.0,,15.0,,,,15.0,,,16.0,,,
2020_055_4241985,4241985,J.K. Dobbins,Ohio State,Big Ten,RUNNINGBACK,RB,2020,2,23,55,3,0.0,0.0,1.0,2.0,0.0,2.0,2.0,5.0,4.0,0.0,0.0,0.0,0.0,0.0,0.0,0.0,0.0,0.0,0.0,0.0,0.0,0.0,0.0,0.0,0.0,0.0,0.0,0.0,0.0,0.0,0.0,0.0,0.0,71.0,5.0,645.0,724.0,38.0,4459.0,,,,,35.0,77.0,,,9.084507042253522,6.1588397790055245,,,,,
2020_056_4040965,4040965,Raekwon Davis,Alabama,SEC,DEFENSIVETACKLE,DL,2020,2,24,56,4,0.0,13.0,11.5,67.0,0.0,19.5,175.0,0.0,0.0,1.0,1.0,0.0,19.0,0.0,0.0,0.0,0.0,0.0,0.0,0.0,0.0,0.0,0.0,0.0,0.0,0.0,0.0,0.0,0.0,0.0,0.0,0.0,0.0,0.0,0.0,0.0,0.0,0.0,0.0,,,,,,,,,,,,,,,19.0
2020_057_3930066,3930066,Van Jefferson,Ole Miss,SEC,WIDERECEIVER,WR,2020,2,25,57,4,0.0,0.0,0.0,4.0,0.0,0.0,5.0,1.0,0.0,1.0,0.0,0.0,0.0,0.0,0.0,0.0,0.0,0.0,0.0,0.0,0.0,1.0,1.0,0.0,0.0,-3.0,7.0,0.0,28.0,0.0,0.0,0.0,0.0,175.0,16.0,2159.0,6.0,0.0,47.0,,,9.0,,69.0,23.0,1.0,-3.0,12.337142857142856,7.833333333333333,,4.0,,,
2020_058_4048231,4048231,Ezra Cleveland,Boise State,Mountain West,OFFENSIVETACKLE,OL,2020,2,26,58,2,0.0,0.0,0.0,2.0,0.0,0.0,2.0,0.0,0.0,0.0,0.0,0.0,0.0,0.0,0.0,0.0,0.0,0.0,0.0,0.0,0.0,0.0,0.0,0.0,0.0,0.0,0.0,0.0,0.0,0.0,0.0,0.0,0.0,0.0,0.0,0.0,1.0,0.0,3.0,,,,,,3.0,,,,3.0,,,,,
2020_059_4035403,4035403,Denzel Mims,Baylor,Big 12,WIDERECEIVER,WR,2020,2,27,59,4,0.0,0.0,0.0,3.0,0.0,0.0,3.0,2.0,1.0,0.0,0.0,0.0,0.0,1.0,0.0,18.0,0.0,0.0,0.0,0.0,0.0,0.0,0.0,0.0,0.0,0.0,0.0,0.0,0.0,0.0,0.0,0.0,0.0,186.0,28.0,2925.0,1.0,0.0,-6.0,18.0,,,,71.0,0.0,,,15.725806451612904,-6.0,18.0,,,,
2020_060_4046528,4046528,Josh Uche,Michigan,Big Ten,DEFENSIVEEND,DL,2020,2,28,60,4,3.0,10.0,16.5,40.0,0.0,20.5,54.0,0.0,0.0,1.0,0.0,0.0,0.0,0.0,0.0,0.0,0.0,0.0,0.0,0.0,0.0,0.0,0.0,0.0,0.0,0.0,0.0,0.0,0.0,0.0,0.0,0.0,0.0,0.0,0.0,0.0,0.0,0.0,0.0,,,,,,,,,,,,,,,
2020_061_4035433,4035433,Kristian Fulton,LSU,SEC,CORNERBACK,DB,2020,2,29,61,3,23.0,0.0,0.0,48.0,0.0,2.0,64.0,0.0,0.0,0.0,2.0,0.0,0.0,0.0,0.0,0.0,0.0,0.0,0.0,0.0,0.0,0.0,0.0,0.0,0.0,0.0,0.0,0.0,0.0,0.0,0.0,0.0,0.0,0.0,0.0,0.0,0.0,0.0,0.0,,,,,,,,,,,,,,,0.0
2020_062_4239934,4239934,AJ Dillon,Boston College,ACC,RUNNINGBACK,RB,2020,2,30,62,3,0.0,0.0,0.0,0.0,0.0,0.0,0.0,8.0,2.0,0.0,0.0,0.0,0.0,0.0,0.0,0.0,0.0,0.0,0.0,0.0,0.0,0.0,0.0,0.0,0.0,0.0,0.0,0.0,0.0,0.0,0.0,0.0,0.0,21.0,2.0,236.0,845.0,38.0,4382.0,,,,,42.0,75.0,,,11.238095238095235,5.185798816568047,,,,,
2020_063_4259804,4259804,Willie Gay Jr.,Mississippi State,SEC,INSIDELINEBACKER,LB,2020,2,31,63,3,4.0,6.0,5.5,33.0,1.0,9.5,84.0,1.0,0.0,3.0,3.0,1.0,101.0,0.0,0.0,0.0,0.0,0.0,0.0,0.0,0.0,0.0,0.0,0.0,0.0,0.0,0.0,0.0,0.0,0.0,0.0,0.0,0.0,0.0,0.0,0.0,0.0,0.0,0.0,,,,,,,,,,,,,,,33.666666666666664
2020_064_4043169,4043169,Jeremy Chinn,Southern Illinois,MVFC,SAFETY,DB,2020,2,32,64,3,3.0,0.0,0.0,19.0,0.0,0.5,22.0,0.0,0.0,0.0,1.0,0.0,33.0,0.0,0.0,0.0,0.0,0.0,0.0,0.0,0.0,0.0,0.0,0.0,0.0,0.0,0.0,0.0,0.0,0.0,0.0,0.0,0.0,0.0,0.0,0.0,0.0,0.0,0.0,,,,,,,,,,,,,,,33.0
2020_065_3918330,3918330,Logan Wilson,Wyoming,Mountain West,INSIDELINEBACKER,LB,2020,3,1,65,4,14.0,3.0,7.0,247.0,2.0,34.5,406.0,0.0,0.0,3.0,10.0,2.0,154.0,0.0,0.0,0.0,0.0,0.0,0.0,0.0,0.0,0.0,0.0,0.0,0.0,0.0,0.0,0.0,0.0,0.0,0.0,0.0,0.0,0.0,0.0,0.0,0.0,0.0,0.0,,,,,,,,,,,,,,,15.4
2020_066_4360294,4360294,Antonio Gibson,Memphis,American Athletic,WIDERECEIVER,WR,2020,3,2,66,2,0.0,0.0,0.0,1.0,1.0,0.0,1.0,2.0,0.0,0.0,0.0,0.0,0.0,24.0,1.0,647.0,0.0,0.0,0.0,0.0,0.0,0.0,0.0,0.0,0.0,0.0,0.0,0.0,0.0,0.0,0.0,0.0,0.0,44.0,10.0,834.0,33.0,4.0,369.0,97.0,,,,73.0,78.0,,,18.954545454545453,11.181818181818182,26.958333333333332,,,,
2020_067_4046690,4046690,Julian Okwara,Notre Dame,FBS Independents,OUTSIDELINEBACKER,LB,2020,3,3,67,4,1.0,35.0,12.0,41.0,0.0,19.5,70.0,0.0,0.0,1.0,2.0,0.0,5.0,0.0,0.0,0.0,0.0,0.0,0.0,0.0,0.0,0.0,0.0,0.0,0.0,0.0,0.0,0.0,0.0,0.0,0.0,0.0,0.0,0.0,0.0,0.0,0.0,0.0,0.0,,,,,,,,,,,,,,,2.5
2020_068_3858271,3858271,Ashtyn Davis,California,Pac-12,SAFETY,DB,2020,3,4,68,4,11.0,0.0,0.0,97.0,1.0,2.0,158.0,3.0,1.0,3.0,7.0,1.0,121.0,76.0,1.0,1604.0,0.0,0.0,0.0,0.0,0.0,0.0,0.0,0.0,0.0,0.0,2.0,0.0,33.0,1.0,1.0,0.0,32.0,0.0,0.0,0.0,0.0,0.0,0.0,89.0,,19.0,32.0,,,,,,,21.105263157894736,16.5,32.0,,17.285714285714285
2020_069_4362647,4362647,Damien Lewis,LSU,SEC,OFFENSIVEGUARD,OL,2020,3,5,69,1,0.0,0.0,0.0,1.0,0.0,0.0,1.0,0.0,0.0,0.0,0.0,0.0,0.0,0.0,0.0,0.0,0.0,0.0,0.0,0.0,0.0,0.0,0.0,0.0,0.0,0.0,0.0,0.0,0.0,0.0,0.0,0.0,0.0,0.0,0.0,0.0,0.0,0.0,0.0,,,,,,,,,,,,,,,
2020_070_4039059,4039059,Brandon Jones,Texas,Big 12,SAFETY,DB,2020,3,6,70,4,7.0,3.0,1.0,174.0,0.0,14.0,232.0,2.0,1.0,2.0,4.0,0.0,33.0,3.0,0.0,55.0,0.0,0.0,0.0,0.0,0.0,0.0,0.0,0.0,0.0,0.0,14.0,0.0,161.0,0.0,0.0,0.0,0.0,0.0,0.0,0.0,0.0,0.0,0.0,23.0,,53.0,,,,,,,,18.333333333333332,11.5,,,8.25
2020_071_4035245,4035245,Justin Madubuike,Texas A&M,SEC,DEFENSIVETACKLE,DL,2020,3,7,71,3,4.0,12.0,11.0,43.0,0.0,24.5,105.0,0.0,0.0,0.0,1.0,0.0,18.0,0.0,0.0,0.0,0.0,0.0,0.0,0.0,0.0,0.0,0.0,0.0,0.0,0.0,0.0,0.0,0.0,0.0,0.0,0.0,0.0,0.0,0.0,0.0,0.0,0.0,0.0,,,,,,,,,,,,,,,18.0
2020_073_3915520,3915520,Davon Hamilton,Ohio State,Big Ten,DEFENSIVETACKLE,DL,2020,3,9,73,4,0.0,1.0,7.0,41.0,0.0,21.0,66.0,0.0,0.0,3.0,0.0,0.0,0.0,0.0,0.0,0.0,0.0,0.0,0.0,0.0,0.0,0.0,0.0,0.0,0.0,0.0,0.0,0.0,0.0,0.0,0.0,0.0,0.0,0.0,0.0,0.0,0.0,0.0,0.0,,,,,,,,,,,,,,,
2020_074_3917657,3917657,Zack Baun,Wisconsin,Big Ten,OUTSIDELINEBACKER,LB,2020,3,10,74,3,4.0,17.0,15.0,98.0,1.0,30.5,150.0,0.0,0.0,1.0,2.0,1.0,41.0,0.0,0.0,0.0,0.0,0.0,0.0,0.0,0.0,0.0,0.0,0.0,0.0,0.0,0.0,0.0,0.0,0.0,0.0,0.0,0.0,0.0,0.0,0.0,0.0,0.0,0.0,,,,,,,,,,,,,,,20.5
2020_075_3930040,3930040,Jonah Jackson,Rutgers,Big Ten,OFFENSIVEGUARD,OL,2020,3,11,75,1,0.0,0.0,0.0,1.0,0.0,0.0,1.0,0.0,0.0,0.0,0.0,0.0,0.0,0.0,0.0,0.0,0.0,0.0,0.0,0.0,0.0,0.0,0.0,0.0,0.0,0.0,0.0,0.0,0.0,0.0,0.0,0.0,0.0,0.0,0.0,0.0,0.0,0.0,0.0,,,,,,,,,,,,,,,
2020_076_3917612,3917612,Ke'Shawn Vaughn,Vanderbilt,SEC,RUNNINGBACK,RB,2020,3,12,76,4,0.0,0.0,0.0,2.0,0.0,0.0,3.0,5.0,0.0,0.0,0.0,0.0,0.0,1.0,0.0,13.0,0.0,0.0,0.0,0.0,0.0,0.0,0.0,0.0,0.0,0.0,0.0,0.0,0.0,0.0,0.0,0.0,0.0,66.0,3.0,648.0,572.0,30.0,3296.0,13.0,,,,75.0,78.0,,,9.818181818181818,5.7622377622377625,13.0,,,,
2020_077_3894830,3894830,Michael Ojemudia,Iowa,Big Ten,CORNERBACK,DB,2020,3,13,77,4,17.0,0.0,0.0,87.0,0.0,1.5,125.0,0.0,0.0,1.0,6.0,0.0,50.0,0.0,0.0,0.0,0.0,0.0,0.0,0.0,0.0,0.0,0.0,0.0,0.0,0.0,0.0,0.0,0.0,0.0,0.0,0.0,0.0,0.0,0.0,0.0,0.0,0.0,0.0,,,,,,,,,,,,,,,8.333333333333334
2020_078_4044138,4044138,Matt Hennessy,Temple,American Athletic,CENTER,OL,2020,3,14,78,2,0.0,0.0,0.0,0.0,0.0,0.0,1.0,1.0,1.0,0.0,0.0,0.0,0.0,0.0,0.0,0.0,0.0,0.0,0.0,0.0,0.0,0.0,0.0,0.0,0.0,0.0,0.0,0.0,0.0,0.0,0.0,0.0,0.0,0.0,0.0,0.0,1.0,0.0,-3.0,,,,,,0.0,,,,-3.0,,,,,
2020_079_3915123,3915123,Jabari Zuniga,Florida,SEC,DEFENSIVEEND,DL,2020,3,15,79,4,0.0,22.0,18.5,54.0,0.0,34.5,118.0,0.0,0.0,1.0,0.0,0.0,0.0,0.0,0.0,0.0,0.0,0.0,0.0,0.0,0.0,0.0,0.0,0.0,0.0,0.0,0.0,0.0,0.0,0.0,0.0,0.0,0.0,0.0,0.0,0.0,0.0,0.0,0.0,,,,,,,,,,,,,,,
2020_080_4259979,4259979,Lynn Bowden Jr.,Kentucky,SEC,WIDERECEIVER,WR,2020,3,16,80,3,0.0,0.0,0.0,2.0,1.0,0.0,3.0,14.0,7.0,0.0,0.0,0.0,0.0,71.0,0.0,1642.0,0.0,0.0,0.0,0.0,0.0,79.0,38.0,5.0,3.0,495.0,9.0,2.0,199.0,0.0,0.0,0.0,0.0,114.0,6.0,1303.0,206.0,13.0,1530.0,93.0,,67.0,,54.0,61.0,0.4810126582278481,6.265822784810126,11.429824561403509,7.427184466019417,23.12676056338028,22.11111111111111,,,
2020_081_4038818,4038818,Bryan Edwards,South Carolina,SEC,WIDERECEIVER,WR,2020,3,17,81,4,1.0,0.0,0.0,5.0,0.0,0.0,5.0,2.0,1.0,0.0,0.0,0.0,0.0,0.0,0.0,0.0,0.0,0.0,0.0,0.0,0.0,0.0,0.0,0.0,0.0,0.0,19.0,0.0,220.0,0.0,0.0,0.0,0.0,234.0,22.0,3045.0,6.0,0.0,41.0,,,38.0,,75.0,15.0,,,13.012820512820513,6.833333333333333,,11.578947368421051,,,
2020_082_3892883,3892883,Neville Gallimore,Oklahoma,Big 12,DEFENSIVETACKLE,DL,2020,3,18,82,4,2.0,18.0,9.0,66.0,0.0,18.0,143.0,0.0,0.0,0.0,0.0,0.0,0.0,0.0,0.0,0.0,0.0,0.0,0.0,0.0,0.0,0.0,0.0,0.0,0.0,0.0,0.0,0.0,0.0,0.0,0.0,0.0,0.0,0.0,0.0,0.0,0.0,0.0,0.0,,,,,,,,,,,,,,,
2020_084_4040968,4040968,Terrell Lewis,Alabama,SEC,OUTSIDELINEBACKER,LB,2020,3,20,84,3,3.0,15.0,8.0,38.0,0.0,14.5,58.0,0.0,0.0,1.0,0.0,0.0,0.0,0.0,0.0,0.0,0.0,0.0,0.0,0.0,0.0,0.0,0.0,0.0,0.0,0.0,0.0,0.0,0.0,0.0,0.0,0.0,0.0,0.0,0.0,0.0,0.0,0.0,0.0,,,,,,,,,,,,,,,
2020_085_4035661,4035661,Julian Blackmon,Utah,Pac-12,SAFETY,DB,2020,3,21,85,4,19.0,0.0,1.5,113.0,2.0,8.5,149.0,0.0,0.0,0.0,9.0,2.0,107.0,4.0,0.0,66.0,0.0,0.0,0.0,0.0,0.0,0.0,0.0,0.0,0.0,0.0,1.0,0.0,35.0,0.0,0.0,0.0,0.0,0.0,0.0,0.0,0.0,0.0,0.0,24.0,,35.0,,,,,,,,16.5,35.0,,,11.88888888888889
2020_086_4035676,4035676,Zack Moss,Utah,Pac-12,RUNNINGBACK,RB,2020,3,22,86,4,0.0,0.0,0.0,1.0,0.0,0.0,1.0,7.0,5.0,0.0,0.0,0.0,0.0,0.0,0.0,0.0,0.0,0.0,0.0,0.0,0.0,0.0,0.0,0.0,0.0,0.0,0.0,0.0,0.0,0.0,0.0,0.0,0.0,66.0,3.0,685.0,712.0,38.0,4063.0,,,,,69.0,91.0,,,10.37878787878788,5.706460674157303,,,,,
2020_087_3925350,3925350,Anfernee Jennings,Alabama,SEC,OUTSIDELINEBACKER,LB,2020,3,23,87,4,17.0,20.0,13.5,94.0,1.0,32.5,185.0,0.0,0.0,2.0,2.0,0.0,8.0,0.0,0.0,0.0,0.0,0.0,0.0,0.0,0.0,0.0,0.0,0.0,0.0,0.0,0.0,0.0,0.0,0.0,0.0,0.0,0.0,0.0,0.0,0.0,0.0,0.0,0.0,,,,,,,,,,,,,,,4.0
2020_088_4039052,4039052,Jordan Elliott,Texas,Big 12,DEFENSIVETACKLE,DL,2020,3,24,88,3,4.0,8.0,5.5,52.0,0.0,18.0,76.0,0.0,0.0,0.0,0.0,0.0,0.0,0.0,0.0,0.0,0.0,0.0,0.0,0.0,0.0,0.0,0.0,0.0,0.0,0.0,0.0,0.0,0.0,0.0,0.0,0.0,0.0,0.0,0.0,0.0,0.0,0.0,0.0,,,,,,,,,,,,,,,
2020_089_4035385,4035385,Cameron Dantzler,Mississippi State,SEC,CORNERBACK,DB,2020,3,25,89,3,20.0,2.0,1.5,78.0,0.0,6.0,108.0,0.0,0.0,0.0,5.0,0.0,23.0,0.0,0.0,0.0,0.0,0.0,0.0,0.0,0.0,0.0,0.0,0.0,0.0,0.0,0.0,0.0,0.0,0.0,0.0,0.0,0.0,0.0,0.0,0.0,0.0,0.0,0.0,,,,,,,,,,,,,,,4.6
2020_090_3916409,3916409,Jonathan Greenard,Louisville,ACC,OUTSIDELINEBACKER,LB,2020,3,26,90,3,7.0,19.0,19.5,63.0,1.0,37.5,122.0,0.0,0.0,1.0,2.0,0.0,58.0,0.0,0.0,0.0,0.0,0.0,0.0,0.0,0.0,0.0,0.0,0.0,0.0,0.0,0.0,0.0,0.0,0.0,0.0,0.0,0.0,0.0,0.0,0.0,0.0,0.0,0.0,,,,,,,,,,,,,,,29.0
2020_091_4046522,4046522,Devin Asiasi,UCLA,Pac-12,TIGHTEND,TE,2020,3,27,91,3,0.0,0.0,0.0,2.0,0.0,0.0,2.0,0.0,0.0,0.0,0.0,0.0,0.0,0.0,0.0,0.0,0.0,0.0,0.0,0.0,0.0,0.0,0.0,0.0,0.0,0.0,0.0,0.0,0.0,0.0,0.0,0.0,0.0,52.0,6.0,789.0,0.0,0.0,0.0,,,,,53.0,,,,15.173076923076923,,,,,,
2020_092_4039050,4039050,Devin Duvernay,Texas,Big 12,WIDERECEIVER,WR,2020,3,28,92,4,0.0,0.0,0.0,6.0,0.0,0.0,7.0,0.0,0.0,0.0,0.0,0.0,0.0,27.0,0.0,550.0,0.0,0.0,0.0,0.0,0.0,2.0,2.0,0.0,0.0,14.0,0.0,0.0,0.0,0.0,0.0,0.0,0.0,176.0,16.0,2468.0,11.0,1.0,34.0,36.0,,,,80.0,13.0,1.0,7.0,14.022727272727272,3.090909090909091,20.37037037037037,,,,
2020_093_4036431,4036431,Darrynton Evans,App State,Sun Belt,RUNNINGBACK,RB,2020,3,29,93,3,0.0,0.0,0.0,2.0,3.0,0.0,5.0,2.0,1.0,0.0,0.0,0.0,0.0,57.0,3.0,1439.0,0.0,0.0,0.0,0.0,0.0,1.0,1.0,0.0,0.0,14.0,0.0,0.0,0.0,0.0,0.0,0.0,0.0,39.0,6.0,319.0,482.0,25.0,2883.0,100.0,,,,58.0,87.0,1.0,14.0,8.179487179487179,5.981327800829876,25.24561403508772,,,,
2020_094_3914151,3914151,Josiah Deguara,Cincinnati,American Athletic,TIGHTEND,TE,2020,3,30,94,4,0.0,0.0,0.0,3.0,0.0,0.0,4.0,1.0,0.0,0.0,0.0,0.0,0.0,0.0,0.0,0.0,0.0,0.0,0.0,0.0,0.0,0.0,0.0,0.0,0.0,0.0,0.0,0.0,0.0,0.0,0.0,0.0,0.0,92.0,12.0,1117.0,1.0,1.0,0.0,,,,,73.0,2.0,,,12.141304347826088,0.0,,,,,
2020_095_4035566,4035566,McTelvin Agim,Arkansas,SEC,DEFENSIVETACKLE,DL,2020,3,31,95,4,4.0,19.0,14.5,62.0,0.0,31.5,148.0,0.0,0.0,2.0,0.0,0.0,0.0,0.0,0.0,0.0,0.0,0.0,0.0,0.0,0.0,0.0,0.0,0.0,0.0,0.0,0.0,0.0,0.0,0.0,0.0,0.0,0.0,1.0,0.0,11.0,0.0,0.0,0.0,,,,,11.0,,,,11.0,,,,,,
2020_096_4038552,4038552,Lucas Niang,TCU,Big 12,OFFENSIVETACKLE,OL,2020,3,32,96,2,0.0,0.0,0.0,2.0,0.0,0.0,2.0,0.0,0.0,0.0,0.0,0.0,0.0,0.0,0.0,0.0,0.0,0.0,0.0,0.0,0.0,0.0,0.0,0.0,0.0,0.0,0.0,0.0,0.0,0.0,0.0,0.0,0.0,0.0,0.0,0.0,0.0,0.0,0.0,,,,,,,,,,,,,,,
2020_097_4242206,4242206,Jacob Phillips,LSU,SEC,INSIDELINEBACKER,LB,2020,3,33,97,3,5.0,9.0,2.0,93.0,1.0,13.5,214.0,0.0,0.0,0.0,1.0,1.0,45.0,0.0,0.0,0.0,0.0,0.0,0.0,0.0,0.0,0.0,0.0,0.0,0.0,0.0,0.0,0.0,0.0,0.0,0.0,0.0,0.0,0.0,0.0,0.0,0.0,0.0,0.0,,,,,,,,,,,,,,,45.0
2020_098_4040615,4040615,Malik Harrison,Ohio State,Big Ten,INSIDELINEBACKER,LB,2020,3,34,98,4,9.0,4.0,10.0,136.0,0.0,29.0,206.0,0.0,0.0,2.0,1.0,0.0,13.0,0.0,0.0,0.0,0.0,0.0,0.0,0.0,0.0,0.0,0.0,0.0,0.0,0.0,0.0,0.0,0.0,0.0,0.0,0.0,0.0,0.0,0.0,0.0,0.0,0.0,0.0,,,,,,,,,,,,,,,13.0
2020_099_3921936,3921936,Matt Peart,UConn,American Athletic,OFFENSIVETACKLE,OL,2020,3,35,99,2,0.0,0.0,0.0,1.0,0.0,0.0,2.0,0.0,0.0,0.0,0.0,0.0,0.0,0.0,0.0,0.0,0.0,0.0,0.0,0.0,0.0,0.0,0.0,0.0,0.0,0.0,0.0,0.0,0.0,0.0,0.0,0.0,0.0,0.0,0.0,0.0,0.0,0.0,0.0,,,,,,,,,,,,,,,
2020_100_3728263,3728263,Tanner Muse,Clemson,ACC,SAFETY,DB,2020,3,36,100,4,13.0,2.0,4.0,103.0,1.0,10.5,189.0,0.0,0.0,1.0,7.0,1.0,102.0,0.0,0.0,0.0,0.0,0.0,0.0,0.0,0.0,0.0,0.0,0.0,0.0,0.0,0.0,0.0,0.0,0.0,0.0,0.0,0.0,0.0,0.0,0.0,0.0,0.0,0.0,,,,,,,,,,,,,,,14.571428571428571
2020_101_4240861,4240861,Dalton Keene,Virginia Tech,ACC,TIGHTEND,TE,2020,3,37,101,3,0.0,0.0,0.0,0.0,0.0,0.0,2.0,1.0,1.0,0.0,0.0,0.0,0.0,0.0,0.0,0.0,0.0,0.0,0.0,0.0,0.0,0.0,0.0,0.0,0.0,0.0,0.0,0.0,0.0,0.0,0.0,0.0,0.0,58.0,8.0,744.0,11.0,0.0,33.0,,,,,67.0,7.0,,,12.827586206896552,3.0,,,,,
2020_102_4037333,4037333,Alex Highsmith,Charlotte,Conference USA,OUTSIDELINEBACKER,LB,2020,3,38,102,4,4.0,19.0,16.5,108.0,0.0,41.0,167.0,0.0,0.0,1.0,0.0,0.0,0.0,0.0,0.0,0.0,0.0,0.0,0.0,0.0,0.0,0.0,0.0,0.0,0.0,0.0,0.0,0.0,0.0,0.0,0.0,0.0,0.0,0.0,0.0,0.0,0.0,0.0,0.0,,,,,,,,,,,,,,,
2020_103_4360645,4360645,Davion Taylor,Colorado,Pac-12,OUTSIDELINEBACKER,LB,2020,3,39,103,2,6.0,5.0,2.0,98.0,1.0,18.0,121.0,0.0,0.0,3.0,0.0,0.0,0.0,0.0,0.0,0.0,0.0,0.0,0.0,0.0,0.0,0.0,0.0,0.0,0.0,0.0,0.0,0.0,0.0,0.0,0.0,0.0,0.0,0.0,0.0,0.0,0.0,0.0,0.0,,,,,,,,,,,,,,,
2020_104_4035663,4035663,Terrell Burgess,Utah,Pac-12,SAFETY,DB,2020,3,40,104,4,9.0,1.0,0.5,70.0,0.0,8.0,113.0,1.0,0.0,2.0,1.0,0.0,29.0,2.0,0.0,27.0,0.0,0.0,0.0,0.0,0.0,0.0,0.0,0.0,0.0,0.0,0.0,0.0,0.0,0.0,0.0,0.0,0.0,1.0,0.0,7.0,0.0,0.0,0.0,15.0,,,,7.0,,,,7.0,,13.5,,,,29.0
2020_107_4283230,4283230,Akeem Davis-Gaither,App State,Sun Belt,OUTSIDELINEBACKER,LB,2020,4,1,107,5,18.0,9.0,8.0,139.0,0.0,28.0,263.0,0.0,0.0,0.0,1.0,0.0,0.0,0.0,0.0,0.0,0.0,0.0,0.0,0.0,0.0,0.0,0.0,0.0,0.0,0.0,0.0,0.0,0.0,0.0,0.0,0.0,0.0,0.0,0.0,0.0,0.0,0.0,0.0,,,,,,,,,,,,,,,0.0
2020_109_4035479,4035479,John Simpson,Clemson,ACC,OFFENSIVEGUARD,OL,2020,4,3,109,2,0.0,0.0,0.0,1.0,0.0,0.0,1.0,0.0,0.0,0.0,0.0,0.0,0.0,0.0,0.0,0.0,0.0,0.0,0.0,0.0,0.0,0.0,0.0,0.0,0.0,0.0,0.0,0.0,0.0,0.0,0.0,0.0,0.0,0.0,0.0,0.0,1.0,1.0,1.0,,,,,,1.0,,,,1.0,,,,,
2020_110_4242973,4242973,Darnay Holmes,UCLA,Pac-12,CORNERBACK,DB,2020,4,4,110,3,16.0,1.0,0.0,88.0,3.0,3.0,119.0,0.0,0.0,2.0,8.0,2.0,61.0,38.0,1.0,878.0,0.0,0.0,0.0,0.0,0.0,0.0,0.0,0.0,0.0,0.0,4.0,0.0,18.0,0.0,0.0,0.0,0.0,0.0,0.0,0.0,0.0,0.0,0.0,93.0,,9.0,,,,,,,,23.105263157894736,4.5,,,7.625
2020_112_3910544,3910544,Joshua Kelley,UCLA,Pac-12,RUNNINGBACK,RB,2020,4,6,112,4,0.0,0.0,0.0,2.0,0.0,0.0,3.0,3.0,0.0,0.0,0.0,0.0,0.0,9.0,0.0,247.0,0.0,0.0,0.0,0.0,0.0,0.0,0.0,0.0,0.0,0.0,0.0,0.0,0.0,0.0,0.0,0.0,0.0,39.0,1.0,269.0,477.0,25.0,2428.0,55.0,,,,22.0,61.0,,,6.897435897435898,5.090146750524109,27.444444444444443,,,,
2020_113_4046679,4046679,Troy Pride Jr.,Notre Dame,FBS Independents,CORNERBACK,DB,2020,4,7,113,4,18.0,0.0,0.0,86.0,0.0,2.5,118.0,1.0,1.0,2.0,4.0,0.0,35.0,0.0,0.0,0.0,0.0,0.0,0.0,0.0,0.0,0.0,0.0,0.0,0.0,0.0,1.0,0.0,-2.0,0.0,0.0,0.0,0.0,0.0,0.0,0.0,0.0,0.0,0.0,,,-2.0,,,,,,,,,-2.0,,,8.75
2020_114_4035666,4035666,Leki Fotu,Utah,Pac-12,DEFENSIVETACKLE,DL,2020,4,8,114,4,3.0,4.0,4.5,42.0,0.0,17.0,84.0,0.0,0.0,1.0,0.0,0.0,0.0,0.0,0.0,0.0,0.0,0.0,0.0,0.0,0.0,0.0,0.0,0.0,0.0,0.0,0.0,0.0,0.0,0.0,0.0,0.0,0.0,0.0,0.0,0.0,0.0,0.0,0.0,,,,,,,,,,,,,,,
2020_115_4040774,4040774,Harrison Bryant,Florida Atlantic,Conference USA,TIGHTEND,TE,2020,4,9,115,4,0.0,0.0,0.0,1.0,0.0,0.0,1.0,2.0,1.0,0.0,0.0,0.0,0.0,1.0,0.0,5.0,0.0,0.0,0.0,0.0,0.0,0.0,0.0,0.0,0.0,0.0,0.0,0.0,0.0,0.0,0.0,0.0,0.0,148.0,16.0,2137.0,1.0,0.0,2.0,5.0,,,,57.0,2.0,,,14.43918918918919,2.0,5.0,,,,
2020_117_4038849,4038849,D.J. Wonnum,South Carolina,SEC,DEFENSIVEEND,DL,2020,4,11,117,4,5.0,7.0,14.0,77.0,0.0,29.0,136.0,0.0,0.0,0.0,1.0,0.0,21.0,1.0,0.0,1.0,0.0,0.0,0.0,0.0,0.0,0.0,0.0,0.0,0.0,0.0,0.0,0.0,0.0,0.0,0.0,0.0,0.0,0.0,0.0,0.0,0.0,0.0,0.0,1.0,,,,,,,,,,1.0,,,,21.0
2020_118_4035115,4035115,Albert Okwuegbunam,Missouri,SEC,TIGHTEND,TE,2020,4,12,118,3,0.0,0.0,0.0,2.0,0.0,0.0,2.0,3.0,3.0,0.0,0.0,0.0,0.0,0.0,0.0,0.0,0.0,0.0,0.0,0.0,0.0,0.0,0.0,0.0,0.0,0.0,0.0,0.0,0.0,0.0,0.0,0.0,0.0,98.0,23.0,1187.0,0.0,0.0,0.0,,,,,58.0,,,,12.112244897959185,,,,,,
2020_119_4243009,4243009,Mykal Walker,Fresno State,Mountain West,INSIDELINEBACKER,LB,2020,4,13,119,2,10.0,8.0,6.5,94.0,1.0,22.5,182.0,0.0,0.0,2.0,1.0,1.0,38.0,0.0,0.0,0.0,0.0,0.0,0.0,0.0,0.0,0.0,0.0,0.0,0.0,0.0,1.0,0.0,-1.0,0.0,0.0,0.0,0.0,0.0,0.0,0.0,0.0,0.0,0.0,,,0.0,,,,,,,,,-1.0,,,38.0
2020_120_4034952,4034952,Lamical Perine,Florida,SEC,RUNNINGBACK,RB,2020,4,14,120,4,0.0,0.0,0.0,2.0,0.0,0.0,3.0,4.0,2.0,0.0,0.0,0.0,0.0,4.0,0.0,86.0,0.0,0.0,0.0,0.0,0.0,1.0,0.0,0.0,0.0,0.0,0.0,0.0,0.0,0.0,0.0,0.0,0.0,72.0,8.0,674.0,493.0,22.0,2485.0,41.0,,,,63.0,88.0,0.0,0.0,9.36111111111111,5.040567951318458,21.5,,,,
2020_121_3915252,3915252,Logan Stenberg,Kentucky,SEC,OFFENSIVEGUARD,OL,2020,4,15,121,2,0.0,0.0,0.0,2.0,0.0,0.0,3.0,0.0,0.0,0.0,0.0,0.0,0.0,0.0,0.0,0.0,0.0,0.0,0.0,0.0,0.0,0.0,0.0,0.0,0.0,0.0,0.0,0.0,0.0,0.0,0.0,0.0,0.0,0.0,0.0,0.0,0.0,0.0,0.0,,,,,,,,,,,,,,,
2020_122_4035003,4035003,Jacob Eason,Washington,Pac-12,QUARTERBACK,QB,2020,4,16,122,4,0.0,0.0,0.0,1.0,0.0,0.0,1.0,7.0,6.0,0.0,0.0,0.0,0.0,0.0,0.0,0.0,0.0,0.0,0.0,0.0,0.0,782.0,468.0,16.0,39.0,5590.0,0.0,0.0,0.0,0.0,2.0,0.0,74.0,1.0,0.0,12.0,82.0,2.0,-126.0,,,,42.0,7.0,19.0,0.59846547314578,7.148337595907928,12.0,-1.5365853658536586,,,37.0,,
2020_123_3917006,3917006,Reggie Robinson II,Tulsa,American Athletic,CORNERBACK,DB,2020,4,17,123,4,34.0,0.0,0.0,101.0,0.0,4.0,132.0,0.0,0.0,2.0,3.0,0.0,28.0,0.0,0.0,0.0,0.0,0.0,0.0,0.0,0.0,0.0,0.0,0.0,0.0,0.0,0.0,0.0,0.0,0.0,0.0,0.0,0.0,0.0,0.0,0.0,0.0,0.0,0.0,,,,,,,,,,,,,,,9.333333333333334
2020_124_4241941,4241941,Anthony McFarland,Maryland,Big Ten,RUNNINGBACK,RB,2020,4,18,124,2,0.0,0.0,0.0,0.0,0.0,0.0,0.0,4.0,1.0,0.0,0.0,0.0,0.0,1.0,0.0,40.0,0.0,0.0,0.0,0.0,0.0,0.0,0.0,0.0,0.0,0.0,0.0,0.0,0.0,0.0,0.0,0.0,0.0,24.0,1.0,199.0,245.0,12.0,1648.0,40.0,,,,46.0,81.0,,,8.291666666666666,6.726530612244898,40.0,,,,
2020_125_3914395,3914395,James Morgan,Florida International,Conference USA,QUARTERBACK,QB,2020,4,19,125,4,0.0,0.0,0.0,0.0,0.0,0.0,0.0,21.0,5.0,0.0,0.0,0.0,0.0,0.0,0.0,0.0,0.0,0.0,0.0,0.0,0.0,1221.0,699.0,34.0,65.0,8629.0,0.0,0.0,0.0,0.0,0.0,0.0,0.0,0.0,0.0,0.0,131.0,3.0,-183.0,,,,,,15.0,0.5724815724815725,7.067158067158067,,-1.3969465648854962,,,,,
2020_127_4035463,4035463,K'Von Wallace,Clemson,ACC,SAFETY,DB,2020,4,21,127,4,16.0,2.0,2.0,103.0,1.0,5.5,151.0,0.0,0.0,0.0,5.0,1.0,180.0,0.0,0.0,0.0,0.0,0.0,0.0,0.0,0.0,0.0,0.0,0.0,0.0,0.0,0.0,0.0,0.0,0.0,0.0,0.0,0.0,0.0,0.0,0.0,0.0,0.0,0.0,,,,,,,,,,,,,,,36.0
2020_128_4243537,4243537,Gabriel Davis,UCF,American Athletic,WIDERECEIVER,WR,2020,4,22,128,3,0.0,0.0,0.0,5.0,0.0,0.0,6.0,1.0,0.0,0.0,0.0,0.0,0.0,0.0,0.0,0.0,0.0,0.0,0.0,0.0,0.0,0.0,0.0,0.0,0.0,0.0,0.0,0.0,0.0,0.0,0.0,0.0,0.0,152.0,23.0,2447.0,0.0,0.0,0.0,,,,,80.0,,,,16.098684210526315,,,,,,
2020_129_3914277,3914277,Cameron Clark,Charlotte,Conference USA,OFFENSIVETACKLE,OL,2020,4,23,129,3,0.0,0.0,0.0,2.0,0.0,0.0,4.0,0.0,0.0,0.0,0.0,0.0,0.0,0.0,0.0,0.0,0.0,0.0,0.0,0.0,0.0,0.0,0.0,0.0,0.0,0.0,0.0,0.0,0.0,0.0,0.0,0.0,0.0,0.0,0.0,0.0,0.0,0.0,0.0,,,,,,,,,,,,,,,
2020_130_4259181,4259181,James Lynch,Baylor,Big 12,DEFENSIVETACKLE,DL,2020,4,24,130,3,7.0,19.0,22.0,59.0,0.0,33.5,97.0,0.0,0.0,2.0,0.0,0.0,0.0,0.0,0.0,0.0,0.0,0.0,0.0,0.0,0.0,0.0,0.0,0.0,0.0,0.0,0.0,0.0,0.0,0.0,0.0,0.0,0.0,0.0,0.0,0.0,0.0,0.0,0.0,,,,,,,,,,,,,,,
2020_131_4035452,4035452,Rashard Lawrence,LSU,SEC,DEFENSIVETACKLE,DL,2020,4,25,131,4,7.0,6.0,9.0,47.0,0.0,21.0,120.0,0.0,0.0,0.0,0.0,0.0,0.0,0.0,0.0,0.0,0.0,0.0,0.0,0.0,0.0,0.0,0.0,0.0,0.0,0.0,0.0,0.0,0.0,0.0,0.0,0.0,0.0,0.0,0.0,0.0,0.0,0.0,0.0,,,,,,,,,,,,,,,
2020_132_4038946,4038946,Troy Dye,Oregon,Pac-12,INSIDELINEBACKER,LB,2020,4,26,132,4,14.0,10.0,15.0,228.0,0.0,41.5,383.0,0.0,0.0,0.0,5.0,0.0,13.0,0.0,0.0,0.0,0.0,0.0,0.0,0.0,0.0,0.0,0.0,0.0,0.0,0.0,0.0,0.0,0.0,0.0,0.0,0.0,0.0,0.0,0.0,0.0,0.0,0.0,0.0,,,,,,,,,,,,,,,2.6
2020_133_4242557,4242557,Colby Parkinson,Stanford,Pac-12,TIGHTEND,TE,2020,4,27,133,3,0.0,0.0,0.0,3.0,0.0,0.0,3.0,0.0,0.0,0.0,0.0,0.0,0.0,0.0,0.0,0.0,0.0,0.0,0.0,0.0,0.0,1.0,1.0,0.0,1.0,8.0,0.0,0.0,0.0,0.0,0.0,0.0,0.0,87.0,12.0,1171.0,0.0,0.0,0.0,,,,,75.0,,1.0,8.0,13.459770114942527,,,,,,
2020_134_3858276,3858276,Jaylinn Hawkins,California,Pac-12,SAFETY,DB,2020,4,28,134,4,7.0,0.0,1.0,90.0,0.0,7.0,140.0,0.0,0.0,0.0,10.0,0.0,90.0,11.0,0.0,141.0,0.0,0.0,0.0,0.0,0.0,0.0,0.0,0.0,0.0,0.0,0.0,0.0,0.0,0.0,0.0,0.0,0.0,0.0,0.0,0.0,0.0,0.0,0.0,29.0,,,,,,,,,,12.818181818181818,,,,9.0
2020_135_3917599,3917599,Kevin Dotson,Louisiana,Sun Belt,OFFENSIVEGUARD,OL,2020,4,29,135,2,0.0,0.0,0.0,3.0,0.0,1.0,3.0,0.0,0.0,0.0,0.0,0.0,0.0,0.0,0.0,0.0,0.0,0.0,0.0,0.0,0.0,0.0,0.0,0.0,0.0,0.0,0.0,0.0,0.0,0.0,0.0,0.0,0.0,0.0,0.0,0.0,0.0,0.0,0.0,,,,,,,,,,,,,,,
2020_136_3918003,3918003,Brycen Hopkins,Purdue,Big Ten,TIGHTEND,TE,2020,4,30,136,4,0.0,0.0,0.0,0.0,0.0,0.0,0.0,0.0,0.0,0.0,0.0,0.0,0.0,1.0,0.0,0.0,0.0,0.0,0.0,0.0,0.0,0.0,0.0,0.0,0.0,0.0,0.0,0.0,0.0,0.0,0.0,0.0,0.0,130.0,16.0,1945.0,0.0,0.0,0.0,0.0,,,,74.0,,,,14.961538461538462,,0.0,,,,
2020_137_4241977,4241977,Josiah Scott,Michigan State,Big Ten,CORNERBACK,DB,2020,4,31,137,3,24.0,0.0,0.0,64.0,0.0,2.0,95.0,0.0,0.0,1.0,7.0,0.0,46.0,0.0,0.0,0.0,0.0,0.0,0.0,0.0,0.0,0.0,0.0,0.0,0.0,0.0,0.0,0.0,0.0,0.0,0.0,0.0,0.0,0.0,0.0,0.0,0.0,0.0,0.0,,,,,,,,,,,,,,,6.571428571428571
2020_138_4040432,4040432,L'Jarius Sneed,Louisiana Tech,Conference USA,SAFETY,DB,2020,4,32,138,4,18.0,0.0,2.5,123.0,3.0,5.5,173.0,0.0,0.0,0.0,8.0,3.0,154.0,0.0,0.0,0.0,0.0,0.0,0.0,0.0,0.0,0.0,0.0,0.0,0.0,0.0,0.0,0.0,0.0,0.0,0.0,0.0,0.0,0.0,0.0,0.0,0.0,0.0,0.0,,,,,,,,,,,,,,,19.25
2020_139_4239694,4239694,Amik Robertson,Louisiana Tech,Conference USA,CORNERBACK,DB,2020,4,33,139,3,33.0,4.0,4.0,133.0,4.0,23.0,176.0,1.0,1.0,2.0,14.0,3.0,265.0,1.0,1.0,30.0,0.0,0.0,0.0,0.0,0.0,0.0,0.0,0.0,0.0,0.0,2.0,0.0,-6.0,0.0,0.0,0.0,0.0,0.0,0.0,0.0,0.0,0.0,0.0,30.0,,0.0,,,,,,,,30.0,-3.0,,,18.928571428571427
2020_140_4037468,4037468,Shaquille Quarterman,Miami,ACC,INSIDELINEBACKER,LB,2020,4,34,140,4,11.0,25.0,12.5,180.0,0.0,46.5,351.0,0.0,0.0,5.0,1.0,0.0,20.0,0.0,0.0,0.0,0.0,0.0,0.0,0.0,0.0,0.0,0.0,0.0,0.0,0.0,0.0,0.0,0.0,0.0,0.0,0.0,0.0,0.0,0.0,0.0,0.0,0.0,0.0,,,,,,,,,,,,,,,20.0
2020_141_3929653,3929653,John Reid,Penn State,Big Ten,CORNERBACK,DB,2020,4,35,141,4,23.0,3.0,1.5,65.0,1.0,8.5,96.0,1.0,1.0,1.0,7.0,1.0,163.0,0.0,0.0,0.0,0.0,0.0,0.0,0.0,0.0,0.0,0.0,0.0,0.0,0.0,22.0,0.0,166.0,0.0,0.0,0.0,0.0,0.0,0.0,0.0,0.0,0.0,0.0,,,59.0,,,,,,,,,7.545454545454546,,,23.285714285714285
2020_142_4029893,4029893,Antonio Gandy-Golden,Liberty,FBS Independents,WIDERECEIVER,WR,2020,4,36,142,4,0.0,0.0,0.0,3.0,0.0,0.0,3.0,0.0,0.0,0.0,0.0,0.0,0.0,0.0,0.0,0.0,0.0,0.0,0.0,0.0,0.0,0.0,0.0,0.0,0.0,0.0,0.0,0.0,0.0,0.0,0.0,0.0,0.0,164.0,22.0,2672.0,0.0,0.0,0.0,,,,,73.0,,,,16.29268292682927,,,,,,
2020_144_4240631,4240631,DeeJay Dallas,Miami,ACC,RUNNINGBACK,RB,2020,4,38,144,3,0.0,0.0,0.0,2.0,1.0,0.0,4.0,2.0,1.0,0.0,0.0,0.0,0.0,20.0,0.0,420.0,0.0,0.0,0.0,0.0,0.0,2.0,0.0,0.0,0.0,0.0,11.0,1.0,191.0,0.0,0.0,0.0,0.0,28.0,2.0,317.0,264.0,17.0,1527.0,53.0,,65.0,,49.0,83.0,0.0,0.0,11.321428571428571,5.784090909090909,21.0,17.363636363636363,,,
2020_145_3932668,3932668,Jack Driscoll,Massachusetts,FBS Independents,OFFENSIVEGUARD,OL,2020,4,39,145,2,0.0,0.0,0.0,1.0,0.0,0.0,1.0,0.0,0.0,0.0,0.0,0.0,0.0,0.0,0.0,0.0,0.0,0.0,0.0,0.0,0.0,0.0,0.0,0.0,0.0,0.0,0.0,0.0,0.0,0.0,0.0,0.0,0.0,0.0,0.0,0.0,0.0,0.0,8.0,,,,,,8.0,,,,inf,,,,,
2020_146_4035788,4035788,Tyler Biadasz,Wisconsin,Big Ten,CENTER,OL,2020,4,40,146,2,0.0,0.0,0.0,3.0,0.0,0.0,3.0,0.0,0.0,0.0,0.0,0.0,0.0,0.0,0.0,0.0,0.0,0.0,0.0,0.0,0.0,0.0,0.0,0.0,0.0,0.0,0.0,0.0,0.0,0.0,0.0,0.0,0.0,0.0,0.0,0.0,0.0,0.0,0.0,,,,,,,,,,,,,,,
2020_147_4039029,4039029,Khalid Kareem,Notre Dame,FBS Independents,DEFENSIVEEND,DL,2020,5,1,147,3,6.0,24.0,13.0,56.0,0.0,26.0,103.0,0.0,0.0,2.0,0.0,0.0,0.0,0.0,0.0,0.0,0.0,0.0,0.0,0.0,0.0,0.0,0.0,0.0,0.0,0.0,0.0,0.0,0.0,0.0,0.0,0.0,0.0,0.0,0.0,0.0,0.0,0.0,0.0,,,,,,,,,,,,,,,
2020_148_4254276,4254276,Alton Robinson,Syracuse,ACC,DEFENSIVEEND,DL,2020,5,2,148,3,5.0,24.0,19.5,69.0,0.0,31.5,111.0,0.0,0.0,2.0,0.0,0.0,0.0,0.0,0.0,0.0,0.0,0.0,0.0,0.0,0.0,0.0,0.0,0.0,0.0,0.0,0.0,0.0,0.0,0.0,0.0,0.0,0.0,0.0,0.0,0.0,0.0,0.0,0.0,,,,,,,,,,,,,,,
2020_149_3915470,3915470,Danny Pinter,Ball State,Mid-American,OFFENSIVEGUARD,OL,2020,5,3,149,4,0.0,0.0,0.0,3.0,0.0,0.0,4.0,0.0,0.0,0.0,0.0,0.0,0.0,2.0,0.0,25.0,0.0,0.0,0.0,0.0,0.0,0.0,0.0,0.0,0.0,0.0,0.0,0.0,0.0,0.0,0.0,0.0,0.0,9.0,1.0,56.0,2.0,1.0,8.0,13.0,,,,15.0,5.0,,,6.222222222222222,4.0,12.5,,,,
2020_151_4037591,4037591,Joe Reed,Virginia,ACC,WIDERECEIVER,WR,2020,5,5,151,4,0.0,0.0,0.0,10.0,5.0,0.0,17.0,4.0,2.0,0.0,0.0,0.0,0.0,107.0,5.0,3042.0,0.0,0.0,0.0,0.0,0.0,0.0,0.0,0.0,0.0,0.0,0.0,0.0,0.0,0.0,0.0,0.0,0.0,129.0,16.0,1465.0,34.0,1.0,172.0,100.0,,,,75.0,29.0,,,11.356589147286822,5.0588235294117645,28.429906542056074,,,,
2020_152_4241889,4241889,Kenny Robinson,West Virginia,Big 12,SAFETY,DB,2020,5,6,152,2,7.0,0.0,0.0,84.0,2.0,4.0,123.0,0.0,0.0,1.0,7.0,2.0,228.0,0.0,0.0,0.0,0.0,0.0,0.0,0.0,0.0,0.0,0.0,0.0,0.0,0.0,0.0,0.0,0.0,0.0,0.0,0.0,0.0,0.0,0.0,0.0,0.0,0.0,0.0,,,,,,,,,,,,,,,32.57142857142857
2020_153_3916075,3916075,Colton McKivitz,West Virginia,Big 12,OFFENSIVETACKLE,OL,2020,5,7,153,2,0.0,0.0,0.0,3.0,0.0,0.0,3.0,0.0,0.0,0.0,0.0,0.0,0.0,0.0,0.0,0.0,0.0,0.0,0.0,0.0,0.0,0.0,0.0,0.0,0.0,0.0,0.0,0.0,0.0,0.0,0.0,0.0,0.0,0.0,0.0,0.0,0.0,0.0,0.0,,,,,,,,,,,,,,,
2020_154_3895843,3895843,Jason Strowbridge,North Carolina,ACC,DEFENSIVEEND,DL,2020,5,9,154,4,3.0,12.0,11.5,62.0,0.0,22.0,127.0,0.0,0.0,3.0,0.0,0.0,0.0,0.0,0.0,0.0,0.0,0.0,0.0,0.0,0.0,0.0,0.0,0.0,0.0,0.0,0.0,0.0,0.0,0.0,0.0,0.0,0.0,0.0,0.0,0.0,0.0,0.0,0.0,,,,,,,,,,,,,,,
2020_155_3917016,3917016,Trevis Gipson,Tulsa,American Athletic,OUTSIDELINEBACKER,LB,2020,5,10,155,4,2.0,9.0,13.0,63.0,0.0,25.5,114.0,0.0,0.0,0.0,0.0,0.0,0.0,1.0,0.0,2.0,0.0,0.0,0.0,0.0,0.0,0.0,0.0,0.0,0.0,0.0,0.0,0.0,0.0,0.0,0.0,0.0,0.0,0.0,0.0,0.0,0.0,0.0,0.0,2.0,,,,,,,,,,2.0,,,,
2020_156_4036831,4036831,Keith Ismael,San Diego State,Mountain West,CENTER,OL,2020,5,11,156,2,0.0,0.0,0.0,2.0,0.0,0.0,2.0,0.0,0.0,0.0,0.0,0.0,0.0,0.0,0.0,0.0,0.0,0.0,0.0,0.0,0.0,0.0,0.0,0.0,0.0,0.0,0.0,0.0,0.0,0.0,0.0,0.0,0.0,0.0,0.0,0.0,0.0,0.0,0.0,,,,,,,,,,,,,,,
2020_157_4035505,4035505,Daniel Thomas,Auburn,SEC,SAFETY,DB,2020,5,12,157,4,8.0,5.0,0.0,124.0,1.0,9.0,199.0,0.0,0.0,3.0,5.0,1.0,58.0,0.0,0.0,0.0,0.0,0.0,0.0,0.0,0.0,0.0,0.0,0.0,0.0,0.0,0.0,0.0,0.0,0.0,0.0,0.0,0.0,0.0,0.0,0.0,0.0,0.0,0.0,,,,,,,,,,,,,,,11.6
2020_158_4037584,4037584,Bryce Hall,Virginia,ACC,CORNERBACK,DB,2020,5,13,158,4,38.0,0.0,4.0,98.0,0.0,9.5,154.0,0.0,0.0,1.0,5.0,0.0,51.0,0.0,0.0,0.0,0.0,0.0,0.0,0.0,0.0,0.0,0.0,0.0,0.0,0.0,0.0,0.0,0.0,0.0,0.0,0.0,0.0,0.0,0.0,0.0,0.0,0.0,0.0,,,,,,,,,,,,,,,10.2
2020_159_3913295,3913295,Justin Rohrwasser,Rhode Island,CAA,PLACEKICKER,ST,2020,5,14,159,3,0.0,0.0,0.0,1.0,0.0,0.0,2.0,0.0,0.0,2.0,0.0,0.0,0.0,0.0,0.0,0.0,42.0,33.0,178.0,83.0,79.0,0.0,0.0,0.0,0.0,0.0,0.0,0.0,0.0,0.0,0.0,0.0,0.0,0.0,0.0,0.0,0.0,0.0,0.0,,53.0,,,,,,,,,,,,0.7857142857142857,
2020_161_246044,246044,Tyler Johnson,Minnesota,Big Ten,WIDERECEIVER,WR,2020,5,16,161,4,0.0,0.0,0.0,7.0,0.0,0.0,8.0,4.0,2.0,0.0,1.0,0.0,0.0,0.0,0.0,0.0,0.0,0.0,0.0,0.0,0.0,0.0,0.0,0.0,0.0,0.0,0.0,0.0,0.0,0.0,0.0,0.0,0.0,213.0,33.0,3305.0,1.0,0.0,-1.0,,,,,73.0,0.0,,,15.51643192488263,-1.0,,,,,0.0
2020_162_4046525,4046525,Khaleke Hudson,Michigan,Big Ten,OUTSIDELINEBACKER,LB,2020,5,17,162,4,14.0,10.0,11.0,120.0,0.0,25.0,231.0,0.0,0.0,1.0,2.0,0.0,22.0,1.0,0.0,6.0,0.0,0.0,0.0,0.0,0.0,0.0,0.0,0.0,0.0,0.0,1.0,0.0,20.0,0.0,0.0,0.0,0.0,0.0,0.0,0.0,0.0,0.0,0.0,6.0,,0.0,,,,,,,,6.0,20.0,,,11.0
2020_163_4036651,4036651,Kindle Vildor,Georgia Southern,Sun Belt,CORNERBACK,DB,2020,5,18,163,4,25.0,0.0,1.0,72.0,0.0,9.0,94.0,0.0,0.0,0.0,9.0,0.0,-16.0,0.0,0.0,0.0,0.0,0.0,0.0,0.0,0.0,0.0,0.0,0.0,0.0,0.0,0.0,0.0,0.0,0.0,0.0,0.0,0.0,0.0,0.0,0.0,0.0,0.0,0.0,,,,,,,,,,,,,,,-1.7777777777777777
2020_164_4048257,4048257,Curtis Weaver,Boise State,Mountain West,DEFENSIVEEND,DL,2020,5,19,164,3,6.0,6.0,33.0,72.0,0.0,46.5,126.0,0.0,0.0,1.0,2.0,0.0,17.0,0.0,0.0,0.0,0.0,0.0,0.0,0.0,0.0,0.0,0.0,0.0,0.0,0.0,0.0,0.0,0.0,0.0,0.0,0.0,0.0,0.0,0.0,0.0,0.0,0.0,0.0,,,,,,,,,,,,,,,8.5
2020_165_4039043,4039043,Collin Johnson,Texas,Big 12,WIDERECEIVER,WR,2020,5,20,165,4,1.0,0.0,0.0,1.0,0.0,0.0,1.0,2.0,1.0,0.0,0.0,0.0,0.0,0.0,0.0,0.0,0.0,0.0,0.0,0.0,0.0,0.0,0.0,0.0,0.0,0.0,0.0,0.0,0.0,0.0,0.0,0.0,0.0,188.0,15.0,2627.0,0.0,0.0,-7.0,,,,,48.0,0.0,,,13.97340425531915,-inf,,,,,
2020_166_4035793,4035793,Quintez Cephus,Wisconsin,Big Ten,WIDERECEIVER,WR,2020,5,21,166,3,0.0,0.0,0.0,0.0,0.0,0.0,1.0,1.0,0.0,0.0,0.0,0.0,0.0,0.0,0.0,0.0,0.0,0.0,0.0,0.0,0.0,0.0,0.0,0.0,0.0,0.0,0.0,0.0,0.0,0.0,0.0,0.0,0.0,93.0,13.0,1496.0,9.0,0.0,46.0,,,,,61.0,20.0,,,16.086021505376344,5.111111111111111,,,,,
2020_167_4240689,4240689,Jake Fromm,Georgia,SEC,QUARTERBACK,QB,2020,5,22,167,3,0.0,0.0,0.0,3.0,0.0,0.0,3.0,10.0,4.0,0.0,0.0,0.0,0.0,0.0,0.0,0.0,0.0,0.0,0.0,0.0,0.0,981.0,621.0,18.0,78.0,8224.0,0.0,0.0,0.0,0.0,0.0,0.0,0.0,0.0,0.0,0.0,134.0,3.0,40.0,,,,,,21.0,0.6330275229357798,8.383282364933741,,0.2985074626865671,,,,,
2020_168_4373673,4373673,John Hightower,Boise State,Mountain West,WIDERECEIVER,WR,2020,5,23,168,2,0.0,0.0,0.0,0.0,1.0,0.0,0.0,2.0,2.0,0.0,0.0,0.0,0.0,36.0,1.0,740.0,0.0,0.0,0.0,0.0,0.0,2.0,1.0,0.0,0.0,4.0,1.0,0.0,2.0,0.0,0.0,0.0,0.0,82.0,14.0,1447.0,23.0,2.0,302.0,98.0,,0.0,,76.0,88.0,0.5,2.0,17.646341463414632,13.130434782608695,20.555555555555557,2.0,,,
2020_169_4259170,4259170,Harrison Hand,Temple,American Athletic,CORNERBACK,DB,2020,5,24,169,3,15.0,0.0,0.0,84.0,0.0,5.5,112.0,0.0,0.0,0.0,4.0,0.0,8.0,0.0,0.0,0.0,0.0,0.0,0.0,0.0,0.0,0.0,0.0,0.0,0.0,0.0,0.0,0.0,0.0,0.0,0.0,0.0,0.0,0.0,0.0,0.0,0.0,0.0,0.0,,,,,,,,,,,,,,,2.0
2020_170_3915837,3915837,Broderick Washington Jr.,Texas Tech,Big 12,DEFENSIVETACKLE,DL,2020,5,25,170,4,2.0,16.0,8.5,82.0,0.0,15.5,138.0,0.0,0.0,1.0,0.0,0.0,0.0,0.0,0.0,0.0,0.0,0.0,0.0,0.0,0.0,0.0,0.0,0.0,0.0,0.0,0.0,0.0,0.0,0.0,0.0,0.0,0.0,0.0,0.0,0.0,0.0,0.0,0.0,,,,,,,,,,,,,,,
2020_171_4248504,4248504,Isaiah Coulter,Rhode Island,CAA,WIDERECEIVER,WR,2020,5,26,171,3,0.0,0.0,0.0,0.0,0.0,0.0,0.0,0.0,0.0,0.0,0.0,0.0,0.0,0.0,0.0,0.0,0.0,0.0,0.0,0.0,0.0,0.0,0.0,0.0,0.0,0.0,0.0,0.0,0.0,0.0,0.0,0.0,0.0,22.0,3.0,417.0,0.0,0.0,0.0,,,,,56.0,,,,18.954545454545453,,,,,,
2020_172_4040790,4040790,Jason Huntley,New Mexico State,Sun Belt,RUNNINGBACK,RB,2020,5,27,172,4,0.0,0.0,0.0,1.0,5.0,0.0,3.0,9.0,4.0,0.0,0.0,0.0,0.0,60.0,5.0,1521.0,0.0,0.0,0.0,0.0,0.0,0.0,0.0,0.0,0.0,0.0,0.0,0.0,0.0,0.0,0.0,0.0,0.0,134.0,7.0,1061.0,373.0,18.0,2182.0,100.0,,,,61.0,57.0,,,7.917910447761194,5.849865951742627,25.35,,,,
2020_173_4040655,4040655,Darnell Mooney,Tulane,American Athletic,WIDERECEIVER,WR,2020,5,28,173,4,0.0,0.0,0.0,2.0,0.0,0.0,2.0,2.0,2.0,0.0,0.0,0.0,0.0,1.0,0.0,5.0,0.0,0.0,0.0,0.0,0.0,0.0,0.0,0.0,0.0,0.0,1.0,0.0,0.0,0.0,0.0,0.0,0.0,154.0,19.0,2572.0,5.0,0.0,28.0,5.0,,0.0,,86.0,8.0,,,16.7012987012987,5.6,5.0,0.0,,,
2020_174_4240123,4240123,Larrell Murchison,NC State,ACC,DEFENSIVETACKLE,DL,2020,5,29,174,2,4.0,5.0,11.0,40.0,0.0,20.0,82.0,0.0,0.0,3.0,1.0,0.0,0.0,0.0,0.0,0.0,0.0,0.0,0.0,0.0,0.0,0.0,0.0,0.0,0.0,0.0,0.0,0.0,0.0,0.0,0.0,0.0,0.0,0.0,0.0,0.0,0.0,0.0,0.0,,,,,,,,,,,,,,,0.0
2020_175_4034781,4034781,Kamal Martin,Minnesota,Big Ten,INSIDELINEBACKER,LB,2020,5,30,175,4,5.0,1.0,3.5,104.0,0.0,13.0,174.0,0.0,0.0,3.0,4.0,0.0,14.0,0.0,0.0,0.0,0.0,0.0,0.0,0.0,0.0,0.0,0.0,0.0,0.0,0.0,0.0,0.0,0.0,0.0,0.0,0.0,0.0,0.0,0.0,0.0,3.0,1.0,34.0,,,,,,23.0,,,,11.333333333333334,,,,,3.5
2020_176_3916566,3916566,K.J. Osborn,Miami,ACC,WIDERECEIVER,WR,2020,5,31,176,4,0.0,0.0,0.0,7.0,0.0,0.0,11.0,2.0,0.0,0.0,0.0,0.0,0.0,33.0,0.0,646.0,0.0,0.0,0.0,0.0,0.0,0.0,0.0,0.0,0.0,0.0,49.0,0.0,594.0,0.0,0.0,0.0,0.0,146.0,17.0,2037.0,14.0,1.0,53.0,31.0,,52.0,,75.0,16.0,,,13.952054794520548,3.7857142857142856,19.575757575757574,12.122448979591836,,,
2020_177_3915487,3915487,Mike Danna,Michigan,Big Ten,DEFENSIVEEND,DL,2020,5,32,177,4,1.0,15.0,17.0,111.0,1.0,30.0,188.0,0.0,0.0,4.0,0.0,0.0,0.0,0.0,0.0,0.0,0.0,0.0,0.0,0.0,0.0,0.0,0.0,0.0,0.0,0.0,0.0,0.0,0.0,0.0,0.0,0.0,0.0,0.0,0.0,0.0,0.0,0.0,0.0,,,,,,,,,,,,,,,
2020_178_3919548,3919548,Justin Strnad,Wake Forest,ACC,OUTSIDELINEBACKER,LB,2020,5,33,178,4,10.0,4.0,8.0,147.0,0.0,22.5,244.0,0.0,0.0,1.0,4.0,0.0,44.0,0.0,0.0,0.0,0.0,0.0,0.0,0.0,0.0,0.0,0.0,0.0,0.0,0.0,0.0,0.0,0.0,0.0,0.0,0.0,0.0,1.0,0.0,2.0,0.0,0.0,0.0,,,,,2.0,,,,2.0,,,,,,11.0
2020_179_4035660,4035660,Bradlee Anae,Utah,Pac-12,DEFENSIVEEND,DL,2020,5,34,179,4,4.0,3.0,29.0,84.0,0.0,40.5,132.0,0.0,0.0,2.0,0.0,0.0,0.0,0.0,0.0,0.0,0.0,0.0,0.0,0.0,0.0,0.0,0.0,0.0,0.0,0.0,0.0,0.0,0.0,0.0,0.0,0.0,0.0,0.0,0.0,0.0,4.0,0.0,14.0,,,,,,5.0,,,,3.5,,,,,
2020_183_4259586,4259586,Cam Brown,Penn State,Big Ten,OUTSIDELINEBACKER,LB,2020,6,4,183,3,11.0,12.0,4.5,86.0,0.0,13.0,166.0,0.0,0.0,2.0,0.0,0.0,0.0,0.0,0.0,0.0,0.0,0.0,0.0,0.0,0.0,0.0,0.0,0.0,0.0,0.0,0.0,0.0,0.0,0.0,0.0,0.0,0.0,0.0,0.0,0.0,0.0,0.0,0.0,,,,,,,,,,,,,,,
2020_184_4035407,4035407,Bravvion Roy,Baylor,Big 12,DEFENSIVETACKLE,DL,2020,6,5,184,4,0.0,8.0,7.5,71.0,0.0,19.0,129.0,0.0,0.0,0.0,0.0,0.0,0.0,0.0,0.0,0.0,0.0,0.0,0.0,0.0,0.0,0.0,0.0,0.0,0.0,0.0,0.0,0.0,0.0,0.0,0.0,0.0,0.0,0.0,0.0,0.0,0.0,0.0,0.0,,,,,,,,,,,,,,,
2020_185_3843470,3843470,Blake Ferguson,LSU,SEC,LONGSNAPPER,ST,2020,6,6,185,2,0.0,0.0,0.0,1.0,0.0,0.0,3.0,0.0,0.0,1.0,0.0,0.0,0.0,0.0,0.0,0.0,0.0,0.0,0.0,0.0,0.0,0.0,0.0,0.0,0.0,0.0,0.0,0.0,0.0,0.0,0.0,0.0,0.0,0.0,0.0,0.0,0.0,0.0,0.0,,,,,,,,,,,,,,,
2020_186_4039413,4039413,Alohi Gilman,Notre Dame,FBS Independents,SAFETY,DB,2020,6,7,186,3,12.0,3.0,1.0,136.0,0.0,11.0,236.0,0.0,0.0,3.0,3.0,0.0,54.0,0.0,0.0,0.0,0.0,0.0,0.0,0.0,0.0,0.0,0.0,0.0,0.0,0.0,0.0,0.0,0.0,0.0,0.0,0.0,0.0,0.0,0.0,0.0,0.0,0.0,0.0,,,,,,,,,,,,,,,18.0
2020_187_4258195,4258195,Donovan Peoples-Jones,Michigan,Big Ten,WIDERECEIVER,WR,2020,6,8,187,3,0.0,0.0,0.0,3.0,2.0,0.0,3.0,5.0,2.0,0.0,0.0,0.0,0.0,0.0,0.0,0.0,0.0,0.0,0.0,0.0,0.0,0.0,0.0,0.0,0.0,0.0,90.0,2.0,743.0,0.0,0.0,0.0,0.0,101.0,14.0,1296.0,9.0,0.0,87.0,,,79.0,,79.0,44.0,,,12.831683168316832,9.666666666666666,,8.255555555555556,,,
2020_188_3917232,3917232,Tyler Bass,Georgia Southern,Sun Belt,PLACEKICKER,ST,2020,6,9,188,4,0.0,0.0,0.0,6.0,0.0,0.0,11.0,0.0,0.0,0.0,0.0,0.0,0.0,0.0,0.0,0.0,68.0,54.0,276.0,116.0,114.0,1.0,1.0,0.0,0.0,7.0,1.0,0.0,16.0,1.0,5.0,0.0,240.0,0.0,0.0,0.0,1.0,0.0,-4.0,,50.0,16.0,61.0,,0.0,1.0,7.0,,-4.0,,16.0,48.0,0.7941176470588235,
2020_189_3124900,3124900,Jake Luton,Oregon State,Pac-12,QUARTERBACK,QB,2020,6,10,189,4,0.0,0.0,0.0,0.0,0.0,0.0,0.0,4.0,3.0,0.0,0.0,0.0,0.0,0.0,0.0,0.0,0.0,0.0,0.0,0.0,0.0,794.0,494.0,15.0,43.0,5610.0,0.0,0.0,0.0,1.0,2.0,0.0,66.0,0.0,0.0,0.0,116.0,6.0,-131.0,,,,33.0,,19.0,0.6221662468513854,7.065491183879093,,-1.1293103448275863,,,33.0,,
2020_190_4035020,4035020,Charlie Woerner,Georgia,SEC,TIGHTEND,TE,2020,6,11,190,4,0.0,0.0,0.0,3.0,0.0,0.0,5.0,1.0,0.0,0.0,0.0,0.0,0.0,1.0,0.0,6.0,0.0,0.0,0.0,0.0,0.0,0.0,0.0,0.0,0.0,0.0,0.0,0.0,0.0,0.0,0.0,0.0,0.0,34.0,1.0,376.0,0.0,0.0,0.0,6.0,,,,50.0,,,,11.058823529411764,,6.0,,,,
2020_191_4035239,4035239,Braden Mann,Texas A&M,SEC,PUNTER,ST,2020,6,12,191,4,0.0,0.0,0.0,12.0,0.0,0.0,12.0,0.0,0.0,0.0,0.0,0.0,0.0,0.0,0.0,0.0,1.0,0.0,0.0,0.0,0.0,0.0,0.0,0.0,0.0,0.0,0.0,0.0,0.0,31.0,109.0,11.0,5328.0,0.0,0.0,0.0,1.0,0.0,15.0,,0.0,,82.0,,15.0,,,,15.0,,,48.88073394495413,0.0,
2020_192_3929936,3929936,Jon Runyan,Michigan,Big Ten,OFFENSIVEGUARD,OL,2020,6,13,192,1,0.0,0.0,0.0,0.0,0.0,0.0,0.0,1.0,0.0,0.0,0.0,0.0,0.0,0.0,0.0,0.0,0.0,0.0,0.0,0.0,0.0,0.0,0.0,0.0,0.0,0.0,0.0,0.0,0.0,0.0,0.0,0.0,0.0,0.0,0.0,0.0,1.0,0.0,-9.0,,,,,,0.0,,,,-9.0,,,,,
2020_193_3929658,3929658,Robert Windsor,Penn State,Big Ten,DEFENSIVETACKLE,DL,2020,6,14,193,4,0.0,13.0,14.0,50.0,0.0,19.0,120.0,0.0,0.0,3.0,0.0,0.0,0.0,0.0,0.0,0.0,0.0,0.0,0.0,0.0,0.0,0.0,0.0,0.0,0.0,0.0,0.0,0.0,0.0,0.0,0.0,0.0,0.0,0.0,0.0,0.0,0.0,0.0,0.0,,,,,,,,,,,,,,,
2020_194_3699530,3699530,Khalil Davis,Nebraska,Big Ten,DEFENSIVETACKLE,DL,2020,6,15,194,4,2.0,6.0,13.0,63.0,0.0,26.0,105.0,0.0,0.0,1.0,0.0,0.0,0.0,0.0,0.0,0.0,0.0,0.0,0.0,0.0,0.0,0.0,0.0,0.0,0.0,0.0,0.0,0.0,0.0,0.0,0.0,0.0,0.0,0.0,0.0,0.0,0.0,0.0,0.0,,,,,,,,,,,,,,,
2020_196_4038902,4038902,Shaun Bradley,Temple,American Athletic,INSIDELINEBACKER,LB,2020,6,17,196,4,5.0,7.0,2.0,168.0,1.0,22.0,256.0,0.0,0.0,1.0,3.0,1.0,94.0,0.0,0.0,0.0,0.0,0.0,0.0,0.0,0.0,0.0,0.0,0.0,0.0,0.0,0.0,0.0,0.0,0.0,0.0,0.0,0.0,0.0,0.0,0.0,9.0,0.0,46.0,,,,,,28.0,,,,5.111111111111111,,,,,31.333333333333332
2020_197_4243257,4243257,John Penisini,Utah,Pac-12,DEFENSIVETACKLE,DL,2020,6,18,197,3,2.0,1.0,5.0,29.0,0.0,15.0,80.0,0.0,0.0,1.0,0.0,0.0,0.0,0.0,0.0,0.0,0.0,0.0,0.0,0.0,0.0,0.0,0.0,0.0,0.0,0.0,0.0,0.0,0.0,0.0,0.0,0.0,0.0,0.0,0.0,0.0,0.0,0.0,0.0,,,,,,,,,,,,,,,
2020_198_4036213,4036213,Antoine Brooks Jr.,Maryland,Big Ten,SAFETY,DB,2020,6,19,198,4,9.0,1.0,3.5,173.0,0.0,27.5,237.0,0.0,0.0,1.0,3.0,0.0,0.0,0.0,0.0,0.0,0.0,0.0,0.0,0.0,0.0,0.0,0.0,0.0,0.0,0.0,0.0,0.0,0.0,0.0,0.0,0.0,0.0,0.0,0.0,0.0,0.0,0.0,0.0,,,,,,,,,,,,,,,0.0
2020_199_4040613,4040613,Jordan Fuller,Ohio State,Big Ten,SAFETY,DB,2020,6,20,199,4,10.0,0.0,0.0,167.0,0.0,5.5,224.0,0.0,0.0,2.0,6.0,0.0,81.0,0.0,0.0,0.0,0.0,0.0,0.0,0.0,0.0,0.0,0.0,0.0,0.0,0.0,0.0,0.0,0.0,0.0,0.0,0.0,0.0,0.0,0.0,0.0,0.0,0.0,0.0,,,,,,,,,,,,,,,13.5
2020_200_4050373,4050373,Quez Watkins,Southern Miss,Conference USA,WIDERECEIVER,WR,2020,6,21,200,3,0.0,0.0,0.0,4.0,1.0,0.0,5.0,4.0,2.0,0.0,0.0,0.0,0.0,18.0,0.0,365.0,0.0,0.0,0.0,0.0,0.0,0.0,0.0,0.0,0.0,0.0,19.0,1.0,178.0,0.0,0.0,0.0,0.0,160.0,17.0,2411.0,5.0,0.0,12.0,46.0,,81.0,,77.0,8.0,,,15.06875,2.4,20.27777777777778,9.36842105263158,,,
2020_201_3916204,3916204,James Proche,SMU,American Athletic,WIDERECEIVER,WR,2020,6,22,201,4,0.0,0.0,0.0,2.0,0.0,0.0,3.0,8.0,1.0,0.0,0.0,0.0,0.0,31.0,0.0,615.0,0.0,0.0,0.0,0.0,0.0,5.0,1.0,0.0,0.0,2.0,51.0,0.0,382.0,0.0,0.0,0.0,0.0,301.0,39.0,3949.0,10.0,0.0,50.0,37.0,,31.0,,86.0,13.0,0.2,0.4,13.119601328903654,5.0,19.838709677419356,7.490196078431373,,,
2020_202_4035875,4035875,Evan Weaver,California,Pac-12,INSIDELINEBACKER,LB,2020,6,23,202,4,11.0,8.0,7.5,216.0,1.0,21.5,373.0,1.0,0.0,0.0,2.0,1.0,47.0,3.0,0.0,26.0,0.0,0.0,0.0,0.0,0.0,0.0,0.0,0.0,0.0,0.0,0.0,0.0,0.0,0.0,0.0,0.0,0.0,1.0,0.0,11.0,0.0,0.0,0.0,13.0,,,,11.0,,,,11.0,,8.666666666666666,,,,23.5
2020_203_3930270,3930270,Blake Brandel,Oregon State,Pac-12,OFFENSIVETACKLE,OL,2020,6,24,203,1,0.0,0.0,0.0,1.0,0.0,0.0,1.0,0.0,0.0,0.0,0.0,0.0,0.0,0.0,0.0,0.0,0.0,0.0,0.0,0.0,0.0,0.0,0.0,0.0,0.0,0.0,0.0,0.0,0.0,0.0,0.0,0.0,0.0,0.0,0.0,0.0,0.0,0.0,0.0,,,,,,,,,,,,,,,
2020_204_4048736,4048736,Cassh Maluia,Wyoming,Mountain West,INSIDELINEBACKER,LB,2020,6,25,204,4,5.0,2.0,1.5,100.0,0.0,16.5,191.0,0.0,0.0,3.0,4.0,0.0,30.0,0.0,0.0,0.0,0.0,0.0,0.0,0.0,0.0,0.0,0.0,0.0,0.0,0.0,0.0,0.0,0.0,0.0,0.0,0.0,0.0,0.0,0.0,0.0,0.0,0.0,0.0,,,,,,,,,,,,,,,7.5
2020_205_4046537,4046537,Josh Metellus,Michigan,Big Ten,SAFETY,DB,2020,6,26,205,4,13.0,0.0,1.0,109.0,1.0,9.5,187.0,0.0,0.0,1.0,5.0,1.0,104.0,0.0,0.0,0.0,0.0,0.0,0.0,0.0,0.0,0.0,0.0,0.0,0.0,0.0,1.0,0.0,8.0,0.0,0.0,0.0,0.0,0.0,0.0,0.0,0.0,0.0,0.0,,,8.0,,,,,,,,,8.0,,,20.8
2020_206_3914240,3914240,Tyler Davis,UConn,American Athletic,TIGHTEND,TE,2020,6,27,206,4,0.0,0.0,0.0,2.0,0.0,0.0,3.0,0.0,0.0,0.0,0.0,0.0,0.0,0.0,0.0,0.0,0.0,0.0,0.0,0.0,0.0,4.0,3.0,0.0,0.0,58.0,0.0,0.0,0.0,0.0,0.0,0.0,0.0,64.0,8.0,637.0,0.0,0.0,0.0,,,,,58.0,,0.75,14.5,9.953125,,,,,,
2020_207_4242540,4242540,Isaiah Hodgins,Oregon State,Pac-12,WIDERECEIVER,WR,2020,6,28,207,3,0.0,0.0,0.0,0.0,0.0,0.0,0.0,1.0,0.0,0.0,0.0,0.0,0.0,0.0,0.0,0.0,0.0,0.0,0.0,0.0,0.0,0.0,0.0,0.0,0.0,0.0,0.0,0.0,0.0,0.0,0.0,0.0,0.0,176.0,20.0,2322.0,0.0,0.0,0.0,,,,,51.0,,,,13.193181818181818,,,,,,
2020_208_3915139,3915139,Jake Hanson,Oregon,Pac-12,CENTER,OL,2020,6,29,208,1,0.0,0.0,0.0,1.0,0.0,0.0,1.0,0.0,0.0,0.0,0.0,0.0,0.0,0.0,0.0,0.0,0.0,0.0,0.0,0.0,0.0,0.0,0.0,0.0,0.0,0.0,0.0,0.0,0.0,0.0,0.0,0.0,0.0,0.0,0.0,0.0,0.0,0.0,0.0,,,,,,,,,,,,,,,
2020_209_3929794,3929794,Simon Stepaniak,Indiana,Big Ten,OFFENSIVETACKLE,OL,2020,6,30,209,2,0.0,0.0,0.0,1.0,0.0,0.0,2.0,0.0,0.0,0.0,0.0,0.0,0.0,0.0,0.0,0.0,0.0,0.0,0.0,0.0,0.0,0.0,0.0,0.0,0.0,0.0,0.0,0.0,0.0,0.0,0.0,0.0,0.0,0.0,0.0,0.0,0.0,0.0,0.0,,,,,,,,,,,,,,,
2020_210_4035518,4035518,Prince Tega Wanogho,Auburn,SEC,OFFENSIVETACKLE,OL,2020,6,31,210,1,0.0,0.0,0.0,0.0,0.0,0.0,0.0,0.0,0.0,0.0,0.0,0.0,0.0,0.0,0.0,0.0,0.0,0.0,0.0,0.0,0.0,0.0,0.0,0.0,0.0,0.0,0.0,0.0,0.0,0.0,0.0,0.0,0.0,1.0,0.0,0.0,0.0,0.0,0.0,,,,,0.0,,,,0.0,,,,,,
2020_211_4044540,4044540,Isaiah Rodgers,Massachusetts,FBS Independents,CORNERBACK,DB,2020,6,32,211,4,34.0,0.0,0.0,126.0,4.0,9.5,188.0,8.0,3.0,4.0,11.0,3.0,242.0,101.0,0.0,2338.0,0.0,0.0,0.0,0.0,0.0,0.0,0.0,0.0,0.0,0.0,21.0,1.0,156.0,0.0,0.0,0.0,0.0,0.0,0.0,0.0,0.0,0.0,0.0,87.0,,42.0,,,,,,,,23.14851485148515,7.428571428571429,,,22.0
2020_212_4054085,4054085,Dezmon Patmon,Washington State,Pac-12,WIDERECEIVER,WR,2020,6,33,212,4,0.0,0.0,0.0,2.0,0.0,0.0,3.0,1.0,1.0,0.0,0.0,0.0,0.0,0.0,0.0,0.0,0.0,0.0,0.0,0.0,0.0,0.0,0.0,0.0,0.0,0.0,0.0,0.0,0.0,0.0,0.0,0.0,0.0,156.0,13.0,1976.0,0.0,0.0,0.0,,,,,65.0,,,,12.666666666666666,,,,,,
2020_213_3929928,3929928,Jordan Glasgow,Michigan,Big Ten,INSIDELINEBACKER,LB,2020,6,34,213,4,1.0,5.0,7.0,79.0,0.0,10.0,139.0,0.0,0.0,2.0,0.0,0.0,0.0,0.0,0.0,0.0,0.0,0.0,0.0,0.0,0.0,0.0,0.0,0.0,0.0,0.0,1.0,0.0,32.0,0.0,0.0,0.0,0.0,0.0,0.0,0.0,0.0,0.0,0.0,,,32.0,,,,,,,,,32.0,,,
2020_214_4034950,4034950,Freddie Swain,Florida,SEC,WIDERECEIVER,WR,2020,6,36,214,4,0.0,0.0,0.0,2.0,1.0,0.0,2.0,1.0,0.0,0.0,0.0,0.0,0.0,5.0,0.0,56.0,0.0,0.0,0.0,0.0,0.0,0.0,0.0,0.0,0.0,0.0,40.0,1.0,308.0,0.0,0.0,0.0,0.0,69.0,15.0,1002.0,4.0,0.0,27.0,23.0,,85.0,,65.0,10.0,,,14.521739130434783,6.75,11.2,7.7,,,
2020_215_3917992,3917992,Markus Bailey,Purdue,Big Ten,INSIDELINEBACKER,LB,2020,7,1,215,4,6.0,4.0,12.5,205.0,1.0,26.0,295.0,0.0,0.0,0.0,6.0,1.0,107.0,0.0,0.0,0.0,0.0,0.0,0.0,0.0,0.0,0.0,0.0,0.0,0.0,0.0,0.0,0.0,0.0,0.0,0.0,0.0,0.0,0.0,0.0,0.0,0.0,0.0,0.0,,,,,,,,,,,,,,,17.833333333333332
2020_216_4242154,4242154,Kamren Curl,Arkansas,SEC,SAFETY,DB,2020,7,2,216,3,15.0,1.0,2.0,105.0,0.0,4.0,175.0,0.0,0.0,2.0,2.0,0.0,22.0,0.0,0.0,0.0,0.0,0.0,0.0,0.0,0.0,0.0,0.0,0.0,0.0,0.0,0.0,0.0,0.0,0.0,0.0,0.0,0.0,0.0,0.0,0.0,0.0,0.0,0.0,,,,,,,,,,,,,,,11.0
2020_217_3886598,3886598,Jauan Jennings,Tennessee,SEC,WIDERECEIVER,WR,2020,7,3,217,5,0.0,0.0,0.0,4.0,0.0,0.0,5.0,2.0,0.0,0.0,1.0,0.0,0.0,0.0,0.0,0.0,0.0,0.0,0.0,0.0,0.0,5.0,2.0,0.0,2.0,62.0,0.0,0.0,0.0,0.0,0.0,0.0,0.0,146.0,18.0,2153.0,25.0,1.0,93.0,,,,,67.0,22.0,0.4,12.4,14.746575342465754,3.72,,,,,0.0
2020_218_4034766,4034766,Carter Coughlin,Minnesota,Big Ten,OUTSIDELINEBACKER,LB,2020,7,4,218,4,4.0,4.0,22.0,104.0,0.0,39.0,152.0,0.0,0.0,1.0,0.0,0.0,0.0,0.0,0.0,0.0,0.0,0.0,0.0,0.0,0.0,0.0,0.0,0.0,0.0,0.0,0.0,0.0,10.0,0.0,0.0,0.0,0.0,0.0,0.0,0.0,0.0,0.0,0.0,,,10.0,,,,,,,,,inf,,,
2020_219_4240575,4240575,Geno Stone,Iowa,Big Ten,SAFETY,DB,2020,7,5,219,3,7.0,2.0,1.0,80.0,1.0,4.0,126.0,1.0,0.0,0.0,6.0,1.0,43.0,0.0,0.0,0.0,0.0,0.0,0.0,0.0,0.0,0.0,0.0,0.0,0.0,0.0,1.0,0.0,8.0,0.0,0.0,0.0,0.0,0.0,0.0,0.0,0.0,0.0,0.0,,,8.0,,,,,,,,,8.0,,,7.166666666666667
2020_220_3915522,3915522,K.J. Hill,Ohio State,Big Ten,WIDERECEIVER,WR,2020,7,6,220,4,1.0,0.0,0.0,2.0,0.0,0.0,2.0,5.0,2.0,0.0,0.0,0.0,0.0,10.0,0.0,160.0,0.0,0.0,0.0,0.0,0.0,0.0,0.0,0.0,0.0,0.0,47.0,0.0,258.0,0.0,0.0,0.0,0.0,201.0,20.0,2332.0,4.0,0.0,-1.0,32.0,,23.0,,53.0,1.0,,,11.601990049751244,-0.25,16.0,5.48936170212766,,,
2020_221_4046353,4046353,Stantley Thomas-Oliver III,Florida International,Conference USA,CORNERBACK,DB,2020,7,7,221,4,17.0,0.0,2.0,63.0,0.0,7.0,91.0,0.0,0.0,0.0,3.0,0.0,20.0,0.0,0.0,0.0,0.0,0.0,0.0,0.0,0.0,0.0,0.0,0.0,0.0,0.0,0.0,0.0,0.0,0.0,0.0,0.0,0.0,36.0,1.0,489.0,0.0,0.0,0.0,,,,,48.0,,,,13.583333333333334,,,,,,6.666666666666667
2020_222_4242873,4242873,Eno Benjamin,Arizona State,Pac-12,RUNNINGBACK,RB,2020,7,8,222,3,0.0,0.0,0.0,1.0,1.0,0.0,1.0,5.0,4.0,0.0,0.0,0.0,0.0,6.0,0.0,119.0,0.0,0.0,0.0,0.0,0.0,0.0,0.0,0.0,0.0,0.0,1.0,1.0,9.0,0.0,0.0,0.0,0.0,81.0,4.0,623.0,576.0,27.0,2867.0,25.0,,9.0,,72.0,49.0,,,7.691358024691358,4.977430555555555,19.833333333333332,9.0,,,
2020_223_4371737,4371737,Chris Claybrooks,Memphis,American Athletic,CORNERBACK,DB,2020,7,9,223,2,2.0,2.0,0.5,40.0,1.0,0.5,50.0,1.0,1.0,0.0,2.0,1.0,37.0,11.0,1.0,338.0,0.0,0.0,0.0,0.0,0.0,0.0,0.0,0.0,0.0,0.0,0.0,0.0,0.0,0.0,0.0,0.0,0.0,0.0,0.0,0.0,0.0,0.0,0.0,94.0,,,,,,,,,,30.727272727272727,,,,18.5
2020_224_4038220,4038220,Cole McDonald,Hawai'i,Mountain West,QUARTERBACK,QB,2020,7,10,224,3,0.0,0.0,0.0,0.0,0.0,0.0,0.0,12.0,6.0,0.0,0.0,0.0,0.0,0.0,0.0,0.0,0.0,0.0,0.0,0.0,0.0,1004.0,616.0,24.0,70.0,8035.0,0.0,0.0,0.0,0.0,0.0,0.0,0.0,0.0,0.0,0.0,253.0,12.0,861.0,,,,,,76.0,0.6135458167330677,8.002988047808765,,3.4031620553359683,,,,,
2020_225_3929833,3929833,Kenny Willekes,Michigan State,Big Ten,DEFENSIVEEND,DL,2020,7,11,225,4,4.0,36.0,25.0,102.0,0.0,50.5,227.0,0.0,0.0,4.0,0.0,0.0,0.0,0.0,0.0,0.0,0.0,0.0,0.0,0.0,0.0,0.0,0.0,0.0,0.0,0.0,0.0,0.0,0.0,0.0,0.0,0.0,0.0,0.0,0.0,0.0,0.0,0.0,0.0,,,,,,,,,,,,,,,
2020_228_3916449,3916449,Sterling Hofrichter,Syracuse,ACC,PUNTER,ST,2020,7,14,228,4,0.0,0.0,0.0,5.0,0.0,0.0,5.0,0.0,0.0,0.0,0.0,0.0,0.0,0.0,0.0,0.0,4.0,3.0,10.0,1.0,1.0,0.0,0.0,0.0,0.0,0.0,0.0,0.0,0.0,30.0,270.0,4.0,11651.0,0.0,0.0,0.0,0.0,0.0,0.0,,52.0,,65.0,,,,,,,,,43.15185185185185,0.75,
2020_229_3686690,3686690,James Smith-Williams,NC State,ACC,DEFENSIVEEND,DL,2020,7,15,229,4,3.0,13.0,8.0,36.0,0.0,12.0,79.0,0.0,0.0,2.0,0.0,0.0,0.0,0.0,0.0,0.0,0.0,0.0,0.0,0.0,0.0,0.0,0.0,0.0,0.0,0.0,1.0,0.0,11.0,0.0,0.0,0.0,0.0,0.0,0.0,0.0,0.0,0.0,0.0,,,11.0,,,,,,,,,11.0,,,
2020_231_3895785,3895785,Ben Dinucci,Pittsburgh,ACC,QUARTERBACK,QB,2020,7,17,231,4,0.0,0.0,0.0,1.0,0.0,0.0,1.0,4.0,4.0,0.0,0.0,0.0,0.0,0.0,0.0,0.0,0.0,0.0,0.0,0.0,0.0,214.0,127.0,8.0,7.0,1460.0,0.0,0.0,0.0,0.0,0.0,0.0,0.0,0.0,0.0,0.0,85.0,1.0,259.0,,,,,,31.0,0.5934579439252337,6.822429906542056,,3.0470588235294116,,,,,
2020_232_3699462,3699462,Carlos Davis,Nebraska,Big Ten,DEFENSIVETACKLE,DL,2020,7,18,232,4,8.0,11.0,9.5,59.0,0.0,17.5,125.0,0.0,0.0,2.0,0.0,0.0,0.0,0.0,0.0,0.0,0.0,0.0,0.0,0.0,0.0,0.0,0.0,0.0,0.0,0.0,0.0,0.0,0.0,0.0,0.0,0.0,0.0,0.0,0.0,0.0,0.0,0.0,0.0,,,,,,,,,,,,,,,
2020_233_3931408,3931408,Casey Toohill,Stanford,Pac-12,DEFENSIVEEND,DL,2020,7,19,233,4,4.0,20.0,14.5,71.0,0.0,22.0,123.0,0.0,0.0,1.0,1.0,0.0,2.0,0.0,0.0,0.0,0.0,0.0,0.0,0.0,0.0,0.0,0.0,0.0,0.0,0.0,0.0,0.0,0.0,0.0,0.0,0.0,0.0,0.0,0.0,0.0,0.0,0.0,0.0,,,,,,,,,,,,,,,2.0
2020_234_3928928,3928928,Clay Johnston,Baylor,Big 12,INSIDELINEBACKER,LB,2020,7,20,234,4,7.0,5.0,4.5,141.0,0.0,25.5,225.0,0.0,0.0,0.0,2.0,0.0,73.0,0.0,0.0,0.0,0.0,0.0,0.0,0.0,0.0,0.0,0.0,0.0,0.0,0.0,0.0,0.0,0.0,0.0,0.0,0.0,0.0,0.0,0.0,0.0,0.0,0.0,0.0,,,,,,,,,,,,,,,36.5
2020_235_3873928,3873928,Jashon Cornell,Ohio State,Big Ten,DEFENSIVEEND,DL,2020,7,21,235,4,0.0,1.0,7.0,35.0,0.0,14.5,63.0,0.0,0.0,2.0,0.0,0.0,0.0,0.0,0.0,0.0,0.0,0.0,0.0,0.0,0.0,0.0,0.0,0.0,0.0,0.0,0.0,0.0,0.0,0.0,0.0,0.0,0.0,0.0,0.0,0.0,0.0,0.0,0.0,,,,,,,,,,,,,,,
2020_236_4038538,4038538,Vernon Scott,TCU,Big 12,SAFETY,DB,2020,7,22,236,3,9.0,0.0,1.0,49.0,1.0,2.0,72.0,0.0,0.0,2.0,2.0,1.0,98.0,0.0,0.0,0.0,0.0,0.0,0.0,0.0,0.0,0.0,0.0,0.0,0.0,0.0,0.0,0.0,0.0,0.0,0.0,0.0,0.0,0.0,0.0,0.0,0.0,0.0,0.0,,,,,,,,,,,,,,,49.0
2020_237_4040652,4040652,Thakarius Keyes,Tulane,American Athletic,CORNERBACK,DB,2020,7,23,237,4,15.0,0.0,0.0,76.0,0.0,0.0,95.0,0.0,0.0,0.0,2.0,0.0,0.0,0.0,0.0,0.0,0.0,0.0,0.0,0.0,0.0,0.0,0.0,0.0,0.0,0.0,0.0,0.0,0.0,0.0,0.0,0.0,0.0,0.0,0.0,0.0,0.0,0.0,0.0,,,,,,,,,,,,,,,0.0
2020_238_4038811,4038811,T.J. Brunson,South Carolina,SEC,INSIDELINEBACKER,LB,2020,7,24,238,4,6.0,5.0,4.5,160.0,0.0,17.5,268.0,0.0,0.0,3.0,1.0,0.0,5.0,0.0,0.0,0.0,0.0,0.0,0.0,0.0,0.0,0.0,0.0,0.0,0.0,0.0,0.0,0.0,0.0,0.0,0.0,0.0,0.0,0.0,0.0,0.0,0.0,0.0,0.0,,,,,,,,,,,,,,,5.0
2020_239_3895791,3895791,Dane Jackson,Pittsburgh,ACC,CORNERBACK,DB,2020,7,25,239,4,38.0,3.0,1.5,108.0,2.0,9.0,142.0,0.0,0.0,2.0,4.0,1.0,67.0,0.0,0.0,0.0,0.0,0.0,0.0,0.0,0.0,1.0,0.0,0.0,0.0,0.0,0.0,0.0,0.0,0.0,0.0,0.0,0.0,0.0,0.0,0.0,0.0,0.0,0.0,,,,,,,0.0,0.0,,,,,,,16.75
2020_240_3791110,3791110,Tommy Stevens,Penn State,Big Ten,QUARTERBACK,QB,2020,7,26,240,4,0.0,0.0,0.0,1.0,0.0,0.0,2.0,6.0,3.0,0.0,0.0,0.0,0.0,0.0,0.0,0.0,0.0,0.0,0.0,0.0,0.0,202.0,121.0,6.0,15.0,1459.0,0.0,0.0,0.0,0.0,0.0,0.0,0.0,14.0,2.0,62.0,159.0,12.0,887.0,,,,,13.0,46.0,0.599009900990099,7.222772277227723,4.428571428571429,5.578616352201258,,,,,
2020_241_3923413,3923413,Chapelle Russell,Temple,American Athletic,OUTSIDELINEBACKER,LB,2020,7,27,241,4,9.0,2.0,3.0,153.0,0.0,19.5,237.0,0.0,0.0,5.0,0.0,0.0,0.0,0.0,0.0,0.0,0.0,0.0,0.0,0.0,0.0,0.0,0.0,0.0,0.0,0.0,0.0,0.0,0.0,0.0,0.0,0.0,0.0,0.0,0.0,0.0,0.0,0.0,0.0,,,,,,,,,,,,,,,
2020_242_4240655,4240655,Jonathan Garvin,Miami,ACC,DEFENSIVEEND,DL,2020,7,28,242,3,5.0,6.0,11.5,45.0,1.0,28.0,104.0,0.0,0.0,1.0,0.0,0.0,0.0,0.0,0.0,0.0,0.0,0.0,0.0,0.0,0.0,0.0,0.0,0.0,0.0,0.0,1.0,0.0,13.0,0.0,0.0,0.0,0.0,0.0,0.0,0.0,0.0,0.0,0.0,,,13.0,,,,,,,,,13.0,,,
2020_243_4043605,4043605,Chris Jackson,Marshall,Conference USA,SAFETY,DB,2020,7,29,243,4,45.0,0.0,2.0,108.0,1.0,6.5,187.0,2.0,1.0,2.0,7.0,1.0,200.0,1.0,0.0,23.0,0.0,0.0,0.0,0.0,0.0,0.0,0.0,0.0,0.0,0.0,0.0,0.0,0.0,0.0,0.0,0.0,0.0,0.0,0.0,0.0,0.0,0.0,0.0,23.0,,,,,,,,,,23.0,,,,28.571428571428573
2020_244_4036149,4036149,Nathan Stanley,Iowa,Big Ten,QUARTERBACK,QB,2020,7,30,244,4,0.0,0.0,0.0,2.0,0.0,0.0,2.0,12.0,7.0,0.0,0.0,0.0,0.0,0.0,0.0,0.0,0.0,0.0,0.0,0.0,0.0,1155.0,672.0,23.0,68.0,8275.0,0.0,0.0,0.0,2.0,6.0,1.0,206.0,0.0,0.0,0.0,161.0,2.0,-104.0,,,,47.0,,16.0,0.5818181818181818,7.1645021645021645,,-0.6459627329192547,,,34.333333333333336,,
2020_245_4040732,4040732,Raymond Calais,Louisiana,Sun Belt,RUNNINGBACK,RB,2020,7,31,245,4,0.0,0.0,0.0,2.0,2.0,0.0,3.0,4.0,1.0,0.0,0.0,0.0,0.0,99.0,2.0,2477.0,0.0,0.0,0.0,0.0,0.0,0.0,0.0,0.0,0.0,0.0,0.0,0.0,0.0,0.0,0.0,0.0,0.0,17.0,1.0,145.0,236.0,15.0,1845.0,100.0,,,,45.0,92.0,,,8.529411764705882,7.817796610169491,25.02020202020202,,,,
2020_246_4039436,4039436,Malcolm Perry,Navy,American Athletic,WIDERECEIVER,WR,2020,7,32,246,4,0.0,0.0,0.0,1.0,0.0,0.0,1.0,13.0,7.0,0.0,0.0,0.0,0.0,20.0,0.0,491.0,0.0,0.0,0.0,0.0,0.0,112.0,58.0,5.0,10.0,1311.0,0.0,0.0,0.0,0.0,0.0,0.0,0.0,22.0,3.0,470.0,614.0,40.0,4359.0,58.0,,,,75.0,92.0,0.5178571428571429,11.705357142857142,21.363636363636363,7.099348534201955,24.55,,,,
2020_247_3915122,3915122,Chris Williamson,Minnesota,Big Ten,CORNERBACK,DB,2020,7,33,247,3,7.0,1.0,3.5,59.0,1.0,7.5,93.0,0.0,0.0,0.0,1.0,1.0,43.0,0.0,0.0,0.0,0.0,0.0,0.0,0.0,0.0,0.0,0.0,0.0,0.0,0.0,0.0,0.0,0.0,0.0,0.0,0.0,0.0,0.0,0.0,0.0,0.0,0.0,0.0,,,,,,,,,,,,,,,43.0
2020_248_4038994,4038994,Samuel Sloman,Miami (OH),Mid-American,PLACEKICKER,ST,2020,7,34,248,4,0.0,0.0,0.0,2.0,0.0,0.0,3.0,0.0,0.0,0.0,0.0,0.0,0.0,0.0,0.0,0.0,62.0,49.0,259.0,114.0,112.0,0.0,0.0,0.0,0.0,0.0,0.0,0.0,0.0,0.0,0.0,0.0,0.0,0.0,0.0,0.0,0.0,0.0,0.0,,53.0,,,,,,,,,,,,0.7903225806451613,
2020_249_3672884,3672884,Brian Keith Cole,Mississippi State,SEC,SAFETY,DB,2020,7,35,249,3,2.0,3.0,3.0,43.0,0.0,10.5,78.0,0.0,0.0,1.0,2.0,0.0,0.0,16.0,0.0,329.0,0.0,0.0,0.0,0.0,0.0,0.0,0.0,0.0,0.0,0.0,0.0,0.0,0.0,0.0,0.0,0.0,0.0,1.0,0.0,-1.0,0.0,0.0,0.0,40.0,,,,-1.0,,,,-1.0,,20.5625,,,,0.0
2020_250_4035478,4035478,Tremayne Anchrum,Clemson,ACC,OFFENSIVEGUARD,OL,2020,7,36,250,1,0.0,0.0,0.0,1.0,0.0,0.0,1.0,0.0,0.0,0.0,0.0,0.0,0.0,0.0,0.0,0.0,0.0,0.0,0.0,0.0,0.0,0.0,0.0,0.0,0.0,0.0,0.0,0.0,0.0,0.0,0.0,0.0,0.0,0.0,0.0,0.0,0.0,0.0,0.0,,,,,,,,,,,,,,,
2020_251_4035426,4035426,Stephen Sullivan,LSU,SEC,TIGHTEND,TE,2020,7,37,251,3,0.0,0.0,0.0,1.0,0.0,0.0,1.0,0.0,0.0,0.0,0.0,0.0,0.0,0.0,0.0,0.0,0.0,0.0,0.0,0.0,0.0,0.0,0.0,0.0,0.0,0.0,0.0,0.0,0.0,0.0,0.0,0.0,0.0,46.0,3.0,712.0,4.0,1.0,25.0,,,,,46.0,11.0,,,15.478260869565217,6.25,,,,,
2020_252_4034964,4034964,Tyrie Cleveland,Florida,SEC,WIDERECEIVER,WR,2020,7,38,252,4,0.0,0.0,0.0,6.0,1.0,0.0,8.0,1.0,1.0,0.0,0.0,0.0,0.0,11.0,0.0,242.0,0.0,0.0,0.0,0.0,0.0,0.0,0.0,0.0,0.0,0.0,0.0,1.0,0.0,0.0,0.0,0.0,0.0,79.0,8.0,1271.0,2.0,0.0,6.0,46.0,,0.0,,98.0,4.0,,,16.088607594936708,3.0,22.0,,,,
2020_255_3915171,3915171,Tae Crowder,Georgia,SEC,INSIDELINEBACKER,LB,2020,7,41,255,3,5.0,0.0,1.5,50.0,1.0,10.0,122.0,0.0,0.0,2.0,2.0,0.0,56.0,0.0,0.0,0.0,0.0,0.0,0.0,0.0,0.0,0.0,0.0,0.0,0.0,0.0,0.0,0.0,0.0,0.0,0.0,0.0,0.0,0.0,0.0,0.0,0.0,0.0,0.0,,,,,,,,,,,,,,,28.0
2021_001_4360310,4360310,Trevor Lawrence,Clemson,ACC,QUARTERBACK,QB,2021,1,1,1,3,0.0,0.0,0.0,3.0,0.0,0.0,4.0,9.0,7.0,0.0,0.0,0.0,0.0,0.0,0.0,0.0,0.0,0.0,0.0,0.0,0.0,1139.0,758.0,17.0,90.0,10098.0,0.0,0.0,0.0,0.0,0.0,0.0,0.0,3.0,0.0,-4.0,231.0,18.0,943.0,,,,,8.0,67.0,0.6654960491659351,8.865671641791044,-1.3333333333333333,4.082251082251083,,,,,
2021_002_4361259,4361259,Zach Wilson,BYU,FBS Independents,QUARTERBACK,QB,2021,1,2,2,3,0.0,0.0,0.0,1.0,0.0,0.0,2.0,6.0,3.0,0.0,0.0,0.0,0.0,0.0,0.0,0.0,0.0,0.0,0.0,0.0,0.0,834.0,563.0,15.0,55.0,7610.0,0.0,0.0,0.0,0.0,0.0,0.0,0.0,3.0,0.0,51.0,209.0,15.0,644.0,,,,,19.0,36.0,0.6750599520383693,9.124700239808153,17.0,3.0813397129186604,,,,,
2021_004_4360248,4360248,Kyle Pitts,Florida,SEC,TIGHTEND,TE,2021,1,4,4,3,0.0,0.0,0.0,0.0,0.0,0.0,0.0,0.0,0.0,0.0,0.0,0.0,0.0,0.0,0.0,0.0,0.0,0.0,0.0,0.0,0.0,0.0,0.0,0.0,0.0,0.0,0.0,0.0,0.0,0.0,0.0,0.0,0.0,100.0,18.0,1492.0,0.0,0.0,0.0,,,,,71.0,,,,14.92,,,,,,
2021_005_4362628,4362628,Ja'Marr Chase,LSU,SEC,WIDERECEIVER,WR,2021,1,5,5,2,0.0,0.0,0.0,1.0,0.0,0.0,1.0,1.0,1.0,0.0,0.0,0.0,0.0,0.0,0.0,0.0,0.0,0.0,0.0,0.0,0.0,0.0,0.0,0.0,0.0,0.0,0.0,0.0,0.0,0.0,0.0,0.0,0.0,107.0,23.0,2093.0,1.0,0.0,5.0,,,,,78.0,5.0,,,19.560747663551403,5.0,,,,,
2021_006_4372016,4372016,Jaylen Waddle,Alabama,SEC,WIDERECEIVER,WR,2021,1,6,6,3,0.0,0.0,0.0,1.0,3.0,0.0,1.0,4.0,1.0,0.0,0.0,0.0,0.0,9.0,1.0,214.0,0.0,0.0,0.0,0.0,0.0,0.0,0.0,0.0,0.0,0.0,40.0,2.0,733.0,0.0,0.0,0.0,0.0,106.0,17.0,1999.0,4.0,0.0,17.0,98.0,,77.0,,94.0,11.0,,,18.858490566037737,4.25,23.77777777777778,18.325,,,
2021_007_4373825,4373825,Penei Sewell,Oregon,Pac-12,OFFENSIVETACKLE,OL,2021,1,7,7,2,0.0,0.0,0.0,2.0,0.0,0.0,2.0,0.0,0.0,0.0,0.0,0.0,0.0,0.0,0.0,0.0,0.0,0.0,0.0,0.0,0.0,0.0,0.0,0.0,0.0,0.0,0.0,0.0,0.0,0.0,0.0,0.0,0.0,0.0,0.0,0.0,1.0,0.0,1.0,,,,,,1.0,,,,1.0,,,,,
2021_008_4362847,4362847,Jaycee Horn,South Carolina,SEC,CORNERBACK,DB,2021,1,8,8,3,21.0,0.0,3.0,66.0,0.0,7.0,96.0,0.0,0.0,0.0,2.0,0.0,34.0,0.0,0.0,0.0,0.0,0.0,0.0,0.0,0.0,0.0,0.0,0.0,0.0,0.0,0.0,0.0,0.0,0.0,0.0,0.0,0.0,0.0,0.0,0.0,0.0,0.0,0.0,,,,,,,,,,,,,,,17.0
2021_009_4372012,4372012,Patrick Surtain II,Alabama,SEC,CORNERBACK,DB,2021,1,9,9,3,26.0,4.0,0.0,80.0,1.0,6.0,114.0,0.0,0.0,2.0,4.0,1.0,69.0,0.0,0.0,0.0,0.0,0.0,0.0,0.0,0.0,0.0,0.0,0.0,0.0,0.0,1.0,0.0,0.0,0.0,0.0,0.0,0.0,0.0,0.0,0.0,0.0,0.0,0.0,,,0.0,,,,,,,,,0.0,,,17.25
2021_010_4241478,4241478,DeVonta Smith,Alabama,SEC,WIDERECEIVER,WR,2021,1,10,10,4,0.0,0.0,0.0,4.0,1.0,0.0,4.0,2.0,0.0,1.0,0.0,0.0,0.0,4.0,0.0,52.0,0.0,0.0,0.0,0.0,0.0,0.0,0.0,0.0,0.0,0.0,11.0,1.0,237.0,0.0,0.0,0.0,0.0,235.0,46.0,3965.0,4.0,1.0,6.0,22.0,,84.0,,85.0,14.0,,,16.872340425531913,1.5,13.0,21.545454545454547,,,
2021_011_4362887,4362887,Justin Fields,Ohio State,Big Ten,QUARTERBACK,QB,2021,1,11,11,3,0.0,0.0,0.0,0.0,0.0,0.0,0.0,12.0,5.0,0.0,0.0,0.0,0.0,0.0,0.0,0.0,0.0,0.0,0.0,0.0,0.0,618.0,423.0,9.0,67.0,5701.0,0.0,0.0,0.0,0.0,0.0,0.0,0.0,1.0,0.0,-10.0,260.0,19.0,1133.0,,,,,0.0,51.0,0.6844660194174758,9.224919093851131,-10.0,4.357692307692307,,,,,
2021_012_4361423,4361423,Micah Parsons,Penn State,Big Ten,INSIDELINEBACKER,LB,2021,1,12,12,2,5.0,9.0,6.5,100.0,0.0,19.0,192.0,0.0,0.0,1.0,0.0,0.0,0.0,0.0,0.0,0.0,0.0,0.0,0.0,0.0,0.0,0.0,0.0,0.0,0.0,0.0,0.0,0.0,0.0,0.0,0.0,0.0,0.0,0.0,0.0,0.0,0.0,0.0,0.0,,,,,,,,,,,,,,,
2021_013_4242283,4242283,Rashawn Slater,Northwestern,Big Ten,OFFENSIVETACKLE,OL,2021,1,13,13,2,0.0,0.0,0.0,2.0,0.0,0.0,3.0,0.0,0.0,0.0,0.0,0.0,0.0,0.0,0.0,0.0,0.0,0.0,0.0,0.0,0.0,0.0,0.0,0.0,0.0,0.0,0.0,0.0,0.0,0.0,0.0,0.0,0.0,0.0,0.0,0.0,0.0,0.0,0.0,,,,,,,,,,,,,,,
2021_015_4241464,4241464,Mac Jones,Alabama,SEC,QUARTERBACK,QB,2021,1,15,15,3,0.0,0.0,0.0,0.0,0.0,0.0,0.0,2.0,1.0,0.0,0.0,0.0,0.0,0.0,0.0,0.0,0.0,0.0,0.0,0.0,0.0,556.0,413.0,7.0,56.0,6126.0,0.0,0.0,0.0,0.0,0.0,0.0,0.0,2.0,0.0,-9.0,54.0,2.0,44.0,,,,,0.0,18.0,0.7428057553956835,11.017985611510792,-4.5,0.8148148148148148,,,,,
2021_016_4244606,4244606,Zaven Collins,Tulsa,American Athletic,OUTSIDELINEBACKER,LB,2021,1,16,16,3,8.0,6.0,7.5,129.0,2.0,29.0,236.0,1.0,0.0,3.0,5.0,2.0,150.0,0.0,0.0,0.0,0.0,0.0,0.0,0.0,0.0,0.0,0.0,0.0,0.0,0.0,0.0,0.0,0.0,0.0,0.0,0.0,0.0,0.0,0.0,0.0,0.0,0.0,0.0,,,,,,,,,,,,,,,30.0
2021_018_4242975,4242975,Jaelan Phillips,UCLA,Pac-12,DEFENSIVEEND,DL,2021,1,18,18,3,5.0,6.0,11.5,49.0,0.0,23.5,86.0,0.0,0.0,0.0,1.0,0.0,0.0,0.0,0.0,0.0,0.0,0.0,0.0,0.0,0.0,0.0,0.0,0.0,0.0,0.0,0.0,0.0,0.0,0.0,0.0,0.0,0.0,0.0,0.0,0.0,0.0,0.0,0.0,,,,,,,,,,,,,,,0.0
2021_019_4240778,4240778,Jamin Davis,Kentucky,SEC,INSIDELINEBACKER,LB,2021,1,19,19,3,3.0,3.0,2.5,66.0,1.0,5.0,144.0,0.0,0.0,1.0,5.0,1.0,108.0,0.0,0.0,0.0,0.0,0.0,0.0,0.0,0.0,0.0,0.0,0.0,0.0,0.0,0.0,0.0,0.0,0.0,0.0,0.0,0.0,0.0,0.0,0.0,0.0,0.0,0.0,,,,,,,,,,,,,,,21.6
2021_020_4240600,4240600,Kadarius Toney,Florida,SEC,WIDERECEIVER,WR,2021,1,20,20,4,0.0,0.0,0.0,0.0,1.0,0.0,0.0,2.0,2.0,0.0,0.0,0.0,0.0,15.0,0.0,324.0,0.0,0.0,0.0,0.0,0.0,6.0,3.0,0.0,1.0,82.0,13.0,1.0,147.0,0.0,0.0,0.0,0.0,120.0,12.0,1590.0,66.0,2.0,580.0,51.0,,50.0,,66.0,50.0,0.5,13.666666666666666,13.25,8.787878787878787,21.6,11.307692307692308,,,
2021_021_4258194,4258194,Kwity Paye,Michigan,Big Ten,DEFENSIVEEND,DL,2021,1,21,21,4,1.0,7.0,11.5,58.0,0.0,23.5,94.0,0.0,0.0,1.0,0.0,0.0,0.0,0.0,0.0,0.0,0.0,0.0,0.0,0.0,0.0,0.0,0.0,0.0,0.0,0.0,0.0,0.0,0.0,0.0,0.0,0.0,0.0,0.0,0.0,0.0,0.0,0.0,0.0,,,,,,,,,,,,,,,
2021_022_4240859,4240859,Caleb Farley,Virginia Tech,ACC,CORNERBACK,DB,2021,1,22,22,2,19.0,2.0,1.0,43.0,1.0,1.0,56.0,0.0,0.0,0.0,6.0,1.0,14.0,9.0,0.0,155.0,0.0,0.0,0.0,0.0,0.0,0.0,0.0,0.0,0.0,0.0,0.0,0.0,0.0,0.0,0.0,0.0,0.0,0.0,0.0,0.0,1.0,0.0,2.0,32.0,,,,,2.0,,,,2.0,17.22222222222222,,,,2.3333333333333335
2021_024_4241457,4241457,Najee Harris,Alabama,SEC,RUNNINGBACK,RB,2021,1,24,24,4,0.0,0.0,0.0,4.0,0.0,0.0,5.0,2.0,1.0,0.0,0.0,0.0,0.0,0.0,0.0,0.0,0.0,0.0,0.0,0.0,0.0,0.0,0.0,0.0,0.0,0.0,0.0,0.0,0.0,0.0,0.0,0.0,0.0,80.0,11.0,781.0,638.0,46.0,3843.0,,,,,42.0,53.0,,,9.7625,6.023510971786834,,,,,
2021_025_4239996,4239996,Travis Etienne,Clemson,ACC,RUNNINGBACK,RB,2021,1,25,25,4,0.0,0.0,0.0,1.0,0.0,0.0,3.0,8.0,7.0,0.0,0.0,0.0,0.0,32.0,0.0,697.0,0.0,0.0,0.0,0.0,0.0,1.0,1.0,0.0,0.0,23.0,1.0,0.0,44.0,0.0,0.0,0.0,0.0,102.0,8.0,1155.0,686.0,70.0,4952.0,40.0,,44.0,,53.0,90.0,1.0,23.0,11.323529411764708,7.21865889212828,21.78125,44.0,,,
2021_026_4361266,4361266,Greg Newsome II,Northwestern,Big Ten,CORNERBACK,DB,2021,1,26,26,3,24.0,0.0,0.0,55.0,0.0,1.0,71.0,0.0,0.0,1.0,1.0,0.0,0.0,0.0,0.0,0.0,0.0,0.0,0.0,0.0,0.0,0.0,0.0,0.0,0.0,0.0,0.0,0.0,0.0,0.0,0.0,0.0,0.0,0.0,0.0,0.0,0.0,0.0,0.0,,,,,,,,,,,,,,,0.0
2021_027_4360939,4360939,Rashod Bateman,Minnesota,Big Ten,WIDERECEIVER,WR,2021,1,27,27,3,0.0,0.0,0.0,2.0,0.0,0.0,2.0,0.0,0.0,0.0,0.0,0.0,0.0,0.0,0.0,0.0,0.0,0.0,0.0,0.0,0.0,0.0,0.0,0.0,0.0,0.0,0.0,0.0,0.0,0.0,0.0,0.0,0.0,147.0,19.0,2395.0,0.0,0.0,0.0,,,,,86.0,,,,16.292517006802722,,,,,,
2021_028_4240269,4240269,Payton Turner,Houston,American Athletic,DEFENSIVEEND,DL,2021,1,28,28,4,9.0,13.0,10.0,68.0,0.0,25.0,115.0,0.0,0.0,0.0,1.0,0.0,0.0,0.0,0.0,0.0,0.0,0.0,0.0,0.0,0.0,0.0,0.0,0.0,0.0,0.0,1.0,0.0,27.0,0.0,0.0,0.0,0.0,0.0,0.0,0.0,0.0,0.0,0.0,,,0.0,,,,,,,,,27.0,,,0.0
2021_029_4259561,4259561,Eric Stokes,Georgia,SEC,CORNERBACK,DB,2021,1,29,29,3,22.0,2.0,1.0,60.0,3.0,2.0,78.0,0.0,0.0,0.0,4.0,2.0,94.0,0.0,0.0,0.0,0.0,0.0,0.0,0.0,0.0,0.0,0.0,0.0,0.0,0.0,1.0,1.0,27.0,0.0,0.0,0.0,0.0,0.0,0.0,0.0,0.0,0.0,0.0,,,8.0,,,,,,,,,27.0,,,23.5
2021_030_4362506,4362506,Gregory Rousseau,Miami,ACC,DEFENSIVEEND,DL,2021,1,30,30,2,1.0,7.0,15.5,35.0,0.0,19.5,59.0,0.0,0.0,1.0,0.0,0.0,0.0,0.0,0.0,0.0,0.0,0.0,0.0,0.0,0.0,0.0,0.0,0.0,0.0,0.0,0.0,0.0,0.0,0.0,0.0,0.0,0.0,0.0,0.0,0.0,0.0,0.0,0.0,,,,,,,,,,,,,,,
2021_031_4361422,4361422,Jayson Oweh,Penn State,Big Ten,OUTSIDELINEBACKER,LB,2021,1,31,31,3,2.0,3.0,7.0,38.0,0.0,13.5,64.0,0.0,0.0,0.0,0.0,0.0,0.0,0.0,0.0,0.0,0.0,0.0,0.0,0.0,0.0,0.0,0.0,0.0,0.0,0.0,0.0,0.0,0.0,0.0,0.0,0.0,0.0,0.0,0.0,0.0,0.0,0.0,0.0,,,,,,,,,,,,,,,
2021_032_4243333,4243333,Joe Tryon,Washington,Pac-12,OUTSIDELINEBACKER,LB,2021,1,32,32,2,2.0,1.0,9.0,35.0,0.0,14.5,58.0,0.0,0.0,0.0,0.0,0.0,0.0,0.0,0.0,0.0,0.0,0.0,0.0,0.0,0.0,0.0,0.0,0.0,0.0,0.0,0.0,0.0,0.0,0.0,0.0,0.0,0.0,0.0,0.0,0.0,0.0,0.0,0.0,,,,,,,,,,,,,,,
2021_033_4379397,4379397,Tyson Campbell,Georgia,SEC,CORNERBACK,DB,2021,2,1,33,3,9.0,0.0,0.0,57.0,1.0,3.5,88.0,0.0,0.0,2.0,1.0,0.0,40.0,0.0,0.0,0.0,0.0,0.0,0.0,0.0,0.0,0.0,0.0,0.0,0.0,0.0,0.0,1.0,0.0,0.0,0.0,0.0,0.0,0.0,0.0,0.0,0.0,0.0,0.0,,,0.0,,,,,,,,,,,,40.0
2021_034_4372414,4372414,Elijah Moore,Ole Miss,SEC,WIDERECEIVER,WR,2021,2,2,34,3,0.0,0.0,0.0,2.0,0.0,0.0,2.0,2.0,0.0,0.0,0.0,0.0,0.0,12.0,0.0,222.0,0.0,0.0,0.0,0.0,0.0,1.0,1.0,0.0,0.0,2.0,27.0,0.0,131.0,0.0,0.0,0.0,0.0,189.0,16.0,2441.0,21.0,0.0,71.0,28.0,,55.0,,91.0,13.0,1.0,2.0,12.915343915343914,3.380952380952381,18.5,4.851851851851852,,,
2021_035_4361579,4361579,Javonte Williams,North Carolina,ACC,RUNNINGBACK,RB,2021,2,3,35,3,0.0,0.0,0.0,5.0,0.0,0.0,8.0,4.0,2.0,0.0,0.0,0.0,0.0,0.0,0.0,0.0,0.0,0.0,0.0,0.0,0.0,0.0,0.0,0.0,0.0,0.0,0.0,0.0,0.0,0.0,0.0,0.0,0.0,50.0,4.0,546.0,366.0,29.0,2297.0,,,,,41.0,65.0,,,10.92,6.275956284153006,,,,,
2021_036_4373809,4373809,Jevon Holland,Oregon,Pac-12,SAFETY,DB,2021,2,4,36,2,8.0,1.0,0.0,62.0,1.0,4.5,96.0,2.0,1.0,0.0,9.0,1.0,72.0,0.0,0.0,0.0,0.0,0.0,0.0,0.0,0.0,0.0,0.0,0.0,0.0,0.0,17.0,0.0,244.0,0.0,0.0,0.0,0.0,0.0,0.0,0.0,0.0,0.0,0.0,,,81.0,,,,,,,,,14.352941176470589,,,8.0
2021_037_4035624,4035624,Landon Dickerson,Alabama,SEC,CENTER,OL,2021,2,5,37,1,0.0,0.0,0.0,1.0,0.0,0.0,1.0,0.0,0.0,0.0,0.0,0.0,0.0,0.0,0.0,0.0,0.0,0.0,0.0,0.0,0.0,0.0,0.0,0.0,0.0,0.0,0.0,0.0,0.0,0.0,0.0,0.0,0.0,0.0,0.0,0.0,0.0,0.0,0.0,,,,,,,,,,,,,,,
2021_038_4372030,4372030,Christian Barmore,Alabama,SEC,DEFENSIVETACKLE,DL,2021,2,6,38,2,5.0,10.0,8.0,32.0,0.0,13.5,60.0,0.0,0.0,0.0,0.0,0.0,0.0,0.0,0.0,0.0,0.0,0.0,0.0,0.0,0.0,0.0,0.0,0.0,0.0,0.0,0.0,0.0,0.0,0.0,0.0,0.0,0.0,0.0,0.0,0.0,0.0,0.0,0.0,,,,,,,,,,,,,,,
2021_039_4038457,4038457,Teven Jenkins,Oklahoma State,Big 12,OFFENSIVETACKLE,OL,2021,2,7,39,1,0.0,0.0,0.0,1.0,0.0,0.0,1.0,0.0,0.0,0.0,0.0,0.0,0.0,0.0,0.0,0.0,0.0,0.0,0.0,0.0,0.0,0.0,0.0,0.0,0.0,0.0,0.0,0.0,0.0,0.0,0.0,0.0,0.0,0.0,0.0,0.0,0.0,0.0,0.0,,,,,,,,,,,,,,,
2021_040_4042119,4042119,Richie Grant,UCF,American Athletic,SAFETY,DB,2021,2,8,40,4,17.0,1.0,1.0,186.0,1.0,10.5,284.0,1.0,0.0,3.0,10.0,1.0,103.0,4.0,0.0,75.0,0.0,0.0,0.0,0.0,0.0,0.0,0.0,0.0,0.0,0.0,1.0,0.0,13.0,0.0,0.0,0.0,0.0,0.0,0.0,0.0,0.0,0.0,0.0,22.0,,13.0,,,,,,,,18.75,13.0,,,10.3
2021_041_4039020,4039020,Levi Onwuzurike,Washington,Pac-12,DEFENSIVETACKLE,DL,2021,2,9,41,3,0.0,2.0,7.0,47.0,0.0,15.5,92.0,0.0,0.0,0.0,0.0,0.0,0.0,0.0,0.0,0.0,0.0,0.0,0.0,0.0,0.0,0.0,0.0,0.0,0.0,0.0,1.0,0.0,12.0,0.0,0.0,0.0,0.0,0.0,0.0,0.0,0.0,0.0,0.0,,,12.0,,,,,,,,,12.0,,,
2021_043_4362487,4362487,Trevon Moehrig-Woodard,TCU,Big 12,SAFETY,DB,2021,2,11,43,3,21.0,0.0,0.0,84.0,0.0,4.5,123.0,2.0,1.0,1.0,7.0,0.0,90.0,0.0,0.0,0.0,0.0,0.0,0.0,0.0,0.0,0.0,0.0,0.0,0.0,0.0,3.0,0.0,13.0,0.0,0.0,0.0,0.0,0.0,0.0,0.0,0.0,0.0,0.0,,,7.0,,,,,,,,,4.333333333333333,,,12.857142857142858
2021_044_4362629,4362629,Kelvin Joseph,LSU,SEC,CORNERBACK,DB,2021,2,12,44,2,2.0,0.0,0.0,25.0,1.0,0.5,37.0,0.0,0.0,0.0,4.0,1.0,62.0,0.0,0.0,0.0,0.0,0.0,0.0,0.0,0.0,0.0,0.0,0.0,0.0,0.0,0.0,0.0,0.0,0.0,0.0,0.0,0.0,0.0,0.0,0.0,0.0,0.0,0.0,,,,,,,,,,,,,,,15.5
2021_046_4360320,4360320,Jackson Carman,Clemson,ACC,OFFENSIVETACKLE,OL,2021,2,14,46,2,0.0,0.0,0.0,1.0,0.0,0.0,2.0,0.0,0.0,0.0,0.0,0.0,0.0,0.0,0.0,0.0,0.0,0.0,0.0,0.0,0.0,0.0,0.0,0.0,0.0,0.0,0.0,0.0,0.0,0.0,0.0,0.0,0.0,0.0,0.0,0.0,0.0,0.0,0.0,,,,,,,,,,,,,,,
2021_047_4363034,4363034,Asante Samuel Jr.,Florida State,ACC,CORNERBACK,DB,2021,2,15,47,3,29.0,0.0,0.0,69.0,0.0,3.0,93.0,0.0,0.0,1.0,4.0,0.0,74.0,0.0,0.0,0.0,0.0,0.0,0.0,0.0,0.0,0.0,0.0,0.0,0.0,0.0,1.0,0.0,0.0,0.0,0.0,0.0,0.0,0.0,0.0,0.0,0.0,0.0,0.0,,,0.0,,,,,,,,,0.0,,,18.5
2021_049_4372485,4372485,Rondale Moore,Purdue,Big Ten,WIDERECEIVER,WR,2021,2,17,49,3,0.0,0.0,0.0,1.0,0.0,0.0,1.0,4.0,2.0,0.0,0.0,0.0,0.0,44.0,0.0,813.0,0.0,0.0,0.0,0.0,0.0,1.0,0.0,0.0,0.0,0.0,17.0,0.0,118.0,0.0,0.0,0.0,0.0,178.0,14.0,1915.0,30.0,3.0,248.0,48.0,,28.0,,70.0,76.0,0.0,0.0,10.758426966292134,8.266666666666667,18.477272727272727,6.9411764705882355,,,
2021_050_4379409,4379409,Azeez Ojulari,Georgia,SEC,OUTSIDELINEBACKER,LB,2021,2,18,50,3,2.0,4.0,15.0,40.0,0.0,18.5,70.0,0.0,0.0,1.0,0.0,0.0,0.0,0.0,0.0,0.0,0.0,0.0,0.0,0.0,0.0,0.0,0.0,0.0,0.0,0.0,0.0,0.0,0.0,0.0,0.0,0.0,0.0,0.0,0.0,0.0,0.0,0.0,0.0,,,,,,,,,,,,,,,
2021_051_4262199,4262199,Samuel Cosmi,Texas,Big 12,OFFENSIVETACKLE,OL,2021,2,19,51,2,0.0,0.0,0.0,1.0,0.0,0.0,1.0,1.0,1.0,0.0,0.0,0.0,0.0,0.0,0.0,0.0,0.0,0.0,0.0,0.0,0.0,0.0,0.0,0.0,0.0,0.0,0.0,0.0,0.0,0.0,0.0,0.0,0.0,0.0,0.0,0.0,1.0,1.0,12.0,,,,,,12.0,,,,12.0,,,,,
2021_052_4258599,4258599,Jeremiah Owusu-Koramoah,Notre Dame,FBS Independents,INSIDELINEBACKER,LB,2021,2,20,52,2,7.0,4.0,10.0,93.0,0.0,24.5,140.0,0.0,0.0,4.0,1.0,0.0,0.0,0.0,0.0,0.0,0.0,0.0,0.0,0.0,0.0,0.0,0.0,0.0,0.0,0.0,0.0,0.0,0.0,0.0,0.0,0.0,0.0,0.0,0.0,0.0,0.0,0.0,0.0,,,,,,,,,,,,,,,0.0
2021_054_4242659,4242659,Dayo Odeyingbo,Vanderbilt,SEC,DEFENSIVEEND,DL,2021,2,22,54,4,3.0,23.0,12.0,63.0,1.0,31.0,126.0,0.0,0.0,1.0,1.0,0.0,0.0,0.0,0.0,0.0,0.0,0.0,0.0,0.0,0.0,0.0,0.0,0.0,0.0,0.0,0.0,0.0,0.0,0.0,0.0,0.0,0.0,0.0,0.0,0.0,0.0,0.0,0.0,,,,,,,,,,,,,,,0.0
2021_055_4361411,4361411,Pat Freiermuth,Penn State,Big Ten,TIGHTEND,TE,2021,2,23,55,3,0.0,0.0,0.0,0.0,0.0,0.0,0.0,1.0,0.0,0.0,0.0,0.0,0.0,0.0,0.0,0.0,0.0,0.0,0.0,0.0,0.0,0.0,0.0,0.0,0.0,0.0,0.0,0.0,0.0,0.0,0.0,0.0,0.0,92.0,16.0,1185.0,0.0,0.0,0.0,,,,,74.0,,,,12.880434782608695,,,,,,
2021_056_4043016,4043016,D'Wayne Eskridge,Western Michigan,Mid-American,WIDERECEIVER,WR,2021,2,24,56,5,4.0,0.0,0.0,15.0,1.0,0.0,20.0,2.0,0.0,0.0,0.0,0.0,0.0,17.0,1.0,467.0,0.0,0.0,0.0,0.0,0.0,0.0,0.0,0.0,0.0,0.0,0.0,0.0,0.0,0.0,0.0,0.0,0.0,121.0,15.0,2244.0,12.0,0.0,106.0,100.0,,,,85.0,27.0,,,18.545454545454547,8.833333333333334,27.470588235294116,,,,
2021_057_4360797,4360797,Chatarius Atwell,Louisville,ACC,WIDERECEIVER,WR,2021,2,25,57,3,0.0,0.0,0.0,4.0,0.0,0.0,4.0,5.0,3.0,0.0,0.0,0.0,0.0,0.0,0.0,0.0,0.0,0.0,0.0,0.0,0.0,4.0,1.0,0.0,1.0,33.0,4.0,0.0,84.0,0.0,0.0,0.0,0.0,140.0,21.0,2307.0,11.0,1.0,22.0,,,50.0,,90.0,11.0,0.25,8.25,16.478571428571428,2.0,,21.0,,,
2021_058_4362759,4362759,Nick Bolton,Missouri,SEC,INSIDELINEBACKER,LB,2021,2,26,58,3,13.0,4.0,4.0,135.0,1.0,16.5,217.0,0.0,0.0,1.0,2.0,1.0,38.0,1.0,0.0,10.0,0.0,0.0,0.0,0.0,0.0,0.0,0.0,0.0,0.0,0.0,0.0,0.0,0.0,0.0,0.0,0.0,0.0,0.0,0.0,0.0,0.0,0.0,0.0,10.0,,,,,,,,,,10.0,,,,19.0
2021_059_4362630,4362630,Terrace Marshall Jr.,LSU,SEC,WIDERECEIVER,WR,2021,2,27,59,3,0.0,0.0,0.0,0.0,0.0,0.0,0.0,1.0,1.0,0.0,0.0,0.0,0.0,0.0,0.0,0.0,0.0,0.0,0.0,0.0,0.0,0.0,0.0,0.0,0.0,0.0,0.0,0.0,0.0,0.0,0.0,0.0,0.0,106.0,23.0,1594.0,0.0,0.0,0.0,,,,,75.0,,,,15.037735849056604,,,,,,
2021_060_4241993,4241993,Pete Werner,Ohio State,Big Ten,INSIDELINEBACKER,LB,2021,2,28,60,4,11.0,3.0,4.0,111.0,0.0,16.0,185.0,0.0,0.0,2.0,0.0,0.0,0.0,0.0,0.0,0.0,0.0,0.0,0.0,0.0,0.0,0.0,0.0,0.0,0.0,0.0,0.0,0.0,0.0,0.0,0.0,0.0,0.0,0.0,0.0,0.0,0.0,0.0,0.0,,,,,,,,,,,,,,,
2021_061_4037239,4037239,Carlos Basham Jr.,Wake Forest,ACC,DEFENSIVEEND,DL,2021,2,29,61,4,8.0,23.0,20.5,97.0,1.0,36.5,173.0,0.0,0.0,3.0,0.0,0.0,0.0,0.0,0.0,0.0,0.0,0.0,0.0,0.0,0.0,0.0,0.0,0.0,0.0,0.0,0.0,0.0,0.0,0.0,0.0,0.0,0.0,0.0,0.0,0.0,0.0,0.0,0.0,,,,,,,,,,,,,,,
2021_063_4241385,4241385,Creed Humphrey,Oklahoma,Big 12,CENTER,OL,2021,2,31,63,3,0.0,0.0,0.0,2.0,0.0,0.0,3.0,0.0,0.0,0.0,0.0,0.0,0.0,0.0,0.0,0.0,0.0,0.0,0.0,0.0,0.0,0.0,0.0,0.0,0.0,0.0,0.0,0.0,0.0,0.0,0.0,0.0,0.0,0.0,0.0,0.0,0.0,0.0,0.0,,,,,,,,,,,,,,,
2021_064_4034946,4034946,Kyle Trask,Florida,SEC,QUARTERBACK,QB,2021,2,32,64,3,0.0,2.0,0.0,2.0,0.0,0.0,3.0,10.0,7.0,0.0,0.0,0.0,0.0,0.0,0.0,0.0,0.0,0.0,0.0,0.0,0.0,813.0,552.0,15.0,69.0,7386.0,0.0,0.0,0.0,1.0,1.0,0.0,32.0,1.0,0.0,4.0,132.0,8.0,54.0,,,,32.0,4.0,26.0,0.6789667896678967,9.084870848708489,4.0,0.4090909090909091,,,32.0,,
2021_065_4361939,4361939,Andre Cisco,Syracuse,ACC,SAFETY,DB,2021,3,1,65,3,12.0,0.0,0.0,83.0,1.0,1.0,121.0,0.0,0.0,0.0,13.0,1.0,143.0,0.0,0.0,0.0,0.0,0.0,0.0,0.0,0.0,0.0,0.0,0.0,0.0,0.0,0.0,0.0,0.0,0.0,0.0,0.0,0.0,0.0,0.0,0.0,0.0,0.0,0.0,,,,,,,,,,,,,,,11.0
2021_066_4240904,4240904,Kellen Mond,Texas A&M,SEC,QUARTERBACK,QB,2021,3,2,66,4,0.0,0.0,0.0,1.0,0.0,0.0,2.0,21.0,9.0,0.0,0.0,0.0,0.0,0.0,0.0,0.0,0.0,0.0,0.0,0.0,0.0,1354.0,799.0,27.0,71.0,9578.0,0.0,0.0,0.0,0.0,0.0,0.0,0.0,0.0,0.0,0.0,437.0,22.0,1616.0,,,,,,79.0,0.5901033973412112,7.073855243722305,,3.6979405034324944,,,,,
2021_067_4242546,4242546,Davis Mills,Stanford,Pac-12,QUARTERBACK,QB,2021,3,3,67,3,0.0,0.0,0.0,1.0,0.0,0.0,1.0,6.0,3.0,0.0,0.0,0.0,0.0,0.0,0.0,0.0,0.0,0.0,0.0,0.0,0.0,435.0,284.0,8.0,18.0,3453.0,0.0,0.0,0.0,0.0,0.0,0.0,0.0,1.0,1.0,8.0,63.0,3.0,86.0,,,,,8.0,17.0,0.6528735632183909,7.937931034482759,8.0,1.3650793650793651,,,,,
2021_068_4372093,4372093,Jalen Mayfield,Michigan,Big Ten,OFFENSIVETACKLE,OL,2021,3,4,68,1,0.0,0.0,0.0,1.0,0.0,0.0,1.0,0.0,0.0,0.0,0.0,0.0,0.0,0.0,0.0,0.0,0.0,0.0,0.0,0.0,0.0,0.0,0.0,0.0,0.0,0.0,0.0,0.0,0.0,0.0,0.0,0.0,0.0,0.0,0.0,0.0,0.0,0.0,0.0,,,,,,,,,,,,,,,
2021_069_4362094,4362094,Joseph Ossai,Texas,Big 12,DEFENSIVEEND,DL,2021,3,5,69,3,3.0,11.0,11.5,99.0,0.0,30.0,165.0,0.0,0.0,2.0,2.0,0.0,24.0,0.0,0.0,0.0,0.0,0.0,0.0,0.0,0.0,0.0,0.0,0.0,0.0,0.0,0.0,0.0,0.0,0.0,0.0,0.0,0.0,0.0,0.0,0.0,0.0,0.0,0.0,,,,,,,,,,,,,,,12.0
2021_070_4256062,4256062,Brady Christensen,BYU,FBS Independents,OFFENSIVETACKLE,OL,2021,3,6,70,2,0.0,0.0,0.0,0.0,0.0,0.0,1.0,0.0,0.0,0.0,0.0,0.0,0.0,0.0,0.0,0.0,0.0,0.0,0.0,0.0,0.0,0.0,0.0,0.0,0.0,0.0,0.0,0.0,0.0,0.0,0.0,0.0,0.0,0.0,0.0,0.0,1.0,0.0,-1.0,,,,,,0.0,,,,-1.0,,,,,
2021_071_4040979,4040979,Aaron Robinson,UCF,American Athletic,CORNERBACK,DB,2021,3,7,71,4,17.0,1.0,0.0,79.0,0.0,6.0,104.0,0.0,0.0,2.0,3.0,0.0,40.0,0.0,0.0,0.0,0.0,0.0,0.0,0.0,0.0,0.0,0.0,0.0,0.0,0.0,0.0,0.0,0.0,0.0,0.0,0.0,0.0,0.0,0.0,0.0,0.0,0.0,0.0,,,,,,,,,,,,,,,13.333333333333334
2021_072_4361662,4361662,Alim McNeill,NC State,ACC,DEFENSIVETACKLE,DL,2021,3,8,72,3,5.0,4.0,10.0,36.0,1.0,17.5,77.0,0.0,0.0,1.0,1.0,1.0,18.0,0.0,0.0,0.0,0.0,0.0,0.0,0.0,0.0,0.0,0.0,0.0,0.0,0.0,0.0,0.0,0.0,0.0,0.0,0.0,0.0,0.0,0.0,0.0,0.0,0.0,0.0,,,,,,,,,,,,,,,18.0
2021_073_4239699,4239699,Milton Williams,Louisiana Tech,Conference USA,DEFENSIVETACKLE,DL,2021,3,9,73,3,1.0,8.0,10.0,50.0,0.0,19.0,105.0,0.0,0.0,3.0,0.0,0.0,0.0,0.0,0.0,0.0,0.0,0.0,0.0,0.0,0.0,0.0,0.0,0.0,0.0,0.0,0.0,0.0,0.0,0.0,0.0,0.0,0.0,0.0,0.0,0.0,0.0,0.0,0.0,,,,,,,,,,,,,,,
2021_074_4258206,4258206,Benjamin St-Juste,Minnesota,Big Ten,CORNERBACK,DB,2021,3,10,74,3,13.0,0.0,0.0,50.0,0.0,1.5,62.0,0.0,0.0,0.0,0.0,0.0,0.0,0.0,0.0,0.0,0.0,0.0,0.0,0.0,0.0,0.0,0.0,0.0,0.0,0.0,0.0,0.0,0.0,0.0,0.0,0.0,0.0,0.0,0.0,0.0,0.0,0.0,0.0,,,,,,,,,,,,,,,
2021_075_4035840,4035840,Osa Odighizuwa,UCLA,Pac-12,DEFENSIVETACKLE,DL,2021,3,11,75,4,4.0,7.0,11.5,67.0,0.0,27.5,120.0,0.0,0.0,1.0,0.0,0.0,0.0,0.0,0.0,0.0,0.0,0.0,0.0,0.0,0.0,0.0,0.0,0.0,0.0,0.0,0.0,0.0,0.0,0.0,0.0,0.0,0.0,0.0,0.0,0.0,0.0,0.0,0.0,,,,,,,,,,,,,,,
2021_076_4242547,4242547,Paulson Adebo,Stanford,Pac-12,CORNERBACK,DB,2021,3,12,76,2,27.0,0.0,0.0,69.0,0.0,5.0,97.0,0.0,0.0,0.0,8.0,0.0,49.0,0.0,0.0,0.0,0.0,0.0,0.0,0.0,0.0,0.0,0.0,0.0,0.0,0.0,0.0,0.0,0.0,0.0,0.0,0.0,0.0,0.0,0.0,0.0,0.0,0.0,0.0,,,,,,,,,,,,,,,6.125
2021_077_4242433,4242433,Josh Palmer,Tennessee,SEC,WIDERECEIVER,WR,2021,3,14,77,4,0.0,0.0,0.0,1.0,0.0,0.0,3.0,0.0,0.0,0.0,0.0,0.0,0.0,0.0,0.0,0.0,0.0,0.0,0.0,0.0,0.0,0.0,0.0,0.0,0.0,0.0,0.0,0.0,0.0,0.0,0.0,0.0,0.0,99.0,7.0,1514.0,8.0,1.0,37.0,,,,,53.0,20.0,,,15.292929292929292,4.625,,,,,
2021_078_4037521,4037521,Chazz Surratt,North Carolina,ACC,INSIDELINEBACKER,LB,2021,3,15,78,4,6.0,16.0,12.5,116.0,0.0,22.5,207.0,8.0,2.0,1.0,2.0,0.0,3.0,0.0,0.0,0.0,0.0,0.0,0.0,0.0,0.0,193.0,111.0,6.0,8.0,1352.0,0.0,0.0,0.0,0.0,0.0,0.0,0.0,0.0,0.0,0.0,95.0,6.0,279.0,,,,,,59.0,0.5751295336787565,7.005181347150259,,2.9368421052631577,,,,,1.5
2021_079_4239719,4239719,Malcolm Koonce,Buffalo,Mid-American,OUTSIDELINEBACKER,LB,2021,3,16,79,4,3.0,14.0,18.0,61.0,0.0,22.5,109.0,0.0,0.0,0.0,0.0,0.0,0.0,0.0,0.0,0.0,0.0,0.0,0.0,0.0,0.0,0.0,0.0,0.0,0.0,0.0,0.0,0.0,0.0,0.0,0.0,0.0,0.0,0.0,0.0,0.0,0.0,0.0,0.0,,,,,,,,,,,,,,,
2021_080_4037626,4037626,Divine Deablo,Virginia Tech,ACC,SAFETY,DB,2021,3,17,80,5,11.0,2.0,0.5,117.0,1.0,12.5,205.0,0.0,0.0,2.0,6.0,0.0,5.0,0.0,0.0,0.0,0.0,0.0,0.0,0.0,0.0,0.0,0.0,0.0,0.0,0.0,0.0,0.0,0.0,0.0,0.0,0.0,0.0,1.0,0.0,8.0,0.0,0.0,0.0,,,,,8.0,,,,8.0,,,,,,0.8333333333333334
2021_081_4239944,4239944,Hunter Long,Boston College,ACC,TIGHTEND,TE,2021,3,18,81,3,0.0,0.0,0.0,4.0,0.0,0.0,5.0,1.0,1.0,0.0,0.0,0.0,0.0,0.0,0.0,0.0,0.0,0.0,0.0,0.0,0.0,0.0,0.0,0.0,0.0,0.0,0.0,0.0,0.0,0.0,0.0,0.0,0.0,89.0,9.0,1297.0,0.0,0.0,0.0,,,,,72.0,,,,14.573033707865168,,,,,,
2021_082_4361577,4361577,Dyami Brown,North Carolina,ACC,WIDERECEIVER,WR,2021,3,19,82,3,0.0,0.0,0.0,4.0,0.0,0.0,4.0,0.0,0.0,0.0,0.0,0.0,0.0,0.0,0.0,0.0,0.0,0.0,0.0,0.0,0.0,1.0,1.0,0.0,0.0,18.0,0.0,0.0,0.0,0.0,0.0,0.0,0.0,122.0,21.0,2291.0,1.0,0.0,2.0,,,,,87.0,2.0,1.0,18.0,18.77868852459016,2.0,,,,,
2021_083_4372780,4372780,Tommy Tremble,Notre Dame,FBS Independents,TIGHTEND,TE,2021,3,20,83,2,0.0,0.0,0.0,0.0,0.0,0.0,0.0,0.0,0.0,0.0,0.0,0.0,0.0,0.0,0.0,0.0,0.0,0.0,0.0,0.0,0.0,0.0,0.0,0.0,0.0,0.0,0.0,0.0,0.0,0.0,0.0,0.0,0.0,35.0,4.0,400.0,1.0,0.0,4.0,,,,,30.0,4.0,,,11.428571428571429,4.0,,,,,
2021_084_4036132,4036132,Chauncey Golston,Iowa,Big Ten,DEFENSIVEEND,DL,2021,3,21,84,5,7.0,13.0,12.0,69.0,0.0,27.0,128.0,0.0,0.0,2.0,3.0,0.0,6.0,0.0,0.0,0.0,0.0,0.0,0.0,0.0,0.0,0.0,0.0,0.0,0.0,0.0,0.0,0.0,0.0,0.0,0.0,0.0,0.0,0.0,0.0,0.0,0.0,0.0,0.0,,,,,,,,,,,,,,,2.0
2021_085_4239992,4239992,Amari Rodgers,Clemson,ACC,WIDERECEIVER,WR,2021,3,22,85,4,0.0,0.0,0.0,4.0,1.0,0.0,5.0,5.0,3.0,0.0,0.0,0.0,0.0,2.0,0.0,58.0,0.0,0.0,0.0,0.0,0.0,3.0,1.0,0.0,0.0,8.0,69.0,1.0,529.0,0.0,0.0,0.0,0.0,181.0,15.0,2144.0,6.0,1.0,46.0,36.0,,62.0,,87.0,29.0,0.3333333333333333,2.6666666666666665,11.845303867403317,7.666666666666667,29.0,7.666666666666667,,,
2021_086_4241999,4241999,Wyatt Davis,Ohio State,Big Ten,OFFENSIVEGUARD,OL,2021,3,23,86,1,0.0,0.0,0.0,0.0,0.0,0.0,0.0,0.0,0.0,0.0,0.0,0.0,0.0,0.0,0.0,0.0,0.0,0.0,0.0,0.0,0.0,0.0,0.0,0.0,0.0,0.0,0.0,0.0,0.0,0.0,0.0,0.0,0.0,1.0,0.0,-2.0,0.0,0.0,0.0,,,,,0.0,,,,-2.0,,,,,,
2021_087_4240548,4240548,Kendrick Green,Illinois,Big Ten,CENTER,OL,2021,3,24,87,2,0.0,0.0,0.0,3.0,0.0,0.0,3.0,0.0,0.0,0.0,0.0,0.0,0.0,0.0,0.0,0.0,0.0,0.0,0.0,0.0,0.0,0.0,0.0,0.0,0.0,0.0,0.0,0.0,0.0,0.0,0.0,0.0,0.0,0.0,0.0,0.0,0.0,0.0,0.0,,,,,,,,,,,,,,,
2021_088_4241401,4241401,Trey Sermon,Oklahoma,Big 12,RUNNINGBACK,RB,2021,3,25,88,4,0.0,0.0,0.0,1.0,0.0,0.0,2.0,2.0,1.0,0.0,0.0,0.0,0.0,0.0,0.0,0.0,0.0,0.0,0.0,0.0,0.0,1.0,1.0,0.0,0.0,42.0,0.0,0.0,0.0,0.0,0.0,0.0,0.0,48.0,3.0,482.0,455.0,26.0,2946.0,,,,,51.0,65.0,1.0,42.0,10.041666666666666,6.474725274725275,,,,,
2021_089_4258173,4258173,Nico Collins,Michigan,Big Ten,WIDERECEIVER,WR,2021,3,26,89,3,0.0,0.0,0.0,1.0,0.0,0.0,2.0,0.0,0.0,0.0,0.0,0.0,0.0,0.0,0.0,0.0,0.0,0.0,0.0,0.0,0.0,0.0,0.0,0.0,0.0,0.0,0.0,0.0,0.0,0.0,0.0,0.0,0.0,78.0,13.0,1388.0,0.0,0.0,0.0,,,,,76.0,,,,17.794871794871796,,,,,,
2021_090_4036063,4036063,Patrick Jones II,Pittsburgh,ACC,DEFENSIVEEND,DL,2021,3,27,90,4,4.0,26.0,21.0,67.0,0.0,31.0,110.0,0.0,0.0,1.0,0.0,0.0,0.0,0.0,0.0,0.0,0.0,0.0,0.0,0.0,0.0,0.0,0.0,0.0,0.0,0.0,0.0,0.0,0.0,0.0,0.0,0.0,0.0,0.0,0.0,0.0,0.0,0.0,0.0,,,,,,,,,,,,,,,
2021_091_4371986,4371986,Anthony Schwartz,Auburn,SEC,WIDERECEIVER,WR,2021,3,28,91,3,0.0,0.0,0.0,4.0,0.0,0.0,5.0,3.0,0.0,0.0,0.0,0.0,0.0,0.0,0.0,0.0,0.0,0.0,0.0,0.0,0.0,0.0,0.0,0.0,0.0,0.0,0.0,0.0,0.0,0.0,0.0,0.0,0.0,118.0,6.0,1484.0,42.0,7.0,323.0,,,,,91.0,57.0,,,12.576271186440678,7.690476190476191,,,,,
2021_092_4240692,4240692,Monty Rice,Georgia,SEC,INSIDELINEBACKER,LB,2021,3,29,92,4,5.0,4.0,2.0,115.0,1.0,10.5,219.0,0.0,0.0,2.0,0.0,0.0,0.0,0.0,0.0,0.0,0.0,0.0,0.0,0.0,0.0,0.0,0.0,0.0,0.0,0.0,0.0,0.0,0.0,0.0,0.0,0.0,0.0,0.0,0.0,0.0,0.0,0.0,0.0,,,,,,,,,,,,,,,
2021_094_4035002,4035002,Ben Cleveland,Georgia,SEC,OFFENSIVEGUARD,OL,2021,3,31,94,1,0.0,0.0,0.0,1.0,0.0,0.0,1.0,0.0,0.0,0.0,0.0,0.0,0.0,0.0,0.0,0.0,0.0,0.0,0.0,0.0,0.0,0.0,0.0,0.0,0.0,0.0,0.0,0.0,0.0,0.0,0.0,0.0,0.0,0.0,0.0,0.0,0.0,0.0,0.0,,,,,,,,,,,,,,,
2021_095_4242391,4242391,Robert Hainsey,Notre Dame,FBS Independents,OFFENSIVETACKLE,OL,2021,3,32,95,1,0.0,0.0,0.0,1.0,0.0,0.0,1.0,0.0,0.0,0.0,0.0,0.0,0.0,0.0,0.0,0.0,0.0,0.0,0.0,0.0,0.0,0.0,0.0,0.0,0.0,0.0,0.0,0.0,0.0,0.0,0.0,0.0,0.0,0.0,0.0,0.0,0.0,0.0,0.0,,,,,,,,,,,,,,,
2021_096_4360274,4360274,Ronnie Perkins,Oklahoma,Big 12,DEFENSIVEEND,DL,2021,3,33,96,3,1.0,18.0,16.5,61.0,0.0,32.0,98.0,0.0,0.0,0.0,0.0,0.0,0.0,0.0,0.0,0.0,0.0,0.0,0.0,0.0,0.0,0.0,0.0,0.0,0.0,0.0,0.0,0.0,0.0,0.0,0.0,0.0,0.0,0.0,0.0,0.0,0.0,0.0,0.0,,,,,,,,,,,,,,,
2021_097_4240023,4240023,Tre' McKitty,Georgia,SEC,TIGHTEND,TE,2021,3,34,97,4,0.0,0.0,0.0,0.0,0.0,0.0,0.0,1.0,1.0,0.0,0.0,0.0,0.0,0.0,0.0,0.0,0.0,0.0,0.0,0.0,0.0,0.0,0.0,0.0,0.0,0.0,0.0,0.0,0.0,0.0,0.0,0.0,0.0,56.0,3.0,628.0,0.0,0.0,0.0,,,,,40.0,,,,11.214285714285714,,,,,,
2021_099_4570470,4570470,Nahshon Wright,Oregon State,Pac-12,CORNERBACK,DB,2021,3,36,99,2,6.0,0.0,1.0,49.0,0.0,1.5,64.0,0.0,0.0,0.0,5.0,0.0,14.0,0.0,0.0,0.0,0.0,0.0,0.0,0.0,0.0,0.0,0.0,0.0,0.0,0.0,0.0,0.0,0.0,0.0,0.0,0.0,0.0,0.0,0.0,0.0,0.0,0.0,0.0,,,,,,,,,,,,,,,2.8
2021_100_4243328,4243328,Elijah Molden,Washington,Pac-12,CORNERBACK,DB,2021,3,37,100,4,19.0,1.0,0.0,100.0,0.0,7.0,152.0,0.0,0.0,1.0,5.0,0.0,69.0,0.0,0.0,0.0,0.0,0.0,0.0,0.0,0.0,0.0,0.0,0.0,0.0,0.0,0.0,0.0,0.0,0.0,0.0,0.0,0.0,0.0,0.0,0.0,0.0,0.0,0.0,,,,,,,,,,,,,,,13.8
2021_101_4240401,4240401,Ifeatu Melifonwu,Syracuse,ACC,CORNERBACK,DB,2021,3,38,101,3,21.0,0.0,1.0,73.0,0.0,5.0,88.0,0.0,0.0,0.0,3.0,0.0,0.0,0.0,0.0,-4.0,0.0,0.0,0.0,0.0,0.0,0.0,0.0,0.0,0.0,0.0,0.0,0.0,0.0,0.0,0.0,0.0,0.0,0.0,0.0,0.0,0.0,0.0,0.0,0.0,,,,,,,,,,-inf,,,,0.0
2021_102_4258209,4258209,Ambry Thomas,Michigan,Big Ten,CORNERBACK,DB,2021,3,39,102,3,3.0,0.0,0.0,43.0,1.0,3.5,54.0,0.0,0.0,5.0,4.0,0.0,6.0,39.0,1.0,808.0,0.0,0.0,0.0,0.0,0.0,0.0,0.0,0.0,0.0,0.0,0.0,0.0,0.0,0.0,0.0,0.0,0.0,2.0,0.0,5.0,1.0,0.0,11.0,99.0,,,,5.0,11.0,,,2.5,11.0,20.71794871794872,,,,1.5
2021_103_4362851,4362851,Ernest Jones,South Carolina,SEC,INSIDELINEBACKER,LB,2021,3,40,103,3,5.0,6.0,2.0,111.0,0.0,10.5,199.0,0.0,0.0,2.0,2.0,0.0,1.0,0.0,0.0,0.0,0.0,0.0,0.0,0.0,0.0,0.0,0.0,0.0,0.0,0.0,0.0,0.0,0.0,0.0,0.0,0.0,0.0,0.0,0.0,0.0,0.0,0.0,0.0,,,,,,,,,,,,,,,0.5
2021_104_4035824,4035824,Brandon Stephens,UCLA,Pac-12,CORNERBACK,DB,2021,3,41,104,4,22.0,1.0,0.0,74.0,0.0,3.5,92.0,1.0,1.0,1.0,1.0,0.0,0.0,0.0,0.0,0.0,0.0,0.0,0.0,0.0,0.0,0.0,0.0,0.0,0.0,0.0,0.0,0.0,0.0,0.0,0.0,0.0,0.0,12.0,0.0,108.0,65.0,1.0,277.0,,,,,30.0,37.0,,,9.0,4.2615384615384615,,,,,0.0
2021_105_4241987,4241987,Baron Browning,Ohio State,Big Ten,OUTSIDELINEBACKER,LB,2021,3,42,105,4,3.0,2.0,7.0,64.0,0.0,19.0,108.0,0.0,0.0,2.0,0.0,0.0,0.0,0.0,0.0,0.0,0.0,0.0,0.0,0.0,0.0,0.0,0.0,0.0,0.0,0.0,0.0,0.0,0.0,0.0,0.0,0.0,0.0,0.0,0.0,0.0,1.0,0.0,2.0,,,,,,2.0,,,,2.0,,,,,
2021_106_4259647,4259647,Jay Tufele,USC,Pac-12,DEFENSIVETACKLE,DL,2021,4,1,106,2,1.0,3.0,4.5,30.0,1.0,8.0,57.0,0.0,0.0,1.0,0.0,0.0,0.0,0.0,0.0,0.0,0.0,0.0,0.0,0.0,0.0,0.0,0.0,0.0,0.0,0.0,0.0,0.0,0.0,0.0,0.0,0.0,0.0,0.0,0.0,0.0,0.0,0.0,0.0,,,,,,,,,,,,,,,
2021_107_4240657,4240657,Michael Carter,North Carolina,ACC,RUNNINGBACK,RB,2021,4,2,107,4,0.0,0.0,0.0,0.0,0.0,0.0,0.0,4.0,3.0,0.0,0.0,0.0,0.0,29.0,0.0,650.0,0.0,0.0,0.0,0.0,0.0,0.0,0.0,0.0,0.0,0.0,0.0,0.0,0.0,0.0,0.0,0.0,0.0,82.0,6.0,656.0,514.0,22.0,3403.0,75.0,,,,46.0,65.0,,,8.0,6.620622568093385,22.41379310344828,,,,
2021_108_4261606,4261606,Darren Hall,San Diego State,Mountain West,CORNERBACK,DB,2021,4,3,108,4,25.0,1.0,2.5,101.0,2.0,7.5,134.0,0.0,0.0,2.0,6.0,1.0,81.0,0.0,0.0,0.0,0.0,0.0,0.0,0.0,0.0,0.0,0.0,0.0,0.0,0.0,0.0,0.0,0.0,0.0,0.0,0.0,0.0,0.0,0.0,0.0,0.0,0.0,0.0,,,,,,,,,,,,,,,13.5
2021_109_4036026,4036026,Dez Fitzpatrick,Louisville,ACC,WIDERECEIVER,WR,2021,4,4,109,4,0.0,0.0,0.0,3.0,0.0,0.0,5.0,1.0,1.0,0.0,0.0,0.0,0.0,1.0,0.0,0.0,0.0,0.0,0.0,0.0,0.0,0.0,0.0,0.0,0.0,0.0,0.0,0.0,0.0,0.0,0.0,0.0,0.0,154.0,21.0,2589.0,0.0,0.0,0.0,0.0,,,,82.0,,,,16.81168831168831,,0.0,,,,
2021_111_4243923,4243923,Cameron Sample,Tulane,American Athletic,DEFENSIVEEND,DL,2021,4,6,111,4,7.0,8.0,10.5,91.0,0.0,20.5,162.0,0.0,0.0,1.0,0.0,0.0,0.0,0.0,0.0,0.0,0.0,0.0,0.0,0.0,0.0,0.0,0.0,0.0,0.0,0.0,0.0,0.0,0.0,0.0,0.0,0.0,0.0,0.0,0.0,0.0,8.0,0.0,40.0,,,,,,14.0,,,,5.0,,,,,
2021_112_4374302,4374302,Amon-Ra St. Brown,USC,Pac-12,WIDERECEIVER,WR,2021,4,7,112,3,0.0,0.0,0.0,1.0,0.0,0.0,2.0,3.0,2.0,0.0,0.0,0.0,0.0,2.0,0.0,43.0,0.0,0.0,0.0,0.0,0.0,0.0,0.0,0.0,0.0,0.0,19.0,0.0,107.0,0.0,0.0,0.0,0.0,178.0,16.0,2270.0,9.0,1.0,69.0,23.0,,24.0,,95.0,37.0,,,12.752808988764045,7.666666666666667,21.5,5.631578947368421,,,
2021_113_4260409,4260409,Derrick Barnes,Purdue,Big Ten,INSIDELINEBACKER,LB,2021,4,8,113,4,3.0,5.0,10.5,145.0,0.0,21.0,206.0,0.0,0.0,1.0,1.0,0.0,9.0,0.0,0.0,0.0,0.0,0.0,0.0,0.0,0.0,0.0,0.0,0.0,0.0,0.0,0.0,0.0,0.0,0.0,0.0,0.0,0.0,0.0,0.0,0.0,0.0,0.0,0.0,,,,,,,,,,,,,,,9.0
2021_114_4242553,4242553,Drew Dalman,Stanford,Pac-12,CENTER,OL,2021,4,9,114,1,0.0,1.0,0.0,1.0,0.0,0.0,3.0,0.0,0.0,0.0,0.0,0.0,0.0,0.0,0.0,0.0,0.0,0.0,0.0,0.0,0.0,0.0,0.0,0.0,0.0,0.0,0.0,0.0,0.0,0.0,0.0,0.0,0.0,0.0,0.0,0.0,0.0,0.0,0.0,,,,,,,,,,,,,,,
2021_115_4040940,4040940,Jabril Cox,LSU,SEC,INSIDELINEBACKER,LB,2021,4,10,115,1,5.0,4.0,1.0,37.0,1.0,6.5,58.0,0.0,0.0,1.0,3.0,1.0,64.0,0.0,0.0,0.0,0.0,0.0,0.0,0.0,0.0,0.0,0.0,0.0,0.0,0.0,0.0,0.0,0.0,0.0,0.0,0.0,0.0,0.0,0.0,0.0,0.0,0.0,0.0,,,,,,,,,,,,,,,21.333333333333332
2021_116_4030924,4030924,Elerson Smith,Northern Iowa,MVFC,OUTSIDELINEBACKER,LB,2021,4,11,116,2,0.0,2.0,1.0,4.0,0.0,2.5,6.0,0.0,0.0,0.0,0.0,0.0,0.0,0.0,0.0,0.0,0.0,0.0,0.0,0.0,0.0,0.0,0.0,0.0,0.0,0.0,0.0,0.0,0.0,0.0,0.0,0.0,0.0,0.0,0.0,0.0,0.0,0.0,0.0,,,,,,,,,,,,,,,
2021_117_4372518,4372518,Bobby Brown III,Texas A&M,SEC,DEFENSIVETACKLE,DL,2021,4,12,117,3,1.0,5.0,6.0,23.0,0.0,10.5,57.0,0.0,0.0,0.0,0.0,0.0,0.0,0.0,0.0,0.0,0.0,0.0,0.0,0.0,0.0,0.0,0.0,0.0,0.0,0.0,0.0,0.0,0.0,0.0,0.0,0.0,0.0,0.0,0.0,0.0,0.0,0.0,0.0,,,,,,,,,,,,,,,
2021_118_4240475,4240475,Chris Rumph II,Duke,ACC,OUTSIDELINEBACKER,LB,2021,4,13,118,3,5.0,16.0,17.5,57.0,0.0,33.0,123.0,0.0,0.0,2.0,0.0,0.0,0.0,0.0,0.0,0.0,0.0,0.0,0.0,0.0,0.0,0.0,0.0,0.0,0.0,0.0,0.0,0.0,0.0,0.0,0.0,0.0,0.0,0.0,0.0,0.0,0.0,0.0,0.0,,,,,,,,,,,,,,,
2021_119_4035537,4035537,Kene Nwangwu,Iowa State,Big 12,RUNNINGBACK,RB,2021,4,14,119,4,0.0,0.0,0.0,1.0,1.0,0.0,1.0,1.0,0.0,0.0,0.0,0.0,0.0,94.0,1.0,2470.0,0.0,0.0,0.0,0.0,0.0,0.0,0.0,0.0,0.0,0.0,0.0,0.0,0.0,0.0,0.0,0.0,0.0,7.0,0.0,57.0,143.0,4.0,744.0,97.0,,,,16.0,49.0,,,8.142857142857142,5.2027972027972025,26.27659574468085,,,,
2021_120_4569173,4569173,Rhamondre Stevenson,Oklahoma,Big 12,RUNNINGBACK,RB,2021,4,15,120,2,0.0,0.0,0.0,4.0,0.0,0.0,6.0,3.0,2.0,0.0,0.0,0.0,0.0,0.0,0.0,0.0,0.0,0.0,0.0,0.0,0.0,0.0,0.0,0.0,0.0,0.0,0.0,0.0,0.0,0.0,0.0,0.0,0.0,28.0,0.0,298.0,165.0,13.0,1179.0,,,,,45.0,75.0,,,10.642857142857142,7.1454545454545455,,,,,
2021_121_4034957,4034957,Jordan Smith,UAB,Conference USA,DEFENSIVEEND,DL,2021,4,16,121,2,2.0,16.0,14.5,57.0,0.0,26.0,94.0,0.0,0.0,0.0,1.0,0.0,36.0,0.0,0.0,0.0,0.0,0.0,0.0,0.0,0.0,0.0,0.0,0.0,0.0,0.0,0.0,0.0,0.0,0.0,0.0,0.0,0.0,0.0,0.0,0.0,0.0,0.0,0.0,,,,,,,,,,,,,,,36.0
2021_122_4242228,4242228,Tyler Shelvin,LSU,SEC,DEFENSIVETACKLE,DL,2021,4,17,122,2,2.0,1.0,1.5,15.0,0.0,4.5,48.0,0.0,0.0,0.0,0.0,0.0,0.0,0.0,0.0,0.0,0.0,0.0,0.0,0.0,0.0,0.0,0.0,0.0,0.0,0.0,0.0,0.0,0.0,0.0,0.0,0.0,0.0,0.0,0.0,0.0,0.0,0.0,0.0,,,,,,,,,,,,,,,
2021_123_4045161,4045161,Zech McPhearson,Texas Tech,Big 12,CORNERBACK,DB,2021,4,18,123,5,14.0,0.0,0.0,99.0,2.0,4.5,119.0,2.0,1.0,5.0,4.0,0.0,21.0,0.0,0.0,0.0,0.0,0.0,0.0,0.0,0.0,0.0,0.0,0.0,0.0,0.0,4.0,0.0,22.0,0.0,0.0,0.0,0.0,0.0,0.0,0.0,0.0,0.0,0.0,,,27.0,,,,,,,,,5.5,,,5.25
2021_124_4048228,4048228,John Bates,Boise State,Mountain West,TIGHTEND,TE,2021,4,19,124,4,0.0,0.0,0.0,2.0,0.0,0.0,2.0,0.0,0.0,0.0,0.0,0.0,0.0,0.0,0.0,0.0,0.0,0.0,0.0,0.0,0.0,0.0,0.0,0.0,0.0,0.0,0.0,0.0,0.0,0.0,0.0,0.0,0.0,47.0,2.0,579.0,0.0,0.0,0.0,,,,,30.0,,,,12.319148936170214,,,,,,
2021_125_4035861,4035861,Camryn Bynum,California,Pac-12,CORNERBACK,DB,2021,4,20,125,4,26.0,0.0,1.0,116.0,0.0,8.0,177.0,0.0,0.0,0.0,6.0,0.0,20.0,0.0,0.0,0.0,0.0,0.0,0.0,0.0,0.0,0.0,0.0,0.0,0.0,0.0,0.0,0.0,0.0,0.0,0.0,0.0,0.0,0.0,0.0,0.0,0.0,0.0,0.0,,,,,,,,,,,,,,,3.3333333333333335
2021_126_4241416,4241416,Chuba Hubbard,Oklahoma State,Big 12,RUNNINGBACK,RB,2021,4,21,126,3,0.0,0.0,0.0,1.0,0.0,0.0,1.0,11.0,2.0,0.0,0.0,0.0,0.0,25.0,0.0,552.0,0.0,0.0,0.0,0.0,0.0,0.0,0.0,0.0,0.0,0.0,0.0,0.0,0.0,0.0,0.0,0.0,0.0,53.0,3.0,479.0,584.0,33.0,3457.0,42.0,,,,54.0,92.0,,,9.037735849056604,5.919520547945205,22.08,,,,
2021_127_4039160,4039160,Kylen Granson,SMU,American Athletic,TIGHTEND,TE,2021,4,22,127,4,0.0,0.0,0.0,3.0,0.0,0.0,3.0,1.0,1.0,0.0,0.0,0.0,0.0,0.0,0.0,0.0,0.0,0.0,0.0,0.0,0.0,0.0,0.0,0.0,0.0,0.0,0.0,0.0,0.0,0.0,0.0,0.0,0.0,129.0,16.0,1879.0,13.0,0.0,103.0,,,,,58.0,21.0,,,14.565891472868216,7.923076923076923,,,,,
2021_129_4243830,4243830,Jaelon Darden,North Texas,Conference USA,WIDERECEIVER,WR,2021,4,24,129,4,0.0,0.0,0.0,1.0,1.0,0.0,2.0,2.0,1.0,0.0,0.0,0.0,0.0,17.0,0.0,299.0,0.0,0.0,0.0,0.0,0.0,0.0,0.0,0.0,0.0,0.0,35.0,1.0,310.0,0.0,0.0,0.0,0.0,230.0,38.0,2782.0,7.0,0.0,27.0,31.0,,81.0,,75.0,9.0,,,12.095652173913043,3.857142857142857,17.58823529411765,8.857142857142858,,,
2021_130_4032200,4032200,Robert Rochell,Central Arkansas,Southland,CORNERBACK,DB,2021,4,25,130,3,3.0,0.0,0.0,13.0,1.0,0.0,16.0,0.0,0.0,2.0,1.0,0.0,0.0,0.0,0.0,0.0,0.0,0.0,0.0,0.0,0.0,0.0,0.0,0.0,0.0,0.0,0.0,0.0,0.0,0.0,0.0,0.0,0.0,0.0,0.0,0.0,0.0,0.0,0.0,,,,,,,,,,,,,,,0.0
2021_131_4241424,4241424,Tylan Wallace,Oklahoma State,Big 12,WIDERECEIVER,WR,2021,4,26,131,4,0.0,0.0,0.0,5.0,0.0,0.0,7.0,3.0,3.0,0.0,0.0,0.0,0.0,1.0,0.0,0.0,0.0,0.0,0.0,0.0,0.0,2.0,2.0,0.0,0.0,21.0,4.0,0.0,22.0,0.0,0.0,0.0,0.0,204.0,26.0,3396.0,3.0,1.0,13.0,0.0,,19.0,,90.0,7.0,1.0,10.5,16.647058823529413,4.333333333333333,0.0,5.5,,,
2021_132_4361366,4361366,Tommy Togiai,Ohio State,Big Ten,DEFENSIVETACKLE,DL,2021,4,27,132,3,3.0,0.0,3.0,27.0,0.0,8.5,49.0,0.0,0.0,0.0,0.0,0.0,0.0,0.0,0.0,0.0,0.0,0.0,0.0,0.0,0.0,0.0,0.0,0.0,0.0,0.0,0.0,0.0,0.0,0.0,0.0,0.0,0.0,0.0,0.0,0.0,0.0,0.0,0.0,,,,,,,,,,,,,,,
2021_133_4046678,4046678,Ian Book,Notre Dame,FBS Independents,QUARTERBACK,QB,2021,4,28,133,4,0.0,0.0,0.0,1.0,0.0,0.0,1.0,10.0,5.0,0.0,0.0,0.0,0.0,0.0,0.0,0.0,0.0,0.0,0.0,0.0,0.0,1141.0,728.0,20.0,72.0,8948.0,0.0,0.0,0.0,0.0,0.0,0.0,0.0,1.0,0.0,-9.0,362.0,17.0,1518.0,,,,,0.0,53.0,0.6380368098159509,7.842243645924627,-9.0,4.193370165745856,,,,,
2021_134_4035604,4035604,Janarius Robinson,Florida State,ACC,DEFENSIVEEND,DL,2021,4,29,134,4,3.0,11.0,8.0,55.0,0.0,20.5,105.0,0.0,0.0,2.0,0.0,0.0,0.0,0.0,0.0,0.0,0.0,0.0,0.0,0.0,0.0,0.0,0.0,0.0,0.0,0.0,0.0,0.0,0.0,0.0,0.0,0.0,0.0,0.0,0.0,0.0,0.0,0.0,0.0,,,,,,,,,,,,,,,
2021_135_4036076,4036076,Rashad Weaver,Pittsburgh,ACC,DEFENSIVEEND,DL,2021,4,30,135,3,8.0,24.0,16.0,67.0,0.0,33.0,106.0,0.0,0.0,4.0,0.0,0.0,0.0,0.0,0.0,0.0,0.0,0.0,0.0,0.0,0.0,0.0,0.0,0.0,0.0,0.0,0.0,0.0,0.0,0.0,0.0,0.0,0.0,0.0,0.0,0.0,0.0,0.0,0.0,,,,,,,,,,,,,,,
2021_136_4240595,4240595,Marco Wilson,Florida,SEC,CORNERBACK,DB,2021,4,31,136,4,17.0,1.0,0.0,68.0,0.0,2.5,103.0,0.0,0.0,2.0,3.0,0.0,0.0,0.0,0.0,0.0,0.0,0.0,0.0,0.0,0.0,0.0,0.0,0.0,0.0,0.0,0.0,0.0,0.0,0.0,0.0,0.0,0.0,0.0,0.0,0.0,0.0,0.0,0.0,,,,,,,,,,,,,,,0.0
2021_137_4241373,4241373,Tre Brown,Oklahoma,Big 12,CORNERBACK,DB,2021,4,32,137,4,29.0,0.0,2.0,104.0,0.0,7.5,128.0,1.0,0.0,0.0,4.0,0.0,1.0,55.0,0.0,1207.0,0.0,0.0,0.0,0.0,0.0,0.0,0.0,0.0,0.0,0.0,0.0,0.0,0.0,0.0,0.0,0.0,0.0,0.0,0.0,0.0,0.0,0.0,0.0,86.0,,,,,,,,,,21.945454545454545,,,,0.25
2021_139_4038565,4038565,D'Ante Smith,East Carolina,American Athletic,OFFENSIVETACKLE,OL,2021,4,34,139,1,0.0,0.0,0.0,1.0,0.0,0.0,1.0,0.0,0.0,0.0,0.0,0.0,0.0,0.0,0.0,0.0,0.0,0.0,0.0,0.0,0.0,0.0,0.0,0.0,0.0,0.0,0.0,0.0,0.0,0.0,0.0,0.0,0.0,0.0,0.0,0.0,0.0,0.0,0.0,,,,,,,,,,,,,,,
2021_140_4240900,4240900,Buddy Johnson,Texas A&M,SEC,INSIDELINEBACKER,LB,2021,4,35,140,4,4.0,6.0,5.5,96.0,2.0,23.5,203.0,0.0,0.0,2.0,1.0,1.0,15.0,0.0,0.0,0.0,0.0,0.0,0.0,0.0,0.0,0.0,0.0,0.0,0.0,0.0,0.0,0.0,0.0,0.0,0.0,0.0,0.0,0.0,0.0,0.0,0.0,0.0,0.0,,,,,,,,,,,,,,,15.0
2021_141_3932144,3932144,Jacob Harris,UCF,American Athletic,WIDERECEIVER,WR,2021,4,36,141,3,0.0,0.0,0.0,9.0,0.0,0.0,9.0,0.0,0.0,1.0,0.0,0.0,0.0,0.0,0.0,0.0,0.0,0.0,0.0,0.0,0.0,0.0,0.0,0.0,0.0,0.0,0.0,0.0,0.0,0.0,0.0,0.0,0.0,49.0,9.0,987.0,0.0,0.0,0.0,,,,,74.0,,,,20.142857142857142,,,,,,
2021_142_4047660,4047660,Royce Newman,Ole Miss,SEC,OFFENSIVEGUARD,OL,2021,4,37,142,2,0.0,0.0,0.0,0.0,0.0,0.0,2.0,0.0,0.0,0.0,0.0,0.0,0.0,0.0,0.0,0.0,0.0,0.0,0.0,0.0,0.0,0.0,0.0,0.0,0.0,0.0,0.0,0.0,0.0,0.0,0.0,0.0,0.0,0.0,0.0,0.0,0.0,0.0,0.0,,,,,,,,,,,,,,,
2021_143_4241195,4241195,Tyree Gillespie,Missouri,SEC,SAFETY,DB,2021,4,38,143,4,12.0,4.0,2.0,100.0,0.0,6.0,146.0,0.0,0.0,0.0,0.0,0.0,0.0,0.0,0.0,0.0,0.0,0.0,0.0,0.0,0.0,0.0,0.0,0.0,0.0,0.0,0.0,0.0,0.0,0.0,0.0,0.0,0.0,0.0,0.0,0.0,0.0,0.0,0.0,,,,,,,,,,,,,,,
2021_144_4240026,4240026,Joshua Kaindoh,Florida State,ACC,DEFENSIVEEND,DL,2021,4,39,144,4,2.0,11.0,8.5,37.0,1.0,17.0,60.0,0.0,0.0,0.0,1.0,1.0,25.0,0.0,0.0,0.0,0.0,0.0,0.0,0.0,0.0,0.0,0.0,0.0,0.0,0.0,0.0,0.0,0.0,0.0,0.0,0.0,0.0,0.0,0.0,0.0,0.0,0.0,0.0,,,,,,,,,,,,,,,25.0
2021_145_4040612,4040612,Luke Farrell,Ohio State,Big Ten,TIGHTEND,TE,2021,5,1,145,4,0.0,0.0,0.0,0.0,0.0,0.0,0.0,0.0,0.0,0.0,0.0,0.0,0.0,0.0,0.0,0.0,0.0,0.0,0.0,0.0,0.0,0.0,0.0,0.0,0.0,0.0,0.0,0.0,0.0,0.0,0.0,0.0,0.0,34.0,4.0,380.0,0.0,0.0,0.0,,,,,24.0,,,,11.176470588235292,,,,,,
2021_146_4361331,4361331,Jamien Sherwood,Auburn,SEC,SAFETY,DB,2021,5,2,146,3,11.0,3.0,2.5,77.0,0.0,8.5,141.0,0.0,0.0,4.0,1.0,0.0,0.0,0.0,0.0,0.0,0.0,0.0,0.0,0.0,0.0,0.0,0.0,0.0,0.0,0.0,0.0,0.0,0.0,0.0,0.0,0.0,0.0,0.0,0.0,0.0,0.0,0.0,0.0,,,,,,,,,,,,,,,0.0
2021_147_4362504,4362504,Brevin Jordan,Miami,ACC,TIGHTEND,TE,2021,5,3,147,3,0.0,0.0,0.0,2.0,0.0,0.0,2.0,0.0,0.0,0.0,0.0,0.0,0.0,0.0,0.0,0.0,0.0,0.0,0.0,0.0,0.0,1.0,1.0,0.0,0.0,15.0,0.0,0.0,0.0,0.0,0.0,0.0,0.0,105.0,13.0,1366.0,3.0,0.0,1.0,,,,,76.0,1.0,1.0,15.0,13.00952380952381,0.3333333333333333,,,,,
2021_148_4262197,4262197,Ta'Quon Graham,Texas,Big 12,DEFENSIVETACKLE,DL,2021,5,4,148,4,1.0,4.0,6.5,42.0,0.0,23.0,71.0,0.0,0.0,2.0,0.0,0.0,0.0,0.0,0.0,0.0,0.0,0.0,0.0,0.0,0.0,0.0,0.0,0.0,0.0,0.0,0.0,0.0,0.0,0.0,0.0,0.0,0.0,0.0,0.0,0.0,0.0,0.0,0.0,,,,,,,,,,,,,,,
2021_149_4360234,4360234,Evan McPherson,Florida,SEC,PLACEKICKER,ST,2021,5,5,149,3,0.0,0.0,0.0,0.0,0.0,0.0,1.0,0.0,0.0,0.0,0.0,0.0,0.0,0.0,0.0,0.0,59.0,51.0,301.0,149.0,148.0,0.0,0.0,0.0,0.0,0.0,0.0,0.0,0.0,0.0,0.0,0.0,0.0,0.0,0.0,0.0,0.0,0.0,0.0,,55.0,,,,,,,,,,,,0.864406779661017,
2021_150_4371733,4371733,Kenneth Gainwell,Memphis,American Athletic,RUNNINGBACK,RB,2021,5,6,150,2,0.0,0.0,0.0,3.0,0.0,0.0,3.0,3.0,1.0,0.0,0.0,0.0,0.0,0.0,0.0,0.0,0.0,0.0,0.0,0.0,0.0,0.0,0.0,0.0,0.0,0.0,0.0,0.0,0.0,0.0,0.0,0.0,0.0,57.0,3.0,662.0,235.0,14.0,1550.0,,,,,68.0,75.0,,,11.614035087719298,6.595744680851064,,,,,
2021_152_4362077,4362077,Caden Sterns,Texas,Big 12,SAFETY,DB,2021,5,8,152,3,8.0,0.0,2.0,118.0,0.0,8.5,171.0,0.0,0.0,0.0,5.0,0.0,33.0,0.0,0.0,0.0,0.0,0.0,0.0,0.0,0.0,0.0,0.0,0.0,0.0,0.0,0.0,0.0,0.0,0.0,0.0,0.0,0.0,0.0,0.0,0.0,0.0,0.0,0.0,,,,,,,,,,,,,,,6.6
2021_153_4245655,4245655,Tony Fields II,West Virginia,Big 12,INSIDELINEBACKER,LB,2021,5,9,153,4,6.0,8.0,9.5,209.0,0.0,19.5,367.0,0.0,0.0,0.0,3.0,0.0,39.0,0.0,0.0,0.0,0.0,0.0,0.0,0.0,0.0,0.0,0.0,0.0,0.0,0.0,0.0,0.0,0.0,0.0,0.0,0.0,0.0,0.0,0.0,0.0,0.0,0.0,0.0,,,,,,,,,,,,,,,13.0
2021_154_4240456,4240456,Michael Carter II,Duke,ACC,SAFETY,DB,2021,5,10,154,4,23.0,1.0,1.5,88.0,0.0,7.5,135.0,0.0,0.0,1.0,4.0,0.0,38.0,13.0,0.0,261.0,0.0,0.0,0.0,0.0,0.0,0.0,0.0,0.0,0.0,0.0,0.0,0.0,0.0,0.0,0.0,0.0,0.0,0.0,0.0,0.0,0.0,0.0,0.0,31.0,,,,,,,,,,20.076923076923077,,,,9.5
2021_155_4043041,4043041,Jaylon Moore,Western Michigan,Mid-American,OFFENSIVEGUARD,OL,2021,5,11,155,1,1.0,0.0,0.0,0.0,0.0,0.0,0.0,0.0,0.0,0.0,0.0,0.0,0.0,0.0,0.0,0.0,0.0,0.0,0.0,0.0,0.0,0.0,0.0,0.0,0.0,0.0,0.0,0.0,0.0,0.0,0.0,0.0,0.0,0.0,0.0,0.0,0.0,0.0,0.0,,,,,,,,,,,,,,,
2021_156_4035798,4035798,Isaiahh Loudermilk,Wisconsin,Big Ten,DEFENSIVETACKLE,DL,2021,5,12,156,4,7.0,6.0,7.5,36.0,0.0,11.0,61.0,0.0,0.0,0.0,0.0,0.0,0.0,0.0,0.0,0.0,0.0,0.0,0.0,0.0,0.0,0.0,0.0,0.0,0.0,0.0,0.0,0.0,0.0,0.0,0.0,0.0,0.0,0.0,0.0,0.0,0.0,0.0,0.0,,,,,,,,,,,,,,,
2021_157_4240573,4240573,Ihmir Smith-Marsette,Iowa,Big Ten,WIDERECEIVER,WR,2021,5,13,157,4,0.0,0.0,0.0,2.0,2.0,0.0,2.0,2.0,1.0,0.0,0.0,0.0,0.0,54.0,2.0,1470.0,0.0,0.0,0.0,0.0,0.0,1.0,0.0,0.0,0.0,0.0,0.0,0.0,0.0,0.0,0.0,0.0,0.0,110.0,14.0,1588.0,34.0,4.0,274.0,98.0,,,,60.0,45.0,0.0,0.0,14.436363636363636,8.058823529411764,27.22222222222222,,,,
2021_158_4360484,4360484,Daviyon Nixon,Iowa,Big Ten,DEFENSIVETACKLE,DL,2021,5,14,158,2,1.0,6.0,8.5,41.0,1.0,19.0,74.0,0.0,0.0,0.0,1.0,1.0,71.0,0.0,0.0,0.0,0.0,0.0,0.0,0.0,0.0,0.0,0.0,0.0,0.0,0.0,0.0,0.0,0.0,0.0,0.0,0.0,0.0,0.0,0.0,0.0,0.0,0.0,0.0,,,,,,,,,,,,,,,71.0
2021_160_4241995,4241995,Shaun Wade,Ohio State,Big Ten,CORNERBACK,DB,2021,5,16,160,3,19.0,1.0,2.0,67.0,1.0,5.0,91.0,0.0,0.0,0.0,6.0,1.0,48.0,0.0,0.0,0.0,0.0,0.0,0.0,0.0,0.0,0.0,0.0,0.0,0.0,0.0,0.0,0.0,0.0,0.0,0.0,0.0,0.0,0.0,0.0,0.0,0.0,0.0,0.0,,,,,,,,,,,,,,,8.0
2021_161_4038986,4038986,Tommy Doyle,Miami (OH),Mid-American,OFFENSIVETACKLE,OL,2021,5,17,161,2,0.0,1.0,0.0,1.0,0.0,0.0,1.0,0.0,0.0,0.0,0.0,0.0,0.0,0.0,0.0,0.0,0.0,0.0,0.0,0.0,0.0,0.0,0.0,0.0,0.0,0.0,0.0,0.0,0.0,0.0,0.0,0.0,0.0,0.0,0.0,0.0,0.0,0.0,0.0,,,,,,,,,,,,,,,
2021_162_4240472,4240472,Noah Gray,Duke,ACC,TIGHTEND,TE,2021,5,18,162,4,0.0,0.0,0.0,4.0,0.0,0.0,5.0,0.0,0.0,0.0,0.0,0.0,0.0,0.0,0.0,0.0,0.0,0.0,0.0,0.0,0.0,1.0,1.0,0.0,0.0,11.0,0.0,0.0,0.0,0.0,0.0,0.0,0.0,104.0,8.0,941.0,2.0,0.0,3.0,,,,,26.0,2.0,1.0,11.0,9.048076923076923,1.5,,,,,
2021_163_4239088,4239088,Darrick Forrest,Cincinnati,American Athletic,SAFETY,DB,2021,5,19,163,4,6.0,1.0,0.0,126.0,0.0,4.5,200.0,0.0,0.0,1.0,6.0,0.0,96.0,0.0,0.0,0.0,0.0,0.0,0.0,0.0,0.0,0.0,0.0,0.0,0.0,0.0,0.0,0.0,0.0,0.0,0.0,0.0,0.0,0.0,0.0,0.0,1.0,0.0,0.0,,,,,,0.0,,,,0.0,,,,,16.0
2021_164_4371949,4371949,Jamar Johnson,Indiana,Big Ten,SAFETY,DB,2021,5,20,164,3,5.0,1.0,4.0,52.0,1.0,8.0,69.0,1.0,1.0,0.0,7.0,1.0,166.0,0.0,0.0,0.0,0.0,0.0,0.0,0.0,0.0,0.0,0.0,0.0,0.0,0.0,0.0,0.0,0.0,0.0,0.0,0.0,0.0,0.0,0.0,0.0,0.0,0.0,0.0,,,,,,,,,,,,,,,23.714285714285715
2021_165_4240602,4240602,Shawn Davis,Florida,SEC,SAFETY,DB,2021,5,21,165,4,10.0,1.0,0.0,77.0,0.0,5.5,126.0,0.0,0.0,1.0,5.0,0.0,156.0,0.0,0.0,0.0,0.0,0.0,0.0,0.0,0.0,0.0,0.0,0.0,0.0,0.0,0.0,0.0,0.0,0.0,0.0,0.0,0.0,0.0,0.0,0.0,0.0,0.0,0.0,,,,,,,,,,,,,,,31.2
2021_166_4243332,4243332,Keith Taylor,Washington,Pac-12,CORNERBACK,DB,2021,5,22,166,4,10.0,0.0,0.0,60.0,0.0,3.5,89.0,0.0,0.0,0.0,0.0,0.0,0.0,0.0,0.0,0.0,0.0,0.0,0.0,0.0,0.0,0.0,0.0,0.0,0.0,0.0,0.0,0.0,0.0,0.0,0.0,0.0,0.0,0.0,0.0,0.0,0.0,0.0,0.0,,,,,,,,,,,,,,,
2021_167_4240542,4240542,Nate Hobbs,Illinois,Big Ten,CORNERBACK,DB,2021,5,23,167,4,14.0,0.0,1.0,112.0,1.0,13.5,170.0,1.0,1.0,1.0,3.0,0.0,82.0,12.0,0.0,250.0,0.0,0.0,0.0,0.0,0.0,0.0,0.0,0.0,0.0,0.0,9.0,0.0,15.0,0.0,0.0,0.0,0.0,0.0,0.0,0.0,1.0,0.0,4.0,31.0,,4.0,,,4.0,,,,4.0,20.833333333333332,1.6666666666666667,,,27.333333333333332
2021_169_4240686,4240686,Richard LeCounte III,Georgia,SEC,SAFETY,DB,2021,5,25,169,4,10.0,0.0,0.0,106.0,0.0,6.5,176.0,0.0,0.0,6.0,8.0,0.0,143.0,0.0,0.0,0.0,0.0,0.0,0.0,0.0,0.0,0.0,0.0,0.0,0.0,0.0,0.0,0.0,0.0,0.0,0.0,0.0,0.0,0.0,0.0,0.0,0.0,0.0,0.0,,,,,,,,,,,,,,,17.875
2021_170_4241807,4241807,Garret Wallow,TCU,Big 12,INSIDELINEBACKER,LB,2021,5,26,170,4,4.0,10.0,8.5,176.0,0.0,32.5,293.0,0.0,0.0,0.0,1.0,0.0,12.0,0.0,0.0,0.0,0.0,0.0,0.0,0.0,0.0,0.0,0.0,0.0,0.0,0.0,0.0,0.0,0.0,0.0,0.0,0.0,0.0,0.0,0.0,0.0,0.0,0.0,0.0,,,,,,,,,,,,,,,12.0
2021_171_4039028,4039028,Daelin Hayes,Notre Dame,FBS Independents,DEFENSIVEEND,DL,2021,5,27,171,5,4.0,10.0,9.5,50.0,0.0,20.0,89.0,0.0,0.0,5.0,1.0,0.0,13.0,0.0,0.0,0.0,0.0,0.0,0.0,0.0,0.0,0.0,0.0,0.0,0.0,0.0,0.0,0.0,0.0,0.0,0.0,0.0,0.0,0.0,0.0,0.0,0.0,0.0,0.0,,,,,,,,,,,,,,,13.0
2021_172_4242488,4242488,Deommodore Lenoir,Oregon,Pac-12,CORNERBACK,DB,2021,5,28,172,4,20.0,2.0,0.0,104.0,0.0,4.0,145.0,0.0,0.0,2.0,6.0,0.0,83.0,0.0,0.0,0.0,0.0,0.0,0.0,0.0,0.0,0.0,0.0,0.0,0.0,0.0,0.0,0.0,0.0,0.0,0.0,0.0,0.0,0.0,0.0,0.0,0.0,0.0,0.0,,,,,,,,,,,,,,,13.833333333333334
2021_173_4240612,4240612,Tedarrell Slaton,Florida,SEC,DEFENSIVETACKLE,DL,2021,5,29,173,4,1.0,9.0,3.5,35.0,0.0,10.0,99.0,0.0,0.0,1.0,0.0,0.0,0.0,0.0,0.0,0.0,0.0,0.0,0.0,0.0,0.0,0.0,0.0,0.0,0.0,0.0,0.0,0.0,0.0,0.0,0.0,0.0,0.0,0.0,0.0,0.0,0.0,0.0,0.0,,,,,,,,,,,,,,,
2021_174_4242292,4242292,Earnest Brown IV,Northwestern,Big Ten,DEFENSIVEEND,DL,2021,5,30,174,4,9.0,8.0,7.0,45.0,1.0,18.5,71.0,0.0,0.0,3.0,0.0,0.0,0.0,0.0,0.0,0.0,0.0,0.0,0.0,0.0,0.0,0.0,0.0,0.0,0.0,0.0,0.0,0.0,0.0,0.0,0.0,0.0,0.0,0.0,0.0,0.0,0.0,0.0,0.0,,,,,,,,,,,,,,,
2021_175_4240706,4240706,Jason Pinnock,Pittsburgh,ACC,CORNERBACK,DB,2021,5,31,175,4,19.0,2.0,0.0,41.0,1.0,2.5,50.0,0.0,0.0,1.0,5.0,0.0,29.0,0.0,0.0,0.0,0.0,0.0,0.0,0.0,0.0,0.0,0.0,0.0,0.0,0.0,0.0,0.0,0.0,0.0,0.0,0.0,0.0,0.0,0.0,0.0,0.0,0.0,0.0,,,,,,,,,,,,,,,5.8
2021_176_4242521,4242521,K.J. Britt,Auburn,SEC,INSIDELINEBACKER,LB,2021,5,32,176,4,2.0,1.0,2.5,63.0,0.0,13.0,117.0,0.0,0.0,0.0,0.0,0.0,0.0,2.0,0.0,0.0,0.0,0.0,0.0,0.0,0.0,0.0,0.0,0.0,0.0,0.0,0.0,0.0,11.0,0.0,0.0,0.0,0.0,0.0,0.0,0.0,0.0,0.0,0.0,0.0,,11.0,,,,,,,,0.0,inf,,,
2021_177_4372085,4372085,Cameron McGrone,Michigan,Big Ten,INSIDELINEBACKER,LB,2021,5,33,177,2,1.0,5.0,4.0,52.0,0.0,11.0,91.0,0.0,0.0,0.0,0.0,0.0,0.0,0.0,0.0,0.0,0.0,0.0,0.0,0.0,0.0,0.0,0.0,0.0,0.0,0.0,0.0,0.0,0.0,0.0,0.0,0.0,0.0,0.0,0.0,0.0,0.0,0.0,0.0,,,,,,,,,,,,,,,
2021_178_4036430,4036430,Shemar Jean-Charles,App State,Sun Belt,CORNERBACK,DB,2021,5,34,178,4,30.0,1.0,0.0,61.0,0.0,1.0,96.0,0.0,0.0,0.0,2.0,0.0,11.0,0.0,0.0,0.0,0.0,0.0,0.0,0.0,0.0,0.0,0.0,0.0,0.0,0.0,0.0,0.0,0.0,0.0,0.0,0.0,0.0,0.0,0.0,0.0,0.0,0.0,0.0,,,,,,,,,,,,,,,5.5
2021_179_4360739,4360739,Simi Fehoko,Stanford,Pac-12,WIDERECEIVER,WR,2021,5,35,179,3,0.0,0.0,0.0,0.0,0.0,0.0,0.0,0.0,0.0,0.0,0.0,0.0,0.0,0.0,0.0,0.0,0.0,0.0,0.0,0.0,0.0,0.0,0.0,0.0,0.0,0.0,0.0,0.0,0.0,0.0,0.0,0.0,0.0,62.0,9.0,1156.0,1.0,0.0,-1.0,,,,,79.0,0.0,,,18.64516129032258,-1.0,,,,,
2021_180_4360853,4360853,Talanoa Hufanga,USC,Pac-12,SAFETY,DB,2021,5,36,180,3,8.0,0.0,6.5,129.0,0.0,16.5,203.0,0.0,0.0,0.0,4.0,0.0,95.0,0.0,0.0,0.0,0.0,0.0,0.0,0.0,0.0,0.0,0.0,0.0,0.0,0.0,0.0,0.0,0.0,0.0,0.0,0.0,0.0,0.0,0.0,0.0,0.0,0.0,0.0,,,,,,,,,,,,,,,23.75
2021_181_4035465,4035465,Cornell Powell,Clemson,ACC,WIDERECEIVER,WR,2021,5,37,181,5,0.0,0.0,0.0,5.0,0.0,0.0,6.0,1.0,0.0,0.0,0.0,0.0,0.0,8.0,0.0,197.0,0.0,0.0,0.0,0.0,0.0,0.0,0.0,0.0,0.0,0.0,1.0,0.0,0.0,0.0,0.0,0.0,0.0,93.0,10.0,1211.0,0.0,0.0,0.0,43.0,,0.0,,70.0,,,,13.021505376344086,,24.625,0.0,,,
2021_182_4046693,4046693,Adetokunbo Ogundeji,Notre Dame,FBS Independents,DEFENSIVEEND,DL,2021,5,38,182,3,1.0,13.0,13.0,44.0,1.0,17.0,80.0,0.0,0.0,2.0,0.0,0.0,0.0,0.0,0.0,0.0,0.0,0.0,0.0,0.0,0.0,0.0,0.0,0.0,0.0,0.0,0.0,0.0,0.0,0.0,0.0,0.0,0.0,0.0,0.0,0.0,0.0,0.0,0.0,,,,,,,,,,,,,,,
2021_183_4048259,4048259,Avery Williams,Boise State,Mountain West,CORNERBACK,DB,2021,5,39,183,4,21.0,0.0,0.0,102.0,10.0,4.5,141.0,5.0,2.0,0.0,4.0,0.0,31.0,38.0,3.0,1042.0,0.0,0.0,0.0,0.0,0.0,0.0,0.0,0.0,0.0,0.0,81.0,5.0,933.0,0.0,0.0,0.0,0.0,0.0,0.0,0.0,0.0,0.0,0.0,99.0,,81.0,,,,,,,,27.42105263157895,11.51851851851852,,,7.75
2021_184_4258190,4258190,Ben Mason,Michigan,Big Ten,FULLBACK,RB,2021,5,40,184,4,0.0,0.0,0.0,7.0,0.0,0.0,13.0,1.0,1.0,0.0,0.0,0.0,0.0,1.0,0.0,0.0,0.0,0.0,0.0,0.0,0.0,0.0,0.0,0.0,0.0,0.0,0.0,0.0,0.0,0.0,0.0,0.0,0.0,3.0,1.0,32.0,37.0,9.0,87.0,0.0,,,,15.0,6.0,,,10.666666666666666,2.3513513513513513,0.0,,,,
2021_185_4036141,4036141,Nick Niemann,Iowa,Big Ten,INSIDELINEBACKER,LB,2021,6,1,185,4,0.0,3.0,2.0,74.0,1.0,7.5,157.0,0.0,0.0,1.0,1.0,1.0,25.0,0.0,0.0,0.0,0.0,0.0,0.0,0.0,0.0,0.0,0.0,0.0,0.0,0.0,0.0,0.0,7.0,0.0,0.0,0.0,0.0,0.0,0.0,0.0,0.0,0.0,0.0,,,7.0,,,,,,,,,inf,,,25.0
2021_186_4240030,4240030,Hamsah Nasirildeen,Florida State,ACC,SAFETY,DB,2021,6,2,186,4,9.0,2.0,1.0,140.0,1.0,4.0,234.0,0.0,0.0,1.0,4.0,1.0,106.0,0.0,0.0,0.0,0.0,0.0,0.0,0.0,0.0,0.0,0.0,0.0,0.0,0.0,0.0,0.0,0.0,0.0,0.0,0.0,0.0,0.0,0.0,0.0,0.0,0.0,0.0,,,,,,,,,,,,,,,26.5
2021_187_4047836,4047836,Frank Darby,Arizona State,Pac-12,WIDERECEIVER,WR,2021,6,3,187,4,0.0,0.0,0.0,0.0,0.0,0.0,0.0,0.0,0.0,0.0,0.0,0.0,0.0,1.0,0.0,20.0,0.0,0.0,0.0,0.0,0.0,0.0,0.0,0.0,0.0,0.0,0.0,0.0,0.0,0.0,0.0,0.0,0.0,67.0,13.0,1317.0,1.0,1.0,21.0,20.0,,,,72.0,21.0,,,19.65671641791045,21.0,20.0,,,,
2021_188_4241199,4241199,Joshuah Bledsoe,Missouri,SEC,SAFETY,DB,2021,6,4,188,4,18.0,0.0,1.0,85.0,0.0,7.5,128.0,0.0,0.0,3.0,0.0,0.0,0.0,0.0,0.0,0.0,0.0,0.0,0.0,0.0,0.0,0.0,0.0,0.0,0.0,0.0,0.0,0.0,0.0,0.0,0.0,0.0,0.0,0.0,0.0,0.0,0.0,0.0,0.0,,,,,,,,,,,,,,,
2021_189_4243218,4243218,Marlon Tuipulotu,USC,Pac-12,DEFENSIVETACKLE,DL,2021,6,5,189,4,3.0,0.0,6.0,44.0,0.0,12.0,92.0,0.0,0.0,0.0,0.0,0.0,0.0,0.0,0.0,0.0,0.0,0.0,0.0,0.0,0.0,0.0,0.0,0.0,0.0,0.0,0.0,0.0,0.0,0.0,0.0,0.0,0.0,0.0,0.0,0.0,0.0,0.0,0.0,,,,,,,,,,,,,,,
2021_190_4361787,4361787,Trey Hill,Georgia,SEC,CENTER,OL,2021,6,6,190,1,0.0,0.0,0.0,0.0,0.0,0.0,0.0,0.0,0.0,0.0,0.0,0.0,0.0,0.0,0.0,0.0,0.0,0.0,0.0,0.0,0.0,0.0,0.0,0.0,0.0,0.0,0.0,0.0,0.0,0.0,0.0,0.0,0.0,0.0,0.0,3.0,0.0,0.0,0.0,,,,,3.0,,,,inf,,,,,,
2021_191_4052031,4052031,Tarron Jackson,Coastal Carolina,Sun Belt,DEFENSIVEEND,DL,2021,6,7,191,4,3.0,22.0,24.5,91.0,0.0,42.0,189.0,0.0,0.0,1.0,0.0,0.0,0.0,0.0,0.0,0.0,0.0,0.0,0.0,0.0,0.0,0.0,0.0,0.0,0.0,0.0,0.0,0.0,0.0,0.0,0.0,0.0,0.0,0.0,0.0,0.0,0.0,0.0,0.0,,,,,,,,,,,,,,,
2021_192_4259978,4259978,Quinton Bohanna,Kentucky,SEC,DEFENSIVETACKLE,DL,2021,6,8,192,4,4.0,3.0,2.0,25.0,0.0,9.5,58.0,0.0,0.0,1.0,0.0,0.0,0.0,0.0,0.0,0.0,0.0,0.0,0.0,0.0,0.0,0.0,0.0,0.0,0.0,0.0,0.0,0.0,0.0,0.0,0.0,0.0,0.0,0.0,0.0,0.0,0.0,0.0,0.0,,,,,,,,,,,,,,,
2021_194_4241555,4241555,Elijah Mitchell,Louisiana,Sun Belt,RUNNINGBACK,RB,2021,6,10,194,4,0.0,0.0,0.0,0.0,0.0,0.5,1.0,5.0,0.0,0.0,0.0,0.0,0.0,5.0,0.0,82.0,0.0,0.0,0.0,0.0,0.0,0.0,0.0,0.0,0.0,0.0,0.0,0.0,0.0,0.0,0.0,0.0,0.0,49.0,5.0,597.0,526.0,41.0,3259.0,27.0,,,,64.0,65.0,,,12.183673469387756,6.195817490494297,16.4,,,,
2021_195_4040805,4040805,Roy Lopez,New Mexico State,Sun Belt,DEFENSIVETACKLE,DL,2021,6,11,195,5,4.0,8.0,9.0,52.0,0.0,24.0,154.0,0.0,0.0,2.0,0.0,0.0,0.0,0.0,0.0,0.0,0.0,0.0,0.0,0.0,0.0,0.0,0.0,0.0,0.0,0.0,0.0,0.0,0.0,0.0,0.0,0.0,0.0,0.0,0.0,0.0,0.0,0.0,0.0,,,,,,,,,,,,,,,
2021_196_4245645,4245645,Gary Brightwell,Arizona,Pac-12,RUNNINGBACK,RB,2021,6,12,196,4,0.0,0.0,0.0,7.0,0.0,0.0,8.0,8.0,4.0,0.0,0.0,0.0,0.0,5.0,0.0,86.0,0.0,0.0,0.0,0.0,0.0,0.0,0.0,0.0,0.0,0.0,0.0,0.0,0.0,0.0,0.0,0.0,0.0,19.0,1.0,126.0,243.0,9.0,1306.0,32.0,,,,38.0,94.0,,,6.631578947368421,5.374485596707819,17.2,,,,
2021_197_4243186,4243186,William Sherman,Colorado,Pac-12,OFFENSIVETACKLE,OL,2021,6,13,197,2,0.0,0.0,0.0,2.0,0.0,0.0,2.0,0.0,0.0,0.0,0.0,0.0,0.0,0.0,0.0,0.0,0.0,0.0,0.0,0.0,0.0,0.0,0.0,0.0,0.0,0.0,0.0,0.0,0.0,0.0,0.0,0.0,0.0,0.0,0.0,0.0,0.0,0.0,0.0,,,,,,,,,,,,,,,
2021_198_4241205,4241205,Larry Rountree III,Missouri,SEC,RUNNINGBACK,RB,2021,6,14,198,4,0.0,0.0,0.0,1.0,0.0,0.0,2.0,4.0,3.0,0.0,0.0,0.0,0.0,25.0,0.0,538.0,0.0,0.0,0.0,0.0,0.0,0.0,0.0,0.0,0.0,0.0,0.0,0.0,0.0,0.0,0.0,0.0,0.0,47.0,0.0,289.0,746.0,40.0,3720.0,38.0,,,,25.0,64.0,,,6.148936170212766,4.986595174262734,21.52,,,,
2021_199_4240716,4240716,Jaylen Twyman,Pittsburgh,ACC,DEFENSIVETACKLE,DL,2021,6,15,199,2,2.0,3.0,11.0,29.0,0.0,13.5,56.0,0.0,0.0,0.0,0.0,0.0,0.0,0.0,0.0,0.0,0.0,0.0,0.0,0.0,0.0,0.0,0.0,0.0,0.0,0.0,0.0,0.0,0.0,0.0,0.0,0.0,0.0,0.0,0.0,0.0,0.0,0.0,0.0,,,,,,,,,,,,,,,
2021_200_4567979,4567979,Brandin Echols,Kentucky,SEC,CORNERBACK,DB,2021,6,16,200,2,11.0,0.0,1.0,82.0,0.0,4.5,108.0,0.0,0.0,0.0,1.0,0.0,7.0,0.0,0.0,0.0,0.0,0.0,0.0,0.0,0.0,0.0,0.0,0.0,0.0,0.0,0.0,0.0,0.0,0.0,0.0,0.0,0.0,0.0,0.0,0.0,0.0,0.0,0.0,,,,,,,,,,,,,,,7.0
2021_201_4038430,4038430,Rodarius Williams,Oklahoma State,Big 12,CORNERBACK,DB,2021,6,17,201,4,31.0,2.0,0.0,131.0,0.0,5.5,162.0,0.0,0.0,0.0,2.0,0.0,0.0,1.0,0.0,15.0,0.0,0.0,0.0,0.0,0.0,0.0,0.0,0.0,0.0,0.0,0.0,0.0,0.0,0.0,0.0,0.0,0.0,3.0,0.0,16.0,0.0,0.0,0.0,15.0,,,,10.0,,,,5.333333333333333,,15.0,,,,0.0
2021_202_4046530,4046530,Chris Evans,Michigan,Big Ten,RUNNINGBACK,RB,2021,6,18,202,4,0.0,0.0,0.0,0.0,0.0,0.0,0.0,4.0,2.0,0.0,0.0,0.0,0.0,1.0,0.0,26.0,0.0,0.0,0.0,0.0,0.0,0.0,0.0,0.0,0.0,0.0,1.0,0.0,15.0,0.0,0.0,0.0,0.0,49.0,2.0,479.0,320.0,15.0,1795.0,26.0,,15.0,,56.0,67.0,,,9.775510204081632,5.609375,26.0,15.0,,,
2021_203_4039307,4039307,Marquez Stevenson,Houston,American Athletic,WIDERECEIVER,WR,2021,6,19,203,4,0.0,0.0,0.0,1.0,3.0,0.0,1.0,7.0,3.0,0.0,0.0,0.0,0.0,35.0,3.0,889.0,0.0,0.0,0.0,0.0,0.0,1.0,1.0,0.0,0.0,31.0,4.0,0.0,20.0,0.0,0.0,0.0,0.0,147.0,22.0,2269.0,26.0,2.0,231.0,97.0,,9.0,,96.0,60.0,1.0,31.0,15.435374149659864,8.884615384615385,25.4,5.0,,,
2021_204_4259499,4259499,Shi Smith,South Carolina,SEC,WIDERECEIVER,WR,2021,6,20,204,4,0.0,0.0,0.0,4.0,0.0,0.0,4.0,1.0,0.0,0.0,0.0,0.0,0.0,21.0,0.0,448.0,0.0,0.0,0.0,0.0,0.0,3.0,0.0,0.0,0.0,0.0,0.0,0.0,0.0,0.0,0.0,0.0,0.0,172.0,13.0,2192.0,9.0,0.0,14.0,62.0,,,,75.0,6.0,0.0,0.0,12.744186046511627,1.5555555555555556,21.333333333333332,,,,
2021_205_4242231,4242231,Racey McMath,LSU,SEC,WIDERECEIVER,WR,2021,6,21,205,3,0.0,0.0,0.0,6.0,0.0,0.0,6.0,0.0,0.0,0.0,0.0,0.0,0.0,0.0,0.0,0.0,0.0,0.0,0.0,0.0,0.0,0.0,0.0,0.0,0.0,0.0,0.0,0.0,0.0,0.0,0.0,0.0,0.0,33.0,4.0,522.0,0.0,0.0,0.0,,,,,60.0,,,,15.818181818181818,,,,,,
2021_207_4035590,4035590,Jonathan Marshall,Arkansas,SEC,DEFENSIVETACKLE,DL,2021,6,23,207,4,1.0,9.0,1.5,34.0,0.0,11.5,71.0,0.0,0.0,0.0,0.0,0.0,0.0,0.0,0.0,0.0,0.0,0.0,0.0,0.0,0.0,0.0,0.0,0.0,0.0,0.0,0.0,0.0,0.0,0.0,0.0,0.0,0.0,0.0,0.0,0.0,0.0,0.0,0.0,,,,,,,,,,,,,,,
2021_208_4034962,4034962,Stone Forsythe,Florida,SEC,OFFENSIVETACKLE,OL,2021,6,24,208,1,0.0,0.0,0.0,1.0,0.0,0.0,1.0,0.0,0.0,0.0,0.0,0.0,0.0,0.0,0.0,0.0,0.0,0.0,0.0,0.0,0.0,0.0,0.0,0.0,0.0,0.0,0.0,0.0,0.0,0.0,0.0,0.0,0.0,0.0,0.0,0.0,0.0,0.0,0.0,,,,,,,,,,,,,,,
2021_209_4037311,4037311,Jalen Camp,Georgia Tech,ACC,WIDERECEIVER,WR,2021,6,25,209,4,0.0,0.0,0.0,0.0,0.0,0.0,0.0,0.0,0.0,0.0,0.0,0.0,0.0,1.0,0.0,-9.0,0.0,0.0,0.0,0.0,0.0,0.0,0.0,0.0,0.0,0.0,0.0,0.0,0.0,0.0,0.0,0.0,0.0,45.0,5.0,740.0,1.0,0.0,3.0,-9.0,,,,59.0,3.0,,,16.444444444444443,3.0,-9.0,,,,
2021_210_4240464,4240464,Victor Dimukeje,Duke,ACC,DEFENSIVEEND,DL,2021,6,26,210,4,3.0,25.0,21.5,80.0,0.0,33.0,161.0,0.0,0.0,3.0,1.0,0.0,26.0,0.0,0.0,0.0,0.0,0.0,0.0,0.0,0.0,0.0,0.0,0.0,0.0,0.0,0.0,0.0,0.0,0.0,0.0,0.0,0.0,0.0,0.0,0.0,0.0,0.0,0.0,,,,,,,,,,,,,,,26.0
2021_211_4035826,4035826,Demetric Felton,UCLA,Pac-12,WIDERECEIVER,WR,2021,6,27,211,4,0.0,0.0,0.0,4.0,1.0,0.0,5.0,2.0,2.0,0.0,0.0,0.0,0.0,31.0,1.0,611.0,0.0,0.0,0.0,0.0,0.0,0.0,0.0,0.0,0.0,0.0,0.0,0.0,0.0,0.0,0.0,0.0,0.0,99.0,8.0,958.0,233.0,7.0,1101.0,100.0,,,,94.0,75.0,,,9.676767676767676,4.725321888412017,19.70967741935484,,,,
2021_212_4036060,4036060,Damar Hamlin,Pittsburgh,ACC,SAFETY,DB,2021,6,28,212,5,21.0,0.0,0.0,190.0,0.0,10.0,284.0,0.0,0.0,1.0,6.0,0.0,102.0,0.0,0.0,0.0,0.0,0.0,0.0,0.0,0.0,0.0,0.0,0.0,0.0,0.0,0.0,0.0,0.0,0.0,0.0,0.0,0.0,0.0,0.0,0.0,0.0,0.0,0.0,,,,,,,,,,,,,,,17.0
2021_213_4372560,4372560,Rachad Wildgoose,Wisconsin,Big Ten,CORNERBACK,DB,2021,6,29,213,3,14.0,0.0,0.0,43.0,0.0,5.0,56.0,0.0,0.0,2.0,1.0,0.0,11.0,0.0,0.0,0.0,0.0,0.0,0.0,0.0,0.0,0.0,0.0,0.0,0.0,0.0,0.0,0.0,0.0,0.0,0.0,0.0,0.0,0.0,0.0,0.0,0.0,0.0,0.0,,,,,,,,,,,,,,,11.0
2021_214_4035791,4035791,Cole Van Lanen,Wisconsin,Big Ten,OFFENSIVETACKLE,OL,2021,6,30,214,1,0.0,0.0,0.0,0.0,0.0,0.0,0.0,0.0,0.0,1.0,0.0,0.0,0.0,0.0,0.0,0.0,0.0,0.0,0.0,0.0,0.0,0.0,0.0,0.0,0.0,0.0,0.0,0.0,0.0,0.0,0.0,0.0,0.0,0.0,0.0,0.0,0.0,0.0,0.0,,,,,,,,,,,,,,,
2021_215_4038944,4038944,Brady Breeze,Oregon,Pac-12,SAFETY,DB,2021,6,31,215,3,4.0,1.0,0.0,60.0,3.0,0.0,90.0,0.0,0.0,5.0,3.0,1.0,32.0,0.0,0.0,0.0,0.0,0.0,0.0,0.0,0.0,0.0,0.0,0.0,0.0,0.0,0.0,0.0,0.0,0.0,0.0,0.0,0.0,0.0,0.0,0.0,0.0,0.0,0.0,,,,,,,,,,,,,,,10.666666666666666
2021_216_4044145,4044145,Quincy Roche,Temple,American Athletic,OUTSIDELINEBACKER,LB,2021,6,32,216,4,8.0,13.0,30.5,129.0,0.0,54.0,182.0,0.0,0.0,7.0,0.0,0.0,0.0,0.0,0.0,0.0,0.0,0.0,0.0,0.0,0.0,0.0,0.0,0.0,0.0,0.0,0.0,0.0,0.0,0.0,0.0,0.0,0.0,0.0,0.0,0.0,0.0,0.0,0.0,,,,,,,,,,,,,,,
2021_217_4035886,4035886,Khalil Herbert,Virginia Tech,ACC,RUNNINGBACK,RB,2021,6,33,217,5,0.0,0.0,0.0,1.0,0.0,0.5,2.0,1.0,0.0,0.0,0.0,0.0,0.0,19.0,0.0,446.0,0.0,0.0,0.0,0.0,0.0,1.0,0.0,0.0,0.0,0.0,0.0,0.0,0.0,0.0,0.0,0.0,0.0,33.0,1.0,293.0,475.0,22.0,2918.0,83.0,,,,46.0,82.0,0.0,0.0,8.878787878787879,6.143157894736842,23.473684210526315,,,,
2021_218_4241820,4241820,Sam Ehlinger,Texas,Big 12,QUARTERBACK,QB,2021,6,34,218,4,0.0,0.0,0.0,3.0,0.0,0.0,3.0,12.0,3.0,0.0,0.0,0.0,0.0,0.0,0.0,0.0,0.0,0.0,0.0,0.0,0.0,1475.0,922.0,27.0,94.0,11438.0,0.0,0.0,0.0,0.0,0.0,0.0,0.0,9.0,0.0,115.0,554.0,33.0,1908.0,,,,,27.0,36.0,0.6250847457627119,7.75457627118644,12.77777777777778,3.444043321299639,,,,,
2021_219_4371974,4371974,Seth Williams,Auburn,SEC,WIDERECEIVER,WR,2021,6,35,219,3,0.0,0.0,0.0,0.0,0.0,0.0,0.0,2.0,2.0,0.0,0.0,0.0,0.0,0.0,0.0,0.0,0.0,0.0,0.0,0.0,0.0,0.0,0.0,0.0,0.0,0.0,0.0,0.0,0.0,0.0,0.0,0.0,0.0,132.0,17.0,2108.0,0.0,0.0,0.0,,,,,62.0,,,,15.969696969696969,,,,,,
2021_220_4239947,4239947,Isaiah McDuffie,Boston College,ACC,INSIDELINEBACKER,LB,2021,6,36,220,4,3.0,9.0,8.5,127.0,0.0,15.5,231.0,0.0,0.0,1.0,1.0,0.0,23.0,0.0,0.0,0.0,0.0,0.0,0.0,0.0,0.0,0.0,0.0,0.0,0.0,0.0,0.0,0.0,0.0,0.0,0.0,0.0,0.0,0.0,0.0,0.0,0.0,0.0,0.0,,,,,,,,,,,,,,,23.0
2021_221_4240661,4240661,Dazz Newsome,North Carolina,ACC,WIDERECEIVER,WR,2021,6,37,221,4,0.0,0.0,0.0,4.0,1.0,0.0,5.0,3.0,2.0,0.0,0.0,0.0,0.0,7.0,0.0,144.0,0.0,0.0,0.0,0.0,0.0,1.0,1.0,0.0,0.0,43.0,49.0,1.0,535.0,0.0,0.0,0.0,0.0,188.0,18.0,2435.0,20.0,2.0,178.0,34.0,,75.0,,75.0,84.0,1.0,43.0,12.952127659574469,8.9,20.571428571428573,10.918367346938776,,,
2021_222_4241455,4241455,Thomas Fletcher,Alabama,SEC,LONGSNAPPER,ST,2021,6,38,222,3,0.0,0.0,0.0,1.0,0.0,0.0,2.0,0.0,0.0,1.0,0.0,0.0,0.0,0.0,0.0,0.0,0.0,0.0,0.0,0.0,0.0,0.0,0.0,0.0,0.0,0.0,0.0,0.0,0.0,0.0,0.0,0.0,0.0,0.0,0.0,0.0,0.0,0.0,0.0,,,,,,,,,,,,,,,
2021_223_4568981,4568981,Tay Gowan,UCF,American Athletic,CORNERBACK,DB,2021,6,39,223,1,7.0,0.0,0.0,21.0,0.0,1.0,29.0,0.0,0.0,1.0,2.0,0.0,18.0,0.0,0.0,0.0,0.0,0.0,0.0,0.0,0.0,0.0,0.0,0.0,0.0,0.0,0.0,0.0,0.0,0.0,0.0,0.0,0.0,0.0,0.0,0.0,0.0,0.0,0.0,,,,,,,,,,,,,,,9.0
2021_224_4242204,4242204,JaCoby Stevens,LSU,SEC,SAFETY,DB,2021,6,40,224,4,14.0,5.0,9.0,99.0,0.0,21.0,184.0,0.0,0.0,4.0,4.0,0.0,10.0,0.0,0.0,0.0,0.0,0.0,0.0,0.0,0.0,0.0,0.0,0.0,0.0,0.0,0.0,0.0,0.0,0.0,0.0,0.0,0.0,2.0,0.0,32.0,0.0,0.0,0.0,,,,,27.0,,,,16.0,,,,,,2.5
2021_225_4046543,4046543,Camaron Cheeseman,Michigan,Big Ten,LONGSNAPPER,ST,2021,6,41,225,1,0.0,0.0,0.0,0.0,0.0,0.0,1.0,0.0,0.0,0.0,0.0,0.0,0.0,0.0,0.0,0.0,0.0,0.0,0.0,0.0,0.0,0.0,0.0,0.0,0.0,0.0,0.0,0.0,0.0,0.0,0.0,0.0,0.0,0.0,0.0,0.0,0.0,0.0,0.0,,,,,,,,,,,,,,,
2021_226_4242459,4242459,Trey Smith,Tennessee,SEC,OFFENSIVEGUARD,OL,2021,6,42,226,2,0.0,0.0,0.0,2.0,0.0,0.0,2.0,0.0,0.0,0.0,0.0,0.0,0.0,0.0,0.0,0.0,0.0,0.0,0.0,0.0,0.0,0.0,0.0,0.0,0.0,0.0,0.0,0.0,0.0,0.0,0.0,0.0,0.0,0.0,0.0,0.0,0.0,0.0,0.0,,,,,,,,,,,,,,,
2021_227_4362855,4362855,Israel Mukuamu,South Carolina,SEC,CORNERBACK,DB,2021,6,43,227,3,10.0,0.0,0.0,64.0,1.0,4.0,86.0,0.0,0.0,0.0,7.0,1.0,135.0,0.0,0.0,0.0,0.0,0.0,0.0,0.0,0.0,0.0,0.0,0.0,0.0,0.0,0.0,0.0,0.0,0.0,0.0,0.0,0.0,0.0,0.0,0.0,0.0,0.0,0.0,,,,,,,,,,,,,,,19.285714285714285
2021_228_4242485,4242485,Thomas Graham Jr.,Oregon,Pac-12,CORNERBACK,DB,2021,6,44,228,3,31.0,0.0,0.0,130.0,0.0,8.5,168.0,0.0,0.0,1.0,8.0,0.0,74.0,0.0,0.0,0.0,0.0,0.0,0.0,0.0,0.0,0.0,0.0,0.0,0.0,0.0,0.0,0.0,0.0,0.0,0.0,0.0,0.0,0.0,0.0,0.0,0.0,0.0,0.0,,,,,,,,,,,,,,,9.25
2021_230_4046165,4046165,Jimmy Morrissey,Pittsburgh,ACC,CENTER,OL,2021,7,2,230,2,0.0,0.0,0.0,2.0,0.0,0.0,2.0,0.0,0.0,0.0,0.0,0.0,0.0,0.0,0.0,0.0,0.0,0.0,0.0,0.0,0.0,0.0,0.0,0.0,0.0,0.0,0.0,0.0,0.0,0.0,0.0,0.0,0.0,0.0,0.0,0.0,0.0,0.0,0.0,,,,,,,,,,,,,,,
2021_231_4044519,4044519,Larnel Coleman,Massachusetts,FBS Independents,OFFENSIVETACKLE,OL,2021,7,3,231,2,0.0,0.0,0.0,2.0,0.0,0.0,3.0,0.0,0.0,0.0,0.0,0.0,0.0,0.0,0.0,0.0,0.0,0.0,0.0,0.0,0.0,0.0,0.0,0.0,0.0,0.0,0.0,0.0,0.0,0.0,0.0,0.0,0.0,0.0,0.0,0.0,0.0,0.0,0.0,,,,,,,,,,,,,,,
2021_232_4259989,4259989,Phil Hoskins,Kentucky,SEC,DEFENSIVETACKLE,DL,2021,7,4,232,3,0.0,7.0,4.0,25.0,0.0,7.5,53.0,0.0,0.0,1.0,1.0,0.0,4.0,0.0,0.0,0.0,0.0,0.0,0.0,0.0,0.0,0.0,0.0,0.0,0.0,0.0,0.0,0.0,0.0,0.0,0.0,0.0,0.0,0.0,0.0,0.0,0.0,0.0,0.0,,,,,,,,,,,,,,,4.0
2021_233_4036224,4036224,Jake Funk,Maryland,Big Ten,RUNNINGBACK,RB,2021,7,5,233,5,0.0,0.0,0.0,27.0,0.0,0.0,31.0,2.0,1.0,0.0,0.0,0.0,0.0,13.0,0.0,237.0,0.0,0.0,0.0,0.0,0.0,1.0,1.0,0.0,0.0,3.0,1.0,0.0,0.0,0.0,0.0,0.0,0.0,23.0,3.0,134.0,135.0,10.0,963.0,32.0,,0.0,,20.0,54.0,1.0,3.0,5.826086956521739,7.133333333333334,18.23076923076923,0.0,,,
2021_234_4243916,4243916,Patrick Johnson,Tulane,American Athletic,OUTSIDELINEBACKER,LB,2021,7,6,234,4,11.0,6.0,23.5,91.0,0.0,38.5,136.0,0.0,0.0,1.0,0.0,0.0,0.0,1.0,0.0,15.0,0.0,0.0,0.0,0.0,0.0,0.0,0.0,0.0,0.0,0.0,0.0,0.0,0.0,0.0,0.0,0.0,0.0,0.0,0.0,0.0,0.0,0.0,0.0,15.0,,,,,,,,,,15.0,,,,
2021_235_4241344,4241344,Wyatt Hubert,Kansas State,Big 12,DEFENSIVEEND,DL,2021,7,7,235,3,2.0,17.0,20.0,72.0,0.0,34.0,94.0,0.0,0.0,0.0,1.0,0.0,11.0,0.0,0.0,0.0,0.0,0.0,0.0,0.0,0.0,0.0,0.0,0.0,0.0,0.0,0.0,0.0,0.0,0.0,0.0,0.0,0.0,0.0,0.0,0.0,0.0,0.0,0.0,,,,,,,,,,,,,,,11.0
2021_236_4241844,4241844,Jack Anderson,Texas Tech,Big 12,OFFENSIVEGUARD,OL,2021,7,8,236,1,0.0,0.0,0.0,0.0,0.0,0.0,0.0,0.0,0.0,0.0,0.0,0.0,0.0,0.0,0.0,0.0,0.0,0.0,0.0,0.0,0.0,0.0,0.0,0.0,0.0,0.0,0.0,0.0,0.0,0.0,0.0,0.0,0.0,1.0,0.0,2.0,0.0,0.0,0.0,,,,,2.0,,,,2.0,,,,,,
2021_237_4242211,4242211,Kary Vincent Jr.,LSU,SEC,CORNERBACK,DB,2021,7,9,237,3,16.0,0.0,1.0,60.0,0.0,3.5,88.0,0.0,0.0,0.0,6.0,0.0,45.0,0.0,0.0,0.0,0.0,0.0,0.0,0.0,0.0,0.0,0.0,0.0,0.0,0.0,0.0,0.0,0.0,0.0,0.0,0.0,0.0,0.0,0.0,0.0,0.0,0.0,0.0,,,,,,,,,,,,,,,7.5
2021_238_4034843,4034843,Matt Farniok,Nebraska,Big Ten,OFFENSIVEGUARD,OL,2021,7,10,238,1,0.0,0.0,0.0,0.0,0.0,0.0,1.0,0.0,0.0,0.0,0.0,0.0,0.0,0.0,0.0,0.0,0.0,0.0,0.0,0.0,0.0,0.0,0.0,0.0,0.0,0.0,0.0,0.0,0.0,0.0,0.0,0.0,0.0,0.0,0.0,0.0,0.0,0.0,0.0,,,,,,,,,,,,,,,
2021_239_4040608,4040608,Jonathon Cooper,Ohio State,Big Ten,DEFENSIVEEND,DL,2021,7,11,239,5,2.0,5.0,10.0,45.0,0.0,14.5,74.0,0.0,0.0,0.0,0.0,0.0,0.0,0.0,0.0,0.0,0.0,0.0,0.0,0.0,0.0,2.0,2.0,0.0,0.0,23.0,0.0,0.0,0.0,0.0,0.0,0.0,0.0,0.0,0.0,0.0,0.0,0.0,0.0,,,,,,,1.0,11.5,,,,,,,
2021_240_4036476,4036476,William Bradley-King,Baylor,Big 12,OUTSIDELINEBACKER,LB,2021,7,12,240,4,6.0,11.0,19.0,64.0,0.0,29.5,119.0,0.0,0.0,4.0,0.0,0.0,0.0,0.0,0.0,0.0,0.0,0.0,0.0,0.0,0.0,0.0,0.0,0.0,0.0,0.0,0.0,0.0,0.0,0.0,0.0,0.0,0.0,0.0,0.0,0.0,0.0,0.0,0.0,,,,,,,,,,,,,,,
2021_241_4259570,4259570,Mark Webb,Georgia,SEC,SAFETY,DB,2021,7,13,241,4,8.0,0.0,0.0,49.0,0.0,3.0,82.0,0.0,0.0,0.0,1.0,0.0,13.0,0.0,0.0,0.0,0.0,0.0,0.0,0.0,0.0,0.0,0.0,0.0,0.0,0.0,0.0,0.0,0.0,0.0,0.0,0.0,0.0,0.0,0.0,0.0,0.0,0.0,0.0,,,,,,,,,,,,,,,13.0
2021_242_4047648,4047648,Tre Nixon,UCF,American Athletic,WIDERECEIVER,WR,2021,7,15,242,4,0.0,0.0,0.0,1.0,0.0,0.0,1.0,0.0,0.0,0.0,0.0,0.0,0.0,0.0,0.0,0.0,0.0,0.0,0.0,0.0,0.0,0.0,0.0,0.0,0.0,0.0,0.0,0.0,0.0,0.0,0.0,0.0,0.0,108.0,13.0,1669.0,0.0,0.0,0.0,,,,,53.0,,,,15.453703703703704,,,,,,
2021_243_4044064,4044064,James Wiggins,Cincinnati,American Athletic,SAFETY,DB,2021,7,16,243,3,11.0,0.0,1.0,61.0,1.0,3.0,84.0,1.0,1.0,0.0,4.0,0.0,-3.0,13.0,0.0,272.0,0.0,0.0,0.0,0.0,0.0,0.0,0.0,0.0,0.0,0.0,0.0,0.0,0.0,0.0,0.0,0.0,0.0,0.0,0.0,0.0,0.0,0.0,0.0,35.0,,,,,,,,,,20.923076923076923,,,,-0.75
2021_244_4037478,4037478,Gerrid Doaks,Cincinnati,American Athletic,RUNNINGBACK,RB,2021,7,17,244,4,0.0,0.0,0.0,2.0,0.0,0.0,5.0,4.0,4.0,0.0,0.0,0.0,0.0,0.0,0.0,0.0,0.0,0.0,0.0,0.0,0.0,0.0,0.0,0.0,0.0,0.0,0.0,0.0,0.0,0.0,0.0,0.0,0.0,36.0,4.0,407.0,331.0,14.0,1712.0,,,,,60.0,72.0,,,11.305555555555555,5.172205438066465,,,,,
2021_245_4241396,4241396,Tre Norwood,Oklahoma,Big 12,CORNERBACK,DB,2021,7,18,245,3,13.0,1.0,1.0,74.0,1.0,2.0,110.0,0.0,0.0,0.0,6.0,1.0,103.0,0.0,0.0,0.0,0.0,0.0,0.0,0.0,0.0,0.0,0.0,0.0,0.0,0.0,0.0,0.0,0.0,0.0,0.0,0.0,0.0,0.0,0.0,0.0,0.0,0.0,0.0,,,,,,,,,,,,,,,17.166666666666668
2021_246_4045169,4045169,Shaka Toney,Penn State,Big Ten,DEFENSIVEEND,DL,2021,7,19,246,4,4.0,10.0,20.5,57.0,0.0,29.0,112.0,0.0,0.0,1.0,0.0,0.0,0.0,0.0,0.0,0.0,0.0,0.0,0.0,0.0,0.0,0.0,0.0,0.0,0.0,0.0,0.0,0.0,0.0,0.0,0.0,0.0,0.0,0.0,0.0,0.0,0.0,0.0,0.0,,,,,,,,,,,,,,,
2021_248_4045176,4045176,Will Fries,Penn State,Big Ten,OFFENSIVETACKLE,OL,2021,7,21,248,1,0.0,0.0,0.0,1.0,0.0,0.0,1.0,0.0,0.0,0.0,0.0,0.0,0.0,0.0,0.0,0.0,0.0,0.0,0.0,0.0,0.0,0.0,0.0,0.0,0.0,0.0,0.0,0.0,0.0,0.0,0.0,0.0,0.0,0.0,0.0,0.0,0.0,0.0,0.0,,,,,,,,,,,,,,,
2021_249_4035656,4035656,Ben Skowronek,Notre Dame,FBS Independents,WIDERECEIVER,WR,2021,7,22,249,5,0.0,0.0,0.0,8.0,0.0,0.0,8.0,2.0,2.0,0.0,0.0,0.0,0.0,0.0,0.0,0.0,0.0,0.0,0.0,0.0,0.0,0.0,0.0,0.0,0.0,0.0,0.0,0.0,0.0,0.0,0.0,0.0,0.0,139.0,13.0,1856.0,2.0,1.0,17.0,,,,,73.0,13.0,,,13.352517985611511,8.5,,,,,
2021_250_4256074,4256074,Khyiris Tonga,BYU,FBS Independents,DEFENSIVETACKLE,DL,2021,7,23,250,4,12.0,5.0,7.5,68.0,0.0,15.0,129.0,0.0,0.0,0.0,0.0,0.0,0.0,0.0,0.0,0.0,0.0,0.0,0.0,0.0,0.0,0.0,0.0,0.0,0.0,0.0,1.0,0.0,7.0,0.0,0.0,0.0,0.0,0.0,0.0,0.0,1.0,1.0,3.0,,,0.0,,,3.0,,,,3.0,,7.0,,,
2021_251_4046652,4046652,Chris Wilcox,BYU,FBS Independents,CORNERBACK,DB,2021,7,24,251,5,8.0,0.0,0.0,67.0,0.0,3.0,87.0,0.0,0.0,0.0,0.0,0.0,0.0,0.0,0.0,0.0,0.0,0.0,0.0,0.0,0.0,0.0,0.0,0.0,0.0,0.0,0.0,0.0,0.0,0.0,0.0,0.0,0.0,0.0,0.0,0.0,0.0,0.0,0.0,,,,,,,,,,,,,,,
2021_253_4035372,4035372,Marquiss Spencer,Mississippi State,SEC,DEFENSIVEEND,DL,2021,7,26,253,5,3.0,5.0,7.0,54.0,0.0,23.0,110.0,0.0,0.0,3.0,1.0,0.0,27.0,0.0,0.0,0.0,0.0,0.0,0.0,0.0,0.0,0.0,0.0,0.0,0.0,0.0,0.0,0.0,0.0,0.0,0.0,0.0,0.0,0.0,0.0,0.0,0.0,0.0,0.0,,,,,,,,,,,,,,,27.0
2021_254_4240485,4240485,Pressley Harvin III,Georgia Tech,ACC,PUNTER,ST,2021,7,27,254,4,0.0,0.0,0.0,1.0,0.0,0.0,1.0,1.0,0.0,0.0,0.0,0.0,0.0,0.0,0.0,0.0,0.0,0.0,0.0,0.0,0.0,3.0,1.0,0.0,1.0,41.0,0.0,0.0,0.0,39.0,210.0,8.0,9394.0,2.0,0.0,8.0,2.0,0.0,-14.0,,,,70.0,6.0,0.0,0.3333333333333333,13.666666666666666,4.0,-7.0,,,44.733333333333334,,
2021_255_4068152,4068152,Kawaan Baker,South Alabama,Sun Belt,WIDERECEIVER,WR,2021,7,28,255,4,0.0,0.0,0.0,5.0,0.0,0.0,5.0,2.0,1.0,0.0,0.0,0.0,0.0,29.0,0.0,543.0,0.0,0.0,0.0,0.0,0.0,0.0,0.0,0.0,0.0,0.0,0.0,0.0,0.0,0.0,0.0,0.0,0.0,125.0,16.0,1826.0,93.0,11.0,383.0,44.0,,,,80.0,28.0,,,14.608,4.118279569892473,18.724137931034484,,,,
2021_256_4259805,4259805,Kylin Hill,Mississippi State,SEC,RUNNINGBACK,RB,2021,7,29,256,4,0.0,0.0,0.0,7.0,0.0,1.0,9.0,1.0,0.0,0.0,0.0,0.0,0.0,0.0,0.0,0.0,0.0,0.0,0.0,0.0,0.0,0.0,0.0,0.0,0.0,0.0,0.0,0.0,0.0,0.0,0.0,0.0,0.0,67.0,6.0,636.0,452.0,16.0,2535.0,,,,,88.0,62.0,,,9.492537313432836,5.6084070796460175,,,,,
2021_257_4374033,4374033,Jermar Jefferson,Oregon State,Pac-12,RUNNINGBACK,RB,2021,7,30,257,3,0.0,0.0,0.0,0.0,0.0,0.0,0.0,5.0,4.0,0.0,0.0,0.0,0.0,2.0,0.0,32.0,0.0,0.0,0.0,0.0,0.0,0.0,0.0,0.0,0.0,0.0,0.0,0.0,0.0,0.0,0.0,0.0,0.0,43.0,2.0,299.0,514.0,27.0,2924.0,18.0,,,,39.0,82.0,,,6.953488372093023,5.688715953307393,16.0,,,,
2021_258_4373642,4373642,Dax Milne,BYU,FBS Independents,WIDERECEIVER,WR,2021,7,31,258,3,0.0,0.0,0.0,0.0,0.0,0.0,0.0,3.0,2.0,0.0,0.0,0.0,0.0,2.0,0.0,32.0,0.0,0.0,0.0,0.0,0.0,0.0,0.0,0.0,0.0,0.0,11.0,0.0,60.0,0.0,0.0,0.0,0.0,102.0,11.0,1549.0,24.0,0.0,106.0,20.0,,31.0,,78.0,15.0,,,15.18627450980392,4.416666666666667,16.0,5.454545454545454,,,
2021_259_4240255,4240255,Grant Stuard,Houston,American Athletic,OUTSIDELINEBACKER,LB,2021,7,32,259,4,4.0,5.0,2.0,115.0,1.0,17.0,190.0,0.0,0.0,2.0,0.0,0.0,0.0,1.0,0.0,31.0,0.0,0.0,0.0,0.0,0.0,0.0,0.0,0.0,0.0,0.0,0.0,0.0,0.0,0.0,0.0,0.0,0.0,0.0,0.0,0.0,5.0,0.0,35.0,31.0,,,,,18.0,,,,7.0,31.0,,,,
2022_001_4426349,4426349,Travon Walker,Georgia,SEC,DEFENSIVEEND,DL,2022,1,1,1,3,4.0,9.0,9.5,34.0,0.0,13.0,65.0,0.0,0.0,2.0,0.0,0.0,0.0,0.0,0.0,0.0,0.0,0.0,0.0,0.0,0.0,0.0,0.0,0.0,0.0,0.0,0.0,0.0,0.0,0.0,0.0,0.0,0.0,0.0,0.0,0.0,0.0,0.0,0.0,,,,,,,,,,,,,,,
2022_002_4372099,4372099,Aidan Hutchinson,Michigan,Big Ten,DEFENSIVEEND,DL,2022,1,2,2,4,10.0,17.0,18.5,80.0,0.0,27.5,148.0,0.0,0.0,1.0,0.0,0.0,0.0,0.0,0.0,0.0,0.0,0.0,0.0,0.0,0.0,0.0,0.0,0.0,0.0,0.0,0.0,0.0,0.0,0.0,0.0,0.0,0.0,0.0,0.0,0.0,0.0,0.0,0.0,,,,,,,,,,,,,,,
2022_003_4426434,4426434,Derek Stingley Jr.,LSU,SEC,CORNERBACK,DB,2022,1,3,3,3,19.0,0.0,0.0,54.0,0.0,6.0,70.0,2.0,1.0,3.0,6.0,0.0,17.0,1.0,0.0,0.0,0.0,0.0,0.0,0.0,0.0,0.0,0.0,0.0,0.0,0.0,24.0,0.0,261.0,0.0,0.0,0.0,0.0,0.0,0.0,0.0,0.0,0.0,0.0,0.0,,48.0,,,,,,,,0.0,10.875,,,2.8333333333333335
2022_004_4427250,4427250,Ahmad Gardner,Cincinnati,American Athletic,CORNERBACK,DB,2022,1,4,4,3,18.0,1.0,3.5,68.0,3.0,5.5,99.0,0.0,0.0,0.0,9.0,2.0,103.0,0.0,0.0,0.0,0.0,0.0,0.0,0.0,0.0,0.0,0.0,0.0,0.0,0.0,0.0,0.0,0.0,0.0,0.0,0.0,0.0,0.0,0.0,0.0,0.0,0.0,0.0,,,,,,,,,,,,,,,11.444444444444445
2022_005_4426326,4426326,Kayvon Thibodeaux,Oregon,Pac-12,DEFENSIVEEND,DL,2022,1,5,5,3,7.0,14.0,19.0,82.0,0.0,35.5,122.0,0.0,0.0,0.0,0.0,0.0,0.0,0.0,0.0,0.0,0.0,0.0,0.0,0.0,0.0,0.0,0.0,0.0,0.0,0.0,1.0,0.0,14.0,0.0,0.0,0.0,0.0,0.0,0.0,0.0,0.0,0.0,0.0,,,0.0,,,,,,,,,14.0,,,
2022_006_4427132,4427132,Ikem Ekwonu,NC State,ACC,OFFENSIVETACKLE,OL,2022,1,6,6,2,0.0,0.0,0.0,1.0,0.0,0.0,1.0,0.0,0.0,0.0,0.0,0.0,0.0,0.0,0.0,0.0,0.0,0.0,0.0,0.0,0.0,0.0,0.0,0.0,0.0,0.0,0.0,0.0,0.0,0.0,0.0,0.0,0.0,0.0,0.0,0.0,0.0,0.0,12.0,,,,,,0.0,,,,inf,,,,,
2022_008_4426502,4426502,Drake London,USC,Pac-12,WIDERECEIVER,WR,2022,1,8,8,3,0.0,0.0,0.0,1.0,0.0,0.0,2.0,1.0,0.0,0.0,0.0,0.0,0.0,0.0,0.0,0.0,0.0,0.0,0.0,0.0,0.0,0.0,0.0,0.0,0.0,0.0,0.0,0.0,0.0,0.0,0.0,0.0,0.0,160.0,15.0,2153.0,1.0,0.0,2.0,,,,,65.0,2.0,,,13.45625,2.0,,,,,
2022_009_4426376,4426376,Charles Cross,Mississippi State,SEC,OFFENSIVETACKLE,OL,2022,1,9,9,1,0.0,0.0,0.0,0.0,0.0,0.0,1.0,0.0,0.0,0.0,0.0,0.0,0.0,0.0,0.0,0.0,0.0,0.0,0.0,0.0,0.0,0.0,0.0,0.0,0.0,0.0,0.0,0.0,0.0,0.0,0.0,0.0,0.0,0.0,0.0,0.0,0.0,0.0,0.0,,,,,,,,,,,,,,,
2022_010_4569618,4569618,Garrett Wilson,Ohio State,Big Ten,WIDERECEIVER,WR,2022,1,10,10,3,1.0,0.0,0.0,0.0,0.0,0.0,3.0,3.0,2.0,0.0,0.0,0.0,0.0,1.0,0.0,4.0,0.0,0.0,0.0,0.0,0.0,0.0,0.0,0.0,0.0,0.0,34.0,0.0,205.0,0.0,0.0,0.0,0.0,143.0,23.0,2213.0,6.0,1.0,143.0,4.0,,52.0,,77.0,62.0,,,15.475524475524477,23.833333333333332,4.0,6.029411764705882,,,
2022_011_4361370,4361370,Chris Olave,Ohio State,Big Ten,WIDERECEIVER,WR,2022,1,11,11,4,0.0,0.0,0.0,7.0,0.0,0.0,11.0,4.0,2.0,0.0,0.0,0.0,0.0,1.0,0.0,15.0,0.0,0.0,0.0,0.0,0.0,0.0,0.0,0.0,0.0,0.0,3.0,0.0,25.0,0.0,0.0,0.0,0.0,176.0,35.0,2711.0,3.0,0.0,5.0,15.0,,18.0,,61.0,4.0,,,15.403409090909092,1.6666666666666667,15.0,8.333333333333334,,,
2022_012_4426388,4426388,Jameson Williams,Ohio State,Big Ten,WIDERECEIVER,WR,2022,1,12,12,3,0.0,0.0,0.0,5.0,2.0,0.0,6.0,2.0,1.0,0.0,0.0,0.0,0.0,10.0,2.0,352.0,0.0,0.0,0.0,0.0,0.0,0.0,0.0,0.0,0.0,0.0,0.0,0.0,0.0,0.0,0.0,0.0,0.0,94.0,18.0,1838.0,3.0,0.0,23.0,100.0,,,,94.0,18.0,,,19.5531914893617,7.666666666666667,35.2,,,,
2022_013_4381558,4381558,Jordan Davis,Georgia,SEC,DEFENSIVETACKLE,DL,2022,1,13,13,6,1.0,2.0,7.0,37.0,0.0,12.0,90.0,0.0,0.0,0.0,0.0,0.0,0.0,0.0,0.0,0.0,0.0,0.0,0.0,0.0,0.0,0.0,0.0,0.0,0.0,0.0,0.0,0.0,0.0,0.0,0.0,0.0,0.0,4.0,0.0,90.0,2.0,1.0,2.0,,,,,24.0,1.0,,,22.5,1.0,,,,,
2022_014_4575517,4575517,Kyle Hamilton,Notre Dame,FBS Independents,SAFETY,DB,2022,1,14,14,3,17.0,2.0,0.0,97.0,1.0,7.5,138.0,0.0,0.0,0.0,8.0,1.0,80.0,0.0,0.0,0.0,0.0,0.0,0.0,0.0,0.0,0.0,0.0,0.0,0.0,0.0,0.0,0.0,0.0,0.0,0.0,0.0,0.0,0.0,0.0,0.0,0.0,0.0,0.0,,,,,,,,,,,,,,,10.0
2022_015_4426327,4426327,Kenyon Green,Texas A&M,SEC,OFFENSIVEGUARD,OL,2022,1,15,15,1,0.0,1.0,0.0,0.0,0.0,0.0,0.0,0.0,0.0,0.0,0.0,0.0,0.0,0.0,0.0,0.0,0.0,0.0,0.0,0.0,0.0,0.0,0.0,0.0,0.0,0.0,0.0,0.0,0.0,0.0,0.0,0.0,0.0,0.0,0.0,0.0,0.0,0.0,0.0,,,,,,,,,,,,,,,
2022_016_4361409,4361409,Jahan Dotson,Penn State,Big Ten,WIDERECEIVER,WR,2022,1,16,16,4,0.0,0.0,0.0,1.0,1.0,0.0,1.0,1.0,0.0,0.0,0.0,0.0,0.0,0.0,0.0,0.0,0.0,0.0,0.0,0.0,0.0,2.0,2.0,0.0,0.0,43.0,24.0,1.0,340.0,0.0,0.0,0.0,0.0,183.0,25.0,2757.0,8.0,1.0,18.0,,,81.0,,86.0,7.0,1.0,21.5,15.065573770491802,2.25,,14.166666666666666,,,
2022_018_4567156,4567156,Treylon Burks,Arkansas,SEC,WIDERECEIVER,WR,2022,1,18,18,3,0.0,0.0,0.0,2.0,0.0,0.0,2.0,3.0,0.0,0.0,0.0,0.0,0.0,12.0,0.0,226.0,0.0,0.0,0.0,0.0,0.0,7.0,0.0,2.0,0.0,0.0,13.0,0.0,134.0,0.0,0.0,0.0,0.0,146.0,18.0,2399.0,38.0,1.0,222.0,42.0,,32.0,,91.0,49.0,0.0,0.0,16.431506849315067,5.842105263157895,18.833333333333332,10.307692307692308,,,
2022_020_4240703,4240703,Kenny Pickett,Pittsburgh,ACC,QUARTERBACK,QB,2022,1,20,20,5,0.0,0.0,0.0,3.0,0.0,0.0,3.0,25.0,10.0,0.0,0.0,0.0,0.0,0.0,0.0,0.0,0.0,0.0,0.0,0.0,0.0,1674.0,1046.0,32.0,81.0,12303.0,0.0,0.0,0.0,0.0,1.0,0.0,25.0,2.0,1.0,-9.0,416.0,20.0,827.0,,,,25.0,3.0,58.0,0.6248506571087217,7.349462365591398,-4.5,1.9879807692307692,,,25.0,,
2022_021_4426405,4426405,Trent McDuffie,Washington,Pac-12,CORNERBACK,DB,2022,1,21,21,3,8.0,0.0,1.0,71.0,0.0,5.5,94.0,1.0,0.0,2.0,2.0,0.0,29.0,0.0,0.0,0.0,0.0,0.0,0.0,0.0,0.0,0.0,0.0,0.0,0.0,0.0,9.0,0.0,74.0,0.0,0.0,0.0,0.0,0.0,0.0,0.0,0.0,0.0,0.0,,,45.0,,,,,,,,,8.222222222222221,,,14.5
2022_022_4379416,4379416,Quay Walker,Georgia,SEC,INSIDELINEBACKER,LB,2022,1,22,22,4,2.0,4.0,5.0,81.0,0.0,11.0,135.0,0.0,0.0,1.0,0.0,0.0,0.0,0.0,0.0,0.0,0.0,0.0,0.0,0.0,0.0,0.0,0.0,0.0,0.0,0.0,0.0,0.0,0.0,0.0,0.0,0.0,0.0,0.0,0.0,0.0,0.0,0.0,0.0,,,,,,,,,,,,,,,
2022_023_4567399,4567399,Kaiir Elam,Florida,SEC,CORNERBACK,DB,2022,1,23,23,3,20.0,0.0,0.0,53.0,0.0,2.5,78.0,0.0,0.0,1.0,6.0,0.0,0.0,0.0,0.0,0.0,0.0,0.0,0.0,0.0,0.0,0.0,0.0,0.0,0.0,0.0,0.0,0.0,0.0,0.0,0.0,0.0,0.0,0.0,0.0,0.0,0.0,0.0,0.0,,,,,,,,,,,,,,,0.0
2022_024_4568652,4568652,Tyler Smith,Tulsa,American Athletic,OFFENSIVETACKLE,OL,2022,1,24,24,1,0.0,0.0,0.0,2.0,0.0,0.0,2.0,0.0,0.0,0.0,0.0,0.0,0.0,0.0,0.0,0.0,0.0,0.0,0.0,0.0,0.0,0.0,0.0,0.0,0.0,0.0,0.0,0.0,0.0,0.0,0.0,0.0,0.0,0.0,0.0,0.0,0.0,0.0,0.0,,,,,,,,,,,,,,,
2022_025_4360499,4360499,Tyler Linderbaum,Iowa,Big Ten,CENTER,OL,2022,1,25,25,1,0.0,0.0,0.0,3.0,0.0,0.0,3.0,0.0,0.0,0.0,0.0,0.0,0.0,0.0,0.0,0.0,0.0,0.0,0.0,0.0,0.0,0.0,0.0,0.0,0.0,0.0,0.0,0.0,0.0,0.0,0.0,0.0,0.0,0.0,0.0,0.0,0.0,0.0,0.0,,,,,,,,,,,,,,,
2022_026_4567962,4567962,Jermaine Johnson,Georgia,SEC,DEFENSIVEEND,DL,2022,1,26,26,3,3.0,12.0,17.5,50.0,0.0,24.0,101.0,0.0,0.0,2.0,0.0,0.0,0.0,0.0,0.0,0.0,0.0,0.0,0.0,0.0,0.0,0.0,0.0,0.0,0.0,0.0,0.0,0.0,0.0,0.0,0.0,0.0,0.0,0.0,0.0,0.0,0.0,0.0,0.0,,,,,,,,,,,,,,,
2022_027_4243256,4243256,Devin Lloyd,Utah,Pac-12,INSIDELINEBACKER,LB,2022,1,27,27,4,8.0,3.0,16.5,143.0,3.0,41.0,245.0,0.0,0.0,2.0,5.0,3.0,100.0,0.0,0.0,0.0,0.0,0.0,0.0,0.0,0.0,0.0,0.0,0.0,0.0,0.0,0.0,0.0,0.0,0.0,0.0,0.0,0.0,0.0,0.0,0.0,0.0,0.0,0.0,,,,,,,,,,,,,,,20.0
2022_028_4361791,4361791,Devonte Wyatt,Georgia,SEC,DEFENSIVETACKLE,DL,2022,1,28,28,4,3.0,5.0,5.0,49.0,0.0,12.0,113.0,0.0,0.0,1.0,0.0,0.0,0.0,0.0,0.0,0.0,0.0,0.0,0.0,0.0,0.0,0.0,0.0,0.0,0.0,0.0,0.0,0.0,0.0,0.0,0.0,0.0,0.0,0.0,0.0,0.0,0.0,0.0,0.0,,,,,,,,,,,,,,,
2022_030_4426659,4426659,George Karlaftis,Purdue,Big Ten,DEFENSIVEEND,DL,2022,1,30,30,3,4.0,10.0,14.0,58.0,0.0,30.0,94.0,0.0,0.0,4.0,1.0,0.0,0.0,0.0,0.0,0.0,0.0,0.0,0.0,0.0,0.0,0.0,0.0,0.0,0.0,0.0,0.0,0.0,0.0,0.0,0.0,0.0,0.0,0.0,0.0,0.0,0.0,0.0,0.0,,,,,,,,,,,,,,,0.0
2022_031_4426422,4426422,Daxton Hill,Michigan,Big Ten,SAFETY,DB,2022,1,31,31,3,15.0,4.0,0.5,91.0,0.0,7.5,143.0,0.0,0.0,3.0,3.0,0.0,3.0,0.0,0.0,0.0,0.0,0.0,0.0,0.0,0.0,0.0,0.0,0.0,0.0,0.0,0.0,0.0,0.0,0.0,0.0,0.0,0.0,1.0,0.0,25.0,0.0,0.0,0.0,,,,,25.0,,,,25.0,,,,,,1.0
2022_032_4426536,4426536,Lewis Cine,Georgia,SEC,SAFETY,DB,2022,1,32,32,3,14.0,1.0,0.0,95.0,0.0,3.5,144.0,0.0,0.0,0.0,2.0,0.0,23.0,0.0,0.0,0.0,0.0,0.0,0.0,0.0,0.0,0.0,0.0,0.0,0.0,0.0,0.0,0.0,0.0,0.0,0.0,0.0,0.0,0.0,0.0,0.0,0.0,0.0,0.0,,,,,,,,,,,,,,,11.5
2022_033_4360189,4360189,Logan Hall,Houston,American Athletic,DEFENSIVEEND,DL,2022,2,1,33,4,1.0,7.0,7.5,50.0,0.0,20.0,98.0,0.0,0.0,0.0,0.0,0.0,0.0,0.0,0.0,0.0,0.0,0.0,0.0,0.0,0.0,0.0,0.0,0.0,0.0,0.0,0.0,0.0,0.0,0.0,0.0,0.0,0.0,0.0,0.0,0.0,0.0,0.0,0.0,,,,,,,,,,,,,,,
2022_035_4371973,4371973,Roger McCreary,Auburn,SEC,CORNERBACK,DB,2022,2,3,35,4,32.0,1.0,1.0,111.0,1.0,10.0,135.0,0.0,0.0,2.0,6.0,1.0,98.0,0.0,0.0,0.0,0.0,0.0,0.0,0.0,0.0,0.0,0.0,0.0,0.0,0.0,0.0,0.0,0.0,0.0,0.0,0.0,0.0,0.0,0.0,0.0,0.0,0.0,0.0,,,,,,,,,,,,,,,16.333333333333332
2022_036_4427366,4427366,Breece Hall,Iowa State,Big 12,RUNNINGBACK,RB,2022,2,4,36,3,0.0,0.0,0.0,1.0,0.0,0.0,1.0,4.0,3.0,0.0,0.0,0.0,0.0,0.0,0.0,0.0,0.0,0.0,0.0,0.0,0.0,0.0,0.0,0.0,0.0,0.0,0.0,0.0,0.0,0.0,0.0,0.0,0.0,82.0,6.0,734.0,718.0,50.0,3942.0,,,,,61.0,80.0,,,8.951219512195122,5.49025069637883,,,,,
2022_037_4241223,4241223,Jalen Pitre,Baylor,Big 12,SAFETY,DB,2022,2,5,37,5,10.0,5.0,8.0,140.0,2.0,38.0,194.0,0.0,0.0,2.0,4.0,2.0,76.0,0.0,0.0,0.0,0.0,0.0,0.0,0.0,0.0,0.0,0.0,0.0,0.0,0.0,0.0,0.0,0.0,0.0,0.0,0.0,0.0,0.0,0.0,0.0,0.0,0.0,0.0,,,,,,,,,,,,,,,19.0
2022_038_4257591,4257591,Arnold Ebiketie,Temple,American Athletic,DEFENSIVEEND,DL,2022,2,6,38,4,0.0,9.0,15.5,76.0,1.0,28.5,121.0,0.0,0.0,2.0,0.0,0.0,0.0,0.0,0.0,0.0,0.0,0.0,0.0,0.0,0.0,0.0,0.0,0.0,0.0,0.0,0.0,0.0,0.0,0.0,0.0,0.0,0.0,0.0,0.0,0.0,0.0,0.0,0.0,,,,,,,,,,,,,,,
2022_039_4361093,4361093,Kyler Gordon,Washington,Pac-12,CORNERBACK,DB,2022,2,7,39,4,12.0,0.0,0.0,75.0,0.0,4.0,97.0,0.0,0.0,1.0,2.0,0.0,0.0,1.0,0.0,2.0,0.0,0.0,0.0,0.0,0.0,0.0,0.0,0.0,0.0,0.0,0.0,0.0,0.0,0.0,0.0,0.0,0.0,0.0,0.0,0.0,0.0,0.0,0.0,2.0,,,,,,,,,,2.0,,,,0.0
2022_040_4240754,4240754,Boye Mafe,Minnesota,Big Ten,OUTSIDELINEBACKER,LB,2022,2,8,40,4,3.0,6.0,15.0,59.0,0.0,19.5,87.0,0.0,0.0,0.0,0.0,0.0,0.0,0.0,0.0,0.0,0.0,0.0,0.0,0.0,0.0,0.0,0.0,0.0,0.0,0.0,0.0,0.0,0.0,0.0,0.0,0.0,0.0,0.0,0.0,0.0,0.0,0.0,0.0,,,,,,,,,,,,,,,
2022_041_4567048,4567048,Kenneth Walker III,Wake Forest,ACC,RUNNINGBACK,RB,2022,2,9,41,3,0.0,0.0,0.0,2.0,0.0,0.0,2.0,2.0,1.0,0.0,0.0,0.0,0.0,8.0,0.0,139.0,0.0,0.0,0.0,0.0,0.0,0.0,0.0,0.0,0.0,0.0,0.0,0.0,0.0,0.0,0.0,0.0,0.0,19.0,1.0,136.0,480.0,35.0,2794.0,25.0,,,,19.0,96.0,,,7.157894736842105,5.820833333333334,17.375,,,,
2022_042_4426344,4426344,Andrew Booth Jr.,Clemson,ACC,CORNERBACK,DB,2022,2,10,42,3,9.0,0.0,1.0,51.0,1.0,6.0,68.0,0.0,0.0,2.0,5.0,0.0,0.0,0.0,0.0,0.0,0.0,0.0,0.0,0.0,0.0,0.0,0.0,0.0,0.0,0.0,0.0,0.0,0.0,0.0,0.0,0.0,0.0,0.0,0.0,0.0,0.0,0.0,0.0,,,,,,,,,,,,,,,0.0
2022_043_4569587,4569587,Wan'Dale Robinson,Nebraska,Big Ten,WIDERECEIVER,WR,2022,2,11,43,3,0.0,0.0,0.0,1.0,0.0,0.0,1.0,6.0,1.0,0.0,0.0,0.0,0.0,14.0,0.0,236.0,0.0,0.0,0.0,0.0,0.0,0.0,0.0,0.0,0.0,0.0,7.0,0.0,15.0,0.0,0.0,0.0,0.0,195.0,10.0,2248.0,141.0,4.0,691.0,39.0,,5.0,,79.0,64.0,,,11.528205128205128,4.900709219858156,16.857142857142858,2.142857142857143,,,
2022_044_4567096,4567096,John Metchie,Alabama,SEC,WIDERECEIVER,WR,2022,2,12,44,3,0.0,0.0,0.0,2.0,0.0,0.0,2.0,1.0,0.0,0.0,0.0,0.0,0.0,1.0,0.0,13.0,0.0,0.0,0.0,0.0,0.0,0.0,0.0,0.0,0.0,0.0,0.0,0.0,0.0,0.0,0.0,0.0,0.0,155.0,14.0,2081.0,1.0,0.0,8.0,13.0,,,,78.0,8.0,,,13.425806451612903,8.0,13.0,,,,
2022_045_4426507,4426507,David Ojabo,Michigan,Big Ten,OUTSIDELINEBACKER,LB,2022,2,13,45,2,3.0,7.0,11.0,25.0,0.0,12.0,36.0,0.0,0.0,1.0,0.0,0.0,0.0,0.0,0.0,0.0,0.0,0.0,0.0,0.0,0.0,0.0,0.0,0.0,0.0,0.0,0.0,0.0,0.0,0.0,0.0,0.0,0.0,0.0,0.0,0.0,0.0,0.0,0.0,,,,,,,,,,,,,,,
2022_046_4259994,4259994,Joshua Paschal,Kentucky,SEC,DEFENSIVEEND,DL,2022,2,14,46,5,1.0,12.0,13.0,72.0,0.0,35.5,137.0,0.0,0.0,0.0,1.0,0.0,76.0,0.0,0.0,0.0,0.0,0.0,0.0,0.0,0.0,0.0,0.0,0.0,0.0,0.0,2.0,0.0,20.0,0.0,0.0,0.0,0.0,0.0,0.0,0.0,0.0,0.0,0.0,,,18.0,,,,,,,,,10.0,,,76.0
2022_047_4241468,4241468,Phidarian Mathis,Alabama,SEC,DEFENSIVETACKLE,DL,2022,2,15,47,4,5.0,11.0,10.0,52.0,0.0,16.5,127.0,0.0,0.0,3.0,0.0,0.0,0.0,0.0,0.0,0.0,0.0,0.0,0.0,0.0,0.0,0.0,0.0,0.0,0.0,0.0,0.0,0.0,0.0,0.0,0.0,0.0,0.0,0.0,0.0,0.0,0.0,0.0,0.0,,,,,,,,,,,,,,,
2022_048_4570044,4570044,Jaquan Brisker,Penn State,Big Ten,SAFETY,DB,2022,2,16,48,3,13.0,4.0,0.0,85.0,0.0,10.0,151.0,1.0,1.0,1.0,5.0,0.0,90.0,0.0,0.0,0.0,0.0,0.0,0.0,0.0,0.0,0.0,0.0,0.0,0.0,0.0,0.0,0.0,0.0,0.0,0.0,0.0,0.0,0.0,0.0,0.0,0.0,0.0,0.0,,,,,,,,,,,,,,,18.0
2022_049_4369835,4369835,Alontae Taylor,Tennessee,SEC,CORNERBACK,DB,2022,2,17,49,4,15.0,1.0,0.5,115.0,2.0,5.0,162.0,0.0,0.0,0.0,4.0,1.0,130.0,0.0,0.0,0.0,0.0,0.0,0.0,0.0,0.0,0.0,0.0,0.0,0.0,0.0,0.0,0.0,0.0,0.0,0.0,0.0,0.0,0.0,0.0,0.0,0.0,0.0,0.0,,,,,,,,,,,,,,,32.5
2022_050_4362921,4362921,Tyquan Thornton,Baylor,Big 12,WIDERECEIVER,WR,2022,2,18,50,4,0.0,0.0,0.0,3.0,0.0,0.0,3.0,0.0,0.0,0.0,0.0,0.0,0.0,8.0,0.0,138.0,0.0,0.0,0.0,0.0,0.0,1.0,1.0,0.0,1.0,6.0,0.0,0.0,0.0,0.0,0.0,0.0,0.0,143.0,19.0,2242.0,3.0,0.0,-9.0,27.0,,,,78.0,3.0,1.0,6.0,15.678321678321678,-3.0,17.25,,,,
2022_051_4361178,4361178,Cameron Jurgens,Nebraska,Big Ten,CENTER,OL,2022,2,19,51,1,0.0,0.0,0.0,1.0,0.0,0.0,1.0,0.0,0.0,0.0,0.0,0.0,0.0,0.0,0.0,0.0,0.0,0.0,0.0,0.0,0.0,0.0,0.0,0.0,0.0,0.0,0.0,0.0,0.0,0.0,0.0,0.0,0.0,0.0,0.0,0.0,0.0,0.0,0.0,,,,,,,,,,,,,,,
2022_052_4426354,4426354,George Pickens,Georgia,SEC,WIDERECEIVER,WR,2022,2,20,52,3,0.0,0.0,0.0,2.0,0.0,0.0,2.0,0.0,0.0,0.0,0.0,0.0,0.0,0.0,0.0,0.0,0.0,0.0,0.0,0.0,0.0,0.0,0.0,0.0,0.0,0.0,0.0,0.0,0.0,0.0,0.0,0.0,0.0,90.0,14.0,1347.0,0.0,0.0,0.0,,,,,52.0,,,,14.966666666666669,,,,,,
2022_053_4360078,4360078,Alec Pierce,Cincinnati,American Athletic,WIDERECEIVER,WR,2022,2,21,53,4,0.0,0.0,0.0,4.0,0.0,0.0,8.0,0.0,0.0,0.0,0.0,0.0,0.0,0.0,0.0,0.0,0.0,0.0,0.0,0.0,0.0,0.0,0.0,0.0,0.0,0.0,0.0,0.0,0.0,0.0,0.0,0.0,0.0,106.0,13.0,1851.0,0.0,0.0,0.0,,,,,53.0,,,,17.462264150943398,,,,,,
2022_054_4430191,4430191,Skyy Moore,Western Michigan,Mid-American,WIDERECEIVER,WR,2022,2,22,54,3,1.0,0.0,0.0,2.0,0.0,0.0,2.0,0.0,0.0,0.0,0.0,0.0,0.0,3.0,0.0,21.0,0.0,0.0,0.0,0.0,0.0,0.0,0.0,0.0,0.0,0.0,1.0,0.0,0.0,0.0,0.0,0.0,0.0,170.0,16.0,2483.0,3.0,1.0,12.0,13.0,,0.0,,74.0,10.0,,,14.605882352941176,4.0,7.0,0.0,,,
2022_055_4361307,4361307,Trey McBride,Colorado State,Mountain West,TIGHTEND,TE,2022,2,23,55,4,0.0,0.0,0.0,3.0,0.0,0.0,3.0,1.0,1.0,0.0,0.0,0.0,0.0,2.0,0.0,0.0,0.0,0.0,0.0,0.0,0.0,0.0,0.0,0.0,0.0,0.0,0.0,0.0,0.0,0.0,0.0,0.0,0.0,164.0,10.0,2098.0,3.0,1.0,72.0,0.0,,,,69.0,69.0,,,12.792682926829269,24.0,0.0,,,,
2022_056_4567242,4567242,Sam Williams,Ole Miss,SEC,OUTSIDELINEBACKER,LB,2022,2,24,56,3,1.0,16.0,22.5,76.0,0.0,33.5,134.0,0.0,0.0,1.0,1.0,0.0,4.0,0.0,0.0,0.0,0.0,0.0,0.0,0.0,0.0,0.0,0.0,0.0,0.0,0.0,0.0,0.0,0.0,0.0,0.0,0.0,0.0,0.0,0.0,0.0,0.0,0.0,0.0,,,,,,,,,,,,,,,4.0
2022_057_4380507,4380507,Luke Goedeke,Central Michigan,Mid-American,OFFENSIVETACKLE,OL,2022,2,25,57,1,0.0,0.0,0.0,0.0,0.0,0.0,1.0,0.0,0.0,0.0,0.0,0.0,0.0,0.0,0.0,0.0,0.0,0.0,0.0,0.0,0.0,0.0,0.0,0.0,0.0,0.0,0.0,0.0,0.0,0.0,0.0,0.0,0.0,0.0,0.0,0.0,0.0,0.0,0.0,,,,,,,,,,,,,,,
2022_058_4247807,4247807,Troy Andersen,Montana State,Big Sky,INSIDELINEBACKER,LB,2022,2,26,58,3,1.0,0.0,0.0,11.0,0.0,0.0,15.0,0.0,0.0,1.0,0.0,0.0,0.0,0.0,0.0,0.0,0.0,0.0,0.0,0.0,0.0,2.0,2.0,0.0,0.0,7.0,0.0,0.0,0.0,0.0,0.0,0.0,0.0,1.0,0.0,0.0,10.0,0.0,33.0,,,,,0.0,14.0,1.0,3.5,0.0,3.3,,,,,
2022_060_4361196,4361196,Cam Taylor,Nebraska,Big Ten,SAFETY,DB,2022,2,28,60,4,21.0,0.0,2.5,96.0,1.0,10.0,140.0,2.0,2.0,2.0,6.0,1.0,150.0,1.0,0.0,15.0,0.0,0.0,0.0,0.0,0.0,0.0,0.0,0.0,0.0,0.0,8.0,0.0,79.0,0.0,0.0,0.0,0.0,0.0,0.0,0.0,0.0,0.0,0.0,15.0,,27.0,,,,,,,,15.0,9.875,,,25.0
2022_061_4569511,4569511,Drake Jackson,USC,Pac-12,OUTSIDELINEBACKER,LB,2022,2,29,61,3,4.0,1.0,12.5,57.0,0.0,25.0,103.0,0.0,0.0,1.0,2.0,0.0,19.0,0.0,0.0,0.0,0.0,0.0,0.0,0.0,0.0,0.0,0.0,0.0,0.0,0.0,0.0,0.0,0.0,0.0,0.0,0.0,0.0,0.0,0.0,0.0,0.0,0.0,0.0,,,,,,,,,,,,,,,9.5
2022_062_4247726,4247726,Bryan Cook,Howard,MEAC,SAFETY,DB,2022,2,30,62,5,15.0,0.0,1.0,90.0,0.0,8.0,145.0,0.0,0.0,0.0,2.0,0.0,0.0,0.0,0.0,0.0,0.0,0.0,0.0,0.0,0.0,0.0,0.0,0.0,0.0,0.0,0.0,0.0,0.0,0.0,0.0,0.0,0.0,0.0,0.0,0.0,0.0,0.0,0.0,,,,,,,,,,,,,,,0.0
2022_063_4379399,4379399,James Cook,Georgia,SEC,RUNNINGBACK,RB,2022,2,31,63,4,0.0,0.0,0.0,0.0,0.0,0.0,1.0,2.0,2.0,0.0,0.0,0.0,0.0,5.0,0.0,91.0,0.0,0.0,0.0,0.0,0.0,0.0,0.0,0.0,0.0,0.0,0.0,0.0,0.0,0.0,0.0,0.0,0.0,67.0,6.0,730.0,230.0,14.0,1503.0,34.0,,,,82.0,67.0,,,10.8955223880597,6.534782608695652,18.2,,,,
2022_064_4360259,4360259,Nik Bonitto,Oklahoma,Big 12,OUTSIDELINEBACKER,LB,2022,2,32,64,4,7.0,25.0,19.5,69.0,0.0,33.0,118.0,0.0,0.0,3.0,1.0,0.0,0.0,0.0,0.0,0.0,0.0,0.0,0.0,0.0,0.0,0.0,0.0,0.0,0.0,0.0,0.0,0.0,0.0,0.0,0.0,0.0,0.0,0.0,0.0,0.0,0.0,0.0,0.0,,,,,,,,,,,,,,,0.0
2022_065_4035048,4035048,Luke Fortner,Kentucky,SEC,CENTER,OL,2022,3,1,65,1,0.0,0.0,0.0,1.0,0.0,0.0,1.0,0.0,0.0,0.0,0.0,0.0,0.0,0.0,0.0,0.0,0.0,0.0,0.0,0.0,0.0,0.0,0.0,0.0,0.0,0.0,0.0,0.0,0.0,0.0,0.0,0.0,0.0,0.0,0.0,0.0,0.0,0.0,0.0,,,,,,,,,,,,,,,
2022_066_4360255,4360255,Brian Asamoah,Oklahoma,Big 12,INSIDELINEBACKER,LB,2022,3,2,66,3,5.0,7.0,5.0,105.0,0.0,12.5,169.0,0.0,0.0,0.0,1.0,0.0,29.0,0.0,0.0,0.0,0.0,0.0,0.0,0.0,0.0,0.0,0.0,0.0,0.0,0.0,0.0,0.0,0.0,0.0,0.0,0.0,0.0,0.0,0.0,0.0,0.0,0.0,0.0,,,,,,,,,,,,,,,29.0
2022_068_4429568,4429568,Martin Emerson,Mississippi State,SEC,CORNERBACK,DB,2022,3,4,68,3,15.0,1.0,0.0,91.0,0.0,6.0,150.0,0.0,0.0,0.0,1.0,0.0,45.0,0.0,0.0,0.0,0.0,0.0,0.0,0.0,0.0,0.0,0.0,0.0,0.0,0.0,0.0,0.0,0.0,0.0,0.0,0.0,0.0,0.0,0.0,0.0,0.0,0.0,0.0,,,,,,,,,,,,,,,45.0
2022_070_4361707,4361707,Chad Muma,Wyoming,Mountain West,INSIDELINEBACKER,LB,2022,3,6,70,4,3.0,3.0,5.5,147.0,2.0,19.0,266.0,0.0,0.0,2.0,3.0,2.0,68.0,0.0,0.0,0.0,0.0,0.0,0.0,0.0,0.0,0.0,0.0,0.0,0.0,0.0,0.0,0.0,0.0,0.0,0.0,0.0,0.0,0.0,0.0,0.0,0.0,0.0,0.0,,,,,,,,,,,,,,,22.666666666666668
2022_071_4035693,4035693,Velus Jones Jr.,USC,Pac-12,WIDERECEIVER,WR,2022,3,7,71,5,0.0,0.0,0.0,4.0,2.0,0.0,6.0,4.0,2.0,0.0,0.0,0.0,0.0,123.0,2.0,2973.0,0.0,0.0,0.0,0.0,0.0,0.0,0.0,0.0,0.0,0.0,19.0,0.0,273.0,0.0,0.0,0.0,0.0,120.0,11.0,1434.0,15.0,1.0,59.0,100.0,,50.0,,74.0,15.0,,,11.95,3.933333333333333,24.17073170731707,14.36842105263158,,,
2022_072_4245171,4245171,Abraham Lucas,Washington State,Pac-12,OFFENSIVETACKLE,OL,2022,3,8,72,1,0.0,0.0,0.0,2.0,0.0,0.0,3.0,0.0,0.0,0.0,0.0,0.0,0.0,0.0,0.0,0.0,0.0,0.0,0.0,0.0,0.0,0.0,0.0,0.0,0.0,0.0,0.0,0.0,0.0,0.0,0.0,0.0,0.0,0.0,0.0,0.0,0.0,0.0,0.0,,,,,,,,,,,,,,,
2022_073_4241410,4241410,Jelani Woods,Virginia,ACC,TIGHTEND,TE,2022,3,9,73,4,0.0,0.0,0.0,2.0,0.0,0.0,2.0,1.0,0.0,0.0,0.0,0.0,0.0,0.0,0.0,0.0,0.0,0.0,0.0,0.0,0.0,0.0,0.0,0.0,0.0,0.0,0.0,0.0,0.0,0.0,0.0,0.0,0.0,76.0,12.0,974.0,2.0,0.0,6.0,,,,,46.0,5.0,,,12.81578947368421,3.0,,,,,
2022_074_4239086,4239086,Desmond Ridder,Cincinnati,American Athletic,QUARTERBACK,QB,2022,3,10,74,4,0.0,0.0,0.0,4.0,0.0,0.0,5.0,26.0,16.0,0.0,0.0,0.0,0.0,0.0,0.0,0.0,0.0,0.0,0.0,0.0,0.0,1304.0,810.0,28.0,87.0,10239.0,0.0,0.0,0.0,0.0,0.0,0.0,0.0,2.0,1.0,8.0,504.0,28.0,2202.0,,,,,5.0,91.0,0.6211656441717791,7.851993865030675,4.0,4.369047619047619,,,,,
2022_075_4567099,4567099,Christian Harris,Alabama,SEC,INSIDELINEBACKER,LB,2022,3,11,75,3,6.0,15.0,10.0,122.0,0.0,27.5,215.0,0.0,0.0,2.0,1.0,0.0,0.0,0.0,0.0,0.0,0.0,0.0,0.0,0.0,0.0,0.0,0.0,0.0,0.0,0.0,0.0,0.0,0.0,0.0,0.0,0.0,0.0,0.0,0.0,0.0,0.0,0.0,0.0,,,,,,,,,,,,,,,0.0
2022_076_4362139,4362139,Travis Jones,UConn,FBS Independents,DEFENSIVETACKLE,DL,2022,3,12,76,3,0.0,10.0,8.5,47.0,0.0,19.0,134.0,0.0,0.0,1.0,0.0,0.0,0.0,0.0,0.0,0.0,0.0,0.0,0.0,0.0,0.0,0.0,0.0,0.0,0.0,0.0,0.0,0.0,0.0,0.0,0.0,0.0,0.0,0.0,0.0,0.0,0.0,0.0,0.0,,,,,,,,,,,,,,,
2022_077_4362580,4362580,Bernhard Raimann,Central Michigan,Mid-American,OFFENSIVETACKLE,OL,2022,3,13,77,3,0.0,0.0,0.0,4.0,0.0,0.0,6.0,0.0,0.0,0.0,0.0,0.0,0.0,0.0,0.0,0.0,0.0,0.0,0.0,0.0,0.0,0.0,0.0,0.0,0.0,0.0,0.0,0.0,0.0,0.0,0.0,0.0,0.0,20.0,0.0,164.0,0.0,0.0,0.0,,,,,21.0,,,,8.2,,,,,,
2022_078_4570119,4570119,Alex Wright,UAB,Conference USA,DEFENSIVEEND,DL,2022,3,14,78,3,5.0,14.0,11.5,48.0,0.0,19.0,90.0,0.0,0.0,1.0,0.0,0.0,0.0,0.0,0.0,0.0,0.0,0.0,0.0,0.0,0.0,0.0,0.0,0.0,0.0,0.0,0.0,0.0,0.0,0.0,0.0,0.0,0.0,0.0,0.0,0.0,0.0,0.0,0.0,,,,,,,,,,,,,,,
2022_079_4362917,4362917,JT Woods,Baylor,Big 12,SAFETY,DB,2022,3,15,79,4,5.0,1.0,1.0,112.0,1.0,7.0,156.0,0.0,0.0,4.0,9.0,1.0,201.0,0.0,0.0,0.0,0.0,0.0,0.0,0.0,0.0,0.0,0.0,0.0,0.0,0.0,0.0,0.0,0.0,0.0,0.0,0.0,0.0,0.0,0.0,0.0,0.0,0.0,0.0,,,,,,,,,,,,,,,22.333333333333332
2022_080_4367209,4367209,Greg Dulcich,UCLA,Pac-12,TIGHTEND,TE,2022,3,16,80,4,0.0,0.0,0.0,2.0,0.0,0.0,2.0,0.0,0.0,0.0,0.0,0.0,0.0,0.0,0.0,0.0,0.0,0.0,0.0,0.0,0.0,0.0,0.0,0.0,0.0,0.0,0.0,0.0,0.0,0.0,0.0,0.0,0.0,77.0,11.0,1353.0,0.0,0.0,0.0,,,,,75.0,,,,17.571428571428573,,,,,,
2022_081_4429607,4429607,Cordale Flott,LSU,SEC,CORNERBACK,DB,2022,3,17,81,3,11.0,1.0,0.0,68.0,0.0,5.5,98.0,0.0,0.0,0.0,1.0,0.0,0.0,0.0,0.0,0.0,0.0,0.0,0.0,0.0,0.0,0.0,0.0,0.0,0.0,0.0,0.0,0.0,0.0,0.0,0.0,0.0,0.0,0.0,0.0,0.0,0.0,0.0,0.0,,,,,,,,,,,,,,,0.0
2022_082_4243457,4243457,DeAngelo Malone,Western Kentucky,Conference USA,OUTSIDELINEBACKER,LB,2022,3,18,82,5,7.0,45.0,32.5,182.0,1.0,58.5,348.0,0.0,0.0,1.0,1.0,0.0,0.0,0.0,0.0,0.0,0.0,0.0,0.0,0.0,0.0,1.0,0.0,0.0,0.0,0.0,0.0,0.0,0.0,0.0,0.0,0.0,0.0,0.0,0.0,0.0,0.0,0.0,0.0,,,,,,,0.0,0.0,,,,,,,0.0
2022_083_4426340,4426340,Nakobe Dean,Georgia,SEC,INSIDELINEBACKER,LB,2022,3,19,83,3,8.0,7.0,7.5,89.0,1.0,13.5,168.0,0.0,0.0,0.0,2.0,1.0,50.0,0.0,0.0,0.0,0.0,0.0,0.0,0.0,0.0,0.0,0.0,0.0,0.0,0.0,0.0,0.0,0.0,0.0,0.0,0.0,0.0,0.0,0.0,0.0,0.0,0.0,0.0,,,,,,,,,,,,,,,25.0
2022_084_4426359,4426359,DeMarvin Leal,Texas A&M,SEC,DEFENSIVEEND,DL,2022,3,20,84,3,5.0,15.0,13.0,59.0,0.0,25.0,133.0,0.0,0.0,2.0,1.0,0.0,43.0,0.0,0.0,0.0,0.0,0.0,0.0,0.0,0.0,0.0,0.0,0.0,0.0,0.0,0.0,0.0,0.0,0.0,0.0,0.0,0.0,0.0,0.0,0.0,0.0,0.0,0.0,,,,,,,,,,,,,,,43.0
2022_085_4241720,4241720,Marcus Jones,Troy,Sun Belt,CORNERBACK,DB,2022,3,21,85,4,30.0,0.0,0.0,111.0,9.0,5.0,152.0,7.0,4.0,1.0,10.0,0.0,134.0,73.0,6.0,2075.0,0.0,0.0,0.0,0.0,0.0,0.0,0.0,0.0,0.0,0.0,64.0,3.0,875.0,0.0,0.0,0.0,0.0,15.0,1.0,137.0,4.0,0.0,9.0,100.0,,73.0,,47.0,4.0,,,9.133333333333333,2.25,28.424657534246577,13.671875,,,13.4
2022_086_4242512,4242512,Malik Willis,Liberty,FBS Independents,QUARTERBACK,QB,2022,3,22,86,4,0.0,0.0,0.0,2.0,0.0,0.0,2.0,13.0,5.0,0.0,0.0,0.0,0.0,0.0,0.0,0.0,0.0,0.0,0.0,0.0,0.0,617.0,387.0,18.0,48.0,5178.0,0.0,0.0,0.0,0.0,0.0,0.0,0.0,1.0,0.0,13.0,366.0,29.0,2131.0,,,,,13.0,67.0,0.6272285251215559,8.39222042139384,13.0,5.8224043715847,,,,,
2022_087_4361510,4361510,Cameron Thomas,San Diego State,Mountain West,DEFENSIVEEND,DL,2022,3,23,87,3,2.0,16.0,20.5,71.0,0.0,38.5,154.0,0.0,0.0,0.0,0.0,0.0,0.0,0.0,0.0,0.0,0.0,0.0,0.0,0.0,0.0,0.0,0.0,0.0,0.0,0.0,0.0,0.0,0.0,0.0,0.0,0.0,0.0,0.0,0.0,0.0,0.0,0.0,0.0,,,,,,,,,,,,,,,
2022_088_4249417,4249417,Jalen Tolbert,South Alabama,Sun Belt,WIDERECEIVER,WR,2022,3,24,88,4,0.0,0.0,0.0,2.0,0.0,0.0,2.0,2.0,2.0,0.0,0.0,0.0,0.0,0.0,0.0,0.0,0.0,0.0,0.0,0.0,0.0,0.0,0.0,0.0,0.0,0.0,0.0,0.0,0.0,0.0,0.0,0.0,0.0,178.0,22.0,3141.0,0.0,0.0,0.0,,,,,73.0,,,,17.646067415730336,,,,,,
2022_089_4259166,4259166,Terrel Bernard,Baylor,Big 12,INSIDELINEBACKER,LB,2022,3,25,89,4,8.0,11.0,16.5,173.0,1.0,31.5,317.0,0.0,0.0,2.0,3.0,0.0,48.0,0.0,0.0,0.0,0.0,0.0,0.0,0.0,0.0,0.0,0.0,0.0,0.0,0.0,0.0,0.0,0.0,0.0,0.0,0.0,0.0,0.0,0.0,0.0,0.0,0.0,0.0,,,,,,,,,,,,,,,16.0
2022_090_4243375,4243375,Dylan Parham,Memphis,American Athletic,OFFENSIVEGUARD,OL,2022,3,26,90,1,0.0,0.0,0.0,1.0,0.0,0.0,1.0,0.0,0.0,0.0,0.0,0.0,0.0,0.0,0.0,0.0,0.0,0.0,0.0,0.0,0.0,0.0,0.0,0.0,0.0,0.0,0.0,0.0,0.0,0.0,0.0,0.0,0.0,0.0,0.0,0.0,0.0,0.0,0.0,,,,,,,,,,,,,,,
2022_091_4697815,4697815,Rachaad White,Arizona State,Pac-12,RUNNINGBACK,RB,2022,3,27,91,2,0.0,0.0,0.0,0.0,0.0,0.0,0.0,4.0,0.0,0.0,0.0,0.0,0.0,2.0,0.0,47.0,0.0,0.0,0.0,0.0,0.0,0.0,0.0,0.0,0.0,0.0,4.0,0.0,47.0,0.0,0.0,0.0,0.0,51.0,2.0,607.0,224.0,20.0,1426.0,25.0,,36.0,,55.0,93.0,,,11.901960784313726,6.366071428571429,23.5,11.75,,,
2022_093_4426475,4426475,Tyrion Davis-Price,LSU,SEC,RUNNINGBACK,RB,2022,3,29,93,3,0.0,0.0,0.0,0.0,0.0,0.0,0.0,4.0,2.0,0.0,0.0,0.0,0.0,0.0,0.0,0.0,0.0,0.0,0.0,0.0,0.0,0.0,0.0,0.0,0.0,0.0,0.0,0.0,0.0,0.0,0.0,0.0,0.0,28.0,0.0,185.0,379.0,15.0,1744.0,,,,,21.0,40.0,,,6.607142857142857,4.601583113456464,,,,,
2022_094_4362874,4362874,Matt Corral,Ole Miss,SEC,QUARTERBACK,QB,2022,3,30,94,4,0.0,0.0,0.0,0.0,0.0,0.0,0.0,13.0,7.0,0.0,0.0,0.0,0.0,0.0,0.0,0.0,0.0,0.0,0.0,0.0,0.0,913.0,615.0,23.0,57.0,8302.0,0.0,0.0,0.0,0.0,0.0,0.0,0.0,1.0,0.0,19.0,333.0,18.0,1348.0,,,,,19.0,61.0,0.6736035049288062,9.093099671412924,19.0,4.048048048048048,,,,,
2022_095_4240619,4240619,Zachary Carter,Florida,SEC,DEFENSIVETACKLE,DL,2022,3,31,95,4,8.0,20.0,17.5,40.0,1.0,28.0,105.0,0.0,0.0,2.0,0.0,0.0,0.0,0.0,0.0,0.0,0.0,0.0,0.0,0.0,0.0,0.0,0.0,0.0,0.0,0.0,0.0,0.0,0.0,0.0,0.0,0.0,0.0,0.0,0.0,0.0,0.0,0.0,0.0,,,,,,,,,,,,,,,
2022_096_4426403,4426403,Nick Cross,Maryland,Big Ten,SAFETY,DB,2022,3,32,96,3,13.0,1.0,4.0,88.0,0.0,5.5,134.0,0.0,0.0,0.0,5.0,0.0,55.0,0.0,0.0,0.0,0.0,0.0,0.0,0.0,0.0,0.0,0.0,0.0,0.0,0.0,0.0,0.0,0.0,0.0,0.0,0.0,0.0,0.0,0.0,0.0,0.0,0.0,0.0,,,,,,,,,,,,,,,11.0
2022_097_4360383,4360383,Kerby Joseph,Illinois,Big Ten,SAFETY,DB,2022,3,33,97,4,6.0,0.0,1.0,75.0,0.0,2.0,116.0,1.0,1.0,3.0,5.0,0.0,12.0,1.0,0.0,1.0,0.0,0.0,0.0,0.0,0.0,0.0,0.0,0.0,0.0,0.0,0.0,0.0,0.0,0.0,0.0,0.0,0.0,0.0,0.0,0.0,1.0,0.0,3.0,0.0,,,,,3.0,,,,3.0,1.0,,,,2.4
2022_098_4241474,4241474,Brian Robinson Jr.,Alabama,SEC,RUNNINGBACK,RB,2022,3,34,98,5,0.0,1.0,0.0,4.0,0.0,0.0,5.0,3.0,3.0,0.0,0.0,0.0,0.0,11.0,0.0,166.0,0.0,0.0,0.0,0.0,0.0,0.0,0.0,0.0,0.0,0.0,0.0,0.0,0.0,0.0,0.0,0.0,0.0,52.0,2.0,446.0,545.0,29.0,2704.0,30.0,,,,51.0,63.0,,,8.576923076923077,4.961467889908257,15.090909090909092,,,,
2022_099_4570409,4570409,David Bell,Purdue,Big Ten,WIDERECEIVER,WR,2022,3,35,99,3,0.0,0.0,0.0,3.0,0.0,0.0,3.0,0.0,0.0,0.0,0.0,0.0,0.0,0.0,0.0,0.0,0.0,0.0,0.0,0.0,0.0,0.0,0.0,0.0,0.0,0.0,0.0,0.0,0.0,0.0,0.0,0.0,0.0,232.0,21.0,2946.0,6.0,1.0,51.0,,,,,89.0,26.0,,,12.698275862068966,8.5,,,,,
2022_100_4360080,4360080,Myjai Sanders,Cincinnati,American Athletic,DEFENSIVEEND,DL,2022,3,36,100,4,13.0,23.0,13.5,62.0,0.0,25.0,119.0,0.0,0.0,2.0,0.0,0.0,0.0,1.0,0.0,18.0,0.0,0.0,0.0,0.0,0.0,0.0,0.0,0.0,0.0,0.0,0.0,0.0,0.0,0.0,0.0,0.0,0.0,1.0,0.0,7.0,0.0,0.0,0.0,18.0,,,,7.0,,,,7.0,,18.0,,,,
2022_101_4361372,4361372,Jeremy Ruckert,Ohio State,Big Ten,TIGHTEND,TE,2022,3,37,101,4,0.0,0.0,0.0,0.0,0.0,0.0,0.0,1.0,1.0,0.0,0.0,0.0,0.0,0.0,0.0,0.0,0.0,0.0,0.0,0.0,0.0,0.0,0.0,0.0,0.0,0.0,0.0,0.0,0.0,0.0,0.0,0.0,0.0,54.0,12.0,615.0,0.0,0.0,0.0,,,,,36.0,,,,11.38888888888889,,,,,,
2022_102_4379414,4379414,Channing Tindall,Georgia,SEC,INSIDELINEBACKER,LB,2022,3,38,102,4,0.0,2.0,12.0,52.0,0.0,15.0,106.0,0.0,0.0,0.0,0.0,0.0,0.0,0.0,0.0,0.0,0.0,0.0,0.0,0.0,0.0,0.0,0.0,0.0,0.0,0.0,0.0,0.0,0.0,0.0,0.0,0.0,0.0,0.0,0.0,0.0,0.0,0.0,0.0,,,,,,,,,,,,,,,
2022_103_4426901,4426901,Leo Chenal,Wisconsin,Big Ten,INSIDELINEBACKER,LB,2022,3,39,103,3,1.0,8.0,12.0,99.0,0.0,26.0,156.0,0.0,0.0,1.0,1.0,0.0,31.0,0.0,0.0,0.0,0.0,0.0,0.0,0.0,0.0,0.0,0.0,0.0,0.0,0.0,0.0,0.0,0.0,0.0,0.0,0.0,0.0,0.0,0.0,0.0,0.0,0.0,0.0,,,,,,,,,,,,,,,31.0
2022_105_4689546,4689546,Danny Gray,SMU,American Athletic,WIDERECEIVER,WR,2022,3,41,105,2,0.0,0.0,0.0,0.0,0.0,0.0,0.0,1.0,0.0,0.0,0.0,0.0,0.0,9.0,0.0,180.0,0.0,0.0,0.0,0.0,0.0,0.0,0.0,0.0,0.0,0.0,2.0,0.0,26.0,0.0,0.0,0.0,0.0,82.0,13.0,1251.0,6.0,2.0,70.0,64.0,,15.0,,68.0,32.0,,,15.25609756097561,11.666666666666666,20.0,13.0,,,
2022_106_4243331,4243331,Cade Otton,Washington,Pac-12,TIGHTEND,TE,2022,4,1,106,4,0.0,0.0,0.0,4.0,0.0,0.0,4.0,2.0,0.0,0.0,0.0,0.0,0.0,0.0,0.0,0.0,0.0,0.0,0.0,0.0,0.0,0.0,0.0,0.0,0.0,0.0,0.0,0.0,0.0,0.0,0.0,0.0,0.0,91.0,9.0,1026.0,0.0,0.0,0.0,,,,,42.0,,,,11.274725274725276,,,,,,
2022_107_4360238,4360238,Dameon Pierce,Florida,SEC,RUNNINGBACK,RB,2022,4,2,107,4,0.0,0.0,0.0,11.0,0.0,0.0,15.0,2.0,2.0,0.0,0.0,0.0,0.0,0.0,0.0,0.0,0.0,0.0,0.0,0.0,0.0,0.0,0.0,0.0,0.0,0.0,0.0,0.0,0.0,0.0,0.0,0.0,0.0,45.0,5.0,422.0,326.0,23.0,1804.0,,,,,61.0,75.0,,,9.377777777777778,5.533742331288344,,,,,
2022_108_4686470,4686470,Perrion Winfrey,Oklahoma,Big 12,DEFENSIVETACKLE,DL,2022,4,3,108,2,3.0,3.0,6.0,20.0,0.0,16.5,40.0,0.0,0.0,0.0,0.0,0.0,0.0,0.0,0.0,0.0,0.0,0.0,0.0,0.0,0.0,0.0,0.0,0.0,0.0,0.0,0.0,0.0,0.0,0.0,0.0,0.0,0.0,0.0,0.0,0.0,0.0,0.0,0.0,,,,,,,,,,,,,,,
2022_109_4239094,4239094,Coby Bryant,Cincinnati,American Athletic,CORNERBACK,DB,2022,4,4,109,5,35.0,2.0,0.0,132.0,1.0,5.0,167.0,1.0,0.0,0.0,10.0,1.0,120.0,0.0,0.0,0.0,0.0,0.0,0.0,0.0,0.0,0.0,0.0,0.0,0.0,0.0,0.0,0.0,0.0,0.0,0.0,0.0,0.0,0.0,0.0,0.0,0.0,0.0,0.0,,,,,,,,,,,,,,,12.0
2022_110_4360964,4360964,Daniel Faalele,Minnesota,Big Ten,OFFENSIVETACKLE,OL,2022,4,5,110,1,0.0,0.0,0.0,0.0,0.0,0.0,0.0,0.0,0.0,0.0,0.0,0.0,0.0,0.0,0.0,0.0,0.0,0.0,0.0,0.0,0.0,0.0,0.0,0.0,0.0,0.0,0.0,0.0,0.0,0.0,0.0,0.0,0.0,0.0,0.0,0.0,1.0,1.0,2.0,,,,,,2.0,,,,2.0,,,,,
2022_112_4361516,4361516,Daniel Bellinger,San Diego State,Mountain West,TIGHTEND,TE,2022,4,7,112,4,0.0,0.0,0.0,4.0,0.0,0.0,6.0,0.0,0.0,0.0,0.0,0.0,0.0,1.0,0.0,0.0,0.0,0.0,0.0,0.0,0.0,0.0,0.0,0.0,0.0,0.0,0.0,0.0,0.0,0.0,0.0,0.0,0.0,68.0,5.0,771.0,2.0,0.0,-4.0,0.0,,,,73.0,2.0,,,11.338235294117649,-2.0,0.0,,,,
2022_113_4363097,4363097,Percy Butler,Louisiana,Sun Belt,SAFETY,DB,2022,4,8,113,4,13.0,0.0,1.0,107.0,0.0,9.0,167.0,0.0,0.0,6.0,3.0,0.0,0.0,0.0,0.0,0.0,0.0,0.0,0.0,0.0,0.0,0.0,0.0,0.0,0.0,0.0,0.0,0.0,0.0,0.0,0.0,0.0,0.0,0.0,0.0,0.0,0.0,0.0,0.0,,,,,,,,,,,,,,,0.0
2022_114_4426686,4426686,Dane Belton,Iowa,Big Ten,SAFETY,DB,2022,4,9,114,3,12.0,3.0,1.0,69.0,0.0,6.5,112.0,0.0,0.0,0.0,5.0,0.0,0.0,0.0,0.0,0.0,0.0,0.0,0.0,0.0,0.0,0.0,0.0,0.0,0.0,0.0,0.0,0.0,0.0,0.0,0.0,0.0,0.0,0.0,0.0,0.0,0.0,0.0,0.0,,,,,,,,,,,,,,,0.0
2022_115_4240707,4240707,Damarri Mathis,Pittsburgh,ACC,CORNERBACK,DB,2022,4,10,115,4,18.0,1.0,0.0,63.0,1.0,4.0,82.0,0.0,0.0,0.0,5.0,1.0,65.0,0.0,0.0,0.0,0.0,0.0,0.0,0.0,0.0,0.0,0.0,0.0,0.0,0.0,0.0,0.0,0.0,0.0,0.0,0.0,0.0,0.0,0.0,0.0,0.0,0.0,0.0,,,,,,,,,,,,,,,13.0
2022_116_4066109,4066109,Eyioma Uwazurike,Iowa State,Big 12,DEFENSIVEEND,DL,2022,4,11,116,5,3.0,15.0,15.0,70.0,1.0,34.5,145.0,0.0,0.0,2.0,0.0,0.0,0.0,0.0,0.0,0.0,0.0,0.0,0.0,0.0,0.0,0.0,0.0,0.0,0.0,0.0,0.0,0.0,0.0,0.0,0.0,0.0,0.0,0.0,0.0,0.0,0.0,0.0,0.0,,,,,,,,,,,,,,,
2022_117_4240896,4240896,Micheal Clemons,Texas A&M,SEC,DEFENSIVEEND,DL,2022,4,12,117,4,2.0,18.0,12.5,52.0,0.0,21.0,93.0,0.0,0.0,1.0,0.0,0.0,0.0,0.0,0.0,0.0,0.0,0.0,0.0,0.0,0.0,0.0,0.0,0.0,0.0,0.0,0.0,0.0,0.0,0.0,0.0,0.0,0.0,0.0,0.0,0.0,0.0,0.0,0.0,,,,,,,,,,,,,,,
2022_118_4244607,4244607,Akayleb Evans,Tulsa,American Athletic,CORNERBACK,DB,2022,4,13,118,5,17.0,1.0,1.0,84.0,0.0,3.5,110.0,0.0,0.0,0.0,1.0,0.0,0.0,0.0,0.0,0.0,0.0,0.0,0.0,0.0,0.0,0.0,0.0,0.0,0.0,0.0,0.0,0.0,0.0,0.0,0.0,0.0,0.0,0.0,0.0,0.0,0.0,0.0,0.0,,,,,,,,,,,,,,,0.0
2022_119_4372017,4372017,Jalyn Armour-Davis,Alabama,SEC,CORNERBACK,DB,2022,4,14,119,3,6.0,1.0,0.0,22.0,0.0,1.0,34.0,0.0,0.0,0.0,3.0,0.0,51.0,0.0,0.0,0.0,0.0,0.0,0.0,0.0,0.0,0.0,0.0,0.0,0.0,0.0,0.0,0.0,0.0,0.0,0.0,0.0,0.0,0.0,0.0,0.0,0.0,0.0,0.0,,,,,,,,,,,,,,,17.0
2022_120_4575416,4575416,Brandon Smith,Penn State,Big Ten,INSIDELINEBACKER,LB,2022,4,15,120,5,9.0,5.0,4.5,107.0,0.0,25.5,247.0,0.0,0.0,2.0,3.0,0.0,22.0,0.0,0.0,0.0,0.0,0.0,0.0,0.0,0.0,0.0,0.0,0.0,0.0,0.0,0.0,0.0,0.0,0.0,0.0,0.0,0.0,0.0,0.0,0.0,0.0,0.0,0.0,,,,,,,,,,,,,,,7.333333333333333
2022_121_4035686,4035686,Jack Jones,USC,Pac-12,CORNERBACK,DB,2022,4,16,121,5,28.0,0.0,1.0,117.0,1.0,2.5,139.0,5.0,3.0,1.0,10.0,1.0,125.0,7.0,0.0,76.0,0.0,0.0,0.0,0.0,0.0,0.0,0.0,0.0,0.0,0.0,10.0,0.0,71.0,0.0,0.0,0.0,0.0,0.0,0.0,0.0,0.0,0.0,0.0,31.0,,21.0,,,,,,,,10.857142857142858,7.1,,,12.5
2022_122_4361777,4361777,Zamir White,Georgia,SEC,RUNNINGBACK,RB,2022,4,17,122,3,0.0,0.0,0.0,0.0,1.0,0.0,0.0,3.0,0.0,0.0,0.0,0.0,0.0,6.0,0.0,137.0,0.0,0.0,0.0,0.0,0.0,0.0,0.0,0.0,0.0,0.0,1.0,1.0,0.0,0.0,0.0,0.0,0.0,17.0,0.0,132.0,382.0,25.0,2043.0,35.0,,0.0,,15.0,75.0,,,7.764705882352941,5.348167539267016,22.833333333333332,0.0,,,
2022_123_4426891,4426891,Isaiah Spiller,Texas A&M,SEC,RUNNINGBACK,RB,2022,4,18,123,3,0.0,0.0,0.0,0.0,0.0,0.0,1.0,7.0,3.0,0.0,0.0,0.0,0.0,0.0,0.0,0.0,0.0,0.0,0.0,0.0,0.0,0.0,0.0,0.0,0.0,0.0,0.0,0.0,0.0,0.0,0.0,0.0,0.0,74.0,1.0,585.0,539.0,25.0,2997.0,,,,,45.0,85.0,,,7.905405405405405,5.5602968460111315,,,,,
2022_124_4428963,4428963,Cade York,LSU,SEC,PLACEKICKER,ST,2022,4,19,124,3,0.0,0.0,0.0,0.0,0.0,0.0,0.0,0.0,0.0,0.0,0.0,0.0,0.0,0.0,0.0,0.0,62.0,50.0,309.0,163.0,159.0,0.0,0.0,0.0,0.0,0.0,0.0,0.0,0.0,0.0,0.0,0.0,0.0,0.0,0.0,0.0,0.0,0.0,0.0,,57.0,,,,,,,,,,,,0.8064516129032258,
2022_125_4362186,4362186,Erik Ezukanma,Texas Tech,Big 12,WIDERECEIVER,WR,2022,4,20,125,4,0.0,0.0,0.0,2.0,0.0,0.0,2.0,0.0,0.0,0.0,0.0,0.0,0.0,0.0,0.0,0.0,0.0,0.0,0.0,0.0,0.0,0.0,0.0,0.0,0.0,0.0,0.0,0.0,0.0,0.0,0.0,0.0,0.0,137.0,15.0,2156.0,10.0,2.0,138.0,,,,,75.0,45.0,,,15.737226277372264,13.8,,,,,
2022_126_4242234,4242234,Neil Farrell Jr.,LSU,SEC,DEFENSIVETACKLE,DL,2022,4,21,126,5,5.0,8.0,7.5,54.0,0.0,22.0,143.0,0.0,0.0,0.0,0.0,0.0,0.0,0.0,0.0,0.0,0.0,0.0,0.0,0.0,0.0,0.0,0.0,0.0,0.0,0.0,0.0,0.0,0.0,0.0,0.0,0.0,0.0,0.0,0.0,0.0,0.0,0.0,0.0,,,,,,,,,,,,,,,
2022_127_4249836,4249836,Pierre Strong,South Dakota State,MVFC,RUNNINGBACK,RB,2022,4,22,127,2,0.0,0.0,0.0,0.0,0.0,0.0,0.0,5.0,0.0,0.0,0.0,0.0,0.0,1.0,0.0,47.0,0.0,0.0,0.0,0.0,0.0,0.0,0.0,0.0,0.0,0.0,0.0,0.0,0.0,0.0,0.0,0.0,0.0,5.0,0.0,67.0,25.0,2.0,191.0,47.0,,,,39.0,48.0,,,13.4,7.64,47.0,,,,
2022_128_4241263,4241263,Charlie Kolar,Iowa State,Big 12,TIGHTEND,TE,2022,4,23,128,4,0.0,0.0,0.0,3.0,0.0,0.0,4.0,2.0,0.0,0.0,0.0,0.0,0.0,0.0,0.0,0.0,0.0,0.0,0.0,0.0,0.0,0.0,0.0,0.0,0.0,0.0,0.0,0.0,0.0,0.0,0.0,0.0,0.0,168.0,23.0,2181.0,0.0,0.0,0.0,,,,,49.0,,,,12.982142857142858,,,,,,
2022_129_4242355,4242355,Jake Ferguson,Wisconsin,Big Ten,TIGHTEND,TE,2022,4,24,129,4,0.0,0.0,0.0,2.0,0.0,0.0,3.0,2.0,2.0,0.0,0.0,0.0,0.0,0.0,0.0,0.0,0.0,0.0,0.0,0.0,0.0,0.0,0.0,0.0,0.0,0.0,0.0,0.0,0.0,0.0,0.0,0.0,0.0,144.0,13.0,1614.0,0.0,0.0,0.0,,,,,36.0,,,,11.208333333333334,,,,,,
2022_130_4260224,4260224,Jordan Stout,Virginia Tech,ACC,PUNTER,ST,2022,4,25,130,4,0.0,0.0,0.0,0.0,0.0,0.0,1.0,1.0,1.0,0.0,0.0,0.0,0.0,0.0,0.0,0.0,32.0,20.0,98.0,40.0,38.0,2.0,1.0,0.0,0.0,18.0,0.0,0.0,0.0,43.0,100.0,4.0,4454.0,0.0,0.0,0.0,1.0,0.0,-18.0,,57.0,,76.0,,0.0,0.5,9.0,,-18.0,,,44.54,0.625,
2022_131_4372071,4372071,Hassan Haskins,Michigan,Big Ten,RUNNINGBACK,RB,2022,4,26,131,3,0.0,0.0,0.0,6.0,0.0,1.0,6.0,0.0,0.0,0.0,0.0,0.0,0.0,0.0,0.0,0.0,0.0,0.0,0.0,0.0,0.0,1.0,0.0,0.0,0.0,0.0,0.0,0.0,0.0,0.0,0.0,0.0,0.0,24.0,0.0,171.0,452.0,30.0,2325.0,,,,,20.0,66.0,0.0,0.0,7.125,5.143805309734513,,,,,
2022_132_4361432,4361432,Romeo Doubs,Nevada,Mountain West,WIDERECEIVER,WR,2022,4,27,132,4,0.0,0.0,0.0,2.0,1.0,0.0,2.0,5.0,2.0,0.0,0.0,0.0,0.0,1.0,0.0,22.0,0.0,0.0,0.0,0.0,0.0,0.0,0.0,0.0,0.0,0.0,37.0,1.0,463.0,0.0,0.0,0.0,0.0,223.0,25.0,3305.0,3.0,0.0,-1.0,22.0,,80.0,,75.0,4.0,,,14.820627802690582,-0.3333333333333333,22.0,12.513513513513514,,,
2022_133_4379396,4379396,Jake Camarda,Georgia,SEC,PUNTER,ST,2022,4,28,133,4,0.0,0.0,0.0,1.0,0.0,0.0,1.0,0.0,0.0,0.0,0.0,0.0,0.0,0.0,0.0,0.0,0.0,0.0,0.0,0.0,0.0,0.0,0.0,0.0,0.0,0.0,0.0,0.0,0.0,63.0,187.0,24.0,8561.0,0.0,0.0,0.0,1.0,0.0,6.0,,,,68.0,,6.0,,,,6.0,,,45.780748663101605,,
2022_137_4250360,4250360,Bailey Zappe,Western Kentucky,Conference USA,QUARTERBACK,QB,2022,4,32,137,5,0.0,0.0,0.0,0.0,0.0,0.0,0.0,4.0,3.0,0.0,0.0,0.0,0.0,0.0,0.0,0.0,0.0,0.0,0.0,1.0,0.0,976.0,656.0,13.0,78.0,8145.0,0.0,0.0,0.0,0.0,0.0,0.0,0.0,1.0,0.0,10.0,94.0,3.0,-29.0,,0.0,,,10.0,21.0,0.6721311475409836,8.345286885245901,10.0,-0.3085106382978723,,,,,
2022_138_4243389,4243389,Calvin Austin III,Memphis,American Athletic,WIDERECEIVER,WR,2022,4,33,138,4,0.0,0.0,0.0,6.0,2.0,0.0,6.0,4.0,2.0,0.0,0.0,0.0,0.0,0.0,0.0,0.0,0.0,0.0,0.0,0.0,0.0,1.0,1.0,0.0,0.0,7.0,29.0,2.0,323.0,0.0,0.0,0.0,0.0,156.0,22.0,2541.0,8.0,3.0,169.0,,,94.0,,75.0,83.0,1.0,7.0,16.28846153846154,21.125,,11.137931034482758,,,
2022_139_4361050,4361050,Isaiah Likely,Coastal Carolina,Sun Belt,TIGHTEND,TE,2022,4,34,139,4,0.0,0.0,0.0,3.0,0.0,0.0,4.0,1.0,0.0,0.0,0.0,0.0,0.0,1.0,0.0,3.0,0.0,0.0,0.0,0.0,0.0,0.0,0.0,0.0,0.0,0.0,0.0,0.0,0.0,0.0,0.0,0.0,0.0,133.0,27.0,2050.0,3.0,0.0,10.0,3.0,,,,99.0,12.0,,,15.413533834586469,3.3333333333333335,3.0,,,,
2022_140_4240435,4240435,Zach Tom,Wake Forest,ACC,OFFENSIVEGUARD,OL,2022,4,35,140,2,0.0,0.0,0.0,1.0,0.0,1.0,2.0,0.0,0.0,0.0,0.0,0.0,0.0,0.0,0.0,0.0,0.0,0.0,0.0,0.0,0.0,0.0,0.0,0.0,0.0,0.0,0.0,0.0,0.0,0.0,0.0,0.0,0.0,0.0,0.0,0.0,0.0,0.0,0.0,,,,,,,,,,,,,,,
2022_141_4567480,4567480,Damarion Williams,Houston,American Athletic,CORNERBACK,DB,2022,4,36,141,3,21.0,4.0,0.0,128.0,1.0,10.5,163.0,2.0,1.0,1.0,3.0,1.0,36.0,2.0,0.0,42.0,0.0,0.0,0.0,0.0,0.0,0.0,0.0,0.0,0.0,0.0,6.0,0.0,78.0,0.0,0.0,0.0,0.0,0.0,0.0,0.0,0.0,0.0,0.0,21.0,,40.0,,,,,,,,21.0,13.0,,,12.0
2022_143_4360635,4360635,Chigoziem Okonkwo,Maryland,Big Ten,TIGHTEND,TE,2022,4,38,143,3,0.0,0.0,0.0,1.0,0.0,0.0,2.0,0.0,0.0,0.0,0.0,0.0,0.0,0.0,0.0,0.0,0.0,0.0,0.0,0.0,0.0,0.0,0.0,0.0,0.0,0.0,0.0,0.0,0.0,0.0,0.0,0.0,0.0,77.0,8.0,717.0,3.0,2.0,72.0,,,,,32.0,54.0,,,9.311688311688313,24.0,,,,,
2022_144_4426875,4426875,Sam Howell,North Carolina,ACC,QUARTERBACK,QB,2022,5,1,144,3,0.0,0.0,0.0,2.0,0.0,0.5,3.0,18.0,7.0,0.0,0.0,0.0,0.0,0.0,0.0,0.0,0.0,0.0,0.0,0.0,0.0,1117.0,713.0,23.0,92.0,10283.0,0.0,0.0,0.0,1.0,1.0,0.0,35.0,4.0,2.0,24.0,369.0,17.0,1009.0,,,,35.0,18.0,62.0,0.6383169203222918,9.205908683974933,6.0,2.734417344173442,,,35.0,,
2022_145_4362611,4362611,Darian Kinnard,Kentucky,SEC,OFFENSIVEGUARD,OL,2022,5,2,145,2,0.0,0.0,0.0,0.0,0.0,0.0,2.0,0.0,0.0,0.0,0.0,0.0,0.0,0.0,0.0,0.0,0.0,0.0,0.0,0.0,0.0,0.0,0.0,0.0,0.0,0.0,0.0,0.0,0.0,0.0,0.0,0.0,0.0,0.0,0.0,0.0,0.0,0.0,0.0,,,,,,,,,,,,,,,
2022_146_4371961,4371961,Micah McFadden,Indiana,Big Ten,INSIDELINEBACKER,LB,2022,5,3,146,4,4.0,15.0,14.0,149.0,0.0,36.0,216.0,0.0,0.0,1.0,4.0,0.0,14.0,0.0,0.0,0.0,0.0,0.0,0.0,0.0,0.0,0.0,0.0,0.0,0.0,0.0,0.0,0.0,0.0,0.0,0.0,0.0,0.0,0.0,0.0,0.0,0.0,0.0,0.0,,,,,,,,,,,,,,,3.5
2022_147_4242899,4242899,D.J. Davidson,Arizona State,Pac-12,DEFENSIVETACKLE,DL,2022,5,4,147,4,6.0,3.0,5.0,62.0,0.0,15.5,137.0,0.0,0.0,1.0,0.0,0.0,0.0,0.0,0.0,0.0,0.0,0.0,0.0,0.0,0.0,0.0,0.0,0.0,0.0,0.0,0.0,0.0,0.0,0.0,0.0,0.0,0.0,0.0,0.0,0.0,0.0,0.0,0.0,,,,,,,,,,,,,,,
2022_148_4373678,4373678,Khalil Shakir,Boise State,Mountain West,WIDERECEIVER,WR,2022,5,5,148,4,0.0,0.0,0.0,5.0,0.0,0.0,5.0,2.0,0.0,0.0,0.0,0.0,0.0,8.0,0.0,190.0,0.0,0.0,0.0,0.0,0.0,5.0,4.0,1.0,1.0,20.0,23.0,0.0,184.0,0.0,0.0,0.0,0.0,208.0,20.0,2878.0,71.0,4.0,413.0,35.0,,40.0,,69.0,33.0,0.8,4.0,13.836538461538462,5.816901408450704,23.75,8.0,,,
2022_149_4361438,4361438,Cole Turner,Nevada,Mountain West,TIGHTEND,TE,2022,5,6,149,4,0.0,0.0,0.0,2.0,0.0,0.0,2.0,1.0,1.0,0.0,0.0,0.0,0.0,1.0,0.0,0.0,0.0,0.0,0.0,0.0,0.0,0.0,0.0,0.0,0.0,0.0,0.0,0.0,0.0,0.0,0.0,0.0,0.0,117.0,20.0,1370.0,0.0,0.0,0.0,0.0,,,,50.0,,,,11.709401709401709,,0.0,,,,
2022_150_4360749,4360749,Thomas Booker,Stanford,Pac-12,DEFENSIVETACKLE,DL,2022,5,7,150,4,8.0,9.0,10.0,89.0,0.0,20.5,159.0,0.0,0.0,1.0,1.0,0.0,0.0,0.0,0.0,0.0,0.0,0.0,0.0,0.0,0.0,0.0,0.0,0.0,0.0,0.0,0.0,0.0,0.0,0.0,0.0,0.0,0.0,0.0,0.0,0.0,0.0,0.0,0.0,,,,,,,,,,,,,,,0.0
2022_151_4373626,4373626,Tyler Allgeier,BYU,FBS Independents,RUNNINGBACK,RB,2022,5,8,151,4,1.0,0.0,0.5,20.0,0.0,1.0,27.0,5.0,2.0,0.0,0.0,0.0,0.0,4.0,0.0,97.0,0.0,0.0,0.0,0.0,0.0,0.0,0.0,0.0,0.0,0.0,0.0,0.0,0.0,0.0,0.0,0.0,0.0,46.0,1.0,437.0,452.0,36.0,2905.0,36.0,,,,57.0,86.0,,,9.5,6.426991150442478,24.25,,,,
2022_152_4360287,4360287,Delarrin Turner-Yell,Oklahoma,Big 12,SAFETY,DB,2022,5,9,152,4,6.0,1.0,0.5,136.0,0.0,10.0,190.0,0.0,0.0,0.0,4.0,0.0,42.0,0.0,0.0,0.0,0.0,0.0,0.0,0.0,0.0,0.0,0.0,0.0,0.0,0.0,0.0,0.0,0.0,0.0,0.0,0.0,0.0,0.0,0.0,0.0,0.0,0.0,0.0,,,,,,,,,,,,,,,10.5
2022_153_4245185,4245185,Tariq Woolen,UTSA,Conference USA,CORNERBACK,DB,2022,5,10,153,5,9.0,3.0,1.5,38.0,0.0,5.0,63.0,0.0,0.0,0.0,2.0,0.0,0.0,0.0,0.0,0.0,0.0,0.0,0.0,0.0,0.0,0.0,0.0,0.0,0.0,0.0,0.0,0.0,0.0,0.0,0.0,0.0,0.0,24.0,1.0,263.0,0.0,0.0,0.0,,,,,33.0,,,,10.958333333333334,,,,,,0.0
2022_154_4567246,4567246,Snoop Conner,Ole Miss,SEC,RUNNINGBACK,RB,2022,5,11,154,3,1.0,0.0,0.0,3.0,0.0,0.0,4.0,4.0,3.0,0.0,0.0,0.0,0.0,3.0,0.0,40.0,0.0,0.0,0.0,0.0,0.0,0.0,0.0,0.0,0.0,0.0,0.0,0.0,0.0,0.0,0.0,0.0,0.0,32.0,0.0,225.0,304.0,26.0,1580.0,20.0,,,,27.0,84.0,,,7.03125,5.197368421052632,13.333333333333334,,,,
2022_156_4372019,4372019,Jerome Ford,Cincinnati,American Athletic,RUNNINGBACK,RB,2022,5,13,156,4,0.0,0.0,0.0,3.0,0.0,0.0,5.0,7.0,4.0,0.0,0.0,0.0,0.0,0.0,0.0,0.0,0.0,0.0,0.0,0.0,0.0,0.0,0.0,0.0,0.0,0.0,0.0,0.0,0.0,0.0,0.0,0.0,0.0,31.0,1.0,282.0,319.0,30.0,1953.0,,,,,34.0,79.0,,,9.096774193548388,6.122257053291536,,,,,
2022_157_4250392,4250392,Zyon McCollum,Sam Houston,Southland,CORNERBACK,DB,2022,5,14,157,1,2.0,0.0,0.0,6.0,0.0,0.0,6.0,0.0,0.0,0.0,0.0,0.0,0.0,0.0,0.0,0.0,0.0,0.0,0.0,0.0,0.0,0.0,0.0,0.0,0.0,0.0,0.0,0.0,0.0,0.0,0.0,0.0,0.0,0.0,0.0,0.0,0.0,0.0,0.0,,,,,,,,,,,,,,,
2022_158_4361340,4361340,Tyreke Smith,Ohio State,Big Ten,DEFENSIVEEND,DL,2022,5,15,158,4,5.0,9.0,7.0,28.0,0.0,11.0,55.0,0.0,0.0,0.0,0.0,0.0,0.0,0.0,0.0,0.0,0.0,0.0,0.0,0.0,0.0,0.0,0.0,0.0,0.0,0.0,1.0,0.0,-3.0,0.0,0.0,0.0,0.0,0.0,0.0,0.0,0.0,0.0,0.0,,,-3.0,,,,,,,,,-3.0,,,
2022_159_4050971,4050971,Eric Johnson,Missouri State,MVFC,DEFENSIVETACKLE,DL,2022,5,16,159,3,0.0,1.0,0.0,4.0,0.0,1.0,7.0,0.0,0.0,1.0,0.0,0.0,0.0,0.0,0.0,0.0,0.0,0.0,0.0,0.0,0.0,0.0,0.0,0.0,0.0,0.0,0.0,0.0,0.0,0.0,0.0,0.0,0.0,0.0,0.0,0.0,0.0,0.0,0.0,,,,,,,,,,,,,,,
2022_160_4367210,4367210,Otito Ogbonnia,UCLA,Pac-12,DEFENSIVETACKLE,DL,2022,5,17,160,4,6.0,4.0,4.5,40.0,0.0,8.5,76.0,0.0,0.0,1.0,0.0,0.0,0.0,0.0,0.0,0.0,0.0,0.0,0.0,0.0,0.0,0.0,0.0,0.0,0.0,0.0,0.0,0.0,0.0,0.0,0.0,0.0,0.0,0.0,0.0,0.0,0.0,0.0,0.0,,,,,,,,,,,,,,,
2022_161_4241007,4241007,D'Marco Jackson,App State,Sun Belt,INSIDELINEBACKER,LB,2022,5,18,161,4,14.0,18.0,11.5,132.0,1.0,33.5,289.0,1.0,1.0,1.0,3.0,0.0,50.0,0.0,0.0,0.0,0.0,0.0,0.0,0.0,0.0,0.0,0.0,0.0,0.0,0.0,1.0,1.0,31.0,0.0,0.0,0.0,0.0,0.0,0.0,0.0,1.0,0.0,5.0,,,16.0,,,5.0,,,,5.0,,31.0,,,16.666666666666668
2022_162_4248822,4248822,Montrell Washington,Samford,Southern,WIDERECEIVER,WR,2022,5,19,162,3,0.0,0.0,0.0,0.0,1.0,0.0,0.0,2.0,0.0,0.0,0.0,0.0,0.0,5.0,0.0,179.0,0.0,0.0,0.0,0.0,0.0,1.0,1.0,0.0,0.0,16.0,0.0,0.0,0.0,0.0,0.0,0.0,0.0,10.0,1.0,124.0,7.0,1.0,26.0,98.0,,,,39.0,17.0,1.0,16.0,12.4,3.7142857142857144,35.8,,,,
2022_163_4367175,4367175,Kyle Philips,UCLA,Pac-12,WIDERECEIVER,WR,2022,5,20,163,4,0.0,0.0,0.0,3.0,2.0,0.5,4.0,2.0,1.0,0.0,0.0,0.0,0.0,0.0,0.0,0.0,0.0,0.0,0.0,0.0,0.0,0.0,0.0,0.0,0.0,0.0,25.0,2.0,473.0,0.0,0.0,0.0,0.0,163.0,17.0,1821.0,5.0,0.0,47.0,,,82.0,,75.0,29.0,,,11.171779141104295,9.4,,18.92,,,
2022_164_4430737,4430737,Kyren Williams,Notre Dame,FBS Independents,RUNNINGBACK,RB,2022,5,21,164,3,0.0,0.0,0.0,1.0,0.0,0.0,1.0,8.0,4.0,0.0,0.0,0.0,0.0,4.0,0.0,64.0,0.0,0.0,0.0,0.0,0.0,0.0,0.0,0.0,0.0,0.0,14.0,0.0,151.0,0.0,0.0,0.0,0.0,78.0,4.0,675.0,419.0,27.0,2153.0,29.0,,47.0,,75.0,91.0,,,8.653846153846153,5.138424821002387,16.0,10.785714285714286,,,
2022_165_4240759,4240759,Esezi Otomewo,Minnesota,Big Ten,DEFENSIVEEND,DL,2022,5,22,165,4,0.0,6.0,6.5,48.0,0.0,11.5,79.0,0.0,0.0,1.0,0.0,0.0,0.0,0.0,0.0,0.0,0.0,0.0,0.0,0.0,0.0,0.0,0.0,0.0,0.0,0.0,0.0,0.0,0.0,0.0,0.0,0.0,0.0,0.0,0.0,0.0,0.0,0.0,0.0,,,,,,,,,,,,,,,
2022_166_4257240,4257240,Tycen Anderson,Toledo,Mid-American,SAFETY,DB,2022,5,23,166,5,16.0,1.0,2.0,131.0,0.0,9.0,233.0,0.0,0.0,0.0,2.0,0.0,0.0,1.0,0.0,0.0,0.0,0.0,0.0,0.0,0.0,0.0,0.0,0.0,0.0,0.0,0.0,0.0,0.0,0.0,0.0,0.0,0.0,0.0,0.0,0.0,0.0,0.0,0.0,0.0,,,,,,,,,,0.0,,,,0.0
2022_167_4248911,4248911,Daron Bland,Sacramento State,Big Sky,CORNERBACK,DB,2022,5,24,167,3,6.0,0.0,0.0,43.0,0.0,2.0,55.0,0.0,0.0,1.0,2.0,0.0,38.0,0.0,0.0,0.0,0.0,0.0,0.0,0.0,0.0,0.0,0.0,0.0,0.0,0.0,0.0,0.0,0.0,0.0,0.0,0.0,0.0,0.0,0.0,0.0,0.0,0.0,0.0,,,,,,,,,,,,,,,19.0
2022_169_4242431,4242431,Ty Chandler,Tennessee,SEC,RUNNINGBACK,RB,2022,5,26,169,5,0.0,0.0,0.0,2.0,1.0,0.0,2.0,5.0,4.0,0.0,0.0,0.0,0.0,45.0,1.0,850.0,0.0,0.0,0.0,0.0,0.0,0.0,0.0,0.0,0.0,0.0,0.0,0.0,0.0,0.0,0.0,0.0,0.0,73.0,4.0,681.0,603.0,26.0,3138.0,91.0,,,,75.0,81.0,,,9.32876712328767,5.203980099502488,18.88888888888889,,,,
2022_170_4374045,4374045,Teagan Quitoriano,Oregon State,Pac-12,TIGHTEND,TE,2022,5,27,170,4,0.0,0.0,0.0,3.0,0.0,0.0,5.0,1.0,0.0,0.0,0.0,0.0,0.0,0.0,0.0,0.0,0.0,0.0,0.0,0.0,0.0,0.0,0.0,0.0,0.0,0.0,0.0,0.0,0.0,0.0,0.0,0.0,0.0,40.0,6.0,512.0,0.0,0.0,0.0,,,,,46.0,,,,12.8,,,,,,
2022_171_4039018,4039018,Luke Wattenberg,Washington,Pac-12,CENTER,OL,2022,5,28,171,3,0.0,0.0,0.0,3.0,0.0,0.0,3.0,0.0,0.0,0.0,0.0,0.0,0.0,0.0,0.0,0.0,0.0,0.0,0.0,0.0,0.0,0.0,0.0,0.0,0.0,0.0,0.0,0.0,0.0,0.0,0.0,0.0,0.0,0.0,0.0,0.0,0.0,0.0,0.0,,,,,,,,,,,,,,,
2022_172_4280416,4280416,Sam Womack,Toledo,Mid-American,CORNERBACK,DB,2022,5,29,172,5,39.0,1.0,0.5,87.0,0.0,4.5,125.0,1.0,0.0,1.0,5.0,0.0,63.0,1.0,0.0,0.0,0.0,0.0,0.0,0.0,0.0,0.0,0.0,0.0,0.0,0.0,1.0,0.0,0.0,0.0,0.0,0.0,0.0,0.0,0.0,0.0,0.0,0.0,0.0,0.0,,0.0,,,,,,,,0.0,0.0,,,12.6
2022_174_4244300,4244300,Dominique Robinson,Miami (OH),Mid-American,OUTSIDELINEBACKER,LB,2022,5,31,174,4,1.0,4.0,6.5,18.0,0.0,11.0,37.0,0.0,0.0,0.0,0.0,0.0,0.0,0.0,0.0,0.0,0.0,0.0,0.0,0.0,0.0,0.0,0.0,0.0,0.0,0.0,0.0,0.0,0.0,0.0,0.0,0.0,0.0,27.0,4.0,452.0,0.0,0.0,0.0,,,,,46.0,,,,16.74074074074074,,,,,,
2022_175_4242457,4242457,Matthew Butler,Tennessee,SEC,DEFENSIVETACKLE,DL,2022,5,32,175,5,3.0,12.0,9.5,68.0,0.0,16.0,152.0,0.0,0.0,0.0,0.0,0.0,0.0,0.0,0.0,0.0,0.0,0.0,0.0,0.0,0.0,0.0,0.0,0.0,0.0,0.0,0.0,0.0,0.0,0.0,0.0,0.0,0.0,0.0,0.0,0.0,0.0,0.0,0.0,,,,,,,,,,,,,,,
2022_176_4362636,4362636,Damone Clark,LSU,SEC,INSIDELINEBACKER,LB,2022,5,33,176,4,4.0,5.0,10.0,121.0,0.0,23.0,249.0,0.0,0.0,1.0,1.0,0.0,0.0,0.0,0.0,0.0,0.0,0.0,0.0,0.0,0.0,0.0,0.0,0.0,0.0,0.0,0.0,0.0,0.0,0.0,0.0,0.0,0.0,0.0,0.0,0.0,0.0,0.0,0.0,,,,,,,,,,,,,,,0.0
2022_177_4361988,4361988,James Mitchell,Virginia Tech,ACC,TIGHTEND,TE,2022,5,34,177,3,0.0,0.0,0.0,0.0,0.0,0.0,0.0,1.0,1.0,0.0,0.0,0.0,0.0,0.0,0.0,0.0,0.0,0.0,0.0,0.0,0.0,0.0,0.0,0.0,0.0,0.0,4.0,0.0,25.0,0.0,0.0,0.0,0.0,52.0,7.0,840.0,7.0,5.0,9.0,,,14.0,,67.0,3.0,,,16.153846153846153,1.2857142857142858,,6.25,,,
2022_178_4248047,4248047,John Ridgeway,Illinois State,MVFC,DEFENSIVETACKLE,DL,2022,5,35,178,3,2.0,1.0,2.0,15.0,0.0,5.5,51.0,0.0,0.0,0.0,0.0,0.0,0.0,0.0,0.0,0.0,0.0,0.0,0.0,0.0,0.0,0.0,0.0,0.0,0.0,0.0,0.0,0.0,0.0,0.0,0.0,0.0,0.0,0.0,0.0,0.0,0.0,0.0,0.0,,,,,,,,,,,,,,,
2022_179_4362840,4362840,Kingsley Enagbare,South Carolina,SEC,OUTSIDELINEBACKER,LB,2022,5,36,179,5,4.0,19.0,15.0,74.0,0.0,24.0,123.0,0.0,0.0,1.0,0.0,0.0,0.0,0.0,0.0,0.0,0.0,0.0,0.0,0.0,0.0,0.0,0.0,0.0,0.0,0.0,0.0,0.0,0.0,0.0,0.0,0.0,0.0,0.0,0.0,0.0,0.0,0.0,0.0,,,,,,,,,,,,,,,
2022_180_4361496,4361496,Matt Araiza,San Diego State,Mountain West,PUNTER,ST,2022,6,1,180,4,0.0,0.0,0.0,5.0,0.0,0.0,6.0,0.0,0.0,0.0,0.0,0.0,0.0,0.0,0.0,0.0,68.0,50.0,246.0,97.0,96.0,0.0,0.0,0.0,0.0,0.0,0.0,0.0,0.0,40.0,85.0,15.0,4329.0,0.0,0.0,0.0,0.0,0.0,0.0,,53.0,,86.0,,,,,,,,,50.92941176470588,0.7352941176470589,
2022_181_4241302,4241302,Kyron Johnson,Kansas,Big 12,INSIDELINEBACKER,LB,2022,6,2,181,5,5.0,14.0,12.5,128.0,0.0,23.0,195.0,0.0,0.0,3.0,0.0,0.0,0.0,0.0,0.0,0.0,0.0,0.0,0.0,0.0,0.0,0.0,0.0,0.0,0.0,0.0,0.0,0.0,0.0,0.0,0.0,0.0,0.0,0.0,0.0,0.0,0.0,0.0,0.0,,,,,,,,,,,,,,,
2022_182_4239121,4239121,Darrian Beavers,UConn,American Athletic,INSIDELINEBACKER,LB,2022,6,3,182,5,6.0,6.0,13.5,129.0,0.0,27.5,230.0,0.0,0.0,2.0,3.0,0.0,8.0,0.0,0.0,0.0,0.0,0.0,0.0,0.0,0.0,0.0,0.0,0.0,0.0,0.0,0.0,0.0,0.0,0.0,0.0,0.0,0.0,0.0,0.0,0.0,0.0,0.0,0.0,,,,,,,,,,,,,,,2.6666666666666665
2022_183_4570674,4570674,Kevin Harris,South Carolina,SEC,RUNNINGBACK,RB,2022,6,4,183,3,0.0,0.0,0.0,2.0,0.0,0.0,2.0,1.0,0.0,0.0,0.0,0.0,0.0,0.0,0.0,0.0,0.0,0.0,0.0,0.0,0.0,0.0,0.0,0.0,0.0,0.0,0.0,0.0,0.0,0.0,0.0,0.0,0.0,35.0,1.0,274.0,354.0,22.0,1893.0,,,,,30.0,75.0,,,7.828571428571428,5.3474576271186445,,,,,
2022_188_4241411,4241411,Malcolm Rodriguez,Oklahoma State,Big 12,INSIDELINEBACKER,LB,2022,6,9,188,5,11.0,20.0,7.5,254.0,1.0,35.0,408.0,0.0,0.0,5.0,2.0,1.0,37.0,0.0,0.0,0.0,0.0,0.0,0.0,0.0,0.0,0.0,0.0,0.0,0.0,0.0,0.0,0.0,0.0,0.0,0.0,0.0,0.0,0.0,0.0,0.0,0.0,0.0,0.0,,,,,,,,,,,,,,,18.5
2022_189_4568439,4568439,Amare Barno,Virginia Tech,ACC,OUTSIDELINEBACKER,LB,2022,6,10,189,2,3.0,13.0,10.0,48.0,0.0,21.5,78.0,0.0,0.0,1.0,0.0,0.0,0.0,0.0,0.0,0.0,0.0,0.0,0.0,0.0,0.0,0.0,0.0,0.0,0.0,0.0,0.0,0.0,0.0,0.0,0.0,0.0,0.0,0.0,0.0,0.0,0.0,0.0,0.0,,,,,,,,,,,,,,,
2022_190_4259565,4259565,Justin Shaffer,Georgia,SEC,OFFENSIVEGUARD,OL,2022,6,11,190,1,0.0,0.0,0.0,1.0,0.0,0.0,1.0,0.0,0.0,0.0,0.0,0.0,0.0,0.0,0.0,0.0,0.0,0.0,0.0,0.0,0.0,0.0,0.0,0.0,0.0,0.0,0.0,0.0,0.0,0.0,0.0,0.0,0.0,0.0,0.0,0.0,0.0,0.0,0.0,,,,,,,,,,,,,,,
2022_191_4382466,4382466,Jalen Nailor,Michigan State,Big Ten,WIDERECEIVER,WR,2022,6,12,191,4,0.0,0.0,0.0,6.0,0.0,0.0,6.0,1.0,1.0,0.0,0.0,0.0,0.0,10.0,0.0,179.0,0.0,0.0,0.0,0.0,0.0,0.0,0.0,0.0,0.0,0.0,8.0,0.0,49.0,0.0,0.0,0.0,0.0,86.0,12.0,1454.0,18.0,1.0,161.0,28.0,,17.0,,75.0,75.0,,,16.906976744186046,8.944444444444445,17.9,6.125,,,
2022_193_4038436,4038436,Devin Harper,Oklahoma State,Big 12,INSIDELINEBACKER,LB,2022,6,14,193,6,3.0,22.0,13.5,140.0,1.0,26.5,215.0,0.0,0.0,3.0,2.0,1.0,15.0,0.0,0.0,0.0,0.0,0.0,0.0,0.0,0.0,0.0,0.0,0.0,0.0,0.0,1.0,0.0,12.0,0.0,0.0,0.0,0.0,0.0,0.0,0.0,0.0,0.0,0.0,,,12.0,,,,,,,,,12.0,,,7.5
2022_194_4261090,4261090,Jordan Jackson,Air Force,Mountain West,DEFENSIVETACKLE,DL,2022,6,15,194,4,5.0,6.0,13.5,63.0,0.0,26.5,125.0,0.0,0.0,0.0,0.0,0.0,0.0,0.0,0.0,0.0,0.0,0.0,0.0,0.0,0.0,0.0,0.0,0.0,0.0,0.0,0.0,0.0,0.0,0.0,0.0,0.0,0.0,0.0,0.0,0.0,0.0,0.0,0.0,,,,,,,,,,,,,,,
2022_196_4362748,4362748,Tyler Badie,Missouri,SEC,RUNNINGBACK,RB,2022,6,18,196,4,0.0,0.0,0.0,5.0,0.0,0.0,5.0,2.0,2.0,0.0,0.0,0.0,0.0,27.0,0.0,525.0,0.0,0.0,0.0,0.0,0.0,0.0,0.0,0.0,0.0,0.0,0.0,0.0,0.0,0.0,0.0,0.0,0.0,126.0,11.0,1149.0,512.0,23.0,2739.0,39.0,,,,74.0,73.0,,,9.11904761904762,5.349609375,19.444444444444443,,,,
2022_198_4241374,4241374,Grant Calcaterra,SMU,American Athletic,TIGHTEND,TE,2022,6,20,198,4,0.0,0.0,0.0,2.0,0.0,0.0,2.0,1.0,1.0,0.0,0.0,0.0,0.0,0.0,0.0,0.0,0.0,0.0,0.0,0.0,0.0,0.0,0.0,0.0,0.0,0.0,0.0,0.0,0.0,0.0,0.0,0.0,0.0,79.0,13.0,1102.0,0.0,0.0,0.0,,,,,35.0,,,,13.949367088607596,,,,,,
2022_199_4361788,4361788,Cade Mays,Tennessee,SEC,OFFENSIVEGUARD,OL,2022,6,21,199,1,0.0,0.0,0.0,1.0,0.0,0.0,1.0,0.0,0.0,0.0,0.0,0.0,0.0,0.0,0.0,0.0,0.0,0.0,0.0,0.0,0.0,0.0,0.0,0.0,0.0,0.0,0.0,0.0,0.0,0.0,0.0,0.0,0.0,0.0,0.0,0.0,0.0,0.0,0.0,,,,,,,,,,,,,,,
2022_201_4362087,4362087,Keaontay Ingram,USC,Pac-12,RUNNINGBACK,RB,2022,6,23,201,4,0.0,0.0,0.0,0.0,0.0,0.0,0.0,4.0,3.0,0.0,0.0,0.0,0.0,0.0,0.0,0.0,0.0,0.0,0.0,0.0,0.0,1.0,0.0,0.0,0.0,0.0,0.0,0.0,0.0,0.0,0.0,0.0,0.0,89.0,6.0,671.0,495.0,16.0,2722.0,,,,,52.0,68.0,0.0,0.0,7.53932584269663,5.498989898989899,,,,,
2022_202_4360174,4360174,Michael Woods,Oklahoma,Big 12,WIDERECEIVER,WR,2022,6,24,202,4,0.0,0.0,0.0,3.0,0.0,0.0,4.0,0.0,0.0,0.0,0.0,0.0,0.0,0.0,0.0,0.0,0.0,0.0,0.0,0.0,0.0,0.0,0.0,0.0,0.0,0.0,0.0,0.0,0.0,0.0,0.0,0.0,0.0,117.0,12.0,1631.0,2.0,0.0,4.0,,,,,82.0,2.0,,,13.94017094017094,2.0,,,,,
2022_203_4259169,4259169,Trestan Ebner,Baylor,Big 12,RUNNINGBACK,RB,2022,6,25,203,5,0.0,0.0,0.0,2.0,3.0,0.0,2.0,7.0,5.0,0.0,0.0,0.0,0.0,47.0,3.0,1187.0,0.0,0.0,0.0,0.0,0.0,2.0,1.0,1.0,0.0,-4.0,28.0,1.0,190.0,0.0,0.0,0.0,0.0,127.0,11.0,1515.0,343.0,9.0,1693.0,100.0,,50.0,,81.0,58.0,0.5,-2.0,11.929133858267717,4.9358600583090375,25.25531914893617,6.785714285714286,,,
2022_204_4242436,4242436,Theo Jackson,Tennessee,SEC,SAFETY,DB,2022,6,26,204,5,17.0,4.0,1.5,107.0,1.0,12.0,190.0,0.0,0.0,1.0,3.0,1.0,91.0,0.0,0.0,0.0,0.0,0.0,0.0,0.0,0.0,0.0,0.0,0.0,0.0,0.0,2.0,0.0,14.0,0.0,0.0,0.0,0.0,0.0,0.0,0.0,0.0,0.0,0.0,,,8.0,,,,,,,,,7.0,,,30.333333333333332
2022_205_4242229,4242229,Austin Deculus,LSU,SEC,OFFENSIVETACKLE,OL,2022,6,27,205,1,0.0,0.0,0.0,1.0,0.0,0.0,1.0,0.0,0.0,0.0,0.0,0.0,0.0,0.0,0.0,0.0,0.0,0.0,0.0,0.0,0.0,0.0,0.0,0.0,0.0,0.0,0.0,0.0,0.0,0.0,0.0,0.0,0.0,0.0,0.0,0.0,0.0,0.0,0.0,,,,,,,,,,,,,,,
2022_206_4242358,4242358,Matt Henningsen,Wisconsin,Big Ten,DEFENSIVETACKLE,DL,2022,6,28,206,4,4.0,5.0,8.5,37.0,2.0,13.0,88.0,0.0,0.0,3.0,0.0,0.0,0.0,0.0,0.0,0.0,0.0,0.0,0.0,0.0,0.0,0.0,0.0,0.0,0.0,0.0,0.0,0.0,0.0,0.0,0.0,0.0,0.0,0.0,0.0,0.0,0.0,0.0,0.0,,,,,,,,,,,,,,,
2022_207_4047178,4047178,Doug Kramer,Illinois,Big Ten,CENTER,OL,2022,6,29,207,1,0.0,0.0,0.0,1.0,0.0,0.0,1.0,0.0,0.0,0.0,0.0,0.0,0.0,0.0,0.0,0.0,0.0,0.0,0.0,0.0,0.0,0.0,0.0,0.0,0.0,0.0,0.0,0.0,0.0,0.0,0.0,0.0,0.0,0.0,0.0,0.0,0.0,0.0,0.0,,,,,,,,,,,,,,,
2022_208_4241961,4241961,Connor Heyward,Michigan State,Big Ten,FULLBACK,RB,2022,6,30,208,5,0.0,0.0,0.0,3.0,0.0,0.0,3.0,3.0,1.0,0.0,0.0,0.0,0.0,34.0,0.0,721.0,0.0,0.0,0.0,0.0,0.0,2.0,1.0,0.0,0.0,36.0,1.0,0.0,6.0,0.0,0.0,0.0,0.0,96.0,6.0,711.0,211.0,5.0,825.0,55.0,,6.0,,36.0,80.0,0.5,18.0,7.40625,3.909952606635071,21.205882352941178,6.0,,,
2022_209_4361979,4361979,Luke Tenuta,Virginia Tech,ACC,OFFENSIVETACKLE,OL,2022,6,31,209,1,0.0,0.0,0.0,2.0,0.0,0.0,2.0,0.0,0.0,0.0,0.0,0.0,0.0,0.0,0.0,0.0,0.0,0.0,0.0,0.0,0.0,0.0,0.0,0.0,0.0,0.0,0.0,0.0,0.0,0.0,0.0,0.0,0.0,0.0,0.0,0.0,0.0,0.0,0.0,,,,,,,,,,,,,,,
2022_210_4362642,4362642,Chasen Hines,LSU,SEC,OFFENSIVEGUARD,OL,2022,6,32,210,1,0.0,0.0,0.0,1.0,0.0,0.0,1.0,0.0,0.0,0.0,0.0,0.0,0.0,0.0,0.0,0.0,0.0,0.0,0.0,0.0,0.0,0.0,0.0,0.0,0.0,0.0,0.0,0.0,0.0,0.0,0.0,0.0,0.0,0.0,0.0,0.0,0.0,0.0,0.0,,,,,,,,,,,,,,,
2022_211_4249128,4249128,Quentin Lake,UCLA,Pac-12,SAFETY,DB,2022,6,33,211,5,15.0,4.0,0.0,128.0,0.0,4.0,179.0,0.0,0.0,0.0,6.0,0.0,35.0,0.0,0.0,0.0,0.0,0.0,0.0,0.0,0.0,0.0,0.0,0.0,0.0,0.0,0.0,0.0,0.0,0.0,0.0,0.0,0.0,0.0,0.0,0.0,0.0,0.0,0.0,,,,,,,,,,,,,,,5.833333333333333
2022_212_4360307,4360307,Derion Kendrick,Georgia,SEC,CORNERBACK,DB,2022,6,34,212,4,14.0,0.0,1.0,67.0,1.0,6.0,104.0,3.0,0.0,2.0,7.0,1.0,66.0,15.0,0.0,350.0,0.0,0.0,0.0,0.0,0.0,1.0,0.0,0.0,0.0,0.0,10.0,0.0,15.0,0.0,0.0,0.0,0.0,15.0,0.0,210.0,5.0,0.0,36.0,40.0,,9.0,,38.0,25.0,0.0,0.0,14.0,7.2,23.333333333333332,1.5,,,9.428571428571429
2022_213_4379401,4379401,John FitzPatrick,Georgia,SEC,TIGHTEND,TE,2022,6,35,213,3,0.0,0.0,0.0,1.0,0.0,0.0,1.0,0.0,0.0,0.0,0.0,0.0,0.0,0.0,0.0,0.0,0.0,0.0,0.0,0.0,0.0,0.0,0.0,0.0,0.0,0.0,0.0,0.0,0.0,0.0,0.0,0.0,0.0,17.0,1.0,200.0,0.0,0.0,0.0,,,,,28.0,,,,11.764705882352942,,,,,,
2022_214_4240434,4240434,Ja'Sir Taylor,Wake Forest,ACC,CORNERBACK,DB,2022,6,36,214,5,24.0,1.0,1.0,153.0,2.0,8.0,185.0,1.0,0.0,3.0,6.0,1.0,93.0,8.0,1.0,210.0,0.0,0.0,0.0,0.0,0.0,0.0,0.0,0.0,0.0,0.0,2.0,0.0,25.0,0.0,0.0,0.0,0.0,0.0,0.0,0.0,0.0,0.0,0.0,99.0,,25.0,,,,,,,,26.25,12.5,,,15.5
2022_216_4037474,4037474,Curtis Brooks,Cincinnati,American Athletic,DEFENSIVETACKLE,DL,2022,6,38,216,5,2.0,11.0,12.0,86.0,0.0,22.5,162.0,0.0,0.0,2.0,0.0,0.0,0.0,0.0,0.0,0.0,0.0,0.0,0.0,0.0,0.0,0.0,0.0,0.0,0.0,0.0,0.0,0.0,0.0,0.0,0.0,0.0,0.0,0.0,0.0,0.0,0.0,0.0,0.0,,,,,,,,,,,,,,,
2022_217_4240608,4240608,James Houston IV,Jackson State,SWAC,OUTSIDELINEBACKER,LB,2022,6,39,217,4,0.0,2.0,4.5,51.0,0.0,12.0,104.0,0.0,0.0,4.0,0.0,0.0,0.0,0.0,0.0,0.0,0.0,0.0,0.0,0.0,0.0,0.0,0.0,0.0,0.0,0.0,0.0,0.0,0.0,0.0,0.0,0.0,0.0,0.0,0.0,0.0,0.0,0.0,0.0,,,,,,,,,,,,,,,
2022_218_4034779,4034779,Ko Kieft,Minnesota,Big Ten,TIGHTEND,TE,2022,6,40,218,4,0.0,0.0,0.0,0.0,0.0,0.0,0.0,0.0,0.0,0.0,0.0,0.0,0.0,0.0,0.0,0.0,0.0,0.0,0.0,0.0,0.0,0.0,0.0,0.0,0.0,0.0,1.0,0.0,8.0,0.0,0.0,0.0,0.0,12.0,2.0,166.0,1.0,0.0,-2.0,,,8.0,,37.0,0.0,,,13.833333333333334,-2.0,,8.0,,,
2022_219_4372051,4372051,Chance Campbell,Ole Miss,SEC,INSIDELINEBACKER,LB,2022,6,41,219,4,5.0,11.0,7.5,112.0,1.0,22.5,215.0,0.0,0.0,5.0,1.0,0.0,0.0,0.0,0.0,0.0,0.0,0.0,0.0,0.0,0.0,0.0,0.0,0.0,0.0,0.0,0.0,0.0,0.0,0.0,0.0,0.0,0.0,0.0,0.0,0.0,0.0,0.0,0.0,,,,,,,,,,,,,,,0.0
2022_220_4243541,4243541,Kalia Davis,UCF,American Athletic,DEFENSIVETACKLE,DL,2022,6,42,220,3,2.0,6.0,4.0,32.0,0.0,15.0,60.0,0.0,0.0,1.0,0.0,0.0,0.0,0.0,0.0,0.0,0.0,0.0,0.0,0.0,0.0,0.0,0.0,0.0,0.0,0.0,0.0,0.0,0.0,0.0,0.0,0.0,0.0,0.0,0.0,0.0,0.0,0.0,0.0,,,,,,,,,,,,,,,
2022_221_4259590,4259590,Tariq Castro-Fields,Penn State,Big Ten,CORNERBACK,DB,2022,6,43,221,5,26.0,0.0,1.0,94.0,0.0,10.5,139.0,0.0,0.0,0.0,3.0,0.0,8.0,0.0,0.0,0.0,0.0,0.0,0.0,0.0,0.0,0.0,0.0,0.0,0.0,0.0,2.0,0.0,-2.0,0.0,0.0,0.0,0.0,1.0,0.0,19.0,0.0,0.0,0.0,,,0.0,,19.0,,,,19.0,,,-1.0,,,2.6666666666666665
2022_222_4242149,4242149,Montaric Brown,Arkansas,SEC,CORNERBACK,DB,2022,7,1,222,4,16.0,0.0,0.0,75.0,0.0,4.0,130.0,0.0,0.0,2.0,7.0,0.0,12.0,0.0,0.0,0.0,0.0,0.0,0.0,0.0,0.0,0.0,0.0,0.0,0.0,0.0,0.0,0.0,0.0,0.0,0.0,0.0,0.0,0.0,0.0,0.0,0.0,0.0,0.0,,,,,,,,,,,,,,,1.7142857142857142
2022_223_4241404,4241404,Isaiah Thomas,Oklahoma,Big 12,DEFENSIVEEND,DL,2022,7,2,223,4,7.0,13.0,17.5,44.0,0.0,25.5,80.0,0.0,0.0,3.0,0.0,0.0,0.0,0.0,0.0,0.0,0.0,0.0,0.0,0.0,0.0,0.0,0.0,0.0,0.0,0.0,0.0,0.0,0.0,0.0,0.0,0.0,0.0,0.0,0.0,0.0,0.0,0.0,0.0,,,,,,,,,,,,,,,
2022_224_4035857,4035857,Cameron Goode,California,Pac-12,OUTSIDELINEBACKER,LB,2022,7,3,224,5,9.0,14.0,21.0,98.0,2.0,36.0,172.0,0.0,0.0,2.0,2.0,2.0,70.0,0.0,0.0,0.0,0.0,0.0,0.0,0.0,0.0,0.0,0.0,0.0,0.0,0.0,0.0,0.0,0.0,0.0,0.0,0.0,0.0,1.0,0.0,12.0,0.0,0.0,0.0,,,,,12.0,,,,12.0,,,,,,35.0
2022_225_4249342,4249342,Mark Robinson,Southeast Missouri State,OVC,OUTSIDELINEBACKER,LB,2022,7,4,225,4,0.0,3.0,3.0,42.0,0.0,8.5,91.0,0.0,0.0,0.0,0.0,0.0,0.0,0.0,0.0,0.0,0.0,0.0,0.0,0.0,0.0,0.0,0.0,0.0,0.0,0.0,0.0,0.0,0.0,0.0,0.0,0.0,0.0,2.0,0.0,3.0,30.0,1.0,84.0,,,,,2.0,14.0,,,1.5,2.8,,,,,
2022_227_4249624,4249624,Nick Muse,William & Mary,CAA,TIGHTEND,TE,2022,7,6,227,4,0.0,0.0,0.0,2.0,0.0,0.0,3.0,1.0,1.0,0.0,0.0,0.0,0.0,0.0,0.0,0.0,0.0,0.0,0.0,0.0,0.0,0.0,0.0,0.0,0.0,0.0,0.0,0.0,0.0,0.0,0.0,0.0,0.0,71.0,3.0,897.0,0.0,0.0,0.0,,,,,71.0,,,,12.633802816901408,,,,,,
2022_228_4240486,4240486,Tariq Carpenter,Georgia Tech,ACC,INSIDELINEBACKER,LB,2022,7,7,228,5,17.0,0.0,0.0,154.0,0.0,7.0,223.0,0.0,0.0,0.0,4.0,0.0,49.0,0.0,0.0,0.0,0.0,0.0,0.0,0.0,0.0,0.0,0.0,0.0,0.0,0.0,0.0,0.0,0.0,0.0,0.0,0.0,0.0,0.0,0.0,0.0,0.0,0.0,0.0,,,,,,,,,,,,,,,12.25
2022_229_4259305,4259305,Bo Melton,Rutgers,Big Ten,WIDERECEIVER,WR,2022,7,8,229,5,0.0,0.0,0.0,5.0,1.0,0.0,6.0,1.0,0.0,1.0,0.0,0.0,0.0,11.0,0.0,293.0,0.0,0.0,0.0,0.0,0.0,0.0,0.0,0.0,0.0,0.0,5.0,1.0,96.0,0.0,0.0,0.0,0.0,163.0,11.0,2012.0,25.0,2.0,165.0,53.0,,58.0,,66.0,44.0,,,12.343558282208589,6.6,26.636363636363637,19.2,,,
2022_230_4244615,4244615,Chris Paul,Tulsa,American Athletic,OFFENSIVEGUARD,OL,2022,7,9,230,1,0.0,0.0,0.0,1.0,0.0,0.0,1.0,0.0,0.0,0.0,0.0,0.0,0.0,0.0,0.0,0.0,0.0,0.0,0.0,0.0,0.0,0.0,0.0,0.0,0.0,0.0,0.0,0.0,0.0,0.0,0.0,0.0,0.0,0.0,0.0,0.0,0.0,0.0,0.0,,,,,,,,,,,,,,,
2022_231_4239997,4239997,Baylon Spector,Clemson,ACC,INSIDELINEBACKER,LB,2022,7,10,231,4,2.0,6.0,9.0,97.0,0.0,21.5,190.0,0.0,0.0,3.0,1.0,0.0,3.0,0.0,0.0,0.0,0.0,0.0,0.0,0.0,0.0,0.0,0.0,0.0,0.0,0.0,0.0,0.0,0.0,0.0,0.0,0.0,0.0,0.0,0.0,0.0,0.0,0.0,0.0,,,,,,,,,,,,,,,3.0
2022_232_4242333,4242333,Faion Hicks,Wisconsin,Big Ten,CORNERBACK,DB,2022,7,11,232,4,16.0,1.0,0.0,84.0,0.0,2.0,105.0,0.0,0.0,0.0,1.0,0.0,0.0,1.0,0.0,0.0,0.0,0.0,0.0,0.0,0.0,0.0,0.0,0.0,0.0,0.0,0.0,0.0,0.0,0.0,0.0,0.0,0.0,0.0,0.0,0.0,0.0,0.0,0.0,0.0,,,,,,,,,,0.0,,,,0.0
2022_234_4259762,4259762,Jonathan Ford,Miami,ACC,DEFENSIVETACKLE,DL,2022,7,13,234,5,1.0,2.0,3.0,21.0,0.0,8.0,60.0,0.0,0.0,0.0,0.0,0.0,0.0,0.0,0.0,0.0,0.0,0.0,0.0,0.0,0.0,0.0,0.0,0.0,0.0,0.0,0.0,0.0,0.0,0.0,0.0,0.0,0.0,0.0,0.0,0.0,0.0,0.0,0.0,,,,,,,,,,,,,,,
2022_236_4690171,4690171,Deane Leonard,Ole Miss,SEC,CORNERBACK,DB,2022,7,15,236,2,10.0,0.0,0.0,36.0,0.0,1.0,62.0,0.0,0.0,2.0,0.0,0.0,0.0,0.0,0.0,0.0,0.0,0.0,0.0,0.0,0.0,0.0,0.0,0.0,0.0,0.0,0.0,0.0,0.0,0.0,0.0,0.0,0.0,0.0,0.0,0.0,0.0,0.0,0.0,,,,,,,,,,,,,,,
2022_237_4047846,4047846,Chase Lucas,Arizona State,Pac-12,CORNERBACK,DB,2022,7,16,237,5,27.0,0.0,2.0,178.0,0.0,12.0,211.0,0.0,0.0,1.0,6.0,0.0,45.0,0.0,0.0,0.0,0.0,0.0,0.0,0.0,0.0,0.0,0.0,0.0,0.0,0.0,1.0,0.0,3.0,0.0,0.0,0.0,0.0,0.0,0.0,0.0,0.0,0.0,0.0,,,3.0,,,,,,,,,3.0,,,7.5
2022_238_4242001,4242001,Thayer Munford,Ohio State,Big Ten,OFFENSIVETACKLE,OL,2022,7,17,238,1,0.0,0.0,0.0,0.0,0.0,0.0,0.0,0.0,0.0,1.0,0.0,0.0,0.0,0.0,0.0,0.0,0.0,0.0,0.0,0.0,0.0,0.0,0.0,0.0,0.0,0.0,0.0,0.0,0.0,0.0,0.0,0.0,0.0,0.0,0.0,0.0,0.0,0.0,0.0,,,,,,,,,,,,,,,
2022_240_4035105,4035105,Christian Holmes,Oklahoma State,Big 12,CORNERBACK,DB,2022,7,19,240,5,29.0,0.0,0.0,102.0,1.0,7.0,128.0,0.0,0.0,0.0,3.0,1.0,44.0,0.0,0.0,0.0,0.0,0.0,0.0,0.0,0.0,0.0,0.0,0.0,0.0,0.0,0.0,0.0,0.0,0.0,0.0,0.0,0.0,0.0,0.0,0.0,0.0,0.0,0.0,,,,,,,,,,,,,,,14.666666666666666
2022_241_4044111,4044111,Chris Oladokun,South Florida,American Athletic,QUARTERBACK,QB,2022,7,20,241,3,0.0,0.0,0.0,1.0,0.0,0.0,1.0,5.0,3.0,0.0,0.0,0.0,0.0,0.0,0.0,0.0,0.0,0.0,0.0,0.0,0.0,73.0,41.0,1.0,5.0,521.0,0.0,0.0,0.0,0.0,0.0,0.0,0.0,0.0,0.0,0.0,28.0,1.0,39.0,,,,,,22.0,0.5616438356164384,7.136986301369863,,1.3928571428571428,,,,,
2022_242_4373017,4373017,Kalon Barnes,Baylor,Big 12,CORNERBACK,DB,2022,7,21,242,4,14.0,0.0,0.0,52.0,0.0,2.5,68.0,0.0,0.0,0.0,3.0,0.0,18.0,0.0,0.0,0.0,0.0,0.0,0.0,0.0,0.0,0.0,0.0,0.0,0.0,0.0,0.0,0.0,0.0,0.0,0.0,0.0,0.0,0.0,0.0,0.0,0.0,0.0,0.0,,,,,,,,,,,,,,,6.0
2022_243_4697639,4697639,Jaylen Watson,Washington State,Pac-12,CORNERBACK,DB,2022,7,22,243,2,5.0,0.0,0.0,34.0,0.0,2.0,44.0,0.0,0.0,7.0,2.0,0.0,11.0,0.0,0.0,0.0,0.0,0.0,0.0,0.0,0.0,0.0,0.0,0.0,0.0,0.0,0.0,0.0,0.0,0.0,0.0,0.0,0.0,0.0,0.0,0.0,0.0,0.0,0.0,,,,,,,,,,,,,,,5.5
2022_246_4241848,4241848,Dawson Deaton,Texas Tech,Big 12,CENTER,OL,2022,7,25,246,2,0.0,0.0,0.0,2.0,0.0,0.0,2.0,0.0,0.0,0.0,0.0,0.0,0.0,0.0,0.0,0.0,0.0,0.0,0.0,0.0,0.0,0.0,0.0,0.0,0.0,0.0,0.0,0.0,0.0,0.0,0.0,0.0,0.0,0.0,0.0,0.0,0.0,0.0,0.0,,,,,,,,,,,,,,,
2022_247_4036419,4036419,Skylar John Thompson,Kansas State,Big 12,QUARTERBACK,QB,2022,7,26,247,5,0.0,0.0,0.0,2.0,0.0,0.0,2.0,16.0,5.0,0.0,0.0,0.0,0.0,0.0,0.0,0.0,0.0,0.0,0.0,0.0,0.0,885.0,552.0,16.0,43.0,7131.0,0.0,0.0,0.0,0.0,0.0,0.0,0.0,0.0,0.0,0.0,354.0,26.0,1087.0,,,,,,61.0,0.6237288135593221,8.057627118644067,,3.0706214689265536,,,,,
2022_248_4035453,4035453,Andre Anthony,LSU,SEC,DEFENSIVEEND,DL,2022,7,27,248,4,2.0,6.0,10.5,25.0,0.0,11.0,55.0,0.0,0.0,3.0,0.0,0.0,0.0,0.0,0.0,0.0,0.0,0.0,0.0,0.0,0.0,0.0,0.0,0.0,0.0,0.0,0.0,0.0,0.0,0.0,0.0,0.0,0.0,0.0,0.0,0.0,0.0,0.0,0.0,,,,,,,,,,,,,,,
2022_249_4361429,4361429,Rasheed Walker,Penn State,Big Ten,OFFENSIVETACKLE,OL,2022,7,28,249,1,0.0,0.0,0.0,1.0,0.0,0.0,1.0,0.0,0.0,0.0,0.0,0.0,0.0,0.0,0.0,0.0,0.0,0.0,0.0,0.0,0.0,0.0,0.0,0.0,0.0,0.0,0.0,0.0,0.0,0.0,0.0,0.0,0.0,0.0,0.0,0.0,0.0,0.0,0.0,,,,,,,,,,,,,,,
2022_250_4036032,4036032,Brittain Brown,UCLA,Pac-12,RUNNINGBACK,RB,2022,7,29,250,5,0.0,0.0,0.0,3.0,0.0,0.0,4.0,4.0,4.0,0.0,0.0,0.0,0.0,6.0,0.0,153.0,0.0,0.0,0.0,0.0,0.0,0.0,0.0,0.0,0.0,0.0,0.0,0.0,0.0,0.0,0.0,0.0,0.0,41.0,2.0,431.0,405.0,21.0,2285.0,38.0,,,,44.0,64.0,,,10.51219512195122,5.6419753086419755,25.5,,,,
2022_251_4361529,4361529,Isaih Pacheco,Rutgers,Big Ten,RUNNINGBACK,RB,2022,7,30,251,4,0.0,0.0,0.0,3.0,0.0,0.0,4.0,4.0,1.0,0.0,0.0,0.0,0.0,18.0,0.0,348.0,0.0,0.0,0.0,0.0,0.0,5.0,3.0,1.0,0.0,59.0,0.0,0.0,0.0,0.0,0.0,0.0,0.0,47.0,1.0,238.0,563.0,18.0,2451.0,34.0,,,,23.0,80.0,0.6,11.8,5.0638297872340425,4.353463587921847,19.333333333333332,,,,
2022_252_4241089,4241089,Jeffrey Gunter,Coastal Carolina,Sun Belt,DEFENSIVEEND,DL,2022,7,31,252,4,4.0,19.0,16.0,96.0,0.0,38.5,168.0,0.0,0.0,1.0,1.0,0.0,3.0,0.0,0.0,0.0,0.0,0.0,0.0,0.0,0.0,0.0,0.0,0.0,0.0,0.0,0.0,0.0,0.0,0.0,0.0,0.0,0.0,0.0,0.0,0.0,0.0,0.0,0.0,,,,,,,,,,,,,,,3.0
2022_253_4240071,4240071,Russ Yeast,Louisville,ACC,SAFETY,DB,2022,7,32,253,5,19.0,3.0,1.0,125.0,0.0,6.0,183.0,0.0,0.0,3.0,5.0,0.0,11.0,3.0,0.0,59.0,0.0,0.0,0.0,0.0,0.0,0.0,0.0,0.0,0.0,0.0,10.0,0.0,33.0,0.0,0.0,0.0,0.0,0.0,0.0,0.0,0.0,0.0,0.0,23.0,,21.0,,,,,,,,19.666666666666668,3.3,,,2.2
2022_254_4242402,4242402,Elijah Hicks,California,Pac-12,SAFETY,DB,2022,7,33,254,5,14.0,0.0,3.0,142.0,0.0,14.5,206.0,0.0,0.0,0.0,5.0,1.0,66.0,0.0,0.0,0.0,0.0,0.0,0.0,0.0,0.0,0.0,0.0,0.0,0.0,0.0,0.0,0.0,0.0,0.0,0.0,0.0,0.0,0.0,0.0,0.0,1.0,0.0,4.0,,,,,,4.0,,,,4.0,,,,,13.2
2022_255_4240128,4240128,Trenton Gill,NC State,ACC,PUNTER,ST,2022,7,34,255,3,0.0,0.0,0.0,3.0,0.0,0.0,4.0,0.0,0.0,0.0,0.0,0.0,0.0,0.0,0.0,0.0,0.0,0.0,0.0,0.0,0.0,0.0,0.0,0.0,0.0,0.0,0.0,0.0,0.0,59.0,173.0,13.0,7884.0,0.0,0.0,0.0,0.0,0.0,0.0,,,,75.0,,,,,,,,,45.57225433526011,,
2022_256_4361419,4361419,Jesse Luketa,Penn State,Big Ten,OUTSIDELINEBACKER,LB,2022,7,35,256,4,6.0,5.0,0.5,85.0,1.0,11.5,151.0,0.0,0.0,1.0,1.0,1.0,16.0,2.0,0.0,10.0,0.0,0.0,0.0,0.0,0.0,0.0,0.0,0.0,0.0,0.0,0.0,0.0,0.0,0.0,0.0,0.0,0.0,0.0,0.0,0.0,0.0,0.0,0.0,10.0,,,,,,,,,,5.0,,,,16.0
2022_257_4241382,4241382,Marquis Hayes,Oklahoma,Big 12,OFFENSIVEGUARD,OL,2022,7,36,257,1,0.0,0.0,0.0,0.0,0.0,0.0,1.0,0.0,0.0,0.0,0.0,0.0,0.0,0.0,0.0,0.0,0.0,0.0,0.0,0.0,0.0,0.0,0.0,0.0,0.0,0.0,0.0,0.0,0.0,0.0,0.0,0.0,0.0,0.0,0.0,0.0,0.0,0.0,0.0,,,,,,,,,,,,,,,
2022_258_4027873,4027873,Samori Toure,Nebraska,Big Ten,WIDERECEIVER,WR,2022,7,37,258,3,0.0,0.0,0.0,0.0,0.0,0.0,0.0,1.0,0.0,0.0,0.0,0.0,0.0,7.0,0.0,145.0,0.0,0.0,0.0,0.0,0.0,0.0,0.0,0.0,0.0,0.0,2.0,0.0,9.0,0.0,0.0,0.0,0.0,52.0,5.0,926.0,9.0,1.0,59.0,31.0,,10.0,,72.0,21.0,,,17.807692307692307,6.555555555555555,20.714285714285715,4.5,,,
2022_259_4043625,4043625,Nazeeh Johnson,Marshall,Conference USA,SAFETY,DB,2022,7,38,259,5,18.0,2.0,1.0,174.0,1.0,6.0,298.0,0.0,0.0,3.0,7.0,1.0,63.0,0.0,0.0,0.0,0.0,0.0,0.0,0.0,0.0,0.0,0.0,0.0,0.0,0.0,0.0,0.0,0.0,0.0,0.0,0.0,0.0,0.0,0.0,0.0,0.0,0.0,0.0,,,,,,,,,,,,,,,9.0
2022_260_4260406,4260406,Alexander Horvath,Purdue,Big Ten,FULLBACK,RB,2022,7,39,260,4,0.0,0.0,0.0,5.0,0.0,0.0,5.0,6.0,5.0,1.0,0.0,0.0,0.0,4.0,0.0,72.0,0.0,0.0,0.0,0.0,0.0,0.0,0.0,0.0,0.0,0.0,1.0,0.0,-2.0,0.0,0.0,0.0,0.0,69.0,1.0,613.0,268.0,8.0,1181.0,23.0,,-2.0,,26.0,48.0,,,8.884057971014492,4.406716417910448,18.0,-2.0,,,
2022_261_4046707,4046707,AJ Arcuri,Michigan State,Big Ten,OFFENSIVETACKLE,OL,2022,7,40,261,1,0.0,0.0,0.0,1.0,0.0,0.0,1.0,0.0,0.0,0.0,0.0,0.0,0.0,0.0,0.0,0.0,0.0,0.0,0.0,0.0,0.0,0.0,0.0,0.0,0.0,0.0,0.0,0.0,0.0,0.0,0.0,0.0,0.0,0.0,0.0,0.0,0.0,0.0,0.0,,,,,,,,,,,,,,,
2022_262_4361741,4361741,Brock Purdy,Iowa State,Big 12,QUARTERBACK,QB,2022,7,41,262,4,0.0,0.0,0.0,1.0,0.0,0.0,2.0,19.0,11.0,0.0,0.0,0.0,0.0,0.0,0.0,0.0,0.0,0.0,0.0,0.0,0.0,1466.0,993.0,33.0,81.0,12170.0,0.0,0.0,0.0,0.0,0.0,0.0,0.0,0.0,0.0,0.0,365.0,19.0,1177.0,,,,,,44.0,0.6773533424283765,8.30150068212824,,3.2246575342465755,,,,,
2023_001_4685720,4685720,Bryce Young,Alabama,SEC,QUARTERBACK,QB,2023,1,1,1,3,0.0,0.0,0.0,3.0,1.0,1.5,7.0,9.0,5.0,0.0,0.0,0.0,0.0,0.0,0.0,0.0,0.0,0.0,0.0,0.0,0.0,949.0,624.0,12.0,80.0,8356.0,0.0,0.0,0.0,0.0,0.0,0.0,0.0,0.0,0.0,0.0,139.0,7.0,162.0,,,,,,63.0,0.6575342465753424,8.805057955742887,,1.1654676258992809,,,,,
2023_002_4432577,4432577,C.J. Stroud,Ohio State,Big Ten,QUARTERBACK,QB,2023,1,2,2,3,0.0,0.0,0.0,1.0,0.0,0.0,1.0,6.0,2.0,0.0,0.0,0.0,0.0,0.0,0.0,0.0,0.0,0.0,0.0,0.0,0.0,830.0,575.0,12.0,85.0,8123.0,0.0,0.0,0.0,0.0,0.0,0.0,0.0,0.0,0.0,0.0,80.0,1.0,136.0,,,,,,48.0,0.6927710843373494,9.786746987951808,,1.7,,,,,
2023_003_4685724,4685724,Will Anderson Jr.,Alabama,SEC,OUTSIDELINEBACKER,LB,2023,1,3,3,3,4.0,29.0,32.5,113.0,1.0,57.5,202.0,0.0,0.0,0.0,1.0,1.0,25.0,0.0,0.0,0.0,0.0,0.0,0.0,0.0,0.0,0.0,0.0,0.0,0.0,0.0,0.0,0.0,0.0,0.0,0.0,0.0,0.0,0.0,0.0,0.0,0.0,0.0,0.0,,,,,,,,,,,,,,,25.0
2023_004_4429084,4429084,Anthony Richardson,Florida,SEC,QUARTERBACK,QB,2023,1,4,4,3,0.0,0.0,0.0,4.0,0.0,0.0,4.0,6.0,3.0,0.0,0.0,0.0,0.0,0.0,0.0,0.0,0.0,0.0,0.0,0.0,0.0,393.0,215.0,15.0,24.0,3105.0,0.0,0.0,0.0,0.0,0.0,0.0,0.0,0.0,0.0,0.0,161.0,12.0,1116.0,,,,,,81.0,0.5470737913486005,7.900763358778626,,6.931677018633541,,,,,
2023_005_4575431,4575431,Devon Witherspoon,Illinois,Big Ten,CORNERBACK,DB,2023,1,5,5,4,25.0,1.0,1.0,115.0,0.0,11.5,157.0,0.0,0.0,3.0,5.0,0.0,97.0,0.0,0.0,0.0,0.0,0.0,0.0,0.0,0.0,0.0,0.0,0.0,0.0,0.0,0.0,0.0,0.0,0.0,0.0,0.0,0.0,0.0,0.0,0.0,0.0,0.0,0.0,,,,,,,,,,,,,,,19.4
2023_007_4372533,4372533,Tyree Wilson,Texas Tech,Big 12,DEFENSIVEEND,DL,2023,1,7,7,4,1.0,16.0,16.5,74.0,0.0,30.5,120.0,0.0,0.0,2.0,0.0,0.0,0.0,0.0,0.0,0.0,0.0,0.0,0.0,0.0,0.0,0.0,0.0,0.0,0.0,0.0,0.0,0.0,0.0,0.0,0.0,0.0,0.0,0.0,0.0,0.0,0.0,0.0,0.0,,,,,,,,,,,,,,,
2023_008_4430807,4430807,Bijan Robinson,Texas,Big 12,RUNNINGBACK,RB,2023,1,8,8,3,0.0,0.0,0.0,4.0,0.0,0.0,4.0,5.0,3.0,0.0,0.0,0.0,0.0,1.0,0.0,16.0,0.0,0.0,0.0,0.0,0.0,0.0,0.0,0.0,0.0,0.0,0.0,0.0,0.0,0.0,0.0,0.0,0.0,60.0,8.0,805.0,539.0,33.0,3408.0,16.0,,,,42.0,78.0,,,13.416666666666666,6.3228200371057515,16.0,,,,
2023_009_4685759,4685759,Jalen Carter,Georgia,SEC,DEFENSIVETACKLE,DL,2023,1,9,9,3,2.0,5.0,6.0,40.0,0.0,17.5,77.0,0.0,0.0,0.0,0.0,0.0,0.0,0.0,0.0,0.0,0.0,0.0,0.0,0.0,0.0,0.0,0.0,0.0,0.0,0.0,0.0,0.0,0.0,0.0,0.0,0.0,0.0,1.0,1.0,1.0,0.0,0.0,0.0,,,,,1.0,,,,1.0,,,,,,
2023_010_4426358,4426358,Darnell Wright,Tennessee,SEC,OFFENSIVETACKLE,OL,2023,1,10,10,1,0.0,0.0,0.0,1.0,0.0,0.0,1.0,0.0,0.0,0.0,0.0,0.0,0.0,0.0,0.0,0.0,0.0,0.0,0.0,0.0,0.0,0.0,0.0,0.0,0.0,0.0,0.0,0.0,0.0,0.0,0.0,0.0,0.0,0.0,0.0,0.0,0.0,0.0,0.0,,,,,,,,,,,,,,,
2023_012_4429795,4429795,Jahmyr Gibbs,Georgia Tech,ACC,RUNNINGBACK,RB,2023,1,12,12,3,0.0,0.0,0.0,1.0,1.0,0.0,1.0,4.0,0.0,0.0,0.0,0.0,0.0,43.0,1.0,1048.0,0.0,0.0,0.0,0.0,0.0,0.0,0.0,0.0,0.0,0.0,0.0,0.0,0.0,0.0,0.0,0.0,0.0,103.0,8.0,1212.0,383.0,15.0,2129.0,98.0,,,,77.0,76.0,,,11.766990291262136,5.558746736292428,24.372093023255815,,,,
2023_013_4686906,4686906,Lukas Van Ness,Iowa,Big Ten,DEFENSIVEEND,DL,2023,1,13,13,2,1.0,7.0,13.0,33.0,0.0,18.0,66.0,0.0,0.0,0.0,0.0,0.0,0.0,0.0,0.0,0.0,0.0,0.0,0.0,0.0,0.0,0.0,0.0,0.0,0.0,0.0,0.0,0.0,0.0,0.0,0.0,0.0,0.0,0.0,0.0,0.0,0.0,0.0,0.0,,,,,,,,,,,,,,,
2023_015_4361767,4361767,Will McDonald,Iowa State,Big 12,OUTSIDELINEBACKER,LB,2023,1,15,15,5,7.0,19.0,33.5,78.0,0.0,40.5,123.0,0.0,0.0,2.0,0.0,0.0,0.0,0.0,0.0,0.0,0.0,0.0,0.0,0.0,0.0,0.0,0.0,0.0,0.0,0.0,0.0,0.0,0.0,0.0,0.0,0.0,0.0,0.0,0.0,0.0,0.0,0.0,0.0,,,,,,,,,,,,,,,
2023_016_4429767,4429767,Emmanuel Forbes,Mississippi State,SEC,CORNERBACK,DB,2023,1,16,16,3,21.0,1.0,1.0,88.0,6.0,6.5,143.0,0.0,0.0,0.0,13.0,5.0,361.0,0.0,0.0,0.0,0.0,0.0,0.0,0.0,0.0,0.0,0.0,0.0,0.0,0.0,0.0,0.0,0.0,0.0,0.0,0.0,0.0,0.0,0.0,0.0,0.0,0.0,0.0,,,,,,,,,,,,,,,27.76923076923077
2023_017_4686772,4686772,Christian Gonzalez,Oregon,Pac-12,CORNERBACK,DB,2023,1,17,17,3,17.0,0.0,0.0,100.0,0.0,6.5,129.0,0.0,0.0,0.0,4.0,0.0,118.0,0.0,0.0,0.0,0.0,0.0,0.0,0.0,0.0,0.0,0.0,0.0,0.0,0.0,0.0,0.0,0.0,0.0,0.0,0.0,0.0,0.0,0.0,0.0,1.0,0.0,3.0,,,,,,3.0,,,,3.0,,,,,29.5
2023_018_4569465,4569465,Jack Campbell,Iowa,Big Ten,INSIDELINEBACKER,LB,2023,1,18,18,4,9.0,10.0,3.0,132.0,1.0,10.5,290.0,0.0,0.0,4.0,5.0,1.0,63.0,0.0,0.0,0.0,0.0,0.0,0.0,0.0,0.0,0.0,0.0,0.0,0.0,0.0,0.0,0.0,0.0,0.0,0.0,0.0,0.0,0.0,0.0,0.0,0.0,0.0,0.0,,,,,,,,,,,,,,,12.6
2023_019_4427673,4427673,Calijah Kancey,Pittsburgh,ACC,DEFENSIVETACKLE,DL,2023,1,19,19,3,3.0,16.0,16.0,54.0,0.0,34.0,89.0,0.0,0.0,0.0,0.0,0.0,0.0,0.0,0.0,0.0,0.0,0.0,0.0,0.0,0.0,0.0,0.0,0.0,0.0,0.0,0.0,0.0,0.0,0.0,0.0,0.0,0.0,0.0,0.0,0.0,0.0,0.0,0.0,,,,,,,,,,,,,,,
2023_020_4430878,4430878,Jaxon Smith-Njigba,Ohio State,Big Ten,WIDERECEIVER,WR,2023,1,20,20,3,0.0,0.0,1.0,1.0,0.0,1.0,1.0,1.0,1.0,0.0,0.0,0.0,0.0,0.0,0.0,0.0,0.0,0.0,0.0,0.0,0.0,0.0,0.0,0.0,0.0,0.0,10.0,0.0,74.0,0.0,0.0,0.0,0.0,110.0,10.0,1698.0,0.0,0.0,0.0,,,21.0,,75.0,,,,15.436363636363636,,,7.4,,,
2023_021_4429025,4429025,Quentin Johnston,TCU,Big 12,WIDERECEIVER,WR,2023,1,22,21,3,0.0,0.0,0.0,0.0,0.0,0.0,1.0,2.0,2.0,0.0,0.0,0.0,0.0,0.0,0.0,0.0,0.0,0.0,0.0,0.0,0.0,0.0,0.0,0.0,0.0,0.0,0.0,0.0,0.0,0.0,0.0,0.0,0.0,115.0,14.0,2168.0,8.0,2.0,8.0,,,,,76.0,8.0,,,18.85217391304348,1.0,,,,,
2023_022_4429615,4429615,Zay Flowers,Boston College,ACC,WIDERECEIVER,WR,2023,1,23,22,4,0.0,0.0,0.0,2.0,0.0,0.0,3.0,5.0,2.0,0.0,0.0,0.0,0.0,0.0,0.0,0.0,0.0,0.0,0.0,0.0,0.0,1.0,0.0,0.0,0.0,0.0,7.0,0.0,43.0,0.0,0.0,0.0,0.0,200.0,29.0,3056.0,57.0,2.0,345.0,,,16.0,,77.0,47.0,0.0,0.0,15.28,6.052631578947368,,6.142857142857143,,,
2023_023_4429205,4429205,Jordan Addison,USC,Pac-12,WIDERECEIVER,WR,2023,1,24,23,3,0.0,0.0,0.0,1.0,0.0,0.0,1.0,4.0,0.0,0.0,0.0,0.0,0.0,2.0,0.0,39.0,0.0,0.0,0.0,0.0,0.0,0.0,0.0,0.0,0.0,0.0,18.0,0.0,219.0,0.0,0.0,0.0,0.0,219.0,29.0,3134.0,20.0,1.0,147.0,20.0,,39.0,,75.0,28.0,,,14.310502283105023,7.35,19.5,12.166666666666666,,,
2023_024_4428328,4428328,Deonte Banks,Maryland,Big Ten,CORNERBACK,DB,2023,1,25,24,4,11.0,0.0,0.5,61.0,0.0,0.5,83.0,0.0,0.0,0.0,2.0,0.0,7.0,1.0,0.0,19.0,0.0,0.0,0.0,0.0,0.0,0.0,0.0,0.0,0.0,0.0,0.0,0.0,0.0,0.0,0.0,0.0,0.0,0.0,0.0,0.0,0.0,0.0,0.0,19.0,,,,,,,,,,19.0,,,,3.5
2023_025_4385690,4385690,Dalton Kincaid,Utah,Pac-12,TIGHTEND,TE,2023,1,26,25,3,0.0,0.0,0.0,2.0,0.0,0.0,2.0,0.0,0.0,0.0,0.0,0.0,0.0,0.0,0.0,0.0,0.0,0.0,0.0,0.0,0.0,0.0,0.0,0.0,0.0,0.0,0.0,0.0,0.0,0.0,0.0,0.0,0.0,107.0,16.0,1414.0,1.0,0.0,4.0,,,,,43.0,4.0,,,13.214953271028037,4.0,,,,,
2023_026_4426347,4426347,Mazi Smith,Michigan,Big Ten,DEFENSIVETACKLE,DL,2023,1,27,26,3,3.0,4.0,1.0,37.0,0.0,6.5,84.0,0.0,0.0,1.0,0.0,0.0,0.0,0.0,0.0,0.0,0.0,0.0,0.0,0.0,0.0,0.0,0.0,0.0,0.0,0.0,0.0,0.0,0.0,0.0,0.0,0.0,0.0,0.0,0.0,0.0,0.0,0.0,0.0,,,,,,,,,,,,,,,
2023_027_4692525,4692525,Anton Harrison,Oklahoma,Big 12,OFFENSIVETACKLE,OL,2023,1,28,27,1,0.0,0.0,0.0,0.0,0.0,0.0,0.0,0.0,0.0,0.0,0.0,0.0,0.0,0.0,0.0,0.0,0.0,0.0,0.0,0.0,0.0,0.0,0.0,0.0,0.0,0.0,0.0,0.0,0.0,0.0,0.0,0.0,0.0,0.0,0.0,0.0,0.0,0.0,5.0,,,,,,5.0,,,,inf,,,,,
2023_028_4428985,4428985,Myles Murphy,Clemson,ACC,DEFENSIVEEND,DL,2023,1,29,28,3,5.0,8.0,18.0,60.0,0.0,35.5,112.0,0.0,0.0,0.0,0.0,0.0,0.0,0.0,0.0,0.0,0.0,0.0,0.0,0.0,0.0,0.0,0.0,0.0,0.0,0.0,0.0,0.0,0.0,0.0,0.0,0.0,0.0,0.0,0.0,0.0,0.0,0.0,0.0,,,,,,,,,,,,,,,
2023_029_4428988,4428988,Bryan Bresee,Clemson,ACC,DEFENSIVETACKLE,DL,2023,1,30,29,3,3.0,6.0,9.0,27.0,0.0,15.0,49.0,0.0,0.0,0.0,1.0,0.0,0.0,0.0,0.0,0.0,0.0,0.0,0.0,0.0,0.0,0.0,0.0,0.0,0.0,0.0,0.0,0.0,0.0,0.0,0.0,0.0,0.0,0.0,0.0,0.0,0.0,0.0,0.0,,,,,,,,,,,,,,,0.0
2023_030_4426331,4426331,Nolan Smith,Georgia,SEC,OUTSIDELINEBACKER,LB,2023,1,31,30,4,3.0,7.0,11.5,66.0,0.0,22.0,113.0,0.0,0.0,2.0,1.0,0.0,-2.0,1.0,0.0,9.0,0.0,0.0,0.0,0.0,0.0,0.0,0.0,0.0,0.0,0.0,1.0,0.0,29.0,0.0,0.0,0.0,0.0,0.0,0.0,0.0,0.0,0.0,0.0,9.0,,29.0,,,,,,,,9.0,29.0,,,-2.0
2023_031_4612387,4612387,Felix Anudike,Kansas State,Big 12,DEFENSIVEEND,DL,2023,1,32,31,3,1.0,6.0,20.5,65.0,0.0,26.5,93.0,0.0,0.0,0.0,0.0,0.0,0.0,0.0,0.0,0.0,0.0,0.0,0.0,0.0,0.0,0.0,0.0,0.0,0.0,0.0,0.0,0.0,0.0,0.0,0.0,0.0,0.0,0.0,0.0,0.0,0.0,0.0,0.0,,,,,,,,,,,,,,,
2023_032_4426506,4426506,Joey Porter Jr.,Penn State,Big Ten,CORNERBACK,DB,2023,2,1,32,4,17.0,1.0,1.0,88.0,0.0,2.0,115.0,0.0,0.0,2.0,1.0,0.0,1.0,0.0,0.0,0.0,0.0,0.0,0.0,0.0,0.0,0.0,0.0,0.0,0.0,0.0,0.0,0.0,0.0,0.0,0.0,0.0,0.0,0.0,0.0,0.0,0.0,0.0,0.0,,,,,,,,,,,,,,,1.0
2023_033_4361418,4361418,Will Levis,Penn State,Big Ten,QUARTERBACK,QB,2023,2,2,33,4,0.0,0.0,0.0,2.0,0.0,0.0,3.0,12.0,8.0,0.0,0.0,0.0,0.0,0.0,0.0,0.0,0.0,0.0,0.0,0.0,0.0,738.0,479.0,25.0,46.0,5876.0,0.0,0.0,0.0,0.0,0.0,0.0,0.0,1.0,0.0,15.0,312.0,17.0,756.0,,,,,15.0,49.0,0.6490514905149052,7.962059620596205,15.0,2.423076923076923,,,,,
2023_034_4430027,4430027,Sam LaPorta,Iowa,Big Ten,TIGHTEND,TE,2023,2,3,34,4,0.0,0.0,0.0,5.0,0.0,0.0,5.0,1.0,0.0,0.0,0.0,0.0,0.0,2.0,0.0,0.0,0.0,0.0,0.0,0.0,0.0,0.0,0.0,0.0,0.0,0.0,0.0,0.0,0.0,0.0,0.0,0.0,0.0,153.0,5.0,1785.0,2.0,0.0,6.0,0.0,,,,58.0,6.0,,,11.666666666666666,3.0,0.0,,,,
2023_035_4429086,4429086,Michael Mayer,Notre Dame,FBS Independents,TIGHTEND,TE,2023,2,4,35,3,0.0,0.0,0.0,4.0,0.0,0.0,4.0,2.0,0.0,0.0,0.0,0.0,0.0,0.0,0.0,0.0,0.0,0.0,0.0,0.0,0.0,0.0,0.0,0.0,0.0,0.0,0.0,0.0,0.0,0.0,0.0,0.0,0.0,180.0,18.0,2099.0,0.0,0.0,0.0,,,,,52.0,,,,11.661111111111111,,,,,,
2023_037_4567226,4567226,Derick Hall,Auburn,SEC,OUTSIDELINEBACKER,LB,2023,2,6,37,4,0.0,12.0,19.5,99.0,0.0,29.5,146.0,0.0,0.0,4.0,1.0,0.0,19.0,0.0,0.0,0.0,0.0,0.0,0.0,0.0,0.0,0.0,0.0,0.0,0.0,0.0,0.0,0.0,0.0,0.0,0.0,0.0,0.0,0.0,0.0,0.0,0.0,0.0,0.0,,,,,,,,,,,,,,,19.0
2023_039_4426485,4426485,Jonathan Mingo,Ole Miss,SEC,WIDERECEIVER,WR,2023,2,8,39,4,0.0,0.0,0.0,3.0,0.0,0.0,4.0,1.0,1.0,0.0,0.0,0.0,0.0,0.0,0.0,0.0,0.0,0.0,0.0,0.0,0.0,0.0,0.0,0.0,0.0,0.0,2.0,0.0,26.0,0.0,0.0,0.0,0.0,112.0,12.0,1759.0,4.0,1.0,-7.0,,,13.0,,72.0,2.0,,,15.705357142857142,-1.75,,13.0,,,
2023_040_4426457,4426457,Isaiah Foskey,Notre Dame,FBS Independents,DEFENSIVEEND,DL,2023,2,9,40,4,2.0,19.0,26.0,73.0,1.0,31.0,120.0,0.0,0.0,3.0,0.0,0.0,0.0,0.0,0.0,0.0,0.0,0.0,0.0,0.0,0.0,0.0,0.0,0.0,0.0,0.0,4.0,1.0,79.0,0.0,0.0,0.0,0.0,0.0,0.0,0.0,0.0,0.0,0.0,,,31.0,,,,,,,,,19.75,,,
2023_041_4429111,4429111,BJ Ojulari,LSU,SEC,OUTSIDELINEBACKER,LB,2023,2,10,41,3,2.0,22.0,17.0,78.0,0.0,27.0,125.0,0.0,0.0,4.0,0.0,0.0,0.0,0.0,0.0,0.0,0.0,0.0,0.0,0.0,0.0,0.0,0.0,0.0,0.0,0.0,0.0,0.0,0.0,0.0,0.0,0.0,0.0,0.0,0.0,0.0,0.0,0.0,0.0,,,,,,,,,,,,,,,
2023_042_4428085,4428085,Luke Musgrave,Oregon State,Pac-12,TIGHTEND,TE,2023,2,11,42,4,0.0,0.0,0.0,3.0,1.0,0.0,3.0,0.0,0.0,0.0,0.0,0.0,0.0,0.0,0.0,0.0,0.0,0.0,0.0,0.0,0.0,0.0,0.0,0.0,0.0,0.0,2.0,1.0,37.0,0.0,0.0,0.0,0.0,46.0,2.0,617.0,1.0,0.0,-1.0,,,27.0,,35.0,0.0,,,13.41304347826087,-1.0,,18.5,,,
2023_044_4360488,4360488,Julius Brents,Kansas State,Big 12,CORNERBACK,DB,2023,2,13,44,4,11.0,0.0,0.0,73.0,0.0,6.5,106.0,0.0,0.0,0.0,6.0,0.0,0.0,0.0,0.0,0.0,0.0,0.0,0.0,0.0,0.0,0.0,0.0,0.0,0.0,0.0,0.0,0.0,0.0,0.0,0.0,0.0,0.0,0.0,0.0,0.0,0.0,0.0,0.0,,,,,,,,,,,,,,,0.0
2023_045_4692025,4692025,Brian Branch,Alabama,SEC,SAFETY,DB,2023,2,14,45,3,24.0,4.0,4.0,99.0,1.0,16.5,157.0,1.0,0.0,1.0,4.0,0.0,32.0,0.0,0.0,0.0,0.0,0.0,0.0,0.0,0.0,0.0,0.0,0.0,0.0,0.0,2.0,1.0,65.0,0.0,0.0,0.0,0.0,0.0,0.0,0.0,0.0,0.0,0.0,,,68.0,,,,,,,,,32.5,,,8.0
2023_046_4243493,4243493,Keion White,Old Dominion,Conference USA,DEFENSIVEEND,DL,2023,2,15,46,4,2.0,6.0,11.0,61.0,0.0,33.5,120.0,0.0,0.0,1.0,1.0,0.0,0.0,0.0,0.0,0.0,0.0,0.0,0.0,0.0,0.0,0.0,0.0,0.0,0.0,0.0,0.0,0.0,0.0,0.0,0.0,0.0,0.0,10.0,0.0,125.0,0.0,0.0,0.0,,,,,31.0,,,,12.5,,,,,,0.0
2023_047_4360378,4360378,Jartavius Martin,Illinois,Big Ten,SAFETY,DB,2023,2,16,47,5,23.0,1.0,1.0,145.0,0.0,10.5,217.0,2.0,1.0,2.0,7.0,0.0,19.0,0.0,0.0,0.0,0.0,0.0,0.0,0.0,0.0,0.0,0.0,0.0,0.0,0.0,1.0,0.0,-1.0,0.0,0.0,0.0,0.0,0.0,0.0,0.0,3.0,0.0,5.0,,,0.0,,,6.0,,,,1.6666666666666667,,-1.0,,,2.7142857142857144
2023_049_4426694,4426694,Keeanu Benton,Wisconsin,Big Ten,DEFENSIVETACKLE,DL,2023,2,18,49,4,3.0,9.0,9.0,44.0,0.0,19.0,81.0,0.0,0.0,3.0,0.0,0.0,0.0,0.0,0.0,0.0,0.0,0.0,0.0,0.0,0.0,0.0,0.0,0.0,0.0,0.0,0.0,0.0,0.0,0.0,0.0,0.0,0.0,0.0,0.0,0.0,0.0,0.0,0.0,,,,,,,,,,,,,,,
2023_050_4362249,4362249,Jayden Reed,Western Michigan,Mid-American,WIDERECEIVER,WR,2023,2,19,50,4,0.0,0.0,0.0,3.0,3.0,0.0,3.0,7.0,6.0,0.0,0.0,0.0,0.0,42.0,0.0,841.0,0.0,0.0,0.0,0.0,0.0,1.0,1.0,0.0,1.0,25.0,39.0,3.0,581.0,0.0,0.0,0.0,0.0,202.0,26.0,2861.0,19.0,1.0,53.0,41.0,,93.0,,85.0,17.0,1.0,25.0,14.163366336633665,2.789473684210526,20.02380952380953,14.897435897435898,,,
2023_051_4570672,4570672,Cam Smith,South Carolina,SEC,CORNERBACK,DB,2023,2,20,51,4,18.0,2.0,0.0,69.0,0.0,3.5,91.0,1.0,1.0,0.0,6.0,0.0,10.0,0.0,0.0,0.0,0.0,0.0,0.0,0.0,0.0,0.0,0.0,0.0,0.0,0.0,1.0,0.0,-1.0,0.0,0.0,0.0,0.0,0.0,0.0,0.0,0.0,0.0,0.0,,,0.0,,,,,,,,,-1.0,,,1.6666666666666667
2023_052_4426385,4426385,Zach Charbonnet,UCLA,Pac-12,RUNNINGBACK,RB,2023,2,21,52,4,0.0,0.0,0.0,2.0,0.0,0.0,2.0,3.0,2.0,0.0,0.0,0.0,0.0,0.0,0.0,0.0,0.0,0.0,0.0,0.0,0.0,0.0,0.0,0.0,0.0,0.0,0.0,0.0,0.0,0.0,0.0,0.0,0.0,75.0,0.0,589.0,565.0,39.0,3346.0,,,,,44.0,70.0,,,7.853333333333333,5.92212389380531,,,,,
2023_053_4429014,4429014,Gervon Dexter,Florida,SEC,DEFENSIVETACKLE,DL,2023,2,22,53,3,2.0,12.0,5.0,46.0,0.0,10.0,120.0,0.0,0.0,2.0,2.0,0.0,4.0,0.0,0.0,0.0,0.0,0.0,0.0,0.0,0.0,0.0,0.0,0.0,0.0,0.0,0.0,0.0,0.0,0.0,0.0,0.0,0.0,0.0,0.0,0.0,0.0,0.0,0.0,,,,,,,,,,,,,,,2.0
2023_054_4431442,4431442,Tuli Tuipulotu,USC,Pac-12,OUTSIDELINEBACKER,LB,2023,2,23,54,3,5.0,2.0,20.0,61.0,1.0,30.0,108.0,0.0,0.0,1.0,0.0,0.0,0.0,0.0,0.0,0.0,0.0,0.0,0.0,0.0,0.0,0.0,0.0,0.0,0.0,0.0,0.0,0.0,0.0,0.0,0.0,0.0,0.0,0.0,0.0,0.0,0.0,0.0,0.0,,,,,,,,,,,,,,,
2023_055_4428331,4428331,Rashee Rice,SMU,American Athletic,WIDERECEIVER,WR,2023,2,24,55,4,0.0,0.0,0.0,4.0,0.0,0.0,4.0,4.0,3.0,0.0,0.0,0.0,0.0,1.0,0.0,10.0,0.0,0.0,0.0,0.0,0.0,0.0,0.0,0.0,0.0,0.0,0.0,0.0,0.0,0.0,0.0,0.0,0.0,233.0,25.0,3111.0,1.0,0.0,0.0,10.0,,,,75.0,0.0,,,13.351931330472103,0.0,10.0,,,,
2023_056_4426374,4426374,Tyrique Stevenson,Miami,ACC,CORNERBACK,DB,2023,2,25,56,4,21.0,1.0,1.5,78.0,0.0,6.0,115.0,2.0,1.0,0.0,2.0,0.0,39.0,0.0,0.0,0.0,0.0,0.0,0.0,0.0,0.0,0.0,0.0,0.0,0.0,0.0,11.0,0.0,117.0,0.0,0.0,0.0,0.0,0.0,0.0,0.0,0.0,0.0,0.0,,,30.0,,,,,,,,,10.636363636363637,,,19.5
2023_058_4372096,4372096,Luke Schoonmaker,Michigan,Big Ten,TIGHTEND,TE,2023,2,27,58,3,0.0,0.0,0.0,0.0,0.0,0.0,0.0,0.0,0.0,0.0,0.0,0.0,0.0,0.0,0.0,0.0,0.0,0.0,0.0,0.0,0.0,0.0,0.0,0.0,0.0,0.0,0.0,0.0,0.0,0.0,0.0,0.0,0.0,54.0,7.0,637.0,0.0,0.0,0.0,,,,,40.0,,,,11.796296296296296,,,,,,
2023_059_4428696,4428696,O'Cyrus Torrence,Louisiana,Sun Belt,OFFENSIVEGUARD,OL,2023,2,28,59,1,0.0,0.0,0.0,1.0,0.0,0.0,1.0,0.0,0.0,0.0,0.0,0.0,0.0,0.0,0.0,0.0,0.0,0.0,0.0,0.0,0.0,0.0,0.0,0.0,0.0,0.0,0.0,0.0,0.0,0.0,0.0,0.0,0.0,0.0,0.0,0.0,0.0,0.0,0.0,,,,,,,,,,,,,,,
2023_060_4572036,4572036,DJ Turner,Michigan,Big Ten,CORNERBACK,DB,2023,2,29,60,2,17.0,1.0,0.0,49.0,2.0,2.0,62.0,0.0,0.0,2.0,3.0,1.0,65.0,0.0,0.0,0.0,0.0,0.0,0.0,0.0,0.0,0.0,0.0,0.0,0.0,0.0,2.0,0.0,28.0,0.0,0.0,0.0,0.0,0.0,0.0,0.0,0.0,0.0,0.0,,,25.0,,,,,,,,,14.0,,,21.666666666666668
2023_061_4430539,4430539,Brenton Strange,Penn State,Big Ten,TIGHTEND,TE,2023,2,30,61,4,0.0,0.0,0.0,2.0,0.0,0.0,2.0,0.0,0.0,0.0,0.0,0.0,0.0,1.0,0.0,8.0,0.0,0.0,0.0,0.0,0.0,0.0,0.0,0.0,0.0,0.0,0.0,0.0,0.0,0.0,0.0,0.0,0.0,70.0,11.0,755.0,1.0,0.0,0.0,8.0,,,,67.0,0.0,,,10.785714285714286,0.0,8.0,,,,
2023_063_4686472,4686472,Marvin Mims,Oklahoma,Big 12,WIDERECEIVER,WR,2023,2,32,63,3,0.0,0.0,0.0,2.0,0.0,0.0,2.0,3.0,1.0,0.0,0.0,0.0,0.0,5.0,0.0,108.0,0.0,0.0,0.0,0.0,0.0,0.0,0.0,0.0,0.0,0.0,34.0,0.0,391.0,0.0,0.0,0.0,0.0,123.0,20.0,2398.0,5.0,0.0,35.0,38.0,,41.0,,77.0,17.0,,,19.495934959349594,7.0,21.6,11.5,,,
2023_064_4426332,4426332,Zacch Pickens,South Carolina,SEC,DEFENSIVETACKLE,DL,2023,3,1,64,4,4.0,7.0,7.5,69.0,0.0,11.5,131.0,0.0,0.0,2.0,0.0,0.0,0.0,0.0,0.0,0.0,0.0,0.0,0.0,0.0,0.0,0.0,0.0,0.0,0.0,0.0,0.0,0.0,0.0,0.0,0.0,0.0,0.0,0.0,0.0,0.0,0.0,0.0,0.0,,,,,,,,,,,,,,,
2023_065_4362805,4362805,Tyler Steen,Vanderbilt,SEC,OFFENSIVETACKLE,OL,2023,3,2,65,1,0.0,0.0,0.0,0.0,0.0,0.5,1.0,0.0,0.0,0.0,0.0,0.0,0.0,0.0,0.0,0.0,0.0,0.0,0.0,0.0,0.0,0.0,0.0,0.0,0.0,0.0,0.0,0.0,0.0,0.0,0.0,0.0,0.0,0.0,0.0,0.0,0.0,0.0,0.0,,,,,,,,,,,,,,,
2023_066_4360386,4360386,Sydney Brown,Illinois,Big Ten,SAFETY,DB,2023,3,3,66,5,16.0,2.0,2.0,179.0,2.0,10.0,307.0,0.0,0.0,1.0,10.0,2.0,172.0,0.0,0.0,0.0,0.0,0.0,0.0,0.0,0.0,0.0,0.0,0.0,0.0,0.0,0.0,0.0,0.0,0.0,0.0,0.0,0.0,0.0,0.0,0.0,0.0,0.0,0.0,,,,,,,,,,,,,,,17.2
2023_067_4685721,4685721,Drew Sanders,Arkansas,SEC,INSIDELINEBACKER,LB,2023,3,4,67,3,7.0,11.0,11.0,55.0,0.0,16.5,136.0,0.0,0.0,2.0,1.0,0.0,13.0,0.0,0.0,0.0,0.0,0.0,0.0,0.0,0.0,0.0,0.0,0.0,0.0,0.0,0.0,0.0,0.0,0.0,0.0,0.0,0.0,0.0,0.0,0.0,0.0,0.0,0.0,,,,,,,,,,,,,,,13.0
2023_068_4240858,4240858,Hendon Hooker,Virginia Tech,ACC,QUARTERBACK,QB,2023,3,5,68,5,0.0,0.0,0.0,0.0,0.0,0.0,0.0,28.0,15.0,0.0,0.0,0.0,0.0,0.0,0.0,0.0,0.0,0.0,0.0,0.0,0.0,941.0,630.0,12.0,80.0,8976.0,0.0,0.0,0.0,0.0,0.0,0.0,0.0,1.0,0.0,20.0,518.0,25.0,2083.0,,,,,20.0,69.0,0.6695005313496281,9.538788522848034,20.0,4.021235521235521,,,,,
2023_069_4366031,4366031,Nathaniel Dell,Houston,American Athletic,WIDERECEIVER,WR,2023,3,6,69,3,0.0,0.0,0.0,2.0,1.0,0.0,2.0,3.0,1.0,0.0,0.0,0.0,0.0,18.0,0.0,330.0,0.0,0.0,0.0,0.0,0.0,0.0,0.0,0.0,0.0,0.0,10.0,1.0,160.0,0.0,0.0,0.0,0.0,228.0,32.0,3155.0,5.0,0.0,14.0,33.0,,68.0,,63.0,5.0,,,13.837719298245617,2.8,18.333333333333332,16.0,,,
2023_070_4567123,4567123,Byron Young,Alabama,SEC,DEFENSIVETACKLE,DL,2023,3,7,70,4,3.0,9.0,7.0,48.0,0.0,20.0,123.0,0.0,0.0,1.0,0.0,0.0,0.0,0.0,0.0,0.0,0.0,0.0,0.0,0.0,0.0,0.0,0.0,0.0,0.0,0.0,0.0,0.0,0.0,0.0,0.0,0.0,0.0,0.0,0.0,0.0,0.0,0.0,0.0,,,,,,,,,,,,,,,
2023_071_4599739,4599739,Kendre Miller,TCU,Big 12,RUNNINGBACK,RB,2023,3,8,71,3,0.0,0.0,0.0,0.0,0.0,0.0,0.0,4.0,2.0,0.0,0.0,0.0,0.0,0.0,0.0,0.0,0.0,0.0,0.0,0.0,0.0,0.0,0.0,0.0,0.0,0.0,0.0,0.0,0.0,0.0,0.0,0.0,0.0,29.0,1.0,229.0,361.0,26.0,2410.0,,,,,53.0,89.0,,,7.896551724137931,6.67590027700831,,,,,
2023_072_4568506,4568506,Garrett Williams,Syracuse,ACC,CORNERBACK,DB,2023,3,9,72,3,22.0,1.0,2.0,115.0,1.0,9.5,150.0,0.0,0.0,2.0,4.0,1.0,75.0,0.0,0.0,0.0,0.0,0.0,0.0,0.0,0.0,0.0,0.0,0.0,0.0,0.0,0.0,0.0,0.0,0.0,0.0,0.0,0.0,0.0,0.0,0.0,0.0,0.0,0.0,,,,,,,,,,,,,,,18.75
2023_073_4692590,4692590,Jalin Hyatt,Tennessee,SEC,WIDERECEIVER,WR,2023,3,10,73,3,0.0,0.0,0.0,0.0,0.0,0.0,0.0,0.0,0.0,0.0,0.0,0.0,0.0,0.0,0.0,0.0,0.0,0.0,0.0,0.0,0.0,0.0,0.0,0.0,0.0,0.0,0.0,0.0,0.0,0.0,0.0,0.0,0.0,108.0,19.0,1769.0,3.0,0.0,13.0,,,,,78.0,10.0,,,16.37962962962963,4.333333333333333,,,,,
2023_074_4369863,4369863,Cedric Tillman,Tennessee,SEC,WIDERECEIVER,WR,2023,3,11,74,5,0.0,0.0,0.0,1.0,0.0,1.0,1.0,0.0,0.0,0.0,0.0,0.0,0.0,0.0,0.0,0.0,0.0,0.0,0.0,0.0,0.0,0.0,0.0,0.0,0.0,0.0,0.0,0.0,0.0,0.0,0.0,0.0,0.0,109.0,17.0,1622.0,0.0,0.0,0.0,,,,,70.0,,,,14.880733944954128,,,,,,
2023_075_4426412,4426412,Zach Harrison,Ohio State,Big Ten,DEFENSIVEEND,DL,2023,3,12,75,4,10.0,9.0,12.0,60.0,0.0,25.0,102.0,0.0,0.0,1.0,1.0,0.0,2.0,0.0,0.0,0.0,0.0,0.0,0.0,0.0,0.0,0.0,0.0,0.0,0.0,0.0,0.0,0.0,0.0,0.0,0.0,0.0,0.0,0.0,0.0,0.0,0.0,0.0,0.0,,,,,,,,,,,,,,,2.0
2023_076_4248899,4248899,Marte Mapu,Sacramento State,Big Sky,INSIDELINEBACKER,LB,2023,3,13,76,3,1.0,0.0,1.0,8.0,0.0,2.0,10.0,0.0,0.0,0.0,2.0,0.0,61.0,0.0,0.0,0.0,0.0,0.0,0.0,0.0,0.0,0.0,0.0,0.0,0.0,0.0,0.0,0.0,0.0,0.0,0.0,0.0,0.0,0.0,0.0,0.0,0.0,0.0,0.0,,,,,,,,,,,,,,,30.5
2023_077_4875196,4875196,Byron Young,Tennessee,SEC,DEFENSIVEEND,DL,2023,3,14,77,2,1.0,22.0,12.5,41.0,0.0,23.5,82.0,0.0,0.0,0.0,1.0,0.0,4.0,0.0,0.0,0.0,0.0,0.0,0.0,0.0,0.0,0.0,0.0,0.0,0.0,0.0,0.0,0.0,0.0,0.0,0.0,0.0,0.0,0.0,0.0,0.0,0.0,0.0,0.0,,,,,,,,,,,,,,,4.0
2023_078_4572680,4572680,Tucker Kraft,South Dakota State,MVFC,TIGHTEND,TE,2023,3,15,78,2,0.0,0.0,0.0,0.0,0.0,0.0,0.0,1.0,0.0,0.0,0.0,0.0,0.0,1.0,0.0,30.0,0.0,0.0,0.0,0.0,0.0,0.0,0.0,0.0,0.0,0.0,0.0,0.0,0.0,0.0,0.0,0.0,0.0,27.0,2.0,342.0,2.0,0.0,6.0,30.0,,,,57.0,3.0,,,12.666666666666666,3.0,30.0,,,,
2023_079_4688813,4688813,Josh Downs,North Carolina,ACC,WIDERECEIVER,WR,2023,3,16,79,3,0.0,0.0,0.0,1.0,0.0,0.0,1.0,3.0,0.0,0.0,0.0,0.0,0.0,0.0,0.0,0.0,0.0,0.0,0.0,0.0,0.0,0.0,0.0,0.0,0.0,0.0,27.0,0.0,282.0,0.0,0.0,0.0,0.0,202.0,22.0,2483.0,1.0,0.0,-3.0,,,38.0,,75.0,0.0,,,12.292079207920793,-3.0,,10.444444444444445,,,
2023_080_4240623,4240623,DJ Johnson,Oregon,Pac-12,OUTSIDELINEBACKER,LB,2023,3,17,80,5,2.0,4.0,9.0,34.0,0.0,15.5,65.0,0.0,0.0,2.0,0.0,0.0,0.0,0.0,0.0,4.0,0.0,0.0,0.0,0.0,0.0,0.0,0.0,0.0,0.0,0.0,0.0,0.0,0.0,0.0,0.0,0.0,0.0,11.0,3.0,124.0,0.0,0.0,0.0,4.0,,,,26.0,,,,11.272727272727272,,inf,,,,
2023_081_4428557,4428557,Tyjae Spears,Tulane,American Athletic,RUNNINGBACK,RB,2023,3,18,81,4,0.0,0.0,0.0,0.0,0.0,0.0,1.0,5.0,4.0,0.0,0.0,0.0,0.0,2.0,0.0,36.0,0.0,0.0,0.0,0.0,0.0,0.0,0.0,0.0,0.0,0.0,0.0,0.0,0.0,0.0,0.0,0.0,0.0,48.0,3.0,564.0,427.0,31.0,2911.0,19.0,,,,88.0,75.0,,,11.75,6.817330210772834,18.0,,,,
2023_082_4686334,4686334,YaYa Diaby,Louisville,ACC,DEFENSIVEEND,DL,2023,3,19,82,3,1.0,13.0,9.5,54.0,0.0,17.5,90.0,0.0,0.0,2.0,0.0,0.0,0.0,0.0,0.0,0.0,0.0,0.0,0.0,0.0,0.0,0.0,0.0,0.0,0.0,0.0,0.0,0.0,0.0,0.0,0.0,0.0,0.0,0.0,0.0,0.0,0.0,0.0,0.0,,,,,,,,,,,,,,,
2023_083_4382401,4382401,Riley Moss,Iowa,Big Ten,CORNERBACK,DB,2023,3,20,83,5,25.0,2.0,0.0,122.0,3.0,5.5,156.0,0.0,0.0,1.0,11.0,3.0,239.0,4.0,0.0,93.0,0.0,0.0,0.0,0.0,0.0,0.0,0.0,0.0,0.0,0.0,0.0,0.0,0.0,0.0,0.0,0.0,0.0,0.0,0.0,0.0,0.0,0.0,0.0,31.0,,,,,,,,,,23.25,,,,21.727272727272727
2023_084_4429160,4429160,Devon Achane,Texas A&M,SEC,RUNNINGBACK,RB,2023,3,21,84,3,0.0,0.0,0.0,2.0,2.0,0.0,2.0,2.0,2.0,0.0,0.0,0.0,0.0,20.0,2.0,613.0,0.0,0.0,0.0,0.0,0.0,0.0,0.0,0.0,0.0,0.0,0.0,0.0,0.0,0.0,0.0,0.0,0.0,65.0,5.0,554.0,369.0,21.0,2376.0,96.0,,,,52.0,76.0,,,8.523076923076923,6.439024390243903,30.65,,,,
2023_085_4241597,4241597,Daiyan Henley,Washington State,Pac-12,INSIDELINEBACKER,LB,2023,3,22,85,6,4.0,3.0,4.0,147.0,1.0,14.5,256.0,4.0,1.0,9.0,5.0,1.0,70.0,27.0,0.0,562.0,0.0,0.0,0.0,0.0,0.0,1.0,0.0,0.0,0.0,0.0,0.0,0.0,0.0,0.0,0.0,0.0,0.0,17.0,3.0,269.0,1.0,0.0,0.0,47.0,,,,36.0,0.0,0.0,0.0,15.823529411764708,0.0,20.814814814814813,,,,14.0
2023_086_4430831,4430831,Trenton Simpson,Clemson,ACC,INSIDELINEBACKER,LB,2023,3,23,86,3,5.0,10.0,12.5,94.0,0.0,21.5,158.0,0.0,0.0,0.0,0.0,0.0,0.0,0.0,0.0,0.0,0.0,0.0,0.0,0.0,0.0,0.0,0.0,0.0,0.0,0.0,0.0,0.0,0.0,0.0,0.0,0.0,0.0,0.0,0.0,0.0,0.0,0.0,0.0,,,,,,,,,,,,,,,
2023_087_4693644,4693644,Ji'Ayir Brown,Penn State,Big Ten,SAFETY,DB,2023,3,24,87,3,11.0,5.0,4.5,117.0,1.0,9.0,147.0,0.0,0.0,13.0,10.0,1.0,226.0,0.0,0.0,0.0,0.0,0.0,0.0,0.0,0.0,0.0,0.0,0.0,0.0,0.0,0.0,0.0,0.0,0.0,0.0,0.0,0.0,0.0,0.0,0.0,0.0,0.0,0.0,,,,,,,,,,,,,,,22.6
2023_088_4429013,4429013,Tank Bigsby,Auburn,SEC,RUNNINGBACK,RB,2023,3,25,88,3,0.0,0.0,0.0,0.0,0.0,0.0,0.0,6.0,2.0,0.0,0.0,0.0,0.0,13.0,0.0,300.0,0.0,0.0,0.0,0.0,0.0,0.0,0.0,0.0,0.0,0.0,0.0,0.0,0.0,0.0,0.0,0.0,0.0,62.0,0.0,448.0,540.0,25.0,2903.0,35.0,,,,51.0,51.0,,,7.225806451612903,5.375925925925926,23.076923076923077,,,,
2023_089_4250621,4250621,Kobie Turner,Wake Forest,ACC,DEFENSIVETACKLE,DL,2023,3,26,89,4,2.0,8.0,2.0,19.0,0.0,8.0,44.0,0.0,0.0,3.0,0.0,0.0,0.0,0.0,0.0,0.0,0.0,0.0,0.0,0.0,0.0,0.0,0.0,0.0,0.0,0.0,0.0,0.0,0.0,0.0,0.0,0.0,0.0,0.0,0.0,0.0,0.0,0.0,0.0,,,,,,,,,,,,,,,
2023_090_4362088,4362088,DeMarvion Overshown,Texas,Big 12,INSIDELINEBACKER,LB,2023,3,27,90,5,17.0,9.0,9.0,136.0,0.0,30.5,248.0,0.0,0.0,3.0,3.0,0.0,29.0,0.0,0.0,0.0,0.0,0.0,0.0,0.0,0.0,0.0,0.0,0.0,0.0,0.0,1.0,0.0,17.0,0.0,0.0,0.0,0.0,0.0,0.0,0.0,0.0,0.0,0.0,,,17.0,,,,,,,,,17.0,,,9.666666666666666
2023_091_4568624,4568624,Dorian Williams,Tulane,American Athletic,INSIDELINEBACKER,LB,2023,3,28,91,4,12.0,5.0,9.5,179.0,0.0,26.0,289.0,1.0,0.0,1.0,2.0,0.0,13.0,0.0,0.0,0.0,0.0,0.0,0.0,0.0,0.0,0.0,0.0,0.0,0.0,0.0,0.0,0.0,0.0,0.0,0.0,0.0,0.0,0.0,0.0,0.0,0.0,0.0,0.0,,,,,,,,,,,,,,,6.5
2023_093_4430802,4430802,Darnell Washington,Georgia,SEC,TIGHTEND,TE,2023,3,30,93,3,0.0,0.0,0.0,2.0,0.0,0.0,2.0,0.0,0.0,0.0,0.0,0.0,0.0,0.0,0.0,0.0,0.0,0.0,0.0,0.0,0.0,0.0,0.0,0.0,0.0,0.0,0.0,0.0,0.0,0.0,0.0,0.0,0.0,45.0,3.0,774.0,0.0,0.0,0.0,,,,,38.0,,,,17.2,,,,,,
2023_094_4360761,4360761,Michael Wilson,Stanford,Pac-12,WIDERECEIVER,WR,2023,3,31,94,5,0.0,0.0,0.0,3.0,0.0,0.0,3.0,4.0,2.0,0.0,0.0,0.0,0.0,4.0,0.0,55.0,0.0,0.0,0.0,0.0,0.0,0.0,0.0,0.0,0.0,0.0,22.0,0.0,151.0,0.0,0.0,0.0,0.0,133.0,11.0,1644.0,6.0,0.0,55.0,19.0,,30.0,,78.0,18.0,,,12.3609022556391,9.166666666666666,13.75,6.863636363636363,,,
2023_095_4567098,4567098,Jordan Battle,Alabama,SEC,SAFETY,DB,2023,3,32,95,4,11.0,1.0,1.0,139.0,3.0,5.5,241.0,0.0,0.0,1.0,6.0,3.0,156.0,0.0,0.0,0.0,0.0,0.0,0.0,0.0,0.0,0.0,0.0,0.0,0.0,0.0,0.0,0.0,0.0,0.0,0.0,0.0,0.0,0.0,0.0,0.0,0.0,0.0,0.0,,,,,,,,,,,,,,,26.0
2023_096_4365457,4365457,Brodric Martin,Western Kentucky,Conference USA,DEFENSIVETACKLE,DL,2023,3,33,96,3,2.0,8.0,4.0,30.0,0.0,7.5,68.0,0.0,0.0,1.0,0.0,0.0,0.0,0.0,0.0,0.0,0.0,0.0,0.0,0.0,0.0,0.0,0.0,0.0,0.0,0.0,0.0,0.0,0.0,0.0,0.0,0.0,0.0,0.0,0.0,0.0,0.0,0.0,0.0,,,,,,,,,,,,,,,
2023_097_4567173,4567173,Ricky Stromberg,Arkansas,SEC,CENTER,OL,2023,3,34,97,1,0.0,0.0,0.0,0.0,0.0,0.0,0.0,1.0,1.0,0.0,0.0,0.0,0.0,0.0,0.0,0.0,0.0,0.0,0.0,0.0,0.0,0.0,0.0,0.0,0.0,0.0,0.0,0.0,0.0,0.0,0.0,0.0,0.0,0.0,0.0,-5.0,0.0,0.0,0.0,,,,,-5.0,,,,-inf,,,,,,
2023_098_4426440,4426440,Siaki Ika,LSU,SEC,DEFENSIVETACKLE,DL,2023,3,35,98,4,3.0,9.0,5.0,36.0,0.0,10.5,70.0,0.0,0.0,0.0,0.0,0.0,0.0,0.0,0.0,0.0,0.0,0.0,0.0,0.0,0.0,0.0,0.0,0.0,0.0,0.0,0.0,0.0,0.0,0.0,0.0,0.0,0.0,0.0,0.0,0.0,0.0,0.0,0.0,,,,,,,,,,,,,,,
2023_099_4372066,4372066,Jake Moody,Michigan,Big Ten,PLACEKICKER,ST,2023,3,36,99,5,0.0,0.0,0.0,1.0,0.0,0.0,3.0,0.0,0.0,0.0,0.0,0.0,0.0,0.0,0.0,0.0,84.0,69.0,355.0,148.0,148.0,0.0,0.0,0.0,0.0,0.0,0.0,0.0,0.0,0.0,0.0,0.0,0.0,0.0,0.0,0.0,0.0,0.0,0.0,,59.0,,,,,,,,,,,,0.8214285714285714,
2023_100_4428718,4428718,Tre Tucker,Cincinnati,American Athletic,WIDERECEIVER,WR,2023,3,37,100,4,0.0,0.0,0.0,9.0,2.0,0.0,15.0,3.0,1.0,1.0,0.0,0.0,0.0,67.0,2.0,1670.0,0.0,0.0,0.0,0.0,0.0,0.0,0.0,0.0,0.0,0.0,5.0,0.0,43.0,0.0,0.0,0.0,0.0,111.0,8.0,1426.0,15.0,0.0,138.0,99.0,,30.0,,56.0,32.0,,,12.846846846846846,9.2,24.925373134328357,8.6,,,
2023_101_4372026,4372026,Cameron Latu,Alabama,SEC,TIGHTEND,TE,2023,3,38,101,4,0.0,1.0,0.0,1.0,0.0,0.0,2.0,2.0,1.0,0.0,0.0,0.0,0.0,3.0,0.0,7.0,0.0,0.0,0.0,0.0,0.0,0.0,0.0,0.0,0.0,0.0,0.0,0.0,0.0,0.0,0.0,0.0,0.0,56.0,12.0,787.0,0.0,0.0,0.0,7.0,,,,61.0,,,,14.053571428571429,,2.3333333333333335,,,,
2023_102_4360677,4360677,Mekhi Blackmon,USC,Pac-12,CORNERBACK,DB,2023,3,39,102,5,24.0,1.0,1.0,94.0,0.0,3.5,128.0,0.0,0.0,3.0,5.0,0.0,32.0,1.0,0.0,0.0,0.0,0.0,0.0,0.0,0.0,0.0,0.0,0.0,0.0,0.0,0.0,0.0,0.0,0.0,0.0,0.0,0.0,0.0,0.0,0.0,0.0,0.0,0.0,0.0,,,,,,,,,,0.0,,,,6.4
2023_103_4361600,4361600,Nick Saldiveri,Old Dominion,Conference USA,OFFENSIVETACKLE,OL,2023,4,1,103,1,0.0,0.0,0.0,1.0,0.0,0.0,1.0,0.0,0.0,0.0,0.0,0.0,0.0,0.0,0.0,0.0,0.0,0.0,0.0,0.0,0.0,0.0,0.0,0.0,0.0,0.0,0.0,0.0,0.0,0.0,0.0,0.0,0.0,0.0,0.0,0.0,0.0,1.0,0.0,,,,,,0.0,,,,,,,,,
2023_104_4686911,4686911,Jakorian Bennett,Maryland,Big Ten,CORNERBACK,DB,2023,4,2,104,3,24.0,0.0,0.0,55.0,0.0,4.5,69.0,0.0,0.0,0.0,5.0,0.0,-1.0,0.0,0.0,0.0,0.0,0.0,0.0,0.0,0.0,0.0,0.0,0.0,0.0,0.0,0.0,0.0,0.0,0.0,0.0,0.0,0.0,0.0,0.0,0.0,0.0,0.0,0.0,,,,,,,,,,,,,,,-0.2
2023_105_4428992,4428992,Kelee Ringo,Georgia,SEC,CORNERBACK,DB,2023,4,3,105,2,14.0,0.0,1.0,55.0,1.0,3.0,67.0,0.0,0.0,0.0,4.0,1.0,124.0,0.0,0.0,0.0,0.0,0.0,0.0,0.0,0.0,0.0,0.0,0.0,0.0,0.0,0.0,0.0,0.0,0.0,0.0,0.0,0.0,0.0,0.0,0.0,0.0,0.0,0.0,,,,,,,,,,,,,,,31.0
2023_106_4429636,4429636,Blake Freeland,BYU,FBS Independents,OFFENSIVETACKLE,OL,2023,4,4,106,2,0.0,0.0,0.0,3.0,0.0,0.0,3.0,0.0,0.0,0.0,0.0,0.0,0.0,0.0,0.0,0.0,0.0,0.0,0.0,0.0,0.0,0.0,0.0,0.0,0.0,0.0,0.0,0.0,0.0,0.0,0.0,0.0,0.0,0.0,0.0,0.0,0.0,0.0,0.0,,,,,,,,,,,,,,,
2023_109_4374066,4374066,Dylan Horton,TCU,Big 12,DEFENSIVEEND,DL,2023,4,7,109,5,4.0,13.0,17.5,83.0,0.0,27.5,134.0,0.0,0.0,0.0,0.0,0.0,0.0,0.0,0.0,0.0,0.0,0.0,0.0,0.0,0.0,0.0,0.0,0.0,0.0,0.0,0.0,0.0,0.0,0.0,0.0,0.0,0.0,0.0,0.0,0.0,0.0,0.0,0.0,,,,,,,,,,,,,,,
2023_110_4427635,4427635,Adetomiwa Adebawore,Northwestern,Big Ten,DEFENSIVEEND,DL,2023,4,8,110,3,6.0,22.0,11.5,63.0,0.0,23.5,91.0,0.0,0.0,0.0,0.0,0.0,0.0,0.0,0.0,0.0,0.0,0.0,0.0,0.0,0.0,0.0,0.0,0.0,0.0,0.0,0.0,0.0,0.0,0.0,0.0,0.0,0.0,0.0,0.0,0.0,0.0,0.0,0.0,,,,,,,,,,,,,,,
2023_112_4363538,4363538,Chad Ryland,Maryland,Big Ten,PLACEKICKER,ST,2023,4,10,112,5,0.0,0.0,0.0,1.0,0.0,0.0,3.0,0.0,0.0,0.0,0.0,0.0,0.0,0.0,0.0,0.0,97.0,75.0,405.0,184.0,180.0,0.0,0.0,0.0,0.0,0.0,0.0,0.0,0.0,2.0,2.0,0.0,86.0,0.0,0.0,0.0,0.0,0.0,0.0,,55.0,,49.0,,,,,,,,,43.0,0.7731958762886598,
2023_113_4429067,4429067,Clark Phillips III,Utah,Pac-12,CORNERBACK,DB,2023,4,11,113,3,21.0,0.0,1.0,73.0,4.0,4.0,100.0,0.0,0.0,2.0,9.0,4.0,232.0,0.0,0.0,0.0,0.0,0.0,0.0,0.0,0.0,0.0,0.0,0.0,0.0,0.0,0.0,0.0,0.0,0.0,0.0,0.0,0.0,0.0,0.0,0.0,0.0,0.0,0.0,,,,,,,,,,,,,,,25.77777777777778
2023_114_4710661,4710661,Chandler Zavala,NC State,ACC,OFFENSIVEGUARD,OL,2023,4,12,114,1,0.0,0.0,0.0,0.0,0.0,0.0,0.0,0.0,0.0,0.0,0.0,0.0,0.0,0.0,0.0,0.0,0.0,0.0,0.0,0.0,0.0,0.0,0.0,0.0,0.0,0.0,0.0,0.0,0.0,0.0,0.0,0.0,0.0,1.0,0.0,0.0,0.0,0.0,0.0,,,,,0.0,,,,0.0,,,,,,
2023_115_4426386,4426386,Roschon Johnson,Texas,Big 12,RUNNINGBACK,RB,2023,4,13,115,4,0.0,0.0,0.0,7.0,0.0,0.0,10.0,1.0,1.0,0.0,0.0,0.0,0.0,8.0,0.0,143.0,0.0,0.0,0.0,0.0,0.0,2.0,1.0,0.0,0.0,2.0,0.0,0.0,0.0,0.0,0.0,0.0,0.0,56.0,3.0,420.0,392.0,23.0,2189.0,24.0,,,,38.0,72.0,0.5,1.0,7.5,5.584183673469388,17.875,,,,
2023_116_4567224,4567224,Colby Wooden,Auburn,SEC,DEFENSIVETACKLE,DL,2023,4,14,116,4,6.0,23.0,14.5,91.0,0.0,29.5,151.0,0.0,0.0,5.0,0.0,0.0,0.0,0.0,0.0,0.0,0.0,0.0,0.0,0.0,0.0,0.0,0.0,0.0,0.0,0.0,0.0,0.0,0.0,0.0,0.0,0.0,0.0,0.0,0.0,0.0,0.0,0.0,0.0,,,,,,,,,,,,,,,
2023_117_4244826,4244826,Sidy Sow,Eastern Michigan,Mid-American,OFFENSIVEGUARD,OL,2023,4,15,117,1,0.0,0.0,0.0,1.0,0.0,0.0,1.0,0.0,0.0,0.0,0.0,0.0,0.0,0.0,0.0,0.0,0.0,0.0,0.0,0.0,0.0,0.0,0.0,0.0,0.0,0.0,0.0,0.0,0.0,0.0,0.0,0.0,0.0,0.0,0.0,0.0,0.0,0.0,0.0,,,,,,,,,,,,,,,
2023_118_4361003,4361003,Braeden E. Daniels,Utah,Pac-12,OFFENSIVEGUARD,OL,2023,4,16,118,2,0.0,0.0,0.0,2.0,0.0,0.0,3.0,0.0,0.0,0.0,0.0,0.0,0.0,0.0,0.0,0.0,0.0,0.0,0.0,0.0,0.0,0.0,0.0,0.0,0.0,0.0,0.0,0.0,0.0,0.0,0.0,0.0,0.0,0.0,0.0,0.0,0.0,0.0,0.0,,,,,,,,,,,,,,,
2023_119_4361964,4361964,Chamarri Conner,Virginia Tech,ACC,SAFETY,DB,2023,4,17,119,5,19.0,13.0,7.5,206.0,0.0,21.0,313.0,0.0,0.0,0.0,4.0,0.0,20.0,0.0,0.0,0.0,0.0,0.0,0.0,0.0,0.0,0.0,0.0,0.0,0.0,0.0,0.0,0.0,0.0,0.0,0.0,0.0,0.0,0.0,0.0,0.0,0.0,0.0,0.0,,,,,,,,,,,,,,,5.0
2023_120_4240723,4240723,Carter Warren,Pittsburgh,ACC,OFFENSIVETACKLE,OL,2023,4,18,120,1,0.0,0.0,0.0,0.0,0.0,0.0,0.0,0.0,0.0,0.0,0.0,0.0,0.0,0.0,0.0,0.0,0.0,0.0,0.0,0.0,0.0,0.0,0.0,0.0,0.0,0.0,0.0,0.0,0.0,0.0,0.0,0.0,0.0,0.0,0.0,0.0,1.0,0.0,0.0,,,,,,0.0,,,,0.0,,,,,
2023_121_4240610,4240610,Ventrell Miller,Florida,SEC,INSIDELINEBACKER,LB,2023,4,19,121,5,7.0,9.0,7.5,124.0,1.0,24.0,239.0,0.0,0.0,2.0,1.0,1.0,82.0,0.0,0.0,0.0,0.0,0.0,0.0,0.0,0.0,0.0,0.0,0.0,0.0,0.0,0.0,0.0,0.0,0.0,0.0,0.0,0.0,0.0,0.0,0.0,0.0,0.0,0.0,,,,,,,,,,,,,,,82.0
2023_122_4367199,4367199,Jon Gaines,UCLA,Pac-12,OFFENSIVEGUARD,OL,2023,4,20,122,1,0.0,0.0,0.0,1.0,0.0,0.0,1.0,0.0,0.0,0.0,0.0,0.0,0.0,0.0,0.0,0.0,0.0,0.0,0.0,0.0,0.0,0.0,0.0,0.0,0.0,0.0,0.0,0.0,0.0,0.0,0.0,0.0,0.0,0.0,0.0,0.0,0.0,0.0,0.0,,,,,,,,,,,,,,,
2023_123_4362911,4362911,Cameron Young,Mississippi State,SEC,DEFENSIVETACKLE,DL,2023,4,21,123,4,4.0,4.0,2.0,34.0,0.0,9.0,109.0,0.0,0.0,0.0,1.0,0.0,5.0,0.0,0.0,0.0,0.0,0.0,0.0,0.0,0.0,0.0,0.0,0.0,0.0,0.0,0.0,0.0,0.0,0.0,0.0,0.0,0.0,0.0,0.0,0.0,0.0,0.0,0.0,,,,,,,,,,,,,,,5.0
2023_124_4690179,4690179,Tavius Robinson,Ole Miss,SEC,OUTSIDELINEBACKER,LB,2023,4,22,124,3,1.0,12.0,9.5,31.0,0.0,12.0,84.0,0.0,0.0,4.0,0.0,0.0,0.0,0.0,0.0,0.0,0.0,0.0,0.0,0.0,0.0,0.0,0.0,0.0,0.0,0.0,0.0,0.0,0.0,0.0,0.0,0.0,0.0,0.0,0.0,0.0,0.0,0.0,0.0,,,,,,,,,,,,,,,
2023_125_4362477,4362477,Derius Davis,TCU,Big 12,WIDERECEIVER,WR,2023,4,23,125,5,0.0,0.0,0.0,6.0,6.0,0.0,6.0,9.0,7.0,1.0,0.0,0.0,0.0,53.0,1.0,1145.0,0.0,0.0,0.0,0.0,0.0,0.0,0.0,0.0,0.0,0.0,44.0,5.0,658.0,0.0,0.0,0.0,0.0,112.0,9.0,1513.0,28.0,2.0,183.0,100.0,,82.0,,80.0,43.0,,,13.508928571428571,6.535714285714286,21.60377358490566,14.954545454545457,,,
2023_126_4427963,4427963,Isaiah McGuire,Missouri,SEC,DEFENSIVEEND,DL,2023,4,24,126,4,1.0,10.0,16.0,74.0,0.0,31.0,116.0,0.0,0.0,1.0,0.0,0.0,0.0,0.0,0.0,0.0,0.0,0.0,0.0,0.0,0.0,0.0,0.0,0.0,0.0,0.0,0.0,0.0,0.0,0.0,0.0,0.0,0.0,0.0,0.0,0.0,0.0,0.0,0.0,,,,,,,,,,,,,,,
2023_127_4243322,4243322,Jake Haener,Washington,Pac-12,QUARTERBACK,QB,2023,4,25,127,4,0.0,0.0,0.0,1.0,0.0,0.0,1.0,8.0,7.0,0.0,0.0,0.0,0.0,0.0,0.0,0.0,0.0,0.0,0.0,0.0,0.0,1080.0,736.0,18.0,68.0,9055.0,0.0,0.0,0.0,1.0,2.0,0.0,72.0,1.0,0.0,-8.0,174.0,8.0,-102.0,,,,37.0,0.0,54.0,0.6814814814814815,8.38425925925926,-8.0,-0.5862068965517241,,,36.0,,
2023_128_4259553,4259553,Stetson Bennett,Georgia,SEC,QUARTERBACK,QB,2023,4,26,128,4,1.0,0.0,0.0,3.0,0.0,0.0,3.0,12.0,4.0,0.0,0.0,0.0,0.0,0.0,0.0,0.0,0.0,0.0,0.0,0.0,0.0,924.0,601.0,21.0,66.0,8425.0,0.0,0.0,0.0,0.0,0.0,0.0,0.0,0.0,0.0,0.0,141.0,14.0,530.0,,,,,,64.0,0.6504329004329005,9.117965367965368,,3.7588652482269502,,,,,
2023_129_4570235,4570235,Viliami Fehoko,San José State,Mountain West,DEFENSIVEEND,DL,2023,4,27,129,6,12.0,15.0,24.0,103.0,0.0,46.5,190.0,0.0,0.0,3.0,0.0,0.0,0.0,0.0,0.0,0.0,0.0,0.0,0.0,0.0,0.0,0.0,0.0,0.0,0.0,0.0,0.0,0.0,0.0,0.0,0.0,0.0,0.0,0.0,0.0,0.0,0.0,0.0,0.0,,,,,,,,,,,,,,,
2023_130_4361861,4361861,Tyler Lacy,Oklahoma State,Big 12,DEFENSIVEEND,DL,2023,4,28,130,4,4.0,22.0,10.5,59.0,0.0,30.0,113.0,0.0,0.0,2.0,0.0,0.0,0.0,0.0,0.0,0.0,0.0,0.0,0.0,0.0,0.0,0.0,0.0,0.0,0.0,0.0,0.0,0.0,0.0,0.0,0.0,0.0,0.0,0.0,0.0,0.0,0.0,0.0,0.0,,,,,,,,,,,,,,,
2023_131_4257188,4257188,Charlie Jones,Purdue,Big Ten,WIDERECEIVER,WR,2023,4,29,131,4,0.0,0.0,0.0,1.0,2.0,0.0,1.0,4.0,2.0,0.0,0.0,0.0,0.0,46.0,1.0,1024.0,0.0,0.0,0.0,0.0,0.0,0.0,0.0,0.0,0.0,0.0,78.0,1.0,622.0,0.0,0.0,0.0,0.0,149.0,18.0,2079.0,11.0,0.0,49.0,100.0,,54.0,,72.0,27.0,,,13.953020134228188,4.454545454545454,22.26086956521739,7.9743589743589745,,,
2023_132_4429164,4429164,Nick Herbig,Wisconsin,Big Ten,OUTSIDELINEBACKER,LB,2023,4,30,132,3,7.0,5.0,21.0,95.0,0.0,36.0,134.0,0.0,0.0,2.0,0.0,0.0,0.0,0.0,0.0,0.0,0.0,0.0,0.0,0.0,0.0,0.0,0.0,0.0,0.0,0.0,0.0,0.0,0.0,0.0,0.0,0.0,0.0,0.0,0.0,0.0,0.0,0.0,0.0,,,,,,,,,,,,,,,
2023_133_4565908,4565908,Tyler Scott,Cincinnati,American Athletic,WIDERECEIVER,WR,2023,4,31,133,3,0.0,0.0,0.0,4.0,0.0,0.0,6.0,0.0,0.0,0.0,0.0,0.0,0.0,6.0,0.0,102.0,0.0,0.0,0.0,0.0,0.0,0.0,0.0,0.0,0.0,0.0,0.0,0.0,0.0,0.0,0.0,0.0,0.0,88.0,14.0,1439.0,1.0,0.0,20.0,40.0,,,,81.0,20.0,,,16.352272727272727,20.0,17.0,,,,
2023_134_4568007,4568007,Jay Ward,LSU,SEC,SAFETY,DB,2023,4,32,134,4,17.0,1.0,0.0,103.0,1.0,3.5,156.0,0.0,0.0,2.0,6.0,1.0,99.0,0.0,0.0,0.0,0.0,0.0,0.0,0.0,0.0,0.0,0.0,0.0,0.0,0.0,1.0,0.0,3.0,0.0,0.0,0.0,0.0,0.0,0.0,0.0,0.0,0.0,0.0,,,3.0,,,,,,,,,3.0,,,16.5
2023_135_4260394,4260394,Aidan O'Connell,Purdue,Big Ten,QUARTERBACK,QB,2023,4,33,135,4,0.0,0.0,0.0,1.0,0.0,0.0,1.0,7.0,3.0,0.0,0.0,0.0,0.0,0.0,0.0,0.0,0.0,0.0,0.0,0.0,0.0,1236.0,824.0,30.0,65.0,9208.0,0.0,0.0,0.0,0.0,0.0,0.0,0.0,0.0,0.0,0.0,95.0,2.0,-274.0,,,,,,24.0,0.6666666666666666,7.449838187702265,,-2.8842105263157896,,,,,
2023_136_4360807,4360807,Yasir Abdullah,Louisville,ACC,OUTSIDELINEBACKER,LB,2023,5,1,136,5,8.0,11.0,23.5,122.0,0.0,43.0,206.0,0.0,0.0,3.0,3.0,0.0,27.0,0.0,0.0,0.0,0.0,0.0,0.0,0.0,0.0,0.0,0.0,0.0,0.0,0.0,0.0,0.0,0.0,0.0,0.0,0.0,0.0,0.0,0.0,0.0,0.0,0.0,0.0,,,,,,,,,,,,,,,9.0
2023_137_4360308,4360308,K.J. Henry,Clemson,ACC,DEFENSIVEEND,DL,2023,5,3,137,5,11.0,18.0,13.5,63.0,0.0,28.5,123.0,0.0,0.0,2.0,0.0,0.0,0.0,0.0,0.0,0.0,0.0,0.0,0.0,0.0,0.0,0.0,0.0,0.0,0.0,0.0,0.0,0.0,0.0,0.0,0.0,0.0,0.0,0.0,0.0,0.0,0.0,0.0,0.0,,,,,,,,,,,,,,,
2023_138_4362858,4362858,Darius Rush,South Carolina,SEC,CORNERBACK,DB,2023,5,4,138,4,15.0,1.0,1.0,61.0,0.0,5.0,75.0,1.0,1.0,0.0,3.0,0.0,59.0,0.0,0.0,0.0,0.0,0.0,0.0,0.0,0.0,0.0,0.0,0.0,0.0,0.0,2.0,0.0,-2.0,0.0,0.0,0.0,0.0,0.0,0.0,0.0,0.0,0.0,0.0,,,0.0,,,,,,,,,-1.0,,,19.666666666666668
2023_139_4360175,4360175,Clayton Tune,Houston,American Athletic,QUARTERBACK,QB,2023,5,5,139,5,0.0,0.0,0.0,5.0,0.0,0.0,7.0,20.0,10.0,0.0,0.0,0.0,0.0,0.0,0.0,0.0,0.0,0.0,0.0,0.0,0.0,1499.0,956.0,41.0,104.0,11996.0,0.0,0.0,0.0,0.0,0.0,0.0,0.0,1.0,0.0,21.0,412.0,15.0,1251.0,,,,,21.0,68.0,0.637758505670447,8.00266844563042,21.0,3.0364077669902914,,,,,
2023_140_4367178,4367178,Dorian Thompson-Robinson,UCLA,Pac-12,QUARTERBACK,QB,2023,5,6,140,5,0.0,0.0,0.0,5.0,0.0,0.0,5.0,27.0,14.0,0.0,0.0,0.0,0.0,0.0,0.0,0.0,0.0,0.0,0.0,0.0,0.0,1323.0,842.0,36.0,87.0,10556.0,0.0,0.0,0.0,0.0,0.0,0.0,0.0,0.0,0.0,0.0,465.0,28.0,1838.0,,,,,,68.0,0.636432350718065,7.978835978835979,,3.9526881720430103,,,,,
2023_141_4429034,4429034,Jaquelin Roy,LSU,SEC,DEFENSIVETACKLE,DL,2023,5,7,141,3,0.0,6.0,4.0,48.0,0.0,13.0,99.0,0.0,0.0,4.0,0.0,0.0,0.0,0.0,0.0,0.0,0.0,0.0,0.0,0.0,0.0,0.0,0.0,0.0,0.0,0.0,0.0,0.0,0.0,0.0,0.0,0.0,0.0,0.0,0.0,0.0,0.0,0.0,0.0,,,,,,,,,,,,,,,
2023_142_4569607,4569607,Cameron Mitchell,Northwestern,Big Ten,CORNERBACK,DB,2023,5,8,142,4,18.0,2.0,1.5,88.0,0.0,3.5,119.0,0.0,0.0,4.0,2.0,0.0,16.0,0.0,0.0,0.0,0.0,0.0,0.0,0.0,0.0,0.0,0.0,0.0,0.0,0.0,0.0,0.0,0.0,0.0,0.0,0.0,0.0,0.0,0.0,0.0,0.0,0.0,0.0,,,,,,,,,,,,,,,8.0
2023_143_4429202,4429202,Israel Abanikanda,Pittsburgh,ACC,RUNNINGBACK,RB,2023,5,9,143,3,0.0,0.0,0.0,0.0,1.0,0.0,0.0,3.0,1.0,0.0,0.0,0.0,0.0,19.0,1.0,434.0,0.0,0.0,0.0,0.0,0.0,0.0,0.0,0.0,0.0,0.0,0.0,0.0,0.0,0.0,0.0,0.0,0.0,38.0,3.0,354.0,390.0,28.0,2177.0,98.0,,,,37.0,80.0,,,9.31578947368421,5.582051282051282,22.842105263157897,,,,
2023_144_4367202,4367202,Atonio Mafi,UCLA,Pac-12,OFFENSIVEGUARD,OL,2023,5,10,144,4,0.0,1.0,2.0,18.0,0.0,6.5,45.0,0.0,0.0,0.0,0.0,0.0,0.0,0.0,0.0,0.0,0.0,0.0,0.0,0.0,0.0,0.0,0.0,0.0,0.0,0.0,0.0,0.0,0.0,0.0,0.0,0.0,0.0,0.0,0.0,0.0,0.0,0.0,7.0,,,,,,7.0,,,,inf,,,,,
2023_145_4430411,4430411,Jammie Robinson,South Carolina,SEC,SAFETY,DB,2023,5,11,145,4,15.0,6.0,1.0,171.0,0.0,15.5,306.0,0.0,0.0,1.0,7.0,0.0,92.0,2.0,0.0,38.0,0.0,0.0,0.0,0.0,0.0,0.0,0.0,0.0,0.0,0.0,8.0,0.0,37.0,0.0,0.0,0.0,0.0,0.0,0.0,0.0,0.0,0.0,0.0,22.0,,16.0,,,,,,,,19.0,4.625,,,13.142857142857142
2023_146_4360949,4360949,Jordan Howden,Minnesota,Big Ten,SAFETY,DB,2023,5,12,146,5,19.0,1.0,0.0,162.0,0.0,4.5,233.0,0.0,0.0,0.0,4.0,0.0,0.0,0.0,0.0,0.0,0.0,0.0,0.0,0.0,0.0,0.0,0.0,0.0,0.0,0.0,0.0,0.0,0.0,0.0,0.0,0.0,0.0,0.0,0.0,0.0,0.0,0.0,0.0,,,,,,,,,,,,,,,0.0
2023_147_4360086,4360086,Josh Whyle,Cincinnati,American Athletic,TIGHTEND,TE,2023,5,13,147,4,0.0,0.0,0.0,4.0,0.0,0.0,4.0,1.0,1.0,0.0,0.0,0.0,0.0,0.0,0.0,0.0,0.0,0.0,0.0,0.0,0.0,0.0,0.0,0.0,0.0,0.0,0.0,0.0,0.0,0.0,0.0,0.0,0.0,88.0,15.0,1062.0,0.0,0.0,0.0,,,,,35.0,,,,12.068181818181818,,,,,,
2023_148_4430822,4430822,Noah Sewell,Oregon,Pac-12,INSIDELINEBACKER,LB,2023,5,14,148,3,8.0,7.0,7.5,102.0,0.0,20.5,213.0,0.0,0.0,2.0,2.0,0.0,22.0,0.0,0.0,0.0,0.0,0.0,0.0,0.0,0.0,0.0,0.0,0.0,0.0,0.0,0.0,0.0,0.0,0.0,0.0,0.0,0.0,0.0,0.0,0.0,1.0,1.0,1.0,,,,,,1.0,,,,1.0,,,,,11.0
2023_149_4259592,4259592,Sean Clifford,Penn State,Big Ten,QUARTERBACK,QB,2023,5,15,149,5,0.0,0.0,0.0,1.0,0.0,0.0,1.0,12.0,6.0,0.0,0.0,0.0,0.0,0.0,0.0,0.0,0.0,0.0,0.0,0.0,0.0,1355.0,832.0,31.0,86.0,10679.0,0.0,0.0,0.0,0.0,0.0,0.0,0.0,2.0,0.0,24.0,389.0,15.0,1082.0,,,,,25.0,62.0,0.6140221402214022,7.881180811808118,12.0,2.7814910025706943,,,,,
2023_150_4361426,4361426,Justin Shorter,Penn State,Big Ten,WIDERECEIVER,WR,2023,5,16,150,5,0.0,0.0,0.0,10.0,0.0,0.0,17.0,1.0,1.0,0.0,0.0,0.0,0.0,3.0,0.0,34.0,0.0,0.0,0.0,0.0,0.0,0.0,0.0,0.0,0.0,0.0,0.0,0.0,0.0,0.0,0.0,0.0,0.0,110.0,8.0,1552.0,1.0,0.0,9.0,18.0,,,,75.0,9.0,,,14.10909090909091,9.0,11.333333333333334,,,,
2023_151_4572055,4572055,Mike Morris,Michigan,Big Ten,DEFENSIVEEND,DL,2023,5,17,151,3,3.0,5.0,7.5,22.0,0.0,11.5,38.0,0.0,0.0,0.0,1.0,0.0,5.0,0.0,0.0,0.0,0.0,0.0,0.0,0.0,0.0,0.0,0.0,0.0,0.0,0.0,0.0,0.0,0.0,0.0,0.0,0.0,0.0,0.0,0.0,0.0,0.0,0.0,0.0,,,,,,,,,,,,,,,5.0
2023_153_4429511,4429511,SirVocea Dennis,Pittsburgh,ACC,INSIDELINEBACKER,LB,2023,5,19,153,4,3.0,16.0,13.5,120.0,1.0,35.5,227.0,0.0,0.0,1.0,2.0,1.0,117.0,0.0,0.0,0.0,0.0,0.0,0.0,0.0,0.0,0.0,0.0,0.0,0.0,0.0,0.0,0.0,0.0,0.0,0.0,0.0,0.0,0.0,0.0,0.0,0.0,0.0,0.0,,,,,,,,,,,,,,,58.5
2023_154_4370807,4370807,Victor Oluwatimi,Virginia,ACC,CENTER,OL,2023,5,20,154,1,0.0,0.0,0.0,0.0,0.0,0.0,0.0,0.0,0.0,0.0,0.0,0.0,0.0,0.0,0.0,0.0,0.0,0.0,0.0,0.0,0.0,0.0,0.0,0.0,0.0,0.0,0.0,0.0,0.0,0.0,0.0,0.0,0.0,0.0,0.0,0.0,0.0,0.0,-3.0,,,,,,0.0,,,,-inf,,,,,
2023_155_4685978,4685978,Darrell Luter Jr,South Alabama,Sun Belt,CORNERBACK,DB,2023,5,21,155,3,15.0,1.0,0.0,52.0,0.0,2.5,84.0,1.0,1.0,0.0,5.0,0.0,50.0,0.0,0.0,0.0,0.0,0.0,0.0,0.0,0.0,0.0,0.0,0.0,0.0,0.0,0.0,0.0,0.0,0.0,0.0,0.0,0.0,0.0,0.0,0.0,0.0,0.0,0.0,,,,,,,,,,,,,,,10.0
2023_156_4360319,4360319,Jordan McFadden,Clemson,ACC,OFFENSIVEGUARD,OL,2023,5,22,156,1,0.0,1.0,0.0,0.0,0.0,0.0,0.0,0.0,0.0,0.0,0.0,0.0,0.0,0.0,0.0,0.0,0.0,0.0,0.0,0.0,0.0,0.0,0.0,0.0,0.0,0.0,0.0,0.0,0.0,0.0,0.0,0.0,0.0,0.0,0.0,0.0,0.0,0.0,0.0,,,,,,,,,,,,,,,
2023_157_4427695,4427695,Kyu Blu Kelly,Stanford,Pac-12,CORNERBACK,DB,2023,5,23,157,4,23.0,1.0,1.0,111.0,1.0,1.5,147.0,0.0,0.0,1.0,3.0,1.0,31.0,0.0,0.0,0.0,0.0,0.0,0.0,0.0,0.0,0.0,0.0,0.0,0.0,0.0,0.0,0.0,0.0,0.0,0.0,0.0,0.0,0.0,0.0,0.0,0.0,0.0,0.0,,,,,,,,,,,,,,,10.333333333333334
2023_158_4242415,4242415,Daniel Scott,California,Pac-12,SAFETY,DB,2023,5,24,158,5,6.0,6.0,1.0,136.0,1.0,7.0,204.0,0.0,0.0,0.0,7.0,1.0,65.0,0.0,0.0,0.0,0.0,0.0,0.0,0.0,0.0,0.0,0.0,0.0,0.0,0.0,0.0,0.0,0.0,0.0,0.0,0.0,0.0,0.0,0.0,0.0,0.0,0.0,0.0,,,,,,,,,,,,,,,9.285714285714286
2023_159_4428850,4428850,Dontayvion Wicks,Virginia,ACC,WIDERECEIVER,WR,2023,5,25,159,3,0.0,0.0,0.0,2.0,0.0,0.0,3.0,3.0,1.0,0.0,0.0,0.0,0.0,0.0,0.0,0.0,0.0,0.0,0.0,0.0,0.0,3.0,1.0,0.0,0.0,18.0,0.0,0.0,0.0,0.0,0.0,0.0,0.0,90.0,12.0,1694.0,0.0,0.0,0.0,,,,,77.0,,0.3333333333333333,6.0,18.822222222222223,,,,,,
2023_160_4429168,4429168,Antonio Johnson,Texas A&M,SEC,SAFETY,DB,2023,5,26,160,3,7.0,4.0,2.0,96.0,0.0,13.0,164.0,0.0,0.0,0.0,1.0,0.0,6.0,0.0,0.0,0.0,0.0,0.0,0.0,0.0,0.0,0.0,0.0,0.0,0.0,0.0,0.0,0.0,0.0,0.0,0.0,0.0,0.0,0.0,0.0,0.0,0.0,0.0,0.0,,,,,,,,,,,,,,,6.0
2023_161_4360773,4360773,Nick Hampton,App State,Sun Belt,OUTSIDELINEBACKER,LB,2023,5,27,161,5,4.0,23.0,27.5,92.0,0.0,41.0,175.0,0.0,0.0,3.0,0.0,0.0,0.0,0.0,0.0,0.0,0.0,0.0,0.0,0.0,0.0,0.0,0.0,0.0,0.0,0.0,0.0,0.0,0.0,0.0,0.0,0.0,0.0,0.0,0.0,0.0,0.0,0.0,0.0,,,,,,,,,,,,,,,
2023_162_4362523,4362523,Will Mallory,Miami,ACC,TIGHTEND,TE,2023,5,28,162,5,0.0,0.0,0.0,2.0,0.0,0.0,2.0,2.0,1.0,0.0,0.0,0.0,0.0,0.0,0.0,0.0,0.0,0.0,0.0,0.0,0.0,0.0,0.0,0.0,0.0,0.0,0.0,0.0,0.0,0.0,0.0,0.0,0.0,115.0,14.0,1544.0,0.0,0.0,0.0,,,,,57.0,,,,13.42608695652174,,,,,,
2023_163_4362238,4362238,Chase Brown,Western Michigan,Mid-American,RUNNINGBACK,RB,2023,5,29,163,5,0.0,0.0,0.0,7.0,0.0,0.0,10.0,8.0,3.0,0.0,0.0,0.0,0.0,17.0,0.0,304.0,0.0,0.0,0.0,0.0,0.0,1.0,0.0,0.0,0.0,0.0,0.0,0.0,0.0,0.0,0.0,0.0,0.0,58.0,3.0,521.0,673.0,18.0,3541.0,28.0,,,,43.0,80.0,0.0,0.0,8.982758620689655,5.261515601783061,17.88235294117647,,,,
2023_164_4373632,4373632,Jaren Hall,BYU,FBS Independents,QUARTERBACK,QB,2023,5,30,164,4,0.0,0.0,0.0,0.0,0.0,0.0,0.0,8.0,2.0,1.0,0.0,0.0,0.0,0.0,0.0,0.0,0.0,0.0,0.0,0.0,0.0,718.0,468.0,11.0,52.0,6174.0,0.0,0.0,0.0,0.0,0.0,0.0,0.0,5.0,1.0,49.0,181.0,9.0,796.0,,,,,22.0,56.0,0.6518105849582173,8.598885793871867,9.8,4.397790055248619,,,,,
2023_165_4360935,4360935,Terell Smith,Minnesota,Big Ten,CORNERBACK,DB,2023,5,31,165,5,16.0,0.0,2.0,89.0,0.0,6.5,109.0,0.0,0.0,1.0,4.0,0.0,31.0,0.0,0.0,0.0,0.0,0.0,0.0,0.0,0.0,0.0,0.0,0.0,0.0,0.0,0.0,0.0,0.0,0.0,0.0,0.0,0.0,0.0,0.0,0.0,0.0,0.0,0.0,,,,,,,,,,,,,,,7.75
2023_166_4691084,4691084,BJ Thompson,Stephen F. Austin,Western Athletic,OUTSIDELINEBACKER,LB,2023,5,32,166,3,0.0,2.0,1.0,11.0,0.0,4.0,16.0,0.0,0.0,3.0,0.0,0.0,0.0,0.0,0.0,0.0,0.0,0.0,0.0,0.0,0.0,0.0,0.0,0.0,0.0,0.0,0.0,0.0,0.0,0.0,0.0,0.0,0.0,0.0,0.0,0.0,0.0,0.0,0.0,,,,,,,,,,,,,,,
2023_167_4426350,4426350,Henry To'o To'o,Tennessee,SEC,INSIDELINEBACKER,LB,2023,5,33,167,4,6.0,8.0,8.0,172.0,1.0,30.0,343.0,0.0,0.0,1.0,1.0,1.0,32.0,0.0,0.0,0.0,0.0,0.0,0.0,0.0,0.0,0.0,0.0,0.0,0.0,0.0,0.0,0.0,0.0,0.0,0.0,0.0,0.0,1.0,0.0,31.0,0.0,0.0,0.0,,,,,31.0,,,,31.0,,,,,,32.0
2023_168_4567219,4567219,Owen Pappoe,Auburn,SEC,INSIDELINEBACKER,LB,2023,5,34,168,4,7.0,9.0,8.5,145.0,0.0,15.5,257.0,0.0,0.0,1.0,2.0,0.0,1.0,0.0,0.0,0.0,0.0,0.0,0.0,0.0,0.0,0.0,0.0,0.0,0.0,0.0,0.0,0.0,0.0,0.0,0.0,0.0,0.0,0.0,0.0,0.0,0.0,0.0,0.0,,,,,,,,,,,,,,,0.5
2023_170_4379413,4379413,Christopher Smith,Georgia,SEC,SAFETY,DB,2023,5,36,170,5,11.0,0.0,1.0,71.0,2.0,4.0,117.0,0.0,0.0,2.0,6.0,1.0,123.0,0.0,0.0,0.0,0.0,0.0,0.0,0.0,0.0,0.0,0.0,0.0,0.0,0.0,0.0,0.0,0.0,0.0,0.0,0.0,0.0,0.0,0.0,0.0,0.0,0.0,0.0,,,,,,,,,,,,,,,20.5
2023_171_4372505,4372505,Payne Durham,Purdue,Big Ten,TIGHTEND,TE,2023,5,37,171,4,0.0,0.0,0.0,1.0,0.0,0.0,1.0,1.0,1.0,0.0,0.0,0.0,0.0,0.0,0.0,0.0,0.0,0.0,0.0,0.0,0.0,0.0,0.0,0.0,0.0,0.0,0.0,0.0,0.0,0.0,0.0,0.0,0.0,126.0,21.0,1275.0,1.0,0.0,4.0,,,,,62.0,4.0,,,10.11904761904762,4.0,,,,,
2023_172_4570561,4570561,Eric Gray,Tennessee,SEC,RUNNINGBACK,RB,2023,5,38,172,4,0.0,0.0,0.0,1.0,0.0,0.0,2.0,6.0,4.0,0.0,0.0,0.0,0.0,4.0,0.0,72.0,0.0,0.0,0.0,0.0,0.0,2.0,1.0,1.0,0.0,0.0,9.0,0.0,47.0,0.0,0.0,0.0,0.0,99.0,5.0,827.0,549.0,21.0,3087.0,24.0,,20.0,,38.0,94.0,0.5,0.0,8.353535353535353,5.622950819672131,18.0,5.222222222222222,,,
2023_173_4259558,4259558,Robert Beal Jr.,Georgia,SEC,DEFENSIVEEND,DL,2023,5,39,173,4,2.0,5.0,10.0,32.0,0.0,11.5,65.0,0.0,0.0,2.0,0.0,0.0,0.0,0.0,0.0,0.0,0.0,0.0,0.0,0.0,0.0,0.0,0.0,0.0,0.0,0.0,0.0,0.0,0.0,0.0,0.0,0.0,0.0,0.0,0.0,0.0,0.0,0.0,0.0,,,,,,,,,,,,,,,
2023_174_4426512,4426512,Warren McClendon,Georgia,SEC,OFFENSIVETACKLE,OL,2023,5,40,174,1,0.0,0.0,0.0,4.0,0.0,0.0,4.0,0.0,0.0,0.0,0.0,0.0,0.0,0.0,0.0,0.0,0.0,0.0,0.0,0.0,0.0,0.0,0.0,0.0,0.0,0.0,0.0,0.0,0.0,0.0,0.0,0.0,0.0,0.0,0.0,0.0,0.0,0.0,0.0,,,,,,,,,,,,,,,
2023_175_4426553,4426553,Davis Allen,Clemson,ACC,TIGHTEND,TE,2023,5,41,175,4,0.0,0.0,0.0,6.0,0.0,0.0,9.0,1.0,1.0,0.0,0.0,0.0,0.0,0.0,0.0,0.0,0.0,0.0,0.0,0.0,0.0,1.0,0.0,0.0,0.0,0.0,0.0,0.0,0.0,0.0,0.0,0.0,0.0,88.0,12.0,951.0,0.0,0.0,0.0,,,,,42.0,,0.0,0.0,10.806818181818182,,,,,,
2023_176_4569609,4569609,Evan Hull,Northwestern,Big Ten,RUNNINGBACK,RB,2023,5,42,176,4,0.0,0.0,0.0,1.0,0.0,0.0,1.0,5.0,2.0,0.0,0.0,0.0,0.0,9.0,0.0,181.0,0.0,0.0,0.0,0.0,0.0,0.0,0.0,0.0,0.0,0.0,1.0,0.0,3.0,0.0,0.0,0.0,0.0,94.0,4.0,851.0,487.0,18.0,2412.0,25.0,,3.0,,45.0,90.0,,,9.0531914893617,4.952772073921971,20.11111111111111,3.0,,,
2023_177_4426515,4426515,Puka Nacua,Washington,Pac-12,WIDERECEIVER,WR,2023,5,43,177,4,0.0,0.0,0.0,0.0,0.0,0.0,0.0,2.0,1.0,0.0,0.0,0.0,0.0,0.0,0.0,0.0,0.0,0.0,0.0,0.0,0.0,0.0,0.0,0.0,0.0,0.0,0.0,0.0,0.0,0.0,0.0,0.0,0.0,107.0,14.0,1749.0,39.0,5.0,357.0,,,,,65.0,75.0,,,16.345794392523363,9.153846153846152,,,,,
2023_178_4248032,4248032,Eric Scott,Southern Miss,Sun Belt,CORNERBACK,DB,2023,6,1,178,3,9.0,0.0,0.0,46.0,2.0,2.0,69.0,0.0,0.0,2.0,4.0,2.0,80.0,0.0,0.0,0.0,0.0,0.0,0.0,0.0,0.0,0.0,0.0,0.0,0.0,0.0,0.0,0.0,0.0,0.0,0.0,0.0,0.0,0.0,0.0,0.0,0.0,0.0,0.0,,,,,,,,,,,,,,,20.0
2023_179_4373423,4373423,Karl Brooks,Bowling Green,Mid-American,DEFENSIVEEND,DL,2023,6,2,179,6,4.0,15.0,26.5,77.0,0.0,44.5,170.0,0.0,0.0,1.0,1.0,0.0,33.0,0.0,0.0,0.0,0.0,0.0,0.0,0.0,0.0,0.0,0.0,0.0,0.0,0.0,0.0,0.0,0.0,0.0,0.0,0.0,0.0,0.0,0.0,0.0,0.0,0.0,0.0,,,,,,,,,,,,,,,33.0
2023_180_4426923,4426923,Kei'Trel Clark,Louisville,ACC,CORNERBACK,DB,2023,6,3,180,4,29.0,1.0,2.0,125.0,1.0,12.5,165.0,1.0,1.0,3.0,5.0,1.0,46.0,0.0,0.0,0.0,0.0,0.0,0.0,0.0,0.0,0.0,0.0,0.0,0.0,0.0,1.0,0.0,-20.0,0.0,0.0,0.0,0.0,0.0,0.0,0.0,0.0,0.0,0.0,,,-20.0,,,,,,,,,-20.0,,,9.2
2023_181_4248533,4248533,Josh Hayes,Virginia,ACC,CORNERBACK,DB,2023,6,4,181,2,7.0,1.0,0.0,42.0,0.0,5.5,62.0,0.0,0.0,0.0,0.0,0.0,0.0,0.0,0.0,0.0,0.0,0.0,0.0,0.0,0.0,0.0,0.0,0.0,0.0,0.0,0.0,0.0,0.0,0.0,0.0,0.0,0.0,0.0,0.0,0.0,0.0,0.0,0.0,,,,,,,,,,,,,,,
2023_182_4427493,4427493,Tre'Vius Hodges-Tomlinson,TCU,Big 12,CORNERBACK,DB,2023,6,5,182,4,32.0,1.0,0.0,86.0,1.0,4.0,115.0,0.0,0.0,0.0,5.0,1.0,49.0,0.0,0.0,0.0,0.0,0.0,0.0,0.0,0.0,0.0,0.0,0.0,0.0,0.0,0.0,0.0,0.0,0.0,0.0,0.0,0.0,0.0,0.0,0.0,0.0,0.0,0.0,,,,,,,,,,,,,,,9.8
2023_183_4428503,4428503,JL Skinner,Boise State,Mountain West,SAFETY,DB,2023,6,6,183,4,10.0,0.0,0.0,130.0,0.0,9.5,201.0,1.0,0.0,3.0,7.0,0.0,50.0,0.0,0.0,0.0,0.0,0.0,0.0,0.0,0.0,0.0,0.0,0.0,0.0,0.0,0.0,0.0,0.0,0.0,0.0,0.0,0.0,0.0,0.0,0.0,0.0,0.0,0.0,,,,,,,,,,,,,,,7.142857142857143
2023_184_4362234,4362234,Zaire Barnes,Western Michigan,Mid-American,OUTSIDELINEBACKER,LB,2023,6,7,184,4,9.0,4.0,4.0,128.0,0.0,15.5,206.0,0.0,0.0,9.0,1.0,0.0,12.0,0.0,0.0,0.0,0.0,0.0,0.0,0.0,0.0,0.0,0.0,0.0,0.0,0.0,0.0,0.0,0.0,0.0,0.0,0.0,0.0,0.0,0.0,0.0,1.0,0.0,1.0,,,,,,1.0,,,,1.0,,,,,12.0
2023_185_4432620,4432620,Parker Washington,Penn State,Big Ten,WIDERECEIVER,WR,2023,6,8,185,3,0.0,0.0,0.0,1.0,0.0,0.0,1.0,1.0,0.0,0.0,0.0,0.0,0.0,4.0,0.0,75.0,0.0,0.0,0.0,0.0,0.0,0.0,0.0,0.0,0.0,0.0,20.0,0.0,122.0,0.0,0.0,0.0,0.0,146.0,12.0,1920.0,4.0,0.0,20.0,21.0,,30.0,,67.0,6.0,,,13.150684931506849,5.0,18.75,6.1,,,
2023_186_4372058,4372058,Jalen Duncan,Maryland,Big Ten,OFFENSIVETACKLE,OL,2023,6,9,186,1,0.0,0.0,0.0,1.0,0.0,0.0,1.0,0.0,0.0,0.0,0.0,0.0,0.0,0.0,0.0,0.0,0.0,0.0,0.0,0.0,0.0,0.0,0.0,0.0,0.0,0.0,0.0,0.0,0.0,0.0,0.0,0.0,0.0,0.0,0.0,0.0,0.0,0.0,0.0,,,,,,,,,,,,,,,
2023_187_4429022,4429022,Kayshon Boutte,LSU,SEC,WIDERECEIVER,WR,2023,6,10,187,3,0.0,0.0,0.0,4.0,0.0,0.0,4.0,2.0,0.0,0.0,0.0,0.0,0.0,5.0,0.0,80.0,0.0,0.0,0.0,0.0,0.0,0.0,0.0,0.0,0.0,0.0,0.0,0.0,0.0,0.0,0.0,0.0,0.0,128.0,16.0,1735.0,1.0,0.0,41.0,26.0,,,,64.0,41.0,,,13.5546875,41.0,16.0,,,,
2023_188_4685201,4685201,Tanner McKee,Stanford,Pac-12,QUARTERBACK,QB,2023,6,11,188,3,0.0,0.0,0.0,3.0,0.0,0.0,3.0,6.0,5.0,0.0,0.0,0.0,0.0,0.0,0.0,0.0,0.0,0.0,0.0,0.0,0.0,748.0,473.0,15.0,28.0,5336.0,0.0,0.0,0.0,0.0,0.0,0.0,0.0,0.0,0.0,0.0,134.0,6.0,-82.0,,,,,,30.0,0.6323529411764706,7.133689839572193,,-0.6119402985074627,,,,,
2023_189_4362486,4362486,Ochaun Mathis,TCU,Big 12,DEFENSIVEEND,DL,2023,6,12,189,5,6.0,18.0,15.0,97.0,0.0,31.5,177.0,0.0,0.0,1.0,0.0,0.0,0.0,0.0,0.0,0.0,0.0,0.0,0.0,0.0,0.0,0.0,0.0,0.0,0.0,0.0,0.0,0.0,0.0,0.0,0.0,0.0,0.0,0.0,0.0,0.0,0.0,0.0,0.0,,,,,,,,,,,,,,,
2023_191_4426407,4426407,Trey Palmer,Nebraska,Big Ten,WIDERECEIVER,WR,2023,6,14,191,4,0.0,0.0,0.0,3.0,2.0,0.0,3.0,2.0,1.0,0.0,0.0,0.0,0.0,16.0,1.0,417.0,0.0,0.0,0.0,0.0,0.0,0.0,0.0,0.0,0.0,0.0,27.0,1.0,226.0,0.0,0.0,0.0,0.0,112.0,12.0,1501.0,7.0,0.0,75.0,93.0,,54.0,,87.0,60.0,,,13.401785714285714,10.714285714285714,26.0625,8.37037037037037,,,
2023_192_4393519,4393519,Bryce Baringer,Michigan State,Big Ten,PUNTER,ST,2023,6,15,192,4,0.0,0.0,0.0,2.0,0.0,0.0,2.0,0.0,0.0,0.0,0.0,0.0,0.0,0.0,0.0,0.0,0.0,0.0,0.0,0.0,0.0,1.0,0.0,1.0,0.0,0.0,0.0,0.0,0.0,58.0,162.0,16.0,7447.0,0.0,0.0,0.0,1.0,0.0,-3.0,,,,78.0,,0.0,0.0,0.0,,-3.0,,,45.96913580246913,,
2023_193_4362619,4362619,Chris Rodriguez Jr.,Kentucky,SEC,RUNNINGBACK,RB,2023,6,16,193,5,0.0,0.0,0.0,1.0,0.0,0.0,2.0,9.0,5.0,0.0,0.0,0.0,0.0,3.0,0.0,37.0,0.0,0.0,0.0,0.0,0.0,0.0,0.0,0.0,0.0,0.0,0.0,0.0,0.0,0.0,0.0,0.0,0.0,20.0,3.0,116.0,591.0,32.0,3643.0,20.0,,,,17.0,79.0,,,5.8,6.164128595600677,12.333333333333334,,,,
2023_194_4362117,4362117,Keondre Coburn,Texas,Big 12,DEFENSIVETACKLE,DL,2023,6,17,194,5,2.0,4.0,6.5,49.0,0.0,15.0,91.0,0.0,0.0,0.0,0.0,0.0,0.0,0.0,0.0,0.0,0.0,0.0,0.0,0.0,0.0,0.0,0.0,0.0,0.0,0.0,0.0,0.0,0.0,0.0,0.0,0.0,0.0,0.0,0.0,0.0,0.0,0.0,0.0,,,,,,,,,,,,,,,
2023_195_4362019,4362019,A.T. Perry,Wake Forest,ACC,WIDERECEIVER,WR,2023,6,18,195,4,0.0,0.0,0.0,2.0,0.0,0.0,2.0,0.0,0.0,0.0,0.0,0.0,0.0,0.0,0.0,0.0,0.0,0.0,0.0,0.0,0.0,0.0,0.0,0.0,0.0,0.0,0.0,0.0,0.0,0.0,0.0,0.0,0.0,171.0,28.0,2662.0,0.0,0.0,0.0,,,,,69.0,,,,15.567251461988304,,,,,,
2023_196_4569068,4569068,Jose Ramirez,Eastern Michigan,Mid-American,OUTSIDELINEBACKER,LB,2023,6,19,196,3,7.0,22.0,19.5,75.0,0.0,32.0,150.0,0.0,0.0,1.0,0.0,0.0,0.0,0.0,0.0,0.0,0.0,0.0,0.0,0.0,0.0,0.0,0.0,0.0,0.0,0.0,0.0,0.0,0.0,0.0,0.0,0.0,0.0,0.0,0.0,0.0,0.0,0.0,0.0,,,,,,,,,,,,,,,
2023_197_4426844,4426844,Elijah Higgins,Stanford,Pac-12,WIDERECEIVER,WR,2023,6,20,197,4,0.0,0.0,0.0,0.0,0.0,0.0,2.0,2.0,1.0,0.0,0.0,0.0,0.0,0.0,0.0,0.0,0.0,0.0,0.0,0.0,0.0,0.0,0.0,0.0,0.0,0.0,0.0,0.0,0.0,0.0,0.0,0.0,0.0,118.0,6.0,1382.0,4.0,0.0,48.0,,,,,56.0,18.0,,,11.71186440677966,12.0,,,,,
2023_198_4570084,4570084,Jerrick Reed II,New Mexico,Mountain West,SAFETY,DB,2023,6,21,198,4,19.0,1.0,0.0,157.0,1.0,9.5,253.0,0.0,0.0,2.0,7.0,1.0,101.0,0.0,0.0,0.0,0.0,0.0,0.0,0.0,0.0,0.0,0.0,0.0,0.0,0.0,0.0,0.0,0.0,0.0,0.0,0.0,0.0,0.0,0.0,0.0,0.0,0.0,0.0,,,,,,,,,,,,,,,14.428571428571429
2023_200_4373684,4373684,Scott Matlock,Boise State,Mountain West,DEFENSIVETACKLE,DL,2023,6,23,200,4,1.0,9.0,11.0,58.0,0.0,18.5,106.0,0.0,0.0,2.0,0.0,0.0,0.0,0.0,0.0,0.0,0.0,0.0,0.0,0.0,0.0,0.0,0.0,0.0,0.0,0.0,0.0,0.0,0.0,0.0,0.0,0.0,0.0,2.0,2.0,4.0,0.0,0.0,0.0,,,,,3.0,,,,2.0,,,,,,
2023_202_4257580,4257580,Christian Braswell,Temple,American Athletic,CORNERBACK,DB,2023,6,25,202,4,21.0,0.0,0.0,72.0,2.0,1.0,90.0,0.0,0.0,2.0,6.0,2.0,9.0,1.0,0.0,23.0,0.0,0.0,0.0,0.0,0.0,0.0,0.0,0.0,0.0,0.0,0.0,0.0,0.0,0.0,0.0,0.0,0.0,1.0,0.0,18.0,0.0,0.0,0.0,23.0,,,,18.0,,,,18.0,,23.0,,,,1.5
2023_203_4360239,4360239,Amari Burney,Florida,SEC,OUTSIDELINEBACKER,LB,2023,6,26,203,5,12.0,7.0,7.0,120.0,0.0,16.0,216.0,0.0,0.0,2.0,4.0,0.0,2.0,0.0,0.0,0.0,0.0,0.0,0.0,0.0,0.0,0.0,0.0,0.0,0.0,0.0,1.0,0.0,28.0,0.0,0.0,0.0,0.0,0.0,0.0,0.0,0.0,0.0,0.0,,,0.0,,,,,,,,,28.0,,,0.5
2023_204_4361834,4361834,Jarrick Bernard,Oklahoma State,Big 12,CORNERBACK,DB,2023,6,27,204,5,27.0,5.0,5.0,169.0,0.0,8.0,233.0,0.0,0.0,2.0,4.0,0.0,38.0,0.0,0.0,0.0,0.0,0.0,0.0,0.0,0.0,0.0,0.0,0.0,0.0,0.0,1.0,0.0,14.0,0.0,0.0,0.0,0.0,0.0,0.0,0.0,0.0,0.0,0.0,,,14.0,,,,,,,,,14.0,,,9.5
2023_205_4686422,4686422,Xavier Hutchinson,Iowa State,Big 12,WIDERECEIVER,WR,2023,6,28,205,3,0.0,0.0,0.0,1.0,0.0,0.0,2.0,1.0,1.0,0.0,0.0,0.0,0.0,2.0,0.0,21.0,0.0,0.0,0.0,0.0,0.0,2.0,1.0,0.0,1.0,49.0,0.0,0.0,0.0,0.0,0.0,0.0,0.0,254.0,15.0,2929.0,2.0,0.0,18.0,21.0,,,,65.0,10.0,0.5,24.5,11.531496062992126,9.0,10.5,,,,
2023_206_4368003,4368003,Andrei Iosivas,Princeton,Ivy,WIDERECEIVER,WR,2023,6,29,206,1,0.0,0.0,0.0,0.0,0.0,0.0,0.0,1.0,0.0,0.0,0.0,0.0,0.0,0.0,0.0,0.0,0.0,0.0,0.0,0.0,0.0,0.0,0.0,0.0,0.0,0.0,0.0,0.0,0.0,0.0,0.0,0.0,0.0,66.0,7.0,943.0,4.0,0.0,10.0,,,,,65.0,12.0,,,14.287878787878787,2.5,,,,,
2023_207_4242519,4242519,Anders Carlson,Auburn,SEC,PLACEKICKER,ST,2023,6,30,207,5,0.0,0.0,0.0,3.0,0.0,0.0,3.0,0.0,0.0,0.0,0.0,0.0,0.0,0.0,0.0,0.0,110.0,79.0,410.0,176.0,173.0,0.0,0.0,0.0,0.0,0.0,0.0,0.0,0.0,0.0,0.0,0.0,0.0,1.0,0.0,3.0,0.0,0.0,0.0,,53.0,,,3.0,,,,3.0,,,,,0.7181818181818181,
2023_208_4373320,4373320,Erick Hallett,Pittsburgh,ACC,SAFETY,DB,2023,6,31,208,4,23.0,1.0,0.0,109.0,1.0,7.5,157.0,0.0,0.0,5.0,8.0,1.0,17.0,1.0,0.0,0.0,0.0,0.0,0.0,0.0,0.0,0.0,0.0,0.0,0.0,0.0,0.0,0.0,0.0,0.0,0.0,0.0,0.0,0.0,0.0,0.0,0.0,0.0,0.0,0.0,,,,,,,,,,0.0,,,,2.125
2023_209_4686553,4686553,Tre Hawkins,Old Dominion,Sun Belt,CORNERBACK,DB,2023,6,32,209,2,12.0,0.0,0.0,99.0,0.0,6.0,133.0,0.0,0.0,4.0,2.0,0.0,0.0,0.0,0.0,0.0,0.0,0.0,0.0,0.0,0.0,0.0,0.0,0.0,0.0,0.0,0.0,0.0,0.0,0.0,0.0,0.0,0.0,0.0,0.0,0.0,0.0,0.0,0.0,,,,,,,,,,,,,,,0.0
2023_210_4427095,4427095,Demario Douglas,Liberty,FBS Independents,WIDERECEIVER,WR,2023,6,33,210,4,0.0,0.0,0.0,2.0,2.0,0.0,2.0,7.0,3.0,0.0,0.0,0.0,0.0,17.0,0.0,371.0,0.0,0.0,0.0,0.0,0.0,0.0,0.0,0.0,0.0,0.0,54.0,2.0,383.0,0.0,0.0,0.0,0.0,171.0,16.0,2193.0,7.0,1.0,109.0,42.0,,73.0,,70.0,75.0,,,12.824561403508772,15.571428571428571,21.823529411764707,7.092592592592593,,,
2023_211_4368468,4368468,Titus Leo,Wagner,NEC,INSIDELINEBACKER,LB,2023,6,34,211,3,1.0,1.0,1.0,15.0,0.0,1.0,20.0,0.0,0.0,1.0,0.0,0.0,0.0,0.0,0.0,0.0,0.0,0.0,0.0,0.0,0.0,0.0,0.0,0.0,0.0,0.0,0.0,0.0,0.0,0.0,0.0,0.0,0.0,0.0,0.0,0.0,0.0,0.0,0.0,,,,,,,,,,,,,,,
2023_212_4431453,4431453,Deuce Vaughn,Kansas State,Big 12,RUNNINGBACK,RB,2023,6,35,212,3,0.0,0.0,0.0,0.0,0.0,0.0,0.0,3.0,2.0,0.0,0.0,0.0,0.0,7.0,0.0,145.0,0.0,0.0,0.0,0.0,0.0,0.0,0.0,0.0,0.0,0.0,0.0,0.0,0.0,0.0,0.0,0.0,0.0,116.0,9.0,1280.0,651.0,34.0,3614.0,40.0,,,,80.0,88.0,,,11.03448275862069,5.551459293394777,20.714285714285715,,,,
2023_213_4362225,4362225,Dante Stills,West Virginia,Big 12,DEFENSIVETACKLE,DL,2023,6,36,213,5,4.0,16.0,22.5,82.0,0.0,50.5,131.0,0.0,0.0,2.0,1.0,0.0,0.0,0.0,0.0,0.0,0.0,0.0,0.0,0.0,0.0,0.0,0.0,0.0,0.0,0.0,0.0,0.0,0.0,0.0,0.0,0.0,0.0,0.0,0.0,0.0,0.0,0.0,0.0,,,,,,,,,,,,,,,0.0
2023_214_4259546,4259546,Ameer Speed,Michigan State,Big Ten,CORNERBACK,DB,2023,6,37,214,6,6.0,0.0,0.0,55.0,0.0,1.0,88.0,1.0,0.0,0.0,0.0,0.0,0.0,0.0,0.0,0.0,0.0,0.0,0.0,0.0,0.0,0.0,0.0,0.0,0.0,0.0,0.0,0.0,0.0,0.0,0.0,0.0,0.0,0.0,0.0,0.0,0.0,0.0,0.0,,,,,,,,,,,,,,,
2023_215_4685035,4685035,Zach Evans,TCU,Big 12,RUNNINGBACK,RB,2023,6,38,215,3,0.0,0.0,0.0,3.0,0.0,0.0,3.0,5.0,3.0,0.0,0.0,0.0,0.0,0.0,0.0,0.0,0.0,0.0,0.0,0.0,0.0,0.0,0.0,0.0,0.0,0.0,0.0,0.0,0.0,0.0,0.0,0.0,0.0,30.0,2.0,325.0,290.0,18.0,1999.0,,,,,46.0,75.0,,,10.833333333333334,6.893103448275862,,,,,
2023_216_4428914,4428914,Dee Winters,TCU,Big 12,INSIDELINEBACKER,LB,2023,6,39,216,4,7.0,11.0,12.5,145.0,2.0,30.5,225.0,0.0,0.0,3.0,3.0,1.0,36.0,0.0,0.0,0.0,0.0,0.0,0.0,0.0,0.0,0.0,0.0,0.0,0.0,0.0,0.0,0.0,0.0,0.0,0.0,0.0,0.0,0.0,0.0,0.0,0.0,0.0,0.0,,,,,,,,,,,,,,,12.0
2023_217_4258197,4258197,Brad Robbins,Michigan,Big Ten,PUNTER,ST,2023,6,40,217,5,0.0,0.0,0.0,0.0,0.0,0.0,0.0,0.0,0.0,0.0,0.0,0.0,0.0,0.0,0.0,0.0,0.0,0.0,0.0,0.0,0.0,0.0,0.0,0.0,0.0,0.0,0.0,0.0,0.0,43.0,179.0,5.0,7698.0,0.0,0.0,0.0,1.0,0.0,5.0,,,,66.0,,5.0,,,,5.0,,,43.00558659217877,,
2023_218_4246741,4246741,Travis Bell,Kennesaw State,Big South,DEFENSIVETACKLE,DL,2023,7,1,218,4,0.0,0.0,1.5,6.0,0.0,2.5,10.0,0.0,0.0,0.0,0.0,0.0,0.0,0.0,0.0,0.0,0.0,0.0,0.0,0.0,0.0,0.0,0.0,0.0,0.0,0.0,0.0,0.0,0.0,0.0,0.0,0.0,0.0,0.0,0.0,0.0,0.0,0.0,0.0,,,,,,,,,,,,,,,
2023_219_4373266,4373266,Antoine Green,North Carolina,ACC,WIDERECEIVER,WR,2023,7,2,219,5,0.0,0.0,0.0,1.0,0.0,0.0,1.0,0.0,0.0,0.0,0.0,0.0,0.0,1.0,0.0,20.0,0.0,0.0,0.0,0.0,0.0,0.0,0.0,0.0,0.0,0.0,0.0,0.0,0.0,0.0,0.0,0.0,0.0,90.0,15.0,1710.0,0.0,0.0,0.0,20.0,,,,80.0,,,,19.0,,20.0,,,,
2023_220_4361417,4361417,Zack Kuntz,Penn State,Big Ten,TIGHTEND,TE,2023,7,3,220,4,0.0,0.0,0.0,5.0,0.0,0.0,5.0,1.0,1.0,0.0,0.0,0.0,0.0,0.0,0.0,0.0,0.0,0.0,0.0,0.0,0.0,0.0,0.0,0.0,0.0,0.0,0.0,0.0,0.0,0.0,0.0,0.0,0.0,89.0,7.0,895.0,0.0,0.0,0.0,,,,,43.0,,,,10.0561797752809,,,,,,
2023_221_4685145,4685145,Jaylon Jones,Texas A&M,SEC,CORNERBACK,DB,2023,7,4,221,3,14.0,0.0,0.0,72.0,0.0,2.0,98.0,0.0,0.0,2.0,3.0,0.0,17.0,0.0,0.0,0.0,0.0,0.0,0.0,0.0,0.0,0.0,0.0,0.0,0.0,0.0,0.0,0.0,0.0,0.0,0.0,0.0,0.0,0.0,0.0,0.0,0.0,0.0,0.0,,,,,,,,,,,,,,,5.666666666666667
2023_222_4430388,4430388,DeWayne McBride,UAB,Conference USA,RUNNINGBACK,RB,2023,7,5,222,3,0.0,0.0,0.0,0.0,0.0,0.0,0.0,11.0,7.0,0.0,0.0,0.0,0.0,0.0,0.0,0.0,0.0,0.0,0.0,0.0,0.0,0.0,0.0,0.0,0.0,0.0,0.0,0.0,0.0,0.0,0.0,0.0,0.0,5.0,0.0,29.0,484.0,36.0,3520.0,,,,,7.0,75.0,,,5.8,7.272727272727272,,,,,
2023_224_4567111,4567111,DeMarcco Hellams,Alabama,SEC,SAFETY,DB,2023,7,7,224,4,13.0,1.0,2.5,150.0,0.0,7.5,245.0,0.0,0.0,2.0,4.0,0.0,9.0,0.0,0.0,0.0,0.0,0.0,0.0,0.0,0.0,0.0,0.0,0.0,0.0,0.0,0.0,0.0,0.0,0.0,0.0,0.0,0.0,0.0,0.0,0.0,0.0,0.0,0.0,,,,,,,,,,,,,,,2.25
2023_226_4360786,4360786,Cooper Hodges,App State,Sun Belt,OFFENSIVEGUARD,OL,2023,7,9,226,2,0.0,0.0,0.0,3.0,0.0,1.0,3.0,0.0,0.0,0.0,0.0,0.0,0.0,0.0,0.0,0.0,0.0,0.0,0.0,0.0,0.0,0.0,0.0,0.0,0.0,0.0,0.0,0.0,0.0,0.0,0.0,0.0,0.0,1.0,0.0,0.0,0.0,0.0,0.0,,,,,0.0,,,,0.0,,,,,,
2023_227_4568682,4568682,Raymond Vohasek,North Carolina,ACC,DEFENSIVETACKLE,DL,2023,7,10,227,4,7.0,8.0,5.5,47.0,0.0,17.0,96.0,0.0,0.0,0.0,0.0,0.0,0.0,0.0,0.0,0.0,0.0,0.0,0.0,0.0,0.0,0.0,0.0,0.0,0.0,0.0,0.0,0.0,0.0,0.0,0.0,0.0,0.0,0.0,0.0,0.0,0.0,0.0,0.0,,,,,,,,,,,,,,,
2023_228_4250945,4250945,Colton Dowell,UT Martin,OVC,WIDERECEIVER,WR,2023,7,11,228,4,0.0,0.0,0.0,0.0,0.0,0.0,2.0,0.0,0.0,0.0,0.0,0.0,0.0,0.0,0.0,0.0,0.0,0.0,0.0,0.0,0.0,0.0,0.0,0.0,0.0,0.0,0.0,0.0,0.0,0.0,0.0,0.0,0.0,78.0,7.0,1195.0,2.0,0.0,9.0,,,,,54.0,6.0,,,15.32051282051282,4.5,,,,,
2023_229_4243220,4243220,Andrew Vorhees,USC,Pac-12,OFFENSIVEGUARD,OL,2023,7,12,229,2,0.0,0.0,0.0,1.0,0.0,0.0,2.0,0.0,0.0,0.0,0.0,0.0,0.0,0.0,0.0,0.0,0.0,0.0,0.0,0.0,0.0,0.0,0.0,0.0,0.0,0.0,0.0,0.0,0.0,0.0,0.0,0.0,0.0,0.0,0.0,0.0,0.0,0.0,0.0,,,,,,,,,,,,,,,
2023_231_4362497,4362497,Nesta Silvera,Miami,ACC,DEFENSIVETACKLE,DL,2023,7,14,231,5,4.0,10.0,2.5,61.0,0.0,19.5,158.0,0.0,0.0,2.0,0.0,0.0,0.0,0.0,0.0,0.0,0.0,0.0,0.0,0.0,0.0,0.0,0.0,0.0,0.0,0.0,1.0,0.0,15.0,0.0,0.0,0.0,0.0,0.0,0.0,0.0,0.0,0.0,0.0,,,0.0,,,,,,,,,15.0,,,
2023_232_4430965,4430965,Carrington Valentine,Kentucky,SEC,CORNERBACK,DB,2023,7,15,232,3,15.0,2.0,2.0,86.0,0.0,2.5,116.0,0.0,0.0,2.0,1.0,0.0,0.0,0.0,0.0,0.0,0.0,0.0,0.0,0.0,0.0,0.0,0.0,0.0,0.0,0.0,0.0,0.0,0.0,0.0,0.0,0.0,0.0,0.0,0.0,0.0,0.0,0.0,0.0,,,,,,,,,,,,,,,0.0
2023_233_4249214,4249214,Andre Jones,Louisiana,Sun Belt,OUTSIDELINEBACKER,LB,2023,7,16,233,6,7.0,13.0,16.5,107.0,0.0,29.0,206.0,0.0,0.0,3.0,1.0,0.0,0.0,0.0,0.0,0.0,0.0,0.0,0.0,0.0,0.0,0.0,0.0,0.0,0.0,0.0,0.0,0.0,0.0,0.0,0.0,0.0,0.0,0.0,0.0,0.0,0.0,0.0,0.0,,,,,,,,,,,,,,,0.0
2023_234_4361835,4361835,Jason Taylor II,Oklahoma State,Big 12,SAFETY,DB,2023,7,17,234,4,11.0,3.0,2.5,130.0,3.0,9.5,163.0,0.0,0.0,3.0,8.0,1.0,129.0,1.0,1.0,48.0,0.0,0.0,0.0,0.0,0.0,0.0,0.0,0.0,0.0,0.0,0.0,0.0,0.0,0.0,0.0,0.0,0.0,0.0,0.0,0.0,0.0,0.0,0.0,48.0,,,,,,,,,,48.0,,,,16.125
2023_235_4428119,4428119,Lew Nichols,Central Michigan,Mid-American,RUNNINGBACK,RB,2023,7,18,235,4,0.0,0.0,0.0,0.0,0.0,0.0,1.0,5.0,4.0,0.0,0.0,0.0,0.0,0.0,0.0,0.0,0.0,0.0,0.0,0.0,0.0,3.0,3.0,0.0,0.0,41.0,0.0,0.0,0.0,0.0,0.0,0.0,0.0,71.0,3.0,575.0,615.0,26.0,3046.0,,,,,58.0,68.0,1.0,13.666666666666666,8.098591549295774,4.952845528455285,,,,,
2023_237_4427391,4427391,Kenny McIntosh,Georgia,SEC,RUNNINGBACK,RB,2023,7,20,237,4,0.0,0.0,0.0,2.0,0.0,0.0,2.0,5.0,2.0,0.0,0.0,0.0,0.0,14.0,0.0,375.0,0.0,0.0,0.0,0.0,0.0,1.0,1.0,0.0,1.0,18.0,0.0,0.0,0.0,0.0,0.0,0.0,0.0,76.0,4.0,860.0,280.0,16.0,1582.0,48.0,,,,83.0,62.0,1.0,18.0,11.31578947368421,5.65,26.785714285714285,,,,
2023_239_4427105,4427105,Max Duggan,TCU,Big 12,QUARTERBACK,QB,2023,7,22,239,4,0.0,0.0,0.0,1.0,0.0,0.0,2.0,17.0,9.0,0.0,0.0,0.0,0.0,0.0,0.0,0.0,0.0,0.0,0.0,0.0,0.0,1223.0,738.0,27.0,72.0,9587.0,0.0,0.0,0.0,0.0,0.0,0.0,0.0,2.0,0.0,1.0,486.0,28.0,1877.0,,,,,1.0,81.0,0.6034341782502044,7.838920686835651,0.5,3.8621399176954734,,,,,
2023_240_4240261,4240261,Derek Parish,Houston,American Athletic,FULLBACK,RB,2023,7,23,240,5,0.0,17.0,16.5,80.0,1.0,33.0,156.0,0.0,0.0,3.0,0.0,0.0,0.0,0.0,0.0,0.0,0.0,0.0,0.0,0.0,0.0,0.0,0.0,0.0,0.0,0.0,0.0,0.0,0.0,0.0,0.0,0.0,0.0,0.0,0.0,0.0,0.0,0.0,0.0,,,,,,,,,,,,,,,
2023_241_4372492,4372492,Cory Trice,Purdue,Big Ten,CORNERBACK,DB,2023,7,24,241,4,12.0,1.0,0.0,88.0,2.0,4.0,102.0,0.0,0.0,0.0,5.0,2.0,57.0,0.0,0.0,0.0,0.0,0.0,0.0,0.0,0.0,0.0,0.0,0.0,0.0,0.0,0.0,0.0,0.0,0.0,0.0,0.0,0.0,0.0,0.0,0.0,0.0,0.0,0.0,,,,,,,,,,,,,,,11.4
2023_242_4361748,4361748,Anthony Johnson,Iowa State,Big 12,SAFETY,DB,2023,7,25,242,5,28.0,1.0,3.0,164.0,0.0,14.0,243.0,0.0,0.0,0.0,2.0,0.0,0.0,0.0,0.0,0.0,0.0,0.0,0.0,0.0,0.0,0.0,0.0,0.0,0.0,0.0,0.0,0.0,0.0,0.0,0.0,0.0,0.0,0.0,0.0,0.0,0.0,0.0,0.0,,,,,,,,,,,,,,,0.0
2023_243_4240677,4240677,Jordon Riley,Oregon,Pac-12,DEFENSIVETACKLE,DL,2023,7,26,243,4,1.0,2.0,0.5,15.0,0.0,2.5,33.0,0.0,0.0,0.0,0.0,0.0,0.0,0.0,0.0,0.0,0.0,0.0,0.0,0.0,0.0,0.0,0.0,0.0,0.0,0.0,0.0,0.0,0.0,0.0,0.0,0.0,0.0,0.0,0.0,0.0,0.0,0.0,0.0,,,,,,,,,,,,,,,
2023_244_4692835,4692835,Jalen Brooks,South Carolina,SEC,WIDERECEIVER,WR,2023,7,27,244,3,0.0,0.0,0.0,3.0,0.0,0.0,4.0,1.0,1.0,0.0,0.0,0.0,0.0,2.0,0.0,32.0,0.0,0.0,0.0,0.0,0.0,0.0,0.0,0.0,0.0,0.0,0.0,0.0,0.0,0.0,0.0,0.0,0.0,58.0,2.0,785.0,4.0,1.0,51.0,20.0,,,,54.0,24.0,,,13.53448275862069,12.75,16.0,,,,
2023_245_4711029,4711029,Isaiah Bolden,Jackson State,SWAC,CORNERBACK,DB,2023,7,28,245,2,0.0,0.0,0.0,0.0,0.0,0.0,0.0,0.0,0.0,1.0,0.0,0.0,0.0,11.0,0.0,360.0,0.0,0.0,0.0,0.0,0.0,0.0,0.0,0.0,0.0,0.0,0.0,0.0,0.0,0.0,0.0,0.0,0.0,0.0,0.0,0.0,0.0,0.0,0.0,66.0,,,,,,,,,,32.72727272727273,,,,
2023_246_4362502,4362502,DJ Ivey,Miami,ACC,CORNERBACK,DB,2023,7,29,246,5,11.0,0.0,3.0,92.0,0.0,4.0,127.0,0.0,0.0,3.0,6.0,0.0,34.0,0.0,0.0,0.0,0.0,0.0,0.0,0.0,0.0,0.0,0.0,0.0,0.0,0.0,0.0,0.0,0.0,0.0,0.0,0.0,0.0,0.0,0.0,0.0,0.0,0.0,0.0,,,,,,,,,,,,,,,5.666666666666667
2023_247_4360290,4360290,Brayden Willis,Oklahoma,Big 12,TIGHTEND,TE,2023,7,30,247,5,0.0,0.0,0.0,0.0,0.0,0.0,1.0,1.0,1.0,0.0,0.0,0.0,0.0,1.0,0.0,5.0,0.0,0.0,0.0,0.0,0.0,1.0,1.0,0.0,1.0,24.0,2.0,0.0,30.0,0.0,0.0,0.0,0.0,75.0,13.0,998.0,12.0,0.0,25.0,5.0,,21.0,,78.0,6.0,1.0,24.0,13.306666666666668,2.0833333333333335,5.0,15.0,,,
2023_248_4568662,4568662,Brandon Hill,Pittsburgh,ACC,SAFETY,DB,2023,7,31,248,3,8.0,0.0,0.0,92.0,1.0,1.5,161.0,0.0,0.0,4.0,3.0,1.0,75.0,0.0,0.0,0.0,0.0,0.0,0.0,0.0,0.0,0.0,0.0,0.0,0.0,0.0,0.0,0.0,0.0,0.0,0.0,0.0,0.0,0.0,0.0,0.0,1.0,0.0,3.0,,,,,,3.0,,,,3.0,,,,,25.0
2023_249_4362116,4362116,Moro Ojomo,Texas,Big 12,DEFENSIVEEND,DL,2023,7,32,249,5,2.0,11.0,5.0,48.0,0.0,12.5,91.0,0.0,0.0,1.0,0.0,0.0,0.0,0.0,0.0,0.0,0.0,0.0,0.0,0.0,0.0,0.0,0.0,0.0,0.0,0.0,0.0,0.0,0.0,0.0,0.0,0.0,0.0,0.0,0.0,0.0,0.0,0.0,0.0,,,,,,,,,,,,,,,
2023_250_4427636,4427636,Nic Jones,Ball State,Mid-American,CORNERBACK,DB,2023,7,33,250,4,17.0,1.0,0.0,47.0,0.0,1.0,59.0,0.0,0.0,0.0,3.0,0.0,12.0,5.0,0.0,94.0,0.0,0.0,0.0,0.0,0.0,0.0,0.0,0.0,0.0,0.0,0.0,0.0,0.0,0.0,0.0,0.0,0.0,0.0,0.0,0.0,0.0,0.0,0.0,24.0,,,,,,,,,,18.8,,,,4.0
2023_252_4426599,4426599,Alex Austin,Oregon State,Pac-12,CORNERBACK,DB,2023,7,35,252,4,19.0,0.0,1.0,91.0,1.0,2.0,137.0,0.0,0.0,4.0,4.0,1.0,59.0,0.0,0.0,0.0,0.0,0.0,0.0,0.0,0.0,0.0,0.0,0.0,0.0,0.0,0.0,0.0,0.0,0.0,0.0,0.0,0.0,1.0,0.0,2.0,0.0,0.0,0.0,,,,,2.0,,,,2.0,,,,,,14.75
2023_253_4372063,4372063,Ronnie Bell,Michigan,Big Ten,WIDERECEIVER,WR,2023,7,36,253,5,0.0,0.0,0.0,1.0,0.0,0.0,1.0,3.0,0.0,0.0,0.0,0.0,0.0,2.0,0.0,53.0,0.0,0.0,0.0,0.0,0.0,1.0,0.0,0.0,0.0,0.0,13.0,0.0,150.0,0.0,0.0,0.0,0.0,144.0,9.0,2258.0,9.0,1.0,30.0,32.0,,40.0,,76.0,16.0,0.0,0.0,15.680555555555555,3.3333333333333335,26.5,11.538461538461538,,,
2023_254_4567482,4567482,Gervarrius Owens,Houston,American Athletic,SAFETY,DB,2023,7,37,254,4,17.0,0.0,0.5,139.0,1.0,7.5,204.0,0.0,0.0,2.0,4.0,1.0,97.0,0.0,0.0,0.0,0.0,0.0,0.0,0.0,0.0,0.0,0.0,0.0,0.0,0.0,1.0,0.0,26.0,0.0,0.0,0.0,0.0,1.0,0.0,5.0,0.0,0.0,0.0,,,0.0,,5.0,,,,5.0,,,26.0,,,24.25
2023_255_4570410,4570410,Jalen Graham,Purdue,Big Ten,OUTSIDELINEBACKER,LB,2023,7,38,255,4,13.0,3.0,2.0,112.0,2.0,12.5,162.0,0.0,0.0,2.0,3.0,1.0,74.0,0.0,0.0,0.0,0.0,0.0,0.0,0.0,0.0,0.0,0.0,0.0,0.0,0.0,0.0,0.0,0.0,0.0,0.0,0.0,0.0,0.0,0.0,0.0,0.0,0.0,0.0,,,,,,,,,,,,,,,24.666666666666668
2023_256_4879650,4879650,Grant DuBose,Charlotte,Conference USA,WIDERECEIVER,WR,2023,7,39,256,2,0.0,0.0,0.0,1.0,1.0,0.0,1.0,2.0,1.0,0.0,0.0,0.0,0.0,0.0,0.0,0.0,0.0,0.0,0.0,0.0,0.0,1.0,0.0,0.0,0.0,0.0,9.0,0.0,76.0,0.0,0.0,0.0,0.0,126.0,15.0,1684.0,3.0,0.0,18.0,,,16.0,,56.0,10.0,0.0,0.0,13.365079365079366,6.0,,8.444444444444445,,,
2023_258_4360745,4360745,Kendall Williamson,Stanford,Pac-12,CORNERBACK,DB,2023,7,41,258,5,12.0,1.0,1.5,142.0,0.0,11.0,214.0,0.0,0.0,1.0,1.0,0.0,0.0,0.0,0.0,0.0,0.0,0.0,0.0,0.0,0.0,0.0,0.0,0.0,0.0,0.0,0.0,0.0,0.0,0.0,0.0,0.0,0.0,0.0,0.0,0.0,0.0,0.0,0.0,,,,,,,,,,,,,,,0.0
2023_259_4362294,4362294,Desjaun Johnson,Toledo,Mid-American,DEFENSIVEEND,DL,2023,7,42,259,5,0.0,15.0,14.5,85.0,0.0,41.5,206.0,0.0,0.0,1.0,1.0,0.0,12.0,0.0,0.0,0.0,0.0,0.0,0.0,0.0,0.0,0.0,0.0,0.0,0.0,0.0,0.0,0.0,0.0,0.0,0.0,0.0,0.0,0.0,0.0,0.0,0.0,0.0,0.0,,,,,,,,,,,,,,,12.0
2024_001_4431611,4431611,Caleb Williams,USC,Pac-12,QUARTERBACK,QB,2024,1,1,1,3,0.0,0.0,0.0,1.0,0.0,0.0,1.0,17.0,5.0,0.0,0.0,0.0,0.0,0.0,0.0,0.0,0.0,0.0,0.0,0.0,0.0,1098.0,734.0,14.0,93.0,10080.0,0.0,0.0,0.0,1.0,2.0,1.0,84.0,1.0,0.0,15.0,291.0,27.0,939.0,,,,58.0,15.0,74.0,0.668488160291439,9.18032786885246,15.0,3.2268041237113403,,,42.0,,
2024_002_4426348,4426348,Jayden Daniels,LSU,SEC,QUARTERBACK,QB,2024,1,2,2,5,0.0,0.0,0.0,2.0,0.0,0.0,4.0,11.0,6.0,0.0,0.0,0.0,0.0,0.0,0.0,0.0,0.0,0.0,0.0,0.0,0.0,1438.0,953.0,20.0,89.0,12749.0,0.0,0.0,0.0,0.0,0.0,0.0,0.0,1.0,1.0,5.0,617.0,34.0,3307.0,,,,,5.0,85.0,0.6627260083449235,8.865785813630042,5.0,5.359805510534846,,,,,
2024_003_4431452,4431452,Drake Maye,North Carolina,ACC,QUARTERBACK,QB,2024,1,3,3,3,0.0,0.0,0.0,0.0,0.0,0.0,0.0,10.0,7.0,0.0,0.0,0.0,0.0,0.0,0.0,0.0,0.0,0.0,0.0,0.0,0.0,951.0,618.0,16.0,63.0,8018.0,0.0,0.0,0.0,1.0,2.0,1.0,81.0,0.0,0.0,0.0,302.0,16.0,1210.0,,,,45.0,,56.0,0.6498422712933754,8.43112513144059,,4.006622516556291,,,40.5,,
2024_004_4432708,4432708,Marvin Harrison Jr.,Ohio State,Big Ten,WIDERECEIVER,WR,2024,1,4,4,3,0.0,0.0,0.0,1.0,0.0,0.0,1.0,1.0,0.0,0.0,0.0,0.0,0.0,0.0,0.0,0.0,0.0,0.0,0.0,0.0,0.0,0.0,0.0,0.0,0.0,0.0,0.0,0.0,0.0,0.0,0.0,0.0,0.0,155.0,31.0,2613.0,4.0,1.0,58.0,,,,,75.0,19.0,,,16.858064516129033,14.5,,,,,
2024_005_4683487,4683487,Joe Alt,Notre Dame,FBS Independents,OFFENSIVETACKLE,OL,2024,1,5,5,1,0.0,0.0,0.0,1.0,0.0,0.0,1.0,0.0,0.0,0.0,0.0,0.0,0.0,0.0,0.0,0.0,0.0,0.0,0.0,0.0,0.0,0.0,0.0,0.0,0.0,0.0,0.0,0.0,0.0,0.0,0.0,0.0,0.0,0.0,0.0,0.0,0.0,0.0,0.0,,,,,,,,,,,,,,,
2024_006_4595348,4595348,Malik Nabers,LSU,SEC,WIDERECEIVER,WR,2024,1,6,6,3,0.0,0.0,0.0,2.0,0.0,0.0,2.0,3.0,2.0,0.0,0.0,0.0,0.0,2.0,0.0,31.0,0.0,0.0,0.0,0.0,0.0,2.0,2.0,0.0,1.0,50.0,2.0,0.0,0.0,0.0,0.0,0.0,0.0,189.0,21.0,3003.0,6.0,0.0,29.0,17.0,,0.0,,75.0,13.0,1.0,25.0,15.88888888888889,4.833333333333333,15.5,0.0,,,
2024_008_4360423,4360423,Michael Penix Jr.,Washington,Pac-12,QUARTERBACK,QB,2024,1,8,8,6,0.0,0.0,0.0,1.0,0.0,0.0,1.0,5.0,2.0,0.0,0.0,0.0,0.0,0.0,0.0,0.0,0.0,0.0,0.0,0.0,0.0,1675.0,1058.0,34.0,95.0,13649.0,0.0,0.0,0.0,0.0,0.0,0.0,0.0,0.0,0.0,-26.0,132.0,13.0,257.0,,,,,0.0,30.0,0.6316417910447761,8.14865671641791,-inf,1.946969696969697,,,,,
2024_009_4431299,4431299,Rome Odunze,Washington,Pac-12,WIDERECEIVER,WR,2024,1,9,9,4,0.0,0.0,0.0,3.0,1.0,0.0,3.0,3.0,1.0,0.0,0.0,0.0,0.0,2.0,0.0,17.0,0.0,0.0,0.0,0.0,0.0,0.0,0.0,0.0,0.0,0.0,3.0,1.0,87.0,0.0,0.0,0.0,0.0,214.0,24.0,3272.0,10.0,2.0,40.0,18.0,,83.0,,61.0,23.0,,,15.289719626168225,4.0,8.5,29.0,,,
2024_010_4433970,4433970,J.J. McCarthy,Michigan,Big Ten,QUARTERBACK,QB,2024,1,10,10,3,0.0,1.0,0.0,0.0,0.0,0.0,0.0,12.0,1.0,0.0,0.0,0.0,0.0,0.0,0.0,0.0,0.0,0.0,0.0,0.0,0.0,713.0,482.0,11.0,49.0,6226.0,0.0,0.0,0.0,0.0,0.0,0.0,0.0,0.0,0.0,0.0,161.0,10.0,632.0,,,,,,39.0,0.6760168302945302,8.732117812061711,,3.9254658385093166,,,,,
2024_012_4426338,4426338,Bo Nix,Oregon,Pac-12,QUARTERBACK,QB,2024,1,12,12,2,0.0,0.0,0.0,0.0,0.0,0.0,0.0,0.0,0.0,0.0,0.0,0.0,0.0,0.0,0.0,0.0,0.0,0.0,0.0,0.0,0.0,878.0,658.0,10.0,74.0,8102.0,0.0,0.0,0.0,2.0,3.0,0.0,104.0,2.0,1.0,36.0,142.0,20.0,748.0,,,,37.0,18.0,80.0,0.7494305239179955,9.227790432801822,18.0,5.267605633802817,,,34.666666666666664,,
2024_013_4432665,4432665,Brock Bowers,Georgia,SEC,TIGHTEND,TE,2024,1,13,13,3,0.0,0.0,0.0,2.0,0.0,0.0,2.0,2.0,0.0,0.0,0.0,0.0,0.0,0.0,0.0,0.0,0.0,0.0,0.0,0.0,0.0,0.0,0.0,0.0,0.0,0.0,0.0,0.0,0.0,0.0,0.0,0.0,0.0,175.0,26.0,2538.0,19.0,5.0,193.0,,,,,89.0,75.0,,,14.502857142857144,10.157894736842104,,,,,
2024_014_4606711,4606711,Taliese Fuaga,Oregon State,Pac-12,OFFENSIVETACKLE,OL,2024,1,14,14,1,0.0,0.0,0.0,1.0,0.0,0.0,1.0,0.0,0.0,0.0,0.0,0.0,0.0,0.0,0.0,0.0,0.0,0.0,0.0,0.0,0.0,0.0,0.0,0.0,0.0,0.0,0.0,0.0,0.0,0.0,0.0,0.0,0.0,0.0,0.0,0.0,0.0,0.0,0.0,,,,,,,,,,,,,,,
2024_015_4426473,4426473,Laiatu Latu,Washington,Pac-12,DEFENSIVEEDGE,DL,2024,1,15,15,3,4.0,15.0,23.0,59.0,0.0,34.0,97.0,0.0,0.0,3.0,2.0,0.0,46.0,0.0,0.0,0.0,0.0,0.0,0.0,0.0,0.0,0.0,0.0,0.0,0.0,0.0,0.0,0.0,0.0,0.0,0.0,0.0,0.0,0.0,0.0,0.0,0.0,0.0,0.0,,,,,,,,,,,,,,,23.0
2024_016_4570040,4570040,Byron Murphy II,Texas,Big 12,DEFENSIVETACKLE,DL,2024,1,16,16,3,0.0,6.0,7.5,33.0,0.0,14.5,62.0,0.0,0.0,0.0,0.0,0.0,0.0,0.0,0.0,0.0,0.0,0.0,0.0,0.0,0.0,0.0,0.0,0.0,0.0,0.0,0.0,0.0,0.0,0.0,0.0,0.0,0.0,1.0,1.0,1.0,1.0,1.0,1.0,,,,,1.0,1.0,,,1.0,1.0,,,,,
2024_017_4565190,4565190,Dallas Turner,Alabama,SEC,DEFENSIVEEDGE,DL,2024,1,17,17,3,1.0,26.0,23.5,58.0,0.0,33.5,120.0,0.0,0.0,2.0,0.0,0.0,0.0,0.0,0.0,0.0,0.0,0.0,0.0,0.0,0.0,0.0,0.0,0.0,0.0,0.0,0.0,0.0,0.0,0.0,0.0,0.0,0.0,0.0,0.0,0.0,0.0,0.0,0.0,,,,,,,,,,,,,,,
2024_019_4578085,4578085,Jared Verse,UAlbany,CAA,DEFENSIVEEDGE,DL,2024,1,19,19,3,2.0,10.0,17.0,46.0,0.0,27.5,86.0,0.0,0.0,3.0,0.0,0.0,0.0,0.0,0.0,0.0,0.0,0.0,0.0,0.0,0.0,0.0,0.0,0.0,0.0,0.0,0.0,0.0,0.0,0.0,0.0,0.0,0.0,0.0,0.0,0.0,0.0,0.0,0.0,,,,,,,,,,,,,,,
2024_021_4431586,4431586,Demeioun Robinson,Penn State,Big Ten,DEFENSIVEEDGE,DL,2024,1,21,21,3,1.0,5.0,6.0,25.0,0.0,10.0,35.0,0.0,0.0,1.0,0.0,0.0,0.0,0.0,0.0,0.0,0.0,0.0,0.0,0.0,0.0,0.0,0.0,0.0,0.0,0.0,0.0,0.0,0.0,0.0,0.0,0.0,0.0,0.0,0.0,0.0,0.0,0.0,0.0,,,,,,,,,,,,,,,
2024_022_4686273,4686273,Quinyon Mitchell,Toledo,Mid-American,CORNERBACK,DB,2024,1,22,22,4,42.0,1.0,1.0,90.0,2.0,7.0,119.0,0.0,0.0,2.0,6.0,2.0,54.0,0.0,0.0,0.0,0.0,0.0,0.0,0.0,0.0,0.0,0.0,0.0,0.0,0.0,0.0,0.0,0.0,0.0,0.0,0.0,0.0,0.0,0.0,0.0,0.0,0.0,0.0,,,,,,,,,,,,,,,9.0
2024_023_4432773,4432773,Brian Thomas Jr.,LSU,SEC,WIDERECEIVER,WR,2024,1,23,23,3,0.0,0.0,0.0,1.0,0.0,0.0,2.0,2.0,0.0,0.0,0.0,0.0,0.0,0.0,0.0,0.0,0.0,0.0,0.0,0.0,0.0,0.0,0.0,0.0,0.0,0.0,0.0,0.0,0.0,0.0,0.0,0.0,0.0,128.0,24.0,1908.0,3.0,0.0,0.0,,,,,86.0,5.0,,,14.90625,0.0,,,,,
2024_024_4592837,4592837,Terrion Arnold,Alabama,SEC,CORNERBACK,DB,2024,1,24,24,2,20.0,2.0,1.0,74.0,0.0,7.5,108.0,0.0,0.0,2.0,6.0,0.0,90.0,1.0,0.0,22.0,0.0,0.0,0.0,0.0,0.0,0.0,0.0,0.0,0.0,0.0,0.0,0.0,0.0,0.0,0.0,0.0,0.0,0.0,0.0,0.0,0.0,0.0,0.0,22.0,,,,,,,,,,22.0,,,,15.0
2024_025_3821571,3821571,Jordan Morgan,Arizona,Pac-12,OFFENSIVETACKLE,OL,2024,1,25,25,1,0.0,0.0,0.0,2.0,0.0,0.0,2.0,0.0,0.0,0.0,0.0,0.0,0.0,0.0,0.0,0.0,0.0,0.0,0.0,0.0,0.0,0.0,0.0,0.0,0.0,0.0,0.0,0.0,0.0,0.0,0.0,0.0,0.0,0.0,0.0,0.0,0.0,0.0,0.0,,,,,,,,,,,,,,,
2024_026_4429251,4429251,Graham Barton,Duke,ACC,CENTER,OL,2024,1,26,26,2,0.0,0.0,0.0,1.0,0.0,0.0,1.0,0.0,0.0,0.0,0.0,0.0,0.0,0.0,0.0,0.0,0.0,0.0,0.0,0.0,0.0,0.0,0.0,0.0,0.0,0.0,0.0,0.0,0.0,0.0,0.0,0.0,0.0,0.0,0.0,-4.0,0.0,0.0,0.0,,,,,-4.0,,,,-inf,,,,,,
2024_027_4569480,4569480,Darius Robinson,Missouri,SEC,DEFENSIVEEDGE,DL,2024,1,27,27,5,1.0,11.0,13.0,70.0,0.0,22.0,112.0,0.0,0.0,1.0,0.0,0.0,0.0,0.0,0.0,0.0,0.0,0.0,0.0,0.0,0.0,0.0,0.0,0.0,0.0,0.0,0.0,0.0,0.0,0.0,0.0,0.0,0.0,0.0,0.0,0.0,0.0,0.0,0.0,,,,,,,,,,,,,,,
2024_028_4683062,4683062,Xavier Worthy,Texas,Big 12,WIDERECEIVER,WR,2024,1,28,28,3,0.0,0.0,0.0,3.0,1.0,0.0,4.0,6.0,4.0,1.0,0.0,0.0,0.0,2.0,0.0,33.0,0.0,0.0,0.0,0.0,0.0,3.0,2.0,0.0,1.0,68.0,41.0,1.0,564.0,0.0,0.0,0.0,0.0,197.0,26.0,2755.0,7.0,0.0,56.0,18.0,,74.0,,75.0,16.0,0.6666666666666666,22.666666666666668,13.98477157360406,8.0,16.5,13.75609756097561,,,
2024_029_4609048,4609048,Tyler Guyton,TCU,Big 12,OFFENSIVETACKLE,OL,2024,1,29,29,1,0.0,0.0,0.0,0.0,0.0,0.0,0.0,0.0,0.0,0.0,0.0,0.0,0.0,0.0,0.0,0.0,0.0,0.0,0.0,0.0,0.0,0.0,0.0,0.0,0.0,0.0,0.0,0.0,0.0,0.0,0.0,0.0,0.0,1.0,1.0,6.0,0.0,0.0,0.0,,,,,6.0,,,,6.0,,,,,,
2024_030_4601278,4601278,Nathaniel Wiggins,Clemson,ACC,CORNERBACK,DB,2024,1,30,30,3,19.0,0.0,1.0,47.0,2.0,3.0,55.0,0.0,0.0,0.0,3.0,2.0,150.0,0.0,0.0,0.0,0.0,0.0,0.0,0.0,0.0,0.0,0.0,0.0,0.0,0.0,0.0,0.0,0.0,0.0,0.0,0.0,0.0,0.0,0.0,0.0,0.0,0.0,0.0,,,,,,,,,,,,,,,50.0
2024_031_4428209,4428209,Ricky Pearsall,Florida,SEC,WIDERECEIVER,WR,2024,1,31,31,5,0.0,0.0,0.0,0.0,0.0,0.0,0.0,1.0,1.0,0.0,0.0,0.0,0.0,1.0,0.0,28.0,0.0,0.0,0.0,0.0,0.0,3.0,3.0,0.0,1.0,111.0,15.0,0.0,153.0,0.0,0.0,0.0,0.0,158.0,14.0,2425.0,21.0,5.0,253.0,28.0,,40.0,,65.0,76.0,1.0,37.0,15.348101265822784,12.047619047619047,28.0,10.2,,,
2024_032_4430034,4430034,Xavier Legette,South Carolina,SEC,WIDERECEIVER,WR,2024,1,32,32,5,0.0,0.0,0.0,7.0,1.0,0.0,8.0,2.0,1.0,0.0,0.0,0.0,0.0,29.0,1.0,767.0,0.0,0.0,0.0,0.0,0.0,0.0,0.0,0.0,0.0,0.0,1.0,0.0,-1.0,0.0,0.0,0.0,0.0,113.0,12.0,1678.0,16.0,0.0,12.0,100.0,,0.0,,76.0,19.0,,,14.849557522123892,0.75,26.448275862068964,-1.0,,,
2024_033_4635008,4635008,Keon Coleman,Michigan State,Big Ten,WIDERECEIVER,WR,2024,2,1,33,3,0.0,0.0,0.0,2.0,0.0,0.0,2.0,3.0,0.0,0.0,0.0,0.0,0.0,0.0,0.0,0.0,0.0,0.0,0.0,0.0,0.0,0.0,0.0,0.0,0.0,0.0,25.0,0.0,300.0,0.0,0.0,0.0,0.0,115.0,19.0,1506.0,1.0,0.0,2.0,,,72.0,,58.0,2.0,,,13.095652173913043,2.0,,12.0,,,
2024_034_4612826,4612826,Ladd McConkey,Georgia,SEC,WIDERECEIVER,WR,2024,2,2,34,3,0.0,0.0,0.0,1.0,0.0,0.0,1.0,3.0,2.0,0.0,0.0,0.0,0.0,1.0,0.0,15.0,0.0,0.0,0.0,0.0,0.0,0.0,0.0,0.0,0.0,0.0,21.0,0.0,274.0,0.0,0.0,0.0,0.0,119.0,14.0,1687.0,13.0,4.0,216.0,15.0,,39.0,,60.0,70.0,,,14.176470588235292,16.615384615384617,15.0,13.047619047619047,,,
2024_035_4430271,4430271,Ruke Orhorhoro,Clemson,ACC,DEFENSIVETACKLE,DL,2024,2,3,35,5,9.0,6.0,12.0,39.0,0.0,25.5,86.0,0.0,0.0,3.0,0.0,0.0,0.0,0.0,0.0,0.0,0.0,0.0,0.0,0.0,0.0,0.0,0.0,0.0,0.0,0.0,0.0,0.0,0.0,0.0,0.0,0.0,0.0,0.0,0.0,0.0,0.0,0.0,0.0,,,,,,,,,,,,,,,
2024_036_4430560,4430560,Jer'Zhan Newton,Illinois,Big Ten,DEFENSIVETACKLE,DL,2024,2,4,36,4,3.0,22.0,17.5,76.0,0.0,26.0,181.0,0.0,0.0,3.0,0.0,0.0,0.0,0.0,0.0,0.0,0.0,0.0,0.0,0.0,0.0,0.0,0.0,0.0,0.0,0.0,0.0,0.0,0.0,0.0,0.0,0.0,0.0,0.0,0.0,0.0,0.0,0.0,0.0,,,,,,,,,,,,,,,
2024_037_4430637,4430637,Ja'Lynn Polk,Washington,Pac-12,WIDERECEIVER,WR,2024,2,5,37,4,0.0,0.0,0.0,1.0,0.0,0.0,1.0,2.0,2.0,0.0,0.0,0.0,0.0,0.0,0.0,0.0,0.0,0.0,0.0,0.0,0.0,0.0,0.0,0.0,0.0,0.0,0.0,0.0,0.0,0.0,0.0,0.0,0.0,143.0,18.0,2231.0,5.0,1.0,47.0,,,,,92.0,27.0,,,15.601398601398602,9.4,,,,,
2024_038_4428617,4428617,T'Vondre Sweat,Texas,Big 12,DEFENSIVETACKLE,DL,2024,2,6,38,5,14.0,10.0,4.0,44.0,0.0,17.0,121.0,0.0,0.0,2.0,0.0,0.0,0.0,0.0,0.0,0.0,0.0,0.0,0.0,0.0,0.0,0.0,0.0,0.0,0.0,0.0,0.0,0.0,0.0,0.0,0.0,0.0,0.0,1.0,1.0,2.0,0.0,0.0,0.0,,,,,2.0,,,,2.0,,,,,,
2024_039_4362245,4362245,Braden Fiske,Western Michigan,Mid-American,DEFENSIVETACKLE,DL,2024,2,7,39,5,2.0,16.0,18.0,91.0,0.0,35.0,188.0,0.0,0.0,2.0,0.0,0.0,0.0,1.0,0.0,9.0,0.0,0.0,0.0,0.0,0.0,0.0,0.0,0.0,0.0,0.0,0.0,0.0,0.0,0.0,0.0,0.0,0.0,0.0,0.0,0.0,0.0,0.0,0.0,9.0,,,,,,,,,,9.0,,,,
2024_040_4682618,4682618,Cooper DeJean,Iowa,Big Ten,CORNERBACK,DB,2024,2,8,40,3,13.0,0.0,0.0,82.0,4.0,4.0,113.0,0.0,0.0,0.0,7.0,3.0,132.0,1.0,0.0,20.0,0.0,0.0,0.0,0.0,0.0,0.0,0.0,0.0,0.0,0.0,31.0,1.0,406.0,0.0,0.0,0.0,0.0,0.0,0.0,0.0,1.0,0.0,8.0,20.0,,70.0,,,8.0,,,,8.0,20.0,13.096774193548388,,,18.857142857142858
2024_041_4433975,4433975,Kool-Aid McKinstry,Alabama,SEC,CORNERBACK,DB,2024,2,9,41,3,20.0,0.0,2.0,62.0,0.0,5.0,92.0,8.0,3.0,0.0,2.0,0.0,26.0,1.0,0.0,4.0,0.0,0.0,0.0,0.0,0.0,0.0,0.0,0.0,0.0,0.0,37.0,0.0,418.0,0.0,0.0,0.0,0.0,0.0,0.0,0.0,0.0,0.0,0.0,4.0,,45.0,,,,,,,,4.0,11.297297297297296,,,13.0
2024_042_4602699,4602699,Kamari Lassiter,Georgia,SEC,CORNERBACK,DB,2024,2,10,42,3,13.0,0.0,1.0,53.0,0.0,7.0,78.0,1.0,0.0,0.0,1.0,0.0,0.0,0.0,0.0,0.0,0.0,0.0,0.0,0.0,0.0,0.0,0.0,0.0,0.0,0.0,1.0,0.0,-4.0,0.0,0.0,0.0,0.0,0.0,0.0,0.0,0.0,0.0,0.0,,,-4.0,,,,,,,,,-4.0,,,0.0
2024_043_4698113,4698113,Max Melton,Rutgers,Big Ten,CORNERBACK,DB,2024,2,11,43,4,20.0,0.0,1.0,81.0,1.0,9.0,111.0,0.0,0.0,3.0,8.0,1.0,52.0,0.0,0.0,0.0,0.0,0.0,0.0,0.0,0.0,0.0,0.0,0.0,0.0,0.0,3.0,0.0,61.0,0.0,0.0,0.0,0.0,0.0,0.0,0.0,0.0,0.0,0.0,,,28.0,,,,,,,,,20.333333333333332,,,6.5
2024_044_4875295,4875295,Jackson Powers-Johnson,Oregon,Pac-12,CENTER,OL,2024,2,12,44,1,0.0,0.0,0.0,1.0,0.0,0.0,2.0,0.0,0.0,0.0,0.0,0.0,0.0,0.0,0.0,0.0,0.0,0.0,0.0,0.0,0.0,0.0,0.0,0.0,0.0,0.0,0.0,0.0,0.0,0.0,0.0,0.0,0.0,0.0,0.0,0.0,0.0,0.0,0.0,,,,,,,,,,,,,,,
2024_045_4430438,4430438,Edgerrin Cooper,Texas A&M,SEC,LINEBACKER,LB,2024,2,13,45,4,8.0,16.0,10.0,114.0,0.0,32.0,204.0,0.0,0.0,2.0,2.0,0.0,4.0,0.0,0.0,0.0,0.0,0.0,0.0,0.0,0.0,0.0,0.0,0.0,0.0,0.0,0.0,0.0,0.0,0.0,0.0,0.0,0.0,0.0,0.0,0.0,0.0,0.0,0.0,,,,,,,,,,,,,,,2.0
2024_046_4678008,4678008,Jonathon Brooks,Texas,Big 12,RUNNINGBACK,RB,2024,2,14,46,3,0.0,0.0,0.0,3.0,0.0,1.0,4.0,2.0,1.0,0.0,0.0,0.0,0.0,1.0,0.0,0.0,0.0,0.0,0.0,0.0,0.0,0.0,0.0,0.0,0.0,0.0,0.0,0.0,0.0,0.0,0.0,0.0,0.0,28.0,2.0,335.0,238.0,16.0,1479.0,0.0,,,,73.0,70.0,,,11.964285714285714,6.214285714285714,0.0,,,,
2024_047_4430261,4430261,Tyler Nubin,Minnesota,Big Ten,SAFETY,DB,2024,2,15,47,5,10.0,0.0,2.0,137.0,0.0,4.5,201.0,1.0,0.0,1.0,13.0,0.0,151.0,1.0,0.0,-9.0,0.0,0.0,0.0,0.0,0.0,0.0,0.0,0.0,0.0,0.0,0.0,0.0,0.0,0.0,0.0,0.0,0.0,0.0,0.0,0.0,0.0,0.0,0.0,0.0,,,,,,,,,,-9.0,,,,11.615384615384617
2024_048_4431567,4431567,Maason Smith,LSU,SEC,DEFENSIVETACKLE,DL,2024,2,16,48,2,2.0,4.0,6.5,21.0,0.0,9.5,46.0,0.0,0.0,0.0,0.0,0.0,0.0,0.0,0.0,0.0,0.0,0.0,0.0,0.0,0.0,0.0,0.0,0.0,0.0,0.0,0.0,0.0,0.0,0.0,0.0,0.0,0.0,0.0,0.0,0.0,0.0,0.0,0.0,,,,,,,,,,,,,,,
2024_049_4432301,4432301,Kris Jenkins,Michigan,Big Ten,DEFENSIVETACKLE,DL,2024,2,17,49,3,0.0,6.0,4.0,50.0,0.0,8.0,104.0,0.0,0.0,1.0,1.0,0.0,9.0,0.0,0.0,0.0,0.0,0.0,0.0,0.0,0.0,0.0,0.0,0.0,0.0,0.0,0.0,0.0,0.0,0.0,0.0,0.0,0.0,0.0,0.0,0.0,0.0,0.0,0.0,,,,,,,,,,,,,,,9.0
2024_050_4428414,4428414,Mike Sainristil,Michigan,Big Ten,CORNERBACK,DB,2024,2,18,50,5,14.0,5.0,4.0,57.0,2.0,9.5,90.0,3.0,2.0,0.0,7.0,2.0,240.0,2.0,0.0,27.0,0.0,0.0,0.0,0.0,0.0,0.0,0.0,0.0,0.0,0.0,2.0,0.0,2.0,0.0,0.0,0.0,0.0,36.0,5.0,532.0,1.0,0.0,7.0,23.0,,2.0,,51.0,7.0,,,14.77777777777778,7.0,13.5,1.0,,,34.285714285714285
2024_051_4429775,4429775,Zach Frazier,West Virginia,Big 12,CENTER,OL,2024,2,19,51,1,0.0,0.0,0.0,0.0,0.0,0.0,2.0,0.0,0.0,0.0,0.0,0.0,0.0,0.0,0.0,0.0,0.0,0.0,0.0,0.0,0.0,0.0,0.0,0.0,0.0,0.0,0.0,0.0,0.0,0.0,0.0,0.0,0.0,0.0,0.0,0.0,0.0,0.0,0.0,,,,,,,,,,,,,,,
2024_052_4597500,4597500,Adonai Mitchell,Texas,Big 12,WIDERECEIVER,WR,2024,2,20,52,3,0.0,0.0,0.0,0.0,0.0,0.0,0.0,2.0,0.0,0.0,0.0,0.0,0.0,0.0,0.0,0.0,0.0,0.0,0.0,0.0,0.0,0.0,0.0,0.0,0.0,0.0,0.0,0.0,0.0,0.0,0.0,0.0,0.0,93.0,18.0,1405.0,2.0,0.0,1.0,,,,,62.0,5.0,,,15.10752688172043,0.5,,,,,
2024_053_4690923,4690923,Ben Sinnott,Kansas State,Big 12,TIGHTEND,TE,2024,2,21,53,3,0.0,0.0,0.0,0.0,0.0,0.0,0.0,1.0,0.0,0.0,0.0,0.0,0.0,0.0,0.0,0.0,0.0,0.0,0.0,0.0,0.0,0.0,0.0,0.0,0.0,0.0,0.0,0.0,0.0,0.0,0.0,0.0,0.0,82.0,10.0,1138.0,3.0,1.0,12.0,,,,,44.0,9.0,,,13.878048780487806,4.0,,,,,
2024_054_4600415,4600415,Mike Hall,Ohio State,Big Ten,DEFENSIVETACKLE,DL,2024,2,22,54,3,0.0,3.0,6.0,19.0,0.0,10.0,45.0,0.0,0.0,1.0,0.0,0.0,0.0,0.0,0.0,0.0,0.0,0.0,0.0,0.0,0.0,0.0,0.0,0.0,0.0,0.0,0.0,0.0,0.0,0.0,0.0,0.0,0.0,0.0,0.0,0.0,0.0,0.0,0.0,,,,,,,,,,,,,,,
2024_056_4429996,4429996,Marshawn Kneeland,Western Michigan,Mid-American,DEFENSIVEEDGE,DL,2024,2,24,56,4,3.0,16.0,14.0,82.0,0.0,29.0,152.0,0.0,0.0,0.0,0.0,0.0,0.0,2.0,0.0,0.0,0.0,0.0,0.0,0.0,0.0,0.0,0.0,0.0,0.0,0.0,0.0,0.0,0.0,0.0,0.0,0.0,0.0,0.0,0.0,0.0,2.0,1.0,1.0,0.0,,,,,1.0,,,,0.5,0.0,,,,
2024_057_4428989,4428989,Chris Braswell,Alabama,SEC,DEFENSIVEEDGE,DL,2024,2,25,57,3,1.0,13.0,11.0,30.0,1.0,16.0,72.0,0.0,0.0,0.0,1.0,1.0,28.0,0.0,0.0,0.0,0.0,0.0,0.0,0.0,0.0,0.0,0.0,0.0,0.0,0.0,1.0,0.0,11.0,0.0,0.0,0.0,0.0,0.0,0.0,0.0,0.0,0.0,0.0,,,11.0,,,,,,,,,11.0,,,28.0
2024_058_4688930,4688930,Javon Bullard,Georgia,SEC,SAFETY,DB,2024,2,26,58,3,9.0,0.0,3.5,71.0,0.0,8.0,104.0,0.0,0.0,1.0,4.0,0.0,3.0,0.0,0.0,0.0,0.0,0.0,0.0,0.0,0.0,0.0,0.0,0.0,0.0,0.0,0.0,0.0,0.0,0.0,0.0,0.0,0.0,0.0,0.0,0.0,0.0,0.0,0.0,,,,,,,,,,,,,,,0.75
2024_059_4432699,4432699,Blake Fisher,Notre Dame,FBS Independents,OFFENSIVETACKLE,OL,2024,2,27,59,1,0.0,0.0,0.0,1.0,0.0,0.0,1.0,0.0,0.0,0.0,0.0,0.0,0.0,0.0,0.0,0.0,0.0,0.0,0.0,0.0,0.0,0.0,0.0,0.0,0.0,0.0,0.0,0.0,0.0,0.0,0.0,0.0,0.0,0.0,0.0,0.0,0.0,0.0,0.0,,,,,,,,,,,,,,,
2024_060_4676004,4676004,Cole Bishop,Utah,Pac-12,SAFETY,DB,2024,2,28,60,3,11.0,1.0,7.5,106.0,0.0,21.5,182.0,0.0,0.0,5.0,3.0,0.0,10.0,0.0,0.0,0.0,0.0,0.0,0.0,0.0,0.0,0.0,0.0,0.0,0.0,0.0,0.0,0.0,0.0,0.0,0.0,0.0,0.0,0.0,0.0,0.0,0.0,0.0,0.0,,,,,,,,,,,,,,,3.3333333333333335
2024_061_4566092,4566092,Ennis Rakestraw Jr.,Missouri,SEC,CORNERBACK,DB,2024,2,29,61,4,24.0,2.0,1.0,79.0,0.0,8.0,107.0,0.0,0.0,1.0,1.0,0.0,0.0,0.0,0.0,0.0,0.0,0.0,0.0,0.0,0.0,0.0,0.0,0.0,0.0,0.0,0.0,0.0,0.0,0.0,0.0,0.0,0.0,0.0,0.0,0.0,0.0,0.0,0.0,,,,,,,,,,,,,,,0.0
2024_062_4430876,4430876,Roger Rosengarten,Washington,Pac-12,OFFENSIVETACKLE,OL,2024,2,30,62,1,0.0,0.0,0.0,1.0,0.0,0.0,1.0,0.0,0.0,0.0,0.0,0.0,0.0,0.0,0.0,0.0,0.0,0.0,0.0,0.0,0.0,0.0,0.0,0.0,0.0,0.0,0.0,0.0,0.0,0.0,0.0,0.0,0.0,0.0,0.0,0.0,0.0,0.0,0.0,,,,,,,,,,,,,,,
2024_064_4427325,4427325,Renardo Green,Florida State,ACC,CORNERBACK,DB,2024,2,32,64,5,20.0,1.0,0.5,96.0,0.0,6.0,142.0,0.0,0.0,0.0,1.0,0.0,0.0,0.0,0.0,0.0,0.0,0.0,0.0,0.0,0.0,0.0,0.0,0.0,0.0,0.0,0.0,0.0,0.0,0.0,0.0,0.0,0.0,0.0,0.0,0.0,0.0,0.0,0.0,,,,,,,,,,,,,,,0.0
2024_065_4613104,4613104,Malachi Corley,Western Kentucky,Conference USA,WIDERECEIVER,WR,2024,3,1,65,4,0.0,0.0,0.0,1.0,0.0,0.0,1.0,3.0,2.0,0.0,0.0,0.0,0.0,0.0,0.0,0.0,0.0,0.0,0.0,0.0,0.0,0.0,0.0,0.0,0.0,0.0,0.0,0.0,0.0,0.0,0.0,0.0,0.0,259.0,29.0,3033.0,16.0,0.0,92.0,,,,,76.0,29.0,,,11.71042471042471,5.75,,,,,
2024_066_4429275,4429275,Trey Benson,Oregon,Pac-12,RUNNINGBACK,RB,2024,3,2,66,3,0.0,0.0,0.0,2.0,1.0,0.0,2.0,2.0,1.0,0.0,0.0,0.0,0.0,6.0,1.0,192.0,0.0,0.0,0.0,0.0,0.0,0.0,0.0,0.0,0.0,0.0,0.0,0.0,0.0,0.0,0.0,0.0,0.0,33.0,1.0,371.0,316.0,24.0,1917.0,93.0,,,,80.0,85.0,,,11.242424242424242,6.0664556962025316,32.0,,,,
2024_067_4685030,4685030,Brandon Coleman,TCU,Big 12,OFFENSIVEGUARD,OL,2024,3,3,67,2,0.0,0.0,0.0,2.0,0.0,1.0,4.0,0.0,0.0,0.0,0.0,0.0,0.0,0.0,0.0,0.0,0.0,0.0,0.0,0.0,0.0,0.0,0.0,0.0,0.0,0.0,0.0,0.0,0.0,0.0,0.0,0.0,0.0,0.0,0.0,0.0,0.0,0.0,0.0,,,,,,,,,,,,,,,
2024_069_4431212,4431212,Junior Colson,Michigan,Big Ten,LINEBACKER,LB,2024,3,5,69,3,4.0,6.0,2.5,102.0,0.0,8.5,229.0,0.0,0.0,2.0,0.0,0.0,0.0,0.0,0.0,0.0,0.0,0.0,0.0,0.0,0.0,0.0,0.0,0.0,0.0,0.0,0.0,0.0,0.0,0.0,0.0,0.0,0.0,0.0,0.0,0.0,0.0,0.0,0.0,,,,,,,,,,,,,,,
2024_070_4431321,4431321,Andru Phillips,Kentucky,SEC,CORNERBACK,DB,2024,3,6,70,4,8.0,0.0,0.0,55.0,0.0,3.0,82.0,0.0,0.0,0.0,0.0,0.0,0.0,0.0,0.0,0.0,0.0,0.0,0.0,0.0,0.0,0.0,0.0,0.0,0.0,0.0,0.0,0.0,0.0,0.0,0.0,0.0,0.0,0.0,0.0,0.0,0.0,0.0,0.0,,,,,,,,,,,,,,,
2024_072_4683815,4683815,Trevin Wallace,Kentucky,SEC,LINEBACKER,LB,2024,3,8,72,3,1.0,5.0,10.0,89.0,1.0,18.5,160.0,0.0,0.0,0.0,3.0,0.0,40.0,0.0,0.0,0.0,0.0,0.0,0.0,0.0,0.0,0.0,0.0,0.0,0.0,0.0,0.0,0.0,0.0,0.0,0.0,0.0,0.0,0.0,0.0,0.0,0.0,0.0,0.0,,,,,,,,,,,,,,,13.333333333333334
2024_073_4426663,4426663,Cooper Beebe,Kansas State,Big 12,OFFENSIVEGUARD,OL,2024,3,9,73,1,0.0,0.0,0.0,1.0,0.0,0.0,1.0,0.0,0.0,0.0,0.0,0.0,0.0,0.0,0.0,0.0,0.0,0.0,0.0,0.0,0.0,0.0,0.0,0.0,0.0,0.0,0.0,0.0,0.0,0.0,0.0,0.0,0.0,0.0,0.0,0.0,0.0,0.0,0.0,,,,,,,,,,,,,,,
2024_074_4428713,4428713,Bralen Trice,Washington,Pac-12,DEFENSIVEEDGE,DL,2024,3,10,74,3,2.0,18.0,17.5,58.0,0.0,28.0,94.0,0.0,0.0,2.0,0.0,0.0,0.0,0.0,0.0,0.0,0.0,0.0,0.0,0.0,0.0,0.0,0.0,0.0,0.0,0.0,0.0,0.0,0.0,0.0,0.0,0.0,0.0,0.0,0.0,0.0,0.0,0.0,0.0,,,,,,,,,,,,,,,
2024_075_4883090,4883090,Kiran Amegadjie,Yale,Ivy,OFFENSIVETACKLE,OL,2024,3,11,75,1,0.0,0.0,0.0,0.0,0.0,0.0,0.0,0.0,0.0,0.0,0.0,0.0,0.0,0.0,0.0,0.0,0.0,0.0,0.0,0.0,0.0,0.0,0.0,0.0,0.0,0.0,0.0,0.0,0.0,0.0,0.0,0.0,0.0,1.0,0.0,-1.0,0.0,0.0,0.0,,,,,0.0,,,,-1.0,,,,,,
2024_076_4687592,4687592,Jonah Elliss,Utah,Pac-12,DEFENSIVEEDGE,DL,2024,3,12,76,3,3.0,4.0,15.5,46.0,0.0,22.5,79.0,0.0,0.0,6.0,0.0,0.0,0.0,0.0,0.0,0.0,0.0,0.0,0.0,0.0,0.0,0.0,0.0,0.0,0.0,0.0,0.0,0.0,0.0,0.0,0.0,0.0,0.0,0.0,0.0,0.0,0.0,0.0,0.0,,,,,,,,,,,,,,,
2024_077_4606683,4606683,Delmar Glaze,Maryland,Big Ten,OFFENSIVETACKLE,OL,2024,3,13,77,1,0.0,0.0,0.0,0.0,0.0,0.0,1.0,0.0,0.0,0.0,0.0,0.0,0.0,0.0,0.0,0.0,0.0,0.0,0.0,0.0,0.0,0.0,0.0,0.0,0.0,0.0,0.0,0.0,0.0,0.0,0.0,0.0,0.0,0.0,0.0,0.0,0.0,0.0,0.0,,,,,,,,,,,,,,,
2024_078_4431517,4431517,Calen Bullock,USC,Pac-12,SAFETY,DB,2024,3,14,78,3,13.0,0.0,0.0,91.0,2.0,0.0,140.0,0.0,0.0,0.0,9.0,2.0,213.0,0.0,0.0,0.0,0.0,0.0,0.0,0.0,0.0,0.0,0.0,0.0,0.0,0.0,0.0,0.0,0.0,0.0,0.0,0.0,0.0,0.0,0.0,0.0,0.0,0.0,0.0,,,,,,,,,,,,,,,23.666666666666668
2024_079_4427298,4427298,Matt Goncalves,Pittsburgh,ACC,OFFENSIVETACKLE,OL,2024,3,15,79,1,0.0,0.0,0.0,1.0,0.0,0.0,1.0,0.0,0.0,0.0,0.0,0.0,0.0,0.0,0.0,0.0,0.0,0.0,0.0,0.0,0.0,0.0,0.0,0.0,0.0,0.0,0.0,0.0,0.0,0.0,0.0,0.0,0.0,0.0,0.0,0.0,0.0,0.0,0.0,,,,,,,,,,,,,,,
2024_080_4429033,4429033,Jermaine Burton,Georgia,SEC,WIDERECEIVER,WR,2024,3,16,80,4,0.0,0.0,0.0,1.0,0.0,0.0,1.0,2.0,1.0,0.0,0.0,0.0,0.0,0.0,0.0,0.0,0.0,0.0,0.0,0.0,0.0,0.0,0.0,0.0,0.0,0.0,1.0,0.0,14.0,0.0,0.0,0.0,0.0,132.0,23.0,2376.0,4.0,0.0,50.0,,,14.0,,73.0,43.0,,,18.0,12.5,,14.0,,,
2024_081_4362135,4362135,Christian Haynes,UConn,FBS Independents,OFFENSIVEGUARD,OL,2024,3,17,81,3,0.0,0.0,0.0,3.0,0.0,0.0,3.0,0.0,0.0,1.0,0.0,0.0,0.0,0.0,0.0,0.0,0.0,0.0,0.0,0.0,0.0,0.0,0.0,0.0,0.0,0.0,0.0,0.0,0.0,0.0,0.0,0.0,0.0,0.0,0.0,0.0,0.0,0.0,0.0,,,,,,,,,,,,,,,
2024_082_4696700,4696700,Tip Reiman,Illinois,Big Ten,TIGHTEND,TE,2024,3,18,82,4,0.0,0.0,0.0,0.0,0.0,0.0,1.0,0.0,0.0,0.0,0.0,0.0,0.0,3.0,0.0,17.0,0.0,0.0,0.0,0.0,0.0,0.0,0.0,0.0,0.0,0.0,0.0,0.0,0.0,0.0,0.0,0.0,0.0,41.0,5.0,419.0,0.0,0.0,0.0,14.0,,,,42.0,,,,10.21951219512195,,5.666666666666667,,,,
2024_083_4429096,4429096,Blake Corum,Michigan,Big Ten,RUNNINGBACK,RB,2024,3,19,83,4,0.0,0.0,0.0,2.0,0.0,0.0,2.0,7.0,2.0,0.0,0.0,0.0,0.0,18.0,0.0,398.0,0.0,0.0,0.0,0.0,0.0,0.0,0.0,0.0,0.0,0.0,1.0,0.0,0.0,0.0,0.0,0.0,0.0,56.0,3.0,411.0,675.0,58.0,3734.0,79.0,,0.0,,41.0,67.0,,,7.339285714285714,5.531851851851852,22.11111111111111,0.0,,,
2024_084_4431492,4431492,Roman Wilson,Michigan,Big Ten,WIDERECEIVER,WR,2024,3,20,84,4,0.0,0.0,0.0,0.0,0.0,0.0,0.0,0.0,0.0,0.0,0.0,0.0,0.0,6.0,0.0,134.0,0.0,0.0,0.0,0.0,0.0,0.0,0.0,0.0,0.0,0.0,0.0,0.0,0.0,0.0,0.0,0.0,0.0,107.0,20.0,1707.0,7.0,2.0,117.0,26.0,,,,75.0,43.0,,,15.953271028037385,16.714285714285715,22.333333333333332,,,,
2024_086_5092959,5092959,Dominick Puni,Kansas,Big 12,OFFENSIVETACKLE,OL,2024,3,23,86,1,0.0,0.0,0.0,1.0,0.0,0.0,1.0,0.0,0.0,0.0,0.0,0.0,0.0,0.0,0.0,0.0,0.0,0.0,0.0,0.0,0.0,0.0,0.0,0.0,0.0,0.0,0.0,0.0,0.0,0.0,0.0,0.0,0.0,0.0,0.0,0.0,0.0,0.0,0.0,,,,,,,,,,,,,,,
2024_087_4427816,4427816,Marist Liufau,Notre Dame,FBS Independents,LINEBACKER,LB,2024,3,24,87,3,2.0,4.0,4.0,51.0,0.0,11.0,113.0,0.0,0.0,5.0,1.0,0.0,0.0,0.0,0.0,0.0,0.0,0.0,0.0,0.0,0.0,0.0,0.0,0.0,0.0,0.0,0.0,0.0,0.0,0.0,0.0,0.0,0.0,0.0,0.0,0.0,0.0,0.0,0.0,,,,,,,,,,,,,,,0.0
2024_088_4429023,4429023,MarShawn Lloyd,USC,Pac-12,RUNNINGBACK,RB,2024,3,25,88,3,0.0,0.0,0.0,0.0,0.0,0.0,1.0,10.0,6.0,0.0,0.0,0.0,0.0,0.0,0.0,0.0,0.0,0.0,0.0,0.0,0.0,0.0,0.0,0.0,0.0,0.0,0.0,0.0,0.0,0.0,0.0,0.0,0.0,34.0,2.0,452.0,291.0,19.0,1620.0,,,,,54.0,56.0,,,13.294117647058824,5.56701030927835,,,,,
2024_089_4428522,4428522,Tykee Smith,West Virginia,Big 12,SAFETY,DB,2024,3,26,89,5,12.0,2.0,5.0,139.0,1.0,21.5,212.0,0.0,0.0,0.0,8.0,1.0,120.0,0.0,0.0,0.0,0.0,0.0,0.0,0.0,0.0,0.0,0.0,0.0,0.0,0.0,0.0,0.0,0.0,0.0,0.0,0.0,0.0,0.0,0.0,0.0,0.0,0.0,0.0,,,,,,,,,,,,,,,15.0
2024_090_4360203,4360203,Elijah Jones,Boston College,ACC,CORNERBACK,DB,2024,3,27,90,6,37.0,1.0,1.0,132.0,0.0,5.0,155.0,1.0,0.0,0.0,7.0,0.0,49.0,0.0,0.0,0.0,0.0,0.0,0.0,0.0,0.0,0.0,0.0,0.0,0.0,0.0,0.0,0.0,0.0,0.0,0.0,0.0,0.0,0.0,0.0,0.0,0.0,0.0,0.0,,,,,,,,,,,,,,,7.0
2024_091_4567406,4567406,Ty'Ron Hopper,Missouri,SEC,LINEBACKER,LB,2024,3,28,91,5,7.0,13.0,9.0,128.0,0.0,29.0,197.0,0.0,0.0,0.0,1.0,0.0,15.0,0.0,0.0,0.0,0.0,0.0,0.0,0.0,0.0,0.0,0.0,0.0,0.0,0.0,0.0,0.0,0.0,0.0,0.0,0.0,0.0,0.0,0.0,0.0,0.0,0.0,0.0,,,,,,,,,,,,,,,15.0
2024_092_4430834,4430834,Jalen McMillan,Washington,Pac-12,WIDERECEIVER,WR,2024,3,29,92,4,0.0,0.0,0.0,2.0,0.0,0.0,2.0,1.0,1.0,0.0,0.0,0.0,0.0,0.0,0.0,0.0,0.0,0.0,0.0,0.0,0.0,3.0,1.0,0.0,0.0,9.0,9.0,0.0,83.0,0.0,0.0,0.0,0.0,164.0,17.0,2143.0,7.0,1.0,46.0,,,31.0,,84.0,19.0,0.3333333333333333,3.0,13.067073170731708,6.571428571428571,,9.22222222222222,,,
2024_093_4426372,4426372,Adisa Isaac,Penn State,Big Ten,LINEBACKER,LB,2024,3,30,93,4,0.0,14.0,14.5,43.0,0.0,29.5,87.0,0.0,0.0,1.0,0.0,0.0,0.0,0.0,0.0,0.0,0.0,0.0,0.0,0.0,0.0,0.0,0.0,0.0,0.0,0.0,0.0,0.0,0.0,0.0,0.0,0.0,0.0,0.0,0.0,0.0,0.0,0.0,0.0,,,,,,,,,,,,,,,
2024_094_4571162,4571162,Jalyx Hunt,Houston Christian,Southland,DEFENSIVEEDGE,DL,2024,3,31,94,3,0.0,1.0,1.0,7.0,0.0,3.0,14.0,0.0,0.0,3.0,1.0,0.0,16.0,0.0,0.0,0.0,0.0,0.0,0.0,0.0,0.0,0.0,0.0,0.0,0.0,0.0,0.0,0.0,0.0,0.0,0.0,0.0,0.0,0.0,0.0,0.0,0.0,0.0,0.0,,,,,,,,,,,,,,,16.0
2024_095_4426883,4426883,DeWayne Carter,Duke,ACC,DEFENSIVETACKLE,DL,2024,3,32,95,5,9.0,16.0,12.0,46.0,0.0,24.5,118.0,0.0,0.0,4.0,0.0,0.0,0.0,0.0,0.0,0.0,0.0,0.0,0.0,0.0,0.0,0.0,0.0,0.0,0.0,0.0,0.0,0.0,0.0,0.0,0.0,0.0,0.0,1.0,0.0,11.0,1.0,0.0,-1.0,,,,,11.0,0.0,,,11.0,-1.0,,,,,
2024_096_4426448,4426448,Jarrian Jones,Mississippi State,SEC,CORNERBACK,DB,2024,3,33,96,5,12.0,0.0,1.0,63.0,0.0,5.5,94.0,0.0,0.0,2.0,5.0,1.0,32.0,0.0,0.0,0.0,0.0,0.0,0.0,0.0,0.0,0.0,0.0,0.0,0.0,0.0,0.0,0.0,0.0,0.0,0.0,0.0,0.0,0.0,0.0,0.0,0.0,0.0,0.0,,,,,,,,,,,,,,,6.4
2024_097_4692680,4692680,McKinnley Jackson,Texas A&M,SEC,DEFENSIVETACKLE,DL,2024,3,34,97,4,2.0,12.0,7.0,43.0,0.0,15.0,90.0,0.0,0.0,3.0,0.0,0.0,0.0,0.0,0.0,0.0,0.0,0.0,0.0,0.0,0.0,0.0,0.0,0.0,0.0,0.0,0.0,0.0,0.0,0.0,0.0,0.0,0.0,0.0,0.0,0.0,0.0,0.0,0.0,,,,,,,,,,,,,,,
2024_098_4361652,4361652,Payton Wilson,NC State,ACC,LINEBACKER,LB,2024,3,35,98,5,13.0,24.0,15.0,201.0,1.0,47.0,395.0,1.0,0.0,2.0,6.0,1.0,40.0,0.0,0.0,0.0,0.0,0.0,0.0,0.0,0.0,0.0,0.0,0.0,0.0,0.0,0.0,0.0,0.0,0.0,0.0,0.0,0.0,0.0,0.0,0.0,2.0,0.0,12.0,,,,,,9.0,,,,6.0,,,,,6.666666666666667
2024_099_4596363,4596363,Kamren Kinchens,Miami,ACC,SAFETY,DB,2024,3,36,99,3,14.0,0.0,1.0,93.0,2.0,5.0,155.0,0.0,0.0,2.0,11.0,2.0,156.0,1.0,0.0,0.0,0.0,0.0,0.0,0.0,0.0,0.0,0.0,0.0,0.0,0.0,0.0,0.0,0.0,0.0,0.0,0.0,0.0,0.0,0.0,0.0,0.0,0.0,0.0,0.0,,,,,,,,,,0.0,,,,14.181818181818182
2024_100_4426948,4426948,Luke McCaffrey,Rice,Conference USA,WIDERECEIVER,WR,2024,3,37,100,5,0.0,0.0,0.0,2.0,0.0,0.0,3.0,9.0,7.0,0.0,0.0,0.0,0.0,0.0,0.0,0.0,0.0,0.0,0.0,0.0,0.0,150.0,86.0,10.0,5.0,893.0,2.0,0.0,35.0,0.0,0.0,0.0,0.0,131.0,19.0,1731.0,154.0,7.0,920.0,,,32.0,,66.0,47.0,0.5733333333333334,5.953333333333333,13.213740458015268,5.974025974025974,,17.5,,,
2024_101_4431588,4431588,Ja'Tavion Sanders,Texas,Big 12,TIGHTEND,TE,2024,4,1,101,3,0.0,0.0,0.0,0.0,0.0,0.0,0.0,0.0,0.0,0.0,0.0,0.0,0.0,1.0,0.0,-4.0,0.0,0.0,0.0,0.0,0.0,0.0,0.0,0.0,0.0,0.0,0.0,0.0,0.0,0.0,0.0,0.0,0.0,99.0,7.0,1295.0,1.0,0.0,12.0,-4.0,,,,50.0,12.0,,,13.08080808080808,12.0,-4.0,,,,
2024_102_4431280,4431280,Troy Franklin,Oregon,Pac-12,WIDERECEIVER,WR,2024,4,2,102,3,0.0,0.0,0.0,2.0,0.0,0.0,2.0,0.0,0.0,0.0,0.0,0.0,0.0,0.0,0.0,0.0,0.0,0.0,0.0,0.0,0.0,0.0,0.0,0.0,0.0,0.0,0.0,0.0,0.0,0.0,0.0,0.0,0.0,160.0,25.0,2483.0,0.0,0.0,0.0,,,,,84.0,,,,15.51875,,,,,,
2024_103_4428368,4428368,Layden Robinson,Texas A&M,SEC,OFFENSIVEGUARD,OL,2024,4,3,103,1,0.0,0.0,0.0,0.0,0.0,0.0,0.0,1.0,1.0,0.0,0.0,0.0,0.0,0.0,0.0,0.0,0.0,0.0,0.0,0.0,0.0,0.0,0.0,0.0,0.0,0.0,0.0,0.0,0.0,0.0,0.0,0.0,0.0,0.0,0.0,0.0,0.0,0.0,0.0,,,,,,,,,,,,,,,
2024_104_4428633,4428633,Dadrion Taylor,Texas Tech,Big 12,SAFETY,DB,2024,4,4,104,5,22.0,2.0,2.0,165.0,0.0,9.0,230.0,1.0,0.0,3.0,10.0,0.0,27.0,7.0,0.0,124.0,0.0,0.0,0.0,0.0,0.0,0.0,0.0,0.0,0.0,0.0,0.0,0.0,0.0,0.0,0.0,0.0,0.0,0.0,0.0,0.0,0.0,0.0,0.0,24.0,,,,,,,,,,17.714285714285715,,,,2.7
2024_105_4567138,4567138,Justin Eboigbe,Alabama,SEC,DEFENSIVETACKLE,DL,2024,4,5,105,5,3.0,12.0,9.0,57.0,0.0,16.0,121.0,0.0,0.0,2.0,1.0,0.0,4.0,0.0,0.0,0.0,0.0,0.0,0.0,0.0,0.0,0.0,0.0,0.0,0.0,0.0,0.0,0.0,0.0,0.0,0.0,0.0,0.0,0.0,0.0,0.0,0.0,0.0,0.0,,,,,,,,,,,,,,,4.0
2024_106_4429834,4429834,Cedric Gray,North Carolina,ACC,LINEBACKER,LB,2024,4,6,106,4,13.0,13.0,8.5,192.0,0.0,27.0,359.0,0.0,0.0,6.0,5.0,0.0,51.0,0.0,0.0,0.0,0.0,0.0,0.0,0.0,0.0,0.0,0.0,0.0,0.0,0.0,0.0,0.0,0.0,0.0,0.0,0.0,0.0,0.0,0.0,0.0,0.0,0.0,0.0,,,,,,,,,,,,,,,10.2
2024_107_4429148,4429148,Theo Johnson,Penn State,Big Ten,TIGHTEND,TE,2024,4,7,107,4,0.0,0.0,0.0,2.0,0.0,0.0,3.0,0.0,0.0,0.0,0.0,0.0,0.0,0.0,0.0,0.0,0.0,0.0,0.0,0.0,0.0,0.0,0.0,0.0,0.0,0.0,0.0,0.0,0.0,0.0,0.0,0.0,0.0,77.0,12.0,938.0,0.0,0.0,0.0,,,,,48.0,,,,12.181818181818182,,,,,,
2024_108_4688806,4688806,Khyree Jackson,Oregon,Pac-12,CORNERBACK,DB,2024,4,8,108,3,9.0,0.0,2.0,36.0,0.0,6.0,48.0,0.0,0.0,0.0,3.0,0.0,7.0,0.0,0.0,0.0,0.0,0.0,0.0,0.0,0.0,0.0,0.0,0.0,0.0,0.0,0.0,0.0,0.0,0.0,0.0,0.0,0.0,0.0,0.0,0.0,0.0,0.0,0.0,,,,,,,,,,,,,,,2.3333333333333335
2024_109_4427090,4427090,Brandon Dorlus,Oregon,Pac-12,DEFENSIVETACKLE,DL,2024,4,9,109,5,12.0,14.0,12.0,55.0,0.0,27.0,102.0,0.0,0.0,1.0,0.0,0.0,0.0,0.0,0.0,0.0,0.0,0.0,0.0,0.0,0.0,0.0,0.0,0.0,0.0,0.0,0.0,0.0,0.0,0.0,0.0,0.0,0.0,0.0,0.0,0.0,0.0,0.0,0.0,,,,,,,,,,,,,,,
2024_110_4692022,4692022,Javon Baker,UCF,Big 12,WIDERECEIVER,WR,2024,4,10,110,4,0.0,0.0,0.0,1.0,0.0,0.0,1.0,0.0,0.0,0.0,0.0,0.0,0.0,0.0,0.0,0.0,0.0,0.0,0.0,0.0,0.0,0.0,0.0,0.0,0.0,0.0,0.0,0.0,0.0,0.0,0.0,0.0,0.0,117.0,13.0,2051.0,0.0,0.0,0.0,,,,,86.0,,,,17.52991452991453,,,,,,
2024_111_4428863,4428863,Evan Williams,Oregon,Pac-12,SAFETY,DB,2024,4,11,111,5,13.0,4.0,4.5,204.0,0.0,14.5,294.0,0.0,0.0,5.0,4.0,0.0,64.0,0.0,0.0,0.0,0.0,0.0,0.0,0.0,0.0,0.0,0.0,0.0,0.0,0.0,0.0,0.0,0.0,0.0,0.0,0.0,0.0,0.0,0.0,0.0,0.0,0.0,0.0,,,,,,,,,,,,,,,16.0
2024_112_4605498,4605498,Decamerion Richardson,Mississippi State,SEC,CORNERBACK,DB,2024,4,12,112,3,10.0,0.0,1.0,101.0,0.0,2.0,171.0,0.0,0.0,2.0,0.0,0.0,0.0,0.0,0.0,0.0,0.0,0.0,0.0,0.0,0.0,0.0,0.0,0.0,0.0,0.0,0.0,0.0,0.0,0.0,0.0,0.0,0.0,0.0,0.0,0.0,0.0,0.0,0.0,,,,,,,,,,,,,,,
2024_113_4696882,4696882,Devontez Walker,North Carolina,ACC,WIDERECEIVER,WR,2024,4,13,113,3,0.0,0.0,0.0,0.0,0.0,0.0,0.0,2.0,1.0,0.0,0.0,0.0,0.0,0.0,0.0,0.0,0.0,0.0,0.0,0.0,0.0,0.0,0.0,0.0,0.0,0.0,0.0,0.0,0.0,0.0,0.0,0.0,0.0,104.0,19.0,1744.0,6.0,1.0,52.0,,,,,73.0,20.0,,,16.76923076923077,8.666666666666666,,,,,
2024_115_4427834,4427834,Erick All,Michigan,Big Ten,TIGHTEND,TE,2024,4,15,115,5,0.0,0.0,0.0,1.0,0.0,0.0,2.0,1.0,1.0,0.0,0.0,0.0,0.0,0.0,0.0,0.0,0.0,0.0,0.0,0.0,0.0,0.0,0.0,0.0,0.0,0.0,0.0,0.0,0.0,0.0,0.0,0.0,0.0,75.0,5.0,864.0,0.0,0.0,0.0,,,,,47.0,,,,11.52,,,,,,
2024_116_4569448,4569448,Jordan Jefferson,West Virginia,Big 12,DEFENSIVETACKLE,DL,2024,4,16,116,9,8.0,1.0,6.0,36.0,0.0,21.5,91.0,0.0,0.0,0.0,0.0,0.0,0.0,0.0,0.0,0.0,0.0,0.0,0.0,0.0,0.0,678.0,397.0,20.0,34.0,4733.0,0.0,0.0,0.0,0.0,0.0,0.0,0.0,0.0,0.0,0.0,359.0,12.0,1018.0,,,,,,83.0,0.5855457227138643,6.980825958702065,,2.8356545961002784,,,,,
2024_118_4686540,4686540,Tyrice Knight,UTEP,Conference USA,LINEBACKER,LB,2024,4,18,118,4,14.0,10.0,7.5,188.0,0.0,29.0,353.0,0.0,0.0,5.0,2.0,0.0,-2.0,0.0,0.0,0.0,0.0,0.0,0.0,0.0,0.0,0.0,0.0,0.0,0.0,0.0,0.0,0.0,0.0,0.0,0.0,0.0,0.0,0.0,0.0,0.0,0.0,0.0,0.0,,,,,,,,,,,,,,,-1.0
2024_120_4682745,4682745,Jaylen Wright,Tennessee,SEC,RUNNINGBACK,RB,2024,4,20,120,3,0.0,0.0,0.0,0.0,0.0,0.0,1.0,5.0,3.0,0.0,0.0,0.0,0.0,0.0,0.0,0.0,0.0,0.0,0.0,0.0,0.0,0.0,0.0,0.0,0.0,0.0,0.0,0.0,0.0,0.0,0.0,0.0,0.0,30.0,0.0,171.0,368.0,18.0,2297.0,,,,,20.0,83.0,,,5.7,6.241847826086956,,,,,
2024_121_4576297,4576297,A.J. Barner,Michigan,Big Ten,TIGHTEND,TE,2024,4,21,121,4,0.0,0.0,0.0,6.0,0.0,0.0,9.0,0.0,0.0,0.0,0.0,0.0,0.0,0.0,0.0,0.0,0.0,0.0,0.0,0.0,0.0,0.0,0.0,0.0,0.0,0.0,1.0,0.0,13.0,0.0,0.0,0.0,0.0,63.0,5.0,604.0,0.0,0.0,0.0,,,13.0,,76.0,,,,9.587301587301589,,,13.0,,,
2024_122_4686889,4686889,Tory Taylor,Iowa,Big Ten,PUNTER,ST,2024,4,22,122,4,0.0,0.0,0.0,1.0,0.0,0.0,1.0,0.0,0.0,0.0,0.0,0.0,0.0,0.0,0.0,0.0,0.0,0.0,0.0,0.0,0.0,1.0,1.0,0.0,0.0,3.0,0.0,0.0,0.0,127.0,295.0,32.0,13657.0,0.0,0.0,0.0,1.0,0.0,4.0,,,,70.0,,4.0,1.0,3.0,,4.0,,,46.29491525423729,,
2024_123_4426496,4426496,Cade Stover,Ohio State,Big Ten,TIGHTEND,TE,2024,4,23,123,5,0.0,0.0,0.0,9.0,0.0,0.0,17.0,1.0,0.0,0.0,0.0,0.0,0.0,0.0,0.0,0.0,0.0,0.0,0.0,0.0,0.0,0.0,0.0,0.0,0.0,0.0,0.0,0.0,0.0,0.0,0.0,0.0,0.0,82.0,10.0,1058.0,0.0,0.0,0.0,,,,,49.0,,,,12.902439024390244,,,,,,
2024_124_4696211,4696211,Malik Mustapha,Wake Forest,ACC,SAFETY,DB,2024,4,24,124,3,6.0,3.0,4.0,102.0,0.0,14.0,169.0,0.0,0.0,3.0,3.0,0.0,50.0,0.0,0.0,0.0,0.0,0.0,0.0,0.0,0.0,0.0,0.0,0.0,0.0,0.0,0.0,0.0,0.0,0.0,0.0,0.0,0.0,0.0,0.0,0.0,0.0,0.0,0.0,,,,,,,,,,,,,,,16.666666666666668
2024_125_4596448,4596448,Mar'Keise Irving,Oregon,Pac-12,RUNNINGBACK,RB,2024,4,25,125,3,0.0,0.0,0.0,2.0,0.0,0.0,2.0,4.0,1.0,0.0,0.0,0.0,0.0,15.0,0.0,334.0,0.0,0.0,0.0,0.0,0.0,3.0,2.0,0.0,1.0,36.0,0.0,0.0,0.0,0.0,0.0,0.0,0.0,95.0,5.0,785.0,474.0,20.0,2931.0,41.0,,,,42.0,66.0,0.6666666666666666,12.0,8.263157894736842,6.1835443037974684,22.266666666666666,,,,
2024_127_4431545,4431545,Will Shipley,Clemson,ACC,RUNNINGBACK,RB,2024,4,27,127,3,0.0,0.0,0.0,0.0,0.0,0.0,0.0,9.0,4.0,0.0,0.0,0.0,0.0,35.0,0.0,904.0,0.0,0.0,0.0,0.0,0.0,1.0,1.0,0.0,1.0,2.0,0.0,0.0,0.0,0.0,0.0,0.0,0.0,85.0,2.0,602.0,526.0,31.0,2748.0,75.0,,,,36.0,53.0,1.0,2.0,7.08235294117647,5.224334600760456,25.82857142857143,,,,
2024_128_4429501,4429501,Re'Mahn Davis,Vanderbilt,SEC,RUNNINGBACK,RB,2024,4,28,128,5,0.0,0.0,0.0,2.0,0.0,0.0,2.0,8.0,3.0,0.0,0.0,0.0,0.0,0.0,0.0,0.0,0.0,0.0,0.0,0.0,0.0,0.0,0.0,0.0,0.0,0.0,0.0,0.0,0.0,0.0,0.0,0.0,0.0,91.0,11.0,724.0,723.0,28.0,3510.0,,,,,58.0,75.0,,,7.956043956043956,4.854771784232365,,,,,
2024_129_4372561,4372561,Isaac Guerendo,Wisconsin,Big Ten,RUNNINGBACK,RB,2024,4,29,129,5,0.0,0.0,0.0,4.0,0.0,0.0,5.0,4.0,1.0,0.0,0.0,0.0,0.0,31.0,0.0,714.0,0.0,0.0,0.0,0.0,0.0,0.0,0.0,0.0,0.0,0.0,0.0,0.0,0.0,0.0,0.0,0.0,0.0,42.0,1.0,358.0,232.0,17.0,1397.0,50.0,,,,27.0,89.0,,,8.523809523809524,6.021551724137931,23.032258064516128,,,,
2024_130_4575483,4575483,T.J. Tampa,Iowa State,Big 12,CORNERBACK,DB,2024,4,30,130,4,19.0,1.0,0.0,82.0,0.0,9.5,106.0,0.0,0.0,0.0,3.0,0.0,1.0,0.0,0.0,0.0,0.0,0.0,0.0,0.0,0.0,0.0,0.0,0.0,0.0,0.0,0.0,0.0,0.0,0.0,0.0,0.0,0.0,0.0,0.0,0.0,0.0,0.0,0.0,,,,,,,,,,,,,,,0.3333333333333333
2024_131_4430723,4430723,Jared Wiley,Texas,Big 12,TIGHTEND,TE,2024,4,31,131,5,0.0,0.0,0.0,2.0,0.0,0.0,2.0,0.0,0.0,0.0,0.0,0.0,0.0,0.0,0.0,0.0,0.0,0.0,0.0,0.0,0.0,0.0,0.0,0.0,0.0,0.0,0.0,0.0,0.0,0.0,0.0,0.0,0.0,90.0,15.0,1013.0,0.0,0.0,0.0,,,,,81.0,,,,11.255555555555556,,,,,,
2024_132_4912274,4912274,Sione Vaki,Utah,Pac-12,SAFETY,DB,2024,4,32,132,2,5.0,0.0,2.0,59.0,0.0,11.0,76.0,1.0,0.0,0.0,1.0,0.0,2.0,1.0,0.0,16.0,0.0,0.0,0.0,0.0,0.0,0.0,0.0,0.0,0.0,0.0,0.0,0.0,0.0,0.0,0.0,0.0,0.0,11.0,3.0,203.0,42.0,2.0,317.0,16.0,,,,53.0,72.0,,,18.454545454545453,7.547619047619048,16.0,,,,2.0
2024_133_4685232,4685232,Jaden Hicks,Washington State,Pac-12,SAFETY,DB,2024,4,33,133,2,8.0,4.0,3.5,86.0,1.0,8.0,144.0,0.0,0.0,2.0,3.0,1.0,37.0,0.0,0.0,0.0,0.0,0.0,0.0,0.0,0.0,0.0,0.0,0.0,0.0,0.0,0.0,0.0,0.0,0.0,0.0,0.0,0.0,0.0,0.0,0.0,0.0,0.0,0.0,,,,,,,,,,,,,,,12.333333333333334
2024_134_4685247,4685247,Braelon Allen,Wisconsin,Big Ten,RUNNINGBACK,RB,2024,4,34,134,3,0.0,0.0,0.0,2.0,0.0,0.0,2.0,9.0,5.0,0.0,0.0,0.0,0.0,0.0,0.0,0.0,0.0,0.0,0.0,0.0,0.0,3.0,2.0,0.0,1.0,33.0,0.0,0.0,0.0,0.0,0.0,0.0,0.0,49.0,0.0,274.0,596.0,35.0,3489.0,,,,,39.0,96.0,0.6666666666666666,11.0,5.591836734693878,5.854026845637584,,,,,
2024_135_4575665,4575665,Jacob Cowing,UTEP,Conference USA,WIDERECEIVER,WR,2024,4,35,135,5,0.0,0.0,0.0,6.0,0.0,0.0,7.0,6.0,4.0,1.0,0.0,0.0,0.0,2.0,0.0,11.0,0.0,0.0,0.0,0.0,0.0,1.0,1.0,0.0,0.0,-2.0,18.0,0.0,121.0,0.0,0.0,0.0,0.0,314.0,33.0,4460.0,12.0,1.0,102.0,6.0,,33.0,,82.0,53.0,1.0,-2.0,14.203821656050955,8.5,5.5,6.722222222222222,,,
2024_136_4567222,4567222,Nehemiah Pritchett,Auburn,SEC,CORNERBACK,DB,2024,5,1,136,5,26.0,0.0,1.0,81.0,0.0,5.5,115.0,1.0,0.0,0.0,3.0,0.0,82.0,11.0,0.0,313.0,0.0,0.0,0.0,0.0,0.0,0.0,0.0,0.0,0.0,0.0,0.0,0.0,0.0,0.0,0.0,0.0,0.0,0.0,0.0,0.0,0.0,0.0,0.0,72.0,,,,,,,,,,28.454545454545453,,,,27.333333333333332
2024_137_4432571,4432571,Tarheeb Still,Maryland,Big Ten,CORNERBACK,DB,2024,5,2,137,4,22.0,0.0,2.0,124.0,1.0,9.0,165.0,4.0,0.0,2.0,6.0,0.0,29.0,1.0,0.0,0.0,0.0,0.0,0.0,0.0,0.0,0.0,0.0,0.0,0.0,0.0,43.0,1.0,294.0,0.0,0.0,0.0,0.0,0.0,0.0,0.0,0.0,0.0,0.0,0.0,,92.0,,,,,,,,0.0,6.837209302325581,,,4.833333333333333
2024_138_4360304,4360304,Xavier Thomas,Clemson,ACC,DEFENSIVEEDGE,DL,2024,5,3,138,6,7.0,34.0,17.0,60.0,0.0,31.0,112.0,0.0,0.0,2.0,0.0,0.0,0.0,0.0,0.0,0.0,0.0,0.0,0.0,0.0,0.0,0.0,0.0,0.0,0.0,0.0,0.0,0.0,0.0,0.0,0.0,0.0,0.0,0.0,0.0,0.0,1.0,0.0,1.0,,,,,,1.0,,,,1.0,,,,,
2024_139_4568617,4568617,Jordan Magee,Temple,American Athletic,LINEBACKER,LB,2024,5,4,139,4,10.0,2.0,8.0,139.0,0.0,31.0,235.0,0.0,0.0,2.0,1.0,0.0,45.0,0.0,0.0,0.0,0.0,0.0,0.0,0.0,0.0,0.0,0.0,0.0,0.0,0.0,0.0,0.0,0.0,0.0,0.0,0.0,0.0,0.0,0.0,0.0,0.0,0.0,0.0,,,,,,,,,,,,,,,45.0
2024_140_4427404,4427404,Cam Hart,Notre Dame,FBS Independents,CORNERBACK,DB,2024,5,5,140,4,17.0,0.0,0.0,56.0,0.0,9.5,88.0,0.0,0.0,1.0,2.0,0.0,32.0,0.0,0.0,0.0,0.0,0.0,0.0,0.0,0.0,0.0,0.0,0.0,0.0,0.0,0.0,0.0,0.0,0.0,0.0,0.0,0.0,0.0,0.0,0.0,0.0,0.0,0.0,,,,,,,,,,,,,,,16.0
2024_141_4430815,4430815,Sedrick Van Pran,Georgia,SEC,CENTER,OL,2024,5,6,141,1,0.0,0.0,0.0,1.0,0.0,0.0,1.0,0.0,0.0,0.0,0.0,0.0,0.0,0.0,0.0,0.0,0.0,0.0,0.0,0.0,0.0,0.0,0.0,0.0,0.0,0.0,0.0,0.0,0.0,0.0,0.0,0.0,0.0,0.0,0.0,0.0,0.0,0.0,6.0,,,,,,6.0,,,,inf,,,,,
2024_142_4429684,4429684,Anthony Gould,Oregon State,Pac-12,WIDERECEIVER,WR,2024,5,7,142,4,0.0,0.0,0.0,1.0,2.0,0.0,3.0,2.0,1.0,0.0,0.0,0.0,0.0,0.0,0.0,0.0,0.0,0.0,0.0,0.0,0.0,0.0,0.0,0.0,0.0,0.0,25.0,2.0,401.0,0.0,0.0,0.0,0.0,84.0,6.0,1360.0,11.0,1.0,83.0,,,80.0,,75.0,19.0,,,16.19047619047619,7.545454545454546,,16.04,,,
2024_143_4428872,4428872,JD Bertrand,Notre Dame,FBS Independents,LINEBACKER,LB,2024,5,8,143,4,8.0,12.0,5.5,149.0,0.0,22.0,256.0,0.0,0.0,1.0,0.0,0.0,0.0,0.0,0.0,0.0,0.0,0.0,0.0,0.0,0.0,0.0,0.0,0.0,0.0,0.0,0.0,0.0,0.0,0.0,0.0,0.0,0.0,0.0,0.0,0.0,0.0,0.0,0.0,,,,,,,,,,,,,,,
2024_144_4683553,4683553,Austin Booker,Minnesota,Big Ten,DEFENSIVEEDGE,DL,2024,5,9,144,2,1.0,0.0,8.0,40.0,0.0,13.0,57.0,0.0,0.0,0.0,0.0,0.0,0.0,0.0,0.0,0.0,0.0,0.0,0.0,0.0,0.0,0.0,0.0,0.0,0.0,0.0,0.0,0.0,0.0,0.0,0.0,0.0,0.0,0.0,0.0,0.0,0.0,0.0,0.0,,,,,,,,,,,,,,,
2024_145_4429193,4429193,Kris Abrams-Draine,Missouri,SEC,CORNERBACK,DB,2024,5,10,145,4,32.0,1.0,0.0,98.0,1.0,3.5,127.0,2.0,1.0,1.0,7.0,0.0,9.0,30.0,1.0,603.0,0.0,0.0,0.0,0.0,0.0,0.0,0.0,0.0,0.0,0.0,6.0,0.0,12.0,0.0,0.0,0.0,0.0,2.0,0.0,4.0,1.0,0.0,3.0,100.0,,6.0,,2.0,3.0,,,2.0,3.0,20.1,2.0,,,1.2857142857142858
2024_146_4426817,4426817,Jarvis Brownlee,Louisville,ACC,CORNERBACK,DB,2024,5,11,146,5,21.0,2.0,1.0,112.0,1.0,7.5,170.0,0.0,0.0,1.0,6.0,1.0,92.0,0.0,0.0,0.0,0.0,0.0,0.0,0.0,0.0,0.0,0.0,0.0,0.0,0.0,0.0,0.0,0.0,0.0,0.0,0.0,0.0,0.0,0.0,0.0,0.0,0.0,0.0,,,,,,,,,,,,,,,15.333333333333334
2024_147_4569682,4569682,Audric Estime,Notre Dame,FBS Independents,RUNNINGBACK,RB,2024,5,12,147,3,0.0,0.0,0.0,0.0,0.0,0.0,0.0,4.0,3.0,0.0,0.0,0.0,0.0,1.0,0.0,29.0,0.0,0.0,0.0,0.0,0.0,0.0,0.0,0.0,0.0,0.0,0.0,0.0,0.0,0.0,0.0,0.0,0.0,26.0,1.0,277.0,373.0,29.0,2321.0,29.0,,,,36.0,80.0,,,10.653846153846152,6.222520107238606,29.0,,,,
2024_148_4429560,4429560,Tommy Eichenberg,Ohio State,Big Ten,LINEBACKER,LB,2024,5,13,148,3,5.0,11.0,3.5,145.0,1.0,21.0,256.0,0.0,0.0,1.0,2.0,1.0,15.0,0.0,0.0,0.0,0.0,0.0,0.0,0.0,0.0,0.0,0.0,0.0,0.0,0.0,0.0,0.0,0.0,0.0,0.0,0.0,0.0,0.0,0.0,0.0,0.0,0.0,0.0,,,,,,,,,,,,,,,7.5
2024_149_4365319,4365319,Josh Newton,UL Monroe,Sun Belt,CORNERBACK,DB,2024,5,14,149,5,32.0,1.0,0.0,97.0,1.0,7.5,140.0,0.0,0.0,0.0,7.0,1.0,248.0,0.0,0.0,0.0,0.0,0.0,0.0,0.0,0.0,0.0,0.0,0.0,0.0,0.0,0.0,0.0,0.0,0.0,0.0,0.0,0.0,0.0,0.0,0.0,0.0,0.0,0.0,,,,,,,,,,,,,,,35.42857142857143
2024_150_4426339,4426339,Spencer Rattler,South Carolina,SEC,QUARTERBACK,QB,2024,5,15,150,5,0.0,0.0,0.0,4.0,0.0,0.0,4.0,18.0,7.0,0.0,0.0,0.0,0.0,0.0,0.0,0.0,0.0,0.0,0.0,0.0,0.0,1308.0,898.0,32.0,77.0,10792.0,0.0,0.0,0.0,0.0,0.0,0.0,0.0,1.0,0.0,15.0,297.0,16.0,419.0,,,,,15.0,28.0,0.6865443425076453,8.250764525993883,15.0,1.410774410774411,,,,,
2024_151_4601021,4601021,Jaylon Carlies,Missouri,SEC,SAFETY,DB,2024,5,16,151,4,8.0,4.0,3.0,153.0,0.0,11.5,211.0,0.0,0.0,1.0,9.0,0.0,65.0,2.0,0.0,11.0,0.0,0.0,0.0,0.0,0.0,0.0,0.0,0.0,0.0,0.0,0.0,0.0,0.0,0.0,0.0,0.0,0.0,0.0,0.0,0.0,0.0,0.0,0.0,11.0,,,,,,,,,,5.5,,,,7.222222222222222
2024_152_4428532,4428532,Ainias Smith,Texas A&M,SEC,WIDERECEIVER,WR,2024,5,17,152,5,0.0,0.0,0.0,2.0,2.0,0.0,2.0,11.0,2.0,0.0,0.0,0.0,0.0,26.0,0.0,360.0,0.0,0.0,0.0,0.0,0.0,0.0,0.0,0.0,0.0,0.0,84.0,2.0,836.0,0.0,0.0,0.0,0.0,179.0,19.0,2333.0,72.0,4.0,405.0,31.0,,95.0,,63.0,38.0,,,13.033519553072626,5.625,13.846153846153848,9.952380952380953,,,
2024_153_4428283,4428283,Deantre Prince,Ole Miss,SEC,CORNERBACK,DB,2024,5,18,153,4,20.0,0.0,1.0,97.0,0.0,6.0,142.0,0.0,0.0,0.0,6.0,0.0,80.0,0.0,0.0,0.0,0.0,0.0,0.0,0.0,0.0,0.0,0.0,0.0,0.0,0.0,0.0,0.0,0.0,0.0,0.0,0.0,0.0,0.0,0.0,0.0,0.0,0.0,0.0,,,,,,,,,,,,,,,13.333333333333334
2024_154_4373471,4373471,Brennan Jackson,Washington State,Pac-12,DEFENSIVEEDGE,DL,2024,5,19,154,5,7.0,20.0,19.5,73.0,0.0,34.0,162.0,0.0,0.0,5.0,1.0,0.0,0.0,0.0,0.0,0.0,0.0,0.0,0.0,0.0,0.0,0.0,0.0,0.0,0.0,0.0,0.0,0.0,0.0,0.0,0.0,0.0,0.0,0.0,0.0,0.0,0.0,0.0,0.0,,,,,,,,,,,,,,,0.0
2024_155_4432777,4432777,Jeremiah Trotter Jr.,Clemson,ACC,LINEBACKER,LB,2024,5,20,155,3,10.0,12.0,12.0,103.0,2.0,25.0,174.0,0.0,0.0,0.0,4.0,2.0,63.0,0.0,0.0,0.0,0.0,0.0,0.0,0.0,0.0,0.0,0.0,0.0,0.0,0.0,0.0,0.0,0.0,0.0,0.0,0.0,0.0,0.0,0.0,0.0,0.0,0.0,0.0,,,,,,,,,,,,,,,15.75
2024_156_4428678,4428678,Jamari Thrash,Louisville,ACC,WIDERECEIVER,WR,2024,5,21,156,5,0.0,0.0,0.0,1.0,0.0,0.0,1.0,2.0,1.0,0.0,0.0,0.0,0.0,0.0,0.0,0.0,0.0,0.0,0.0,0.0,0.0,0.0,0.0,0.0,0.0,0.0,0.0,0.0,0.0,0.0,0.0,0.0,0.0,166.0,18.0,2598.0,5.0,1.0,34.0,,,,,85.0,12.0,,,15.650602409638552,6.8,,,,,
2024_157_4697636,4697636,Chau Smith-Wade,Washington State,Pac-12,CORNERBACK,DB,2024,5,22,157,4,17.0,1.0,0.0,70.0,0.0,6.0,103.0,0.0,0.0,2.0,3.0,0.0,28.0,0.0,0.0,0.0,0.0,0.0,0.0,0.0,0.0,0.0,0.0,0.0,0.0,0.0,0.0,0.0,0.0,0.0,0.0,0.0,0.0,0.0,0.0,0.0,0.0,0.0,0.0,,,,,,,,,,,,,,,9.333333333333334
2024_158_4427677,4427677,Mohamed Kamara,Colorado State,Mountain West,DEFENSIVEEDGE,DL,2024,5,23,158,5,2.0,25.0,29.0,92.0,1.0,44.0,177.0,0.0,0.0,4.0,0.0,0.0,0.0,0.0,0.0,0.0,0.0,0.0,0.0,0.0,0.0,0.0,0.0,0.0,0.0,0.0,0.0,0.0,0.0,0.0,0.0,0.0,0.0,0.0,0.0,0.0,0.0,0.0,0.0,,,,,,,,,,,,,,,
2024_160_4374280,4374280,Edefuan Ulofoshio,Washington,Pac-12,LINEBACKER,LB,2024,5,25,160,5,7.0,1.0,7.0,147.0,1.0,15.0,243.0,0.0,0.0,3.0,1.0,1.0,45.0,0.0,0.0,0.0,0.0,0.0,0.0,0.0,0.0,0.0,0.0,0.0,0.0,0.0,0.0,0.0,0.0,0.0,0.0,0.0,0.0,0.0,0.0,0.0,0.0,0.0,0.0,,,,,,,,,,,,,,,45.0
2024_161_4361094,4361094,Dominique Hampton,Washington,Pac-12,SAFETY,DB,2024,5,26,161,6,13.0,0.0,0.0,113.0,0.0,0.5,172.0,0.0,0.0,0.0,2.0,0.0,0.0,0.0,0.0,0.0,0.0,0.0,0.0,0.0,0.0,0.0,0.0,0.0,0.0,0.0,2.0,0.0,9.0,0.0,0.0,0.0,0.0,0.0,0.0,0.0,0.0,0.0,0.0,,,6.0,,,,,,,,,4.5,,,0.0
2024_162_4362103,4362103,Christian Jones,Texas,Big 12,OFFENSIVETACKLE,OL,2024,5,27,162,1,0.0,0.0,0.0,1.0,0.0,0.0,2.0,0.0,0.0,0.0,0.0,0.0,0.0,0.0,0.0,0.0,0.0,0.0,0.0,0.0,0.0,0.0,0.0,0.0,0.0,0.0,0.0,0.0,0.0,0.0,0.0,0.0,0.0,0.0,0.0,0.0,0.0,0.0,0.0,,,,,,,,,,,,,,,
2024_163_4428037,4428037,Jacob Monk,Duke,ACC,CENTER,OL,2024,5,28,163,1,0.0,0.0,0.0,1.0,0.0,0.0,1.0,0.0,0.0,0.0,0.0,0.0,0.0,0.0,0.0,0.0,0.0,0.0,0.0,0.0,0.0,0.0,0.0,0.0,0.0,0.0,0.0,0.0,0.0,0.0,0.0,0.0,0.0,0.0,0.0,0.0,0.0,0.0,0.0,,,,,,,,,,,,,,,
2024_164_4567225,4567225,Jaylin Simpson,Auburn,SEC,SAFETY,DB,2024,5,29,164,5,14.0,3.0,0.0,90.0,1.0,4.0,118.0,1.0,1.0,1.0,7.0,1.0,101.0,0.0,0.0,0.0,0.0,0.0,0.0,0.0,0.0,0.0,0.0,0.0,0.0,0.0,1.0,0.0,-1.0,0.0,0.0,0.0,0.0,0.0,0.0,0.0,0.0,0.0,0.0,,,-1.0,,,,,,,,,-1.0,,,14.428571428571429
2024_165_4690013,4690013,Rasheen Ali,Marshall,Sun Belt,RUNNINGBACK,RB,2024,5,30,165,4,0.0,0.0,0.0,4.0,1.0,0.0,6.0,10.0,4.0,0.0,0.0,0.0,0.0,5.0,1.0,173.0,0.0,0.0,0.0,0.0,0.0,0.0,0.0,0.0,0.0,0.0,0.0,0.0,0.0,0.0,0.0,0.0,0.0,76.0,3.0,565.0,514.0,39.0,2836.0,97.0,,,,65.0,64.0,,,7.434210526315789,5.517509727626459,34.6,,,,
2024_166_4360516,4360516,Tyrone Tracy Jr.,Purdue,Big Ten,RUNNINGBACK,RB,2024,5,31,166,6,0.0,0.0,0.0,6.0,1.0,0.0,7.0,1.0,1.0,0.0,0.0,0.0,0.0,17.0,1.0,428.0,0.0,0.0,0.0,0.0,0.0,0.0,0.0,0.0,0.0,0.0,3.0,0.0,14.0,0.0,0.0,0.0,0.0,107.0,5.0,1168.0,146.0,10.0,942.0,98.0,,10.0,,75.0,62.0,,,10.91588785046729,6.4520547945205475,25.176470588235293,4.666666666666667,,,
2024_167_4567095,4567095,Keilan Robinson,Texas,Big 12,RUNNINGBACK,RB,2024,5,32,167,4,0.0,0.0,0.0,6.0,2.0,0.0,7.0,3.0,0.0,1.0,0.0,0.0,0.0,41.0,1.0,919.0,0.0,0.0,0.0,0.0,0.0,0.0,0.0,0.0,0.0,0.0,2.0,1.0,19.0,0.0,0.0,0.0,0.0,35.0,3.0,334.0,121.0,8.0,796.0,95.0,,12.0,,35.0,74.0,,,9.542857142857144,6.578512396694215,22.414634146341463,9.5,,,
2024_168_4428548,4428548,Javon Solomon,Troy,Sun Belt,DEFENSIVEEDGE,DL,2024,5,33,168,5,2.0,14.0,32.5,85.0,0.0,48.5,179.0,0.0,0.0,6.0,1.0,0.0,0.0,0.0,0.0,0.0,0.0,0.0,0.0,0.0,0.0,0.0,0.0,0.0,0.0,0.0,0.0,0.0,0.0,0.0,0.0,0.0,0.0,0.0,0.0,0.0,0.0,0.0,0.0,,,,,,,,,,,,,,,0.0
2024_169_4374037,4374037,Kitan Oladapo,Oregon State,Pac-12,SAFETY,DB,2024,5,34,169,5,23.0,5.0,6.5,144.0,0.0,15.0,243.0,0.0,0.0,1.0,3.0,0.0,14.0,0.0,0.0,0.0,0.0,0.0,0.0,0.0,0.0,0.0,0.0,0.0,0.0,0.0,1.0,0.0,0.0,0.0,0.0,0.0,0.0,1.0,0.0,6.0,0.0,0.0,0.0,,,0.0,,6.0,,,,6.0,,,0.0,,,4.666666666666667
2024_170_4427985,4427985,Jerrod Means,Pittsburgh,ACC,WIDERECEIVER,WR,2024,5,35,170,3,0.0,0.0,0.0,0.0,0.0,0.0,0.0,3.0,3.0,0.0,0.0,0.0,0.0,12.0,0.0,244.0,0.0,0.0,0.0,0.0,0.0,1.0,1.0,0.0,0.0,22.0,0.0,0.0,0.0,0.0,0.0,0.0,0.0,90.0,10.0,1552.0,4.0,0.0,2.0,27.0,,,,75.0,6.0,1.0,22.0,17.244444444444444,0.5,20.333333333333332,,,,
2024_171_4360799,4360799,Jordan Travis,Louisville,ACC,QUARTERBACK,QB,2024,5,36,171,6,0.0,0.0,0.0,0.0,0.0,0.0,1.0,17.0,3.0,0.0,0.0,0.0,0.0,0.0,0.0,0.0,0.0,0.0,0.0,0.0,0.0,1027.0,637.0,20.0,66.0,8704.0,0.0,0.0,0.0,0.0,0.0,0.0,0.0,3.0,1.0,11.0,417.0,31.0,1953.0,,,,,18.0,88.0,0.620253164556962,8.475170399221032,3.6666666666666665,4.683453237410072,,,,,
2024_172_4427140,4427140,Trevor Keegan,Michigan,Big Ten,OFFENSIVEGUARD,OL,2024,5,37,172,1,0.0,0.0,0.0,1.0,0.0,0.0,1.0,0.0,0.0,0.0,0.0,0.0,0.0,0.0,0.0,0.0,0.0,0.0,0.0,0.0,0.0,0.0,0.0,0.0,0.0,0.0,0.0,0.0,0.0,0.0,0.0,0.0,0.0,0.0,0.0,0.0,0.0,0.0,0.0,,,,,,,,,,,,,,,
2024_173_4695404,4695404,Isaiah Davis,South Dakota State,MVFC,RUNNINGBACK,RB,2024,5,38,173,3,0.0,0.0,0.0,0.0,0.0,0.0,0.0,3.0,0.0,0.0,0.0,0.0,0.0,0.0,0.0,0.0,0.0,0.0,0.0,0.0,0.0,3.0,0.0,0.0,0.0,0.0,1.0,0.0,1.0,0.0,0.0,0.0,0.0,43.0,1.0,363.0,470.0,29.0,2923.0,,,1.0,,23.0,66.0,0.0,0.0,8.44186046511628,6.219148936170213,,1.0,,,
2024_174_4431006,4431006,Caelen Carson,Wake Forest,ACC,CORNERBACK,DB,2024,5,39,174,4,22.0,0.0,0.0,86.0,0.0,2.5,113.0,0.0,0.0,2.0,3.0,0.0,30.0,0.0,0.0,0.0,0.0,0.0,0.0,0.0,0.0,0.0,0.0,0.0,0.0,0.0,0.0,0.0,0.0,0.0,0.0,0.0,0.0,0.0,0.0,0.0,0.0,0.0,0.0,,,,,,,,,,,,,,,10.0
2024_175_4566088,4566088,Jaylan Ford,Texas,Big 12,LINEBACKER,LB,2024,5,40,175,4,4.0,9.0,3.0,137.0,0.0,27.5,272.0,0.0,0.0,5.0,6.0,0.0,53.0,0.0,0.0,0.0,0.0,0.0,0.0,0.0,0.0,0.0,0.0,0.0,0.0,0.0,0.0,0.0,0.0,0.0,0.0,0.0,0.0,0.0,0.0,0.0,0.0,0.0,0.0,,,,,,,,,,,,,,,8.833333333333334
2024_177_4428394,4428394,Walter Rouse,Stanford,Pac-12,OFFENSIVETACKLE,OL,2024,6,1,177,2,0.0,0.0,0.0,1.0,0.0,1.0,1.0,1.0,1.0,0.0,0.0,0.0,0.0,0.0,0.0,0.0,0.0,0.0,0.0,0.0,0.0,0.0,0.0,0.0,0.0,0.0,0.0,0.0,0.0,0.0,0.0,0.0,0.0,0.0,0.0,0.0,0.0,0.0,0.0,,,,,,,,,,,,,,,
2024_178_4569474,4569474,Logan Lee,Iowa,Big Ten,DEFENSIVETACKLE,DL,2024,6,2,178,4,7.0,3.0,9.0,54.0,0.0,18.0,151.0,0.0,0.0,3.0,0.0,0.0,0.0,0.0,0.0,0.0,0.0,0.0,0.0,0.0,0.0,0.0,0.0,0.0,0.0,0.0,0.0,0.0,0.0,0.0,0.0,0.0,0.0,0.0,0.0,0.0,0.0,0.0,0.0,,,,,,,,,,,,,,,
2024_180_4875079,4875079,Marcellas Dial,South Carolina,SEC,CORNERBACK,DB,2024,6,4,180,3,27.0,0.0,1.0,80.0,0.0,3.0,110.0,0.0,0.0,1.0,3.0,0.0,3.0,0.0,0.0,0.0,0.0,0.0,0.0,0.0,0.0,0.0,0.0,0.0,0.0,0.0,0.0,0.0,0.0,0.0,0.0,0.0,0.0,0.0,0.0,0.0,0.0,0.0,0.0,,,,,,,,,,,,,,,1.0
2024_181_4430968,4430968,Kimani Vidal,Troy,Sun Belt,RUNNINGBACK,RB,2024,6,5,181,4,0.0,0.0,0.0,5.0,0.0,0.0,7.0,7.0,7.0,0.0,0.0,0.0,0.0,2.0,0.0,10.0,0.0,0.0,0.0,0.0,0.0,0.0,0.0,0.0,0.0,0.0,0.0,0.0,0.0,0.0,0.0,0.0,0.0,92.0,1.0,701.0,779.0,33.0,4015.0,10.0,,,,44.0,69.0,,,7.619565217391305,5.154043645699615,5.0,,,,
2024_182_4427575,4427575,Jha'Quan Jackson,Tulane,American Athletic,WIDERECEIVER,WR,2024,6,6,182,5,0.0,0.0,0.0,4.0,1.0,0.0,4.0,8.0,4.0,0.0,0.0,0.0,0.0,37.0,0.0,772.0,0.0,0.0,0.0,0.0,0.0,0.0,0.0,0.0,0.0,0.0,62.0,1.0,657.0,0.0,0.0,0.0,0.0,109.0,17.0,1743.0,12.0,1.0,116.0,43.0,,90.0,,87.0,24.0,,,15.990825688073397,9.666666666666666,20.864864864864863,10.596774193548388,,,
2024_183_4428072,4428072,Darius Muasau,UCLA,Pac-12,LINEBACKER,LB,2024,6,7,183,5,12.0,16.0,15.5,255.0,1.0,39.5,422.0,0.0,0.0,5.0,5.0,1.0,81.0,0.0,0.0,0.0,0.0,0.0,0.0,0.0,0.0,0.0,0.0,0.0,0.0,0.0,0.0,0.0,0.0,0.0,0.0,0.0,0.0,0.0,0.0,0.0,0.0,0.0,0.0,,,,,,,,,,,,,,,16.2
2024_184_4569603,4569603,Malik Washington,Virginia,ACC,WIDERECEIVER,WR,2024,6,8,184,5,0.0,0.0,0.0,4.0,0.0,0.0,4.0,5.0,4.0,0.0,0.0,0.0,0.0,13.0,0.0,257.0,0.0,0.0,0.0,0.0,0.0,2.0,1.0,0.0,0.0,6.0,0.0,0.0,0.0,0.0,0.0,0.0,0.0,230.0,12.0,2791.0,18.0,0.0,29.0,40.0,,,,64.0,10.0,0.5,3.0,12.134782608695652,1.6111111111111112,19.76923076923077,,,,
2024_185_4686104,4686104,Johnny Wilson,Florida State,ACC,WIDERECEIVER,WR,2024,6,9,185,4,0.0,0.0,0.0,0.0,0.0,0.0,0.0,1.0,1.0,0.0,0.0,0.0,0.0,0.0,0.0,0.0,0.0,0.0,0.0,0.0,0.0,0.0,0.0,0.0,0.0,0.0,0.0,0.0,0.0,0.0,0.0,0.0,0.0,102.0,8.0,1757.0,1.0,0.0,0.0,,,,,78.0,0.0,,,17.225490196078432,0.0,,,,,
2024_186_4429001,4429001,Jase McClellan,Alabama,SEC,RUNNINGBACK,RB,2024,6,10,186,4,0.0,0.0,0.0,1.0,2.0,0.0,4.0,1.0,1.0,0.0,0.0,0.0,0.0,0.0,0.0,0.0,0.0,0.0,0.0,0.0,0.0,0.0,0.0,0.0,0.0,0.0,1.0,1.0,33.0,0.0,0.0,0.0,0.0,40.0,6.0,409.0,355.0,18.0,1981.0,,,33.0,,65.0,81.0,,,10.225,5.580281690140845,,33.0,,,
2024_187_4428796,4428796,Casey Washington,Illinois,Big Ten,WIDERECEIVER,WR,2024,6,11,187,5,0.0,0.0,0.0,1.0,0.0,0.0,1.0,0.0,0.0,0.0,0.0,0.0,0.0,0.0,0.0,0.0,0.0,0.0,0.0,0.0,0.0,3.0,0.0,0.0,0.0,0.0,0.0,0.0,0.0,0.0,0.0,0.0,0.0,122.0,4.0,1497.0,0.0,1.0,30.0,,,,,80.0,30.0,0.0,0.0,12.270491803278688,inf,,,,,
2024_188_4427479,4427479,Jamal Hill,Oregon,Pac-12,LINEBACKER,LB,2024,6,12,188,5,13.0,5.0,2.0,90.0,0.0,5.0,138.0,0.0,0.0,0.0,2.0,0.0,0.0,0.0,0.0,0.0,0.0,0.0,0.0,0.0,0.0,0.0,0.0,0.0,0.0,0.0,0.0,0.0,0.0,0.0,0.0,0.0,0.0,0.0,0.0,0.0,0.0,0.0,0.0,,,,,,,,,,,,,,,0.0
2024_189_4586333,4586333,Mehki Wingo,Missouri,SEC,DEFENSIVETACKLE,DL,2024,6,13,189,3,4.0,6.0,7.5,47.0,1.0,11.0,92.0,0.0,0.0,4.0,1.0,1.0,40.0,0.0,0.0,0.0,0.0,0.0,0.0,0.0,0.0,0.0,0.0,0.0,0.0,0.0,0.0,0.0,0.0,0.0,0.0,0.0,0.0,0.0,0.0,0.0,0.0,0.0,0.0,,,,,,,,,,,,,,,40.0
2024_191_4875912,4875912,Tejhaun Palmer,UAB,Conference USA,WIDERECEIVER,WR,2024,6,15,191,3,0.0,0.0,0.0,2.0,0.0,0.0,2.0,2.0,1.0,0.0,0.0,0.0,0.0,0.0,0.0,0.0,0.0,0.0,0.0,0.0,0.0,0.0,0.0,0.0,0.0,0.0,0.0,0.0,0.0,0.0,0.0,0.0,0.0,83.0,9.0,1409.0,0.0,0.0,0.0,,,,,80.0,,,,16.97590361445783,,,,,,
2024_192_4915204,4915204,D.J. James,Auburn,SEC,CORNERBACK,DB,2024,6,16,192,5,23.0,0.0,0.0,108.0,1.0,5.0,145.0,0.0,0.0,0.0,5.0,1.0,49.0,0.0,0.0,0.0,0.0,0.0,0.0,0.0,0.0,0.0,0.0,0.0,0.0,0.0,0.0,0.0,0.0,0.0,0.0,0.0,0.0,0.0,0.0,0.0,0.0,0.0,0.0,,,,,,,,,,,,,,,9.8
2024_193_4360698,4360698,Joe Milton,Tennessee,SEC,QUARTERBACK,QB,2024,6,17,193,6,0.0,0.0,0.0,1.0,0.0,0.0,1.0,9.0,6.0,0.0,0.0,0.0,0.0,0.0,0.0,0.0,0.0,0.0,0.0,0.0,0.0,650.0,400.0,11.0,37.0,5341.0,0.0,0.0,0.0,0.0,0.0,0.0,0.0,1.0,0.0,6.0,173.0,12.0,650.0,,,,,6.0,81.0,0.6153846153846154,8.216923076923077,6.0,3.757225433526011,,,,,
2024_194_4384171,4384171,Tanner McLachlan,Southern Utah,Big Sky,TIGHTEND,TE,2024,6,18,194,3,0.0,0.0,0.0,3.0,0.0,0.0,3.0,0.0,0.0,0.0,0.0,0.0,0.0,0.0,0.0,0.0,0.0,0.0,0.0,0.0,0.0,0.0,0.0,0.0,0.0,0.0,0.0,0.0,0.0,0.0,0.0,0.0,0.0,82.0,6.0,1032.0,0.0,0.0,0.0,,,,,36.0,,,,12.585365853658535,,,,,,
2024_195_4685092,4685092,Ryan Watts,Texas,Big 12,CORNERBACK,DB,2024,6,19,195,4,6.0,1.0,1.0,75.0,0.0,5.0,99.0,0.0,0.0,0.0,3.0,0.0,18.0,0.0,0.0,0.0,0.0,0.0,0.0,0.0,0.0,0.0,0.0,0.0,0.0,0.0,0.0,0.0,0.0,0.0,0.0,0.0,0.0,0.0,0.0,0.0,0.0,0.0,0.0,,,,,,,,,,,,,,,6.0
2024_196_4568217,4568217,Tyler Davis,Clemson,ACC,DEFENSIVETACKLE,DL,2024,6,20,196,5,5.0,18.0,16.5,63.0,0.0,31.0,141.0,1.0,1.0,3.0,0.0,0.0,0.0,0.0,0.0,0.0,0.0,0.0,0.0,0.0,0.0,0.0,0.0,0.0,0.0,0.0,0.0,0.0,0.0,0.0,0.0,0.0,0.0,0.0,0.0,0.0,1.0,0.0,-6.0,,,,,,0.0,,,,-6.0,,,,,
2024_197_4427826,4427826,Zion Logue,Georgia,SEC,DEFENSIVETACKLE,DL,2024,6,21,197,4,3.0,0.0,1.5,27.0,0.0,4.5,51.0,0.0,0.0,2.0,0.0,0.0,0.0,0.0,0.0,0.0,0.0,0.0,0.0,0.0,0.0,0.0,0.0,0.0,0.0,0.0,0.0,0.0,0.0,0.0,0.0,0.0,0.0,0.0,0.0,0.0,0.0,0.0,0.0,,,,,,,,,,,,,,,
2024_198_4430158,4430158,Patrick McMorris,San Diego State,Mountain West,SAFETY,DB,2024,6,22,198,5,22.0,2.0,1.0,137.0,0.0,12.0,248.0,0.0,0.0,5.0,6.0,0.0,61.0,0.0,0.0,0.0,0.0,0.0,0.0,0.0,0.0,0.0,0.0,0.0,0.0,0.0,0.0,0.0,0.0,0.0,0.0,0.0,0.0,0.0,0.0,0.0,0.0,0.0,0.0,,,,,,,,,,,,,,,10.166666666666666
2024_199_4384595,4384595,Khristian Boyd,Northern Iowa,MVFC,DEFENSIVETACKLE,DL,2024,6,23,199,3,0.0,0.0,0.0,3.0,0.0,0.0,10.0,0.0,0.0,0.0,0.0,0.0,0.0,0.0,0.0,0.0,0.0,0.0,0.0,0.0,0.0,0.0,0.0,0.0,0.0,0.0,0.0,0.0,0.0,0.0,0.0,0.0,0.0,0.0,0.0,0.0,0.0,0.0,0.0,,,,,,,,,,,,,,,
2024_200_4362910,4362910,Jaden Crumedy,Mississippi State,SEC,DEFENSIVETACKLE,DL,2024,6,24,200,5,5.0,13.0,8.5,39.0,0.0,15.5,120.0,0.0,0.0,0.0,0.0,0.0,0.0,0.0,0.0,0.0,0.0,0.0,0.0,0.0,0.0,0.0,0.0,0.0,0.0,0.0,0.0,0.0,0.0,0.0,0.0,0.0,0.0,0.0,0.0,0.0,0.0,0.0,0.0,,,,,,,,,,,,,,,
2024_201_4427563,4427563,Micah Abraham,Marshall,Sun Belt,CORNERBACK,DB,2024,6,25,201,5,41.0,1.0,0.5,95.0,1.0,2.5,148.0,0.0,0.0,2.0,12.0,1.0,147.0,0.0,0.0,0.0,0.0,0.0,0.0,0.0,0.0,0.0,0.0,0.0,0.0,0.0,0.0,0.0,0.0,0.0,0.0,0.0,0.0,0.0,0.0,0.0,0.0,0.0,0.0,,,,,,,,,,,,,,,12.25
2024_202_4361904,4361904,Travis Glover,Georgia State,Sun Belt,OFFENSIVETACKLE,OL,2024,6,26,202,2,0.0,0.0,0.0,1.0,0.0,0.0,1.0,0.0,0.0,0.0,0.0,0.0,0.0,0.0,0.0,0.0,0.0,0.0,0.0,0.0,0.0,0.0,0.0,0.0,0.0,0.0,0.0,0.0,0.0,0.0,0.0,0.0,0.0,0.0,0.0,0.0,1.0,0.0,5.0,,,,,,5.0,,,,5.0,,,,,
2024_203_4567104,4567104,Will Reichard,Alabama,SEC,PLACEKICKER,ST,2024,6,27,203,5,0.0,0.0,0.0,1.0,0.0,0.0,1.0,0.0,0.0,0.0,0.0,0.0,0.0,0.0,0.0,0.0,100.0,84.0,547.0,297.0,295.0,0.0,0.0,0.0,0.0,0.0,0.0,0.0,0.0,3.0,10.0,1.0,413.0,0.0,0.0,0.0,0.0,0.0,0.0,,52.0,,55.0,,,,,,,,,41.3,0.84,
2024_204_4368828,4368828,Tylan Grable,UCF,Big 12,OFFENSIVETACKLE,OL,2024,6,28,204,2,0.0,0.0,0.0,1.0,0.0,0.0,1.0,0.0,0.0,0.0,0.0,0.0,0.0,0.0,0.0,0.0,0.0,0.0,0.0,0.0,0.0,0.0,0.0,0.0,0.0,0.0,0.0,0.0,0.0,0.0,0.0,0.0,0.0,0.0,0.0,0.0,1.0,0.0,5.0,,,,,,5.0,,,,5.0,,,,,
2024_205_4429939,4429939,Jawhar Jordan,Syracuse,ACC,RUNNINGBACK,RB,2024,6,29,205,5,0.0,0.0,0.0,1.0,2.0,0.0,2.0,5.0,4.0,0.0,0.0,0.0,0.0,27.0,2.0,735.0,0.0,0.0,0.0,0.0,0.0,0.0,0.0,0.0,0.0,0.0,0.0,0.0,0.0,0.0,0.0,0.0,0.0,39.0,1.0,476.0,381.0,18.0,2214.0,100.0,,,,81.0,74.0,,,12.205128205128204,5.811023622047244,27.22222222222222,,,,
2024_206_4362895,4362895,Nathaniel Watson,Mississippi State,SEC,LINEBACKER,LB,2024,6,30,206,6,4.0,12.0,21.0,136.0,0.0,35.0,373.0,0.0,0.0,2.0,2.0,0.0,67.0,0.0,0.0,0.0,0.0,0.0,0.0,0.0,0.0,0.0,0.0,0.0,0.0,0.0,0.0,0.0,0.0,0.0,0.0,0.0,0.0,0.0,0.0,0.0,0.0,0.0,0.0,,,,,,,,,,,,,,,33.5
2024_208_4366963,4366963,Dylan Laube,New Hampshire,CAA,RUNNINGBACK,RB,2024,6,32,208,4,0.0,0.0,0.0,1.0,0.0,0.0,2.0,5.0,3.0,0.0,0.0,0.0,0.0,36.0,0.0,975.0,0.0,0.0,0.0,0.0,0.0,0.0,0.0,0.0,0.0,0.0,34.0,1.0,426.0,0.0,0.0,0.0,0.0,122.0,10.0,1251.0,417.0,24.0,1959.0,100.0,,92.0,,87.0,77.0,,,10.254098360655735,4.697841726618705,27.083333333333332,12.529411764705882,,,
2024_209_4566192,4566192,Joshua Karty,Stanford,Pac-12,PLACEKICKER,ST,2024,6,33,209,3,0.0,0.0,0.0,2.0,0.0,0.0,2.0,0.0,0.0,0.0,0.0,0.0,0.0,0.0,0.0,0.0,59.0,51.0,225.0,73.0,72.0,0.0,0.0,0.0,0.0,0.0,0.0,0.0,0.0,0.0,0.0,0.0,0.0,0.0,0.0,0.0,0.0,0.0,0.0,,61.0,,,,,,,,,,,,0.864406779661017,
2024_210_4427864,4427864,Christian Mahogany,Boston College,ACC,OFFENSIVEGUARD,OL,2024,6,34,210,1,0.0,0.0,0.0,1.0,0.0,0.0,1.0,0.0,0.0,0.0,0.0,0.0,0.0,0.0,0.0,0.0,0.0,0.0,0.0,0.0,0.0,0.0,0.0,0.0,0.0,0.0,0.0,0.0,0.0,0.0,0.0,0.0,0.0,0.0,0.0,0.0,0.0,0.0,0.0,,,,,,,,,,,,,,,
2024_211_4427356,4427356,Kamal Hadden,Tennessee,SEC,CORNERBACK,DB,2024,6,35,211,3,10.0,2.0,0.0,49.0,1.0,5.5,78.0,0.0,0.0,0.0,6.0,1.0,38.0,0.0,0.0,0.0,0.0,0.0,0.0,0.0,0.0,0.0,0.0,0.0,0.0,0.0,0.0,0.0,0.0,0.0,0.0,0.0,0.0,0.0,0.0,0.0,0.0,0.0,0.0,,,,,,,,,,,,,,,6.333333333333333
2024_212_4686361,4686361,Cam Little,Arkansas,SEC,PLACEKICKER,ST,2024,6,36,212,3,0.0,0.0,0.0,0.0,0.0,0.0,0.0,0.0,0.0,0.0,0.0,0.0,0.0,0.0,0.0,0.0,64.0,53.0,288.0,129.0,129.0,0.0,0.0,0.0,0.0,0.0,0.0,0.0,0.0,0.0,0.0,0.0,0.0,0.0,0.0,0.0,0.0,0.0,0.0,,56.0,,,,,,,,,,,,0.828125,
2024_213_4569382,4569382,Jordan Whittington,Texas,Big 12,WIDERECEIVER,WR,2024,6,37,213,5,0.0,0.0,0.0,1.0,0.0,0.0,1.0,2.0,2.0,0.0,0.0,0.0,0.0,3.0,0.0,36.0,0.0,0.0,0.0,0.0,0.0,0.0,0.0,0.0,0.0,0.0,1.0,0.0,3.0,0.0,0.0,0.0,0.0,141.0,5.0,1757.0,7.0,1.0,76.0,18.0,,3.0,,43.0,20.0,,,12.46099290780142,10.857142857142858,12.0,3.0,,,
2024_214_4430065,4430065,Cedric Johnson,Ole Miss,SEC,DEFENSIVEEDGE,DL,2024,6,38,214,4,4.0,25.0,19.0,56.0,0.0,22.0,111.0,0.0,0.0,3.0,0.0,0.0,0.0,0.0,0.0,0.0,0.0,0.0,0.0,0.0,0.0,0.0,0.0,0.0,0.0,0.0,1.0,0.0,14.0,0.0,0.0,0.0,0.0,0.0,0.0,0.0,0.0,0.0,0.0,,,14.0,,,,,,,,,14.0,,,
2024_215_4373474,4373474,Jarrett Kingston,Washington State,Pac-12,OFFENSIVEGUARD,OL,2024,6,39,215,2,0.0,0.0,0.0,1.0,0.0,0.0,1.0,1.0,1.0,1.0,0.0,0.0,0.0,0.0,0.0,0.0,0.0,0.0,0.0,0.0,0.0,0.0,0.0,0.0,0.0,0.0,0.0,0.0,0.0,0.0,0.0,0.0,0.0,0.0,0.0,-7.0,0.0,0.0,0.0,,,,,-7.0,,,,-inf,,,,,,
2024_216_5083754,5083754,Ryan Flournoy,Southeast Missouri State,OVC,WIDERECEIVER,WR,2024,6,40,216,2,0.0,0.0,0.0,0.0,0.0,0.0,0.0,1.0,0.0,0.0,0.0,0.0,0.0,5.0,0.0,113.0,0.0,0.0,0.0,0.0,0.0,0.0,0.0,0.0,0.0,0.0,0.0,0.0,0.0,0.0,0.0,0.0,0.0,118.0,13.0,1823.0,9.0,2.0,88.0,52.0,,,,89.0,39.0,,,15.44915254237288,9.77777777777778,22.6,,,,
2024_218_4361653,4361653,Devin Leary,NC State,ACC,QUARTERBACK,QB,2024,6,42,218,5,0.0,0.0,0.0,4.0,0.0,1.0,6.0,14.0,5.0,0.0,0.0,0.0,0.0,0.0,0.0,0.0,0.0,0.0,0.0,0.0,0.0,1314.0,776.0,28.0,87.0,9542.0,0.0,0.0,0.0,0.0,0.0,0.0,0.0,1.0,0.0,-4.0,178.0,6.0,-79.0,,,,,0.0,22.0,0.5905631659056316,7.26179604261796,-4.0,-0.4438202247191011,,,,,
2024_219_4429743,4429743,Daequan Hardy,Penn State,Big Ten,CORNERBACK,DB,2024,6,43,219,4,17.0,2.0,3.5,40.0,3.0,7.5,60.0,1.0,0.0,0.0,5.0,1.0,68.0,3.0,0.0,47.0,0.0,0.0,0.0,0.0,0.0,0.0,0.0,0.0,0.0,0.0,16.0,2.0,248.0,0.0,0.0,0.0,0.0,0.0,0.0,0.0,0.0,0.0,0.0,22.0,,68.0,,,,,,,,15.666666666666666,15.5,,,13.6
2024_220_4362066,4362066,Elijah Klein,UTEP,Conference USA,OFFENSIVEGUARD,OL,2024,6,44,220,2,0.0,0.0,0.0,1.0,0.0,0.0,1.0,1.0,1.0,0.0,0.0,0.0,0.0,0.0,0.0,0.0,0.0,0.0,0.0,0.0,0.0,0.0,0.0,0.0,0.0,0.0,0.0,0.0,0.0,0.0,0.0,0.0,0.0,0.0,0.0,4.0,0.0,0.0,0.0,,,,,0.0,,,,inf,,,,,,
2024_222_4361357,4361357,Javontae Jean-Baptiste,Ohio State,Big Ten,DEFENSIVEEDGE,DL,2024,7,2,222,5,2.0,12.0,12.5,44.0,0.0,19.5,97.0,0.0,0.0,2.0,0.0,0.0,0.0,0.0,0.0,0.0,0.0,0.0,0.0,0.0,0.0,0.0,0.0,0.0,0.0,0.0,0.0,0.0,0.0,0.0,0.0,0.0,0.0,0.0,0.0,0.0,0.0,0.0,0.0,,,,,,,,,,,,,,,
2024_223_4693816,4693816,Trey Taylor,Air Force,Mountain West,SAFETY,DB,2024,7,3,223,3,13.0,0.0,2.5,118.0,1.0,11.0,202.0,0.0,0.0,0.0,6.0,1.0,112.0,0.0,0.0,0.0,0.0,0.0,0.0,0.0,0.0,0.0,0.0,0.0,0.0,0.0,0.0,0.0,0.0,0.0,0.0,0.0,0.0,0.0,0.0,0.0,0.0,0.0,0.0,,,,,,,,,,,,,,,18.666666666666668
2024_224_4874448,4874448,Daijahn Anthony,Ole Miss,SEC,SAFETY,DB,2024,7,4,224,3,14.0,0.0,0.0,51.0,0.0,4.0,94.0,0.0,0.0,0.0,6.0,0.0,21.0,0.0,0.0,0.0,0.0,0.0,0.0,0.0,0.0,0.0,0.0,0.0,0.0,0.0,0.0,0.0,0.0,0.0,0.0,0.0,0.0,0.0,0.0,0.0,0.0,0.0,0.0,,,,,,,,,,,,,,,3.5
2024_225_4686781,4686781,Brenden Rice,USC,Pac-12,WIDERECEIVER,WR,2024,7,5,225,4,0.0,0.0,0.0,1.0,1.0,0.0,1.0,2.0,0.0,0.0,0.0,0.0,0.0,22.0,0.0,555.0,0.0,0.0,0.0,0.0,0.0,0.0,0.0,0.0,0.0,0.0,1.0,1.0,81.0,0.0,0.0,0.0,0.0,111.0,21.0,1821.0,6.0,0.0,54.0,67.0,,81.0,,75.0,17.0,,,16.405405405405407,9.0,25.227272727272727,81.0,,,
2024_226_4426435,4426435,Jaden Davis,Oklahoma,Big 12,CORNERBACK,DB,2024,7,6,226,5,14.0,5.0,1.0,105.0,0.0,4.0,138.0,0.0,0.0,0.0,1.0,0.0,0.0,0.0,0.0,0.0,0.0,0.0,0.0,0.0,0.0,0.0,0.0,0.0,0.0,0.0,0.0,0.0,0.0,0.0,0.0,0.0,0.0,0.0,0.0,0.0,0.0,0.0,0.0,,,,,,,,,,,,,,,0.0
2024_227_4695783,4695783,Myles Harden,South Dakota,MVFC,CORNERBACK,DB,2024,7,7,227,3,0.0,0.0,1.0,13.0,0.0,5.0,13.0,0.0,0.0,5.0,4.0,0.0,23.0,0.0,0.0,0.0,0.0,0.0,0.0,0.0,0.0,0.0,0.0,0.0,0.0,0.0,0.0,0.0,0.0,0.0,0.0,0.0,0.0,0.0,0.0,0.0,0.0,0.0,0.0,,,,,,,,,,,,,,,5.75
2024_229_4427068,4427068,M.J. Devonshire,Pittsburgh,ACC,CORNERBACK,DB,2024,7,9,229,5,23.0,1.0,0.0,55.0,4.0,1.5,85.0,3.0,1.0,0.0,8.0,3.0,213.0,2.0,0.0,0.0,0.0,0.0,0.0,0.0,0.0,0.0,0.0,0.0,0.0,0.0,45.0,1.0,346.0,0.0,0.0,0.0,0.0,0.0,0.0,0.0,0.0,0.0,0.0,0.0,,82.0,,,,,,,,0.0,7.688888888888889,,,26.625
2024_230_4362010,4362010,Michael Jurgens,Wake Forest,ACC,CENTER,OL,2024,7,10,230,2,0.0,0.0,0.0,3.0,0.0,0.0,4.0,0.0,0.0,0.0,0.0,0.0,0.0,0.0,0.0,0.0,0.0,0.0,0.0,0.0,0.0,0.0,0.0,0.0,0.0,0.0,0.0,0.0,0.0,0.0,0.0,0.0,0.0,0.0,0.0,0.0,0.0,0.0,0.0,,,,,,,,,,,,,,,
2024_231_4429262,4429262,Jaheim Bell,South Carolina,SEC,TIGHTEND,TE,2024,7,11,231,4,0.0,0.0,0.0,2.0,0.0,0.0,2.0,2.0,2.0,0.0,0.0,0.0,0.0,1.0,0.0,22.0,0.0,0.0,0.0,0.0,0.0,0.0,0.0,0.0,0.0,0.0,0.0,0.0,0.0,0.0,0.0,0.0,0.0,95.0,9.0,1260.0,84.0,4.0,303.0,22.0,,,,82.0,20.0,,,13.263157894736842,3.607142857142857,22.0,,,,
2024_232_5093973,5093973,Levi Drake Rodriguez,East Texas A&M,Southland,DEFENSIVETACKLE,DL,2024,7,12,232,1,0.0,0.0,0.0,0.0,0.0,0.0,0.0,0.0,0.0,1.0,0.0,0.0,0.0,0.0,0.0,0.0,0.0,0.0,0.0,0.0,0.0,0.0,0.0,0.0,0.0,0.0,0.0,0.0,0.0,0.0,0.0,0.0,0.0,0.0,0.0,0.0,0.0,0.0,0.0,,,,,,,,,,,,,,,
2024_234_4373956,4373956,Jonah Laulu,Oklahoma,Big 12,DEFENSIVETACKLE,DL,2024,7,14,234,5,3.0,10.0,10.5,51.0,0.0,27.0,98.0,0.0,0.0,1.0,1.0,0.0,26.0,0.0,0.0,0.0,0.0,0.0,0.0,0.0,0.0,0.0,0.0,0.0,0.0,0.0,0.0,0.0,0.0,0.0,0.0,0.0,0.0,2.0,1.0,4.0,0.0,0.0,0.0,,,,,4.0,,,,2.0,,,,,,26.0
2024_235_4569559,4569559,Devaughn Vele,Utah,Pac-12,WIDERECEIVER,WR,2024,7,15,235,5,0.0,0.0,0.0,1.0,0.0,0.0,3.0,2.0,0.0,0.0,0.0,0.0,0.0,1.0,0.0,21.0,0.0,0.0,0.0,0.0,0.0,4.0,2.0,0.0,0.0,15.0,27.0,0.0,273.0,0.0,0.0,0.0,0.0,123.0,9.0,1689.0,2.0,0.0,-4.0,21.0,,27.0,,68.0,5.0,0.5,3.75,13.731707317073171,-2.0,21.0,10.11111111111111,,,
2024_236_4365303,4365303,Myles Cole,UL Monroe,Sun Belt,DEFENSIVEEDGE,DL,2024,7,16,236,6,1.0,8.0,4.0,40.0,0.0,9.5,83.0,0.0,0.0,0.0,0.0,0.0,0.0,0.0,0.0,0.0,0.0,0.0,0.0,0.0,0.0,0.0,0.0,0.0,0.0,0.0,0.0,0.0,0.0,0.0,0.0,0.0,0.0,0.0,0.0,0.0,0.0,0.0,0.0,,,,,,,,,,,,,,,
2024_238_4361689,4361689,Solomon Byrd,Wyoming,Mountain West,DEFENSIVEEDGE,DL,2024,7,18,238,5,3.0,8.0,18.5,89.0,0.0,28.0,158.0,0.0,0.0,2.0,0.0,0.0,0.0,0.0,0.0,0.0,0.0,0.0,0.0,0.0,0.0,0.0,0.0,0.0,0.0,0.0,0.0,0.0,0.0,0.0,0.0,0.0,0.0,0.0,0.0,0.0,0.0,0.0,0.0,,,,,,,,,,,,,,,
2024_239_4570883,4570883,Josiah Ezirim,Eastern Kentucky,OVC,OFFENSIVETACKLE,OL,2024,7,19,239,1,0.0,0.0,0.0,0.0,0.0,0.0,4.0,0.0,0.0,0.0,0.0,0.0,0.0,0.0,0.0,0.0,0.0,0.0,0.0,0.0,0.0,0.0,0.0,0.0,0.0,0.0,0.0,0.0,0.0,0.0,0.0,0.0,0.0,0.0,0.0,0.0,0.0,0.0,0.0,,,,,,,,,,,,,,,
2024_240_4372062,4372062,Michael Barrett,Michigan,Big Ten,LINEBACKER,LB,2024,7,20,240,5,4.0,9.0,8.5,107.0,1.0,11.5,190.0,0.0,0.0,2.0,2.0,1.0,52.0,5.0,0.0,122.0,0.0,0.0,0.0,0.0,0.0,1.0,1.0,0.0,0.0,25.0,0.0,0.0,0.0,0.0,0.0,0.0,0.0,0.0,0.0,0.0,2.0,0.0,17.0,66.0,,,,,14.0,1.0,25.0,,8.5,24.4,,,,26.0
2024_241_4567506,4567506,Tahj Washington,USC,Pac-12,WIDERECEIVER,WR,2024,7,21,241,5,0.0,0.0,0.0,7.0,0.0,0.0,7.0,3.0,1.0,0.0,0.0,0.0,0.0,22.0,0.0,438.0,0.0,0.0,0.0,0.0,0.0,0.0,0.0,0.0,0.0,0.0,0.0,0.0,0.0,0.0,0.0,0.0,0.0,209.0,21.0,3224.0,5.0,1.0,21.0,42.0,,,,92.0,10.0,,,15.425837320574162,4.2,19.90909090909091,,,,
2024_242_4431613,4431613,James Williams,Miami,ACC,SAFETY,DB,2024,7,22,242,3,12.0,2.0,0.0,107.0,0.0,2.0,162.0,0.0,0.0,4.0,4.0,0.0,44.0,0.0,0.0,0.0,0.0,0.0,0.0,0.0,0.0,0.0,0.0,0.0,0.0,0.0,0.0,0.0,0.0,0.0,0.0,0.0,0.0,0.0,0.0,0.0,0.0,0.0,0.0,,,,,,,,,,,,,,,11.0
2024_243_4426676,4426676,Jowon Briggs,Virginia,ACC,DEFENSIVETACKLE,DL,2024,7,23,243,5,0.0,8.0,12.0,43.0,0.0,20.5,165.0,0.0,0.0,0.0,0.0,0.0,0.0,0.0,0.0,0.0,0.0,0.0,0.0,0.0,0.0,0.0,0.0,0.0,0.0,0.0,0.0,0.0,0.0,0.0,0.0,0.0,0.0,0.0,0.0,0.0,0.0,0.0,0.0,,,,,,,,,,,,,,,
2024_244_4692185,4692185,Justin Rogers,Kentucky,SEC,DEFENSIVETACKLE,DL,2024,7,24,244,4,0.0,0.0,3.0,26.0,0.0,6.5,76.0,0.0,0.0,0.0,0.0,0.0,0.0,0.0,0.0,0.0,0.0,0.0,0.0,0.0,0.0,0.0,0.0,0.0,0.0,0.0,0.0,0.0,0.0,0.0,0.0,0.0,0.0,0.0,0.0,0.0,0.0,0.0,0.0,,,,,,,,,,,,,,,
2024_245_4685039,4685039,Michael Pratt,Tulane,American Athletic,QUARTERBACK,QB,2024,7,25,245,4,0.0,0.0,0.0,2.0,0.0,0.0,2.0,16.0,10.0,1.0,0.0,0.0,0.0,0.0,0.0,0.0,0.0,0.0,0.0,0.0,0.0,1202.0,728.0,26.0,90.0,9603.0,0.0,0.0,0.0,0.0,0.0,0.0,0.0,0.0,0.0,0.0,448.0,28.0,1155.0,,,,,,40.0,0.6056572379367721,7.9891846921797,,2.578125,,,,,
2024_246_4361112,4361112,Devin Culp,Washington,Pac-12,TIGHTEND,TE,2024,7,26,246,4,0.0,0.0,0.0,0.0,0.0,0.0,0.0,0.0,0.0,0.0,0.0,0.0,0.0,0.0,0.0,0.0,0.0,0.0,0.0,0.0,0.0,0.0,0.0,0.0,0.0,0.0,0.0,0.0,0.0,0.0,0.0,0.0,0.0,66.0,4.0,711.0,1.0,0.0,2.0,,,,,33.0,2.0,,,10.772727272727272,2.0,,,,,
2024_247_4573152,4573152,Marcus Harris,Kansas,Big 12,DEFENSIVETACKLE,DL,2024,7,27,247,5,2.0,8.0,11.0,73.0,0.0,31.0,126.0,0.0,0.0,3.0,0.0,0.0,0.0,0.0,0.0,0.0,0.0,0.0,0.0,0.0,0.0,0.0,0.0,0.0,0.0,0.0,0.0,0.0,0.0,0.0,0.0,0.0,0.0,0.0,0.0,0.0,0.0,0.0,0.0,,,,,,,,,,,,,,,
2024_250_4430118,4430118,Sanoussi Kane,Purdue,Big Ten,SAFETY,DB,2024,7,30,250,4,10.0,3.0,2.0,109.0,0.0,10.0,152.0,0.0,0.0,2.0,0.0,0.0,0.0,0.0,0.0,0.0,0.0,0.0,0.0,0.0,0.0,0.0,0.0,0.0,0.0,0.0,0.0,0.0,0.0,0.0,0.0,0.0,0.0,0.0,0.0,0.0,0.0,0.0,0.0,,,,,,,,,,,,,,,
2024_251_4426698,4426698,Tatum Bethune,UCF,American Athletic,LINEBACKER,LB,2024,7,31,251,5,9.0,9.0,8.5,174.0,0.0,28.5,332.0,1.0,0.0,1.0,4.0,0.0,29.0,0.0,0.0,0.0,0.0,0.0,0.0,0.0,0.0,0.0,0.0,0.0,0.0,0.0,0.0,0.0,0.0,0.0,0.0,0.0,0.0,0.0,0.0,0.0,0.0,0.0,0.0,,,,,,,,,,,,,,,7.25
2024_252_4429058,4429058,Jaylen Harrell,Michigan,Big Ten,DEFENSIVEEDGE,DL,2024,7,32,252,4,3.0,11.0,11.0,37.0,0.0,20.0,74.0,0.0,0.0,0.0,0.0,0.0,0.0,0.0,0.0,0.0,0.0,0.0,0.0,0.0,0.0,0.0,0.0,0.0,0.0,0.0,0.0,0.0,0.0,0.0,0.0,0.0,0.0,0.0,0.0,0.0,0.0,0.0,0.0,,,,,,,,,,,,,,,
2024_253_4426479,4426479,Cornelius Johnson,Michigan,Big Ten,WIDERECEIVER,WR,2024,7,33,253,5,0.0,0.0,0.0,0.0,0.0,0.0,0.0,1.0,1.0,0.0,0.0,0.0,0.0,0.0,0.0,0.0,0.0,0.0,0.0,0.0,0.0,0.0,0.0,0.0,0.0,0.0,0.0,0.0,0.0,0.0,0.0,0.0,0.0,139.0,14.0,2045.0,6.0,0.0,70.0,,,,,87.0,26.0,,,14.712230215827338,11.666666666666666,,,,,
2024_254_4373079,4373079,Kaitori Leveston,Kansas State,Big 12,OFFENSIVEGUARD,OL,2024,7,34,254,1,0.0,0.0,0.0,1.0,0.0,0.0,1.0,0.0,0.0,0.0,0.0,0.0,0.0,0.0,0.0,0.0,0.0,0.0,0.0,0.0,0.0,0.0,0.0,0.0,0.0,0.0,0.0,0.0,0.0,0.0,0.0,0.0,0.0,0.0,0.0,0.0,0.0,0.0,0.0,,,,,,,,,,,,,,,
2024_255_4431433,4431433,Kalen King,Penn State,Big Ten,CORNERBACK,DB,2024,7,35,255,3,23.0,1.0,0.0,56.0,0.0,5.5,77.0,0.0,0.0,2.0,3.0,0.0,0.0,0.0,0.0,0.0,0.0,0.0,0.0,0.0,0.0,0.0,0.0,0.0,0.0,0.0,0.0,0.0,0.0,0.0,0.0,0.0,0.0,0.0,0.0,0.0,0.0,0.0,0.0,,,,,,,,,,,,,,,0.0
2024_257_4363417,4363417,Jaylen Key,UAB,Conference USA,SAFETY,DB,2024,7,37,257,5,3.0,1.0,1.0,93.0,0.0,6.0,138.0,0.0,0.0,2.0,4.0,0.0,102.0,0.0,0.0,0.0,0.0,0.0,0.0,0.0,0.0,0.0,0.0,0.0,0.0,0.0,0.0,0.0,0.0,0.0,0.0,0.0,0.0,0.0,0.0,0.0,0.0,0.0,0.0,,,,,,,,,,,,,,,25.5
2025_001_4688380,4688380,Cameron Ward,Washington State,Pac-12,QUARTERBACK,QB,2025,1,1,1,4,0.0,0.0,0.0,1.0,0.0,0.0,2.0,33.0,17.0,1.0,0.0,0.0,0.0,0.0,0.0,0.0,0.0,0.0,0.0,0.0,0.0,1483.0,979.0,24.0,91.0,11639.0,0.0,0.0,0.0,0.0,0.0,0.0,0.0,2.0,1.0,-6.0,292.0,17.0,383.0,,,,,7.0,24.0,0.6601483479433581,7.848280512474713,-3.0,1.3116438356164384,,,,,
2025_002_4685415,4685415,Travis Hunter,Jackson State,SWAC,CORNERBACK,DB,2025,1,2,2,3,16.0,0.0,0.0,48.0,0.0,3.0,66.0,2.0,2.0,1.0,9.0,1.0,99.0,0.0,0.0,0.0,0.0,0.0,0.0,0.0,0.0,0.0,0.0,0.0,0.0,0.0,0.0,0.0,0.0,0.0,0.0,0.0,0.0,171.0,24.0,2169.0,3.0,1.0,-5.0,,,,,58.0,5.0,,,12.68421052631579,-1.6666666666666667,,,,,11.0
2025_003_4725996,4725996,Abdul Carter,Penn State,Big Ten,DEFENSIVEEDGE,DL,2025,1,3,3,3,13.0,19.0,23.0,100.0,0.0,39.5,166.0,0.0,0.0,0.0,1.0,0.0,18.0,0.0,0.0,0.0,0.0,0.0,0.0,0.0,0.0,0.0,0.0,0.0,0.0,0.0,0.0,0.0,0.0,0.0,0.0,0.0,0.0,0.0,0.0,0.0,0.0,0.0,0.0,,,,,,,,,,,,,,,18.0
2025_005_4873232,4873232,Mason Graham,Michigan,Big Ten,DEFENSIVETACKLE,DL,2025,1,5,5,3,3.0,6.0,9.0,57.0,0.0,17.0,102.0,0.0,0.0,1.0,0.0,0.0,0.0,0.0,0.0,0.0,0.0,0.0,0.0,0.0,0.0,0.0,0.0,0.0,0.0,0.0,0.0,0.0,0.0,0.0,0.0,0.0,0.0,0.0,0.0,0.0,0.0,0.0,0.0,,,,,,,,,,,,,,,
2025_006_4890973,4890973,Ashton Jeanty,Boise State,Mountain West,RUNNINGBACK,RB,2025,1,6,6,3,0.0,0.0,0.0,2.0,0.0,0.0,2.0,10.0,9.0,0.0,0.0,0.0,0.0,2.0,0.0,33.0,0.0,0.0,0.0,0.0,0.0,0.0,0.0,0.0,0.0,0.0,0.0,0.0,0.0,0.0,0.0,0.0,0.0,80.0,6.0,862.0,752.0,50.0,4778.0,22.0,,,,75.0,77.0,,,10.775,6.3537234042553195,16.5,,,,
2025_007_4789907,4789907,Armand Membou,Missouri,SEC,OFFENSIVETACKLE,OL,2025,1,7,7,1,0.0,0.0,0.0,2.0,0.0,0.0,2.0,0.0,0.0,0.0,0.0,0.0,0.0,0.0,0.0,0.0,0.0,0.0,0.0,0.0,0.0,0.0,0.0,0.0,0.0,0.0,0.0,0.0,0.0,0.0,0.0,0.0,0.0,0.0,0.0,0.0,0.0,0.0,0.0,,,,,,,,,,,,,,,
2025_008_4685472,4685472,Tetairoa Mcmillan,Arizona,Pac-12,WIDERECEIVER,WR,2025,1,8,8,3,0.0,0.0,0.0,3.0,0.0,0.0,3.0,1.0,1.0,0.0,0.0,0.0,0.0,0.0,0.0,0.0,0.0,0.0,0.0,0.0,0.0,5.0,4.0,0.0,1.0,43.0,2.0,0.0,11.0,0.0,0.0,0.0,0.0,213.0,26.0,3423.0,1.0,0.0,3.0,,,9.0,,78.0,3.0,0.8,8.6,16.070422535211268,3.0,,5.5,,,
2025_009_4685260,4685260,Kelvin Banks Jr.,Texas,SEC,OFFENSIVETACKLE,OL,2025,1,9,9,2,0.0,0.0,0.0,2.0,0.0,0.0,2.0,0.0,0.0,0.0,0.0,0.0,0.0,0.0,0.0,0.0,0.0,0.0,0.0,0.0,0.0,0.0,0.0,0.0,0.0,0.0,0.0,0.0,0.0,0.0,0.0,0.0,0.0,0.0,0.0,0.0,0.0,0.0,0.0,,,,,,,,,,,,,,,
2025_010_4723086,4723086,Colston Loveland,Michigan,Big Ten,TIGHTEND,TE,2025,1,10,10,3,0.0,0.0,0.0,3.0,0.0,0.0,6.0,1.0,1.0,0.0,0.0,0.0,0.0,0.0,0.0,0.0,0.0,0.0,0.0,0.0,0.0,0.0,0.0,0.0,0.0,0.0,0.0,0.0,0.0,0.0,0.0,0.0,0.0,117.0,11.0,1466.0,2.0,0.0,-10.0,,,,,54.0,0.0,,,12.52991452991453,-5.0,,,,,
2025_011_4685623,4685623,Mykel Williams,Georgia,SEC,DEFENSIVEEDGE,DL,2025,1,11,11,3,3.0,7.0,14.0,34.0,0.0,20.0,59.0,0.0,0.0,1.0,0.0,0.0,0.0,1.0,0.0,0.0,0.0,0.0,0.0,0.0,0.0,0.0,0.0,0.0,0.0,0.0,0.0,0.0,0.0,0.0,0.0,0.0,0.0,0.0,0.0,0.0,0.0,0.0,0.0,0.0,,,,,,,,,,0.0,,,,
2025_012_4685263,4685263,Tyler Booker,Alabama,SEC,OFFENSIVEGUARD,OL,2025,1,12,12,1,0.0,0.0,0.0,1.0,0.0,0.0,1.0,0.0,0.0,0.0,0.0,0.0,0.0,0.0,0.0,0.0,0.0,0.0,0.0,0.0,0.0,0.0,0.0,0.0,0.0,0.0,0.0,0.0,0.0,0.0,0.0,0.0,0.0,0.0,0.0,0.0,0.0,0.0,0.0,,,,,,,,,,,,,,,
2025_013_4894654,4894654,Kenneth Grant,Michigan,Big Ten,DEFENSIVETACKLE,DL,2025,1,13,13,3,8.0,8.0,5.5,34.0,0.0,10.5,67.0,1.0,1.0,3.0,1.0,0.0,-3.0,0.0,0.0,0.0,0.0,0.0,0.0,0.0,0.0,0.0,0.0,0.0,0.0,0.0,0.0,0.0,0.0,0.0,0.0,0.0,0.0,0.0,0.0,0.0,0.0,0.0,0.0,,,,,,,,,,,,,,,-3.0
2025_014_4431459,4431459,Tyler Warren,Penn State,Big Ten,TIGHTEND,TE,2025,1,14,14,4,0.0,0.0,0.0,0.0,0.0,0.0,0.0,2.0,1.0,2.0,0.0,0.0,0.0,1.0,0.0,11.0,0.0,0.0,0.0,0.0,0.0,6.0,3.0,0.0,1.0,35.0,0.0,0.0,0.0,0.0,1.0,0.0,16.0,153.0,19.0,1839.0,32.0,6.0,224.0,11.0,,,16.0,75.0,48.0,0.5,5.833333333333333,12.019607843137257,7.0,11.0,,16.0,,
2025_015_4685597,4685597,Jalon Walker,Georgia,SEC,LINEBACKER,LB,2025,1,15,15,3,2.0,8.0,12.5,57.0,0.0,18.0,90.0,0.0,0.0,2.0,0.0,0.0,0.0,0.0,0.0,0.0,0.0,0.0,0.0,0.0,0.0,0.0,0.0,0.0,0.0,0.0,1.0,0.0,5.0,0.0,0.0,0.0,0.0,0.0,0.0,0.0,0.0,0.0,0.0,,,5.0,,,,,,,,,5.0,,,
2025_016_4685503,4685503,Walter Nolen,Texas A&M,SEC,DEFENSIVETACKLE,DL,2025,1,16,16,3,3.0,5.0,10.0,62.0,0.0,23.5,112.0,0.0,0.0,4.0,0.0,0.0,0.0,0.0,0.0,0.0,0.0,0.0,0.0,0.0,0.0,0.0,0.0,0.0,0.0,0.0,0.0,0.0,0.0,0.0,0.0,0.0,0.0,0.0,0.0,0.0,0.0,0.0,0.0,,,,,,,,,,,,,,,
2025_017_4685562,4685562,Shemar Stewart,Texas A&M,SEC,DEFENSIVEEDGE,DL,2025,1,17,17,3,4.0,17.0,4.5,30.0,0.0,11.0,65.0,0.0,0.0,2.0,0.0,0.0,0.0,0.0,0.0,0.0,0.0,0.0,0.0,0.0,0.0,0.0,0.0,0.0,0.0,0.0,0.0,0.0,0.0,0.0,0.0,0.0,0.0,0.0,0.0,0.0,0.0,0.0,0.0,,,,,,,,,,,,,,,
2025_019_4567750,4567750,Emeka Egbuka,Ohio State,Big Ten,WIDERECEIVER,WR,2025,1,19,19,4,0.0,0.0,0.0,4.0,0.0,0.0,4.0,3.0,2.0,0.0,0.0,0.0,0.0,21.0,0.0,605.0,0.0,0.0,0.0,0.0,0.0,1.0,0.0,0.0,0.0,0.0,19.0,0.0,97.0,0.0,0.0,0.0,0.0,205.0,24.0,2867.0,24.0,2.0,145.0,67.0,,18.0,,85.0,27.0,0.0,0.0,13.985365853658536,6.041666666666667,28.80952380952381,5.105263157894737,,,
2025_020_4430925,4430925,Jahdae Barron,Texas,SEC,CORNERBACK,DB,2025,1,20,20,5,21.0,2.0,2.0,132.0,2.0,18.5,210.0,0.0,0.0,4.0,8.0,1.0,148.0,0.0,0.0,0.0,0.0,0.0,0.0,0.0,0.0,0.0,0.0,0.0,0.0,0.0,0.0,1.0,2.0,0.0,0.0,0.0,0.0,0.0,0.0,0.0,0.0,0.0,0.0,,,2.0,,,,,,,,,inf,,,18.5
2025_021_4682980,4682980,Derrick Harmon,Oregon,Big Ten,DEFENSIVETACKLE,DL,2025,1,21,21,4,4.0,15.0,8.5,49.0,0.0,17.0,112.0,0.0,0.0,3.0,0.0,0.0,0.0,0.0,0.0,0.0,0.0,0.0,0.0,0.0,0.0,0.0,0.0,0.0,0.0,0.0,0.0,0.0,0.0,0.0,0.0,0.0,0.0,0.0,0.0,0.0,0.0,0.0,0.0,,,,,,,,,,,,,,,
2025_022_4685382,4685382,Omarion Hampton,North Carolina,ACC,RUNNINGBACK,RB,2025,1,22,22,3,0.0,0.0,0.0,3.0,0.0,0.0,3.0,6.0,2.0,0.0,0.0,0.0,0.0,7.0,0.0,151.0,0.0,0.0,0.0,0.0,0.0,0.0,0.0,0.0,0.0,0.0,0.0,0.0,0.0,0.0,0.0,0.0,0.0,73.0,4.0,635.0,622.0,36.0,3565.0,36.0,,,,49.0,75.0,,,8.698630136986301,5.731511254019293,21.571428571428573,,,,
2025_023_4701936,4701936,Matthew Golden,Texas,SEC,WIDERECEIVER,WR,2025,1,23,23,3,0.0,0.0,0.0,1.0,2.0,0.0,1.0,1.0,0.0,0.0,0.0,0.0,0.0,27.0,2.0,689.0,0.0,0.0,0.0,0.0,0.0,2.0,1.0,0.0,0.0,30.0,0.0,0.0,0.0,0.0,0.0,0.0,0.0,134.0,22.0,1975.0,0.0,0.0,0.0,100.0,,,,54.0,,0.5,15.0,14.738805970149254,,25.51851851851852,,,,
2025_024_4431553,4431553,Donovan Jackson,Ohio State,Big Ten,OFFENSIVEGUARD,OL,2025,1,24,24,1,0.0,0.0,0.0,1.0,0.0,0.0,1.0,0.0,0.0,0.0,0.0,0.0,0.0,0.0,0.0,0.0,0.0,0.0,0.0,0.0,0.0,0.0,0.0,0.0,0.0,0.0,0.0,0.0,0.0,0.0,0.0,0.0,0.0,0.0,0.0,0.0,0.0,0.0,0.0,,,,,,,,,,,,,,,
2025_025_4689114,4689114,Jaxson Dart,USC,Pac-12,QUARTERBACK,QB,2025,1,25,25,4,0.0,0.0,0.0,1.0,0.0,0.0,1.0,13.0,2.0,0.0,0.0,0.0,0.0,0.0,0.0,0.0,0.0,0.0,0.0,0.0,0.0,1307.0,852.0,26.0,81.0,11971.0,0.0,0.0,0.0,0.0,0.0,0.0,0.0,1.0,0.0,15.0,393.0,14.0,1542.0,,,,,15.0,68.0,0.6518745218056619,9.159143075745984,15.0,3.9236641221374047,,,,,
2025_026_5081394,5081394,James Pearce Jr.,Tennessee,SEC,DEFENSIVEEDGE,DL,2025,1,26,26,3,1.0,26.0,19.0,44.0,1.0,29.0,70.0,0.0,0.0,1.0,1.0,1.0,52.0,0.0,0.0,0.0,0.0,0.0,0.0,0.0,0.0,0.0,0.0,0.0,0.0,0.0,0.0,0.0,0.0,0.0,0.0,0.0,0.0,0.0,0.0,0.0,0.0,0.0,0.0,,,,,,,,,,,,,,,52.0
2025_027_4685530,4685530,Malaki Starks,Georgia,SEC,SAFETY,DB,2025,1,27,27,3,17.0,0.0,0.0,120.0,0.0,4.5,189.0,0.0,0.0,0.0,6.0,0.0,89.0,0.0,0.0,0.0,0.0,0.0,0.0,0.0,0.0,0.0,0.0,0.0,0.0,0.0,4.0,0.0,39.0,0.0,0.0,0.0,0.0,0.0,0.0,0.0,0.0,0.0,0.0,,,18.0,,,,,,,,,9.75,,,14.833333333333334
2025_028_4431615,4431615,Tyleik Williams,Ohio State,Big Ten,DEFENSIVETACKLE,DL,2025,1,28,28,4,9.0,4.0,11.5,56.0,0.0,27.0,137.0,0.0,0.0,1.0,0.0,0.0,0.0,0.0,0.0,0.0,0.0,0.0,0.0,0.0,0.0,0.0,0.0,0.0,0.0,0.0,0.0,0.0,0.0,0.0,0.0,0.0,0.0,0.0,0.0,0.0,0.0,0.0,0.0,,,,,,,,,,,,,,,
2025_029_4685326,4685326,Josh Conerly Jr.,Oregon,Pac-12,OFFENSIVETACKLE,OL,2025,1,29,29,1,0.0,0.0,0.0,0.0,0.0,0.0,0.0,0.0,0.0,0.0,0.0,0.0,0.0,0.0,0.0,0.0,0.0,0.0,0.0,0.0,0.0,0.0,0.0,0.0,0.0,0.0,0.0,0.0,0.0,0.0,0.0,0.0,0.0,1.0,1.0,4.0,0.0,0.0,0.0,,,,,4.0,,,,4.0,,,,,,
2025_030_4688931,4688931,Maxwell Hairston,Kentucky,SEC,CORNERBACK,DB,2025,1,30,30,3,10.0,0.0,1.0,69.0,3.0,2.5,87.0,0.0,0.0,0.0,6.0,3.0,156.0,0.0,0.0,0.0,0.0,0.0,0.0,0.0,0.0,0.0,0.0,0.0,0.0,0.0,0.0,0.0,0.0,0.0,0.0,0.0,0.0,0.0,0.0,0.0,0.0,0.0,0.0,,,,,,,,,,,,,,,26.0
2025_031_4685287,4685287,Jihaad Campbell,Alabama,SEC,LINEBACKER,LB,2025,1,31,31,3,5.0,6.0,5.5,89.0,0.0,16.0,186.0,0.0,0.0,3.0,2.0,0.0,26.0,0.0,0.0,0.0,0.0,0.0,0.0,0.0,0.0,0.0,0.0,0.0,0.0,0.0,0.0,0.0,0.0,0.0,0.0,0.0,0.0,0.0,0.0,0.0,0.0,0.0,0.0,,,,,,,,,,,,,,,13.0
2025_033_4876017,4876017,Carson Schwesinger,UCLA,Pac-12,LINEBACKER,LB,2025,2,1,33,3,3.0,4.0,5.0,109.0,0.0,11.0,163.0,0.0,0.0,0.0,2.0,0.0,13.0,0.0,0.0,0.0,0.0,0.0,0.0,0.0,0.0,0.0,0.0,0.0,0.0,0.0,0.0,0.0,0.0,0.0,0.0,0.0,0.0,0.0,0.0,0.0,0.0,0.0,0.0,,,,,,,,,,,,,,,6.5
2025_034_4877706,4877706,Jayden Higgins,Iowa State,Big 12,WIDERECEIVER,WR,2025,2,2,34,4,0.0,0.0,0.0,0.0,0.0,0.0,1.0,1.0,1.0,0.0,0.0,0.0,0.0,0.0,0.0,0.0,0.0,0.0,0.0,0.0,0.0,0.0,0.0,0.0,0.0,0.0,0.0,0.0,0.0,0.0,0.0,0.0,0.0,198.0,25.0,2923.0,0.0,0.0,0.0,,,,,80.0,,,,14.762626262626265,,,,,,
2025_035_4869523,4869523,Nick Emmanwori,South Carolina,SEC,SAFETY,DB,2025,2,3,35,3,11.0,3.0,0.0,163.0,2.0,4.0,237.0,0.0,0.0,1.0,6.0,2.0,107.0,0.0,0.0,0.0,0.0,0.0,0.0,0.0,0.0,0.0,0.0,0.0,0.0,0.0,0.0,0.0,0.0,0.0,0.0,0.0,0.0,0.0,0.0,0.0,0.0,0.0,0.0,,,,,,,,,,,,,,,17.833333333333332
2025_036_4685702,4685702,Quinshon Judkins,Ole Miss,SEC,RUNNINGBACK,RB,2025,2,4,36,3,0.0,0.0,0.0,0.0,0.0,0.0,0.0,4.0,3.0,0.0,0.0,0.0,0.0,0.0,0.0,0.0,0.0,0.0,0.0,0.0,0.0,1.0,1.0,0.0,0.0,7.0,0.0,0.0,0.0,0.0,0.0,0.0,0.0,59.0,5.0,442.0,739.0,45.0,3785.0,,,,,25.0,86.0,1.0,7.0,7.491525423728813,5.121786197564276,,,,,
2025_037_4819257,4819257,Jonah Savaiinaea,Arizona,Big 12,OFFENSIVEGUARD,OL,2025,2,5,37,1,0.0,0.0,0.0,0.0,0.0,0.0,2.0,0.0,0.0,0.0,0.0,0.0,0.0,0.0,0.0,0.0,0.0,0.0,0.0,0.0,0.0,0.0,0.0,0.0,0.0,0.0,0.0,0.0,0.0,0.0,0.0,0.0,0.0,0.0,0.0,0.0,0.0,0.0,0.0,,,,,,,,,,,,,,,
2025_038_4432710,4432710,TreVeyon Henderson,Ohio State,Big Ten,RUNNINGBACK,RB,2025,2,6,38,4,0.0,0.0,0.0,1.0,0.0,0.0,1.0,2.0,0.0,0.0,0.0,0.0,0.0,9.0,0.0,86.0,0.0,0.0,0.0,0.0,0.0,0.0,0.0,0.0,0.0,0.0,0.0,0.0,0.0,0.0,0.0,0.0,0.0,77.0,6.0,853.0,591.0,42.0,3768.0,19.0,,,,75.0,75.0,,,11.07792207792208,6.375634517766497,9.555555555555555,,,,
2025_039_4685278,4685278,Luther Burden III,Missouri,SEC,WIDERECEIVER,WR,2025,2,7,39,3,0.0,0.0,0.0,3.0,2.0,0.0,3.0,3.0,1.0,1.0,0.0,0.0,0.0,0.0,0.0,0.0,0.0,0.0,0.0,0.0,0.0,0.0,0.0,0.0,0.0,0.0,23.0,2.0,242.0,0.0,0.0,0.0,0.0,188.0,20.0,2248.0,37.0,5.0,255.0,,,78.0,,56.0,61.0,,,11.95744680851064,6.891891891891892,,10.521739130434783,,,
2025_040_4360689,4360689,Tyler Shough,Texas Tech,Big 12,QUARTERBACK,QB,2025,2,8,40,6,2.0,0.0,0.0,2.0,0.0,0.0,3.0,8.0,5.0,0.0,0.0,0.0,0.0,0.0,0.0,0.0,0.0,0.0,0.0,0.0,0.0,950.0,598.0,23.0,59.0,7801.0,0.0,0.0,0.0,0.0,0.0,0.0,0.0,0.0,0.0,0.0,246.0,11.0,733.0,,,,,,58.0,0.6294736842105263,8.211578947368421,,2.9796747967479673,,,,,
2025_041_4684527,4684527,T.J. Sanders,South Carolina,SEC,DEFENSIVETACKLE,DL,2025,2,9,41,4,6.0,13.0,9.5,62.0,0.0,17.5,106.0,0.0,0.0,0.0,0.0,0.0,0.0,0.0,0.0,0.0,0.0,0.0,0.0,0.0,0.0,0.0,0.0,0.0,0.0,0.0,0.0,0.0,0.0,0.0,0.0,0.0,0.0,0.0,0.0,0.0,0.0,0.0,0.0,,,,,,,,,,,,,,,
2025_042_4808766,4808766,Mason Taylor,LSU,SEC,TIGHTEND,TE,2025,2,10,42,3,0.0,0.0,0.0,2.0,0.0,0.0,3.0,1.0,0.0,0.0,0.0,0.0,0.0,0.0,0.0,0.0,0.0,0.0,0.0,0.0,0.0,0.0,0.0,0.0,0.0,0.0,0.0,0.0,0.0,0.0,0.0,0.0,0.0,129.0,6.0,1308.0,0.0,0.0,0.0,,,,,38.0,,,,10.13953488372093,,,,,,
2025_043_4430835,4430835,Alfred Collins,Texas,SEC,DEFENSIVETACKLE,DL,2025,2,11,43,5,10.0,11.0,7.5,73.0,0.0,18.0,141.0,0.0,0.0,0.0,1.0,0.0,0.0,0.0,0.0,0.0,0.0,0.0,0.0,0.0,0.0,0.0,0.0,0.0,0.0,0.0,0.0,0.0,0.0,0.0,0.0,0.0,0.0,0.0,0.0,0.0,0.0,0.0,0.0,,,,,,,,,,,,,,,0.0
2025_044_4683848,4683848,Donovan Ezeiruaku,Boston College,ACC,DEFENSIVEEDGE,DL,2025,2,12,44,4,4.0,25.0,24.0,107.0,0.0,40.5,204.0,0.0,0.0,0.0,0.0,0.0,0.0,0.0,0.0,0.0,0.0,0.0,0.0,0.0,0.0,0.0,0.0,0.0,0.0,0.0,0.0,0.0,0.0,0.0,0.0,0.0,0.0,0.0,0.0,0.0,0.0,0.0,0.0,,,,,,,,,,,,,,,
2025_045_4566154,4566154,J.T. Tuimoloau,Ohio State,Big Ten,DEFENSIVEEDGE,DL,2025,2,13,45,4,8.0,16.0,24.0,72.0,1.0,44.0,144.0,0.0,0.0,3.0,2.0,1.0,16.0,0.0,0.0,0.0,0.0,0.0,0.0,0.0,0.0,0.0,0.0,0.0,0.0,0.0,0.0,0.0,0.0,0.0,0.0,0.0,0.0,0.0,0.0,0.0,0.0,0.0,0.0,,,,,,,,,,,,,,,8.0
2025_046_4570037,4570037,Terrance Ferguson,Oregon,Pac-12,TIGHTEND,TE,2025,2,14,46,4,0.0,0.0,0.0,0.0,0.0,0.0,0.0,1.0,0.0,0.0,0.0,0.0,0.0,2.0,0.0,4.0,0.0,0.0,0.0,0.0,0.0,0.0,0.0,0.0,0.0,0.0,0.0,0.0,0.0,0.0,0.0,0.0,0.0,134.0,16.0,1537.0,0.0,0.0,0.0,4.0,,,,62.0,,,,11.470149253731345,,2.0,,,,
2025_047_4685408,4685408,Will Johnson,Michigan,Big Ten,CORNERBACK,DB,2025,2,15,47,3,12.0,1.0,0.0,52.0,3.0,3.0,60.0,0.0,0.0,0.0,9.0,3.0,237.0,0.0,0.0,0.0,0.0,0.0,0.0,0.0,0.0,0.0,0.0,0.0,0.0,0.0,0.0,0.0,0.0,0.0,0.0,0.0,0.0,0.0,0.0,0.0,0.0,0.0,0.0,,,,,,,,,,,,,,,26.333333333333332
2025_048_4429693,4429693,Aireontae Ersery,Minnesota,Big Ten,OFFENSIVETACKLE,OL,2025,2,16,48,1,0.0,0.0,0.0,1.0,0.0,0.0,1.0,0.0,0.0,0.0,0.0,0.0,0.0,0.0,0.0,0.0,0.0,0.0,0.0,0.0,0.0,0.0,0.0,0.0,0.0,0.0,0.0,0.0,0.0,0.0,0.0,0.0,0.0,0.0,0.0,0.0,0.0,0.0,0.0,,,,,,,,,,,,,,,
2025_049_4427729,4427729,Demetrius Knight II,South Carolina,SEC,LINEBACKER,LB,2025,2,17,49,6,7.0,0.0,4.5,127.0,1.0,16.5,219.0,0.0,0.0,1.0,4.0,1.0,82.0,0.0,0.0,0.0,0.0,0.0,0.0,0.0,0.0,1.0,1.0,0.0,0.0,4.0,0.0,0.0,0.0,0.0,0.0,0.0,0.0,0.0,0.0,0.0,0.0,0.0,0.0,,,,,,,1.0,4.0,,,,,,,20.5
2025_050_4678006,4678006,Elijah Arroyo,Miami,ACC,TIGHTEND,TE,2025,2,18,50,4,0.0,0.0,0.0,1.0,0.0,0.0,1.0,1.0,1.0,0.0,0.0,0.0,0.0,0.0,0.0,0.0,0.0,0.0,0.0,0.0,0.0,1.0,1.0,0.0,1.0,7.0,0.0,0.0,0.0,0.0,0.0,0.0,0.0,46.0,8.0,753.0,0.0,0.0,0.0,,,,,74.0,,1.0,7.0,16.369565217391305,,,,,,
2025_051_4833355,4833355,Nic Caraway,Texas A&M,SEC,DEFENSIVEEDGE,DL,2025,2,19,51,3,5.0,8.0,14.5,75.0,0.0,30.5,108.0,0.0,0.0,0.0,0.0,0.0,0.0,0.0,0.0,0.0,0.0,0.0,0.0,0.0,0.0,0.0,0.0,0.0,0.0,0.0,0.0,0.0,0.0,0.0,0.0,0.0,0.0,0.0,0.0,0.0,0.0,0.0,0.0,,,,,,,,,,,,,,,
2025_052_5098536,5098536,Oluwafemi Oladejo,UCLA,Pac-12,DEFENSIVEEDGE,DL,2025,2,20,52,4,6.0,9.0,4.5,93.0,0.0,19.5,171.0,0.0,0.0,2.0,2.0,0.0,26.0,0.0,0.0,0.0,0.0,0.0,0.0,0.0,0.0,0.0,0.0,0.0,0.0,0.0,0.0,0.0,0.0,0.0,0.0,0.0,0.0,0.0,0.0,0.0,0.0,0.0,0.0,,,,,,,,,,,,,,,13.0
2025_053_4816107,4816107,Benjamin Morrison,Notre Dame,FBS Independents,CORNERBACK,DB,2025,2,21,53,3,17.0,0.0,0.0,60.0,1.0,4.5,80.0,1.0,0.0,0.0,9.0,1.0,111.0,0.0,0.0,0.0,0.0,0.0,0.0,0.0,0.0,0.0,0.0,0.0,0.0,0.0,1.0,0.0,0.0,0.0,0.0,0.0,0.0,0.0,0.0,0.0,0.0,0.0,0.0,,,0.0,,,,,,,,,0.0,,,12.333333333333334
2025_055_4686612,4686612,Tre Harris,Ole Miss,SEC,WIDERECEIVER,WR,2025,2,23,55,5,0.0,0.0,0.0,2.0,0.0,0.0,3.0,3.0,2.0,0.0,0.0,0.0,0.0,3.0,0.0,26.0,0.0,0.0,0.0,0.0,0.0,1.0,0.0,1.0,0.0,0.0,0.0,0.0,0.0,0.0,0.0,0.0,0.0,222.0,29.0,3594.0,5.0,0.0,22.0,14.0,,,,70.0,8.0,0.0,0.0,16.18918918918919,4.4,8.666666666666666,,,,
2025_056_4432595,4432595,Ozzy Trapilo,Boston College,ACC,OFFENSIVETACKLE,OL,2025,2,24,56,2,0.0,0.0,0.0,1.0,0.0,0.0,1.0,0.0,0.0,0.0,0.0,0.0,0.0,0.0,0.0,0.0,0.0,0.0,0.0,0.0,0.0,0.0,0.0,0.0,0.0,0.0,0.0,0.0,0.0,0.0,0.0,0.0,0.0,0.0,0.0,0.0,0.0,0.0,1.0,,,,,,1.0,,,,inf,,,,,
2025_058_4603186,4603186,Jack Bech,TCU,Big 12,WIDERECEIVER,WR,2025,2,26,58,4,0.0,0.0,0.0,1.0,0.0,0.0,3.0,2.0,2.0,0.0,0.0,0.0,0.0,5.0,0.0,92.0,0.0,0.0,0.0,0.0,0.0,0.0,0.0,0.0,0.0,0.0,6.0,0.0,37.0,0.0,0.0,0.0,0.0,133.0,13.0,1869.0,3.0,0.0,4.0,27.0,,18.0,,52.0,7.0,,,14.052631578947368,1.3333333333333333,18.4,6.166666666666667,,,
2025_059_4683188,4683188,Michael Green,Virginia,ACC,DEFENSIVEEDGE,DL,2025,2,27,59,3,2.0,21.0,21.5,60.0,0.0,30.0,123.0,0.0,0.0,1.0,0.0,0.0,0.0,0.0,0.0,0.0,0.0,0.0,0.0,0.0,0.0,0.0,0.0,0.0,0.0,0.0,0.0,0.0,0.0,0.0,0.0,0.0,0.0,0.0,0.0,0.0,0.0,0.0,0.0,,,,,,,,,,,,,,,
2025_060_4568490,4568490,RJ Harvey,UCF,Big 12,RUNNINGBACK,RB,2025,2,28,60,4,0.0,0.0,0.0,0.0,0.0,0.0,0.0,9.0,6.0,0.0,0.0,0.0,0.0,7.0,0.0,115.0,0.0,0.0,0.0,0.0,0.0,4.0,3.0,0.0,1.0,83.0,0.0,0.0,0.0,0.0,0.0,0.0,0.0,61.0,5.0,720.0,579.0,43.0,3792.0,20.0,,,,75.0,92.0,0.75,20.75,11.80327868852459,6.549222797927461,16.428571428571427,,,,
2025_061_4574689,4574689,Trey Amos,Ole Miss,SEC,CORNERBACK,DB,2025,2,29,61,5,30.0,1.0,0.0,89.0,0.0,6.5,118.0,1.0,1.0,0.0,4.0,0.0,50.0,0.0,0.0,0.0,0.0,0.0,0.0,0.0,0.0,0.0,0.0,0.0,0.0,0.0,1.0,0.0,-22.0,0.0,0.0,0.0,0.0,0.0,0.0,0.0,0.0,0.0,0.0,,,0.0,,,,,,,,,-22.0,,,12.5
2025_062_4432804,4432804,Shemar Turner,Texas A&M,SEC,DEFENSIVETACKLE,DL,2025,2,30,62,4,1.0,8.0,8.5,53.0,0.0,20.5,113.0,0.0,0.0,0.0,0.0,0.0,0.0,0.0,0.0,0.0,0.0,0.0,0.0,0.0,0.0,0.0,0.0,0.0,0.0,0.0,0.0,0.0,0.0,0.0,0.0,0.0,0.0,0.0,0.0,0.0,0.0,0.0,0.0,,,,,,,,,,,,,,,
2025_063_4591008,4591008,Omarr Norman-Lott,Tennessee,SEC,DEFENSIVETACKLE,DL,2025,2,31,63,5,2.0,6.0,13.5,48.0,0.0,17.0,90.0,0.0,0.0,1.0,0.0,0.0,0.0,0.0,0.0,0.0,0.0,0.0,0.0,0.0,0.0,0.0,0.0,0.0,0.0,0.0,0.0,0.0,0.0,0.0,0.0,0.0,0.0,0.0,0.0,0.0,0.0,0.0,0.0,,,,,,,,,,,,,,,
2025_064_4602197,4602197,Andrew Mukuba,Texas,SEC,SAFETY,DB,2025,2,32,64,4,21.0,2.0,1.0,121.0,0.0,7.5,191.0,0.0,0.0,2.0,6.0,0.0,12.0,0.0,0.0,0.0,0.0,0.0,0.0,0.0,0.0,0.0,0.0,0.0,0.0,0.0,0.0,0.0,0.0,0.0,0.0,0.0,0.0,0.0,0.0,0.0,0.0,0.0,0.0,,,,,,,,,,,,,,,2.0
2025_065_4426542,4426542,Darius Alexander,Toledo,Mid-American,DEFENSIVETACKLE,DL,2025,3,1,65,5,12.0,9.0,8.5,44.0,1.0,21.0,124.0,0.0,0.0,2.0,1.0,1.0,58.0,0.0,0.0,0.0,0.0,0.0,0.0,0.0,0.0,0.0,0.0,0.0,0.0,0.0,0.0,0.0,0.0,0.0,0.0,0.0,0.0,0.0,0.0,0.0,0.0,0.0,0.0,,,,,,,,,,,,,,,58.0
2025_066_4684432,4684432,Ashton Gillotte,Louisville,ACC,DEFENSIVEEDGE,DL,2025,3,2,66,4,1.0,20.0,25.0,69.0,0.0,36.0,126.0,0.0,0.0,3.0,0.0,0.0,0.0,0.0,0.0,0.0,0.0,0.0,0.0,0.0,0.0,0.0,0.0,0.0,0.0,0.0,0.0,0.0,0.0,0.0,0.0,0.0,0.0,0.0,0.0,0.0,0.0,0.0,0.0,,,,,,,,,,,,,,,
2025_067_5083076,5083076,Harold Fannin,Bowling Green,Mid-American,TIGHTEND,TE,2025,3,3,67,3,0.0,0.0,0.0,1.0,0.0,0.0,2.0,1.0,0.0,0.0,0.0,0.0,0.0,0.0,0.0,0.0,0.0,0.0,0.0,0.0,0.0,4.0,1.0,0.0,0.0,9.0,0.0,0.0,0.0,0.0,0.0,0.0,0.0,180.0,17.0,2391.0,33.0,5.0,159.0,,,,,65.0,31.0,0.25,2.25,13.283333333333331,4.818181818181818,,,,,
2025_068_4430330,4430330,Darien Porter,Iowa State,Big 12,CORNERBACK,DB,2025,3,4,68,5,6.0,0.0,0.0,33.0,0.0,2.0,51.0,0.0,0.0,0.0,3.0,0.0,5.0,0.0,0.0,0.0,0.0,0.0,0.0,0.0,0.0,0.0,0.0,0.0,0.0,0.0,2.0,0.0,30.0,0.0,0.0,0.0,0.0,1.0,0.0,0.0,0.0,0.0,0.0,,,22.0,,0.0,,,,0.0,,,15.0,,,1.6666666666666667
2025_069_4613202,4613202,Kyle Williams,Washington State,Pac-12,WIDERECEIVER,WR,2025,3,5,69,5,0.0,0.0,0.0,2.0,0.0,0.0,3.0,1.0,1.0,0.0,0.0,0.0,0.0,1.0,0.0,36.0,0.0,0.0,0.0,0.0,0.0,1.0,1.0,0.0,0.0,15.0,0.0,0.0,0.0,0.0,0.0,0.0,0.0,248.0,29.0,3603.0,17.0,0.0,72.0,36.0,,,,75.0,22.0,1.0,15.0,14.528225806451612,4.235294117647059,36.0,,,,
2025_070_5123663,5123663,Isaac Teslaa,Arkansas,SEC,WIDERECEIVER,WR,2025,3,6,70,2,0.0,0.0,0.0,0.0,0.0,0.0,1.0,2.0,1.0,1.0,0.0,0.0,0.0,0.0,0.0,0.0,0.0,0.0,0.0,0.0,0.0,0.0,0.0,0.0,0.0,0.0,0.0,0.0,0.0,0.0,0.0,0.0,0.0,62.0,5.0,896.0,1.0,0.0,0.0,,,,,75.0,0.0,,,14.451612903225806,0.0,,,,,
2025_071_4429040,4429040,Vernon Broughton,Texas,SEC,DEFENSIVETACKLE,DL,2025,3,7,71,5,3.0,10.0,6.5,38.0,0.0,11.0,67.0,0.0,0.0,4.0,0.0,0.0,0.0,0.0,0.0,0.0,0.0,0.0,0.0,0.0,0.0,0.0,0.0,0.0,0.0,0.0,0.0,0.0,0.0,0.0,0.0,0.0,0.0,0.0,0.0,0.0,0.0,0.0,0.0,,,,,,,,,,,,,,,
2025_072_4432715,4432715,Landon Jackson,Arkansas,SEC,DEFENSIVEEDGE,DL,2025,3,8,72,3,5.0,13.0,16.5,59.0,0.0,26.5,115.0,0.0,0.0,1.0,0.0,0.0,0.0,1.0,0.0,0.0,0.0,0.0,0.0,0.0,0.0,0.0,0.0,0.0,0.0,0.0,0.0,0.0,0.0,0.0,0.0,0.0,0.0,0.0,0.0,0.0,0.0,0.0,0.0,0.0,,,,,,,,,,0.0,,,,
2025_073_4685596,4685596,Azareye'h Thomas,Florida State,ACC,CORNERBACK,DB,2025,3,9,73,3,14.0,2.0,0.0,62.0,0.0,6.5,91.0,0.0,0.0,1.0,2.0,0.0,0.0,1.0,0.0,0.0,0.0,0.0,0.0,0.0,0.0,0.0,0.0,0.0,0.0,0.0,0.0,0.0,0.0,0.0,0.0,0.0,0.0,0.0,0.0,0.0,0.0,0.0,0.0,0.0,,,,,,,,,,0.0,,,,0.0
2025_074_4600981,4600981,Patrick Bryant,Illinois,Big Ten,WIDERECEIVER,WR,2025,3,10,74,4,0.0,0.0,0.0,2.0,0.0,0.0,2.0,1.0,1.0,0.0,0.0,0.0,0.0,6.0,0.0,124.0,0.0,0.0,0.0,0.0,0.0,0.0,0.0,0.0,0.0,0.0,0.0,0.0,0.0,0.0,0.0,0.0,0.0,135.0,19.0,2086.0,6.0,0.0,17.0,27.0,,,,64.0,7.0,,,15.451851851851853,2.8333333333333335,20.666666666666668,,,,
2025_075_4573188,4573188,Nickolas Martin,Oklahoma State,Big 12,LINEBACKER,LB,2025,3,11,75,4,2.0,13.0,7.0,121.0,0.0,23.5,202.0,0.0,0.0,2.0,2.0,0.0,40.0,0.0,0.0,0.0,0.0,0.0,0.0,0.0,0.0,0.0,0.0,0.0,0.0,0.0,0.0,0.0,0.0,0.0,0.0,0.0,0.0,0.0,0.0,0.0,0.0,0.0,0.0,,,,,,,,,,,,,,,20.0
2025_076_5095865,5095865,Shavon Revel,East Carolina,American Athletic,CORNERBACK,DB,2025,3,12,76,3,8.0,0.0,1.0,35.0,1.0,4.0,68.0,0.0,0.0,1.0,3.0,1.0,50.0,0.0,0.0,0.0,0.0,0.0,0.0,0.0,0.0,0.0,0.0,0.0,0.0,0.0,0.0,0.0,0.0,0.0,0.0,0.0,0.0,0.0,0.0,0.0,0.0,0.0,0.0,,,,,,,,,,,,,,,16.666666666666668
2025_077_4429166,4429166,Princely Umanmielen,Ole Miss,SEC,DEFENSIVEEDGE,DL,2025,3,13,77,5,0.0,39.0,25.0,66.0,1.0,37.5,135.0,0.0,0.0,1.0,0.0,0.0,0.0,0.0,0.0,0.0,0.0,0.0,0.0,0.0,0.0,0.0,0.0,0.0,0.0,0.0,0.0,0.0,0.0,0.0,0.0,0.0,0.0,0.0,0.0,0.0,0.0,0.0,0.0,,,,,,,,,,,,,,,
2025_078_4428996,4428996,Jordan Burch,South Carolina,SEC,DEFENSIVEEDGE,DL,2025,3,14,78,5,10.0,22.0,16.0,77.0,1.0,31.0,164.0,0.0,0.0,3.0,1.0,1.0,61.0,0.0,0.0,0.0,0.0,0.0,0.0,0.0,0.0,1.0,0.0,1.0,0.0,0.0,0.0,0.0,0.0,0.0,0.0,0.0,0.0,0.0,0.0,0.0,1.0,0.0,36.0,,,,,,36.0,0.0,0.0,,36.0,,,,,61.0
2025_079_4586312,4586312,Jaylin Noel,Iowa State,Big 12,WIDERECEIVER,WR,2025,3,15,79,4,0.0,0.0,0.0,3.0,0.0,0.0,3.0,7.0,2.0,0.0,0.0,0.0,0.0,39.0,0.0,821.0,0.0,0.0,0.0,0.0,0.0,5.0,1.0,0.0,0.0,42.0,53.0,0.0,466.0,0.0,0.0,0.0,0.0,246.0,18.0,2888.0,13.0,0.0,84.0,72.0,,39.0,,82.0,27.0,0.2,8.4,11.739837398373984,6.461538461538462,21.05128205128205,8.79245283018868,,,
2025_080_4682909,4682909,Justin Walley,Minnesota,Big Ten,CORNERBACK,DB,2025,3,16,80,4,27.0,1.0,1.0,102.0,1.0,4.0,142.0,0.0,0.0,6.0,7.0,1.0,168.0,0.0,0.0,0.0,0.0,0.0,0.0,0.0,0.0,0.0,0.0,0.0,0.0,0.0,0.0,0.0,0.0,0.0,0.0,0.0,0.0,0.0,0.0,0.0,0.0,0.0,0.0,,,,,,,,,,,,,,,24.0
2025_081_4646773,4646773,Dylan Fairchild,Georgia,SEC,OFFENSIVEGUARD,OL,2025,3,17,81,1,0.0,0.0,0.0,0.0,0.0,0.0,0.0,0.0,0.0,1.0,0.0,0.0,0.0,0.0,0.0,0.0,0.0,0.0,0.0,0.0,0.0,0.0,0.0,0.0,0.0,0.0,0.0,0.0,0.0,0.0,0.0,0.0,0.0,0.0,0.0,0.0,0.0,0.0,0.0,,,,,,,,,,,,,,,
2025_082_4685617,4685617,Kevin Winston Jr.,Penn State,Big Ten,SAFETY,DB,2025,3,18,82,3,5.0,0.0,0.0,53.0,0.0,3.5,87.0,0.0,0.0,2.0,1.0,0.0,0.0,0.0,0.0,0.0,0.0,0.0,0.0,0.0,0.0,0.0,0.0,0.0,0.0,0.0,0.0,0.0,0.0,0.0,0.0,0.0,0.0,0.0,0.0,0.0,0.0,0.0,0.0,,,,,,,,,,,,,,,0.0
2025_083_4819231,4819231,Kaleb Johnson,Iowa,Big Ten,RUNNINGBACK,RB,2025,3,19,83,3,0.0,0.0,0.0,1.0,0.0,0.0,1.0,3.0,1.0,0.0,0.0,0.0,0.0,15.0,0.0,402.0,0.0,0.0,0.0,0.0,0.0,0.0,0.0,0.0,0.0,0.0,0.0,0.0,0.0,0.0,0.0,0.0,0.0,29.0,2.0,240.0,508.0,30.0,2779.0,54.0,,,,72.0,75.0,,,8.275862068965518,5.4704724409448815,26.8,,,,
2025_084_4912847,4912847,Jacob Parrish,Kansas State,Big 12,CORNERBACK,DB,2025,3,20,84,3,19.0,5.0,0.5,85.0,0.0,5.0,104.0,1.0,0.0,2.0,5.0,0.0,40.0,0.0,0.0,0.0,0.0,0.0,0.0,0.0,0.0,0.0,0.0,0.0,0.0,0.0,0.0,0.0,0.0,0.0,0.0,0.0,0.0,0.0,0.0,0.0,0.0,0.0,0.0,,,,,,,,,,,,,,,8.0
2025_085_4610705,4610705,Nohl Williams,UNLV,Mountain West,CORNERBACK,DB,2025,3,21,85,5,20.0,1.0,0.0,133.0,2.0,5.0,200.0,3.0,3.0,5.0,14.0,1.0,116.0,26.0,1.0,591.0,0.0,0.0,0.0,0.0,0.0,0.0,0.0,0.0,0.0,0.0,13.0,0.0,72.0,0.0,0.0,0.0,0.0,0.0,0.0,0.0,0.0,0.0,0.0,80.0,,22.0,,,,,,,,22.73076923076923,5.538461538461538,,,8.285714285714286
2025_086_5089178,5089178,Jamaree Caldwell,Oregon,Big Ten,DEFENSIVETACKLE,DL,2025,3,22,86,3,3.0,0.0,8.0,43.0,0.0,16.0,63.0,0.0,0.0,0.0,0.0,0.0,0.0,0.0,0.0,0.0,0.0,0.0,0.0,0.0,0.0,0.0,0.0,0.0,0.0,0.0,0.0,0.0,0.0,0.0,0.0,0.0,0.0,0.0,0.0,0.0,0.0,0.0,0.0,,,,,,,,,,,,,,,
2025_087_4431487,4431487,Savion Williams,TCU,Big 12,WIDERECEIVER,WR,2025,3,23,87,5,0.0,0.0,0.0,0.0,0.0,0.0,0.0,0.0,0.0,0.0,0.0,0.0,0.0,14.0,0.0,312.0,0.0,0.0,0.0,0.0,0.0,3.0,3.0,0.0,1.0,22.0,0.0,0.0,0.0,0.0,0.0,0.0,0.0,137.0,14.0,1655.0,62.0,6.0,384.0,30.0,,,,75.0,35.0,1.0,7.333333333333333,12.08029197080292,6.193548387096774,22.285714285714285,,,,
2025_088_4683347,4683347,Caleb Ransaw,Tulane,American Athletic,CORNERBACK,DB,2025,3,24,88,4,6.0,2.0,1.0,63.0,0.0,8.0,107.0,0.0,0.0,1.0,1.0,0.0,10.0,0.0,0.0,0.0,0.0,0.0,0.0,0.0,0.0,0.0,0.0,0.0,0.0,0.0,0.0,0.0,0.0,0.0,0.0,0.0,0.0,0.0,0.0,0.0,0.0,0.0,0.0,,,,,,,,,,,,,,,10.0
2025_089_4431463,4431463,Wyatt Milum,West Virginia,Big 12,OFFENSIVEGUARD,OL,2025,3,25,89,1,0.0,0.0,0.0,0.0,0.0,0.0,0.0,0.0,0.0,0.0,0.0,0.0,0.0,0.0,0.0,0.0,0.0,0.0,0.0,0.0,0.0,0.0,0.0,0.0,0.0,0.0,0.0,0.0,0.0,0.0,0.0,0.0,0.0,0.0,0.0,0.0,0.0,0.0,3.0,,,,,,3.0,,,,inf,,,,,
2025_090_4682983,4682983,Josaiah Stewart,Michigan,Big Ten,DEFENSIVEEDGE,DL,2025,3,26,90,4,3.0,18.0,30.0,81.0,0.0,46.0,143.0,0.0,0.0,2.0,0.0,0.0,0.0,0.0,0.0,0.0,0.0,0.0,0.0,0.0,0.0,0.0,0.0,0.0,0.0,0.0,0.0,0.0,0.0,0.0,0.0,0.0,0.0,0.0,0.0,0.0,0.0,0.0,0.0,,,,,,,,,,,,,,,
2025_091_4685736,4685736,Emery Jones,LSU,SEC,OFFENSIVETACKLE,OL,2025,3,27,91,2,0.0,0.0,0.0,2.0,0.0,0.0,2.0,1.0,1.0,0.0,0.0,0.0,0.0,0.0,0.0,0.0,0.0,0.0,0.0,0.0,0.0,0.0,0.0,0.0,0.0,0.0,0.0,0.0,0.0,0.0,0.0,0.0,0.0,0.0,0.0,0.0,0.0,0.0,17.0,,,,,,17.0,,,,inf,,,,,
2025_092_4432734,4432734,Jalen Milroe,Alabama,SEC,QUARTERBACK,QB,2025,3,28,92,4,0.0,0.0,0.0,2.0,0.0,0.0,2.0,16.0,10.0,0.0,0.0,0.0,0.0,0.0,0.0,0.0,0.0,0.0,0.0,0.0,0.0,663.0,426.0,20.0,45.0,6016.0,0.0,0.0,0.0,0.0,0.0,0.0,0.0,0.0,0.0,0.0,375.0,33.0,1579.0,,,,,,77.0,0.6425339366515838,9.073906485671191,,4.210666666666667,,,,,
2025_093_4683813,4683813,Jonas Sanker,Virginia,ACC,SAFETY,DB,2025,3,29,93,4,17.0,2.0,2.0,177.0,1.0,13.5,273.0,0.0,0.0,6.0,2.0,0.0,59.0,1.0,0.0,14.0,0.0,0.0,0.0,0.0,0.0,0.0,0.0,0.0,0.0,0.0,0.0,0.0,0.0,0.0,0.0,0.0,0.0,0.0,0.0,0.0,0.0,0.0,0.0,14.0,,,,,,,,,,14.0,,,,29.5
2025_094_4427238,4427238,Dillon Gabriel,UCF,American Athletic,QUARTERBACK,QB,2025,3,30,94,6,0.0,0.0,0.0,2.0,0.0,0.0,2.0,22.0,10.0,0.0,0.0,0.0,0.0,0.0,0.0,0.0,0.0,0.0,0.0,0.0,0.0,2105.0,1371.0,32.0,155.0,18669.0,0.0,0.0,0.0,1.0,1.0,0.0,37.0,2.0,1.0,33.0,423.0,33.0,1218.0,,,,37.0,20.0,61.0,0.6513064133016627,8.868883610451306,16.5,2.879432624113475,,,37.0,,
2025_096_4431005,4431005,Xavier Watts,Notre Dame,FBS Independents,SAFETY,DB,2025,3,32,96,4,14.0,4.0,1.5,114.0,1.0,8.5,181.0,0.0,0.0,2.0,13.0,1.0,273.0,0.0,0.0,0.0,0.0,0.0,0.0,0.0,0.0,0.0,0.0,0.0,0.0,0.0,0.0,0.0,0.0,0.0,0.0,0.0,0.0,0.0,0.0,0.0,0.0,0.0,0.0,,,,,,,,,,,,,,,21.0
2025_097_4594277,4594277,Jaylin Smith,USC,Pac-12,CORNERBACK,DB,2025,3,33,97,4,5.0,1.0,2.0,128.0,0.0,11.5,176.0,0.0,0.0,0.0,3.0,0.0,0.0,0.0,0.0,0.0,0.0,0.0,0.0,0.0,0.0,0.0,0.0,0.0,0.0,0.0,0.0,0.0,0.0,0.0,0.0,0.0,0.0,0.0,0.0,0.0,0.0,0.0,0.0,,,,,,,,,,,,,,,0.0
2025_100_4565200,4565200,Upton Stout,Western Kentucky,Conference USA,CORNERBACK,DB,2025,3,36,100,5,15.0,8.0,1.5,102.0,2.0,9.5,162.0,1.0,1.0,1.0,6.0,2.0,182.0,4.0,0.0,44.0,0.0,0.0,0.0,0.0,0.0,0.0,0.0,0.0,0.0,0.0,6.0,0.0,39.0,0.0,0.0,0.0,0.0,1.0,0.0,13.0,0.0,0.0,0.0,24.0,,19.0,,13.0,,,,13.0,,11.0,6.5,,,30.333333333333332
2025_101_4603189,4603189,Savion Jones,LSU,SEC,DEFENSIVEEDGE,DL,2025,3,37,101,4,5.0,16.0,9.5,37.0,0.0,15.0,97.0,0.0,0.0,1.0,0.0,0.0,0.0,0.0,0.0,0.0,0.0,0.0,0.0,0.0,0.0,0.0,0.0,0.0,0.0,0.0,0.0,0.0,0.0,0.0,0.0,0.0,0.0,0.0,0.0,0.0,0.0,0.0,0.0,,,,,,,,,,,,,,,
2025_102_4565185,4565185,Tai Felton,Maryland,Big Ten,WIDERECEIVER,WR,2025,3,38,102,4,0.0,0.0,0.0,9.0,0.0,0.0,10.0,5.0,4.0,2.0,0.0,0.0,0.0,6.0,0.0,150.0,0.0,0.0,0.0,0.0,0.0,0.0,0.0,0.0,0.0,0.0,2.0,0.0,26.0,0.0,0.0,0.0,0.0,172.0,17.0,2207.0,3.0,0.0,39.0,39.0,,17.0,,75.0,19.0,,,12.831395348837209,13.0,25.0,13.0,,,
2025_103_4431268,4431268,Chimere Dike,Wisconsin,Big Ten,WIDERECEIVER,WR,2025,4,1,103,5,0.0,0.0,0.0,3.0,0.0,0.0,3.0,4.0,0.0,0.0,0.0,0.0,0.0,22.0,0.0,472.0,0.0,0.0,0.0,0.0,0.0,0.0,0.0,0.0,0.0,0.0,27.0,0.0,295.0,0.0,0.0,0.0,0.0,139.0,11.0,2261.0,14.0,1.0,99.0,53.0,,35.0,,74.0,30.0,,,16.26618705035971,7.071428571428571,21.454545454545453,10.925925925925926,,,
2025_104_4882093,4882093,Bhayshul Tuten,Virginia Tech,ACC,RUNNINGBACK,RB,2025,4,2,104,4,0.0,0.0,0.0,0.0,2.0,0.0,0.0,11.0,2.0,0.0,0.0,0.0,0.0,22.0,2.0,621.0,0.0,0.0,0.0,1.0,0.0,0.0,0.0,0.0,0.0,0.0,0.0,0.0,0.0,0.0,0.0,0.0,0.0,80.0,8.0,660.0,571.0,38.0,3438.0,99.0,0.0,,,52.0,83.0,,,8.25,6.021015761821366,28.227272727272727,,,,
2025_105_4696981,4696981,Cameron Skattebo,Sacramento State,Big Sky,RUNNINGBACK,RB,2025,4,3,105,3,0.0,0.0,0.0,2.0,0.0,0.0,2.0,9.0,3.0,1.0,0.0,0.0,0.0,5.0,0.0,105.0,0.0,0.0,0.0,0.0,0.0,18.0,8.0,1.0,3.0,191.0,3.0,0.0,25.0,3.0,8.0,0.0,338.0,99.0,7.0,1248.0,643.0,37.0,3854.0,43.0,,14.0,53.0,66.0,66.0,0.4444444444444444,10.61111111111111,12.606060606060606,5.993779160186625,21.0,8.333333333333334,42.25,,
2025_106_4428930,4428930,Craig Woodson,California,Pac-12,SAFETY,DB,2025,4,4,106,5,16.0,3.0,0.5,169.0,1.0,9.5,246.0,0.0,0.0,1.0,5.0,1.0,41.0,0.0,0.0,0.0,0.0,0.0,0.0,0.0,0.0,0.0,0.0,0.0,0.0,0.0,1.0,0.0,9.0,0.0,0.0,0.0,0.0,0.0,0.0,0.0,0.0,0.0,0.0,,,0.0,,,,,,,,,9.0,,,8.2
2025_107_4427716,4427716,Jack Kiser,Notre Dame,FBS Independents,LINEBACKER,LB,2025,4,5,107,5,6.0,10.0,5.5,158.0,2.0,14.5,260.0,0.0,0.0,2.0,4.0,2.0,136.0,0.0,0.0,0.0,0.0,0.0,0.0,0.0,0.0,0.0,0.0,0.0,0.0,0.0,0.0,0.0,0.0,0.0,0.0,0.0,0.0,0.0,0.0,0.0,0.0,0.0,0.0,,,,,,,,,,,,,,,34.0
2025_108_4432775,4432775,Dont'E Thornton,Tennessee,SEC,WIDERECEIVER,WR,2025,4,6,108,4,0.0,0.0,0.0,2.0,0.0,0.0,2.0,2.0,2.0,0.0,0.0,0.0,0.0,0.0,0.0,0.0,0.0,0.0,0.0,0.0,0.0,0.0,0.0,0.0,0.0,0.0,0.0,0.0,0.0,0.0,0.0,0.0,0.0,65.0,10.0,1426.0,2.0,0.0,6.0,,,,,86.0,9.0,,,21.93846153846154,3.0,,,,,
2025_109_4831989,4831989,Deone Walker,Kentucky,SEC,DEFENSIVETACKLE,DL,2025,4,7,109,3,6.0,13.0,10.0,52.0,0.0,21.0,131.0,0.0,0.0,1.0,0.0,0.0,0.0,2.0,0.0,40.0,0.0,0.0,0.0,0.0,0.0,0.0,0.0,0.0,0.0,0.0,0.0,0.0,0.0,0.0,0.0,0.0,0.0,0.0,0.0,0.0,0.0,0.0,0.0,24.0,,,,,,,,,,20.0,,,,
2025_110_4429105,4429105,Arian Smith,Georgia,SEC,WIDERECEIVER,WR,2025,4,8,110,5,0.0,0.0,0.0,4.0,0.0,0.0,4.0,1.0,0.0,0.0,0.0,0.0,0.0,0.0,0.0,0.0,0.0,0.0,0.0,0.0,0.0,0.0,0.0,0.0,0.0,0.0,0.0,0.0,0.0,0.0,0.0,0.0,0.0,68.0,10.0,1356.0,8.0,0.0,93.0,,,,,76.0,33.0,,,19.941176470588236,11.625,,,,,
2025_111_4569586,4569586,Ty Robinson,Nebraska,Big Ten,DEFENSIVETACKLE,DL,2025,4,9,111,5,12.0,22.0,11.0,60.0,0.0,26.5,135.0,0.0,0.0,1.0,0.0,0.0,0.0,0.0,0.0,0.0,0.0,0.0,0.0,0.0,0.0,0.0,0.0,0.0,0.0,0.0,0.0,0.0,0.0,0.0,0.0,0.0,0.0,0.0,0.0,0.0,0.0,0.0,0.0,,,,,,,,,,,,,,,
2025_112_4683215,4683215,Danny Stutsman,Oklahoma,SEC,LINEBACKER,LB,2025,4,10,112,4,7.0,8.0,7.0,176.0,1.0,33.5,354.0,0.0,0.0,1.0,3.0,1.0,70.0,0.0,0.0,0.0,0.0,0.0,0.0,0.0,0.0,0.0,0.0,0.0,0.0,0.0,0.0,0.0,0.0,0.0,0.0,0.0,0.0,0.0,0.0,0.0,0.0,0.0,0.0,,,,,,,,,,,,,,,23.333333333333332
2025_113_4686308,4686308,CJ West,Kent State,Mid-American,DEFENSIVETACKLE,DL,2025,4,11,113,5,2.0,5.0,9.0,68.0,0.0,27.0,150.0,0.0,0.0,2.0,0.0,0.0,0.0,0.0,0.0,0.0,0.0,0.0,0.0,0.0,0.0,0.0,0.0,0.0,0.0,0.0,0.0,0.0,0.0,0.0,0.0,0.0,0.0,0.0,0.0,0.0,0.0,0.0,0.0,,,,,,,,,,,,,,,
2025_114_4685350,4685350,Trevor Etienne,Georgia,SEC,RUNNINGBACK,RB,2025,4,12,114,3,0.0,0.0,0.0,0.0,0.0,0.0,0.0,4.0,1.0,0.0,0.0,0.0,0.0,26.0,0.0,645.0,0.0,0.0,0.0,0.0,0.0,0.0,0.0,0.0,0.0,0.0,2.0,0.0,26.0,0.0,0.0,0.0,0.0,62.0,1.0,432.0,371.0,23.0,2081.0,48.0,,21.0,,41.0,85.0,,,6.967741935483871,5.609164420485175,24.807692307692307,13.0,,,
2025_115_4429071,4429071,Cody Simon,Ohio State,Big Ten,LINEBACKER,LB,2025,4,13,115,5,11.0,4.0,10.0,115.0,0.0,22.5,259.0,0.0,0.0,1.0,1.0,0.0,24.0,0.0,0.0,0.0,0.0,0.0,0.0,0.0,0.0,0.0,0.0,0.0,0.0,0.0,0.0,0.0,0.0,0.0,0.0,0.0,0.0,0.0,0.0,0.0,1.0,0.0,-3.0,,,,,,0.0,,,,-3.0,,,,,24.0
2025_116_4429059,4429059,Jo'quavious Marks,USC,Big Ten,RUNNINGBACK,RB,2025,4,14,116,5,0.0,0.0,0.0,8.0,0.0,0.0,10.0,5.0,3.0,1.0,0.0,0.0,0.0,11.0,0.0,231.0,0.0,0.0,0.0,0.0,0.0,0.0,0.0,0.0,0.0,0.0,0.0,0.0,0.0,0.0,0.0,0.0,0.0,261.0,5.0,1546.0,608.0,31.0,3016.0,33.0,,,,33.0,65.0,,,5.923371647509579,4.9605263157894735,21.0,,,,
2025_117_4710341,4710341,Jarquez Hunter,Auburn,SEC,RUNNINGBACK,RB,2025,4,15,117,4,0.0,0.0,0.0,7.0,0.0,0.0,9.0,5.0,3.0,0.0,0.0,0.0,0.0,25.0,0.0,517.0,0.0,0.0,0.0,0.0,0.0,3.0,2.0,1.0,1.0,22.0,0.0,0.0,0.0,0.0,0.0,0.0,0.0,68.0,4.0,558.0,539.0,25.0,3378.0,36.0,,,,62.0,94.0,0.6666666666666666,7.333333333333333,8.205882352941176,6.267161410018553,20.68,,,,
2025_118_4431194,4431194,Billy Bowman,Oklahoma,SEC,SAFETY,DB,2025,4,16,118,4,13.0,1.0,0.0,120.0,4.0,8.0,191.0,2.0,0.0,5.0,11.0,3.0,251.0,12.0,0.0,186.0,0.0,0.0,0.0,0.0,0.0,0.0,0.0,0.0,0.0,0.0,1.0,0.0,-2.0,0.0,0.0,0.0,0.0,0.0,0.0,0.0,0.0,0.0,0.0,26.0,,0.0,,,,,,,,15.5,-2.0,,,22.818181818181817
2025_119_4431519,4431519,Barrett Carter,Clemson,ACC,LINEBACKER,LB,2025,4,17,119,4,18.0,17.0,12.0,113.0,0.0,29.5,210.0,1.0,1.0,4.0,3.0,0.0,1.0,0.0,0.0,0.0,0.0,0.0,0.0,0.0,0.0,0.0,0.0,0.0,0.0,0.0,0.0,0.0,0.0,0.0,0.0,0.0,0.0,0.0,0.0,0.0,1.0,1.0,4.0,,,,,,4.0,,,,4.0,,,,,0.3333333333333333
2025_120_4686728,4686728,Gunnar Helm,Texas,SEC,TIGHTEND,TE,2025,4,18,120,3,0.0,0.0,0.0,2.0,0.0,0.0,2.0,0.0,0.0,0.0,0.0,0.0,0.0,1.0,0.0,12.0,0.0,0.0,0.0,0.0,0.0,0.0,0.0,0.0,0.0,0.0,0.0,0.0,0.0,0.0,0.0,0.0,0.0,79.0,9.0,1022.0,0.0,0.0,0.0,12.0,,,,49.0,,,,12.936708860759492,,12.0,,,,
2025_121_5085355,5085355,David Walker,Central Arkansas,UAC,DEFENSIVEEDGE,DL,2025,4,19,121,3,1.0,2.0,3.0,9.0,0.0,4.0,14.0,0.0,0.0,1.0,0.0,0.0,0.0,1.0,0.0,6.0,0.0,0.0,0.0,0.0,0.0,0.0,0.0,0.0,0.0,0.0,0.0,0.0,0.0,0.0,0.0,0.0,0.0,0.0,0.0,0.0,0.0,0.0,0.0,6.0,,,,,,,,,,6.0,,,,
2025_122_4429110,4429110,Lathan Ransom,Ohio State,Big Ten,SAFETY,DB,2025,4,20,122,5,13.0,2.0,3.5,137.0,1.0,16.0,217.0,0.0,0.0,2.0,3.0,0.0,39.0,0.0,0.0,0.0,0.0,0.0,0.0,0.0,0.0,0.0,0.0,0.0,0.0,0.0,2.0,0.0,41.0,0.0,0.0,0.0,0.0,0.0,0.0,0.0,0.0,0.0,0.0,,,23.0,,,,,,,,,20.5,,,13.0
2025_123_4431590,4431590,Jack Sawyer,Ohio State,Big Ten,DEFENSIVEEDGE,DL,2025,4,21,123,4,10.0,15.0,23.0,68.0,2.0,28.5,143.0,0.0,0.0,3.0,1.0,0.0,12.0,0.0,0.0,0.0,0.0,0.0,0.0,0.0,0.0,0.0,0.0,0.0,0.0,0.0,0.0,0.0,0.0,0.0,0.0,0.0,0.0,0.0,0.0,0.0,0.0,0.0,0.0,,,,,,,,,,,,,,,12.0
2025_124_4683643,4683643,Barryn Sorrell,Texas,SEC,DEFENSIVEEDGE,DL,2025,4,22,124,4,2.0,27.0,14.0,53.0,0.0,24.0,126.0,1.0,1.0,0.0,0.0,0.0,0.0,0.0,0.0,0.0,0.0,0.0,0.0,0.0,0.0,0.0,0.0,0.0,0.0,0.0,0.0,0.0,0.0,0.0,0.0,0.0,0.0,0.0,0.0,0.0,0.0,0.0,0.0,,,,,,,,,,,,,,,
2025_125_4432333,4432333,Kyle Kennard,South Carolina,SEC,DEFENSIVEEDGE,DL,2025,4,23,125,5,1.0,13.0,24.0,79.0,0.0,38.0,136.0,0.0,0.0,4.0,1.0,0.0,12.0,0.0,0.0,0.0,0.0,0.0,0.0,0.0,0.0,0.0,0.0,0.0,0.0,0.0,0.0,0.0,0.0,0.0,0.0,0.0,0.0,0.0,0.0,0.0,0.0,0.0,0.0,,,,,,,,,,,,,,,12.0
2025_126_5081397,5081397,Dylan Sampson,Tennessee,SEC,RUNNINGBACK,RB,2025,4,24,126,3,0.0,0.0,0.0,0.0,0.0,0.0,0.0,5.0,4.0,0.0,0.0,0.0,0.0,2.0,0.0,28.0,0.0,0.0,0.0,0.0,0.0,0.0,0.0,0.0,0.0,0.0,0.0,0.0,0.0,0.0,0.0,0.0,0.0,40.0,1.0,342.0,422.0,35.0,2491.0,24.0,,,,37.0,80.0,,,8.55,5.902843601895735,14.0,,,,
2025_128_4602667,4602667,Jaylin Lane,Virginia Tech,ACC,WIDERECEIVER,WR,2025,4,26,128,5,0.0,0.0,0.0,5.0,2.0,0.0,6.0,9.0,3.0,0.0,0.0,0.0,0.0,41.0,0.0,861.0,0.0,0.0,0.0,0.0,0.0,2.0,1.0,0.0,1.0,6.0,68.0,2.0,742.0,0.0,0.0,0.0,0.0,203.0,18.0,2532.0,46.0,3.0,264.0,43.0,,70.0,,89.0,29.0,0.5,3.0,12.472906403940886,5.739130434782608,21.0,10.911764705882351,,,
2025_129_4698244,4698244,Teddye Buchanan,UC Davis,Big Sky,LINEBACKER,LB,2025,4,27,129,4,4.0,7.0,6.0,51.0,0.0,13.5,129.0,0.0,0.0,2.0,7.0,1.0,68.0,0.0,0.0,0.0,0.0,0.0,0.0,0.0,0.0,0.0,0.0,0.0,0.0,0.0,0.0,0.0,0.0,0.0,0.0,0.0,0.0,0.0,0.0,0.0,0.0,0.0,0.0,,,,,,,,,,,,,,,9.714285714285714
2025_130_4692024,4692024,Malachi Moore,Alabama,SEC,SAFETY,DB,2025,4,28,130,5,24.0,7.0,2.5,124.0,2.0,15.5,208.0,0.0,0.0,3.0,7.0,0.0,113.0,0.0,0.0,0.0,0.0,0.0,0.0,0.0,0.0,0.0,0.0,0.0,0.0,0.0,1.0,1.0,3.0,0.0,0.0,0.0,0.0,0.0,0.0,0.0,0.0,0.0,0.0,,,3.0,,,,,,,,,3.0,,,16.142857142857142
2025_131_4428350,4428350,Quincy Riley,Middle Tennessee,Conference USA,CORNERBACK,DB,2025,4,29,131,6,34.0,0.0,2.5,110.0,2.0,11.0,157.0,2.0,1.0,0.0,15.0,2.0,403.0,3.0,0.0,29.0,0.0,0.0,0.0,0.0,0.0,0.0,0.0,0.0,0.0,0.0,9.0,0.0,59.0,0.0,0.0,0.0,0.0,0.0,0.0,0.0,0.0,0.0,0.0,15.0,,29.0,,,,,,,,9.666666666666666,6.555555555555555,,,26.866666666666667
2025_132_4429970,4429970,Ruben Hyppolite II,Maryland,Big Ten,LINEBACKER,LB,2025,4,30,132,5,6.0,1.0,3.0,137.0,0.0,13.0,231.0,0.0,0.0,0.0,1.0,0.0,0.0,0.0,0.0,0.0,0.0,0.0,0.0,0.0,0.0,0.0,0.0,0.0,0.0,0.0,0.0,0.0,0.0,0.0,0.0,0.0,0.0,0.0,0.0,0.0,0.0,0.0,0.0,,,,,,,,,,,,,,,0.0
2025_133_5082630,5082630,Jalen Royals,Utah State,Mountain West,WIDERECEIVER,WR,2025,4,31,133,2,0.0,0.0,0.0,3.0,0.0,0.0,3.0,0.0,0.0,0.0,0.0,0.0,0.0,9.0,0.0,184.0,0.0,0.0,0.0,0.0,0.0,1.0,0.0,0.0,0.0,0.0,0.0,0.0,0.0,0.0,0.0,0.0,0.0,126.0,21.0,1914.0,1.0,0.0,3.0,26.0,,,,75.0,3.0,0.0,0.0,15.19047619047619,3.0,20.444444444444443,,,,
2025_134_4692048,4692048,Quandarrius Robinson,Alabama,SEC,DEFENSIVEEDGE,DL,2025,4,32,134,3,0.0,7.0,5.5,30.0,0.0,9.5,53.0,1.0,1.0,2.0,0.0,0.0,0.0,0.0,0.0,0.0,0.0,0.0,0.0,0.0,0.0,0.0,0.0,0.0,0.0,0.0,1.0,0.0,3.0,0.0,0.0,0.0,0.0,0.0,0.0,0.0,0.0,0.0,0.0,,,3.0,,,,,,,,,3.0,,,
2025_135_4429109,4429109,Tonka Hemingway,South Carolina,SEC,DEFENSIVETACKLE,DL,2025,4,33,135,5,11.0,17.0,9.5,68.0,0.0,16.5,108.0,0.0,0.0,8.0,0.0,0.0,0.0,1.0,0.0,0.0,0.0,0.0,0.0,0.0,0.0,0.0,0.0,0.0,0.0,0.0,0.0,0.0,0.0,0.0,0.0,0.0,0.0,1.0,0.0,16.0,1.0,1.0,2.0,0.0,,,,16.0,2.0,,,16.0,2.0,0.0,,,,
2025_136_4883647,4883647,Elic Ayomanor,Stanford,Pac-12,WIDERECEIVER,WR,2025,4,34,136,2,0.0,0.0,0.0,0.0,0.0,0.0,0.0,1.0,1.0,0.0,0.0,0.0,0.0,0.0,0.0,0.0,0.0,0.0,0.0,0.0,0.0,0.0,0.0,0.0,0.0,0.0,0.0,0.0,0.0,0.0,0.0,0.0,0.0,125.0,12.0,1844.0,0.0,0.0,0.0,,,,,97.0,,,,14.752,,,,,,
2025_137_4611993,4611993,Joshua Farmer,Florida State,ACC,DEFENSIVETACKLE,DL,2025,4,35,137,4,2.0,9.0,11.0,29.0,0.0,21.0,73.0,0.0,0.0,0.0,0.0,0.0,0.0,0.0,0.0,0.0,0.0,0.0,0.0,0.0,0.0,0.0,0.0,0.0,0.0,0.0,0.0,0.0,0.0,0.0,0.0,0.0,0.0,0.0,0.0,0.0,0.0,0.0,0.0,,,,,,,,,,,,,,,
2025_138_4431466,4431466,Jordan Watkins,Ole Miss,SEC,WIDERECEIVER,WR,2025,4,36,138,5,0.0,0.0,0.0,3.0,1.0,0.0,5.0,4.0,0.0,0.0,0.0,0.0,0.0,11.0,0.0,209.0,0.0,0.0,0.0,0.0,0.0,2.0,2.0,0.0,0.0,19.0,37.0,1.0,291.0,0.0,0.0,0.0,0.0,185.0,18.0,2682.0,7.0,1.0,31.0,29.0,,70.0,,76.0,23.0,1.0,9.5,14.497297297297298,4.428571428571429,19.0,7.864864864864865,,,
2025_139_4629149,4629149,Tyrion Ingram-Dawkins,Georgia,SEC,DEFENSIVEEDGE,DL,2025,5,1,139,4,3.0,1.0,4.0,29.0,0.0,12.5,37.0,0.0,0.0,2.0,0.0,0.0,0.0,0.0,0.0,0.0,0.0,0.0,0.0,0.0,0.0,0.0,0.0,0.0,0.0,0.0,0.0,0.0,0.0,0.0,0.0,0.0,0.0,0.0,0.0,0.0,0.0,0.0,0.0,,,,,,,,,,,,,,,
2025_140_4687513,4687513,CamRon Jackson,Memphis,American Athletic,DEFENSIVETACKLE,DL,2025,5,2,140,5,5.0,6.0,4.5,57.0,0.0,10.0,120.0,0.0,0.0,0.0,0.0,0.0,0.0,0.0,0.0,0.0,0.0,0.0,0.0,0.0,0.0,0.0,0.0,0.0,0.0,0.0,0.0,0.0,0.0,0.0,0.0,0.0,0.0,0.0,0.0,0.0,0.0,0.0,0.0,,,,,,,,,,,,,,,
2025_142_4430838,4430838,Rylie Mills,Notre Dame,FBS Independents,DEFENSIVETACKLE,DL,2025,5,4,142,5,0.0,11.0,16.0,52.0,0.0,23.5,122.0,0.0,0.0,2.0,0.0,0.0,0.0,0.0,0.0,0.0,0.0,0.0,0.0,0.0,0.0,0.0,0.0,0.0,0.0,0.0,0.0,0.0,0.0,0.0,0.0,0.0,0.0,0.0,0.0,0.0,0.0,0.0,0.0,,,,,,,,,,,,,,,
2025_143_4837188,4837188,Jordan Phillips,Tennessee,SEC,DEFENSIVETACKLE,DL,2025,5,5,143,3,0.0,4.0,0.0,31.0,0.0,2.5,58.0,0.0,0.0,0.0,0.0,0.0,0.0,0.0,0.0,0.0,0.0,0.0,0.0,0.0,0.0,0.0,0.0,0.0,0.0,0.0,0.0,0.0,0.0,0.0,0.0,0.0,0.0,0.0,0.0,0.0,0.0,0.0,0.0,,,,,,,,,,,,,,,
2025_144_4432762,4432762,Shedeur Sanders,Jackson State,SWAC,QUARTERBACK,QB,2025,5,6,144,4,0.0,0.0,0.0,0.0,0.0,0.0,0.0,22.0,11.0,1.0,0.0,0.0,0.0,0.0,0.0,0.0,0.0,0.0,0.0,0.0,0.0,1402.0,1001.0,20.0,101.0,11009.0,0.0,0.0,0.0,0.0,0.0,0.0,0.0,0.0,0.0,0.0,295.0,12.0,29.0,,,,,,42.0,0.7139800285306704,7.852353780313837,,0.0983050847457627,,,,,
2025_145_4689651,4689651,Mac McWilliams,UCF,Big 12,CORNERBACK,DB,2025,5,7,145,5,24.0,1.0,1.0,98.0,1.0,12.5,132.0,1.0,0.0,2.0,2.0,1.0,105.0,1.0,0.0,18.0,0.0,0.0,0.0,0.0,0.0,0.0,0.0,0.0,0.0,0.0,9.0,0.0,88.0,0.0,0.0,0.0,0.0,0.0,0.0,0.0,0.0,0.0,0.0,18.0,,21.0,,,,,,,,18.0,9.77777777777778,,,52.5
2025_146_4431424,4431424,Bradyn Swinson,Oregon,Pac-12,DEFENSIVEEDGE,DL,2025,5,8,146,5,10.0,16.0,13.5,65.0,0.0,24.0,125.0,0.0,0.0,0.0,0.0,0.0,0.0,0.0,0.0,0.0,0.0,0.0,0.0,0.0,0.0,0.0,0.0,0.0,0.0,0.0,0.0,0.0,0.0,0.0,0.0,0.0,0.0,0.0,0.0,0.0,0.0,0.0,0.0,,,,,,,,,,,,,,,
2025_147_4685397,4685397,Jordan James,Oregon,Pac-12,RUNNINGBACK,RB,2025,5,9,147,3,0.0,0.0,0.0,1.0,0.0,0.0,2.0,0.0,0.0,0.0,0.0,0.0,0.0,2.0,0.0,19.0,0.0,0.0,0.0,0.0,0.0,0.0,0.0,0.0,0.0,0.0,0.0,0.0,0.0,0.0,0.0,0.0,0.0,42.0,1.0,347.0,386.0,31.0,2215.0,19.0,,,,30.0,41.0,,,8.261904761904763,5.738341968911917,9.5,,,,
2025_148_4431118,4431118,Ty Hamilton,Ohio State,Big Ten,DEFENSIVETACKLE,DL,2025,5,10,148,4,2.0,4.0,8.0,43.0,0.0,13.0,113.0,0.0,0.0,2.0,0.0,0.0,0.0,0.0,0.0,0.0,0.0,0.0,0.0,0.0,0.0,0.0,0.0,0.0,0.0,0.0,0.0,0.0,0.0,0.0,0.0,0.0,0.0,0.0,0.0,0.0,0.0,0.0,0.0,,,,,,,,,,,,,,,
2025_149_4685279,4685279,Jaydon Blue,Texas,SEC,RUNNINGBACK,RB,2025,5,12,149,3,0.0,0.0,0.0,1.0,0.0,0.0,1.0,6.0,5.0,0.0,0.0,0.0,0.0,3.0,0.0,80.0,0.0,0.0,0.0,0.0,0.0,0.0,0.0,0.0,0.0,0.0,0.0,0.0,0.0,0.0,0.0,0.0,0.0,56.0,7.0,503.0,214.0,11.0,1161.0,31.0,,,,45.0,77.0,,,8.982142857142858,5.425233644859813,26.666666666666668,,,,
2025_150_4432730,4432730,Jason Marshall Jr.,Florida,SEC,CORNERBACK,DB,2025,5,13,150,4,25.0,4.0,1.0,68.0,0.0,7.5,96.0,1.0,1.0,0.0,2.0,0.0,-3.0,2.0,0.0,30.0,0.0,0.0,0.0,0.0,0.0,0.0,0.0,0.0,0.0,0.0,1.0,0.0,-5.0,0.0,0.0,0.0,0.0,0.0,0.0,0.0,0.0,0.0,0.0,20.0,,-5.0,,,,,,,,15.0,-5.0,,,-1.5
2025_151_4874509,4874509,DJ Giddens,Kansas State,Big 12,RUNNINGBACK,RB,2025,5,14,151,3,0.0,0.0,0.0,0.0,0.0,0.0,0.0,3.0,1.0,0.0,0.0,0.0,0.0,0.0,0.0,0.0,0.0,0.0,0.0,0.0,0.0,0.0,0.0,0.0,0.0,0.0,0.0,0.0,0.0,0.0,0.0,0.0,0.0,58.0,4.0,679.0,517.0,23.0,3087.0,,,,,61.0,66.0,,,11.70689655172414,5.970986460348162,,,,,
2025_152_4685400,4685400,Shemar James,Florida,SEC,LINEBACKER,LB,2025,5,16,152,3,3.0,5.0,5.0,72.0,0.0,11.5,159.0,0.0,0.0,2.0,1.0,0.0,0.0,0.0,0.0,0.0,0.0,0.0,0.0,0.0,0.0,0.0,0.0,0.0,0.0,0.0,0.0,0.0,0.0,0.0,0.0,0.0,0.0,0.0,0.0,0.0,0.0,0.0,0.0,,,,,,,,,,,,,,,0.0
2025_153_4429010,4429010,Jalen Rivers,Miami,ACC,OFFENSIVEGUARD,OL,2025,5,17,153,1,0.0,0.0,0.0,1.0,0.0,0.0,1.0,0.0,0.0,0.0,0.0,0.0,0.0,0.0,0.0,0.0,0.0,0.0,0.0,0.0,0.0,0.0,0.0,0.0,0.0,0.0,0.0,0.0,0.0,0.0,0.0,0.0,0.0,0.0,0.0,0.0,0.0,0.0,0.0,,,,,,,,,,,,,,,
2025_155_4431664,4431664,Dante Trader Jr.,Maryland,Big Ten,SAFETY,DB,2025,5,19,155,4,15.0,1.0,0.0,121.0,0.0,2.0,186.0,0.0,0.0,0.0,5.0,0.0,84.0,0.0,0.0,0.0,0.0,0.0,0.0,0.0,0.0,0.0,0.0,0.0,0.0,0.0,0.0,0.0,0.0,0.0,0.0,0.0,0.0,0.0,0.0,0.0,0.0,0.0,0.0,,,,,,,,,,,,,,,16.8
2025_156_4602389,4602389,Jeffrey Bassa,Oregon,Pac-12,LINEBACKER,LB,2025,5,20,156,4,4.0,17.0,4.5,113.0,1.0,14.0,218.0,0.0,0.0,0.0,3.0,1.0,78.0,0.0,0.0,0.0,0.0,0.0,0.0,0.0,0.0,0.0,0.0,0.0,0.0,0.0,0.0,0.0,0.0,0.0,0.0,0.0,0.0,0.0,0.0,0.0,0.0,0.0,0.0,,,,,,,,,,,,,,,26.0
2025_157_4690795,4690795,Elijah Roberts,SMU,American Athletic,DEFENSIVEEDGE,DL,2025,5,21,157,5,3.0,18.0,15.5,47.0,0.0,24.0,90.0,0.0,0.0,1.0,0.0,0.0,0.0,0.0,0.0,0.0,0.0,0.0,0.0,0.0,0.0,0.0,0.0,0.0,0.0,0.0,0.0,0.0,0.0,0.0,0.0,0.0,0.0,0.0,0.0,0.0,0.0,0.0,0.0,,,,,,,,,,,,,,,
2025_158_4430870,4430870,Keandre Lambert,Penn State,Big Ten,WIDERECEIVER,WR,2025,5,22,158,5,0.0,0.0,0.0,3.0,0.0,0.0,3.0,0.0,0.0,0.0,0.0,0.0,0.0,0.0,0.0,0.0,0.0,0.0,0.0,0.0,0.0,3.0,2.0,0.0,1.0,73.0,0.0,0.0,0.0,0.0,0.0,0.0,0.0,175.0,19.0,2696.0,2.0,0.0,0.0,,,,,88.0,2.0,0.6666666666666666,24.333333333333332,15.405714285714286,0.0,,,,,
2025_159_4683059,4683059,Collin Oliver,Oklahoma State,Big 12,LINEBACKER,LB,2025,5,23,159,4,7.0,33.0,23.5,86.0,0.0,40.5,133.0,0.0,0.0,1.0,0.0,0.0,0.0,0.0,0.0,0.0,0.0,0.0,0.0,0.0,0.0,0.0,0.0,0.0,0.0,0.0,0.0,0.0,0.0,0.0,0.0,0.0,0.0,0.0,0.0,0.0,0.0,0.0,0.0,,,,,,,,,,,,,,,
2025_160_4693337,4693337,Marques Sigle,North Dakota State,MVFC,SAFETY,DB,2025,5,24,160,3,12.0,1.0,0.0,86.0,1.0,9.5,124.0,0.0,0.0,0.0,6.0,2.0,139.0,0.0,0.0,0.0,0.0,0.0,0.0,0.0,0.0,0.0,0.0,0.0,0.0,0.0,0.0,0.0,0.0,0.0,0.0,0.0,0.0,0.0,0.0,0.0,0.0,0.0,0.0,,,,,,,,,,,,,,,23.166666666666668
2025_161_4431573,4431573,Smael Mondon Jr.,Georgia,SEC,LINEBACKER,LB,2025,5,25,161,4,6.0,6.0,7.0,110.0,0.0,17.0,194.0,0.0,0.0,0.0,1.0,0.0,3.0,0.0,0.0,0.0,0.0,0.0,0.0,0.0,0.0,0.0,0.0,0.0,0.0,0.0,0.0,0.0,0.0,0.0,0.0,0.0,0.0,0.0,0.0,0.0,0.0,0.0,0.0,,,,,,,,,,,,,,,3.0
2025_162_4700136,4700136,Francisco Mauigoa,Washington State,Pac-12,LINEBACKER,LB,2025,5,26,162,4,9.0,12.0,13.0,140.0,1.0,33.5,251.0,0.0,0.0,2.0,3.0,1.0,99.0,0.0,0.0,0.0,0.0,0.0,0.0,0.0,0.0,0.0,0.0,0.0,0.0,0.0,0.0,0.0,0.0,0.0,0.0,0.0,0.0,0.0,0.0,0.0,0.0,0.0,0.0,,,,,,,,,,,,,,,33.0
2025_163_4683243,4683243,Mitchell Evans,Notre Dame,FBS Independents,TIGHTEND,TE,2025,5,27,163,4,0.0,0.0,0.0,1.0,0.0,0.0,1.0,1.0,0.0,0.0,0.0,0.0,0.0,0.0,0.0,0.0,0.0,0.0,0.0,0.0,0.0,0.0,0.0,0.0,0.0,0.0,0.0,0.0,0.0,0.0,0.0,0.0,0.0,77.0,5.0,903.0,8.0,1.0,13.0,,,,,36.0,4.0,,,11.727272727272728,1.625,,,,,
2025_164_4430947,4430947,Yahya Black,Iowa,Big Ten,DEFENSIVETACKLE,DL,2025,5,28,164,5,9.0,4.0,5.5,51.0,0.0,13.5,115.0,0.0,0.0,0.0,0.0,0.0,0.0,0.0,0.0,0.0,0.0,0.0,0.0,0.0,0.0,0.0,0.0,0.0,0.0,0.0,0.0,0.0,0.0,0.0,0.0,0.0,0.0,0.0,0.0,0.0,0.0,0.0,0.0,,,,,,,,,,,,,,,
2025_165_4595342,4595342,Oronde Gadsden II,Syracuse,ACC,TIGHTEND,TE,2025,5,29,165,4,0.0,0.0,0.0,1.0,0.0,0.0,1.0,0.0,0.0,0.0,0.0,0.0,0.0,0.0,0.0,0.0,0.0,0.0,0.0,0.0,0.0,0.0,0.0,0.0,0.0,0.0,0.0,0.0,0.0,0.0,0.0,0.0,0.0,142.0,14.0,1982.0,1.0,0.0,12.0,,,,,46.0,12.0,,,13.95774647887324,12.0,,,,,
2025_166_4597703,4597703,Tory Horton,Nevada,Mountain West,WIDERECEIVER,WR,2025,5,30,166,5,0.0,0.0,0.0,3.0,3.0,0.0,4.0,3.0,2.0,1.0,0.0,0.0,0.0,0.0,0.0,0.0,0.0,0.0,0.0,0.0,0.0,6.0,5.0,1.0,1.0,151.0,26.0,3.0,423.0,0.0,0.0,0.0,0.0,264.0,27.0,3593.0,3.0,0.0,28.0,,,79.0,,85.0,22.0,0.8333333333333334,25.166666666666668,13.609848484848484,9.333333333333334,,16.26923076923077,,,
2025_167_4876319,4876319,Jackson Slater,Sacramento State,Big Sky,OFFENSIVEGUARD,OL,2025,5,31,167,1,0.0,0.0,0.0,1.0,0.0,0.0,1.0,0.0,0.0,0.0,0.0,0.0,0.0,0.0,0.0,0.0,0.0,0.0,0.0,0.0,0.0,0.0,0.0,0.0,0.0,0.0,0.0,0.0,0.0,0.0,0.0,0.0,0.0,0.0,0.0,0.0,0.0,0.0,0.0,,,,,,,,,,,,,,,
2025_168_4567802,4567802,Drew Kendall,Boston College,ACC,CENTER,OL,2025,5,32,168,1,0.0,0.0,0.0,1.0,0.0,0.0,1.0,0.0,0.0,0.0,0.0,0.0,0.0,0.0,0.0,0.0,0.0,0.0,0.0,0.0,0.0,0.0,0.0,0.0,0.0,0.0,0.0,0.0,0.0,0.0,0.0,0.0,0.0,0.0,0.0,0.0,0.0,0.0,0.0,,,,,,,,,,,,,,,
2025_169_4572685,4572685,Zah Frazier,UTSA,Conference USA,CORNERBACK,DB,2025,5,33,169,3,10.0,1.0,0.0,30.0,0.0,2.0,35.0,0.0,0.0,0.0,6.0,0.0,10.0,0.0,0.0,0.0,0.0,0.0,0.0,0.0,0.0,0.0,0.0,0.0,0.0,0.0,0.0,0.0,0.0,0.0,0.0,0.0,0.0,0.0,0.0,0.0,0.0,0.0,0.0,,,,,,,,,,,,,,,1.6666666666666667
2025_170_4596480,4596480,Jordan Hancock,Ohio State,Big Ten,CORNERBACK,DB,2025,5,34,170,4,13.0,1.0,2.5,62.0,1.0,3.5,98.0,0.0,0.0,0.0,3.0,1.0,133.0,0.0,0.0,0.0,0.0,0.0,0.0,0.0,0.0,0.0,0.0,0.0,0.0,0.0,0.0,0.0,0.0,0.0,0.0,0.0,0.0,0.0,0.0,0.0,0.0,0.0,0.0,,,,,,,,,,,,,,,44.333333333333336
2025_171_4608890,4608890,Miles Frazier,LSU,SEC,OFFENSIVEGUARD,OL,2025,5,35,171,2,0.0,0.0,0.0,1.0,0.0,0.0,2.0,0.0,0.0,0.0,0.0,0.0,0.0,0.0,0.0,0.0,0.0,0.0,0.0,0.0,0.0,0.0,0.0,0.0,0.0,0.0,0.0,0.0,0.0,0.0,0.0,0.0,0.0,0.0,0.0,0.0,0.0,0.0,0.0,,,,,,,,,,,,,,,
2025_172_4602943,4602943,Chris Paul Jr.,Ole Miss,SEC,LINEBACKER,LB,2025,5,36,172,4,5.0,12.0,9.0,109.0,0.0,26.5,212.0,1.0,1.0,2.0,1.0,0.0,10.0,0.0,0.0,0.0,0.0,0.0,0.0,0.0,0.0,0.0,0.0,0.0,0.0,0.0,0.0,0.0,0.0,0.0,0.0,0.0,0.0,0.0,0.0,0.0,0.0,0.0,0.0,,,,,,,,,,,,,,,10.0
2025_173_4573699,4573699,Jackson Hawes,Yale,Ivy,TIGHTEND,TE,2025,5,37,173,4,0.0,0.0,0.0,1.0,0.0,0.0,1.0,0.0,0.0,0.0,0.0,0.0,0.0,1.0,0.0,17.0,0.0,0.0,0.0,0.0,0.0,0.0,0.0,0.0,0.0,0.0,0.0,0.0,0.0,0.0,0.0,0.0,0.0,39.0,5.0,434.0,0.0,0.0,0.0,17.0,,,,34.0,,,,11.128205128205128,,17.0,,,,
2025_174_4432668,4432668,Denzel Burke,Ohio State,Big Ten,CORNERBACK,DB,2025,5,38,174,4,27.0,0.0,0.0,104.0,1.0,8.0,138.0,0.0,0.0,0.0,4.0,1.0,31.0,0.0,0.0,0.0,0.0,0.0,0.0,0.0,0.0,0.0,0.0,0.0,0.0,0.0,1.0,0.0,7.0,0.0,0.0,0.0,0.0,0.0,0.0,0.0,0.0,0.0,0.0,,,7.0,,,,,,,,,7.0,,,7.75
2025_175_4691688,4691688,Robbie Ouzts,Alabama,SEC,TIGHTEND,TE,2025,5,39,175,4,0.0,0.0,0.0,0.0,0.0,0.0,0.0,0.0,0.0,0.0,0.0,0.0,0.0,2.0,0.0,22.0,0.0,0.0,0.0,0.0,0.0,0.0,0.0,0.0,0.0,0.0,0.0,0.0,0.0,0.0,0.0,0.0,0.0,16.0,3.0,192.0,0.0,0.0,0.0,11.0,,,,44.0,,,,12.0,,11.0,,,,
2025_176_4692555,4692555,Tyler Baron,Tennessee,SEC,DEFENSIVEEDGE,DL,2025,5,40,176,5,4.0,18.0,19.0,65.0,0.0,38.0,136.0,0.0,0.0,1.0,0.0,0.0,0.0,0.0,0.0,0.0,0.0,0.0,0.0,0.0,0.0,0.0,0.0,0.0,0.0,0.0,0.0,0.0,0.0,0.0,0.0,0.0,0.0,0.0,0.0,0.0,0.0,0.0,0.0,,,,,,,,,,,,,,,
2025_177_4568703,4568703,Dorian Strong,Virginia Tech,ACC,CORNERBACK,DB,2025,6,1,177,5,27.0,1.0,0.0,80.0,0.0,1.5,109.0,1.0,1.0,4.0,7.0,0.0,55.0,0.0,0.0,0.0,0.0,0.0,0.0,0.0,0.0,0.0,0.0,0.0,0.0,0.0,0.0,0.0,0.0,0.0,0.0,0.0,0.0,0.0,0.0,0.0,0.0,0.0,0.0,,,,,,,,,,,,,,,7.857142857142857
2025_178_5083656,5083656,Bilhal Kone,Western Michigan,Mid-American,CORNERBACK,DB,2025,6,2,178,3,16.0,2.0,0.0,80.0,0.0,3.0,119.0,0.0,0.0,3.0,2.0,0.0,11.0,0.0,0.0,0.0,0.0,0.0,0.0,0.0,0.0,0.0,0.0,0.0,0.0,0.0,0.0,0.0,0.0,0.0,0.0,0.0,0.0,0.0,0.0,0.0,0.0,0.0,0.0,,,,,,,,,,,,,,,5.5
2025_179_4711533,4711533,Ollie Gordon,Oklahoma State,Big 12,RUNNINGBACK,RB,2025,6,3,179,3,0.0,0.0,0.0,2.0,0.0,0.0,4.0,6.0,4.0,0.0,0.0,0.0,0.0,0.0,0.0,0.0,0.0,0.0,0.0,0.0,0.0,2.0,1.0,1.0,0.0,27.0,0.0,0.0,0.0,0.0,0.0,0.0,0.0,81.0,5.0,607.0,536.0,35.0,2897.0,,,,,50.0,75.0,0.5,13.5,7.493827160493828,5.404850746268656,,,,,
2025_180_4430896,4430896,J.J. Pegues,Ole Miss,SEC,DEFENSIVETACKLE,DL,2025,6,4,180,5,4.0,10.0,10.0,61.0,0.0,27.5,125.0,0.0,0.0,1.0,0.0,0.0,0.0,0.0,0.0,0.0,0.0,0.0,0.0,0.0,0.0,1.0,1.0,0.0,0.0,0.0,0.0,0.0,0.0,0.0,0.0,0.0,0.0,8.0,1.0,58.0,31.0,7.0,100.0,,,,,16.0,11.0,1.0,0.0,7.25,3.225806451612903,,,,,
2025_181_4433971,4433971,Kyle McCord,Syracuse,ACC,QUARTERBACK,QB,2025,6,5,181,4,0.0,0.0,0.0,1.0,0.0,0.0,1.0,10.0,3.0,0.0,0.0,0.0,0.0,0.0,0.0,0.0,0.0,0.0,0.0,0.0,0.0,998.0,661.0,20.0,61.0,8555.0,0.0,0.0,0.0,0.0,0.0,0.0,0.0,0.0,0.0,0.0,111.0,3.0,-142.0,,,,,,29.0,0.6623246492985972,8.572144288577155,,-1.279279279279279,,,,,
2025_182_4569923,4569923,Andres Borregales,Miami,ACC,PLACEKICKER,ST,2025,6,6,182,4,0.0,0.0,0.0,3.0,0.0,0.0,3.0,0.0,0.0,0.0,0.0,0.0,0.0,0.0,0.0,0.0,86.0,74.0,405.0,184.0,183.0,0.0,0.0,0.0,0.0,0.0,0.0,0.0,0.0,0.0,0.0,0.0,0.0,0.0,0.0,0.0,1.0,0.0,7.0,,56.0,,,,7.0,,,,7.0,,,,0.8604651162790697,
2025_183_4570469,4570469,Marcus Harris,Idaho,Big Sky,CORNERBACK,DB,2025,6,7,183,4,10.0,1.0,0.0,43.0,0.0,3.5,69.0,0.0,0.0,2.0,7.0,2.0,158.0,0.0,0.0,0.0,0.0,0.0,0.0,0.0,0.0,0.0,0.0,0.0,0.0,0.0,0.0,0.0,0.0,0.0,0.0,0.0,0.0,0.0,0.0,0.0,0.0,0.0,0.0,,,,,,,,,,,,,,,22.571428571428573
2025_184_4682652,4682652,Devin Neal,Kansas,Big 12,RUNNINGBACK,RB,2025,6,8,184,4,0.0,0.0,0.0,1.0,0.0,0.0,1.0,5.0,1.0,0.0,0.0,0.0,0.0,2.0,0.0,0.0,0.0,0.0,0.0,0.0,0.0,1.0,0.0,0.0,0.0,0.0,0.0,0.0,0.0,0.0,0.0,0.0,0.0,77.0,4.0,711.0,760.0,49.0,4343.0,0.0,,,,59.0,80.0,0.0,0.0,9.233766233766234,5.714473684210526,0.0,,,,
2025_185_4429955,4429955,Will Howard,Ohio State,Big Ten,QUARTERBACK,QB,2025,6,9,185,5,0.0,0.0,0.0,1.0,0.0,0.0,1.0,17.0,7.0,0.0,0.0,0.0,0.0,0.0,0.0,0.0,0.0,0.0,0.0,0.0,0.0,1202.0,767.0,35.0,83.0,9796.0,0.0,0.0,0.0,0.0,0.0,0.0,0.0,2.0,1.0,8.0,330.0,26.0,1160.0,,,,,8.0,80.0,0.6381031613976705,8.149750415973378,4.0,3.515151515151515,,,,,
2025_186_4697745,4697745,Tyler Loop,Arizona,Pac-12,PLACEKICKER,ST,2025,6,10,186,5,0.0,0.0,0.0,2.0,0.0,0.0,2.0,0.0,0.0,0.0,0.0,0.0,0.0,0.0,0.0,0.0,80.0,67.0,327.0,128.0,126.0,0.0,0.0,0.0,0.0,0.0,0.0,0.0,0.0,11.0,28.0,2.0,1200.0,0.0,0.0,0.0,0.0,0.0,0.0,,62.0,,64.0,,,,,,,,,42.857142857142854,0.8375,
2025_187_4432758,4432758,Jaylen Reed,Penn State,Big Ten,SAFETY,DB,2025,6,11,187,4,6.0,3.0,4.0,110.0,1.0,13.0,177.0,0.0,0.0,1.0,5.0,1.0,67.0,0.0,0.0,0.0,0.0,0.0,0.0,0.0,0.0,0.0,0.0,0.0,0.0,0.0,0.0,0.0,0.0,0.0,0.0,0.0,0.0,0.0,0.0,0.0,0.0,0.0,0.0,,,,,,,,,,,,,,,13.4
2025_188_4429121,4429121,Kalel Mullings,Michigan,Big Ten,RUNNINGBACK,RB,2025,6,12,188,5,0.0,0.0,0.0,13.0,0.0,0.0,25.0,2.0,1.0,0.0,0.0,0.0,0.0,5.0,0.0,103.0,0.0,0.0,0.0,0.0,0.0,1.0,1.0,0.0,0.0,15.0,1.0,0.0,22.0,0.0,0.0,0.0,0.0,8.0,0.0,67.0,235.0,16.0,1200.0,27.0,,22.0,,19.0,63.0,1.0,15.0,8.375,5.1063829787234045,20.6,22.0,,,
2025_189_4683423,4683423,Riley Leonard,Notre Dame,FBS Independents,QUARTERBACK,QB,2025,6,13,189,4,0.0,0.0,0.0,0.0,0.0,0.0,0.0,13.0,3.0,0.0,0.0,0.0,0.0,0.0,0.0,0.0,0.0,0.0,0.0,0.0,0.0,1021.0,651.0,18.0,45.0,7311.0,0.0,0.0,0.0,1.0,1.0,0.0,28.0,1.0,0.0,-8.0,413.0,36.0,2129.0,,,,28.0,0.0,74.0,0.6376101860920667,7.160626836434868,-8.0,5.154963680387409,,,28.0,,
2025_190_4692033,4692033,Tim Smith,Alabama,SEC,DEFENSIVETACKLE,DL,2025,6,14,190,5,1.0,7.0,5.5,49.0,0.0,14.0,121.0,0.0,0.0,3.0,0.0,0.0,0.0,0.0,0.0,0.0,0.0,0.0,0.0,0.0,0.0,0.0,0.0,0.0,0.0,0.0,0.0,0.0,0.0,0.0,0.0,0.0,0.0,0.0,0.0,0.0,0.0,0.0,0.0,,,,,,,,,,,,,,,
2025_191_4429000,4429000,Myles Hinton,Michigan,Big Ten,OFFENSIVETACKLE,OL,2025,6,15,191,1,0.0,0.0,0.0,1.0,0.0,0.0,2.0,0.0,0.0,0.0,0.0,0.0,0.0,0.0,0.0,0.0,0.0,0.0,0.0,0.0,0.0,0.0,0.0,0.0,0.0,0.0,0.0,0.0,0.0,0.0,0.0,0.0,0.0,0.0,0.0,0.0,0.0,0.0,0.0,,,,,,,,,,,,,,,
2025_192_4612077,4612077,Bryce Cabledue,Kansas,Big 12,OFFENSIVETACKLE,OL,2025,6,16,192,1,0.0,0.0,0.0,0.0,0.0,0.0,0.0,0.0,0.0,0.0,0.0,0.0,0.0,0.0,0.0,0.0,0.0,0.0,0.0,0.0,0.0,0.0,0.0,0.0,0.0,0.0,0.0,0.0,0.0,0.0,0.0,0.0,0.0,0.0,0.0,0.0,0.0,0.0,-2.0,,,,,,0.0,,,,-inf,,,,,
2025_193_4429299,4429299,Tahj Brooks,Texas Tech,Big 12,RUNNINGBACK,RB,2025,6,17,193,5,0.0,0.0,0.0,2.0,0.0,0.0,2.0,4.0,3.0,0.0,0.0,0.0,0.0,2.0,0.0,21.0,0.0,0.0,0.0,0.0,0.0,3.0,2.0,0.0,0.0,38.0,0.0,0.0,0.0,0.0,0.0,0.0,0.0,102.0,2.0,534.0,881.0,45.0,4566.0,21.0,,,,30.0,67.0,0.6666666666666666,12.666666666666666,5.235294117647059,5.182746878547105,10.5,,,,
2025_194_4576129,4576129,Jalen McLeod,Auburn,SEC,LINEBACKER,LB,2025,6,18,194,5,6.0,19.0,22.5,113.0,0.0,36.0,181.0,1.0,0.0,4.0,0.0,0.0,0.0,0.0,0.0,0.0,0.0,0.0,0.0,0.0,0.0,0.0,0.0,0.0,0.0,0.0,0.0,0.0,0.0,0.0,0.0,0.0,0.0,0.0,0.0,0.0,0.0,0.0,0.0,,,,,,,,,,,,,,,
2025_195_4695895,4695895,Luke Newman,Michigan State,Big Ten,OFFENSIVETACKLE,OL,2025,6,19,195,1,0.0,0.0,0.0,1.0,0.0,0.0,1.0,0.0,0.0,0.0,0.0,0.0,0.0,0.0,0.0,0.0,0.0,0.0,0.0,0.0,0.0,0.0,0.0,0.0,0.0,0.0,0.0,0.0,0.0,0.0,0.0,0.0,0.0,0.0,0.0,0.0,0.0,0.0,0.0,,,,,,,,,,,,,,,
2025_196_4710422,4710422,Ahmed Hassanein,Boise State,Mountain West,DEFENSIVEEDGE,DL,2025,6,20,196,4,0.0,11.0,24.0,69.0,0.0,34.0,117.0,0.0,0.0,1.0,0.0,0.0,0.0,0.0,0.0,0.0,0.0,0.0,0.0,0.0,0.0,0.0,0.0,0.0,0.0,0.0,0.0,0.0,0.0,0.0,0.0,0.0,0.0,0.0,0.0,0.0,0.0,0.0,0.0,,,,,,,,,,,,,,,
2025_197_4426335,4426335,Graham Mertz,Wisconsin,Big Ten,QUARTERBACK,QB,2025,6,21,197,6,0.0,0.0,0.0,0.0,0.0,0.0,0.0,20.0,11.0,1.0,0.0,0.0,0.0,0.0,0.0,0.0,0.0,0.0,0.0,0.0,0.0,1224.0,792.0,31.0,64.0,9074.0,0.0,0.0,0.0,0.0,0.0,0.0,0.0,0.0,0.0,0.0,204.0,13.0,-28.0,,,,,,24.0,0.6470588235294118,7.413398692810458,,-0.1372549019607843,,,,,
2025_198_4429136,4429136,Warren Brinson,Georgia,SEC,DEFENSIVETACKLE,DL,2025,6,22,198,5,1.0,5.0,6.0,45.0,0.0,14.0,69.0,0.0,0.0,1.0,0.0,0.0,0.0,0.0,0.0,0.0,0.0,0.0,0.0,0.0,0.0,0.0,0.0,0.0,0.0,0.0,0.0,0.0,0.0,0.0,0.0,0.0,0.0,0.0,0.0,0.0,0.0,0.0,0.0,,,,,,,,,,,,,,,
2025_199_4433914,4433914,Branson Taylor,Western Michigan,Mid-American,OFFENSIVETACKLE,OL,2025,6,23,199,1,1.0,0.0,0.0,0.0,0.0,0.0,0.0,0.0,0.0,0.0,0.0,0.0,0.0,0.0,0.0,0.0,0.0,0.0,0.0,0.0,0.0,0.0,0.0,0.0,0.0,0.0,0.0,0.0,0.0,0.0,0.0,0.0,0.0,0.0,0.0,0.0,0.0,0.0,0.0,,,,,,,,,,,,,,,
2025_200_4880675,4880675,Rayuan Lane,Navy,American Athletic,SAFETY,DB,2025,6,24,200,4,19.0,1.0,1.5,150.0,2.0,8.0,236.0,0.0,0.0,3.0,7.0,2.0,208.0,0.0,0.0,0.0,0.0,0.0,0.0,0.0,0.0,0.0,0.0,0.0,0.0,0.0,4.0,0.0,9.0,0.0,0.0,0.0,0.0,0.0,0.0,0.0,1.0,0.0,28.0,,,8.0,,,28.0,,,,28.0,,2.25,,,29.714285714285715
2025_201_4588300,4588300,Kobe King,Penn State,Big Ten,LINEBACKER,LB,2025,6,25,201,4,4.0,4.0,4.5,106.0,0.0,17.5,188.0,0.0,0.0,2.0,0.0,0.0,0.0,0.0,0.0,0.0,0.0,0.0,0.0,0.0,0.0,0.0,0.0,0.0,0.0,0.0,0.0,0.0,0.0,0.0,0.0,0.0,0.0,0.0,0.0,0.0,0.0,0.0,0.0,,,,,,,,,,,,,,,
2025_202_4708049,4708049,Gavin Bartholomew,Pittsburgh,ACC,TIGHTEND,TE,2025,6,26,202,4,0.0,0.0,0.0,2.0,0.0,0.0,2.0,1.0,0.0,0.0,0.0,0.0,0.0,1.0,0.0,-1.0,0.0,0.0,0.0,0.0,0.0,1.0,0.0,0.0,0.0,0.0,0.0,0.0,0.0,0.0,0.0,0.0,0.0,105.0,11.0,1264.0,1.0,0.0,2.0,-1.0,,,,60.0,2.0,0.0,0.0,12.038095238095238,2.0,-1.0,,,,
2025_203_4690143,4690143,LaJohntay Wester,Florida Atlantic,Conference USA,WIDERECEIVER,WR,2025,6,27,203,5,0.0,0.0,0.0,2.0,2.0,0.0,2.0,7.0,5.0,0.0,0.0,0.0,0.0,16.0,0.0,304.0,0.0,0.0,0.0,0.0,0.0,0.0,0.0,0.0,0.0,0.0,66.0,2.0,740.0,0.0,0.0,0.0,0.0,326.0,31.0,3634.0,37.0,2.0,213.0,37.0,,76.0,,76.0,54.0,,,11.14723926380368,5.756756756756757,19.0,11.212121212121213,,,
2025_205_4427984,4427984,Kain Medrano,UCLA,Pac-12,LINEBACKER,LB,2025,6,29,205,5,9.0,10.0,3.5,121.0,1.0,21.0,190.0,0.0,0.0,2.0,3.0,1.0,73.0,0.0,0.0,0.0,0.0,0.0,0.0,0.0,0.0,0.0,0.0,0.0,0.0,0.0,1.0,0.0,3.0,0.0,0.0,0.0,0.0,0.0,0.0,0.0,0.0,0.0,0.0,,,3.0,,,,,,,,,3.0,,,24.333333333333332
2025_206_4427843,4427843,Chase Lundt,UConn,FBS Independents,OFFENSIVETACKLE,OL,2025,6,30,206,1,0.0,0.0,0.0,0.0,0.0,0.0,0.0,1.0,1.0,0.0,0.0,0.0,0.0,0.0,0.0,0.0,0.0,0.0,0.0,0.0,0.0,0.0,0.0,0.0,0.0,0.0,0.0,0.0,0.0,0.0,0.0,0.0,0.0,0.0,0.0,-6.0,0.0,0.0,0.0,,,,,0.0,,,,-inf,,,,,,
2025_208_4708486,4708486,Jimmy Horn Jr.,South Florida,American Athletic,WIDERECEIVER,WR,2025,6,32,208,4,0.0,0.0,0.0,1.0,1.0,0.0,2.0,4.0,1.0,0.0,0.0,0.0,0.0,34.0,1.0,706.0,0.0,0.0,0.0,0.0,0.0,1.0,1.0,0.0,1.0,30.0,14.0,0.0,90.0,0.0,0.0,0.0,0.0,162.0,11.0,1967.0,17.0,1.0,128.0,89.0,,27.0,,91.0,55.0,1.0,30.0,12.141975308641976,7.529411764705882,20.764705882352946,6.428571428571429,,,
2025_209_4429009,4429009,Antwuan Powell,Virginia Tech,ACC,DEFENSIVEEDGE,DL,2025,6,33,209,4,1.0,17.0,29.5,65.0,0.0,39.5,112.0,0.0,0.0,6.0,0.0,0.0,0.0,0.0,0.0,0.0,0.0,0.0,0.0,0.0,0.0,0.0,0.0,0.0,0.0,0.0,0.0,0.0,0.0,0.0,0.0,0.0,0.0,0.0,0.0,0.0,0.0,0.0,0.0,,,,,,,,,,,,,,,
2025_210_4565311,4565311,Aeneas Peebles,Virginia Tech,ACC,DEFENSIVETACKLE,DL,2025,6,34,210,5,5.0,15.0,12.0,39.0,0.0,19.5,113.0,0.0,0.0,1.0,0.0,0.0,0.0,0.0,0.0,0.0,0.0,0.0,0.0,0.0,0.0,0.0,0.0,0.0,0.0,0.0,0.0,0.0,0.0,0.0,0.0,0.0,0.0,0.0,0.0,0.0,0.0,0.0,0.0,,,,,,,,,,,,,,,
2025_211_4431214,4431214,Hayden Conner,Texas,Big 12,OFFENSIVEGUARD,OL,2025,6,35,211,1,0.0,0.0,0.0,1.0,0.0,0.0,1.0,0.0,0.0,0.0,0.0,0.0,0.0,0.0,0.0,0.0,0.0,0.0,0.0,0.0,0.0,0.0,0.0,0.0,0.0,0.0,0.0,0.0,0.0,0.0,0.0,0.0,0.0,0.0,0.0,0.0,0.0,0.0,0.0,,,,,,,,,,,,,,,
2025_212_4575860,4575860,Robert Longerbeam,Rutgers,Big Ten,CORNERBACK,DB,2025,6,36,212,4,32.0,0.0,2.0,101.0,0.0,4.5,148.0,0.0,0.0,2.0,5.0,0.0,20.0,0.0,0.0,0.0,0.0,0.0,0.0,0.0,0.0,0.0,0.0,0.0,0.0,0.0,0.0,0.0,0.0,0.0,0.0,0.0,0.0,0.0,0.0,0.0,0.0,0.0,0.0,,,,,,,,,,,,,,,4.0
2025_213_4775196,4775196,Tommy Mellott,Montana State,Big Sky,WIDERECEIVER,WR,2025,6,37,213,4,0.0,0.0,0.0,1.0,0.0,0.0,1.0,6.0,4.0,0.0,0.0,0.0,0.0,0.0,0.0,0.0,0.0,0.0,0.0,0.0,0.0,611.0,394.0,8.0,51.0,5441.0,0.0,0.0,0.0,0.0,0.0,0.0,0.0,1.0,0.0,12.0,352.0,33.0,2621.0,,,,,12.0,76.0,0.6448445171849427,8.9050736497545,12.0,7.446022727272728,,,,,
2025_214_4429018,4429018,R.J. Mickens,Clemson,ACC,SAFETY,DB,2025,6,38,214,5,12.0,4.0,0.0,101.0,0.0,13.0,173.0,0.0,0.0,1.0,7.0,0.0,43.0,0.0,0.0,0.0,0.0,0.0,0.0,0.0,0.0,0.0,0.0,0.0,0.0,0.0,0.0,0.0,0.0,0.0,0.0,0.0,0.0,0.0,0.0,0.0,0.0,0.0,0.0,,,,,,,,,,,,,,,6.142857142857143
2025_215_4693331,4693331,Cam Miller,North Dakota State,MVFC,QUARTERBACK,QB,2025,6,39,215,4,0.0,0.0,0.0,0.0,0.0,0.0,0.0,6.0,4.0,0.0,0.0,0.0,0.0,0.0,0.0,0.0,0.0,0.0,0.0,0.0,0.0,885.0,625.0,13.0,65.0,7910.0,0.0,0.0,0.0,0.0,0.0,0.0,0.0,0.0,0.0,0.0,402.0,40.0,1821.0,,,,,,68.0,0.7062146892655368,8.937853107344633,,4.529850746268656,,,,,
2025_216_4589212,4589212,Jeremy Crawshaw,Florida,SEC,PUNTER,ST,2025,6,40,216,5,0.0,0.0,0.0,1.0,0.0,0.0,1.0,0.0,0.0,0.0,0.0,0.0,0.0,0.0,0.0,0.0,0.0,0.0,0.0,0.0,0.0,0.0,0.0,0.0,0.0,0.0,0.0,0.0,0.0,78.0,190.0,16.0,8820.0,0.0,0.0,0.0,2.0,0.0,18.0,,,,69.0,,28.0,,,,9.0,,,46.421052631578945,,
2025_217_4431603,4431603,Jay Toia,UCLA,Pac-12,DEFENSIVETACKLE,DL,2025,7,1,217,4,4.0,4.0,3.0,48.0,0.0,7.0,81.0,0.0,0.0,0.0,0.0,0.0,0.0,0.0,0.0,0.0,0.0,0.0,0.0,0.0,0.0,0.0,0.0,0.0,0.0,0.0,0.0,0.0,0.0,0.0,0.0,0.0,0.0,0.0,0.0,0.0,0.0,0.0,0.0,,,,,,,,,,,,,,,
2025_218_4693369,4693369,Jack Nelson,Wisconsin,Big Ten,OFFENSIVETACKLE,OL,2025,7,2,218,3,1.0,0.0,0.0,8.0,0.0,0.0,11.0,0.0,0.0,0.0,0.0,0.0,0.0,0.0,0.0,0.0,0.0,0.0,0.0,0.0,0.0,0.0,0.0,0.0,0.0,0.0,0.0,0.0,0.0,0.0,0.0,0.0,0.0,0.0,0.0,0.0,0.0,0.0,0.0,,,,,,,,,,,,,,,
2025_219_4590292,4590292,Thomas Fidone Jr.,Nebraska,Big Ten,TIGHTEND,TE,2025,7,3,219,2,0.0,0.0,0.0,1.0,0.0,0.0,1.0,1.0,0.0,0.0,0.0,0.0,0.0,0.0,0.0,0.0,0.0,0.0,0.0,0.0,0.0,0.0,0.0,0.0,0.0,0.0,0.0,0.0,0.0,0.0,0.0,0.0,0.0,61.0,4.0,633.0,0.0,0.0,0.0,,,,,33.0,,,,10.37704918032787,,,,,,
2025_221_4430481,4430481,Jonah Monheim,USC,Pac-12,CENTER,OL,2025,7,5,221,2,0.0,0.0,0.0,0.0,0.0,0.0,2.0,0.0,0.0,0.0,0.0,0.0,0.0,0.0,0.0,0.0,0.0,0.0,0.0,0.0,0.0,0.0,0.0,0.0,0.0,0.0,0.0,0.0,0.0,0.0,0.0,0.0,0.0,0.0,0.0,0.0,0.0,0.0,0.0,,,,,,,,,,,,,,,
2025_222_4685126,4685126,Cody Lindenberg,Minnesota,Big Ten,LINEBACKER,LB,2025,7,6,222,5,8.0,4.0,2.0,107.0,0.0,12.5,197.0,0.0,0.0,0.0,1.0,0.0,0.0,0.0,0.0,0.0,0.0,0.0,0.0,0.0,0.0,0.0,0.0,0.0,0.0,0.0,0.0,0.0,0.0,0.0,0.0,0.0,0.0,0.0,0.0,0.0,0.0,0.0,0.0,,,,,,,,,,,,,,,0.0
2025_223_4808830,4808830,Damien Martinez,Oregon State,Pac-12,RUNNINGBACK,RB,2025,7,7,223,3,0.0,0.0,0.0,0.0,0.0,0.0,0.0,4.0,2.0,0.0,0.0,0.0,0.0,1.0,0.0,17.0,0.0,0.0,0.0,0.0,0.0,0.0,0.0,0.0,0.0,0.0,0.0,0.0,0.0,0.0,0.0,0.0,0.0,32.0,0.0,391.0,514.0,26.0,3169.0,17.0,,,,36.0,75.0,,,12.21875,6.165369649805448,17.0,,,,
2025_224_4677281,4677281,Kyonte Hamilton,Rutgers,Big Ten,DEFENSIVETACKLE,DL,2025,7,8,224,4,1.0,7.0,5.0,39.0,0.0,10.0,103.0,0.0,0.0,1.0,0.0,0.0,0.0,0.0,0.0,0.0,0.0,0.0,0.0,0.0,0.0,0.0,0.0,0.0,0.0,0.0,0.0,0.0,0.0,0.0,0.0,0.0,0.0,0.0,0.0,0.0,0.0,0.0,0.0,,,,,,,,,,,,,,,
2025_225_4430821,4430821,Kitan Crawford,Texas,Big 12,SAFETY,DB,2025,7,9,225,5,8.0,1.0,0.0,84.0,1.0,5.0,134.0,1.0,0.0,1.0,3.0,1.0,67.0,1.0,0.0,19.0,0.0,0.0,0.0,0.0,0.0,0.0,0.0,0.0,0.0,0.0,1.0,0.0,7.0,0.0,0.0,0.0,0.0,1.0,0.0,6.0,1.0,0.0,-4.0,19.0,,7.0,,6.0,0.0,,,6.0,-4.0,19.0,7.0,,,22.333333333333332
2025_226_4429490,4429490,Carson Bruener,Washington,Pac-12,LINEBACKER,LB,2025,7,10,226,4,9.0,7.0,1.0,175.0,0.0,9.0,295.0,0.0,0.0,0.0,5.0,0.0,138.0,0.0,0.0,0.0,0.0,0.0,0.0,0.0,0.0,0.0,0.0,0.0,0.0,0.0,0.0,0.0,0.0,0.0,0.0,0.0,0.0,0.0,0.0,0.0,0.0,0.0,0.0,,,,,,,,,,,,,,,27.6
2025_227_4430431,4430431,Kurtis Rourke,Ohio,Mid-American,QUARTERBACK,QB,2025,7,11,227,6,0.0,0.0,0.0,2.0,0.0,0.0,3.0,20.0,10.0,0.0,0.0,0.0,0.0,0.0,0.0,0.0,0.0,0.0,0.0,0.0,0.0,1285.0,862.0,21.0,79.0,10716.0,0.0,0.0,0.0,0.0,0.0,0.0,0.0,3.0,0.0,62.0,278.0,13.0,797.0,,,,,38.0,61.0,0.670817120622568,8.339299610894942,20.666666666666668,2.866906474820144,,,,,
2025_228_4596602,4596602,Brashard Smith,SMU,ACC,RUNNINGBACK,RB,2025,7,12,228,4,1.0,0.0,0.0,3.0,1.0,0.0,3.0,4.0,2.0,0.0,0.0,0.0,0.0,53.0,1.0,1295.0,0.0,0.0,0.0,0.0,0.0,0.0,0.0,0.0,0.0,0.0,5.0,0.0,22.0,0.0,0.0,0.0,0.0,108.0,8.0,1097.0,252.0,15.0,1507.0,98.0,,18.0,,75.0,80.0,,,10.157407407407408,5.98015873015873,24.433962264150946,4.4,,,
2025_229_4608004,4608004,Donte Kent,Central Michigan,Mid-American,CORNERBACK,DB,2025,7,13,229,5,44.0,1.0,1.5,165.0,1.0,4.5,226.0,3.0,3.0,1.0,2.0,0.0,16.0,0.0,0.0,0.0,0.0,0.0,0.0,0.0,0.0,0.0,0.0,0.0,0.0,0.0,16.0,1.0,217.0,0.0,0.0,0.0,0.0,0.0,0.0,0.0,0.0,0.0,0.0,,,68.0,,,,,,,,,13.5625,,,8.0
2025_230_4575115,4575115,Dan Jackson,Georgia,SEC,SAFETY,DB,2025,7,14,230,4,5.0,0.0,0.0,96.0,0.0,4.5,137.0,0.0,0.0,1.0,4.0,0.0,13.0,0.0,0.0,0.0,0.0,0.0,0.0,0.0,0.0,0.0,0.0,0.0,0.0,0.0,1.0,0.0,8.0,0.0,0.0,0.0,0.0,0.0,0.0,0.0,0.0,0.0,0.0,,,8.0,,,,,,,,,8.0,,,3.25
2025_231_4889929,4889929,Quinn Ewers,Texas,SEC,QUARTERBACK,QB,2025,7,15,231,3,0.0,0.0,0.0,0.0,0.0,0.0,0.0,11.0,7.0,0.0,0.0,0.0,0.0,0.0,0.0,0.0,0.0,0.0,0.0,0.0,0.0,1134.0,736.0,24.0,68.0,9079.0,0.0,0.0,0.0,0.0,0.0,0.0,0.0,1.0,0.0,3.0,140.0,8.0,-59.0,,,,,3.0,30.0,0.6490299823633157,8.006172839506172,3.0,-0.4214285714285714,,,,,
2025_232_4432789,4432789,Hunter Wohler,Wisconsin,Big Ten,SAFETY,DB,2025,7,16,232,4,13.0,4.0,2.0,147.0,0.0,10.5,227.0,2.0,1.0,0.0,3.0,0.0,9.0,0.0,0.0,0.0,0.0,0.0,0.0,0.0,0.0,0.0,0.0,0.0,0.0,0.0,8.0,0.0,55.0,0.0,0.0,0.0,0.0,0.0,0.0,0.0,0.0,0.0,0.0,,,15.0,,,,,,,,,6.875,,,3.0
2025_233_4608686,4608686,Kyle Monangai,Rutgers,Big Ten,RUNNINGBACK,RB,2025,7,17,233,4,0.0,0.0,0.0,2.0,0.0,0.0,3.0,0.0,0.0,0.0,0.0,0.0,0.0,0.0,0.0,0.0,0.0,0.0,0.0,0.0,0.0,1.0,0.0,0.0,0.0,0.0,0.0,0.0,0.0,0.0,0.0,0.0,0.0,38.0,1.0,252.0,669.0,27.0,3235.0,,,,,20.0,62.0,0.0,0.0,6.631578947368421,4.835575485799701,,,,,
2025_235_4608810,4608810,Tez Johnson,Troy,Sun Belt,WIDERECEIVER,WR,2025,7,19,235,5,0.0,0.0,0.0,2.0,1.0,0.0,2.0,7.0,2.0,0.0,0.0,0.0,0.0,2.0,0.0,12.0,0.0,0.0,0.0,0.0,0.0,4.0,1.0,1.0,1.0,7.0,57.0,1.0,552.0,0.0,0.0,0.0,0.0,310.0,28.0,3884.0,9.0,1.0,50.0,12.0,,85.0,,77.0,31.0,0.25,1.75,12.529032258064516,5.555555555555555,6.0,9.68421052631579,,,
2025_236_4911851,4911851,Lequint Allen,Syracuse,ACC,RUNNINGBACK,RB,2025,7,20,236,3,0.0,0.0,0.0,6.0,0.0,0.0,7.0,5.0,2.0,0.0,0.0,0.0,0.0,2.0,0.0,49.0,0.0,0.0,0.0,0.0,0.0,3.0,1.0,0.0,1.0,33.0,5.0,0.0,91.0,0.0,0.0,0.0,0.0,119.0,6.0,856.0,513.0,26.0,2358.0,35.0,,53.0,,41.0,90.0,0.3333333333333333,11.0,7.19327731092437,4.5964912280701755,24.5,18.2,,,
2025_237_4695280,4695280,Micah Robinson,Tulane,American Athletic,CORNERBACK,DB,2025,7,21,237,4,6.0,0.0,0.0,30.0,1.0,1.0,44.0,0.0,0.0,1.0,6.0,1.0,64.0,0.0,0.0,0.0,0.0,0.0,0.0,0.0,0.0,0.0,0.0,0.0,0.0,0.0,0.0,0.0,0.0,0.0,0.0,0.0,0.0,0.0,0.0,0.0,0.0,0.0,0.0,,,,,,,,,,,,,,,10.666666666666666
2025_238_4431479,4431479,Ricky White,UNLV,Mountain West,WIDERECEIVER,WR,2025,7,22,238,4,0.0,0.0,0.0,4.0,1.0,0.0,4.0,3.0,2.0,0.0,0.0,0.0,0.0,0.0,0.0,0.0,0.0,0.0,0.0,0.0,0.0,0.0,0.0,0.0,0.0,0.0,2.0,1.0,69.0,0.0,0.0,0.0,0.0,228.0,24.0,3366.0,3.0,0.0,5.0,,,51.0,,82.0,3.0,,,14.763157894736842,1.6666666666666667,,34.5,,,
2025_239_4431562,4431562,Phil Mafah,Clemson,ACC,RUNNINGBACK,RB,2025,7,23,239,4,0.0,0.0,0.0,0.0,0.0,0.0,0.0,6.0,3.0,0.0,0.0,0.0,0.0,4.0,0.0,65.0,0.0,0.0,0.0,0.0,0.0,2.0,1.0,0.0,0.0,19.0,0.0,0.0,0.0,0.0,0.0,0.0,0.0,57.0,0.0,297.0,561.0,28.0,2887.0,19.0,,,,22.0,83.0,0.5,9.5,5.2105263157894735,5.146167557932264,16.25,,,,
2025_240_4431509,4431509,Kaden Prather,West Virginia,Big 12,WIDERECEIVER,WR,2025,7,24,240,4,0.0,0.0,0.0,3.0,0.0,0.0,3.0,3.0,2.0,0.0,0.0,0.0,0.0,0.0,0.0,0.0,0.0,0.0,0.0,0.0,0.0,0.0,0.0,0.0,0.0,0.0,0.0,0.0,0.0,0.0,0.0,0.0,0.0,162.0,12.0,1966.0,2.0,0.0,35.0,,,,,57.0,36.0,,,12.135802469135802,17.5,,,,,
2025_241_4432208,4432208,Caleb Lohner,Utah,Big 12,TIGHTEND,TE,2025,7,25,241,1,0.0,0.0,0.0,1.0,0.0,0.0,1.0,0.0,0.0,0.0,0.0,0.0,0.0,0.0,0.0,0.0,0.0,0.0,0.0,0.0,0.0,0.0,0.0,0.0,0.0,0.0,0.0,0.0,0.0,0.0,0.0,0.0,0.0,4.0,4.0,54.0,0.0,0.0,0.0,,,,,20.0,,,,13.5,,,,,,
2025_242_4710855,4710855,Konata Mumpfield,Pittsburgh,ACC,WIDERECEIVER,WR,2025,7,26,242,4,0.0,0.0,0.0,3.0,0.0,0.0,3.0,5.0,3.0,0.0,0.0,0.0,0.0,1.0,0.0,20.0,0.0,0.0,0.0,0.0,0.0,1.0,0.0,0.0,0.0,0.0,5.0,0.0,14.0,0.0,0.0,0.0,0.0,217.0,19.0,2691.0,2.0,0.0,18.0,20.0,,9.0,,82.0,15.0,0.0,0.0,12.400921658986174,9.0,20.0,2.8,,,
2025_244_4596439,4596439,Dominic Lovett,Missouri,SEC,WIDERECEIVER,WR,2025,7,28,244,4,0.0,0.0,0.0,1.0,0.0,0.0,1.0,4.0,1.0,0.0,0.0,0.0,0.0,0.0,0.0,0.0,0.0,0.0,0.0,0.0,0.0,0.0,0.0,0.0,0.0,0.0,1.0,0.0,-4.0,0.0,0.0,0.0,0.0,195.0,13.0,2239.0,11.0,1.0,46.0,,,-4.0,,79.0,18.0,,,11.482051282051282,4.181818181818182,,-4.0,,,
2025_245_4575131,4575131,Jacory Merritt,New Mexico,Mountain West,RUNNINGBACK,RB,2025,7,29,245,5,0.0,0.0,0.0,0.0,0.0,0.0,0.0,4.0,3.0,0.0,0.0,0.0,0.0,0.0,0.0,0.0,0.0,0.0,0.0,0.0,0.0,0.0,0.0,0.0,0.0,0.0,0.0,0.0,0.0,0.0,0.0,0.0,0.0,22.0,1.0,260.0,343.0,22.0,1816.0,,,,,31.0,55.0,,,11.818181818181818,5.294460641399417,,,,,
2025_246_4429281,4429281,Korie Black,Oklahoma State,Big 12,CORNERBACK,DB,2025,7,30,246,5,21.0,1.0,0.0,74.0,0.0,2.0,99.0,0.0,0.0,3.0,4.0,0.0,36.0,0.0,0.0,0.0,0.0,0.0,0.0,0.0,0.0,0.0,0.0,0.0,0.0,0.0,0.0,0.0,0.0,0.0,0.0,0.0,0.0,0.0,0.0,0.0,0.0,0.0,0.0,,,,,,,,,,,,,,,9.0
2025_247_4683450,4683450,Tommy Akingbesote,Maryland,Big Ten,DEFENSIVETACKLE,DL,2025,7,31,247,4,2.0,1.0,4.0,44.0,0.0,7.5,77.0,0.0,0.0,1.0,0.0,0.0,0.0,0.0,0.0,0.0,0.0,0.0,0.0,0.0,0.0,0.0,0.0,0.0,0.0,0.0,0.0,0.0,0.0,0.0,0.0,0.0,0.0,0.0,0.0,0.0,0.0,0.0,0.0,,,,,,,,,,,,,,,
2025_248_4432731,4432731,Moliki Matavao,UCLA,Pac-12,TIGHTEND,TE,2025,7,32,248,4,0.0,0.0,0.0,4.0,0.0,0.0,4.0,2.0,0.0,0.0,0.0,0.0,0.0,0.0,0.0,0.0,0.0,0.0,0.0,0.0,0.0,0.0,0.0,0.0,0.0,0.0,0.0,0.0,0.0,0.0,0.0,0.0,0.0,74.0,6.0,998.0,1.0,1.0,3.0,,,,,35.0,3.0,,,13.486486486486486,3.0,,,,,
2025_249_4431523,4431523,Connor Colby,Iowa,Big Ten,OFFENSIVEGUARD,OL,2025,7,33,249,2,0.0,0.0,0.0,1.0,0.0,0.0,2.0,0.0,0.0,0.0,0.0,0.0,0.0,0.0,0.0,0.0,0.0,0.0,0.0,0.0,0.0,0.0,0.0,0.0,0.0,0.0,0.0,0.0,0.0,0.0,0.0,0.0,0.0,0.0,0.0,0.0,0.0,0.0,0.0,,,,,,,,,,,,,,,
2025_250_4684959,4684959,John Williams,Cincinnati,American Athletic,OFFENSIVETACKLE,OL,2025,7,34,250,1,0.0,0.0,0.0,1.0,0.0,0.0,1.0,1.0,1.0,0.0,0.0,0.0,0.0,0.0,0.0,0.0,0.0,0.0,0.0,0.0,0.0,0.0,0.0,0.0,0.0,0.0,0.0,0.0,0.0,0.0,0.0,0.0,0.0,0.0,0.0,0.0,0.0,0.0,0.0,,,,,,,,,,,,,,,
2025_251_4695254,4695254,Julian Ashby,Vanderbilt,SEC,LONGSNAPPER,ST,2025,7,35,251,2,0.0,0.0,0.0,2.0,0.0,0.0,4.0,0.0,0.0,0.0,0.0,0.0,0.0,0.0,0.0,0.0,0.0,0.0,0.0,0.0,0.0,0.0,0.0,0.0,0.0,0.0,0.0,0.0,0.0,0.0,0.0,0.0,0.0,0.0,0.0,0.0,0.0,0.0,0.0,,,,,,,,,,,,,,,
2025_252_4887918,4887918,Junior Bergen,Montana,Big Sky,WIDERECEIVER,WR,2025,7,36,252,4,0.0,0.0,0.0,0.0,0.0,0.0,0.0,6.0,2.0,0.0,0.0,0.0,0.0,37.0,0.0,845.0,0.0,0.0,0.0,0.0,0.0,6.0,2.0,0.0,0.0,50.0,51.0,4.0,840.0,0.0,0.0,0.0,0.0,112.0,12.0,1360.0,22.0,0.0,91.0,49.0,,84.0,,76.0,21.0,0.3333333333333333,8.333333333333334,12.142857142857142,4.136363636363637,22.83783783783784,16.470588235294116,,,
2025_253_4683276,4683276,Zeek Biggers,Georgia Tech,ACC,DEFENSIVETACKLE,DL,2025,7,37,253,4,7.0,1.0,2.0,53.0,0.0,9.0,101.0,0.0,0.0,2.0,0.0,0.0,0.0,0.0,0.0,0.0,0.0,0.0,0.0,0.0,0.0,0.0,0.0,0.0,0.0,0.0,0.0,0.0,0.0,0.0,0.0,0.0,0.0,0.0,0.0,0.0,0.0,0.0,0.0,,,,,,,,,,,,,,,
2025_254_4429073,4429073,Fadil Diggs,Texas A&M,SEC,DEFENSIVEEDGE,DL,2025,7,38,254,5,3.0,11.0,15.0,68.0,0.0,31.5,117.0,0.0,0.0,1.0,0.0,0.0,0.0,0.0,0.0,0.0,0.0,0.0,0.0,0.0,0.0,0.0,0.0,0.0,0.0,0.0,0.0,0.0,0.0,0.0,0.0,0.0,0.0,0.0,0.0,0.0,0.0,0.0,0.0,,,,,,,,,,,,,,,
2025_255_4432338,4432338,Luke Lachey,Iowa,Big Ten,TIGHTEND,TE,2025,7,39,255,4,0.0,0.0,0.0,2.0,0.0,0.0,2.0,1.0,0.0,0.0,0.0,0.0,0.0,0.0,0.0,0.0,0.0,0.0,0.0,0.0,0.0,0.0,0.0,0.0,0.0,0.0,0.0,0.0,0.0,0.0,0.0,0.0,0.0,74.0,4.0,893.0,0.0,0.0,0.0,,,,,35.0,,,,12.067567567567568,,,,,,
2025_256_4426513,4426513,Trikweze Bridges,Oregon,Pac-12,SAFETY,DB,2025,7,40,256,5,13.0,1.0,0.0,90.0,0.0,3.5,157.0,1.0,0.0,0.0,6.0,0.0,32.0,0.0,0.0,0.0,0.0,0.0,0.0,0.0,0.0,0.0,0.0,0.0,0.0,0.0,0.0,0.0,0.0,0.0,0.0,0.0,0.0,0.0,0.0,0.0,0.0,0.0,0.0,,,,,,,,,,,,,,,5.333333333333333
2025_257_4566100,4566100,Kobee Minor,Texas Tech,Big 12,CORNERBACK,DB,2025,7,41,257,4,12.0,0.0,2.0,58.0,0.0,7.0,79.0,0.0,0.0,0.0,0.0,0.0,0.0,0.0,0.0,0.0,0.0,0.0,0.0,0.0,0.0,0.0,0.0,0.0,0.0,0.0,0.0,0.0,0.0,0.0,0.0,0.0,0.0,0.0,0.0,0.0,0.0,0.0,0.0,,,,,,,,,,,,,,,
2026_001_4837248,4837248,Fernando Mendoza,Indiana,Big Ten,QUARTERBACK,QB,2026,1,1,1,3,0.0,0.0,0.0,2.0,0.0,0.0,2.0,14.0,5.0,0.0,0.0,0.0,0.0,0.0,0.0,0.0,0.0,0.0,0.0,0.0,0.0,1008.0,691.0,22.0,71.0,8247.0,0.0,0.0,0.0,0.0,0.0,0.0,0.0,0.0,1.0,15.0,226.0,11.0,467.0,,,,,15.0,50.0,0.685515873015873,8.181547619047619,inf,2.066371681415929,,,,,
2026_002_4685248,4685248,David Bailey,Texas Tech,Big 12,DEFENSIVEEDGE,DL,2026,1,2,2,4,3.0,23.0,27.0,101.0,0.0,41.0,156.0,0.0,0.0,1.0,0.0,0.0,0.0,0.0,0.0,0.0,0.0,0.0,0.0,0.0,0.0,0.0,0.0,0.0,0.0,0.0,0.0,0.0,0.0,0.0,0.0,0.0,0.0,0.0,0.0,0.0,0.0,0.0,0.0,,,,,,,,,,,,,,,
2026_003_4870808,4870808,Jeremiyah Love,Notre Dame,FBS Independents,RUNNINGBACK,RB,2026,1,3,3,3,0.0,0.0,0.0,1.0,0.0,0.0,2.0,1.0,0.0,0.0,0.0,0.0,0.0,3.0,0.0,42.0,0.0,0.0,0.0,0.0,0.0,0.0,0.0,0.0,0.0,0.0,0.0,0.0,0.0,0.0,0.0,0.0,0.0,63.0,6.0,594.0,433.0,36.0,2882.0,21.0,,,,36.0,98.0,,,9.428571428571429,6.655889145496536,14.0,,,,
2026_004_4871023,4871023,Carnell Tate,Ohio State,Big Ten,WIDERECEIVER,WR,2026,1,4,4,3,0.0,0.0,0.0,4.0,0.0,0.0,4.0,0.0,0.0,0.0,0.0,0.0,0.0,0.0,0.0,0.0,0.0,0.0,0.0,0.0,0.0,0.0,0.0,0.0,0.0,0.0,0.0,0.0,0.0,0.0,0.0,0.0,0.0,121.0,14.0,1872.0,2.0,0.0,22.0,,,,,57.0,8.0,,,15.47107438016529,11.0,,,,,
2026_005_4950400,4950400,Arvell Reese,Ohio State,Big Ten,LINEBACKER,LB,2026,1,5,5,2,2.0,7.0,7.0,52.0,0.0,13.5,112.0,0.0,0.0,0.0,0.0,0.0,0.0,0.0,0.0,0.0,0.0,0.0,0.0,0.0,0.0,0.0,0.0,0.0,0.0,0.0,0.0,0.0,0.0,0.0,0.0,0.0,0.0,0.0,0.0,0.0,0.0,0.0,0.0,,,,,,,,,,,,,,,
2026_006_4880124,4880124,Mansoor Delane,Virginia Tech,ACC,CORNERBACK,DB,2026,1,6,6,4,27.0,1.0,0.0,109.0,0.0,7.0,189.0,0.0,0.0,1.0,8.0,0.0,32.0,0.0,0.0,0.0,0.0,0.0,0.0,0.0,0.0,0.0,0.0,0.0,0.0,0.0,1.0,0.0,0.0,0.0,0.0,0.0,0.0,0.0,0.0,0.0,0.0,0.0,0.0,,,0.0,,,,,,,,,0.0,,,4.0
2026_007_5081807,5081807,Sonny Styles,Ohio State,Big Ten,LINEBACKER,LB,2026,1,7,7,4,9.0,4.0,9.0,131.0,0.0,23.0,243.0,0.0,0.0,1.0,1.0,0.0,5.0,0.0,0.0,0.0,0.0,0.0,0.0,0.0,0.0,0.0,0.0,0.0,0.0,0.0,0.0,0.0,0.0,0.0,0.0,0.0,0.0,0.0,0.0,0.0,0.0,0.0,0.0,,,,,,,,,,,,,,,5.0
2026_008_4880281,4880281,Jordyn Tyson,Colorado,Pac-12,WIDERECEIVER,WR,2026,1,8,8,3,0.0,0.0,0.0,0.0,1.0,0.0,0.0,3.0,2.0,0.0,0.0,0.0,0.0,2.0,0.0,47.0,0.0,0.0,0.0,0.0,0.0,2.0,1.0,0.0,0.0,37.0,4.0,1.0,131.0,0.0,0.0,0.0,0.0,158.0,22.0,2282.0,6.0,1.0,1.0,28.0,,88.0,,81.0,3.0,0.5,18.5,14.443037974683543,0.1666666666666666,23.5,32.75,,,
2026_009_4870723,4870723,Spencer Fano,Utah,Big 12,OFFENSIVETACKLE,OL,2026,1,9,9,1,0.0,0.0,0.0,0.0,0.0,0.0,1.0,0.0,0.0,0.0,0.0,0.0,0.0,0.0,0.0,0.0,0.0,0.0,0.0,0.0,0.0,0.0,0.0,0.0,0.0,0.0,0.0,0.0,0.0,0.0,0.0,0.0,0.0,0.0,0.0,0.0,0.0,0.0,0.0,,,,,,,,,,,,,,,
2026_010_4870914,4870914,Francis Mauigoa,Miami,ACC,OFFENSIVETACKLE,OL,2026,1,10,10,1,0.0,0.0,0.0,0.0,0.0,0.0,0.0,0.0,0.0,0.0,0.0,0.0,0.0,0.0,0.0,0.0,0.0,0.0,0.0,0.0,0.0,0.0,0.0,0.0,0.0,0.0,0.0,0.0,0.0,0.0,0.0,0.0,0.0,0.0,0.0,0.0,1.0,1.0,3.0,,,,,,3.0,,,,3.0,,,,,
2026_011_4870706,4870706,Caleb Downs,Ohio State,Big Ten,SAFETY,DB,2026,1,11,11,3,10.0,2.0,1.5,163.0,2.0,16.0,256.0,1.0,0.0,1.0,6.0,0.0,18.0,1.0,0.0,16.0,0.0,0.0,0.0,0.0,0.0,0.0,0.0,0.0,0.0,0.0,10.0,2.0,185.0,0.0,0.0,0.0,0.0,0.0,0.0,0.0,0.0,0.0,0.0,16.0,,85.0,,,,,,,,16.0,18.5,,,3.0
2026_012_4870976,4870976,Kadyn Proctor,Alabama,SEC,OFFENSIVETACKLE,OL,2026,1,12,12,2,0.0,0.0,0.0,1.0,0.0,0.0,1.0,0.0,0.0,0.0,0.0,0.0,0.0,0.0,0.0,0.0,0.0,0.0,0.0,0.0,0.0,0.0,0.0,0.0,0.0,0.0,0.0,0.0,0.0,0.0,0.0,0.0,0.0,0.0,0.0,0.0,5.0,0.0,16.0,,,,,,11.0,,,,3.2,,,,,
2026_013_4685522,4685522,Ty Simpson,Alabama,SEC,QUARTERBACK,QB,2026,1,13,13,4,0.0,0.0,0.0,0.0,0.0,0.0,0.0,7.0,6.0,0.0,0.0,0.0,0.0,0.0,0.0,0.0,0.0,0.0,0.0,0.0,0.0,523.0,334.0,5.0,28.0,3948.0,0.0,0.0,0.0,0.0,0.0,0.0,0.0,0.0,0.0,0.0,112.0,5.0,223.0,,,,,,78.0,0.638623326959847,7.548757170172084,,1.9910714285714288,,,,,
2026_014_4832793,4832793,Vega Ioane,Penn State,Big Ten,OFFENSIVEGUARD,OL,2026,1,14,14,1,0.0,0.0,0.0,1.0,0.0,0.0,1.0,0.0,0.0,0.0,0.0,0.0,0.0,0.0,0.0,0.0,0.0,0.0,0.0,0.0,0.0,0.0,0.0,0.0,0.0,0.0,0.0,0.0,0.0,0.0,0.0,0.0,0.0,0.0,0.0,0.0,0.0,0.0,0.0,,,,,,,,,,,,,,,
2026_015_4870617,4870617,Rueben Bain Jr.,Miami,ACC,DEFENSIVEEDGE,DL,2026,1,15,15,3,2.0,10.0,20.5,65.0,0.0,33.0,119.0,0.0,0.0,0.0,1.0,0.0,12.0,0.0,0.0,0.0,0.0,0.0,0.0,0.0,0.0,0.0,0.0,0.0,0.0,0.0,0.0,0.0,0.0,0.0,0.0,0.0,0.0,0.0,0.0,0.0,0.0,0.0,0.0,,,,,,,,,,,,,,,12.0
2026_016_5083315,5083315,Kenyon Sadiq,Oregon,Pac-12,TIGHTEND,TE,2026,1,16,16,3,0.0,0.0,0.0,1.0,0.0,0.0,2.0,1.0,0.0,0.0,0.0,0.0,0.0,2.0,0.0,28.0,0.0,0.0,0.0,0.0,0.0,0.0,0.0,0.0,0.0,0.0,0.0,0.0,0.0,0.0,0.0,0.0,0.0,80.0,11.0,892.0,9.0,0.0,42.0,18.0,,,,39.0,16.0,,,11.15,4.666666666666667,14.0,,,,
2026_017_5081450,5081450,Blake Miller,Clemson,ACC,OFFENSIVETACKLE,OL,2026,1,17,17,2,0.0,0.0,0.0,3.0,0.0,0.0,3.0,0.0,0.0,0.0,0.0,0.0,0.0,0.0,0.0,0.0,0.0,0.0,0.0,0.0,0.0,0.0,0.0,0.0,0.0,0.0,0.0,0.0,0.0,0.0,0.0,0.0,0.0,0.0,0.0,0.0,0.0,0.0,0.0,,,,,,,,,,,,,,,
2026_018_4602019,4602019,Caleb Banks,Louisville,ACC,DEFENSIVETACKLE,DL,2026,1,18,18,4,1.0,9.0,6.5,20.0,0.0,10.5,48.0,0.0,0.0,2.0,0.0,0.0,0.0,0.0,0.0,0.0,0.0,0.0,0.0,0.0,0.0,0.0,0.0,0.0,0.0,0.0,0.0,0.0,0.0,0.0,0.0,0.0,0.0,0.0,0.0,0.0,0.0,0.0,0.0,,,,,,,,,,,,,,,
2026_020_4870795,4870795,Makai Lemon,USC,Pac-12,WIDERECEIVER,WR,2026,1,20,20,3,0.0,0.0,0.0,2.0,0.0,0.0,2.0,1.0,1.0,0.0,0.0,0.0,0.0,32.0,0.0,752.0,0.0,0.0,0.0,0.0,0.0,2.0,2.0,0.0,1.0,63.0,6.0,0.0,71.0,0.0,0.0,0.0,0.0,137.0,14.0,2008.0,9.0,2.0,4.0,80.0,,35.0,,74.0,7.0,1.0,31.5,14.656934306569344,0.4444444444444444,23.5,11.833333333333334,,,
2026_022_4429190,4429190,Akheem Mesidor,West Virginia,Big 12,DEFENSIVEEDGE,DL,2026,1,22,22,6,4.0,15.0,34.5,122.0,0.0,51.5,206.0,0.0,0.0,0.0,0.0,0.0,0.0,0.0,0.0,0.0,0.0,0.0,0.0,0.0,0.0,0.0,0.0,0.0,0.0,0.0,0.0,0.0,0.0,0.0,0.0,0.0,0.0,0.0,0.0,0.0,0.0,0.0,0.0,,,,,,,,,,,,,,,
2026_023_4710067,4710067,Malachi Lawrence,UCF,Big 12,DEFENSIVEEDGE,DL,2026,1,23,23,4,4.0,12.0,18.0,45.0,0.0,26.0,69.0,0.0,0.0,1.0,0.0,0.0,0.0,0.0,0.0,0.0,0.0,0.0,0.0,0.0,0.0,0.0,0.0,0.0,0.0,0.0,0.0,0.0,0.0,0.0,0.0,0.0,0.0,0.0,0.0,0.0,0.0,0.0,0.0,,,,,,,,,,,,,,,
2026_024_4870653,4870653,Kevin Concepcion,Texas A&M,SEC,WIDERECEIVER,WR,2026,1,24,24,3,0.0,0.0,0.0,1.0,2.0,0.0,2.0,6.0,1.0,1.0,0.0,0.0,0.0,0.0,0.0,0.0,0.0,0.0,0.0,0.0,0.0,4.0,2.0,0.0,1.0,45.0,30.0,2.0,501.0,0.0,0.0,0.0,0.0,185.0,25.0,2217.0,70.0,3.0,431.0,,,80.0,,72.0,65.0,0.5,11.25,11.983783783783784,6.1571428571428575,,16.7,,,
2026_025_4954445,4954445,Dillon Thieneman,Purdue,Big Ten,SAFETY,DB,2026,1,25,25,3,13.0,2.0,2.0,188.0,0.0,10.0,302.0,2.0,1.0,0.0,8.0,0.0,58.0,0.0,0.0,0.0,0.0,0.0,0.0,0.0,0.0,0.0,0.0,0.0,0.0,0.0,9.0,0.0,67.0,0.0,0.0,0.0,0.0,0.0,0.0,0.0,0.0,0.0,0.0,,,20.0,,,,,,,,,7.444444444444445,,,7.25
2026_026_4839498,4839498,Keylan Rutledge,Middle Tennessee,Conference USA,OFFENSIVEGUARD,OL,2026,1,26,26,2,0.0,0.0,0.0,0.0,0.0,0.0,1.0,0.0,0.0,0.0,0.0,0.0,0.0,0.0,0.0,0.0,0.0,0.0,0.0,0.0,0.0,0.0,0.0,0.0,0.0,0.0,0.0,0.0,0.0,0.0,0.0,0.0,0.0,0.0,0.0,0.0,0.0,0.0,6.0,,,,,,6.0,,,,inf,,,,,
2026_027_4869579,4869579,Chris Johnson,San Diego State,Mountain West,CORNERBACK,DB,2026,1,27,27,4,10.0,3.0,1.0,101.0,2.0,3.0,141.0,0.0,0.0,0.0,6.0,2.0,187.0,3.0,0.0,78.0,0.0,0.0,0.0,0.0,0.0,0.0,0.0,0.0,0.0,0.0,1.0,0.0,0.0,0.0,0.0,0.0,0.0,1.0,0.0,6.0,0.0,0.0,0.0,46.0,,0.0,,6.0,,,,6.0,,26.0,0.0,,,31.166666666666668
2026_028_4921438,4921438,Caleb Lomu,Utah,Big 12,OFFENSIVETACKLE,OL,2026,1,28,28,1,0.0,0.0,0.0,1.0,0.0,0.0,1.0,0.0,0.0,0.0,0.0,0.0,0.0,0.0,0.0,0.0,0.0,0.0,0.0,0.0,0.0,0.0,0.0,0.0,0.0,0.0,0.0,0.0,0.0,0.0,0.0,0.0,0.0,0.0,0.0,0.0,0.0,0.0,0.0,,,,,,,,,,,,,,,
2026_029_4871063,4871063,Peter Woods,Clemson,ACC,DEFENSIVETACKLE,DL,2026,1,29,29,3,1.0,8.0,4.5,40.0,0.0,12.0,81.0,1.0,0.0,0.0,0.0,0.0,0.0,0.0,0.0,0.0,0.0,0.0,0.0,0.0,0.0,0.0,0.0,0.0,0.0,0.0,0.0,0.0,0.0,0.0,0.0,0.0,0.0,0.0,0.0,0.0,8.0,2.0,15.0,,,,,,5.0,,,,1.875,,,,,
2026_030_4723820,4723820,Omar Cooper Jr.,Indiana,Big Ten,WIDERECEIVER,WR,2026,1,30,30,4,0.0,0.0,0.0,0.0,0.0,0.0,0.0,0.0,0.0,0.0,0.0,0.0,0.0,4.0,0.0,63.0,0.0,0.0,0.0,0.0,0.0,0.0,0.0,0.0,0.0,0.0,0.0,0.0,0.0,0.0,0.0,0.0,0.0,116.0,22.0,1822.0,5.0,2.0,97.0,21.0,,,,69.0,75.0,,,15.70689655172414,19.4,15.75,,,,
2026_031_4870707,4870707,Keldric Faulk,Auburn,SEC,DEFENSIVEEDGE,DL,2026,1,31,31,3,6.0,14.0,10.0,74.0,0.0,19.5,108.0,0.0,0.0,2.0,0.0,0.0,0.0,0.0,0.0,0.0,0.0,0.0,0.0,0.0,0.0,0.0,0.0,0.0,0.0,0.0,0.0,0.0,0.0,0.0,0.0,0.0,0.0,0.0,0.0,0.0,0.0,0.0,0.0,,,,,,,,,,,,,,,
2026_032_4685512,4685512,Jadarian Price,Notre Dame,FBS Independents,RUNNINGBACK,RB,2026,1,32,32,3,0.0,0.0,0.0,1.0,3.0,0.0,1.0,5.0,4.0,0.0,0.0,0.0,0.0,22.0,3.0,794.0,0.0,0.0,0.0,0.0,0.0,0.0,0.0,0.0,0.0,0.0,0.0,0.0,0.0,0.0,0.0,0.0,0.0,15.0,3.0,162.0,280.0,21.0,1692.0,100.0,,,,40.0,70.0,,,10.8,6.042857142857143,36.09090909090909,,,,
2026_033_4710714,4710714,De'Zhaun Stribling,Washington State,Pac-12,WIDERECEIVER,WR,2026,2,1,33,5,0.0,0.0,0.0,5.0,0.0,0.0,5.0,0.0,0.0,0.0,0.0,0.0,0.0,0.0,0.0,0.0,0.0,0.0,0.0,0.0,0.0,0.0,0.0,0.0,0.0,0.0,0.0,0.0,0.0,0.0,0.0,0.0,0.0,217.0,23.0,2977.0,0.0,0.0,0.0,,,,,77.0,,,,13.71889400921659,,,,,,
2026_035_4870886,4870886,T.J. Parker,Clemson,ACC,DEFENSIVEEDGE,DL,2026,2,3,35,3,3.0,17.0,21.5,65.0,0.0,38.0,119.0,0.0,0.0,6.0,0.0,0.0,0.0,0.0,0.0,0.0,0.0,0.0,0.0,0.0,0.0,0.0,0.0,0.0,0.0,0.0,0.0,0.0,0.0,0.0,0.0,0.0,0.0,0.0,0.0,0.0,0.0,0.0,0.0,,,,,,,,,,,,,,,
2026_036_4870893,4870893,Kayden McDonald,Ohio State,Big Ten,DEFENSIVETACKLE,DL,2026,2,4,36,3,3.0,3.0,3.0,38.0,0.0,11.0,85.0,0.0,0.0,1.0,0.0,0.0,0.0,0.0,0.0,0.0,0.0,0.0,0.0,0.0,0.0,0.0,0.0,0.0,0.0,0.0,0.0,0.0,0.0,0.0,0.0,0.0,0.0,0.0,0.0,0.0,0.0,0.0,0.0,,,,,,,,,,,,,,,
2026_037_4921249,4921249,Colton Hood,Tennessee,SEC,CORNERBACK,DB,2026,2,5,37,3,14.0,0.0,0.0,57.0,1.0,5.5,76.0,0.0,0.0,1.0,3.0,1.0,128.0,6.0,0.0,119.0,0.0,0.0,0.0,0.0,0.0,0.0,0.0,0.0,0.0,0.0,0.0,0.0,0.0,0.0,0.0,0.0,0.0,0.0,0.0,0.0,0.0,0.0,0.0,38.0,,,,,,,,,,19.833333333333332,,,,42.666666666666664
2026_038_4697757,4697757,Treydan Stukes,Arizona,Pac-12,SAFETY,DB,2026,2,6,38,6,26.0,0.0,1.0,124.0,0.0,11.0,207.0,0.0,0.0,0.0,6.0,0.0,26.0,0.0,0.0,0.0,0.0,0.0,0.0,0.0,0.0,0.0,0.0,0.0,0.0,0.0,0.0,0.0,0.0,0.0,0.0,0.0,0.0,0.0,0.0,0.0,0.0,0.0,0.0,,,,,,,,,,,,,,,4.333333333333333
2026_039_4832800,4832800,Denzel Boston,Washington,Pac-12,WIDERECEIVER,WR,2026,2,7,39,4,0.0,0.0,0.0,7.0,1.0,0.0,7.0,2.0,0.0,0.0,0.0,0.0,0.0,0.0,0.0,0.0,0.0,0.0,0.0,0.0,0.0,2.0,2.0,0.0,1.0,15.0,26.0,1.0,212.0,0.0,0.0,0.0,0.0,132.0,20.0,1781.0,1.0,1.0,2.0,,,78.0,,78.0,2.0,1.0,7.5,13.492424242424242,2.0,,8.153846153846153,,,
2026_040_5081927,5081927,R Mason Thomas,Oklahoma,SEC,DEFENSIVEEDGE,DL,2026,2,8,40,4,3.0,17.0,17.0,38.0,2.0,25.5,63.0,0.0,0.0,2.0,0.0,0.0,0.0,0.0,0.0,0.0,0.0,0.0,0.0,0.0,0.0,0.0,0.0,0.0,0.0,0.0,0.0,0.0,0.0,0.0,0.0,0.0,0.0,0.0,0.0,0.0,0.0,0.0,0.0,,,,,,,,,,,,,,,
2026_041_4710752,4710752,Cashius Howell,Texas A&M,SEC,DEFENSIVEEDGE,DL,2026,2,9,41,5,15.0,19.0,28.0,73.0,0.0,36.5,125.0,0.0,0.0,1.0,1.0,0.0,6.0,0.0,0.0,0.0,0.0,0.0,0.0,0.0,0.0,0.0,0.0,0.0,0.0,0.0,0.0,0.0,0.0,0.0,0.0,0.0,0.0,0.0,0.0,0.0,0.0,0.0,0.0,,,,,,,,,,,,,,,6.0
2026_042_4685479,4685479,Christen Miller,Georgia,SEC,DEFENSIVETACKLE,DL,2026,2,10,42,3,1.0,3.0,4.0,31.0,0.0,11.5,64.0,0.0,0.0,0.0,0.0,0.0,0.0,0.0,0.0,0.0,0.0,0.0,0.0,0.0,0.0,0.0,0.0,0.0,0.0,0.0,0.0,0.0,0.0,0.0,0.0,0.0,0.0,0.0,0.0,0.0,0.0,0.0,0.0,,,,,,,,,,,,,,,
2026_043_4566094,4566094,Jacob Rodriguez,Virginia,ACC,LINEBACKER,LB,2026,2,11,43,5,11.0,9.0,6.0,175.0,2.0,22.5,292.0,1.0,1.0,5.0,6.0,0.0,50.0,0.0,0.0,0.0,0.0,0.0,0.0,0.0,0.0,1.0,0.0,1.0,0.0,0.0,0.0,0.0,0.0,0.0,0.0,0.0,0.0,9.0,0.0,80.0,12.0,2.0,59.0,,,,,17.0,24.0,0.0,0.0,8.88888888888889,4.916666666666667,,,,,8.333333333333334
2026_044_4685461,4685461,Derrick Moore,Michigan,Big Ten,DEFENSIVEEDGE,DL,2026,2,12,44,4,7.0,13.0,20.5,61.0,0.0,24.0,93.0,0.0,0.0,3.0,0.0,0.0,0.0,0.0,0.0,0.0,0.0,0.0,0.0,0.0,0.0,0.0,0.0,0.0,0.0,0.0,0.0,0.0,0.0,0.0,0.0,0.0,0.0,0.0,0.0,0.0,0.0,0.0,0.0,,,,,,,,,,,,,,,
2026_045_4839501,4839501,Zion Young,Missouri,SEC,DEFENSIVEEDGE,DL,2026,2,13,45,4,5.0,26.0,11.5,50.0,1.0,27.5,130.0,0.0,0.0,1.0,0.0,0.0,0.0,0.0,0.0,0.0,0.0,0.0,0.0,0.0,0.0,0.0,0.0,0.0,0.0,0.0,0.0,0.0,0.0,0.0,0.0,0.0,0.0,0.0,0.0,0.0,0.0,0.0,0.0,,,,,,,,,,,,,,,
2026_046_4870998,4870998,Josiah Trotter,West Virginia,Big 12,LINEBACKER,LB,2026,2,14,46,2,3.0,12.0,2.5,80.0,0.0,17.0,177.0,0.0,0.0,0.0,1.0,0.0,0.0,0.0,0.0,0.0,0.0,0.0,0.0,0.0,0.0,0.0,0.0,0.0,0.0,0.0,0.0,0.0,0.0,0.0,0.0,0.0,0.0,0.0,0.0,0.0,0.0,0.0,0.0,,,,,,,,,,,,,,,0.0
2026_047_4685261,4685261,Germie Bernard,Washington,Pac-12,WIDERECEIVER,WR,2026,2,15,47,4,0.0,0.0,0.0,2.0,0.0,0.0,2.0,3.0,2.0,0.0,0.0,0.0,0.0,17.0,0.0,352.0,0.0,0.0,0.0,0.0,0.0,3.0,3.0,0.0,0.0,29.0,3.0,0.0,43.0,0.0,0.0,0.0,0.0,155.0,13.0,2203.0,36.0,5.0,184.0,51.0,,32.0,,47.0,25.0,1.0,9.666666666666666,14.212903225806452,5.111111111111111,20.705882352941178,14.333333333333334,,,
2026_048_4870988,4870988,Avieon Terrell,Clemson,ACC,CORNERBACK,DB,2026,2,16,48,3,23.0,0.0,4.0,81.0,0.0,9.0,116.0,0.0,0.0,3.0,3.0,0.0,9.0,0.0,0.0,0.0,0.0,0.0,0.0,0.0,0.0,0.0,0.0,0.0,0.0,0.0,0.0,0.0,0.0,0.0,0.0,0.0,0.0,0.0,0.0,0.0,0.0,0.0,0.0,,,,,,,,,,,,,,,3.0
2026_049_4431551,4431551,Lee Hunter,UCF,Big 12,DEFENSIVETACKLE,DL,2026,2,17,49,4,1.0,10.0,7.0,75.0,0.0,31.5,154.0,0.0,0.0,0.0,0.0,0.0,0.0,0.0,0.0,0.0,0.0,0.0,0.0,0.0,0.0,0.0,0.0,0.0,0.0,0.0,0.0,0.0,0.0,0.0,0.0,0.0,0.0,0.0,0.0,0.0,0.0,0.0,0.0,,,,,,,,,,,,,,,
2026_050_5118340,5118340,D'Angelo Ponds,James Madison,Sun Belt,CORNERBACK,DB,2026,2,18,50,3,30.0,0.0,0.0,111.0,5.0,10.5,166.0,0.0,0.0,2.0,7.0,2.0,105.0,0.0,0.0,0.0,0.0,0.0,0.0,0.0,0.0,0.0,0.0,0.0,0.0,0.0,2.0,2.0,45.0,0.0,0.0,0.0,0.0,1.0,0.0,6.0,0.0,0.0,0.0,,,22.0,,6.0,,,,6.0,,,22.5,,,15.0
2026_051_4877652,4877652,Jake Golday,Cincinnati,Big 12,LINEBACKER,LB,2026,2,19,51,5,5.0,3.0,4.5,72.0,0.0,10.5,167.0,0.0,0.0,3.0,0.0,0.0,0.0,2.0,0.0,22.0,0.0,0.0,0.0,0.0,0.0,0.0,0.0,0.0,0.0,0.0,0.0,0.0,0.0,0.0,0.0,0.0,0.0,0.0,0.0,0.0,0.0,0.0,0.0,12.0,,,,,,,,,,11.0,,,,
2026_052_5076652,5076652,Brandon Cisse,South Carolina,SEC,CORNERBACK,DB,2026,2,20,52,3,10.0,1.0,0.0,41.0,0.0,3.0,65.0,0.0,0.0,0.0,2.0,0.0,0.0,0.0,0.0,0.0,0.0,0.0,0.0,0.0,0.0,0.0,0.0,0.0,0.0,0.0,0.0,0.0,0.0,0.0,0.0,0.0,0.0,0.0,0.0,0.0,0.0,0.0,0.0,,,,,,,,,,,,,,,0.0
2026_053_4870598,4870598,C.J. Allen,Georgia,SEC,LINEBACKER,LB,2026,2,21,53,3,10.0,7.0,4.5,117.0,0.0,13.5,205.0,0.0,0.0,1.0,1.0,0.0,8.0,0.0,0.0,0.0,0.0,0.0,0.0,0.0,0.0,0.0,0.0,0.0,0.0,0.0,0.0,0.0,0.0,0.0,0.0,0.0,0.0,0.0,0.0,0.0,0.0,0.0,0.0,,,,,,,,,,,,,,,8.0
2026_054_4431574,4431574,Eli Stowers,Vanderbilt,SEC,TIGHTEND,TE,2026,2,22,54,3,0.0,0.0,0.0,1.0,0.0,0.0,1.0,1.0,0.0,0.0,0.0,0.0,0.0,0.0,0.0,0.0,0.0,0.0,0.0,0.0,0.0,10.0,5.0,0.0,2.0,116.0,0.0,0.0,0.0,0.0,0.0,0.0,0.0,145.0,11.0,1769.0,37.0,2.0,114.0,,,,,67.0,26.0,0.5,11.6,12.2,3.081081081081081,,,,,
2026_055_4837244,4837244,Gabe Jacas,Illinois,Big Ten,DEFENSIVEEDGE,DL,2026,2,23,55,4,2.0,25.0,26.0,96.0,0.0,35.5,178.0,0.0,0.0,1.0,0.0,0.0,0.0,0.0,0.0,0.0,0.0,0.0,0.0,0.0,0.0,0.0,0.0,0.0,0.0,0.0,0.0,0.0,0.0,0.0,0.0,0.0,0.0,0.0,0.0,0.0,0.0,0.0,0.0,,,,,,,,,,,,,,,
2026_056_4686248,4686248,Nate Boerkircher,Texas A&M,SEC,TIGHTEND,TE,2026,2,24,56,5,0.0,0.0,0.0,2.0,0.0,0.0,2.0,0.0,0.0,0.0,0.0,0.0,0.0,0.0,0.0,0.0,0.0,0.0,0.0,0.0,0.0,0.0,0.0,0.0,0.0,0.0,0.0,0.0,0.0,0.0,0.0,0.0,0.0,39.0,4.0,423.0,4.0,1.0,16.0,,,,,28.0,11.0,,,10.846153846153848,4.0,,,,,
2026_058_4837186,4837186,Emmanuel Mcneil-Warren,Toledo,Mid-American,SAFETY,DB,2026,2,26,58,4,13.0,3.0,1.0,105.0,1.0,11.0,212.0,0.0,0.0,2.0,5.0,1.0,49.0,0.0,0.0,0.0,0.0,0.0,0.0,0.0,0.0,0.0,0.0,0.0,0.0,0.0,0.0,0.0,0.0,0.0,0.0,0.0,0.0,0.0,0.0,0.0,0.0,0.0,0.0,,,,,,,,,,,,,,,9.8
2026_059_4695705,4695705,Marlin Klein,Michigan,Big Ten,TIGHTEND,TE,2026,2,27,59,3,0.0,0.0,0.0,0.0,0.0,0.0,0.0,0.0,0.0,0.0,0.0,0.0,0.0,0.0,0.0,0.0,0.0,0.0,0.0,0.0,0.0,0.0,0.0,0.0,0.0,0.0,0.0,0.0,0.0,0.0,0.0,0.0,0.0,38.0,1.0,364.0,0.0,0.0,0.0,,,,,33.0,,,,9.578947368421051,,,,,,
2026_060_4870805,4870805,Anthony Hill Jr.,Texas,SEC,LINEBACKER,LB,2026,2,28,60,3,4.0,12.0,16.0,137.0,0.0,31.5,249.0,0.0,0.0,2.0,3.0,0.0,35.0,0.0,0.0,0.0,0.0,0.0,0.0,0.0,0.0,0.0,0.0,0.0,0.0,0.0,0.0,0.0,0.0,0.0,0.0,0.0,0.0,0.0,0.0,0.0,0.0,0.0,0.0,,,,,,,,,,,,,,,11.666666666666666
2026_061_4833029,4833029,Max Klare,Purdue,Big Ten,TIGHTEND,TE,2026,2,29,61,3,0.0,0.0,0.0,0.0,0.0,0.0,0.0,3.0,1.0,0.0,0.0,0.0,0.0,0.0,0.0,0.0,0.0,0.0,0.0,0.0,0.0,0.0,0.0,0.0,0.0,0.0,0.0,0.0,0.0,0.0,0.0,0.0,0.0,116.0,6.0,1329.0,0.0,0.0,0.0,,,,,62.0,,,,11.45689655172414,,,,,,
2026_062_4832035,4832035,Davison Igbinosun,Ole Miss,SEC,CORNERBACK,DB,2026,2,30,62,4,23.0,0.0,0.0,115.0,0.0,3.0,188.0,0.0,0.0,3.0,4.0,0.0,47.0,0.0,0.0,0.0,0.0,0.0,0.0,0.0,0.0,0.0,0.0,0.0,0.0,0.0,0.0,0.0,0.0,0.0,0.0,0.0,0.0,0.0,0.0,0.0,0.0,0.0,0.0,,,,,,,,,,,,,,,11.75
2026_064_4430262,4430262,Bud Clark,TCU,Big 12,SAFETY,DB,2026,2,32,64,6,19.0,1.0,1.0,125.0,2.0,3.5,194.0,0.0,0.0,1.0,15.0,2.0,112.0,0.0,0.0,0.0,0.0,0.0,0.0,0.0,0.0,0.0,0.0,0.0,0.0,0.0,0.0,0.0,0.0,0.0,0.0,0.0,0.0,0.0,0.0,0.0,0.0,0.0,0.0,,,,,,,,,,,,,,,7.466666666666667
2026_065_4430841,4430841,Carson Beck,Miami,ACC,QUARTERBACK,QB,2026,3,1,65,5,0.0,0.0,0.0,2.0,0.0,0.0,2.0,16.0,6.0,0.0,0.0,0.0,0.0,0.0,0.0,0.0,0.0,0.0,0.0,0.0,0.0,1391.0,966.0,32.0,88.0,11725.0,0.0,0.0,0.0,0.0,0.0,0.0,0.0,1.0,1.0,14.0,189.0,7.0,288.0,,,,,14.0,20.0,0.6944644140905823,8.429187634795111,14.0,1.5238095238095235,,,,,
2026_066_4683535,4683535,Tyler Onyedim,Texas A&M,SEC,DEFENSIVETACKLE,DL,2026,3,2,66,5,1.0,16.0,6.0,56.0,0.0,21.0,138.0,0.0,0.0,1.0,1.0,0.0,0.0,0.0,0.0,0.0,0.0,0.0,0.0,0.0,0.0,0.0,0.0,0.0,0.0,0.0,0.0,0.0,0.0,0.0,0.0,0.0,0.0,0.0,0.0,0.0,0.0,0.0,0.0,,,,,,,,,,,,,,,0.0
2026_067_4911904,4911904,Keyron Crawford,Auburn,SEC,DEFENSIVEEDGE,DL,2026,3,3,67,4,2.0,24.0,11.5,72.0,0.0,24.0,116.0,0.0,0.0,3.0,1.0,0.0,1.0,0.0,0.0,0.0,0.0,0.0,0.0,0.0,0.0,0.0,0.0,0.0,0.0,0.0,0.0,0.0,0.0,0.0,0.0,0.0,0.0,0.0,0.0,0.0,0.0,0.0,0.0,,,,,,,,,,,,,,,1.0
2026_069_4685504,4685504,Sam Roush,Stanford,Pac-12,TIGHTEND,TE,2026,3,5,69,4,0.0,0.0,0.0,5.0,0.0,0.0,7.0,1.0,0.0,2.0,0.0,0.0,0.0,1.0,0.0,8.0,0.0,0.0,0.0,0.0,0.0,0.0,0.0,0.0,0.0,0.0,0.0,0.0,0.0,0.0,0.0,0.0,0.0,119.0,4.0,1201.0,1.0,0.0,1.0,8.0,,,,69.0,1.0,,,10.092436974789916,1.0,8.0,,,,
2026_070_4432244,4432244,Romello Height,USC,Pac-12,DEFENSIVEEDGE,DL,2026,3,6,70,5,1.0,23.0,16.0,52.0,0.0,25.5,107.0,0.0,0.0,2.0,1.0,0.0,16.0,0.0,0.0,0.0,0.0,0.0,0.0,0.0,0.0,0.0,0.0,0.0,0.0,0.0,0.0,0.0,0.0,0.0,0.0,0.0,0.0,0.0,0.0,0.0,0.0,0.0,0.0,,,,,,,,,,,,,,,16.0
2026_071_5081432,5081432,Antonio Williams,Clemson,ACC,WIDERECEIVER,WR,2026,3,7,71,4,0.0,2.0,0.0,1.0,0.0,0.0,1.0,5.0,3.0,0.0,0.0,0.0,0.0,1.0,0.0,26.0,0.0,0.0,0.0,0.0,0.0,4.0,4.0,0.0,2.0,143.0,40.0,0.0,350.0,0.0,0.0,0.0,0.0,205.0,21.0,2312.0,26.0,2.0,193.0,26.0,,30.0,,64.0,36.0,1.0,35.75,11.278048780487804,7.423076923076923,26.0,8.75,,,
2026_072_4726127,4726127,Tacario Davis,Washington,Big Ten,CORNERBACK,DB,2026,3,8,72,4,26.0,1.0,0.0,59.0,0.0,3.5,91.0,0.0,0.0,2.0,3.0,0.0,34.0,0.0,0.0,0.0,0.0,0.0,0.0,0.0,0.0,0.0,0.0,0.0,0.0,0.0,0.0,0.0,0.0,0.0,0.0,0.0,0.0,0.0,0.0,0.0,0.0,0.0,0.0,,,,,,,,,,,,,,,11.333333333333334
2026_073_4702559,4702559,Oscar Delp,Georgia,SEC,TIGHTEND,TE,2026,3,9,73,4,0.0,0.0,0.0,1.0,0.0,0.0,1.0,2.0,1.0,0.0,0.0,0.0,0.0,0.0,0.0,0.0,0.0,0.0,0.0,0.0,0.0,0.0,0.0,0.0,0.0,0.0,0.0,0.0,0.0,0.0,0.0,0.0,0.0,70.0,9.0,854.0,0.0,0.0,0.0,,,,,43.0,,,,12.2,,,,,,
2026_074_4682648,4682648,Malachi Fields,Virginia,ACC,WIDERECEIVER,WR,2026,3,10,74,5,0.0,0.0,0.0,6.0,0.0,0.0,6.0,3.0,2.0,0.0,0.0,0.0,0.0,0.0,0.0,0.0,0.0,0.0,0.0,0.0,0.0,3.0,2.0,0.0,0.0,51.0,0.0,0.0,0.0,0.0,0.0,0.0,0.0,165.0,16.0,2479.0,1.0,0.0,-6.0,,,,,66.0,0.0,0.6666666666666666,17.0,15.024242424242424,-6.0,,,,,
2026_075_4869645,4869645,Caleb Douglas,Texas Tech,Big 12,WIDERECEIVER,WR,2026,3,11,75,4,0.0,0.0,0.0,1.0,0.0,0.0,1.0,1.0,1.0,0.0,0.0,0.0,0.0,1.0,0.0,-3.0,0.0,0.0,0.0,0.0,0.0,0.0,0.0,0.0,0.0,0.0,0.0,0.0,0.0,0.0,0.0,0.0,0.0,134.0,16.0,2018.0,0.0,0.0,0.0,0.0,,,,62.0,,,,15.059701492537313,,-3.0,,,,
2026_076_4714771,4714771,Drew Allar,Penn State,Big Ten,QUARTERBACK,QB,2026,3,12,76,4,0.0,0.0,0.0,1.0,0.0,0.0,1.0,7.0,4.0,0.0,0.0,0.0,0.0,0.0,0.0,0.0,0.0,0.0,0.0,0.0,0.0,1001.0,633.0,13.0,61.0,7402.0,0.0,0.0,0.0,0.0,0.0,0.0,0.0,3.0,0.0,15.0,224.0,12.0,736.0,,,,,10.0,27.0,0.6323676323676324,7.394605394605395,5.0,3.2857142857142856,,,,,
2026_077_4820574,4820574,Chris McClellan,Missouri,SEC,DEFENSIVETACKLE,DL,2026,3,13,77,4,4.0,11.0,10.5,38.0,0.0,17.0,131.0,0.0,0.0,1.0,0.0,0.0,0.0,0.0,0.0,0.0,0.0,0.0,0.0,0.0,0.0,0.0,0.0,0.0,0.0,0.0,0.0,0.0,0.0,0.0,0.0,0.0,0.0,0.0,0.0,0.0,0.0,0.0,0.0,,,,,,,,,,,,,,,
2026_078_4905664,4905664,A.J. Haulcy,New Mexico,Mountain West,SAFETY,DB,2026,3,14,78,4,16.0,2.0,0.0,200.0,0.0,4.5,338.0,0.0,0.0,1.0,10.0,0.0,187.0,0.0,0.0,0.0,0.0,0.0,0.0,0.0,0.0,0.0,0.0,0.0,0.0,0.0,0.0,0.0,0.0,0.0,0.0,0.0,0.0,0.0,0.0,0.0,0.0,0.0,0.0,,,,,,,,,,,,,,,18.7
2026_079_4870612,4870612,Zachariah Branch,USC,Pac-12,WIDERECEIVER,WR,2026,3,15,79,3,0.0,0.0,0.0,3.0,1.0,0.0,3.0,4.0,2.0,0.0,0.0,0.0,0.0,39.0,1.0,758.0,0.0,0.0,0.0,0.0,0.0,0.0,0.0,0.0,0.0,0.0,44.0,1.0,586.0,0.0,0.0,0.0,0.0,159.0,9.0,1634.0,15.0,1.0,94.0,96.0,,75.0,,47.0,21.0,,,10.276729559748428,6.266666666666667,19.43589743589743,13.318181818181818,,,
2026_080_4870847,4870847,Ja'Kobi Lane,USC,Pac-12,WIDERECEIVER,WR,2026,3,16,80,3,0.0,0.0,0.0,1.0,0.0,0.0,2.0,0.0,0.0,0.0,0.0,0.0,0.0,0.0,0.0,0.0,0.0,0.0,0.0,0.0,0.0,0.0,0.0,0.0,0.0,0.0,0.0,0.0,0.0,0.0,0.0,0.0,0.0,99.0,18.0,1363.0,0.0,0.0,0.0,,,,,59.0,,,,13.767676767676768,,,,,,
2026_081_4612298,4612298,Albert Regis,Texas A&M,SEC,DEFENSIVETACKLE,DL,2026,3,17,81,4,10.0,5.0,3.5,47.0,0.0,10.5,116.0,0.0,0.0,0.0,0.0,0.0,0.0,0.0,0.0,0.0,0.0,0.0,0.0,0.0,0.0,0.0,0.0,0.0,0.0,0.0,0.0,0.0,0.0,0.0,0.0,0.0,0.0,0.0,0.0,0.0,0.0,0.0,0.0,,,,,,,,,,,,,,,
2026_082_4698728,4698728,Domonique Orange,Iowa State,Big 12,DEFENSIVETACKLE,DL,2026,3,18,82,4,2.0,12.0,1.0,32.0,0.0,7.0,66.0,0.0,0.0,0.0,0.0,0.0,0.0,0.0,0.0,0.0,0.0,0.0,0.0,0.0,0.0,0.0,0.0,0.0,0.0,0.0,0.0,0.0,0.0,0.0,0.0,0.0,0.0,0.0,0.0,0.0,0.0,0.0,0.0,,,,,,,,,,,,,,,
2026_083_5091739,5091739,Chris Brazzell II,Tulane,American Athletic,WIDERECEIVER,WR,2026,3,19,83,4,0.0,0.0,0.0,0.0,0.0,0.0,1.0,0.0,0.0,0.0,0.0,0.0,0.0,0.0,0.0,0.0,0.0,0.0,0.0,0.0,0.0,0.0,0.0,0.0,0.0,0.0,0.0,0.0,0.0,0.0,0.0,0.0,0.0,136.0,16.0,2072.0,0.0,0.0,0.0,,,,,72.0,,,,15.235294117647058,,,,,,
2026_084_5220680,5220680,Ted Hurst,Georgia State,Sun Belt,WIDERECEIVER,WR,2026,3,20,84,2,0.0,0.0,0.0,2.0,0.0,0.0,2.0,0.0,0.0,0.0,0.0,0.0,0.0,0.0,0.0,0.0,0.0,0.0,0.0,0.0,0.0,0.0,0.0,0.0,0.0,0.0,0.0,0.0,0.0,0.0,0.0,0.0,0.0,127.0,15.0,1965.0,0.0,0.0,0.0,,,,,76.0,,,,15.472440944881887,,,,,,
2026_085_4685327,4685327,Daylen Everette,Georgia,SEC,CORNERBACK,DB,2026,3,21,85,4,17.0,2.0,1.0,107.0,1.0,5.0,148.0,0.0,0.0,2.0,5.0,0.0,32.0,0.0,0.0,0.0,0.0,0.0,0.0,0.0,0.0,0.0,0.0,0.0,0.0,0.0,0.0,0.0,0.0,0.0,0.0,0.0,0.0,0.0,0.0,0.0,0.0,0.0,0.0,,,,,,,,,,,,,,,6.4
2026_086_4597310,4597310,Austin Barber,Florida,SEC,OFFENSIVETACKLE,OL,2026,3,22,86,2,0.0,0.0,0.0,0.0,1.0,0.0,0.0,0.0,0.0,0.0,0.0,0.0,0.0,0.0,0.0,0.0,0.0,0.0,0.0,0.0,0.0,0.0,0.0,0.0,0.0,0.0,0.0,0.0,0.0,0.0,0.0,0.0,0.0,0.0,0.0,0.0,0.0,1.0,-3.0,,,,,,0.0,,,,-inf,,,,,
2026_087_4880236,4880236,Will Kacmarek,Ohio State,Big Ten,TIGHTEND,TE,2026,3,23,87,4,0.0,0.0,0.0,1.0,0.0,0.0,1.0,0.0,0.0,0.0,0.0,0.0,0.0,0.0,0.0,0.0,0.0,0.0,0.0,0.0,0.0,0.0,0.0,0.0,0.0,0.0,0.0,0.0,0.0,0.0,0.0,0.0,0.0,65.0,4.0,761.0,2.0,0.0,5.0,,,,,47.0,5.0,,,11.707692307692309,2.5,,,,,
2026_088_4608929,4608929,Emmanuel Pregnon,Wyoming,Mountain West,OFFENSIVEGUARD,OL,2026,3,24,88,1,0.0,0.0,0.0,2.0,0.0,0.0,2.0,0.0,0.0,0.0,0.0,0.0,0.0,0.0,0.0,0.0,0.0,0.0,0.0,0.0,0.0,0.0,0.0,0.0,0.0,0.0,0.0,0.0,0.0,0.0,0.0,0.0,0.0,0.0,0.0,0.0,0.0,0.0,0.0,,,,,,,,,,,,,,,
2026_089_4869748,4869748,Zavion Thomas,Mississippi State,SEC,WIDERECEIVER,WR,2026,3,25,89,4,0.0,0.0,0.0,2.0,3.0,0.0,3.0,4.0,1.0,0.0,0.0,0.0,0.0,35.0,2.0,952.0,0.0,0.0,0.0,0.0,0.0,3.0,2.0,0.0,0.0,33.0,60.0,1.0,601.0,0.0,0.0,0.0,0.0,106.0,7.0,1213.0,40.0,1.0,198.0,95.0,,63.0,,62.0,48.0,0.6666666666666666,11.0,11.443396226415096,4.95,27.2,10.016666666666667,,,
2026_090_4696044,4696044,Kaelon Black,James Madison,Sun Belt,RUNNINGBACK,RB,2026,3,26,90,4,0.0,0.0,0.0,1.0,0.0,0.0,4.0,4.0,1.0,0.0,0.0,0.0,0.0,2.0,0.0,26.0,0.0,0.0,0.0,0.0,0.0,0.0,0.0,0.0,0.0,0.0,0.0,0.0,0.0,0.0,0.0,0.0,0.0,50.0,6.0,457.0,444.0,16.0,2260.0,23.0,,,,34.0,57.0,,,9.14,5.09009009009009,13.0,,,,
2026_091_4431623,4431623,Trey Zuhn,Texas A&M,SEC,CENTER,OL,2026,3,27,91,1,0.0,0.0,0.0,2.0,0.0,0.0,2.0,0.0,0.0,0.0,0.0,0.0,0.0,0.0,0.0,0.0,0.0,0.0,0.0,0.0,0.0,0.0,0.0,0.0,0.0,0.0,0.0,0.0,0.0,0.0,0.0,0.0,0.0,0.0,0.0,0.0,0.0,0.0,0.0,,,,,,,,,,,,,,,
2026_092_4685266,4685266,Jaishawn Barham,Michigan,Big Ten,DEFENSIVEEDGE,DL,2026,3,28,92,4,8.0,15.0,12.0,116.0,0.0,23.0,189.0,0.0,0.0,2.0,1.0,0.0,11.0,0.0,0.0,0.0,0.0,0.0,0.0,0.0,0.0,0.0,0.0,0.0,0.0,0.0,0.0,0.0,0.0,0.0,0.0,0.0,0.0,0.0,0.0,0.0,0.0,0.0,0.0,,,,,,,,,,,,,,,11.0
2026_094_4869961,4869961,Chris Bell,Louisville,ACC,WIDERECEIVER,WR,2026,3,30,94,4,0.0,0.0,0.0,3.0,0.0,0.0,6.0,1.0,1.0,0.0,0.0,0.0,0.0,5.0,0.0,78.0,0.0,0.0,0.0,0.0,0.0,0.0,0.0,0.0,0.0,0.0,0.0,0.0,0.0,0.0,0.0,0.0,0.0,151.0,12.0,2166.0,2.0,0.0,43.0,21.0,,,,68.0,47.0,,,14.344370860927151,21.5,15.6,,,,
2026_095_4831959,4831959,Eli Raridon,Notre Dame,FBS Independents,TIGHTEND,TE,2026,3,31,95,3,0.0,0.0,0.0,0.0,0.0,0.0,0.0,0.0,0.0,0.0,0.0,0.0,0.0,0.0,0.0,0.0,0.0,0.0,0.0,0.0,0.0,0.0,0.0,0.0,0.0,0.0,0.0,0.0,0.0,0.0,0.0,0.0,0.0,48.0,3.0,623.0,0.0,0.0,0.0,,,,,65.0,,,,12.979166666666666,,,,,,
2026_096_4431258,4431258,Gennings Dunker,Iowa,Big Ten,OFFENSIVETACKLE,OL,2026,3,32,96,2,0.0,0.0,0.0,1.0,0.0,0.0,2.0,0.0,0.0,0.0,0.0,0.0,0.0,0.0,0.0,0.0,0.0,0.0,0.0,0.0,0.0,0.0,0.0,0.0,0.0,0.0,0.0,0.0,0.0,0.0,0.0,0.0,0.0,0.0,0.0,0.0,0.0,0.0,0.0,,,,,,,,,,,,,,,
2026_098_4710865,4710865,Jakobe Thomas,Tennessee,SEC,SAFETY,DB,2026,3,34,98,4,15.0,0.0,4.5,137.0,2.0,11.0,203.0,0.0,0.0,4.0,9.0,2.0,164.0,0.0,0.0,0.0,0.0,0.0,0.0,0.0,0.0,0.0,0.0,0.0,0.0,0.0,1.0,0.0,6.0,0.0,0.0,0.0,0.0,0.0,0.0,0.0,0.0,0.0,0.0,,,6.0,,,,,,,,,6.0,,,18.22222222222222
2026_099_4684543,4684543,Julian Neal,Fresno State,Mountain West,CORNERBACK,DB,2026,3,35,99,4,16.0,0.0,1.0,59.0,0.0,7.5,97.0,0.0,0.0,0.0,4.0,0.0,43.0,0.0,0.0,0.0,0.0,0.0,0.0,0.0,0.0,0.0,0.0,0.0,0.0,0.0,0.0,0.0,0.0,0.0,0.0,0.0,0.0,0.0,0.0,0.0,0.0,0.0,0.0,,,,,,,,,,,,,,,10.75
2026_100_4912185,4912185,Jalen Huskey,Maryland,Big Ten,CORNERBACK,DB,2026,3,36,100,4,9.0,0.0,0.0,112.0,0.0,5.0,175.0,0.0,0.0,2.0,11.0,0.0,157.0,0.0,0.0,0.0,0.0,0.0,0.0,0.0,0.0,0.0,0.0,0.0,0.0,0.0,0.0,0.0,0.0,0.0,0.0,0.0,0.0,0.0,0.0,0.0,1.0,0.0,3.0,,,,,,3.0,,,,3.0,,,,,14.272727272727272
2026_101_5157289,5157289,Jermod McCoy,Tennessee,SEC,CORNERBACK,DB,2026,4,1,101,2,14.0,1.0,0.0,42.0,0.0,1.0,75.0,1.0,0.0,1.0,6.0,0.0,88.0,0.0,0.0,0.0,0.0,0.0,0.0,0.0,0.0,0.0,0.0,0.0,0.0,0.0,6.0,0.0,59.0,0.0,0.0,0.0,0.0,0.0,0.0,0.0,0.0,0.0,0.0,,,23.0,,,,,,,,,9.833333333333334,,,14.666666666666666
2026_102_4869533,4869533,Jude Bowry,Boston College,ACC,OFFENSIVETACKLE,OL,2026,4,2,102,1,0.0,0.0,0.0,1.0,0.0,0.0,1.0,0.0,0.0,0.0,0.0,0.0,0.0,0.0,0.0,0.0,0.0,0.0,0.0,0.0,0.0,0.0,0.0,0.0,0.0,0.0,0.0,0.0,0.0,0.0,0.0,0.0,0.0,0.0,0.0,0.0,0.0,0.0,0.0,,,,,,,,,,,,,,,
2026_103_4612836,4612836,Darrell Jackson,Miami,ACC,DEFENSIVETACKLE,DL,2026,4,3,103,5,2.0,5.0,7.0,52.0,0.0,10.5,124.0,0.0,0.0,0.0,0.0,0.0,0.0,0.0,0.0,0.0,0.0,0.0,0.0,0.0,0.0,0.0,0.0,0.0,0.0,0.0,0.0,0.0,0.0,0.0,0.0,0.0,0.0,0.0,0.0,0.0,0.0,0.0,0.0,,,,,,,,,,,,,,,
2026_104_5084514,5084514,Kaleb Proctor,SE Louisiana,Southland,DEFENSIVETACKLE,DL,2026,4,4,104,4,0.0,1.0,2.5,14.0,0.0,5.0,25.0,0.0,0.0,1.0,0.0,0.0,0.0,0.0,0.0,0.0,0.0,0.0,0.0,0.0,0.0,0.0,0.0,0.0,0.0,0.0,0.0,0.0,0.0,0.0,0.0,0.0,0.0,1.0,0.0,-4.0,0.0,0.0,0.0,,,,,0.0,,,,-4.0,,,,,,
2026_105_4685553,4685553,Brenen Thompson,Texas,Big 12,WIDERECEIVER,WR,2026,4,5,105,4,0.0,0.0,0.0,0.0,0.0,0.0,0.0,0.0,0.0,0.0,0.0,0.0,0.0,0.0,0.0,0.0,0.0,0.0,0.0,0.0,0.0,1.0,0.0,0.0,0.0,0.0,1.0,0.0,44.0,0.0,0.0,0.0,0.0,84.0,10.0,1557.0,4.0,1.0,14.0,,,44.0,,63.0,10.0,0.0,0.0,18.535714285714285,3.5,,44.0,,,
2026_107_4685369,4685369,Gracen Halton,Oklahoma,SEC,DEFENSIVETACKLE,DL,2026,4,7,107,4,2.0,11.0,8.5,34.0,1.0,17.5,82.0,0.0,0.0,2.0,0.0,0.0,0.0,0.0,0.0,0.0,0.0,0.0,0.0,0.0,0.0,0.0,0.0,0.0,0.0,0.0,0.0,0.0,0.0,0.0,0.0,0.0,0.0,0.0,0.0,0.0,0.0,0.0,0.0,,,,,,,,,,,,,,,
2026_108_4702555,4702555,Jonah Coleman,Washington,Big Ten,RUNNINGBACK,RB,2026,4,8,108,4,0.0,0.0,0.0,1.0,0.0,0.0,1.0,3.0,2.0,0.0,0.0,0.0,0.0,4.0,0.0,83.0,0.0,0.0,0.0,0.0,0.0,0.0,0.0,0.0,0.0,0.0,0.0,0.0,0.0,0.0,0.0,0.0,0.0,87.0,3.0,838.0,552.0,34.0,3054.0,26.0,,,,69.0,64.0,,,9.632183908045976,5.532608695652174,20.75,,,,
2026_109_4710706,4710706,Jadon Canady,Tulane,American Athletic,SAFETY,DB,2026,4,9,109,5,23.0,1.0,0.0,97.0,0.0,7.0,151.0,0.0,0.0,4.0,4.0,0.0,0.0,0.0,0.0,0.0,0.0,0.0,0.0,0.0,0.0,0.0,0.0,0.0,0.0,0.0,0.0,0.0,0.0,0.0,0.0,0.0,0.0,0.0,0.0,0.0,0.0,0.0,0.0,,,,,,,,,,,,,,,0.0
2026_110_4685413,4685413,Cade Klubnik,Clemson,ACC,QUARTERBACK,QB,2026,4,10,110,4,0.0,0.0,0.0,3.0,0.0,0.0,3.0,18.0,6.0,0.0,0.0,0.0,0.0,0.0,0.0,0.0,0.0,0.0,0.0,0.0,0.0,1432.0,916.0,24.0,73.0,10123.0,0.0,0.0,0.0,1.0,2.0,0.0,56.0,1.0,0.0,19.0,369.0,17.0,877.0,,,,37.0,19.0,55.0,0.6396648044692738,7.069134078212291,19.0,2.3766937669376693,,,28.0,,
2026_113_4838270,4838270,Jalen Farmer,Kentucky,SEC,OFFENSIVEGUARD,OL,2026,4,13,113,1,0.0,0.0,0.0,0.0,0.0,0.0,1.0,0.0,0.0,0.0,0.0,0.0,0.0,0.0,0.0,0.0,0.0,0.0,0.0,0.0,0.0,0.0,0.0,0.0,0.0,0.0,0.0,0.0,0.0,0.0,0.0,0.0,0.0,0.0,0.0,0.0,0.0,0.0,0.0,,,,,,,,,,,,,,,
2026_114_4702577,4702577,Devin Moore,Florida,SEC,CORNERBACK,DB,2026,4,14,114,4,8.0,0.0,1.0,40.0,0.0,2.0,64.0,0.0,0.0,0.0,5.0,0.0,130.0,0.0,0.0,0.0,0.0,0.0,0.0,0.0,0.0,0.0,0.0,0.0,0.0,0.0,0.0,0.0,0.0,0.0,0.0,0.0,0.0,0.0,0.0,0.0,0.0,0.0,0.0,,,,,,,,,,,,,,,26.0
2026_115_5088338,5088338,Elijah Sarratt,St. Francis (PA),NEC,WIDERECEIVER,WR,2026,4,15,115,4,0.0,0.0,0.0,2.0,0.0,0.0,2.0,1.0,0.0,0.0,0.0,0.0,0.0,5.0,0.0,84.0,0.0,0.0,0.0,0.0,0.0,0.0,0.0,0.0,0.0,0.0,0.0,0.0,0.0,0.0,0.0,0.0,0.0,240.0,44.0,3649.0,8.0,1.0,48.0,32.0,,,,84.0,13.0,,,15.204166666666667,6.0,16.8,,,,
2026_116_5093694,5093694,Keionte Scott,Miami,ACC,CORNERBACK,DB,2026,4,16,116,4,13.0,12.0,6.0,128.0,3.0,19.0,177.0,8.0,5.0,2.0,3.0,2.0,110.0,5.0,0.0,64.0,0.0,0.0,0.0,0.0,0.0,0.0,0.0,0.0,0.0,0.0,44.0,1.0,463.0,0.0,0.0,0.0,0.0,0.0,0.0,0.0,0.0,0.0,0.0,29.0,,74.0,,,,,,,,12.8,10.522727272727272,,,36.666666666666664
2026_118_4896353,4896353,Jimmy Rolder,Michigan,Big Ten,LINEBACKER,LB,2026,4,18,118,4,1.0,3.0,2.0,70.0,0.0,9.0,117.0,0.0,0.0,1.0,1.0,0.0,2.0,0.0,0.0,0.0,0.0,0.0,0.0,0.0,0.0,0.0,0.0,0.0,0.0,0.0,0.0,0.0,0.0,0.0,0.0,0.0,0.0,0.0,0.0,0.0,0.0,0.0,0.0,,,,,,,,,,,,,,,2.0
2026_119_4832922,4832922,Wesley Williams,Duke,ACC,DEFENSIVEEDGE,DL,2026,4,19,119,3,4.0,27.0,10.5,51.0,0.0,27.0,127.0,0.0,0.0,1.0,0.0,0.0,0.0,0.0,0.0,0.0,0.0,0.0,0.0,0.0,0.0,0.0,0.0,0.0,0.0,0.0,1.0,0.0,10.0,0.0,0.0,0.0,0.0,0.0,0.0,0.0,0.0,0.0,0.0,,,10.0,,,,,,,,,10.0,,,
2026_120_4685315,4685315,Dani Dennis-Sutton,Penn State,Big Ten,DEFENSIVEEDGE,DL,2026,4,20,120,4,8.0,22.0,22.5,77.0,0.0,34.5,124.0,0.0,0.0,2.0,2.0,0.0,20.0,0.0,0.0,0.0,0.0,0.0,0.0,0.0,0.0,0.0,0.0,0.0,0.0,0.0,2.0,0.0,36.0,0.0,0.0,0.0,0.0,0.0,0.0,0.0,0.0,0.0,0.0,,,27.0,,,,,,,,,18.0,,,10.0
2026_121_5081338,5081338,Kaden Wetjen,Iowa,Big Ten,WIDERECEIVER,WR,2026,4,21,121,3,0.0,0.0,0.0,0.0,6.0,0.0,0.0,4.0,1.0,0.0,0.0,0.0,0.0,56.0,2.0,1538.0,0.0,0.0,0.0,0.0,0.0,0.0,0.0,0.0,0.0,0.0,54.0,4.0,954.0,0.0,0.0,0.0,0.0,23.0,1.0,197.0,23.0,2.0,132.0,100.0,,95.0,,33.0,21.0,,,8.565217391304348,5.739130434782608,27.464285714285715,17.666666666666668,,,
2026_122_4686658,4686658,Michael Washington,New Mexico State,Conference USA,RUNNINGBACK,RB,2026,4,22,122,5,0.0,0.0,0.0,1.0,0.0,0.0,1.0,15.0,6.0,0.0,0.0,0.0,0.0,4.0,0.0,87.0,0.0,0.0,0.0,0.0,0.0,1.0,0.0,0.0,0.0,0.0,0.0,0.0,0.0,0.0,0.0,0.0,0.0,65.0,3.0,412.0,578.0,26.0,2881.0,25.0,,,,35.0,92.0,0.0,0.0,6.338461538461538,4.984429065743945,21.75,,,,
2026_123_4837286,4837286,Wade Woodaz,Clemson,ACC,LINEBACKER,LB,2026,4,23,123,4,8.0,13.0,9.0,100.0,1.0,25.0,183.0,0.0,0.0,1.0,3.0,1.0,94.0,0.0,0.0,0.0,0.0,0.0,0.0,0.0,0.0,0.0,0.0,0.0,0.0,0.0,1.0,0.0,3.0,0.0,0.0,0.0,0.0,0.0,0.0,0.0,0.0,0.0,0.0,,,3.0,,,,,,,,,3.0,,,31.333333333333332
2026_124_4870953,4870953,Malik Muhammad,Texas,SEC,CORNERBACK,DB,2026,4,24,124,3,15.0,1.0,1.0,71.0,1.0,3.5,93.0,0.0,0.0,0.0,3.0,0.0,0.0,0.0,0.0,0.0,0.0,0.0,0.0,0.0,0.0,0.0,0.0,0.0,0.0,0.0,1.0,1.0,0.0,0.0,0.0,0.0,0.0,0.0,0.0,0.0,0.0,0.0,0.0,,,0.0,,,,,,,,,0.0,,,0.0
2026_125_4683153,4683153,Skyler Bell,Wisconsin,Big Ten,WIDERECEIVER,WR,2026,4,25,125,5,0.0,0.0,0.0,0.0,0.0,0.0,0.0,2.0,1.0,0.0,0.0,0.0,0.0,0.0,0.0,0.0,0.0,0.0,0.0,0.0,0.0,0.0,0.0,0.0,0.0,0.0,0.0,0.0,0.0,0.0,0.0,0.0,0.0,220.0,24.0,2892.0,15.0,0.0,162.0,,,,,80.0,44.0,,,13.145454545454545,10.8,,,,,
2026_126_4594321,4594321,Kaleb Elarms-Orr,TCU,Big 12,LINEBACKER,LB,2026,4,26,126,3,8.0,14.0,7.0,135.0,0.0,18.5,271.0,0.0,0.0,2.0,1.0,0.0,1.0,0.0,0.0,0.0,0.0,0.0,0.0,0.0,0.0,0.0,0.0,0.0,0.0,0.0,0.0,0.0,0.0,0.0,0.0,0.0,0.0,0.0,0.0,0.0,0.0,0.0,0.0,,,,,,,,,,,,,,,1.0
2026_129_5151083,5151083,Will Lee III,Texas A&M,SEC,CORNERBACK,DB,2026,4,29,129,3,23.0,0.0,1.0,111.0,1.0,4.0,134.0,0.0,0.0,1.0,4.0,1.0,124.0,0.0,0.0,0.0,0.0,0.0,0.0,0.0,0.0,0.0,0.0,0.0,0.0,0.0,0.0,0.0,0.0,0.0,0.0,0.0,0.0,0.0,0.0,0.0,0.0,0.0,0.0,,,,,,,,,,,,,,,31.0
2026_130_4879212,4879212,Trey Moore,UTSA,Conference USA,DEFENSIVEEDGE,DL,2026,4,30,130,5,9.0,20.0,31.5,100.0,0.0,48.5,167.0,0.0,0.0,5.0,1.0,0.0,3.0,0.0,0.0,0.0,0.0,0.0,0.0,0.0,0.0,0.0,0.0,0.0,0.0,0.0,0.0,0.0,0.0,0.0,0.0,0.0,0.0,0.0,0.0,0.0,0.0,0.0,0.0,,,,,,,,,,,,,,,3.0
2026_131_4950551,4950551,Genesis Smith,Arizona,Pac-12,SAFETY,DB,2026,4,31,131,3,14.0,1.0,0.0,86.0,0.0,6.5,161.0,0.0,0.0,3.0,4.0,0.0,42.0,0.0,0.0,0.0,0.0,0.0,0.0,0.0,0.0,0.0,0.0,0.0,0.0,0.0,0.0,0.0,0.0,0.0,0.0,0.0,0.0,0.0,0.0,0.0,0.0,0.0,0.0,,,,,,,,,,,,,,,10.5
2026_132_4433938,4433938,Jeremiah Wright,Auburn,SEC,OFFENSIVEGUARD,OL,2026,4,32,132,2,0.0,0.0,0.0,1.0,0.0,1.0,4.0,0.0,0.0,0.0,0.0,0.0,0.0,0.0,0.0,0.0,0.0,0.0,0.0,0.0,0.0,0.0,0.0,0.0,0.0,0.0,0.0,0.0,0.0,0.0,0.0,0.0,0.0,1.0,0.0,0.0,0.0,0.0,0.0,,,,,0.0,,,,0.0,,,,,,
2026_133_4432260,4432260,Matthew Hibner,SMU,ACC,TIGHTEND,TE,2026,4,33,133,4,0.0,0.0,0.0,2.0,0.0,0.0,6.0,1.0,1.0,1.0,0.0,0.0,0.0,0.0,0.0,0.0,0.0,0.0,0.0,0.0,0.0,0.0,0.0,0.0,0.0,0.0,0.0,0.0,0.0,0.0,0.0,0.0,0.0,57.0,8.0,819.0,0.0,0.0,0.0,,,,,80.0,,,,14.36842105263158,,,,,,
2026_134_4595343,4595343,Kendal Daniels,Oklahoma State,Big 12,LINEBACKER,LB,2026,4,34,134,4,14.0,9.0,8.5,179.0,0.0,31.5,292.0,0.0,0.0,3.0,5.0,0.0,41.0,0.0,0.0,0.0,0.0,0.0,0.0,0.0,0.0,0.0,0.0,0.0,0.0,0.0,0.0,0.0,0.0,0.0,0.0,0.0,0.0,0.0,0.0,0.0,0.0,0.0,0.0,,,,,,,,,,,,,,,8.2
2026_135_5088571,5088571,Bryce Boettcher,Oregon,Pac-12,LINEBACKER,LB,2026,4,35,135,4,9.0,5.0,4.0,117.0,0.0,15.0,258.0,0.0,0.0,1.0,2.0,0.0,31.0,0.0,0.0,0.0,0.0,0.0,0.0,0.0,0.0,0.0,0.0,0.0,0.0,0.0,0.0,0.0,0.0,0.0,0.0,0.0,0.0,0.0,0.0,0.0,1.0,1.0,1.0,,,,,,1.0,,,,1.0,,,,,15.5
2026_136_4879276,4879276,Bryce Lance,North Dakota State,MVFC,WIDERECEIVER,WR,2026,4,36,136,3,0.0,0.0,0.0,0.0,0.0,0.0,0.0,0.0,0.0,0.0,0.0,0.0,0.0,0.0,0.0,0.0,0.0,0.0,0.0,0.0,0.0,0.0,0.0,0.0,0.0,0.0,0.0,0.0,2.0,0.0,0.0,0.0,0.0,127.0,25.0,2140.0,9.0,2.0,121.0,,,2.0,,81.0,75.0,,,16.8503937007874,13.444444444444445,,inf,,,
2026_137_4870960,4870960,Lebbeus Overton,Texas A&M,SEC,DEFENSIVEEDGE,DL,2026,4,37,137,4,2.0,21.0,7.0,60.0,0.0,12.0,130.0,0.0,0.0,1.0,0.0,0.0,0.0,0.0,0.0,0.0,0.0,0.0,0.0,0.0,0.0,0.0,0.0,0.0,0.0,0.0,0.0,0.0,0.0,0.0,0.0,0.0,0.0,0.0,0.0,0.0,0.0,0.0,0.0,,,,,,,,,,,,,,,
2026_138_4880273,4880273,Kyle Louis,Pittsburgh,ACC,LINEBACKER,LB,2026,4,38,138,3,6.0,13.0,10.0,93.0,1.0,25.0,198.0,0.0,0.0,2.0,6.0,1.0,89.0,0.0,0.0,0.0,0.0,0.0,0.0,0.0,0.0,0.0,0.0,0.0,0.0,0.0,0.0,0.0,0.0,0.0,0.0,0.0,0.0,0.0,0.0,0.0,0.0,0.0,0.0,,,,,,,,,,,,,,,14.833333333333334
2026_139_4685523,4685523,Ephesians Prysock,Washington,Big Ten,CORNERBACK,DB,2026,4,39,139,4,20.0,0.0,0.0,116.0,0.0,2.0,173.0,0.0,0.0,0.0,2.0,0.0,0.0,0.0,0.0,0.0,0.0,0.0,0.0,0.0,0.0,0.0,0.0,0.0,0.0,0.0,0.0,0.0,0.0,0.0,0.0,0.0,0.0,0.0,0.0,0.0,0.0,0.0,0.0,,,,,,,,,,,,,,,0.0
2026_140_5092508,5092508,Colbie Young,Miami,ACC,WIDERECEIVER,WR,2026,4,40,140,4,0.0,0.0,0.0,2.0,0.0,0.0,2.0,1.0,1.0,0.0,0.0,0.0,0.0,0.0,0.0,0.0,0.0,0.0,0.0,0.0,0.0,0.0,0.0,0.0,0.0,0.0,0.0,0.0,0.0,0.0,0.0,0.0,0.0,116.0,13.0,1446.0,0.0,0.0,0.0,,,,,71.0,,,,12.46551724137931,,,,,,
2026_141_4685518,4685518,Kamari Ramsey,USC,Big Ten,SAFETY,DB,2026,5,1,141,4,11.0,5.0,2.0,87.0,0.0,9.5,125.0,0.0,0.0,0.0,2.0,0.0,0.0,0.0,0.0,0.0,0.0,0.0,0.0,0.0,0.0,0.0,0.0,0.0,0.0,0.0,0.0,0.0,0.0,0.0,0.0,0.0,0.0,0.0,0.0,0.0,0.0,0.0,0.0,,,,,,,,,,,,,,,0.0
2026_142_4710000,4710000,Fernando Carmona,San José State,Mountain West,OFFENSIVEGUARD,OL,2026,5,2,142,1,0.0,0.0,0.0,1.0,0.0,0.0,1.0,0.0,0.0,0.0,0.0,0.0,0.0,0.0,0.0,0.0,0.0,0.0,0.0,0.0,0.0,0.0,0.0,0.0,0.0,0.0,0.0,0.0,0.0,0.0,0.0,0.0,0.0,0.0,0.0,0.0,0.0,0.0,0.0,,,,,,,,,,,,,,,
2026_143_4869132,4869132,Reginald Virgil,Texas Tech,Big 12,WIDERECEIVER,WR,2026,5,3,143,4,0.0,0.0,0.0,8.0,0.0,0.0,17.0,0.0,0.0,0.0,0.0,0.0,0.0,0.0,0.0,0.0,0.0,0.0,0.0,0.0,0.0,0.0,0.0,0.0,0.0,0.0,0.0,0.0,0.0,0.0,0.0,0.0,0.0,100.0,16.0,1583.0,2.0,2.0,35.0,,,,,75.0,30.0,,,15.83,17.5,,,,,
2026_144_4874515,4874515,Sam Hecht,Kansas State,Big 12,CENTER,OL,2026,5,4,144,1,0.0,0.0,0.0,1.0,0.0,0.0,1.0,0.0,0.0,0.0,0.0,0.0,0.0,0.0,0.0,0.0,0.0,0.0,0.0,0.0,0.0,0.0,0.0,0.0,0.0,0.0,0.0,0.0,0.0,0.0,0.0,0.0,0.0,0.0,0.0,0.0,0.0,0.0,0.0,,,,,,,,,,,,,,,
2026_145_4682818,4682818,Nick Barrett,South Carolina,SEC,DEFENSIVETACKLE,DL,2026,5,5,145,4,4.0,1.0,2.0,33.0,1.0,6.0,69.0,0.0,0.0,1.0,1.0,0.0,-5.0,0.0,0.0,0.0,0.0,0.0,0.0,0.0,0.0,0.0,0.0,0.0,0.0,0.0,0.0,0.0,0.0,0.0,0.0,0.0,0.0,0.0,0.0,0.0,0.0,0.0,0.0,,,,,,,,,,,,,,,-5.0
2026_146_4816090,4816090,Parker Brailsford,Alabama,SEC,CENTER,OL,2026,5,6,146,1,0.0,0.0,0.0,0.0,0.0,0.0,0.0,0.0,0.0,0.0,0.0,0.0,0.0,0.0,0.0,0.0,0.0,0.0,0.0,0.0,0.0,0.0,0.0,0.0,0.0,0.0,0.0,0.0,0.0,0.0,0.0,0.0,0.0,1.0,0.0,2.0,0.0,0.0,0.0,,,,,2.0,,,,2.0,,,,,,
2026_147_5081392,5081392,Joshua Josephs,Tennessee,SEC,DEFENSIVEEDGE,DL,2026,5,7,147,4,8.0,22.0,7.5,49.0,1.0,21.0,101.0,0.0,0.0,4.0,0.0,0.0,0.0,0.0,0.0,0.0,0.0,0.0,0.0,0.0,0.0,0.0,0.0,0.0,0.0,0.0,0.0,0.0,0.0,0.0,0.0,0.0,0.0,0.0,0.0,0.0,0.0,0.0,0.0,,,,,,,,,,,,,,,
2026_149_5150249,5150249,Justin Jefferson,Alabama,SEC,LINEBACKER,LB,2026,5,9,149,3,6.0,2.0,5.0,79.0,0.0,13.0,144.0,0.0,0.0,0.0,1.0,0.0,0.0,0.0,0.0,0.0,0.0,0.0,0.0,0.0,0.0,0.0,0.0,0.0,0.0,0.0,0.0,0.0,0.0,0.0,0.0,0.0,0.0,0.0,0.0,0.0,0.0,0.0,0.0,,,,,,,,,,,,,,,0.0
2026_150_4682488,4682488,Dalton Johnson,Arizona,Pac-12,SAFETY,DB,2026,5,10,150,5,10.0,1.0,3.0,144.0,0.0,13.0,269.0,0.0,0.0,1.0,5.0,0.0,39.0,1.0,0.0,29.0,0.0,0.0,0.0,0.0,0.0,0.0,0.0,0.0,0.0,0.0,0.0,0.0,0.0,0.0,0.0,0.0,0.0,0.0,0.0,0.0,0.0,0.0,0.0,29.0,,,,,,,,,,29.0,,,,7.8
2026_151_4566384,4566384,Zakee Wheatley,Penn State,Big Ten,SAFETY,DB,2026,5,11,151,5,6.0,3.0,1.0,139.0,0.0,5.0,210.0,0.0,0.0,3.0,6.0,0.0,64.0,0.0,0.0,0.0,0.0,0.0,0.0,0.0,0.0,0.0,0.0,0.0,0.0,0.0,0.0,0.0,0.0,0.0,0.0,0.0,0.0,0.0,0.0,0.0,0.0,0.0,0.0,,,,,,,,,,,,,,,10.666666666666666
2026_152_4912052,4912052,Justin Joly,UConn,FBS Independents,TIGHTEND,TE,2026,5,12,152,4,0.0,0.0,0.0,3.0,0.0,0.0,3.0,0.0,0.0,0.0,0.0,0.0,0.0,0.0,0.0,0.0,0.0,0.0,0.0,0.0,0.0,0.0,0.0,0.0,0.0,0.0,0.0,0.0,0.0,0.0,0.0,0.0,0.0,166.0,15.0,1962.0,1.0,0.0,12.0,,,,,62.0,12.0,,,11.819277108433734,12.0,,,,,
2026_153_4569661,4569661,Jager Burton,Kentucky,SEC,CENTER,OL,2026,5,13,153,2,0.0,0.0,0.0,3.0,0.0,0.0,3.0,0.0,0.0,0.0,0.0,0.0,0.0,0.0,0.0,0.0,0.0,0.0,0.0,0.0,0.0,0.0,0.0,0.0,0.0,0.0,0.0,0.0,0.0,0.0,0.0,0.0,0.0,0.0,0.0,0.0,0.0,0.0,0.0,,,,,,,,,,,,,,,
2026_154_5086161,5086161,Jaden Dugger,Louisiana,Sun Belt,LINEBACKER,LB,2026,5,14,154,3,5.0,2.0,5.0,86.0,0.0,17.0,161.0,0.0,0.0,0.0,2.0,0.0,0.0,0.0,0.0,0.0,0.0,0.0,0.0,0.0,0.0,0.0,0.0,0.0,0.0,0.0,0.0,0.0,0.0,0.0,0.0,0.0,0.0,0.0,0.0,0.0,0.0,0.0,0.0,,,,,,,,,,,,,,,0.0
2026_155_4429007,4429007,DeMonte Capehart,Clemson,ACC,DEFENSIVETACKLE,DL,2026,5,15,155,5,5.0,7.0,3.0,41.0,0.0,12.0,66.0,0.0,0.0,0.0,0.0,0.0,0.0,0.0,0.0,0.0,0.0,0.0,0.0,0.0,0.0,0.0,0.0,0.0,0.0,0.0,0.0,0.0,0.0,0.0,0.0,0.0,0.0,0.0,0.0,0.0,0.0,0.0,0.0,,,,,,,,,,,,,,,
2026_156_4708238,4708238,George Gumbs,Northern Illinois,Mid-American,DEFENSIVEEDGE,DL,2026,5,16,156,4,2.0,10.0,11.0,49.0,0.0,22.5,101.0,0.0,0.0,2.0,0.0,0.0,0.0,0.0,0.0,0.0,0.0,0.0,0.0,0.0,0.0,0.0,0.0,0.0,0.0,0.0,0.0,0.0,0.0,0.0,0.0,0.0,0.0,4.0,0.0,44.0,0.0,0.0,0.0,,,,,14.0,,,,11.0,,,,,,
2026_157_5093004,5093004,Keith Abney,Arizona State,Pac-12,CORNERBACK,DB,2026,5,17,157,3,21.0,1.0,1.0,71.0,0.0,1.0,98.0,0.0,0.0,1.0,6.0,0.0,8.0,0.0,0.0,0.0,0.0,0.0,0.0,0.0,0.0,0.0,0.0,0.0,0.0,0.0,0.0,0.0,0.0,0.0,0.0,0.0,0.0,0.0,0.0,0.0,0.0,0.0,0.0,,,,,,,,,,,,,,,1.3333333333333333
2026_158_4880346,4880346,Michael Taaffe,Texas,SEC,SAFETY,DB,2026,5,18,158,4,14.0,2.0,3.0,117.0,0.0,9.5,217.0,0.0,0.0,1.0,7.0,0.0,54.0,0.0,0.0,0.0,0.0,0.0,0.0,0.0,0.0,0.0,0.0,0.0,0.0,0.0,1.0,0.0,12.0,0.0,0.0,0.0,0.0,0.0,0.0,0.0,0.0,0.0,0.0,,,12.0,,,,,,,,,12.0,,,7.714285714285714
2026_159_4878695,4878695,Max Bredeson,Michigan,Big Ten,TIGHTEND,TE,2026,5,19,159,4,0.0,0.0,0.0,1.0,0.0,0.0,1.0,1.0,1.0,0.0,0.0,0.0,0.0,1.0,0.0,10.0,0.0,0.0,0.0,0.0,0.0,0.0,0.0,0.0,0.0,0.0,0.0,0.0,0.0,0.0,0.0,0.0,0.0,12.0,0.0,132.0,0.0,0.0,0.0,10.0,,,,56.0,,,,11.0,,10.0,,,,
2026_161_4832955,4832955,Emmett Johnson,Nebraska,Big Ten,RUNNINGBACK,RB,2026,5,21,161,3,0.0,0.0,0.0,1.0,0.0,0.0,1.0,5.0,3.0,0.0,0.0,0.0,0.0,4.0,0.0,39.0,0.0,0.0,0.0,0.0,0.0,0.0,0.0,0.0,0.0,0.0,0.0,0.0,0.0,0.0,0.0,0.0,0.0,91.0,5.0,689.0,458.0,15.0,2460.0,17.0,,,,56.0,70.0,,,7.571428571428571,5.37117903930131,9.75,,,,
2026_162_4702918,4702918,Chandler Rivers,Duke,ACC,CORNERBACK,DB,2026,5,22,162,4,30.0,7.0,1.5,127.0,2.0,15.0,206.0,0.0,0.0,1.0,7.0,2.0,49.0,0.0,0.0,0.0,0.0,0.0,0.0,0.0,0.0,0.0,0.0,0.0,0.0,0.0,0.0,0.0,0.0,0.0,0.0,0.0,0.0,0.0,0.0,0.0,0.0,0.0,0.0,,,,,,,,,,,,,,,7.0
2026_163_5091793,5091793,Charles Demmings,Stephen F. Austin,Western Athletic,CORNERBACK,DB,2026,5,23,163,4,0.0,0.0,0.0,2.0,0.0,0.0,4.0,0.0,0.0,0.0,6.0,0.0,50.0,0.0,0.0,0.0,0.0,0.0,0.0,0.0,0.0,0.0,0.0,0.0,0.0,0.0,0.0,0.0,0.0,0.0,0.0,0.0,0.0,0.0,0.0,0.0,0.0,0.0,0.0,,,,,,,,,,,,,,,8.333333333333334
2026_164_4917427,4917427,Tanner Koziol,Houston,Big 12,TIGHTEND,TE,2026,5,24,164,4,0.0,0.0,0.0,4.0,0.0,0.0,4.0,1.0,1.0,0.0,0.0,0.0,0.0,0.0,0.0,0.0,0.0,0.0,0.0,0.0,0.0,0.0,0.0,0.0,0.0,0.0,0.0,0.0,0.0,0.0,0.0,0.0,0.0,237.0,24.0,2234.0,1.0,0.0,6.0,,,,,50.0,6.0,,,9.426160337552744,6.0,,,,,
2026_165_4685555,4685555,Nicholas Singleton,Penn State,Big Ten,RUNNINGBACK,RB,2026,5,25,165,4,0.0,0.0,0.0,0.0,1.0,0.0,0.0,7.0,6.0,0.0,0.0,0.0,0.0,48.0,1.0,1138.0,0.0,0.0,0.0,0.0,0.0,0.0,0.0,0.0,0.0,0.0,0.0,0.0,0.0,0.0,0.0,0.0,0.0,102.0,9.0,987.0,621.0,45.0,3452.0,100.0,,,,53.0,87.0,,,9.676470588235292,5.5587761674718195,23.708333333333332,,,,
2026_166_4911952,4911952,Keyshaun Elliott,New Mexico State,FBS Independents,LINEBACKER,LB,2026,5,26,166,4,9.0,13.0,11.5,153.0,0.0,29.5,299.0,0.0,0.0,3.0,1.0,0.0,18.0,0.0,0.0,0.0,0.0,0.0,0.0,0.0,0.0,0.0,0.0,0.0,0.0,0.0,0.0,0.0,0.0,0.0,0.0,0.0,0.0,0.0,0.0,0.0,0.0,0.0,0.0,,,,,,,,,,,,,,,18.0
2026_167_5076951,5076951,Jalon Kilgore,South Carolina,SEC,SAFETY,DB,2026,5,27,167,3,21.0,4.0,0.0,109.0,0.0,4.5,178.0,3.0,1.0,2.0,8.0,0.0,69.0,0.0,0.0,0.0,0.0,0.0,0.0,0.0,0.0,0.0,0.0,0.0,0.0,0.0,12.0,0.0,74.0,0.0,0.0,0.0,0.0,0.0,0.0,0.0,0.0,0.0,0.0,,,28.0,,,,,,,,,6.166666666666667,,,8.625
2026_168_4685441,4685441,Kendrick Law,Kentucky,SEC,WIDERECEIVER,WR,2026,5,28,168,4,0.0,0.0,0.0,5.0,0.0,0.0,8.0,2.0,2.0,0.0,0.0,0.0,0.0,32.0,0.0,710.0,0.0,0.0,0.0,0.0,0.0,1.0,0.0,0.0,0.0,0.0,4.0,0.0,6.0,0.0,0.0,0.0,0.0,86.0,4.0,883.0,16.0,0.0,83.0,52.0,,11.0,,71.0,21.0,0.0,0.0,10.267441860465116,5.1875,22.1875,1.5,,,
2026_169_4693370,4693370,Riley Nowakowski,Wisconsin,Big Ten,TIGHTEND,TE,2026,5,29,169,4,0.0,0.0,0.0,3.0,0.0,0.0,3.0,0.0,0.0,0.0,0.0,0.0,0.0,0.0,0.0,0.0,0.0,0.0,0.0,0.0,0.0,0.0,0.0,0.0,0.0,0.0,0.0,0.0,0.0,0.0,0.0,0.0,0.0,50.0,3.0,518.0,2.0,2.0,2.0,,,,,43.0,1.0,,,10.36,1.0,,,,,
2026_170_4565859,4565859,Joe Royer,Ohio State,Big Ten,TIGHTEND,TE,2026,5,30,170,5,0.0,0.0,0.0,1.0,0.0,0.0,2.0,1.0,1.0,0.0,0.0,0.0,0.0,0.0,0.0,0.0,0.0,0.0,0.0,0.0,0.0,0.0,0.0,0.0,0.0,0.0,0.0,0.0,0.0,0.0,0.0,0.0,0.0,84.0,7.0,972.0,0.0,0.0,0.0,,,,,73.0,,,,11.571428571428571,,,,,,
2026_171_4606666,4606666,Karon Prunty,Wake Forest,ACC,CORNERBACK,DB,2026,5,31,171,5,18.0,1.0,1.0,49.0,0.0,3.5,76.0,0.0,0.0,1.0,6.0,0.0,2.0,0.0,0.0,0.0,0.0,0.0,0.0,0.0,0.0,0.0,0.0,0.0,0.0,0.0,0.0,0.0,0.0,0.0,0.0,0.0,0.0,0.0,0.0,0.0,0.0,0.0,0.0,,,,,,,,,,,,,,,0.3333333333333333
2026_172_4432768,4432768,Lorenzo Styles Jr.,Ohio State,Big Ten,SAFETY,DB,2026,5,32,172,4,6.0,0.0,0.0,28.0,1.0,1.5,46.0,0.0,0.0,0.0,0.0,0.0,0.0,5.0,1.0,194.0,0.0,0.0,0.0,0.0,0.0,0.0,0.0,0.0,0.0,0.0,0.0,0.0,36.0,0.0,0.0,0.0,0.0,54.0,2.0,684.0,4.0,0.0,86.0,100.0,,36.0,,54.0,37.0,,,12.666666666666666,21.5,38.8,inf,,,
2026_173_4876132,4876132,Josh Cuevas,Washington,Pac-12,TIGHTEND,TE,2026,5,33,173,4,0.0,0.0,0.0,5.0,0.0,0.0,7.0,0.0,0.0,0.0,0.0,0.0,0.0,1.0,0.0,1.0,0.0,0.0,0.0,0.0,0.0,0.0,0.0,0.0,0.0,0.0,0.0,0.0,0.0,0.0,0.0,0.0,0.0,115.0,12.0,1471.0,1.0,0.0,7.0,1.0,,,,57.0,7.0,,,12.791304347826086,7.0,1.0,,,,
2026_174_4685526,4685526,Adam Randall,Clemson,ACC,RUNNINGBACK,RB,2026,5,34,174,4,0.0,0.0,0.0,2.0,0.0,0.0,2.0,3.0,3.0,0.0,0.0,0.0,0.0,13.0,0.0,302.0,0.0,0.0,0.0,0.0,0.0,0.0,0.0,0.0,0.0,0.0,0.0,0.0,0.0,0.0,0.0,0.0,0.0,84.0,5.0,787.0,173.0,10.0,858.0,41.0,,,,35.0,46.0,,,9.36904761904762,4.959537572254336,23.23076923076923,,,,
2026_175_4917354,4917354,Hezekiah Masses,Florida International,Conference USA,CORNERBACK,DB,2026,5,35,175,4,24.0,1.0,0.0,97.0,0.0,5.5,143.0,0.0,0.0,2.0,7.0,1.0,173.0,0.0,0.0,0.0,0.0,0.0,0.0,0.0,0.0,0.0,0.0,0.0,0.0,0.0,0.0,0.0,0.0,0.0,0.0,0.0,0.0,0.0,0.0,0.0,0.0,0.0,0.0,,,,,,,,,,,,,,,24.714285714285715
2026_176_4912218,4912218,Cyrus Allen,Texas A&M,SEC,WIDERECEIVER,WR,2026,5,36,176,4,0.0,0.0,0.0,1.0,0.0,0.0,1.0,3.0,2.0,0.0,0.0,0.0,0.0,11.0,0.0,177.0,0.0,0.0,0.0,0.0,0.0,0.0,0.0,0.0,0.0,0.0,0.0,0.0,0.0,0.0,0.0,0.0,0.0,137.0,21.0,2216.0,15.0,1.0,34.0,25.0,,,,88.0,15.0,,,16.175182481751825,2.2666666666666666,16.09090909090909,,,,
2026_177_4685307,4685307,Kevin Coleman Jr.,Missouri,SEC,WIDERECEIVER,WR,2026,5,37,177,4,0.0,0.0,0.0,1.0,1.0,0.0,2.0,4.0,1.0,0.0,0.0,0.0,0.0,19.0,0.0,394.0,0.0,0.0,0.0,0.0,0.0,0.0,0.0,0.0,0.0,0.0,57.0,1.0,393.0,0.0,0.0,0.0,0.0,189.0,11.0,2364.0,20.0,0.0,111.0,38.0,,67.0,,85.0,34.0,,,12.507936507936508,5.55,20.73684210526316,6.894736842105263,,,
2026_178_4879250,4879250,Cole Payton,North Dakota State,MVFC,QUARTERBACK,QB,2026,5,38,178,4,0.0,0.0,0.0,0.0,0.0,0.0,0.0,4.0,2.0,0.0,0.0,0.0,0.0,0.0,0.0,0.0,0.0,0.0,0.0,0.0,0.0,280.0,198.0,6.0,21.0,3184.0,0.0,0.0,0.0,0.0,0.0,0.0,0.0,3.0,0.0,19.0,279.0,29.0,1841.0,,,,,14.0,73.0,0.7071428571428572,11.371428571428572,6.333333333333333,6.598566308243727,,,,,
2026_179_4691556,4691556,Enrique Cruz Jr.,Kansas,Big 12,OFFENSIVETACKLE,OL,2026,5,39,179,1,0.0,0.0,0.0,1.0,0.0,0.0,1.0,0.0,0.0,0.0,0.0,0.0,0.0,0.0,0.0,0.0,0.0,0.0,0.0,0.0,0.0,0.0,0.0,0.0,0.0,0.0,0.0,0.0,0.0,0.0,0.0,0.0,0.0,0.0,0.0,0.0,0.0,0.0,0.0,,,,,,,,,,,,,,,
2026_180_4714379,4714379,Seydou Traore,Mississippi State,SEC,TIGHTEND,TE,2026,5,40,180,4,0.0,0.0,0.0,4.0,0.0,0.0,4.0,1.0,0.0,0.0,0.0,0.0,0.0,0.0,0.0,0.0,0.0,0.0,0.0,0.0,0.0,0.0,0.0,0.0,0.0,0.0,0.0,0.0,0.0,0.0,0.0,0.0,0.0,130.0,10.0,1467.0,0.0,0.0,0.0,,,,,55.0,,,,11.284615384615384,,,,,,
2026_181_4685347,4685347,Zane Durant,Penn State,Big Ten,DEFENSIVETACKLE,DL,2026,5,41,181,4,3.0,6.0,10.0,49.0,0.0,21.0,89.0,0.0,0.0,1.0,1.0,0.0,14.0,0.0,0.0,0.0,0.0,0.0,0.0,0.0,0.0,0.0,0.0,0.0,0.0,0.0,0.0,0.0,0.0,0.0,0.0,0.0,0.0,0.0,0.0,0.0,0.0,0.0,0.0,,,,,,,,,,,,,,,14.0
2026_182_4431325,4431325,Taylen Green,Boise State,Mountain West,QUARTERBACK,QB,2026,6,1,182,5,0.0,0.0,0.0,4.0,0.0,0.0,4.0,17.0,8.0,0.0,0.0,0.0,0.0,0.0,0.0,0.0,0.0,0.0,0.0,0.0,0.0,1191.0,715.0,35.0,59.0,9642.0,0.0,0.0,0.0,0.0,0.0,0.0,0.0,0.0,0.0,0.0,457.0,35.0,2400.0,,,,,,91.0,0.600335852225021,8.095717884130982,,5.25164113785558,,,,,
2026_183_4709695,4709695,Karson Sharar,Iowa,Big Ten,LINEBACKER,LB,2026,6,2,183,4,1.0,6.0,4.0,55.0,0.0,13.5,104.0,0.0,0.0,1.0,0.0,0.0,0.0,1.0,0.0,3.0,0.0,0.0,0.0,0.0,0.0,0.0,0.0,0.0,0.0,0.0,0.0,0.0,0.0,0.0,0.0,0.0,0.0,0.0,0.0,0.0,0.0,0.0,0.0,3.0,,,,,,,,,,3.0,,,,
2026_184_5081785,5081785,Jackie Marshall,Baylor,Big 12,DEFENSIVETACKLE,DL,2026,6,3,184,3,3.0,7.0,4.0,54.0,0.0,12.0,94.0,0.0,0.0,0.0,0.0,0.0,0.0,0.0,0.0,0.0,0.0,0.0,0.0,0.0,0.0,0.0,0.0,0.0,0.0,0.0,0.0,0.0,0.0,0.0,0.0,0.0,0.0,0.0,0.0,0.0,0.0,0.0,0.0,,,,,,,,,,,,,,,
2026_185_4890373,4890373,Bauer Sharp,SE Louisiana,Southland,TIGHTEND,TE,2026,6,4,185,4,0.0,0.0,0.0,4.0,0.0,0.0,4.0,7.0,5.0,0.0,0.0,0.0,0.0,2.0,0.0,14.0,0.0,0.0,0.0,0.0,0.0,2.0,0.0,1.0,0.0,0.0,0.0,0.0,0.0,0.0,0.0,0.0,0.0,105.0,7.0,941.0,36.0,5.0,189.0,9.0,,,,65.0,55.0,0.0,0.0,8.961904761904762,5.25,7.0,,,,
2026_186_5159928,5159928,Quientrail Jamison-Travis,Auburn,SEC,DEFENSIVETACKLE,DL,2026,6,5,186,3,2.0,1.0,1.5,35.0,0.0,4.5,55.0,0.0,0.0,0.0,0.0,0.0,0.0,0.0,0.0,0.0,0.0,0.0,0.0,0.0,0.0,0.0,0.0,0.0,0.0,0.0,0.0,0.0,0.0,0.0,0.0,0.0,0.0,0.0,0.0,0.0,0.0,0.0,0.0,,,,,,,,,,,,,,,
2026_187_4685246,4685246,Kaytron Allen,Penn State,Big Ten,RUNNINGBACK,RB,2026,6,6,187,4,0.0,0.0,0.0,2.0,0.0,0.0,2.0,5.0,2.0,0.0,0.0,0.0,0.0,3.0,0.0,41.0,0.0,0.0,0.0,0.0,0.0,1.0,1.0,0.0,0.0,4.0,0.0,0.0,0.0,0.0,0.0,0.0,0.0,70.0,4.0,490.0,769.0,39.0,4180.0,29.0,,,,45.0,67.0,1.0,4.0,7.0,5.435630689206762,13.666666666666666,,,,
2026_189_4689117,4689117,Brian Parker II,Duke,ACC,CENTER,OL,2026,6,8,189,1,0.0,0.0,0.0,0.0,0.0,0.0,1.0,0.0,0.0,0.0,0.0,0.0,0.0,0.0,0.0,0.0,0.0,0.0,0.0,0.0,0.0,0.0,0.0,0.0,0.0,0.0,0.0,0.0,0.0,0.0,0.0,0.0,0.0,0.0,0.0,0.0,0.0,0.0,0.0,,,,,,,,,,,,,,,
2026_190_4698597,4698597,Barion Brown,LSU,SEC,WIDERECEIVER,WR,2026,6,9,190,4,0.0,1.0,0.0,0.0,6.0,0.0,0.0,6.0,3.0,0.0,0.0,0.0,0.0,66.0,6.0,1895.0,0.0,0.0,0.0,0.0,0.0,0.0,0.0,0.0,0.0,0.0,12.0,0.0,91.0,0.0,0.0,0.0,0.0,175.0,12.0,2060.0,32.0,2.0,228.0,100.0,,36.0,,70.0,26.0,,,11.771428571428572,7.125,28.71212121212121,7.583333333333333,,,
2026_191_4879194,4879194,Josh Cameron,Baylor,Big 12,WIDERECEIVER,WR,2026,6,10,191,4,0.0,0.0,0.0,0.0,0.0,0.0,0.0,6.0,4.0,0.0,0.0,0.0,0.0,1.0,0.0,8.0,0.0,0.0,0.0,0.0,0.0,0.0,0.0,0.0,0.0,0.0,45.0,0.0,632.0,0.0,0.0,0.0,0.0,170.0,19.0,2236.0,3.0,0.0,2.0,8.0,,73.0,,48.0,2.0,,,13.152941176470588,0.6666666666666666,8.0,14.044444444444444,,,
2026_192_5082353,5082353,J.C. Davis,New Mexico,Mountain West,OFFENSIVETACKLE,OL,2026,6,11,192,1,0.0,0.0,0.0,2.0,0.0,0.0,2.0,0.0,0.0,0.0,0.0,0.0,0.0,0.0,0.0,0.0,0.0,0.0,0.0,0.0,0.0,0.0,0.0,0.0,0.0,0.0,0.0,0.0,0.0,0.0,0.0,0.0,0.0,0.0,0.0,0.0,0.0,0.0,0.0,,,,,,,,,,,,,,,
2026_193_4876380,4876380,Jack Kelly,Weber State,Big Sky,LINEBACKER,LB,2026,6,12,193,4,2.0,20.0,15.5,74.0,0.0,24.0,106.0,0.0,0.0,2.0,2.0,0.0,12.0,0.0,0.0,0.0,0.0,0.0,0.0,0.0,0.0,0.0,0.0,0.0,0.0,0.0,0.0,0.0,0.0,0.0,0.0,0.0,0.0,0.0,0.0,0.0,0.0,0.0,0.0,,,,,,,,,,,,,,,6.0
2026_194_4596542,4596542,Pat Coogan,Notre Dame,FBS Independents,CENTER,OL,2026,6,13,194,2,0.0,0.0,0.0,2.0,0.0,0.0,2.0,0.0,0.0,0.0,0.0,0.0,0.0,0.0,0.0,0.0,0.0,0.0,0.0,0.0,0.0,0.0,0.0,0.0,0.0,0.0,0.0,0.0,0.0,0.0,0.0,0.0,0.0,1.0,0.0,11.0,0.0,0.0,0.0,,,,,11.0,,,,11.0,,,,,,
2026_195_5150247,5150247,Malik Benson,Oregon,Big Ten,WIDERECEIVER,WR,2026,6,14,195,3,0.0,0.0,0.0,1.0,1.0,0.0,1.0,1.0,0.0,0.0,0.0,0.0,0.0,0.0,0.0,0.0,0.0,0.0,0.0,0.0,0.0,0.0,0.0,0.0,0.0,0.0,9.0,1.0,143.0,0.0,0.0,0.0,0.0,81.0,8.0,1192.0,3.0,0.0,-2.0,,,85.0,,67.0,7.0,,,14.716049382716047,-0.6666666666666666,,15.88888888888889,,,
2026_197_4605951,4605951,C.J. Daniels,Miami,ACC,WIDERECEIVER,WR,2026,6,16,197,6,0.0,0.0,0.0,2.0,0.0,0.0,2.0,1.0,1.0,0.0,0.0,0.0,0.0,0.0,0.0,0.0,0.0,0.0,0.0,0.0,0.0,2.0,2.0,0.0,1.0,80.0,2.0,0.0,17.0,0.0,0.0,0.0,0.0,198.0,28.0,2991.0,0.0,1.0,0.0,,,13.0,,75.0,0.0,1.0,40.0,15.106060606060606,,,8.5,,,
2026_198_4832846,4832846,Demond Claiborne,Wake Forest,ACC,RUNNINGBACK,RB,2026,6,17,198,4,0.0,0.0,0.0,1.0,2.0,0.0,1.0,10.0,7.0,1.0,0.0,0.0,0.0,22.0,2.0,579.0,0.0,0.0,0.0,0.0,0.0,0.0,0.0,0.0,0.0,0.0,0.0,0.0,0.0,0.0,0.0,0.0,0.0,55.0,2.0,424.0,558.0,26.0,2596.0,100.0,,,,44.0,85.0,,,7.709090909090909,4.652329749103942,26.318181818181817,,,,
2026_199_4685381,4685381,Emmanuel Henderson Jr.,Kansas,Big 12,WIDERECEIVER,WR,2026,6,18,199,4,0.0,0.0,0.0,9.0,1.0,0.0,13.0,1.0,0.0,0.0,0.0,0.0,0.0,24.0,1.0,570.0,0.0,0.0,0.0,0.0,0.0,0.0,0.0,0.0,0.0,0.0,0.0,0.0,0.0,0.0,0.0,0.0,0.0,50.0,5.0,862.0,4.0,0.0,16.0,94.0,,,,93.0,9.0,,,17.24,4.0,23.75,,,,
2026_200_5081977,5081977,DJ Campbell,Texas,SEC,OFFENSIVEGUARD,OL,2026,6,19,200,1,0.0,0.0,0.0,1.0,0.0,0.0,1.0,0.0,0.0,0.0,0.0,0.0,0.0,0.0,0.0,0.0,0.0,0.0,0.0,0.0,0.0,0.0,0.0,0.0,0.0,0.0,0.0,0.0,0.0,0.0,0.0,0.0,0.0,0.0,0.0,0.0,0.0,0.0,0.0,,,,,,,,,,,,,,,
2026_201_4685402,4685402,Domani Jackson,USC,Pac-12,CORNERBACK,DB,2026,6,20,201,4,12.0,1.0,0.0,79.0,0.0,3.5,122.0,0.0,0.0,0.0,2.0,0.0,45.0,0.0,0.0,0.0,0.0,0.0,0.0,0.0,0.0,0.0,0.0,0.0,0.0,0.0,0.0,0.0,0.0,0.0,0.0,0.0,0.0,0.0,0.0,0.0,0.0,0.0,0.0,,,,,,,,,,,,,,,22.5
2026_202_4682789,4682789,Logan Taylor,Miami,ACC,OFFENSIVEGUARD,OL,2026,6,21,202,3,1.0,0.0,0.0,2.0,0.0,0.0,2.0,0.0,0.0,0.0,0.0,0.0,0.0,0.0,0.0,0.0,0.0,0.0,0.0,0.0,0.0,0.0,0.0,0.0,0.0,0.0,0.0,0.0,0.0,0.0,0.0,0.0,0.0,0.0,0.0,0.0,0.0,0.0,0.0,,,,,,,,,,,,,,,
2026_203_5085024,5085024,CJ Williams,Wisconsin,Big Ten,WIDERECEIVER,WR,2026,6,22,203,4,0.0,0.0,0.0,1.0,0.0,0.0,1.0,0.0,0.0,0.0,0.0,0.0,0.0,0.0,0.0,0.0,0.0,0.0,0.0,0.0,0.0,0.0,0.0,0.0,0.0,0.0,0.0,0.0,0.0,0.0,0.0,0.0,0.0,95.0,8.0,1187.0,0.0,0.0,0.0,,,,,50.0,,,,12.494736842105263,,,,,,
2026_204_4683159,4683159,Lewis Bond,Boston College,ACC,WIDERECEIVER,WR,2026,6,23,204,5,0.0,0.0,0.0,0.0,0.0,0.0,0.0,4.0,2.0,0.0,0.0,0.0,0.0,4.0,0.0,72.0,0.0,0.0,0.0,0.0,0.0,0.0,0.0,0.0,0.0,0.0,6.0,0.0,67.0,0.0,0.0,0.0,0.0,214.0,11.0,2402.0,8.0,0.0,9.0,22.0,,25.0,,54.0,11.0,,,11.22429906542056,1.125,18.0,11.166666666666666,,,
2026_205_5103940,5103940,Skyler Gill-Howard,Texas Tech,Big 12,DEFENSIVETACKLE,DL,2026,6,24,205,3,2.0,9.0,5.5,49.0,1.0,12.0,82.0,0.0,0.0,1.0,1.0,1.0,55.0,0.0,0.0,0.0,0.0,0.0,0.0,0.0,0.0,0.0,0.0,0.0,0.0,0.0,0.0,0.0,0.0,0.0,0.0,0.0,0.0,0.0,0.0,0.0,0.0,0.0,0.0,,,,,,,,,,,,,,,55.0
2026_207_4432738,4432738,Micah Morris,Georgia,SEC,OFFENSIVEGUARD,OL,2026,6,26,207,2,0.0,0.0,0.0,2.0,0.0,0.0,2.0,0.0,0.0,0.0,0.0,0.0,0.0,0.0,0.0,0.0,0.0,0.0,0.0,0.0,0.0,0.0,0.0,0.0,0.0,0.0,0.0,0.0,0.0,0.0,0.0,0.0,0.0,0.0,0.0,0.0,0.0,0.0,0.0,,,,,,,,,,,,,,,
2026_208_5150660,5150660,Anterio Thompson,Western Michigan,Mid-American,DEFENSIVETACKLE,DL,2026,6,27,208,3,4.0,8.0,2.0,36.0,0.0,3.5,64.0,0.0,0.0,1.0,0.0,0.0,0.0,0.0,0.0,0.0,0.0,0.0,0.0,0.0,0.0,0.0,0.0,0.0,0.0,0.0,2.0,0.0,37.0,0.0,0.0,0.0,0.0,0.0,0.0,0.0,0.0,0.0,0.0,,,22.0,,,,,,,,,18.5,,,
2026_209_4683463,4683463,Matt Gulbin,Wake Forest,ACC,CENTER,OL,2026,6,28,209,1,0.0,0.0,0.0,1.0,0.0,0.0,1.0,0.0,0.0,0.0,0.0,0.0,0.0,0.0,0.0,0.0,0.0,0.0,0.0,0.0,0.0,0.0,0.0,0.0,0.0,0.0,0.0,0.0,0.0,0.0,0.0,0.0,0.0,0.0,0.0,0.0,0.0,0.0,0.0,,,,,,,,,,,,,,,
2026_210_4431533,4431533,Gabriel Rubio,Notre Dame,FBS Independents,DEFENSIVETACKLE,DL,2026,6,29,210,5,3.0,4.0,1.5,26.0,0.0,6.0,64.0,0.0,0.0,0.0,0.0,0.0,0.0,0.0,0.0,0.0,0.0,0.0,0.0,0.0,0.0,0.0,0.0,0.0,0.0,0.0,0.0,0.0,0.0,0.0,0.0,0.0,0.0,0.0,0.0,0.0,0.0,0.0,0.0,,,,,,,,,,,,,,,
2026_211_5084956,5084956,Ryan Eckley,Michigan State,Big Ten,PUNTER,ST,2026,6,30,211,3,0.0,0.0,0.0,3.0,0.0,0.0,3.0,0.0,0.0,0.0,0.0,0.0,0.0,0.0,0.0,0.0,1.0,0.0,0.0,0.0,0.0,0.0,0.0,0.0,0.0,0.0,0.0,0.0,0.0,50.0,148.0,7.0,7053.0,0.0,0.0,0.0,2.0,0.0,-21.0,,0.0,,67.0,,0.0,,,,-10.5,,,47.6554054054054,0.0,
2026_212_5085407,5085407,Namdi Obiazor,TCU,Big 12,LINEBACKER,LB,2026,6,31,212,4,6.0,6.0,8.5,159.0,0.0,17.0,288.0,0.0,0.0,1.0,3.0,0.0,42.0,0.0,0.0,0.0,0.0,0.0,0.0,0.0,0.0,0.0,0.0,0.0,0.0,0.0,0.0,0.0,0.0,0.0,0.0,0.0,0.0,0.0,0.0,0.0,0.0,0.0,0.0,,,,,,,,,,,,,,,14.0
2026_213_4875381,4875381,Jordan van den Berg,Penn State,Big Ten,DEFENSIVETACKLE,DL,2026,6,32,213,5,0.0,8.0,5.5,48.0,0.0,19.0,90.0,0.0,0.0,3.0,0.0,0.0,0.0,0.0,0.0,0.0,0.0,0.0,0.0,0.0,0.0,0.0,0.0,0.0,0.0,0.0,0.0,0.0,0.0,0.0,0.0,0.0,0.0,0.0,0.0,0.0,0.0,0.0,0.0,,,,,,,,,,,,,,,
2026_214_4685324,4685324,Caden Curry,Ohio State,Big Ten,DEFENSIVEEDGE,DL,2026,6,33,214,4,3.0,11.0,15.5,71.0,0.0,25.0,111.0,0.0,0.0,2.0,0.0,0.0,0.0,1.0,0.0,-5.0,0.0,0.0,0.0,0.0,0.0,0.0,0.0,0.0,0.0,0.0,2.0,0.0,18.0,0.0,0.0,0.0,0.0,0.0,0.0,0.0,0.0,0.0,0.0,-5.0,,11.0,,,,,,,,-5.0,9.0,,,
2026_215_4685502,4685502,Harold Perkins,LSU,SEC,LINEBACKER,LB,2026,6,34,215,4,11.0,22.0,17.0,112.0,0.0,34.5,215.0,0.0,0.0,2.0,5.0,0.0,44.0,0.0,0.0,0.0,0.0,0.0,0.0,0.0,0.0,0.0,0.0,0.0,0.0,0.0,0.0,0.0,0.0,0.0,0.0,0.0,0.0,0.0,0.0,0.0,1.0,1.0,1.0,,,,,,1.0,,,,1.0,,,,,8.8
2026_216_4869461,4869461,Trey Smack,Florida,SEC,PLACEKICKER,ST,2026,6,35,216,3,0.0,0.0,0.0,2.0,0.0,0.0,3.0,0.0,0.0,0.0,0.0,0.0,0.0,0.0,0.0,0.0,64.0,53.0,259.0,101.0,100.0,0.0,0.0,0.0,0.0,0.0,0.0,0.0,0.0,0.0,0.0,0.0,0.0,0.0,0.0,0.0,0.0,0.0,0.0,,56.0,,,,,,,,,,,,0.828125,
2026_218_4685110,4685110,Anthony Smith,NC State,ACC,WIDERECEIVER,WR,2026,7,2,218,6,0.0,0.0,0.0,3.0,0.0,0.0,4.0,2.0,2.0,0.0,0.0,0.0,0.0,0.0,0.0,0.0,0.0,0.0,0.0,0.0,0.0,1.0,0.0,0.0,0.0,0.0,0.0,0.0,0.0,0.0,0.0,0.0,0.0,118.0,16.0,2095.0,1.0,1.0,45.0,,,,,72.0,45.0,0.0,0.0,17.75423728813559,45.0,,,,,
2026_219_4873075,4873075,TJ Hall,Iowa,Big Ten,CORNERBACK,DB,2026,7,3,219,4,12.0,0.0,0.0,49.0,0.0,0.0,75.0,0.0,0.0,1.0,2.0,0.0,0.0,0.0,0.0,0.0,0.0,0.0,0.0,0.0,0.0,0.0,0.0,0.0,0.0,0.0,0.0,0.0,0.0,0.0,0.0,0.0,0.0,0.0,0.0,0.0,0.0,0.0,0.0,,,,,,,,,,,,,,,0.0
2026_220_4698598,4698598,Toriano Pride,Missouri,SEC,CORNERBACK,DB,2026,7,4,220,4,15.0,1.0,1.0,59.0,2.0,3.5,76.0,0.0,0.0,2.0,5.0,2.0,50.0,0.0,0.0,0.0,0.0,0.0,0.0,0.0,0.0,0.0,0.0,0.0,0.0,0.0,0.0,0.0,0.0,0.0,0.0,0.0,0.0,0.0,0.0,0.0,0.0,0.0,0.0,,,,,,,,,,,,,,,10.0
2026_221_5085189,5085189,Jack Endries,Texas,SEC,TIGHTEND,TE,2026,7,5,221,3,0.0,0.0,0.0,1.0,0.0,0.0,1.0,1.0,0.0,0.0,0.0,0.0,0.0,1.0,0.0,4.0,0.0,0.0,0.0,0.0,0.0,0.0,0.0,0.0,0.0,0.0,0.0,0.0,0.0,0.0,0.0,0.0,0.0,124.0,7.0,1377.0,0.0,0.0,0.0,4.0,,,,57.0,,,,11.10483870967742,,4.0,,,,
2026_222_4685609,4685609,Tyre West,Tennessee,SEC,DEFENSIVEEDGE,DL,2026,7,6,222,4,1.0,7.0,10.0,34.0,0.0,20.5,65.0,0.0,0.0,0.0,0.0,0.0,0.0,0.0,0.0,0.0,0.0,0.0,0.0,0.0,0.0,0.0,0.0,0.0,0.0,0.0,0.0,0.0,0.0,0.0,0.0,0.0,0.0,0.0,0.0,0.0,0.0,0.0,0.0,,,,,,,,,,,,,,,
2026_223_4432722,4432722,Athan Kaliakmanis,Rutgers,Big Ten,QUARTERBACK,QB,2026,7,7,223,4,0.0,0.0,0.0,1.0,0.0,0.0,2.0,8.0,5.0,0.0,0.0,0.0,0.0,0.0,0.0,0.0,0.0,0.0,0.0,0.0,0.0,1168.0,658.0,27.0,55.0,8604.0,0.0,0.0,0.0,0.0,0.0,0.0,0.0,0.0,0.0,0.0,296.0,10.0,459.0,,,,,,23.0,0.5633561643835616,7.366438356164384,,1.5506756756756757,,,,,
2026_224_4820584,4820584,Robert Spears-Jennings,Oklahoma,SEC,SAFETY,DB,2026,7,8,224,4,4.0,0.0,2.5,101.0,0.0,8.0,173.0,0.0,0.0,2.0,2.0,0.0,37.0,0.0,0.0,0.0,0.0,0.0,0.0,0.0,0.0,0.0,0.0,0.0,0.0,0.0,0.0,0.0,0.0,0.0,0.0,0.0,0.0,0.0,0.0,0.0,0.0,0.0,0.0,,,,,,,,,,,,,,,18.5
2026_225_4877034,4877034,Jaren Kanak,Oklahoma,SEC,TIGHTEND,TE,2026,7,9,225,4,0.0,6.0,2.0,40.0,1.0,7.0,102.0,1.0,1.0,2.0,0.0,0.0,0.0,0.0,0.0,0.0,0.0,0.0,0.0,0.0,0.0,0.0,0.0,0.0,0.0,0.0,0.0,0.0,0.0,0.0,0.0,0.0,0.0,44.0,0.0,533.0,0.0,0.0,0.0,,,,,48.0,,,,12.113636363636363,,,,,,
2026_226_5081542,5081542,Landon Robinson,Navy,American Athletic,DEFENSIVETACKLE,DL,2026,7,10,226,3,0.0,15.0,14.5,71.0,0.0,18.5,153.0,1.0,0.0,1.0,0.0,0.0,0.0,0.0,0.0,0.0,0.0,0.0,0.0,0.0,0.0,0.0,0.0,0.0,0.0,0.0,0.0,0.0,0.0,0.0,0.0,0.0,0.0,0.0,0.0,0.0,3.0,0.0,87.0,,,,,,34.0,,,,29.0,,,,,
2026_227_4875592,4875592,Jackson Kuwatch,Miami (OH),Mid-American,LINEBACKER,LB,2026,7,11,227,3,1.0,1.0,5.0,50.0,0.0,11.0,115.0,0.0,0.0,0.0,0.0,0.0,0.0,0.0,0.0,0.0,0.0,0.0,0.0,0.0,0.0,0.0,0.0,0.0,0.0,0.0,0.0,0.0,0.0,0.0,0.0,0.0,0.0,0.0,0.0,0.0,0.0,0.0,0.0,,,,,,,,,,,,,,,
2026_228_4837388,4837388,VJ Payne,Kansas State,Big 12,SAFETY,DB,2026,7,12,228,4,9.0,0.0,1.0,134.0,0.0,10.5,194.0,0.0,0.0,1.0,4.0,0.0,41.0,0.0,0.0,0.0,0.0,0.0,0.0,0.0,0.0,0.0,0.0,0.0,0.0,0.0,0.0,0.0,0.0,0.0,0.0,0.0,0.0,0.0,0.0,0.0,0.0,0.0,0.0,,,,,,,,,,,,,,,10.25
2026_229_4685305,4685305,Brandon Cleveland,NC State,ACC,DEFENSIVETACKLE,DL,2026,7,13,229,4,1.0,9.0,6.0,35.0,0.0,16.0,105.0,0.0,0.0,1.0,0.0,0.0,0.0,0.0,0.0,0.0,0.0,0.0,0.0,0.0,0.0,0.0,0.0,0.0,0.0,0.0,0.0,0.0,0.0,0.0,0.0,0.0,0.0,1.0,0.0,9.0,1.0,0.0,4.0,,,,,9.0,4.0,,,9.0,4.0,,,,,
2026_230_5081508,5081508,Eli Heidenreich,Navy,American Athletic,RUNNINGBACK,RB,2026,7,14,230,3,0.0,0.0,0.0,7.0,0.0,0.0,11.0,3.0,1.0,1.0,0.0,0.0,0.0,1.0,0.0,0.0,0.0,0.0,0.0,0.0,0.0,4.0,0.0,0.0,0.0,0.0,9.0,0.0,54.0,0.0,0.0,0.0,0.0,109.0,16.0,1994.0,169.0,7.0,1157.0,0.0,,23.0,,82.0,60.0,0.0,0.0,18.293577981651374,6.846153846153846,0.0,6.0,,,
2026_231_4683194,4683194,Ethan Onianwa,Rice,Conference USA,OFFENSIVETACKLE,OL,2026,7,15,231,2,0.0,0.0,0.0,0.0,0.0,0.0,2.0,0.0,0.0,0.0,0.0,0.0,0.0,0.0,0.0,0.0,0.0,0.0,0.0,0.0,0.0,0.0,0.0,0.0,0.0,0.0,0.0,0.0,0.0,0.0,0.0,0.0,0.0,0.0,0.0,0.0,0.0,0.0,0.0,,,,,,,,,,,,,,,
2026_232_4431414,4431414,Tim Keenan III,Alabama,SEC,DEFENSIVETACKLE,DL,2026,7,16,232,4,3.0,10.0,5.5,44.0,0.0,12.5,95.0,0.0,0.0,2.0,0.0,0.0,0.0,0.0,0.0,0.0,0.0,0.0,0.0,0.0,0.0,0.0,0.0,0.0,0.0,0.0,1.0,0.0,12.0,0.0,0.0,0.0,0.0,0.0,0.0,0.0,0.0,0.0,0.0,,,12.0,,,,,,,,,12.0,,,
2026_233_5121433,5121433,Zach Durfee,Washington,Big Ten,DEFENSIVEEDGE,DL,2026,7,17,233,2,2.0,5.0,6.5,24.0,0.0,8.5,53.0,0.0,0.0,0.0,0.0,0.0,0.0,1.0,0.0,0.0,0.0,0.0,0.0,0.0,0.0,0.0,0.0,0.0,0.0,0.0,0.0,0.0,0.0,0.0,0.0,0.0,0.0,0.0,0.0,0.0,0.0,0.0,0.0,0.0,,,,,,,,,,0.0,,,,
2026_234_4431465,4431465,Behren Morton,Texas Tech,Big 12,QUARTERBACK,QB,2026,7,18,234,5,0.0,0.0,0.0,1.0,0.0,0.0,1.0,10.0,3.0,0.0,0.0,0.0,0.0,0.0,0.0,0.0,0.0,0.0,0.0,0.0,0.0,1262.0,791.0,28.0,71.0,8951.0,0.0,0.0,0.0,0.0,0.0,0.0,0.0,0.0,0.0,0.0,187.0,7.0,-45.0,,,,,,26.0,0.626782884310618,7.0927099841521395,,-0.2406417112299465,,,,,
2026_235_4433823,4433823,Gavin Gerhardt,Cincinnati,Big 12,CENTER,OL,2026,7,19,235,2,0.0,0.0,0.0,0.0,0.0,0.0,2.0,0.0,0.0,0.0,0.0,0.0,0.0,0.0,0.0,0.0,0.0,0.0,0.0,0.0,0.0,0.0,0.0,0.0,0.0,0.0,0.0,0.0,0.0,0.0,0.0,0.0,0.0,0.0,0.0,0.0,0.0,0.0,0.0,,,,,,,,,,,,,,,
2026_236_4693934,4693934,Andre Fuller,Toledo,Mid-American,CORNERBACK,DB,2026,7,20,236,4,16.0,0.0,1.0,47.0,0.0,2.5,79.0,0.0,0.0,1.0,1.0,0.0,0.0,0.0,0.0,0.0,0.0,0.0,0.0,0.0,0.0,0.0,0.0,0.0,0.0,0.0,0.0,0.0,0.0,0.0,0.0,0.0,0.0,0.0,0.0,0.0,0.0,0.0,0.0,,,,,,,,,,,,,,,0.0
2026_237_4686468,4686468,Seth McGowan,Oklahoma,Big 12,RUNNINGBACK,RB,2026,7,21,237,3,0.0,0.0,0.0,3.0,0.0,0.0,4.0,4.0,2.0,0.0,0.0,0.0,0.0,0.0,0.0,0.0,0.0,0.0,0.0,0.0,0.0,0.0,0.0,0.0,0.0,0.0,0.0,0.0,0.0,0.0,0.0,0.0,0.0,55.0,4.0,604.0,376.0,18.0,1908.0,,,,,47.0,73.0,,,10.981818181818182,5.074468085106383,,,,,
2026_238_4683101,4683101,Max Llewellyn,Iowa,Big Ten,DEFENSIVEEDGE,DL,2026,7,22,238,4,9.0,17.0,14.5,39.0,0.0,20.5,63.0,0.0,0.0,2.0,0.0,0.0,0.0,0.0,0.0,0.0,0.0,0.0,0.0,0.0,0.0,0.0,0.0,0.0,0.0,0.0,0.0,0.0,0.0,0.0,0.0,0.0,0.0,0.0,0.0,0.0,0.0,0.0,0.0,,,,,,,,,,,,,,,
2026_239_4682758,4682758,Tommy Doman,Michigan,Big Ten,PUNTER,ST,2026,7,23,239,4,0.0,0.0,0.0,3.0,0.0,0.0,3.0,0.0,0.0,0.0,0.0,0.0,0.0,0.0,0.0,0.0,0.0,0.0,2.0,2.0,2.0,0.0,0.0,0.0,0.0,0.0,0.0,0.0,0.0,51.0,153.0,13.0,6627.0,0.0,0.0,0.0,0.0,0.0,0.0,,0.0,,71.0,,,,,,,,,43.31372549019608,,
2026_240_4880861,4880861,Parker Hughes,Middle Tennessee,Conference USA,LINEBACKER,LB,2026,7,24,240,3,3.0,5.0,2.5,107.0,0.0,11.5,211.0,0.0,0.0,1.0,2.0,0.0,68.0,0.0,0.0,0.0,0.0,0.0,0.0,0.0,0.0,0.0,0.0,0.0,0.0,0.0,0.0,0.0,0.0,0.0,0.0,0.0,0.0,0.0,0.0,0.0,0.0,0.0,0.0,,,,,,,,,,,,,,,34.0
2026_242_4609203,4609203,Deven Eastern,Minnesota,Big Ten,DEFENSIVETACKLE,DL,2026,7,26,242,4,5.0,7.0,4.5,41.0,0.0,12.0,95.0,0.0,0.0,0.0,0.0,0.0,0.0,0.0,0.0,0.0,0.0,0.0,0.0,0.0,0.0,0.0,0.0,0.0,0.0,0.0,0.0,0.0,0.0,0.0,0.0,0.0,0.0,0.0,0.0,0.0,0.0,0.0,0.0,,,,,,,,,,,,,,,
2026_243_4912338,4912338,Aiden Fisher,James Madison,Sun Belt,LINEBACKER,LB,2026,7,27,243,4,11.0,13.0,7.5,146.0,1.0,21.0,325.0,0.0,0.0,1.0,3.0,1.0,31.0,0.0,0.0,0.0,0.0,0.0,0.0,0.0,0.0,0.0,0.0,0.0,0.0,0.0,1.0,0.0,8.0,0.0,0.0,0.0,0.0,0.0,0.0,0.0,0.0,0.0,0.0,,,8.0,,,,,,,,,8.0,,,10.333333333333334
2026_244_4693345,4693345,Cole Wisniewski,Texas Tech,Big 12,SAFETY,DB,2026,7,28,244,3,6.0,0.0,1.0,38.0,0.0,5.5,75.0,0.0,0.0,2.0,8.0,1.0,239.0,0.0,0.0,0.0,0.0,0.0,0.0,0.0,0.0,0.0,0.0,0.0,0.0,0.0,0.0,0.0,0.0,0.0,0.0,0.0,0.0,0.0,0.0,0.0,0.0,0.0,0.0,,,,,,,,,,,,,,,29.875
2026_245_4685477,4685477,Jamarion Miller,Alabama,SEC,RUNNINGBACK,RB,2026,7,29,245,4,0.0,0.0,0.0,4.0,0.0,0.0,5.0,2.0,1.0,0.0,0.0,0.0,0.0,0.0,0.0,0.0,0.0,0.0,0.0,0.0,0.0,0.0,0.0,0.0,0.0,0.0,0.0,0.0,0.0,0.0,0.0,0.0,0.0,40.0,2.0,336.0,349.0,13.0,1596.0,,,,,35.0,56.0,,,8.4,4.573065902578796,,,,,
2026_246_4880014,4880014,Miles Scott,Illinois,Big Ten,SAFETY,DB,2026,7,30,246,4,11.0,0.0,1.0,130.0,2.0,4.0,181.0,0.0,0.0,2.0,7.0,2.0,136.0,0.0,0.0,0.0,0.0,0.0,0.0,0.0,0.0,0.0,0.0,0.0,0.0,0.0,3.0,0.0,14.0,0.0,0.0,0.0,0.0,4.0,0.0,29.0,0.0,0.0,0.0,,,5.0,,19.0,,,,7.25,,,4.666666666666667,,,19.428571428571427
2026_247_4698181,4698181,Quintayvious Hutchins,Boston College,ACC,DEFENSIVEEDGE,DL,2026,7,31,247,4,1.0,15.0,5.5,31.0,0.0,9.0,71.0,0.0,0.0,2.0,1.0,0.0,21.0,0.0,0.0,0.0,0.0,0.0,0.0,0.0,0.0,0.0,0.0,0.0,0.0,0.0,0.0,0.0,0.0,0.0,0.0,0.0,0.0,0.0,0.0,0.0,0.0,0.0,0.0,,,,,,,,,,,,,,,21.0
2026_248_4685540,4685540,Carsen Ryan,Utah,Big 12,TIGHTEND,TE,2026,7,32,248,4,0.0,0.0,0.0,5.0,0.0,0.0,5.0,0.0,0.0,0.0,0.0,0.0,0.0,0.0,0.0,0.0,0.0,0.0,0.0,0.0,0.0,0.0,0.0,0.0,0.0,0.0,1.0,0.0,14.0,0.0,0.0,0.0,0.0,74.0,7.0,1020.0,0.0,0.0,0.0,,,14.0,,45.0,,,,13.783783783783784,,,14.0,,,
2026_249_4567747,4567747,Garrett Nussmeier,LSU,SEC,QUARTERBACK,QB,2026,7,33,249,5,0.0,0.0,0.0,0.0,0.0,0.0,0.0,7.0,4.0,0.0,0.0,0.0,0.0,0.0,0.0,0.0,0.0,0.0,0.0,0.0,0.0,1031.0,659.0,24.0,52.0,7687.0,0.0,0.0,0.0,0.0,0.0,0.0,0.0,0.0,0.0,0.0,72.0,5.0,-154.0,,,,,,26.0,0.6391852570320078,7.455868089233753,,-2.138888888888889,,,,,
2026_250_4432661,4432661,Rayshaun Benny,Michigan,Big Ten,DEFENSIVETACKLE,DL,2026,7,34,250,5,5.0,6.0,4.0,53.0,0.0,12.0,104.0,0.0,0.0,1.0,0.0,0.0,0.0,0.0,0.0,0.0,0.0,0.0,0.0,0.0,0.0,0.0,0.0,0.0,0.0,0.0,0.0,0.0,0.0,0.0,0.0,0.0,0.0,0.0,0.0,0.0,0.0,0.0,0.0,,,,,,,,,,,,,,,
2026_252_5165139,5165139,Keyshawn James-Newby,New Mexico,Mountain West,DEFENSIVEEDGE,DL,2026,7,36,252,3,5.0,6.0,14.5,37.0,0.0,21.5,67.0,0.0,0.0,0.0,0.0,0.0,0.0,0.0,0.0,0.0,0.0,0.0,0.0,0.0,0.0,0.0,0.0,0.0,0.0,0.0,0.0,0.0,0.0,0.0,0.0,0.0,0.0,0.0,0.0,0.0,0.0,0.0,0.0,,,,,,,,,,,,,,,
2026_254_4683151,4683151,Deion Burks,Purdue,Big Ten,WIDERECEIVER,WR,2026,7,38,254,5,0.0,0.0,0.0,7.0,0.0,0.0,7.0,1.0,1.0,0.0,0.0,0.0,0.0,14.0,0.0,278.0,0.0,0.0,0.0,0.0,0.0,0.0,0.0,0.0,0.0,0.0,0.0,0.0,0.0,0.0,0.0,0.0,0.0,151.0,14.0,1669.0,18.0,0.0,48.0,37.0,,,,84.0,12.0,,,11.052980132450331,2.6666666666666665,19.857142857142858,,,,
2026_255_2094390,2094390,Michael Dansby,San José State,Mountain West,CORNERBACK,DB,2026,7,39,255,4,23.0,0.0,0.0,61.0,1.0,3.0,84.0,0.0,0.0,1.0,6.0,1.0,103.0,0.0,0.0,0.0,0.0,0.0,0.0,0.0,0.0,0.0,0.0,0.0,0.0,0.0,0.0,0.0,0.0,0.0,0.0,0.0,0.0,0.0,0.0,0.0,0.0,0.0,0.0,,,,,,,,,,,,,,,17.166666666666668
2026_256_5159802,5159802,Dallen Bentley,Utah,Pac-12,TIGHTEND,TE,2026,7,40,256,3,0.0,0.0,0.0,0.0,0.0,0.0,0.0,1.0,0.0,0.0,0.0,0.0,0.0,1.0,0.0,10.0,0.0,0.0,0.0,0.0,0.0,0.0,0.0,0.0,0.0,0.0,0.0,0.0,0.0,0.0,0.0,0.0,0.0,51.0,6.0,640.0,0.0,0.0,0.0,10.0,,,,45.0,,,,12.549019607843135,,10.0,,,,
2026_257_4912190,4912190,Khalil Murdock,Buffalo,Mid-American,LINEBACKER,LB,2026,7,41,257,4,3.0,7.0,9.0,165.0,1.0,38.0,359.0,0.0,0.0,2.0,1.0,1.0,31.0,0.0,0.0,0.0,0.0,0.0,0.0,0.0,0.0,0.0,0.0,0.0,0.0,0.0,0.0,0.0,0.0,0.0,0.0,0.0,0.0,0.0,0.0,0.0,0.0,0.0,0.0,,,,,,,,,,,,,,,31.0
