train_through_year,pick,model,model_key,predicted_av_2yr
2010,1,Pick-Bin Baseline,pick_bin,12.859375
2010,2,Pick-Bin Baseline,pick_bin,12.859375
2010,3,Pick-Bin Baseline,pick_bin,12.859375
2010,4,Pick-Bin Baseline,pick_bin,12.859375
2010,5,Pick-Bin Baseline,pick_bin,12.859375
2010,6,Pick-Bin Baseline,pick_bin,12.859375
2010,7,Pick-Bin Baseline,pick_bin,12.859375
2010,8,Pick-Bin Baseline,pick_bin,12.859375
2010,9,Pick-Bin Baseline,pick_bin,12.859375
2010,10,Pick-Bin Baseline,pick_bin,12.859375
2010,11,Pick-Bin Baseline,pick_bin,12.859375
2010,12,Pick-Bin Baseline,pick_bin,12.859375
2010,13,Pick-Bin Baseline,pick_bin,12.859375
2010,14,Pick-Bin Baseline,pick_bin,12.859375
2010,15,Pick-Bin Baseline,pick_bin,12.859375
2010,16,Pick-Bin Baseline,pick_bin,12.859375
2010,17,Pick-Bin Baseline,pick_bin,9.661458333333334
2010,18,Pick-Bin Baseline,pick_bin,9.661458333333334
2010,19,Pick-Bin Baseline,pick_bin,9.661458333333334
2010,20,Pick-Bin Baseline,pick_bin,9.661458333333334
2010,21,Pick-Bin Baseline,pick_bin,9.661458333333334
2010,22,Pick-Bin Baseline,pick_bin,9.661458333333334
2010,23,Pick-Bin Baseline,pick_bin,9.661458333333334
2010,24,Pick-Bin Baseline,pick_bin,9.661458333333334
2010,25,Pick-Bin Baseline,pick_bin,9.661458333333334
2010,26,Pick-Bin Baseline,pick_bin,9.661458333333334
2010,27,Pick-Bin Baseline,pick_bin,9.661458333333334
2010,28,Pick-Bin Baseline,pick_bin,9.661458333333334
2010,29,Pick-Bin Baseline,pick_bin,9.661458333333334
2010,30,Pick-Bin Baseline,pick_bin,9.661458333333334
2010,31,Pick-Bin Baseline,pick_bin,9.661458333333334
2010,32,Pick-Bin Baseline,pick_bin,9.661458333333334
2010,33,Pick-Bin Baseline,pick_bin,8.223958333333334
2010,34,Pick-Bin Baseline,pick_bin,8.223958333333334
2010,35,Pick-Bin Baseline,pick_bin,8.223958333333334
2010,36,Pick-Bin Baseline,pick_bin,8.223958333333334
2010,37,Pick-Bin Baseline,pick_bin,8.223958333333334
2010,38,Pick-Bin Baseline,pick_bin,8.223958333333334
2010,39,Pick-Bin Baseline,pick_bin,8.223958333333334
2010,40,Pick-Bin Baseline,pick_bin,8.223958333333334
2010,41,Pick-Bin Baseline,pick_bin,8.223958333333334
2010,42,Pick-Bin Baseline,pick_bin,8.223958333333334
2010,43,Pick-Bin Baseline,pick_bin,8.223958333333334
2010,44,Pick-Bin Baseline,pick_bin,8.223958333333334
2010,45,Pick-Bin Baseline,pick_bin,8.223958333333334
2010,46,Pick-Bin Baseline,pick_bin,8.223958333333334
2010,47,Pick-Bin Baseline,pick_bin,8.223958333333334
2010,48,Pick-Bin Baseline,pick_bin,8.223958333333334
2010,49,Pick-Bin Baseline,pick_bin,6.848958333333333
2010,50,Pick-Bin Baseline,pick_bin,6.848958333333333
2010,51,Pick-Bin Baseline,pick_bin,6.848958333333333
2010,52,Pick-Bin Baseline,pick_bin,6.848958333333333
2010,53,Pick-Bin Baseline,pick_bin,6.848958333333333
2010,54,Pick-Bin Baseline,pick_bin,6.848958333333333
2010,55,Pick-Bin Baseline,pick_bin,6.848958333333333
2010,56,Pick-Bin Baseline,pick_bin,6.848958333333333
2010,57,Pick-Bin Baseline,pick_bin,6.848958333333333
2010,58,Pick-Bin Baseline,pick_bin,6.848958333333333
2010,59,Pick-Bin Baseline,pick_bin,6.848958333333333
2010,60,Pick-Bin Baseline,pick_bin,6.848958333333333
2010,61,Pick-Bin Baseline,pick_bin,6.848958333333333
2010,62,Pick-Bin Baseline,pick_bin,6.848958333333333
2010,63,Pick-Bin Baseline,pick_bin,6.848958333333333
2010,64,Pick-Bin Baseline,pick_bin,6.848958333333333
2010,65,Pick-Bin Baseline,pick_bin,5.114583333333333
2010,66,Pick-Bin Baseline,pick_bin,5.114583333333333
2010,67,Pick-Bin Baseline,pick_bin,5.114583333333333
2010,68,Pick-Bin Baseline,pick_bin,5.114583333333333
2010,69,Pick-Bin Baseline,pick_bin,5.114583333333333
2010,70,Pick-Bin Baseline,pick_bin,5.114583333333333
2010,71,Pick-Bin Baseline,pick_bin,5.114583333333333
2010,72,Pick-Bin Baseline,pick_bin,5.114583333333333
2010,73,Pick-Bin Baseline,pick_bin,5.114583333333333
2010,74,Pick-Bin Baseline,pick_bin,5.114583333333333
2010,75,Pick-Bin Baseline,pick_bin,5.114583333333333
2010,76,Pick-Bin Baseline,pick_bin,5.114583333333333
2010,77,Pick-Bin Baseline,pick_bin,5.114583333333333
2010,78,Pick-Bin Baseline,pick_bin,5.114583333333333
2010,79,Pick-Bin Baseline,pick_bin,5.114583333333333
2010,80,Pick-Bin Baseline,pick_bin,5.114583333333333
2010,81,Pick-Bin Baseline,pick_bin,4.046875
2010,82,Pick-Bin Baseline,pick_bin,4.046875
2010,83,Pick-Bin Baseline,pick_bin,4.046875
2010,84,Pick-Bin Baseline,pick_bin,4.046875
2010,85,Pick-Bin Baseline,pick_bin,4.046875
2010,86,Pick-Bin Baseline,pick_bin,4.046875
2010,87,Pick-Bin Baseline,pick_bin,4.046875
2010,88,Pick-Bin Baseline,pick_bin,4.046875
2010,89,Pick-Bin Baseline,pick_bin,4.046875
2010,90,Pick-Bin Baseline,pick_bin,4.046875
2010,91,Pick-Bin Baseline,pick_bin,4.046875
2010,92,Pick-Bin Baseline,pick_bin,4.046875
2010,93,Pick-Bin Baseline,pick_bin,4.046875
2010,94,Pick-Bin Baseline,pick_bin,4.046875
2010,95,Pick-Bin Baseline,pick_bin,4.046875
2010,96,Pick-Bin Baseline,pick_bin,4.046875
2010,97,Pick-Bin Baseline,pick_bin,3.9895833333333335
2010,98,Pick-Bin Baseline,pick_bin,3.9895833333333335
2010,99,Pick-Bin Baseline,pick_bin,3.9895833333333335
2010,100,Pick-Bin Baseline,pick_bin,3.9895833333333335
2010,101,Pick-Bin Baseline,pick_bin,3.9895833333333335
2010,102,Pick-Bin Baseline,pick_bin,3.9895833333333335
2010,103,Pick-Bin Baseline,pick_bin,3.9895833333333335
2010,104,Pick-Bin Baseline,pick_bin,3.9895833333333335
2010,105,Pick-Bin Baseline,pick_bin,3.9895833333333335
2010,106,Pick-Bin Baseline,pick_bin,3.9895833333333335
2010,107,Pick-Bin Baseline,pick_bin,3.9895833333333335
2010,108,Pick-Bin Baseline,pick_bin,3.9895833333333335
2010,109,Pick-Bin Baseline,pick_bin,3.9895833333333335
2010,110,Pick-Bin Baseline,pick_bin,3.9895833333333335
2010,111,Pick-Bin Baseline,pick_bin,3.9895833333333335
2010,112,Pick-Bin Baseline,pick_bin,3.9895833333333335
2010,113,Pick-Bin Baseline,pick_bin,3.75
2010,114,Pick-Bin Baseline,pick_bin,3.75
2010,115,Pick-Bin Baseline,pick_bin,3.75
2010,116,Pick-Bin Baseline,pick_bin,3.75
2010,117,Pick-Bin Baseline,pick_bin,3.75
2010,118,Pick-Bin Baseline,pick_bin,3.75
2010,119,Pick-Bin Baseline,pick_bin,3.75
2010,120,Pick-Bin Baseline,pick_bin,3.75
2010,121,Pick-Bin Baseline,pick_bin,3.75
2010,122,Pick-Bin Baseline,pick_bin,3.75
2010,123,Pick-Bin Baseline,pick_bin,3.75
2010,124,Pick-Bin Baseline,pick_bin,3.75
2010,125,Pick-Bin Baseline,pick_bin,3.75
2010,126,Pick-Bin Baseline,pick_bin,3.75
2010,127,Pick-Bin Baseline,pick_bin,3.75
2010,128,Pick-Bin Baseline,pick_bin,3.75
2010,129,Pick-Bin Baseline,pick_bin,2.953125
2010,130,Pick-Bin Baseline,pick_bin,2.953125
2010,131,Pick-Bin Baseline,pick_bin,2.953125
2010,132,Pick-Bin Baseline,pick_bin,2.953125
2010,133,Pick-Bin Baseline,pick_bin,2.953125
2010,134,Pick-Bin Baseline,pick_bin,2.953125
2010,135,Pick-Bin Baseline,pick_bin,2.953125
2010,136,Pick-Bin Baseline,pick_bin,2.953125
2010,137,Pick-Bin Baseline,pick_bin,2.953125
2010,138,Pick-Bin Baseline,pick_bin,2.953125
2010,139,Pick-Bin Baseline,pick_bin,2.953125
2010,140,Pick-Bin Baseline,pick_bin,2.953125
2010,141,Pick-Bin Baseline,pick_bin,2.953125
2010,142,Pick-Bin Baseline,pick_bin,2.953125
2010,143,Pick-Bin Baseline,pick_bin,2.953125
2010,144,Pick-Bin Baseline,pick_bin,2.953125
2010,145,Pick-Bin Baseline,pick_bin,1.9739583333333333
2010,146,Pick-Bin Baseline,pick_bin,1.9739583333333333
2010,147,Pick-Bin Baseline,pick_bin,1.9739583333333333
2010,148,Pick-Bin Baseline,pick_bin,1.9739583333333333
2010,149,Pick-Bin Baseline,pick_bin,1.9739583333333333
2010,150,Pick-Bin Baseline,pick_bin,1.9739583333333333
2010,151,Pick-Bin Baseline,pick_bin,1.9739583333333333
2010,152,Pick-Bin Baseline,pick_bin,1.9739583333333333
2010,153,Pick-Bin Baseline,pick_bin,1.9739583333333333
2010,154,Pick-Bin Baseline,pick_bin,1.9739583333333333
2010,155,Pick-Bin Baseline,pick_bin,1.9739583333333333
2010,156,Pick-Bin Baseline,pick_bin,1.9739583333333333
2010,157,Pick-Bin Baseline,pick_bin,1.9739583333333333
2010,158,Pick-Bin Baseline,pick_bin,1.9739583333333333
2010,159,Pick-Bin Baseline,pick_bin,1.9739583333333333
2010,160,Pick-Bin Baseline,pick_bin,1.9739583333333333
2010,161,Pick-Bin Baseline,pick_bin,1.8229166666666667
2010,162,Pick-Bin Baseline,pick_bin,1.8229166666666667
2010,163,Pick-Bin Baseline,pick_bin,1.8229166666666667
2010,164,Pick-Bin Baseline,pick_bin,1.8229166666666667
2010,165,Pick-Bin Baseline,pick_bin,1.8229166666666667
2010,166,Pick-Bin Baseline,pick_bin,1.8229166666666667
2010,167,Pick-Bin Baseline,pick_bin,1.8229166666666667
2010,168,Pick-Bin Baseline,pick_bin,1.8229166666666667
2010,169,Pick-Bin Baseline,pick_bin,1.8229166666666667
2010,170,Pick-Bin Baseline,pick_bin,1.8229166666666667
2010,171,Pick-Bin Baseline,pick_bin,1.8229166666666667
2010,172,Pick-Bin Baseline,pick_bin,1.8229166666666667
2010,173,Pick-Bin Baseline,pick_bin,1.8229166666666667
2010,174,Pick-Bin Baseline,pick_bin,1.8229166666666667
2010,175,Pick-Bin Baseline,pick_bin,1.8229166666666667
2010,176,Pick-Bin Baseline,pick_bin,1.8229166666666667
2010,177,Pick-Bin Baseline,pick_bin,1.71875
2010,178,Pick-Bin Baseline,pick_bin,1.71875
2010,179,Pick-Bin Baseline,pick_bin,1.71875
2010,180,Pick-Bin Baseline,pick_bin,1.71875
2010,181,Pick-Bin Baseline,pick_bin,1.71875
2010,182,Pick-Bin Baseline,pick_bin,1.71875
2010,183,Pick-Bin Baseline,pick_bin,1.71875
2010,184,Pick-Bin Baseline,pick_bin,1.71875
2010,185,Pick-Bin Baseline,pick_bin,1.71875
2010,186,Pick-Bin Baseline,pick_bin,1.71875
2010,187,Pick-Bin Baseline,pick_bin,1.71875
2010,188,Pick-Bin Baseline,pick_bin,1.71875
2010,189,Pick-Bin Baseline,pick_bin,1.71875
2010,190,Pick-Bin Baseline,pick_bin,1.71875
2010,191,Pick-Bin Baseline,pick_bin,1.71875
2010,192,Pick-Bin Baseline,pick_bin,1.71875
2010,193,Pick-Bin Baseline,pick_bin,1.53125
2010,194,Pick-Bin Baseline,pick_bin,1.53125
2010,195,Pick-Bin Baseline,pick_bin,1.53125
2010,196,Pick-Bin Baseline,pick_bin,1.53125
2010,197,Pick-Bin Baseline,pick_bin,1.53125
2010,198,Pick-Bin Baseline,pick_bin,1.53125
2010,199,Pick-Bin Baseline,pick_bin,1.53125
2010,200,Pick-Bin Baseline,pick_bin,1.53125
2010,201,Pick-Bin Baseline,pick_bin,1.53125
2010,202,Pick-Bin Baseline,pick_bin,1.53125
2010,203,Pick-Bin Baseline,pick_bin,1.53125
2010,204,Pick-Bin Baseline,pick_bin,1.53125
2010,205,Pick-Bin Baseline,pick_bin,1.53125
2010,206,Pick-Bin Baseline,pick_bin,1.53125
2010,207,Pick-Bin Baseline,pick_bin,1.53125
2010,208,Pick-Bin Baseline,pick_bin,1.53125
2010,209,Pick-Bin Baseline,pick_bin,1.84375
2010,210,Pick-Bin Baseline,pick_bin,1.84375
2010,211,Pick-Bin Baseline,pick_bin,1.84375
2010,212,Pick-Bin Baseline,pick_bin,1.84375
2010,213,Pick-Bin Baseline,pick_bin,1.84375
2010,214,Pick-Bin Baseline,pick_bin,1.84375
2010,215,Pick-Bin Baseline,pick_bin,1.84375
2010,216,Pick-Bin Baseline,pick_bin,1.84375
2010,217,Pick-Bin Baseline,pick_bin,1.84375
2010,218,Pick-Bin Baseline,pick_bin,1.84375
2010,219,Pick-Bin Baseline,pick_bin,1.84375
2010,220,Pick-Bin Baseline,pick_bin,1.84375
2010,221,Pick-Bin Baseline,pick_bin,1.84375
2010,222,Pick-Bin Baseline,pick_bin,1.84375
2010,223,Pick-Bin Baseline,pick_bin,1.84375
2010,224,Pick-Bin Baseline,pick_bin,1.84375
2010,225,Pick-Bin Baseline,pick_bin,1.46875
2010,226,Pick-Bin Baseline,pick_bin,1.46875
2010,227,Pick-Bin Baseline,pick_bin,1.46875
2010,228,Pick-Bin Baseline,pick_bin,1.46875
2010,229,Pick-Bin Baseline,pick_bin,1.46875
2010,230,Pick-Bin Baseline,pick_bin,1.46875
2010,231,Pick-Bin Baseline,pick_bin,1.46875
2010,232,Pick-Bin Baseline,pick_bin,1.46875
2010,233,Pick-Bin Baseline,pick_bin,1.46875
2010,234,Pick-Bin Baseline,pick_bin,1.46875
2010,235,Pick-Bin Baseline,pick_bin,1.46875
2010,236,Pick-Bin Baseline,pick_bin,1.46875
2010,237,Pick-Bin Baseline,pick_bin,1.46875
2010,238,Pick-Bin Baseline,pick_bin,1.46875
2010,239,Pick-Bin Baseline,pick_bin,1.46875
2010,240,Pick-Bin Baseline,pick_bin,1.46875
2010,241,Pick-Bin Baseline,pick_bin,1.3511904761904763
2010,242,Pick-Bin Baseline,pick_bin,1.3511904761904763
2010,243,Pick-Bin Baseline,pick_bin,1.3511904761904763
2010,244,Pick-Bin Baseline,pick_bin,1.3511904761904763
2010,245,Pick-Bin Baseline,pick_bin,1.3511904761904763
2010,246,Pick-Bin Baseline,pick_bin,1.3511904761904763
2010,247,Pick-Bin Baseline,pick_bin,1.3511904761904763
2010,248,Pick-Bin Baseline,pick_bin,1.3511904761904763
2010,249,Pick-Bin Baseline,pick_bin,1.3511904761904763
2010,250,Pick-Bin Baseline,pick_bin,1.3511904761904763
2010,251,Pick-Bin Baseline,pick_bin,1.3511904761904763
2010,252,Pick-Bin Baseline,pick_bin,1.3511904761904763
2010,253,Pick-Bin Baseline,pick_bin,1.3511904761904763
2010,254,Pick-Bin Baseline,pick_bin,1.3511904761904763
2010,255,Pick-Bin Baseline,pick_bin,1.3511904761904763
2010,256,Pick-Bin Baseline,pick_bin,1.3511904761904763
2010,257,Pick-Bin Baseline,pick_bin,0.7272727272727273
2010,258,Pick-Bin Baseline,pick_bin,0.7272727272727273
2010,259,Pick-Bin Baseline,pick_bin,0.7272727272727273
2010,260,Pick-Bin Baseline,pick_bin,0.7272727272727273
2010,1,XGBoost,xgboost,12.987834930419922
2010,2,XGBoost,xgboost,12.987834930419922
2010,3,XGBoost,xgboost,12.987834930419922
2010,4,XGBoost,xgboost,12.99356460571289
2010,5,XGBoost,xgboost,12.958394050598145
2010,6,XGBoost,xgboost,12.86097526550293
2010,7,XGBoost,xgboost,12.83836555480957
2010,8,XGBoost,xgboost,12.83836555480957
2010,9,XGBoost,xgboost,12.81743335723877
2010,10,XGBoost,xgboost,12.689155578613281
2010,11,XGBoost,xgboost,12.680424690246582
2010,12,XGBoost,xgboost,12.522642135620117
2010,13,XGBoost,xgboost,12.463155746459961
2010,14,XGBoost,xgboost,12.123370170593262
2010,15,XGBoost,xgboost,10.965723037719727
2010,16,XGBoost,xgboost,10.443500518798828
2010,17,XGBoost,xgboost,10.23884391784668
2010,18,XGBoost,xgboost,10.218297958374023
2010,19,XGBoost,xgboost,10.229225158691406
2010,20,XGBoost,xgboost,9.594612121582031
2010,21,XGBoost,xgboost,9.41592788696289
2010,22,XGBoost,xgboost,8.946650505065918
2010,23,XGBoost,xgboost,8.946650505065918
2010,24,XGBoost,xgboost,8.836918830871582
2010,25,XGBoost,xgboost,8.756178855895996
2010,26,XGBoost,xgboost,8.391716003417969
2010,27,XGBoost,xgboost,8.299700736999512
2010,28,XGBoost,xgboost,8.292595863342285
2010,29,XGBoost,xgboost,8.281240463256836
2010,30,XGBoost,xgboost,8.287498474121094
2010,31,XGBoost,xgboost,8.283065795898438
2010,32,XGBoost,xgboost,8.28722858428955
2010,33,XGBoost,xgboost,7.877578258514404
2010,34,XGBoost,xgboost,7.877578258514404
2010,35,XGBoost,xgboost,7.877578258514404
2010,36,XGBoost,xgboost,7.829496383666992
2010,37,XGBoost,xgboost,7.829496383666992
2010,38,XGBoost,xgboost,7.828927516937256
2010,39,XGBoost,xgboost,7.828927516937256
2010,40,XGBoost,xgboost,7.706169605255127
2010,41,XGBoost,xgboost,7.652761936187744
2010,42,XGBoost,xgboost,7.652761936187744
2010,43,XGBoost,xgboost,7.368192195892334
2010,44,XGBoost,xgboost,7.365367412567139
2010,45,XGBoost,xgboost,7.203455924987793
2010,46,XGBoost,xgboost,6.537432670593262
2010,47,XGBoost,xgboost,6.513451099395752
2010,48,XGBoost,xgboost,6.491919040679932
2010,49,XGBoost,xgboost,6.477990627288818
2010,50,XGBoost,xgboost,6.477990627288818
2010,51,XGBoost,xgboost,6.477990627288818
2010,52,XGBoost,xgboost,6.487557411193848
2010,53,XGBoost,xgboost,6.426799774169922
2010,54,XGBoost,xgboost,6.217808246612549
2010,55,XGBoost,xgboost,6.217808246612549
2010,56,XGBoost,xgboost,6.117458343505859
2010,57,XGBoost,xgboost,6.117458343505859
2010,58,XGBoost,xgboost,6.077333450317383
2010,59,XGBoost,xgboost,5.790282726287842
2010,60,XGBoost,xgboost,5.791826248168945
2010,61,XGBoost,xgboost,5.4042744636535645
2010,62,XGBoost,xgboost,5.370030879974365
2010,63,XGBoost,xgboost,5.348512172698975
2010,64,XGBoost,xgboost,5.348512172698975
2010,65,XGBoost,xgboost,4.583762168884277
2010,66,XGBoost,xgboost,4.560871124267578
2010,67,XGBoost,xgboost,4.025354385375977
2010,68,XGBoost,xgboost,4.008729934692383
2010,69,XGBoost,xgboost,4.008729934692383
2010,70,XGBoost,xgboost,4.008729934692383
2010,71,XGBoost,xgboost,4.008729934692383
2010,72,XGBoost,xgboost,3.9813966751098633
2010,73,XGBoost,xgboost,3.964789390563965
2010,74,XGBoost,xgboost,3.7738571166992188
2010,75,XGBoost,xgboost,3.7738571166992188
2010,76,XGBoost,xgboost,3.7738571166992188
2010,77,XGBoost,xgboost,3.7738571166992188
2010,78,XGBoost,xgboost,3.7738571166992188
2010,79,XGBoost,xgboost,3.759063482284546
2010,80,XGBoost,xgboost,3.759063482284546
2010,81,XGBoost,xgboost,3.704936981201172
2010,82,XGBoost,xgboost,3.696052074432373
2010,83,XGBoost,xgboost,3.696052074432373
2010,84,XGBoost,xgboost,3.682006359100342
2010,85,XGBoost,xgboost,3.4927501678466797
2010,86,XGBoost,xgboost,3.2996129989624023
2010,87,XGBoost,xgboost,3.2996129989624023
2010,88,XGBoost,xgboost,3.2977349758148193
2010,89,XGBoost,xgboost,3.2977349758148193
2010,90,XGBoost,xgboost,3.2965683937072754
2010,91,XGBoost,xgboost,3.2965683937072754
2010,92,XGBoost,xgboost,3.2965683937072754
2010,93,XGBoost,xgboost,3.2629075050354004
2010,94,XGBoost,xgboost,3.2629075050354004
2010,95,XGBoost,xgboost,3.2629075050354004
2010,96,XGBoost,xgboost,3.2629075050354004
2010,97,XGBoost,xgboost,3.219876766204834
2010,98,XGBoost,xgboost,3.219876766204834
2010,99,XGBoost,xgboost,3.2001953125
2010,100,XGBoost,xgboost,3.2001953125
2010,101,XGBoost,xgboost,3.1960363388061523
2010,102,XGBoost,xgboost,3.1893563270568848
2010,103,XGBoost,xgboost,3.1775081157684326
2010,104,XGBoost,xgboost,3.1775081157684326
2010,105,XGBoost,xgboost,3.1775081157684326
2010,106,XGBoost,xgboost,3.1775081157684326
2010,107,XGBoost,xgboost,3.1542813777923584
2010,108,XGBoost,xgboost,3.1435658931732178
2010,109,XGBoost,xgboost,3.1372482776641846
2010,110,XGBoost,xgboost,3.1372482776641846
2010,111,XGBoost,xgboost,3.124032735824585
2010,112,XGBoost,xgboost,3.096999406814575
2010,113,XGBoost,xgboost,3.096999406814575
2010,114,XGBoost,xgboost,3.026127338409424
2010,115,XGBoost,xgboost,3.0090572834014893
2010,116,XGBoost,xgboost,3.0090572834014893
2010,117,XGBoost,xgboost,3.0090572834014893
2010,118,XGBoost,xgboost,3.0090572834014893
2010,119,XGBoost,xgboost,3.015342950820923
2010,120,XGBoost,xgboost,3.015342950820923
2010,121,XGBoost,xgboost,3.015342950820923
2010,122,XGBoost,xgboost,3.015342950820923
2010,123,XGBoost,xgboost,3.015342950820923
2010,124,XGBoost,xgboost,3.015342950820923
2010,125,XGBoost,xgboost,2.9844062328338623
2010,126,XGBoost,xgboost,2.9844062328338623
2010,127,XGBoost,xgboost,2.964327573776245
2010,128,XGBoost,xgboost,2.8720932006835938
2010,129,XGBoost,xgboost,2.50026535987854
2010,130,XGBoost,xgboost,2.4417214393615723
2010,131,XGBoost,xgboost,2.439074754714966
2010,132,XGBoost,xgboost,2.419402837753296
2010,133,XGBoost,xgboost,2.419402837753296
2010,134,XGBoost,xgboost,2.419402837753296
2010,135,XGBoost,xgboost,2.4242959022521973
2010,136,XGBoost,xgboost,2.4284982681274414
2010,137,XGBoost,xgboost,2.423351287841797
2010,138,XGBoost,xgboost,2.423351287841797
2010,139,XGBoost,xgboost,2.4160149097442627
2010,140,XGBoost,xgboost,2.422804117202759
2010,141,XGBoost,xgboost,2.412839889526367
2010,142,XGBoost,xgboost,2.407597303390503
2010,143,XGBoost,xgboost,2.3575122356414795
2010,144,XGBoost,xgboost,2.1635937690734863
2010,145,XGBoost,xgboost,2.096012830734253
2010,146,XGBoost,xgboost,2.0877161026000977
2010,147,XGBoost,xgboost,1.8793625831604004
2010,148,XGBoost,xgboost,1.8793625831604004
2010,149,XGBoost,xgboost,1.8793625831604004
2010,150,XGBoost,xgboost,1.6710878610610962
2010,151,XGBoost,xgboost,1.6710878610610962
2010,152,XGBoost,xgboost,1.6710878610610962
2010,153,XGBoost,xgboost,1.6710878610610962
2010,154,XGBoost,xgboost,1.6710878610610962
2010,155,XGBoost,xgboost,1.6710878610610962
2010,156,XGBoost,xgboost,1.6710878610610962
2010,157,XGBoost,xgboost,1.6710878610610962
2010,158,XGBoost,xgboost,1.6710878610610962
2010,159,XGBoost,xgboost,1.6710878610610962
2010,160,XGBoost,xgboost,1.6710878610610962
2010,161,XGBoost,xgboost,1.642168402671814
2010,162,XGBoost,xgboost,1.642168402671814
2010,163,XGBoost,xgboost,1.642168402671814
2010,164,XGBoost,xgboost,1.642168402671814
2010,165,XGBoost,xgboost,1.6362414360046387
2010,166,XGBoost,xgboost,1.6346230506896973
2010,167,XGBoost,xgboost,1.6346230506896973
2010,168,XGBoost,xgboost,1.6346230506896973
2010,169,XGBoost,xgboost,1.628629207611084
2010,170,XGBoost,xgboost,1.6171634197235107
2010,171,XGBoost,xgboost,1.6171634197235107
2010,172,XGBoost,xgboost,1.6171634197235107
2010,173,XGBoost,xgboost,1.6171634197235107
2010,174,XGBoost,xgboost,1.6171634197235107
2010,175,XGBoost,xgboost,1.6153287887573242
2010,176,XGBoost,xgboost,1.6153287887573242
2010,177,XGBoost,xgboost,1.6153287887573242
2010,178,XGBoost,xgboost,1.6153287887573242
2010,179,XGBoost,xgboost,1.6153287887573242
2010,180,XGBoost,xgboost,1.6153287887573242
2010,181,XGBoost,xgboost,1.6139850616455078
2010,182,XGBoost,xgboost,1.6139850616455078
2010,183,XGBoost,xgboost,1.6089999675750732
2010,184,XGBoost,xgboost,1.6030484437942505
2010,185,XGBoost,xgboost,1.6030484437942505
2010,186,XGBoost,xgboost,1.6030484437942505
2010,187,XGBoost,xgboost,1.6030484437942505
2010,188,XGBoost,xgboost,1.6030484437942505
2010,189,XGBoost,xgboost,1.6030484437942505
2010,190,XGBoost,xgboost,1.6030484437942505
2010,191,XGBoost,xgboost,1.6009901762008667
2010,192,XGBoost,xgboost,1.6009901762008667
2010,193,XGBoost,xgboost,1.5993691682815552
2010,194,XGBoost,xgboost,1.5993691682815552
2010,195,XGBoost,xgboost,1.5993691682815552
2010,196,XGBoost,xgboost,1.5937525033950806
2010,197,XGBoost,xgboost,1.5937525033950806
2010,198,XGBoost,xgboost,1.5937525033950806
2010,199,XGBoost,xgboost,1.5937525033950806
2010,200,XGBoost,xgboost,1.5848780870437622
2010,201,XGBoost,xgboost,1.5848780870437622
2010,202,XGBoost,xgboost,1.5848780870437622
2010,203,XGBoost,xgboost,1.5848780870437622
2010,204,XGBoost,xgboost,1.5848780870437622
2010,205,XGBoost,xgboost,1.5848780870437622
2010,206,XGBoost,xgboost,1.5848780870437622
2010,207,XGBoost,xgboost,1.5848780870437622
2010,208,XGBoost,xgboost,1.5848780870437622
2010,209,XGBoost,xgboost,1.5848780870437622
2010,210,XGBoost,xgboost,1.5848780870437622
2010,211,XGBoost,xgboost,1.5848780870437622
2010,212,XGBoost,xgboost,1.5848780870437622
2010,213,XGBoost,xgboost,1.5848780870437622
2010,214,XGBoost,xgboost,1.5848780870437622
2010,215,XGBoost,xgboost,1.5848780870437622
2010,216,XGBoost,xgboost,1.5848780870437622
2010,217,XGBoost,xgboost,1.5848780870437622
2010,218,XGBoost,xgboost,1.5848780870437622
2010,219,XGBoost,xgboost,1.5848780870437622
2010,220,XGBoost,xgboost,1.5848780870437622
2010,221,XGBoost,xgboost,1.5848780870437622
2010,222,XGBoost,xgboost,1.5848780870437622
2010,223,XGBoost,xgboost,1.5833948850631714
2010,224,XGBoost,xgboost,1.5833948850631714
2010,225,XGBoost,xgboost,1.5813006162643433
2010,226,XGBoost,xgboost,1.5813006162643433
2010,227,XGBoost,xgboost,1.5813006162643433
2010,228,XGBoost,xgboost,1.5813006162643433
2010,229,XGBoost,xgboost,1.5813006162643433
2010,230,XGBoost,xgboost,1.5813006162643433
2010,231,XGBoost,xgboost,1.5813006162643433
2010,232,XGBoost,xgboost,1.5813006162643433
2010,233,XGBoost,xgboost,1.5813006162643433
2010,234,XGBoost,xgboost,1.5813006162643433
2010,235,XGBoost,xgboost,1.5813006162643433
2010,236,XGBoost,xgboost,1.5813006162643433
2010,237,XGBoost,xgboost,1.5813006162643433
2010,238,XGBoost,xgboost,1.5813006162643433
2010,239,XGBoost,xgboost,1.5813006162643433
2010,240,XGBoost,xgboost,1.5813006162643433
2010,241,XGBoost,xgboost,1.575851321220398
2010,242,XGBoost,xgboost,1.575851321220398
2010,243,XGBoost,xgboost,1.575851321220398
2010,244,XGBoost,xgboost,1.575851321220398
2010,245,XGBoost,xgboost,1.575851321220398
2010,246,XGBoost,xgboost,1.575851321220398
2010,247,XGBoost,xgboost,1.575851321220398
2010,248,XGBoost,xgboost,1.575851321220398
2010,249,XGBoost,xgboost,1.575851321220398
2010,250,XGBoost,xgboost,1.575851321220398
2010,251,XGBoost,xgboost,1.575851321220398
2010,252,XGBoost,xgboost,1.575851321220398
2010,253,XGBoost,xgboost,1.575851321220398
2010,254,XGBoost,xgboost,1.575851321220398
2010,255,XGBoost,xgboost,1.575851321220398
2010,256,XGBoost,xgboost,1.575851321220398
2010,257,XGBoost,xgboost,1.575851321220398
2010,258,XGBoost,xgboost,1.575851321220398
2010,259,XGBoost,xgboost,1.575851321220398
2010,260,XGBoost,xgboost,1.575851321220398
2010,1,CatBoost,catboost,12.264501832875673
2010,2,CatBoost,catboost,12.264501832875673
2010,3,CatBoost,catboost,12.264501832875673
2010,4,CatBoost,catboost,12.264501832875673
2010,5,CatBoost,catboost,12.264501832875673
2010,6,CatBoost,catboost,12.255277474758756
2010,7,CatBoost,catboost,12.255277474758756
2010,8,CatBoost,catboost,12.251043541358408
2010,9,CatBoost,catboost,12.232161291862361
2010,10,CatBoost,catboost,12.003181659332212
2010,11,CatBoost,catboost,11.859060731848661
2010,12,CatBoost,catboost,11.547157493298196
2010,13,CatBoost,catboost,11.373426862250554
2010,14,CatBoost,catboost,11.077192308970476
2010,15,CatBoost,catboost,10.579378806209212
2010,16,CatBoost,catboost,10.149547369004537
2010,17,CatBoost,catboost,9.897689614435786
2010,18,CatBoost,catboost,9.756228052180713
2010,19,CatBoost,catboost,9.756228052180713
2010,20,CatBoost,catboost,9.576579620514078
2010,21,CatBoost,catboost,9.449475164340171
2010,22,CatBoost,catboost,9.079208480516517
2010,23,CatBoost,catboost,9.062762475835912
2010,24,CatBoost,catboost,8.841801904574716
2010,25,CatBoost,catboost,8.797839778348253
2010,26,CatBoost,catboost,8.646559165437402
2010,27,CatBoost,catboost,8.482064933441759
2010,28,CatBoost,catboost,8.435327561283469
2010,29,CatBoost,catboost,8.435327561283469
2010,30,CatBoost,catboost,8.437184054341795
2010,31,CatBoost,catboost,8.437184054341795
2010,32,CatBoost,catboost,8.399758054726865
2010,33,CatBoost,catboost,7.367364562768358
2010,34,CatBoost,catboost,7.367364562768358
2010,35,CatBoost,catboost,7.363353635496848
2010,36,CatBoost,catboost,7.363353635496848
2010,37,CatBoost,catboost,7.363353635496848
2010,38,CatBoost,catboost,7.327393162873025
2010,39,CatBoost,catboost,7.320585868364543
2010,40,CatBoost,catboost,7.3118345324212815
2010,41,CatBoost,catboost,7.277668883204715
2010,42,CatBoost,catboost,7.224772887151622
2010,43,CatBoost,catboost,7.080919607817799
2010,44,CatBoost,catboost,6.947173404643523
2010,45,CatBoost,catboost,6.782775736037573
2010,46,CatBoost,catboost,6.7033115511341155
2010,47,CatBoost,catboost,6.699196687302236
2010,48,CatBoost,catboost,6.684121685928288
2010,49,CatBoost,catboost,6.558474929089513
2010,50,CatBoost,catboost,6.500501844461699
2010,51,CatBoost,catboost,6.500501844461699
2010,52,CatBoost,catboost,6.500501844461699
2010,53,CatBoost,catboost,6.372201158049386
2010,54,CatBoost,catboost,6.295850515236676
2010,55,CatBoost,catboost,6.252273607380077
2010,56,CatBoost,catboost,6.178943663321519
2010,57,CatBoost,catboost,6.157771211461246
2010,58,CatBoost,catboost,6.089716374307153
2010,59,CatBoost,catboost,6.001296169819223
2010,60,CatBoost,catboost,6.001296169819223
2010,61,CatBoost,catboost,5.922415634046492
2010,62,CatBoost,catboost,5.789649072124025
2010,63,CatBoost,catboost,5.736523515955678
2010,64,CatBoost,catboost,5.698178800031551
2010,65,CatBoost,catboost,4.498591556750918
2010,66,CatBoost,catboost,4.47728934054483
2010,67,CatBoost,catboost,4.258038379051823
2010,68,CatBoost,catboost,4.2020600627580835
2010,69,CatBoost,catboost,4.155494294157954
2010,70,CatBoost,catboost,4.155494294157954
2010,71,CatBoost,catboost,4.155494294157954
2010,72,CatBoost,catboost,4.124458449364185
2010,73,CatBoost,catboost,4.017025135959048
2010,74,CatBoost,catboost,3.9417327311808306
2010,75,CatBoost,catboost,3.9417327311808306
2010,76,CatBoost,catboost,3.9417327311808306
2010,77,CatBoost,catboost,3.9030038468564303
2010,78,CatBoost,catboost,3.877638705231007
2010,79,CatBoost,catboost,3.877638705231007
2010,80,CatBoost,catboost,3.854215378458723
2010,81,CatBoost,catboost,3.854215378458723
2010,82,CatBoost,catboost,3.854215378458723
2010,83,CatBoost,catboost,3.8400037773576012
2010,84,CatBoost,catboost,3.828567048198107
2010,85,CatBoost,catboost,3.828567048198107
2010,86,CatBoost,catboost,3.8239550545318486
2010,87,CatBoost,catboost,3.7937939609602145
2010,88,CatBoost,catboost,3.724504201467071
2010,89,CatBoost,catboost,3.67659986780808
2010,90,CatBoost,catboost,3.6503813195186767
2010,91,CatBoost,catboost,3.6210355560734895
2010,92,CatBoost,catboost,3.5991862683006763
2010,93,CatBoost,catboost,3.5933948385463133
2010,94,CatBoost,catboost,3.5878963253902447
2010,95,CatBoost,catboost,3.5878963253902447
2010,96,CatBoost,catboost,3.5878963253902447
2010,97,CatBoost,catboost,3.3824140254400685
2010,98,CatBoost,catboost,3.3824140254400685
2010,99,CatBoost,catboost,3.3824140254400685
2010,100,CatBoost,catboost,3.3824140254400685
2010,101,CatBoost,catboost,3.3824140254400685
2010,102,CatBoost,catboost,3.3824140254400685
2010,103,CatBoost,catboost,3.3692117239219024
2010,104,CatBoost,catboost,3.3692117239219024
2010,105,CatBoost,catboost,3.3692117239219024
2010,106,CatBoost,catboost,3.3462959550543583
2010,107,CatBoost,catboost,3.3462959550543583
2010,108,CatBoost,catboost,3.3462959550543583
2010,109,CatBoost,catboost,3.3175468142648823
2010,110,CatBoost,catboost,3.3175468142648823
2010,111,CatBoost,catboost,3.3175468142648823
2010,112,CatBoost,catboost,3.3175468142648823
2010,113,CatBoost,catboost,3.2903133064103836
2010,114,CatBoost,catboost,3.2903133064103836
2010,115,CatBoost,catboost,3.2696707477945735
2010,116,CatBoost,catboost,3.2357711279291266
2010,117,CatBoost,catboost,3.2243916488312783
2010,118,CatBoost,catboost,3.218453533741574
2010,119,CatBoost,catboost,3.218453533741574
2010,120,CatBoost,catboost,3.218453533741574
2010,121,CatBoost,catboost,3.1943459325877748
2010,122,CatBoost,catboost,3.1943459325877748
2010,123,CatBoost,catboost,3.1671227828994515
2010,124,CatBoost,catboost,3.1755297736240324
2010,125,CatBoost,catboost,3.166627537663839
2010,126,CatBoost,catboost,3.146980358339775
2010,127,CatBoost,catboost,3.146980358339775
2010,128,CatBoost,catboost,3.146980358339775
2010,129,CatBoost,catboost,2.5818681555927108
2010,130,CatBoost,catboost,2.569649005515572
2010,131,CatBoost,catboost,2.566080652113753
2010,132,CatBoost,catboost,2.5433659409953133
2010,133,CatBoost,catboost,2.523550782309793
2010,134,CatBoost,catboost,2.481992523973606
2010,135,CatBoost,catboost,2.481992523973606
2010,136,CatBoost,catboost,2.4511950257073396
2010,137,CatBoost,catboost,2.4466636808509157
2010,138,CatBoost,catboost,2.4466636808509157
2010,139,CatBoost,catboost,2.4222646051539685
2010,140,CatBoost,catboost,2.40388746168097
2010,141,CatBoost,catboost,2.3754448520854963
2010,142,CatBoost,catboost,2.3747615754916542
2010,143,CatBoost,catboost,2.3514444030960506
2010,144,CatBoost,catboost,2.344672035570499
2010,145,CatBoost,catboost,2.3109020725022593
2010,146,CatBoost,catboost,2.2833471965792187
2010,147,CatBoost,catboost,2.2368966639543877
2010,148,CatBoost,catboost,2.211258177361544
2010,149,CatBoost,catboost,2.211258177361544
2010,150,CatBoost,catboost,2.136480987876096
2010,151,CatBoost,catboost,2.1025783968539087
2010,152,CatBoost,catboost,2.089227826949113
2010,153,CatBoost,catboost,2.089227826949113
2010,154,CatBoost,catboost,2.082959744782025
2010,155,CatBoost,catboost,2.074443848589947
2010,156,CatBoost,catboost,2.0683315804467446
2010,157,CatBoost,catboost,2.0683315804467446
2010,158,CatBoost,catboost,2.0683315804467446
2010,159,CatBoost,catboost,2.0683315804467446
2010,160,CatBoost,catboost,2.0642642628227867
2010,161,CatBoost,catboost,1.9292145301762345
2010,162,CatBoost,catboost,1.9292145301762345
2010,163,CatBoost,catboost,1.9292145301762345
2010,164,CatBoost,catboost,1.9292145301762345
2010,165,CatBoost,catboost,1.9221347799370623
2010,166,CatBoost,catboost,1.9034096578992457
2010,167,CatBoost,catboost,1.8972043891712742
2010,168,CatBoost,catboost,1.8972043891712742
2010,169,CatBoost,catboost,1.885167902078071
2010,170,CatBoost,catboost,1.885167902078071
2010,171,CatBoost,catboost,1.8834912610976726
2010,172,CatBoost,catboost,1.8834912610976726
2010,173,CatBoost,catboost,1.8709597106794909
2010,174,CatBoost,catboost,1.8709597106794909
2010,175,CatBoost,catboost,1.8709597106794909
2010,176,CatBoost,catboost,1.8709597106794909
2010,177,CatBoost,catboost,1.8709597106794909
2010,178,CatBoost,catboost,1.8709597106794909
2010,179,CatBoost,catboost,1.8709597106794909
2010,180,CatBoost,catboost,1.8709597106794909
2010,181,CatBoost,catboost,1.8709597106794909
2010,182,CatBoost,catboost,1.8709597106794909
2010,183,CatBoost,catboost,1.8709597106794909
2010,184,CatBoost,catboost,1.8709597106794909
2010,185,CatBoost,catboost,1.8709597106794909
2010,186,CatBoost,catboost,1.8693552223185685
2010,187,CatBoost,catboost,1.8693552223185685
2010,188,CatBoost,catboost,1.8693552223185685
2010,189,CatBoost,catboost,1.8693552223185685
2010,190,CatBoost,catboost,1.8693552223185685
2010,191,CatBoost,catboost,1.8693552223185685
2010,192,CatBoost,catboost,1.8693552223185685
2010,193,CatBoost,catboost,1.8560364930930362
2010,194,CatBoost,catboost,1.8560364930930362
2010,195,CatBoost,catboost,1.8560364930930362
2010,196,CatBoost,catboost,1.8560364930930362
2010,197,CatBoost,catboost,1.8560364930930362
2010,198,CatBoost,catboost,1.8560364930930362
2010,199,CatBoost,catboost,1.8560364930930362
2010,200,CatBoost,catboost,1.8560364930930362
2010,201,CatBoost,catboost,1.8560364930930362
2010,202,CatBoost,catboost,1.8560364930930362
2010,203,CatBoost,catboost,1.8560364930930362
2010,204,CatBoost,catboost,1.8560364930930362
2010,205,CatBoost,catboost,1.8560364930930362
2010,206,CatBoost,catboost,1.8560364930930362
2010,207,CatBoost,catboost,1.8560364930930362
2010,208,CatBoost,catboost,1.8560364930930362
2010,209,CatBoost,catboost,1.8560364930930362
2010,210,CatBoost,catboost,1.8560364930930362
2010,211,CatBoost,catboost,1.8560364930930362
2010,212,CatBoost,catboost,1.8560364930930362
2010,213,CatBoost,catboost,1.8560364930930362
2010,214,CatBoost,catboost,1.8560364930930362
2010,215,CatBoost,catboost,1.8560364930930362
2010,216,CatBoost,catboost,1.8560364930930362
2010,217,CatBoost,catboost,1.8560364930930362
2010,218,CatBoost,catboost,1.8560364930930362
2010,219,CatBoost,catboost,1.8560364930930362
2010,220,CatBoost,catboost,1.8560364930930362
2010,221,CatBoost,catboost,1.8560364930930362
2010,222,CatBoost,catboost,1.8560364930930362
2010,223,CatBoost,catboost,1.8560364930930362
2010,224,CatBoost,catboost,1.8560364930930362
2010,225,CatBoost,catboost,1.8560364930930362
2010,226,CatBoost,catboost,1.8560364930930362
2010,227,CatBoost,catboost,1.8560364930930362
2010,228,CatBoost,catboost,1.8560364930930362
2010,229,CatBoost,catboost,1.8560364930930362
2010,230,CatBoost,catboost,1.8560364930930362
2010,231,CatBoost,catboost,1.8560364930930362
2010,232,CatBoost,catboost,1.8560364930930362
2010,233,CatBoost,catboost,1.8560364930930362
2010,234,CatBoost,catboost,1.8560364930930362
2010,235,CatBoost,catboost,1.8560364930930362
2010,236,CatBoost,catboost,1.8560364930930362
2010,237,CatBoost,catboost,1.8560364930930362
2010,238,CatBoost,catboost,1.8560364930930362
2010,239,CatBoost,catboost,1.8560364930930362
2010,240,CatBoost,catboost,1.8560364930930362
2010,241,CatBoost,catboost,1.8560364930930362
2010,242,CatBoost,catboost,1.8560364930930362
2010,243,CatBoost,catboost,1.8560364930930362
2010,244,CatBoost,catboost,1.8560364930930362
2010,245,CatBoost,catboost,1.8560364930930362
2010,246,CatBoost,catboost,1.8560364930930362
2010,247,CatBoost,catboost,1.8560364930930362
2010,248,CatBoost,catboost,1.8560364930930362
2010,249,CatBoost,catboost,1.8560364930930362
2010,250,CatBoost,catboost,1.8560364930930362
2010,251,CatBoost,catboost,1.8560364930930362
2010,252,CatBoost,catboost,1.8560364930930362
2010,253,CatBoost,catboost,1.8560364930930362
2010,254,CatBoost,catboost,1.8560364930930362
2010,255,CatBoost,catboost,1.8560364930930362
2010,256,CatBoost,catboost,1.8560364930930362
2010,257,CatBoost,catboost,1.8560364930930362
2010,258,CatBoost,catboost,1.8560364930930362
2010,259,CatBoost,catboost,1.8560364930930362
2010,260,CatBoost,catboost,1.8560364930930362
2010,1,MLP Neural Net,mlp,8.315766821366102
2010,2,MLP Neural Net,mlp,8.293685496452492
2010,3,MLP Neural Net,mlp,8.27160724632741
2010,4,MLP Neural Net,mlp,8.249532378305839
2010,5,MLP Neural Net,mlp,8.227461199068841
2010,6,MLP Neural Net,mlp,8.205394014652216
2010,7,MLP Neural Net,mlp,8.183331130435091
2010,8,MLP Neural Net,mlp,8.161272851128661
2010,9,MLP Neural Net,mlp,8.139219480764929
2010,10,MLP Neural Net,mlp,8.117171322685504
2010,11,MLP Neural Net,mlp,8.095128679530431
2010,12,MLP Neural Net,mlp,8.073091853227139
2010,13,MLP Neural Net,mlp,8.051061144979332
2010,14,MLP Neural Net,mlp,8.029036855256034
2010,15,MLP Neural Net,mlp,8.007019283780622
2010,16,MLP Neural Net,mlp,7.985008729519965
2010,17,MLP Neural Net,mlp,7.96300549067354
2010,18,MLP Neural Net,mlp,7.941009864662713
2010,19,MLP Neural Net,mlp,7.919022148119968
2010,20,MLP Neural Net,mlp,7.8970426368782745
2010,21,MLP Neural Net,mlp,7.87507162596044
2010,22,MLP Neural Net,mlp,7.853109409568618
2010,23,MLP Neural Net,mlp,7.831156281073748
2010,24,MLP Neural Net,mlp,7.809212533005179
2010,25,MLP Neural Net,mlp,7.787278457040289
2010,26,MLP Neural Net,mlp,7.765354343994148
2010,27,MLP Neural Net,mlp,7.7434404838093025
2010,28,MLP Neural Net,mlp,7.721537165545584
2010,29,MLP Neural Net,mlp,7.699644677369966
2010,30,MLP Neural Net,mlp,7.677763306546547
2010,31,MLP Neural Net,mlp,7.655893339426534
2010,32,MLP Neural Net,mlp,7.63403506143831
2010,33,MLP Neural Net,mlp,6.428175374960593
2010,34,MLP Neural Net,mlp,6.409048927637843
2010,35,MLP Neural Net,mlp,6.389936284250223
2010,36,MLP Neural Net,mlp,6.370837680142188
2010,37,MLP Neural Net,mlp,6.351753349733793
2010,38,MLP Neural Net,mlp,6.332683526513084
2010,39,MLP Neural Net,mlp,6.313628443028624
2010,40,MLP Neural Net,mlp,6.294588330882054
2010,41,MLP Neural Net,mlp,6.275563420720709
2010,42,MLP Neural Net,mlp,6.256553942230358
2010,43,MLP Neural Net,mlp,6.237560124127918
2010,44,MLP Neural Net,mlp,6.218582194154335
2010,45,MLP Neural Net,mlp,6.199620379067486
2010,46,MLP Neural Net,mlp,6.180674904635112
2010,47,MLP Neural Net,mlp,6.161745995627911
2010,48,MLP Neural Net,mlp,6.142833875812642
2010,49,MLP Neural Net,mlp,6.123938767945297
2010,50,MLP Neural Net,mlp,6.1050608937643585
2010,51,MLP Neural Net,mlp,6.086200473984149
2010,52,MLP Neural Net,mlp,6.0673577282882105
2010,53,MLP Neural Net,mlp,6.048532875322786
2010,54,MLP Neural Net,mlp,6.029726132690362
2010,55,MLP Neural Net,mlp,6.010937716943296
2010,56,MLP Neural Net,mlp,5.992167843577491
2010,57,MLP Neural Net,mlp,5.973416727026173
2010,58,MLP Neural Net,mlp,5.954684580653728
2010,59,MLP Neural Net,mlp,5.9359716167496215
2010,60,MLP Neural Net,mlp,5.917278046522379
2010,61,MLP Neural Net,mlp,5.898604080093638
2010,62,MLP Neural Net,mlp,5.8799499264923165
2010,63,MLP Neural Net,mlp,5.861315793648818
2010,64,MLP Neural Net,mlp,5.8427018883892945
2010,65,MLP Neural Net,mlp,4.833874146803007
2010,66,MLP Neural Net,mlp,4.8178647772018195
2010,67,MLP Neural Net,mlp,4.801875504867901
2010,68,MLP Neural Net,mlp,4.785906491416686
2010,69,MLP Neural Net,mlp,4.769957897462832
2010,70,MLP Neural Net,mlp,4.754029882616538
2010,71,MLP Neural Net,mlp,4.738122605479908
2010,72,MLP Neural Net,mlp,4.7222362236434
2010,73,MLP Neural Net,mlp,4.706370893682307
2010,74,MLP Neural Net,mlp,4.690526771153353
2010,75,MLP Neural Net,mlp,4.674704010591313
2010,76,MLP Neural Net,mlp,4.658902765505723
2010,77,MLP Neural Net,mlp,4.64312318837767
2010,78,MLP Neural Net,mlp,4.6273654306565914
2010,79,MLP Neural Net,mlp,4.6116296427572205
2010,80,MLP Neural Net,mlp,4.5959159740565445
2010,81,MLP Neural Net,mlp,4.580224572890845
2010,82,MLP Neural Net,mlp,4.564555586552808
2010,83,MLP Neural Net,mlp,4.548909161288701
2010,84,MLP Neural Net,mlp,4.533285442295621
2010,85,MLP Neural Net,mlp,4.517684573718804
2010,86,MLP Neural Net,mlp,4.502106698648996
2010,87,MLP Neural Net,mlp,4.486551959119918
2010,88,MLP Neural Net,mlp,4.471020496105765
2010,89,MLP Neural Net,mlp,4.455512449518798
2010,90,MLP Neural Net,mlp,4.440027958206992
2010,91,MLP Neural Net,mlp,4.424567159951749
2010,92,MLP Neural Net,mlp,4.409130191465704
2010,93,MLP Neural Net,mlp,4.393717188390547
2010,94,MLP Neural Net,mlp,4.37832828529498
2010,95,MLP Neural Net,mlp,4.362963615672678
2010,96,MLP Neural Net,mlp,4.347623311940368
2010,97,MLP Neural Net,mlp,3.527845504381844
2010,98,MLP Neural Net,mlp,3.514854639830888
2010,99,MLP Neural Net,mlp,3.501886236535672
2010,100,MLP Neural Net,mlp,3.4889403916179558
2010,101,MLP Neural Net,mlp,3.476017201292138
2010,102,MLP Neural Net,mlp,3.4631167608645708
2010,103,MLP Neural Net,mlp,3.450239164732884
2010,104,MLP Neural Net,mlp,3.437384506385419
2010,105,MLP Neural Net,mlp,3.4245528784006547
2010,106,MLP Neural Net,mlp,3.4117443724467305
2010,107,MLP Neural Net,mlp,3.398959079280997
2010,108,MLP Neural Net,mlp,3.386197088749637
2010,109,MLP Neural Net,mlp,3.37345848978732
2010,110,MLP Neural Net,mlp,3.3607433704169267
2010,111,MLP Neural Net,mlp,3.3480518177493095
2010,112,MLP Neural Net,mlp,3.3353839179831226
2010,113,MLP Neural Net,mlp,3.3227397564046823
2010,114,MLP Neural Net,mlp,3.310119417387904
2010,115,MLP Neural Net,mlp,3.297522984394261
2010,116,MLP Neural Net,mlp,3.284950539972829
2010,117,MLP Neural Net,mlp,3.272402165760343
2010,118,MLP Neural Net,mlp,3.25987794248134
2010,119,MLP Neural Net,mlp,3.2473779499483424
2010,120,MLP Neural Net,mlp,3.234902267062063
2010,121,MLP Neural Net,mlp,3.222450971811717
2010,122,MLP Neural Net,mlp,3.2100241412753263
2010,123,MLP Neural Net,mlp,3.1976218516201054
2010,124,MLP Neural Net,mlp,3.1852441781029084
2010,125,MLP Neural Net,mlp,3.1728911950706804
2010,126,MLP Neural Net,mlp,3.16056297596101
2010,127,MLP Neural Net,mlp,3.1482595933026944
2010,128,MLP Neural Net,mlp,3.13598111871637
2010,129,MLP Neural Net,mlp,2.4865865230090556
2010,130,MLP Neural Net,mlp,2.4763225122121706
2010,131,MLP Neural Net,mlp,2.4660804139136494
2010,132,MLP Neural Net,mlp,2.455860276165525
2010,133,MLP Neural Net,mlp,2.445662146297491
2010,134,MLP Neural Net,mlp,2.435486070917932
2010,135,MLP Neural Net,mlp,2.425332095915024
2010,136,MLP Neural Net,mlp,2.415200266457836
2010,137,MLP Neural Net,mlp,2.405090626997499
2010,138,MLP Neural Net,mlp,2.395003221268384
2010,139,MLP Neural Net,mlp,2.3849380922893273
2010,140,MLP Neural Net,mlp,2.374895282364889
2010,141,MLP Neural Net,mlp,2.3648748330866343
2010,142,MLP Neural Net,mlp,2.3548767853344676
2010,143,MLP Neural Net,mlp,2.3449011792779806
2010,144,MLP Neural Net,mlp,2.3349480543778465
2010,145,MLP Neural Net,mlp,2.3250174493872415
2010,146,MLP Neural Net,mlp,2.3151094023532988
2010,147,MLP Neural Net,mlp,2.305223950618599
2010,148,MLP Neural Net,mlp,2.295361130822684
2010,149,MLP Neural Net,mlp,2.285520978903618
2010,150,MLP Neural Net,mlp,2.2757035300995687
2010,151,MLP Neural Net,mlp,2.26590881895041
2010,152,MLP Neural Net,mlp,2.25613687929939
2010,153,MLP Neural Net,mlp,2.246387744294791
2010,154,MLP Neural Net,mlp,2.236661446391643
2010,155,MLP Neural Net,mlp,2.2269580173534695
2010,156,MLP Neural Net,mlp,2.217277488254047
2010,157,MLP Neural Net,mlp,2.207619889479207
2010,158,MLP Neural Net,mlp,2.197985250728667
2010,159,MLP Neural Net,mlp,2.1883736010178887
2010,160,MLP Neural Net,mlp,2.1787849686799667
2010,161,MLP Neural Net,mlp,1.67499499410672
2010,162,MLP Neural Net,mlp,1.6670585275957415
2010,163,MLP Neural Net,mlp,1.6591416641590857
2010,164,MLP Neural Net,mlp,1.6512444191674827
2010,165,MLP Neural Net,mlp,1.6433668074728125
2010,166,MLP Neural Net,mlp,1.6355088434098513
2010,167,MLP Neural Net,mlp,1.627670540798018
2010,168,MLP Neural Net,mlp,1.619851912943153
2010,169,MLP Neural Net,mlp,1.6120529726393031
2010,170,MLP Neural Net,mlp,1.6042737321705394
2010,171,MLP Neural Net,mlp,1.5965142033127802
2010,172,MLP Neural Net,mlp,1.5887743973356434
2010,173,MLP Neural Net,mlp,1.5810543250043123
2010,174,MLP Neural Net,mlp,1.5733539965814205
2010,175,MLP Neural Net,mlp,1.565673421828947
2010,176,MLP Neural Net,mlp,1.558012610010148
2010,177,MLP Neural Net,mlp,1.5503715698914846
2010,178,MLP Neural Net,mlp,1.5427503097445816
2010,179,MLP Neural Net,mlp,1.5351488373481974
2010,180,MLP Neural Net,mlp,1.5275671599902139
2010,181,MLP Neural Net,mlp,1.5200052844696414
2010,182,MLP Neural Net,mlp,1.5124632170986352
2010,183,MLP Neural Net,mlp,1.504940963704543
2010,184,MLP Neural Net,mlp,1.4974385296319492
2010,185,MLP Neural Net,mlp,1.489955919744749
2010,186,MLP Neural Net,mlp,1.482493138428232
2010,187,MLP Neural Net,mlp,1.4750501895911825
2010,188,MLP Neural Net,mlp,1.467627076667995
2010,189,MLP Neural Net,mlp,1.4602238026208045
2010,190,MLP Neural Net,mlp,1.452840369941634
2010,191,MLP Neural Net,mlp,1.4454767806545479
2010,192,MLP Neural Net,mlp,1.4381330363178315
2010,193,MLP Neural Net,mlp,1.0534174435006305
2010,194,MLP Neural Net,mlp,1.0473792968642641
2010,195,MLP Neural Net,mlp,1.0413576717909523
2010,196,MLP Neural Net,mlp,1.035352564759413
2010,197,MLP Neural Net,mlp,1.0293639719059782
2010,198,MLP Neural Net,mlp,1.0233918890263465
2010,199,MLP Neural Net,mlp,1.0174363115773417
2010,200,MLP Neural Net,mlp,1.0114972346786761
2010,201,MLP Neural Net,mlp,1.005574653114735
2010,202,MLP Neural Net,mlp,0.9996685613363554
2010,203,MLP Neural Net,mlp,0.9937789534626194
2010,204,MLP Neural Net,mlp,0.9879058232826596
2010,205,MLP Neural Net,mlp,0.9820491642574639
2010,206,MLP Neural Net,mlp,0.9762089695216931
2010,207,MLP Neural Net,mlp,0.9703852318855111
2010,208,MLP Neural Net,mlp,0.9645779438364059
2010,209,MLP Neural Net,mlp,0.9587870975410431
2010,210,MLP Neural Net,mlp,0.9530126848471003
2010,211,MLP Neural Net,mlp,0.947254697285127
2010,212,MLP Neural Net,mlp,0.9415131260704052
2010,213,MLP Neural Net,mlp,0.9357879621048129
2010,214,MLP Neural Net,mlp,0.9300791959787029
2010,215,MLP Neural Net,mlp,0.9243868179727801
2010,216,MLP Neural Net,mlp,0.9187108180599853
2010,217,MLP Neural Net,mlp,0.9130511859073963
2010,218,MLP Neural Net,mlp,0.9074079108781146
2010,219,MLP Neural Net,mlp,0.9017809820331794
2010,220,MLP Neural Net,mlp,0.8961703881334728
2010,221,MLP Neural Net,mlp,0.8905761176416362
2010,222,MLP Neural Net,mlp,0.8849981587239896
2010,223,MLP Neural Net,mlp,0.8794364992524595
2010,224,MLP Neural Net,mlp,0.8738911268065055
2010,225,MLP Neural Net,mlp,0.5832035871315377
2010,226,MLP Neural Net,mlp,0.5786598272966686
2010,227,MLP Neural Net,mlp,0.5741294219809425
2010,228,MLP Neural Net,mlp,0.5696123586024336
2010,229,MLP Neural Net,mlp,0.5651086243692962
2010,230,MLP Neural Net,mlp,0.5606182062812298
2010,231,MLP Neural Net,mlp,0.5561410911309436
2010,232,MLP Neural Net,mlp,0.5516772655056249
2010,233,MLP Neural Net,mlp,0.5472267157884083
2010,234,MLP Neural Net,mlp,0.5427894281598497
2010,235,MLP Neural Net,mlp,0.5383653885994027
2010,236,MLP Neural Net,mlp,0.5339545828868938
2010,237,MLP Neural Net,mlp,0.5295569966040057
2010,238,MLP Neural Net,mlp,0.5251726151357567
2010,239,MLP Neural Net,mlp,0.5208014236719847
2010,240,MLP Neural Net,mlp,0.5164434072088361
2010,241,MLP Neural Net,mlp,0.5120985505502482
2010,242,MLP Neural Net,mlp,0.507766838309444
2010,243,MLP Neural Net,mlp,0.5034482549104188
2010,244,MLP Neural Net,mlp,0.49914278458943356
2010,245,MLP Neural Net,mlp,0.49485041139650937
2010,246,MLP Neural Net,mlp,0.490571119196922
2010,247,MLP Neural Net,mlp,0.48630489167269514
2010,248,MLP Neural Net,mlp,0.48205171232410116
2010,249,MLP Neural Net,mlp,0.47781156447115636
2010,250,MLP Neural Net,mlp,0.47358443125511823
2010,251,MLP Neural Net,mlp,0.46937029563998894
2010,252,MLP Neural Net,mlp,0.46516914041401036
2010,253,MLP Neural Net,mlp,0.4609809481911671
2010,254,MLP Neural Net,mlp,0.4568057014126868
2010,255,MLP Neural Net,mlp,0.45264338234854035
2010,256,MLP Neural Net,mlp,0.44849397309894307
2010,257,MLP Neural Net,mlp,0.4443574555958566
2010,258,MLP Neural Net,mlp,0.4402338116044893
2010,259,MLP Neural Net,mlp,0.4361230227247964
2010,260,MLP Neural Net,mlp,0.43202507039298427
2010,1,Spline Ridge,spline,14.88256915162361
2010,2,Spline Ridge,spline,14.56351478822247
2010,3,Spline Ridge,spline,14.25282625862334
2010,4,Spline Ridge,spline,13.950257636911298
2010,5,Spline Ridge,spline,13.655570985180745
2010,6,Spline Ridge,spline,13.368536074180742
2010,7,Spline Ridge,spline,13.08893011438053
2010,8,Spline Ridge,spline,12.816537497044926
2010,9,Spline Ridge,spline,12.551149544926243
2010,10,Spline Ridge,spline,12.292564272195346
2010,11,Spline Ridge,spline,12.040586153250368
2010,12,Spline Ridge,spline,11.795025900056217
2010,13,Spline Ridge,spline,11.555700247682363
2010,14,Spline Ridge,spline,11.322431747719842
2010,15,Spline Ridge,spline,11.09504856927174
2010,16,Spline Ridge,spline,10.87338430722358
2010,17,Spline Ridge,spline,10.657277797512233
2010,18,Spline Ridge,spline,10.446572939123248
2010,19,Spline Ridge,spline,10.241118522557532
2010,20,Spline Ridge,spline,10.040768064518847
2010,21,Spline Ridge,spline,9.845379648583378
2010,22,Spline Ridge,spline,9.654815771622774
2010,23,Spline Ridge,spline,9.468943195760524
2010,24,Spline Ridge,spline,9.287632805651192
2010,25,Spline Ridge,spline,9.11075947087978
2010,26,Spline Ridge,spline,8.938201913287033
2010,27,Spline Ridge,spline,8.769842579034128
2010,28,Spline Ridge,spline,8.605567515227538
2010,29,Spline Ridge,spline,8.445266250932137
2010,30,Spline Ridge,spline,8.288831682407428
2010,31,Spline Ridge,spline,8.136159962408097
2010,32,Spline Ridge,spline,7.987150393396845
2010,33,Spline Ridge,spline,7.550786766443517
2010,34,Spline Ridge,spline,7.413482905371148
2010,35,Spline Ridge,spline,7.279445844222331
2010,36,Spline Ridge,spline,7.1485894210970145
2010,37,Spline Ridge,spline,7.02083005578883
2010,38,Spline Ridge,spline,6.896086666427601
2010,39,Spline Ridge,spline,6.7742805890241184
2010,40,Spline Ridge,spline,6.655335499810304
2010,41,Spline Ridge,spline,6.539177340271856
2010,42,Spline Ridge,spline,6.425734244774665
2010,43,Spline Ridge,spline,6.314936470689982
2010,44,Spline Ridge,spline,6.206716330927062
2010,45,Spline Ridge,spline,6.101008128785484
2010,46,Spline Ridge,spline,5.997748095042786
2010,47,Spline Ridge,spline,5.896874327196266
2010,48,Spline Ridge,spline,5.798326730780894
2010,49,Spline Ridge,spline,5.70204696268833
2010,50,Spline Ridge,spline,5.607978376414889
2010,51,Spline Ridge,spline,5.516065969168975
2010,52,Spline Ridge,spline,5.42625633077133
2010,53,Spline Ridge,spline,5.338497594283761
2010,54,Spline Ridge,spline,5.2527415156184345
2010,55,Spline Ridge,spline,5.168943416059222
2010,56,Spline Ridge,spline,5.0870556539302365
2010,57,Spline Ridge,spline,5.007031826427321
2010,58,Spline Ridge,spline,4.928826862312949
2010,59,Spline Ridge,spline,4.8523969812420455
2010,60,Spline Ridge,spline,4.777699654449449
2010,61,Spline Ridge,spline,4.7046935667509935
2010,62,Spline Ridge,spline,4.633338579811938
2010,63,Spline Ridge,spline,4.563595696638281
2010,64,Spline Ridge,spline,4.495427027248056
2010,65,Spline Ridge,spline,4.250172133077791
2010,66,Spline Ridge,spline,4.187185444801325
2010,67,Spline Ridge,spline,4.125617351927758
2010,68,Spline Ridge,spline,4.065435182988218
2010,69,Spline Ridge,spline,4.006607186878923
2010,70,Spline Ridge,spline,3.9491025057217297
2010,71,Spline Ridge,spline,3.8928911486159885
2010,72,Spline Ridge,spline,3.8379439662510952
2010,73,Spline Ridge,spline,3.784232626350271
2010,74,Spline Ridge,spline,3.731729589917164
2010,75,Spline Ridge,spline,3.6804080882579293
2010,76,Spline Ridge,spline,3.6302421007524446
2010,77,Spline Ridge,spline,3.581206333349276
2010,78,Spline Ridge,spline,3.5332761977599465
2010,79,Spline Ridge,spline,3.4864277913289374
2010,80,Spline Ridge,spline,3.440637877556741
2010,81,Spline Ridge,spline,3.3958838672540845
2010,82,Spline Ridge,spline,3.3521438003062483
2010,83,Spline Ridge,spline,3.3093963280271645
2010,84,Spline Ridge,spline,3.267620696083745
2010,85,Spline Ridge,spline,3.2267967279715513
2010,86,Spline Ridge,spline,3.1869048090236425
2010,87,Spline Ridge,spline,3.147925870935077
2010,88,Spline Ridge,spline,3.1098413767861817
2010,89,Spline Ridge,spline,3.0726333065483016
2010,90,Spline Ridge,spline,3.036284143056365
2010,91,Spline Ridge,spline,3.000776858433103
2010,92,Spline Ridge,spline,2.966094900950382
2010,93,Spline Ridge,spline,2.9322221823135606
2010,94,Spline Ridge,spline,2.899143065355364
2010,95,Spline Ridge,spline,2.866842352126162
2010,96,Spline Ridge,spline,2.8353052723681147
2010,97,Spline Ridge,spline,2.679337465040789
2010,98,Spline Ridge,spline,2.6502738129246945
2010,99,Spline Ridge,spline,2.6219081912124054
2010,100,Spline Ridge,spline,2.594227865665426
2010,101,Spline Ridge,spline,2.5672204651033685
2010,102,Spline Ridge,spline,2.540873972252362
2010,103,Spline Ridge,spline,2.515176714890842
2010,104,Spline Ridge,spline,2.4901173572836695
2010,105,Spline Ridge,spline,2.465684891895809
2010,106,Spline Ridge,spline,2.4417936628278927
2010,107,Spline Ridge,spline,2.418128721421278
2010,108,Spline Ridge,spline,2.3946547990621516
2010,109,Spline Ridge,spline,2.371370193821272
2010,110,Spline Ridge,spline,2.3482732201696903
2010,111,Spline Ridge,spline,2.325362208810229
2010,112,Spline Ridge,spline,2.3026355065107955
2010,113,Spline Ridge,spline,2.2800914759395083
2010,114,Spline Ridge,spline,2.257728495501602
2010,115,Spline Ridge,spline,2.2355449591781076
2010,116,Spline Ridge,spline,2.2135392763662773
2010,117,Spline Ridge,spline,2.1917098717217405
2010,118,Spline Ridge,spline,2.170055185002358
2010,119,Spline Ridge,spline,2.148573670913781
2010,120,Spline Ridge,spline,2.1272637989566645
2010,121,Spline Ridge,spline,2.1061240532755434
2010,122,Spline Ridge,spline,2.085152932509328
2010,123,Spline Ridge,spline,2.0643489496434246
2010,124,Spline Ridge,spline,2.0437106318634473
2010,125,Spline Ridge,spline,2.023236520410502
2010,126,Spline Ridge,spline,2.002925170438037
2010,127,Spline Ridge,spline,1.9827751508702307
2010,128,Spline Ridge,spline,1.9627850442619033
2010,129,Spline Ridge,spline,1.846121473440659
2010,130,Spline Ridge,spline,1.8270943434751432
2010,131,Spline Ridge,spline,1.8082178301932441
2010,132,Spline Ridge,spline,1.7894906141907136
2010,133,Spline Ridge,spline,1.770911388589603
2010,134,Spline Ridge,spline,1.7524788589112874
2010,135,Spline Ridge,spline,1.734191742950849
2010,136,Spline Ridge,spline,1.7160487706528122
2010,137,Spline Ridge,spline,1.6980486839882003
2010,138,Spline Ridge,spline,1.6801902368329182
2010,139,Spline Ridge,spline,1.6624721948474288
2010,140,Spline Ridge,spline,1.6448933353577193
2010,141,Spline Ridge,spline,1.6274524472375393
2010,142,Spline Ridge,spline,1.6101483307918982
2010,143,Spline Ridge,spline,1.5929797976418014
2010,144,Spline Ridge,spline,1.5759456706102222
2010,145,Spline Ridge,spline,1.559044783609286
2010,146,Spline Ridge,spline,1.5422759815286582
2010,147,Spline Ridge,spline,1.525638120125122
2010,148,Spline Ridge,spline,1.509130065913328
2010,149,Spline Ridge,spline,1.4927506960577106
2010,150,Spline Ridge,spline,1.4764988982655518
2010,151,Spline Ridge,spline,1.460373570681183
2010,152,Spline Ridge,spline,1.4443736217813066
2010,153,Spline Ridge,spline,1.4284979702714358
2010,154,Spline Ridge,spline,1.4127455449834267
2010,155,Spline Ridge,spline,1.3971152847741009
2010,156,Spline Ridge,spline,1.3816061384249427
2010,157,Spline Ridge,spline,1.3662170645428562
2010,158,Spline Ridge,spline,1.3509663143962949
2010,159,Spline Ridge,spline,1.3360297214924424
2010,160,Spline Ridge,spline,1.3214453795039083
2010,161,Spline Ridge,spline,1.2312938238278006
2010,162,Spline Ridge,spline,1.21785508175951
2010,163,Spline Ridge,spline,1.2047416945328402
2010,164,Spline Ridge,spline,1.1919488392418258
2010,165,Spline Ridge,spline,1.1794718275333764
2010,166,Spline Ridge,spline,1.1673061027532832
2010,167,Spline Ridge,spline,1.1554472371814275
2010,168,Spline Ridge,spline,1.1438909293538535
2010,169,Spline Ridge,spline,1.1326330014694437
2010,170,Spline Ridge,spline,1.121669396879009
2010,171,Spline Ridge,spline,1.1109961776546946
2010,172,Spline Ridge,spline,1.1006095222376557
2010,173,Spline Ridge,spline,1.0905057231620519
2010,174,Spline Ridge,spline,1.0806811848534534
2010,175,Spline Ridge,spline,1.0711324214998437
2010,176,Spline Ridge,spline,1.0618560549934473
2010,177,Spline Ridge,spline,1.0528488129416909
2010,178,Spline Ridge,spline,1.044107526745652
2010,179,Spline Ridge,spline,1.0356291297444287
2010,180,Spline Ridge,spline,1.0274106554238986
2010,181,Spline Ridge,spline,1.0194492356884126
2010,182,Spline Ridge,spline,1.0117420991940114
2010,183,Spline Ridge,spline,1.0042865697418084
2010,184,Spline Ridge,spline,0.9970800647302396
2010,185,Spline Ridge,spline,0.9901200936649268
2010,186,Spline Ridge,spline,0.983404256724947
2010,187,Spline Ridge,spline,0.97693024338436
2010,188,Spline Ridge,spline,0.9706958310878822
2010,189,Spline Ridge,spline,0.9646988839796425
2010,190,Spline Ridge,spline,0.958937351684009
2010,191,Spline Ridge,spline,0.953409268137503
2010,192,Spline Ridge,spline,0.9481127504708818
2010,193,Spline Ridge,spline,0.8791139713398116
2010,194,Spline Ridge,spline,0.8744344722453063
2010,195,Spline Ridge,spline,0.8699739297086458
2010,196,Spline Ridge,spline,0.8657308347697363
2010,197,Spline Ridge,spline,0.8617037542185962
2010,198,Spline Ridge,spline,0.8578913297885647
2010,199,Spline Ridge,spline,0.8542922773927986
2010,200,Spline Ridge,spline,0.8509053864034521
2010,201,Spline Ridge,spline,0.8477295189729813
2010,202,Spline Ridge,spline,0.8447636093970327
2010,203,Spline Ridge,spline,0.8420066635184208
2010,204,Spline Ridge,spline,0.8394577581717272
2010,205,Spline Ridge,spline,0.8371160406680859
2010,206,Spline Ridge,spline,0.8349807283197533
2010,207,Spline Ridge,spline,0.833051108004092
2010,208,Spline Ridge,spline,0.8313265357666252
2010,209,Spline Ridge,spline,0.8298064364628588
2010,210,Spline Ridge,spline,0.8284878573686755
2010,211,Spline Ridge,spline,0.827289695374022
2010,212,Spline Ridge,spline,0.8261726269883979
2010,213,Spline Ridge,spline,0.8251365044136666
2010,214,Spline Ridge,spline,0.8241811906152728
2010,215,Spline Ridge,spline,0.8233065592920363
2010,216,Spline Ridge,spline,0.8225124948483203
2010,217,Spline Ridge,spline,0.8217988923685695
2010,218,Spline Ridge,spline,0.8211656575942052
2010,219,Spline Ridge,spline,0.8206127069028759
2010,220,Spline Ridge,spline,0.8201399672900506
2010,221,Spline Ridge,spline,0.8197473763529551
2010,222,Spline Ridge,spline,0.8194348822768434
2010,223,Spline Ridge,spline,0.8192024438235989
2010,224,Spline Ridge,spline,0.8190500303226652
2010,225,Spline Ridge,spline,0.7591278158349304
2010,226,Spline Ridge,spline,0.7591351528429316
2010,227,Spline Ridge,spline,0.7592198540238122
2010,228,Spline Ridge,spline,0.7593819305528172
2010,229,Spline Ridge,spline,0.7596214038148855
2010,230,Spline Ridge,spline,0.759938305409353
2010,231,Spline Ridge,spline,0.7603326771569023
2010,232,Spline Ridge,spline,0.7608045711087602
2010,233,Spline Ridge,spline,0.761354049558149
2010,234,Spline Ridge,spline,0.7619811850539912
2010,235,Spline Ridge,spline,0.7626860604168744
2010,236,Spline Ridge,spline,0.7634687687572811
2010,237,Spline Ridge,spline,0.7643294134960875
2010,238,Spline Ridge,spline,0.7652681083873398
2010,239,Spline Ridge,spline,0.7662849775433125
2010,240,Spline Ridge,spline,0.7673801554618588
2010,241,Spline Ridge,spline,0.7685537870560604
2010,242,Spline Ridge,spline,0.769806027686186
2010,243,Spline Ridge,spline,0.7711370431939674
2010,244,Spline Ridge,spline,0.7725470099392067
2010,245,Spline Ridge,spline,0.7740361148387218
2010,246,Spline Ridge,spline,0.7756045554076457
2010,247,Spline Ridge,spline,0.7772525398030907
2010,248,Spline Ridge,spline,0.7789802868701914
2010,249,Spline Ridge,spline,0.7807880261905409
2010,250,Spline Ridge,spline,0.7826759981330345
2010,251,Spline Ridge,spline,0.7846444539071379
2010,252,Spline Ridge,spline,0.7866936556185954
2010,253,Spline Ridge,spline,0.7888238763275952
2010,254,Spline Ridge,spline,0.7910354001094121
2010,255,Spline Ridge,spline,0.7933285221175427
2010,256,Spline Ridge,spline,0.7957035486493552
2010,257,Spline Ridge,spline,0.7981607972142759
2010,258,Spline Ridge,spline,0.8007005966045291
2010,259,Spline Ridge,spline,0.8033232869684556
2010,260,Spline Ridge,spline,0.8060292198864325
2015,1,Pick-Bin Baseline,pick_bin,13.338235294117647
2015,2,Pick-Bin Baseline,pick_bin,13.338235294117647
2015,3,Pick-Bin Baseline,pick_bin,13.338235294117647
2015,4,Pick-Bin Baseline,pick_bin,13.338235294117647
2015,5,Pick-Bin Baseline,pick_bin,13.338235294117647
2015,6,Pick-Bin Baseline,pick_bin,13.338235294117647
2015,7,Pick-Bin Baseline,pick_bin,13.338235294117647
2015,8,Pick-Bin Baseline,pick_bin,13.338235294117647
2015,9,Pick-Bin Baseline,pick_bin,13.338235294117647
2015,10,Pick-Bin Baseline,pick_bin,13.338235294117647
2015,11,Pick-Bin Baseline,pick_bin,13.338235294117647
2015,12,Pick-Bin Baseline,pick_bin,13.338235294117647
2015,13,Pick-Bin Baseline,pick_bin,13.338235294117647
2015,14,Pick-Bin Baseline,pick_bin,13.338235294117647
2015,15,Pick-Bin Baseline,pick_bin,13.338235294117647
2015,16,Pick-Bin Baseline,pick_bin,13.338235294117647
2015,17,Pick-Bin Baseline,pick_bin,9.621323529411764
2015,18,Pick-Bin Baseline,pick_bin,9.621323529411764
2015,19,Pick-Bin Baseline,pick_bin,9.621323529411764
2015,20,Pick-Bin Baseline,pick_bin,9.621323529411764
2015,21,Pick-Bin Baseline,pick_bin,9.621323529411764
2015,22,Pick-Bin Baseline,pick_bin,9.621323529411764
2015,23,Pick-Bin Baseline,pick_bin,9.621323529411764
2015,24,Pick-Bin Baseline,pick_bin,9.621323529411764
2015,25,Pick-Bin Baseline,pick_bin,9.621323529411764
2015,26,Pick-Bin Baseline,pick_bin,9.621323529411764
2015,27,Pick-Bin Baseline,pick_bin,9.621323529411764
2015,28,Pick-Bin Baseline,pick_bin,9.621323529411764
2015,29,Pick-Bin Baseline,pick_bin,9.621323529411764
2015,30,Pick-Bin Baseline,pick_bin,9.621323529411764
2015,31,Pick-Bin Baseline,pick_bin,9.621323529411764
2015,32,Pick-Bin Baseline,pick_bin,9.621323529411764
2015,33,Pick-Bin Baseline,pick_bin,8.525735294117647
2015,34,Pick-Bin Baseline,pick_bin,8.525735294117647
2015,35,Pick-Bin Baseline,pick_bin,8.525735294117647
2015,36,Pick-Bin Baseline,pick_bin,8.525735294117647
2015,37,Pick-Bin Baseline,pick_bin,8.525735294117647
2015,38,Pick-Bin Baseline,pick_bin,8.525735294117647
2015,39,Pick-Bin Baseline,pick_bin,8.525735294117647
2015,40,Pick-Bin Baseline,pick_bin,8.525735294117647
2015,41,Pick-Bin Baseline,pick_bin,8.525735294117647
2015,42,Pick-Bin Baseline,pick_bin,8.525735294117647
2015,43,Pick-Bin Baseline,pick_bin,8.525735294117647
2015,44,Pick-Bin Baseline,pick_bin,8.525735294117647
2015,45,Pick-Bin Baseline,pick_bin,8.525735294117647
2015,46,Pick-Bin Baseline,pick_bin,8.525735294117647
2015,47,Pick-Bin Baseline,pick_bin,8.525735294117647
2015,48,Pick-Bin Baseline,pick_bin,8.525735294117647
2015,49,Pick-Bin Baseline,pick_bin,6.783088235294118
2015,50,Pick-Bin Baseline,pick_bin,6.783088235294118
2015,51,Pick-Bin Baseline,pick_bin,6.783088235294118
2015,52,Pick-Bin Baseline,pick_bin,6.783088235294118
2015,53,Pick-Bin Baseline,pick_bin,6.783088235294118
2015,54,Pick-Bin Baseline,pick_bin,6.783088235294118
2015,55,Pick-Bin Baseline,pick_bin,6.783088235294118
2015,56,Pick-Bin Baseline,pick_bin,6.783088235294118
2015,57,Pick-Bin Baseline,pick_bin,6.783088235294118
2015,58,Pick-Bin Baseline,pick_bin,6.783088235294118
2015,59,Pick-Bin Baseline,pick_bin,6.783088235294118
2015,60,Pick-Bin Baseline,pick_bin,6.783088235294118
2015,61,Pick-Bin Baseline,pick_bin,6.783088235294118
2015,62,Pick-Bin Baseline,pick_bin,6.783088235294118
2015,63,Pick-Bin Baseline,pick_bin,6.783088235294118
2015,64,Pick-Bin Baseline,pick_bin,6.783088235294118
2015,65,Pick-Bin Baseline,pick_bin,5.5588235294117645
2015,66,Pick-Bin Baseline,pick_bin,5.5588235294117645
2015,67,Pick-Bin Baseline,pick_bin,5.5588235294117645
2015,68,Pick-Bin Baseline,pick_bin,5.5588235294117645
2015,69,Pick-Bin Baseline,pick_bin,5.5588235294117645
2015,70,Pick-Bin Baseline,pick_bin,5.5588235294117645
2015,71,Pick-Bin Baseline,pick_bin,5.5588235294117645
2015,72,Pick-Bin Baseline,pick_bin,5.5588235294117645
2015,73,Pick-Bin Baseline,pick_bin,5.5588235294117645
2015,74,Pick-Bin Baseline,pick_bin,5.5588235294117645
2015,75,Pick-Bin Baseline,pick_bin,5.5588235294117645
2015,76,Pick-Bin Baseline,pick_bin,5.5588235294117645
2015,77,Pick-Bin Baseline,pick_bin,5.5588235294117645
2015,78,Pick-Bin Baseline,pick_bin,5.5588235294117645
2015,79,Pick-Bin Baseline,pick_bin,5.5588235294117645
2015,80,Pick-Bin Baseline,pick_bin,5.5588235294117645
2015,81,Pick-Bin Baseline,pick_bin,4.4411764705882355
2015,82,Pick-Bin Baseline,pick_bin,4.4411764705882355
2015,83,Pick-Bin Baseline,pick_bin,4.4411764705882355
2015,84,Pick-Bin Baseline,pick_bin,4.4411764705882355
2015,85,Pick-Bin Baseline,pick_bin,4.4411764705882355
2015,86,Pick-Bin Baseline,pick_bin,4.4411764705882355
2015,87,Pick-Bin Baseline,pick_bin,4.4411764705882355
2015,88,Pick-Bin Baseline,pick_bin,4.4411764705882355
2015,89,Pick-Bin Baseline,pick_bin,4.4411764705882355
2015,90,Pick-Bin Baseline,pick_bin,4.4411764705882355
2015,91,Pick-Bin Baseline,pick_bin,4.4411764705882355
2015,92,Pick-Bin Baseline,pick_bin,4.4411764705882355
2015,93,Pick-Bin Baseline,pick_bin,4.4411764705882355
2015,94,Pick-Bin Baseline,pick_bin,4.4411764705882355
2015,95,Pick-Bin Baseline,pick_bin,4.4411764705882355
2015,96,Pick-Bin Baseline,pick_bin,4.4411764705882355
2015,97,Pick-Bin Baseline,pick_bin,4.213235294117647
2015,98,Pick-Bin Baseline,pick_bin,4.213235294117647
2015,99,Pick-Bin Baseline,pick_bin,4.213235294117647
2015,100,Pick-Bin Baseline,pick_bin,4.213235294117647
2015,101,Pick-Bin Baseline,pick_bin,4.213235294117647
2015,102,Pick-Bin Baseline,pick_bin,4.213235294117647
2015,103,Pick-Bin Baseline,pick_bin,4.213235294117647
2015,104,Pick-Bin Baseline,pick_bin,4.213235294117647
2015,105,Pick-Bin Baseline,pick_bin,4.213235294117647
2015,106,Pick-Bin Baseline,pick_bin,4.213235294117647
2015,107,Pick-Bin Baseline,pick_bin,4.213235294117647
2015,108,Pick-Bin Baseline,pick_bin,4.213235294117647
2015,109,Pick-Bin Baseline,pick_bin,4.213235294117647
2015,110,Pick-Bin Baseline,pick_bin,4.213235294117647
2015,111,Pick-Bin Baseline,pick_bin,4.213235294117647
2015,112,Pick-Bin Baseline,pick_bin,4.213235294117647
2015,113,Pick-Bin Baseline,pick_bin,3.5808823529411766
2015,114,Pick-Bin Baseline,pick_bin,3.5808823529411766
2015,115,Pick-Bin Baseline,pick_bin,3.5808823529411766
2015,116,Pick-Bin Baseline,pick_bin,3.5808823529411766
2015,117,Pick-Bin Baseline,pick_bin,3.5808823529411766
2015,118,Pick-Bin Baseline,pick_bin,3.5808823529411766
2015,119,Pick-Bin Baseline,pick_bin,3.5808823529411766
2015,120,Pick-Bin Baseline,pick_bin,3.5808823529411766
2015,121,Pick-Bin Baseline,pick_bin,3.5808823529411766
2015,122,Pick-Bin Baseline,pick_bin,3.5808823529411766
2015,123,Pick-Bin Baseline,pick_bin,3.5808823529411766
2015,124,Pick-Bin Baseline,pick_bin,3.5808823529411766
2015,125,Pick-Bin Baseline,pick_bin,3.5808823529411766
2015,126,Pick-Bin Baseline,pick_bin,3.5808823529411766
2015,127,Pick-Bin Baseline,pick_bin,3.5808823529411766
2015,128,Pick-Bin Baseline,pick_bin,3.5808823529411766
2015,129,Pick-Bin Baseline,pick_bin,2.9044117647058822
2015,130,Pick-Bin Baseline,pick_bin,2.9044117647058822
2015,131,Pick-Bin Baseline,pick_bin,2.9044117647058822
2015,132,Pick-Bin Baseline,pick_bin,2.9044117647058822
2015,133,Pick-Bin Baseline,pick_bin,2.9044117647058822
2015,134,Pick-Bin Baseline,pick_bin,2.9044117647058822
2015,135,Pick-Bin Baseline,pick_bin,2.9044117647058822
2015,136,Pick-Bin Baseline,pick_bin,2.9044117647058822
2015,137,Pick-Bin Baseline,pick_bin,2.9044117647058822
2015,138,Pick-Bin Baseline,pick_bin,2.9044117647058822
2015,139,Pick-Bin Baseline,pick_bin,2.9044117647058822
2015,140,Pick-Bin Baseline,pick_bin,2.9044117647058822
2015,141,Pick-Bin Baseline,pick_bin,2.9044117647058822
2015,142,Pick-Bin Baseline,pick_bin,2.9044117647058822
2015,143,Pick-Bin Baseline,pick_bin,2.9044117647058822
2015,144,Pick-Bin Baseline,pick_bin,2.9044117647058822
2015,145,Pick-Bin Baseline,pick_bin,2.4411764705882355
2015,146,Pick-Bin Baseline,pick_bin,2.4411764705882355
2015,147,Pick-Bin Baseline,pick_bin,2.4411764705882355
2015,148,Pick-Bin Baseline,pick_bin,2.4411764705882355
2015,149,Pick-Bin Baseline,pick_bin,2.4411764705882355
2015,150,Pick-Bin Baseline,pick_bin,2.4411764705882355
2015,151,Pick-Bin Baseline,pick_bin,2.4411764705882355
2015,152,Pick-Bin Baseline,pick_bin,2.4411764705882355
2015,153,Pick-Bin Baseline,pick_bin,2.4411764705882355
2015,154,Pick-Bin Baseline,pick_bin,2.4411764705882355
2015,155,Pick-Bin Baseline,pick_bin,2.4411764705882355
2015,156,Pick-Bin Baseline,pick_bin,2.4411764705882355
2015,157,Pick-Bin Baseline,pick_bin,2.4411764705882355
2015,158,Pick-Bin Baseline,pick_bin,2.4411764705882355
2015,159,Pick-Bin Baseline,pick_bin,2.4411764705882355
2015,160,Pick-Bin Baseline,pick_bin,2.4411764705882355
2015,161,Pick-Bin Baseline,pick_bin,2.136029411764706
2015,162,Pick-Bin Baseline,pick_bin,2.136029411764706
2015,163,Pick-Bin Baseline,pick_bin,2.136029411764706
2015,164,Pick-Bin Baseline,pick_bin,2.136029411764706
2015,165,Pick-Bin Baseline,pick_bin,2.136029411764706
2015,166,Pick-Bin Baseline,pick_bin,2.136029411764706
2015,167,Pick-Bin Baseline,pick_bin,2.136029411764706
2015,168,Pick-Bin Baseline,pick_bin,2.136029411764706
2015,169,Pick-Bin Baseline,pick_bin,2.136029411764706
2015,170,Pick-Bin Baseline,pick_bin,2.136029411764706
2015,171,Pick-Bin Baseline,pick_bin,2.136029411764706
2015,172,Pick-Bin Baseline,pick_bin,2.136029411764706
2015,173,Pick-Bin Baseline,pick_bin,2.136029411764706
2015,174,Pick-Bin Baseline,pick_bin,2.136029411764706
2015,175,Pick-Bin Baseline,pick_bin,2.136029411764706
2015,176,Pick-Bin Baseline,pick_bin,2.136029411764706
2015,177,Pick-Bin Baseline,pick_bin,1.7095588235294117
2015,178,Pick-Bin Baseline,pick_bin,1.7095588235294117
2015,179,Pick-Bin Baseline,pick_bin,1.7095588235294117
2015,180,Pick-Bin Baseline,pick_bin,1.7095588235294117
2015,181,Pick-Bin Baseline,pick_bin,1.7095588235294117
2015,182,Pick-Bin Baseline,pick_bin,1.7095588235294117
2015,183,Pick-Bin Baseline,pick_bin,1.7095588235294117
2015,184,Pick-Bin Baseline,pick_bin,1.7095588235294117
2015,185,Pick-Bin Baseline,pick_bin,1.7095588235294117
2015,186,Pick-Bin Baseline,pick_bin,1.7095588235294117
2015,187,Pick-Bin Baseline,pick_bin,1.7095588235294117
2015,188,Pick-Bin Baseline,pick_bin,1.7095588235294117
2015,189,Pick-Bin Baseline,pick_bin,1.7095588235294117
2015,190,Pick-Bin Baseline,pick_bin,1.7095588235294117
2015,191,Pick-Bin Baseline,pick_bin,1.7095588235294117
2015,192,Pick-Bin Baseline,pick_bin,1.7095588235294117
2015,193,Pick-Bin Baseline,pick_bin,1.5551470588235294
2015,194,Pick-Bin Baseline,pick_bin,1.5551470588235294
2015,195,Pick-Bin Baseline,pick_bin,1.5551470588235294
2015,196,Pick-Bin Baseline,pick_bin,1.5551470588235294
2015,197,Pick-Bin Baseline,pick_bin,1.5551470588235294
2015,198,Pick-Bin Baseline,pick_bin,1.5551470588235294
2015,199,Pick-Bin Baseline,pick_bin,1.5551470588235294
2015,200,Pick-Bin Baseline,pick_bin,1.5551470588235294
2015,201,Pick-Bin Baseline,pick_bin,1.5551470588235294
2015,202,Pick-Bin Baseline,pick_bin,1.5551470588235294
2015,203,Pick-Bin Baseline,pick_bin,1.5551470588235294
2015,204,Pick-Bin Baseline,pick_bin,1.5551470588235294
2015,205,Pick-Bin Baseline,pick_bin,1.5551470588235294
2015,206,Pick-Bin Baseline,pick_bin,1.5551470588235294
2015,207,Pick-Bin Baseline,pick_bin,1.5551470588235294
2015,208,Pick-Bin Baseline,pick_bin,1.5551470588235294
2015,209,Pick-Bin Baseline,pick_bin,1.7426470588235294
2015,210,Pick-Bin Baseline,pick_bin,1.7426470588235294
2015,211,Pick-Bin Baseline,pick_bin,1.7426470588235294
2015,212,Pick-Bin Baseline,pick_bin,1.7426470588235294
2015,213,Pick-Bin Baseline,pick_bin,1.7426470588235294
2015,214,Pick-Bin Baseline,pick_bin,1.7426470588235294
2015,215,Pick-Bin Baseline,pick_bin,1.7426470588235294
2015,216,Pick-Bin Baseline,pick_bin,1.7426470588235294
2015,217,Pick-Bin Baseline,pick_bin,1.7426470588235294
2015,218,Pick-Bin Baseline,pick_bin,1.7426470588235294
2015,219,Pick-Bin Baseline,pick_bin,1.7426470588235294
2015,220,Pick-Bin Baseline,pick_bin,1.7426470588235294
2015,221,Pick-Bin Baseline,pick_bin,1.7426470588235294
2015,222,Pick-Bin Baseline,pick_bin,1.7426470588235294
2015,223,Pick-Bin Baseline,pick_bin,1.7426470588235294
2015,224,Pick-Bin Baseline,pick_bin,1.7426470588235294
2015,225,Pick-Bin Baseline,pick_bin,1.375
2015,226,Pick-Bin Baseline,pick_bin,1.375
2015,227,Pick-Bin Baseline,pick_bin,1.375
2015,228,Pick-Bin Baseline,pick_bin,1.375
2015,229,Pick-Bin Baseline,pick_bin,1.375
2015,230,Pick-Bin Baseline,pick_bin,1.375
2015,231,Pick-Bin Baseline,pick_bin,1.375
2015,232,Pick-Bin Baseline,pick_bin,1.375
2015,233,Pick-Bin Baseline,pick_bin,1.375
2015,234,Pick-Bin Baseline,pick_bin,1.375
2015,235,Pick-Bin Baseline,pick_bin,1.375
2015,236,Pick-Bin Baseline,pick_bin,1.375
2015,237,Pick-Bin Baseline,pick_bin,1.375
2015,238,Pick-Bin Baseline,pick_bin,1.375
2015,239,Pick-Bin Baseline,pick_bin,1.375
2015,240,Pick-Bin Baseline,pick_bin,1.375
2015,241,Pick-Bin Baseline,pick_bin,1.3526970954356847
2015,242,Pick-Bin Baseline,pick_bin,1.3526970954356847
2015,243,Pick-Bin Baseline,pick_bin,1.3526970954356847
2015,244,Pick-Bin Baseline,pick_bin,1.3526970954356847
2015,245,Pick-Bin Baseline,pick_bin,1.3526970954356847
2015,246,Pick-Bin Baseline,pick_bin,1.3526970954356847
2015,247,Pick-Bin Baseline,pick_bin,1.3526970954356847
2015,248,Pick-Bin Baseline,pick_bin,1.3526970954356847
2015,249,Pick-Bin Baseline,pick_bin,1.3526970954356847
2015,250,Pick-Bin Baseline,pick_bin,1.3526970954356847
2015,251,Pick-Bin Baseline,pick_bin,1.3526970954356847
2015,252,Pick-Bin Baseline,pick_bin,1.3526970954356847
2015,253,Pick-Bin Baseline,pick_bin,1.3526970954356847
2015,254,Pick-Bin Baseline,pick_bin,1.3526970954356847
2015,255,Pick-Bin Baseline,pick_bin,1.3526970954356847
2015,256,Pick-Bin Baseline,pick_bin,1.3526970954356847
2015,257,Pick-Bin Baseline,pick_bin,0.7272727272727273
2015,258,Pick-Bin Baseline,pick_bin,0.7272727272727273
2015,259,Pick-Bin Baseline,pick_bin,0.7272727272727273
2015,260,Pick-Bin Baseline,pick_bin,0.7272727272727273
2015,1,XGBoost,xgboost,12.80466365814209
2015,2,XGBoost,xgboost,12.80466365814209
2015,3,XGBoost,xgboost,12.693739891052246
2015,4,XGBoost,xgboost,12.703577041625977
2015,5,XGBoost,xgboost,12.755240440368652
2015,6,XGBoost,xgboost,12.354276657104492
2015,7,XGBoost,xgboost,12.31849479675293
2015,8,XGBoost,xgboost,12.29953670501709
2015,9,XGBoost,xgboost,12.292468070983887
2015,10,XGBoost,xgboost,12.150259017944336
2015,11,XGBoost,xgboost,12.150259017944336
2015,12,XGBoost,xgboost,12.05362319946289
2015,13,XGBoost,xgboost,12.015118598937988
2015,14,XGBoost,xgboost,11.464226722717285
2015,15,XGBoost,xgboost,10.559185981750488
2015,16,XGBoost,xgboost,10.1725492477417
2015,17,XGBoost,xgboost,9.775461196899414
2015,18,XGBoost,xgboost,9.775461196899414
2015,19,XGBoost,xgboost,9.769611358642578
2015,20,XGBoost,xgboost,9.313814163208008
2015,21,XGBoost,xgboost,8.757261276245117
2015,22,XGBoost,xgboost,8.258151054382324
2015,23,XGBoost,xgboost,8.258151054382324
2015,24,XGBoost,xgboost,8.237695693969727
2015,25,XGBoost,xgboost,8.237695693969727
2015,26,XGBoost,xgboost,8.059635162353516
2015,27,XGBoost,xgboost,8.059635162353516
2015,28,XGBoost,xgboost,8.043020248413086
2015,29,XGBoost,xgboost,8.043020248413086
2015,30,XGBoost,xgboost,8.043020248413086
2015,31,XGBoost,xgboost,8.045472145080566
2015,32,XGBoost,xgboost,8.04985237121582
2015,33,XGBoost,xgboost,7.537843227386475
2015,34,XGBoost,xgboost,7.537843227386475
2015,35,XGBoost,xgboost,7.537843227386475
2015,36,XGBoost,xgboost,7.521071910858154
2015,37,XGBoost,xgboost,7.521071910858154
2015,38,XGBoost,xgboost,7.498833179473877
2015,39,XGBoost,xgboost,7.5110979080200195
2015,40,XGBoost,xgboost,7.293940544128418
2015,41,XGBoost,xgboost,7.293940544128418
2015,42,XGBoost,xgboost,7.293940544128418
2015,43,XGBoost,xgboost,7.24470329284668
2015,44,XGBoost,xgboost,7.214519500732422
2015,45,XGBoost,xgboost,7.125972270965576
2015,46,XGBoost,xgboost,6.7198662757873535
2015,47,XGBoost,xgboost,6.674403190612793
2015,48,XGBoost,xgboost,6.613352298736572
2015,49,XGBoost,xgboost,6.219166278839111
2015,50,XGBoost,xgboost,6.216034889221191
2015,51,XGBoost,xgboost,6.20743465423584
2015,52,XGBoost,xgboost,6.215549468994141
2015,53,XGBoost,xgboost,6.10730504989624
2015,54,XGBoost,xgboost,5.853389263153076
2015,55,XGBoost,xgboost,5.853389263153076
2015,56,XGBoost,xgboost,5.791541576385498
2015,57,XGBoost,xgboost,5.799670696258545
2015,58,XGBoost,xgboost,5.786377429962158
2015,59,XGBoost,xgboost,5.705789089202881
2015,60,XGBoost,xgboost,5.693365097045898
2015,61,XGBoost,xgboost,5.665021896362305
2015,62,XGBoost,xgboost,5.566320896148682
2015,63,XGBoost,xgboost,5.566320896148682
2015,64,XGBoost,xgboost,5.559030055999756
2015,65,XGBoost,xgboost,4.775320053100586
2015,66,XGBoost,xgboost,4.7413411140441895
2015,67,XGBoost,xgboost,4.52529764175415
2015,68,XGBoost,xgboost,4.472543716430664
2015,69,XGBoost,xgboost,4.472543716430664
2015,70,XGBoost,xgboost,4.472543716430664
2015,71,XGBoost,xgboost,4.472543716430664
2015,72,XGBoost,xgboost,4.446496486663818
2015,73,XGBoost,xgboost,4.446496486663818
2015,74,XGBoost,xgboost,4.2107086181640625
2015,75,XGBoost,xgboost,4.2107086181640625
2015,76,XGBoost,xgboost,4.1360249519348145
2015,77,XGBoost,xgboost,4.120822429656982
2015,78,XGBoost,xgboost,4.072145462036133
2015,79,XGBoost,xgboost,3.87797474861145
2015,80,XGBoost,xgboost,3.87797474861145
2015,81,XGBoost,xgboost,3.816448450088501
2015,82,XGBoost,xgboost,3.7498068809509277
2015,83,XGBoost,xgboost,3.7498068809509277
2015,84,XGBoost,xgboost,3.7498068809509277
2015,85,XGBoost,xgboost,3.5291006565093994
2015,86,XGBoost,xgboost,3.5201916694641113
2015,87,XGBoost,xgboost,3.486281394958496
2015,88,XGBoost,xgboost,3.481870174407959
2015,89,XGBoost,xgboost,3.474813222885132
2015,90,XGBoost,xgboost,3.474813222885132
2015,91,XGBoost,xgboost,3.474813222885132
2015,92,XGBoost,xgboost,3.474813222885132
2015,93,XGBoost,xgboost,3.4406120777130127
2015,94,XGBoost,xgboost,3.4406120777130127
2015,95,XGBoost,xgboost,3.436204195022583
2015,96,XGBoost,xgboost,3.4286296367645264
2015,97,XGBoost,xgboost,3.368830442428589
2015,98,XGBoost,xgboost,3.368830442428589
2015,99,XGBoost,xgboost,3.368830442428589
2015,100,XGBoost,xgboost,3.368830442428589
2015,101,XGBoost,xgboost,3.376964569091797
2015,102,XGBoost,xgboost,3.371734857559204
2015,103,XGBoost,xgboost,3.371734857559204
2015,104,XGBoost,xgboost,3.3518600463867188
2015,105,XGBoost,xgboost,3.3518600463867188
2015,106,XGBoost,xgboost,3.3310906887054443
2015,107,XGBoost,xgboost,3.303783655166626
2015,108,XGBoost,xgboost,3.2805020809173584
2015,109,XGBoost,xgboost,3.2774999141693115
2015,110,XGBoost,xgboost,3.2611050605773926
2015,111,XGBoost,xgboost,3.233607292175293
2015,112,XGBoost,xgboost,3.12397837638855
2015,113,XGBoost,xgboost,3.12397837638855
2015,114,XGBoost,xgboost,3.0598857402801514
2015,115,XGBoost,xgboost,3.0515148639678955
2015,116,XGBoost,xgboost,3.0515148639678955
2015,117,XGBoost,xgboost,3.0515148639678955
2015,118,XGBoost,xgboost,3.0515148639678955
2015,119,XGBoost,xgboost,3.0515148639678955
2015,120,XGBoost,xgboost,3.0515148639678955
2015,121,XGBoost,xgboost,3.0185022354125977
2015,122,XGBoost,xgboost,3.0185022354125977
2015,123,XGBoost,xgboost,3.0185022354125977
2015,124,XGBoost,xgboost,3.0185022354125977
2015,125,XGBoost,xgboost,2.9586641788482666
2015,126,XGBoost,xgboost,2.9586641788482666
2015,127,XGBoost,xgboost,2.930914878845215
2015,128,XGBoost,xgboost,2.89076828956604
2015,129,XGBoost,xgboost,2.6589581966400146
2015,130,XGBoost,xgboost,2.5288989543914795
2015,131,XGBoost,xgboost,2.5288989543914795
2015,132,XGBoost,xgboost,2.5227580070495605
2015,133,XGBoost,xgboost,2.5227580070495605
2015,134,XGBoost,xgboost,2.5227580070495605
2015,135,XGBoost,xgboost,2.5227580070495605
2015,136,XGBoost,xgboost,2.5227580070495605
2015,137,XGBoost,xgboost,2.5227580070495605
2015,138,XGBoost,xgboost,2.5227580070495605
2015,139,XGBoost,xgboost,2.5227580070495605
2015,140,XGBoost,xgboost,2.5227580070495605
2015,141,XGBoost,xgboost,2.5227580070495605
2015,142,XGBoost,xgboost,2.5227580070495605
2015,143,XGBoost,xgboost,2.5227580070495605
2015,144,XGBoost,xgboost,2.507622480392456
2015,145,XGBoost,xgboost,2.459580898284912
2015,146,XGBoost,xgboost,2.459580898284912
2015,147,XGBoost,xgboost,2.3935117721557617
2015,148,XGBoost,xgboost,2.3935117721557617
2015,149,XGBoost,xgboost,2.3935117721557617
2015,150,XGBoost,xgboost,2.3015973567962646
2015,151,XGBoost,xgboost,2.2952349185943604
2015,152,XGBoost,xgboost,2.267413854598999
2015,153,XGBoost,xgboost,2.267413854598999
2015,154,XGBoost,xgboost,2.267413854598999
2015,155,XGBoost,xgboost,2.1849524974823
2015,156,XGBoost,xgboost,2.1798958778381348
2015,157,XGBoost,xgboost,2.1749165058135986
2015,158,XGBoost,xgboost,2.172032117843628
2015,159,XGBoost,xgboost,2.172032117843628
2015,160,XGBoost,xgboost,2.172032117843628
2015,161,XGBoost,xgboost,2.0514931678771973
2015,162,XGBoost,xgboost,2.0487160682678223
2015,163,XGBoost,xgboost,2.0487160682678223
2015,164,XGBoost,xgboost,2.0487160682678223
2015,165,XGBoost,xgboost,2.0487160682678223
2015,166,XGBoost,xgboost,2.0433413982391357
2015,167,XGBoost,xgboost,2.0397820472717285
2015,168,XGBoost,xgboost,2.0312013626098633
2015,169,XGBoost,xgboost,2.020923614501953
2015,170,XGBoost,xgboost,1.9912406206130981
2015,171,XGBoost,xgboost,1.9912406206130981
2015,172,XGBoost,xgboost,1.9912406206130981
2015,173,XGBoost,xgboost,1.9912406206130981
2015,174,XGBoost,xgboost,1.9912406206130981
2015,175,XGBoost,xgboost,1.9795756340026855
2015,176,XGBoost,xgboost,1.9061100482940674
2015,177,XGBoost,xgboost,1.9061100482940674
2015,178,XGBoost,xgboost,1.9061100482940674
2015,179,XGBoost,xgboost,1.9061100482940674
2015,180,XGBoost,xgboost,1.9061100482940674
2015,181,XGBoost,xgboost,1.8981024026870728
2015,182,XGBoost,xgboost,1.882778286933899
2015,183,XGBoost,xgboost,1.870666742324829
2015,184,XGBoost,xgboost,1.86865234375
2015,185,XGBoost,xgboost,1.86865234375
2015,186,XGBoost,xgboost,1.86865234375
2015,187,XGBoost,xgboost,1.86865234375
2015,188,XGBoost,xgboost,1.86865234375
2015,189,XGBoost,xgboost,1.8667855262756348
2015,190,XGBoost,xgboost,1.8588860034942627
2015,191,XGBoost,xgboost,1.8588860034942627
2015,192,XGBoost,xgboost,1.857250452041626
2015,193,XGBoost,xgboost,1.8559001684188843
2015,194,XGBoost,xgboost,1.841143012046814
2015,195,XGBoost,xgboost,1.841143012046814
2015,196,XGBoost,xgboost,1.8363487720489502
2015,197,XGBoost,xgboost,1.8363487720489502
2015,198,XGBoost,xgboost,1.8363487720489502
2015,199,XGBoost,xgboost,1.8363487720489502
2015,200,XGBoost,xgboost,1.8312822580337524
2015,201,XGBoost,xgboost,1.8312822580337524
2015,202,XGBoost,xgboost,1.8312822580337524
2015,203,XGBoost,xgboost,1.8312822580337524
2015,204,XGBoost,xgboost,1.8312822580337524
2015,205,XGBoost,xgboost,1.8312822580337524
2015,206,XGBoost,xgboost,1.8312822580337524
2015,207,XGBoost,xgboost,1.8312822580337524
2015,208,XGBoost,xgboost,1.8312822580337524
2015,209,XGBoost,xgboost,1.8312822580337524
2015,210,XGBoost,xgboost,1.8312822580337524
2015,211,XGBoost,xgboost,1.8312822580337524
2015,212,XGBoost,xgboost,1.8312822580337524
2015,213,XGBoost,xgboost,1.8312822580337524
2015,214,XGBoost,xgboost,1.8312822580337524
2015,215,XGBoost,xgboost,1.8312822580337524
2015,216,XGBoost,xgboost,1.8312822580337524
2015,217,XGBoost,xgboost,1.8312822580337524
2015,218,XGBoost,xgboost,1.8312822580337524
2015,219,XGBoost,xgboost,1.8291747570037842
2015,220,XGBoost,xgboost,1.8291747570037842
2015,221,XGBoost,xgboost,1.8291747570037842
2015,222,XGBoost,xgboost,1.8291747570037842
2015,223,XGBoost,xgboost,1.8291747570037842
2015,224,XGBoost,xgboost,1.8291747570037842
2015,225,XGBoost,xgboost,1.8265734910964966
2015,226,XGBoost,xgboost,1.8265734910964966
2015,227,XGBoost,xgboost,1.8265734910964966
2015,228,XGBoost,xgboost,1.8265734910964966
2015,229,XGBoost,xgboost,1.8265734910964966
2015,230,XGBoost,xgboost,1.8265734910964966
2015,231,XGBoost,xgboost,1.8265734910964966
2015,232,XGBoost,xgboost,1.8265734910964966
2015,233,XGBoost,xgboost,1.8265734910964966
2015,234,XGBoost,xgboost,1.8247956037521362
2015,235,XGBoost,xgboost,1.8247956037521362
2015,236,XGBoost,xgboost,1.8247956037521362
2015,237,XGBoost,xgboost,1.8247956037521362
2015,238,XGBoost,xgboost,1.8247956037521362
2015,239,XGBoost,xgboost,1.8247956037521362
2015,240,XGBoost,xgboost,1.8247956037521362
2015,241,XGBoost,xgboost,1.8247956037521362
2015,242,XGBoost,xgboost,1.8247956037521362
2015,243,XGBoost,xgboost,1.8247956037521362
2015,244,XGBoost,xgboost,1.8247956037521362
2015,245,XGBoost,xgboost,1.8247956037521362
2015,246,XGBoost,xgboost,1.8247956037521362
2015,247,XGBoost,xgboost,1.8247956037521362
2015,248,XGBoost,xgboost,1.8247956037521362
2015,249,XGBoost,xgboost,1.8247956037521362
2015,250,XGBoost,xgboost,1.8247956037521362
2015,251,XGBoost,xgboost,1.8247956037521362
2015,252,XGBoost,xgboost,1.8247956037521362
2015,253,XGBoost,xgboost,1.8247956037521362
2015,254,XGBoost,xgboost,1.8247956037521362
2015,255,XGBoost,xgboost,1.8247956037521362
2015,256,XGBoost,xgboost,1.8247956037521362
2015,257,XGBoost,xgboost,1.8247956037521362
2015,258,XGBoost,xgboost,1.8247956037521362
2015,259,XGBoost,xgboost,1.8247956037521362
2015,260,XGBoost,xgboost,1.8247956037521362
2015,1,CatBoost,catboost,12.569196433358757
2015,2,CatBoost,catboost,12.569196433358757
2015,3,CatBoost,catboost,12.569196433358757
2015,4,CatBoost,catboost,12.570144758548171
2015,5,CatBoost,catboost,12.527681672438073
2015,6,CatBoost,catboost,12.303278380688349
2015,7,CatBoost,catboost,12.163703763866346
2015,8,CatBoost,catboost,12.152902229426896
2015,9,CatBoost,catboost,12.102436396372294
2015,10,CatBoost,catboost,11.98419224238133
2015,11,CatBoost,catboost,11.98419224238133
2015,12,CatBoost,catboost,11.65287976425492
2015,13,CatBoost,catboost,11.367861359573261
2015,14,CatBoost,catboost,11.068828713541702
2015,15,CatBoost,catboost,10.529825984484681
2015,16,CatBoost,catboost,10.136973327284633
2015,17,CatBoost,catboost,9.775309463880912
2015,18,CatBoost,catboost,9.452010465391925
2015,19,CatBoost,catboost,9.331160485879316
2015,20,CatBoost,catboost,8.96233589825507
2015,21,CatBoost,catboost,8.700198049308774
2015,22,CatBoost,catboost,8.519950325817232
2015,23,CatBoost,catboost,8.466783463122017
2015,24,CatBoost,catboost,8.405953906157352
2015,25,CatBoost,catboost,8.283085814792084
2015,26,CatBoost,catboost,8.121258331674563
2015,27,CatBoost,catboost,8.048873610261698
2015,28,CatBoost,catboost,8.0105074976817
2015,29,CatBoost,catboost,8.0105074976817
2015,30,CatBoost,catboost,8.0105074976817
2015,31,CatBoost,catboost,8.0105074976817
2015,32,CatBoost,catboost,8.0105074976817
2015,33,CatBoost,catboost,7.223796423458306
2015,34,CatBoost,catboost,7.18488163370844
2015,35,CatBoost,catboost,7.165786874558845
2015,36,CatBoost,catboost,7.143993746108273
2015,37,CatBoost,catboost,7.143993746108273
2015,38,CatBoost,catboost,7.08221427353308
2015,39,CatBoost,catboost,7.08221427353308
2015,40,CatBoost,catboost,7.0626394896112625
2015,41,CatBoost,catboost,7.049960268194436
2015,42,CatBoost,catboost,7.019857823460882
2015,43,CatBoost,catboost,7.001914305397767
2015,44,CatBoost,catboost,6.813589839594267
2015,45,CatBoost,catboost,6.684867583235277
2015,46,CatBoost,catboost,6.616465316215484
2015,47,CatBoost,catboost,6.441887681028284
2015,48,CatBoost,catboost,6.431581919952378
2015,49,CatBoost,catboost,6.390248733207008
2015,50,CatBoost,catboost,6.310342408192887
2015,51,CatBoost,catboost,6.230575470784888
2015,52,CatBoost,catboost,6.181634730853155
2015,53,CatBoost,catboost,6.181634730853155
2015,54,CatBoost,catboost,6.1616134017499595
2015,55,CatBoost,catboost,6.154090198354086
2015,56,CatBoost,catboost,5.954515201145923
2015,57,CatBoost,catboost,5.954515201145923
2015,58,CatBoost,catboost,5.9449152412987205
2015,59,CatBoost,catboost,5.9449152412987205
2015,60,CatBoost,catboost,5.939835828250641
2015,61,CatBoost,catboost,5.8733983075730345
2015,62,CatBoost,catboost,5.754680994210446
2015,63,CatBoost,catboost,5.732480600799731
2015,64,CatBoost,catboost,5.658694376832113
2015,65,CatBoost,catboost,4.607069796972045
2015,66,CatBoost,catboost,4.540590888418721
2015,67,CatBoost,catboost,4.484213212231076
2015,68,CatBoost,catboost,4.484213212231076
2015,69,CatBoost,catboost,4.411982222732521
2015,70,CatBoost,catboost,4.380413862895654
2015,71,CatBoost,catboost,4.380413862895654
2015,72,CatBoost,catboost,4.380413862895654
2015,73,CatBoost,catboost,4.380413862895654
2015,74,CatBoost,catboost,4.3317574643601064
2015,75,CatBoost,catboost,4.269052346348999
2015,76,CatBoost,catboost,4.243735349660492
2015,77,CatBoost,catboost,4.119055426347711
2015,78,CatBoost,catboost,4.044471293995162
2015,79,CatBoost,catboost,3.870652753434045
2015,80,CatBoost,catboost,3.8675146149779787
2015,81,CatBoost,catboost,3.863971965082569
2015,82,CatBoost,catboost,3.8438184641287436
2015,83,CatBoost,catboost,3.797388889450478
2015,84,CatBoost,catboost,3.7413130129690644
2015,85,CatBoost,catboost,3.735434961618798
2015,86,CatBoost,catboost,3.735434961618798
2015,87,CatBoost,catboost,3.6814475395692514
2015,88,CatBoost,catboost,3.6814475395692514
2015,89,CatBoost,catboost,3.6775177042860245
2015,90,CatBoost,catboost,3.6775177042860245
2015,91,CatBoost,catboost,3.6735247198017853
2015,92,CatBoost,catboost,3.6735247198017853
2015,93,CatBoost,catboost,3.66197359663371
2015,94,CatBoost,catboost,3.649905149919281
2015,95,CatBoost,catboost,3.649905149919281
2015,96,CatBoost,catboost,3.649905149919281
2015,97,CatBoost,catboost,3.2925942121396594
2015,98,CatBoost,catboost,3.2925942121396594
2015,99,CatBoost,catboost,3.304488745951545
2015,100,CatBoost,catboost,3.304488745951545
2015,101,CatBoost,catboost,3.304488745951545
2015,102,CatBoost,catboost,3.295430381115902
2015,103,CatBoost,catboost,3.292639734035083
2015,104,CatBoost,catboost,3.264186085871974
2015,105,CatBoost,catboost,3.264186085871974
2015,106,CatBoost,catboost,3.264186085871974
2015,107,CatBoost,catboost,3.25746893946577
2015,108,CatBoost,catboost,3.2376835387121217
2015,109,CatBoost,catboost,3.2366187669005684
2015,110,CatBoost,catboost,3.2366187669005684
2015,111,CatBoost,catboost,3.2366187669005684
2015,112,CatBoost,catboost,3.198101173587008
2015,113,CatBoost,catboost,3.1725821578995044
2015,114,CatBoost,catboost,3.1291199665919818
2015,115,CatBoost,catboost,3.1064533015014666
2015,116,CatBoost,catboost,3.1064533015014666
2015,117,CatBoost,catboost,3.0949267332793657
2015,118,CatBoost,catboost,3.0949267332793657
2015,119,CatBoost,catboost,3.0895048393783493
2015,120,CatBoost,catboost,3.0748421740289316
2015,121,CatBoost,catboost,3.06904501766735
2015,122,CatBoost,catboost,3.06904501766735
2015,123,CatBoost,catboost,2.995481681247087
2015,124,CatBoost,catboost,2.9741538920123487
2015,125,CatBoost,catboost,2.9600189427760304
2015,126,CatBoost,catboost,2.9600189427760304
2015,127,CatBoost,catboost,2.927441385171361
2015,128,CatBoost,catboost,2.927441385171361
2015,129,CatBoost,catboost,2.5115318096590404
2015,130,CatBoost,catboost,2.4850750771557273
2015,131,CatBoost,catboost,2.484418175857341
2015,132,CatBoost,catboost,2.4518215263823264
2015,133,CatBoost,catboost,2.4518215263823264
2015,134,CatBoost,catboost,2.4400779598661835
2015,135,CatBoost,catboost,2.4000267580844707
2015,136,CatBoost,catboost,2.4000267580844707
2015,137,CatBoost,catboost,2.4000267580844707
2015,138,CatBoost,catboost,2.3724420468457406
2015,139,CatBoost,catboost,2.365949095459501
2015,140,CatBoost,catboost,2.3500700447572838
2015,141,CatBoost,catboost,2.324075512127855
2015,142,CatBoost,catboost,2.324075512127855
2015,143,CatBoost,catboost,2.3195817068726554
2015,144,CatBoost,catboost,2.3195817068726554
2015,145,CatBoost,catboost,2.3195817068726554
2015,146,CatBoost,catboost,2.2967903921818724
2015,147,CatBoost,catboost,2.2656600785102583
2015,148,CatBoost,catboost,2.2656600785102583
2015,149,CatBoost,catboost,2.252046122449194
2015,150,CatBoost,catboost,2.252046122449194
2015,151,CatBoost,catboost,2.2261506741578674
2015,152,CatBoost,catboost,2.2053285727397607
2015,153,CatBoost,catboost,2.2053285727397607
2015,154,CatBoost,catboost,2.2053285727397607
2015,155,CatBoost,catboost,2.2053285727397607
2015,156,CatBoost,catboost,2.201366364978515
2015,157,CatBoost,catboost,2.174630670365745
2015,158,CatBoost,catboost,2.1668302177661514
2015,159,CatBoost,catboost,2.1668302177661514
2015,160,CatBoost,catboost,2.150529105991361
2015,161,CatBoost,catboost,1.954487185254552
2015,162,CatBoost,catboost,1.943236912720201
2015,163,CatBoost,catboost,1.943236912720201
2015,164,CatBoost,catboost,1.943236912720201
2015,165,CatBoost,catboost,1.9315415617775566
2015,166,CatBoost,catboost,1.9315415617775566
2015,167,CatBoost,catboost,1.9315415617775566
2015,168,CatBoost,catboost,1.9315415617775566
2015,169,CatBoost,catboost,1.9263832329600064
2015,170,CatBoost,catboost,1.9263832329600064
2015,171,CatBoost,catboost,1.9263832329600064
2015,172,CatBoost,catboost,1.9138611197528652
2015,173,CatBoost,catboost,1.9080809371589087
2015,174,CatBoost,catboost,1.8878863832245067
2015,175,CatBoost,catboost,1.8878863832245067
2015,176,CatBoost,catboost,1.867285882976824
2015,177,CatBoost,catboost,1.867285882976824
2015,178,CatBoost,catboost,1.867285882976824
2015,179,CatBoost,catboost,1.8619178037069055
2015,180,CatBoost,catboost,1.8509762071383795
2015,181,CatBoost,catboost,1.8509762071383795
2015,182,CatBoost,catboost,1.8509762071383795
2015,183,CatBoost,catboost,1.8509762071383795
2015,184,CatBoost,catboost,1.846793022513907
2015,185,CatBoost,catboost,1.846793022513907
2015,186,CatBoost,catboost,1.846793022513907
2015,187,CatBoost,catboost,1.846793022513907
2015,188,CatBoost,catboost,1.846793022513907
2015,189,CatBoost,catboost,1.846793022513907
2015,190,CatBoost,catboost,1.846793022513907
2015,191,CatBoost,catboost,1.846793022513907
2015,192,CatBoost,catboost,1.846793022513907
2015,193,CatBoost,catboost,1.8267975630273865
2015,194,CatBoost,catboost,1.8267975630273865
2015,195,CatBoost,catboost,1.8267975630273865
2015,196,CatBoost,catboost,1.8267975630273865
2015,197,CatBoost,catboost,1.8267975630273865
2015,198,CatBoost,catboost,1.8267975630273865
2015,199,CatBoost,catboost,1.8267975630273865
2015,200,CatBoost,catboost,1.8267975630273865
2015,201,CatBoost,catboost,1.8267975630273865
2015,202,CatBoost,catboost,1.8229325246074692
2015,203,CatBoost,catboost,1.8229325246074692
2015,204,CatBoost,catboost,1.8229325246074692
2015,205,CatBoost,catboost,1.8229325246074692
2015,206,CatBoost,catboost,1.8229325246074692
2015,207,CatBoost,catboost,1.8229325246074692
2015,208,CatBoost,catboost,1.8229325246074692
2015,209,CatBoost,catboost,1.8229325246074692
2015,210,CatBoost,catboost,1.8229325246074692
2015,211,CatBoost,catboost,1.8229325246074692
2015,212,CatBoost,catboost,1.8229325246074692
2015,213,CatBoost,catboost,1.8156211589162692
2015,214,CatBoost,catboost,1.8156211589162692
2015,215,CatBoost,catboost,1.8156211589162692
2015,216,CatBoost,catboost,1.8156211589162692
2015,217,CatBoost,catboost,1.8156211589162692
2015,218,CatBoost,catboost,1.8156211589162692
2015,219,CatBoost,catboost,1.8156211589162692
2015,220,CatBoost,catboost,1.8156211589162692
2015,221,CatBoost,catboost,1.8156211589162692
2015,222,CatBoost,catboost,1.8156211589162692
2015,223,CatBoost,catboost,1.8156211589162692
2015,224,CatBoost,catboost,1.8156211589162692
2015,225,CatBoost,catboost,1.8156211589162692
2015,226,CatBoost,catboost,1.8156211589162692
2015,227,CatBoost,catboost,1.8156211589162692
2015,228,CatBoost,catboost,1.8156211589162692
2015,229,CatBoost,catboost,1.8156211589162692
2015,230,CatBoost,catboost,1.8156211589162692
2015,231,CatBoost,catboost,1.8156211589162692
2015,232,CatBoost,catboost,1.8156211589162692
2015,233,CatBoost,catboost,1.8156211589162692
2015,234,CatBoost,catboost,1.8156211589162692
2015,235,CatBoost,catboost,1.8156211589162692
2015,236,CatBoost,catboost,1.8156211589162692
2015,237,CatBoost,catboost,1.8156211589162692
2015,238,CatBoost,catboost,1.8156211589162692
2015,239,CatBoost,catboost,1.8156211589162692
2015,240,CatBoost,catboost,1.8156211589162692
2015,241,CatBoost,catboost,1.8156211589162692
2015,242,CatBoost,catboost,1.8156211589162692
2015,243,CatBoost,catboost,1.8156211589162692
2015,244,CatBoost,catboost,1.8156211589162692
2015,245,CatBoost,catboost,1.8156211589162692
2015,246,CatBoost,catboost,1.8156211589162692
2015,247,CatBoost,catboost,1.8156211589162692
2015,248,CatBoost,catboost,1.8156211589162692
2015,249,CatBoost,catboost,1.8156211589162692
2015,250,CatBoost,catboost,1.8156211589162692
2015,251,CatBoost,catboost,1.8156211589162692
2015,252,CatBoost,catboost,1.8156211589162692
2015,253,CatBoost,catboost,1.8156211589162692
2015,254,CatBoost,catboost,1.8156211589162692
2015,255,CatBoost,catboost,1.8156211589162692
2015,256,CatBoost,catboost,1.8156211589162692
2015,257,CatBoost,catboost,1.8156211589162692
2015,258,CatBoost,catboost,1.8156211589162692
2015,259,CatBoost,catboost,1.8156211589162692
2015,260,CatBoost,catboost,1.8156211589162692
2015,1,MLP Neural Net,mlp,8.531022768918097
2015,2,MLP Neural Net,mlp,8.501041391986442
2015,3,MLP Neural Net,mlp,8.47111089173859
2015,4,MLP Neural Net,mlp,8.44123152986471
2015,5,MLP Neural Net,mlp,8.411403565964545
2015,6,MLP Neural Net,mlp,8.381627257541153
2015,7,MLP Neural Net,mlp,8.351902859994818
2015,8,MLP Neural Net,mlp,8.322230626617067
2015,9,MLP Neural Net,mlp,8.292610808584895
2015,10,MLP Neural Net,mlp,8.263043654955126
2015,11,MLP Neural Net,mlp,8.233529412658877
2015,12,MLP Neural Net,mlp,8.204068326496214
2015,13,MLP Neural Net,mlp,8.174660639130975
2015,14,MLP Neural Net,mlp,8.145306591085669
2015,15,MLP Neural Net,mlp,8.1160064207366
2015,16,MLP Neural Net,mlp,8.086760364309113
2015,17,MLP Neural Net,mlp,8.057568655872977
2015,18,MLP Neural Net,mlp,8.028431527337945
2015,19,MLP Neural Net,mlp,7.99934920844943
2015,20,MLP Neural Net,mlp,7.97032192678438
2015,21,MLP Neural Net,mlp,7.94134990774725
2015,22,MLP Neural Net,mlp,7.912433374566142
2015,23,MLP Neural Net,mlp,7.883572548289148
2015,24,MLP Neural Net,mlp,7.85476764778075
2015,25,MLP Neural Net,mlp,7.826018889718439
2015,26,MLP Neural Net,mlp,7.797326488589461
2015,27,MLP Neural Net,mlp,7.768690656687721
2015,28,MLP Neural Net,mlp,7.740111604110835
2015,29,MLP Neural Net,mlp,7.711589538757319
2015,30,MLP Neural Net,mlp,7.683124666323941
2015,31,MLP Neural Net,mlp,7.65471719030322
2015,32,MLP Neural Net,mlp,7.626367311981097
2015,33,MLP Neural Net,mlp,6.9333191149981666
2015,34,MLP Neural Net,mlp,6.907312437237118
2015,35,MLP Neural Net,mlp,6.8813601439087915
2015,36,MLP Neural Net,mlp,6.855462407679807
2015,37,MLP Neural Net,mlp,6.829619399156556
2015,38,MLP Neural Net,mlp,6.803831286884116
2015,39,MLP Neural Net,mlp,6.77809823734539
2015,40,MLP Neural Net,mlp,6.752420414960315
2015,41,MLP Neural Net,mlp,6.726797982085236
2015,42,MLP Neural Net,mlp,6.701231099012453
2015,43,MLP Neural Net,mlp,6.675719923969812
2015,44,MLP Neural Net,mlp,6.650264613120547
2015,45,MLP Neural Net,mlp,6.624865320563152
2015,46,MLP Neural Net,mlp,6.599522198331487
2015,47,MLP Neural Net,mlp,6.574235396394928
2015,48,MLP Neural Net,mlp,6.549005062658722
2015,49,MLP Neural Net,mlp,6.523831342964441
2015,50,MLP Neural Net,mlp,6.498714381090586
2015,51,MLP Neural Net,mlp,6.473654318753303
2015,52,MLP Neural Net,mlp,6.448651295607262
2015,53,MLP Neural Net,mlp,6.423705449246655
2015,54,MLP Neural Net,mlp,6.398816915206306
2015,55,MLP Neural Net,mlp,6.373985826962964
2015,56,MLP Neural Net,mlp,6.349212315936667
2015,57,MLP Neural Net,mlp,6.324496511492282
2015,58,MLP Neural Net,mlp,6.299838540941143
2015,59,MLP Neural Net,mlp,6.275238529542855
2015,60,MLP Neural Net,mlp,6.250696600507185
2015,61,MLP Neural Net,mlp,6.2262128749961265
2015,62,MLP Neural Net,mlp,6.201787472126034
2015,63,MLP Neural Net,mlp,6.177420508969949
2015,64,MLP Neural Net,mlp,6.15311210056
2015,65,MLP Neural Net,mlp,5.537693872665507
2015,66,MLP Neural Net,mlp,5.515652453402143
2015,67,MLP Neural Net,mlp,5.493665230419254
2015,68,MLP Neural Net,mlp,5.471732294873692
2015,69,MLP Neural Net,mlp,5.449853736087159
2015,70,MLP Neural Net,mlp,5.428029641549426
2015,71,MLP Neural Net,mlp,5.406260096921681
2015,72,MLP Neural Net,mlp,5.384545186039964
2015,73,MLP Neural Net,mlp,5.362884990918708
2015,74,MLP Neural Net,mlp,5.341279591754406
2015,75,MLP Neural Net,mlp,5.319729066929358
2015,76,MLP Neural Net,mlp,5.298233493015552
2015,77,MLP Neural Net,mlp,5.2767929447786175
2015,78,MLP Neural Net,mlp,5.255407495181921
2015,79,MLP Neural Net,mlp,5.2340772153907205
2015,80,MLP Neural Net,mlp,5.2128021747764555
2015,81,MLP Neural Net,mlp,5.191582440921121
2015,82,MLP Neural Net,mlp,5.170418079621759
2015,83,MLP Neural Net,mlp,5.149309154895025
2015,84,MLP Neural Net,mlp,5.128255728981874
2015,85,MLP Neural Net,mlp,5.107257862352326
2015,86,MLP Neural Net,mlp,5.0863156137103545
2015,87,MLP Neural Net,mlp,5.065429039998848
2015,88,MLP Neural Net,mlp,5.044598196404667
2015,89,MLP Neural Net,mlp,5.023823136363822
2015,90,MLP Neural Net,mlp,5.003103911566695
2015,91,MLP Neural Net,mlp,4.982440571963421
2015,92,MLP Neural Net,mlp,4.961833165769301
2015,93,MLP Neural Net,mlp,4.941281739470329
2015,94,MLP Neural Net,mlp,4.92078633782882
2015,95,MLP Neural Net,mlp,4.900347003889119
2015,96,MLP Neural Net,mlp,4.879963778983376
2015,97,MLP Neural Net,mlp,4.3496445969835085
2015,98,MLP Neural Net,mlp,4.331354417255721
2015,99,MLP Neural Net,mlp,4.3131151870068445
2015,100,MLP Neural Net,mlp,4.294926931455724
2015,101,MLP Neural Net,mlp,4.276789674340601
2015,102,MLP Neural Net,mlp,4.258703437924988
2015,103,MLP Neural Net,mlp,4.240668243003609
2015,104,MLP Neural Net,mlp,4.22268410890842
2015,105,MLP Neural Net,mlp,4.204751053514683
2015,106,MLP Neural Net,mlp,4.186869093247115
2015,107,MLP Neural Net,mlp,4.169038243086088
2015,108,MLP Neural Net,mlp,4.151258516573926
2015,109,MLP Neural Net,mlp,4.133529925821225
2015,110,MLP Neural Net,mlp,4.115852481513272
2015,111,MLP Neural Net,mlp,4.098226192916504
2015,112,MLP Neural Net,mlp,4.080651067885026
2015,113,MLP Neural Net,mlp,4.063127112867214
2015,114,MLP Neural Net,mlp,4.045654332912348
2015,115,MLP Neural Net,mlp,4.028232731677324
2015,116,MLP Neural Net,mlp,4.010862311433409
2015,117,MLP Neural Net,mlp,3.993543073073069
2015,118,MLP Neural Net,mlp,3.9762750161168308
2015,119,MLP Neural Net,mlp,3.9590581387202177
2015,120,MLP Neural Net,mlp,3.941892437680734
2015,121,MLP Neural Net,mlp,3.9247779084449
2015,122,MLP Neural Net,mlp,3.9077145451153266
2015,123,MLP Neural Net,mlp,3.8907023404578753
2015,124,MLP Neural Net,mlp,3.8737412859088254
2015,125,MLP Neural Net,mlp,3.8568313715821274
2015,126,MLP Neural Net,mlp,3.8399725862766805
2015,127,MLP Neural Net,mlp,3.8231649174836653
2015,128,MLP Neural Net,mlp,3.806408351393921
2015,129,MLP Neural Net,mlp,3.360905677326785
2015,130,MLP Neural Net,mlp,3.346000662069188
2015,131,MLP Neural Net,mlp,3.331141253893568
2015,132,MLP Neural Net,mlp,3.316327431521788
2015,133,MLP Neural Net,mlp,3.301559172595144
2015,134,MLP Neural Net,mlp,3.2868364536811376
2015,135,MLP Neural Net,mlp,3.2721592502803127
2015,136,MLP Neural Net,mlp,3.2575275368331096
2015,137,MLP Neural Net,mlp,3.2429412867267424
2015,138,MLP Neural Net,mlp,3.228400472302119
2015,139,MLP Neural Net,mlp,3.21390506486077
2015,140,MLP Neural Net,mlp,3.1994550346718387
2015,141,MLP Neural Net,mlp,3.185050350979051
2015,142,MLP Neural Net,mlp,3.1706909820077533
2015,143,MLP Neural Net,mlp,3.156376894971943
2015,144,MLP Neural Net,mlp,3.142108056081358
2015,145,MLP Neural Net,mlp,3.127884430548545
2015,146,MLP Neural Net,mlp,3.113705982595988
2015,147,MLP Neural Net,mlp,3.0995726754632464
2015,148,MLP Neural Net,mlp,3.085484471414102
2015,149,MLP Neural Net,mlp,3.0714413317437455
2015,150,MLP Neural Net,mlp,3.0574432167859698
2015,151,MLP Neural Net,mlp,3.0434900859203835
2015,152,MLP Neural Net,mlp,3.02958189757965
2015,153,MLP Neural Net,mlp,3.0157186092567287
2015,154,MLP Neural Net,mlp,3.001900177512149
2015,155,MLP Neural Net,mlp,2.9881265579812872
2015,156,MLP Neural Net,mlp,2.9743977053816657
2015,157,MLP Neural Net,mlp,2.9607135735202696
2015,158,MLP Neural Net,mlp,2.947074115300856
2015,159,MLP Neural Net,mlp,2.933479282731303
2015,160,MLP Neural Net,mlp,2.9199290269309524
2015,161,MLP Neural Net,mlp,2.553236748023455
2015,162,MLP Neural Net,mlp,2.5412640450205912
2015,163,MLP Neural Net,mlp,2.5293305415035636
2015,164,MLP Neural Net,mlp,2.5174361886983068
2015,165,MLP Neural Net,mlp,2.50558093712208
2015,166,MLP Neural Net,mlp,2.4937647365897995
2015,167,MLP Neural Net,mlp,2.4819875362204042
2015,168,MLP Neural Net,mlp,2.470249284443199
2015,169,MLP Neural Net,mlp,2.4585499290042145
2015,170,MLP Neural Net,mlp,2.4468894169725655
2015,171,MLP Neural Net,mlp,2.4352676947468135
2015,172,MLP Neural Net,mlp,2.423684708061317
2015,173,MLP Neural Net,mlp,2.4121404019925956
2015,174,MLP Neural Net,mlp,2.4006347209656824
2015,175,MLP Neural Net,mlp,2.389167608760488
2015,176,MLP Neural Net,mlp,2.3777390085181427
2015,177,MLP Neural Net,mlp,2.3663488627473552
2015,178,MLP Neural Net,mlp,2.354997113330759
2015,179,MLP Neural Net,mlp,2.34368370153126
2015,180,MLP Neural Net,mlp,2.3324085679983657
2015,181,MLP Neural Net,mlp,2.321171652774532
2015,182,MLP Neural Net,mlp,2.3099728953014838
2015,183,MLP Neural Net,mlp,2.29881223442655
2015,184,MLP Neural Net,mlp,2.2876896084089715
2015,185,MLP Neural Net,mlp,2.2766049549262157
2015,186,MLP Neural Net,mlp,2.2655582110802803
2015,187,MLP Neural Net,mlp,2.2545493134039907
2015,188,MLP Neural Net,mlp,2.2435781978672895
2015,189,MLP Neural Net,mlp,2.2326447998835035
2015,190,MLP Neural Net,mlp,2.2217490543156315
2015,191,MLP Neural Net,mlp,2.21089089548259
2015,192,MLP Neural Net,mlp,2.2000702571654687
2015,193,MLP Neural Net,mlp,1.902795946503699
2015,194,MLP Neural Net,mlp,1.8932776943793983
2015,195,MLP Neural Net,mlp,1.8837920504600403
2015,196,MLP Neural Net,mlp,1.8743389539949256
2015,197,MLP Neural Net,mlp,1.8649183438234311
2015,198,MLP Neural Net,mlp,1.8555301583801456
2015,199,MLP Neural Net,mlp,1.846174335699994
2015,200,MLP Neural Net,mlp,1.8368508134233625
2015,201,MLP Neural Net,mlp,1.8275595288011914
2015,202,MLP Neural Net,mlp,1.8183004187000649
2015,203,MLP Neural Net,mlp,1.8090734196072877
2015,204,MLP Neural Net,mlp,1.7998784676359356
2015,205,MLP Neural Net,mlp,1.7907154985299114
2015,206,MLP Neural Net,mlp,1.7815844476689657
2015,207,MLP Neural Net,mlp,1.772485250073717
2015,208,MLP Neural Net,mlp,1.7634178404106433
2015,209,MLP Neural Net,mlp,1.754382152997071
2015,210,MLP Neural Net,mlp,1.7453781218061393
2015,211,MLP Neural Net,mlp,1.7364056804717476
2015,212,MLP Neural Net,mlp,1.727464762293495
2015,213,MLP Neural Net,mlp,1.7185553002415876
2015,214,MLP Neural Net,mlp,1.709677226961743
2015,215,MLP Neural Net,mlp,1.7008304747800733
2015,216,MLP Neural Net,mlp,1.6920149757079415
2015,217,MLP Neural Net,mlp,1.6832306614468133
2015,218,MLP Neural Net,mlp,1.6744774633930821
2015,219,MLP Neural Net,mlp,1.6657553126428726
2015,220,MLP Neural Net,mlp,1.6570641399968395
2015,221,MLP Neural Net,mlp,1.6484038759649273
2015,222,MLP Neural Net,mlp,1.6397744507711276
2015,223,MLP Neural Net,mlp,1.6311757943582121
2015,224,MLP Neural Net,mlp,1.622607836392436
2015,225,MLP Neural Net,mlp,1.3840422873527656
2015,226,MLP Neural Net,mlp,1.3765228310600206
2015,227,MLP Neural Net,mlp,1.3690298257386602
2015,228,MLP Neural Net,mlp,1.3615632094463421
2015,229,MLP Neural Net,mlp,1.3541229200425742
2015,230,MLP Neural Net,mlp,1.3467088951924313
2015,231,MLP Neural Net,mlp,1.339321072370269
2015,232,MLP Neural Net,mlp,1.331959388863399
2015,233,MLP Neural Net,mlp,1.324623781775764
2015,234,MLP Neural Net,mlp,1.3173141880315864
2015,235,MLP Neural Net,mlp,1.3100305443789937
2015,236,MLP Neural Net,mlp,1.3027727873936366
2015,237,MLP Neural Net,mlp,1.2955408534822788
2015,238,MLP Neural Net,mlp,1.2883346788863674
2015,239,MLP Neural Net,mlp,1.2811541996855933
2015,240,MLP Neural Net,mlp,1.273999351801425
2015,241,MLP Neural Net,mlp,1.2668700710006193
2015,242,MLP Neural Net,mlp,1.2597662928987254
2015,243,MLP Neural Net,mlp,1.2526879529635542
2015,244,MLP Neural Net,mlp,1.2456349865186418
2015,245,MLP Neural Net,mlp,1.238607328746682
2015,246,MLP Neural Net,mlp,1.2316049146929429
2015,247,MLP Neural Net,mlp,1.2246276792686694
2015,248,MLP Neural Net,mlp,1.217675557254457
2015,249,MLP Neural Net,mlp,1.2107484833036053
2015,250,MLP Neural Net,mlp,1.2038463919454627
2015,251,MLP Neural Net,mlp,1.1969692175887356
2015,252,MLP Neural Net,mlp,1.1901168945247873
2015,253,MLP Neural Net,mlp,1.1832893569309129
2015,254,MLP Neural Net,mlp,1.176486538873593
2015,255,MLP Neural Net,mlp,1.1697083743117345
2015,256,MLP Neural Net,mlp,1.1629547970998704
2015,257,MLP Neural Net,mlp,1.1562257409913668
2015,258,MLP Neural Net,mlp,1.1495211396415874
2015,259,MLP Neural Net,mlp,1.1428409266110444
2015,260,MLP Neural Net,mlp,1.1361850353685317
2015,1,Spline Ridge,spline,17.254050494457974
2015,2,Spline Ridge,spline,16.866899416064538
2015,3,Spline Ridge,spline,16.491358264456743
2015,4,Spline Ridge,spline,16.127038572418645
2015,5,Spline Ridge,spline,15.773566475444042
2015,6,Spline Ridge,spline,15.43058211994202
2015,7,Spline Ridge,spline,15.09773909718824
2015,8,Spline Ridge,spline,14.774703901836967
2015,9,Spline Ridge,spline,14.46115541386669
2015,10,Spline Ridge,spline,14.156784402886672
2015,11,Spline Ridge,spline,13.861293053783026
2015,12,Spline Ridge,spline,13.574394512732907
2015,13,Spline Ridge,spline,13.295812452661059
2015,14,Spline Ridge,spline,13.025280657258328
2015,15,Spline Ridge,spline,12.762542622722853
2015,16,Spline Ridge,spline,12.507351176425544
2015,17,Spline Ridge,spline,12.259468111738675
2015,18,Spline Ridge,spline,12.018663838303207
2015,19,Spline Ridge,spline,11.78471704704423
2015,20,Spline Ridge,spline,11.55741438927693
2015,21,Spline Ridge,spline,11.336550169276201
2015,22,Spline Ridge,spline,11.121926049712703
2015,23,Spline Ridge,spline,10.913350769386115
2015,24,Spline Ridge,spline,10.710639872712985
2015,25,Spline Ridge,spline,10.513615450451843
2015,26,Spline Ridge,spline,10.32210589117259
2015,27,Spline Ridge,spline,10.135945642999847
2015,28,Spline Ridge,spline,9.954974985181828
2015,29,Spline Ridge,spline,9.779039809057299
2015,30,Spline Ridge,spline,9.60799140801248
2015,31,Spline Ridge,spline,9.441686276039077
2015,32,Spline Ridge,spline,9.279985914522038
2015,33,Spline Ridge,spline,8.730197072882346
2015,34,Spline Ridge,spline,8.583238818683371
2015,35,Spline Ridge,spline,8.440334513077783
2015,36,Spline Ridge,spline,8.301368570668691
2015,37,Spline Ridge,spline,8.166229397944692
2015,38,Spline Ridge,spline,8.03480924839603
2015,39,Spline Ridge,spline,7.907004083461087
2015,40,Spline Ridge,spline,7.782713439057401
2015,41,Spline Ridge,spline,7.661840297462784
2015,42,Spline Ridge,spline,7.544290964322272
2015,43,Spline Ridge,spline,7.429974950567157
2015,44,Spline Ridge,spline,7.318804859041519
2015,45,Spline Ridge,spline,7.210696275641215
2015,46,Spline Ridge,spline,7.105567664778762
2015,47,Spline Ridge,spline,7.003340268995907
2015,48,Spline Ridge,spline,6.903938012553805
2015,49,Spline Ridge,spline,6.807287408837986
2015,50,Spline Ridge,spline,6.713317471422823
2015,51,Spline Ridge,spline,6.621959628646885
2015,52,Spline Ridge,spline,6.5331476415572896
2015,53,Spline Ridge,spline,6.446817525087309
2015,54,Spline Ridge,spline,6.362607919159562
2015,55,Spline Ridge,spline,6.279858214036997
2015,56,Spline Ridge,spline,6.198522220409322
2015,57,Spline Ridge,spline,6.118573273555673
2015,58,Spline Ridge,spline,6.0399852838415775
2015,59,Spline Ridge,spline,5.962732723358265
2015,60,Spline Ridge,spline,5.886790612897587
2015,61,Spline Ridge,spline,5.8121345092536645
2015,62,Spline Ridge,spline,5.738740492842542
2015,63,Spline Ridge,spline,5.666585155631449
2015,64,Spline Ridge,spline,5.59564558936945
2015,65,Spline Ridge,spline,5.27282559512399
2015,66,Spline Ridge,spline,5.206910112767944
2015,67,Spline Ridge,spline,5.142099967721056
2015,68,Spline Ridge,spline,5.0783749541149685
2015,69,Spline Ridge,spline,5.015715294002006
2015,70,Spline Ridge,spline,4.954101627626958
2015,71,Spline Ridge,spline,4.893515003939269
2015,72,Spline Ridge,spline,4.833936871339317
2015,73,Spline Ridge,spline,4.775349068652698
2015,74,Spline Ridge,spline,4.717733816326561
2015,75,Spline Ridge,spline,4.661073707842228
2015,76,Spline Ridge,spline,4.6053517013384635
2015,77,Spline Ridge,spline,4.550551111439958
2015,78,Spline Ridge,spline,4.496655601285684
2015,79,Spline Ridge,spline,4.443649174751995
2015,80,Spline Ridge,spline,4.391516168865391
2015,81,Spline Ridge,spline,4.340241246400135
2015,82,Spline Ridge,spline,4.28980938865589
2015,83,Spline Ridge,spline,4.240205888410829
2015,84,Spline Ridge,spline,4.1914163430456535
2015,85,Spline Ridge,spline,4.1434266478341994
2015,86,Spline Ridge,spline,4.096222989396355
2015,87,Spline Ridge,spline,4.049791839309141
2015,88,Spline Ridge,spline,4.004119947871952
2015,89,Spline Ridge,spline,3.959194338022016
2015,90,Spline Ridge,spline,3.9150022993962894
2015,91,Spline Ridge,spline,3.8715313825360473
2015,92,Spline Ridge,spline,3.8287693932305986
2015,93,Spline Ridge,spline,3.786704386996575
2015,94,Spline Ridge,spline,3.7453246636894164
2015,95,Spline Ridge,spline,3.7046187622437032
2015,96,Spline Ridge,spline,3.6645754555391212
2015,97,Spline Ridge,spline,3.445819544095671
2015,98,Spline Ridge,spline,3.408571412225666
2015,99,Spline Ridge,spline,3.3719291061679164
2015,100,Spline Ridge,spline,3.3358826866411264
2015,101,Spline Ridge,spline,3.300422416270195
2015,102,Spline Ridge,spline,3.2655387553150184
2015,103,Spline Ridge,spline,3.231222357500498
2015,104,Spline Ridge,spline,3.1974640659452445
2015,105,Spline Ridge,spline,3.1642549091865475
2015,106,Spline Ridge,spline,3.131565794693835
2015,107,Spline Ridge,spline,3.0993057691717567
2015,108,Spline Ridge,spline,3.0674598946050042
2015,109,Spline Ridge,spline,3.036022422602373
2015,110,Spline Ridge,spline,3.004987698004664
2015,111,Spline Ridge,spline,2.974350157265144
2015,112,Spline Ridge,spline,2.9441043268607023
2015,113,Spline Ridge,spline,2.914244821733077
2015,114,Spline Ridge,spline,2.8847663437595563
2015,115,Spline Ridge,spline,2.855663680252567
2015,116,Spline Ridge,spline,2.82693170248756
2015,117,Spline Ridge,spline,2.798565364258644
2015,118,Spline Ridge,spline,2.770559700461422
2015,119,Spline Ridge,spline,2.7429098257024487
2015,120,Spline Ridge,spline,2.7156109329348403
2015,121,Spline Ridge,spline,2.6886582921194613
2015,122,Spline Ridge,spline,2.6620472489112297
2015,123,Spline Ridge,spline,2.635773223370003
2015,124,Spline Ridge,spline,2.6098317086955864
2015,125,Spline Ridge,spline,2.58421826998638
2015,126,Spline Ridge,spline,2.5589285430211937
2015,127,Spline Ridge,spline,2.533958233063782
2015,128,Spline Ridge,spline,2.5093031136896444
2015,129,Spline Ridge,spline,2.349812634359787
2015,130,Spline Ridge,spline,2.3267076428607294
2015,131,Spline Ridge,spline,2.3038938143216914
2015,132,Spline Ridge,spline,2.2813673380056314
2015,133,Spline Ridge,spline,2.259124463506332
2015,134,Spline Ridge,spline,2.237161499740612
2015,135,Spline Ridge,spline,2.215474813959197
2015,136,Spline Ridge,spline,2.1940608307758573
2015,137,Spline Ridge,spline,2.1729160312144864
2015,138,Spline Ridge,spline,2.152036951773747
2015,139,Spline Ridge,spline,2.1314201835089666
2015,140,Spline Ridge,spline,2.1110623711309326
2015,141,Spline Ridge,spline,2.0909602121212703
2015,142,Spline Ridge,spline,2.0711104558640834
2015,143,Spline Ridge,spline,2.0515099027935357
2015,144,Spline Ridge,spline,2.0321554035570832
2015,145,Spline Ridge,spline,2.013043858194039
2015,146,Spline Ridge,spline,1.9941722153291888
2015,147,Spline Ridge,spline,1.9755374713811695
2015,148,Spline Ridge,spline,1.9571366697853154
2015,149,Spline Ridge,spline,1.9389669002307184
2015,150,Spline Ridge,spline,1.9210252979112088
2015,151,Spline Ridge,spline,1.9033090427900068
2015,152,Spline Ridge,spline,1.8858153588777797
2015,153,Spline Ridge,spline,1.8685415135238521
2015,154,Spline Ridge,spline,1.851484816720319
2015,155,Spline Ridge,spline,1.8346426204188184
2015,156,Spline Ridge,spline,1.8180123178597254
2015,157,Spline Ridge,spline,1.8015913429135333
2015,158,Spline Ridge,spline,1.7853874023453722
2015,159,Spline Ridge,spline,1.7694919458537752
2015,160,Spline Ridge,spline,1.7539235185039679
2015,161,Spline Ridge,spline,1.6324719505872483
2015,162,Spline Ridge,spline,1.6181230780667124
2015,163,Spline Ridge,spline,1.6040758766714185
2015,164,Spline Ridge,spline,1.5903263232648255
2015,165,Spline Ridge,spline,1.5768704925525414
2015,166,Spline Ridge,spline,1.5637045552217752
2015,167,Spline Ridge,spline,1.5508247761316156
2015,168,Spline Ridge,spline,1.5382275125529363
2015,169,Spline Ridge,spline,1.5259092124567748
2015,170,Spline Ridge,spline,1.5138664128500599
2015,171,Spline Ridge,spline,1.502095738157603
2015,172,Spline Ridge,spline,1.490593898649289
2015,173,Spline Ridge,spline,1.4793576889114548
2015,174,Spline Ridge,spline,1.4683839863614518
2015,175,Spline Ridge,spline,1.4576697498044409
2015,176,Spline Ridge,spline,1.4472120180314791
2015,177,Spline Ridge,spline,1.437007908458002
2015,178,Spline Ridge,spline,1.427054615801822
2015,179,Spline Ridge,spline,1.4173494107997973
2015,180,Spline Ridge,spline,1.4078896389623505
2015,181,Spline Ridge,spline,1.3986727193650421
2015,182,Spline Ridge,spline,1.389696143476431
2015,183,Spline Ridge,spline,1.3809574740214734
2015,184,Spline Ridge,spline,1.372454343879745
2015,185,Spline Ridge,spline,1.3641844550177877
2015,186,Spline Ridge,spline,1.3561455774549074
2015,187,Spline Ridge,spline,1.348335548261768
2015,188,Spline Ridge,spline,1.3407522705911645
2015,189,Spline Ridge,spline,1.3333937127403481
2015,190,Spline Ridge,spline,1.3262579072443381
2015,191,Spline Ridge,spline,1.3193429499996376
2015,192,Spline Ridge,spline,1.312646999417816
2015,193,Spline Ridge,spline,1.216735281467462
2015,194,Spline Ridge,spline,1.2107149523923246
2015,195,Spline Ridge,spline,1.204900179234949
2015,196,Spline Ridge,spline,1.1992894246073373
2015,197,Spline Ridge,spline,1.1938812075577736
2015,198,Spline Ridge,spline,1.1886741029194703
2015,199,Spline Ridge,spline,1.1836667406847512
2015,200,Spline Ridge,spline,1.1788578054043903
2015,201,Spline Ridge,spline,1.1742460356117304
2015,202,Spline Ridge,spline,1.1698302232712368
2015,203,Spline Ridge,spline,1.165609213251143
2015,204,Spline Ridge,spline,1.1615819028198682
2015,205,Spline Ridge,spline,1.157747241165899
2015,206,Spline Ridge,spline,1.1541042289408447
2015,207,Spline Ridge,spline,1.1506519178253822
2015,208,Spline Ridge,spline,1.1473894101178341
2015,209,Spline Ridge,spline,1.1443158583451243
2015,210,Spline Ridge,spline,1.1414284489588784
2015,211,Spline Ridge,spline,1.1386600005730299
2015,212,Spline Ridge,spline,1.1359778885311318
2015,213,Spline Ridge,spline,1.133381796846409
2015,214,Spline Ridge,spline,1.1308714199149363
2015,215,Spline Ridge,spline,1.1284464624556838
2015,216,Spline Ridge,spline,1.1261066394526322
2015,217,Spline Ridge,spline,1.123851676098944
2015,218,Spline Ridge,spline,1.121681307743171
2015,219,Spline Ridge,spline,1.119595279837489
2015,220,Spline Ridge,spline,1.1175933478879416
2015,221,Spline Ridge,spline,1.1156752774066805
2015,222,Spline Ridge,spline,1.1138408438661902
2015,223,Spline Ridge,spline,1.1120898326554827
2015,224,Spline Ridge,spline,1.1104220390382524
2015,225,Spline Ridge,spline,1.0270567523378917
2015,226,Spline Ridge,spline,1.0256130638369252
2015,227,Spline Ridge,spline,1.0242488319450964
2015,228,Spline Ridge,spline,1.0229638974677888
2015,229,Spline Ridge,spline,1.0217581105288966
2015,230,Spline Ridge,spline,1.0206313305416885
2015,231,Spline Ridge,spline,1.0195834261814871
2015,232,Spline Ridge,spline,1.0186142753601592
2015,233,Spline Ridge,spline,1.017723765202411
2015,234,Spline Ridge,spline,1.0169117920238733
2015,235,Spline Ridge,spline,1.0161782613109849
2015,236,Spline Ridge,spline,1.0155230877026535
2015,237,Spline Ridge,spline,1.0149461949737022
2015,238,Spline Ridge,spline,1.0144475160200868
2015,239,Spline Ridge,spline,1.0140269928458876
2015,240,Spline Ridge,spline,1.013684576552068
2015,241,Spline Ridge,spline,1.0134202273269959
2015,242,Spline Ridge,spline,1.0132339144387317
2015,243,Spline Ridge,spline,1.0131256162290712
2015,244,Spline Ridge,spline,1.0130953201093509
2015,245,Spline Ridge,spline,1.0131430225580078
2015,246,Spline Ridge,spline,1.013268729119899
2015,247,Spline Ridge,spline,1.0134724544073739
2015,248,Spline Ridge,spline,1.0137542221031066
2015,249,Spline Ridge,spline,1.014114064964684
2015,250,Spline Ridge,spline,1.0145520248309532
2015,251,Spline Ridge,spline,1.015068152630128
2015,252,Spline Ridge,spline,1.0156625083896618
2015,253,Spline Ridge,spline,1.0163351612478813
2015,254,Spline Ridge,spline,1.017086189467391
2015,255,Spline Ridge,spline,1.0179156804502518
2015,256,Spline Ridge,spline,1.018823730754931
2015,257,Spline Ridge,spline,1.0198104461150381
2015,258,Spline Ridge,spline,1.0208759414598425
2015,259,Spline Ridge,spline,1.0220203409365871
2015,260,Spline Ridge,spline,1.0232437779345946
2020,1,Pick-Bin Baseline,pick_bin,13.403409090909092
2020,2,Pick-Bin Baseline,pick_bin,13.403409090909092
2020,3,Pick-Bin Baseline,pick_bin,13.403409090909092
2020,4,Pick-Bin Baseline,pick_bin,13.403409090909092
2020,5,Pick-Bin Baseline,pick_bin,13.403409090909092
2020,6,Pick-Bin Baseline,pick_bin,13.403409090909092
2020,7,Pick-Bin Baseline,pick_bin,13.403409090909092
2020,8,Pick-Bin Baseline,pick_bin,13.403409090909092
2020,9,Pick-Bin Baseline,pick_bin,13.403409090909092
2020,10,Pick-Bin Baseline,pick_bin,13.403409090909092
2020,11,Pick-Bin Baseline,pick_bin,13.403409090909092
2020,12,Pick-Bin Baseline,pick_bin,13.403409090909092
2020,13,Pick-Bin Baseline,pick_bin,13.403409090909092
2020,14,Pick-Bin Baseline,pick_bin,13.403409090909092
2020,15,Pick-Bin Baseline,pick_bin,13.403409090909092
2020,16,Pick-Bin Baseline,pick_bin,13.403409090909092
2020,17,Pick-Bin Baseline,pick_bin,9.713068181818182
2020,18,Pick-Bin Baseline,pick_bin,9.713068181818182
2020,19,Pick-Bin Baseline,pick_bin,9.713068181818182
2020,20,Pick-Bin Baseline,pick_bin,9.713068181818182
2020,21,Pick-Bin Baseline,pick_bin,9.713068181818182
2020,22,Pick-Bin Baseline,pick_bin,9.713068181818182
2020,23,Pick-Bin Baseline,pick_bin,9.713068181818182
2020,24,Pick-Bin Baseline,pick_bin,9.713068181818182
2020,25,Pick-Bin Baseline,pick_bin,9.713068181818182
2020,26,Pick-Bin Baseline,pick_bin,9.713068181818182
2020,27,Pick-Bin Baseline,pick_bin,9.713068181818182
2020,28,Pick-Bin Baseline,pick_bin,9.713068181818182
2020,29,Pick-Bin Baseline,pick_bin,9.713068181818182
2020,30,Pick-Bin Baseline,pick_bin,9.713068181818182
2020,31,Pick-Bin Baseline,pick_bin,9.713068181818182
2020,32,Pick-Bin Baseline,pick_bin,9.713068181818182
2020,33,Pick-Bin Baseline,pick_bin,8.59375
2020,34,Pick-Bin Baseline,pick_bin,8.59375
2020,35,Pick-Bin Baseline,pick_bin,8.59375
2020,36,Pick-Bin Baseline,pick_bin,8.59375
2020,37,Pick-Bin Baseline,pick_bin,8.59375
2020,38,Pick-Bin Baseline,pick_bin,8.59375
2020,39,Pick-Bin Baseline,pick_bin,8.59375
2020,40,Pick-Bin Baseline,pick_bin,8.59375
2020,41,Pick-Bin Baseline,pick_bin,8.59375
2020,42,Pick-Bin Baseline,pick_bin,8.59375
2020,43,Pick-Bin Baseline,pick_bin,8.59375
2020,44,Pick-Bin Baseline,pick_bin,8.59375
2020,45,Pick-Bin Baseline,pick_bin,8.59375
2020,46,Pick-Bin Baseline,pick_bin,8.59375
2020,47,Pick-Bin Baseline,pick_bin,8.59375
2020,48,Pick-Bin Baseline,pick_bin,8.59375
2020,49,Pick-Bin Baseline,pick_bin,7.110795454545454
2020,50,Pick-Bin Baseline,pick_bin,7.110795454545454
2020,51,Pick-Bin Baseline,pick_bin,7.110795454545454
2020,52,Pick-Bin Baseline,pick_bin,7.110795454545454
2020,53,Pick-Bin Baseline,pick_bin,7.110795454545454
2020,54,Pick-Bin Baseline,pick_bin,7.110795454545454
2020,55,Pick-Bin Baseline,pick_bin,7.110795454545454
2020,56,Pick-Bin Baseline,pick_bin,7.110795454545454
2020,57,Pick-Bin Baseline,pick_bin,7.110795454545454
2020,58,Pick-Bin Baseline,pick_bin,7.110795454545454
2020,59,Pick-Bin Baseline,pick_bin,7.110795454545454
2020,60,Pick-Bin Baseline,pick_bin,7.110795454545454
2020,61,Pick-Bin Baseline,pick_bin,7.110795454545454
2020,62,Pick-Bin Baseline,pick_bin,7.110795454545454
2020,63,Pick-Bin Baseline,pick_bin,7.110795454545454
2020,64,Pick-Bin Baseline,pick_bin,7.110795454545454
2020,65,Pick-Bin Baseline,pick_bin,5.9375
2020,66,Pick-Bin Baseline,pick_bin,5.9375
2020,67,Pick-Bin Baseline,pick_bin,5.9375
2020,68,Pick-Bin Baseline,pick_bin,5.9375
2020,69,Pick-Bin Baseline,pick_bin,5.9375
2020,70,Pick-Bin Baseline,pick_bin,5.9375
2020,71,Pick-Bin Baseline,pick_bin,5.9375
2020,72,Pick-Bin Baseline,pick_bin,5.9375
2020,73,Pick-Bin Baseline,pick_bin,5.9375
2020,74,Pick-Bin Baseline,pick_bin,5.9375
2020,75,Pick-Bin Baseline,pick_bin,5.9375
2020,76,Pick-Bin Baseline,pick_bin,5.9375
2020,77,Pick-Bin Baseline,pick_bin,5.9375
2020,78,Pick-Bin Baseline,pick_bin,5.9375
2020,79,Pick-Bin Baseline,pick_bin,5.9375
2020,80,Pick-Bin Baseline,pick_bin,5.9375
2020,81,Pick-Bin Baseline,pick_bin,4.738636363636363
2020,82,Pick-Bin Baseline,pick_bin,4.738636363636363
2020,83,Pick-Bin Baseline,pick_bin,4.738636363636363
2020,84,Pick-Bin Baseline,pick_bin,4.738636363636363
2020,85,Pick-Bin Baseline,pick_bin,4.738636363636363
2020,86,Pick-Bin Baseline,pick_bin,4.738636363636363
2020,87,Pick-Bin Baseline,pick_bin,4.738636363636363
2020,88,Pick-Bin Baseline,pick_bin,4.738636363636363
2020,89,Pick-Bin Baseline,pick_bin,4.738636363636363
2020,90,Pick-Bin Baseline,pick_bin,4.738636363636363
2020,91,Pick-Bin Baseline,pick_bin,4.738636363636363
2020,92,Pick-Bin Baseline,pick_bin,4.738636363636363
2020,93,Pick-Bin Baseline,pick_bin,4.738636363636363
2020,94,Pick-Bin Baseline,pick_bin,4.738636363636363
2020,95,Pick-Bin Baseline,pick_bin,4.738636363636363
2020,96,Pick-Bin Baseline,pick_bin,4.738636363636363
2020,97,Pick-Bin Baseline,pick_bin,4.2414772727272725
2020,98,Pick-Bin Baseline,pick_bin,4.2414772727272725
2020,99,Pick-Bin Baseline,pick_bin,4.2414772727272725
2020,100,Pick-Bin Baseline,pick_bin,4.2414772727272725
2020,101,Pick-Bin Baseline,pick_bin,4.2414772727272725
2020,102,Pick-Bin Baseline,pick_bin,4.2414772727272725
2020,103,Pick-Bin Baseline,pick_bin,4.2414772727272725
2020,104,Pick-Bin Baseline,pick_bin,4.2414772727272725
2020,105,Pick-Bin Baseline,pick_bin,4.2414772727272725
2020,106,Pick-Bin Baseline,pick_bin,4.2414772727272725
2020,107,Pick-Bin Baseline,pick_bin,4.2414772727272725
2020,108,Pick-Bin Baseline,pick_bin,4.2414772727272725
2020,109,Pick-Bin Baseline,pick_bin,4.2414772727272725
2020,110,Pick-Bin Baseline,pick_bin,4.2414772727272725
2020,111,Pick-Bin Baseline,pick_bin,4.2414772727272725
2020,112,Pick-Bin Baseline,pick_bin,4.2414772727272725
2020,113,Pick-Bin Baseline,pick_bin,3.5511363636363638
2020,114,Pick-Bin Baseline,pick_bin,3.5511363636363638
2020,115,Pick-Bin Baseline,pick_bin,3.5511363636363638
2020,116,Pick-Bin Baseline,pick_bin,3.5511363636363638
2020,117,Pick-Bin Baseline,pick_bin,3.5511363636363638
2020,118,Pick-Bin Baseline,pick_bin,3.5511363636363638
2020,119,Pick-Bin Baseline,pick_bin,3.5511363636363638
2020,120,Pick-Bin Baseline,pick_bin,3.5511363636363638
2020,121,Pick-Bin Baseline,pick_bin,3.5511363636363638
2020,122,Pick-Bin Baseline,pick_bin,3.5511363636363638
2020,123,Pick-Bin Baseline,pick_bin,3.5511363636363638
2020,124,Pick-Bin Baseline,pick_bin,3.5511363636363638
2020,125,Pick-Bin Baseline,pick_bin,3.5511363636363638
2020,126,Pick-Bin Baseline,pick_bin,3.5511363636363638
2020,127,Pick-Bin Baseline,pick_bin,3.5511363636363638
2020,128,Pick-Bin Baseline,pick_bin,3.5511363636363638
2020,129,Pick-Bin Baseline,pick_bin,3.0142045454545454
2020,130,Pick-Bin Baseline,pick_bin,3.0142045454545454
2020,131,Pick-Bin Baseline,pick_bin,3.0142045454545454
2020,132,Pick-Bin Baseline,pick_bin,3.0142045454545454
2020,133,Pick-Bin Baseline,pick_bin,3.0142045454545454
2020,134,Pick-Bin Baseline,pick_bin,3.0142045454545454
2020,135,Pick-Bin Baseline,pick_bin,3.0142045454545454
2020,136,Pick-Bin Baseline,pick_bin,3.0142045454545454
2020,137,Pick-Bin Baseline,pick_bin,3.0142045454545454
2020,138,Pick-Bin Baseline,pick_bin,3.0142045454545454
2020,139,Pick-Bin Baseline,pick_bin,3.0142045454545454
2020,140,Pick-Bin Baseline,pick_bin,3.0142045454545454
2020,141,Pick-Bin Baseline,pick_bin,3.0142045454545454
2020,142,Pick-Bin Baseline,pick_bin,3.0142045454545454
2020,143,Pick-Bin Baseline,pick_bin,3.0142045454545454
2020,144,Pick-Bin Baseline,pick_bin,3.0142045454545454
2020,145,Pick-Bin Baseline,pick_bin,2.821022727272727
2020,146,Pick-Bin Baseline,pick_bin,2.821022727272727
2020,147,Pick-Bin Baseline,pick_bin,2.821022727272727
2020,148,Pick-Bin Baseline,pick_bin,2.821022727272727
2020,149,Pick-Bin Baseline,pick_bin,2.821022727272727
2020,150,Pick-Bin Baseline,pick_bin,2.821022727272727
2020,151,Pick-Bin Baseline,pick_bin,2.821022727272727
2020,152,Pick-Bin Baseline,pick_bin,2.821022727272727
2020,153,Pick-Bin Baseline,pick_bin,2.821022727272727
2020,154,Pick-Bin Baseline,pick_bin,2.821022727272727
2020,155,Pick-Bin Baseline,pick_bin,2.821022727272727
2020,156,Pick-Bin Baseline,pick_bin,2.821022727272727
2020,157,Pick-Bin Baseline,pick_bin,2.821022727272727
2020,158,Pick-Bin Baseline,pick_bin,2.821022727272727
2020,159,Pick-Bin Baseline,pick_bin,2.821022727272727
2020,160,Pick-Bin Baseline,pick_bin,2.821022727272727
2020,161,Pick-Bin Baseline,pick_bin,2.4744318181818183
2020,162,Pick-Bin Baseline,pick_bin,2.4744318181818183
2020,163,Pick-Bin Baseline,pick_bin,2.4744318181818183
2020,164,Pick-Bin Baseline,pick_bin,2.4744318181818183
2020,165,Pick-Bin Baseline,pick_bin,2.4744318181818183
2020,166,Pick-Bin Baseline,pick_bin,2.4744318181818183
2020,167,Pick-Bin Baseline,pick_bin,2.4744318181818183
2020,168,Pick-Bin Baseline,pick_bin,2.4744318181818183
2020,169,Pick-Bin Baseline,pick_bin,2.4744318181818183
2020,170,Pick-Bin Baseline,pick_bin,2.4744318181818183
2020,171,Pick-Bin Baseline,pick_bin,2.4744318181818183
2020,172,Pick-Bin Baseline,pick_bin,2.4744318181818183
2020,173,Pick-Bin Baseline,pick_bin,2.4744318181818183
2020,174,Pick-Bin Baseline,pick_bin,2.4744318181818183
2020,175,Pick-Bin Baseline,pick_bin,2.4744318181818183
2020,176,Pick-Bin Baseline,pick_bin,2.4744318181818183
2020,177,Pick-Bin Baseline,pick_bin,1.9744318181818181
2020,178,Pick-Bin Baseline,pick_bin,1.9744318181818181
2020,179,Pick-Bin Baseline,pick_bin,1.9744318181818181
2020,180,Pick-Bin Baseline,pick_bin,1.9744318181818181
2020,181,Pick-Bin Baseline,pick_bin,1.9744318181818181
2020,182,Pick-Bin Baseline,pick_bin,1.9744318181818181
2020,183,Pick-Bin Baseline,pick_bin,1.9744318181818181
2020,184,Pick-Bin Baseline,pick_bin,1.9744318181818181
2020,185,Pick-Bin Baseline,pick_bin,1.9744318181818181
2020,186,Pick-Bin Baseline,pick_bin,1.9744318181818181
2020,187,Pick-Bin Baseline,pick_bin,1.9744318181818181
2020,188,Pick-Bin Baseline,pick_bin,1.9744318181818181
2020,189,Pick-Bin Baseline,pick_bin,1.9744318181818181
2020,190,Pick-Bin Baseline,pick_bin,1.9744318181818181
2020,191,Pick-Bin Baseline,pick_bin,1.9744318181818181
2020,192,Pick-Bin Baseline,pick_bin,1.9744318181818181
2020,193,Pick-Bin Baseline,pick_bin,1.6789772727272727
2020,194,Pick-Bin Baseline,pick_bin,1.6789772727272727
2020,195,Pick-Bin Baseline,pick_bin,1.6789772727272727
2020,196,Pick-Bin Baseline,pick_bin,1.6789772727272727
2020,197,Pick-Bin Baseline,pick_bin,1.6789772727272727
2020,198,Pick-Bin Baseline,pick_bin,1.6789772727272727
2020,199,Pick-Bin Baseline,pick_bin,1.6789772727272727
2020,200,Pick-Bin Baseline,pick_bin,1.6789772727272727
2020,201,Pick-Bin Baseline,pick_bin,1.6789772727272727
2020,202,Pick-Bin Baseline,pick_bin,1.6789772727272727
2020,203,Pick-Bin Baseline,pick_bin,1.6789772727272727
2020,204,Pick-Bin Baseline,pick_bin,1.6789772727272727
2020,205,Pick-Bin Baseline,pick_bin,1.6789772727272727
2020,206,Pick-Bin Baseline,pick_bin,1.6789772727272727
2020,207,Pick-Bin Baseline,pick_bin,1.6789772727272727
2020,208,Pick-Bin Baseline,pick_bin,1.6789772727272727
2020,209,Pick-Bin Baseline,pick_bin,1.7159090909090908
2020,210,Pick-Bin Baseline,pick_bin,1.7159090909090908
2020,211,Pick-Bin Baseline,pick_bin,1.7159090909090908
2020,212,Pick-Bin Baseline,pick_bin,1.7159090909090908
2020,213,Pick-Bin Baseline,pick_bin,1.7159090909090908
2020,214,Pick-Bin Baseline,pick_bin,1.7159090909090908
2020,215,Pick-Bin Baseline,pick_bin,1.7159090909090908
2020,216,Pick-Bin Baseline,pick_bin,1.7159090909090908
2020,217,Pick-Bin Baseline,pick_bin,1.7159090909090908
2020,218,Pick-Bin Baseline,pick_bin,1.7159090909090908
2020,219,Pick-Bin Baseline,pick_bin,1.7159090909090908
2020,220,Pick-Bin Baseline,pick_bin,1.7159090909090908
2020,221,Pick-Bin Baseline,pick_bin,1.7159090909090908
2020,222,Pick-Bin Baseline,pick_bin,1.7159090909090908
2020,223,Pick-Bin Baseline,pick_bin,1.7159090909090908
2020,224,Pick-Bin Baseline,pick_bin,1.7159090909090908
2020,225,Pick-Bin Baseline,pick_bin,1.4119318181818181
2020,226,Pick-Bin Baseline,pick_bin,1.4119318181818181
2020,227,Pick-Bin Baseline,pick_bin,1.4119318181818181
2020,228,Pick-Bin Baseline,pick_bin,1.4119318181818181
2020,229,Pick-Bin Baseline,pick_bin,1.4119318181818181
2020,230,Pick-Bin Baseline,pick_bin,1.4119318181818181
2020,231,Pick-Bin Baseline,pick_bin,1.4119318181818181
2020,232,Pick-Bin Baseline,pick_bin,1.4119318181818181
2020,233,Pick-Bin Baseline,pick_bin,1.4119318181818181
2020,234,Pick-Bin Baseline,pick_bin,1.4119318181818181
2020,235,Pick-Bin Baseline,pick_bin,1.4119318181818181
2020,236,Pick-Bin Baseline,pick_bin,1.4119318181818181
2020,237,Pick-Bin Baseline,pick_bin,1.4119318181818181
2020,238,Pick-Bin Baseline,pick_bin,1.4119318181818181
2020,239,Pick-Bin Baseline,pick_bin,1.4119318181818181
2020,240,Pick-Bin Baseline,pick_bin,1.4119318181818181
2020,241,Pick-Bin Baseline,pick_bin,1.3493589743589745
2020,242,Pick-Bin Baseline,pick_bin,1.3493589743589745
2020,243,Pick-Bin Baseline,pick_bin,1.3493589743589745
2020,244,Pick-Bin Baseline,pick_bin,1.3493589743589745
2020,245,Pick-Bin Baseline,pick_bin,1.3493589743589745
2020,246,Pick-Bin Baseline,pick_bin,1.3493589743589745
2020,247,Pick-Bin Baseline,pick_bin,1.3493589743589745
2020,248,Pick-Bin Baseline,pick_bin,1.3493589743589745
2020,249,Pick-Bin Baseline,pick_bin,1.3493589743589745
2020,250,Pick-Bin Baseline,pick_bin,1.3493589743589745
2020,251,Pick-Bin Baseline,pick_bin,1.3493589743589745
2020,252,Pick-Bin Baseline,pick_bin,1.3493589743589745
2020,253,Pick-Bin Baseline,pick_bin,1.3493589743589745
2020,254,Pick-Bin Baseline,pick_bin,1.3493589743589745
2020,255,Pick-Bin Baseline,pick_bin,1.3493589743589745
2020,256,Pick-Bin Baseline,pick_bin,1.3493589743589745
2020,257,Pick-Bin Baseline,pick_bin,0.7272727272727273
2020,258,Pick-Bin Baseline,pick_bin,0.7272727272727273
2020,259,Pick-Bin Baseline,pick_bin,0.7272727272727273
2020,260,Pick-Bin Baseline,pick_bin,0.7272727272727273
2020,1,XGBoost,xgboost,13.013322830200195
2020,2,XGBoost,xgboost,13.013322830200195
2020,3,XGBoost,xgboost,12.809576988220215
2020,4,XGBoost,xgboost,12.887889862060547
2020,5,XGBoost,xgboost,12.938233375549316
2020,6,XGBoost,xgboost,12.836312294006348
2020,7,XGBoost,xgboost,12.428637504577637
2020,8,XGBoost,xgboost,12.401341438293457
2020,9,XGBoost,xgboost,12.345795631408691
2020,10,XGBoost,xgboost,11.936430931091309
2020,11,XGBoost,xgboost,11.917445182800293
2020,12,XGBoost,xgboost,11.790082931518555
2020,13,XGBoost,xgboost,11.791228294372559
2020,14,XGBoost,xgboost,10.841146469116211
2020,15,XGBoost,xgboost,10.218121528625488
2020,16,XGBoost,xgboost,10.190327644348145
2020,17,XGBoost,xgboost,10.057061195373535
2020,18,XGBoost,xgboost,9.996079444885254
2020,19,XGBoost,xgboost,9.759088516235352
2020,20,XGBoost,xgboost,9.334115982055664
2020,21,XGBoost,xgboost,8.803450584411621
2020,22,XGBoost,xgboost,8.246294021606445
2020,23,XGBoost,xgboost,8.241347312927246
2020,24,XGBoost,xgboost,8.241347312927246
2020,25,XGBoost,xgboost,8.241347312927246
2020,26,XGBoost,xgboost,7.987940788269043
2020,27,XGBoost,xgboost,7.987940788269043
2020,28,XGBoost,xgboost,7.987940788269043
2020,29,XGBoost,xgboost,7.987940788269043
2020,30,XGBoost,xgboost,8.006428718566895
2020,31,XGBoost,xgboost,8.006428718566895
2020,32,XGBoost,xgboost,8.006428718566895
2020,33,XGBoost,xgboost,7.721048831939697
2020,34,XGBoost,xgboost,7.721048831939697
2020,35,XGBoost,xgboost,7.721048831939697
2020,36,XGBoost,xgboost,7.721048831939697
2020,37,XGBoost,xgboost,7.685492038726807
2020,38,XGBoost,xgboost,7.578762531280518
2020,39,XGBoost,xgboost,7.578762531280518
2020,40,XGBoost,xgboost,7.326333522796631
2020,41,XGBoost,xgboost,7.317918300628662
2020,42,XGBoost,xgboost,7.317918300628662
2020,43,XGBoost,xgboost,7.144214630126953
2020,44,XGBoost,xgboost,7.098799705505371
2020,45,XGBoost,xgboost,7.035040378570557
2020,46,XGBoost,xgboost,6.718754291534424
2020,47,XGBoost,xgboost,6.712446212768555
2020,48,XGBoost,xgboost,6.700710296630859
2020,49,XGBoost,xgboost,6.458869457244873
2020,50,XGBoost,xgboost,6.455301284790039
2020,51,XGBoost,xgboost,6.436315059661865
2020,52,XGBoost,xgboost,6.418100833892822
2020,53,XGBoost,xgboost,6.292411804199219
2020,54,XGBoost,xgboost,6.092905521392822
2020,55,XGBoost,xgboost,6.092905521392822
2020,56,XGBoost,xgboost,6.031846523284912
2020,57,XGBoost,xgboost,6.031846523284912
2020,58,XGBoost,xgboost,6.031846523284912
2020,59,XGBoost,xgboost,5.986971378326416
2020,60,XGBoost,xgboost,5.986971378326416
2020,61,XGBoost,xgboost,5.986971378326416
2020,62,XGBoost,xgboost,5.986971378326416
2020,63,XGBoost,xgboost,5.986971378326416
2020,64,XGBoost,xgboost,5.986971378326416
2020,65,XGBoost,xgboost,5.2805867195129395
2020,66,XGBoost,xgboost,5.267754554748535
2020,67,XGBoost,xgboost,5.139590263366699
2020,68,XGBoost,xgboost,5.027340888977051
2020,69,XGBoost,xgboost,5.027340888977051
2020,70,XGBoost,xgboost,5.027340888977051
2020,71,XGBoost,xgboost,5.0205488204956055
2020,72,XGBoost,xgboost,4.9841203689575195
2020,73,XGBoost,xgboost,4.9841203689575195
2020,74,XGBoost,xgboost,4.486792087554932
2020,75,XGBoost,xgboost,4.495438098907471
2020,76,XGBoost,xgboost,4.425535202026367
2020,77,XGBoost,xgboost,4.422696590423584
2020,78,XGBoost,xgboost,4.401780605316162
2020,79,XGBoost,xgboost,4.017086505889893
2020,80,XGBoost,xgboost,4.017086505889893
2020,81,XGBoost,xgboost,4.017086505889893
2020,82,XGBoost,xgboost,4.00236177444458
2020,83,XGBoost,xgboost,4.00236177444458
2020,84,XGBoost,xgboost,3.994230031967163
2020,85,XGBoost,xgboost,3.7457242012023926
2020,86,XGBoost,xgboost,3.7457242012023926
2020,87,XGBoost,xgboost,3.637073516845703
2020,88,XGBoost,xgboost,3.637073516845703
2020,89,XGBoost,xgboost,3.637073516845703
2020,90,XGBoost,xgboost,3.637073516845703
2020,91,XGBoost,xgboost,3.637073516845703
2020,92,XGBoost,xgboost,3.635216236114502
2020,93,XGBoost,xgboost,3.5514965057373047
2020,94,XGBoost,xgboost,3.547189474105835
2020,95,XGBoost,xgboost,3.5426506996154785
2020,96,XGBoost,xgboost,3.53592586517334
2020,97,XGBoost,xgboost,3.504943370819092
2020,98,XGBoost,xgboost,3.504943370819092
2020,99,XGBoost,xgboost,3.486684799194336
2020,100,XGBoost,xgboost,3.482466697692871
2020,101,XGBoost,xgboost,3.482466697692871
2020,102,XGBoost,xgboost,3.480206251144409
2020,103,XGBoost,xgboost,3.480206251144409
2020,104,XGBoost,xgboost,3.480206251144409
2020,105,XGBoost,xgboost,3.480206251144409
2020,106,XGBoost,xgboost,3.4749581813812256
2020,107,XGBoost,xgboost,3.4167287349700928
2020,108,XGBoost,xgboost,3.402216672897339
2020,109,XGBoost,xgboost,3.402216672897339
2020,110,XGBoost,xgboost,3.398742437362671
2020,111,XGBoost,xgboost,3.3849143981933594
2020,112,XGBoost,xgboost,3.288865089416504
2020,113,XGBoost,xgboost,3.2628068923950195
2020,114,XGBoost,xgboost,3.157451868057251
2020,115,XGBoost,xgboost,3.1375796794891357
2020,116,XGBoost,xgboost,3.1375796794891357
2020,117,XGBoost,xgboost,3.1375796794891357
2020,118,XGBoost,xgboost,3.1375796794891357
2020,119,XGBoost,xgboost,3.144798755645752
2020,120,XGBoost,xgboost,3.1408944129943848
2020,121,XGBoost,xgboost,3.002284049987793
2020,122,XGBoost,xgboost,3.002284049987793
2020,123,XGBoost,xgboost,3.002284049987793
2020,124,XGBoost,xgboost,3.002284049987793
2020,125,XGBoost,xgboost,2.9865996837615967
2020,126,XGBoost,xgboost,2.9843461513519287
2020,127,XGBoost,xgboost,2.960068941116333
2020,128,XGBoost,xgboost,2.9521520137786865
2020,129,XGBoost,xgboost,2.787865161895752
2020,130,XGBoost,xgboost,2.7695741653442383
2020,131,XGBoost,xgboost,2.7695741653442383
2020,132,XGBoost,xgboost,2.7265405654907227
2020,133,XGBoost,xgboost,2.7265405654907227
2020,134,XGBoost,xgboost,2.7265405654907227
2020,135,XGBoost,xgboost,2.7265405654907227
2020,136,XGBoost,xgboost,2.7265405654907227
2020,137,XGBoost,xgboost,2.7265405654907227
2020,138,XGBoost,xgboost,2.7265405654907227
2020,139,XGBoost,xgboost,2.7265405654907227
2020,140,XGBoost,xgboost,2.7265405654907227
2020,141,XGBoost,xgboost,2.7265405654907227
2020,142,XGBoost,xgboost,2.7265405654907227
2020,143,XGBoost,xgboost,2.7265405654907227
2020,144,XGBoost,xgboost,2.7265405654907227
2020,145,XGBoost,xgboost,2.7265405654907227
2020,146,XGBoost,xgboost,2.7265405654907227
2020,147,XGBoost,xgboost,2.6667189598083496
2020,148,XGBoost,xgboost,2.6667189598083496
2020,149,XGBoost,xgboost,2.6667189598083496
2020,150,XGBoost,xgboost,2.610107421875
2020,151,XGBoost,xgboost,2.5847110748291016
2020,152,XGBoost,xgboost,2.492750883102417
2020,153,XGBoost,xgboost,2.492750883102417
2020,154,XGBoost,xgboost,2.4860169887542725
2020,155,XGBoost,xgboost,2.473092555999756
2020,156,XGBoost,xgboost,2.364046573638916
2020,157,XGBoost,xgboost,2.364046573638916
2020,158,XGBoost,xgboost,2.364046573638916
2020,159,XGBoost,xgboost,2.364046573638916
2020,160,XGBoost,xgboost,2.364046573638916
2020,161,XGBoost,xgboost,2.1001696586608887
2020,162,XGBoost,xgboost,2.0957422256469727
2020,163,XGBoost,xgboost,2.0957422256469727
2020,164,XGBoost,xgboost,2.0957422256469727
2020,165,XGBoost,xgboost,2.0957422256469727
2020,166,XGBoost,xgboost,2.0932908058166504
2020,167,XGBoost,xgboost,2.0911571979522705
2020,168,XGBoost,xgboost,2.0911571979522705
2020,169,XGBoost,xgboost,2.0780839920043945
2020,170,XGBoost,xgboost,2.063838243484497
2020,171,XGBoost,xgboost,2.063838243484497
2020,172,XGBoost,xgboost,2.063838243484497
2020,173,XGBoost,xgboost,2.063838243484497
2020,174,XGBoost,xgboost,2.063838243484497
2020,175,XGBoost,xgboost,2.047802209854126
2020,176,XGBoost,xgboost,1.9772183895111084
2020,177,XGBoost,xgboost,1.9772183895111084
2020,178,XGBoost,xgboost,1.9772183895111084
2020,179,XGBoost,xgboost,1.9750256538391113
2020,180,XGBoost,xgboost,1.97265625
2020,181,XGBoost,xgboost,1.968370795249939
2020,182,XGBoost,xgboost,1.9598215818405151
2020,183,XGBoost,xgboost,1.9416241645812988
2020,184,XGBoost,xgboost,1.9416241645812988
2020,185,XGBoost,xgboost,1.9202862977981567
2020,186,XGBoost,xgboost,1.9202862977981567
2020,187,XGBoost,xgboost,1.9202862977981567
2020,188,XGBoost,xgboost,1.9202862977981567
2020,189,XGBoost,xgboost,1.9190701246261597
2020,190,XGBoost,xgboost,1.917288899421692
2020,191,XGBoost,xgboost,1.917288899421692
2020,192,XGBoost,xgboost,1.9103316068649292
2020,193,XGBoost,xgboost,1.9060499668121338
2020,194,XGBoost,xgboost,1.8926260471343994
2020,195,XGBoost,xgboost,1.8926260471343994
2020,196,XGBoost,xgboost,1.872686505317688
2020,197,XGBoost,xgboost,1.8707410097122192
2020,198,XGBoost,xgboost,1.8707410097122192
2020,199,XGBoost,xgboost,1.8707410097122192
2020,200,XGBoost,xgboost,1.8294496536254883
2020,201,XGBoost,xgboost,1.8141721487045288
2020,202,XGBoost,xgboost,1.8141721487045288
2020,203,XGBoost,xgboost,1.8141721487045288
2020,204,XGBoost,xgboost,1.8141721487045288
2020,205,XGBoost,xgboost,1.8141721487045288
2020,206,XGBoost,xgboost,1.8141721487045288
2020,207,XGBoost,xgboost,1.8141721487045288
2020,208,XGBoost,xgboost,1.8141721487045288
2020,209,XGBoost,xgboost,1.8141721487045288
2020,210,XGBoost,xgboost,1.8141721487045288
2020,211,XGBoost,xgboost,1.8141721487045288
2020,212,XGBoost,xgboost,1.8141721487045288
2020,213,XGBoost,xgboost,1.8141721487045288
2020,214,XGBoost,xgboost,1.8141721487045288
2020,215,XGBoost,xgboost,1.8141721487045288
2020,216,XGBoost,xgboost,1.8141721487045288
2020,217,XGBoost,xgboost,1.8141721487045288
2020,218,XGBoost,xgboost,1.8141721487045288
2020,219,XGBoost,xgboost,1.8099465370178223
2020,220,XGBoost,xgboost,1.8099465370178223
2020,221,XGBoost,xgboost,1.8099465370178223
2020,222,XGBoost,xgboost,1.8081061840057373
2020,223,XGBoost,xgboost,1.8081061840057373
2020,224,XGBoost,xgboost,1.8081061840057373
2020,225,XGBoost,xgboost,1.804456353187561
2020,226,XGBoost,xgboost,1.804456353187561
2020,227,XGBoost,xgboost,1.804456353187561
2020,228,XGBoost,xgboost,1.804456353187561
2020,229,XGBoost,xgboost,1.804456353187561
2020,230,XGBoost,xgboost,1.804456353187561
2020,231,XGBoost,xgboost,1.804456353187561
2020,232,XGBoost,xgboost,1.804456353187561
2020,233,XGBoost,xgboost,1.804456353187561
2020,234,XGBoost,xgboost,1.7988356351852417
2020,235,XGBoost,xgboost,1.7988356351852417
2020,236,XGBoost,xgboost,1.7988356351852417
2020,237,XGBoost,xgboost,1.7988356351852417
2020,238,XGBoost,xgboost,1.7988356351852417
2020,239,XGBoost,xgboost,1.7988356351852417
2020,240,XGBoost,xgboost,1.7988356351852417
2020,241,XGBoost,xgboost,1.7988356351852417
2020,242,XGBoost,xgboost,1.7988356351852417
2020,243,XGBoost,xgboost,1.7988356351852417
2020,244,XGBoost,xgboost,1.7988356351852417
2020,245,XGBoost,xgboost,1.7988356351852417
2020,246,XGBoost,xgboost,1.7988356351852417
2020,247,XGBoost,xgboost,1.7988356351852417
2020,248,XGBoost,xgboost,1.7988356351852417
2020,249,XGBoost,xgboost,1.7988356351852417
2020,250,XGBoost,xgboost,1.7988356351852417
2020,251,XGBoost,xgboost,1.7988356351852417
2020,252,XGBoost,xgboost,1.7988356351852417
2020,253,XGBoost,xgboost,1.7988356351852417
2020,254,XGBoost,xgboost,1.7988356351852417
2020,255,XGBoost,xgboost,1.7988356351852417
2020,256,XGBoost,xgboost,1.7988356351852417
2020,257,XGBoost,xgboost,1.7988356351852417
2020,258,XGBoost,xgboost,1.7988356351852417
2020,259,XGBoost,xgboost,1.7988356351852417
2020,260,XGBoost,xgboost,1.7988356351852417
2020,1,CatBoost,catboost,12.425821445268337
2020,2,CatBoost,catboost,12.425821445268337
2020,3,CatBoost,catboost,12.299055454227187
2020,4,CatBoost,catboost,12.286507036304656
2020,5,CatBoost,catboost,12.242248158889733
2020,6,CatBoost,catboost,12.164393159546304
2020,7,CatBoost,catboost,11.921322557534518
2020,8,CatBoost,catboost,11.787481060822731
2020,9,CatBoost,catboost,11.507070953809977
2020,10,CatBoost,catboost,11.247816855160227
2020,11,CatBoost,catboost,11.137396039336608
2020,12,CatBoost,catboost,11.008341728282488
2020,13,CatBoost,catboost,10.899950971324166
2020,14,CatBoost,catboost,10.532475229161044
2020,15,CatBoost,catboost,10.037582357067679
2020,16,CatBoost,catboost,9.855216510587109
2020,17,CatBoost,catboost,9.568731440891117
2020,18,CatBoost,catboost,9.211013992855406
2020,19,CatBoost,catboost,8.948047457724101
2020,20,CatBoost,catboost,8.821996574157097
2020,21,CatBoost,catboost,8.634450462272985
2020,22,CatBoost,catboost,8.40029415591727
2020,23,CatBoost,catboost,8.40029415591727
2020,24,CatBoost,catboost,8.132690875048905
2020,25,CatBoost,catboost,8.024298539561338
2020,26,CatBoost,catboost,7.972786835988452
2020,27,CatBoost,catboost,7.9047362132335675
2020,28,CatBoost,catboost,7.825501412386778
2020,29,CatBoost,catboost,7.825754566069033
2020,30,CatBoost,catboost,7.825754566069033
2020,31,CatBoost,catboost,7.825754566069033
2020,32,CatBoost,catboost,7.775285872066011
2020,33,CatBoost,catboost,7.053923654939332
2020,34,CatBoost,catboost,7.053923654939332
2020,35,CatBoost,catboost,7.053923654939332
2020,36,CatBoost,catboost,7.013556822563229
2020,37,CatBoost,catboost,7.013556822563229
2020,38,CatBoost,catboost,7.013556822563229
2020,39,CatBoost,catboost,6.993172266205958
2020,40,CatBoost,catboost,6.885463300518033
2020,41,CatBoost,catboost,6.861428521251154
2020,42,CatBoost,catboost,6.853998699114841
2020,43,CatBoost,catboost,6.751030508623463
2020,44,CatBoost,catboost,6.71885534733069
2020,45,CatBoost,catboost,6.664786259106595
2020,46,CatBoost,catboost,6.559985339974059
2020,47,CatBoost,catboost,6.473308622793274
2020,48,CatBoost,catboost,6.473308622793274
2020,49,CatBoost,catboost,6.446639996329334
2020,50,CatBoost,catboost,6.430812800673361
2020,51,CatBoost,catboost,6.386818722104642
2020,52,CatBoost,catboost,6.320750936783989
2020,53,CatBoost,catboost,6.311306874799728
2020,54,CatBoost,catboost,6.24552892586668
2020,55,CatBoost,catboost,6.162633143557461
2020,56,CatBoost,catboost,6.144285015732253
2020,57,CatBoost,catboost,6.144285015732253
2020,58,CatBoost,catboost,6.081959800273161
2020,59,CatBoost,catboost,6.039563136465515
2020,60,CatBoost,catboost,6.039563136465515
2020,61,CatBoost,catboost,6.039563136465515
2020,62,CatBoost,catboost,6.010014278782198
2020,63,CatBoost,catboost,6.010014278782198
2020,64,CatBoost,catboost,6.010014278782198
2020,65,CatBoost,catboost,4.925618495802359
2020,66,CatBoost,catboost,4.925618495802359
2020,67,CatBoost,catboost,4.923215281791035
2020,68,CatBoost,catboost,4.9071883049788525
2020,69,CatBoost,catboost,4.898022207153872
2020,70,CatBoost,catboost,4.798667730222489
2020,71,CatBoost,catboost,4.798667730222489
2020,72,CatBoost,catboost,4.721646254177622
2020,73,CatBoost,catboost,4.599270355073178
2020,74,CatBoost,catboost,4.540214410692792
2020,75,CatBoost,catboost,4.490334797007961
2020,76,CatBoost,catboost,4.442898686078385
2020,77,CatBoost,catboost,4.372808871483526
2020,78,CatBoost,catboost,4.329539083005905
2020,79,CatBoost,catboost,4.184476808874401
2020,80,CatBoost,catboost,4.109768290339152
2020,81,CatBoost,catboost,3.994903148471658
2020,82,CatBoost,catboost,3.903612951065589
2020,83,CatBoost,catboost,3.885442110230187
2020,84,CatBoost,catboost,3.8557301488091236
2020,85,CatBoost,catboost,3.7491662586159205
2020,86,CatBoost,catboost,3.71255971143178
2020,87,CatBoost,catboost,3.7162934593065438
2020,88,CatBoost,catboost,3.7069836125545423
2020,89,CatBoost,catboost,3.6907661160797627
2020,90,CatBoost,catboost,3.6991232186598757
2020,91,CatBoost,catboost,3.681370612423331
2020,92,CatBoost,catboost,3.681370612423331
2020,93,CatBoost,catboost,3.6590491243410224
2020,94,CatBoost,catboost,3.637716787683799
2020,95,CatBoost,catboost,3.6035105316245746
2020,96,CatBoost,catboost,3.6035105316245746
2020,97,CatBoost,catboost,3.2908525766281924
2020,98,CatBoost,catboost,3.2908525766281924
2020,99,CatBoost,catboost,3.2908525766281924
2020,100,CatBoost,catboost,3.2908525766281924
2020,101,CatBoost,catboost,3.2908525766281924
2020,102,CatBoost,catboost,3.248403047015961
2020,103,CatBoost,catboost,3.248403047015961
2020,104,CatBoost,catboost,3.248403047015961
2020,105,CatBoost,catboost,3.248403047015961
2020,106,CatBoost,catboost,3.2244790811104194
2020,107,CatBoost,catboost,3.2244790811104194
2020,108,CatBoost,catboost,3.201997624225821
2020,109,CatBoost,catboost,3.1959689063678303
2020,110,CatBoost,catboost,3.1959689063678303
2020,111,CatBoost,catboost,3.17140551263634
2020,112,CatBoost,catboost,3.17140551263634
2020,113,CatBoost,catboost,3.1596277301496145
2020,114,CatBoost,catboost,3.15617031139137
2020,115,CatBoost,catboost,3.119985920741316
2020,116,CatBoost,catboost,3.119985920741316
2020,117,CatBoost,catboost,3.0767433170608314
2020,118,CatBoost,catboost,3.0767433170608314
2020,119,CatBoost,catboost,3.0500687394335557
2020,120,CatBoost,catboost,3.0500687394335557
2020,121,CatBoost,catboost,3.0438742366775213
2020,122,CatBoost,catboost,3.0438742366775213
2020,123,CatBoost,catboost,3.0257698148889083
2020,124,CatBoost,catboost,3.0257698148889083
2020,125,CatBoost,catboost,3.00200638697548
2020,126,CatBoost,catboost,3.00200638697548
2020,127,CatBoost,catboost,2.972204043973732
2020,128,CatBoost,catboost,2.947454827414113
2020,129,CatBoost,catboost,2.531733293368891
2020,130,CatBoost,catboost,2.5024880133085263
2020,131,CatBoost,catboost,2.5024880133085263
2020,132,CatBoost,catboost,2.5024880133085263
2020,133,CatBoost,catboost,2.5024880133085263
2020,134,CatBoost,catboost,2.5024880133085263
2020,135,CatBoost,catboost,2.5024880133085263
2020,136,CatBoost,catboost,2.5024880133085263
2020,137,CatBoost,catboost,2.50130711259813
2020,138,CatBoost,catboost,2.50130711259813
2020,139,CatBoost,catboost,2.50130711259813
2020,140,CatBoost,catboost,2.50130711259813
2020,141,CatBoost,catboost,2.463270617840273
2020,142,CatBoost,catboost,2.463270617840273
2020,143,CatBoost,catboost,2.463270617840273
2020,144,CatBoost,catboost,2.463270617840273
2020,145,CatBoost,catboost,2.463270617840273
2020,146,CatBoost,catboost,2.463270617840273
2020,147,CatBoost,catboost,2.463270617840273
2020,148,CatBoost,catboost,2.463270617840273
2020,149,CatBoost,catboost,2.463270617840273
2020,150,CatBoost,catboost,2.454177806451205
2020,151,CatBoost,catboost,2.449678400917277
2020,152,CatBoost,catboost,2.4424409835968484
2020,153,CatBoost,catboost,2.442070413682871
2020,154,CatBoost,catboost,2.442070413682871
2020,155,CatBoost,catboost,2.432509711786473
2020,156,CatBoost,catboost,2.4177464993488487
2020,157,CatBoost,catboost,2.3692212366645236
2020,158,CatBoost,catboost,2.3692212366645236
2020,159,CatBoost,catboost,2.3692212366645236
2020,160,CatBoost,catboost,2.355993936011814
2020,161,CatBoost,catboost,1.981619198354772
2020,162,CatBoost,catboost,1.981619198354772
2020,163,CatBoost,catboost,1.981619198354772
2020,164,CatBoost,catboost,1.9810434192434117
2020,165,CatBoost,catboost,1.9771798092218846
2020,166,CatBoost,catboost,1.9705002548191692
2020,167,CatBoost,catboost,1.9482726635973973
2020,168,CatBoost,catboost,1.9482726635973973
2020,169,CatBoost,catboost,1.9482726635973973
2020,170,CatBoost,catboost,1.9482726635973973
2020,171,CatBoost,catboost,1.9482726635973973
2020,172,CatBoost,catboost,1.9482726635973973
2020,173,CatBoost,catboost,1.9482726635973973
2020,174,CatBoost,catboost,1.9482726635973973
2020,175,CatBoost,catboost,1.9467514751081212
2020,176,CatBoost,catboost,1.9391001796970078
2020,177,CatBoost,catboost,1.9350794227344608
2020,178,CatBoost,catboost,1.9293840773313748
2020,179,CatBoost,catboost,1.9293840773313748
2020,180,CatBoost,catboost,1.9293840773313748
2020,181,CatBoost,catboost,1.9293840773313748
2020,182,CatBoost,catboost,1.9230085378494985
2020,183,CatBoost,catboost,1.9180015316348746
2020,184,CatBoost,catboost,1.905346900761928
2020,185,CatBoost,catboost,1.9016603212576269
2020,186,CatBoost,catboost,1.897231089719396
2020,187,CatBoost,catboost,1.897231089719396
2020,188,CatBoost,catboost,1.897231089719396
2020,189,CatBoost,catboost,1.8860587996877913
2020,190,CatBoost,catboost,1.8860587996877913
2020,191,CatBoost,catboost,1.8860587996877913
2020,192,CatBoost,catboost,1.8860587996877913
2020,193,CatBoost,catboost,1.7786941172272916
2020,194,CatBoost,catboost,1.7596697572521243
2020,195,CatBoost,catboost,1.7610189272073833
2020,196,CatBoost,catboost,1.7610189272073833
2020,197,CatBoost,catboost,1.7610189272073833
2020,198,CatBoost,catboost,1.7610189272073833
2020,199,CatBoost,catboost,1.7610189272073833
2020,200,CatBoost,catboost,1.7610189272073833
2020,201,CatBoost,catboost,1.7610189272073833
2020,202,CatBoost,catboost,1.7610189272073833
2020,203,CatBoost,catboost,1.7610189272073833
2020,204,CatBoost,catboost,1.7610189272073833
2020,205,CatBoost,catboost,1.7610189272073833
2020,206,CatBoost,catboost,1.7610189272073833
2020,207,CatBoost,catboost,1.7610189272073833
2020,208,CatBoost,catboost,1.7610189272073833
2020,209,CatBoost,catboost,1.7610189272073833
2020,210,CatBoost,catboost,1.7610189272073833
2020,211,CatBoost,catboost,1.7610189272073833
2020,212,CatBoost,catboost,1.7610189272073833
2020,213,CatBoost,catboost,1.7610189272073833
2020,214,CatBoost,catboost,1.7610189272073833
2020,215,CatBoost,catboost,1.7610189272073833
2020,216,CatBoost,catboost,1.7610189272073833
2020,217,CatBoost,catboost,1.7610189272073833
2020,218,CatBoost,catboost,1.7610189272073833
2020,219,CatBoost,catboost,1.7610189272073833
2020,220,CatBoost,catboost,1.7610189272073833
2020,221,CatBoost,catboost,1.7610189272073833
2020,222,CatBoost,catboost,1.7610189272073833
2020,223,CatBoost,catboost,1.7610189272073833
2020,224,CatBoost,catboost,1.7610189272073833
2020,225,CatBoost,catboost,1.7610189272073833
2020,226,CatBoost,catboost,1.7610189272073833
2020,227,CatBoost,catboost,1.7610189272073833
2020,228,CatBoost,catboost,1.7610189272073833
2020,229,CatBoost,catboost,1.7610189272073833
2020,230,CatBoost,catboost,1.7610189272073833
2020,231,CatBoost,catboost,1.7610189272073833
2020,232,CatBoost,catboost,1.7610189272073833
2020,233,CatBoost,catboost,1.7610189272073833
2020,234,CatBoost,catboost,1.7610189272073833
2020,235,CatBoost,catboost,1.7610189272073833
2020,236,CatBoost,catboost,1.7610189272073833
2020,237,CatBoost,catboost,1.7610189272073833
2020,238,CatBoost,catboost,1.7610189272073833
2020,239,CatBoost,catboost,1.7610189272073833
2020,240,CatBoost,catboost,1.7610189272073833
2020,241,CatBoost,catboost,1.7610189272073833
2020,242,CatBoost,catboost,1.7610189272073833
2020,243,CatBoost,catboost,1.7610189272073833
2020,244,CatBoost,catboost,1.7610189272073833
2020,245,CatBoost,catboost,1.7610189272073833
2020,246,CatBoost,catboost,1.7610189272073833
2020,247,CatBoost,catboost,1.7610189272073833
2020,248,CatBoost,catboost,1.7610189272073833
2020,249,CatBoost,catboost,1.7610189272073833
2020,250,CatBoost,catboost,1.7610189272073833
2020,251,CatBoost,catboost,1.7610189272073833
2020,252,CatBoost,catboost,1.7610189272073833
2020,253,CatBoost,catboost,1.7610189272073833
2020,254,CatBoost,catboost,1.7610189272073833
2020,255,CatBoost,catboost,1.7610189272073833
2020,256,CatBoost,catboost,1.7610189272073833
2020,257,CatBoost,catboost,1.7610189272073833
2020,258,CatBoost,catboost,1.7610189272073833
2020,259,CatBoost,catboost,1.7610189272073833
2020,260,CatBoost,catboost,1.7610189272073833
2020,1,MLP Neural Net,mlp,8.750074897059546
2020,2,MLP Neural Net,mlp,8.732597553277996
2020,3,MLP Neural Net,mlp,8.715115460395346
2020,4,MLP Neural Net,mlp,8.697628844975185
2020,5,MLP Neural Net,mlp,8.680137933329517
2020,6,MLP Neural Net,mlp,8.6626429515098
2020,7,MLP Neural Net,mlp,8.64514412529799
2020,8,MLP Neural Net,mlp,8.627641680197673
2020,9,MLP Neural Net,mlp,8.610135841425125
2020,10,MLP Neural Net,mlp,8.592626833900475
2020,11,MLP Neural Net,mlp,8.575114882238834
2020,12,MLP Neural Net,mlp,8.55760021074151
2020,13,MLP Neural Net,mlp,8.540083043387183
2020,14,MLP Neural Net,mlp,8.52256360382316
2020,15,MLP Neural Net,mlp,8.505042115356623
2020,16,MLP Neural Net,mlp,8.487518800945915
2020,17,MLP Neural Net,mlp,8.469993883191856
2020,18,MLP Neural Net,mlp,8.452467584329117
2020,19,MLP Neural Net,mlp,8.434940126217544
2020,20,MLP Neural Net,mlp,8.41741173033361
2020,21,MLP Neural Net,mlp,8.399882617761827
2020,22,MLP Neural Net,mlp,8.382353009186236
2020,23,MLP Neural Net,mlp,8.364823124881891
2020,24,MLP Neural Net,mlp,8.347293184706396
2020,25,MLP Neural Net,mlp,8.329763408091502
2020,26,MLP Neural Net,mlp,8.312234014034674
2020,27,MLP Neural Net,mlp,8.294705221090773
2020,28,MLP Neural Net,mlp,8.277177247363708
2020,29,MLP Neural Net,mlp,8.25965031049816
2020,30,MLP Neural Net,mlp,8.242124627671325
2020,31,MLP Neural Net,mlp,8.224600415584732
2020,32,MLP Neural Net,mlp,8.20707789045604
2020,33,MLP Neural Net,mlp,7.051609322390298
2020,34,MLP Neural Net,mlp,7.036223497195607
2020,35,MLP Neural Net,mlp,7.020840457648804
2020,36,MLP Neural Net,mlp,7.005460390774561
2020,37,MLP Neural Net,mlp,6.990083483122499
2020,38,MLP Neural Net,mlp,6.974709920760061
2020,39,MLP Neural Net,mlp,6.959339889265453
2020,40,MLP Neural Net,mlp,6.943973573720576
2020,41,MLP Neural Net,mlp,6.928611158704014
2020,42,MLP Neural Net,mlp,6.913252828284102
2020,43,MLP Neural Net,mlp,6.897898766012012
2020,44,MLP Neural Net,mlp,6.882549154914845
2020,45,MLP Neural Net,mlp,6.867204177488861
2020,46,MLP Neural Net,mlp,6.851864015692647
2020,47,MLP Neural Net,mlp,6.836528850940412
2020,48,MLP Neural Net,mlp,6.821198864095293
2020,49,MLP Neural Net,mlp,6.805874235462699
2020,50,MLP Neural Net,mlp,6.790555144783746
2020,51,MLP Neural Net,mlp,6.775241771228682
2020,52,MLP Neural Net,mlp,6.759934293390404
2020,53,MLP Neural Net,mlp,6.744632889278023
2020,54,MLP Neural Net,mlp,6.72933773631043
2020,55,MLP Neural Net,mlp,6.714049011309993
2020,56,MLP Neural Net,mlp,6.698766890496227
2020,57,MLP Neural Net,mlp,6.683491549479561
2020,58,MLP Neural Net,mlp,6.668223163255159
2020,59,MLP Neural Net,mlp,6.652961906196747
2020,60,MLP Neural Net,mlp,6.63770795205057
2020,61,MLP Neural Net,mlp,6.622461473929301
2020,62,MLP Neural Net,mlp,6.607222644306123
2020,63,MLP Neural Net,mlp,6.591991635008761
2020,64,MLP Neural Net,mlp,6.576768617213627
2020,65,MLP Neural Net,mlp,5.585484957699889
2020,66,MLP Neural Net,mlp,5.5722423535762085
2020,67,MLP Neural Net,mlp,5.559007933607916
2020,68,MLP Neural Net,mlp,5.54578184148095
2020,69,MLP Neural Net,mlp,5.532564220274396
2020,70,MLP Neural Net,mlp,5.519355212455756
2020,71,MLP Neural Net,mlp,5.50615495987622
2020,72,MLP Neural Net,mlp,5.492963603766078
2020,73,MLP Neural Net,mlp,5.479781284730052
2020,74,MLP Neural Net,mlp,5.466608142742842
2020,75,MLP Neural Net,mlp,5.453444317144609
2020,76,MLP Neural Net,mlp,5.440289946636532
2020,77,MLP Neural Net,mlp,5.427145169276491
2020,78,MLP Neural Net,mlp,5.414010122474687
2020,79,MLP Neural Net,mlp,5.400884942989449
2020,80,MLP Neural Net,mlp,5.387769766922979
2020,81,MLP Neural Net,mlp,5.374664729717241
2020,82,MLP Neural Net,mlp,5.3615699661498475
2020,83,MLP Neural Net,mlp,5.3484856103300435
2020,84,MLP Neural Net,mlp,5.33541179569473
2020,85,MLP Neural Net,mlp,5.322348655004533
2020,86,MLP Neural Net,mlp,5.30929632033996
2020,87,MLP Neural Net,mlp,5.296254923097588
2020,88,MLP Neural Net,mlp,5.2832245939863265
2020,89,MLP Neural Net,mlp,5.27020546302373
2020,90,MLP Neural Net,mlp,5.257197659532373
2020,91,MLP Neural Net,mlp,5.24420131213628
2020,92,MLP Neural Net,mlp,5.2312165487574145
2020,93,MLP Neural Net,mlp,5.2182434966122395
2020,94,MLP Neural Net,mlp,5.2052822822083264
2020,95,MLP Neural Net,mlp,5.192333031341017
2020,96,MLP Neural Net,mlp,5.179395869090171
2020,97,MLP Neural Net,mlp,4.344528674999797
2020,98,MLP Neural Net,mlp,4.3333734782411195
2020,99,MLP Neural Net,mlp,4.3222297465730675
2020,100,MLP Neural Net,mlp,4.311097581334335
2020,101,MLP Neural Net,mlp,4.299977083226295
2020,102,MLP Neural Net,mlp,4.288868352310717
2020,103,MLP Neural Net,mlp,4.277771488007492
2020,104,MLP Neural Net,mlp,4.266686589092449
2020,105,MLP Neural Net,mlp,4.255613753695208
2020,106,MLP Neural Net,mlp,4.244553079297093
2020,107,MLP Neural Net,mlp,4.233504662729099
2020,108,MLP Neural Net,mlp,4.222468600169891
2020,109,MLP Neural Net,mlp,4.211444987143899
2020,110,MLP Neural Net,mlp,4.200433918519428
2020,111,MLP Neural Net,mlp,4.189435488506838
2020,112,MLP Neural Net,mlp,4.178449790656779
2020,113,MLP Neural Net,mlp,4.1674769178584725
2020,114,MLP Neural Net,mlp,4.156516962338057
2020,115,MLP Neural Net,mlp,4.145570015656971
2020,116,MLP Neural Net,mlp,4.134636168710418
2020,117,MLP Neural Net,mlp,4.12371551172583
2020,118,MLP Neural Net,mlp,4.112808134261472
2020,119,MLP Neural Net,mlp,4.101914125204999
2020,120,MLP Neural Net,mlp,4.091033572772149
2020,121,MLP Neural Net,mlp,4.080166564505436
2020,122,MLP Neural Net,mlp,4.069313187272939
2020,123,MLP Neural Net,mlp,4.058473527267099
2020,124,MLP Neural Net,mlp,4.047647670003606
2020,125,MLP Neural Net,mlp,4.036835700320319
2020,126,MLP Neural Net,mlp,4.026037702376244
2020,127,MLP Neural Net,mlp,4.015253759650569
2020,128,MLP Neural Net,mlp,4.004483954941755
2020,129,MLP Neural Net,mlp,3.3126617290174374
2020,130,MLP Neural Net,mlp,3.303448542803147
2020,131,MLP Neural Net,mlp,3.2942482530798385
2020,132,MLP Neural Net,mlp,3.285060924027373
2020,133,MLP Neural Net,mlp,3.275886619244056
2020,134,MLP Neural Net,mlp,3.2667254017463363
2020,135,MLP Neural Net,mlp,3.257577333968558
2020,136,MLP Neural Net,mlp,3.248442477762774
2020,137,MLP Neural Net,mlp,3.2393208943985496
2020,138,MLP Neural Net,mlp,3.2302126445628665
2020,139,MLP Neural Net,mlp,3.221117788360036
2020,140,MLP Neural Net,mlp,3.212036385311665
2020,141,MLP Neural Net,mlp,3.2029684943566576
2020,142,MLP Neural Net,mlp,3.1939141738512644
2020,143,MLP Neural Net,mlp,3.184873481569175
2020,144,MLP Neural Net,mlp,3.1758464747016415
2020,145,MLP Neural Net,mlp,3.1668332098576584
2020,146,MLP Neural Net,mlp,3.1578337430641628
2020,147,MLP Neural Net,mlp,3.148848129766299
2020,148,MLP Neural Net,mlp,3.1398764248277113
2020,149,MLP Neural Net,mlp,3.130918682530859
2020,150,MLP Neural Net,mlp,3.121974956577415
2020,151,MLP Neural Net,mlp,3.1130453000886624
2020,152,MLP Neural Net,mlp,3.1041297656059528
2020,153,MLP Neural Net,mlp,3.0952284050911905
2020,154,MLP Neural Net,mlp,3.0863412699273716
2020,155,MLP Neural Net,mlp,3.077468410919151
2020,156,MLP Neural Net,mlp,3.068609878293441
2020,157,MLP Neural Net,mlp,3.0597657217000642
2020,158,MLP Neural Net,mlp,3.050935990212433
2020,159,MLP Neural Net,mlp,3.042120732328274
2020,160,MLP Neural Net,mlp,3.033319995970377
2020,161,MLP Neural Net,mlp,2.467750911107329
2020,162,MLP Neural Net,mlp,2.460272407829892
2020,163,MLP Neural Net,mlp,2.4528068122270557
2020,164,MLP Neural Net,mlp,2.445354159112268
2020,165,MLP Neural Net,mlp,2.437914482826794
2020,166,MLP Neural Net,mlp,2.4304878172406976
2020,167,MLP Neural Net,mlp,2.423074195753871
2020,168,MLP Neural Net,mlp,2.415673651297057
2020,169,MLP Neural Net,mlp,2.4082862163329386
2020,170,MLP Neural Net,mlp,2.400911922857221
2020,171,MLP Neural Net,mlp,2.3935508023997585
2020,172,MLP Neural Net,mlp,2.3862028860257007
2020,173,MLP Neural Net,mlp,2.378868204336676
2020,174,MLP Neural Net,mlp,2.37154678747198
2020,175,MLP Neural Net,mlp,2.364238665109813
2020,176,MLP Neural Net,mlp,2.3569438664685105
2020,177,MLP Neural Net,mlp,2.349662420307846
2020,178,MLP Neural Net,mlp,2.342394354930308
2020,179,MLP Neural Net,mlp,2.3351396981824335
2020,180,MLP Neural Net,mlp,2.3278984774561535
2020,181,MLP Neural Net,mlp,2.320670719690161
2020,182,MLP Neural Net,mlp,2.3134564513713163
2020,183,MLP Neural Net,mlp,2.306255698536047
2020,184,MLP Neural Net,mlp,2.2990684867718003
2020,185,MLP Neural Net,mlp,2.291894841218498
2020,186,MLP Neural Net,mlp,2.284734786570031
2020,187,MLP Neural Net,mlp,2.277588347075745
2020,188,MLP Neural Net,mlp,2.2704555465419887
2020,189,MLP Neural Net,mlp,2.263336408333646
2020,190,MLP Neural Net,mlp,2.256230955375711
2020,191,MLP Neural Net,mlp,2.2491392101548766
2020,192,MLP Neural Net,mlp,2.2420611947211455
2020,193,MLP Neural Net,mlp,1.7846165356705335
2020,194,MLP Neural Net,mlp,1.7786336981316717
2020,195,MLP Neural Net,mlp,1.772662837902578
2020,196,MLP Neural Net,mlp,1.766703968914243
2020,197,MLP Neural Net,mlp,1.7607571047522714
2020,198,MLP Neural Net,mlp,1.7548222586584168
2020,199,MLP Neural Net,mlp,1.748899443532117
2020,200,MLP Neural Net,mlp,1.7429886719320422
2020,201,MLP Neural Net,mlp,1.7370899560776671
2020,202,MLP Neural Net,mlp,1.731203307850832
2020,203,MLP Neural Net,mlp,1.7253287387973446
2020,204,MLP Neural Net,mlp,1.7194662601285715
2020,205,MLP Neural Net,mlp,1.7136158827230485
2020,206,MLP Neural Net,mlp,1.7077776171281047
2020,207,MLP Neural Net,mlp,1.7019514735614933
2020,208,MLP Neural Net,mlp,1.6961374619130367
2020,209,MLP Neural Net,mlp,1.6903355917462746
2020,210,MLP Neural Net,mlp,1.6845458723001334
2020,211,MLP Neural Net,mlp,1.678768312490597
2020,212,MLP Neural Net,mlp,1.6730029209123853
2020,213,MLP Neural Net,mlp,1.6672497058406541
2020,214,MLP Neural Net,mlp,1.6615086752326953
2020,215,MLP Neural Net,mlp,1.6557798367296366
2020,216,MLP Neural Net,mlp,1.6500631976581739
2020,217,MLP Neural Net,mlp,1.6443587650322888
2020,218,MLP Neural Net,mlp,1.6386665455549905
2020,219,MLP Neural Net,mlp,1.6329865456200507
2020,220,MLP Neural Net,mlp,1.6273187713137591
2020,221,MLP Neural Net,mlp,1.6216632284166852
2020,222,MLP Neural Net,mlp,1.6160199224054317
2020,223,MLP Neural Net,mlp,1.610388858454418
2020,224,MLP Neural Net,mlp,1.6047700414376505
2020,225,MLP Neural Net,mlp,1.2376516868566185
2020,226,MLP Neural Net,mlp,1.2329204699299599
2020,227,MLP Neural Net,mlp,1.2281997910435047
2020,228,MLP Neural Net,mlp,1.2234896508721682
2020,229,MLP Neural Net,mlp,1.2187900498619753
2020,230,MLP Neural Net,mlp,1.2141009882315896
2020,231,MLP Neural Net,mlp,1.2094224659738293
2020,232,MLP Neural Net,mlp,1.204754482857205
2020,233,MLP Neural Net,mlp,1.2000970384274483
2020,234,MLP Neural Net,mlp,1.195450132009045
2020,235,MLP Neural Net,mlp,1.1908137627067659
2020,236,MLP Neural Net,mlp,1.1861879294072104
2020,237,MLP Neural Net,mlp,1.1815726307803425
2020,238,MLP Neural Net,mlp,1.1769678652810294
2020,239,MLP Neural Net,mlp,1.1723736311505835
2020,240,MLP Neural Net,mlp,1.1677899264183054
2020,241,MLP Neural Net,mlp,1.1632167489030298
2020,242,MLP Neural Net,mlp,1.1586540962146634
2020,243,MLP Neural Net,mlp,1.154101965755735
2020,244,MLP Neural Net,mlp,1.1495603547229398
2020,245,MLP Neural Net,mlp,1.1450292601086849
2020,246,MLP Neural Net,mlp,1.140508678702634
2020,247,MLP Neural Net,mlp,1.1359986070932535
2020,248,MLP Neural Net,mlp,1.1314990416693618
2020,249,MLP Neural Net,mlp,1.1270099786216687
2020,250,MLP Neural Net,mlp,1.1225314139443259
2020,251,MLP Neural Net,mlp,1.1180633434364677
2020,252,MLP Neural Net,mlp,1.1136057627037583
2020,253,MLP Neural Net,mlp,1.1091586671599312
2020,254,MLP Neural Net,mlp,1.1047220520283314
2020,255,MLP Neural Net,mlp,1.1002959123434608
2020,256,MLP Neural Net,mlp,1.0958802429525107
2020,257,MLP Neural Net,mlp,1.0914750385169056
2020,258,MLP Neural Net,mlp,1.0870802935138373
2020,259,MLP Neural Net,mlp,1.0826960022377992
2020,260,MLP Neural Net,mlp,1.0783221588021188
2020,1,Spline Ridge,spline,17.105734422054496
2020,2,Spline Ridge,spline,16.705183585373398
2020,3,Spline Ridge,spline,16.317851301180774
2020,4,Spline Ridge,spline,15.943255565982602
2020,5,Spline Ridge,spline,15.580934373582874
2020,6,Spline Ridge,spline,15.230444822428858
2020,7,Spline Ridge,spline,14.891362265939838
2020,8,Spline Ridge,spline,14.563279503631168
2020,9,Spline Ridge,spline,14.245806010961983
2020,10,Spline Ridge,spline,13.93856720594707
2020,11,Spline Ridge,spline,13.64120375067742
2020,12,Spline Ridge,spline,13.353370885993172
2020,13,Spline Ridge,spline,13.074737797646454
2020,14,Spline Ridge,spline,12.804987012379112
2020,15,Spline Ridge,spline,12.543813822424505
2020,16,Spline Ridge,spline,12.290925737020473
2020,17,Spline Ridge,spline,12.046041959595716
2020,18,Spline Ridge,spline,11.808892889361509
2020,19,Spline Ridge,spline,11.579219646107388
2020,20,Spline Ridge,spline,11.35677361706228
2020,21,Spline Ridge,spline,11.14131602474175
2020,22,Spline Ridge,spline,10.932617514758224
2020,23,Spline Ridge,spline,10.730457762624303
2020,24,Spline Ridge,spline,10.53462509862908
2020,25,Spline Ridge,spline,10.344916149915404
2020,26,Spline Ridge,spline,10.16113549893047
2020,27,Spline Ridge,spline,9.983095357465002
2020,28,Spline Ridge,spline,9.810615255536348
2020,29,Spline Ridge,spline,9.643521744408933
2020,30,Spline Ridge,spline,9.48164811308167
2020,31,Spline Ridge,spline,9.324834117605992
2020,32,Spline Ridge,spline,9.17292572263047
2020,33,Spline Ridge,spline,8.595909967389703
2020,34,Spline Ridge,spline,8.459485635682496
2020,35,Spline Ridge,spline,8.327347624110597
2020,36,Spline Ridge,spline,8.19937001300667
2020,37,Spline Ridge,spline,8.075431745504705
2020,38,Spline Ridge,spline,7.955416439780358
2020,39,Spline Ridge,spline,7.839212209687627
2020,40,Spline Ridge,spline,7.72671149340983
2020,41,Spline Ridge,spline,7.617810889761751
2020,42,Spline Ridge,spline,7.512411001798067
2020,43,Spline Ridge,spline,7.410416287400391
2020,44,Spline Ridge,spline,7.311734916531564
2020,45,Spline Ridge,spline,7.216278634861446
2020,46,Spline Ridge,spline,7.123962633483046
2020,47,Spline Ridge,spline,7.034705424452038
2020,48,Spline Ridge,spline,6.9484287218957625
2020,49,Spline Ridge,spline,6.865057328450724
2020,50,Spline Ridge,spline,6.784519026799348
2020,51,Spline Ridge,spline,6.7067444760884145
2020,52,Spline Ridge,spline,6.631667113022278
2020,53,Spline Ridge,spline,6.559223057434437
2020,54,Spline Ridge,spline,6.488768636271945
2020,55,Spline Ridge,spline,6.419070877028351
2020,56,Spline Ridge,spline,6.350085143494256
2020,57,Spline Ridge,spline,6.2818036312842835
2020,58,Spline Ridge,spline,6.214218626673002
2020,59,Spline Ridge,spline,6.147322505487971
2020,60,Spline Ridge,spline,6.081107732016936
2020,61,Spline Ridge,spline,6.015566857928961
2020,62,Spline Ridge,spline,5.950692521209298
2020,63,Spline Ridge,spline,5.886477445107815
2020,64,Spline Ridge,spline,5.822914437100835
2020,65,Spline Ridge,spline,5.470154941499384
2020,66,Spline Ridge,spline,5.410545144763702
2020,67,Spline Ridge,spline,5.351539279597542
2020,68,Spline Ridge,spline,5.293130774638047
2020,69,Spline Ridge,spline,5.23531313435552
2020,70,Spline Ridge,spline,5.178079938133157
2020,71,Spline Ridge,spline,5.121424839358444
2020,72,Spline Ridge,spline,5.065341564526084
2020,73,Spline Ridge,spline,5.009823912352263
2020,74,Spline Ridge,spline,4.95486575290017
2020,75,Spline Ridge,spline,4.900461026716565
2020,76,Spline Ridge,spline,4.846603743979256
2020,77,Spline Ridge,spline,4.793287983655395
2020,78,Spline Ridge,spline,4.7405078926703705
2020,79,Spline Ridge,spline,4.688257685087226
2020,80,Spline Ridge,spline,4.6365316412964255
2020,81,Spline Ridge,spline,4.58532410721584
2020,82,Spline Ridge,spline,4.534629493500837
2020,83,Spline Ridge,spline,4.48444227476431
2020,84,Spline Ridge,spline,4.434756988806551
2020,85,Spline Ridge,spline,4.385568235854804
2020,86,Spline Ridge,spline,4.336870677812407
2020,87,Spline Ridge,spline,4.288659037517359
2020,88,Spline Ridge,spline,4.2409280980102215
2020,89,Spline Ridge,spline,4.193672701811225
2020,90,Spline Ridge,spline,4.146887750206435
2020,91,Spline Ridge,spline,4.100568202542899
2020,92,Spline Ridge,spline,4.054709075532617
2020,93,Spline Ridge,spline,4.0093054425652666
2020,94,Spline Ridge,spline,3.9643524330295072
2020,95,Spline Ridge,spline,3.919845231642817
2020,96,Spline Ridge,spline,3.875779077789706
2020,97,Spline Ridge,spline,3.624966146471363
2020,98,Spline Ridge,spline,3.583620183050293
2020,99,Spline Ridge,spline,3.542682995043697
2020,100,Spline Ridge,spline,3.5021502290675204
2020,101,Spline Ridge,spline,3.4620175810106306
2020,102,Spline Ridge,spline,3.422280795447452
2020,103,Spline Ridge,spline,3.382935665057919
2020,104,Spline Ridge,spline,3.343978030054649
2020,105,Spline Ridge,spline,3.305403777617279
2020,106,Spline Ridge,spline,3.2672681323232644
2020,107,Spline Ridge,spline,3.2298071064065326
2020,108,Spline Ridge,spline,3.193034730349983
2020,109,Spline Ridge,spline,3.1569387335351915
2020,110,Spline Ridge,spline,3.1215071248760977
2020,111,Spline Ridge,spline,3.086728186314194
2020,112,Spline Ridge,spline,3.052590466486092
2020,113,Spline Ridge,spline,3.0190827745587416
2020,114,Spline Ridge,spline,2.9861941742277303
2020,115,Spline Ridge,spline,2.953913977874233
2020,116,Spline Ridge,spline,2.922231740876277
2020,117,Spline Ridge,spline,2.8911372560701722
2020,118,Spline Ridge,spline,2.860620548358041
2020,119,Spline Ridge,spline,2.8306718694574915
2020,120,Spline Ridge,spline,2.801281692789653
2020,121,Spline Ridge,spline,2.7724407085018257
2020,122,Spline Ridge,spline,2.74413981862118
2020,123,Spline Ridge,spline,2.71637013233599
2020,124,Spline Ridge,spline,2.689122961401037
2020,125,Spline Ridge,spline,2.6623898156638646
2020,126,Spline Ridge,spline,2.6361623987087275
2020,127,Spline Ridge,spline,2.610432603615107
2020,128,Spline Ridge,spline,2.585192508827802
2020,129,Spline Ridge,spline,2.4077772735274947
2020,130,Spline Ridge,spline,2.3845347251016387
2020,131,Spline Ridge,spline,2.361739161391941
2020,132,Spline Ridge,spline,2.3393836726694244
2020,133,Spline Ridge,spline,2.3174615083654553
2020,134,Spline Ridge,spline,2.2959660737037844
2020,135,Spline Ridge,spline,2.274890926421472
2020,136,Spline Ridge,spline,2.2542297735764265
2020,137,Spline Ridge,spline,2.2339764684393555
2020,138,Spline Ridge,spline,2.214125007468001
2020,139,Spline Ridge,spline,2.1946695273615835
2020,140,Spline Ridge,spline,2.175604302193437
2020,141,Spline Ridge,spline,2.1569237406198947
2020,142,Spline Ridge,spline,2.138622383163522
2020,143,Spline Ridge,spline,2.120694899568866
2020,144,Spline Ridge,spline,2.103136086228924
2020,145,Spline Ridge,spline,2.08594086368062
2020,146,Spline Ridge,spline,2.069104274167587
2020,147,Spline Ridge,spline,2.0526214792686455
2020,148,Spline Ridge,spline,2.03648775759038
2020,149,Spline Ridge,spline,2.0206985025222863
2020,150,Spline Ridge,spline,2.0052492200530017
2020,151,Spline Ridge,spline,1.9901355266461742
2020,152,Spline Ridge,spline,1.9753531471745625
2020,153,Spline Ridge,spline,1.9608979129110156
2020,154,Spline Ridge,spline,1.9467657595750119
2020,155,Spline Ridge,spline,1.9329527254334775
2020,156,Spline Ridge,spline,1.91945494945465
2020,157,Spline Ridge,spline,1.906268669513778
2020,158,Spline Ridge,spline,1.8933731258431303
2020,159,Spline Ridge,spline,1.8806075389875345
2020,160,Spline Ridge,spline,1.867932567043346
2020,161,Spline Ridge,spline,1.7329216961084586
2020,162,Spline Ridge,spline,1.720961628086461
2020,163,Spline Ridge,spline,1.7090862944791034
2020,164,Spline Ridge,spline,1.697295042092463
2020,165,Spline Ridge,spline,1.68558722358917
2020,166,Spline Ridge,spline,1.6739621974320216
2020,167,Spline Ridge,spline,1.6624193278281891
2020,168,Spline Ridge,spline,1.6509579846740068
2020,169,Spline Ridge,spline,1.6395775435003415
2020,170,Spline Ridge,spline,1.62827738541853
2020,171,Spline Ridge,spline,1.6170568970668864
2020,172,Spline Ridge,spline,1.6059154705577652
2020,173,Spline Ridge,spline,1.594852503425179
2020,174,Spline Ridge,spline,1.5838673985729614
2020,175,Spline Ridge,spline,1.5729595642234728
2020,176,Spline Ridge,spline,1.562128413866839
2020,177,Spline Ridge,spline,1.5513733662107192
2020,178,Spline Ridge,spline,1.5406938451305987
2020,179,Spline Ridge,spline,1.5300892796205958
2020,180,Spline Ridge,spline,1.5195591037447829
2020,181,Spline Ridge,spline,1.5091027565890125
2020,182,Spline Ridge,spline,1.4987196822132436
2020,183,Spline Ridge,spline,1.488409329604363
2020,184,Spline Ridge,spline,1.4781711526294972
2020,185,Spline Ridge,spline,1.4680046099898056
2020,186,Spline Ridge,spline,1.4579091651747564
2020,187,Spline Ridge,spline,1.4478842864168717
2020,188,Spline Ridge,spline,1.4379294466469457
2020,189,Spline Ridge,spline,1.428044123449722
2020,190,Spline Ridge,spline,1.4182277990200316
2020,191,Spline Ridge,spline,1.408479960119382
2020,192,Spline Ridge,spline,1.3988000980329984
2020,193,Spline Ridge,spline,1.2867489524468638
2020,194,Spline Ridge,spline,1.2776128047904858
2020,195,Spline Ridge,spline,1.268540284240371
2020,196,Spline Ridge,spline,1.25953092080964
2020,197,Spline Ridge,spline,1.2505842486418475
2020,198,Spline Ridge,spline,1.2416998059723403
2020,199,Spline Ridge,spline,1.2328771350900145
2020,200,Spline Ridge,spline,1.224115782299461
2020,201,Spline Ridge,spline,1.215415297883508
2020,202,Spline Ridge,spline,1.2067752360661381
2020,203,Spline Ridge,spline,1.1981951549757948
2020,204,Spline Ridge,spline,1.1896746166090604
2020,205,Spline Ridge,spline,1.1812131867947067
2020,206,Spline Ridge,spline,1.1728104351581148
2020,207,Spline Ridge,spline,1.1644659350860593
2020,208,Spline Ridge,spline,1.1561792636918515
2020,209,Spline Ridge,spline,1.1479500017808417
2020,210,Spline Ridge,spline,1.1397819026772282
2020,211,Spline Ridge,spline,1.1318115627624021
2020,212,Spline Ridge,spline,1.1241032132187974
2020,213,Spline Ridge,spline,1.1166542235435413
2020,214,Spline Ridge,spline,1.10946205755521
2020,215,Spline Ridge,spline,1.102524271955359
2020,216,Spline Ridge,spline,1.0958385149457333
2020,217,Spline Ridge,spline,1.08940252490006
2020,218,Spline Ridge,spline,1.0832141290893706
2020,219,Spline Ridge,spline,1.0772712424598523
2020,220,Spline Ridge,spline,1.0715718664622633
2020,221,Spline Ridge,spline,1.0661140879319915
2020,222,Spline Ridge,spline,1.0608960780188808
2020,223,Spline Ridge,spline,1.0559160911659864
2020,224,Spline Ridge,spline,1.0511724641364575
2020,225,Spline Ridge,spline,0.9589109139934436
2020,226,Spline Ridge,spline,0.9548186609399912
2020,227,Spline Ridge,spline,0.9509483218851296
2020,228,Spline Ridge,spline,0.9472986116497958
2020,229,Spline Ridge,spline,0.9438683198553217
2020,230,Spline Ridge,spline,0.9406563102544301
2020,231,Spline Ridge,spline,0.9376615201039498
2020,232,Spline Ridge,spline,0.9348829595787685
2020,233,Spline Ridge,spline,0.9323197112265704
2020,234,Spline Ridge,spline,0.9299709294629357
2020,235,Spline Ridge,spline,0.927835840106416
2020,236,Spline Ridge,spline,0.925913739953225
2020,237,Spline Ridge,spline,0.924203996391221
2020,238,Spline Ridge,spline,0.9227060470528795
2020,239,Spline Ridge,spline,0.9214193995069945
2020,240,Spline Ridge,spline,0.9203436309888676
2020,241,Spline Ridge,spline,0.9194783881687818
2020,242,Spline Ridge,spline,0.9188233869585785
2020,243,Spline Ridge,spline,0.9183784123561928
2020,244,Spline Ridge,spline,0.9181433183280266
2020,245,Spline Ridge,spline,0.9181180277290686
2020,246,Spline Ridge,spline,0.9183025322607022
2020,247,Spline Ridge,spline,0.9186968924661663
2020,248,Spline Ridge,spline,0.9193012377636677
2020,249,Spline Ridge,spline,0.9201157665171696
2020,250,Spline Ridge,spline,0.9211407461449108
2020,251,Spline Ridge,spline,0.9223765132657373
2020,252,Spline Ridge,spline,0.9238234738833607
2020,253,Spline Ridge,spline,0.9254821036086824
2020,254,Spline Ridge,spline,0.9273529479203563
2020,255,Spline Ridge,spline,0.9294366224637869
2020,256,Spline Ridge,spline,0.9317338133887954
2020,257,Spline Ridge,spline,0.9342452777262119
2020,258,Spline Ridge,spline,0.9369718438036803
2020,259,Spline Ridge,spline,0.9399144117010023
2020,260,Spline Ridge,spline,0.943073953745362
2024,1,Pick-Bin Baseline,pick_bin,13.600961538461538
2024,2,Pick-Bin Baseline,pick_bin,13.600961538461538
2024,3,Pick-Bin Baseline,pick_bin,13.600961538461538
2024,4,Pick-Bin Baseline,pick_bin,13.600961538461538
2024,5,Pick-Bin Baseline,pick_bin,13.600961538461538
2024,6,Pick-Bin Baseline,pick_bin,13.600961538461538
2024,7,Pick-Bin Baseline,pick_bin,13.600961538461538
2024,8,Pick-Bin Baseline,pick_bin,13.600961538461538
2024,9,Pick-Bin Baseline,pick_bin,13.600961538461538
2024,10,Pick-Bin Baseline,pick_bin,13.600961538461538
2024,11,Pick-Bin Baseline,pick_bin,13.600961538461538
2024,12,Pick-Bin Baseline,pick_bin,13.600961538461538
2024,13,Pick-Bin Baseline,pick_bin,13.600961538461538
2024,14,Pick-Bin Baseline,pick_bin,13.600961538461538
2024,15,Pick-Bin Baseline,pick_bin,13.600961538461538
2024,16,Pick-Bin Baseline,pick_bin,13.600961538461538
2024,17,Pick-Bin Baseline,pick_bin,9.838942307692308
2024,18,Pick-Bin Baseline,pick_bin,9.838942307692308
2024,19,Pick-Bin Baseline,pick_bin,9.838942307692308
2024,20,Pick-Bin Baseline,pick_bin,9.838942307692308
2024,21,Pick-Bin Baseline,pick_bin,9.838942307692308
2024,22,Pick-Bin Baseline,pick_bin,9.838942307692308
2024,23,Pick-Bin Baseline,pick_bin,9.838942307692308
2024,24,Pick-Bin Baseline,pick_bin,9.838942307692308
2024,25,Pick-Bin Baseline,pick_bin,9.838942307692308
2024,26,Pick-Bin Baseline,pick_bin,9.838942307692308
2024,27,Pick-Bin Baseline,pick_bin,9.838942307692308
2024,28,Pick-Bin Baseline,pick_bin,9.838942307692308
2024,29,Pick-Bin Baseline,pick_bin,9.838942307692308
2024,30,Pick-Bin Baseline,pick_bin,9.838942307692308
2024,31,Pick-Bin Baseline,pick_bin,9.838942307692308
2024,32,Pick-Bin Baseline,pick_bin,9.838942307692308
2024,33,Pick-Bin Baseline,pick_bin,8.502403846153847
2024,34,Pick-Bin Baseline,pick_bin,8.502403846153847
2024,35,Pick-Bin Baseline,pick_bin,8.502403846153847
2024,36,Pick-Bin Baseline,pick_bin,8.502403846153847
2024,37,Pick-Bin Baseline,pick_bin,8.502403846153847
2024,38,Pick-Bin Baseline,pick_bin,8.502403846153847
2024,39,Pick-Bin Baseline,pick_bin,8.502403846153847
2024,40,Pick-Bin Baseline,pick_bin,8.502403846153847
2024,41,Pick-Bin Baseline,pick_bin,8.502403846153847
2024,42,Pick-Bin Baseline,pick_bin,8.502403846153847
2024,43,Pick-Bin Baseline,pick_bin,8.502403846153847
2024,44,Pick-Bin Baseline,pick_bin,8.502403846153847
2024,45,Pick-Bin Baseline,pick_bin,8.502403846153847
2024,46,Pick-Bin Baseline,pick_bin,8.502403846153847
2024,47,Pick-Bin Baseline,pick_bin,8.502403846153847
2024,48,Pick-Bin Baseline,pick_bin,8.502403846153847
2024,49,Pick-Bin Baseline,pick_bin,7.230769230769231
2024,50,Pick-Bin Baseline,pick_bin,7.230769230769231
2024,51,Pick-Bin Baseline,pick_bin,7.230769230769231
2024,52,Pick-Bin Baseline,pick_bin,7.230769230769231
2024,53,Pick-Bin Baseline,pick_bin,7.230769230769231
2024,54,Pick-Bin Baseline,pick_bin,7.230769230769231
2024,55,Pick-Bin Baseline,pick_bin,7.230769230769231
2024,56,Pick-Bin Baseline,pick_bin,7.230769230769231
2024,57,Pick-Bin Baseline,pick_bin,7.230769230769231
2024,58,Pick-Bin Baseline,pick_bin,7.230769230769231
2024,59,Pick-Bin Baseline,pick_bin,7.230769230769231
2024,60,Pick-Bin Baseline,pick_bin,7.230769230769231
2024,61,Pick-Bin Baseline,pick_bin,7.230769230769231
2024,62,Pick-Bin Baseline,pick_bin,7.230769230769231
2024,63,Pick-Bin Baseline,pick_bin,7.230769230769231
2024,64,Pick-Bin Baseline,pick_bin,7.230769230769231
2024,65,Pick-Bin Baseline,pick_bin,5.951923076923077
2024,66,Pick-Bin Baseline,pick_bin,5.951923076923077
2024,67,Pick-Bin Baseline,pick_bin,5.951923076923077
2024,68,Pick-Bin Baseline,pick_bin,5.951923076923077
2024,69,Pick-Bin Baseline,pick_bin,5.951923076923077
2024,70,Pick-Bin Baseline,pick_bin,5.951923076923077
2024,71,Pick-Bin Baseline,pick_bin,5.951923076923077
2024,72,Pick-Bin Baseline,pick_bin,5.951923076923077
2024,73,Pick-Bin Baseline,pick_bin,5.951923076923077
2024,74,Pick-Bin Baseline,pick_bin,5.951923076923077
2024,75,Pick-Bin Baseline,pick_bin,5.951923076923077
2024,76,Pick-Bin Baseline,pick_bin,5.951923076923077
2024,77,Pick-Bin Baseline,pick_bin,5.951923076923077
2024,78,Pick-Bin Baseline,pick_bin,5.951923076923077
2024,79,Pick-Bin Baseline,pick_bin,5.951923076923077
2024,80,Pick-Bin Baseline,pick_bin,5.951923076923077
2024,81,Pick-Bin Baseline,pick_bin,4.826923076923077
2024,82,Pick-Bin Baseline,pick_bin,4.826923076923077
2024,83,Pick-Bin Baseline,pick_bin,4.826923076923077
2024,84,Pick-Bin Baseline,pick_bin,4.826923076923077
2024,85,Pick-Bin Baseline,pick_bin,4.826923076923077
2024,86,Pick-Bin Baseline,pick_bin,4.826923076923077
2024,87,Pick-Bin Baseline,pick_bin,4.826923076923077
2024,88,Pick-Bin Baseline,pick_bin,4.826923076923077
2024,89,Pick-Bin Baseline,pick_bin,4.826923076923077
2024,90,Pick-Bin Baseline,pick_bin,4.826923076923077
2024,91,Pick-Bin Baseline,pick_bin,4.826923076923077
2024,92,Pick-Bin Baseline,pick_bin,4.826923076923077
2024,93,Pick-Bin Baseline,pick_bin,4.826923076923077
2024,94,Pick-Bin Baseline,pick_bin,4.826923076923077
2024,95,Pick-Bin Baseline,pick_bin,4.826923076923077
2024,96,Pick-Bin Baseline,pick_bin,4.826923076923077
2024,97,Pick-Bin Baseline,pick_bin,4.274038461538462
2024,98,Pick-Bin Baseline,pick_bin,4.274038461538462
2024,99,Pick-Bin Baseline,pick_bin,4.274038461538462
2024,100,Pick-Bin Baseline,pick_bin,4.274038461538462
2024,101,Pick-Bin Baseline,pick_bin,4.274038461538462
2024,102,Pick-Bin Baseline,pick_bin,4.274038461538462
2024,103,Pick-Bin Baseline,pick_bin,4.274038461538462
2024,104,Pick-Bin Baseline,pick_bin,4.274038461538462
2024,105,Pick-Bin Baseline,pick_bin,4.274038461538462
2024,106,Pick-Bin Baseline,pick_bin,4.274038461538462
2024,107,Pick-Bin Baseline,pick_bin,4.274038461538462
2024,108,Pick-Bin Baseline,pick_bin,4.274038461538462
2024,109,Pick-Bin Baseline,pick_bin,4.274038461538462
2024,110,Pick-Bin Baseline,pick_bin,4.274038461538462
2024,111,Pick-Bin Baseline,pick_bin,4.274038461538462
2024,112,Pick-Bin Baseline,pick_bin,4.274038461538462
2024,113,Pick-Bin Baseline,pick_bin,3.6346153846153846
2024,114,Pick-Bin Baseline,pick_bin,3.6346153846153846
2024,115,Pick-Bin Baseline,pick_bin,3.6346153846153846
2024,116,Pick-Bin Baseline,pick_bin,3.6346153846153846
2024,117,Pick-Bin Baseline,pick_bin,3.6346153846153846
2024,118,Pick-Bin Baseline,pick_bin,3.6346153846153846
2024,119,Pick-Bin Baseline,pick_bin,3.6346153846153846
2024,120,Pick-Bin Baseline,pick_bin,3.6346153846153846
2024,121,Pick-Bin Baseline,pick_bin,3.6346153846153846
2024,122,Pick-Bin Baseline,pick_bin,3.6346153846153846
2024,123,Pick-Bin Baseline,pick_bin,3.6346153846153846
2024,124,Pick-Bin Baseline,pick_bin,3.6346153846153846
2024,125,Pick-Bin Baseline,pick_bin,3.6346153846153846
2024,126,Pick-Bin Baseline,pick_bin,3.6346153846153846
2024,127,Pick-Bin Baseline,pick_bin,3.6346153846153846
2024,128,Pick-Bin Baseline,pick_bin,3.6346153846153846
2024,129,Pick-Bin Baseline,pick_bin,3.1346153846153846
2024,130,Pick-Bin Baseline,pick_bin,3.1346153846153846
2024,131,Pick-Bin Baseline,pick_bin,3.1346153846153846
2024,132,Pick-Bin Baseline,pick_bin,3.1346153846153846
2024,133,Pick-Bin Baseline,pick_bin,3.1346153846153846
2024,134,Pick-Bin Baseline,pick_bin,3.1346153846153846
2024,135,Pick-Bin Baseline,pick_bin,3.1346153846153846
2024,136,Pick-Bin Baseline,pick_bin,3.1346153846153846
2024,137,Pick-Bin Baseline,pick_bin,3.1346153846153846
2024,138,Pick-Bin Baseline,pick_bin,3.1346153846153846
2024,139,Pick-Bin Baseline,pick_bin,3.1346153846153846
2024,140,Pick-Bin Baseline,pick_bin,3.1346153846153846
2024,141,Pick-Bin Baseline,pick_bin,3.1346153846153846
2024,142,Pick-Bin Baseline,pick_bin,3.1346153846153846
2024,143,Pick-Bin Baseline,pick_bin,3.1346153846153846
2024,144,Pick-Bin Baseline,pick_bin,3.1346153846153846
2024,145,Pick-Bin Baseline,pick_bin,2.8846153846153846
2024,146,Pick-Bin Baseline,pick_bin,2.8846153846153846
2024,147,Pick-Bin Baseline,pick_bin,2.8846153846153846
2024,148,Pick-Bin Baseline,pick_bin,2.8846153846153846
2024,149,Pick-Bin Baseline,pick_bin,2.8846153846153846
2024,150,Pick-Bin Baseline,pick_bin,2.8846153846153846
2024,151,Pick-Bin Baseline,pick_bin,2.8846153846153846
2024,152,Pick-Bin Baseline,pick_bin,2.8846153846153846
2024,153,Pick-Bin Baseline,pick_bin,2.8846153846153846
2024,154,Pick-Bin Baseline,pick_bin,2.8846153846153846
2024,155,Pick-Bin Baseline,pick_bin,2.8846153846153846
2024,156,Pick-Bin Baseline,pick_bin,2.8846153846153846
2024,157,Pick-Bin Baseline,pick_bin,2.8846153846153846
2024,158,Pick-Bin Baseline,pick_bin,2.8846153846153846
2024,159,Pick-Bin Baseline,pick_bin,2.8846153846153846
2024,160,Pick-Bin Baseline,pick_bin,2.8846153846153846
2024,161,Pick-Bin Baseline,pick_bin,2.5649038461538463
2024,162,Pick-Bin Baseline,pick_bin,2.5649038461538463
2024,163,Pick-Bin Baseline,pick_bin,2.5649038461538463
2024,164,Pick-Bin Baseline,pick_bin,2.5649038461538463
2024,165,Pick-Bin Baseline,pick_bin,2.5649038461538463
2024,166,Pick-Bin Baseline,pick_bin,2.5649038461538463
2024,167,Pick-Bin Baseline,pick_bin,2.5649038461538463
2024,168,Pick-Bin Baseline,pick_bin,2.5649038461538463
2024,169,Pick-Bin Baseline,pick_bin,2.5649038461538463
2024,170,Pick-Bin Baseline,pick_bin,2.5649038461538463
2024,171,Pick-Bin Baseline,pick_bin,2.5649038461538463
2024,172,Pick-Bin Baseline,pick_bin,2.5649038461538463
2024,173,Pick-Bin Baseline,pick_bin,2.5649038461538463
2024,174,Pick-Bin Baseline,pick_bin,2.5649038461538463
2024,175,Pick-Bin Baseline,pick_bin,2.5649038461538463
2024,176,Pick-Bin Baseline,pick_bin,2.5649038461538463
2024,177,Pick-Bin Baseline,pick_bin,2.0889423076923075
2024,178,Pick-Bin Baseline,pick_bin,2.0889423076923075
2024,179,Pick-Bin Baseline,pick_bin,2.0889423076923075
2024,180,Pick-Bin Baseline,pick_bin,2.0889423076923075
2024,181,Pick-Bin Baseline,pick_bin,2.0889423076923075
2024,182,Pick-Bin Baseline,pick_bin,2.0889423076923075
2024,183,Pick-Bin Baseline,pick_bin,2.0889423076923075
2024,184,Pick-Bin Baseline,pick_bin,2.0889423076923075
2024,185,Pick-Bin Baseline,pick_bin,2.0889423076923075
2024,186,Pick-Bin Baseline,pick_bin,2.0889423076923075
2024,187,Pick-Bin Baseline,pick_bin,2.0889423076923075
2024,188,Pick-Bin Baseline,pick_bin,2.0889423076923075
2024,189,Pick-Bin Baseline,pick_bin,2.0889423076923075
2024,190,Pick-Bin Baseline,pick_bin,2.0889423076923075
2024,191,Pick-Bin Baseline,pick_bin,2.0889423076923075
2024,192,Pick-Bin Baseline,pick_bin,2.0889423076923075
2024,193,Pick-Bin Baseline,pick_bin,1.7235576923076923
2024,194,Pick-Bin Baseline,pick_bin,1.7235576923076923
2024,195,Pick-Bin Baseline,pick_bin,1.7235576923076923
2024,196,Pick-Bin Baseline,pick_bin,1.7235576923076923
2024,197,Pick-Bin Baseline,pick_bin,1.7235576923076923
2024,198,Pick-Bin Baseline,pick_bin,1.7235576923076923
2024,199,Pick-Bin Baseline,pick_bin,1.7235576923076923
2024,200,Pick-Bin Baseline,pick_bin,1.7235576923076923
2024,201,Pick-Bin Baseline,pick_bin,1.7235576923076923
2024,202,Pick-Bin Baseline,pick_bin,1.7235576923076923
2024,203,Pick-Bin Baseline,pick_bin,1.7235576923076923
2024,204,Pick-Bin Baseline,pick_bin,1.7235576923076923
2024,205,Pick-Bin Baseline,pick_bin,1.7235576923076923
2024,206,Pick-Bin Baseline,pick_bin,1.7235576923076923
2024,207,Pick-Bin Baseline,pick_bin,1.7235576923076923
2024,208,Pick-Bin Baseline,pick_bin,1.7235576923076923
2024,209,Pick-Bin Baseline,pick_bin,1.7764423076923077
2024,210,Pick-Bin Baseline,pick_bin,1.7764423076923077
2024,211,Pick-Bin Baseline,pick_bin,1.7764423076923077
2024,212,Pick-Bin Baseline,pick_bin,1.7764423076923077
2024,213,Pick-Bin Baseline,pick_bin,1.7764423076923077
2024,214,Pick-Bin Baseline,pick_bin,1.7764423076923077
2024,215,Pick-Bin Baseline,pick_bin,1.7764423076923077
2024,216,Pick-Bin Baseline,pick_bin,1.7764423076923077
2024,217,Pick-Bin Baseline,pick_bin,1.7764423076923077
2024,218,Pick-Bin Baseline,pick_bin,1.7764423076923077
2024,219,Pick-Bin Baseline,pick_bin,1.7764423076923077
2024,220,Pick-Bin Baseline,pick_bin,1.7764423076923077
2024,221,Pick-Bin Baseline,pick_bin,1.7764423076923077
2024,222,Pick-Bin Baseline,pick_bin,1.7764423076923077
2024,223,Pick-Bin Baseline,pick_bin,1.7764423076923077
2024,224,Pick-Bin Baseline,pick_bin,1.7764423076923077
2024,225,Pick-Bin Baseline,pick_bin,1.4783653846153846
2024,226,Pick-Bin Baseline,pick_bin,1.4783653846153846
2024,227,Pick-Bin Baseline,pick_bin,1.4783653846153846
2024,228,Pick-Bin Baseline,pick_bin,1.4783653846153846
2024,229,Pick-Bin Baseline,pick_bin,1.4783653846153846
2024,230,Pick-Bin Baseline,pick_bin,1.4783653846153846
2024,231,Pick-Bin Baseline,pick_bin,1.4783653846153846
2024,232,Pick-Bin Baseline,pick_bin,1.4783653846153846
2024,233,Pick-Bin Baseline,pick_bin,1.4783653846153846
2024,234,Pick-Bin Baseline,pick_bin,1.4783653846153846
2024,235,Pick-Bin Baseline,pick_bin,1.4783653846153846
2024,236,Pick-Bin Baseline,pick_bin,1.4783653846153846
2024,237,Pick-Bin Baseline,pick_bin,1.4783653846153846
2024,238,Pick-Bin Baseline,pick_bin,1.4783653846153846
2024,239,Pick-Bin Baseline,pick_bin,1.4783653846153846
2024,240,Pick-Bin Baseline,pick_bin,1.4783653846153846
2024,241,Pick-Bin Baseline,pick_bin,1.4069148936170213
2024,242,Pick-Bin Baseline,pick_bin,1.4069148936170213
2024,243,Pick-Bin Baseline,pick_bin,1.4069148936170213
2024,244,Pick-Bin Baseline,pick_bin,1.4069148936170213
2024,245,Pick-Bin Baseline,pick_bin,1.4069148936170213
2024,246,Pick-Bin Baseline,pick_bin,1.4069148936170213
2024,247,Pick-Bin Baseline,pick_bin,1.4069148936170213
2024,248,Pick-Bin Baseline,pick_bin,1.4069148936170213
2024,249,Pick-Bin Baseline,pick_bin,1.4069148936170213
2024,250,Pick-Bin Baseline,pick_bin,1.4069148936170213
2024,251,Pick-Bin Baseline,pick_bin,1.4069148936170213
2024,252,Pick-Bin Baseline,pick_bin,1.4069148936170213
2024,253,Pick-Bin Baseline,pick_bin,1.4069148936170213
2024,254,Pick-Bin Baseline,pick_bin,1.4069148936170213
2024,255,Pick-Bin Baseline,pick_bin,1.4069148936170213
2024,256,Pick-Bin Baseline,pick_bin,1.4069148936170213
2024,257,Pick-Bin Baseline,pick_bin,1.8333333333333333
2024,258,Pick-Bin Baseline,pick_bin,1.8333333333333333
2024,259,Pick-Bin Baseline,pick_bin,1.8333333333333333
2024,260,Pick-Bin Baseline,pick_bin,1.8333333333333333
2024,1,XGBoost,xgboost,12.428459167480469
2024,2,XGBoost,xgboost,12.439506530761719
2024,3,XGBoost,xgboost,12.288222312927246
2024,4,XGBoost,xgboost,12.365217208862305
2024,5,XGBoost,xgboost,12.371570587158203
2024,6,XGBoost,xgboost,12.24589729309082
2024,7,XGBoost,xgboost,11.831304550170898
2024,8,XGBoost,xgboost,11.816587448120117
2024,9,XGBoost,xgboost,11.797842025756836
2024,10,XGBoost,xgboost,11.55090045928955
2024,11,XGBoost,xgboost,11.531981468200684
2024,12,XGBoost,xgboost,11.46741008758545
2024,13,XGBoost,xgboost,11.41508960723877
2024,14,XGBoost,xgboost,10.461703300476074
2024,15,XGBoost,xgboost,9.871225357055664
2024,16,XGBoost,xgboost,9.784486770629883
2024,17,XGBoost,xgboost,9.661837577819824
2024,18,XGBoost,xgboost,9.627547264099121
2024,19,XGBoost,xgboost,9.538549423217773
2024,20,XGBoost,xgboost,9.064522743225098
2024,21,XGBoost,xgboost,8.720970153808594
2024,22,XGBoost,xgboost,8.378692626953125
2024,23,XGBoost,xgboost,8.346997261047363
2024,24,XGBoost,xgboost,8.319294929504395
2024,25,XGBoost,xgboost,8.319294929504395
2024,26,XGBoost,xgboost,7.929025650024414
2024,27,XGBoost,xgboost,7.929025650024414
2024,28,XGBoost,xgboost,7.907283306121826
2024,29,XGBoost,xgboost,7.907283306121826
2024,30,XGBoost,xgboost,7.938774585723877
2024,31,XGBoost,xgboost,7.938774585723877
2024,32,XGBoost,xgboost,7.943558216094971
2024,33,XGBoost,xgboost,7.574267864227295
2024,34,XGBoost,xgboost,7.574267864227295
2024,35,XGBoost,xgboost,7.574267864227295
2024,36,XGBoost,xgboost,7.574267864227295
2024,37,XGBoost,xgboost,7.549424171447754
2024,38,XGBoost,xgboost,7.380935192108154
2024,39,XGBoost,xgboost,7.380935192108154
2024,40,XGBoost,xgboost,7.100407600402832
2024,41,XGBoost,xgboost,7.060765743255615
2024,42,XGBoost,xgboost,7.060765743255615
2024,43,XGBoost,xgboost,6.804643630981445
2024,44,XGBoost,xgboost,6.7078351974487305
2024,45,XGBoost,xgboost,6.673123836517334
2024,46,XGBoost,xgboost,6.5390424728393555
2024,47,XGBoost,xgboost,6.5390424728393555
2024,48,XGBoost,xgboost,6.5390424728393555
2024,49,XGBoost,xgboost,6.443180084228516
2024,50,XGBoost,xgboost,6.443180084228516
2024,51,XGBoost,xgboost,6.441085338592529
2024,52,XGBoost,xgboost,6.43355131149292
2024,53,XGBoost,xgboost,6.334397315979004
2024,54,XGBoost,xgboost,6.21088981628418
2024,55,XGBoost,xgboost,6.21088981628418
2024,56,XGBoost,xgboost,6.145842552185059
2024,57,XGBoost,xgboost,6.145842552185059
2024,58,XGBoost,xgboost,6.145842552185059
2024,59,XGBoost,xgboost,6.1224164962768555
2024,60,XGBoost,xgboost,6.1224164962768555
2024,61,XGBoost,xgboost,6.1224164962768555
2024,62,XGBoost,xgboost,6.1224164962768555
2024,63,XGBoost,xgboost,6.1224164962768555
2024,64,XGBoost,xgboost,6.112343788146973
2024,65,XGBoost,xgboost,5.195992946624756
2024,66,XGBoost,xgboost,5.122576713562012
2024,67,XGBoost,xgboost,5.066551208496094
2024,68,XGBoost,xgboost,4.896234035491943
2024,69,XGBoost,xgboost,4.896234035491943
2024,70,XGBoost,xgboost,4.896234035491943
2024,71,XGBoost,xgboost,4.8929667472839355
2024,72,XGBoost,xgboost,4.874287128448486
2024,73,XGBoost,xgboost,4.874287128448486
2024,74,XGBoost,xgboost,4.659363269805908
2024,75,XGBoost,xgboost,4.668318748474121
2024,76,XGBoost,xgboost,4.633261203765869
2024,77,XGBoost,xgboost,4.633261203765869
2024,78,XGBoost,xgboost,4.592230796813965
2024,79,XGBoost,xgboost,4.103701114654541
2024,80,XGBoost,xgboost,4.102359771728516
2024,81,XGBoost,xgboost,4.095404148101807
2024,82,XGBoost,xgboost,4.080672264099121
2024,83,XGBoost,xgboost,4.080672264099121
2024,84,XGBoost,xgboost,4.076930999755859
2024,85,XGBoost,xgboost,3.9082107543945312
2024,86,XGBoost,xgboost,3.904205560684204
2024,87,XGBoost,xgboost,3.8233418464660645
2024,88,XGBoost,xgboost,3.8233418464660645
2024,89,XGBoost,xgboost,3.8233418464660645
2024,90,XGBoost,xgboost,3.8165478706359863
2024,91,XGBoost,xgboost,3.8165478706359863
2024,92,XGBoost,xgboost,3.807652235031128
2024,93,XGBoost,xgboost,3.6498794555664062
2024,94,XGBoost,xgboost,3.6498794555664062
2024,95,XGBoost,xgboost,3.6498794555664062
2024,96,XGBoost,xgboost,3.6238133907318115
2024,97,XGBoost,xgboost,3.59692120552063
2024,98,XGBoost,xgboost,3.59692120552063
2024,99,XGBoost,xgboost,3.555176258087158
2024,100,XGBoost,xgboost,3.5507185459136963
2024,101,XGBoost,xgboost,3.5507185459136963
2024,102,XGBoost,xgboost,3.5507185459136963
2024,103,XGBoost,xgboost,3.5507185459136963
2024,104,XGBoost,xgboost,3.550092935562134
2024,105,XGBoost,xgboost,3.550092935562134
2024,106,XGBoost,xgboost,3.5483181476593018
2024,107,XGBoost,xgboost,3.532541275024414
2024,108,XGBoost,xgboost,3.4849660396575928
2024,109,XGBoost,xgboost,3.4822678565979004
2024,110,XGBoost,xgboost,3.4739363193511963
2024,111,XGBoost,xgboost,3.4707281589508057
2024,112,XGBoost,xgboost,3.4210143089294434
2024,113,XGBoost,xgboost,3.351201057434082
2024,114,XGBoost,xgboost,3.2181286811828613
2024,115,XGBoost,xgboost,3.1982262134552
2024,116,XGBoost,xgboost,3.1982262134552
2024,117,XGBoost,xgboost,3.1982262134552
2024,118,XGBoost,xgboost,3.1982262134552
2024,119,XGBoost,xgboost,3.1982262134552
2024,120,XGBoost,xgboost,3.194512367248535
2024,121,XGBoost,xgboost,3.0139999389648438
2024,122,XGBoost,xgboost,3.0139999389648438
2024,123,XGBoost,xgboost,3.0139999389648438
2024,124,XGBoost,xgboost,3.0139999389648438
2024,125,XGBoost,xgboost,3.0117266178131104
2024,126,XGBoost,xgboost,3.008805751800537
2024,127,XGBoost,xgboost,2.984978437423706
2024,128,XGBoost,xgboost,2.981572151184082
2024,129,XGBoost,xgboost,2.762505292892456
2024,130,XGBoost,xgboost,2.7424731254577637
2024,131,XGBoost,xgboost,2.7424731254577637
2024,132,XGBoost,xgboost,2.7424731254577637
2024,133,XGBoost,xgboost,2.7424731254577637
2024,134,XGBoost,xgboost,2.7424731254577637
2024,135,XGBoost,xgboost,2.7424731254577637
2024,136,XGBoost,xgboost,2.7424731254577637
2024,137,XGBoost,xgboost,2.734046459197998
2024,138,XGBoost,xgboost,2.734046459197998
2024,139,XGBoost,xgboost,2.734046459197998
2024,140,XGBoost,xgboost,2.734046459197998
2024,141,XGBoost,xgboost,2.734046459197998
2024,142,XGBoost,xgboost,2.734046459197998
2024,143,XGBoost,xgboost,2.734046459197998
2024,144,XGBoost,xgboost,2.734046459197998
2024,145,XGBoost,xgboost,2.734046459197998
2024,146,XGBoost,xgboost,2.734046459197998
2024,147,XGBoost,xgboost,2.6977250576019287
2024,148,XGBoost,xgboost,2.6977250576019287
2024,149,XGBoost,xgboost,2.6977250576019287
2024,150,XGBoost,xgboost,2.6889398097991943
2024,151,XGBoost,xgboost,2.6661102771759033
2024,152,XGBoost,xgboost,2.5138769149780273
2024,153,XGBoost,xgboost,2.5138769149780273
2024,154,XGBoost,xgboost,2.5045437812805176
2024,155,XGBoost,xgboost,2.4933829307556152
2024,156,XGBoost,xgboost,2.3865015506744385
2024,157,XGBoost,xgboost,2.3865015506744385
2024,158,XGBoost,xgboost,2.3865015506744385
2024,159,XGBoost,xgboost,2.3865015506744385
2024,160,XGBoost,xgboost,2.3865015506744385
2024,161,XGBoost,xgboost,1.9847686290740967
2024,162,XGBoost,xgboost,1.9847686290740967
2024,163,XGBoost,xgboost,1.9847686290740967
2024,164,XGBoost,xgboost,1.9847686290740967
2024,165,XGBoost,xgboost,1.9847686290740967
2024,166,XGBoost,xgboost,1.9847686290740967
2024,167,XGBoost,xgboost,1.9847686290740967
2024,168,XGBoost,xgboost,1.983931064605713
2024,169,XGBoost,xgboost,1.97262704372406
2024,170,XGBoost,xgboost,1.9561043977737427
2024,171,XGBoost,xgboost,1.9561043977737427
2024,172,XGBoost,xgboost,1.9561043977737427
2024,173,XGBoost,xgboost,1.9561043977737427
2024,174,XGBoost,xgboost,1.9561043977737427
2024,175,XGBoost,xgboost,1.9546715021133423
2024,176,XGBoost,xgboost,1.9498296976089478
2024,177,XGBoost,xgboost,1.9498296976089478
2024,178,XGBoost,xgboost,1.9419677257537842
2024,179,XGBoost,xgboost,1.9419677257537842
2024,180,XGBoost,xgboost,1.9419677257537842
2024,181,XGBoost,xgboost,1.929058313369751
2024,182,XGBoost,xgboost,1.9242016077041626
2024,183,XGBoost,xgboost,1.9088199138641357
2024,184,XGBoost,xgboost,1.9064098596572876
2024,185,XGBoost,xgboost,1.897487998008728
2024,186,XGBoost,xgboost,1.897487998008728
2024,187,XGBoost,xgboost,1.897487998008728
2024,188,XGBoost,xgboost,1.897487998008728
2024,189,XGBoost,xgboost,1.894580602645874
2024,190,XGBoost,xgboost,1.88770592212677
2024,191,XGBoost,xgboost,1.88770592212677
2024,192,XGBoost,xgboost,1.8862521648406982
2024,193,XGBoost,xgboost,1.8724137544631958
2024,194,XGBoost,xgboost,1.8724137544631958
2024,195,XGBoost,xgboost,1.8724137544631958
2024,196,XGBoost,xgboost,1.8106892108917236
2024,197,XGBoost,xgboost,1.8100883960723877
2024,198,XGBoost,xgboost,1.8100883960723877
2024,199,XGBoost,xgboost,1.8100883960723877
2024,200,XGBoost,xgboost,1.8041143417358398
2024,201,XGBoost,xgboost,1.7916033267974854
2024,202,XGBoost,xgboost,1.7916033267974854
2024,203,XGBoost,xgboost,1.7916033267974854
2024,204,XGBoost,xgboost,1.7916033267974854
2024,205,XGBoost,xgboost,1.7916033267974854
2024,206,XGBoost,xgboost,1.7916033267974854
2024,207,XGBoost,xgboost,1.7916033267974854
2024,208,XGBoost,xgboost,1.7916033267974854
2024,209,XGBoost,xgboost,1.7916033267974854
2024,210,XGBoost,xgboost,1.7916033267974854
2024,211,XGBoost,xgboost,1.7916033267974854
2024,212,XGBoost,xgboost,1.7916033267974854
2024,213,XGBoost,xgboost,1.7916033267974854
2024,214,XGBoost,xgboost,1.7916033267974854
2024,215,XGBoost,xgboost,1.7916033267974854
2024,216,XGBoost,xgboost,1.7916033267974854
2024,217,XGBoost,xgboost,1.7916033267974854
2024,218,XGBoost,xgboost,1.7916033267974854
2024,219,XGBoost,xgboost,1.7901756763458252
2024,220,XGBoost,xgboost,1.7901756763458252
2024,221,XGBoost,xgboost,1.7901756763458252
2024,222,XGBoost,xgboost,1.7884892225265503
2024,223,XGBoost,xgboost,1.7884892225265503
2024,224,XGBoost,xgboost,1.7884892225265503
2024,225,XGBoost,xgboost,1.786965250968933
2024,226,XGBoost,xgboost,1.786965250968933
2024,227,XGBoost,xgboost,1.786965250968933
2024,228,XGBoost,xgboost,1.786965250968933
2024,229,XGBoost,xgboost,1.786965250968933
2024,230,XGBoost,xgboost,1.786965250968933
2024,231,XGBoost,xgboost,1.786965250968933
2024,232,XGBoost,xgboost,1.786965250968933
2024,233,XGBoost,xgboost,1.786965250968933
2024,234,XGBoost,xgboost,1.786965250968933
2024,235,XGBoost,xgboost,1.784506916999817
2024,236,XGBoost,xgboost,1.784506916999817
2024,237,XGBoost,xgboost,1.784506916999817
2024,238,XGBoost,xgboost,1.784506916999817
2024,239,XGBoost,xgboost,1.784506916999817
2024,240,XGBoost,xgboost,1.784506916999817
2024,241,XGBoost,xgboost,1.784506916999817
2024,242,XGBoost,xgboost,1.784506916999817
2024,243,XGBoost,xgboost,1.784506916999817
2024,244,XGBoost,xgboost,1.784506916999817
2024,245,XGBoost,xgboost,1.784506916999817
2024,246,XGBoost,xgboost,1.784506916999817
2024,247,XGBoost,xgboost,1.784506916999817
2024,248,XGBoost,xgboost,1.784506916999817
2024,249,XGBoost,xgboost,1.784506916999817
2024,250,XGBoost,xgboost,1.784506916999817
2024,251,XGBoost,xgboost,1.784506916999817
2024,252,XGBoost,xgboost,1.784506916999817
2024,253,XGBoost,xgboost,1.784506916999817
2024,254,XGBoost,xgboost,1.784506916999817
2024,255,XGBoost,xgboost,1.784506916999817
2024,256,XGBoost,xgboost,1.784506916999817
2024,257,XGBoost,xgboost,1.784506916999817
2024,258,XGBoost,xgboost,1.784506916999817
2024,259,XGBoost,xgboost,1.784506916999817
2024,260,XGBoost,xgboost,1.784506916999817
2024,1,CatBoost,catboost,12.57571519201978
2024,2,CatBoost,catboost,12.57571519201978
2024,3,CatBoost,catboost,12.488903022728046
2024,4,CatBoost,catboost,12.488903022728046
2024,5,CatBoost,catboost,12.488903022728046
2024,6,CatBoost,catboost,12.365984131363371
2024,7,CatBoost,catboost,12.011949701029696
2024,8,CatBoost,catboost,11.932398795012254
2024,9,CatBoost,catboost,11.886630584966102
2024,10,CatBoost,catboost,11.745548533528972
2024,11,CatBoost,catboost,11.745548533528972
2024,12,CatBoost,catboost,11.613875166562341
2024,13,CatBoost,catboost,11.315680204301518
2024,14,CatBoost,catboost,10.736059874356929
2024,15,CatBoost,catboost,10.19989724888283
2024,16,CatBoost,catboost,9.943014382498044
2024,17,CatBoost,catboost,9.522784359551315
2024,18,CatBoost,catboost,9.466134427841455
2024,19,CatBoost,catboost,9.232388738125298
2024,20,CatBoost,catboost,9.118623902520753
2024,21,CatBoost,catboost,9.007374891836829
2024,22,CatBoost,catboost,8.845263239754539
2024,23,CatBoost,catboost,8.711599859061693
2024,24,CatBoost,catboost,8.711599859061693
2024,25,CatBoost,catboost,8.370032384085441
2024,26,CatBoost,catboost,8.241708666045923
2024,27,CatBoost,catboost,8.178379807200297
2024,28,CatBoost,catboost,8.140621389612038
2024,29,CatBoost,catboost,8.108989193255876
2024,30,CatBoost,catboost,8.09099978725528
2024,31,CatBoost,catboost,8.042063323904332
2024,32,CatBoost,catboost,8.042063323904332
2024,33,CatBoost,catboost,7.388218410912958
2024,34,CatBoost,catboost,7.388218410912958
2024,35,CatBoost,catboost,7.388218410912958
2024,36,CatBoost,catboost,7.380186247391817
2024,37,CatBoost,catboost,7.368044557453906
2024,38,CatBoost,catboost,7.301224489668359
2024,39,CatBoost,catboost,7.100015893727047
2024,40,CatBoost,catboost,7.073369174702396
2024,41,CatBoost,catboost,6.972085492446142
2024,42,CatBoost,catboost,6.893879762032834
2024,43,CatBoost,catboost,6.853527902028725
2024,44,CatBoost,catboost,6.767295958131863
2024,45,CatBoost,catboost,6.699190303827906
2024,46,CatBoost,catboost,6.618359332233138
2024,47,CatBoost,catboost,6.570373277049991
2024,48,CatBoost,catboost,6.526779258229912
2024,49,CatBoost,catboost,6.4361840200907725
2024,50,CatBoost,catboost,6.4361840200907725
2024,51,CatBoost,catboost,6.4361840200907725
2024,52,CatBoost,catboost,6.399809348283153
2024,53,CatBoost,catboost,6.340620441702587
2024,54,CatBoost,catboost,6.246849696251582
2024,55,CatBoost,catboost,6.228714714373011
2024,56,CatBoost,catboost,6.180904932868539
2024,57,CatBoost,catboost,6.180904932868539
2024,58,CatBoost,catboost,6.161294280712717
2024,59,CatBoost,catboost,6.076411848693374
2024,60,CatBoost,catboost,6.076411848693374
2024,61,CatBoost,catboost,6.076411848693374
2024,62,CatBoost,catboost,6.0330273034494155
2024,63,CatBoost,catboost,6.0330273034494155
2024,64,CatBoost,catboost,6.0330273034494155
2024,65,CatBoost,catboost,5.080229515152741
2024,66,CatBoost,catboost,5.017911903981727
2024,67,CatBoost,catboost,4.982836958069438
2024,68,CatBoost,catboost,4.88116577630232
2024,69,CatBoost,catboost,4.88116577630232
2024,70,CatBoost,catboost,4.855644138316005
2024,71,CatBoost,catboost,4.855644138316005
2024,72,CatBoost,catboost,4.855644138316005
2024,73,CatBoost,catboost,4.788670082944954
2024,74,CatBoost,catboost,4.759421229843054
2024,75,CatBoost,catboost,4.746138856331709
2024,76,CatBoost,catboost,4.746138856331709
2024,77,CatBoost,catboost,4.641999695424346
2024,78,CatBoost,catboost,4.60549483053967
2024,79,CatBoost,catboost,4.397486662197726
2024,80,CatBoost,catboost,4.343526456014413
2024,81,CatBoost,catboost,4.247960844379306
2024,82,CatBoost,catboost,4.217757980060435
2024,83,CatBoost,catboost,4.217757980060435
2024,84,CatBoost,catboost,4.217757980060435
2024,85,CatBoost,catboost,4.123345710357431
2024,86,CatBoost,catboost,4.09169187180337
2024,87,CatBoost,catboost,4.076969706531436
2024,88,CatBoost,catboost,3.9460172728106393
2024,89,CatBoost,catboost,3.939345883044617
2024,90,CatBoost,catboost,3.939345883044617
2024,91,CatBoost,catboost,3.894503576548235
2024,92,CatBoost,catboost,3.8801073248477937
2024,93,CatBoost,catboost,3.884180830929183
2024,94,CatBoost,catboost,3.826623917236329
2024,95,CatBoost,catboost,3.826623917236329
2024,96,CatBoost,catboost,3.826623917236329
2024,97,CatBoost,catboost,3.5894139484790255
2024,98,CatBoost,catboost,3.5894139484790255
2024,99,CatBoost,catboost,3.5894139484790255
2024,100,CatBoost,catboost,3.587114934198177
2024,101,CatBoost,catboost,3.5599623471953796
2024,102,CatBoost,catboost,3.5599623471953796
2024,103,CatBoost,catboost,3.546487060363755
2024,104,CatBoost,catboost,3.5392482162026524
2024,105,CatBoost,catboost,3.5031904613353944
2024,106,CatBoost,catboost,3.5031904613353944
2024,107,CatBoost,catboost,3.5031904613353944
2024,108,CatBoost,catboost,3.45795290610042
2024,109,CatBoost,catboost,3.45795290610042
2024,110,CatBoost,catboost,3.4394320648053576
2024,111,CatBoost,catboost,3.4394320648053576
2024,112,CatBoost,catboost,3.4394320648053576
2024,113,CatBoost,catboost,3.3678332262567436
2024,114,CatBoost,catboost,3.3578813877400315
2024,115,CatBoost,catboost,3.354948773233433
2024,116,CatBoost,catboost,3.3513790812652413
2024,117,CatBoost,catboost,3.3513790812652413
2024,118,CatBoost,catboost,3.3256878607343694
2024,119,CatBoost,catboost,3.3256878607343694
2024,120,CatBoost,catboost,3.321505365008842
2024,121,CatBoost,catboost,3.291364577857066
2024,122,CatBoost,catboost,3.2599323984391795
2024,123,CatBoost,catboost,3.2599323984391795
2024,124,CatBoost,catboost,3.2599323984391795
2024,125,CatBoost,catboost,3.2589232504148047
2024,126,CatBoost,catboost,3.218158162255138
2024,127,CatBoost,catboost,3.218158162255138
2024,128,CatBoost,catboost,3.218158162255138
2024,129,CatBoost,catboost,2.8247914709881727
2024,130,CatBoost,catboost,2.8247914709881727
2024,131,CatBoost,catboost,2.800337034379474
2024,132,CatBoost,catboost,2.7780571854545824
2024,133,CatBoost,catboost,2.7780571854545824
2024,134,CatBoost,catboost,2.7524998135913403
2024,135,CatBoost,catboost,2.742810517365349
2024,136,CatBoost,catboost,2.742810517365349
2024,137,CatBoost,catboost,2.742810517365349
2024,138,CatBoost,catboost,2.742810517365349
2024,139,CatBoost,catboost,2.742810517365349
2024,140,CatBoost,catboost,2.742810517365349
2024,141,CatBoost,catboost,2.742810517365349
2024,142,CatBoost,catboost,2.742810517365349
2024,143,CatBoost,catboost,2.742810517365349
2024,144,CatBoost,catboost,2.742810517365349
2024,145,CatBoost,catboost,2.7194635968440157
2024,146,CatBoost,catboost,2.7194635968440157
2024,147,CatBoost,catboost,2.7194635968440157
2024,148,CatBoost,catboost,2.7194635968440157
2024,149,CatBoost,catboost,2.7194635968440157
2024,150,CatBoost,catboost,2.716077301869043
2024,151,CatBoost,catboost,2.714542063500473
2024,152,CatBoost,catboost,2.7159899785495067
2024,153,CatBoost,catboost,2.695607153790771
2024,154,CatBoost,catboost,2.6843329689236417
2024,155,CatBoost,catboost,2.672073932915081
2024,156,CatBoost,catboost,2.631133488059478
2024,157,CatBoost,catboost,2.631133488059478
2024,158,CatBoost,catboost,2.5897353287744123
2024,159,CatBoost,catboost,2.5897353287744123
2024,160,CatBoost,catboost,2.5706837460988745
2024,161,CatBoost,catboost,2.2436223892142655
2024,162,CatBoost,catboost,2.2436223892142655
2024,163,CatBoost,catboost,2.2436223892142655
2024,164,CatBoost,catboost,2.2436223892142655
2024,165,CatBoost,catboost,2.2436223892142655
2024,166,CatBoost,catboost,2.2436223892142655
2024,167,CatBoost,catboost,2.2436223892142655
2024,168,CatBoost,catboost,2.2172921646031276
2024,169,CatBoost,catboost,2.2115514892261348
2024,170,CatBoost,catboost,2.172231283823698
2024,171,CatBoost,catboost,2.149566233810931
2024,172,CatBoost,catboost,2.1230296440182674
2024,173,CatBoost,catboost,2.1230296440182674
2024,174,CatBoost,catboost,2.1230296440182674
2024,175,CatBoost,catboost,2.09840528630062
2024,176,CatBoost,catboost,2.091770047944912
2024,177,CatBoost,catboost,2.0898848047929595
2024,178,CatBoost,catboost,2.0898848047929595
2024,179,CatBoost,catboost,2.0898848047929595
2024,180,CatBoost,catboost,2.0898848047929595
2024,181,CatBoost,catboost,2.0898848047929595
2024,182,CatBoost,catboost,2.0809407331633376
2024,183,CatBoost,catboost,2.0809407331633376
2024,184,CatBoost,catboost,2.0809407331633376
2024,185,CatBoost,catboost,2.0702416539617783
2024,186,CatBoost,catboost,2.0702416539617783
2024,187,CatBoost,catboost,2.0497414331086254
2024,188,CatBoost,catboost,2.0497414331086254
2024,189,CatBoost,catboost,2.036806902357572
2024,190,CatBoost,catboost,2.036806902357572
2024,191,CatBoost,catboost,2.036806902357572
2024,192,CatBoost,catboost,2.036806902357572
2024,193,CatBoost,catboost,1.996977097766182
2024,194,CatBoost,catboost,1.996977097766182
2024,195,CatBoost,catboost,1.996977097766182
2024,196,CatBoost,catboost,1.9893467882411722
2024,197,CatBoost,catboost,1.9893467882411722
2024,198,CatBoost,catboost,1.984538926961025
2024,199,CatBoost,catboost,1.9752058073075442
2024,200,CatBoost,catboost,1.9648231544354693
2024,201,CatBoost,catboost,1.9648231544354693
2024,202,CatBoost,catboost,1.9648231544354693
2024,203,CatBoost,catboost,1.9648231544354693
2024,204,CatBoost,catboost,1.9574876920340976
2024,205,CatBoost,catboost,1.9574876920340976
2024,206,CatBoost,catboost,1.9574876920340976
2024,207,CatBoost,catboost,1.9574876920340976
2024,208,CatBoost,catboost,1.9574876920340976
2024,209,CatBoost,catboost,1.9574876920340976
2024,210,CatBoost,catboost,1.9574876920340976
2024,211,CatBoost,catboost,1.9574876920340976
2024,212,CatBoost,catboost,1.9574876920340976
2024,213,CatBoost,catboost,1.9574876920340976
2024,214,CatBoost,catboost,1.9574876920340976
2024,215,CatBoost,catboost,1.9574876920340976
2024,216,CatBoost,catboost,1.9574876920340976
2024,217,CatBoost,catboost,1.9574876920340976
2024,218,CatBoost,catboost,1.9574876920340976
2024,219,CatBoost,catboost,1.9530688720548386
2024,220,CatBoost,catboost,1.9530688720548386
2024,221,CatBoost,catboost,1.9402376591401556
2024,222,CatBoost,catboost,1.9402376591401556
2024,223,CatBoost,catboost,1.9402376591401556
2024,224,CatBoost,catboost,1.9402376591401556
2024,225,CatBoost,catboost,1.9402376591401556
2024,226,CatBoost,catboost,1.9402376591401556
2024,227,CatBoost,catboost,1.9402376591401556
2024,228,CatBoost,catboost,1.9402376591401556
2024,229,CatBoost,catboost,1.9402376591401556
2024,230,CatBoost,catboost,1.9402376591401556
2024,231,CatBoost,catboost,1.9402376591401556
2024,232,CatBoost,catboost,1.9402376591401556
2024,233,CatBoost,catboost,1.9402376591401556
2024,234,CatBoost,catboost,1.9402376591401556
2024,235,CatBoost,catboost,1.9402376591401556
2024,236,CatBoost,catboost,1.9402376591401556
2024,237,CatBoost,catboost,1.9402376591401556
2024,238,CatBoost,catboost,1.9402376591401556
2024,239,CatBoost,catboost,1.9402376591401556
2024,240,CatBoost,catboost,1.9402376591401556
2024,241,CatBoost,catboost,1.9402376591401556
2024,242,CatBoost,catboost,1.9402376591401556
2024,243,CatBoost,catboost,1.9402376591401556
2024,244,CatBoost,catboost,1.9402376591401556
2024,245,CatBoost,catboost,1.9402376591401556
2024,246,CatBoost,catboost,1.9402376591401556
2024,247,CatBoost,catboost,1.9402376591401556
2024,248,CatBoost,catboost,1.9402376591401556
2024,249,CatBoost,catboost,1.9402376591401556
2024,250,CatBoost,catboost,1.9402376591401556
2024,251,CatBoost,catboost,1.9402376591401556
2024,252,CatBoost,catboost,1.9402376591401556
2024,253,CatBoost,catboost,1.9402376591401556
2024,254,CatBoost,catboost,1.9402376591401556
2024,255,CatBoost,catboost,1.9402376591401556
2024,256,CatBoost,catboost,1.9402376591401556
2024,257,CatBoost,catboost,1.9402376591401556
2024,258,CatBoost,catboost,1.9402376591401556
2024,259,CatBoost,catboost,1.9402376591401556
2024,260,CatBoost,catboost,1.9402376591401556
2024,1,MLP Neural Net,mlp,9.414755664517935
2024,2,MLP Neural Net,mlp,9.383270650826345
2024,3,MLP Neural Net,mlp,9.35183556587193
2024,4,MLP Neural Net,mlp,9.320450656723061
2024,5,MLP Neural Net,mlp,9.289116168551674
2024,6,MLP Neural Net,mlp,9.257832344628614
2024,7,MLP Neural Net,mlp,9.226599426319295
2024,8,MLP Neural Net,mlp,9.195417653079257
2024,9,MLP Neural Net,mlp,9.164287262450042
2024,10,MLP Neural Net,mlp,9.133208490055006
2024,11,MLP Neural Net,mlp,9.1021815695954
2024,12,MLP Neural Net,mlp,9.07120673284648
2024,13,MLP Neural Net,mlp,9.040284209653736
2024,14,MLP Neural Net,mlp,9.009414227929305
2024,15,MLP Neural Net,mlp,8.978597013648422
2024,16,MLP Neural Net,mlp,8.947832790846046
2024,17,MLP Neural Net,mlp,8.917121781613565
2024,18,MLP Neural Net,mlp,8.886464206095646
2024,19,MLP Neural Net,mlp,8.855860282487198
2024,20,MLP Neural Net,mlp,8.825310227030437
2024,21,MLP Neural Net,mlp,8.79481425401209
2024,22,MLP Neural Net,mlp,8.7643725757607
2024,23,MLP Neural Net,mlp,8.733985402644063
2024,24,MLP Neural Net,mlp,8.703652943066755
2024,25,MLP Neural Net,mlp,8.673375403467846
2024,26,MLP Neural Net,mlp,8.643152988318638
2024,27,MLP Neural Net,mlp,8.612985900120568
2024,28,MLP Neural Net,mlp,8.582874339403254
2024,29,MLP Neural Net,mlp,8.552818504722627
2024,30,MLP Neural Net,mlp,8.522818592659156
2024,31,MLP Neural Net,mlp,8.49287479781626
2024,32,MLP Neural Net,mlp,8.462987312818747
2024,33,MLP Neural Net,mlp,7.287508514611763
2024,34,MLP Neural Net,mlp,7.261317580544168
2024,35,MLP Neural Net,mlp,7.235178660036977
2024,36,MLP Neural Net,mlp,7.20909189492905
2024,37,MLP Neural Net,mlp,7.183057425393751
2024,38,MLP Neural Net,mlp,7.1570753899389405
2024,39,MLP Neural Net,mlp,7.131145925407126
2024,40,MLP Neural Net,mlp,7.105269166975601
2024,41,MLP Neural Net,mlp,7.079445248156777
2024,42,MLP Neural Net,mlp,7.053674300798519
2024,43,MLP Neural Net,mlp,7.027956455084618
2024,44,MLP Neural Net,mlp,7.002291839535361
2024,45,MLP Neural Net,mlp,6.976680581008124
2024,46,MLP Neural Net,mlp,6.951122804698139
2024,47,MLP Neural Net,mlp,6.9256186341392825
2024,48,MLP Neural Net,mlp,6.90016819120497
2024,49,MLP Neural Net,mlp,6.874771596109168
2024,50,MLP Neural Net,mlp,6.849428967407439
2024,51,MLP Neural Net,mlp,6.824140421998117
2024,52,MLP Neural Net,mlp,6.798906075123543
2024,53,MLP Neural Net,mlp,6.77372604037141
2024,54,MLP Neural Net,mlp,6.748600429676162
2024,55,MLP Neural Net,mlp,6.723529353320505
2024,56,MLP Neural Net,mlp,6.698512919937
2024,57,MLP Neural Net,mlp,6.673551236509713
2024,58,MLP Neural Net,mlp,6.648644408375985
2024,59,MLP Neural Net,mlp,6.6237925392282735
2024,60,MLP Neural Net,mlp,6.598995731116064
2024,61,MLP Neural Net,mlp,6.5742540844478805
2024,62,MLP Neural Net,mlp,6.549567697993367
2024,63,MLP Neural Net,mlp,6.524936668885463
2024,64,MLP Neural Net,mlp,6.500361092622655
2024,65,MLP Neural Net,mlp,5.532595017991375
2024,66,MLP Neural Net,mlp,5.51129291269219
2024,67,MLP Neural Net,mlp,5.490040572903027
2024,68,MLP Neural Net,mlp,5.468838059663979
2024,69,MLP Neural Net,mlp,5.447685432699973
2024,70,MLP Neural Net,mlp,5.42658275042336
2024,71,MLP Neural Net,mlp,5.40553006993667
2024,72,MLP Neural Net,mlp,5.38452744703535
2024,73,MLP Neural Net,mlp,5.363574936210571
2024,74,MLP Neural Net,mlp,5.342672590652123
2024,75,MLP Neural Net,mlp,5.321820462251329
2024,76,MLP Neural Net,mlp,5.301018601604042
2024,77,MLP Neural Net,mlp,5.280267058013684
2024,78,MLP Neural Net,mlp,5.259565879494339
2024,79,MLP Neural Net,mlp,5.238915112773915
2024,80,MLP Neural Net,mlp,5.21831480329733
2024,81,MLP Neural Net,mlp,5.197764995229809
2024,82,MLP Neural Net,mlp,5.177265731460159
2024,83,MLP Neural Net,mlp,5.156817053604167
2024,84,MLP Neural Net,mlp,5.136419002008
2024,85,MLP Neural Net,mlp,5.116071615751696
2024,86,MLP Neural Net,mlp,5.095774932652672
2024,87,MLP Neural Net,mlp,5.075528989269322
2024,88,MLP Neural Net,mlp,5.055333820904622
2024,89,MLP Neural Net,mlp,5.035189461609831
2024,90,MLP Neural Net,mlp,5.015095944188213
2024,91,MLP Neural Net,mlp,4.9950533001988076
2024,92,MLP Neural Net,mlp,4.975061559960274
2024,93,MLP Neural Net,mlp,4.9551207525547625
2024,94,MLP Neural Net,mlp,4.935230905831847
2024,95,MLP Neural Net,mlp,4.915392046412491
2024,96,MLP Neural Net,mlp,4.89560419969309
2024,97,MLP Neural Net,mlp,4.113623235305276
2024,98,MLP Neural Net,mlp,4.096633568422693
2024,99,MLP Neural Net,mlp,4.0796886511259025
2024,100,MLP Neural Net,mlp,4.062788489207328
2024,101,MLP Neural Net,mlp,4.045933087515715
2024,102,MLP Neural Net,mlp,4.029122449959751
2024,103,MLP Neural Net,mlp,4.012356579511749
2024,104,MLP Neural Net,mlp,3.9956354782113137
2024,105,MLP Neural Net,mlp,3.978959147169081
2024,106,MLP Neural Net,mlp,3.962327586570474
2024,107,MLP Neural Net,mlp,3.9457407956794692
2024,108,MLP Neural Net,mlp,3.9291987728424194
2024,109,MLP Neural Net,mlp,3.9127015154918903
2024,110,MLP Neural Net,mlp,3.896249020150535
2024,111,MLP Neural Net,mlp,3.87984128243498
2024,112,MLP Neural Net,mlp,3.8634782970597588
2024,113,MLP Neural Net,mlp,3.8471600578412644
2024,114,MLP Neural Net,mlp,3.8308865577017213
2024,115,MLP Neural Net,mlp,3.814657788673197
2024,116,MLP Neural Net,mlp,3.798473741901638
2024,117,MLP Neural Net,mlp,3.7823344076509167
2024,118,MLP Neural Net,mlp,3.766239775306929
2024,119,MLP Neural Net,mlp,3.7501898333816968
2024,120,MLP Neural Net,mlp,3.7341845695175
2024,121,MLP Neural Net,mlp,3.7182239704910485
2024,122,MLP Neural Net,mlp,3.702308022217645
2024,123,MLP Neural Net,mlp,3.6864367097554136
2024,124,MLP Neural Net,mlp,3.6706100173095195
2024,125,MLP Neural Net,mlp,3.654827928236425
2024,126,MLP Neural Net,mlp,3.639090425048163
2024,127,MLP Neural Net,mlp,3.623397489416646
2024,128,MLP Neural Net,mlp,3.6077491021779764
2024,129,MLP Neural Net,mlp,2.9857676378476565
2024,130,MLP Neural Net,mlp,2.9724382878240627
2024,131,MLP Neural Net,mlp,2.9591473083500506
2024,132,MLP Neural Net,mlp,2.9458946723073867
2024,133,MLP Neural Net,mlp,2.9326803519619955
2024,134,MLP Neural Net,mlp,2.9195043189674816
2024,135,MLP Neural Net,mlp,2.906366544368689
2024,136,MLP Neural Net,mlp,2.893266998605249
2024,137,MLP Neural Net,mlp,2.880205651515148
2024,138,MLP Neural Net,mlp,2.867182472338313
2024,139,MLP Neural Net,mlp,2.854197429720201
2024,140,MLP Neural Net,mlp,2.8412504917153973
2024,141,MLP Neural Net,mlp,2.828341625791234
2024,142,MLP Neural Net,mlp,2.8154707988314183
2024,143,MLP Neural Net,mlp,2.8026379771396446
2024,144,MLP Neural Net,mlp,2.789843126443268
2024,145,MLP Neural Net,mlp,2.7770862118969384
2024,146,MLP Neural Net,mlp,2.7643671980862647
2024,147,MLP Neural Net,mlp,2.751686049031494
2024,148,MLP Neural Net,mlp,2.7390427281911838
2024,149,MLP Neural Net,mlp,2.7264371984659057
2024,150,MLP Neural Net,mlp,2.713869422201924
2024,151,MLP Neural Net,mlp,2.701339361194919
2024,152,MLP Neural Net,mlp,2.688846976693691
2024,153,MLP Neural Net,mlp,2.676392229403889
2024,154,MLP Neural Net,mlp,2.663975079491731
2024,155,MLP Neural Net,mlp,2.6515954865877522
2024,156,MLP Neural Net,mlp,2.639253409790536
2024,157,MLP Neural Net,mlp,2.626948807670473
2024,158,MLP Neural Net,mlp,2.6146816382735114
2024,159,MLP Neural Net,mlp,2.602451859124928
2024,160,MLP Neural Net,mlp,2.5902594272330806
2024,161,MLP Neural Net,mlp,2.1017491188399835
2024,162,MLP Neural Net,mlp,2.0914284829451817
2024,163,MLP Neural Net,mlp,2.0811395489177293
2024,164,MLP Neural Net,mlp,2.070882273757285
2024,165,MLP Neural Net,mlp,2.060656614102137
2024,166,MLP Neural Net,mlp,2.0504625262320846
2024,167,MLP Neural Net,mlp,2.0402999660713452
2024,168,MLP Neural Net,mlp,2.0301688891914362
2024,169,MLP Neural Net,mlp,2.0200692508140827
2024,170,MLP Neural Net,mlp,2.010001005814111
2024,171,MLP Neural Net,mlp,1.9999641087223445
2024,172,MLP Neural Net,mlp,1.9899585137285143
2024,173,MLP Neural Net,mlp,1.9799841746841451
2024,174,MLP Neural Net,mlp,1.970041045105467
2024,175,MLP Neural Net,mlp,1.9601290781763103
2024,176,MLP Neural Net,mlp,1.9502482267510086
2024,177,MLP Neural Net,mlp,1.9403984433572998
2024,178,MLP Neural Net,mlp,1.9305796801992297
2024,179,MLP Neural Net,mlp,1.9207918891600455
2024,180,MLP Neural Net,mlp,1.9110350218051029
2024,181,MLP Neural Net,mlp,1.9013090293847623
2024,182,MLP Neural Net,mlp,1.8916138628372838
2024,183,MLP Neural Net,mlp,1.881949472791734
2024,184,MLP Neural Net,mlp,1.8723158095708718
2024,185,MLP Neural Net,mlp,1.8627128231940517
2024,186,MLP Neural Net,mlp,1.8531404633801127
2024,187,MLP Neural Net,mlp,1.8435986795502708
2024,188,MLP Neural Net,mlp,1.834087420831013
2024,189,MLP Neural Net,mlp,1.8246066360569806
2024,190,MLP Neural Net,mlp,1.8151562737738598
2024,191,MLP Neural Net,mlp,1.8057362822412617
2024,192,MLP Neural Net,mlp,1.7963466094356073
2024,193,MLP Neural Net,mlp,1.4162822737269793
2024,194,MLP Neural Net,mlp,1.4083705340468229
2024,195,MLP Neural Net,mlp,1.400484238885089
2024,196,MLP Neural Net,mlp,1.3926233408257573
2024,197,MLP Neural Net,mlp,1.3847877922692668
2024,198,MLP Neural Net,mlp,1.3769775454346171
2024,199,MLP Neural Net,mlp,1.3691925523614774
2024,200,MLP Neural Net,mlp,1.3614327649122755
2024,201,MLP Neural Net,mlp,1.353698134774301
2024,202,MLP Neural Net,mlp,1.3459886134617909
2024,203,MLP Neural Net,mlp,1.3383041523180241
2024,204,MLP Neural Net,mlp,1.3306447025173975
2024,205,MLP Neural Net,mlp,1.3230102150675118
2024,206,MLP Neural Net,mlp,1.31540064081125
2024,207,MLP Neural Net,mlp,1.307815930428844
2024,208,MLP Neural Net,mlp,1.3002560344399483
2024,209,MLP Neural Net,mlp,1.2927209032057019
2024,210,MLP Neural Net,mlp,1.2852104869307932
2024,211,MLP Neural Net,mlp,1.2777247356655101
2024,212,MLP Neural Net,mlp,1.2702635993077975
2024,213,MLP Neural Net,mlp,1.2628270276053
2024,214,MLP Neural Net,mlp,1.2554149701574089
2024,215,MLP Neural Net,mlp,1.2480273764172984
2024,216,MLP Neural Net,mlp,1.2406641956939632
2024,217,MLP Neural Net,mlp,1.2333253771542412
2024,218,MLP Neural Net,mlp,1.2260108698248424
2024,219,MLP Neural Net,mlp,1.2187206225943665
2024,220,MLP Neural Net,mlp,1.2114545842153208
2024,221,MLP Neural Net,mlp,1.204212703306124
2024,222,MLP Neural Net,mlp,1.1969949283531154
2024,223,MLP Neural Net,mlp,1.1898012077125502
2024,224,MLP Neural Net,mlp,1.1826314896125967
2024,225,MLP Neural Net,mlp,0.8888257626880871
2024,226,MLP Neural Net,mlp,0.8828024565835398
2024,227,MLP Neural Net,mlp,0.8767991235182774
2024,228,MLP Neural Net,mlp,0.870815718412359
2024,229,MLP Neural Net,mlp,0.8648521961150439
2024,230,MLP Neural Net,mlp,0.8589085114061759
2024,231,MLP Neural Net,mlp,0.8529846189975804
2024,232,MLP Neural Net,mlp,0.8470804735344389
2024,233,MLP Neural Net,mlp,0.8411960295966724
2024,234,MLP Neural Net,mlp,0.835331241700315
2024,235,MLP Neural Net,mlp,0.8294860642988792
2024,236,MLP Neural Net,mlp,0.8236604517847269
2024,237,MLP Neural Net,mlp,0.8178543584904218
2024,238,MLP Neural Net,mlp,0.8120677386900933
2024,239,MLP Neural Net,mlp,0.8063005466007773
2024,240,MLP Neural Net,mlp,0.8005527363837696
2024,241,MLP Neural Net,mlp,0.7948242621459631
2024,242,MLP Neural Net,mlp,0.7891150779411845
2024,243,MLP Neural Net,mlp,0.7834251377715238
2024,244,MLP Neural Net,mlp,0.7777543955886643
2024,245,MLP Neural Net,mlp,0.7721028052951981
2024,246,MLP Neural Net,mlp,0.7664703207459471
2024,247,MLP Neural Net,mlp,0.7608568957492711
2024,248,MLP Neural Net,mlp,0.7552624840683756
2024,249,MLP Neural Net,mlp,0.7496870394226106
2024,250,MLP Neural Net,mlp,0.7441305154887673
2024,251,MLP Neural Net,mlp,0.738592865902369
2024,252,MLP Neural Net,mlp,0.7330740442589557
2024,253,MLP Neural Net,mlp,0.7275740041153658
2024,254,MLP Neural Net,mlp,0.7220926989910086
2024,255,MLP Neural Net,mlp,0.7166300823691323
2024,256,MLP Neural Net,mlp,0.7111861076980935
2024,257,MLP Neural Net,mlp,0.705760728392614
2024,258,MLP Neural Net,mlp,0.7003538978350285
2024,259,MLP Neural Net,mlp,0.6949655693765406
2024,260,MLP Neural Net,mlp,0.6895956963384615
2024,1,Spline Ridge,spline,17.356447412724556
2024,2,Spline Ridge,spline,16.960111238233385
2024,3,Spline Ridge,spline,16.576498582484106
2024,4,Spline Ridge,spline,16.205157725121566
2024,5,Spline Ridge,spline,15.845655177902673
2024,6,Spline Ridge,spline,15.497574892710228
2024,7,Spline Ridge,spline,15.160517506666908
2024,8,Spline Ridge,spline,14.834099622511713
2024,9,Spline Ridge,spline,14.517953122496722
2024,10,Spline Ridge,spline,14.211724514153087
2024,11,Spline Ridge,spline,13.915074306361342
2024,12,Spline Ridge,spline,13.62767641424197
2024,13,Spline Ridge,spline,13.349217591458999
2024,14,Spline Ridge,spline,13.079396888602536
2024,15,Spline Ridge,spline,12.81792513638419
2024,16,Spline Ridge,spline,12.564524452445
2024,17,Spline Ridge,spline,12.318927770636611
2024,18,Spline Ridge,spline,12.080878391694784
2024,19,Spline Ridge,spline,11.8501295542798
2024,20,Spline Ridge,spline,11.62644402540974
2024,21,Spline Ridge,spline,11.409593709362925
2024,22,Spline Ridge,spline,11.199359274172025
2024,23,Spline Ridge,spline,10.995529794876724
2024,24,Spline Ridge,spline,10.797902412744092
2024,25,Spline Ridge,spline,10.606282009705298
2024,26,Spline Ridge,spline,10.420480897295095
2024,27,Spline Ridge,spline,10.24031851941623
2024,28,Spline Ridge,spline,10.065621168284848
2024,29,Spline Ridge,spline,9.896221712944763
2024,30,Spline Ridge,spline,9.73195933976935
2024,31,Spline Ridge,spline,9.572679304398262
2024,32,Spline Ridge,spline,9.41823269458367
2024,33,Spline Ridge,spline,8.779297402814437
2024,34,Spline Ridge,spline,8.64101048316458
2024,35,Spline Ridge,spline,8.50693248847242
2024,36,Spline Ridge,spline,8.376941750689783
2024,37,Spline Ridge,spline,8.250921166765135
2024,38,Spline Ridge,spline,8.128758025920206
2024,39,Spline Ridge,spline,8.010343844440166
2024,40,Spline Ridge,spline,7.895574207643055
2024,41,Spline Ridge,spline,7.784348618710164
2024,42,Spline Ridge,spline,7.6765703540747685
2024,43,Spline Ridge,spline,7.572146325081217
2024,44,Spline Ridge,spline,7.470986945640349
2024,45,Spline Ridge,spline,7.373006005620577
2024,46,Spline Ridge,spline,7.278120549726533
2024,47,Spline Ridge,spline,7.186250761629172
2024,48,Spline Ridge,spline,7.09731985312278
2024,49,Spline Ridge,spline,7.011253958094998
2024,50,Spline Ridge,spline,6.927982031106527
2024,51,Spline Ridge,spline,6.847435750386857
2024,52,Spline Ridge,spline,6.769549425061831
2024,53,Spline Ridge,spline,6.694259906437736
2024,54,Spline Ridge,spline,6.620995673915465
2024,55,Spline Ridge,spline,6.5486690212715635
2024,56,Spline Ridge,spline,6.477235150196901
2024,57,Spline Ridge,spline,6.406681687647021
2024,58,Spline Ridge,spline,6.336996450050781
2024,59,Spline Ridge,spline,6.268167440183783
2024,60,Spline Ridge,spline,6.200182844096841
2024,61,Spline Ridge,spline,6.133031028098475
2024,62,Spline Ridge,spline,6.066700535790447
2024,63,Spline Ridge,spline,6.0011800851553225
2024,64,Spline Ridge,spline,5.936458565695122
2024,65,Spline Ridge,spline,5.545125576573583
2024,66,Spline Ridge,spline,5.484977956808985
2024,67,Spline Ridge,spline,5.425560417958069
2024,68,Spline Ridge,spline,5.366863005899682
2024,69,Spline Ridge,spline,5.308875916934602
2024,70,Spline Ridge,spline,5.251589495334017
2024,71,Spline Ridge,spline,5.194994230930704
2024,72,Spline Ridge,spline,5.139080756752097
2024,73,Spline Ridge,spline,5.083839846694496
2024,74,Spline Ridge,spline,5.029262413237641
2024,75,Spline Ridge,spline,4.975339505198944
2024,76,Spline Ridge,spline,4.922062305526602
2024,77,Spline Ridge,spline,4.869422129130922
2024,78,Spline Ridge,spline,4.817410420753135
2024,79,Spline Ridge,spline,4.766018752871028
2024,80,Spline Ridge,spline,4.7152388236407
2024,81,Spline Ridge,spline,4.6650624548738175
2024,82,Spline Ridge,spline,4.615481590049675
2024,83,Spline Ridge,spline,4.566488292361475
2024,84,Spline Ridge,spline,4.518074742796172
2024,85,Spline Ridge,spline,4.470233238247278
2024,86,Spline Ridge,spline,4.422956189660047
2024,87,Spline Ridge,spline,4.376236120208418
2024,88,Spline Ridge,spline,4.330065663503176
2024,89,Spline Ridge,spline,4.284437561830738
2024,90,Spline Ridge,spline,4.239344664422036
2024,91,Spline Ridge,spline,4.194779925750916
2024,92,Spline Ridge,spline,4.150736403861574
2024,93,Spline Ridge,spline,4.1072072587244355
2024,94,Spline Ridge,spline,4.064185750620039
2024,95,Spline Ridge,spline,4.021665238550357
2024,96,Spline Ridge,spline,3.979639178677111
2024,97,Spline Ridge,spline,3.702855470287975
2024,98,Spline Ridge,spline,3.663754945860458
2024,99,Spline Ridge,spline,3.625107162874292
2024,100,Spline Ridge,spline,3.5869062449817766
2024,101,Spline Ridge,spline,3.549146401299305
2024,102,Spline Ridge,spline,3.5118219250647926
2024,103,Spline Ridge,spline,3.4749271923177254
2024,104,Spline Ridge,spline,3.438456660601442
2024,105,Spline Ridge,spline,3.402404867687247
2024,106,Spline Ridge,spline,3.366797287901204
2024,107,Spline Ridge,spline,3.331753709032678
2024,108,Spline Ridge,spline,3.297278653150965
2024,109,Spline Ridge,spline,3.2633630038831414
2024,110,Spline Ridge,spline,3.2299978288710975
2024,111,Spline Ridge,spline,3.1971743759397184
2024,112,Spline Ridge,spline,3.164884069355174
2024,113,Spline Ridge,spline,3.133118506171127
2024,114,Spline Ridge,spline,3.101869452660722
2024,115,Spline Ridge,spline,3.071128840832246
2024,116,Spline Ridge,spline,3.040888765026462
2024,117,Spline Ridge,spline,3.01114147859361
2024,118,Spline Ridge,spline,2.981879390648165
2024,119,Spline Ridge,spline,2.9530950628994797
2024,120,Spline Ridge,spline,2.924781206556474
2024,121,Spline Ridge,spline,2.8969306793046035
2024,122,Spline Ridge,spline,2.869536482353375
2024,123,Spline Ridge,spline,2.84259175755272
2024,124,Spline Ridge,spline,2.816089784576587
2024,125,Spline Ridge,spline,2.7900239781721563
2024,126,Spline Ridge,spline,2.7643878854731136
2024,127,Spline Ridge,spline,2.739175183375478
2024,128,Spline Ridge,spline,2.7143796759744943
2024,129,Spline Ridge,spline,2.5142080150060178
2024,130,Spline Ridge,spline,2.4913711485220307
2024,131,Spline Ridge,spline,2.4689146030980242
2024,132,Spline Ridge,spline,2.446832939259689
2024,133,Spline Ridge,spline,2.4251208272930302
2024,134,Spline Ridge,spline,2.403773045124803
2024,135,Spline Ridge,spline,2.382784476252233
2024,136,Spline Ridge,spline,2.3621501077208937
2024,137,Spline Ridge,spline,2.3418650281496323
2024,138,Spline Ridge,spline,2.321924425801461
2024,139,Spline Ridge,spline,2.302323586699362
2024,140,Spline Ridge,spline,2.283057892785982
2024,141,Spline Ridge,spline,2.2641228201262207
2024,142,Spline Ridge,spline,2.2455139371517348
2024,143,Spline Ridge,spline,2.2272269029464216
2024,144,Spline Ridge,spline,2.209257465571947
2024,145,Spline Ridge,spline,2.191601460432428
2024,146,Spline Ridge,spline,2.1742548086773974
2024,147,Spline Ridge,spline,2.1572135156421863
2024,148,Spline Ridge,spline,2.1404736693249102
2024,149,Spline Ridge,spline,2.124031438899239
2024,150,Spline Ridge,spline,2.107883073262164
2024,151,Spline Ridge,spline,2.092024899616009
2024,152,Spline Ridge,spline,2.0764533220839194
2024,153,Spline Ridge,spline,2.0611648203581123
2024,154,Spline Ridge,spline,2.046155948380184
2024,155,Spline Ridge,spline,2.0314233330527767
2024,156,Spline Ridge,spline,2.0169636729819334
2024,157,Spline Ridge,spline,2.002773737249497
2024,158,Spline Ridge,spline,1.9888379164096397
2024,159,Spline Ridge,spline,1.9750386751901567
2024,160,Spline Ridge,spline,1.9613469674849793
2024,161,Spline Ridge,spline,1.8073337916861834
2024,162,Spline Ridge,spline,1.7944966025553175
2024,163,Spline Ridge,spline,1.7817592802920528
2024,164,Spline Ridge,spline,1.7691209935704024
2024,165,Spline Ridge,spline,1.7565809192342419
2024,166,Spline Ridge,spline,1.7441382422115768
2024,167,Spline Ridge,spline,1.7317921554297924
2024,168,Spline Ridge,spline,1.719541859731882
2024,169,Spline Ridge,spline,1.70738656379363
2024,170,Spline Ridge,spline,1.6953254840417546
2024,171,Spline Ridge,spline,1.6833578445729795
2024,172,Spline Ridge,spline,1.67148287707404
2024,173,Spline Ridge,spline,1.6596998207426015
2024,174,Spline Ridge,spline,1.6480079222090862
2024,175,Spline Ridge,spline,1.6364064354593904
2024,176,Spline Ridge,spline,1.6248946217584863
2024,177,Spline Ridge,spline,1.6134717495749002
2024,178,Spline Ridge,spline,1.6021370945060458
2024,179,Spline Ridge,spline,1.5908899392044171
2024,180,Spline Ridge,spline,1.5797295733046157
2024,181,Spline Ridge,spline,1.5686552933512146
2024,182,Spline Ridge,spline,1.5576664027274416
2024,183,Spline Ridge,spline,1.5467622115846753
2024,184,Spline Ridge,spline,1.5359420367727392
2024,185,Spline Ridge,spline,1.525205201770995
2024,186,Spline Ridge,spline,1.5145510366202108
2024,187,Spline Ridge,spline,1.5039788778552101
2024,188,Spline Ridge,spline,1.493488068438279
2024,189,Spline Ridge,spline,1.483077957693331
2024,190,Spline Ridge,spline,1.4727479012408204
2024,191,Spline Ridge,spline,1.4624972609333868
2024,192,Spline Ridge,spline,1.4523254047922338
2024,193,Spline Ridge,spline,1.3258865011318737
2024,194,Spline Ridge,spline,1.3163475004549763
2024,195,Spline Ridge,spline,1.3068817597906044
2024,196,Spline Ridge,spline,1.297488700173188
2024,197,Spline Ridge,spline,1.2881677482190124
2024,198,Spline Ridge,spline,1.2789183360696192
2024,199,Spline Ridge,spline,1.2697399013358428
2024,200,Spline Ridge,spline,1.2606318870424786
2024,201,Spline Ridge,spline,1.2515937415735758
2024,202,Spline Ridge,spline,1.2426249186183416
2024,203,Spline Ridge,spline,1.233724877117659
2024,204,Spline Ridge,spline,1.2248930812112027
2024,205,Spline Ridge,spline,1.216129000185149
2024,206,Spline Ridge,spline,1.2074321084204747
2024,207,Spline Ridge,spline,1.1988018853418352
2024,208,Spline Ridge,spline,1.1902378153670161
2024,209,Spline Ridge,spline,1.181739387856951
2024,210,Spline Ridge,spline,1.1733107802083287
2024,211,Spline Ridge,spline,1.1651053923467005
2024,212,Spline Ridge,spline,1.1571953124274836
2024,213,Spline Ridge,spline,1.1495775263684795
2024,214,Spline Ridge,spline,1.1422491381839117
2024,215,Spline Ridge,spline,1.1352073681502421
2024,216,Spline Ridge,spline,1.1284495510494734
2024,217,Spline Ridge,spline,1.1219731344883759
2024,218,Spline Ridge,spline,1.1157756772921688
2024,219,Spline Ridge,spline,1.1098548479712291
2024,220,Spline Ridge,spline,1.104208423259483
2024,221,Spline Ridge,spline,1.0988342867232037
2024,222,Spline Ridge,spline,1.093730427438987
2024,223,Spline Ridge,spline,1.0888949387397553
2024,224,Spline Ridge,spline,1.084326017027695
2024,225,Spline Ridge,spline,0.9809320248299287
2024,226,Spline Ridge,spline,0.9770837318677229
2024,227,Spline Ridge,spline,0.9734847324939244
2024,228,Spline Ridge,spline,0.9701336916051685
2024,229,Spline Ridge,spline,0.9670293675282894
2024,230,Spline Ridge,spline,0.9641706112535058
2024,231,Spline Ridge,spline,0.9615563657255941
2024,232,Spline Ridge,spline,0.9591856651924423
2024,233,Spline Ridge,spline,0.9570576346104184
2024,234,Spline Ridge,spline,0.9551714891060437
2024,235,Spline Ridge,spline,0.9535265334935045
2024,236,Spline Ridge,spline,0.9521221618475888
2024,237,Spline Ridge,spline,0.9509578571316818
2024,238,Spline Ridge,spline,0.9500331908804958
2024,239,Spline Ridge,spline,0.9493478229372679
2024,240,Spline Ridge,spline,0.948901501245196
2024,241,Spline Ridge,spline,0.9486940616929339
2024,242,Spline Ridge,spline,0.9487254280140155
2024,243,Spline Ridge,spline,0.9489956117401209
2024,244,Spline Ridge,spline,0.9495047122081405
2024,245,Spline Ridge,spline,0.9502529166210498
2024,246,Spline Ridge,spline,0.9512405001626426
2024,247,Spline Ridge,spline,0.9524678261662219
2024,248,Spline Ridge,spline,0.9539353463373929
2024,249,Spline Ridge,spline,0.9556436010311511
2024,250,Spline Ridge,spline,0.9575932195835026
2024,251,Spline Ridge,spline,0.9597849206979004
2024,252,Spline Ridge,spline,0.9622195128868302
2024,253,Spline Ridge,spline,0.9648978949689245
2024,254,Spline Ridge,spline,0.9678210566220357
2024,255,Spline Ridge,spline,0.9709900789927401
2024,256,Spline Ridge,spline,0.9744061353628022
2024,257,Spline Ridge,spline,0.978070491873173
2024,258,Spline Ridge,spline,0.9819845083061476
2024,259,Spline Ridge,spline,0.9861496389263594
2024,260,Spline Ridge,spline,0.9905674333813372
