draft_season,pick,pick_was_traded,pick_trade_count,pick_future_trade_count,pick_same_year_trade_count,pick_post_year_trade_count,pick_ever_conditional,pick_first_trade_date,pick_last_trade_date,pick_first_gave_team,pick_first_received_team,pick_last_gave_team,pick_last_received_team,pick_trade_team_chain,pick_trade_n_distinct_teams,pick_approx_value_points
2002,6,True,1,0,1,0,False,2002-04-20,2002-04-20,DAL,KC,DAL,KC,DAL | KC,2,1600.0
2002,8,True,1,0,1,0,False,2002-04-20,2002-04-20,KC,DAL,KC,DAL,DAL | KC,2,1400.0
2002,14,True,1,0,1,0,False,2002-04-20,2002-04-20,TEN,NYG,TEN,NYG,NYG | TEN,2,1100.0
2002,15,True,1,0,1,0,False,2002-04-20,2002-04-20,NYG,TEN,NYG,TEN,NYG | TEN,2,1050.0
2002,17,True,1,0,1,0,False,2002-04-20,2002-04-20,ATL,OAK,ATL,OAK,ATL | OAK,2,950.0
2002,18,True,2,0,2,0,False,2002-04-20,2002-04-20,WAS,OAK,OAK,ATL,ATL | OAK | WAS,3,900.0
2002,20,True,1,0,1,0,False,2002-04-20,2002-04-20,SEA,GB,SEA,GB,GB | SEA,2,850.0
2002,21,True,2,0,2,0,False,2002-04-20,2002-04-20,OAK,WAS,WAS,NE,NE | OAK | WAS,3,800.0
2002,25,True,1,0,1,0,False,2002-03-08,2002-03-08,MIA,NO,MIA,NO,MIA | NO,2,720.0
2002,28,True,1,0,1,0,False,2002-04-20,2002-04-20,GB,SEA,GB,SEA,GB | SEA,2,660.0
2002,32,True,1,0,1,0,False,2002-04-20,2002-04-20,NE,WAS,NE,WAS,NE | WAS,2,590.0
2002,52,True,1,0,1,0,False,2002-04-20,2002-04-20,WAS,BAL,WAS,BAL,BAL | WAS,2,361.96939922005004
2002,56,True,1,0,1,0,False,2002-04-20,2002-04-20,BAL,WAS,BAL,WAS,BAL | WAS,2,328.2735003541492
2002,60,True,1,0,1,0,False,2002-04-20,2002-04-20,GB,SEA,GB,SEA,GB | SEA,2,297.71436830563
2002,61,True,1,0,1,0,False,2002-04-20,2002-04-20,SF,BUF,SF,BUF,BUF | SF,2,290.52986838788144
2002,63,True,1,0,1,0,False,2002-04-20,2002-04-20,CHI,DAL,CHI,DAL,CHI | DAL,2,276.6768177349749
2002,67,True,1,0,1,0,False,2002-04-20,2002-04-20,CAR,CIN,CAR,CIN,CAR | CIN,2,249.44014354004796
2002,69,True,1,0,1,0,False,2002-04-20,2002-04-20,BUF,SF,BUF,SF,BUF | SF,2,236.61089419518237
2002,72,True,1,0,1,0,False,2002-04-20,2002-04-20,DAL,CHI,DAL,CHI,CHI | DAL,2,218.59353855994584
2002,73,True,1,0,1,0,False,2002-04-20,2002-04-20,CIN,CAR,CIN,CAR,CAR | CIN,2,212.89796732125947
2002,75,True,1,0,1,0,False,2002-04-20,2002-04-20,KC,DAL,KC,DAL,DAL | KC,2,201.94816161229585
2002,76,True,1,0,1,0,False,2002-04-20,2002-04-20,JAX,CLE,JAX,CLE,CLE | JAX,2,196.6862945481459
2002,79,True,2,0,2,0,False,2002-04-20,2002-04-20,CLE,JAX,JAX,WAS,CLE | JAX | WAS,3,181.70910201648016
2002,87,True,1,0,1,0,False,2002-04-20,2002-04-20,BAL,WAS,BAL,WAS,BAL | WAS,2,147.1127244382688
2002,89,True,2,0,2,0,False,2002-04-20,2002-04-20,OAK,WAS,WAS,JAX,JAX | OAK | WAS,3,139.54639691441523
2002,96,True,3,0,3,0,False,2002-04-20,2002-04-20,NE,WAS,BAL,DEN,BAL | DEN | NE | WAS,4,116.0
2002,102,True,1,0,1,0,False,2002-04-20,2002-04-20,BUF,SF,BUF,SF,BUF | SF,2,96.30469311789194
2002,104,True,1,0,1,0,False,2002-04-20,2002-04-20,DAL,CHI,DAL,CHI,CHI | DAL,2,90.51292627308231
2002,110,True,1,0,1,0,False,2002-04-20,2002-04-20,NYG,TEN,NYG,TEN,NYG | TEN,2,75.14499644768598
2002,112,True,1,0,1,0,False,2002-04-20,2002-04-20,DEN,BAL,DEN,BAL,BAL | DEN,2,70.6257743320383
2002,114,True,1,0,1,0,False,2002-03-08,2002-03-08,NO,MIA,NO,MIA,MIA | NO,2,66.37833835646687
2002,116,True,1,0,1,0,False,2002-04-21,2002-04-21,HOU,ATL,HOU,ATL,ATL | HOU,2,62.38634329516793
2002,117,True,1,0,1,0,False,2002-04-21,2002-04-21,DEN,NE,DEN,NE,DEN | NE,2,60.48129865534639
2002,118,True,1,0,1,0,False,2002-04-20,2002-04-20,WAS,JAX,WAS,JAX,JAX | WAS,2,58.63442692465892
2002,122,True,1,0,1,0,False,2002-04-21,2002-04-21,OAK,CLE,OAK,CLE,CLE | OAK,2,51.793945222315514
2002,125,True,1,0,1,0,False,2002-03-08,2002-03-08,MIA,NO,MIA,NO,MIA | NO,2,47.192580397341786
2002,126,True,1,0,1,0,False,2002-03-11,2002-03-11,GB,NE,GB,NE,GB | NE,2,45.75149621806973
2002,129,True,1,0,1,0,False,2002-04-20,2002-04-20,CHI,DAL,CHI,DAL,CHI | DAL,2,42.427384008372805
2002,131,True,1,0,1,0,False,2002-04-21,2002-04-21,NE,DEN,NE,DEN,DEN | NE,2,41.30492646319395
2002,140,True,1,0,1,0,False,2002-04-20,2002-04-20,DAL,CHI,DAL,CHI,CHI | DAL,2,36.610195369494626
2002,144,True,1,0,1,0,False,2002-04-21,2002-04-21,NE,DEN,NE,DEN,DEN | NE,2,34.698703145794944
2002,145,True,1,0,1,0,False,2002-04-20,2002-04-20,CIN,CAR,CIN,CAR,CAR | CIN,2,34.23663262695757
2002,146,True,1,0,1,0,False,2002-04-19,2002-04-19,IND,SEA,IND,SEA,IND | SEA,2,33.78071533994218
2002,147,True,1,0,1,0,False,2002-04-21,2002-04-21,CLE,OAK,CLE,OAK,CLE | OAK,2,33.3308693443083
2002,154,True,1,0,1,0,False,2002-04-09,2002-04-09,WAS,NYJ,WAS,NYJ,NYJ | WAS,2,30.345286061298786
2002,155,True,1,0,1,0,False,2002-04-20,2002-04-20,DEN,BAL,DEN,BAL,BAL | DEN,2,29.941188478294087
2002,156,True,1,0,1,0,False,2002-04-20,2002-04-20,SEA,GB,SEA,GB,GB | SEA,2,29.54247212175932
2002,158,True,1,0,1,0,False,2002-04-20,2002-04-20,OAK,ATL,OAK,ATL,ATL | OAK,2,28.76089740271087
2002,159,True,1,0,1,0,False,2002-04-20,2002-04-20,BAL,WAS,BAL,WAS,BAL | WAS,2,28.377898570470364
2002,160,True,1,0,1,0,False,2002-04-09,2002-04-09,NYJ,WAS,NYJ,WAS,NYJ | WAS,2,28.0
2002,168,True,1,0,1,0,False,2002-04-21,2002-04-21,NE,DAL,NE,DAL,DAL | NE,2,23.545099627104005
2002,183,True,1,0,1,0,False,2002-04-15,2002-04-15,STL,IND,STL,IND,IND | STL,2,17.013463039726563
2002,189,True,1,0,1,0,False,2002-04-21,2002-04-21,CLE,OAK,CLE,OAK,CLE | OAK,2,14.939965609475523
2002,234,True,1,0,1,0,False,2002-04-20,2002-04-20,NE,WAS,NE,WAS,NE | WAS,2,2.5936791093020193
2002,237,True,1,0,1,0,False,2002-04-21,2002-04-21,DAL,NE,DAL,NE,DAL | NE,2,2.277577269513383
2003,4,True,1,0,1,0,False,2003-04-26,2003-04-26,CHI,NYJ,CHI,NYJ,CHI | NYJ,2,1800.0
2003,6,True,1,0,1,0,False,2003-04-26,2003-04-26,ARI,NO,ARI,NO,ARI | NO,2,1600.0
2003,13,True,2,0,2,0,False,2003-04-26,2003-04-26,NYJ,CHI,CHI,NE,CHI | NE | NYJ,3,1150.0
2003,14,True,2,1,1,0,False,2002-04-22,2003-04-26,BUF,NE,NE,CHI,BUF | CHI | NE,3,1100.0
2003,15,True,1,0,1,0,False,2003-04-26,2003-04-26,SD,PHI,SD,PHI,PHI | SD,2,1050.0
2003,16,True,1,0,1,0,False,2003-04-26,2003-04-26,KC,PIT,KC,PIT,KC | PIT,2,1000.0
2003,17,True,1,0,1,0,False,2003-04-26,2003-04-26,NO,ARI,NO,ARI,ARI | NO,2,950.0
2003,18,True,2,1,1,0,False,2002-03-08,2003-04-26,MIA,NO,NO,ARI,ARI | MIA | NO,3,900.0
2003,19,True,1,0,1,0,False,2003-04-26,2003-04-26,NE,BAL,NE,BAL,BAL | NE,2,875.0
2003,22,True,1,0,1,0,False,2003-04-26,2003-04-26,NYJ,CHI,NYJ,CHI,CHI | NYJ,2,780.0
2003,23,True,1,0,1,0,False,2003-03-07,2003-03-07,ATL,BUF,ATL,BUF,ATL | BUF,2,760.0
2003,27,True,1,0,1,0,False,2003-04-26,2003-04-26,PIT,KC,PIT,KC,KC | PIT,2,680.0
2003,30,True,1,0,1,0,False,2003-04-26,2003-04-26,PHI,SD,PHI,SD,PHI | SD,2,620.0
2003,36,True,1,0,1,0,False,2003-04-26,2003-04-26,HOU,NE,HOU,NE,HOU | NE,2,535.0766269918975
2003,37,True,1,0,1,0,False,2003-04-26,2003-04-26,ARI,NO,ARI,NO,ARI | NO,2,522.1640557764364
2003,41,True,2,0,2,0,False,2003-04-26,2003-04-26,BAL,NE,NE,HOU,BAL | HOU | NE,3,473.5555622055335
2003,45,True,1,0,1,0,False,2003-04-26,2003-04-26,CAR,NE,CAR,NE,CAR | NE,2,429.4720557935401
2003,50,True,1,0,1,0,False,2003-04-26,2003-04-26,NE,CAR,NE,CAR,CAR | NE,2,380.0930008403369
2003,54,True,1,0,1,0,False,2003-04-26,2003-04-26,NO,ARI,NO,ARI,ARI | NO,2,344.7099675133492
2003,62,True,2,0,2,0,False,2003-03-03,2003-04-26,GB,PHI,PHI,SD,GB | PHI | SD,3,283.5187461924169
2003,75,True,2,0,2,0,False,2003-03-06,2003-04-26,WAS,NE,NE,HOU,HOU | NE | WAS,3,201.94816161229585
2003,78,True,3,1,2,0,False,2002-03-27,2003-04-25,KC,NO,NE,MIA,KC | MIA | NE | NO,4,186.57029044525893
2003,79,True,1,0,1,0,False,2003-04-26,2003-04-26,BUF,GB,BUF,GB,BUF | GB,2,181.70910201648016
2003,81,True,1,0,1,0,False,2003-03-06,2003-03-06,NE,WAS,NE,WAS,NE | WAS,2,172.3634075147178
2003,82,True,1,0,1,0,False,2003-04-26,2003-04-26,DEN,CAR,DEN,CAR,CAR | DEN,2,167.8723869982371
2003,83,True,1,0,1,0,False,2003-04-26,2003-04-26,HOU,OAK,HOU,OAK,HOU | OAK,2,163.49838241669462
2003,88,True,1,1,0,0,False,2002-04-21,2002-04-21,ATL,HOU,ATL,HOU,ATL | HOU,2,143.2796239373333
2003,92,True,1,0,1,0,False,2003-04-26,2003-04-26,PIT,KC,PIT,KC,KC | PIT,2,128.9202713956601
2003,94,True,1,0,1,0,False,2003-04-26,2003-04-26,GB,BUF,GB,BUF,BUF | GB,2,122.28962131716897
2003,102,True,1,0,1,0,False,2003-04-26,2003-04-26,ARI,NO,ARI,NO,ARI | NO,2,96.30469311789194
2003,107,True,1,0,1,0,False,2003-02-28,2003-02-28,WAS,STL,WAS,STL,STL | WAS,2,82.47177410035772
2003,108,True,1,0,1,0,False,2003-04-26,2003-04-26,CAR,DEN,CAR,DEN,CAR | DEN,2,79.9533958321667
2003,116,True,1,0,1,0,False,2003-04-26,2003-04-26,NYJ,CHI,NYJ,CHI,CHI | NYJ,2,62.38634329516793
2003,117,True,1,0,1,0,False,2003-04-26,2003-04-26,HOU,NE,HOU,NE,HOU | NE,2,60.48129865534639
2003,118,True,1,1,0,0,False,2002-08-31,2002-08-31,NO,CIN,NO,CIN,CIN | NO,2,58.63442692465892
2003,119,True,1,1,0,0,False,2002-07-19,2002-07-19,MIA,CAR,MIA,CAR,CAR | MIA,2,56.843951720921865
2003,120,True,3,0,3,0,False,2003-04-26,2003-04-27,NE,CAR,DEN,NE,CAR | DEN | NE,3,55.10815090599254
2003,127,True,2,0,2,0,False,2003-03-03,2003-04-26,PHI,GB,GB,BUF,BUF | GB | PHI,3,44.35441733781426
2003,128,True,1,0,1,0,False,2003-04-27,2003-04-27,NE,DEN,NE,DEN,DEN | NE,2,43.0
2003,138,True,1,0,1,0,False,2003-04-27,2003-04-27,HOU,IND,HOU,IND,HOU | IND,2,37.605074032686986
2003,140,True,2,1,1,0,False,2002-04-21,2003-03-06,DAL,NE,NE,WAS,DAL | NE | WAS,3,36.610195369494626
2003,143,True,1,0,1,0,False,2003-04-27,2003-04-27,JAX,CHI,JAX,CHI,CHI | JAX,2,35.167009942793925
2003,144,True,1,1,0,0,False,2002-08-23,2002-08-23,WAS,DET,WAS,DET,DET | WAS,2,34.698703145794944
2003,147,True,1,0,1,0,False,2003-04-27,2003-04-27,SEA,GB,SEA,GB,GB | SEA,2,33.3308693443083
2003,150,True,1,0,1,0,False,2003-04-27,2003-04-27,KC,NYJ,KC,NYJ,KC | NYJ,2,32.01695598188324
2003,153,True,1,0,1,0,False,2003-04-27,2003-04-27,NYJ,KC,NYJ,KC,KC | NYJ,2,30.754837497837325
2003,154,True,2,0,2,0,False,2003-03-06,2003-04-27,HOU,NE,NE,TEN,HOU | NE | TEN,3,30.345286061298786
2003,157,True,1,0,1,0,False,2003-04-27,2003-04-27,NE,DEN,NE,DEN,DEN | NE,2,29.149065331779774
2003,164,True,1,0,1,0,False,2003-04-27,2003-04-27,TEN,NE,TEN,NE,NE | TEN,2,25.676113209730797
2003,165,True,1,0,1,0,False,2003-04-27,2003-04-27,GB,SEA,GB,SEA,GB | SEA,2,25.1259270500435
2003,166,True,1,0,1,0,False,2003-04-27,2003-04-27,PHI,GB,PHI,GB,GB | PHI,2,24.58753024522619
2003,176,True,1,0,1,0,False,2003-04-27,2003-04-27,CHI,JAX,CHI,JAX,CHI | JAX,2,19.798989873223327
2003,181,True,1,0,1,0,False,2003-04-27,2003-04-27,CAR,MIA,CAR,MIA,CAR | MIA,2,17.766713400684264
2003,185,True,1,0,1,0,False,2003-04-27,2003-04-27,GB,PHI,GB,PHI,GB | PHI,2,16.29214802288608
2003,186,True,1,1,0,0,False,2002-04-20,2002-04-20,KC,DAL,KC,DAL,DAL | KC,2,15.943040886593678
2003,189,True,1,0,1,0,False,2003-04-27,2003-04-27,NYJ,KC,NYJ,KC,KC | NYJ,2,14.939965609475523
2003,190,True,1,0,1,0,False,2003-03-13,2003-03-13,NO,MIN,NO,MIN,MIN | NO,2,14.619832953983792
2003,193,True,2,0,2,0,False,2003-04-26,2003-04-27,NE,CHI,CHI,JAX,CHI | JAX | NE,3,13.46250598229572
2003,200,True,2,0,2,0,False,2003-04-26,2003-04-27,PIT,KC,KC,NYJ,KC | NYJ | PIT,3,10.235546239926343
2003,201,True,1,0,1,0,False,2003-04-27,2003-04-27,TEN,NE,TEN,NE,NE | TEN,2,9.842578749076635
2003,202,True,1,0,1,0,False,2003-03-04,2003-03-04,PHI,ATL,PHI,ATL,ATL | PHI,2,9.464698235047209
2003,203,True,2,0,2,0,False,2003-04-27,2003-04-27,GB,SEA,SEA,NO,GB | NO | SEA,3,9.101325472139058
2003,218,True,1,0,1,0,False,2003-04-27,2003-04-27,CHI,JAX,CHI,JAX,CHI | JAX,2,5.059094009250097
2003,220,True,1,0,1,0,False,2003-04-27,2003-04-27,ARI,DET,ARI,DET,ARI | DET,2,4.678089182334822
2003,225,True,2,1,1,0,False,2002-08-20,2003-04-27,STL,NE,NE,TEN,NE | STL | TEN,3,3.830413122794295
2003,226,True,1,0,1,0,False,2003-04-27,2003-04-27,MIA,CAR,MIA,CAR,CAR | MIA,2,3.668016172818685
2003,227,True,1,0,1,0,False,2003-04-26,2003-04-26,CAR,DEN,CAR,DEN,CAR | DEN,2,3.5125043207465994
2003,232,True,1,1,0,0,False,2002-08-23,2002-08-23,MIA,WAS,MIA,WAS,MIA | WAS,2,2.82842712474619
2003,236,True,3,2,1,0,True,2002-08-31,2003-04-27,CLE,SD,DAL,DET,CLE | DAL | DET | SD,4,2.378414230005442
2003,239,True,2,1,1,0,False,2002-09-01,2003-04-14,IND,NO,NO,NE,IND | NE | NO,3,2.0885475648548275
2003,243,True,1,0,1,0,False,2003-04-27,2003-04-27,TEN,NE,TEN,NE,NE | TEN,2,1.7562521603732995
2003,244,True,1,0,1,0,False,2003-04-27,2003-04-27,GB,PHI,GB,PHI,GB | PHI,2,1.681792830507429
2003,245,True,1,0,1,0,False,2003-04-27,2003-04-27,PHI,GB,PHI,GB,GB | PHI,2,1.6104903319492543
2003,247,True,2,1,1,0,True,2002-08-20,2003-04-27,TB,MIA,MIA,CAR,CAR | MIA | TB,3,1.4768261459394991
2003,262,True,1,0,1,0,False,2003-04-26,2003-04-26,HOU,OAK,HOU,OAK,HOU | OAK,2,0.6187833918061408
2004,6,True,1,0,1,0,False,2004-04-24,2004-04-24,DET,CLE,DET,CLE,CLE | DET,2,1600.0
2004,7,True,1,0,1,0,False,2004-04-24,2004-04-24,CLE,DET,CLE,DET,CLE | DET,2,1500.0
2004,16,True,1,0,1,0,False,2004-04-24,2004-04-24,SF,PHI,SF,PHI,PHI | SF,2,1000.0
2004,17,True,1,0,1,0,False,2004-04-09,2004-04-09,CIN,DEN,CIN,DEN,CIN | DEN,2,950.0
2004,19,True,1,0,1,0,False,2004-04-24,2004-04-24,MIN,MIA,MIN,MIA,MIA | MIN,2,875.0
2004,20,True,1,0,1,0,False,2004-04-24,2004-04-24,MIA,MIN,MIA,MIN,MIA | MIN,2,850.0
2004,21,True,1,1,0,0,False,2003-04-26,2003-04-26,BAL,NE,BAL,NE,BAL | NE,2,800.0
2004,22,True,1,0,1,0,False,2004-04-24,2004-04-24,DAL,BUF,DAL,BUF,BUF | DAL,2,780.0
2004,24,True,2,0,2,0,False,2004-04-09,2004-04-24,DEN,CIN,CIN,STL,CIN | DEN | STL,3,740.0
2004,26,True,1,0,1,0,False,2004-04-24,2004-04-24,STL,CIN,STL,CIN,CIN | STL,2,700.0
2004,27,True,1,0,1,0,False,2004-04-24,2004-04-24,TEN,HOU,TEN,HOU,HOU | TEN,2,680.0
2004,28,True,2,0,2,0,False,2004-04-24,2004-04-24,PHI,SF,SF,CAR,CAR | PHI | SF,3,660.0
2004,29,True,1,0,1,0,False,2004-04-24,2004-04-24,IND,ATL,IND,ATL,ATL | IND,2,640.0
2004,30,True,1,0,1,0,False,2004-04-24,2004-04-24,KC,DET,KC,DET,DET | KC,2,620.0
2004,31,True,1,0,1,0,False,2004-04-24,2004-04-24,CAR,SF,CAR,SF,CAR | SF,2,600.0
2004,36,True,1,0,1,0,False,2004-04-24,2004-04-24,DET,KC,DET,KC,DET | KC,2,535.0766269918975
2004,37,True,1,0,1,0,False,2004-04-24,2004-04-24,CLE,DET,CLE,DET,CLE | DET,2,522.1640557764364
2004,38,True,2,0,2,0,False,2004-04-24,2004-04-24,ATL,IND,IND,PIT,ATL | IND | PIT,3,509.56309319230627
2004,40,True,1,0,1,0,False,2004-04-24,2004-04-24,HOU,TEN,HOU,TEN,HOU | TEN,2,485.26609619157006
2004,41,True,1,0,1,0,False,2004-03-04,2004-03-04,WAS,DEN,WAS,DEN,DEN | WAS,2,473.5555622055335
2004,42,True,1,0,1,0,False,2004-03-08,2004-03-08,NYJ,TEN,NYJ,TEN,NYJ | TEN,2,462.1276290591479
2004,43,True,1,0,1,0,False,2004-04-24,2004-04-24,BUF,DAL,BUF,DAL,BUF | DAL,2,450.9754769750521
2004,44,True,1,0,1,0,False,2004-04-24,2004-04-24,PIT,IND,PIT,IND,IND | PIT,2,440.09245075205274
2004,48,True,1,0,1,0,False,2004-04-24,2004-04-24,NO,MIN,NO,MIN,MIN | NO,2,399.1240408695021
2004,50,True,1,0,1,0,False,2004-04-24,2004-04-24,MIN,NO,MIN,NO,MIN | NO,2,380.0930008403369
2004,51,True,2,0,2,0,False,2004-03-04,2004-03-16,BAL,SF,SF,BAL,BAL | SF,2,370.9205240505338
2004,56,True,2,1,1,0,False,2003-04-25,2004-04-20,MIA,NE,NE,CIN,CIN | MIA | NE,3,328.2735003541492
2004,58,True,1,0,1,0,False,2004-04-24,2004-04-24,PHI,SF,PHI,SF,PHI | SF,2,312.620757131406
2004,59,True,1,0,1,0,False,2004-04-24,2004-04-24,IND,CLE,IND,CLE,CLE | IND,2,305.0765333954813
2004,60,True,1,1,0,0,False,2003-03-25,2003-03-25,STL,NO,STL,NO,NO | STL,2,297.71436830563
2004,65,True,1,0,1,0,False,2004-04-24,2004-04-24,NYG,SD,NYG,SD,NYG | SD,2,262.96500598976496
2004,68,True,1,0,1,0,False,2004-04-24,2004-04-24,CLE,IND,CLE,IND,CLE | IND,2,242.94084755591305
2004,69,True,1,0,1,0,False,2004-04-24,2004-04-24,ATL,IND,ATL,IND,ATL | IND,2,236.61089419518237
2004,70,True,1,0,1,0,False,2004-04-24,2004-04-24,JAX,GB,JAX,GB,GB | JAX,2,230.4458711454806
2004,71,True,1,0,1,0,False,2004-04-24,2004-04-24,HOU,TEN,HOU,TEN,HOU | TEN,2,224.44148105958462
2004,72,True,2,0,2,0,False,2004-03-03,2004-04-24,WAS,JAX,JAX,GB,GB | JAX | WAS,3,218.59353855994584
2004,81,True,1,0,1,0,False,2004-04-24,2004-04-24,NO,WAS,NO,WAS,NO | WAS,2,172.3634075147178
2004,82,True,1,0,1,0,False,2004-04-24,2004-04-24,MIN,BAL,MIN,BAL,BAL | MIN,2,167.8723869982371
2004,86,True,1,0,1,0,False,2004-04-24,2004-04-24,GB,JAX,GB,JAX,GB | JAX,2,151.0483702910592
2004,87,True,2,0,2,0,False,2004-04-24,2004-04-24,GB,JAX,MIA,GB,GB | JAX | MIA,3,147.1127244382688
2004,88,True,1,0,1,0,False,2004-04-24,2004-04-24,BAL,MIN,BAL,MIN,BAL | MIN,2,143.2796239373333
2004,90,True,1,0,1,0,False,2004-04-24,2004-04-24,IND,ATL,IND,ATL,ATL | IND,2,135.91044111277512
2004,102,True,2,0,2,0,False,2004-04-24,2004-04-24,JAX,GB,GB,MIA,GB | JAX | MIA,3,96.30469311789194
2004,103,True,1,0,1,0,False,2004-04-24,2004-04-24,HOU,TEN,HOU,TEN,HOU | TEN,2,93.36390945076992
2004,104,True,3,2,1,0,False,2003-03-06,2004-04-25,WAS,NE,CHI,SF,CHI | NE | SF | WAS,4,90.51292627308231
2004,105,True,1,0,1,0,False,2004-04-24,2004-04-24,DET,KC,DET,KC,DET | KC,2,87.74900141511668
2004,107,True,1,0,1,0,False,2004-04-24,2004-04-24,PIT,IND,PIT,IND,IND | PIT,2,82.47177410035772
2004,112,True,1,0,1,0,False,2004-04-25,2004-04-25,SF,CHI,SF,CHI,CHI | SF,2,70.6257743320383
2004,113,True,1,1,0,0,False,2003-04-14,2003-04-14,NO,NE,NO,NE,NE | NO,2,68.46912841054362
2004,117,True,1,0,1,0,False,2004-04-09,2004-04-09,DEN,CIN,DEN,CIN,CIN | DEN,2,60.48129865534639
2004,118,True,1,0,1,0,False,2004-04-24,2004-04-24,GB,JAX,GB,JAX,GB | JAX,2,58.63442692465892
2004,119,True,1,0,1,0,False,2004-04-24,2004-04-24,MIA,MIN,MIA,MIN,MIA | MIN,2,56.843951720921865
2004,120,True,1,0,1,0,False,2004-04-25,2004-04-25,BAL,JAX,BAL,JAX,BAL | JAX,2,55.10815090599254
2004,122,True,1,1,0,0,False,2003-04-27,2003-04-27,IND,HOU,IND,HOU,HOU | IND,2,51.793945222315514
2004,123,True,1,0,1,0,False,2004-04-24,2004-04-24,STL,CIN,STL,CIN,CIN | STL,2,50.21235264116127
2004,125,True,2,1,1,0,False,2003-03-04,2004-04-24,PHI,ATL,ATL,IND,ATL | IND | PHI,3,47.192580397341786
2004,127,True,1,0,1,0,False,2004-04-24,2004-04-24,CAR,SF,CAR,SF,CAR | SF,2,44.35441733781426
2004,138,True,1,0,1,0,False,2004-04-24,2004-04-24,HOU,TEN,HOU,TEN,HOU | TEN,2,37.605074032686986
2004,139,True,1,0,1,0,False,2004-04-24,2004-04-24,WAS,NO,WAS,NO,NO | WAS,2,37.10430038716509
2004,141,True,1,0,1,0,False,2004-04-24,2004-04-24,CLE,IND,CLE,IND,CLE | IND,2,36.12267017588604
2004,144,True,1,0,1,0,False,2004-04-24,2004-04-24,BUF,DAL,BUF,DAL,BUF | DAL,2,34.698703145794944
2004,147,True,1,0,1,0,False,2004-04-25,2004-04-25,SF,CHI,SF,CHI,CHI | SF,2,33.3308693443083
2004,150,True,1,0,1,0,False,2004-04-08,2004-04-08,NO,JAX,NO,JAX,JAX | NO,2,32.01695598188324
2004,151,True,2,0,2,0,False,2004-04-24,2004-04-24,MIN,NO,NO,WAS,MIN | NO | WAS,3,31.590597354012306
2004,153,True,2,0,2,0,False,2004-04-24,2004-04-25,GB,MIA,MIA,BAL,BAL | GB | MIA,3,30.754837497837325
2004,154,True,1,1,0,0,False,2003-04-16,2003-04-16,MIA,SD,MIA,SD,MIA | SD,2,30.345286061298786
2004,155,True,1,0,1,0,False,2004-04-24,2004-04-24,BAL,MIN,BAL,MIN,BAL | MIN,2,29.941188478294087
2004,156,True,1,0,1,0,False,2004-04-25,2004-04-25,DAL,NO,DAL,NO,DAL | NO,2,29.54247212175932
2004,159,True,2,0,2,0,False,2004-04-24,2004-04-25,TEN,HOU,HOU,JAX,HOU | JAX | TEN,3,28.377898570470364
2004,160,True,2,0,2,0,False,2004-03-16,2004-04-25,PHI,BAL,BAL,MIA,BAL | MIA | PHI,3,28.0
2004,161,True,1,0,1,0,False,2004-04-24,2004-04-24,IND,CLE,IND,CLE,CLE | IND,2,27.4000177384556
2004,162,True,1,0,1,0,False,2004-04-25,2004-04-25,KC,PHI,KC,PHI,KC | PHI,2,26.812891859560057
2004,173,True,1,0,1,0,False,2004-04-24,2004-04-24,CLE,IND,CLE,IND,CLE | IND,2,21.128301986307918
2004,174,True,1,0,1,0,False,2004-04-25,2004-04-25,ATL,MIA,ATL,MIA,ATL | MIA,2,20.67556604315299
2004,175,True,1,0,1,0,False,2004-04-25,2004-04-25,JAX,HOU,JAX,HOU,HOU | JAX,2,20.23253129767865
2004,179,True,1,0,1,0,False,2004-04-25,2004-04-25,SF,GB,SF,GB,GB | SF,2,18.553313004236372
2004,180,True,1,0,1,0,False,2004-03-29,2004-03-29,CHI,WAS,CHI,WAS,CHI | WAS,2,18.155753765114135
2004,182,True,2,0,2,0,False,2004-04-25,2004-04-25,NO,DAL,DAL,OAK,DAL | NO | OAK,3,17.386009369028777
2004,185,True,1,1,0,0,False,2003-04-27,2003-04-27,GB,PHI,GB,PHI,GB | PHI,2,16.29214802288608
2004,186,True,1,0,1,0,False,2004-04-25,2004-04-25,MIA,ATL,MIA,ATL,ATL | MIA,2,15.943040886593678
2004,188,True,2,1,1,0,False,2003-02-28,2004-04-25,DAL,GB,GB,SF,DAL | GB | SF,3,15.2671082573136
2004,194,True,1,1,0,0,False,2002-08-31,2002-08-31,STL,PIT,STL,PIT,PIT | STL,2,12.94564766595343
2004,205,True,1,0,1,0,False,2004-04-25,2004-04-25,OAK,DAL,OAK,DAL,DAL | OAK,2,8.41589663253425
2004,206,True,3,1,2,0,False,2003-08-20,2004-04-25,WAS,NO,DAL,TB,DAL | NO | TB | WAS,4,8.092789911562482
2004,207,True,1,1,0,0,False,2003-08-31,2003-08-31,DET,BUF,DET,BUF,BUF | DET,2,7.782088042705171
2004,209,True,1,1,0,0,False,2002-09-01,2002-09-01,ATL,SD,ATL,SD,ATL | SD,2,7.196012136163594
2004,210,True,2,1,1,0,False,2003-08-26,2004-04-25,JAX,BAL,JAX,HOU,BAL | HOU | JAX,3,6.919739745126783
2004,216,True,1,0,1,0,False,2004-04-25,2004-04-25,TB,DAL,TB,DAL,DAL | TB,2,5.4711295994695215
2004,219,True,2,1,1,0,False,2003-05-27,2004-04-25,NO,MIA,MIA,ATL,ATL | MIA | NO,3,4.8648630974661335
2004,222,True,1,0,1,0,False,2004-04-25,2004-04-25,BAL,MIA,BAL,MIA,BAL | MIA,2,4.325778164601057
2004,223,True,2,1,1,0,False,2003-08-31,2004-04-25,DAL,OAK,OAK,DAL,DAL | OAK,2,4.159701029930424
2004,226,True,1,0,1,0,False,2004-04-25,2004-04-25,GB,SF,GB,SF,GB | SF,2,3.668016172818685
2004,228,True,1,1,0,0,False,2002-09-24,2002-09-24,IND,TB,IND,TB,IND | TB,2,3.363585661014858
2004,229,True,1,1,0,0,True,2003-08-31,2003-08-31,STL,IND,STL,IND,IND | STL,2,3.2209806638985086
2005,7,True,1,0,1,0,False,2005-03-03,2005-03-03,OAK,MIN,OAK,MIN,MIN | OAK,2,1500.0
2005,12,True,1,1,0,0,False,2004-04-24,2004-04-24,NYG,SD,NYG,SD,NYG | SD,2,1200.0
2005,13,True,1,0,1,0,False,2005-04-23,2005-04-23,HOU,NO,HOU,NO,HOU | NO,2,1150.0
2005,16,True,1,0,1,0,False,2005-04-23,2005-04-23,NO,HOU,NO,HOU,HOU | NO,2,1000.0
2005,20,True,1,1,0,0,False,2004-04-24,2004-04-24,BUF,DAL,BUF,DAL,BUF | DAL,2,850.0
2005,23,True,1,0,1,0,False,2005-04-21,2005-04-21,SEA,OAK,SEA,OAK,OAK | SEA,2,760.0
2005,25,True,1,0,1,0,False,2005-04-20,2005-04-20,DEN,WAS,DEN,WAS,DEN | WAS,2,720.0
2005,26,True,2,0,2,0,False,2005-04-21,2005-04-21,NYJ,OAK,OAK,SEA,NYJ | OAK | SEA,3,700.0
2005,35,True,1,1,0,0,False,2004-03-03,2004-03-03,MIA,PHI,MIA,PHI,MIA | PHI,2,548.3085125943791
2005,37,True,1,0,1,0,False,2005-04-23,2005-04-23,TEN,DET,TEN,DET,DET | TEN,2,522.1640557764364
2005,40,True,1,1,0,0,False,2004-04-24,2004-04-24,WAS,NO,WAS,NO,NO | WAS,2,485.26609619157006
2005,41,True,1,0,1,0,False,2005-04-23,2005-04-23,DET,TEN,DET,TEN,DET | TEN,2,473.5555622055335
2005,45,True,1,0,1,0,False,2005-04-23,2005-04-23,CAR,SEA,CAR,SEA,CAR | SEA,2,429.4720557935401
2005,46,True,1,0,1,0,False,2005-04-23,2005-04-23,KC,MIA,KC,MIA,KC | MIA,2,419.10795423174875
2005,47,True,2,0,2,0,False,2005-04-21,2005-04-21,HOU,OAK,OAK,NYJ,HOU | NYJ | OAK,3,408.9939611455477
2005,51,True,1,1,0,0,False,2004-10-04,2004-10-04,NO,GB,NO,GB,GB | NO,2,370.9205240505338
2005,54,True,1,0,1,0,False,2005-04-23,2005-04-23,SEA,CAR,SEA,CAR,CAR | SEA,2,344.7099675133492
2005,64,True,1,0,1,0,False,2005-04-23,2005-04-23,NE,BAL,NE,BAL,BAL | NE,2,270.0
2005,66,True,1,1,0,0,False,2004-09-09,2004-09-09,MIA,STL,MIA,STL,MIA | STL,2,256.1133125007298
2005,70,True,1,1,0,0,False,2004-08-24,2004-08-24,CHI,MIA,CHI,MIA,CHI | MIA,2,230.4458711454806
2005,73,True,1,1,0,0,False,2004-03-19,2004-03-19,DAL,HOU,DAL,HOU,DAL | HOU,2,212.89796732125947
2005,76,True,1,0,1,0,False,2005-04-20,2005-04-20,WAS,DEN,WAS,DEN,DEN | WAS,2,196.6862945481459
2005,77,True,1,1,0,0,False,2004-04-25,2004-04-25,KC,PHI,KC,PHI,KC | PHI,2,191.56152823688092
2005,78,True,1,0,1,0,False,2005-04-21,2005-04-21,HOU,OAK,HOU,OAK,HOU | OAK,2,186.57029044525893
2005,84,True,1,0,1,0,False,2005-04-23,2005-04-23,BAL,NE,BAL,NE,BAL | NE,2,159.2383448574925
2005,89,True,1,0,1,0,False,2005-04-23,2005-04-23,GB,CAR,GB,CAR,CAR | GB,2,139.54639691441523
2005,91,True,1,1,0,0,True,2004-10-19,2004-10-19,SD,TB,SD,TB,SD | TB,2,132.3692220788611
2005,94,True,1,0,1,0,False,2005-04-23,2005-04-23,PHI,SF,PHI,SF,PHI | SF,2,122.28962131716897
2005,95,True,1,0,1,0,False,2005-03-04,2005-03-04,NE,ARI,NE,ARI,ARI | NE,2,119.10330000798292
2005,102,True,1,0,1,0,False,2005-04-23,2005-04-23,SF,PHI,SF,PHI,PHI | SF,2,96.30469311789194
2005,105,True,1,0,1,0,False,2005-04-21,2005-04-21,OAK,SEA,OAK,SEA,OAK | SEA,2,87.74900141511668
2005,112,True,1,0,1,0,False,2005-04-24,2005-04-24,WAS,MIN,WAS,MIN,MIN | WAS,2,70.6257743320383
2005,113,True,1,0,1,0,False,2005-04-23,2005-04-23,DET,TEN,DET,TEN,DET | TEN,2,68.46912841054362
2005,115,True,1,0,1,0,False,2005-04-23,2005-04-23,CAR,GB,CAR,GB,CAR | GB,2,64.3513931789309
2005,120,True,1,0,1,0,False,2005-04-24,2005-04-24,MIN,WAS,MIN,WAS,MIN | WAS,2,55.10815090599254
2005,121,True,1,0,1,0,False,2005-04-23,2005-04-23,SEA,CAR,SEA,CAR,CAR | SEA,2,53.42535492935984
2005,123,True,1,0,1,0,False,2005-04-24,2005-04-24,JAX,NYJ,JAX,NYJ,JAX | NYJ,2,50.21235264116127
2005,126,True,5,0,5,0,False,2005-03-03,2005-04-24,DEN,CLE,GB,PHI,CAR | CLE | DEN | GB | PHI | SEA,6,45.75149621806973
2005,127,True,1,0,1,0,False,2005-04-24,2005-04-24,NYJ,JAX,NYJ,JAX,JAX | NYJ,2,44.35441733781426
2005,132,True,1,0,1,0,False,2005-04-24,2005-04-24,PHI,DAL,PHI,DAL,DAL | PHI,2,40.75488317422161
2005,138,True,1,0,1,0,False,2005-04-23,2005-04-23,MIA,KC,MIA,KC,KC | MIA,2,37.605074032686986
2005,143,True,1,1,0,0,False,2004-09-03,2004-09-03,OAK,GB,OAK,GB,GB | OAK,2,35.167009942793925
2005,144,True,3,2,1,0,False,2004-04-24,2005-04-24,NYG,SD,TB,STL,NYG | SD | STL | TB,4,34.698703145794944
2005,145,True,2,0,2,0,False,2005-03-04,2005-04-24,ARI,NE,NE,DET,ARI | DET | NE,3,34.23663262695757
2005,146,True,1,1,0,0,False,2004-03-31,2004-03-31,WAS,PHI,WAS,PHI,PHI | WAS,2,33.78071533994218
2005,148,True,2,0,2,0,False,2005-04-24,2005-04-24,DAL,PHI,PHI,IND,DAL | IND | PHI,3,32.88701379078764
2005,154,True,1,0,1,0,False,2005-04-24,2005-04-24,MIN,WAS,MIN,WAS,MIN | WAS,2,30.345286061298786
2005,155,True,1,0,1,0,False,2005-04-24,2005-04-24,STL,TB,STL,TB,STL | TB,2,29.941188478294087
2005,162,True,2,1,1,0,False,2004-09-05,2005-04-23,GB,KC,KC,MIA,GB | KC | MIA,3,26.812891859560057
2005,167,True,1,0,1,0,False,2005-04-24,2005-04-24,PHI,GB,PHI,GB,GB | PHI,2,24.060670173714687
2005,168,True,1,0,1,0,False,2005-03-04,2005-03-04,NE,ARI,NE,ARI,ARI | NE,2,23.545099627104005
2005,175,True,4,0,4,0,False,2005-04-23,2005-04-24,SF,PHI,NE,OAK,GB | NE | OAK | PHI | SF,5,20.23253129767865
2005,177,True,1,1,0,0,False,2004-03-16,2004-03-16,MIA,SD,MIA,SD,MIA | SD,2,19.374738347493643
2005,182,True,1,0,1,0,False,2005-04-21,2005-04-21,OAK,NYJ,OAK,NYJ,NYJ | OAK,2,17.386009369028777
2005,185,True,3,1,2,0,False,2003-08-31,2005-04-24,DAL,OAK,NYJ,JAX,DAL | JAX | NYJ | OAK,4,16.29214802288608
2005,195,True,2,0,2,0,False,2005-04-23,2005-04-24,BAL,NE,NE,GB,BAL | GB | NE,3,12.448632796256481
2005,199,True,1,1,0,0,False,2004-09-05,2004-09-05,GB,KC,GB,KC,GB | KC,2,10.644203059030524
2005,203,True,2,1,1,0,True,2004-10-19,2005-04-24,SD,TB,TB,CLE,CLE | SD | TB,3,9.101325472139058
2005,206,True,1,0,1,0,False,2005-04-24,2005-04-24,NE,DET,NE,DET,DET | NE,2,8.092789911562482
2005,219,True,1,0,1,0,False,2005-03-03,2005-03-03,OAK,MIN,OAK,MIN,MIN | OAK,2,4.8648630974661335
2005,230,True,4,0,4,0,False,2005-03-18,2005-04-24,MIN,NYJ,OAK,NE,MIN | NE | NYJ | OAK | TEN,5,3.0844216508158815
2005,231,True,1,0,1,0,False,2005-04-24,2005-04-24,STL,TB,STL,TB,STL | TB,2,2.9536522918789987
2005,238,True,1,1,0,0,True,2003-04-24,2003-04-24,GB,KC,GB,KC,GB | KC,2,2.1810154653305154
2005,245,True,1,0,1,0,False,2005-04-24,2005-04-24,PHI,GB,PHI,GB,GB | PHI,2,1.6104903319492543
2005,246,True,1,0,1,0,False,2005-04-24,2005-04-24,NE,GB,NE,GB,GB | NE,2,1.5422108254079407
2006,11,True,1,0,1,0,False,2006-04-29,2006-04-29,STL,DEN,STL,DEN,DEN | STL,2,1250.0
2006,12,True,1,0,1,0,False,2006-04-29,2006-04-29,CLE,BAL,CLE,BAL,BAL | CLE,2,1200.0
2006,13,True,1,0,1,0,False,2006-04-29,2006-04-29,BAL,CLE,BAL,CLE,BAL | CLE,2,1150.0
2006,15,True,2,0,2,0,False,2006-03-22,2006-04-29,ATL,DEN,DEN,STL,ATL | DEN | STL,3,1050.0
2006,22,True,2,1,1,0,False,2005-04-20,2006-04-19,WAS,DEN,DEN,SF,DEN | SF | WAS,3,780.0
2006,25,True,1,0,1,0,False,2006-04-29,2006-04-29,NYG,PIT,NYG,PIT,NYG | PIT,2,720.0
2006,26,True,1,0,1,0,False,2006-04-29,2006-04-29,CHI,BUF,CHI,BUF,BUF | CHI,2,700.0
2006,29,True,1,0,1,0,False,2006-03-22,2006-03-22,DEN,NYJ,DEN,NYJ,DEN | NYJ,2,640.0
2006,32,True,1,0,1,0,False,2006-04-29,2006-04-29,PIT,NYG,PIT,NYG,NYG | PIT,2,590.0
2006,34,True,1,0,1,0,False,2006-04-29,2006-04-29,NO,CLE,NO,CLE,CLE | NO,2,561.8676088948529
2006,35,True,1,0,1,0,False,2006-04-29,2006-04-29,NYJ,WAS,NYJ,WAS,NYJ | WAS,2,548.3085125943791
2006,36,True,1,0,1,0,False,2006-04-29,2006-04-29,GB,NE,GB,NE,GB | NE,2,535.0766269918975
2006,37,True,3,0,3,0,False,2006-04-19,2006-04-29,SF,DEN,GB,ATL,ATL | DEN | GB | SF,4,522.1640557764364
2006,39,True,1,0,1,0,False,2006-04-29,2006-04-29,TEN,PHI,TEN,PHI,PHI | TEN,2,497.2662194405844
2006,42,True,1,0,1,0,False,2006-04-29,2006-04-29,BUF,CHI,BUF,CHI,BUF | CHI,2,462.1276290591479
2006,43,True,1,0,1,0,False,2006-04-29,2006-04-29,CLE,NO,CLE,NO,CLE | NO,2,450.9754769750521
2006,44,True,1,0,1,0,False,2006-04-29,2006-04-29,BAL,NYG,BAL,NYG,BAL | NYG,2,440.09245075205274
2006,45,True,1,0,1,0,False,2006-04-29,2006-04-29,PHI,TEN,PHI,TEN,PHI | TEN,2,429.4720557935401
2006,47,True,1,0,1,0,False,2006-04-29,2006-04-29,ATL,GB,ATL,GB,ATL | GB,2,408.9939611455477
2006,49,True,1,0,1,0,False,2006-04-29,2006-04-29,DAL,NYJ,DAL,NYJ,DAL | NYJ,2,389.492303392006
2006,51,True,1,0,1,0,False,2006-03-15,2006-03-15,MIA,MIN,MIA,MIN,MIA | MIN,2,370.9205240505338
2006,52,True,1,0,1,0,False,2006-04-29,2006-04-29,NE,GB,NE,GB,GB | NE,2,361.96939922005004
2006,53,True,2,0,2,0,False,2006-04-29,2006-04-29,WAS,NYJ,NYJ,DAL,DAL | NYJ | WAS,3,353.2342846411855
2006,56,True,1,0,1,0,False,2006-04-29,2006-04-29,NYG,BAL,NYG,BAL,BAL | NYG,2,328.2735003541492
2006,64,True,1,0,1,0,False,2006-04-29,2006-04-29,PIT,MIN,PIT,MIN,MIN | PIT,2,270.0
2006,66,True,1,1,0,0,False,2005-04-23,2005-04-23,NO,HOU,NO,HOU,HOU | NO,2,256.1133125007298
2006,68,True,2,0,2,0,False,2006-04-19,2006-04-29,SF,DEN,DEN,STL,DEN | SF | STL,3,242.94084755591305
2006,70,True,1,1,0,0,False,2005-07-19,2005-07-19,TEN,BUF,TEN,BUF,BUF | TEN,2,230.4458711454806
2006,71,True,1,0,1,0,False,2006-04-29,2006-04-29,NYJ,PHI,NYJ,PHI,NYJ | PHI,2,224.44148105958462
2006,73,True,1,0,1,0,False,2006-04-29,2006-04-29,BUF,CHI,BUF,CHI,BUF | CHI,2,212.89796732125947
2006,75,True,2,1,1,0,False,2005-04-23,2006-04-29,BAL,NE,NE,GB,BAL | GB | NE,3,201.94816161229585
2006,76,True,1,0,1,0,False,2006-04-29,2006-04-29,PHI,NYJ,PHI,NYJ,NYJ | PHI,2,196.6862945481459
2006,80,True,1,0,1,0,False,2006-04-29,2006-04-29,DAL,JAX,DAL,JAX,DAL | JAX,2,176.97457444503152
2006,83,True,1,0,1,0,False,2006-04-29,2006-04-29,MIN,PIT,MIN,PIT,MIN | PIT,2,163.49838241669462
2006,84,True,1,0,1,0,False,2006-03-13,2006-03-13,WAS,SF,WAS,SF,SF | WAS,2,159.2383448574925
2006,87,True,1,0,1,0,False,2006-04-29,2006-04-29,NYG,BAL,NYG,BAL,BAL | NYG,2,147.1127244382688
2006,92,True,1,0,1,0,False,2006-04-29,2006-04-29,JAX,DAL,JAX,DAL,DAL | JAX,2,128.9202713956601
2006,93,True,3,0,3,0,False,2006-03-22,2006-04-29,DEN,ATL,GB,STL,ATL | DEN | GB | STL,4,125.56118496208103
2006,95,True,1,0,1,0,False,2006-04-29,2006-04-29,MIN,PIT,MIN,PIT,MIN | PIT,2,119.10330000798292
2006,96,True,1,0,1,0,False,2006-04-29,2006-04-29,PIT,NYG,PIT,NYG,NYG | PIT,2,116.0
2006,99,True,1,0,1,0,False,2006-04-30,2006-04-30,NO,PHI,NO,PHI,NO | PHI,2,105.6945807583126
2006,106,True,1,1,0,0,False,2005-04-24,2005-04-24,DET,NE,DET,NE,DET | NE,2,85.06947644272576
2006,108,True,1,0,1,0,False,2006-04-30,2006-04-30,PHI,NO,PHI,NO,NO | PHI,2,79.9533958321667
2006,109,True,2,0,2,0,False,2006-04-29,2006-04-30,STL,GB,GB,PHI,GB | PHI | STL,3,77.5119193788194
2006,112,True,1,0,1,0,False,2006-03-20,2006-03-20,ATL,CLE,ATL,CLE,ATL | CLE,2,70.6257743320383
2006,113,True,1,0,1,0,False,2006-04-30,2006-04-30,SD,STL,SD,STL,SD | STL,2,68.46912841054362
2006,115,True,2,0,2,0,False,2006-04-30,2006-04-30,MIN,PHI,PHI,GB,GB | MIN | PHI,3,64.3513931789309
2006,116,True,2,1,1,0,False,2005-04-24,2006-04-29,DAL,PHI,PHI,TEN,DAL | PHI | TEN,3,62.38634329516793
2006,125,True,1,0,1,0,False,2006-04-29,2006-04-29,JAX,DAL,JAX,DAL,DAL | JAX,2,47.192580397341786
2006,126,True,1,1,0,0,False,2005-04-20,2005-04-20,WAS,DEN,WAS,DEN,DEN | WAS,2,45.75149621806973
2006,127,True,2,1,1,0,False,2005-04-24,2006-04-30,IND,PHI,PHI,MIN,IND | MIN | PHI,3,44.35441733781426
2006,129,True,1,0,1,0,False,2006-04-29,2006-04-29,PIT,NYG,PIT,NYG,NYG | PIT,2,42.427384008372805
2006,134,True,1,0,1,0,False,2006-04-06,2006-04-06,HOU,BUF,HOU,BUF,BUF | HOU,2,39.67667325883394
2006,136,True,1,1,0,0,False,2005-04-24,2005-04-24,OAK,NE,OAK,NE,NE | OAK,2,38.626988431266334
2006,138,True,1,0,1,0,False,2006-04-30,2006-04-30,NYJ,DAL,NYJ,DAL,DAL | NYJ,2,37.605074032686986
2006,139,True,1,0,1,0,False,2006-04-29,2006-04-29,GB,ATL,GB,ATL,ATL | GB,2,37.10430038716509
2006,148,True,1,0,1,0,False,2006-04-29,2006-04-29,ATL,GB,ATL,GB,ATL | GB,2,32.88701379078764
2006,150,True,1,0,1,0,False,2006-04-30,2006-04-30,DAL,NYJ,DAL,NYJ,DAL | NYJ,2,32.01695598188324
2006,173,True,1,0,1,0,False,2006-03-17,2006-03-17,NYJ,WAS,NYJ,WAS,NYJ | WAS,2,21.128301986307918
2006,181,True,1,0,1,0,False,2006-04-29,2006-04-29,BAL,CLE,BAL,CLE,BAL | CLE,2,17.766713400684264
2006,182,True,1,1,0,0,False,2005-04-24,2005-04-24,PHI,DAL,PHI,DAL,DAL | PHI,2,17.386009369028777
2006,183,True,1,0,1,0,False,2006-04-29,2006-04-29,STL,GB,STL,GB,GB | STL,2,17.013463039726563
2006,185,True,2,0,2,0,False,2006-04-30,2006-04-30,MIN,PHI,PHI,GB,GB | MIN | PHI,3,16.29214802288608
2006,189,True,3,0,3,0,False,2006-04-29,2006-04-30,WAS,NYJ,DAL,NYJ,DAL | NYJ | WAS,3,14.939965609475523
2006,192,True,1,1,0,0,False,2005-10-18,2005-10-18,TB,SF,TB,SF,SF | TB,2,14.0
2006,197,True,1,0,1,0,False,2006-04-30,2006-04-30,JAX,SF,JAX,SF,JAX | SF,2,11.511115293083504
2006,200,True,1,0,1,0,False,2006-04-25,2006-04-25,SEA,CHI,SEA,CHI,CHI | SEA,2,10.235546239926343
2006,211,True,1,0,1,0,False,2006-04-29,2006-04-29,NYJ,DAL,NYJ,DAL,DAL | NYJ,2,6.6540741224784865
2006,213,True,1,0,1,0,False,2006-04-30,2006-04-30,SF,JAX,SF,JAX,JAX | SF,2,6.1529499380531965
2006,220,True,1,0,1,0,False,2006-04-29,2006-04-29,PHI,NYJ,PHI,NYJ,NYJ | PHI,2,4.678089182334822
2006,236,True,1,0,1,0,False,2006-04-30,2006-04-30,SF,JAX,SF,JAX,JAX | SF,2,2.378414230005442
2006,238,True,1,0,1,0,False,2006-04-30,2006-04-30,TEN,IND,TEN,IND,IND | TEN,2,2.1810154653305154
2007,8,True,1,0,1,0,False,2007-03-22,2007-03-22,HOU,ATL,HOU,ATL,ATL | HOU,2,1400.0
2007,10,True,1,0,1,0,False,2007-03-22,2007-03-22,ATL,HOU,ATL,HOU,ATL | HOU,2,1300.0
2007,14,True,1,0,1,0,False,2007-04-28,2007-04-28,CAR,NYJ,CAR,NYJ,CAR | NYJ,2,1100.0
2007,17,True,1,0,1,0,False,2007-04-28,2007-04-28,JAX,DEN,JAX,DEN,DEN | JAX,2,950.0
2007,21,True,1,0,1,0,False,2007-04-28,2007-04-28,DEN,JAX,DEN,JAX,DEN | JAX,2,800.0
2007,22,True,1,0,1,0,False,2007-04-28,2007-04-28,DAL,CLE,DAL,CLE,CLE | DAL,2,780.0
2007,24,True,1,1,0,0,False,2006-09-11,2006-09-11,SEA,NE,SEA,NE,NE | SEA,2,740.0
2007,25,True,1,0,1,0,False,2007-04-28,2007-04-28,NYJ,CAR,NYJ,CAR,CAR | NYJ,2,720.0
2007,26,True,1,0,1,0,False,2007-04-28,2007-04-28,PHI,DAL,PHI,DAL,DAL | PHI,2,700.0
2007,28,True,1,0,1,0,False,2007-04-28,2007-04-28,NE,SF,NE,SF,NE | SF,2,660.0
2007,33,True,1,0,1,0,False,2007-04-28,2007-04-28,OAK,ARI,OAK,ARI,ARI | OAK,2,575.7620074718054
2007,34,True,1,0,1,0,False,2007-04-28,2007-04-28,DET,BUF,DET,BUF,BUF | DET,2,561.8676088948529
2007,36,True,2,0,2,0,False,2007-04-28,2007-04-28,CLE,DAL,DAL,PHI,CLE | DAL | PHI,3,535.0766269918975
2007,37,True,3,1,2,0,False,2006-04-29,2007-04-28,WAS,NYJ,CHI,SD,CHI | NYJ | SD | WAS,4,522.1640557764364
2007,38,True,1,0,1,0,False,2007-04-28,2007-04-28,ARI,OAK,ARI,OAK,ARI | OAK,2,509.56309319230627
2007,39,True,1,0,1,0,False,2007-03-22,2007-03-22,HOU,ATL,HOU,ATL,ATL | HOU,2,497.2662194405844
2007,41,True,1,0,1,0,False,2007-04-28,2007-04-28,MIN,ATL,MIN,ATL,ATL | MIN,2,473.5555622055335
2007,42,True,1,0,1,0,False,2007-04-28,2007-04-28,SF,IND,SF,IND,IND | SF,2,462.1276290591479
2007,43,True,1,0,1,0,False,2007-04-28,2007-04-28,BUF,DET,BUF,DET,BUF | DET,2,450.9754769750521
2007,44,True,1,0,1,0,False,2007-04-28,2007-04-28,ATL,MIN,ATL,MIN,ATL | MIN,2,440.09245075205274
2007,47,True,1,0,1,0,False,2007-04-28,2007-04-28,GB,NYJ,GB,NYJ,GB | NYJ,2,408.9939611455477
2007,53,True,1,0,1,0,False,2007-04-28,2007-04-28,DAL,CLE,DAL,CLE,CLE | DAL,2,353.2342846411855
2007,58,True,1,0,1,0,False,2007-04-28,2007-04-28,NO,DET,NO,DET,DET | NO,2,312.620757131406
2007,59,True,1,0,1,0,False,2007-04-28,2007-04-28,NYJ,CAR,NYJ,CAR,CAR | NYJ,2,305.0765333954813
2007,60,True,1,0,1,0,False,2007-03-05,2007-03-05,NE,MIA,NE,MIA,MIA | NE,2,297.71436830563
2007,61,True,1,0,1,0,False,2007-04-29,2007-04-29,BAL,DET,BAL,DET,BAL | DET,2,290.52986838788144
2007,62,True,1,0,1,0,False,2007-04-28,2007-04-28,SD,CHI,SD,CHI,CHI | SD,2,283.5187461924169
2007,63,True,2,0,2,0,False,2007-03-07,2007-04-28,CHI,NYJ,NYJ,GB,CHI | GB | NYJ,3,276.6768177349749
2007,64,True,1,1,0,0,False,2006-10-17,2006-10-17,IND,TB,IND,TB,IND | TB,2,270.0
2007,66,True,1,0,1,0,False,2007-04-28,2007-04-28,DET,NO,DET,NO,DET | NO,2,256.1133125007298
2007,67,True,1,0,1,0,False,2007-04-28,2007-04-28,CLE,DAL,CLE,DAL,CLE | DAL,2,249.44014354004796
2007,70,True,1,1,0,0,False,2006-08-24,2006-08-24,WAS,DEN,WAS,DEN,DEN | WAS,2,230.4458711454806
2007,74,True,2,0,2,0,False,2007-04-28,2007-04-29,BUF,DET,DET,BAL,BAL | BUF | DET,3,207.3507972290508
2007,86,True,2,0,2,0,False,2007-04-28,2007-04-28,DEN,JAX,JAX,BAL,BAL | DEN | JAX,3,151.0483702910592
2007,87,True,1,0,1,0,False,2007-04-28,2007-04-28,DAL,PHI,DAL,PHI,DAL | PHI,2,147.1127244382688
2007,89,True,1,0,1,0,False,2007-04-28,2007-04-28,NYJ,GB,NYJ,GB,GB | NYJ,2,139.54639691441523
2007,91,True,1,0,1,0,False,2007-04-28,2007-04-28,NE,OAK,NE,OAK,NE | OAK,2,132.3692220788611
2007,92,True,1,0,1,0,False,2007-03-08,2007-03-08,BAL,BUF,BAL,BUF,BAL | BUF,2,128.9202713956601
2007,93,True,1,0,1,0,False,2007-04-28,2007-04-28,SD,CHI,SD,CHI,CHI | SD,2,125.56118496208103
2007,101,True,2,0,2,0,False,2007-04-28,2007-04-29,BAL,JAX,DET,BAL,BAL | DET | JAX,3,99.33810581723509
2007,102,True,1,0,1,0,False,2007-04-29,2007-04-29,TB,MIN,TB,MIN,MIN | TB,2,96.30469311789194
2007,103,True,1,0,1,0,False,2007-04-28,2007-04-28,CLE,DAL,CLE,DAL,CLE | DAL,2,93.36390945076992
2007,105,True,2,0,2,0,False,2007-04-28,2007-04-28,ARI,OAK,OAK,DET,ARI | DET | OAK,3,87.74900141511668
2007,106,True,1,0,1,0,False,2007-04-29,2007-04-29,MIN,TB,MIN,TB,MIN | TB,2,85.06947644272576
2007,107,True,1,0,1,0,False,2007-04-29,2007-04-29,HOU,NO,HOU,NO,HOU | NO,2,82.47177410035772
2007,110,True,2,0,2,0,False,2007-04-28,2007-04-29,SF,NE,NE,OAK,NE | OAK | SF,3,75.14499644768598
2007,112,True,1,0,1,0,False,2007-04-29,2007-04-29,GB,PIT,GB,PIT,GB | PIT,2,70.6257743320383
2007,117,True,1,0,1,0,False,2007-04-29,2007-04-29,STL,DET,STL,DET,DET | STL,2,60.48129865534639
2007,119,True,1,0,1,0,False,2007-04-29,2007-04-29,PIT,GB,PIT,GB,GB | PIT,2,56.843951720921865
2007,121,True,3,1,2,0,False,2006-03-22,2007-04-29,DEN,ATL,MIN,DEN,ATL | DEN | MIN,3,53.42535492935984
2007,123,True,2,1,1,0,False,2006-08-02,2007-04-29,KC,NO,NO,HOU,HOU | KC | NO,3,50.21235264116127
2007,124,True,2,1,1,0,False,2006-08-21,2007-04-29,NYJ,SF,SF,SEA,NYJ | SEA | SF,3,48.679055957954645
2007,125,True,1,1,0,0,False,2006-08-25,2006-08-25,PHI,NO,PHI,NO,NO | PHI,2,47.192580397341786
2007,126,True,1,0,1,0,False,2007-04-28,2007-04-28,IND,SF,IND,SF,IND | SF,2,45.75149621806973
2007,128,True,1,1,0,0,False,2006-06-09,2006-06-09,BAL,TEN,BAL,TEN,BAL | TEN,2,43.0
2007,139,True,1,0,1,0,False,2007-04-29,2007-04-29,DET,STL,DET,STL,DET | STL,2,37.10430038716509
2007,145,True,1,0,1,0,False,2007-04-28,2007-04-28,DET,NO,DET,NO,DET | NO,2,34.23663262695757
2007,149,True,1,0,1,0,False,2007-04-29,2007-04-29,ATL,JAX,ATL,JAX,ATL | JAX,2,32.44906890675348
2007,154,True,2,0,2,0,False,2007-03-02,2007-04-29,STL,DET,DET,STL,DET | STL,2,30.345286061298786
2007,158,True,1,0,1,0,False,2007-03-02,2007-03-02,DEN,DET,DEN,DET,DEN | DET,2,28.76089740271087
2007,159,True,1,0,1,0,False,2007-04-28,2007-04-28,DAL,PHI,DAL,PHI,DAL | PHI,2,28.377898570470364
2007,163,True,1,0,1,0,False,2007-04-29,2007-04-29,NO,HOU,NO,HOU,HOU | NO,2,26.238346877544192
2007,164,True,1,0,1,0,False,2007-04-28,2007-04-28,NYJ,CAR,NYJ,CAR,CAR | NYJ,2,25.676113209730797
2007,165,True,1,1,0,0,False,2006-09-02,2006-09-02,NE,OAK,NE,OAK,NE | OAK,2,25.1259270500435
2007,166,True,1,0,1,0,False,2007-04-28,2007-04-28,BAL,JAX,BAL,JAX,BAL | JAX,2,24.58753024522619
2007,167,True,1,0,1,0,False,2007-04-28,2007-04-28,SD,CHI,SD,CHI,CHI | SD,2,24.060670173714687
2007,176,True,2,0,2,0,False,2007-03-02,2007-04-29,DET,DEN,DEN,MIN,DEN | DET | MIN,3,19.798989873223327
2007,177,True,1,1,0,0,False,2006-08-31,2006-08-31,TB,NYJ,TB,NYJ,NYJ | TB,2,19.374738347493643
2007,178,True,1,0,1,0,False,2007-04-28,2007-04-28,CLE,DAL,CLE,DAL,CLE | DAL,2,18.959577657116494
2007,180,True,1,1,0,0,False,2006-08-22,2006-08-22,ARI,NE,ARI,NE,ARI | NE,2,18.155753765114135
2007,182,True,1,0,1,0,False,2007-04-29,2007-04-29,MIN,TB,MIN,TB,MIN | TB,2,17.386009369028777
2007,191,True,1,0,1,0,False,2007-04-28,2007-04-28,CAR,NYJ,CAR,NYJ,CAR | NYJ,2,14.306560081157631
2007,192,True,1,0,1,0,False,2007-04-28,2007-04-28,NYJ,GB,NYJ,GB,GB | NYJ,2,14.0
2007,193,True,1,0,1,0,False,2007-04-29,2007-04-29,PIT,GB,PIT,GB,GB | PIT,2,13.46250598229572
2007,195,True,3,0,3,0,False,2007-04-28,2007-04-29,DAL,CLE,CLE,DAL,ATL | CLE | DAL | JAX,4,12.448632796256481
2007,198,True,2,0,2,0,False,2007-04-28,2007-04-29,DEN,JAX,JAX,ATL,ATL | DEN | JAX,3,11.069175606859458
2007,199,True,1,0,1,0,False,2007-04-03,2007-04-03,NO,MIA,NO,MIA,MIA | NO,2,10.644203059030524
2007,200,True,1,0,1,0,False,2007-04-29,2007-04-29,DAL,CLE,DAL,CLE,CLE | DAL,2,10.235546239926343
2007,203,True,2,0,2,0,False,2007-04-28,2007-04-29,BAL,JAX,JAX,ATL,ATL | BAL | JAX,3,9.101325472139058
2007,204,True,1,1,0,0,False,2006-09-19,2006-09-19,SD,TEN,SD,TEN,SD | TEN,2,8.751903472535176
2007,205,True,1,0,1,0,False,2007-03-22,2007-03-22,CHI,WAS,CHI,WAS,CHI | WAS,2,8.41589663253425
2007,206,True,1,1,0,0,True,2006-04-30,2006-04-30,IND,TEN,IND,TEN,IND | TEN,2,8.092789911562482
2007,211,True,1,0,1,0,False,2007-04-28,2007-04-28,OAK,NE,OAK,NE,NE | OAK,2,6.6540741224784865
2007,212,True,1,1,0,0,False,2006-08-31,2006-08-31,NYJ,DAL,NYJ,DAL,DAL | NYJ,2,6.398608048607554
2007,221,True,1,1,0,0,False,2006-08-24,2006-08-24,CLE,CHI,CLE,CHI,CHI | CLE,2,4.498485971635389
2007,233,True,1,0,1,0,False,2007-04-29,2007-04-29,DEN,MIN,DEN,MIN,DEN | MIN,2,2.7085110938737853
2007,234,True,1,0,1,0,False,2007-04-29,2007-04-29,DAL,CLE,DAL,CLE,CLE | DAL,2,2.5936791093020193
2007,235,True,1,0,1,0,False,2007-04-28,2007-04-28,GB,NYJ,GB,NYJ,GB | NYJ,2,2.483715624146968
2007,237,True,1,1,0,0,False,2006-08-23,2006-08-23,NO,DAL,NO,DAL,DAL | NO,2,2.277577269513383
2007,238,True,1,0,1,0,False,2007-03-05,2007-03-05,NE,MIA,NE,MIA,MIA | NE,2,2.1810154653305154
2007,239,True,1,0,1,0,False,2007-03-08,2007-03-08,BAL,BUF,BAL,BUF,BAL | BUF,2,2.0885475648548275
2008,7,True,2,1,1,0,False,2007-04-28,2008-04-26,SF,NE,NE,NO,NE | NO | SF,3,1500.0
2008,8,True,1,0,1,0,False,2008-04-26,2008-04-26,BAL,JAX,BAL,JAX,BAL | JAX,2,1400.0
2008,10,True,1,0,1,0,False,2008-04-26,2008-04-26,NO,NE,NO,NE,NE | NO,2,1300.0
2008,15,True,1,0,1,0,False,2008-04-26,2008-04-26,DET,KC,DET,KC,DET | KC,2,1050.0
2008,17,True,2,0,2,0,False,2008-04-23,2008-04-26,MIN,KC,KC,DET,DET | KC | MIN,3,950.0
2008,18,True,1,0,1,0,False,2008-04-26,2008-04-26,HOU,BAL,HOU,BAL,BAL | HOU,2,900.0
2008,19,True,1,0,1,0,False,2008-04-26,2008-04-26,PHI,CAR,PHI,CAR,CAR | PHI,2,875.0
2008,21,True,1,0,1,0,False,2008-04-26,2008-04-26,WAS,ATL,WAS,ATL,ATL | WAS,2,800.0
2008,22,True,1,1,0,0,False,2007-04-28,2007-04-28,CLE,DAL,CLE,DAL,CLE | DAL,2,780.0
2008,25,True,1,0,1,0,False,2008-04-26,2008-04-26,SEA,DAL,SEA,DAL,DAL | SEA,2,720.0
2008,26,True,2,0,2,0,False,2008-04-26,2008-04-26,JAX,BAL,BAL,HOU,BAL | HOU | JAX,3,700.0
2008,28,True,1,0,1,0,False,2008-04-26,2008-04-26,DAL,SEA,DAL,SEA,DAL | SEA,2,660.0
2008,29,True,1,1,0,0,False,2007-04-28,2007-04-28,IND,SF,IND,SF,IND | SF,2,640.0
2008,30,True,1,0,1,0,False,2008-04-26,2008-04-26,GB,NYJ,GB,NYJ,GB | NYJ,2,620.0
2008,34,True,2,0,2,0,False,2008-03-21,2008-04-26,OAK,ATL,ATL,WAS,ATL | OAK | WAS,3,561.8676088948529
2008,36,True,1,0,1,0,False,2008-04-26,2008-04-26,NYJ,GB,NYJ,GB,GB | NYJ,2,535.0766269918975
2008,38,True,1,0,1,0,False,2008-04-26,2008-04-26,BAL,SEA,BAL,SEA,BAL | SEA,2,509.56309319230627
2008,43,True,2,0,2,0,False,2008-04-26,2008-04-26,CAR,PHI,PHI,MIN,CAR | MIN | PHI,3,450.9754769750521
2008,47,True,1,0,1,0,False,2008-04-26,2008-04-26,MIN,PHI,MIN,PHI,MIN | PHI,2,408.9939611455477
2008,48,True,1,1,0,0,False,2007-03-22,2007-03-22,HOU,ATL,HOU,ATL,ATL | HOU,2,399.1240408695021
2008,52,True,1,0,1,0,False,2008-04-26,2008-04-26,TB,JAX,TB,JAX,JAX | TB,2,361.96939922005004
2008,55,True,1,0,1,0,False,2008-04-26,2008-04-26,SEA,BAL,SEA,BAL,BAL | SEA,2,336.3913608322486
2008,56,True,1,0,1,0,False,2008-03-01,2008-03-01,CLE,GB,CLE,GB,CLE | GB,2,328.2735003541492
2008,58,True,1,0,1,0,False,2008-04-26,2008-04-26,JAX,TB,JAX,TB,JAX | TB,2,312.620757131406
2008,64,True,1,0,1,0,False,2008-04-27,2008-04-27,MIA,DET,MIA,DET,DET | MIA,2,270.0
2008,66,True,2,0,2,0,False,2008-04-26,2008-04-27,KC,DET,DET,MIA,DET | KC | MIA,3,256.1133125007298
2008,67,True,1,0,1,0,False,2008-02-29,2008-02-29,NYJ,CAR,NYJ,CAR,CAR | NYJ,2,249.44014354004796
2008,69,True,2,1,1,0,False,2007-04-28,2008-04-27,OAK,NE,NE,SD,NE | OAK | SD,3,236.61089419518237
2008,71,True,2,0,2,0,False,2008-03-01,2008-04-26,BUF,JAX,JAX,BAL,BAL | BUF | JAX,3,224.44148105958462
2008,73,True,2,1,1,0,False,2007-04-29,2008-04-23,DEN,MIN,MIN,KC,DEN | KC | MIN,3,212.89796732125947
2008,76,True,1,0,1,0,False,2008-04-26,2008-04-26,DET,KC,DET,KC,DET | KC,2,196.6862945481459
2008,78,True,1,0,1,0,False,2008-04-26,2008-04-26,NO,NE,NO,NE,NE | NO,2,186.57029044525893
2008,82,True,1,0,1,0,False,2008-04-23,2008-04-23,MIN,KC,MIN,KC,KC | MIN,2,167.8723869982371
2008,84,True,1,0,1,0,False,2008-04-26,2008-04-26,WAS,ATL,WAS,ATL,ATL | WAS,2,159.2383448574925
2008,86,True,1,0,1,0,False,2008-04-26,2008-04-26,SEA,BAL,SEA,BAL,BAL | SEA,2,151.0483702910592
2008,87,True,1,0,1,0,False,2008-03-01,2008-03-01,CLE,DET,CLE,DET,CLE | DET,2,147.1127244382688
2008,89,True,2,0,2,0,False,2008-04-26,2008-04-26,JAX,BAL,BAL,HOU,BAL | HOU | JAX,3,139.54639691441523
2008,90,True,1,1,0,0,False,2007-04-28,2007-04-28,SD,CHI,SD,CHI,CHI | SD,2,135.91044111277512
2008,92,True,1,0,1,0,False,2008-04-27,2008-04-27,DAL,DET,DAL,DET,DAL | DET,2,128.9202713956601
2008,100,True,2,0,2,0,False,2008-04-26,2008-04-27,MIA,DAL,DAL,OAK,DAL | MIA | OAK,3,102.46706518524651
2008,102,True,1,0,1,0,False,2008-04-27,2008-04-27,NYJ,GB,NYJ,GB,GB | NYJ,2,96.30469311789194
2008,103,True,2,0,2,0,False,2008-04-26,2008-04-27,ATL,WAS,WAS,TEN,ATL | TEN | WAS,3,93.36390945076992
2008,104,True,2,0,2,0,False,2008-04-27,2008-04-27,OAK,DAL,DAL,CLE,CLE | DAL | OAK,3,90.51292627308231
2008,109,True,1,0,1,0,False,2008-04-26,2008-04-26,CAR,PHI,CAR,PHI,CAR | PHI,2,77.5119193788194
2008,110,True,1,0,1,0,False,2008-04-27,2008-04-27,CHI,MIA,CHI,MIA,CHI | MIA,2,75.14499644768598
2008,111,True,2,0,2,0,False,2008-04-27,2008-04-27,DET,DAL,DAL,CLE,CLE | DAL | DET,3,72.85035045417483
2008,113,True,3,0,3,0,False,2008-02-29,2008-04-27,NO,NYJ,GB,NYJ,GB | NO | NYJ,3,68.46912841054362
2008,115,True,3,0,3,0,False,2008-04-26,2008-04-27,PHI,MIA,CHI,TB,CHI | MIA | PHI | TB,4,64.3513931789309
2008,117,True,1,0,1,0,False,2008-04-26,2008-04-26,MIN,PHI,MIN,PHI,MIN | PHI,2,60.48129865534639
2008,119,True,1,1,0,0,False,2006-08-24,2006-08-24,WAS,DEN,WAS,DEN,DEN | WAS,2,56.843951720921865
2008,120,True,1,0,1,0,False,2008-04-27,2008-04-27,TB,CHI,TB,CHI,CHI | TB,2,55.10815090599254
2008,122,True,1,0,1,0,False,2008-04-27,2008-04-27,CLE,DAL,CLE,DAL,CLE | DAL,2,51.793945222315514
2008,123,True,1,0,1,0,False,2008-04-27,2008-04-27,PIT,NYG,PIT,NYG,NYG | PIT,2,50.21235264116127
2008,124,True,1,0,1,0,False,2008-04-27,2008-04-27,TEN,WAS,TEN,WAS,TEN | WAS,2,48.679055957954645
2008,125,True,2,0,2,0,False,2008-04-26,2008-04-27,JAX,BAL,BAL,OAK,BAL | JAX | OAK,3,47.192580397341786
2008,126,True,1,0,1,0,False,2008-04-27,2008-04-27,DAL,TEN,DAL,TEN,DAL | TEN,2,45.75149621806973
2008,128,True,1,0,1,0,False,2008-04-27,2008-04-27,GB,STL,GB,STL,GB | STL,2,43.0
2008,130,True,1,0,1,0,False,2008-04-27,2008-04-27,NYG,PIT,NYG,PIT,NYG | PIT,2,41.86239334404483
2008,136,True,1,0,1,0,False,2008-04-26,2008-04-26,KC,DET,KC,DET,DET | KC,2,38.626988431266334
2008,137,True,2,0,2,0,False,2008-04-27,2008-04-27,STL,GB,GB,MIN,GB | MIN | STL,3,38.1126063083793
2008,141,True,1,0,1,0,False,2008-02-29,2008-02-29,NYJ,CAR,NYJ,CAR,CAR | NYJ,2,36.12267017588604
2008,143,True,2,0,2,0,False,2008-03-01,2008-04-27,BUF,JAX,JAX,DAL,BUF | DAL | JAX,3,35.167009942793925
2008,144,True,1,0,1,0,False,2008-04-27,2008-04-27,DET,NO,DET,NO,DET | NO,2,34.698703145794944
2008,146,True,1,0,1,0,False,2008-04-27,2008-04-27,NO,DET,NO,DET,DET | NO,2,33.78071533994218
2008,148,True,1,1,0,0,False,2006-10-16,2006-10-16,BUF,STL,BUF,STL,BUF | STL,2,32.88701379078764
2008,150,True,1,0,1,0,False,2008-04-27,2008-04-27,MIN,GB,MIN,GB,GB | MIN,2,32.01695598188324
2008,152,True,1,0,1,0,False,2008-04-26,2008-04-26,PHI,MIN,PHI,MIN,MIN | PHI,2,31.16991639517594
2008,153,True,1,0,1,0,False,2008-04-27,2008-04-27,TB,NE,TB,NE,NE | TB,2,30.754837497837325
2008,154,True,1,0,1,0,False,2008-04-26,2008-04-26,WAS,ATL,WAS,ATL,ATL | WAS,2,30.345286061298786
2008,155,True,2,0,2,0,False,2008-04-27,2008-04-27,CLE,DAL,DAL,JAX,CLE | DAL | JAX,3,29.941188478294087
2008,157,True,2,0,2,0,False,2008-04-27,2008-04-27,TEN,WAS,WAS,STL,STL | TEN | WAS,3,29.149065331779774
2008,158,True,2,0,2,0,False,2008-04-26,2008-04-27,JAX,TB,TB,CHI,CHI | JAX | TB,3,28.76089740271087
2008,160,True,2,0,2,0,False,2008-04-27,2008-04-27,SD,NE,NE,TB,NE | SD | TB,3,28.0
2008,162,True,1,0,1,0,False,2008-04-27,2008-04-27,GB,NYJ,GB,NYJ,GB | NYJ,2,26.812891859560057
2008,163,True,1,0,1,0,False,2008-04-26,2008-04-26,DAL,SEA,DAL,SEA,DAL | SEA,2,26.238346877544192
2008,164,True,1,0,1,0,False,2008-04-26,2008-04-26,NE,NO,NE,NO,NE | NO,2,25.676113209730797
2008,167,True,1,0,1,0,False,2008-02-29,2008-02-29,MIA,DAL,MIA,DAL,DAL | MIA,2,24.060670173714687
2008,168,True,1,0,1,0,False,2008-04-27,2008-04-27,STL,WAS,STL,WAS,STL | WAS,2,23.545099627104005
2008,173,True,1,0,1,0,False,2008-04-26,2008-04-26,BAL,HOU,BAL,HOU,BAL | HOU,2,21.128301986307918
2008,175,True,1,0,1,0,False,2008-04-27,2008-04-27,CHI,TB,CHI,TB,CHI | TB,2,20.23253129767865
2008,176,True,1,0,1,0,False,2008-04-27,2008-04-27,DET,MIA,DET,MIA,DET | MIA,2,19.798989873223327
2008,180,True,1,0,1,0,False,2008-04-27,2008-04-27,STL,WAS,STL,WAS,STL | WAS,2,18.155753765114135
2008,182,True,1,0,1,0,False,2008-04-23,2008-04-23,MIN,KC,MIN,KC,KC | MIN,2,17.386009369028777
2008,183,True,1,0,1,0,False,2008-03-17,2008-03-17,HOU,DEN,HOU,DEN,DEN | HOU,2,17.013463039726563
2008,191,True,1,0,1,0,False,2008-04-27,2008-04-27,PHI,CLE,PHI,CLE,CLE | PHI,2,14.306560081157631
2008,193,True,1,0,1,0,False,2008-02-29,2008-02-29,JAX,MIN,JAX,MIN,JAX | MIN,2,13.46250598229572
2008,194,True,2,1,1,0,False,2007-09-01,2008-04-27,GB,NYG,NYG,PIT,GB | NYG | PIT,3,12.94564766595343
2008,195,True,1,0,1,0,False,2008-02-29,2008-02-29,DAL,MIA,DAL,MIA,DAL | MIA,2,12.448632796256481
2008,208,True,1,0,1,0,False,2008-04-27,2008-04-27,MIA,CHI,MIA,CHI,CHI | MIA,2,7.483314773547881
2008,209,True,1,0,1,0,False,2008-04-27,2008-04-27,MIN,GB,MIN,GB,GB | MIN,2,7.196012136163594
2008,213,True,2,0,2,0,False,2008-04-27,2008-04-27,OAK,DAL,DAL,JAX,DAL | JAX | OAK,3,6.1529499380531965
2008,217,True,1,0,1,0,False,2008-04-27,2008-04-27,STL,GB,STL,GB,GB | STL,2,5.261079640198116
2008,218,True,1,0,1,0,False,2008-04-27,2008-04-27,NO,DET,NO,DET,DET | NO,2,5.059094009250097
2008,226,True,1,1,0,0,False,2006-08-31,2006-08-31,MIN,NYJ,MIN,NYJ,MIN | NYJ,2,3.668016172818685
2008,228,True,1,0,1,0,False,2008-04-27,2008-04-27,WAS,STL,WAS,STL,STL | WAS,2,3.363585661014858
2008,235,True,1,0,1,0,False,2008-04-26,2008-04-26,DAL,SEA,DAL,SEA,DAL | SEA,2,2.483715624146968
2008,237,True,1,0,1,0,False,2008-04-27,2008-04-27,GB,NO,GB,NO,GB | NO,2,2.277577269513383
2008,239,True,1,1,0,0,False,2007-05-22,2007-05-22,NYG,KC,NYG,KC,KC | NYG,2,2.0885475648548275
2009,5,True,1,0,1,0,False,2009-04-25,2009-04-25,CLE,NYJ,CLE,NYJ,CLE | NYJ,2,1700.0
2009,17,True,2,0,2,0,False,2009-04-25,2009-04-25,NYJ,CLE,CLE,TB,CLE | NYJ | TB,3,950.0
2009,18,True,1,0,1,0,False,2009-04-03,2009-04-03,CHI,DEN,CHI,DEN,CHI | DEN,2,900.0
2009,19,True,2,0,2,0,False,2009-04-25,2009-04-25,TB,CLE,CLE,PHI,CLE | PHI | TB,3,875.0
2009,20,True,1,1,0,0,False,2008-10-14,2008-10-14,DAL,DET,DAL,DET,DAL | DET,2,850.0
2009,21,True,1,0,1,0,False,2009-04-25,2009-04-25,PHI,CLE,PHI,CLE,CLE | PHI,2,800.0
2009,23,True,1,0,1,0,False,2009-04-25,2009-04-25,NE,BAL,NE,BAL,BAL | NE,2,760.0
2009,26,True,2,0,2,0,False,2009-04-25,2009-04-25,BAL,NE,NE,GB,BAL | GB | NE,3,700.0
2009,28,True,2,1,1,0,False,2008-04-26,2009-04-20,CAR,PHI,PHI,BUF,BUF | CAR | PHI,3,660.0
2009,34,True,1,0,1,0,False,2009-02-28,2009-02-28,KC,NE,KC,NE,KC | NE,2,561.8676088948529
2009,37,True,1,0,1,0,False,2009-04-25,2009-04-25,SEA,DEN,SEA,DEN,DEN | SEA,2,522.1640557764364
2009,40,True,1,0,1,0,False,2009-04-25,2009-04-25,OAK,NE,OAK,NE,NE | OAK,2,485.26609619157006
2009,41,True,1,0,1,0,False,2009-04-25,2009-04-25,GB,NE,GB,NE,GB | NE,2,473.5555622055335
2009,43,True,1,0,1,0,False,2009-04-25,2009-04-25,SF,CAR,SF,CAR,CAR | SF,2,450.9754769750521
2009,47,True,2,1,1,0,False,2008-04-27,2009-04-25,SD,NE,NE,OAK,NE | OAK | SD,3,408.9939611455477
2009,49,True,1,0,1,0,False,2009-04-25,2009-04-25,CHI,SEA,CHI,SEA,CHI | SEA,2,389.492303392006
2009,50,True,1,0,1,0,False,2009-02-27,2009-02-27,TB,CLE,TB,CLE,CLE | TB,2,380.0930008403369
2009,51,True,1,0,1,0,False,2009-04-25,2009-04-25,DAL,BUF,DAL,BUF,BUF | DAL,2,370.9205240505338
2009,52,True,1,0,1,0,False,2009-04-25,2009-04-25,NYJ,CLE,NYJ,CLE,CLE | NYJ,2,361.96939922005004
2009,56,True,1,0,1,0,False,2009-04-25,2009-04-25,MIA,IND,MIA,IND,IND | MIA,2,328.2735003541492
2009,61,True,1,0,1,0,False,2009-04-25,2009-04-25,IND,MIA,IND,MIA,IND | MIA,2,290.52986838788144
2009,64,True,1,0,1,0,False,2009-04-25,2009-04-25,PIT,DEN,PIT,DEN,DEN | PIT,2,270.0
2009,65,True,1,0,1,0,False,2009-04-26,2009-04-26,DET,NYJ,DET,NYJ,DET | NYJ,2,262.96500598976496
2009,68,True,1,0,1,0,False,2009-04-25,2009-04-25,SEA,CHI,SEA,CHI,CHI | SEA,2,242.94084755591305
2009,69,True,1,1,0,0,False,2008-04-27,2008-04-27,CLE,DAL,CLE,DAL,CLE | DAL,2,236.61089419518237
2009,73,True,2,0,2,0,False,2009-04-25,2009-04-26,GB,NE,NE,JAX,GB | JAX | NE,3,212.89796732125947
2009,75,True,1,0,1,0,False,2009-04-25,2009-04-25,BUF,DAL,BUF,DAL,BUF | DAL,2,201.94816161229585
2009,76,True,1,0,1,0,False,2009-04-26,2009-04-26,NYJ,DET,NYJ,DET,DET | NYJ,2,196.6862945481459
2009,79,True,1,0,1,0,False,2009-04-25,2009-04-25,DEN,PIT,DEN,PIT,DEN | PIT,2,181.70910201648016
2009,82,True,1,1,0,0,False,2008-10-14,2008-10-14,DAL,DET,DAL,DET,DAL | DET,2,167.8723869982371
2009,83,True,1,0,1,0,False,2009-04-25,2009-04-25,GB,NE,GB,NE,GB | NE,2,163.49838241669462
2009,84,True,2,0,2,0,False,2009-04-03,2009-04-25,CHI,DEN,DEN,PIT,CHI | DEN | PIT,3,159.2383448574925
2009,85,True,1,0,1,0,False,2009-04-26,2009-04-26,PHI,NYG,PHI,NYG,NYG | PHI,2,155.0893048490769
2009,89,True,1,0,1,0,False,2009-04-26,2009-04-26,NE,TEN,NE,TEN,NE | TEN,2,139.54639691441523
2009,91,True,2,0,2,0,False,2009-04-26,2009-04-26,NYG,PHI,PHI,SEA,NYG | PHI | SEA,3,132.3692220788611
2009,101,True,1,1,0,0,False,2008-04-27,2008-04-27,DET,DAL,DET,DAL,DAL | DET,2,99.33810581723509
2009,105,True,1,0,1,0,False,2009-04-25,2009-04-25,SEA,CHI,SEA,CHI,CHI | SEA,2,87.74900141511668
2009,108,True,1,0,1,0,False,2009-03-23,2009-03-23,OAK,MIA,OAK,MIA,MIA | OAK,2,79.9533958321667
2009,110,True,1,0,1,0,False,2009-04-25,2009-04-25,BUF,DAL,BUF,DAL,BUF | DAL,2,75.14499644768598
2009,111,True,1,0,1,0,False,2009-04-25,2009-04-25,SF,CAR,SF,CAR,CAR | SF,2,72.85035045417483
2009,115,True,1,0,1,0,False,2009-04-26,2009-04-26,NYJ,DET,NYJ,DET,DET | NYJ,2,64.3513931789309
2009,117,True,1,0,1,0,False,2009-04-26,2009-04-26,DAL,TB,DAL,TB,DAL | TB,2,60.48129865534639
2009,120,True,1,0,1,0,False,2009-04-26,2009-04-26,TB,DAL,TB,DAL,DAL | TB,2,55.10815090599254
2009,121,True,1,0,1,0,False,2009-04-20,2009-04-20,PHI,BUF,PHI,BUF,BUF | PHI,2,53.42535492935984
2009,122,True,1,0,1,0,False,2009-02-27,2009-02-27,MIN,HOU,MIN,HOU,HOU | MIN,2,51.793945222315514
2009,123,True,1,0,1,0,False,2009-04-26,2009-04-26,BAL,NE,BAL,NE,BAL | NE,2,50.21235264116127
2009,124,True,1,0,1,0,False,2009-04-25,2009-04-25,NE,OAK,NE,OAK,NE | OAK,2,48.679055957954645
2009,126,True,1,0,1,0,False,2009-03-23,2009-03-23,MIA,OAK,MIA,OAK,MIA | OAK,2,45.75149621806973
2009,132,True,1,0,1,0,False,2009-04-25,2009-04-25,PIT,DEN,PIT,DEN,DEN | PIT,2,40.75488317422161
2009,137,True,4,0,4,0,False,2009-03-16,2009-04-26,DET,SEA,NE,BAL,BAL | DET | NE | PHI | SEA,5,38.1126063083793
2009,138,True,1,0,1,0,False,2009-04-09,2009-04-09,STL,ATL,STL,ATL,ATL | STL,2,37.605074032686986
2009,140,True,1,0,1,0,False,2009-04-03,2009-04-03,DEN,CHI,DEN,CHI,CHI | DEN,2,36.610195369494626
2009,141,True,4,1,3,0,False,2008-04-27,2009-04-26,CLE,PHI,BAL,DEN,BAL | CLE | DEN | NE | PHI,5,36.12267017588604
2009,143,True,1,0,1,0,False,2009-04-26,2009-04-26,ATL,DAL,ATL,DAL,ATL | DAL,2,35.167009942793925
2009,149,True,1,0,1,0,False,2009-04-26,2009-04-26,DEN,BAL,DEN,BAL,BAL | DEN,2,32.44906890675348
2009,150,True,1,0,1,0,False,2009-04-26,2009-04-26,WAS,MIN,WAS,MIN,MIN | WAS,2,32.01695598188324
2009,153,True,1,0,1,0,False,2009-02-28,2009-02-28,NYJ,PHI,NYJ,PHI,NYJ | PHI,2,30.754837497837325
2009,156,True,1,0,1,0,False,2009-04-26,2009-04-26,DAL,ATL,DAL,ATL,ATL | DAL,2,29.54247212175932
2009,158,True,1,0,1,0,False,2009-04-26,2009-04-26,MIN,WAS,MIN,WAS,MIN | WAS,2,28.76089740271087
2009,159,True,1,0,1,0,False,2009-03-05,2009-03-05,NE,PHI,NE,PHI,NE | PHI,2,28.377898570470364
2009,160,True,1,0,1,0,False,2009-04-09,2009-04-09,ATL,STL,ATL,STL,ATL | STL,2,28.0
2009,162,True,2,0,2,0,False,2009-04-25,2009-04-25,BAL,NE,NE,GB,BAL | GB | NE,3,26.812891859560057
2009,164,True,2,0,2,0,False,2009-04-26,2009-04-26,NYG,PHI,PHI,NO,NO | NYG | PHI,3,25.676113209730797
2009,165,True,1,0,1,0,False,2009-04-25,2009-04-25,IND,MIA,IND,MIA,IND | MIA,2,25.1259270500435
2009,174,True,1,0,1,0,False,2009-04-26,2009-04-26,DET,DEN,DET,DEN,DEN | DET,2,20.67556604315299
2009,176,True,1,0,1,0,False,2009-04-09,2009-04-09,STL,ATL,STL,ATL,ATL | STL,2,19.798989873223327
2009,181,True,1,0,1,0,False,2009-03-23,2009-03-23,OAK,MIA,OAK,MIA,MIA | OAK,2,17.766713400684264
2009,185,True,1,0,1,0,False,2009-04-26,2009-04-26,DEN,BAL,DEN,BAL,BAL | DEN,2,16.29214802288608
2009,187,True,2,2,0,0,False,2008-04-23,2008-04-27,KC,MIN,NO,GB,GB | KC | MIN | NO,4,15.60141439634249
2009,191,True,2,0,2,0,False,2009-02-27,2009-04-25,TB,CLE,TB,CLE,CLE | TB,2,14.306560081157631
2009,192,True,1,1,0,0,False,2008-10-14,2008-10-14,DAL,DET,DAL,DET,DAL | DET,2,14.0
2009,195,True,1,0,1,0,False,2009-04-25,2009-04-25,PHI,CLE,PHI,CLE,CLE | PHI,2,12.448632796256481
2009,196,True,1,0,1,0,False,2009-04-09,2009-04-09,ATL,STL,ATL,STL,ATL | STL,2,11.970699535071823
2009,198,True,1,0,1,0,False,2009-04-26,2009-04-26,BAL,NE,BAL,NE,BAL | NE,2,11.069175606859458
2009,199,True,1,0,1,0,False,2009-04-25,2009-04-25,NE,OAK,NE,OAK,NE | OAK,2,10.644203059030524
2009,202,True,1,0,1,0,False,2009-04-26,2009-04-26,CAR,OAK,CAR,OAK,CAR | OAK,2,9.464698235047209
2009,210,True,2,1,1,0,False,2008-10-14,2009-04-26,DET,DAL,DAL,ATL,ATL | DAL | DET,3,6.919739745126783
2009,213,True,1,0,1,0,False,2009-04-26,2009-04-26,SEA,PHI,SEA,PHI,PHI | SEA,2,6.1529499380531965
2009,216,True,1,0,1,0,False,2009-04-26,2009-04-26,OAK,CAR,OAK,CAR,CAR | OAK,2,5.4711295994695215
2009,217,True,1,1,0,0,False,2008-04-26,2008-04-26,JAX,TB,JAX,TB,JAX | TB,2,5.261079640198116
2009,221,True,1,0,1,0,False,2009-04-26,2009-04-26,MIN,WAS,MIN,WAS,MIN | WAS,2,4.498485971635389
2009,222,True,2,0,2,0,False,2009-04-26,2009-04-26,NO,PHI,PHI,IND,IND | NO | PHI,3,4.325778164601057
2009,228,True,1,0,1,0,False,2009-04-26,2009-04-26,NYJ,DET,NYJ,DET,DET | NYJ,2,3.363585661014858
2009,229,True,1,0,1,0,False,2009-04-26,2009-04-26,TB,DAL,TB,DAL,DAL | TB,2,3.2209806638985086
2009,232,True,1,0,1,0,False,2009-04-26,2009-04-26,JAX,NE,JAX,NE,JAX | NE,2,2.82842712474619
2009,235,True,1,0,1,0,False,2009-04-26,2009-04-26,DEN,DET,DEN,DET,DEN | DET,2,2.483715624146968
2010,11,True,2,1,1,0,False,2009-04-03,2010-04-22,CHI,DEN,DEN,SF,CHI | DEN | SF,3,1250.0
2010,12,True,1,0,1,0,False,2010-04-22,2010-04-22,MIA,SD,MIA,SD,MIA | SD,2,1200.0
2010,13,True,2,0,2,0,False,2010-04-22,2010-04-22,SF,DEN,DEN,PHI,DEN | PHI | SF,3,1150.0
2010,14,True,1,1,0,0,False,2009-04-25,2009-04-25,DEN,SEA,DEN,SEA,DEN | SEA,2,1100.0
2010,17,True,1,1,0,0,False,2009-04-25,2009-04-25,CAR,SF,CAR,SF,CAR | SF,2,950.0
2010,22,True,1,0,1,0,False,2010-04-22,2010-04-22,NE,DEN,NE,DEN,DEN | NE,2,780.0
2010,24,True,3,0,3,0,False,2010-04-22,2010-04-22,PHI,DEN,NE,DAL,DAL | DEN | NE | PHI,4,740.0
2010,25,True,1,0,1,0,False,2010-04-22,2010-04-22,BAL,DEN,BAL,DEN,BAL | DEN,2,720.0
2010,27,True,1,0,1,0,False,2010-04-22,2010-04-22,DAL,NE,DAL,NE,DAL | NE,2,680.0
2010,28,True,1,0,1,0,False,2010-04-22,2010-04-22,SD,MIA,SD,MIA,MIA | SD,2,660.0
2010,30,True,1,0,1,0,False,2010-04-22,2010-04-22,MIN,DET,MIN,DET,DET | MIN,2,620.0
2010,34,True,1,0,1,0,False,2010-04-22,2010-04-22,DET,MIN,DET,MIN,DET | MIN,2,561.8676088948529
2010,37,True,1,0,1,0,False,2010-04-05,2010-04-05,WAS,PHI,WAS,PHI,PHI | WAS,2,522.1640557764364
2010,39,True,1,0,1,0,False,2010-04-22,2010-04-22,OAK,TB,OAK,TB,OAK | TB,2,497.2662194405844
2010,40,True,2,0,2,0,False,2010-03-18,2010-04-22,SEA,SD,SD,MIA,MIA | SD | SEA,3,485.26609619157006
2010,42,True,3,1,2,0,False,2009-10-17,2010-04-23,CHI,TB,OAK,NE,CHI | NE | OAK | TB,4,462.1276290591479
2010,43,True,2,0,2,0,False,2010-04-14,2010-04-22,MIA,DEN,DEN,BAL,BAL | DEN | MIA,3,450.9754769750521
2010,44,True,2,1,1,0,False,2009-04-26,2010-04-23,JAX,NE,NE,OAK,JAX | NE | OAK,3,440.09245075205274
2010,47,True,2,1,1,0,False,2009-04-26,2010-04-23,TEN,NE,NE,ARI,ARI | NE | TEN,3,408.9939611455477
2010,51,True,1,0,1,0,False,2010-04-23,2010-04-23,HOU,MIN,HOU,MIN,HOU | MIN,2,370.9205240505338
2010,55,True,1,0,1,0,False,2010-04-23,2010-04-23,PHI,DAL,PHI,DAL,DAL | PHI,2,336.3913608322486
2010,58,True,2,0,2,0,False,2010-04-23,2010-04-23,ARI,NE,NE,HOU,ARI | HOU | NE,3,312.620757131406
2010,59,True,2,0,2,0,False,2010-04-23,2010-04-23,DAL,PHI,PHI,CLE,CLE | DAL | PHI,3,305.0765333954813
2010,60,True,1,0,1,0,False,2010-03-18,2010-03-18,SD,SEA,SD,SEA,SD | SEA,2,297.71436830563
2010,62,True,2,0,2,0,False,2010-04-23,2010-04-23,MIN,HOU,HOU,NE,HOU | MIN | NE,3,283.5187461924169
2010,70,True,3,1,2,0,False,2009-04-26,2010-04-22,SEA,PHI,DEN,BAL,BAL | DEN | PHI | SEA,4,230.4458711454806
2010,71,True,2,0,2,0,False,2010-04-23,2010-04-23,CLE,PHI,PHI,GB,CLE | GB | PHI,3,224.44148105958462
2010,79,True,1,0,1,0,False,2010-04-23,2010-04-23,SF,SD,SF,SD,SD | SF,2,181.70910201648016
2010,85,True,1,0,1,0,False,2010-03-15,2010-03-15,OAK,CLE,OAK,CLE,CLE | OAK,2,155.0893048490769
2010,86,True,1,0,1,0,False,2010-04-23,2010-04-23,GB,PHI,GB,PHI,GB | PHI,2,151.0483702910592
2010,87,True,1,0,1,0,False,2010-04-22,2010-04-22,PHI,DEN,PHI,DEN,DEN | PHI,2,147.1127244382688
2010,88,True,1,0,1,0,False,2010-03-06,2010-03-06,BAL,ARI,BAL,ARI,ARI | BAL,2,143.2796239373333
2010,89,True,2,0,2,0,False,2010-04-23,2010-04-23,ARI,NE,NE,CAR,ARI | CAR | NE,3,139.54639691441523
2010,90,True,1,0,1,0,False,2010-04-22,2010-04-22,DAL,NE,DAL,NE,DAL | NE,2,135.91044111277512
2010,91,True,1,0,1,0,False,2010-04-23,2010-04-23,SD,SF,SD,SF,SD | SF,2,132.3692220788611
2010,93,True,2,0,2,0,False,2010-04-23,2010-04-23,MIN,HOU,HOU,KC,HOU | KC | MIN,3,125.56118496208103
2010,100,True,1,0,1,0,False,2010-04-22,2010-04-22,DET,MIN,DET,MIN,DET | MIN,2,102.46706518524651
2010,102,True,1,0,1,0,False,2010-04-23,2010-04-23,KC,HOU,KC,HOU,HOU | KC,2,96.30469311789194
2010,104,True,2,0,2,0,False,2010-04-05,2010-04-24,WAS,PHI,SEA,TEN,PHI | SEA | TEN | WAS,4,90.51292627308231
2010,105,True,1,0,1,0,False,2010-04-02,2010-04-02,CLE,PHI,CLE,PHI,CLE | PHI,2,87.74900141511668
2010,108,True,1,0,1,0,False,2010-04-24,2010-04-24,JAX,OAK,JAX,OAK,JAX | OAK,2,79.9533958321667
2010,110,True,1,0,1,0,False,2010-04-22,2010-04-22,MIA,SD,MIA,SD,MIA | SD,2,75.14499644768598
2010,111,True,1,0,1,0,False,2010-04-24,2010-04-24,TEN,SEA,TEN,SEA,SEA | TEN,2,72.85035045417483
2010,112,True,1,0,1,0,False,2010-04-24,2010-04-24,CAR,NYJ,CAR,NYJ,CAR | NYJ,2,70.6257743320383
2010,113,True,2,0,2,0,False,2010-04-22,2010-04-22,SF,DEN,DEN,NE,DEN | NE | SF,3,68.46912841054362
2010,114,True,1,0,1,0,False,2010-04-22,2010-04-22,DEN,BAL,DEN,BAL,BAL | DEN,2,66.37833835646687
2010,119,True,2,0,2,0,False,2010-04-22,2010-04-24,NE,DAL,DAL,MIA,DAL | MIA | NE,3,56.843951720921865
2010,122,True,1,0,1,0,False,2010-04-23,2010-04-23,GB,PHI,GB,PHI,GB | PHI,2,51.793945222315514
2010,123,True,2,0,2,0,False,2010-03-06,2010-04-24,BAL,ARI,ARI,NO,ARI | BAL | NO,3,50.21235264116127
2010,124,True,2,0,2,0,False,2010-03-08,2010-04-24,ARI,NYJ,NYJ,CAR,ARI | CAR | NYJ,3,48.679055957954645
2010,125,True,1,0,1,0,False,2010-04-23,2010-04-23,DAL,PHI,DAL,PHI,DAL | PHI,2,47.192580397341786
2010,126,True,2,0,2,0,False,2010-04-22,2010-04-24,SD,MIA,MIA,DAL,DAL | MIA | SD,3,45.75149621806973
2010,127,True,1,0,1,0,False,2010-03-17,2010-03-17,PHI,SEA,PHI,SEA,PHI | SEA,2,44.35441733781426
2010,128,True,1,0,1,0,False,2010-04-22,2010-04-22,MIN,DET,MIN,DET,DET | MIN,2,43.0
2010,130,True,1,0,1,0,False,2010-04-24,2010-04-24,NO,ARI,NO,ARI,ARI | NO,2,41.86239334404483
2010,133,True,1,0,1,0,False,2010-04-05,2010-04-05,DET,SEA,DET,SEA,DET | SEA,2,40.212164619745856
2010,134,True,1,0,1,0,False,2010-04-23,2010-04-23,CLE,PHI,CLE,PHI,CLE | PHI,2,39.67667325883394
2010,135,True,2,0,2,0,False,2010-04-21,2010-04-24,WAS,STL,STL,ATL,ATL | STL | WAS,3,39.14831284947172
2010,137,True,2,0,2,0,False,2010-04-02,2010-04-19,CLE,PHI,PHI,DEN,CLE | DEN | PHI,3,38.1126063083793
2010,139,True,1,0,1,0,False,2010-04-24,2010-04-24,SEA,NYJ,SEA,NYJ,NYJ | SEA,2,37.10430038716509
2010,144,True,1,0,1,0,False,2010-04-23,2010-04-23,KC,HOU,KC,HOU,HOU | KC,2,34.698703145794944
2010,145,True,1,0,1,0,False,2010-04-16,2010-04-16,SF,MIA,SF,MIA,MIA | SF,2,34.23663262695757
2010,146,True,4,1,3,0,False,2009-04-26,2010-04-24,DEN,DET,PHI,SD,CLE | DEN | DET | PHI | SD,5,33.78071533994218
2010,149,True,2,0,2,0,False,2010-03-08,2010-04-24,ATL,DET,ATL,STL,ATL | DET | STL,3,32.44906890675348
2010,150,True,1,0,1,0,False,2010-04-23,2010-04-23,HOU,NE,HOU,NE,HOU | NE,2,32.01695598188324
2010,153,True,2,0,2,0,False,2010-04-22,2010-04-24,TB,OAK,OAK,JAX,JAX | OAK | TB,3,30.754837497837325
2010,155,True,2,0,2,0,False,2010-04-12,2010-04-24,NYJ,PIT,PIT,ARI,ARI | NYJ | PIT,3,29.941188478294087
2010,157,True,1,0,1,0,False,2010-03-06,2010-03-06,ARI,BAL,ARI,BAL,ARI | BAL,2,29.149065331779774
2010,158,True,4,2,2,0,False,2008-08-28,2010-04-24,DAL,DEN,JAX,NO,DAL | DEN | JAX | NE | NO | OAK,6,28.76089740271087
2010,159,True,1,0,1,0,False,2010-04-24,2010-04-24,SD,PHI,SD,PHI,PHI | SD,2,28.377898570470364
2010,163,True,3,1,2,0,False,2009-04-26,2010-04-24,NO,PHI,WAS,MIA,MIA | NO | PHI | STL | WAS,5,26.238346877544192
2010,171,True,1,0,1,0,False,2010-03-08,2010-03-08,DET,ATL,DET,ATL,ATL | DET,2,22.063731831510403
2010,173,True,2,0,2,0,False,2010-04-22,2010-04-23,MIA,SD,SD,SF,MIA | SD | SF,3,21.128301986307918
2010,174,True,1,0,1,0,False,2010-04-24,2010-04-24,MIA,WAS,MIA,WAS,MIA | WAS,2,20.67556604315299
2010,175,True,1,1,0,0,False,2009-04-26,2009-04-26,OAK,CAR,OAK,CAR,CAR | OAK,2,20.23253129767865
2010,176,True,1,0,1,0,False,2010-04-24,2010-04-24,SEA,TEN,SEA,TEN,SEA | TEN,2,19.798989873223327
2010,179,True,1,0,1,0,False,2010-04-24,2010-04-24,MIA,DAL,MIA,DAL,DAL | MIA,2,18.553313004236372
2010,185,True,1,0,1,0,False,2010-04-24,2010-04-24,TEN,SEA,TEN,SEA,SEA | TEN,2,16.29214802288608
2010,189,True,1,0,1,0,False,2010-04-24,2010-04-24,ATL,STL,ATL,STL,ATL | STL,2,14.939965609475523
2010,190,True,1,0,1,0,False,2010-04-23,2010-04-23,NE,OAK,NE,OAK,NE | OAK,2,14.619832953983792
2010,195,True,1,0,1,0,False,2010-04-24,2010-04-24,ARI,PIT,ARI,PIT,ARI | PIT,2,12.448632796256481
2010,197,True,1,1,0,0,False,2009-08-31,2009-08-31,SD,HOU,SD,HOU,HOU | SD,2,11.511115293083504
2010,198,True,1,0,1,0,False,2010-04-24,2010-04-24,NYJ,CAR,NYJ,CAR,CAR | NYJ,2,11.069175606859458
2010,200,True,1,1,0,0,True,2009-04-26,2009-04-26,IND,PHI,IND,PHI,IND | PHI,2,10.235546239926343
2010,201,True,1,0,1,0,False,2010-04-24,2010-04-24,NO,ARI,NO,ARI,ARI | NO,2,9.842578749076635
2010,208,True,2,0,2,0,False,2010-04-21,2010-04-24,STL,WAS,WAS,NE,NE | STL | WAS,3,7.483314773547881
2010,209,True,1,1,0,0,False,2009-09-04,2009-09-04,DET,BUF,DET,BUF,BUF | DET,2,7.196012136163594
2010,211,True,1,0,1,0,False,2010-04-21,2010-04-21,WAS,STL,WAS,STL,STL | WAS,2,6.6540741224784865
2010,213,True,1,0,1,0,False,2010-04-05,2010-04-05,SEA,DET,SEA,DET,DET | SEA,2,6.1529499380531965
2010,214,True,2,0,2,0,False,2010-03-05,2010-04-22,DET,CLE,DET,MIN,CLE | DET | MIN,3,5.916723239271945
2010,217,True,1,1,0,0,False,2009-09-06,2009-09-06,JAX,TB,JAX,TB,JAX | TB,2,5.261079640198116
2010,219,True,1,0,1,0,False,2010-04-24,2010-04-24,MIA,WAS,MIA,WAS,MIA | WAS,2,4.8648630974661335
2010,220,True,2,0,2,0,False,2010-04-19,2010-04-24,DEN,DET,DET,PHI,DEN | DET | PHI,3,4.678089182334822
2010,225,True,2,0,2,0,False,2010-04-21,2010-04-24,PIT,TB,TB,DEN,DEN | PIT | TB,3,3.830413122794295
2010,226,True,1,1,0,0,False,2009-09-01,2009-09-01,ATL,STL,ATL,STL,ATL | STL,2,3.668016172818685
2010,229,True,1,0,1,0,False,2010-04-24,2010-04-24,NE,WAS,NE,WAS,NE | WAS,2,3.2209806638985086
2010,231,True,3,2,1,0,False,2009-03-05,2010-04-24,PHI,NE,NE,WAS,DEN | NE | PHI | WAS,4,2.9536522918789987
2010,232,True,1,0,1,0,False,2010-04-24,2010-04-24,TB,DEN,TB,DEN,DEN | TB,2,2.82842712474619
2010,236,True,1,0,1,0,False,2010-04-24,2010-04-24,NYJ,SEA,NYJ,SEA,NYJ | SEA,2,2.378414230005442
2011,6,True,1,0,1,0,False,2011-04-28,2011-04-28,CLE,ATL,CLE,ATL,ATL | CLE,2,1600.0
2011,10,True,1,0,1,0,False,2011-04-28,2011-04-28,WAS,JAX,WAS,JAX,JAX | WAS,2,1300.0
2011,16,True,1,0,1,0,False,2011-04-28,2011-04-28,JAX,WAS,JAX,WAS,JAX | WAS,2,1000.0
2011,17,True,1,1,0,0,False,2009-09-06,2009-09-06,OAK,NE,OAK,NE,NE | OAK,2,950.0
2011,21,True,1,0,1,0,False,2011-04-28,2011-04-28,KC,CLE,KC,CLE,CLE | KC,2,800.0
2011,26,True,2,0,2,0,False,2011-04-28,2011-04-28,ATL,CLE,CLE,KC,ATL | CLE | KC,3,700.0
2011,28,True,1,0,1,0,False,2011-04-28,2011-04-28,NE,NO,NE,NO,NE | NO,2,660.0
2011,33,True,1,1,0,0,False,2010-04-23,2010-04-23,CAR,NE,CAR,NE,CAR | NE,2,575.7620074718054
2011,36,True,1,0,1,0,False,2011-04-29,2011-04-29,DEN,SF,DEN,SF,DEN | SF,2,535.0766269918975
2011,45,True,1,0,1,0,False,2011-04-29,2011-04-29,SF,DEN,SF,DEN,DEN | SF,2,429.4720557935401
2011,46,True,1,1,0,0,False,2010-04-14,2010-04-14,MIA,DEN,MIA,DEN,DEN | MIA,2,419.10795423174875
2011,49,True,2,0,2,0,False,2011-04-28,2011-04-29,JAX,WAS,WAS,IND,IND | JAX | WAS,3,389.492303392006
2011,53,True,2,0,2,0,False,2011-04-29,2011-04-29,IND,WAS,WAS,CHI,CHI | IND | WAS,3,353.2342846411855
2011,56,True,1,0,1,0,False,2011-04-28,2011-04-28,NO,NE,NO,NE,NE | NO,2,328.2735003541492
2011,57,True,1,0,1,0,False,2011-04-29,2011-04-29,SEA,DET,SEA,DET,DET | SEA,2,320.3515416333923
2011,59,True,1,0,1,0,False,2011-04-28,2011-04-28,ATL,CLE,ATL,CLE,ATL | CLE,2,305.0765333954813
2011,60,True,1,0,1,0,False,2011-04-29,2011-04-29,NE,HOU,NE,HOU,HOU | NE,2,297.71436830563
2011,62,True,2,0,2,0,False,2011-04-29,2011-04-29,CHI,WAS,WAS,MIA,CHI | MIA | WAS,3,283.5187461924169
2011,70,True,1,0,1,0,False,2011-04-28,2011-04-28,CLE,KC,CLE,KC,CLE | KC,2,230.4458711454806
2011,72,True,1,1,0,0,False,2010-06-21,2010-06-21,WAS,NO,WAS,NO,NO | WAS,2,218.59353855994584
2011,73,True,1,0,1,0,False,2011-04-29,2011-04-29,HOU,NE,HOU,NE,HOU | NE,2,212.89796732125947
2011,74,True,1,1,0,0,False,2010-10-06,2010-10-06,MIN,NE,MIN,NE,MIN | NE,2,207.3507972290508
2011,75,True,1,0,1,0,False,2011-04-29,2011-04-29,DET,SEA,DET,SEA,DET | SEA,2,201.94816161229585
2011,76,True,1,0,1,0,False,2011-04-29,2011-04-29,SF,JAX,SF,JAX,JAX | SF,2,196.6862945481459
2011,79,True,1,0,1,0,False,2011-04-29,2011-04-29,MIA,WAS,MIA,WAS,MIA | WAS,2,181.70910201648016
2011,80,True,1,0,1,0,False,2011-04-29,2011-04-29,JAX,SF,JAX,SF,JAX | SF,2,176.97457444503152
2011,85,True,1,0,1,0,False,2011-04-29,2011-04-29,PHI,BAL,PHI,BAL,BAL | PHI,2,155.0893048490769
2011,89,True,1,1,0,0,False,2010-03-18,2010-03-18,SEA,SD,SEA,SD,SD | SEA,2,139.54639691441523
2011,90,True,1,0,1,0,False,2011-04-29,2011-04-29,BAL,PHI,BAL,PHI,BAL | PHI,2,135.91044111277512
2011,92,True,1,0,1,0,False,2011-04-29,2011-04-29,NE,OAK,NE,OAK,NE | OAK,2,128.9202713956601
2011,99,True,2,2,0,0,False,2010-09-15,2010-10-12,DEN,NE,NE,SEA,DEN | NE | SEA,3,105.6945807583126
2011,104,True,1,0,1,0,False,2011-04-30,2011-04-30,PHI,TB,PHI,TB,PHI | TB,2,90.51292627308231
2011,105,True,1,0,1,0,False,2011-04-30,2011-04-30,HOU,WAS,HOU,WAS,HOU | WAS,2,87.74900141511668
2011,107,True,1,0,1,0,False,2011-04-29,2011-04-29,DET,SEA,DET,SEA,DET | SEA,2,82.47177410035772
2011,108,True,1,0,1,0,False,2011-04-29,2011-04-29,SF,DEN,SF,DEN,DEN | SF,2,79.9533958321667
2011,115,True,1,1,0,0,False,2010-04-23,2010-04-23,SD,SF,SD,SF,SD | SF,2,64.3513931789309
2011,116,True,1,0,1,0,False,2011-04-30,2011-04-30,TB,PHI,TB,PHI,PHI | TB,2,62.38634329516793
2011,118,True,1,0,1,0,False,2011-04-28,2011-04-28,ATL,CLE,ATL,CLE,ATL | CLE,2,58.63442692465892
2011,121,True,1,1,0,0,False,2010-04-24,2010-04-24,NO,JAX,NO,JAX,JAX | NO,2,53.42535492935984
2011,122,True,1,1,0,0,False,2010-10-05,2010-10-05,SEA,BUF,SEA,BUF,BUF | SEA,2,51.793945222315514
2011,124,True,1,0,1,0,False,2011-04-28,2011-04-28,ATL,CLE,ATL,CLE,ATL | CLE,2,48.679055957954645
2011,125,True,1,0,1,0,False,2011-04-29,2011-04-29,NE,OAK,NE,OAK,NE | OAK,2,47.192580397341786
2011,127,True,2,0,2,0,False,2011-04-29,2011-04-30,CHI,WAS,WAS,HOU,CHI | HOU | WAS,3,44.35441733781426
2011,129,True,1,0,1,0,False,2011-04-30,2011-04-30,GB,DEN,GB,DEN,DEN | GB,2,42.427384008372805
2011,135,True,2,2,0,0,False,2010-04-24,2010-10-19,DEN,TB,TB,KC,DEN | KC | TB,3,39.14831284947172
2011,138,True,1,0,1,0,False,2011-04-29,2011-04-29,HOU,NE,HOU,NE,HOU | NE,2,37.605074032686986
2011,141,True,2,0,2,0,False,2011-04-29,2011-04-30,SF,DEN,DEN,GB,DEN | GB | SF,3,36.12267017588604
2011,144,True,1,0,1,0,False,2011-04-30,2011-04-30,WAS,HOU,WAS,HOU,HOU | WAS,2,34.698703145794944
2011,145,True,1,0,1,0,False,2011-04-30,2011-04-30,STL,ATL,STL,ATL,ATL | STL,2,34.23663262695757
2011,146,True,1,0,1,0,False,2011-04-29,2011-04-29,MIA,WAS,MIA,WAS,MIA | WAS,2,33.78071533994218
2011,149,True,1,1,0,0,False,2010-04-24,2010-04-24,SD,PHI,SD,PHI,PHI | SD,2,32.44906890675348
2011,150,True,1,0,1,0,False,2011-04-30,2011-04-30,MIN,CLE,MIN,CLE,CLE | MIN,2,32.01695598188324
2011,152,True,2,0,2,0,False,2011-04-29,2011-04-30,IND,WAS,WAS,HOU,HOU | IND | WAS,3,31.16991639517594
2011,153,True,1,0,1,0,False,2011-04-30,2011-04-30,PHI,NYJ,PHI,NYJ,NYJ | PHI,2,30.754837497837325
2011,154,True,1,0,1,0,False,2011-04-29,2011-04-29,DET,SEA,DET,SEA,DET | SEA,2,30.345286061298786
2011,155,True,1,1,0,0,False,2010-06-21,2010-06-21,NO,WAS,NO,WAS,NO | WAS,2,29.941188478294087
2011,157,True,2,1,1,0,False,2010-09-01,2011-04-29,BAL,SEA,SEA,DET,BAL | DET | SEA,3,29.149065331779774
2011,158,True,1,0,1,0,False,2011-04-30,2011-04-30,ATL,STL,ATL,STL,ATL | STL,2,28.76089740271087
2011,161,True,1,0,1,0,False,2011-04-30,2011-04-30,NYJ,PHI,NYJ,PHI,NYJ | PHI,2,27.4000177384556
2011,163,True,1,0,1,0,False,2011-04-30,2011-04-30,GB,SF,GB,SF,GB | SF,2,26.238346877544192
2011,168,True,2,1,1,0,False,2010-03-15,2011-04-30,DEN,CLE,CLE,MIN,CLE | DEN | MIN,3,23.545099627104005
2011,170,True,1,0,1,0,False,2011-04-30,2011-04-30,CLE,MIN,CLE,MIN,CLE | MIN,2,22.546864647289553
2011,173,True,1,1,0,0,False,2010-08-18,2010-08-18,DET,SEA,DET,SEA,DET | SEA,2,21.128301986307918
2011,174,True,2,0,2,0,False,2011-04-30,2011-04-30,SF,GB,GB,MIA,GB | MIA | SF,3,20.67556604315299
2011,178,True,1,0,1,0,False,2011-04-30,2011-04-30,HOU,WAS,HOU,WAS,HOU | WAS,2,18.959577657116494
2011,179,True,1,0,1,0,False,2011-04-30,2011-04-30,MIA,GB,MIA,GB,GB | MIA,2,18.553313004236372
2011,180,True,1,1,0,0,False,2010-09-07,2010-09-07,STL,BAL,STL,BAL,BAL | STL,2,18.155753765114135
2011,182,True,1,0,1,0,False,2011-04-29,2011-04-29,JAX,SF,JAX,SF,JAX | SF,2,17.386009369028777
2011,184,True,2,2,0,0,False,2010-03-09,2010-09-03,TB,PHI,PHI,ARI,ARI | PHI | TB,3,16.648899610038093
2011,186,True,3,2,1,0,False,2010-04-24,2011-04-30,PHI,DET,DEN,GB,DEN | DET | GB | PHI,4,15.943040886593678
2011,187,True,1,1,0,0,False,2010-10-19,2010-10-19,KC,TB,KC,TB,KC | TB,2,15.60141439634249
2011,189,True,2,2,0,0,False,2009-09-05,2010-09-15,NO,NE,NE,DEN,DEN | NE | NO,3,14.939965609475523
2011,190,True,1,1,0,0,False,2010-08-17,2010-08-17,SEA,SF,SEA,SF,SEA | SF,2,14.619832953983792
2011,191,True,1,0,1,0,False,2011-04-29,2011-04-29,BAL,PHI,BAL,PHI,BAL | PHI,2,14.306560081157631
2011,193,True,1,0,1,0,False,2011-04-30,2011-04-30,NE,PHI,NE,PHI,NE | PHI,2,13.46250598229572
2011,194,True,2,0,2,0,False,2011-04-30,2011-04-30,NYJ,PHI,PHI,NE,NE | NYJ | PHI,3,12.94564766595343
2011,204,True,1,0,1,0,False,2011-04-30,2011-04-30,GB,DEN,GB,DEN,DEN | GB,2,8.751903472535176
2011,205,True,2,1,1,0,False,2010-09-04,2011-04-29,DEN,DET,DET,SEA,DEN | DET | SEA,3,8.41589663253425
2011,209,True,2,1,1,0,False,2010-03-09,2011-04-29,CLE,SEA,SEA,DET,CLE | DET | SEA,3,7.196012136163594
2011,210,True,1,1,0,0,False,2010-03-08,2010-03-08,DET,ATL,DET,ATL,ATL | DET,2,6.919739745126783
2011,217,True,1,0,1,0,False,2011-04-29,2011-04-29,MIA,WAS,MIA,WAS,MIA | WAS,2,5.261079640198116
2011,218,True,2,1,1,0,False,2010-05-25,2011-04-30,JAX,MIA,MIA,GB,GB | JAX | MIA,3,5.059094009250097
2011,219,True,1,0,1,0,False,2011-04-29,2011-04-29,OAK,NE,OAK,NE,NE | OAK,2,4.8648630974661335
2011,224,True,1,1,0,0,False,2010-09-04,2010-09-04,IND,WAS,IND,WAS,IND | WAS,2,4.0
2011,225,True,1,1,0,0,False,2010-09-04,2010-09-04,PHI,BAL,PHI,BAL,BAL | PHI,2,3.830413122794295
2011,227,True,1,0,1,0,False,2011-04-30,2011-04-30,PHI,NYJ,PHI,NYJ,NYJ | PHI,2,3.5125043207465994
2011,228,True,1,1,0,0,False,2010-09-07,2010-09-07,BAL,STL,BAL,STL,BAL | STL,2,3.363585661014858
2011,229,True,1,0,1,0,False,2011-04-30,2011-04-30,ATL,STL,ATL,STL,ATL | STL,2,3.2209806638985086
2011,230,True,1,1,0,0,False,2010-08-23,2010-08-23,NE,ATL,NE,ATL,ATL | NE,2,3.0844216508158815
2011,231,True,3,1,2,0,False,2009-09-06,2011-04-30,NYJ,DET,GB,MIA,DET | GB | MIA | NYJ | SF,5,2.9536522918789987
2012,2,True,1,0,1,0,False,2012-03-14,2012-03-14,STL,WAS,STL,WAS,STL | WAS,2,2600.0
2012,3,True,1,0,1,0,False,2012-04-26,2012-04-26,MIN,CLE,MIN,CLE,CLE | MIN,2,2200.0
2012,4,True,1,0,1,0,False,2012-04-26,2012-04-26,CLE,MIN,CLE,MIN,CLE | MIN,2,1800.0
2012,5,True,1,0,1,0,False,2012-04-26,2012-04-26,TB,JAX,TB,JAX,JAX | TB,2,1700.0
2012,6,True,2,0,2,0,False,2012-03-14,2012-04-26,WAS,STL,STL,DAL,DAL | STL | WAS,3,1600.0
2012,7,True,1,0,1,0,False,2012-04-26,2012-04-26,JAX,TB,JAX,TB,JAX | TB,2,1500.0
2012,12,True,1,0,1,0,False,2012-04-26,2012-04-26,SEA,PHI,SEA,PHI,PHI | SEA,2,1200.0
2012,14,True,1,0,1,0,False,2012-04-26,2012-04-26,DAL,STL,DAL,STL,DAL | STL,2,1100.0
2012,15,True,1,0,1,0,False,2012-04-26,2012-04-26,PHI,SEA,PHI,SEA,PHI | SEA,2,1050.0
2012,17,True,1,1,0,0,False,2011-10-18,2011-10-18,OAK,CIN,OAK,CIN,CIN | OAK,2,950.0
2012,21,True,1,0,1,0,False,2012-04-26,2012-04-26,CIN,NE,CIN,NE,CIN | NE,2,800.0
2012,22,True,1,1,0,0,False,2011-04-28,2011-04-28,ATL,CLE,ATL,CLE,ATL | CLE,2,780.0
2012,25,True,1,0,1,0,False,2012-04-26,2012-04-26,DEN,NE,DEN,NE,DEN | NE,2,720.0
2012,27,True,2,1,1,0,False,2011-04-28,2012-04-26,NO,NE,NE,CIN,CIN | NE | NO,3,680.0
2012,29,True,1,0,1,0,False,2012-04-26,2012-04-26,BAL,MIN,BAL,MIN,BAL | MIN,2,640.0
2012,31,True,2,0,2,0,False,2012-04-26,2012-04-26,NE,DEN,DEN,TB,DEN | NE | TB,3,600.0
2012,35,True,1,0,1,0,False,2012-04-26,2012-04-26,MIN,BAL,MIN,BAL,BAL | MIN,2,548.3085125943791
2012,36,True,1,0,1,0,False,2012-04-26,2012-04-26,TB,DEN,TB,DEN,DEN | TB,2,535.0766269918975
2012,39,True,1,0,1,0,False,2012-03-14,2012-03-14,WAS,STL,WAS,STL,STL | WAS,2,497.2662194405844
2012,43,True,1,0,1,0,False,2012-04-27,2012-04-27,SEA,NYJ,SEA,NYJ,NYJ | SEA,2,450.9754769750521
2012,45,True,2,0,2,0,False,2012-04-26,2012-04-27,DAL,STL,STL,CHI,CHI | DAL | STL,3,429.4720557935401
2012,47,True,1,0,1,0,False,2012-04-27,2012-04-27,NYJ,SEA,NYJ,SEA,NYJ | SEA,2,408.9939611455477
2012,48,True,1,1,0,0,False,2011-04-29,2011-04-29,OAK,NE,OAK,NE,NE | OAK,2,399.1240408695021
2012,50,True,1,0,1,0,False,2012-04-27,2012-04-27,CHI,STL,CHI,STL,CHI | STL,2,380.0930008403369
2012,51,True,2,1,1,0,False,2011-07-29,2012-04-27,ARI,PHI,PHI,GB,ARI | GB | PHI,3,370.9205240505338
2012,58,True,1,0,1,0,False,2012-04-27,2012-04-27,HOU,TB,HOU,TB,HOU | TB,2,312.620757131406
2012,59,True,1,0,1,0,False,2012-04-27,2012-04-27,GB,PHI,GB,PHI,GB | PHI,2,305.0765333954813
2012,62,True,1,0,1,0,False,2012-04-27,2012-04-27,NE,GB,NE,GB,GB | NE,2,283.5187461924169
2012,67,True,1,0,1,0,False,2012-04-27,2012-04-27,CLE,DEN,CLE,DEN,CLE | DEN,2,249.44014354004796
2012,68,True,1,0,1,0,False,2012-04-27,2012-04-27,TB,HOU,TB,HOU,HOU | TB,2,242.94084755591305
2012,69,True,1,0,1,0,False,2012-04-27,2012-04-27,WAS,BUF,WAS,BUF,BUF | WAS,2,236.61089419518237
2012,71,True,1,0,1,0,False,2012-04-27,2012-04-27,BUF,WAS,BUF,WAS,BUF | WAS,2,224.44148105958462
2012,73,True,3,1,2,0,False,2011-07-29,2012-04-27,CAR,CHI,MIA,SD,CAR | CHI | MIA | SD,4,212.89796732125947
2012,76,True,1,0,1,0,False,2012-03-21,2012-03-21,PHI,HOU,PHI,HOU,HOU | PHI,2,196.6862945481459
2012,78,True,1,0,1,0,False,2012-04-27,2012-04-27,SD,MIA,SD,MIA,MIA | SD,2,186.57029044525893
2012,84,True,1,0,1,0,False,2012-04-27,2012-04-27,ATL,BAL,ATL,BAL,ATL | BAL,2,159.2383448574925
2012,87,True,1,0,1,0,False,2012-04-27,2012-04-27,DEN,CLE,DEN,CLE,CLE | DEN,2,147.1127244382688
2012,88,True,1,0,1,0,False,2012-03-21,2012-03-21,HOU,PHI,HOU,PHI,HOU | PHI,2,143.2796239373333
2012,90,True,1,0,1,0,False,2012-04-27,2012-04-27,GB,NE,GB,NE,GB | NE,2,135.91044111277512
2012,91,True,1,0,1,0,False,2012-04-27,2012-04-27,BAL,ATL,BAL,ATL,ATL | BAL,2,132.3692220788611
2012,92,True,1,0,1,0,False,2012-04-27,2012-04-27,SF,IND,SF,IND,IND | SF,2,128.9202713956601
2012,93,True,1,0,1,0,False,2012-04-26,2012-04-26,NE,CIN,NE,CIN,CIN | NE,2,125.56118496208103
2012,97,True,2,0,2,0,False,2012-04-27,2012-04-28,IND,SF,SF,MIA,IND | MIA | SF,3,112.45779562405593
2012,98,True,1,0,1,0,False,2012-04-26,2012-04-26,MIN,BAL,MIN,BAL,BAL | MIN,2,109.02375686743048
2012,99,True,2,1,1,0,False,2011-04-30,2012-03-21,TB,PHI,PHI,HOU,HOU | PHI | TB,3,105.6945807583126
2012,101,True,2,0,2,0,False,2012-04-26,2012-04-26,JAX,TB,TB,DEN,DEN | JAX | TB,3,99.33810581723509
2012,103,True,2,0,2,0,False,2012-04-28,2012-04-28,MIA,SF,SF,CAR,CAR | MIA | SF,3,93.36390945076992
2012,108,True,1,0,1,0,False,2012-03-26,2012-03-26,NYJ,DEN,NYJ,DEN,DEN | NYJ,2,79.9533958321667
2012,109,True,2,1,1,0,False,2010-04-24,2012-04-28,OAK,WAS,WAS,PIT,OAK | PIT | WAS,3,77.5119193788194
2012,114,True,1,0,1,0,False,2012-04-26,2012-04-26,PHI,SEA,PHI,SEA,PHI | SEA,2,66.37833835646687
2012,117,True,1,0,1,0,False,2012-04-28,2012-04-28,DET,SF,DET,SF,DET | SF,2,60.48129865534639
2012,118,True,1,0,1,0,False,2012-04-26,2012-04-26,CLE,MIN,CLE,MIN,CLE | MIN,2,58.63442692465892
2012,119,True,1,0,1,0,False,2012-04-28,2012-04-28,PIT,WAS,PIT,WAS,PIT | WAS,2,56.843951720921865
2012,120,True,1,0,1,0,False,2012-04-27,2012-04-27,DEN,CLE,DEN,CLE,CLE | DEN,2,55.10815090599254
2012,123,True,1,0,1,0,False,2012-04-27,2012-04-27,GB,PHI,GB,PHI,GB | PHI,2,50.21235264116127
2012,124,True,1,1,0,0,False,2011-08-12,2011-08-12,BAL,BUF,BAL,BUF,BAL | BUF,2,48.679055957954645
2012,125,True,1,0,1,0,False,2012-04-28,2012-04-28,SF,DET,SF,DET,DET | SF,2,47.192580397341786
2012,126,True,3,0,3,0,False,2012-04-26,2012-04-27,NE,DEN,TB,HOU,DEN | HOU | NE | TB,4,45.75149621806973
2012,138,True,1,0,1,0,False,2012-04-28,2012-04-28,MIN,DET,MIN,DET,DET | MIN,2,37.605074032686986
2012,139,True,1,0,1,0,False,2012-04-26,2012-04-26,CLE,MIN,CLE,MIN,CLE | MIN,2,37.10430038716509
2012,145,True,1,0,1,0,False,2012-04-28,2012-04-28,MIA,TEN,MIA,TEN,MIA | TEN,2,34.23663262695757
2012,147,True,1,1,0,0,False,2010-10-05,2010-10-05,SEA,BUF,SEA,BUF,BUF | SEA,2,33.3308693443083
2012,148,True,1,0,1,0,False,2012-04-28,2012-04-28,OAK,DET,OAK,DET,DET | OAK,2,32.88701379078764
2012,150,True,1,0,1,0,False,2012-04-27,2012-04-27,CHI,STL,CHI,STL,CHI | STL,2,32.01695598188324
2012,154,True,1,0,1,0,False,2012-04-27,2012-04-27,NYJ,SEA,NYJ,SEA,NYJ | SEA,2,30.345286061298786
2012,155,True,1,0,1,0,False,2012-04-28,2012-04-28,TEN,MIA,TEN,MIA,MIA | TEN,2,29.941188478294087
2012,158,True,1,0,1,0,False,2012-04-28,2012-04-28,DET,OAK,DET,OAK,DET | OAK,2,28.76089740271087
2012,160,True,1,1,0,0,False,2010-03-15,2010-03-15,DEN,CLE,DEN,CLE,CLE | DEN,2,28.0
2012,163,True,3,0,3,0,False,2012-04-27,2012-04-28,GB,NE,NE,GB,GB | MIN | NE | TEN,4,26.238346877544192
2012,164,True,1,0,1,0,False,2012-04-27,2012-04-27,BAL,ATL,BAL,ATL,ATL | BAL,2,25.676113209730797
2012,166,True,1,1,0,0,False,2011-07-29,2011-07-29,NE,CIN,NE,CIN,CIN | NE,2,24.58753024522619
2012,167,True,2,0,2,0,False,2012-04-12,2012-04-12,STL,DEN,NYG,CIN,CIN | DEN | NYG | STL,4,24.060670173714687
2012,172,True,2,0,2,0,False,2012-03-14,2012-04-26,IND,PHI,PHI,SEA,IND | PHI | SEA,3,21.590951555711165
2012,173,True,1,1,0,0,False,2011-07-28,2011-07-28,MIN,WAS,MIN,WAS,MIN | WAS,2,21.128301986307918
2012,177,True,1,1,0,0,False,2011-08-01,2011-08-01,WAS,ARI,WAS,ARI,ARI | WAS,2,19.374738347493643
2012,179,True,1,1,0,0,False,2011-07-28,2011-07-28,MIA,NO,MIA,NO,MIA | NO,2,18.553313004236372
2012,180,True,1,0,1,0,False,2012-04-28,2012-04-28,CAR,SF,CAR,SF,CAR | SF,2,18.155753765114135
2012,183,True,1,0,1,0,False,2012-04-27,2012-04-27,SD,MIA,SD,MIA,MIA | SD,2,17.013463039726563
2012,187,True,2,0,2,0,False,2012-03-14,2012-03-26,PHI,IND,IND,NYJ,IND | NYJ | PHI,3,15.60141439634249
2012,188,True,1,0,1,0,False,2012-03-26,2012-03-26,NYJ,DEN,NYJ,DEN,DEN | NYJ,2,15.2671082573136
2012,193,True,1,0,1,0,False,2012-04-28,2012-04-28,PIT,WAS,PIT,WAS,PIT | WAS,2,13.46250598229572
2012,194,True,1,1,0,0,True,2010-07-31,2010-07-31,DEN,PHI,DEN,PHI,DEN | PHI,2,12.94564766595343
2012,196,True,3,1,2,0,False,2011-07-28,2012-04-28,NO,MIA,SF,DET,DET | MIA | NO | SF,4,11.970699535071823
2012,197,True,1,0,1,0,False,2012-04-28,2012-04-28,GB,NE,GB,NE,GB | NE,2,11.511115293083504
2012,200,True,1,1,0,0,False,2010-09-04,2010-09-04,NE,PHI,NE,PHI,NE | PHI,2,10.235546239926343
2012,211,True,2,0,2,0,False,2012-04-26,2012-04-28,CLE,MIN,MIN,TEN,CLE | MIN | TEN,3,6.6540741224784865
2012,214,True,2,1,1,0,False,2011-09-03,2012-03-26,JAX,NYJ,NYJ,IND,IND | JAX | NYJ,3,5.916723239271945
2012,217,True,1,0,1,0,False,2012-04-27,2012-04-27,BUF,WAS,BUF,WAS,BUF | WAS,2,5.261079640198116
2012,219,True,1,0,1,0,False,2012-04-28,2012-04-28,DET,MIN,DET,MIN,DET | MIN,2,4.8648630974661335
2012,223,True,3,2,1,0,False,2010-09-04,2012-04-28,PHI,NE,MIN,DET,DET | MIN | NE | PHI,4,4.159701029930424
2012,224,True,3,1,2,0,False,2011-09-03,2012-04-28,NYJ,GB,GB,NE,GB | MIN | NE | NYJ | TEN,5,4.0
2012,225,True,1,1,0,0,False,2011-10-14,2011-10-14,OAK,SEA,OAK,SEA,OAK | SEA,2,3.830413122794295
2012,227,True,1,0,1,0,False,2012-04-28,2012-04-28,TEN,MIA,TEN,MIA,MIA | TEN,2,3.5125043207465994
2012,229,True,1,0,1,0,False,2012-04-26,2012-04-26,ATL,PHI,ATL,PHI,ATL | PHI,2,3.2209806638985086
2012,230,True,1,0,1,0,False,2012-04-28,2012-04-28,DET,OAK,DET,OAK,DET | OAK,2,3.0844216508158815
2012,232,True,2,0,2,0,False,2012-03-26,2012-04-27,DEN,NYJ,NYJ,SEA,DEN | NYJ | SEA,3,2.82842712474619
2012,233,True,1,0,1,0,False,2012-04-27,2012-04-27,HOU,TB,HOU,TB,HOU | TB,2,2.7085110938737853
2012,235,True,1,0,1,0,False,2012-04-28,2012-04-28,GB,NE,GB,NE,GB | NE,2,2.483715624146968
2012,238,True,1,1,0,0,False,2010-09-04,2010-09-04,NE,KC,NE,KC,KC | NE,2,2.1810154653305154
2013,3,True,1,0,1,0,False,2013-04-25,2013-04-25,OAK,MIA,OAK,MIA,MIA | OAK,2,2200.0
2013,8,True,1,0,1,0,False,2013-04-25,2013-04-25,BUF,STL,BUF,STL,BUF | STL,2,1400.0
2013,12,True,1,0,1,0,False,2013-04-25,2013-04-25,MIA,OAK,MIA,OAK,MIA | OAK,2,1200.0
2013,13,True,1,0,1,0,False,2013-04-22,2013-04-22,TB,NYJ,TB,NYJ,NYJ | TB,2,1150.0
2013,16,True,1,0,1,0,False,2013-04-25,2013-04-25,STL,BUF,STL,BUF,BUF | STL,2,1000.0
2013,18,True,1,0,1,0,False,2013-04-25,2013-04-25,DAL,SF,DAL,SF,DAL | SF,2,900.0
2013,22,True,2,1,1,0,False,2012-03-14,2013-04-25,WAS,STL,STL,ATL,ATL | STL | WAS,3,780.0
2013,25,True,1,0,1,0,False,2013-03-12,2013-03-12,SEA,MIN,SEA,MIN,MIN | SEA,2,720.0
2013,29,True,1,0,1,0,False,2013-04-25,2013-04-25,NE,MIN,NE,MIN,MIN | NE,2,640.0
2013,30,True,1,0,1,0,False,2013-04-25,2013-04-25,ATL,STL,ATL,STL,ATL | STL,2,620.0
2013,31,True,1,0,1,0,False,2013-04-25,2013-04-25,SF,DAL,SF,DAL,DAL | SF,2,600.0
2013,34,True,2,0,2,0,False,2013-03-12,2013-04-26,KC,SF,SF,TEN,KC | SF | TEN,3,561.8676088948529
2013,37,True,1,1,0,0,False,2011-10-18,2011-10-18,OAK,CIN,OAK,CIN,CIN | OAK,2,522.1640557764364
2013,38,True,1,0,1,0,False,2013-04-26,2013-04-26,ARI,SD,ARI,SD,ARI | SD,2,509.56309319230627
2013,40,True,1,0,1,0,False,2013-04-26,2013-04-26,TEN,SF,TEN,SF,SF | TEN,2,485.26609619157006
2013,42,True,1,0,1,0,False,2013-04-25,2013-04-25,MIA,OAK,MIA,OAK,MIA | OAK,2,462.1276290591479
2013,45,True,1,0,1,0,False,2013-04-26,2013-04-26,SD,ARI,SD,ARI,ARI | SD,2,429.4720557935401
2013,46,True,1,0,1,0,False,2013-04-25,2013-04-25,STL,BUF,STL,BUF,BUF | STL,2,419.10795423174875
2013,52,True,1,0,1,0,False,2013-04-25,2013-04-25,MIN,NE,MIN,NE,MIN | NE,2,361.96939922005004
2013,54,True,1,1,0,0,False,2012-08-27,2012-08-27,IND,MIA,IND,MIA,IND | MIA,2,344.7099675133492
2013,55,True,1,0,1,0,False,2013-04-26,2013-04-26,GB,SF,GB,SF,GB | SF,2,336.3913608322486
2013,56,True,1,0,1,0,False,2013-04-26,2013-04-26,SEA,BAL,SEA,BAL,BAL | SEA,2,328.2735003541492
2013,61,True,1,0,1,0,False,2013-04-26,2013-04-26,SF,GB,SF,GB,GB | SF,2,290.52986838788144
2013,62,True,1,0,1,0,False,2013-04-26,2013-04-26,BAL,SEA,BAL,SEA,BAL | SEA,2,283.5187461924169
2013,71,True,1,0,1,0,False,2013-04-25,2013-04-25,BUF,STL,BUF,STL,BUF | STL,2,224.44148105958462
2013,74,True,2,1,1,0,False,2012-04-28,2013-04-25,CAR,SF,SF,DAL,CAR | DAL | SF,3,207.3507972290508
2013,78,True,1,0,1,0,False,2013-04-25,2013-04-25,STL,BUF,STL,BUF,BUF | STL,2,186.57029044525893
2013,82,True,2,1,1,0,False,2012-03-14,2013-04-26,CHI,MIA,MIA,NO,CHI | MIA | NO,3,167.8723869982371
2013,83,True,1,0,1,0,False,2013-04-25,2013-04-25,MIN,NE,MIN,NE,MIN | NE,2,163.49838241669462
2013,88,True,1,0,1,0,False,2013-04-26,2013-04-26,GB,SF,GB,SF,GB | SF,2,143.2796239373333
2013,92,True,1,0,1,0,False,2013-04-25,2013-04-25,ATL,STL,ATL,STL,ATL | STL,2,128.9202713956601
2013,93,True,2,0,2,0,False,2013-04-26,2013-04-26,SF,GB,GB,MIA,GB | MIA | SF,3,125.56118496208103
2013,98,True,1,0,1,0,False,2013-04-27,2013-04-27,JAX,PHI,JAX,PHI,JAX | PHI,2,109.02375686743048
2013,100,True,1,0,1,0,False,2013-04-27,2013-04-27,OAK,TB,OAK,TB,OAK | TB,2,102.46706518524651
2013,101,True,1,0,1,0,False,2013-04-27,2013-04-27,PHI,JAX,PHI,JAX,JAX | PHI,2,99.33810581723509
2013,102,True,2,1,1,0,False,2012-04-28,2013-04-25,DET,MIN,MIN,NE,DET | MIN | NE,3,96.30469311789194
2013,104,True,1,0,1,0,False,2013-04-26,2013-04-26,CLE,MIA,CLE,MIA,CLE | MIA,2,90.51292627308231
2013,106,True,2,0,2,0,False,2013-04-26,2013-04-26,NYJ,NO,NO,MIA,MIA | NO | NYJ,3,85.06947644272576
2013,109,True,2,0,2,0,False,2013-04-26,2013-04-26,NO,MIA,MIA,GB,GB | MIA | NO,3,77.5119193788194
2013,110,True,2,0,2,0,False,2013-04-26,2013-04-27,SD,ARI,ARI,NYG,ARI | NYG | SD,3,75.14499644768598
2013,111,True,2,0,2,0,False,2013-04-26,2013-04-27,MIA,CLE,CLE,PIT,CLE | MIA | PIT,3,72.85035045417483
2013,112,True,1,0,1,0,False,2013-04-27,2013-04-27,TB,OAK,TB,OAK,OAK | TB,2,70.6257743320383
2013,116,True,1,0,1,0,False,2013-04-27,2013-04-27,NYG,ARI,NYG,ARI,ARI | NYG,2,62.38634329516793
2013,125,True,1,0,1,0,False,2013-04-27,2013-04-27,DEN,GB,DEN,GB,DEN | GB,2,47.192580397341786
2013,126,True,1,1,0,0,False,2012-11-01,2012-11-01,NE,TB,NE,TB,NE | TB,2,45.75149621806973
2013,137,True,1,0,1,0,False,2013-04-27,2013-04-27,DET,SEA,DET,SEA,DET | SEA,2,38.1126063083793
2013,138,True,1,1,0,0,False,2011-10-14,2011-10-14,OAK,SEA,OAK,SEA,OAK | SEA,2,37.605074032686986
2013,139,True,1,0,1,0,False,2013-04-27,2013-04-27,CLE,IND,CLE,IND,CLE | IND,2,37.10430038716509
2013,146,True,2,0,2,0,False,2013-04-26,2013-04-27,MIA,GB,GB,DEN,DEN | GB | MIA,3,33.78071533994218
2013,153,True,1,0,1,0,False,2013-04-27,2013-04-27,CHI,ATL,CHI,ATL,ATL | CHI,2,30.754837497837325
2013,157,True,1,1,0,0,False,2012-04-27,2012-04-27,IND,SF,IND,SF,IND | SF,2,29.149065331779774
2013,160,True,1,0,1,0,False,2013-04-27,2013-04-27,HOU,STL,HOU,STL,HOU | STL,2,28.0
2013,162,True,1,1,0,0,False,2011-07-29,2011-07-29,NE,WAS,NE,WAS,NE | WAS,2,26.812891859560057
2013,163,True,1,0,1,0,False,2013-04-27,2013-04-27,ATL,CHI,ATL,CHI,ATL | CHI,2,26.238346877544192
2013,164,True,2,0,2,0,False,2013-04-02,2013-04-26,SF,CLE,CLE,MIA,CLE | MIA | SF,3,25.676113209730797
2013,165,True,2,0,2,0,False,2013-04-26,2013-04-27,BAL,SEA,SEA,DET,BAL | DET | SEA,3,25.1259270500435
2013,173,True,4,1,3,0,False,2012-08-31,2013-04-27,PHI,CLE,GB,DEN,CLE | DEN | GB | PHI | SF,5,21.128301986307918
2013,176,True,4,2,2,0,False,2012-04-28,2013-04-27,TEN,MIN,OAK,HOU,ARI | HOU | MIN | OAK | TEN,5,19.798989873223327
2013,180,True,1,1,0,0,False,2012-04-28,2012-04-28,MIA,SF,MIA,SF,MIA | SF,2,18.155753765114135
2013,181,True,1,0,1,0,False,2013-04-27,2013-04-27,TB,OAK,TB,OAK,OAK | TB,2,17.766713400684264
2013,184,True,2,0,2,0,False,2013-04-27,2013-04-27,STL,HOU,HOU,OAK,HOU | OAK | STL,3,16.648899610038093
2013,187,True,1,0,1,0,False,2013-04-27,2013-04-27,NYG,ARI,NYG,ARI,ARI | NYG,2,15.60141439634249
2013,189,True,1,0,1,0,False,2013-04-27,2013-04-27,MIN,TB,MIN,TB,MIN | TB,2,14.939965609475523
2013,196,True,3,1,2,0,False,2011-08-02,2013-04-27,DEN,PHI,TB,MIN,DEN | MIN | PHI | TB,4,11.970699535071823
2013,197,True,1,1,0,0,False,2011-07-29,2011-07-29,NE,CIN,NE,CIN,CIN | NE,2,11.511115293083504
2013,198,True,2,0,2,0,False,2013-04-25,2013-04-27,ATL,STL,STL,HOU,ATL | HOU | STL,3,11.069175606859458
2013,199,True,3,0,3,0,False,2013-03-12,2013-04-27,SF,BAL,SEA,DET,BAL | DET | SEA | SF,4,10.644203059030524
2013,210,True,1,0,1,0,False,2013-04-27,2013-04-27,PHI,JAX,PHI,JAX,JAX | PHI,2,6.919739745126783
2013,212,True,1,1,0,0,False,2012-08-31,2012-08-31,CLE,PHI,CLE,PHI,CLE | PHI,2,6.398608048607554
2013,213,True,1,1,0,0,False,2012-09-01,2012-09-01,ARI,MIN,ARI,MIN,ARI | MIN,2,6.1529499380531965
2013,214,True,2,1,1,0,False,2012-08-27,2013-03-12,BUF,SEA,SEA,MIN,BUF | MIN | SEA,3,5.916723239271945
2013,216,True,2,0,2,0,False,2013-04-26,2013-04-26,TEN,SF,SF,GB,GB | SF | TEN,3,5.4711295994695215
2013,217,True,1,0,1,0,False,2013-04-26,2013-04-26,MIA,CLE,MIA,CLE,CLE | MIA,2,5.261079640198116
2013,218,True,1,0,1,0,False,2013-03-16,2013-03-16,TB,PHI,TB,PHI,PHI | TB,2,5.059094009250097
2013,219,True,2,1,1,0,False,2012-07-24,2013-04-02,CAR,OAK,OAK,ARI,ARI | CAR | OAK,3,4.8648630974661335
2013,220,True,1,1,0,0,False,2012-08-21,2012-08-21,NO,SEA,NO,SEA,NO | SEA,2,4.678089182334822
2013,222,True,1,0,1,0,False,2013-04-25,2013-04-25,STL,BUF,STL,BUF,BUF | STL,2,4.325778164601057
2013,224,True,1,0,1,0,False,2013-04-26,2013-04-26,MIA,GB,MIA,GB,GB | MIA,2,4.0
2013,226,True,2,2,0,0,False,2012-07-27,2012-11-01,CHI,TB,TB,NE,CHI | NE | TB,3,3.668016172818685
2013,227,True,2,1,1,0,False,2011-08-23,2013-04-02,CIN,SF,SF,CLE,CIN | CLE | SF,3,3.5125043207465994
2013,229,True,3,0,3,0,False,2013-04-25,2013-04-27,MIN,NE,TB,MIN,MIN | NE | TB,3,3.2209806638985086
2013,233,True,1,0,1,0,False,2013-04-27,2013-04-27,HOU,OAK,HOU,OAK,HOU | OAK,2,2.7085110938737853
2013,236,True,1,0,1,0,False,2013-04-27,2013-04-27,ATL,CHI,ATL,CHI,ATL | CHI,2,2.378414230005442
2014,2,True,1,1,0,0,False,2012-03-14,2012-03-14,WAS,STL,WAS,STL,STL | WAS,2,2600.0
2014,4,True,1,0,1,0,False,2014-05-09,2014-05-09,CLE,BUF,CLE,BUF,BUF | CLE,2,1800.0
2014,8,True,1,0,1,0,False,2014-05-09,2014-05-09,MIN,CLE,MIN,CLE,CLE | MIN,2,1400.0
2014,9,True,2,0,2,0,False,2014-05-09,2014-05-09,BUF,CLE,CLE,MIN,BUF | CLE | MIN,3,1350.0
2014,20,True,1,0,1,0,False,2014-05-09,2014-05-09,ARI,NO,ARI,NO,ARI | NO,2,850.0
2014,22,True,1,0,1,0,False,2014-05-09,2014-05-09,PHI,CLE,PHI,CLE,CLE | PHI,2,780.0
2014,26,True,2,1,1,0,False,2013-09-18,2014-05-09,IND,CLE,CLE,PHI,CLE | IND | PHI,3,700.0
2014,27,True,1,0,1,0,False,2014-05-09,2014-05-09,NO,ARI,NO,ARI,ARI | NO,2,680.0
2014,32,True,1,0,1,0,False,2014-05-09,2014-05-09,SEA,MIN,SEA,MIN,MIN | SEA,2,590.0
2014,34,True,1,0,1,0,False,2014-05-09,2014-05-09,WAS,DAL,WAS,DAL,DAL | WAS,2,561.8676088948529
2014,40,True,2,0,2,0,False,2014-05-09,2014-05-09,MIN,SEA,SEA,DET,DET | MIN | SEA,3,485.26609619157006
2014,42,True,1,0,1,0,False,2014-05-09,2014-05-09,TEN,PHI,TEN,PHI,PHI | TEN,2,462.1276290591479
2014,45,True,1,0,1,0,False,2014-05-09,2014-05-09,DET,SEA,DET,SEA,DET | SEA,2,429.4720557935401
2014,47,True,1,0,1,0,False,2014-05-09,2014-05-09,DAL,WAS,DAL,WAS,DAL | WAS,2,408.9939611455477
2014,50,True,1,0,1,0,False,2014-05-09,2014-05-09,MIA,SD,MIA,SD,MIA | SD,2,380.0930008403369
2014,54,True,1,0,1,0,False,2014-05-09,2014-05-09,PHI,TEN,PHI,TEN,PHI | TEN,2,344.7099675133492
2014,56,True,2,1,1,0,False,2013-03-12,2014-05-09,KC,SF,SF,DEN,DEN | KC | SF,3,328.2735003541492
2014,57,True,2,0,2,0,False,2014-05-09,2014-05-09,SD,MIA,MIA,SF,MIA | SD | SF,3,320.3515416333923
2014,61,True,1,0,1,0,False,2014-05-09,2014-05-09,SF,JAX,SF,JAX,JAX | SF,2,290.52986838788144
2014,63,True,2,0,2,0,False,2014-05-09,2014-05-09,DEN,SF,SF,MIA,DEN | MIA | SF,3,276.6768177349749
2014,67,True,1,0,1,0,False,2014-05-09,2014-05-09,OAK,MIA,OAK,MIA,MIA | OAK,2,249.44014354004796
2014,70,True,1,0,1,0,False,2014-05-09,2014-05-09,JAX,SF,JAX,SF,JAX | SF,2,230.4458711454806
2014,77,True,1,1,0,0,False,2013-04-26,2013-04-26,TEN,SF,TEN,SF,SF | TEN,2,191.56152823688092
2014,78,True,1,0,1,0,False,2014-05-09,2014-05-09,DAL,WAS,DAL,WAS,DAL | WAS,2,186.57029044525893
2014,81,True,1,0,1,0,False,2014-05-09,2014-05-09,MIA,OAK,MIA,OAK,MIA | OAK,2,172.3634075147178
2014,83,True,3,1,2,0,False,2013-04-27,2014-05-09,PIT,CLE,PHI,HOU,CLE | HOU | PHI | PIT,4,163.49838241669462
2014,91,True,1,0,1,0,False,2014-05-09,2014-05-09,NO,ARI,NO,ARI,ARI | NO,2,132.3692220788611
2014,93,True,1,0,1,0,False,2014-05-09,2014-05-09,NE,JAX,NE,JAX,JAX | NE,2,125.56118496208103
2014,94,True,1,0,1,0,False,2014-05-09,2014-05-09,SF,CLE,SF,CLE,CLE | SF,2,122.28962131716897
2014,96,True,1,1,0,0,False,2013-03-12,2013-03-12,SEA,MIN,SEA,MIN,MIN | SEA,2,116.0
2014,101,True,1,0,1,0,False,2014-05-09,2014-05-09,HOU,PHI,HOU,PHI,HOU | PHI,2,99.33810581723509
2014,104,True,1,1,0,0,False,2013-04-22,2013-04-22,TB,NYJ,TB,NYJ,NYJ | TB,2,90.51292627308231
2014,105,True,1,0,1,0,False,2014-05-09,2014-05-09,JAX,NE,JAX,NE,JAX | NE,2,87.74900141511668
2014,106,True,1,0,1,0,False,2014-05-09,2014-05-09,CLE,SF,CLE,SF,CLE | SF,2,85.06947644272576
2014,108,True,1,0,1,0,False,2014-05-09,2014-05-09,MIN,SEA,MIN,SEA,MIN | SEA,2,79.9533958321667
2014,111,True,2,0,2,0,False,2014-05-09,2014-05-10,DET,SEA,SEA,CIN,CIN | DET | SEA,3,72.85035045417483
2014,114,True,1,1,0,0,False,2013-10-01,2013-10-01,BAL,JAX,BAL,JAX,BAL | JAX,2,66.37833835646687
2014,116,True,1,0,1,0,False,2014-05-09,2014-05-09,MIA,OAK,MIA,OAK,MIA | OAK,2,62.38634329516793
2014,122,True,1,0,1,0,False,2014-05-09,2014-05-09,PHI,TEN,PHI,TEN,PHI | TEN,2,51.793945222315514
2014,123,True,1,0,1,0,False,2014-05-10,2014-05-10,CIN,SEA,CIN,SEA,CIN | SEA,2,50.21235264116127
2014,125,True,1,0,1,0,False,2014-05-09,2014-05-09,SD,MIA,SD,MIA,MIA | SD,2,47.192580397341786
2014,127,True,1,1,0,0,False,2013-04-27,2013-04-27,IND,CLE,IND,CLE,CLE | IND,2,44.35441733781426
2014,131,True,1,0,1,0,False,2014-05-10,2014-05-10,DEN,CHI,DEN,CHI,CHI | DEN,2,41.30492646319395
2014,141,True,1,0,1,0,False,2014-05-09,2014-05-09,HOU,PHI,HOU,PHI,HOU | PHI,2,36.12267017588604
2014,145,True,1,0,1,0,False,2014-05-09,2014-05-09,CLE,MIN,CLE,MIN,CLE | MIN,2,34.23663262695757
2014,146,True,3,1,2,0,False,2013-04-01,2014-05-10,OAK,SEA,DET,DAL,DAL | DET | OAK | SEA,4,33.78071533994218
2014,148,True,1,0,1,0,False,2014-05-10,2014-05-10,MIN,CAR,MIN,CAR,CAR | MIN,2,32.88701379078764
2014,149,True,1,0,1,0,False,2014-05-10,2014-05-10,BUF,TB,BUF,TB,BUF | TB,2,32.44906890675348
2014,150,True,2,1,1,0,False,2012-10-31,2014-05-09,DET,JAX,JAX,SF,DET | JAX | SF,3,32.01695598188324
2014,156,True,1,0,1,0,False,2014-05-10,2014-05-10,CHI,DEN,CHI,DEN,CHI | DEN,2,29.54247212175932
2014,158,True,1,0,1,0,False,2014-05-10,2014-05-10,DAL,DET,DAL,DET,DAL | DET,2,28.76089740271087
2014,159,True,1,1,0,0,False,2013-10-01,2013-10-01,BAL,JAX,BAL,JAX,BAL | JAX,2,28.377898570470364
2014,168,True,2,0,2,0,False,2014-05-10,2014-05-10,MIN,ATL,CAR,MIN,ATL | CAR | MIN,3,23.545099627104005
2014,169,True,2,1,1,0,False,2013-10-29,2014-03-13,NE,PHI,PHI,NO,NE | NO | PHI,3,23.040576694155504
2014,171,True,2,0,2,0,False,2014-05-09,2014-05-09,DEN,SF,SF,MIA,DEN | MIA | SF,3,22.063731831510403
2014,178,True,1,0,1,0,False,2014-05-10,2014-05-10,WAS,TEN,WAS,TEN,TEN | WAS,2,18.959577657116494
2014,179,True,1,0,1,0,False,2014-05-09,2014-05-09,JAX,NE,JAX,NE,JAX | NE,2,18.553313004236372
2014,180,True,1,0,1,0,False,2014-05-09,2014-05-09,CLE,SF,CLE,SF,CLE | SF,2,18.155753765114135
2014,181,True,1,0,1,0,False,2014-03-21,2014-03-21,OAK,HOU,OAK,HOU,HOU | OAK,2,17.766713400684264
2014,182,True,1,0,1,0,False,2014-05-10,2014-05-10,ATL,MIN,ATL,MIN,ATL | MIN,2,17.386009369028777
2014,183,True,1,1,0,0,False,2013-06-09,2013-06-09,TB,CHI,TB,CHI,CHI | TB,2,17.013463039726563
2014,185,True,1,0,1,0,False,2014-04-04,2014-04-04,BUF,TB,BUF,TB,BUF | TB,2,16.29214802288608
2014,186,True,1,0,1,0,False,2014-05-10,2014-05-10,TEN,WAS,TEN,WAS,TEN | WAS,2,15.943040886593678
2014,193,True,1,1,0,0,False,2013-08-31,2013-08-31,DAL,KC,DAL,KC,DAL | KC,2,13.46250598229572
2014,198,True,1,1,0,0,False,2013-10-29,2013-10-29,PHI,NE,PHI,NE,NE | PHI,2,11.069175606859458
2014,199,True,1,0,1,0,False,2014-05-10,2014-05-10,CIN,SEA,CIN,SEA,CIN | SEA,2,10.644203059030524
2014,205,True,1,0,1,0,False,2014-03-11,2014-03-11,SF,JAX,SF,JAX,JAX | SF,2,8.41589663253425
2014,218,True,1,0,1,0,False,2014-05-10,2014-05-10,CLE,BAL,CLE,BAL,BAL | CLE,2,5.059094009250097
2014,220,True,1,0,1,0,False,2014-05-10,2014-05-10,ATL,MIN,ATL,MIN,ATL | MIN,2,4.678089182334822
2014,221,True,1,0,1,0,False,2014-05-10,2014-05-10,TB,BUF,TB,BUF,BUF | TB,2,4.498485971635389
2014,224,True,1,0,1,0,False,2014-05-10,2014-05-10,BUF,PHI,BUF,PHI,BUF | PHI,2,4.0
2014,225,True,2,1,1,0,False,2013-10-04,2014-05-10,NYG,CAR,CAR,MIN,CAR | MIN | NYG,3,3.830413122794295
2014,227,True,1,0,1,0,False,2014-05-09,2014-05-09,DET,SEA,DET,SEA,DET | SEA,2,3.5125043207465994
2014,228,True,1,0,1,0,False,2014-05-10,2014-05-10,TEN,WAS,TEN,WAS,TEN | WAS,2,3.363585661014858
2014,229,True,1,0,1,0,False,2014-05-10,2014-05-10,DAL,DET,DAL,DET,DAL | DET,2,3.2209806638985086
2014,232,True,1,1,0,0,False,2013-05-09,2013-05-09,BAL,IND,BAL,IND,BAL | IND,2,2.82842712474619
2014,235,True,1,1,0,0,False,2013-04-02,2013-04-02,ARI,OAK,ARI,OAK,ARI | OAK,2,2.483715624146968
2014,237,True,1,0,1,0,False,2014-05-10,2014-05-10,PHI,BUF,PHI,BUF,BUF | PHI,2,2.277577269513383
2014,241,True,1,1,0,0,False,2012-08-22,2012-08-22,IND,STL,IND,STL,IND | STL,2,1.9152065613971472
2014,242,True,2,1,1,0,False,2013-08-26,2014-05-09,NO,SF,SF,DEN,DEN | NO | SF,3,1.8340080864093424
2014,243,True,1,1,0,0,False,2012-08-31,2012-08-31,CAR,SF,CAR,SF,CAR | SF,2,1.7562521603732995
2014,246,True,1,0,1,0,False,2014-05-10,2014-05-10,DEN,CHI,DEN,CHI,CHI | DEN,2,1.5422108254079407
2014,247,True,1,0,1,0,False,2014-04-21,2014-04-21,SEA,OAK,SEA,OAK,OAK | SEA,2,1.4768261459394991
2015,15,True,1,0,1,0,False,2015-04-30,2015-04-30,SF,SD,SF,SD,SD | SF,2,1050.0
2015,17,True,1,0,1,0,False,2015-04-30,2015-04-30,SD,SF,SD,SF,SD | SF,2,950.0
2015,19,True,1,1,0,0,False,2014-05-09,2014-05-09,BUF,CLE,BUF,CLE,BUF | CLE,2,875.0
2015,23,True,1,0,1,0,False,2015-04-30,2015-04-30,DET,DEN,DET,DEN,DEN | DET,2,760.0
2015,28,True,1,0,1,0,False,2015-04-30,2015-04-30,DEN,DET,DEN,DET,DEN | DET,2,660.0
2015,31,True,1,0,1,0,False,2015-03-10,2015-03-10,SEA,NO,SEA,NO,NO | SEA,2,600.0
2015,33,True,1,0,1,0,False,2015-05-01,2015-05-01,TEN,NYG,TEN,NYG,NYG | TEN,2,575.7620074718054
2015,40,True,1,0,1,0,False,2015-05-01,2015-05-01,NYG,TEN,NYG,TEN,NYG | TEN,2,485.26609619157006
2015,41,True,1,0,1,0,False,2015-05-01,2015-05-01,STL,CAR,STL,CAR,CAR | STL,2,473.5555622055335
2015,43,True,1,0,1,0,False,2015-05-01,2015-05-01,CLE,HOU,CLE,HOU,CLE | HOU,2,450.9754769750521
2015,47,True,1,0,1,0,False,2015-05-01,2015-05-01,MIA,PHI,MIA,PHI,MIA | PHI,2,408.9939611455477
2015,51,True,1,0,1,0,False,2015-05-01,2015-05-01,HOU,CLE,HOU,CLE,CLE | HOU,2,370.9205240505338
2015,52,True,1,0,1,0,False,2015-05-01,2015-05-01,PHI,MIA,PHI,MIA,MIA | PHI,2,361.96939922005004
2015,55,True,1,0,1,0,False,2015-05-01,2015-05-01,ARI,BAL,ARI,BAL,ARI | BAL,2,336.3913608322486
2015,57,True,1,0,1,0,False,2015-05-01,2015-05-01,CAR,STL,CAR,STL,CAR | STL,2,320.3515416333923
2015,58,True,1,0,1,0,False,2015-05-01,2015-05-01,BAL,ARI,BAL,ARI,ARI | BAL,2,312.620757131406
2015,61,True,1,0,1,0,False,2015-05-01,2015-05-01,IND,TB,IND,TB,IND | TB,2,290.52986838788144
2015,65,True,1,0,1,0,False,2015-05-01,2015-05-01,TB,IND,TB,IND,IND | TB,2,262.96500598976496
2015,69,True,1,0,1,0,False,2015-05-01,2015-05-01,WAS,SEA,WAS,SEA,SEA | WAS,2,236.61089419518237
2015,70,True,1,0,1,0,False,2015-05-01,2015-05-01,NYJ,HOU,NYJ,HOU,HOU | NYJ,2,230.4458711454806
2015,76,True,1,0,1,0,False,2015-05-01,2015-05-01,MIN,KC,MIN,KC,KC | MIN,2,196.6862945481459
2015,78,True,1,0,1,0,False,2015-03-13,2015-03-13,MIA,NO,MIA,NO,MIA | NO,2,186.57029044525893
2015,80,True,2,0,2,0,False,2015-05-01,2015-05-01,KC,MIN,MIN,DET,DET | KC | MIN,3,176.97457444503152
2015,82,True,1,0,1,0,False,2015-05-01,2015-05-01,HOU,NYJ,HOU,NYJ,HOU | NYJ,2,167.8723869982371
2015,88,True,1,0,1,0,False,2015-05-01,2015-05-01,DET,MIN,DET,MIN,DET | MIN,2,143.2796239373333
2015,89,True,1,0,1,0,False,2015-05-01,2015-05-01,CAR,STL,CAR,STL,CAR | STL,2,139.54639691441523
2015,95,True,1,0,1,0,False,2015-05-01,2015-05-01,SEA,WAS,SEA,WAS,SEA | WAS,2,119.10330000798292
2015,96,True,1,0,1,0,False,2015-05-01,2015-05-01,NE,CLE,NE,CLE,CLE | NE,2,116.0
2015,101,True,1,1,0,0,False,2014-08-26,2014-08-26,TB,NE,TB,NE,NE | TB,2,99.33810581723509
2015,102,True,1,0,1,0,False,2015-05-02,2015-05-02,OAK,CAR,OAK,CAR,CAR | OAK,2,96.30469311789194
2015,103,True,1,0,1,0,False,2015-05-02,2015-05-02,JAX,NYJ,JAX,NYJ,JAX | NYJ,2,93.36390945076992
2015,104,True,1,0,1,0,False,2015-05-02,2015-05-02,NYJ,JAX,NYJ,JAX,JAX | NYJ,2,90.51292627308231
2015,108,True,1,0,1,0,False,2015-05-01,2015-05-01,NYG,TEN,NYG,TEN,NYG | TEN,2,79.9533958321667
2015,109,True,1,0,1,0,False,2015-05-01,2015-05-01,TB,IND,TB,IND,IND | TB,2,77.5119193788194
2015,111,True,1,0,1,0,False,2015-05-01,2015-05-01,CLE,NE,CLE,NE,CLE | NE,2,72.85035045417483
2015,112,True,2,0,2,0,False,2015-03-10,2015-05-01,NO,SEA,SEA,WAS,NO | SEA | WAS,3,70.6257743320383
2015,113,True,3,2,1,0,False,2014-05-09,2015-05-02,SF,BUF,PHI,DET,BUF | DET | PHI | SF,4,68.46912841054362
2015,115,True,1,1,0,0,False,2014-05-09,2014-05-09,BUF,CLE,BUF,CLE,BUF | CLE,2,64.3513931789309
2015,116,True,2,0,2,0,False,2015-05-01,2015-05-02,HOU,CLE,CLE,ARI,ARI | CLE | HOU,3,62.38634329516793
2015,117,True,1,0,1,0,False,2015-04-30,2015-04-30,SD,SF,SD,SF,SD | SF,2,60.48129865534639
2015,119,True,1,0,1,0,False,2015-03-10,2015-03-10,PHI,STL,PHI,STL,PHI | STL,2,56.843951720921865
2015,122,True,1,0,1,0,False,2015-03-10,2015-03-10,DET,BAL,DET,BAL,BAL | DET,2,51.793945222315514
2015,123,True,1,0,1,0,False,2015-05-02,2015-05-02,ARI,CLE,ARI,CLE,ARI | CLE,2,50.21235264116127
2015,124,True,2,0,2,0,False,2015-05-02,2015-05-02,CAR,OAK,OAK,TB,CAR | OAK | TB,3,48.679055957954645
2015,126,True,1,1,0,0,False,2014-05-09,2014-05-09,DEN,SF,DEN,SF,DEN | SF,2,45.75149621806973
2015,128,True,2,0,2,0,False,2015-05-01,2015-05-02,IND,TB,TB,OAK,IND | OAK | TB,3,43.0
2015,137,True,3,1,2,0,False,2014-05-10,2015-05-02,TB,BUF,MIN,ATL,ATL | BUF | MIN | TB,4,38.1126063083793
2015,142,True,1,0,1,0,False,2015-03-10,2015-03-10,NYJ,CHI,NYJ,CHI,CHI | NYJ,2,35.6416371851189
2015,143,True,3,1,2,0,False,2014-05-10,2015-05-01,CHI,DEN,DET,MIN,CHI | DEN | DET | MIN,4,35.167009942793925
2015,145,True,2,0,2,0,False,2015-03-10,2015-05-01,STL,PHI,PHI,MIA,MIA | PHI | STL,3,34.23663262695757
2015,146,True,1,0,1,0,False,2015-05-02,2015-05-02,ATL,MIN,ATL,MIN,ATL | MIN,2,33.78071533994218
2015,147,True,2,0,2,0,False,2015-05-01,2015-05-02,CLE,NE,NE,GB,CLE | GB | NE,3,33.3308693443083
2015,151,True,1,0,1,0,False,2015-05-02,2015-05-02,SF,IND,SF,IND,IND | SF,2,31.590597354012306
2015,152,True,1,0,1,0,False,2015-05-01,2015-05-01,HOU,NYJ,HOU,NYJ,HOU | NYJ,2,31.16991639517594
2015,156,True,1,0,1,0,False,2015-05-01,2015-05-01,PHI,MIA,PHI,MIA,MIA | PHI,2,29.54247212175932
2015,158,True,2,0,2,0,False,2015-03-10,2015-05-01,DET,BAL,BAL,ARI,ARI | BAL | DET,3,28.76089740271087
2015,161,True,1,0,1,0,False,2015-05-02,2015-05-02,CAR,OAK,CAR,OAK,CAR | OAK,2,27.4000177384556
2015,162,True,1,1,0,0,False,2014-03-23,2014-03-23,BAL,TB,BAL,TB,BAL | TB,2,26.812891859560057
2015,165,True,1,0,1,0,False,2015-05-02,2015-05-02,IND,SF,IND,SF,IND | SF,2,25.1259270500435
2015,166,True,1,0,1,0,False,2015-05-02,2015-05-02,GB,NE,GB,NE,GB | NE,2,24.58753024522619
2015,167,True,2,0,2,0,False,2015-05-01,2015-05-02,SEA,WAS,WAS,NO,NO | SEA | WAS,3,24.060670173714687
2015,181,True,2,1,1,0,False,2014-10-18,2015-05-01,NYJ,SEA,SEA,WAS,NYJ | SEA | WAS,3,17.766713400684264
2015,185,True,1,0,1,0,False,2015-05-02,2015-05-02,ATL,MIN,ATL,MIN,ATL | MIN,2,16.29214802288608
2015,187,True,2,0,2,0,False,2015-03-10,2015-05-02,MIN,BUF,NO,WAS,BUF | MIN | NO | WAS,4,15.60141439634249
2015,191,True,1,0,1,0,False,2015-05-01,2015-05-01,MIA,PHI,MIA,PHI,MIA | PHI,2,14.306560081157631
2015,193,True,1,0,1,0,False,2015-05-01,2015-05-01,KC,MIN,KC,MIN,KC | MIN,2,13.46250598229572
2015,195,True,1,0,1,0,False,2015-05-01,2015-05-01,HOU,CLE,HOU,CLE,CLE | HOU,2,12.448632796256481
2015,198,True,1,0,1,0,False,2015-05-02,2015-05-02,ARI,CLE,ARI,CLE,ARI | CLE,2,11.069175606859458
2015,201,True,1,0,1,0,False,2015-05-01,2015-05-01,CAR,STL,CAR,STL,CAR | STL,2,9.842578749076635
2015,202,True,2,1,1,0,False,2014-05-10,2015-05-01,BAL,CLE,CLE,NE,BAL | CLE | NE,3,9.464698235047209
2015,203,True,1,1,0,0,False,2014-07-01,2014-07-01,DAL,BAL,DAL,BAL,BAL | DAL,2,9.101325472139058
2015,206,True,1,1,0,0,False,2014-08-30,2014-08-30,SEA,IND,SEA,IND,IND | SEA,2,8.092789911562482
2015,218,True,1,0,1,0,False,2015-05-02,2015-05-02,TB,OAK,TB,OAK,OAK | TB,2,5.059094009250097
2015,219,True,1,0,1,0,False,2015-05-01,2015-05-01,NE,CLE,NE,CLE,CLE | NE,2,4.8648630974661335
2015,224,True,2,0,2,0,False,2015-03-10,2015-05-02,CHI,NYJ,NYJ,STL,CHI | NYJ | STL,3,4.0
2015,229,True,3,0,3,0,False,2015-05-01,2015-05-02,CLE,HOU,NYJ,JAX,CLE | HOU | JAX | NYJ,4,3.2209806638985086
2015,231,True,2,1,1,0,False,2013-10-21,2015-03-10,MIA,BAL,BAL,DET,BAL | DET | MIA,3,2.9536522918789987
2015,232,True,1,1,0,0,False,2014-03-11,2014-03-11,SF,MIA,SF,MIA,MIA | SF,2,2.82842712474619
2015,241,True,1,0,1,0,False,2015-05-02,2015-05-02,ARI,CLE,ARI,CLE,ARI | CLE,2,1.9152065613971472
2015,242,True,1,0,1,0,False,2015-05-02,2015-05-02,CAR,OAK,CAR,OAK,CAR | OAK,2,1.8340080864093424
2015,243,True,1,1,0,0,False,2014-07-01,2014-07-01,BAL,DAL,BAL,DAL,BAL | DAL,2,1.7562521603732995
2015,244,True,2,1,1,0,False,2013-09-03,2015-05-02,DAL,IND,IND,SF,DAL | IND | SF,3,1.681792830507429
2015,245,True,1,0,1,0,False,2015-05-01,2015-05-01,NYG,TEN,NYG,TEN,NYG | TEN,2,1.6104903319492543
2015,246,True,1,0,1,0,False,2015-05-02,2015-05-02,SF,DAL,SF,DAL,DAL | SF,2,1.5422108254079407
2015,247,True,1,0,1,0,False,2015-05-02,2015-05-02,GB,NE,GB,NE,GB | NE,2,1.4768261459394991
2015,249,True,2,2,0,0,False,2012-09-01,2013-04-25,NE,STL,STL,ATL,ATL | NE | STL,3,1.3542555469368927
2016,1,True,1,0,1,0,False,2016-04-14,2016-04-14,TEN,STL,TEN,STL,STL | TEN,2,3000.0
2016,2,True,1,0,1,0,False,2016-04-20,2016-04-20,CLE,PHI,CLE,PHI,CLE | PHI,2,2600.0
2016,8,True,3,0,3,0,False,2016-03-09,2016-04-28,MIA,PHI,CLE,TEN,CLE | MIA | PHI | TEN,4,1400.0
2016,9,True,1,0,1,0,False,2016-04-28,2016-04-28,TB,CHI,TB,CHI,CHI | TB,2,1350.0
2016,11,True,1,0,1,0,False,2016-04-28,2016-04-28,CHI,TB,CHI,TB,CHI | TB,2,1250.0
2016,13,True,1,0,1,0,False,2016-03-09,2016-03-09,PHI,MIA,PHI,MIA,MIA | PHI,2,1150.0
2016,15,True,2,0,2,0,False,2016-04-14,2016-04-28,STL,TEN,TEN,CLE,CLE | STL | TEN,3,1050.0
2016,21,True,1,0,1,0,False,2016-04-28,2016-04-28,WAS,HOU,WAS,HOU,HOU | WAS,2,800.0
2016,22,True,1,0,1,0,False,2016-04-28,2016-04-28,HOU,WAS,HOU,WAS,HOU | WAS,2,780.0
2016,26,True,1,0,1,0,False,2016-04-28,2016-04-28,SEA,DEN,SEA,DEN,DEN | SEA,2,700.0
2016,28,True,1,0,1,0,False,2016-04-28,2016-04-28,KC,SF,KC,SF,KC | SF,2,660.0
2016,31,True,1,0,1,0,False,2016-04-28,2016-04-28,DEN,SEA,DEN,SEA,DEN | SEA,2,600.0
2016,36,True,1,0,1,0,False,2016-04-29,2016-04-29,BAL,JAX,BAL,JAX,BAL | JAX,2,535.0766269918975
2016,37,True,1,0,1,0,False,2016-04-28,2016-04-28,SF,KC,SF,KC,KC | SF,2,522.1640557764364
2016,38,True,2,0,2,0,False,2016-04-29,2016-04-29,BAL,MIA,JAX,BAL,BAL | JAX | MIA,3,509.56309319230627
2016,41,True,1,0,1,0,False,2016-04-29,2016-04-29,CHI,BUF,CHI,BUF,BUF | CHI,2,473.5555622055335
2016,42,True,1,0,1,0,False,2016-04-29,2016-04-29,MIA,BAL,MIA,BAL,BAL | MIA,2,462.1276290591479
2016,43,True,2,1,1,0,False,2015-03-10,2016-04-14,PHI,STL,STL,TEN,PHI | STL | TEN,3,450.9754769750521
2016,45,True,1,0,1,0,False,2016-04-14,2016-04-14,STL,TEN,STL,TEN,STL | TEN,2,429.4720557935401
2016,48,True,1,0,1,0,False,2016-04-29,2016-04-29,IND,GB,IND,GB,GB | IND,2,399.1240408695021
2016,49,True,2,0,2,0,False,2016-04-29,2016-04-29,CHI,SEA,BUF,CHI,BUF | CHI | SEA,3,389.492303392006
2016,50,True,1,0,1,0,False,2016-04-29,2016-04-29,ATL,HOU,ATL,HOU,ATL | HOU,2,380.0930008403369
2016,52,True,1,0,1,0,False,2016-04-29,2016-04-29,HOU,ATL,HOU,ATL,ATL | HOU,2,361.96939922005004
2016,56,True,1,0,1,0,False,2016-04-29,2016-04-29,SEA,CHI,SEA,CHI,CHI | SEA,2,328.2735003541492
2016,57,True,1,0,1,0,False,2016-04-29,2016-04-29,GB,IND,GB,IND,GB | IND,2,320.3515416333923
2016,59,True,1,0,1,0,False,2016-04-29,2016-04-29,KC,TB,KC,TB,KC | TB,2,305.0765333954813
2016,61,True,2,0,2,0,False,2016-03-15,2016-04-29,ARI,NE,NE,NO,ARI | NE | NO,3,290.52986838788144
2016,74,True,1,0,1,0,False,2016-04-29,2016-04-29,TB,KC,TB,KC,KC | TB,2,207.3507972290508
2016,76,True,2,0,2,0,False,2016-04-14,2016-04-28,STL,TEN,TEN,CLE,CLE | STL | TEN,3,196.6862945481459
2016,77,True,3,1,2,0,False,2015-05-02,2016-04-29,DET,PHI,CLE,CAR,CAR | CLE | DET | PHI,4,191.56152823688092
2016,78,True,1,0,1,0,False,2016-04-29,2016-04-29,NO,NE,NO,NE,NE | NO,2,186.57029044525893
2016,86,True,1,0,1,0,False,2016-04-29,2016-04-29,MIN,MIA,MIN,MIA,MIA | MIN,2,151.0483702910592
2016,93,True,1,0,1,0,False,2016-04-29,2016-04-29,CAR,CLE,CAR,CLE,CAR | CLE,2,125.56118496208103
2016,94,True,1,0,1,0,False,2016-04-28,2016-04-28,DEN,SEA,DEN,SEA,DEN | SEA,2,122.28962131716897
2016,100,True,3,0,3,0,False,2016-03-09,2016-04-30,TEN,PHI,CLE,OAK,CLE | OAK | PHI | TEN,4,102.46706518524651
2016,105,True,1,0,1,0,False,2016-04-28,2016-04-28,SF,KC,SF,KC,KC | SF,2,87.74900141511668
2016,106,True,2,0,2,0,False,2016-04-28,2016-04-29,CHI,TB,TB,KC,CHI | KC | TB,3,85.06947644272576
2016,107,True,1,0,1,0,False,2016-04-29,2016-04-29,MIA,BAL,MIA,BAL,BAL | MIA,2,82.47177410035772
2016,112,True,1,0,1,0,False,2016-04-29,2016-04-29,NO,NE,NO,NE,NE | NO,2,70.6257743320383
2016,113,True,3,0,3,0,False,2016-03-09,2016-04-30,PHI,TEN,STL,CHI,CHI | PHI | STL | TEN,4,68.46912841054362
2016,114,True,1,0,1,0,False,2016-04-30,2016-04-30,OAK,CLE,OAK,CLE,CLE | OAK,2,66.37833835646687
2016,117,True,2,0,2,0,False,2016-04-29,2016-04-30,BUF,CHI,CHI,STL,BUF | CHI | STL,3,60.48129865534639
2016,120,True,1,0,1,0,False,2016-04-30,2016-04-30,WAS,NO,WAS,NO,NO | WAS,2,55.10815090599254
2016,124,True,1,0,1,0,False,2016-04-29,2016-04-29,SEA,CHI,SEA,CHI,CHI | SEA,2,48.679055957954645
2016,125,True,1,0,1,0,False,2016-04-29,2016-04-29,GB,IND,GB,IND,GB | IND,2,47.192580397341786
2016,127,True,1,0,1,0,False,2016-03-17,2016-03-17,NE,CHI,NE,CHI,CHI | NE,2,44.35441733781426
2016,129,True,1,0,1,0,False,2016-04-29,2016-04-29,CAR,CLE,CAR,CLE,CAR | CLE,2,42.427384008372805
2016,130,True,1,1,0,0,False,2015-04-01,2015-04-01,DEN,BAL,DEN,BAL,BAL | DEN,2,41.86239334404483
2016,141,True,1,0,1,0,False,2016-04-29,2016-04-29,CLE,CAR,CLE,CAR,CAR | CLE,2,36.12267017588604
2016,142,True,1,1,0,0,False,2015-04-30,2015-04-30,SD,SF,SD,SF,SD | SF,2,35.6416371851189
2016,143,True,1,1,0,0,False,2015-09-16,2015-09-16,DAL,OAK,DAL,OAK,DAL | OAK,2,35.167009942793925
2016,144,True,1,1,0,0,False,2015-04-01,2015-04-01,BAL,DEN,BAL,DEN,BAL | DEN,2,34.698703145794944
2016,146,True,1,0,1,0,False,2016-04-29,2016-04-29,JAX,BAL,JAX,BAL,BAL | JAX,2,33.78071533994218
2016,147,True,2,0,2,0,False,2016-04-30,2016-04-30,NE,SEA,MIA,NE,MIA | NE | SEA,3,33.3308693443083
2016,152,True,1,0,1,0,False,2016-04-30,2016-04-30,NO,WAS,NO,WAS,NO | WAS,2,31.16991639517594
2016,154,True,1,0,1,0,False,2016-04-30,2016-04-30,OAK,CLE,OAK,CLE,CLE | OAK,2,30.345286061298786
2016,157,True,1,0,1,0,False,2016-04-30,2016-04-30,DEN,TEN,DEN,TEN,DEN | TEN,2,29.149065331779774
2016,158,True,1,0,1,0,False,2016-04-30,2016-04-30,WAS,NYJ,WAS,NYJ,NYJ | WAS,2,28.76089740271087
2016,162,True,1,1,0,0,False,2015-09-05,2015-09-05,SEA,KC,SEA,KC,KC | SEA,2,26.812891859560057
2016,164,True,1,1,0,0,False,2015-08-01,2015-08-01,PIT,PHI,PIT,PHI,PHI | PIT,2,25.676113209730797
2016,166,True,1,1,0,0,False,2015-09-17,2015-09-17,NE,HOU,NE,HOU,HOU | NE,2,24.58753024522619
2016,168,True,1,0,1,0,False,2016-04-29,2016-04-29,CAR,CLE,CAR,CLE,CAR | CLE,2,23.545099627104005
2016,169,True,1,1,0,0,False,2015-04-30,2015-04-30,DEN,DET,DEN,DET,DEN | DET,2,23.040576694155504
2016,176,True,2,0,2,0,False,2016-04-28,2016-04-30,CLE,TEN,TEN,DEN,CLE | DEN | TEN,3,19.798989873223327
2016,177,True,1,0,1,0,False,2016-04-14,2016-04-14,TEN,STL,TEN,STL,STL | TEN,2,19.374738347493643
2016,178,True,2,1,1,0,False,2015-05-02,2016-04-28,DAL,SF,SF,KC,DAL | KC | SF,3,18.959577657116494
2016,180,True,1,1,0,0,False,2015-10-06,2015-10-06,SF,MIN,SF,MIN,MIN | SF,2,18.155753765114135
2016,186,True,2,0,2,0,False,2016-04-29,2016-04-30,MIA,MIN,MIN,MIA,MIA | MIN,2,15.943040886593678
2016,187,True,1,1,0,0,False,2015-05-02,2015-05-02,NO,WAS,NO,WAS,NO | WAS,2,15.60141439634249
2016,188,True,1,0,1,0,False,2016-04-30,2016-04-30,PHI,MIN,PHI,MIN,MIN | PHI,2,15.2671082573136
2016,189,True,1,1,0,0,False,2015-09-16,2015-09-16,OAK,DAL,OAK,DAL,DAL | OAK,2,14.939965609475523
2016,193,True,1,1,0,0,False,2015-09-04,2015-09-04,ATL,TEN,ATL,TEN,ATL | TEN,2,13.46250598229572
2016,194,True,1,1,0,0,False,2015-09-04,2015-09-04,IND,OAK,IND,OAK,IND | OAK,2,12.94564766595343
2016,195,True,2,1,1,0,False,2015-03-11,2016-04-29,NYJ,HOU,HOU,ATL,ATL | HOU | NYJ,3,12.448632796256481
2016,196,True,4,1,3,0,False,2015-09-17,2016-04-30,HOU,NE,NE,MIA,HOU | MIA | MIN | NE | PHI,5,11.970699535071823
2016,197,True,1,1,0,0,False,2015-04-03,2015-04-03,WAS,TB,WAS,TB,TB | WAS,2,11.511115293083504
2016,198,True,1,1,0,0,False,2015-09-05,2015-09-05,MIN,SD,MIN,SD,MIN | SD,2,11.069175606859458
2016,201,True,1,1,0,0,False,2015-08-31,2015-08-31,PIT,JAX,PIT,JAX,JAX | PIT,2,9.842578749076635
2016,202,True,1,1,0,0,False,2015-08-02,2015-08-02,SEA,DET,SEA,DET,DET | SEA,2,9.464698235047209
2016,204,True,3,1,2,0,False,2015-09-28,2016-04-30,NE,CHI,NE,MIA,CHI | MIA | NE,3,8.751903472535176
2016,206,True,2,1,1,0,False,2015-09-28,2016-04-30,CAR,CHI,CHI,STL,CAR | CHI | STL,3,8.092789911562482
2016,222,True,1,0,1,0,False,2016-04-30,2016-04-30,CLE,MIA,CLE,MIA,CLE | MIA,2,4.325778164601057
2016,225,True,2,1,1,0,False,2015-09-06,2016-04-30,DAL,SEA,SEA,NE,DAL | NE | SEA,3,3.830413122794295
2016,227,True,2,1,1,0,False,2015-09-21,2016-04-30,BAL,MIA,MIA,MIN,BAL | MIA | MIN,3,3.5125043207465994
2016,229,True,1,1,0,0,False,2015-09-04,2015-09-04,NYG,PIT,NYG,PIT,NYG | PIT,2,3.2209806638985086
2016,232,True,1,1,0,0,False,2015-04-03,2015-04-03,TB,WAS,TB,WAS,TB | WAS,2,2.82842712474619
2016,235,True,2,2,0,0,False,2015-03-10,2015-08-31,STL,HOU,HOU,DEN,DEN | HOU | STL,3,2.483715624146968
2016,240,True,2,1,1,0,False,2015-03-10,2016-04-30,BUF,MIN,MIN,PHI,BUF | MIN | PHI,3,2.0
2016,243,True,2,1,1,0,False,2014-08-31,2016-04-30,HOU,NE,NE,SEA,HOU | NE | SEA,3,1.7562521603732995
2016,248,True,1,0,1,0,False,2016-04-29,2016-04-29,GB,IND,GB,IND,GB | IND,2,1.4142135623730951
2016,249,True,1,0,1,0,False,2016-04-30,2016-04-30,MIA,CLE,MIA,CLE,CLE | MIA,2,1.3542555469368927
2016,250,True,1,0,1,0,False,2016-04-30,2016-04-30,NE,MIA,NE,MIA,MIA | NE,2,1.2968395546510096
2016,251,True,1,1,0,0,False,2015-09-04,2015-09-04,ARI,PHI,ARI,PHI,ARI | PHI,2,1.241857812073484
2016,253,True,1,0,1,0,False,2016-04-30,2016-04-30,DEN,TEN,DEN,TEN,DEN | TEN,2,1.1387886347566916
2017,2,True,1,0,1,0,False,2017-04-27,2017-04-27,SF,CHI,SF,CHI,CHI | SF,2,2600.0
2017,3,True,1,0,1,0,False,2017-04-27,2017-04-27,CHI,SF,CHI,SF,CHI | SF,2,2200.0
2017,5,True,1,1,0,0,False,2016-04-14,2016-04-14,STL,TEN,STL,TEN,STL | TEN,2,1700.0
2017,10,True,1,0,1,0,False,2017-04-27,2017-04-27,BUF,KC,BUF,KC,BUF | KC,2,1300.0
2017,12,True,2,1,1,0,False,2016-04-20,2017-04-27,PHI,CLE,CLE,HOU,CLE | HOU | PHI,3,1200.0
2017,14,True,1,1,0,0,False,2016-09-03,2016-09-03,MIN,PHI,MIN,PHI,MIN | PHI,2,1100.0
2017,25,True,1,0,1,0,False,2017-04-27,2017-04-27,HOU,CLE,HOU,CLE,CLE | HOU,2,720.0
2017,26,True,1,0,1,0,False,2017-04-27,2017-04-27,SEA,ATL,SEA,ATL,ATL | SEA,2,700.0
2017,27,True,1,0,1,0,False,2017-04-27,2017-04-27,KC,BUF,KC,BUF,BUF | KC,2,680.0
2017,29,True,1,0,1,0,False,2017-04-27,2017-04-27,GB,CLE,GB,CLE,CLE | GB,2,640.0
2017,31,True,2,0,2,0,False,2017-04-27,2017-04-27,ATL,SEA,SEA,SF,ATL | SEA | SF,3,600.0
2017,32,True,1,0,1,0,False,2017-03-10,2017-03-10,NE,NO,NE,NO,NE | NO,2,590.0
2017,33,True,1,0,1,0,False,2017-04-27,2017-04-27,CLE,GB,CLE,GB,CLE | GB,2,575.7620074718054
2017,34,True,2,0,2,0,False,2017-04-27,2017-04-28,SF,SEA,SEA,JAX,JAX | SEA | SF,3,561.8676088948529
2017,35,True,1,0,1,0,False,2017-04-28,2017-04-28,JAX,SEA,JAX,SEA,JAX | SEA,2,548.3085125943791
2017,36,True,1,0,1,0,False,2017-04-28,2017-04-28,CHI,ARI,CHI,ARI,ARI | CHI,2,535.0766269918975
2017,37,True,1,0,1,0,False,2017-04-28,2017-04-28,LA,BUF,LA,BUF,BUF | LA,2,522.1640557764364
2017,41,True,1,0,1,0,False,2017-04-28,2017-04-28,CIN,MIN,CIN,MIN,CIN | MIN,2,473.5555622055335
2017,44,True,1,0,1,0,False,2017-04-28,2017-04-28,BUF,LA,BUF,LA,BUF | LA,2,440.09245075205274
2017,45,True,1,0,1,0,False,2017-04-28,2017-04-28,ARI,CHI,ARI,CHI,ARI | CHI,2,429.4720557935401
2017,48,True,1,0,1,0,False,2017-04-28,2017-04-28,MIN,CIN,MIN,CIN,CIN | MIN,2,399.1240408695021
2017,52,True,1,1,0,0,False,2016-04-28,2016-04-28,TEN,CLE,TEN,CLE,CLE | TEN,2,361.96939922005004
2017,63,True,1,0,1,0,False,2017-04-28,2017-04-28,ATL,BUF,ATL,BUF,ATL | BUF,2,276.6768177349749
2017,64,True,1,0,1,0,False,2017-03-10,2017-03-10,NE,CAR,NE,CAR,CAR | NE,2,270.0
2017,67,True,2,0,2,0,False,2017-04-27,2017-04-28,CHI,SF,SF,NO,CHI | NO | SF,3,249.44014354004796
2017,70,True,1,0,1,0,False,2017-04-28,2017-04-28,NYJ,MIN,NYJ,MIN,MIN | NYJ,2,230.4458711454806
2017,72,True,2,0,2,0,False,2017-03-10,2017-04-28,CAR,NE,NE,TEN,CAR | NE | TEN,3,218.59353855994584
2017,75,True,1,0,1,0,False,2017-04-28,2017-04-28,BUF,ATL,BUF,ATL,ATL | BUF,2,201.94816161229585
2017,77,True,1,0,1,0,False,2017-04-28,2017-04-28,ARI,CAR,ARI,CAR,ARI | CAR,2,191.56152823688092
2017,79,True,1,0,1,0,False,2017-04-28,2017-04-28,MIN,NYJ,MIN,NYJ,MIN | NYJ,2,181.70910201648016
2017,83,True,1,0,1,0,False,2017-04-28,2017-04-28,TEN,NE,TEN,NE,NE | TEN,2,163.49838241669462
2017,85,True,1,0,1,0,False,2017-04-28,2017-04-28,DET,NE,DET,NE,DET | NE,2,155.0893048490769
2017,86,True,2,1,1,0,False,2016-04-29,2017-04-28,MIA,MIN,MIN,KC,KC | MIA | MIN,3,151.0483702910592
2017,91,True,2,0,2,0,False,2017-04-27,2017-04-28,KC,BUF,BUF,LA,BUF | KC | LA,3,132.3692220788611
2017,95,True,1,0,1,0,False,2017-04-27,2017-04-27,ATL,SEA,ATL,SEA,ATL | SEA,2,119.10330000798292
2017,96,True,2,1,1,0,False,2016-10-31,2017-04-28,CLE,NE,NE,DET,CLE | DET | NE,3,116.0
2017,98,True,1,0,1,0,False,2017-04-28,2017-04-28,CAR,ARI,CAR,ARI,ARI | CAR,2,109.02375686743048
2017,100,True,1,1,0,0,False,2016-04-14,2016-04-14,STL,TEN,STL,TEN,STL | TEN,2,102.46706518524651
2017,103,True,1,0,1,0,False,2017-03-10,2017-03-10,NE,NO,NE,NO,NE | NO,2,93.36390945076992
2017,104,True,2,0,2,0,False,2017-04-28,2017-04-28,KC,MIN,MIN,SF,KC | MIN | SF,3,90.51292627308231
2017,107,True,1,0,1,0,False,2017-04-28,2017-04-28,NYJ,TB,NYJ,TB,NYJ | TB,2,82.47177410035772
2017,108,True,1,0,1,0,False,2017-04-27,2017-04-27,CLE,GB,CLE,GB,CLE | GB,2,79.9533958321667
2017,109,True,1,0,1,0,False,2017-04-28,2017-04-28,SF,MIN,SF,MIN,MIN | SF,2,77.5119193788194
2017,111,True,2,0,2,0,False,2017-04-27,2017-04-27,CHI,SF,SF,SEA,CHI | SEA | SF,3,72.85035045417483
2017,112,True,1,0,1,0,False,2017-04-29,2017-04-29,LA,CHI,LA,CHI,CHI | LA,2,70.6257743320383
2017,114,True,1,1,0,0,False,2016-04-30,2016-04-30,NYJ,WAS,NYJ,WAS,NYJ | WAS,2,66.37833835646687
2017,115,True,1,0,1,0,False,2017-04-28,2017-04-28,CAR,ARI,CAR,ARI,ARI | CAR,2,64.3513931789309
2017,117,True,2,1,1,0,False,2016-04-29,2017-04-29,BUF,CHI,CHI,LA,BUF | CHI | LA,3,60.48129865534639
2017,118,True,1,0,1,0,False,2017-03-10,2017-03-10,NO,NE,NO,NE,NE | NO,2,58.63442692465892
2017,119,True,1,0,1,0,False,2017-04-28,2017-04-28,ARI,CHI,ARI,CHI,ARI | CHI,2,56.843951720921865
2017,121,True,1,0,1,0,False,2017-04-29,2017-04-29,IND,SF,IND,SF,IND | SF,2,53.42535492935984
2017,124,True,2,0,2,0,False,2017-04-28,2017-04-28,TEN,NE,NE,DET,DET | NE | TEN,3,48.679055957954645
2017,125,True,2,0,2,0,False,2017-04-28,2017-04-29,TB,NYJ,NYJ,LA,LA | NYJ | TB,3,47.192580397341786
2017,126,True,1,0,1,0,False,2017-04-29,2017-04-29,DEN,CLE,DEN,CLE,CLE | DEN,2,45.75149621806973
2017,128,True,2,1,1,0,False,2016-04-29,2017-04-28,MIA,MIN,MIN,CIN,CIN | MIA | MIN,3,43.0
2017,131,True,1,1,0,0,False,2016-04-30,2016-04-30,SEA,NE,SEA,NE,NE | SEA,2,41.30492646319395
2017,132,True,2,0,2,0,False,2017-04-28,2017-04-29,KC,MIN,MIN,PHI,KC | MIN | PHI,3,40.75488317422161
2017,137,True,1,0,1,0,False,2017-03-09,2017-03-09,NE,IND,NE,IND,IND | NE,2,38.1126063083793
2017,139,True,3,1,2,0,False,2016-04-20,2017-04-29,CLE,PHI,MIN,KC,CLE | KC | MIN | PHI,4,37.10430038716509
2017,141,True,1,0,1,0,False,2017-04-29,2017-04-29,LA,NYJ,LA,NYJ,LA | NYJ,2,36.12267017588604
2017,142,True,1,0,1,0,False,2017-03-09,2017-03-09,CLE,HOU,CLE,HOU,CLE | HOU,2,35.6416371851189
2017,143,True,1,0,1,0,False,2017-04-29,2017-04-29,SF,IND,SF,IND,IND | SF,2,35.167009942793925
2017,145,True,1,0,1,0,False,2017-04-29,2017-04-29,CLE,DEN,CLE,DEN,CLE | DEN,2,34.23663262695757
2017,149,True,2,0,2,0,False,2017-04-28,2017-04-28,LA,BUF,BUF,ATL,ATL | BUF | LA,3,32.44906890675348
2017,154,True,1,1,0,0,False,2016-04-30,2016-04-30,NO,WAS,NO,WAS,NO | WAS,2,30.345286061298786
2017,155,True,1,0,1,0,False,2017-04-29,2017-04-29,PHI,TEN,PHI,TEN,PHI | TEN,2,29.941188478294087
2017,156,True,1,0,1,0,False,2017-04-28,2017-04-28,BUF,ATL,BUF,ATL,ATL | BUF,2,29.54247212175932
2017,160,True,2,0,2,0,False,2017-04-28,2017-04-29,MIN,NYJ,NYJ,CLE,CLE | MIN | NYJ,3,28.0
2017,161,True,1,0,1,0,False,2017-04-29,2017-04-29,SF,IND,SF,IND,IND | SF,2,27.4000177384556
2017,163,True,1,1,0,0,False,2016-10-25,2016-10-25,NE,DEN,NE,DEN,DEN | NE,2,26.238346877544192
2017,164,True,2,0,2,0,False,2017-04-29,2017-04-29,TEN,PHI,PHI,MIA,MIA | PHI | TEN,3,25.676113209730797
2017,166,True,1,0,1,0,False,2017-04-29,2017-04-29,MIA,PHI,MIA,PHI,MIA | PHI,2,24.58753024522619
2017,170,True,1,0,1,0,False,2017-04-29,2017-04-29,KC,MIN,KC,MIN,KC | MIN,2,22.546864647289553
2017,172,True,1,0,1,0,False,2017-04-29,2017-04-29,GB,DEN,GB,DEN,DEN | GB,2,21.590951555711165
2017,175,True,3,1,2,0,False,2016-08-25,2017-04-29,NE,CLE,DEN,GB,CLE | DEN | GB | NE,4,20.23253129767865
2017,177,True,1,0,1,0,False,2017-04-29,2017-04-29,DEN,SF,DEN,SF,DEN | SF,2,19.374738347493643
2017,180,True,1,0,1,0,False,2017-04-29,2017-04-29,KC,MIN,KC,MIN,KC | MIN,2,18.155753765114135
2017,181,True,1,0,1,0,False,2017-04-29,2017-04-29,CLE,NYJ,CLE,NYJ,CLE | NYJ,2,17.766713400684264
2017,183,True,1,0,1,0,False,2017-04-28,2017-04-28,NE,KC,NE,KC,KC | NE,2,17.013463039726563
2017,184,True,1,0,1,0,False,2017-04-29,2017-04-29,MIA,PHI,MIA,PHI,MIA | PHI,2,16.648899610038093
2017,187,True,1,0,1,0,False,2017-04-28,2017-04-28,JAX,SEA,JAX,SEA,JAX | SEA,2,15.60141439634249
2017,188,True,2,0,2,0,False,2017-03-09,2017-04-29,HOU,CLE,CLE,NYJ,CLE | HOU | NYJ,3,15.2671082573136
2017,191,True,1,0,1,0,False,2017-04-29,2017-04-29,NYJ,DAL,NYJ,DAL,DAL | NYJ,2,14.306560081157631
2017,194,True,1,0,1,0,False,2017-04-29,2017-04-29,PHI,MIA,PHI,MIA,MIA | PHI,2,12.94564766595343
2017,197,True,3,0,3,0,False,2017-04-28,2017-04-29,ARI,CHI,LA,NYJ,ARI | CHI | LA | NYJ,4,11.511115293083504
2017,199,True,1,0,1,0,False,2017-04-29,2017-04-29,MIN,WAS,MIN,WAS,MIN | WAS,2,10.644203059030524
2017,200,True,3,0,3,0,False,2017-03-09,2017-04-29,IND,NE,TEN,NYG,IND | NE | NYG | TEN,4,10.235546239926343
2017,201,True,1,0,1,0,False,2017-04-29,2017-04-29,WAS,MIN,WAS,MIN,MIN | WAS,2,9.842578749076635
2017,203,True,1,1,0,0,False,2016-04-30,2016-04-30,TEN,DEN,TEN,DEN,DEN | TEN,2,9.101325472139058
2017,204,True,1,0,1,0,False,2017-04-28,2017-04-28,TB,NYJ,TB,NYJ,NYJ | TB,2,8.751903472535176
2017,206,True,1,0,1,0,False,2017-03-09,2017-03-09,MIA,LA,MIA,LA,LA | MIA,2,8.092789911562482
2017,207,True,2,0,2,0,False,2017-04-29,2017-04-29,NYG,TEN,TEN,CIN,CIN | NYG | TEN,3,7.782088042705171
2017,208,True,1,0,1,0,False,2017-04-29,2017-04-29,OAK,ARI,OAK,ARI,ARI | OAK,2,7.483314773547881
2017,209,True,1,1,0,0,False,2016-04-28,2016-04-28,HOU,WAS,HOU,WAS,HOU | WAS,2,7.196012136163594
2017,211,True,1,0,1,0,False,2017-04-29,2017-04-29,DAL,NE,DAL,NE,DAL | NE,2,6.6540741224784865
2017,214,True,1,0,1,0,False,2017-04-29,2017-04-29,TEN,PHI,TEN,PHI,PHI | TEN,2,5.916723239271945
2017,215,True,1,1,0,0,False,2016-10-25,2016-10-25,NE,DET,NE,DET,DET | NE,2,5.6895658574490495
2017,216,True,2,0,2,0,False,2017-04-28,2017-04-29,KC,NE,NE,DAL,DAL | KC | NE,3,5.4711295994695215
2017,217,True,1,0,1,0,False,2017-04-29,2017-04-29,CIN,TEN,CIN,TEN,CIN | TEN,2,5.261079640198116
2017,219,True,1,0,1,0,False,2017-04-28,2017-04-28,SF,MIN,SF,MIN,MIN | SF,2,4.8648630974661335
2017,220,True,1,0,1,0,False,2017-04-29,2017-04-29,WAS,MIN,WAS,MIN,MIN | WAS,2,4.678089182334822
2017,221,True,1,0,1,0,False,2017-04-29,2017-04-29,ARI,OAK,ARI,OAK,ARI | OAK,2,4.498485971635389
2017,223,True,2,0,2,0,False,2017-03-09,2017-04-29,LA,MIA,MIA,TB,LA | MIA | TB,3,4.159701029930424
2017,224,True,1,0,1,0,False,2017-04-29,2017-04-29,NYJ,CLE,NYJ,CLE,CLE | NYJ,2,4.0
2017,227,True,1,0,1,0,False,2017-04-29,2017-04-29,CIN,TEN,CIN,TEN,CIN | TEN,2,3.5125043207465994
2017,229,True,1,0,1,0,False,2017-04-28,2017-04-28,NO,SF,NO,SF,NO | SF,2,3.2209806638985086
2017,230,True,2,0,2,0,False,2017-04-29,2017-04-29,PHI,MIN,MIN,WAS,MIN | PHI | WAS,3,3.0844216508158815
2017,231,True,1,0,1,0,False,2017-04-29,2017-04-29,ARI,OAK,ARI,OAK,ARI | OAK,2,2.9536522918789987
2017,233,True,1,1,0,0,False,2016-08-29,2016-08-29,CLE,CAR,CLE,CAR,CAR | CLE,2,2.7085110938737853
2017,237,True,1,0,1,0,False,2017-04-29,2017-04-29,TB,MIA,TB,MIA,MIA | TB,2,2.277577269513383
2017,238,True,1,0,1,0,False,2017-04-29,2017-04-29,DEN,GB,DEN,GB,DEN | GB,2,2.1810154653305154
2017,239,True,2,1,1,0,False,2016-10-25,2017-04-29,DET,NE,NE,DAL,DAL | DET | NE,3,2.0885475648548275
2017,240,True,1,0,1,0,False,2017-03-09,2017-03-09,MIA,JAX,MIA,JAX,JAX | MIA,2,2.0
2017,241,True,1,0,1,0,False,2017-04-29,2017-04-29,NYG,TEN,NYG,TEN,NYG | TEN,2,1.9152065613971472
2017,244,True,1,1,0,0,False,2016-09-03,2016-09-03,SEA,OAK,SEA,OAK,OAK | SEA,2,1.681792830507429
2017,245,True,1,0,1,0,False,2017-04-28,2017-04-28,KC,MIN,KC,MIN,KC | MIN,2,1.6104903319492543
2017,249,True,1,0,1,0,False,2017-04-27,2017-04-27,ATL,SEA,ATL,SEA,ATL | SEA,2,1.3542555469368927
2017,252,True,1,0,1,0,False,2017-04-29,2017-04-29,DEN,CLE,DEN,CLE,CLE | DEN,2,1.189207115002721
2018,3,True,1,0,1,0,False,2018-03-17,2018-03-17,IND,NYJ,IND,NYJ,IND | NYJ,2,2200.0
2018,4,True,1,1,0,0,False,2017-04-27,2017-04-27,HOU,CLE,HOU,CLE,CLE | HOU,2,1800.0
2018,6,True,1,0,1,0,False,2018-03-17,2018-03-17,NYJ,IND,NYJ,IND,IND | NYJ,2,1600.0
2018,7,True,1,0,1,0,False,2018-04-26,2018-04-26,TB,BUF,TB,BUF,BUF | TB,2,1500.0
2018,10,True,1,0,1,0,False,2018-04-26,2018-04-26,OAK,ARI,OAK,ARI,ARI | OAK,2,1300.0
2018,12,True,2,0,2,0,False,2018-03-14,2018-04-26,CIN,BUF,BUF,TB,BUF | CIN | TB,3,1200.0
2018,14,True,1,0,1,0,False,2018-04-26,2018-04-26,GB,NO,GB,NO,GB | NO,2,1100.0
2018,15,True,1,0,1,0,False,2018-04-26,2018-04-26,ARI,OAK,ARI,OAK,ARI | OAK,2,1050.0
2018,16,True,1,0,1,0,False,2018-04-26,2018-04-26,BAL,BUF,BAL,BUF,BAL | BUF,2,1000.0
2018,18,True,1,0,1,0,False,2018-04-26,2018-04-26,SEA,GB,SEA,GB,GB | SEA,2,900.0
2018,21,True,1,0,1,0,False,2018-03-14,2018-03-14,BUF,CIN,BUF,CIN,BUF | CIN,2,800.0
2018,22,True,3,1,2,0,False,2017-04-27,2018-04-26,KC,BUF,BAL,TEN,BAL | BUF | KC | TEN,4,780.0
2018,23,True,1,0,1,0,False,2018-04-04,2018-04-04,LA,NE,LA,NE,LA | NE,2,760.0
2018,25,True,1,0,1,0,False,2018-04-26,2018-04-26,TEN,BAL,TEN,BAL,BAL | TEN,2,720.0
2018,27,True,2,0,2,0,False,2018-04-26,2018-04-26,NO,GB,GB,SEA,GB | NO | SEA,3,680.0
2018,32,True,1,0,1,0,False,2018-04-26,2018-04-26,PHI,BAL,PHI,BAL,BAL | PHI,2,590.0
2018,35,True,1,1,0,0,False,2017-03-09,2017-03-09,HOU,CLE,HOU,CLE,CLE | HOU,2,548.3085125943791
2018,37,True,1,0,1,0,False,2018-03-17,2018-03-17,NYJ,IND,NYJ,IND,IND | NYJ,2,522.1640557764364
2018,41,True,1,0,1,0,False,2018-04-27,2018-04-27,OAK,TEN,OAK,TEN,OAK | TEN,2,473.5555622055335
2018,43,True,2,1,1,0,False,2017-10-31,2018-04-27,SF,NE,NE,DET,DET | NE | SF,3,450.9754769750521
2018,44,True,1,0,1,0,False,2018-04-27,2018-04-27,WAS,SF,WAS,SF,SF | WAS,2,440.09245075205274
2018,46,True,1,0,1,0,False,2018-04-27,2018-04-27,CIN,KC,CIN,KC,CIN | KC,2,419.10795423174875
2018,49,True,3,1,2,0,False,2017-09-01,2018-04-27,SEA,NYJ,IND,PHI,IND | NYJ | PHI | SEA,4,389.492303392006
2018,51,True,2,0,2,0,False,2018-04-27,2018-04-27,DET,NE,NE,CHI,CHI | DET | NE,3,370.9205240505338
2018,52,True,2,0,2,0,False,2018-04-26,2018-04-27,BAL,PHI,PHI,IND,BAL | IND | PHI,3,361.96939922005004
2018,53,True,1,0,1,0,False,2018-04-26,2018-04-26,BUF,TB,BUF,TB,BUF | TB,2,353.2342846411855
2018,54,True,1,0,1,0,False,2018-04-27,2018-04-27,KC,CIN,KC,CIN,CIN | KC,2,344.7099675133492
2018,56,True,3,1,2,0,False,2017-08-11,2018-04-27,LA,BUF,TB,NE,BUF | LA | NE | TB,4,328.2735003541492
2018,57,True,1,0,1,0,False,2018-04-27,2018-04-27,TEN,OAK,TEN,OAK,OAK | TEN,2,320.3515416333923
2018,59,True,2,1,1,0,False,2017-04-28,2018-04-27,NO,SF,SF,WAS,NO | SF | WAS,3,305.0765333954813
2018,63,True,1,0,1,0,False,2018-04-27,2018-04-27,NE,TB,NE,TB,NE | TB,2,276.6768177349749
2018,64,True,2,1,1,0,False,2016-04-20,2018-04-27,PHI,CLE,CLE,IND,CLE | IND | PHI,3,270.0
2018,65,True,3,0,3,0,False,2018-03-14,2018-04-27,CLE,BUF,BAL,OAK,BAL | BUF | CLE | OAK,4,262.96500598976496
2018,67,True,1,0,1,0,False,2018-04-27,2018-04-27,IND,CLE,IND,CLE,CLE | IND,2,249.44014354004796
2018,69,True,1,0,1,0,False,2018-03-22,2018-03-22,TB,NYG,TB,NYG,NYG | TB,2,236.61089419518237
2018,70,True,1,1,0,0,False,2017-04-27,2017-04-27,CHI,SF,CHI,SF,CHI | SF,2,230.4458711454806
2018,74,True,1,0,1,0,False,2018-04-27,2018-04-27,SF,WAS,SF,WAS,SF | WAS,2,207.3507972290508
2018,75,True,2,0,2,0,False,2018-04-27,2018-04-27,OAK,BAL,BAL,KC,BAL | KC | OAK,3,201.94816161229585
2018,76,True,2,0,2,0,False,2018-04-26,2018-04-27,GB,SEA,SEA,PIT,GB | PIT | SEA,3,196.6862945481459
2018,78,True,2,0,2,0,False,2018-03-14,2018-04-27,WAS,KC,KC,CIN,CIN | KC | WAS,3,186.57029044525893
2018,79,True,3,0,3,0,False,2018-04-26,2018-04-27,ARI,OAK,PIT,SEA,ARI | OAK | PIT | SEA,4,181.70910201648016
2018,80,True,1,1,0,0,False,2017-10-31,2017-10-31,SEA,HOU,SEA,HOU,HOU | SEA,2,176.97457444503152
2018,85,True,1,1,0,0,False,2017-10-31,2017-10-31,BUF,CAR,BUF,CAR,BUF | CAR,2,155.0893048490769
2018,86,True,1,0,1,0,False,2018-04-27,2018-04-27,KC,BAL,KC,BAL,BAL | KC,2,151.0483702910592
2018,87,True,1,0,1,0,False,2018-04-27,2018-04-27,LA,OAK,LA,OAK,LA | OAK,2,147.1127244382688
2018,88,True,1,0,1,0,False,2018-04-27,2018-04-27,CAR,GB,CAR,GB,CAR | GB,2,143.2796239373333
2018,89,True,2,0,2,0,False,2018-04-27,2018-04-27,TEN,OAK,OAK,LA,LA | OAK | TEN,3,139.54639691441523
2018,94,True,1,0,1,0,False,2018-04-27,2018-04-27,MIN,TB,MIN,TB,MIN | TB,2,122.28962131716897
2018,95,True,1,0,1,0,False,2018-04-27,2018-04-27,NE,SF,NE,SF,NE | SF,2,119.10330000798292
2018,96,True,1,1,0,0,False,2017-08-11,2017-08-11,PHI,BUF,PHI,BUF,BUF | PHI,2,116.0
2018,100,True,1,0,1,0,False,2018-04-27,2018-04-27,CIN,KC,CIN,KC,CIN | KC,2,102.46706518524651
2018,101,True,3,0,3,0,False,2018-03-14,2018-04-27,CLE,MIA,GB,CAR,CAR | CLE | GB | MIA,4,99.33810581723509
2018,102,True,2,0,2,0,False,2018-03-22,2018-04-27,NYG,TB,TB,MIN,MIN | NYG | TB,3,96.30469311789194
2018,105,True,2,0,2,0,False,2018-04-27,2018-04-28,CHI,NE,NE,CLE,CHI | CLE | NE,3,87.74900141511668
2018,108,True,1,0,1,0,False,2018-03-22,2018-03-22,TB,NYG,TB,NYG,NYG | TB,2,79.9533958321667
2018,109,True,2,1,1,0,False,2017-04-29,2018-03-29,SF,DEN,DEN,WAS,DEN | SF | WAS,3,77.5119193788194
2018,111,True,1,0,1,0,False,2018-03-14,2018-03-14,MIA,LA,MIA,LA,LA | MIA,2,72.85035045417483
2018,113,True,1,0,1,0,False,2018-03-29,2018-03-29,WAS,DEN,WAS,DEN,DEN | WAS,2,68.46912841054362
2018,114,True,3,0,3,0,False,2018-03-14,2018-04-28,GB,CLE,NE,DET,CLE | DET | GB | NE,4,66.37833835646687
2018,115,True,1,1,0,0,False,2017-04-28,2017-04-28,ARI,CHI,ARI,CHI,ARI | CHI,2,64.3513931789309
2018,117,True,2,0,2,0,False,2018-04-27,2018-04-27,DET,NE,NE,TB,DET | NE | TB,3,60.48129865534639
2018,122,True,1,0,1,0,False,2018-04-27,2018-04-27,KC,BAL,KC,BAL,BAL | KC,2,51.793945222315514
2018,123,True,1,1,0,0,False,2016-08-29,2016-08-29,CAR,CLE,CAR,CLE,CAR | CLE,2,50.21235264116127
2018,124,True,1,0,1,0,False,2018-03-14,2018-03-14,LA,KC,LA,KC,KC | LA,2,48.679055957954645
2018,125,True,2,0,2,0,False,2018-04-26,2018-04-26,TEN,BAL,BAL,PHI,BAL | PHI | TEN,3,47.192580397341786
2018,130,True,1,1,0,0,False,2016-09-03,2016-09-03,MIN,PHI,MIN,PHI,MIN | PHI,2,41.86239334404483
2018,131,True,2,2,0,0,False,2016-09-06,2017-10-31,NE,PHI,PHI,MIA,MIA | NE | PHI,3,41.30492646319395
2018,132,True,1,0,1,0,False,2018-04-26,2018-04-26,PHI,BAL,PHI,BAL,BAL | PHI,2,40.75488317422161
2018,135,True,1,0,1,0,False,2018-03-14,2018-03-14,NYG,LA,NYG,LA,LA | NYG,2,39.14831284947172
2018,136,True,2,0,2,0,False,2018-04-04,2018-04-28,NE,LA,LA,CAR,CAR | LA | NE,3,38.626988431266334
2018,138,True,1,0,1,0,False,2018-03-14,2018-03-14,CLE,GB,CLE,GB,CLE | GB,2,37.605074032686986
2018,140,True,1,0,1,0,False,2018-04-28,2018-04-28,IND,OAK,IND,OAK,IND | OAK,2,36.610195369494626
2018,141,True,1,1,0,0,False,2017-10-31,2017-10-31,HOU,SEA,HOU,SEA,HOU | SEA,2,36.12267017588604
2018,142,True,2,0,2,0,False,2018-03-29,2018-04-27,DEN,WAS,WAS,SF,DEN | SF | WAS,3,35.6416371851189
2018,143,True,2,1,1,0,False,2017-10-31,2018-04-27,NYJ,SF,SF,NE,NE | NYJ | SF,3,35.167009942793925
2018,147,True,3,0,3,0,False,2018-04-26,2018-04-28,NO,GB,CAR,LA,CAR | GB | LA | NO,4,33.3308693443083
2018,149,True,2,0,2,0,False,2018-03-29,2018-04-28,WAS,DEN,DEN,SEA,DEN | SEA | WAS,3,32.44906890675348
2018,150,True,1,0,1,0,False,2018-03-14,2018-03-14,GB,CLE,GB,CLE,CLE | GB,2,32.01695598188324
2018,152,True,3,0,3,0,False,2018-04-26,2018-04-28,ARI,OAK,BAL,TEN,ARI | BAL | OAK | TEN,4,31.16991639517594
2018,154,True,1,0,1,0,False,2018-04-26,2018-04-26,BUF,BAL,BUF,BAL,BAL | BUF,2,30.345286061298786
2018,156,True,3,1,2,0,False,2017-08-22,2018-04-28,SEA,PHI,SEA,DEN,DEN | PHI | SEA,3,29.54247212175932
2018,157,True,2,1,1,0,False,2017-04-29,2018-04-28,DAL,NYJ,NYJ,MIN,DAL | MIN | NYJ,3,29.149065331779774
2018,158,True,1,0,1,0,False,2018-03-14,2018-03-14,BUF,CIN,BUF,CIN,BUF | CIN,2,28.76089740271087
2018,159,True,4,1,3,0,False,2017-08-30,2018-04-28,KC,CLE,OAK,IND,CLE | IND | KC | NE | OAK,5,28.377898570470364
2018,160,True,2,0,2,0,False,2018-03-14,2018-04-28,LA,DEN,DEN,LA,DEN | LA,2,28.0
2018,162,True,1,0,1,0,False,2018-04-28,2018-04-28,TEN,BAL,TEN,BAL,BAL | TEN,2,26.812891859560057
2018,163,True,2,1,1,0,False,2017-09-01,2018-03-29,ATL,DEN,DEN,WAS,ATL | DEN | WAS,3,26.238346877544192
2018,166,True,1,1,0,0,False,2017-10-28,2017-10-28,JAX,BUF,JAX,BUF,BUF | JAX,2,24.58753024522619
2018,167,True,2,0,2,0,False,2018-04-28,2018-04-28,MIN,NYJ,NYJ,MIN,MIN | NYJ,2,24.060670173714687
2018,168,True,1,1,0,0,False,2017-09-02,2017-09-02,NE,SEA,NE,SEA,NE | SEA,2,23.545099627104005
2018,169,True,1,0,1,0,False,2018-04-27,2018-04-27,PHI,IND,PHI,IND,IND | PHI,2,23.040576694155504
2018,173,True,1,0,1,0,False,2018-03-20,2018-03-20,DAL,OAK,DAL,OAK,DAL | OAK,2,21.128301986307918
2018,176,True,1,0,1,0,False,2018-03-14,2018-03-14,NYG,LA,NYG,LA,LA | NYG,2,19.798989873223327
2018,178,True,2,0,2,0,False,2018-04-27,2018-04-28,IND,CLE,CLE,NE,CLE | IND | NE,3,18.959577657116494
2018,180,True,2,0,2,0,False,2018-04-27,2018-04-28,TB,MIN,MIN,NYJ,MIN | NYJ | TB,3,18.155753765114135
2018,183,True,2,0,2,0,False,2018-03-14,2018-04-28,MIA,LA,LA,DEN,DEN | LA | MIA,3,17.013463039726563
2018,185,True,1,0,1,0,False,2018-04-28,2018-04-28,OAK,IND,OAK,IND,IND | OAK,2,16.29214802288608
2018,186,True,1,0,1,0,False,2018-04-26,2018-04-26,GB,SEA,GB,SEA,GB | SEA,2,15.943040886593678
2018,187,True,1,0,1,0,False,2018-03-14,2018-03-14,CIN,BUF,CIN,BUF,BUF | CIN,2,15.60141439634249
2018,192,True,2,0,2,0,False,2018-03-20,2018-04-28,OAK,DAL,DAL,LA,DAL | LA | OAK,3,14.0
2018,194,True,2,1,1,0,False,2017-06-15,2018-04-28,DET,LA,LA,ATL,ATL | DET | LA,3,12.94564766595343
2018,195,True,1,1,0,0,False,2017-08-11,2017-08-11,BUF,LA,BUF,LA,BUF | LA,2,12.448632796256481
2018,197,True,2,0,2,0,False,2018-04-28,2018-04-28,CAR,LA,LA,WAS,CAR | LA | WAS,3,11.511115293083504
2018,198,True,2,0,2,0,False,2018-04-04,2018-04-28,LA,NE,NE,KC,KC | LA | NE,3,11.069175606859458
2018,202,True,2,2,0,0,False,2016-09-02,2017-09-02,PIT,CLE,CLE,PIT,CLE | PIT,2,9.464698235047209
2018,204,True,1,0,1,0,False,2018-04-28,2018-04-28,MIN,NYJ,MIN,NYJ,MIN | NYJ,2,8.751903472535176
2018,205,True,2,0,2,0,False,2018-03-15,2018-04-28,NE,CLE,WAS,LA,CLE | LA | NE | WAS,4,8.41589663253425
2018,209,True,2,0,2,0,False,2018-03-14,2018-03-14,KC,LA,LA,MIA,KC | LA | MIA,3,7.196012136163594
2018,210,True,1,0,1,0,False,2018-03-18,2018-03-18,OAK,NE,OAK,NE,NE | OAK,2,6.919739745126783
2018,212,True,1,0,1,0,False,2018-04-27,2018-04-27,OAK,BAL,OAK,BAL,BAL | OAK,2,6.398608048607554
2018,215,True,2,0,2,0,False,2018-04-26,2018-04-28,BAL,TEN,TEN,BAL,BAL | TEN,2,5.6895658574490495
2018,217,True,2,0,2,0,False,2018-04-27,2018-04-28,OAK,LA,LA,DEN,DEN | LA | OAK,3,5.261079640198116
2018,219,True,1,0,1,0,False,2018-03-15,2018-03-15,CLE,NE,CLE,NE,CLE | NE,2,4.8648630974661335
2018,220,True,2,1,1,0,True,2017-09-02,2018-04-27,NYG,PIT,PIT,SEA,NYG | PIT | SEA,3,4.678089182334822
2018,223,True,1,1,0,0,False,2017-04-29,2017-04-29,TB,MIA,TB,MIA,MIA | TB,2,4.159701029930424
2018,225,True,3,0,3,0,False,2018-03-14,2018-04-28,DEN,MIN,NYJ,MIN,DEN | MIN | NYJ,3,3.830413122794295
2018,226,True,2,1,1,0,False,2017-09-01,2018-04-28,NYJ,SEA,SEA,DEN,DEN | NYJ | SEA,3,3.668016172818685
2018,231,True,1,0,1,0,False,2018-04-28,2018-04-28,WAS,LA,WAS,LA,LA | WAS,2,2.9536522918789987
2018,233,True,3,1,2,0,False,2016-09-02,2018-04-28,ARI,KC,NE,PHI,ARI | KC | NE | PHI,4,2.7085110938737853
2018,234,True,1,1,0,0,False,2017-10-31,2017-10-31,BUF,CAR,BUF,CAR,BUF | CAR,2,2.5936791093020193
2018,235,True,2,1,1,0,False,2017-09-01,2018-04-28,SEA,NYJ,NYJ,IND,IND | NYJ | SEA,3,2.483715624146968
2018,238,True,1,1,0,0,False,2017-09-01,2017-09-01,BAL,ARI,BAL,ARI,ARI | BAL,2,2.1810154653305154
2018,239,True,1,1,0,0,False,2016-08-30,2016-08-30,BUF,GB,BUF,GB,BUF | GB,2,2.0885475648548275
2018,240,True,1,1,0,0,False,2016-08-27,2016-08-27,KC,SF,KC,SF,KC | SF,2,2.0
2018,241,True,1,1,0,0,False,2017-09-02,2017-09-02,LA,WAS,LA,WAS,LA | WAS,2,1.9152065613971472
2018,243,True,1,0,1,0,False,2018-04-28,2018-04-28,KC,NE,KC,NE,KC | NE,2,1.7562521603732995
2018,244,True,1,0,1,0,False,2018-04-28,2018-04-28,ATL,LA,ATL,LA,ATL | LA,2,1.681792830507429
2018,248,True,1,0,1,0,False,2018-04-26,2018-04-26,SEA,GB,SEA,GB,GB | SEA,2,1.4142135623730951
2018,249,True,1,1,0,0,False,2017-08-29,2017-08-29,NE,CIN,NE,CIN,CIN | NE,2,1.3542555469368927
2018,250,True,3,1,2,0,False,2017-08-22,2018-04-28,PHI,SEA,PHI,NE,NE | PHI | SEA,3,1.2968395546510096
2018,256,True,2,0,2,0,False,2018-04-28,2018-04-28,ATL,LA,LA,WAS,ATL | LA | WAS,3,1.0
2019,10,True,1,0,1,0,False,2019-04-25,2019-04-25,DEN,PIT,DEN,PIT,DEN | PIT,2,1300.0
2019,17,True,1,0,1,0,False,2019-03-13,2019-03-13,CLE,NYG,CLE,NYG,CLE | NYG,2,950.0
2019,20,True,1,0,1,0,False,2019-04-25,2019-04-25,PIT,DEN,PIT,DEN,DEN | PIT,2,850.0
2019,21,True,1,0,1,0,False,2019-04-25,2019-04-25,SEA,GB,SEA,GB,GB | SEA,2,800.0
2019,22,True,1,0,1,0,False,2019-04-25,2019-04-25,BAL,PHI,BAL,PHI,BAL | PHI,2,780.0
2019,24,True,1,1,0,0,False,2018-09-01,2018-09-01,CHI,OAK,CHI,OAK,CHI | OAK,2,740.0
2019,25,True,1,0,1,0,False,2019-04-25,2019-04-25,PHI,BAL,PHI,BAL,BAL | PHI,2,720.0
2019,26,True,1,0,1,0,False,2019-04-25,2019-04-25,IND,WAS,IND,WAS,IND | WAS,2,700.0
2019,27,True,1,1,0,0,False,2018-10-22,2018-10-22,DAL,OAK,DAL,OAK,DAL | OAK,2,680.0
2019,29,True,1,0,1,0,False,2019-04-23,2019-04-23,KC,SEA,KC,SEA,KC | SEA,2,640.0
2019,30,True,3,1,2,0,False,2018-04-26,2019-04-25,NO,GB,SEA,NYG,GB | NO | NYG | SEA,4,620.0
2019,31,True,1,0,1,0,False,2019-04-25,2019-04-25,LA,ATL,LA,ATL,ATL | LA,2,600.0
2019,34,True,1,1,0,0,False,2018-03-17,2018-03-17,NYJ,IND,NYJ,IND,IND | NYJ,2,561.8676088948529
2019,35,True,1,0,1,0,False,2019-04-26,2019-04-26,OAK,JAX,OAK,JAX,JAX | OAK,2,548.3085125943791
2019,37,True,2,0,2,0,False,2019-04-25,2019-04-26,NYG,SEA,SEA,CAR,CAR | NYG | SEA,3,522.1640557764364
2019,38,True,2,0,2,0,False,2019-04-26,2019-04-26,JAX,OAK,OAK,BUF,BUF | JAX | OAK,3,509.56309319230627
2019,40,True,1,0,1,0,False,2019-04-26,2019-04-26,BUF,OAK,BUF,OAK,BUF | OAK,2,485.26609619157006
2019,42,True,1,0,1,0,False,2019-04-26,2019-04-26,CIN,DEN,CIN,DEN,CIN | DEN,2,462.1276290591479
2019,45,True,2,0,2,0,False,2019-04-25,2019-04-26,ATL,LA,LA,NE,ATL | LA | NE,3,429.4720557935401
2019,46,True,2,0,2,0,False,2019-04-25,2019-04-26,WAS,IND,IND,CLE,CLE | IND | WAS,3,419.10795423174875
2019,47,True,1,0,1,0,False,2019-04-26,2019-04-26,CAR,SEA,CAR,SEA,CAR | SEA,2,408.9939611455477
2019,48,True,1,0,1,0,False,2019-04-26,2019-04-26,MIA,NO,MIA,NO,MIA | NO,2,399.1240408695021
2019,49,True,1,0,1,0,False,2019-04-26,2019-04-26,CLE,IND,CLE,IND,CLE | IND,2,389.492303392006
2019,52,True,2,0,2,0,False,2019-04-25,2019-04-26,PIT,DEN,DEN,CIN,CIN | DEN | PIT,3,361.96939922005004
2019,53,True,1,1,0,0,False,2018-04-26,2018-04-26,BAL,PHI,BAL,PHI,BAL | PHI,2,353.2342846411855
2019,54,True,1,1,0,0,False,2017-10-31,2017-10-31,SEA,HOU,SEA,HOU,HOU | SEA,2,344.7099675133492
2019,56,True,3,1,2,0,False,2018-04-27,2019-04-26,CHI,NE,LA,KC,CHI | KC | LA | NE,4,328.2735003541492
2019,61,True,1,0,1,0,False,2019-04-26,2019-04-26,KC,LA,KC,LA,KC | LA,2,290.52986838788144
2019,62,True,2,0,2,0,False,2019-04-26,2019-04-26,NO,MIA,MIA,ARI,ARI | MIA | NO,3,283.5187461924169
2019,63,True,1,1,0,0,False,2018-03-14,2018-03-14,LA,KC,LA,KC,KC | LA,2,276.6768177349749
2019,64,True,1,0,1,0,False,2019-04-26,2019-04-26,NE,SEA,NE,SEA,NE | SEA,2,270.0
2019,66,True,1,0,1,0,False,2019-03-13,2019-03-13,OAK,PIT,OAK,PIT,OAK | PIT,2,256.1133125007298
2019,70,True,1,0,1,0,False,2019-04-26,2019-04-26,TB,LA,TB,LA,LA | TB,2,230.4458711454806
2019,73,True,2,1,1,0,False,2018-04-28,2019-04-26,DET,NE,NE,CHI,CHI | DET | NE,3,212.89796732125947
2019,77,True,2,0,2,0,False,2019-04-26,2019-04-26,CAR,SEA,SEA,NE,CAR | NE | SEA,3,191.56152823688092
2019,79,True,1,0,1,0,False,2019-04-25,2019-04-25,ATL,LA,ATL,LA,ATL | LA,2,181.70910201648016
2019,81,True,1,0,1,0,False,2019-04-26,2019-04-26,MIN,DET,MIN,DET,DET | MIN,2,172.3634075147178
2019,84,True,1,0,1,0,False,2019-04-23,2019-04-23,SEA,KC,SEA,KC,KC | SEA,2,159.2383448574925
2019,87,True,1,0,1,0,False,2019-04-26,2019-04-26,CHI,NE,CHI,NE,CHI | NE,2,147.1127244382688
2019,88,True,3,1,2,0,False,2018-10-30,2019-04-26,PHI,DET,MIN,SEA,DET | MIN | PHI | SEA,4,143.2796239373333
2019,92,True,3,0,3,0,False,2019-04-23,2019-04-26,KC,SEA,MIN,NYJ,KC | MIN | NYJ | SEA,4,128.9202713956601
2019,93,True,3,1,2,0,False,2018-08-29,2019-04-26,NO,NYJ,MIN,BAL,BAL | MIN | NO | NYJ,4,125.56118496208103
2019,94,True,1,0,1,0,False,2019-04-26,2019-04-26,LA,TB,LA,TB,LA | TB,2,122.28962131716897
2019,95,True,2,1,1,0,False,2018-03-14,2019-03-13,NE,CLE,CLE,NYG,CLE | NE | NYG,3,119.10330000798292
2019,96,True,1,0,1,0,False,2019-04-26,2019-04-26,WAS,BUF,WAS,BUF,BUF | WAS,2,116.0
2019,97,True,1,0,1,0,False,2019-04-26,2019-04-26,NE,LA,NE,LA,LA | NE,2,112.45779562405593
2019,98,True,1,1,0,0,False,2018-10-30,2018-10-30,LA,JAX,LA,JAX,JAX | LA,2,109.02375686743048
2019,99,True,1,0,1,0,False,2019-04-26,2019-04-26,LA,TB,LA,TB,LA | TB,2,105.6945807583126
2019,101,True,2,0,2,0,False,2019-04-26,2019-04-26,NE,LA,LA,NE,LA | NE,2,99.33810581723509
2019,102,True,1,0,1,0,False,2019-04-26,2019-04-26,BAL,MIN,BAL,MIN,BAL | MIN,2,96.30469311789194
2019,104,True,1,0,1,0,False,2019-04-27,2019-04-27,SF,CIN,SF,CIN,CIN | SF,2,90.51292627308231
2019,105,True,1,0,1,0,False,2019-04-27,2019-04-27,NYJ,NO,NYJ,NO,NO | NYJ,2,87.74900141511668
2019,109,True,2,0,2,0,False,2019-04-26,2019-04-27,JAX,OAK,OAK,IND,IND | JAX | OAK,3,77.5119193788194
2019,110,True,1,0,1,0,False,2019-04-27,2019-04-27,CIN,SF,CIN,SF,CIN | SF,2,75.14499644768598
2019,111,True,1,0,1,0,False,2019-04-27,2019-04-27,DET,ATL,DET,ATL,ATL | DET,2,72.85035045417483
2019,112,True,1,0,1,0,False,2019-04-26,2019-04-26,BUF,WAS,BUF,WAS,BUF | WAS,2,70.6257743320383
2019,113,True,1,0,1,0,False,2019-03-13,2019-03-13,DEN,BAL,DEN,BAL,BAL | DEN,2,68.46912841054362
2019,114,True,2,0,2,0,False,2019-04-25,2019-04-27,GB,SEA,SEA,MIN,GB | MIN | SEA,3,66.37833835646687
2019,116,True,3,0,3,0,False,2019-04-26,2019-04-27,MIA,NO,NYJ,TEN,MIA | NO | NYJ | TEN,4,62.38634329516793
2019,117,True,1,0,1,0,False,2019-04-27,2019-04-27,ATL,DET,ATL,DET,ATL | DET,2,60.48129865534639
2019,118,True,3,1,2,0,False,2018-10-30,2019-04-26,WAS,GB,SEA,NE,GB | NE | SEA | WAS,4,58.63442692465892
2019,120,True,1,0,1,0,False,2019-04-27,2019-04-27,MIN,SEA,MIN,SEA,MIN | SEA,2,55.10815090599254
2019,121,True,1,0,1,0,False,2019-04-27,2019-04-27,TEN,NYJ,TEN,NYJ,NYJ | TEN,2,53.42535492935984
2019,125,True,2,1,1,0,False,2018-10-30,2019-04-26,HOU,DEN,DEN,CIN,CIN | DEN | HOU,3,47.192580397341786
2019,127,True,1,0,1,0,False,2019-04-25,2019-04-25,PHI,BAL,PHI,BAL,BAL | PHI,2,44.35441733781426
2019,129,True,1,0,1,0,False,2019-04-27,2019-04-27,IND,OAK,IND,OAK,IND | OAK,2,42.427384008372805
2019,131,True,2,1,1,0,False,2017-08-28,2019-04-26,KC,BUF,BUF,WAS,BUF | KC | WAS,3,41.30492646319395
2019,132,True,2,1,1,0,False,2018-10-23,2019-04-25,NO,NYG,NYG,SEA,NO | NYG | SEA,3,40.75488317422161
2019,133,True,1,0,1,0,False,2019-04-26,2019-04-26,LA,NE,LA,NE,LA | NE,2,40.212164619745856
2019,134,True,1,0,1,0,False,2019-04-27,2019-04-27,NE,LA,NE,LA,LA | NE,2,39.67667325883394
2019,135,True,2,0,2,0,False,2019-04-27,2019-04-27,IND,OAK,OAK,ATL,ATL | IND | OAK,3,39.14831284947172
2019,136,True,1,0,1,0,False,2019-04-27,2019-04-27,DAL,CIN,DAL,CIN,CIN | DAL,2,38.626988431266334
2019,137,True,1,0,1,0,False,2019-04-27,2019-04-27,ATL,OAK,ATL,OAK,ATL | OAK,2,38.1126063083793
2019,140,True,2,0,2,0,False,2019-03-13,2019-04-26,NYJ,OAK,OAK,JAX,JAX | NYJ | OAK,3,36.610195369494626
2019,141,True,1,0,1,0,False,2019-03-13,2019-03-13,OAK,PIT,OAK,PIT,OAK | PIT,2,36.12267017588604
2019,142,True,3,2,1,0,False,2017-08-31,2019-04-25,SF,DET,NYG,SEA,DET | NYG | SEA | SF,4,35.6416371851189
2019,144,True,2,1,1,0,False,2018-10-19,2019-04-26,JAX,CLE,CLE,IND,CLE | IND | JAX,3,34.698703145794944
2019,148,True,1,0,1,0,False,2019-04-27,2019-04-27,DEN,SF,DEN,SF,DEN | SF,2,32.88701379078764
2019,149,True,2,0,2,0,False,2019-04-27,2019-04-27,CIN,DAL,DAL,OAK,CIN | DAL | OAK,3,32.44906890675348
2019,156,True,1,1,0,0,False,2018-03-14,2018-03-14,MIN,DEN,MIN,DEN,DEN | MIN,2,29.54247212175932
2019,157,True,1,0,1,0,False,2019-04-27,2019-04-27,TEN,NYJ,TEN,NYJ,NYJ | TEN,2,29.149065331779774
2019,158,True,4,2,2,0,False,2018-08-27,2019-04-27,PIT,OAK,OAK,DAL,BUF | DAL | OAK | PIT,4,28.76089740271087
2019,159,True,2,0,2,0,False,2019-04-26,2019-04-27,SEA,MIN,MIN,NE,MIN | NE | SEA,3,28.377898570470364
2019,162,True,4,0,4,0,False,2019-04-26,2019-04-27,CHI,NE,NE,MIN,CHI | LA | MIN | NE,4,26.812891859560057
2019,163,True,1,0,1,0,False,2019-04-27,2019-04-27,PHI,NE,PHI,NE,NE | PHI,2,26.238346877544192
2019,167,True,3,0,3,0,False,2019-04-26,2019-04-27,KC,LA,NE,PHI,KC | LA | NE | PHI,4,24.060670173714687
2019,168,True,2,0,2,0,False,2019-04-27,2019-04-27,NO,NYJ,NYJ,TEN,NO | NYJ | TEN,3,23.545099627104005
2019,170,True,1,1,0,0,False,2018-09-17,2018-09-17,NE,CLE,NE,CLE,CLE | NE,2,22.546864647289553
2019,175,True,1,1,0,0,False,2018-08-27,2018-08-27,OAK,PIT,OAK,PIT,OAK | PIT,2,20.23253129767865
2019,177,True,1,1,0,0,False,2018-08-29,2018-08-29,NYJ,NO,NYJ,NO,NO | NYJ,2,19.374738347493643
2019,182,True,1,0,1,0,False,2019-04-26,2019-04-26,DEN,CIN,DEN,CIN,CIN | DEN,2,17.386009369028777
2019,183,True,1,0,1,0,False,2019-04-27,2019-04-27,CIN,SF,CIN,SF,CIN | SF,2,17.013463039726563
2019,186,True,1,0,1,0,False,2019-04-27,2019-04-27,ATL,DET,ATL,DET,ATL | DET,2,15.943040886593678
2019,187,True,1,0,1,0,False,2019-04-27,2019-04-27,CAR,DEN,CAR,DEN,CAR | DEN,2,15.60141439634249
2019,188,True,1,0,1,0,False,2019-03-18,2019-03-18,MIA,TEN,MIA,TEN,MIA | TEN,2,15.2671082573136
2019,191,True,2,1,1,0,False,2018-08-28,2019-04-26,TEN,BAL,BAL,MIN,BAL | MIN | TEN,3,14.306560081157631
2019,193,True,1,0,1,0,False,2019-04-26,2019-04-26,BAL,MIN,BAL,MIN,BAL | MIN,2,13.46250598229572
2019,194,True,1,1,0,0,False,2018-08-29,2018-08-29,SEA,GB,SEA,GB,GB | SEA,2,12.94564766595343
2019,196,True,2,1,1,0,False,2018-09-01,2019-03-13,CHI,OAK,OAK,NYJ,CHI | NYJ | OAK,3,11.970699535071823
2019,197,True,1,0,1,0,False,2019-04-25,2019-04-25,PHI,BAL,PHI,BAL,BAL | PHI,2,11.511115293083504
2019,198,True,1,1,0,0,False,2017-09-02,2017-09-02,DAL,CIN,DAL,CIN,CIN | DAL,2,11.069175606859458
2019,202,True,1,0,1,0,False,2019-04-26,2019-04-26,NO,MIA,NO,MIA,MIA | NO,2,9.464698235047209
2019,203,True,1,0,1,0,False,2019-04-25,2019-04-25,LA,ATL,LA,ATL,ATL | LA,2,9.101325472139058
2019,204,True,3,1,2,0,False,2017-09-02,2019-04-27,NE,DET,MIN,SEA,DET | MIN | NE | SEA,4,8.751903472535176
2019,205,True,1,0,1,0,False,2019-04-26,2019-04-26,NE,CHI,NE,CHI,CHI | NE,2,8.41589663253425
2019,207,True,1,0,1,0,False,2019-03-13,2019-03-13,ARI,PIT,ARI,PIT,ARI | PIT,2,7.782088042705171
2019,208,True,1,0,1,0,False,2019-03-13,2019-03-13,PHI,TB,PHI,TB,PHI | TB,2,7.483314773547881
2019,209,True,1,0,1,0,False,2019-04-26,2019-04-26,MIN,SEA,MIN,SEA,MIN | SEA,2,7.196012136163594
2019,212,True,2,0,2,0,False,2019-04-27,2019-04-27,SF,DEN,DEN,CAR,CAR | DEN | SF,3,6.398608048607554
2019,213,True,1,0,1,0,False,2019-04-27,2019-04-27,CIN,DAL,CIN,DAL,CIN | DAL,2,6.1529499380531965
2019,216,True,1,1,0,0,False,2016-09-03,2016-09-03,SF,KC,SF,KC,KC | SF,2,5.4711295994695215
2019,217,True,1,0,1,0,False,2019-04-26,2019-04-26,NYJ,MIN,NYJ,MIN,MIN | NYJ,2,5.261079640198116
2019,218,True,1,0,1,0,False,2019-04-27,2019-04-27,OAK,DAL,OAK,DAL,DAL | OAK,2,5.059094009250097
2019,220,True,2,2,0,0,False,2018-04-23,2018-10-30,NYG,DEN,DEN,HOU,DEN | HOU | NYG,3,4.678089182334822
2019,222,True,2,2,0,0,False,2017-07-26,2018-09-01,DEN,PHI,PHI,CHI,CHI | DEN | PHI,3,4.325778164601057
2019,228,True,1,1,0,0,False,2017-09-03,2017-09-03,CAR,BUF,CAR,BUF,BUF | CAR,2,3.363585661014858
2019,229,True,1,1,0,0,False,2018-05-03,2018-05-03,MIA,DET,MIA,DET,DET | MIA,2,3.2209806638985086
2019,230,True,1,0,1,0,False,2019-04-27,2019-04-27,ATL,OAK,ATL,OAK,ATL | OAK,2,3.0844216508158815
2019,231,True,1,1,0,0,False,2018-09-01,2018-09-01,CLE,NO,CLE,NO,CLE | NO,2,2.9536522918789987
2019,232,True,1,1,0,0,False,2018-08-27,2018-08-27,MIN,NYG,MIN,NYG,MIN | NYG,2,2.82842712474619
2019,233,True,1,0,1,0,False,2019-03-18,2019-03-18,TEN,MIA,TEN,MIA,MIA | TEN,2,2.7085110938737853
2019,234,True,2,2,0,0,False,2017-09-02,2018-03-14,PIT,CLE,CLE,MIA,CLE | MIA | PIT,3,2.5936791093020193
2019,235,True,2,1,1,0,False,2018-09-01,2019-04-26,SEA,OAK,OAK,JAX,JAX | OAK | SEA,3,2.483715624146968
2019,236,True,2,1,1,0,False,2017-09-02,2019-04-27,BAL,JAX,JAX,SEA,BAL | JAX | SEA,3,2.378414230005442
2019,237,True,2,1,1,0,False,2018-10-30,2019-04-27,HOU,DEN,DEN,CAR,CAR | DEN | HOU,3,2.277577269513383
2019,239,True,2,1,1,0,False,2018-04-28,2019-04-27,PHI,NE,NE,MIN,MIN | NE | PHI,3,2.0885475648548275
2019,243,True,3,2,1,0,False,2018-08-31,2019-04-27,SF,CLE,NE,LA,CLE | LA | NE | SF,4,1.7562521603732995
2019,245,True,1,1,0,0,False,2018-03-14,2018-03-14,LA,NYG,LA,NYG,LA | NYG,2,1.6104903319492543
2019,246,True,2,0,2,0,False,2019-04-27,2019-04-27,NE,PHI,PHI,IND,IND | NE | PHI,3,1.5422108254079407
2020,13,True,2,0,2,0,False,2020-03-16,2020-04-23,IND,SF,SF,TB,IND | SF | TB,3,1150.0
2020,14,True,1,0,1,0,False,2020-04-23,2020-04-23,TB,SF,TB,SF,SF | TB,2,1100.0
2020,18,True,1,1,0,0,False,2019-09-16,2019-09-16,PIT,MIA,PIT,MIA,MIA | PIT,2,900.0
2020,19,True,1,1,0,0,False,2018-09-01,2018-09-01,CHI,OAK,CHI,OAK,CHI | OAK,2,875.0
2020,20,True,1,1,0,0,False,2019-10-16,2019-10-16,LA,JAX,LA,JAX,JAX | LA,2,850.0
2020,22,True,1,0,1,0,False,2020-03-16,2020-03-16,BUF,MIN,BUF,MIN,BUF | MIN,2,780.0
2020,23,True,1,0,1,0,False,2020-04-23,2020-04-23,NE,LAC,NE,LAC,LAC | NE,2,760.0
2020,25,True,1,0,1,0,False,2020-04-23,2020-04-23,MIN,SF,MIN,SF,MIN | SF,2,720.0
2020,26,True,2,1,1,0,False,2019-09-01,2020-04-23,HOU,MIA,MIA,GB,GB | HOU | MIA,3,700.0
2020,30,True,1,0,1,0,False,2020-04-23,2020-04-23,GB,MIA,GB,MIA,GB | MIA,2,620.0
2020,31,True,1,0,1,0,False,2020-04-23,2020-04-23,SF,MIN,SF,MIN,MIN | SF,2,600.0
2020,34,True,1,1,0,0,False,2019-04-25,2019-04-25,WAS,IND,WAS,IND,IND | WAS,2,561.8676088948529
2020,37,True,1,0,1,0,False,2020-04-23,2020-04-23,LAC,NE,LAC,NE,LAC | NE,2,522.1640557764364
2020,40,True,1,0,1,0,False,2020-03-16,2020-03-16,ARI,HOU,ARI,HOU,ARI | HOU,2,485.26609619157006
2020,41,True,1,0,1,0,False,2020-04-24,2020-04-24,CLE,IND,CLE,IND,CLE | IND,2,473.5555622055335
2020,43,True,1,1,0,0,False,2018-09-01,2018-09-01,OAK,CHI,OAK,CHI,CHI | OAK,2,450.9754769750521
2020,44,True,1,0,1,0,False,2020-04-24,2020-04-24,IND,CLE,IND,CLE,CLE | IND,2,440.09245075205274
2020,48,True,1,0,1,0,False,2020-04-24,2020-04-24,NYJ,SEA,NYJ,SEA,NYJ | SEA,2,399.1240408695021
2020,55,True,2,1,1,0,False,2019-10-22,2020-03-16,NE,ATL,ATL,BAL,ATL | BAL | NE,3,336.3913608322486
2020,56,True,1,1,0,0,False,2019-04-26,2019-04-26,NO,MIA,NO,MIA,MIA | NO,2,328.2735003541492
2020,57,True,1,0,1,0,False,2020-04-09,2020-04-09,HOU,LA,HOU,LA,HOU | LA,2,320.3515416333923
2020,59,True,1,0,1,0,False,2020-04-24,2020-04-24,SEA,NYJ,SEA,NYJ,NYJ | SEA,2,305.0765333954813
2020,60,True,1,0,1,0,False,2020-04-24,2020-04-24,BAL,NE,BAL,NE,BAL | NE,2,297.71436830563
2020,63,True,1,1,0,0,False,2019-03-13,2019-03-13,SF,KC,SF,KC,KC | SF,2,276.6768177349749
2020,64,True,2,1,1,0,False,2019-04-23,2020-04-24,KC,SEA,SEA,CAR,CAR | KC | SEA,3,270.0
2020,68,True,1,1,0,0,False,2019-10-28,2019-10-28,NYG,NYJ,NYG,NYJ,NYG | NYJ,2,242.94084755591305
2020,69,True,1,0,1,0,False,2020-04-24,2020-04-24,CAR,SEA,CAR,SEA,CAR | SEA,2,236.61089419518237
2020,71,True,2,0,2,0,False,2020-04-23,2020-04-24,LAC,NE,NE,BAL,BAL | LAC | NE,3,224.44148105958462
2020,74,True,1,0,1,0,False,2020-04-24,2020-04-24,CLE,NO,CLE,NO,CLE | NO,2,207.3507972290508
2020,75,True,1,0,1,0,False,2020-04-24,2020-04-24,IND,DET,IND,DET,DET | IND,2,201.94816161229585
2020,81,True,1,1,0,0,False,2018-09-01,2018-09-01,CHI,OAK,CHI,OAK,CHI | OAK,2,172.3634075147178
2020,83,True,1,1,0,0,False,2019-04-25,2019-04-25,PIT,DEN,PIT,DEN,DEN | PIT,2,163.49838241669462
2020,85,True,2,0,2,0,False,2020-03-19,2020-04-24,PHI,DET,DET,IND,DET | IND | PHI,3,155.0893048490769
2020,88,True,1,0,1,0,False,2020-04-24,2020-04-24,NO,CLE,NO,CLE,CLE | NO,2,143.2796239373333
2020,90,True,1,1,0,0,False,2019-08-08,2019-08-08,HOU,CLE,HOU,CLE,CLE | HOU,2,135.91044111277512
2020,91,True,3,2,1,0,False,2019-09-01,2020-04-24,SEA,HOU,LV,NE,HOU | LV | NE | OAK | SEA,5,132.3692220788611
2020,95,True,1,1,0,0,False,2019-10-22,2019-10-22,SF,DEN,SF,DEN,DEN | SF,2,119.10330000798292
2020,98,True,1,0,1,0,False,2020-04-24,2020-04-24,NE,BAL,NE,BAL,BAL | NE,2,109.02375686743048
2020,100,True,1,0,1,0,False,2020-04-24,2020-04-24,NE,LV,NE,LV,LV | NE,2,102.46706518524651
2020,101,True,2,0,2,0,False,2020-04-24,2020-04-24,SEA,NYJ,NYJ,NE,NE | NYJ | SEA,3,99.33810581723509
2020,105,True,1,0,1,0,False,2020-04-24,2020-04-24,MIN,NO,MIN,NO,MIN | NO,2,87.74900141511668
2020,109,True,1,0,1,0,False,2020-04-25,2020-04-25,DET,LV,DET,LV,DET | LV,2,77.5119193788194
2020,111,True,2,1,1,0,False,2019-09-01,2020-04-25,MIA,HOU,HOU,MIA,HOU | MIA,2,72.85035045417483
2020,117,True,3,0,3,0,False,2020-04-21,2020-04-23,TB,NE,TB,SF,MIN | NE | SF | TB,4,60.48129865534639
2020,121,True,1,0,1,0,False,2020-04-25,2020-04-25,LV,DET,LV,DET,DET | LV,2,53.42535492935984
2020,125,True,2,1,1,0,False,2019-04-26,2020-04-24,CHI,NE,NE,NYJ,CHI | NE | NYJ,3,47.192580397341786
2020,126,True,1,0,1,0,False,2020-04-25,2020-04-25,LA,HOU,LA,HOU,HOU | LA,2,45.75149621806973
2020,129,True,3,1,2,0,False,2019-08-29,2020-04-24,NE,BAL,NE,NYJ,BAL | NE | NYJ,3,42.427384008372805
2020,130,True,1,0,1,0,False,2020-04-24,2020-04-24,NO,MIN,NO,MIN,MIN | NO,2,41.86239334404483
2020,131,True,1,0,1,0,False,2020-03-16,2020-03-16,HOU,ARI,HOU,ARI,ARI | HOU,2,41.30492646319395
2020,135,True,2,2,0,0,False,2019-03-18,2019-09-16,TEN,MIA,MIA,PIT,MIA | PIT | TEN,3,39.14831284947172
2020,136,True,3,0,3,0,False,2020-04-23,2020-04-25,GB,MIA,HOU,LA,GB | HOU | LA | MIA,4,38.626988431266334
2020,137,True,2,1,1,0,False,2019-10-22,2020-03-03,SF,DEN,DEN,JAX,DEN | JAX | SF,3,38.1126063083793
2020,139,True,1,0,1,0,False,2020-04-24,2020-04-24,NE,LV,NE,LV,LV | NE,2,37.10430038716509
2020,140,True,1,0,1,0,False,2020-03-18,2020-03-18,CHI,JAX,CHI,JAX,CHI | JAX,2,36.610195369494626
2020,141,True,1,0,1,0,False,2020-04-25,2020-04-25,MIA,HOU,MIA,HOU,HOU | MIA,2,36.12267017588604
2020,143,True,1,0,1,0,False,2020-03-16,2020-03-16,BAL,ATL,BAL,ATL,ATL | BAL,2,35.167009942793925
2020,146,True,1,0,1,0,False,2020-04-25,2020-04-25,PHI,DAL,PHI,DAL,DAL | PHI,2,33.78071533994218
2020,148,True,2,0,2,0,False,2020-03-23,2020-04-24,WAS,CAR,CAR,SEA,CAR | SEA | WAS,3,32.88701379078764
2020,149,True,1,0,1,0,False,2020-04-24,2020-04-24,DET,IND,DET,IND,DET | IND,2,32.44906890675348
2020,153,True,3,2,1,0,False,2019-04-26,2020-04-25,MIA,ARI,MIA,SF,ARI | MIA | SF,3,30.754837497837325
2020,154,True,2,2,0,0,False,2019-09-09,2019-09-16,JAX,PIT,PIT,MIA,JAX | MIA | PIT,3,30.345286061298786
2020,155,True,3,1,2,0,False,2019-08-29,2020-04-25,CLE,BUF,MIN,CHI,BUF | CHI | CLE | MIN,4,29.941188478294087
2020,156,True,2,1,1,0,False,2019-10-22,2020-04-25,DEN,SF,SF,WAS,DEN | SF | WAS,3,29.54247212175932
2020,157,True,2,0,2,0,False,2020-03-15,2020-03-16,BAL,JAX,ATL,BAL,ATL | BAL | JAX,3,29.149065331779774
2020,159,True,1,0,1,0,False,2020-04-24,2020-04-24,LV,NE,LV,NE,LV | NE,2,28.377898570470364
2020,160,True,1,0,1,0,False,2020-04-24,2020-04-24,IND,CLE,IND,CLE,CLE | IND,2,28.0
2020,162,True,2,1,1,0,False,2019-09-25,2020-03-23,PIT,SEA,SEA,WAS,PIT | SEA | WAS,3,26.812891859560057
2020,164,True,2,0,2,0,False,2020-04-25,2020-04-25,DAL,PHI,PHI,MIA,DAL | MIA | PHI,3,25.676113209730797
2020,165,True,1,1,0,0,False,2018-10-30,2018-10-30,LA,JAX,LA,JAX,JAX | LA,2,25.1259270500435
2020,166,True,1,0,1,0,False,2020-03-19,2020-03-19,PHI,DET,PHI,DET,DET | PHI,2,24.58753024522619
2020,168,True,1,1,0,0,False,2019-03-13,2019-03-13,NE,PHI,NE,PHI,NE | PHI,2,23.545099627104005
2020,169,True,1,0,1,0,False,2020-04-24,2020-04-24,NO,MIN,NO,MIN,MIN | NO,2,23.040576694155504
2020,170,True,1,1,0,0,False,2019-08-11,2019-08-11,MIN,BAL,MIN,BAL,BAL | MIN,2,22.546864647289553
2020,172,True,3,0,3,0,False,2020-03-18,2020-04-25,DET,NE,LV,DET,DET | LV | NE,3,21.590951555711165
2020,173,True,4,2,2,0,False,2019-10-16,2020-04-25,BAL,LA,PHI,CHI,BAL | CHI | LA | MIA | PHI,5,21.128301986307918
2020,176,True,1,0,1,0,False,2020-04-23,2020-04-23,SF,MIN,SF,MIN,MIN | SF,2,19.798989873223327
2020,181,True,1,1,0,0,False,2019-03-13,2019-03-13,WAS,DEN,WAS,DEN,DEN | WAS,2,17.766713400684264
2020,182,True,2,0,2,0,False,2020-04-24,2020-04-25,DET,IND,IND,NE,DET | IND | NE,3,17.386009369028777
2020,187,True,1,1,0,0,False,2018-05-18,2018-05-18,ARI,CLE,ARI,CLE,ARI | CLE,2,15.60141439634249
2020,188,True,1,1,0,0,False,2019-08-29,2019-08-29,CLE,BUF,CLE,BUF,BUF | CLE,2,15.2671082573136
2020,190,True,2,1,1,0,False,2019-10-01,2020-04-25,ATL,PHI,PHI,SF,ATL | PHI | SF,3,14.619832953983792
2020,192,True,1,1,0,0,False,2019-09-19,2019-09-19,OAK,GB,OAK,GB,GB | OAK,2,14.0
2020,195,True,1,1,0,0,False,2019-08-30,2019-08-30,DEN,NE,DEN,NE,DEN | NE,2,12.448632796256481
2020,196,True,1,0,1,0,False,2020-04-25,2020-04-25,CHI,PHI,CHI,PHI,CHI | PHI,2,11.970699535071823
2020,197,True,3,2,1,0,False,2019-03-29,2020-04-24,DAL,MIA,IND,DET,DAL | DET | IND | MIA,4,11.511115293083504
2020,200,True,2,1,1,0,False,2019-03-29,2020-04-25,PHI,CHI,CHI,PHI,CHI | PHI,2,10.235546239926343
2020,201,True,2,0,2,0,False,2020-03-16,2020-04-25,BUF,MIN,MIN,BAL,BAL | BUF | MIN,3,9.842578749076635
2020,202,True,1,1,0,0,False,2019-08-29,2019-08-29,NE,ARI,NE,ARI,ARI | NE,2,9.464698235047209
2020,203,True,1,0,1,0,False,2020-04-24,2020-04-24,NO,MIN,NO,MIN,MIN | NO,2,9.101325472139058
2020,204,True,1,1,0,0,False,2019-08-31,2019-08-31,HOU,NE,HOU,NE,HOU | NE,2,8.751903472535176
2020,206,True,1,1,0,0,False,2019-04-27,2019-04-27,SEA,JAX,SEA,JAX,JAX | SEA,2,8.092789911562482
2020,207,True,2,2,0,0,False,2019-08-29,2019-08-30,BAL,NE,NE,BUF,BAL | BUF | NE,3,7.782088042705171
2020,208,True,1,1,0,0,False,2019-08-29,2019-08-29,TEN,GB,TEN,GB,GB | TEN,2,7.483314773547881
2020,211,True,2,1,1,0,False,2019-05-16,2020-04-25,KC,NYJ,NYJ,IND,IND | KC | NYJ,3,6.6540741224784865
2020,212,True,1,0,1,0,False,2020-04-25,2020-04-25,NE,IND,NE,IND,IND | NE,2,6.398608048607554
2020,213,True,1,0,1,0,False,2020-04-25,2020-04-25,NE,IND,NE,IND,IND | NE,2,6.1529499380531965
2020,217,True,1,1,0,0,False,2018-08-23,2018-08-23,DET,SF,DET,SF,DET | SF,2,5.261079640198116
2020,219,True,2,1,1,0,False,2019-08-30,2020-04-25,MIA,MIN,MIN,BAL,BAL | MIA | MIN,3,4.8648630974661335
2020,224,True,1,1,0,0,False,2019-08-31,2019-08-31,CLE,TEN,CLE,TEN,CLE | TEN,2,4.0
2020,225,True,2,1,1,0,False,2019-08-05,2020-04-25,NYJ,BAL,BAL,MIN,BAL | MIN | NYJ,3,3.830413122794295
2020,226,True,1,1,0,0,False,2018-09-01,2018-09-01,OAK,CHI,OAK,CHI,CHI | OAK,2,3.668016172818685
2020,227,True,3,1,2,0,False,2019-08-31,2020-04-25,IND,MIA,PHI,CHI,CHI | IND | MIA | PHI,4,3.5125043207465994
2020,228,True,2,2,0,0,False,2019-03-13,2019-10-01,TB,PHI,PHI,ATL,ATL | PHI | TB,3,3.363585661014858
2020,229,True,1,1,0,0,False,2019-03-13,2019-03-13,DEN,WAS,DEN,WAS,DEN | WAS,2,3.2209806638985086
2020,230,True,1,1,0,0,False,2018-08-31,2018-08-31,ATL,NE,ATL,NE,ATL | NE,2,3.0844216508158815
2020,233,True,1,0,1,0,False,2020-04-25,2020-04-25,CHI,PHI,CHI,PHI,CHI | PHI,2,2.7085110938737853
2020,235,True,2,1,1,0,False,2019-03-13,2020-03-18,PHI,NE,NE,DET,DET | NE | PHI,3,2.483715624146968
2020,236,True,2,2,0,0,False,2018-08-05,2019-08-31,BUF,CLE,CLE,GB,BUF | CLE | GB,3,2.378414230005442
2020,237,True,3,1,2,0,False,2019-08-30,2020-04-25,NE,DEN,TEN,KC,DEN | KC | NE | TEN,4,2.277577269513383
2020,238,True,1,1,0,0,False,2018-10-23,2018-10-23,NO,NYG,NO,NYG,NO | NYG,2,2.1810154653305154
2020,239,True,1,0,1,0,False,2020-03-16,2020-03-16,MIN,BUF,MIN,BUF,BUF | MIN,2,2.0885475648548275
2020,240,True,1,0,1,0,False,2020-04-25,2020-04-25,HOU,NO,HOU,NO,HOU | NO,2,2.0
2020,241,True,2,1,1,0,False,2019-04-29,2020-04-21,SEA,NE,NE,TB,NE | SEA | TB,3,1.9152065613971472
2020,242,True,1,1,0,0,False,2018-10-30,2018-10-30,BAL,GB,BAL,GB,BAL | GB,2,1.8340080864093424
2020,244,True,3,1,2,0,False,2019-08-31,2020-04-24,GB,CLE,NO,MIN,CLE | GB | MIN | NO,4,1.681792830507429
2020,245,True,1,0,1,0,False,2020-04-23,2020-04-23,SF,TB,SF,TB,SF | TB,2,1.6104903319492543
2020,246,True,1,1,0,0,False,2018-08-31,2018-08-31,KC,MIA,KC,MIA,KC | MIA,2,1.5422108254079407
2020,248,True,1,0,1,0,False,2020-04-25,2020-04-25,HOU,LA,HOU,LA,HOU | LA,2,1.4142135623730951
2020,250,True,1,0,1,0,False,2020-04-25,2020-04-25,HOU,LA,HOU,LA,HOU | LA,2,1.2968395546510096
2020,251,True,1,0,1,0,False,2020-04-25,2020-04-25,MIA,SEA,MIA,SEA,MIA | SEA,2,1.241857812073484
2021,3,True,2,1,1,0,True,2019-09-01,2021-03-26,HOU,MIA,MIA,SF,HOU | MIA | SF,3,2200.0
2021,6,True,1,0,1,0,False,2021-03-26,2021-03-26,PHI,MIA,PHI,MIA,MIA | PHI,2,1600.0
2021,10,True,1,0,1,0,False,2021-04-29,2021-04-29,DAL,PHI,DAL,PHI,DAL | PHI,2,1300.0
2021,11,True,1,0,1,0,False,2021-04-29,2021-04-29,NYG,CHI,NYG,CHI,CHI | NYG,2,1250.0
2021,12,True,3,0,3,0,False,2021-03-26,2021-04-29,SF,MIA,PHI,DAL,DAL | MIA | PHI | SF,4,1200.0
2021,14,True,1,0,1,0,False,2021-04-29,2021-04-29,MIN,NYJ,MIN,NYJ,MIN | NYJ,2,1100.0
2021,20,True,1,0,1,0,False,2021-04-29,2021-04-29,CHI,NYG,CHI,NYG,CHI | NYG,2,850.0
2021,23,True,2,1,1,0,True,2020-07-25,2021-04-29,SEA,NYJ,NYJ,MIN,MIN | NYJ | SEA,3,760.0
2021,25,True,1,1,0,0,True,2019-10-16,2019-10-16,LA,JAX,LA,JAX,JAX | LA,2,720.0
2021,31,True,1,0,1,0,False,2021-04-23,2021-04-23,KC,BAL,KC,BAL,BAL | KC,2,600.0
2021,35,True,1,0,1,0,False,2021-04-30,2021-04-30,ATL,DEN,ATL,DEN,ATL | DEN,2,548.3085125943791
2021,36,True,1,1,0,0,True,2019-09-01,2019-09-01,HOU,MIA,HOU,MIA,HOU | MIA,2,535.0766269918975
2021,38,True,1,0,1,0,False,2021-04-30,2021-04-30,CIN,NE,CIN,NE,CIN | NE,2,509.56309319230627
2021,39,True,1,0,1,0,False,2021-04-30,2021-04-30,CAR,CHI,CAR,CHI,CAR | CHI,2,497.2662194405844
2021,40,True,1,0,1,0,False,2021-04-30,2021-04-30,DEN,ATL,DEN,ATL,ATL | DEN,2,485.26609619157006
2021,42,True,1,0,1,0,False,2021-04-30,2021-04-30,NYG,MIA,NYG,MIA,MIA | NYG,2,462.1276290591479
2021,43,True,1,0,1,0,False,2021-04-30,2021-04-30,SF,LV,SF,LV,LV | SF,2,450.9754769750521
2021,45,True,1,1,0,0,True,2020-08-30,2020-08-30,MIN,JAX,MIN,JAX,JAX | MIN,2,429.4720557935401
2021,46,True,1,0,1,0,False,2021-04-30,2021-04-30,NE,CIN,NE,CIN,CIN | NE,2,419.10795423174875
2021,48,True,1,0,1,0,False,2021-04-30,2021-04-30,LV,SF,LV,SF,LV | SF,2,399.1240408695021
2021,50,True,1,0,1,0,False,2021-04-30,2021-04-30,MIA,NYG,MIA,NYG,MIA | NYG,2,380.0930008403369
2021,52,True,2,0,2,0,False,2021-04-30,2021-04-30,CHI,CAR,CAR,CLE,CAR | CHI | CLE,3,361.96939922005004
2021,58,True,1,0,1,0,False,2021-04-23,2021-04-23,BAL,KC,BAL,KC,BAL | KC,2,312.620757131406
2021,59,True,1,0,1,0,False,2021-04-30,2021-04-30,CLE,CAR,CLE,CAR,CAR | CLE,2,305.0765333954813
2021,66,True,1,0,1,0,False,2021-04-29,2021-04-29,NYJ,MIN,NYJ,MIN,MIN | NYJ,2,256.1133125007298
2021,70,True,1,0,1,0,False,2021-04-30,2021-04-30,PHI,CAR,PHI,CAR,CAR | PHI,2,230.4458711454806
2021,71,True,1,0,1,0,False,2021-04-30,2021-04-30,DEN,NYG,DEN,NYG,DEN | NYG,2,224.44148105958462
2021,73,True,1,0,1,0,False,2021-04-30,2021-04-30,CAR,PHI,CAR,PHI,CAR | PHI,2,212.89796732125947
2021,74,True,1,1,0,0,True,2020-04-25,2020-04-25,SF,WAS,SF,WAS,SF | WAS,2,207.3507972290508
2021,76,True,2,0,2,0,False,2021-04-30,2021-04-30,NYG,DEN,DEN,NO,DEN | NO | NYG,3,196.6862945481459
2021,79,True,1,0,1,0,False,2021-03-17,2021-03-17,ARI,LV,ARI,LV,ARI | LV,2,181.70910201648016
2021,83,True,1,0,1,0,False,2021-04-30,2021-04-30,CHI,CAR,CHI,CAR,CAR | CHI,2,163.49838241669462
2021,84,True,2,0,2,0,False,2021-03-17,2021-04-29,IND,PHI,PHI,DAL,DAL | IND | PHI,3,159.2383448574925
2021,85,True,1,0,1,0,False,2021-04-30,2021-04-30,TEN,GB,TEN,GB,GB | TEN,2,155.0893048490769
2021,86,True,2,1,1,0,True,2020-07-25,2021-04-29,SEA,NYJ,NYJ,MIN,MIN | NYJ | SEA,3,151.0483702910592
2021,88,True,1,0,1,0,False,2021-04-30,2021-04-30,LA,SF,LA,SF,LA | SF,2,143.2796239373333
2021,89,True,2,0,2,0,False,2021-04-30,2021-04-30,CLE,CAR,CAR,HOU,CAR | CLE | HOU,3,139.54639691441523
2021,90,True,1,1,0,0,True,2020-10-22,2020-10-22,BAL,MIN,BAL,MIN,BAL | MIN,2,135.91044111277512
2021,91,True,1,1,0,0,True,2020-04-24,2020-04-24,NO,CLE,NO,CLE,CLE | NO,2,132.3692220788611
2021,92,True,1,0,1,0,False,2021-04-30,2021-04-30,GB,TEN,GB,TEN,GB | TEN,2,128.9202713956601
2021,94,True,1,0,1,0,False,2021-04-23,2021-04-23,KC,BAL,KC,BAL,BAL | KC,2,122.28962131716897
2021,98,True,1,0,1,0,False,2021-04-30,2021-04-30,NO,DEN,NO,DEN,DEN | NO,2,109.02375686743048
2021,101,True,1,0,1,0,False,2021-03-18,2021-03-18,LA,DET,LA,DET,DET | LA,2,99.33810581723509
2021,105,True,1,0,1,0,False,2021-04-30,2021-04-30,NO,DEN,NO,DEN,DEN | NO,2,87.74900141511668
2021,109,True,2,0,2,0,False,2021-04-30,2021-05-01,HOU,CAR,CAR,TEN,CAR | HOU | TEN,3,77.5119193788194
2021,110,True,1,1,0,0,True,2019-10-28,2019-10-28,PHI,CLE,PHI,CLE,CLE | PHI,2,75.14499644768598
2021,113,True,2,0,2,0,False,2021-04-30,2021-05-01,CAR,CLE,CLE,DET,CAR | CLE | DET,3,68.46912841054362
2021,114,True,1,0,1,0,False,2021-04-30,2021-04-30,DEN,ATL,DEN,ATL,ATL | DEN,2,66.37833835646687
2021,117,True,1,0,1,0,False,2021-04-30,2021-04-30,SF,LA,SF,LA,LA | SF,2,60.48129865534639
2021,121,True,5,2,3,0,True,2020-08-29,2021-05-01,LV,MIA,LA,JAX,JAX | LA | LV | MIA | SF,5,53.42535492935984
2021,122,True,3,1,2,0,True,2020-03-16,2021-04-30,ARI,HOU,NE,CIN,ARI | CIN | HOU | NE,4,51.793945222315514
2021,123,True,1,0,1,0,False,2021-03-26,2021-03-26,MIA,PHI,MIA,PHI,MIA | PHI,2,50.21235264116127
2021,125,True,1,1,0,0,True,2020-04-25,2020-04-25,CHI,MIN,CHI,MIN,CHI | MIN,2,47.192580397341786
2021,126,True,1,0,1,0,False,2021-05-01,2021-05-01,TEN,CAR,TEN,CAR,CAR | TEN,2,45.75149621806973
2021,129,True,1,0,1,0,False,2021-05-01,2021-05-01,SEA,TB,SEA,TB,SEA | TB,2,42.427384008372805
2021,130,True,2,1,1,0,True,2019-10-16,2021-05-01,LA,JAX,JAX,LA,JAX | LA,2,41.86239334404483
2021,134,True,1,1,0,0,True,2020-03-16,2020-03-16,BUF,MIN,BUF,MIN,BUF | MIN,2,39.67667325883394
2021,135,True,1,0,1,0,False,2021-04-30,2021-04-30,GB,TEN,GB,TEN,GB | TEN,2,39.14831284947172
2021,136,True,2,0,2,0,False,2021-04-23,2021-05-01,KC,BAL,BAL,ARI,ARI | BAL | KC,3,38.626988431266334
2021,137,True,1,0,1,0,False,2021-05-01,2021-05-01,TB,SEA,TB,SEA,SEA | TB,2,38.1126063083793
2021,139,True,1,0,1,0,False,2021-04-30,2021-04-30,NE,CIN,NE,CIN,CIN | NE,2,37.10430038716509
2021,143,True,2,0,2,0,False,2021-04-29,2021-05-01,MIN,NYJ,NYJ,LV,LV | MIN | NYJ,3,35.167009942793925
2021,151,True,1,0,1,0,False,2021-04-30,2021-04-30,CAR,CHI,CAR,CHI,CAR | CHI,2,31.590597354012306
2021,153,True,1,0,1,0,False,2021-05-01,2021-05-01,DET,CLE,DET,CLE,CLE | DET,2,30.754837497837325
2021,154,True,1,1,0,0,True,2019-10-28,2019-10-28,NYG,NYJ,NYG,NYJ,NYG | NYJ,2,30.345286061298786
2021,156,True,3,1,2,0,True,2020-04-25,2021-05-01,DAL,PHI,MIA,PIT,DAL | MIA | PHI | PIT,4,29.54247212175932
2021,158,True,2,0,2,0,False,2021-03-17,2021-04-30,NE,HOU,HOU,CAR,CAR | HOU | NE,3,28.76089740271087
2021,160,True,1,0,1,0,False,2021-05-01,2021-05-01,ARI,BAL,ARI,BAL,ARI | BAL,2,28.0
2021,161,True,1,1,0,0,True,2019-10-08,2019-10-08,OAK,BUF,OAK,BUF,BUF | OAK,2,27.4000177384556
2021,162,True,3,1,2,0,True,2020-08-29,2021-05-01,MIA,LV,NYJ,KC,KC | LV | MIA | NYJ,4,26.812891859560057
2021,164,True,2,0,2,0,False,2021-04-29,2021-04-30,CHI,NYG,NYG,DEN,CHI | DEN | NYG,3,25.676113209730797
2021,166,True,1,0,1,0,False,2021-05-01,2021-05-01,TEN,CAR,TEN,CAR,CAR | TEN,2,24.58753024522619
2021,167,True,1,0,1,0,False,2021-03-18,2021-03-18,SEA,LV,SEA,LV,LV | SEA,2,24.060670173714687
2021,168,True,2,2,0,0,True,2020-03-20,2020-04-25,PIT,BAL,BAL,MIN,BAL | MIN | PIT,3,23.545099627104005
2021,169,True,1,1,0,0,True,2019-10-15,2019-10-15,LA,CLE,LA,CLE,CLE | LA,2,23.040576694155504
2021,170,True,3,1,2,0,True,2020-09-03,2021-05-01,CLE,JAX,LA,HOU,CLE | HOU | JAX | LA,4,22.546864647289553
2021,172,True,1,1,0,0,True,2020-11-02,2020-11-02,NO,SF,NO,SF,NO | SF,2,21.590951555711165
2021,174,True,2,0,2,0,False,2021-05-01,2021-05-01,BUF,HOU,HOU,LA,BUF | HOU | LA,3,20.67556604315299
2021,175,True,1,0,1,0,False,2021-05-01,2021-05-01,KC,NYJ,KC,NYJ,KC | NYJ,2,20.23253129767865
2021,185,True,2,2,0,0,True,2020-10-14,2020-11-02,JAX,TEN,TEN,LAC,JAX | LAC | TEN,3,16.29214802288608
2021,186,True,2,2,0,0,True,2019-09-11,2020-04-24,NYJ,NE,NE,NYJ,NE | NYJ,2,15.943040886593678
2021,188,True,1,0,1,0,False,2021-03-17,2021-03-17,HOU,NE,HOU,NE,HOU | NE,2,15.2671082573136
2021,191,True,2,0,2,0,False,2021-04-28,2021-04-30,DEN,CAR,CAR,PHI,CAR | DEN | PHI,3,14.306560081157631
2021,192,True,1,1,0,0,True,2020-10-27,2020-10-27,DET,DAL,DET,DAL,DAL | DET,2,14.0
2021,195,True,2,1,1,0,True,2019-10-24,2021-03-17,DAL,NE,NE,HOU,DAL | HOU | NE,3,12.448632796256481
2021,200,True,1,0,1,0,False,2021-05-01,2021-05-01,LV,NYJ,LV,NYJ,LV | NYJ,2,10.235546239926343
2021,201,True,1,1,0,0,True,2020-10-23,2020-10-23,ARI,NYG,ARI,NYG,ARI | NYG,2,9.842578749076635
2021,202,True,2,1,1,0,True,2019-09-01,2021-03-19,MIA,HOU,HOU,CIN,CIN | HOU | MIA,3,9.464698235047209
2021,203,True,4,2,2,0,True,2020-09-01,2021-05-01,WAS,LV,HOU,BUF,BUF | HOU | LV | MIA | WAS,5,9.101325472139058
2021,204,True,1,0,1,0,False,2021-04-30,2021-04-30,CHI,CAR,CHI,CAR,CAR | CHI,2,8.751903472535176
2021,206,True,1,0,1,0,False,2021-05-01,2021-05-01,IND,NO,IND,NO,IND | NO,2,8.092789911562482
2021,207,True,3,2,1,0,True,2019-09-16,2021-05-01,PIT,MIA,KC,NYJ,KC | MIA | NYJ | PIT,4,7.782088042705171
2021,208,True,3,2,1,0,True,2020-04-25,2021-05-01,SEA,MIA,CHI,SEA,CHI | MIA | SEA,3,7.483314773547881
2021,209,True,1,0,1,0,False,2021-05-01,2021-05-01,LA,JAX,LA,JAX,JAX | LA,2,7.196012136163594
2021,210,True,1,0,1,0,False,2021-05-01,2021-05-01,BAL,ARI,BAL,ARI,ARI | BAL,2,6.919739745126783
2021,212,True,2,1,1,0,True,2020-04-25,2021-05-01,NO,HOU,HOU,BUF,BUF | HOU | NO,3,6.398608048607554
2021,215,True,1,1,0,0,True,2020-04-25,2020-04-25,KC,TEN,KC,TEN,KC | TEN,2,5.6895658574490495
2021,216,True,1,1,0,0,True,2019-08-31,2019-08-31,TB,PIT,TB,PIT,PIT | TB,2,5.4711295994695215
2021,217,True,2,0,2,0,False,2021-05-01,2021-05-01,TB,SEA,SEA,CHI,CHI | SEA | TB,3,5.261079640198116
2021,218,True,1,0,1,0,False,2021-05-01,2021-05-01,NO,IND,NO,IND,IND | NO,2,5.059094009250097
2021,219,True,1,0,1,0,False,2021-04-30,2021-04-30,ATL,DEN,ATL,DEN,ATL | DEN,2,4.8648630974661335
2021,223,True,1,0,1,0,False,2021-03-25,2021-03-25,MIN,ARI,MIN,ARI,ARI | MIN,2,4.159701029930424
2021,225,True,1,0,1,0,False,2021-05-01,2021-05-01,PHI,WAS,PHI,WAS,PHI | WAS,2,3.830413122794295
2021,226,True,2,0,2,0,False,2021-04-05,2021-05-01,CAR,NYJ,NYJ,KC,CAR | KC | NYJ,3,3.668016172818685
2021,229,True,2,0,2,0,False,2021-03-17,2021-05-01,JAX,NO,NO,IND,IND | JAX | NO,3,3.2209806638985086
2021,230,True,2,1,1,0,True,2020-10-21,2021-04-30,NYJ,SF,SF,LV,LV | NYJ | SF,3,3.0844216508158815
2021,231,True,1,0,1,0,False,2021-03-17,2021-03-17,HOU,MIA,HOU,MIA,HOU | MIA,2,2.9536522918789987
2021,232,True,3,1,2,0,True,2020-05-01,2021-05-01,ATL,MIA,TEN,CAR,ATL | CAR | MIA | TEN,4,2.82842712474619
2021,233,True,2,0,2,0,False,2021-03-19,2021-05-01,CIN,HOU,HOU,LA,CIN | HOU | LA,3,2.7085110938737853
2021,235,True,1,1,0,0,True,2020-10-28,2020-10-28,SEA,CIN,SEA,CIN,CIN | SEA,2,2.483715624146968
2021,236,True,1,1,0,0,True,2018-09-25,2018-09-25,CAR,BUF,CAR,BUF,BUF | CAR,2,2.378414230005442
2021,239,True,1,1,0,0,True,2020-09-02,2020-09-02,NYG,DEN,NYG,DEN,DEN | NYG,2,2.0885475648548275
2021,240,True,2,1,1,0,True,2020-04-25,2021-05-01,SF,PHI,PHI,WAS,PHI | SF | WAS,3,2.0
2021,244,True,2,1,1,0,True,2020-09-01,2021-04-22,LV,WAS,WAS,MIA,LV | MIA | WAS,3,1.681792830507429
2021,245,True,1,1,0,0,True,2019-09-16,2019-09-16,MIA,PIT,MIA,PIT,MIA | PIT,2,1.6104903319492543
2021,247,True,2,1,1,0,True,2019-05-06,2021-03-17,CHI,OAK,LV,ARI,ARI | CHI | LV | OAK,4,1.4768261459394991
2021,249,True,2,1,1,0,True,2020-10-14,2021-05-01,TEN,JAX,JAX,LA,JAX | LA | TEN,3,1.3542555469368927
2021,250,True,1,0,1,0,False,2021-05-01,2021-05-01,SEA,CHI,SEA,CHI,CHI | SEA,2,1.2968395546510096
2021,251,True,1,1,0,0,True,2019-08-31,2019-08-31,PIT,TB,PIT,TB,PIT | TB,2,1.241857812073484
2021,253,True,1,1,0,0,True,2020-03-17,2020-03-17,CLE,DEN,CLE,DEN,CLE | DEN,2,1.1387886347566916
2021,254,True,1,1,0,0,True,2020-03-20,2020-03-20,BAL,PIT,BAL,PIT,BAL | PIT,2,1.0905077326652577
2021,257,True,2,1,1,0,True,2019-08-29,2021-05-01,BUF,CLE,CLE,DET,BUF | CLE | DET,3,0.9231163463866358
2021,258,True,2,1,1,0,True,2020-11-03,2021-04-22,KC,MIA,MIA,WAS,KC | MIA | WAS,3,0.8521437889662113
2022,7,True,1,1,0,0,False,2021-04-29,2021-04-29,CHI,NYG,CHI,NYG,CHI | NYG,2,1500.0
2022,9,True,1,0,1,0,False,2022-03-08,2022-03-08,DEN,SEA,DEN,SEA,DEN | SEA,2,1350.0
2022,10,True,1,1,0,0,False,2020-07-25,2020-07-25,SEA,NYJ,SEA,NYJ,NYJ | SEA,2,1300.0
2022,11,True,1,0,1,0,False,2022-04-28,2022-04-28,WAS,NO,WAS,NO,NO | WAS,2,1250.0
2022,12,True,1,0,1,0,False,2022-04-28,2022-04-28,MIN,DET,MIN,DET,DET | MIN,2,1200.0
2022,13,True,2,0,2,0,False,2022-03-18,2022-04-28,CLE,HOU,HOU,PHI,CLE | HOU | PHI,3,1150.0
2022,15,True,2,1,1,0,False,2021-03-26,2022-04-28,MIA,PHI,PHI,HOU,HOU | MIA | PHI,3,1050.0
2022,16,True,2,1,1,0,True,2021-03-17,2022-04-28,IND,PHI,NO,WAS,IND | NO | PHI | WAS,4,1000.0
2022,18,True,2,0,2,0,False,2022-04-04,2022-04-28,NO,PHI,PHI,TEN,NO | PHI | TEN,3,900.0
2022,19,True,2,0,2,0,False,2022-04-04,2022-04-04,PHI,NO,PHI,NO,NO | PHI,2,875.0
2022,21,True,1,0,1,0,False,2022-04-28,2022-04-28,NE,KC,NE,KC,KC | NE,2,800.0
2022,22,True,1,0,1,0,False,2022-03-17,2022-03-17,LV,GB,LV,GB,GB | LV,2,780.0
2022,23,True,2,0,2,0,False,2022-04-28,2022-04-28,ARI,BAL,BAL,BUF,ARI | BAL | BUF,3,760.0
2022,25,True,1,0,1,0,False,2022-04-28,2022-04-28,BUF,BAL,BUF,BAL,BAL | BUF,2,720.0
2022,26,True,1,0,1,0,False,2022-04-28,2022-04-28,TEN,NYJ,TEN,NYJ,NYJ | TEN,2,700.0
2022,27,True,1,0,1,0,False,2022-04-28,2022-04-28,TB,JAX,TB,JAX,JAX | TB,2,680.0
2022,29,True,3,1,2,0,False,2021-03-26,2022-04-28,SF,MIA,KC,NE,KC | MIA | NE | SF,4,640.0
2022,32,True,2,1,1,0,False,2021-03-18,2022-04-28,LA,DET,DET,MIN,DET | LA | MIN,3,590.0
2022,33,True,1,0,1,0,True,2022-04-28,2022-04-28,JAX,TB,JAX,TB,JAX | TB,2,575.7620074718054
2022,34,True,2,0,2,0,True,2022-04-28,2022-04-29,DET,MIN,MIN,GB,DET | GB | MIN,3,561.8676088948529
2022,35,True,1,0,1,0,True,2022-04-28,2022-04-28,NYJ,TEN,NYJ,TEN,NYJ | TEN,2,548.3085125943791
2022,36,True,1,0,1,0,True,2022-04-29,2022-04-29,NYG,NYJ,NYG,NYJ,NYG | NYJ,2,535.0766269918975
2022,38,True,3,1,2,0,True,2021-04-05,2022-04-29,CAR,NYJ,NYG,ATL,ATL | CAR | NYG | NYJ,4,509.56309319230627
2022,40,True,1,0,1,0,True,2022-03-08,2022-03-08,DEN,SEA,DEN,SEA,DEN | SEA,2,485.26609619157006
2022,42,True,2,0,2,0,True,2022-03-09,2022-04-29,WAS,IND,IND,MIN,IND | MIN | WAS,3,462.1276290591479
2022,43,True,1,0,1,0,True,2022-04-29,2022-04-29,ATL,NYG,ATL,NYG,ATL | NYG,2,450.9754769750521
2022,44,True,1,0,1,0,True,2022-04-29,2022-04-29,CLE,HOU,CLE,HOU,CLE | HOU,2,440.09245075205274
2022,46,True,1,0,1,0,True,2022-04-28,2022-04-28,MIN,DET,MIN,DET,DET | MIN,2,419.10795423174875
2022,47,True,1,0,1,0,True,2022-03-09,2022-03-09,IND,WAS,IND,WAS,IND | WAS,2,408.9939611455477
2022,48,True,1,0,1,0,True,2022-03-10,2022-03-10,LAC,CHI,LAC,CHI,CHI | LAC,2,399.1240408695021
2022,50,True,2,0,2,0,True,2022-03-23,2022-04-29,MIA,KC,KC,NE,KC | MIA | NE,3,380.0930008403369
2022,53,True,2,0,2,0,True,2022-03-17,2022-04-29,LV,GB,MIN,IND,GB | IND | LV | MIN,4,353.2342846411855
2022,54,True,1,0,1,0,True,2022-04-29,2022-04-29,NE,KC,NE,KC,KC | NE,2,344.7099675133492
2022,57,True,1,0,1,0,False,2022-04-29,2022-04-29,BUF,TB,BUF,TB,BUF | TB,2,320.3515416333923
2022,58,True,1,1,0,0,False,2021-06-09,2021-06-09,TEN,ATL,TEN,ATL,ATL | TEN,2,312.620757131406
2022,59,True,2,0,2,0,True,2022-04-29,2022-04-29,GB,MIN,GB,MIN,GB | MIN,2,305.0765333954813
2022,60,True,2,0,2,0,False,2022-04-29,2022-04-30,TB,BUF,BUF,CIN,BUF | CIN | TB,3,297.71436830563
2022,63,True,1,0,1,0,False,2022-04-30,2022-04-30,CIN,BUF,CIN,BUF,BUF | CIN,2,276.6768177349749
2022,64,True,1,1,0,0,False,2021-11-02,2021-11-02,LA,DEN,LA,DEN,DEN | LA,2,270.0
2022,66,True,1,0,1,0,True,2022-04-28,2022-04-28,DET,MIN,DET,MIN,DET | MIN,2,256.1133125007298
2022,68,True,1,0,1,0,True,2022-04-29,2022-04-29,HOU,CLE,HOU,CLE,CLE | HOU,2,242.94084755591305
2022,69,True,1,0,1,0,True,2022-04-28,2022-04-28,NYJ,TEN,NYJ,TEN,NYJ | TEN,2,236.61089419518237
2022,70,True,1,1,0,0,False,2021-09-27,2021-09-27,CAR,JAX,CAR,JAX,CAR | JAX,2,230.4458711454806
2022,73,True,1,0,1,0,True,2022-03-09,2022-03-09,WAS,IND,WAS,IND,IND | WAS,2,212.89796732125947
2022,75,True,1,0,1,0,False,2022-04-29,2022-04-29,DEN,HOU,DEN,HOU,DEN | HOU,2,201.94816161229585
2022,77,True,1,0,1,0,True,2022-04-29,2022-04-29,MIN,IND,MIN,IND,IND | MIN,2,191.56152823688092
2022,80,True,2,1,1,0,False,2021-09-09,2022-04-29,NO,HOU,HOU,DEN,DEN | HOU | NO,3,176.97457444503152
2022,81,True,1,1,0,0,False,2021-04-30,2021-04-30,MIA,NYG,MIA,NYG,MIA | NYG,2,172.3634075147178
2022,82,True,1,0,1,0,True,2022-03-21,2022-03-21,IND,ATL,IND,ATL,ATL | IND,2,167.8723869982371
2022,86,True,1,0,1,0,False,2022-04-29,2022-04-29,LV,TEN,LV,TEN,LV | TEN,2,151.0483702910592
2022,90,True,1,0,1,0,False,2022-04-29,2022-04-29,TEN,LV,TEN,LV,LV | TEN,2,135.91044111277512
2022,94,True,2,0,2,0,True,2022-04-28,2022-04-29,KC,NE,NE,CAR,CAR | KC | NE,3,122.28962131716897
2022,96,True,2,1,1,0,False,2021-11-02,2022-04-29,LA,DEN,DEN,IND,DEN | IND | LA,3,116.0
2022,98,True,1,0,1,0,True,2022-04-28,2022-04-28,NO,WAS,NO,WAS,NO | WAS,2,109.02375686743048
2022,100,True,1,0,1,0,False,2022-04-28,2022-04-28,BAL,ARI,BAL,ARI,ARI | BAL,2,102.46706518524651
2022,101,True,3,0,3,0,True,2022-04-04,2022-04-28,NO,PHI,TEN,NYJ,NO | NYJ | PHI | TEN,4,99.33810581723509
2022,102,True,1,1,0,0,False,2021-03-26,2021-03-26,SF,MIA,SF,MIA,MIA | SF,2,96.30469311789194
2022,106,True,1,0,1,0,True,2022-04-28,2022-04-28,JAX,TB,JAX,TB,JAX | TB,2,85.06947644272576
2022,107,True,2,1,1,0,True,2021-05-01,2022-03-18,DET,CLE,CLE,HOU,CLE | DET | HOU,3,82.47177410035772
2022,109,True,1,1,0,0,False,2020-07-25,2020-07-25,NYJ,SEA,NYJ,SEA,NYJ | SEA,2,77.5119193788194
2022,110,True,1,1,0,0,False,2021-08-31,2021-08-31,NYG,BAL,NYG,BAL,BAL | NYG,2,75.14499644768598
2022,111,True,1,1,0,0,False,2021-04-05,2021-04-05,CAR,NYJ,CAR,NYJ,CAR | NYJ,2,72.85035045417483
2022,112,True,1,1,0,0,False,2021-04-29,2021-04-29,CHI,NYG,CHI,NYG,CHI | NYG,2,70.6257743320383
2022,114,True,1,0,1,0,True,2022-04-29,2022-04-29,ATL,NYG,ATL,NYG,ATL | NYG,2,66.37833835646687
2022,116,True,1,0,1,0,True,2022-03-08,2022-03-08,SEA,DEN,SEA,DEN,DEN | SEA,2,62.38634329516793
2022,117,True,1,1,0,0,False,2021-09-01,2021-09-01,MIN,NYJ,MIN,NYJ,MIN | NYJ,2,60.48129865534639
2022,118,True,1,0,1,0,False,2022-04-30,2022-04-30,CLE,MIN,CLE,MIN,CLE | MIN,2,58.63442692465892
2022,120,True,2,0,2,0,True,2022-04-28,2022-04-30,NO,WAS,WAS,CAR,CAR | NO | WAS,3,55.10815090599254
2022,121,True,2,0,2,0,True,2022-03-23,2022-04-28,MIA,KC,KC,NE,KC | MIA | NE,3,53.42535492935984
2022,122,True,2,0,2,0,True,2022-04-29,2022-04-30,IND,MIN,MIN,LV,IND | LV | MIN,3,51.793945222315514
2022,124,True,3,0,3,0,True,2022-04-28,2022-04-29,PHI,HOU,HOU,CLE,CLE | HOU | PHI,3,48.679055957954645
2022,125,True,1,1,0,0,False,2021-05-01,2021-05-01,PIT,MIA,PIT,MIA,MIA | PIT,2,47.192580397341786
2022,126,True,2,0,2,0,False,2022-04-30,2022-04-30,LV,MIN,MIN,LV,LV | MIN,2,45.75149621806973
2022,128,True,1,1,0,0,False,2021-05-01,2021-05-01,ARI,BAL,ARI,BAL,ARI | BAL,2,43.0
2022,130,True,1,0,1,0,True,2022-04-28,2022-04-28,BUF,BAL,BUF,BAL,BAL | BUF,2,41.86239334404483
2022,137,True,3,2,1,0,False,2020-04-09,2022-04-29,LA,HOU,CAR,NE,CAR | HOU | LA | NE,4,38.1126063083793
2022,144,True,1,1,0,0,False,2021-09-27,2021-09-27,JAX,CAR,JAX,CAR,CAR | JAX,2,34.698703145794944
2022,145,True,3,1,2,0,True,2021-08-31,2022-04-30,DET,DEN,SEA,KC,DEN | DET | KC | SEA,4,34.23663262695757
2022,146,True,1,0,1,0,True,2022-04-29,2022-04-29,NYJ,NYG,NYJ,NYG,NYG | NYJ,2,33.78071533994218
2022,148,True,1,0,1,0,False,2022-04-30,2022-04-30,CHI,BUF,CHI,BUF,BUF | CHI,2,32.88701379078764
2022,149,True,2,0,2,0,False,2022-04-30,2022-04-30,CAR,WAS,CAR,WAS,CAR | WAS,2,32.44906890675348
2022,150,True,1,0,1,0,False,2022-04-30,2022-04-30,CHI,HOU,CHI,HOU,CHI | HOU,2,32.01695598188324
2022,154,True,2,1,1,0,False,2021-05-01,2022-04-30,WAS,PHI,PHI,JAX,JAX | PHI | WAS,3,30.345286061298786
2022,155,True,1,0,1,0,True,2022-03-11,2022-03-11,CLE,DAL,CLE,DAL,CLE | DAL,2,29.941188478294087
2022,156,True,2,1,1,0,True,2020-10-22,2022-04-30,BAL,MIN,MIN,CLE,BAL | CLE | MIN,3,29.54247212175932
2022,157,True,2,1,1,0,False,2020-08-30,2022-04-30,MIN,JAX,JAX,TB,JAX | MIN | TB,3,29.149065331779774
2022,158,True,3,0,3,0,True,2022-04-02,2022-04-30,MIA,NE,KC,SEA,KC | MIA | NE | SEA,4,28.76089740271087
2022,162,True,1,0,1,0,False,2022-04-29,2022-04-29,HOU,DEN,HOU,DEN,DEN | HOU,2,26.812891859560057
2022,163,True,2,1,1,0,True,2020-11-02,2022-04-28,PIT,NYJ,NYJ,TEN,NYJ | PIT | TEN,3,26.238346877544192
2022,164,True,2,1,1,0,False,2021-03-17,2022-04-30,NE,LV,LV,LA,LA | LV | NE,3,25.676113209730797
2022,166,True,6,2,4,0,True,2021-07-26,2022-04-30,HOU,CHI,CHI,CIN,ARI | CHI | CIN | HOU | PHI,5,24.58753024522619
2022,168,True,1,0,1,0,False,2022-04-30,2022-04-30,BUF,CHI,BUF,CHI,BUF | CHI,2,23.545099627104005
2022,169,True,3,0,3,0,False,2022-04-29,2022-04-30,TEN,LV,LV,MIN,LV | MIN | TEN,3,23.040576694155504
2022,170,True,2,0,2,0,True,2022-03-15,2022-04-25,TB,NE,NE,HOU,HOU | NE | TB,3,22.546864647289553
2022,171,True,1,0,1,0,False,2022-04-30,2022-04-30,GB,DEN,GB,DEN,DEN | GB,2,22.063731831510403
2022,173,True,2,2,0,0,False,2021-04-23,2021-08-31,KC,BAL,BAL,NYG,BAL | KC | NYG,3,21.128301986307918
2022,174,True,1,0,1,0,False,2022-04-30,2022-04-30,CIN,CHI,CIN,CHI,CHI | CIN,2,20.67556604315299
2022,175,True,1,0,1,0,False,2022-04-30,2022-04-30,LA,LV,LA,LV,LA | LV,2,20.23253129767865
2022,179,True,2,0,2,0,False,2022-04-29,2022-04-30,IND,DEN,DEN,GB,DEN | GB | IND,3,18.553313004236372
2022,180,True,2,0,2,0,True,2022-04-28,2022-04-29,JAX,TB,TB,BUF,BUF | JAX | TB,3,18.155753765114135
2022,181,True,1,0,1,0,False,2022-04-30,2022-04-30,DET,PHI,DET,PHI,DET | PHI,2,17.766713400684264
2022,183,True,1,0,1,0,True,2022-04-25,2022-04-25,HOU,NE,HOU,NE,HOU | NE,2,17.013463039726563
2022,184,True,1,1,0,0,False,2021-09-01,2021-09-01,NYJ,MIN,NYJ,MIN,MIN | NYJ,2,16.648899610038093
2022,185,True,1,1,0,0,False,2021-08-30,2021-08-30,CAR,BUF,CAR,BUF,BUF | CAR,2,16.29214802288608
2022,187,True,1,1,0,0,False,2021-08-31,2021-08-31,DEN,SF,DEN,SF,DEN | SF,2,15.60141439634249
2022,188,True,2,1,1,0,False,2021-08-31,2022-04-30,SEA,JAX,PHI,DET,DET | JAX | PHI | SEA,4,15.2671082573136
2022,189,True,1,0,1,0,False,2022-04-30,2022-04-30,WAS,CAR,WAS,CAR,CAR | WAS,2,14.939965609475523
2022,191,True,2,2,0,0,False,2021-04-23,2021-05-13,BAL,KC,KC,MIN,BAL | KC | MIN,3,14.306560081157631
2022,192,True,1,0,1,0,True,2022-04-29,2022-04-29,MIN,IND,MIN,IND,IND | MIN,2,14.0
2022,193,True,1,0,1,0,True,2022-03-11,2022-03-11,CLE,DAL,CLE,DAL,CLE | DAL,2,13.46250598229572
2022,194,True,2,1,1,0,True,2021-08-31,2022-04-04,IND,PHI,PHI,NO,IND | NO | PHI,3,12.94564766595343
2022,196,True,1,1,0,0,False,2021-08-28,2021-08-28,MIA,BAL,MIA,BAL,BAL | MIA,2,11.970699535071823
2022,197,True,1,1,0,0,False,2021-08-28,2021-08-28,PHI,JAX,PHI,JAX,JAX | PHI,2,11.511115293083504
2022,198,True,3,1,2,0,False,2021-08-14,2022-04-30,PIT,JAX,JAX,PHI,JAX | PHI | PIT,3,11.069175606859458
2022,199,True,1,1,0,0,False,2021-08-26,2021-08-26,LV,CAR,LV,CAR,CAR | LV,2,10.644203059030524
2022,202,True,1,0,1,0,True,2022-03-11,2022-03-11,DAL,CLE,DAL,CLE,CLE | DAL,2,9.464698235047209
2022,203,True,1,0,1,0,False,2022-04-30,2022-04-30,BUF,CHI,BUF,CHI,BUF | CHI,2,9.101325472139058
2022,205,True,1,1,0,0,False,2021-07-29,2021-07-29,GB,HOU,GB,HOU,GB | HOU,2,8.41589663253425
2022,206,True,3,3,0,0,False,2020-10-19,2021-11-02,TB,NYJ,PHI,DEN,DEN | NYJ | PHI | TB,4,8.092789911562482
2022,207,True,3,2,1,0,False,2020-10-21,2022-04-30,SF,NYJ,HOU,CHI,CHI | HOU | NYJ | SF,4,7.782088042705171
2022,208,True,1,1,0,0,False,2021-11-02,2021-11-02,KC,PIT,KC,PIT,KC | PIT,2,7.483314773547881
2022,209,True,1,0,1,0,False,2022-04-30,2022-04-30,CIN,BUF,CIN,BUF,BUF | CIN,2,7.196012136163594
2022,210,True,1,1,0,0,False,2021-08-25,2021-08-25,LA,NE,LA,NE,LA | NE,2,6.919739745126783
2022,218,True,1,0,1,0,False,2022-04-30,2022-04-30,LA,TB,LA,TB,LA | TB,2,5.059094009250097
2022,224,True,3,3,0,0,False,2021-03-18,2021-08-28,HOU,NE,BAL,MIA,BAL | HOU | MIA | NE,4,4.0
2022,225,True,1,1,0,0,False,2020-11-02,2020-11-02,NYJ,PIT,NYJ,PIT,NYJ | PIT,2,3.830413122794295
2022,226,True,2,1,1,0,False,2021-08-30,2022-04-30,NYG,CIN,CIN,CHI,CHI | CIN | NYG,3,3.668016172818685
2022,227,True,2,1,1,0,False,2021-08-26,2022-04-30,CAR,LV,LV,MIN,CAR | LV | MIN,3,3.5125043207465994
2022,228,True,2,2,0,0,False,2021-07-26,2021-08-23,CHI,HOU,HOU,GB,CHI | GB | HOU,3,3.363585661014858
2022,231,True,1,1,0,0,True,2021-03-17,2021-03-17,ATL,BUF,ATL,BUF,ATL | BUF,2,2.9536522918789987
2022,233,True,2,1,1,0,False,2021-05-13,2022-04-30,MIN,KC,KC,SEA,KC | MIN | SEA,3,2.7085110938737853
2022,234,True,2,1,1,0,True,2021-08-31,2022-04-30,DET,DEN,DEN,GB,DEN | DET | GB,3,2.5936791093020193
2022,235,True,1,0,1,0,False,2022-04-30,2022-04-30,JAX,TB,JAX,TB,JAX | TB,2,2.483715624146968
2022,237,True,2,0,2,0,True,2022-04-04,2022-04-30,NO,PHI,PHI,DET,DET | NO | PHI,3,2.277577269513383
2022,238,True,2,1,1,0,False,2019-10-29,2022-04-30,MIA,LA,LA,LV,LA | LV | MIA,3,2.1810154653305154
2022,240,True,2,1,1,0,True,2021-08-31,2022-03-09,PHI,IND,IND,WAS,IND | PHI | WAS,3,2.0
2022,242,True,1,1,0,0,False,2021-08-17,2021-08-17,MIA,CAR,MIA,CAR,CAR | MIA,2,1.8340080864093424
2022,243,True,2,2,0,0,False,2021-03-17,2021-08-31,LV,NE,NE,KC,KC | LV | NE,3,1.7562521603732995
2022,245,True,2,1,1,0,True,2020-11-01,2022-04-25,DAL,HOU,HOU,NE,DAL | HOU | NE,3,1.6104903319492543
2022,246,True,1,0,1,0,True,2022-03-19,2022-03-19,BUF,CLE,BUF,CLE,BUF | CLE,2,1.5422108254079407
2022,247,True,1,1,0,0,False,2021-03-17,2021-03-17,TEN,MIA,TEN,MIA,MIA | TEN,2,1.4768261459394991
2022,250,True,3,2,1,0,False,2021-08-31,2022-04-30,SF,DEN,MIN,LV,DEN | LV | MIN | SF,4,1.2968395546510096
2022,255,True,2,0,2,0,False,2022-04-30,2022-04-30,LAC,CHI,LAC,CHI,CHI | LAC,2,1.0442737824274138
2022,261,True,2,0,2,0,False,2022-04-30,2022-04-30,TB,LA,TB,LA,LA | TB,2,0.6703200460356393
2023,1,True,1,0,1,0,False,2023-03-10,2023-03-10,CHI,CAR,CHI,CAR,CAR | CHI,2,3000.0
2023,3,True,1,0,1,0,False,2023-04-27,2023-04-27,ARI,HOU,ARI,HOU,ARI | HOU,2,2200.0
2023,5,True,1,1,0,0,False,2022-03-08,2022-03-08,DEN,SEA,DEN,SEA,DEN | SEA,2,1700.0
2023,6,True,2,1,1,0,False,2021-03-18,2023-04-27,LA,DET,DET,ARI,ARI | DET | LA,3,1600.0
2023,9,True,2,0,2,0,False,2023-03-10,2023-04-27,CAR,CHI,CHI,PHI,CAR | CHI | PHI,3,1350.0
2023,10,True,2,1,1,0,False,2022-04-04,2023-04-27,NO,PHI,PHI,CHI,CHI | NO | PHI,3,1300.0
2023,12,True,3,1,2,0,False,2022-03-18,2023-04-27,CLE,HOU,ARI,DET,ARI | CLE | DET | HOU,4,1200.0
2023,13,True,1,0,1,0,False,2023-04-24,2023-04-24,NYJ,GB,NYJ,GB,GB | NYJ,2,1150.0
2023,14,True,1,0,1,0,False,2023-04-27,2023-04-27,NE,PIT,NE,PIT,NE | PIT,2,1100.0
2023,15,True,1,0,1,0,False,2023-04-24,2023-04-24,GB,NYJ,GB,NYJ,GB | NYJ,2,1050.0
2023,17,True,1,0,1,0,False,2023-04-27,2023-04-27,PIT,NE,PIT,NE,NE | PIT,2,950.0
2023,24,True,1,0,1,0,False,2023-04-27,2023-04-27,JAX,NYG,JAX,NYG,JAX | NYG,2,740.0
2023,25,True,2,0,2,0,False,2023-04-27,2023-04-27,NYG,JAX,JAX,BUF,BUF | JAX | NYG,3,720.0
2023,27,True,1,0,1,0,False,2023-04-27,2023-04-27,BUF,JAX,BUF,JAX,BUF | JAX,2,680.0
2023,29,True,3,2,1,0,False,2021-03-26,2023-01-31,SF,MIA,DEN,NO,DEN | MIA | NO | SF,4,640.0
2023,32,True,1,1,0,0,False,2022-11-01,2022-11-01,CHI,PIT,CHI,PIT,CHI | PIT,2,590.0
2023,33,True,2,0,2,0,False,2023-04-27,2023-04-28,HOU,ARI,ARI,TEN,ARI | HOU | TEN,3,575.7620074718054
2023,34,True,1,0,1,0,False,2023-04-27,2023-04-27,ARI,DET,ARI,DET,ARI | DET,2,561.8676088948529
2023,35,True,1,0,1,0,False,2023-04-28,2023-04-28,IND,LV,IND,LV,IND | LV,2,548.3085125943791
2023,37,True,1,1,0,0,False,2022-03-08,2022-03-08,DEN,SEA,DEN,SEA,DEN | SEA,2,522.1640557764364
2023,38,True,2,0,2,0,False,2023-04-28,2023-04-28,LV,IND,IND,ATL,ATL | IND | LV,3,509.56309319230627
2023,41,True,1,0,1,0,False,2023-04-28,2023-04-28,TEN,ARI,TEN,ARI,ARI | TEN,2,473.5555622055335
2023,42,True,2,0,2,0,False,2023-03-22,2023-04-24,CLE,NYJ,NYJ,GB,CLE | GB | NYJ,3,462.1276290591479
2023,44,True,1,0,1,0,False,2023-04-28,2023-04-28,ATL,IND,ATL,IND,ATL | IND,2,440.09245075205274
2023,45,True,1,0,1,0,False,2023-04-28,2023-04-28,GB,DET,GB,DET,DET | GB,2,429.4720557935401
2023,48,True,2,0,2,0,False,2023-04-28,2023-04-28,DET,GB,GB,TB,DET | GB | TB,3,399.1240408695021
2023,50,True,1,0,1,0,False,2023-04-28,2023-04-28,TB,GB,TB,GB,GB | TB,2,380.0930008403369
2023,53,True,1,1,0,0,False,2022-10-31,2022-10-31,BAL,CHI,BAL,CHI,BAL | CHI,2,353.2342846411855
2023,55,True,2,1,1,0,False,2022-11-01,2023-04-28,MIN,DET,DET,KC,DET | KC | MIN,3,336.3913608322486
2023,56,True,1,0,1,0,False,2023-04-28,2023-04-28,JAX,CHI,JAX,CHI,CHI | JAX,2,328.2735003541492
2023,61,True,3,1,2,0,False,2022-10-20,2023-04-28,SF,CAR,CHI,JAX,CAR | CHI | JAX | SF,4,290.52986838788144
2023,62,True,1,0,1,0,False,2023-04-28,2023-04-28,PHI,HOU,PHI,HOU,HOU | PHI,2,283.5187461924169
2023,63,True,2,0,2,0,False,2023-04-28,2023-04-28,KC,DET,DET,DEN,DEN | DET | KC,3,276.6768177349749
2023,65,True,1,0,1,0,False,2023-04-28,2023-04-28,HOU,PHI,HOU,PHI,HOU | PHI,2,262.96500598976496
2023,66,True,1,0,1,0,False,2023-04-27,2023-04-27,ARI,PHI,ARI,PHI,ARI | PHI,2,256.1133125007298
2023,67,True,1,1,0,0,False,2022-04-29,2022-04-29,IND,DEN,IND,DEN,DEN | IND,2,249.44014354004796
2023,68,True,1,0,1,0,False,2023-04-28,2023-04-28,DEN,DET,DEN,DET,DEN | DET,2,242.94084755591305
2023,69,True,1,0,1,0,False,2023-04-28,2023-04-28,LA,HOU,LA,HOU,HOU | LA,2,236.61089419518237
2023,72,True,1,0,1,0,False,2023-04-28,2023-04-28,TEN,ARI,TEN,ARI,ARI | TEN,2,218.59353855994584
2023,73,True,3,1,2,0,False,2022-03-18,2023-04-28,CLE,HOU,LA,NYG,CLE | HOU | LA | NYG,4,212.89796732125947
2023,74,True,1,0,1,0,False,2023-03-22,2023-03-22,NYJ,CLE,NYJ,CLE,CLE | NYJ,2,207.3507972290508
2023,76,True,1,1,0,0,False,2022-04-29,2022-04-29,CAR,NE,CAR,NE,CAR | NE,2,196.6862945481459
2023,77,True,2,1,1,0,False,2022-04-02,2023-03-12,NE,MIA,MIA,LA,LA | MIA | NE,3,191.56152823688092
2023,80,True,1,0,1,0,False,2023-04-28,2023-04-28,PIT,CAR,PIT,CAR,CAR | PIT,2,176.97457444503152
2023,81,True,2,0,2,0,False,2023-04-27,2023-04-28,DET,ARI,ARI,TEN,ARI | DET | TEN,3,172.3634075147178
2023,83,True,1,0,1,0,False,2023-04-28,2023-04-28,SEA,DEN,SEA,DEN,DEN | SEA,2,163.49838241669462
2023,87,True,1,0,1,0,False,2023-04-28,2023-04-28,MIN,SF,MIN,SF,MIN | SF,2,147.1127244382688
2023,89,True,1,0,1,0,False,2023-04-28,2023-04-28,NYG,LA,NYG,LA,LA | NYG,2,139.54639691441523
2023,92,True,1,0,1,0,False,2023-04-28,2023-04-28,CIN,KC,CIN,KC,CIN | KC,2,128.9202713956601
2023,93,True,2,1,1,0,False,2022-10-20,2023-04-28,SF,CAR,CAR,PIT,CAR | PIT | SF,3,125.56118496208103
2023,94,True,1,0,1,0,False,2023-04-27,2023-04-27,PHI,ARI,PHI,ARI,ARI | PHI,2,122.28962131716897
2023,95,True,1,0,1,0,False,2023-04-28,2023-04-28,KC,CIN,KC,CIN,CIN | KC,2,119.10330000798292
2023,96,True,1,0,1,0,False,2023-04-28,2023-04-28,ARI,DET,ARI,DET,ARI | DET,2,116.0
2023,100,True,2,1,1,0,False,2022-10-27,2023-03-14,KC,NYG,NYG,LV,KC | LV | NYG,3,102.46706518524651
2023,102,True,1,0,1,0,False,2023-04-28,2023-04-28,SF,MIN,SF,MIN,MIN | SF,2,96.30469311789194
2023,103,True,1,0,1,0,False,2023-04-29,2023-04-29,CHI,NO,CHI,NO,CHI | NO,2,93.36390945076992
2023,104,True,1,0,1,0,False,2023-04-29,2023-04-29,HOU,LV,HOU,LV,HOU | LV,2,90.51292627308231
2023,105,True,2,0,2,0,False,2023-04-27,2023-04-29,ARI,HOU,HOU,PHI,ARI | HOU | PHI,3,87.74900141511668
2023,107,True,1,1,0,0,False,2021-08-25,2021-08-25,LA,NE,LA,NE,LA | NE,2,82.47177410035772
2023,108,True,1,0,1,0,False,2023-04-28,2023-04-28,DEN,SEA,DEN,SEA,DEN | SEA,2,79.9533958321667
2023,109,True,1,0,1,0,False,2023-04-29,2023-04-29,LV,HOU,LV,HOU,HOU | LV,2,77.5119193788194
2023,110,True,2,1,1,0,True,2021-06-09,2023-04-28,TEN,ATL,ATL,IND,ATL | IND | TEN,3,75.14499644768598
2023,112,True,1,0,1,0,False,2023-04-29,2023-04-29,NYJ,NE,NYJ,NE,NE | NYJ,2,70.6257743320383
2023,115,True,1,0,1,0,False,2023-04-29,2023-04-29,NO,CHI,NO,CHI,CHI | NO,2,64.3513931789309
2023,119,True,2,1,1,0,False,2022-11-01,2023-04-29,DET,MIN,MIN,KC,DET | KC | MIN,3,56.843951720921865
2023,120,True,2,0,2,0,False,2023-04-27,2023-04-29,PIT,NE,NE,NYJ,NE | NYJ | PIT,3,55.10815090599254
2023,121,True,1,1,0,0,False,2022-04-30,2022-04-30,TB,JAX,TB,JAX,JAX | TB,2,53.42535492935984
2023,122,True,3,1,2,0,False,2022-03-23,2023-04-28,MIA,KC,DET,ARI,ARI | DET | KC | MIA,4,51.793945222315514
2023,126,True,1,1,0,0,False,2022-04-30,2022-04-30,MIN,CLE,MIN,CLE,CLE | MIN,2,45.75149621806973
2023,127,True,1,0,1,0,False,2023-04-29,2023-04-29,JAX,NO,JAX,NO,JAX | NO,2,44.35441733781426
2023,128,True,1,0,1,0,False,2023-04-28,2023-04-28,NYG,LA,NYG,LA,LA | NYG,2,43.0
2023,130,True,1,0,1,0,False,2023-04-27,2023-04-27,BUF,JAX,BUF,JAX,BUF | JAX,2,41.86239334404483
2023,132,True,2,1,1,0,False,2022-10-20,2023-04-28,SF,CAR,CAR,PIT,CAR | PIT | SF,3,40.75488317422161
2023,133,True,1,1,0,0,False,2022-10-26,2022-10-26,PHI,CHI,PHI,CHI,CHI | PHI,2,40.212164619745856
2023,134,True,1,0,1,0,False,2023-04-29,2023-04-29,KC,MIN,KC,MIN,KC | MIN,2,39.67667325883394
2023,135,True,1,0,1,0,False,2023-04-29,2023-04-29,NE,LV,NE,LV,LV | NE,2,39.14831284947172
2023,136,True,1,0,1,0,False,2023-04-28,2023-04-28,CHI,JAX,CHI,JAX,CHI | JAX,2,38.626988431266334
2023,137,True,2,1,1,0,False,2022-08-22,2023-04-29,ARI,BUF,BUF,WAS,ARI | BUF | WAS,3,38.1126063083793
2023,139,True,1,0,1,0,False,2023-04-28,2023-04-28,DEN,DET,DEN,DET,DEN | DET,2,37.10430038716509
2023,140,True,1,1,0,0,False,2022-04-30,2022-04-30,LA,CLE,LA,CLE,CLE | LA,2,36.610195369494626
2023,141,True,2,0,2,0,False,2023-04-28,2023-04-29,LV,IND,IND,MIN,IND | LV | MIN,3,36.12267017588604
2023,144,True,2,1,1,0,False,2022-05-13,2023-04-29,ATL,LV,LV,NE,ATL | LV | NE,3,34.698703145794944
2023,148,True,2,2,0,0,False,2021-08-26,2022-10-31,NE,BAL,BAL,CHI,BAL | CHI | NE,3,32.88701379078764
2023,150,True,1,0,1,0,False,2023-04-29,2023-04-29,WAS,BUF,WAS,BUF,BUF | WAS,2,32.01695598188324
2023,151,True,1,1,0,0,False,2021-09-03,2021-09-03,PIT,SEA,PIT,SEA,PIT | SEA,2,31.590597354012306
2023,155,True,1,1,0,0,False,2022-11-01,2022-11-01,MIA,SF,MIA,SF,MIA | SF,2,29.941188478294087
2023,158,True,1,0,1,0,False,2023-04-29,2023-04-29,MIN,IND,MIN,IND,IND | MIN,2,28.76089740271087
2023,159,True,3,1,2,0,False,2022-11-01,2023-04-28,JAX,ATL,DET,GB,ATL | DET | GB | JAX,4,28.377898570470364
2023,160,True,1,0,1,0,False,2023-04-27,2023-04-27,NYG,JAX,NYG,JAX,JAX | NYG,2,28.0
2023,161,True,2,0,2,0,False,2023-03-19,2023-04-28,DAL,HOU,HOU,LA,DAL | HOU | LA,3,27.4000177384556
2023,162,True,1,1,0,0,False,2022-11-01,2022-11-01,BUF,IND,BUF,IND,BUF | IND,2,26.812891859560057
2023,164,True,1,0,1,0,False,2023-04-28,2023-04-28,SF,MIN,SF,MIN,MIN | SF,2,25.676113209730797
2023,165,True,2,1,1,0,False,2022-08-30,2023-04-29,PHI,NO,NO,CHI,CHI | NO | PHI,3,25.1259270500435
2023,167,True,1,0,1,0,False,2023-04-29,2023-04-29,LA,HOU,LA,HOU,HOU | LA,2,24.060670173714687
2023,168,True,3,0,3,0,False,2023-04-27,2023-04-28,ARI,DET,DET,ARI,ARI | DET,2,23.545099627104005
2023,170,True,2,0,2,0,False,2023-04-24,2023-04-29,GB,NYJ,NYJ,LV,GB | LV | NYJ,3,22.546864647289553
2023,171,True,1,0,1,0,False,2023-04-29,2023-04-29,LA,TB,LA,TB,LA | TB,2,22.063731831510403
2023,174,True,2,0,2,0,False,2023-04-29,2023-04-29,LV,HOU,HOU,LA,HOU | LA | LV,3,20.67556604315299
2023,175,True,1,0,1,0,False,2023-04-29,2023-04-29,TB,LA,TB,LA,LA | TB,2,20.23253129767865
2023,176,True,1,0,1,0,False,2023-03-14,2023-03-14,DAL,IND,DAL,IND,DAL | IND,2,19.798989873223327
2023,178,True,3,2,1,0,False,2021-10-05,2023-04-29,CHI,MIA,KC,DAL,CHI | DAL | KC | MIA,4,18.959577657116494
2023,179,True,2,0,2,0,False,2023-03-14,2023-04-28,HOU,TB,TB,GB,GB | HOU | TB,3,18.553313004236372
2023,181,True,1,1,0,0,False,2022-08-30,2022-08-30,IND,TB,IND,TB,IND | TB,2,17.766713400684264
2023,183,True,1,0,1,0,False,2023-04-28,2023-04-28,DET,DEN,DET,DEN,DEN | DET,2,17.013463039726563
2023,184,True,2,1,1,0,False,2022-05-12,2023-04-29,LV,NE,NE,NYJ,LV | NE | NYJ,3,16.648899610038093
2023,185,True,1,1,0,0,False,2022-10-24,2022-10-24,NYJ,JAX,NYJ,JAX,JAX | NYJ,2,16.29214802288608
2023,186,True,1,1,0,0,False,2021-06-09,2021-06-09,ATL,TEN,ATL,TEN,ATL | TEN,2,15.943040886593678
2023,187,True,1,1,0,0,False,2021-10-06,2021-10-06,CAR,NE,CAR,NE,CAR | NE,2,15.60141439634249
2023,188,True,2,1,1,0,True,2021-09-09,2023-04-28,NO,HOU,HOU,PHI,HOU | NO | PHI,3,15.2671082573136
2023,189,True,1,1,0,0,False,2022-03-19,2022-03-19,TEN,LA,TEN,LA,LA | TEN,2,14.939965609475523
2023,191,True,3,1,2,0,False,2021-08-31,2023-04-29,GB,LA,PHI,TB,GB | HOU | LA | PHI | TB,5,14.306560081157631
2023,194,True,1,0,1,0,False,2023-04-28,2023-04-28,DET,KC,DET,KC,DET | KC,2,12.94564766595343
2023,195,True,2,1,1,0,False,2022-08-30,2023-04-29,PIT,DEN,DEN,NO,DEN | NO | PIT,3,12.448632796256481
2023,200,True,2,2,0,0,False,2022-03-10,2022-04-30,LAC,CHI,CHI,LAC,CHI | LAC,2,10.235546239926343
2023,201,True,1,1,0,0,False,2022-08-30,2022-08-30,MIN,HOU,MIN,HOU,HOU | MIN,2,9.842578749076635
2023,203,True,2,1,1,0,False,2021-08-16,2023-04-29,NYG,HOU,HOU,LV,HOU | LV | NYG,3,9.101325472139058
2023,204,True,2,1,1,0,False,2022-10-25,2023-04-29,DAL,LV,LV,NYJ,DAL | LV | NYJ,3,8.751903472535176
2023,205,True,1,0,1,0,False,2023-04-29,2023-04-29,BUF,HOU,BUF,HOU,BUF | HOU,2,8.41589663253425
2023,207,True,3,2,1,0,False,2021-11-02,2023-04-24,SF,HOU,NYJ,GB,GB | HOU | NYJ | SF,4,7.782088042705171
2023,208,True,1,1,0,0,False,2021-05-18,2021-05-18,PHI,JAX,PHI,JAX,JAX | PHI,2,7.483314773547881
2023,209,True,1,1,0,0,False,2022-10-27,2022-10-27,KC,NYG,KC,NYG,KC | NYG,2,7.196012136163594
2023,211,True,1,0,1,0,False,2023-04-29,2023-04-29,MIN,IND,MIN,IND,IND | MIN,2,6.6540741224784865
2023,214,True,1,0,1,0,False,2023-04-29,2023-04-29,LV,NE,LV,NE,LV | NE,2,5.916723239271945
2023,215,True,2,0,2,0,False,2023-04-29,2023-04-29,WAS,BUF,BUF,LA,BUF | LA | WAS,3,5.6895658574490495
2023,217,True,1,0,1,0,False,2023-04-28,2023-04-28,KC,CIN,KC,CIN,CIN | KC,2,5.261079640198116
2023,219,True,3,2,1,0,False,2022-08-30,2023-04-29,HOU,MIN,PHI,DET,DET | HOU | MIN | PHI,4,4.8648630974661335
2023,220,True,2,1,1,0,False,2022-08-30,2023-04-29,ARI,LV,LV,NYJ,ARI | LV | NYJ,3,4.678089182334822
2023,222,True,3,2,1,0,False,2021-08-31,2023-04-28,DEN,SF,SF,MIN,DEN | MIN | SF,3,4.325778164601057
2023,224,True,1,1,0,0,False,2022-05-13,2022-05-13,LV,ATL,LV,ATL,ATL | LV,2,4.0
2023,226,True,1,1,0,0,False,2022-08-29,2022-08-29,CAR,JAX,CAR,JAX,CAR | JAX,2,3.668016172818685
2023,227,True,1,0,1,0,False,2023-04-29,2023-04-29,NO,JAX,NO,JAX,JAX | NO,2,3.5125043207465994
2023,229,True,1,0,1,0,False,2023-04-29,2023-04-29,CLE,BAL,CLE,BAL,BAL | CLE,2,3.2209806638985086
2023,230,True,4,1,3,0,False,2020-10-19,2023-04-29,NYJ,TB,HOU,BUF,BUF | HOU | NYJ | PHI | TB,5,3.0844216508158815
2023,231,True,1,1,0,0,False,2022-05-12,2022-05-12,NE,LV,NE,LV,LV | NE,2,2.9536522918789987
2023,234,True,1,0,1,0,False,2023-04-18,2023-04-18,PIT,LA,PIT,LA,LA | PIT,2,2.5936791093020193
2023,235,True,2,2,0,0,False,2021-03-17,2021-08-31,DET,LA,LA,GB,DET | GB | LA,3,2.483715624146968
2023,236,True,1,1,0,0,False,2022-08-30,2022-08-30,TB,IND,TB,IND,IND | TB,2,2.378414230005442
2023,240,True,2,1,1,0,False,2021-08-31,2023-04-27,BAL,NYG,NYG,JAX,BAL | JAX | NYG,3,2.0
2023,241,True,1,1,0,0,False,2022-08-30,2022-08-30,DEN,PIT,DEN,PIT,DEN | PIT,2,1.9152065613971472
2023,242,True,1,1,0,0,False,2022-08-23,2022-08-23,JAX,GB,JAX,GB,GB | JAX,2,1.8340080864093424
2023,245,True,2,1,1,0,False,2022-11-01,2023-03-13,BUF,ATL,ATL,NE,ATL | BUF | NE,3,1.6104903319492543
2023,248,True,2,0,2,0,False,2023-04-29,2023-04-29,PHI,HOU,PHI,HOU,HOU | PHI,2,1.4142135623730951
2023,249,True,2,0,2,0,False,2023-04-28,2023-04-29,KC,DET,DET,PHI,DET | KC | PHI,3,1.3542555469368927
2023,251,True,1,0,1,0,False,2023-04-18,2023-04-18,LA,PIT,LA,PIT,LA | PIT,2,1.241857812073484
2023,252,True,2,0,2,0,False,2023-04-29,2023-04-29,TB,LA,LA,BUF,BUF | LA | TB,3,1.189207115002721
2023,257,True,1,0,1,0,False,2023-04-29,2023-04-29,NO,DEN,NO,DEN,DEN | NO,2,0.9231163463866358
2023,259,True,1,0,1,0,False,2023-04-29,2023-04-29,HOU,LA,HOU,LA,HOU | LA,2,0.7866278610665535
2024,1,True,1,1,0,0,False,2023-03-10,2023-03-10,CAR,CHI,CAR,CHI,CAR | CHI,2,3000.0
2024,10,True,1,0,1,0,False,2024-04-25,2024-04-25,NYJ,MIN,NYJ,MIN,MIN | NYJ,2,1300.0
2024,11,True,1,0,1,0,False,2024-04-25,2024-04-25,MIN,NYJ,MIN,NYJ,MIN | NYJ,2,1250.0
2024,17,True,1,0,1,0,False,2024-04-25,2024-04-25,JAX,MIN,JAX,MIN,JAX | MIN,2,950.0
2024,23,True,3,1,2,0,False,2022-03-18,2024-04-25,CLE,HOU,MIN,JAX,CLE | HOU | JAX | MIN,4,760.0
2024,24,True,1,0,1,0,False,2024-04-25,2024-04-25,DAL,DET,DAL,DET,DAL | DET,2,740.0
2024,27,True,1,1,0,0,False,2023-04-27,2023-04-27,HOU,ARI,HOU,ARI,ARI | HOU,2,680.0
2024,28,True,1,0,1,0,False,2024-04-25,2024-04-25,BUF,KC,BUF,KC,BUF | KC,2,660.0
2024,29,True,1,0,1,0,False,2024-04-25,2024-04-25,DET,DAL,DET,DAL,DAL | DET,2,640.0
2024,32,True,2,0,2,0,False,2024-04-25,2024-04-25,BUF,CAR,KC,BUF,BUF | CAR | KC,3,590.0
2024,33,True,1,0,1,0,False,2024-04-25,2024-04-25,CAR,BUF,CAR,BUF,BUF | CAR,2,575.7620074718054
2024,34,True,1,0,1,0,False,2024-04-26,2024-04-26,NE,LAC,NE,LAC,LAC | NE,2,561.8676088948529
2024,35,True,1,0,1,0,False,2024-04-26,2024-04-26,ARI,ATL,ARI,ATL,ARI | ATL,2,548.3085125943791
2024,37,True,1,0,1,0,False,2024-04-26,2024-04-26,LAC,NE,LAC,NE,LAC | NE,2,522.1640557764364
2024,39,True,2,0,2,0,False,2024-03-13,2024-04-26,NYG,CAR,CAR,LA,CAR | LA | NYG,3,497.2662194405844
2024,40,True,2,1,1,0,False,2023-10-31,2024-04-26,CHI,WAS,WAS,PHI,CHI | PHI | WAS,3,485.26609619157006
2024,41,True,1,0,1,0,False,2024-04-26,2024-04-26,GB,NO,GB,NO,GB | NO,2,473.5555622055335
2024,42,True,1,0,1,0,False,2024-03-15,2024-03-15,MIN,HOU,MIN,HOU,HOU | MIN,2,462.1276290591479
2024,43,True,1,0,1,0,False,2024-04-26,2024-04-26,ATL,ARI,ATL,ARI,ARI | ATL,2,450.9754769750521
2024,45,True,2,1,1,0,False,2023-01-31,2024-04-26,DEN,NO,NO,GB,DEN | GB | NO,3,429.4720557935401
2024,46,True,1,0,1,0,False,2024-04-26,2024-04-26,IND,CAR,IND,CAR,CAR | IND,2,419.10795423174875
2024,47,True,1,1,0,0,False,2023-10-30,2023-10-30,SEA,NYG,SEA,NYG,NYG | SEA,2,408.9939611455477
2024,50,True,1,1,0,0,False,2022-04-04,2022-04-04,NO,PHI,NO,PHI,NO | PHI,2,380.0930008403369
2024,52,True,2,0,2,0,False,2024-04-26,2024-04-26,LA,CAR,CAR,IND,CAR | IND | LA,3,361.96939922005004
2024,53,True,2,0,2,0,False,2024-04-26,2024-04-26,PHI,WAS,PHI,WAS,PHI | WAS,2,353.2342846411855
2024,63,True,1,0,1,0,False,2024-04-26,2024-04-26,SF,KC,SF,KC,KC | SF,2,276.6768177349749
2024,64,True,1,0,1,0,False,2024-04-26,2024-04-26,KC,SF,KC,SF,KC | SF,2,270.0
2024,65,True,1,0,1,0,False,2024-04-26,2024-04-26,CAR,NYJ,CAR,NYJ,CAR | NYJ,2,262.96500598976496
2024,71,True,1,1,0,0,False,2023-04-28,2023-04-28,TEN,ARI,TEN,ARI,ARI | TEN,2,224.44148105958462
2024,72,True,1,0,1,0,False,2024-04-26,2024-04-26,NYJ,CAR,NYJ,CAR,CAR | NYJ,2,218.59353855994584
2024,73,True,2,1,1,0,False,2022-11-01,2024-04-25,MIN,DET,DET,DAL,DAL | DET | MIN,3,212.89796732125947
2024,78,True,3,0,3,0,False,2024-03-14,2024-04-26,SEA,WAS,PHI,HOU,HOU | PHI | SEA | WAS,4,186.57029044525893
2024,79,True,2,0,2,0,False,2024-04-26,2024-04-26,ATL,ARI,ARI,IND,ARI | ATL | IND,3,181.70910201648016
2024,81,True,2,2,0,0,False,2023-01-31,2023-04-28,NO,DEN,DEN,SEA,DEN | NO | SEA,3,172.3634075147178
2024,82,True,1,0,1,0,False,2024-04-26,2024-04-26,IND,ARI,IND,ARI,ARI | IND,2,167.8723869982371
2024,86,True,3,1,2,0,False,2023-04-29,2024-04-26,PHI,HOU,PHI,SF,HOU | PHI | SF,3,151.0483702910592
2024,90,True,1,1,0,0,False,2023-04-27,2023-04-27,HOU,ARI,HOU,ARI,ARI | HOU,2,135.91044111277512
2024,91,True,1,1,0,0,False,2023-10-31,2023-10-31,BUF,GB,BUF,GB,BUF | GB,2,132.3692220788611
2024,92,True,1,0,1,0,False,2024-03-13,2024-03-13,DET,TB,DET,TB,DET | TB,2,128.9202713956601
2024,94,True,1,0,1,0,False,2024-04-26,2024-04-26,SF,PHI,SF,PHI,PHI | SF,2,122.28962131716897
2024,95,True,1,0,1,0,False,2024-04-25,2024-04-25,KC,BUF,KC,BUF,BUF | KC,2,119.10330000798292
2024,98,True,1,0,1,0,False,2024-03-15,2024-03-15,PHI,PIT,PHI,PIT,PHI | PIT,2,109.02375686743048
2024,100,True,1,1,0,0,False,2023-10-31,2023-10-31,SF,WAS,SF,WAS,SF | WAS,2,102.46706518524651
2024,102,True,2,0,2,0,False,2024-03-14,2024-04-27,WAS,SEA,SEA,DEN,DEN | SEA | WAS,3,96.30469311789194
2024,110,True,2,0,2,0,False,2024-03-14,2024-04-26,CHI,LAC,LAC,NE,CHI | LAC | NE,3,75.14499644768598
2024,111,True,1,0,1,0,False,2024-04-27,2024-04-27,NYJ,GB,NYJ,GB,GB | NYJ,2,72.85035045417483
2024,113,True,2,1,1,0,False,2022-11-01,2024-03-13,DEN,NYJ,NYJ,BAL,BAL | DEN | NYJ,3,68.46912841054362
2024,116,True,1,1,0,0,False,2023-04-29,2023-04-29,NO,JAX,NO,JAX,JAX | NO,2,62.38634329516793
2024,120,True,3,1,2,0,False,2023-08-27,2024-04-27,LA,PIT,PHI,MIA,LA | MIA | PHI | PIT,4,55.10815090599254
2024,121,True,2,1,1,0,False,2022-11-01,2024-04-27,MIA,DEN,DEN,SEA,DEN | MIA | SEA,3,53.42535492935984
2024,122,True,1,1,0,0,False,2023-04-27,2023-04-27,PHI,CHI,PHI,CHI,CHI | PHI,2,51.793945222315514
2024,123,True,3,1,2,0,False,2022-03-18,2024-04-27,CLE,HOU,PHI,HOU,CLE | HOU | PHI,3,50.21235264116127
2024,124,True,1,1,0,0,False,2023-08-25,2023-08-25,DAL,SF,DAL,SF,DAL | SF,2,48.679055957954645
2024,126,True,2,0,2,0,False,2024-04-27,2024-04-27,GB,NYJ,NYJ,DET,DET | GB | NYJ,3,45.75149621806973
2024,127,True,1,0,1,0,False,2024-04-27,2024-04-27,HOU,PHI,HOU,PHI,HOU | PHI,2,44.35441733781426
2024,129,True,3,1,2,0,True,2022-11-01,2024-04-27,DET,MIN,NYJ,SF,DET | MIN | NYJ | SF,4,42.427384008372805
2024,132,True,2,0,2,0,False,2024-04-26,2024-04-27,SF,PHI,PHI,DET,DET | PHI | SF,3,40.75488317422161
2024,133,True,1,0,1,0,False,2024-04-25,2024-04-25,BUF,KC,BUF,KC,BUF | KC,2,40.212164619745856
2024,134,True,1,0,1,0,False,2024-03-13,2024-03-13,BAL,NYJ,BAL,NYJ,BAL | NYJ,2,39.67667325883394
2024,136,True,2,0,2,0,False,2024-03-13,2024-04-27,CLE,DEN,DEN,SEA,CLE | DEN | SEA,3,38.626988431266334
2024,137,True,1,0,1,0,False,2024-04-26,2024-04-26,NE,LAC,NE,LAC,LAC | NE,2,38.1126063083793
2024,141,True,2,0,2,0,False,2024-03-13,2024-04-25,NYG,CAR,CAR,BUF,BUF | CAR | NYG,3,36.12267017588604
2024,142,True,1,1,0,0,False,2022-08-29,2022-08-29,TEN,CAR,TEN,CAR,CAR | TEN,2,35.6416371851189
2024,144,True,2,0,2,0,False,2024-03-13,2024-04-27,CHI,BUF,BUF,CHI,BUF | CHI,2,34.698703145794944
2024,145,True,1,1,0,0,False,2022-11-01,2022-11-01,NYJ,DEN,NYJ,DEN,DEN | NYJ,2,34.23663262695757
2024,146,True,1,1,0,0,False,2023-10-23,2023-10-23,PHI,TEN,PHI,TEN,PHI | TEN,2,33.78071533994218
2024,152,True,2,0,2,0,False,2024-03-14,2024-04-26,SEA,WAS,WAS,PHI,PHI | SEA | WAS,3,31.16991639517594
2024,155,True,5,1,4,0,False,2023-08-27,2024-04-27,PIT,LA,IND,PHI,CAR | IND | LA | PHI | PIT,5,29.941188478294087
2024,156,True,2,2,0,0,False,2023-04-27,2023-08-24,PHI,ARI,ARI,CLE,ARI | CLE | PHI,3,29.54247212175932
2024,157,True,2,0,2,0,False,2024-04-25,2024-04-26,MIN,NYJ,NYJ,CAR,CAR | MIN | NYJ,3,29.149065331779774
2024,159,True,1,1,0,0,False,2023-04-29,2023-04-29,DAL,KC,DAL,KC,DAL | KC,2,28.377898570470364
2024,160,True,1,1,0,0,False,2023-10-31,2023-10-31,GB,BUF,GB,BUF,BUF | GB,2,28.0
2024,161,True,2,1,1,0,False,2023-04-29,2024-04-26,TB,PHI,PHI,WAS,PHI | TB | WAS,3,27.4000177384556
2024,162,True,1,1,0,0,False,2023-08-24,2023-08-24,HOU,ARI,HOU,ARI,ARI | HOU,2,26.812891859560057
2024,163,True,1,0,1,0,False,2024-04-27,2024-04-27,BUF,GB,BUF,GB,BUF | GB,2,26.238346877544192
2024,164,True,2,0,2,0,False,2024-04-27,2024-04-27,DET,PHI,PHI,IND,DET | IND | PHI,3,25.676113209730797
2024,166,True,2,1,1,0,False,2022-10-20,2024-03-13,SF,CAR,CAR,NYG,CAR | NYG | SF,3,24.58753024522619
2024,167,True,2,1,1,0,False,2023-04-29,2024-04-25,KC,MIN,MIN,JAX,JAX | KC | MIN,3,24.060670173714687
2024,168,True,2,0,2,0,False,2024-04-26,2024-04-27,NO,GB,GB,BUF,BUF | GB | NO,3,23.545099627104005
2024,171,True,1,0,1,0,False,2024-04-27,2024-04-27,PHI,NYJ,PHI,NYJ,NYJ | PHI,2,22.063731831510403
2024,173,True,1,0,1,0,False,2024-04-26,2024-04-26,KC,SF,KC,SF,KC | SF,2,21.128301986307918
2024,176,True,2,0,2,0,False,2024-04-27,2024-04-27,SF,NYJ,SF,NYJ,NYJ | SF,2,19.798989873223327
2024,177,True,2,2,0,0,False,2022-08-29,2023-10-31,CAR,JAX,JAX,MIN,CAR | JAX | MIN,3,19.374738347493643
2024,178,True,2,1,1,0,False,2022-10-17,2024-03-13,ARI,CAR,CAR,PIT,ARI | CAR | PIT,3,18.959577657116494
2024,179,True,1,0,1,0,False,2024-03-14,2024-03-14,WAS,SEA,WAS,SEA,SEA | WAS,2,18.553313004236372
2024,182,True,2,2,0,0,False,2022-08-24,2023-10-23,TEN,PHI,PHI,TEN,PHI | TEN,2,17.386009369028777
2024,184,True,1,1,0,0,False,2023-08-28,2023-08-28,CHI,MIA,CHI,MIA,CHI | MIA,2,16.648899610038093
2024,186,True,2,1,1,0,False,2023-10-31,2024-04-26,MIN,ARI,ARI,ATL,ARI | ATL | MIN,3,15.943040886593678
2024,188,True,3,2,1,0,False,2022-09-21,2024-03-15,LV,NE,MIN,HOU,HOU | LV | MIN | NE,4,15.2671082573136
2024,189,True,4,2,2,0,False,2021-10-25,2024-04-27,DEN,LA,HOU,DET,BUF | DEN | DET | HOU | LA,5,14.939965609475523
2024,190,True,4,0,4,0,False,2024-04-26,2024-04-27,NO,GB,NYJ,PHI,GB | NO | NYJ | PHI,4,14.619832953983792
2024,191,True,1,0,1,0,False,2024-04-26,2024-04-26,IND,ARI,IND,ARI,ARI | IND,2,14.306560081157631
2024,193,True,1,0,1,0,False,2024-03-13,2024-03-13,JAX,NE,JAX,NE,JAX | NE,2,13.46250598229572
2024,197,True,1,1,0,0,False,2022-10-10,2022-10-10,CLE,ATL,CLE,ATL,ATL | CLE,2,11.511115293083504
2024,199,True,1,1,0,0,False,2022-08-30,2022-08-30,PHI,NO,PHI,NO,NO | PHI,2,10.644203059030524
2024,200,True,3,2,1,0,False,2023-03-19,2024-04-25,DAL,HOU,BUF,CAR,BUF | CAR | DAL | HOU,4,10.235546239926343
2024,201,True,3,0,3,0,False,2024-03-13,2024-04-27,TB,DET,PHI,IND,DET | IND | PHI | TB,4,9.842578749076635
2024,203,True,4,1,3,0,False,2022-03-18,2024-04-25,HOU,CLE,NYJ,MIN,CLE | DEN | HOU | MIN | NYJ,5,9.101325472139058
2024,205,True,1,0,1,0,False,2024-04-27,2024-04-27,DET,HOU,DET,HOU,DET | HOU,2,8.41589663253425
2024,206,True,1,1,0,0,False,2023-04-29,2023-04-29,BAL,CLE,BAL,CLE,BAL | CLE,2,8.092789911562482
2024,207,True,2,1,1,0,False,2023-10-06,2024-04-27,SF,DEN,DEN,SEA,DEN | SEA | SF,3,7.782088042705171
2024,208,True,1,1,0,0,False,2023-08-29,2023-08-29,KC,LV,KC,LV,KC | LV,2,7.483314773547881
2024,210,True,1,0,1,0,False,2024-04-27,2024-04-27,PHI,DET,PHI,DET,DET | PHI,2,6.919739745126783
2024,211,True,1,0,1,0,False,2024-04-26,2024-04-26,SF,KC,SF,KC,KC | SF,2,6.6540741224784865
2024,218,True,1,0,1,0,False,2024-03-13,2024-03-13,NYJ,BAL,NYJ,BAL,BAL | NYJ,2,5.059094009250097
2024,219,True,1,0,1,0,False,2024-04-27,2024-04-27,GB,BUF,GB,BUF,BUF | GB,2,4.8648630974661335
2024,221,True,3,1,2,0,False,2022-08-29,2024-04-25,CAR,TEN,KC,BUF,BUF | CAR | KC | TEN,4,4.498485971635389
2024,223,True,1,1,0,0,False,2022-09-21,2022-09-21,NE,LV,NE,LV,LV | NE,2,4.159701029930424
2024,224,True,2,1,1,0,False,2023-08-24,2024-03-13,ARI,HOU,HOU,CIN,ARI | CIN | HOU,3,4.0
2024,226,True,1,1,0,0,False,2023-08-24,2023-08-24,NYG,ARI,NYG,ARI,ARI | NYG,2,3.668016172818685
2024,227,True,1,0,1,0,False,2024-04-12,2024-04-12,TEN,CLE,TEN,CLE,CLE | TEN,2,3.5125043207465994
2024,228,True,1,1,0,0,False,2023-03-09,2023-03-09,NYJ,BAL,NYJ,BAL,BAL | NYJ,2,3.363585661014858
2024,230,True,2,2,0,0,False,2022-10-10,2023-08-24,ATL,CLE,CLE,ARI,ARI | ATL | CLE,3,3.0844216508158815
2024,231,True,1,1,0,0,False,2022-07-12,2022-07-12,CHI,NE,CHI,NE,CHI | NE,2,2.9536522918789987
2024,232,True,3,1,2,0,False,2023-10-06,2024-03-15,DEN,SF,HOU,MIN,DEN | HOU | MIN | SF,4,2.82842712474619
2024,233,True,1,1,0,0,False,2022-10-25,2022-10-25,LV,DAL,LV,DAL,DAL | LV,2,2.7085110938737853
2024,235,True,1,0,1,0,False,2024-04-27,2024-04-27,SEA,DEN,SEA,DEN,DEN | SEA,2,2.483715624146968
2024,238,True,1,1,0,0,False,2021-10-29,2021-10-29,NO,HOU,NO,HOU,HOU | NO,2,2.1810154653305154
2024,239,True,2,2,0,0,False,2021-10-25,2023-08-29,LA,DEN,DEN,NO,DEN | LA | NO,3,2.0885475648548275
2024,240,True,1,0,1,0,False,2024-03-13,2024-03-13,PIT,CAR,PIT,CAR,CAR | PIT,2,2.0
2024,242,True,1,1,0,0,False,2022-08-24,2022-08-24,PHI,TEN,PHI,TEN,PHI | TEN,2,1.8340080864093424
2024,248,True,1,0,1,0,False,2024-04-25,2024-04-25,BUF,KC,BUF,KC,BUF | KC,2,1.4142135623730951
2024,249,True,1,0,1,0,False,2024-04-27,2024-04-27,DET,HOU,DET,HOU,DET | HOU,2,1.3542555469368927
2024,252,True,1,0,1,0,False,2024-03-29,2024-03-29,KC,TEN,KC,TEN,KC | TEN,2,1.189207115002721
2024,256,True,1,0,1,0,False,2024-04-22,2024-04-22,NYJ,DEN,NYJ,DEN,DEN | NYJ,2,1.0
2025,2,True,1,0,1,0,False,2025-04-24,2025-04-24,CLE,JAX,CLE,JAX,CLE | JAX,2,2600.0
2025,5,True,1,0,1,0,False,2025-04-24,2025-04-24,JAX,CLE,JAX,CLE,CLE | JAX,2,1700.0
2025,25,True,1,0,1,0,False,2025-04-24,2025-04-24,HOU,NYG,HOU,NYG,HOU | NYG,2,720.0
2025,26,True,1,0,1,0,False,2025-04-24,2025-04-24,LA,ATL,LA,ATL,ATL | LA,2,700.0
2025,31,True,1,0,1,0,False,2025-04-24,2025-04-24,KC,PHI,KC,PHI,KC | PHI,2,600.0
2025,34,True,1,0,1,0,False,2025-04-24,2025-04-24,NYG,HOU,NYG,HOU,HOU | NYG,2,561.8676088948529
2025,35,True,1,0,1,0,False,2025-04-25,2025-04-25,TEN,SEA,TEN,SEA,SEA | TEN,2,548.3085125943791
2025,36,True,1,0,1,0,False,2025-04-24,2025-04-24,JAX,CLE,JAX,CLE,CLE | JAX,2,535.0766269918975
2025,37,True,1,0,1,0,False,2025-04-25,2025-04-25,LV,MIA,LV,MIA,LV | MIA,2,522.1640557764364
2025,41,True,1,0,1,0,False,2025-04-25,2025-04-25,CHI,BUF,CHI,BUF,BUF | CHI,2,473.5555622055335
2025,46,True,1,0,1,0,False,2025-04-24,2025-04-24,ATL,LA,ATL,LA,ATL | LA,2,419.10795423174875
2025,48,True,2,0,2,0,False,2025-04-25,2025-04-25,MIA,LV,LV,HOU,HOU | LV | MIA,3,399.1240408695021
2025,51,True,1,0,1,0,False,2025-04-25,2025-04-25,DEN,CAR,DEN,CAR,CAR | DEN,2,370.9205240505338
2025,52,True,2,0,2,0,False,2025-03-09,2025-04-25,PIT,SEA,SEA,TEN,PIT | SEA | TEN,3,361.96939922005004
2025,56,True,3,2,1,0,False,2024-03-15,2025-04-25,MIN,HOU,BUF,CHI,BUF | CHI | HOU | MIN,4,328.2735003541492
2025,57,True,3,1,2,0,False,2024-04-26,2025-04-25,LA,CAR,DEN,DET,CAR | DEN | DET | LA,4,320.3515416333923
2025,58,True,1,0,1,0,False,2025-04-25,2025-04-25,HOU,LV,HOU,LV,HOU | LV,2,312.620757131406
2025,60,True,1,0,1,0,False,2025-04-25,2025-04-25,DET,DEN,DET,DEN,DEN | DET,2,297.71436830563
2025,62,True,1,0,1,0,False,2025-04-25,2025-04-25,BUF,CHI,BUF,CHI,BUF | CHI,2,283.5187461924169
2025,66,True,1,1,0,0,False,2024-03-29,2024-03-29,TEN,KC,TEN,KC,KC | TEN,2,256.1133125007298
2025,70,True,1,0,1,0,False,2025-04-25,2025-04-25,JAX,DET,JAX,DET,DET | JAX,2,230.4458711454806
2025,72,True,1,0,1,0,False,2025-04-25,2025-04-25,CHI,BUF,CHI,BUF,BUF | CHI,2,218.59353855994584
2025,74,True,1,0,1,0,False,2025-04-25,2025-04-25,CAR,DEN,CAR,DEN,CAR | DEN,2,207.3507972290508
2025,77,True,2,1,1,0,False,2024-08-14,2025-04-25,ATL,NE,NE,CAR,ATL | CAR | NE,3,191.56152823688092
2025,79,True,3,2,1,0,False,2024-04-27,2025-03-10,MIA,PHI,WAS,HOU,HOU | MIA | PHI | WAS,4,181.70910201648016
2025,82,True,1,0,1,0,False,2025-04-25,2025-04-25,SEA,TEN,SEA,TEN,SEA | TEN,2,167.8723869982371
2025,85,True,3,0,3,0,False,2025-04-25,2025-04-25,DEN,CAR,NE,KC,CAR | DEN | KC | NE,4,155.0893048490769
2025,88,True,1,1,0,0,False,2024-04-25,2024-04-25,MIN,JAX,MIN,JAX,JAX | MIN,2,143.2796239373333
2025,89,True,1,0,1,0,False,2025-04-25,2025-04-25,HOU,JAX,HOU,JAX,HOU | JAX,2,139.54639691441523
2025,92,True,2,1,1,0,False,2024-04-27,2025-03-07,DET,NYJ,LV,SEA,DET | LV | NYJ | SEA,4,128.9202713956601
2025,93,True,1,1,0,0,False,2024-11-05,2024-11-05,WAS,NO,WAS,NO,NO | WAS,2,125.56118496208103
2025,94,True,1,1,0,0,False,2024-10-15,2024-10-15,BUF,CLE,BUF,CLE,BUF | CLE,2,122.28962131716897
2025,95,True,1,0,1,0,False,2025-04-25,2025-04-25,KC,NE,KC,NE,KC | NE,2,119.10330000798292
2025,96,True,1,0,1,0,False,2025-04-25,2025-04-25,PHI,ATL,PHI,ATL,ATL | PHI,2,116.0
2025,97,True,1,0,1,0,False,2025-04-25,2025-04-25,MIN,HOU,MIN,HOU,HOU | MIN,2,112.45779562405593
2025,98,True,1,0,1,0,False,2025-04-25,2025-04-25,MIA,LV,MIA,LV,LV | MIA,2,109.02375686743048
2025,99,True,2,0,2,0,False,2025-04-24,2025-04-25,NYG,HOU,HOU,LV,HOU | LV | NYG,3,105.6945807583126
2025,101,True,3,0,3,0,False,2025-04-24,2025-04-25,LA,ATL,PHI,DEN,ATL | DEN | LA | PHI,4,99.33810581723509
2025,102,True,3,0,3,0,False,2025-04-25,2025-04-25,DET,JAX,HOU,MIN,DET | HOU | JAX | MIN,4,96.30469311789194
2025,104,True,1,0,1,0,False,2025-04-24,2025-04-24,CLE,JAX,CLE,JAX,CLE | JAX,2,90.51292627308231
2025,109,True,3,1,2,0,False,2024-04-27,2025-04-26,CHI,BUF,CHI,BUF,BUF | CHI,2,77.5119193788194
2025,111,True,2,0,2,0,False,2025-04-25,2025-04-25,CAR,DEN,DEN,PHI,CAR | DEN | PHI,3,72.85035045417483
2025,114,True,1,1,0,0,False,2024-11-05,2024-11-05,DAL,CAR,DAL,CAR,CAR | DAL,2,66.37833835646687
2025,116,True,1,0,1,0,False,2025-04-26,2025-04-26,MIA,HOU,MIA,HOU,HOU | MIA,2,62.38634329516793
2025,117,True,1,0,1,0,False,2025-04-26,2025-04-26,IND,LA,IND,LA,IND | LA,2,60.48129865534639
2025,120,True,1,1,0,0,False,2024-10-23,2024-10-23,SEA,TEN,SEA,TEN,SEA | TEN,2,55.10815090599254
2025,122,True,1,0,1,0,False,2025-04-25,2025-04-25,DEN,CAR,DEN,CAR,CAR | DEN,2,51.793945222315514
2025,126,True,2,1,1,0,False,2024-04-25,2025-04-24,MIN,JAX,JAX,CLE,CLE | JAX | MIN,3,45.75149621806973
2025,127,True,1,0,1,0,False,2025-04-26,2025-04-26,IND,LA,IND,LA,IND | LA,2,44.35441733781426
2025,128,True,1,0,1,0,False,2025-03-10,2025-03-10,HOU,WAS,HOU,WAS,HOU | WAS,2,43.0
2025,130,True,3,0,3,0,False,2025-04-25,2025-04-26,DET,DEN,PHI,NYJ,DEN | DET | NYJ | PHI,4,41.86239334404483
2025,131,True,1,1,0,0,False,2024-11-05,2024-11-05,WAS,NO,WAS,NO,NO | WAS,2,41.30492646319395
2025,132,True,1,0,1,0,False,2025-04-26,2025-04-26,BUF,CHI,BUF,CHI,BUF | CHI,2,40.75488317422161
2025,134,True,2,1,1,0,False,2024-04-27,2025-04-25,DET,PHI,PHI,DEN,DEN | DET | PHI,3,39.67667325883394
2025,135,True,1,0,1,0,False,2025-04-25,2025-04-25,MIA,LV,MIA,LV,LV | MIA,2,39.14831284947172
2025,136,True,1,0,1,0,False,2025-04-26,2025-04-26,BAL,TEN,BAL,TEN,BAL | TEN,2,38.626988431266334
2025,137,True,1,0,1,0,False,2025-04-26,2025-04-26,SEA,NE,SEA,NE,NE | SEA,2,38.1126063083793
2025,140,True,1,1,0,0,True,2024-03-13,2024-03-13,NYG,CAR,NYG,CAR,CAR | NYG,2,36.610195369494626
2025,141,True,1,0,1,0,False,2025-04-26,2025-04-26,TEN,BAL,TEN,BAL,BAL | TEN,2,36.12267017588604
2025,142,True,3,0,3,0,False,2025-04-25,2025-04-26,JAX,HOU,MIN,SEA,HOU | JAX | MIN | SEA,4,35.6416371851189
2025,143,True,1,0,1,0,False,2025-04-25,2025-04-25,LV,MIA,LV,MIA,LV | MIA,2,35.167009942793925
2025,144,True,2,0,2,0,False,2025-04-26,2025-04-26,NE,SEA,SEA,CLE,CLE | NE | SEA,3,34.698703145794944
2025,145,True,1,0,1,0,False,2025-04-26,2025-04-26,NYJ,PHI,NYJ,PHI,NYJ | PHI,2,34.23663262695757
2025,146,True,1,0,1,0,False,2025-04-25,2025-04-25,CAR,NE,CAR,NE,CAR | NE,2,33.78071533994218
2025,147,True,2,1,1,0,False,2024-11-05,2025-03-01,NO,WAS,WAS,SF,NO | SF | WAS,3,33.3308693443083
2025,148,True,1,0,1,0,False,2025-04-26,2025-04-26,CHI,LA,CHI,LA,CHI | LA,2,32.88701379078764
2025,152,True,1,0,1,0,False,2025-04-26,2025-04-26,ARI,DAL,ARI,DAL,ARI | DAL,2,31.16991639517594
2025,156,True,1,0,1,0,False,2025-04-26,2025-04-26,PIT,KC,PIT,KC,KC | PIT,2,29.54247212175932
2025,160,True,1,0,1,0,False,2025-03-18,2025-03-18,MIN,SF,MIN,SF,MIN | SF,2,28.0
2025,161,True,1,1,0,0,False,2024-04-27,2024-04-27,HOU,PHI,HOU,PHI,HOU | PHI,2,27.4000177384556
2025,162,True,1,1,0,0,False,2024-11-05,2024-11-05,PIT,NYJ,PIT,NYJ,NYJ | PIT,2,26.812891859560057
2025,163,True,1,1,0,0,False,2024-10-29,2024-10-29,BAL,CAR,BAL,CAR,BAL | CAR,2,26.238346877544192
2025,164,True,3,1,2,0,False,2024-11-05,2025-04-26,DET,CLE,KC,PIT,CLE | DET | KC | PHI | PIT,5,25.676113209730797
2025,165,True,2,1,1,0,False,2024-08-22,2025-04-26,WAS,PHI,PHI,LAC,LAC | PHI | WAS,3,25.1259270500435
2025,166,True,3,1,2,0,False,2024-04-03,2025-04-26,BUF,HOU,CLE,SEA,BUF | CLE | HOU | SEA,4,24.58753024522619
2025,169,True,1,0,1,0,False,2025-04-26,2025-04-26,BUF,CHI,BUF,CHI,BUF | CHI,2,23.040576694155504
2025,170,True,1,0,1,0,False,2025-03-12,2025-03-12,DAL,BUF,DAL,BUF,BUF | DAL,2,22.546864647289553
2025,171,True,2,0,2,0,False,2025-04-03,2025-04-26,DAL,NE,NE,DET,DAL | DET | NE,3,22.063731831510403
2025,172,True,2,0,2,0,False,2025-04-26,2025-04-26,SEA,MIN,MIN,LA,LA | MIN | SEA,3,21.590951555711165
2025,174,True,1,0,1,0,False,2025-04-26,2025-04-26,DAL,ARI,DAL,ARI,ARI | DAL,2,20.67556604315299
2025,176,True,1,0,1,0,False,2025-04-26,2025-04-26,BAL,NYJ,BAL,NYJ,BAL | NYJ,2,19.798989873223327
2025,178,True,1,0,1,0,False,2025-04-26,2025-04-26,TEN,BAL,TEN,BAL,BAL | TEN,2,18.959577657116494
2025,179,True,2,0,2,0,False,2025-04-24,2025-04-26,CLE,HOU,HOU,MIA,CLE | HOU | MIA,3,18.553313004236372
2025,181,True,1,0,1,0,False,2025-04-26,2025-04-26,LAC,PHI,LAC,PHI,LAC | PHI,2,17.766713400684264
2025,182,True,2,0,2,0,False,2025-04-25,2025-04-26,JAX,DET,DET,NE,DET | JAX | NE,3,17.386009369028777
2025,183,True,2,1,1,0,False,2024-10-29,2025-04-26,CAR,BAL,BAL,TEN,BAL | CAR | TEN,3,17.013463039726563
2025,184,True,2,2,0,0,False,2024-08-28,2024-11-05,NO,WAS,WAS,NO,NO | WAS,2,16.648899610038093
2025,185,True,2,1,1,0,False,2024-08-23,2025-03-09,CHI,SEA,SEA,PIT,CHI | PIT | SEA,3,16.29214802288608
2025,186,True,1,0,1,0,False,2025-04-26,2025-04-26,NYJ,BAL,NYJ,BAL,BAL | NYJ,2,15.943040886593678
2025,187,True,2,0,2,0,False,2025-03-18,2025-04-25,SF,MIN,MIN,HOU,HOU | MIN | SF,3,15.60141439634249
2025,188,True,1,0,1,0,False,2025-03-12,2025-03-12,DAL,TEN,DAL,TEN,DAL | TEN,2,15.2671082573136
2025,190,True,1,0,1,0,False,2025-04-26,2025-04-26,IND,LA,IND,LA,IND | LA,2,14.619832953983792
2025,191,True,2,1,1,0,False,2024-11-04,2025-04-25,ARI,DEN,DEN,PHI,ARI | DEN | PHI,3,14.306560081157631
2025,192,True,2,1,1,0,False,2024-08-24,2025-04-26,CHI,CLE,CLE,SEA,CHI | CLE | SEA,3,14.0
2025,194,True,1,1,0,0,False,2024-08-26,2024-08-26,SEA,JAX,SEA,JAX,JAX | SEA,2,12.94564766595343
2025,195,True,1,0,1,0,False,2025-04-26,2025-04-26,LA,CHI,LA,CHI,CHI | LA,2,12.448632796256481
2025,196,True,1,1,0,0,False,2024-03-13,2024-03-13,TB,DET,TB,DET,DET | TB,2,11.970699535071823
2025,197,True,1,0,1,0,False,2025-04-26,2025-04-26,DEN,HOU,DEN,HOU,DEN | HOU,2,11.511115293083504
2025,200,True,1,0,1,0,False,2025-04-24,2025-04-24,CLE,JAX,CLE,JAX,CLE | JAX,2,10.235546239926343
2025,201,True,1,0,1,0,False,2025-04-26,2025-04-26,LA,MIN,LA,MIN,LA | MIN,2,9.842578749076635
2025,202,True,3,1,2,0,True,2024-03-16,2025-04-26,PIT,CHI,LA,MIN,CHI | LA | MIN | PIT,4,9.464698235047209
2025,204,True,2,1,1,0,False,2024-10-15,2025-03-12,CLE,BUF,BUF,DAL,BUF | CLE | DAL,3,8.751903472535176
2025,207,True,1,0,1,0,False,2025-04-26,2025-04-26,NYJ,PHI,NYJ,PHI,NYJ | PHI,2,7.782088042705171
2025,208,True,1,0,1,0,False,2025-04-25,2025-04-25,DEN,CAR,DEN,CAR,CAR | DEN,2,7.483314773547881
2025,209,True,1,0,1,0,False,2025-04-26,2025-04-26,LAC,PHI,LAC,PHI,LAC | PHI,2,7.196012136163594
2025,211,True,1,0,1,0,False,2025-04-26,2025-04-26,DAL,ARI,DAL,ARI,ARI | DAL,2,6.6540741224784865
2025,216,True,2,0,2,0,False,2025-04-24,2025-04-26,CLE,HOU,HOU,DEN,CLE | DEN | HOU,3,5.4711295994695215
2025,217,True,1,0,1,0,False,2025-04-03,2025-04-03,NE,DAL,NE,DAL,DAL | NE,2,5.261079640198116
2025,223,True,1,0,1,0,False,2025-03-09,2025-03-09,PIT,SEA,PIT,SEA,PIT | SEA,2,4.159701029930424
2025,224,True,1,0,1,0,False,2025-04-26,2025-04-26,MIA,HOU,MIA,HOU,HOU | MIA,2,4.0
2025,225,True,1,1,0,0,False,2024-08-26,2024-08-26,KC,ARI,KC,ARI,ARI | KC,2,3.830413122794295
2025,226,True,1,0,1,0,False,2025-04-26,2025-04-26,KC,PIT,KC,PIT,KC | PIT,2,3.668016172818685
2025,228,True,3,1,2,0,False,2024-04-25,2025-04-26,DAL,DET,NE,KC,DAL | DET | KC | NE,4,3.363585661014858
2025,229,True,2,2,0,0,False,2024-03-15,2024-03-15,PHI,PIT,PHI,PIT,PHI | PIT,2,3.2209806638985086
2025,230,True,2,0,2,0,False,2025-04-25,2025-04-25,CAR,DEN,DEN,DET,CAR | DEN | DET,3,3.0844216508158815
2025,233,True,1,1,0,0,False,2024-11-05,2024-11-05,CIN,CHI,CIN,CHI,CHI | CIN,2,2.7085110938737853
2025,236,True,2,0,2,0,False,2025-03-10,2025-04-25,WAS,HOU,HOU,JAX,HOU | JAX | WAS,3,2.378414230005442
2025,237,True,1,1,0,0,False,2024-11-05,2024-11-05,PIT,GB,PIT,GB,GB | PIT,2,2.277577269513383
2025,238,True,1,0,1,0,False,2025-04-26,2025-04-26,NE,SEA,NE,SEA,NE | SEA,2,2.1810154653305154
2025,239,True,2,1,1,0,False,2024-08-26,2025-03-12,GB,TEN,TEN,DAL,DAL | GB | TEN,3,2.0885475648548275
2025,240,True,2,1,1,0,False,2024-08-24,2025-04-25,CLE,CHI,CHI,BUF,BUF | CHI | CLE,3,2.0
2025,241,True,1,0,1,0,False,2025-04-26,2025-04-26,HOU,DEN,HOU,DEN,DEN | HOU,2,1.9152065613971472
2025,242,True,1,0,1,0,False,2025-04-24,2025-04-24,ATL,LA,ATL,LA,ATL | LA,2,1.8340080864093424
2025,247,True,1,1,0,0,False,2024-11-05,2024-11-05,CAR,DAL,CAR,DAL,CAR | DAL,2,1.4768261459394991
2025,248,True,2,2,0,0,False,2024-08-22,2024-08-28,PHI,WAS,WAS,NO,NO | PHI | WAS,3,1.4142135623730951
2025,251,True,1,0,1,0,False,2025-04-26,2025-04-26,KC,NE,KC,NE,KC | NE,2,1.241857812073484
2025,255,True,1,0,1,0,False,2025-04-24,2025-04-24,CLE,HOU,CLE,HOU,CLE | HOU,2,1.0442737824274138
2025,257,True,1,0,1,0,False,2025-04-26,2025-04-26,KC,NE,KC,NE,KC | NE,2,0.9231163463866358
